order_item_info,marketplace,id_clean,sku,quantity,sales_amount,order_date,exact_duplicate
1212620,eBay,164525233292,LSCY290BG+RPR44WH,1,15.89,2026-08-01 00:11:52,no
1212628,eBay,267073162939,LDMA60E2743PK,1,12.49,2026-08-01 01:44:31,no
1212630,eBay,306398009096,PSDS2BMB14BM,2,19.58,2026-08-01 02:19:34,no
1212648,eBay,163181575288,LHBPE27BM,1,7.88,2026-08-01 06:56:45,no
1212668,eBay,163681186545,LHCCE27WH,1,5.89,2026-08-01 08:17:12,no
1212669,eBay,163681186545,LHCCE27WH2PK,4,39.96,2026-08-01 08:17:12,no
1212670,eBay,335739316680,CRFF108CH,3,20.37,2026-08-01 08:25:43,no
1212672,eBay,267068731282,12IP6720,1,10.99,2026-08-01 08:36:14,no
1212673,eBay,164176156205,WLFS220BM,2,28.48,2026-08-01 08:37:19,no
1212675,eBay,304866316390,ENC7450,1,21.89,2026-08-01 08:45:47,no
1212689,eBay,167943434245,CL3TAG5PK,1,12.99,2026-08-01 09:14:21,no
1212696,eBay,165561143431,LSCY290RE+RPR44WH,1,10.44,2026-08-01 09:27:52,no
1212699,eBay,164552431048,SLW62PK,1,7.98,2026-08-01 09:36:57,no
1212704,eBay,165074694177,LSGL1275CL2PK+RPM40WH2PK,1,11.89,2026-08-01 09:49:53,no
1212705,eBay,167943331717,CL3RBK5PK,1,10.99,2026-08-01 09:50:00,no
1212706,eBay,254886123331,CRSF100GB,2,9.66,2026-08-01 09:49:16,no
1212709,eBay,314080856191,PSOS2HERBM+ICST64E27,1,15.00,2026-08-01 09:59:07,no
1212722,eBay,163481444917,LHSHE27SN,1,5.49,2026-08-01 10:13:46,no
1212731,eBay,165246423745,CNP1000YB3PK,2,32.08,2026-08-01 10:24:53,no
1212732,eBay,162984324438,LDMST64B228,2,13.08,2026-08-01 10:31:16,no
1212733,eBay,267121715682,12IP6720,1,8.69,2026-08-01 10:31:04,no
1212734,eBay,304786411657,PHSF1BWRSN,1,9.25,2026-08-01 10:31:22,no
1212742,eBay,163585361443,12IP6730,1,12.89,2026-08-01 10:40:25,no
1212746,eBay,165397658552,CRSF100GB+CL3TBR+LHSHE27GB,4,37.04,2026-08-01 10:43:08,no
1212747,eBay,165201467647,12IP2080,4,39.96,2026-08-01 10:45:52,no
1212750,eBay,163693940389,CBSF95,2,10.18,2026-08-01 10:52:21,no
1212751,eBay,256011919087,PHSF1AGTGB,2,17.56,2026-08-01 10:52:51,no
1212756,eBay,164525233292,LSDO300GY+RPR44WH,2,27.72,2026-08-01 11:02:00,no
1212759,eBay,256004326110,CL3TRE,1,6.08,2026-08-01 11:17:07,no
1212760,eBay,164071119364,LHSHE27CH3PK,1,13.89,2026-08-01 11:11:03,no
1212778,eBay,317637026250,RWWPSY1060YE,1,10.38,2026-08-01 11:59:51,no
1212779,eBay,164492030061,CL3TBM,2,11.98,2026-08-01 11:53:54,no
1212780,eBay,163502414049,LSFT220BY+RPR44WH,1,7.07,2026-08-01 11:58:31,no
1212795,eBay,267667433625,ENC5549,1,29.04,2026-08-01 12:17:19,no
1212801,eBay,314117320021,ENC6132,1,46.49,2026-08-01 12:29:50,no
1212802,eBay,304813856521,PSDS2WHBWH,1,11.88,2026-08-01 12:29:02,no
1212803,eBay,267404873403,LSCY290BI+RPR44WH,2,21.82,2026-08-01 12:21:48,no
1212806,eBay,121992771118,CCBC18,3,16.02,2026-08-01 12:38:24,no
1212813,eBay,266957628295,LDMST64E276,1,5.99,2026-08-01 12:49:37,no
1212814,eBay,266190324892,HRE1428BM2PK,1,6.99,2026-08-01 12:48:14,no
1212815,eBay,166269554733,PSHYOS2WRWH,1,10.99,2026-08-01 12:50:32,no
1212816,eBay,163158670976,PSDS2WHBWH,1,9.99,2026-08-01 12:50:32,no
1212817,eBay,163195957947,24IP6750,3,41.52,2026-08-01 12:49:21,no
1212824,eBay,164397628820,CRFF105GB,1,6.99,2026-08-01 13:00:47,no
1212829,eBay,306331601994,CRFF75BA,1,8.88,2026-08-01 13:04:47,no
1212830,eBay,165700716117,CRSF100WH+WSCH135WH+LSHQ150WH+ICST64E27,2,34.32,2026-08-01 13:00:54,no
1212851,eBay,267213772077,12IP20802PK,4,73.52,2026-08-01 13:34:42,no
1212852,eBay,267213772077,12IP201502PK,1,29.14,2026-08-01 13:34:42,no
1212864,eBay,165628143783,CCBKNWE12,2,11.18,2026-08-01 14:04:37,no
1212868,eBay,164389514552,PSDS2BMRBW,1,8.49,2026-08-01 14:16:47,no
1212870,eBay,267325902201,ENC3285,2,83.62,2026-08-01 14:14:37,no
1212877,eBay,256004321338,LHRRE27WH3PK,1,9.32,2026-08-01 14:38:29,no
1212878,eBay,304823687801,CL2TBR5PK,1,12.89,2026-08-01 14:31:41,no
1212882,eBay,266901660057,WCB1BM2PK+RPR44WH2PK,1,14.48,2026-08-01 14:44:17,no
1212883,eBay,164942250673,CL3TGD,2,10.17,2026-08-01 14:45:23,no
1212892,eBay,266630626996,WCB4BC2PK+RPR44WH2PK,1,13.86,2026-08-01 14:52:41,no
1212893,eBay,267121715682,24IP6730,1,11.49,2026-08-01 14:56:57,no
1212894,eBay,165405860182,CL2TPE5PK,1,8.89,2026-08-01 14:56:46,no
1212901,eBay,164608798388,CRSF100GB+LHNSE27GB+LSDO210BB+ICST64E27,2,37.78,2026-08-01 15:02:12,no
1212902,eBay,165074694177,LSGL9015WH2PK+RPM40WH2PK,1,13.89,2026-08-01 15:03:55,no
1212907,eBay,164030749672,CL2TBM,2,9.17,2026-08-01 15:12:36,no
1212919,eBay,266814331687,LDMT45E274,1,5.99,2026-08-01 15:32:57,no
1212920,eBay,266827784713,PSHYOS4BRBM,1,12.12,2026-08-01 15:35:26,no
1212921,eBay,265660314739,CRSF100BM,1,5.99,2026-08-01 15:38:48,no
1212922,eBay,315544614135,FCBDVAP3PK,1,12.38,2026-08-01 15:32:46,no
1212936,eBay,266827784713,PSHNOS2WRWH,1,7.98,2026-08-01 16:03:29,no
1212937,eBay,305123667325,12IP6710,1,7.89,2026-08-01 16:05:53,no
1212944,eBay,166408159134,WCFWROCO+RPR44WH,1,10.99,2026-08-01 16:14:33,no
1212945,eBay,164846271255,CRSF120CH,1,5.49,2026-08-01 16:18:55,no
1212946,eBay,304785675702,24IP20360,1,22.89,2026-08-01 16:16:19,no
1212947,eBay,317979913894,SPPGUK3PTR4PK,1,12.48,2026-08-01 16:11:10,no
1212950,eBay,266203491309,WCDCBC+RPR44WH,1,8.99,2026-08-01 16:23:34,no
1212951,eBay,164531556164,WCDCRO+RPR44WH,1,10.89,2026-08-01 16:23:31,no
1212952,eBay,165168713807,LDMG80E274,1,5.49,2026-08-01 16:22:37,no
1212953,eBay,305698440823,CL3TBR2PK,1,5.41,2026-08-01 16:28:16,no
1212957,eBay,304826634562,PHSF1GDTFG,2,19.96,2026-08-01 16:37:56,no
1212967,eBay,164650149128,CL3RBR3PK,1,9.99,2026-08-01 16:47:29,no
1212972,eBay,267121715682,12IP6750,1,14.72,2026-08-01 16:59:30,no
1212975,eBay,314111067207,LDSG125LOE274,2,24.68,2026-08-01 16:56:36,no
1212994,eBay,163008902707,12IP67100,1,21.89,2026-08-01 17:16:38,no
1213000,eBay,317030316794,CL3TBR5PK,1,12.99,2026-08-01 17:28:47,no
1213001,eBay,317030316794,CL3TGD5PK,1,12.99,2026-08-01 17:28:47,no
1213002,eBay,266785504818,CL2THE5PK,1,12.49,2026-08-01 17:24:00,no
1213006,eBay,266301737284,SPSDP3BM3PK,1,6.57,2026-08-01 17:38:48,no
1213009,eBay,163964665683,12UK3P5A,1,13.89,2026-08-01 17:43:07,no
1213011,eBay,267073162939,LDMST64E274,1,6.49,2026-08-01 17:49:50,no
1213017,eBay,304787925119,LDMG95E274,1,6.66,2026-08-01 17:52:23,no
1213018,eBay,165709660426,PHSF1AGTGB,1,10.99,2026-08-01 17:57:23,no
1213026,eBay,315379102143,LDMG95E278,1,8.88,2026-08-01 18:18:13,no
1213032,eBay,164725952794,CRSF100GB+PHUP1PBRGB,1,10.99,2026-08-01 18:22:59,no
1213033,eBay,163195957947,24IP6736,2,20.88,2026-08-01 18:29:21,no
1213034,eBay,313978289239,CRFF500BM+LHNDE27BM2PK+LHNSE27BM+LSFT220BM3PK,1,36.48,2026-08-01 18:27:42,no
1213038,eBay,167403486899,LDSG95DIE274,1,6.99,2026-08-01 18:36:41,no
1213039,eBay,167403486899,LDSHEAE274,1,6.99,2026-08-01 18:36:41,no
1213040,eBay,318032442110,12UK3P10A,1,15.67,2026-08-01 18:33:11,no
1213048,eBay,266742973079,CL3TIV3PK,1,7.99,2026-08-01 18:59:05,no
1213055,eBay,265700829684,12IP6724,1,10.99,2026-08-01 19:18:32,no
1213056,eBay,127362491738,CRSF100BL+LHTTE27BL,2,14.98,2026-08-01 19:11:33,no
1213062,eBay,254831755121,CL3TBD5PK,1,12.19,2026-08-01 19:27:53,no
1213064,eBay,122648066881,LHSHE27CH,1,5.64,2026-08-01 19:27:50,no
1213065,eBay,305541421379,CL2RBM2PK,1,5.89,2026-08-01 19:21:48,no
1213070,eBay,304786413877,LHCCE27WH+CGMLWH,1,5.68,2026-08-01 19:39:59,no
1213071,eBay,266188024005,CCBKNWE7,1,5.39,2026-08-01 19:35:24,no
1213072,eBay,267288077726,CRFF108BM+LHTKE27BA,1,8.49,2026-08-01 19:39:01,no
1213076,eBay,304843786535,CODL632AGY5PK,2,38.11,2026-08-01 19:43:25,no
1213093,eBay,266742973079,CL3TBM2PK,1,9.00,2026-08-01 20:03:24,no
1213106,eBay,256042455435,LSUL220BM+RPR44WH,1,10.89,2026-08-01 20:39:21,no
1213107,eBay,164176156205,WLFS220BM,1,14.99,2026-08-01 20:30:56,no
1213118,eBay,256492173921,WCDTBL2PK+RPR44WH2PK,1,17.89,2026-08-01 21:00:32,no
1213119,eBay,163195957947,24IP67150,1,29.88,2026-08-01 20:53:08,no
1213129,eBay,314784136272,WSOSBDBM,1,33.79,2026-08-01 21:03:30,no
1213130,eBay,315379102143,LDMG95B224,1,8.88,2026-08-01 21:07:05,no
1213131,eBay,317637026250,RWWPSY0860YE,1,6.49,2026-08-01 21:05:51,no
1213132,eBay,317637026250,RWWPSY0660YE,1,5.99,2026-08-01 21:05:51,no
1213133,eBay,304786539485,LSHQ150BY+RPR44WH,3,29.97,2026-08-01 21:10:50,no
1213145,eBay,162949535147,LDMG80B224,2,10.98,2026-08-01 21:11:33,no
1213147,eBay,306904647835,CRSF1203WH+PHRN1PCRWH3PK,1,17.89,2026-08-01 21:13:44,no
1213161,eBay,164925289077,LDMG125B228,1,8.99,2026-08-01 21:43:26,no
1213162,eBay,164002855928,LHBHE27CO,1,8.38,2026-08-01 21:45:28,no
1213176,eBay,317893808620,TPOSBDBM,1,20.80,2026-08-01 22:00:56,no
1213177,eBay,304786539463,12IP2024,2,11.62,2026-08-01 22:09:16,no
1213178,eBay,162823715743,CRFF100BM+WSLS155YB+SCRN70BM+LSOL180BM,2,28.10,2026-08-01 22:05:27,no
1213186,eBay,267068731282,12IP6720,2,20.88,2026-08-01 22:20:30,no
1213190,eBay,266190419354,CL2TGL5PK,1,10.99,2026-08-01 22:28:26,no
1213195,eBay,163481444917,PHSF1BRRCO,1,9.99,2026-08-01 22:36:23,no
1213196,eBay,317016501365,CL2RHE,4,11.72,2026-08-01 22:32:45,no
1213202,eBay,165867969333,CRSF100FG+PHRI1PBRFG+LSGG200AR+ICST64E27,2,60.78,2026-08-01 22:49:31,no
1213208,eBay,265660312613,ENC587,1,43.14,2026-08-01 23:09:01,no
1213211,eBay,266827784713,PSHNOS4WRWH+ICST64E27,1,13.06,2026-08-01 23:31:04,no
1213212,eBay,162553025729,LDMG95E278,2,14.98,2026-08-01 23:36:43,no
1213219,eBay,168480975987,TSKCBM,1,5.49,2026-08-02 00:12:03,no
1213227,eBay,166905025450,ENC4406,1,20.78,2026-08-02 00:38:02,no
1213228,eBay,318325235817,CRFF500BM+WCSN1BM3PK+LDST45E2743PK,1,33.24,2026-08-02 00:42:20,no
1213229,eBay,306348377837,12IP2015,1,5.99,2026-08-02 00:48:47,no
1213232,eBay,267121715682,12IP6720,1,8.69,2026-08-02 01:23:09,no
1213237,eBay,265660307012,WCB1BM+RPR44WH,2,18.78,2026-08-02 01:49:36,no
1213291,eBay,161782384942,12UK3P8A,1,13.85,2026-08-02 06:38:55,no
1213293,eBay,167192923589,ENC8018,1,27.89,2026-08-02 06:43:30,no
1213299,eBay,165405860182,CL2TGL5PK,1,10.99,2026-08-02 07:29:37,no
1213308,eBay,163863199146,WSBWBC+ICST64E27,1,21.66,2026-08-02 08:03:57,no
1213313,eBay,255943163532,LHSHE27CH,2,10.72,2026-08-02 08:26:02,no
1213314,eBay,162799417330,12IP2030,1,6.99,2026-08-02 08:40:05,no
1213325,eBay,267184264594,LSCP150OR+RPR44WH,2,18.78,2026-08-02 09:04:03,no
1213326,eBay,165568516147,LSHQ150OR+RPR44WH,2,18.98,2026-08-02 09:03:59,no
1213332,eBay,163820803135,LHRIE27WH3PK+CGMLWH3PK,1,10.99,2026-08-02 09:14:33,no
1213333,eBay,164480462305,LDMT45E274APK,1,37.74,2026-08-02 09:19:10,no
1213350,eBay,306537395913,SPSDP3WH,1,8.08,2026-08-02 09:48:42,no
1213356,eBay,254344269139,CRSF100CH+PHUP1PCRCH,2,20.68,2026-08-02 09:57:23,no
1213357,eBay,335468941361,CRSF100GB+PHTT1PGRGB,1,6.65,2026-08-02 09:54:14,no
1213360,eBay,167833569765,WCCYSP160BM,1,12.89,2026-08-02 10:06:24,no
1213365,eBay,304786539493,CRSF100RE+WSCH135RE+LSDO210RE+ICST64E27,1,16.99,2026-08-02 10:19:02,no
1213366,eBay,267660184323,PSDS4RBM,1,12.12,2026-08-02 10:20:11,no
1213367,eBay,166905025450,CRSF100HBM+PSDS2RBM+WSCH135RE+LSHQ150RE,1,21.88,2026-08-02 10:17:21,no
1213375,eBay,313614826178,CL2TBR,3,11.43,2026-08-02 10:25:32,no
1213376,eBay,164492030061,CL2TBM,1,5.49,2026-08-02 10:23:15,no
1213377,eBay,126116974414,CRFF108CO+LHTKE27CO,1,8.19,2026-08-02 10:24:41,no
1213383,eBay,314555942222,ENC2138,1,41.70,2026-08-02 10:50:20,no
1213399,eBay,165575417168,CNT900BM2PK,2,24.48,2026-08-02 11:02:09,no
1213400,eBay,163585361443,24IP6745,1,25.80,2026-08-02 11:04:36,no
1213403,eBay,164914367042,5IP2028,1,5.49,2026-08-02 11:16:20,no
1213404,eBay,162553025729,LDMST64E2743PK,1,13.09,2026-08-02 11:17:07,no
1213415,eBay,164725952794,CRFF100CO+PHUP1PBRCO,2,17.08,2026-08-02 11:20:35,no
1213416,eBay,162543791353,12UK3P5A+SLW2,1,10.99,2026-08-02 11:22:06,no
1213417,eBay,165398285367,CL3RYT3PK,1,6.49,2026-08-02 11:22:57,no
1213418,eBay,163481444917,PHSF1BRRCO,1,9.99,2026-08-02 13:13:07,no
1213419,eBay,315141698943,CL3TGL,3,11.40,2026-08-02 11:28:52,no
1213423,eBay,266153941642,CRSF100BM+PHSW1PBRBM+LSFT220GR,3,35.13,2026-08-02 11:32:31,no
1213424,eBay,266785504818,CL2TBM5PK,1,10.99,2026-08-02 11:39:09,no
1213436,eBay,165675520730,12UK3P10A,1,16.99,2026-08-02 11:53:09,no
1213446,eBay,164485938840,12IP20480,1,32.78,2026-08-02 12:12:27,no
1213447,eBay,164261730528,12BO100,1,18.99,2026-08-02 12:18:22,no
1213448,eBay,266188029327,CCBC12,2,11.38,2026-08-02 12:19:57,no
1213458,eBay,314140504693,CRFF100BM+LHTTE27BM,1,8.89,2026-08-02 12:27:41,no
1213468,eBay,164110243376,PHUH0.5HETBM,1,10.89,2026-08-02 12:40:54,no
1213469,eBay,163103895742,LDMST64E278,1,8.89,2026-08-02 12:47:16,no
1213470,eBay,165423650179,CRSF100BM+LHNSE27YB+SCRN70BM+LSFT220GS,1,16.49,2026-08-02 12:47:16,no
1213475,eBay,267659245801,LSGL15014CL+RPM40WH,4,35.60,2026-08-02 12:56:15,no
1213476,eBay,316028928322,LSCYRO120BM+RPR44WH,2,26.38,2026-08-02 12:53:25,no
1213477,eBay,306726579098,CRSF1205BM+PHFMHT2BRBM5PK,1,33.29,2026-08-02 12:55:39,no
1213480,eBay,166598501724,RWWPSYBF25GY,1,13.99,2026-08-02 13:08:17,no
1213490,eBay,164244059825,LHAHE27BM,1,5.49,2026-08-02 13:13:07,no
1213491,eBay,164244059825,LHAHE27RO,1,5.49,2026-08-02 13:13:07,no
1213492,eBay,163759731061,ENC2060,1,19.89,2026-08-02 13:19:00,no
1213500,eBay,265660313934,PSDS2BMRGD+ICST64E27,1,13.06,2026-08-02 13:26:53,no
1213504,eBay,313614825876,CRFF100WH,2,11.18,2026-08-02 13:31:02,no
1213524,eBay,168042902689,CRSF2003SN+LHTMGU10SN3PK+LDGU10CW53PK,1,21.89,2026-08-02 14:20:43,no
1213532,eBay,165405860182,CL2TCR5PK,1,12.89,2026-08-02 14:32:39,no
1213533,eBay,313676242571,CRSF100WH+LHNSE27WH+LSMS320BT,1,22.25,2026-08-02 14:31:14,no
1213557,eBay,166827926136,ENC7094,1,44.89,2026-08-02 15:03:07,no
1213558,eBay,162562112782,12IP2080,1,9.99,2026-08-02 15:05:17,no
1213559,eBay,163163209934,LHRIE27WH2PK+CGMLWH2PK,1,8.99,2026-08-02 15:10:19,no
1213560,eBay,317637026250,RWWPSY10100YE,2,21.16,2026-08-02 15:03:10,no
1213564,eBay,162830271380,12BO72,1,16.28,2026-08-02 15:11:16,no
1213565,eBay,163740897006,CL3TLB,3,9.87,2026-08-02 15:16:40,no
1213566,eBay,163141760940,CL3TGD5PK,1,14.89,2026-08-02 15:16:40,no
1213579,eBay,335680620222,WCB4WH+RPR44WH,1,6.49,2026-08-02 15:26:05,no
1213580,eBay,164492030061,CL2TIV,1,5.19,2026-08-02 15:29:20,no
1213587,eBay,164924746600,CCGNNWE60,1,8.99,2026-08-02 15:37:53,no
1213592,eBay,163585361443,24IP6760,1,16.89,2026-08-02 15:43:42,no
1213600,eBay,163746580967,LDMST64B224,1,5.50,2026-08-02 15:56:14,no
1213616,eBay,306978313079,WSIWCRPI+ICST64E27,1,35.99,2026-08-02 16:28:49,no
1213617,eBay,167874397098,LDCWA60HB2296PK,1,6.49,2026-08-02 16:22:04,no
1213621,eBay,162949535147,LDMG80E274,2,10.98,2026-08-02 16:35:20,no
1213625,eBay,267073162939,LDMG80E2743PK,1,11.49,2026-08-02 16:47:53,no
1213626,eBay,166839718006,5IP2050,1,8.49,2026-08-02 16:48:18,no
1213627,eBay,163693940389,CBSF155,1,6.02,2026-08-02 16:49:59,no
1213628,eBay,313614826113,CRSF100BM+LHNSE27YB+SCRN70BM+LSFT220BM,1,15.19,2026-08-02 16:41:20,no
1213635,eBay,266196171251,12IP6736,1,12.89,2026-08-02 16:52:15,no
1213648,eBay,313614826137,LHC4E27WH5PK,1,13.20,2026-08-02 17:19:07,no
1213649,eBay,122705428824,WCLCWH+RPR44WH,1,5.51,2026-08-02 17:16:57,no
1213667,eBay,162822568384,LDST185E274,1,5.49,2026-08-02 17:36:16,no
1213668,eBay,165397658552,CRSF100CO+CL3TBR+LHSHE27CO,1,10.29,2026-08-02 17:38:25,no
1213669,eBay,267256572200,CRSF2003BM+PHHN1PBRGD3PK+LSDO210BI3PK+ICST64E273PK,1,38.89,2026-08-02 17:31:52,no
1213670,eBay,267256572200,CRSF100BM+PHHN1PBRGD+LSDO210BG+ICST64E27,1,18.89,2026-08-02 17:31:52,no
1213671,eBay,313731620457,LSFT220BM+RPR44WH,1,8.89,2026-08-02 17:37:12,no
1213675,eBay,305541421379,CL2RBM2PK,1,5.89,2026-08-02 17:48:11,no
1213684,eBay,335487317555,CRSF100CH+PHUP1PCRCH,2,18.98,2026-08-02 17:51:11,no
1213685,eBay,165094836684,LHSHE27CO,1,5.49,2026-08-02 17:52:10,no
1213687,eBay,164461085334,ENC587,1,45.88,2026-08-02 18:00:01,no
1213690,eBay,163138469118,LHBRE27BM+CGMLBM,1,5.49,2026-08-02 18:02:36,no
1213691,eBay,255991563117,WCB4BS+RPR44WH,1,10.89,2026-08-02 18:02:05,no
1213697,eBay,314111067207,LDSSTRE274,1,9.99,2026-08-02 18:15:23,no
1213698,eBay,267340970424,CL2TGD3PK,1,5.99,2026-08-02 18:20:05,no
1213705,eBay,255013521644,LHSBE27BM3PK,1,8.53,2026-08-02 18:26:12,no
1213713,eBay,164046479684,PSDS4BMRBR,1,13.89,2026-08-02 18:31:16,no
1213715,eBay,165663481642,CRSF100YB+WSNW170YB+SCRN70YB+LSTF40YB,3,45.45,2026-08-02 18:40:08,no
1213723,eBay,123085399158,CL3TYE,6,14.10,2026-08-02 18:46:15,no
1213731,eBay,305682162344,LSCY290BS+RPR44WH,2,28.74,2026-08-02 19:08:36,no
1213732,eBay,266190316916,CL3RGY5PK,1,11.89,2026-08-02 19:10:01,no
1213734,eBay,162823715743,CRFF100BM+WSLS155YB+SCRN70BM+LSOL180BM,1,14.79,2026-08-02 19:05:12,no
1213735,eBay,315370448610,LSSS300BC+RPR44WH,1,12.25,2026-08-02 19:10:01,no
1213742,eBay,167943417300,CL2RCR5PK,1,11.99,2026-08-02 19:17:32,no
1213744,eBay,313614826178,CL2TBM,1,5.78,2026-08-02 19:19:54,no
1213753,eBay,265700829684,12IP67100,1,21.89,2026-08-02 19:35:31,no
1213754,eBay,267519662345,RWGS1342WH,1,6.19,2026-08-02 19:35:17,no
1213762,eBay,267407390761,LDCWT75B2212,1,7.19,2026-08-02 19:46:31,no
1213770,eBay,164492030061,CL2TGD,2,10.98,2026-08-02 19:57:54,no
1213782,eBay,166598283141,RWWPSY0640YE,1,5.49,2026-08-02 20:14:47,no
1213783,eBay,266742973079,CL3TBR3PK,1,7.99,2026-08-02 20:17:33,no
1213785,eBay,306842391231,WCCYSP160GD+RPR44WH,1,12.89,2026-08-02 20:18:19,no
1213796,eBay,266742973079,CL3TGD5PK,1,12.89,2026-08-02 20:28:15,no
1213797,eBay,313614839666,ENC469,2,36.64,2026-08-02 20:29:48,no
1213803,eBay,123770992315,LHSHE27WH,2,9.86,2026-08-02 20:31:27,no
1213806,eBay,164841174279,CRSF100BM+WSLS155YB+LSFT220BM+ICST64E27,2,33.98,2026-08-02 20:44:53,no
1213819,eBay,265660312574,CL3RBR,2,5.86,2026-08-02 20:55:24,no
1213824,eBay,304866316390,CRSF100BM+LHNSE27BM+SCRN70BA+LSTF40BM+ICST64E27,2,41.78,2026-08-02 21:06:02,no
1213845,eBay,162573603983,CO125ACL5PK,2,14.37,2026-08-02 21:41:01,no
1213846,eBay,165261757862,ENC2435,1,15.89,2026-08-02 21:46:37,no
1213884,eBay,127362491738,CRSF100BM+LHTTE27BM+ICST64E27,1,10.19,2026-08-02 22:58:15,no
1213888,eBay,267073162939,LDMG125B2285PK,1,22.99,2026-08-02 23:07:39,no
1213889,eBay,267073162939,LDMG125E278,1,8.99,2026-08-02 23:07:39,no
1213892,eBay,163259132600,CRSF100BM2PK+PHAH2RBMBM2PK,2,39.68,2026-08-02 23:18:13,no
1213898,eBay,165663481642,ENC982,6,105.24,2026-08-02 23:26:27,no
1213901,eBay,164244350750,PLTTBC+LSFT220BC+ICST64E2740,1,26.89,2026-08-02 23:31:19,no
1213924,eBay,164127809379,PSDS2BMRGY,2,20.88,2026-08-03 00:31:11,no
1213934,eBay,168104532651,CRFF100GB2PK+LHNSE27GB2PK+ICST64E272PK,1,22.39,2026-08-03 02:34:25,no
1214012,eBay,317838648218,WCCYSQCH2PK,1,35.89,2026-08-03 07:52:55,no
1214013,eBay,165397658552,CRSF100CO+CL3TBR+LHSHE27CO,5,51.45,2026-08-03 08:00:43,no
1214014,eBay,167403486899,LDSG125MUE2745PK,1,52.29,2026-08-03 08:00:43,no
1214020,eBay,165365087205,CRSF108GB+HK10GB,1,6.99,2026-08-03 08:15:38,no
1214021,eBay,165575417168,CNT900GB2PK,1,12.89,2026-08-03 08:15:38,no
1214028,eBay,304826634562,PHSF1BMTBY,1,12.67,2026-08-03 08:25:28,no
1214031,eBay,162308961886,12IP67100,1,21.89,2026-08-03 08:38:13,no
1214034,eBay,166408159134,WCFWROCO2PK+RPR44WH2PK,1,18.89,2026-08-03 10:02:08,no
1214039,eBay,166486351453,WCCYSQBM+LDMT45E274,1,22.89,2026-08-03 08:58:41,no
1214048,eBay,317111834260,WJBIP683BM,1,10.49,2026-08-03 09:17:42,no
1214054,eBay,164525233292,LSFT220GB+RPR44WH,2,18.48,2026-08-03 09:24:22,no
1214063,eBay,164841174279,CRSF100BM+WSLS155YB+LSFT220BM+ICST64E27,1,17.89,2026-08-03 09:41:12,no
1214075,eBay,165074694177,LSGL1275CL2PK+RPM40WH2PK,1,11.89,2026-08-03 10:02:08,no
1214076,eBay,168361244869,LDSG95DIE2742PK,1,11.98,2026-08-03 10:05:03,no
1214077,eBay,165709660426,PHSF1AGTGB,1,10.99,2026-08-03 10:09:44,no
1214082,eBay,162696931368,CL3TGR,3,12.56,2026-08-03 10:16:52,no
1214090,eBay,256475004969,LDMG95B224,1,5.82,2026-08-03 10:28:36,no
1214093,eBay,166898541107,WBERT29BL3PK,1,7.99,2026-08-03 10:34:51,no
1214101,eBay,267073162939,LDMST64B2243PK,1,10.49,2026-08-03 10:46:38,no
1214102,eBay,126828588995,RBWCBNCH,1,4.89,2026-08-03 10:44:15,no
1214109,eBay,163585361443,12IP6720,1,10.99,2026-08-03 10:52:29,no
1214110,eBay,168522561220,LSGL100145BL+RPM40WH,2,25.18,2026-08-03 10:51:07,no
1214132,eBay,162799417330,24IP2072,1,10.89,2026-08-03 11:14:12,no
1214133,eBay,166225683823,WLHSBMRE12,1,18.79,2026-08-03 11:14:23,no
1214134,eBay,162799417330,5IP2028,1,5.49,2026-08-03 11:13:02,no
1214144,eBay,266190324892,HRE2738BM2PK,1,6.99,2026-08-03 11:25:25,no
1214145,eBay,167761716276,LDMST64E274,2,10.42,2026-08-03 11:25:32,no
1214148,eBay,126396451888,WCBNBC+RPR44WH,1,7.99,2026-08-03 11:40:09,no
1214156,eBay,163527822125,LHSHE27CO,3,16.47,2026-08-03 11:42:11,no
1214157,eBay,164531556164,WCWODSBM+RPR44WH,1,9.99,2026-08-03 11:43:42,no
1214158,eBay,256002205273,LHCCE27BM+CGMLBM,1,5.49,2026-08-03 11:46:09,no
1214165,eBay,265660310931,LSLT360GR+RPR44WH,1,11.33,2026-08-03 11:58:32,no
1214179,eBay,163585361443,12IP6760,8,122.24,2026-08-03 12:19:31,no
1214187,eBay,165094836684,LHSHE27GB,6,32.94,2026-08-03 12:32:54,no
1214188,eBay,162949535147,LDMG80E274,1,5.49,2026-08-03 12:34:36,no
1214189,eBay,163445610793,CL3TBDAPK,1,23.89,2026-08-03 12:34:21,no
1214190,eBay,163445610793,CL3THEAPK,1,23.89,2026-08-03 12:34:21,no
1214195,eBay,162975561793,CL3TBMAPK,1,18.89,2026-08-03 13:00:12,no
1214206,eBay,162276028284,12IP6710,1,6.69,2026-08-03 12:56:23,no
1214207,eBay,164080607921,LDMST64E2746PK,1,17.99,2026-08-03 13:00:12,no
1214213,eBay,165405860182,CL3TGD5PK,1,13.89,2026-08-03 13:06:59,no
1214214,eBay,165405860182,CL3TIV5PK,1,12.89,2026-08-03 13:06:59,no
1214215,eBay,266122735475,LSFT220WH+RPR44WH,1,10.33,2026-08-03 13:02:36,no
1214216,eBay,266190324892,HRE2738BM2PK,1,9.99,2026-08-03 13:07:23,no
1214222,eBay,335752557688,LSTF40BG2PK+RPR44WH2PK,1,14.49,2026-08-03 13:12:48,no
1214223,eBay,163768876447,CRSF100BM+LHHTE27BM+WCWVBM,1,15.88,2026-08-03 13:18:40,no
1214224,eBay,267527185215,TSLCQA20WH,1,6.49,2026-08-03 13:16:08,no
1214231,eBay,306346497067,LSHQ150GY+RPR44WH,1,11.88,2026-08-03 13:26:09,no
1214232,eBay,127362491738,CRSF100BM+LHTTE27BM,2,13.84,2026-08-03 13:27:52,no
1214235,eBay,255943163532,LHAHE27CO,1,5.49,2026-08-03 13:36:03,no
1214247,eBay,162799417330,5IP2050,1,8.49,2026-08-03 13:54:47,no
1214248,eBay,162543791353,SLW42PK,1,7.38,2026-08-03 13:59:59,no
1214249,eBay,306348377837,24IP20360,1,22.89,2026-08-03 13:51:55,no
1214256,eBay,167943788384,CERU36300YE,1,5.58,2026-08-03 14:06:59,no
1214261,eBay,266200562753,ENC7881,1,20.89,2026-08-03 14:23:59,no
1214267,eBay,306348377837,24IP20180,1,16.70,2026-08-03 14:23:53,no
1214268,eBay,165422275157,ENC6371,1,34.18,2026-08-03 14:23:46,no
1214269,eBay,164891739470,CO125ACL5PK,1,5.49,2026-08-03 14:26:34,no
1214270,eBay,266200562753,ENC7881,1,20.89,2026-08-03 14:23:59,yes
1214273,eBay,265735364440,LSSS300GR+RPR44WH,2,26.38,2026-08-03 14:32:36,no
1214276,eBay,164490376258,LHSPE27RO,1,6.99,2026-08-03 14:40:44,no
1214277,eBay,164490376258,LHSPE27BY,1,6.99,2026-08-03 14:40:44,no
1214278,eBay,164490376258,LHSPE27YB,1,6.99,2026-08-03 14:40:44,no
1214279,eBay,164490376258,LHSPE27SN,1,6.99,2026-08-03 14:40:44,no
1214280,eBay,164490376258,LHSPE27CH,1,6.99,2026-08-03 14:40:44,no
1214281,eBay,164490376258,LHSPE27CO,1,6.99,2026-08-03 14:40:44,no
1214286,eBay,334108403479,LDMC35E1443PK,1,9.78,2026-08-03 14:45:01,no
1214287,eBay,163181575288,LHBGE27BM,1,8.38,2026-08-03 14:44:20,no
1214288,eBay,162823715743,CRFF100BM+WSLS155YB+SCRN70BM+LSOL180BM,2,28.10,2026-08-03 14:49:09,no
1214294,eBay,257501006132,RBPLTFBC,1,11.89,2026-08-03 14:53:02,no
1214300,eBay,167027289851,CNP1000CH,1,7.99,2026-08-03 15:05:49,no
1214301,eBay,167940715562,PCBSF2MCH2PK,1,10.78,2026-08-03 15:09:03,no
1214302,eBay,265660307012,WCB1BB+RPR44WH,1,7.98,2026-08-03 15:04:24,no
1214303,eBay,266196611795,CRFF108CH+HK10CH,1,5.99,2026-08-03 15:05:52,no
1214311,eBay,267068731282,12IP6720,1,14.00,2026-08-03 15:17:43,no
1214319,eBay,123770992315,LHSHE27CO,1,5.19,2026-08-03 15:28:32,no
1214337,eBay,165561143431,LSCY290BG+RPR44WH,1,13.20,2026-08-03 15:58:22,no
1214338,eBay,317112447301,CL3TGD,2,8.06,2026-08-03 15:52:01,no
1214348,eBay,266194586886,CL3TLGAPK,1,23.89,2026-08-03 16:10:56,no
1214355,eBay,163469320347,PSDS2WHBWH,1,27.08,2026-08-03 16:25:09,no
1214359,eBay,164877162031,LHS5E27YB,1,6.99,2026-08-03 16:36:15,no
1214372,eBay,316797525557,WCFWROBM+RPR44WH,1,10.89,2026-08-03 16:41:27,no
1214387,eBay,127344894643,LSCP150GR+RPR44WH,2,16.88,2026-08-03 17:01:09,no
1214388,eBay,266188029327,CCBC5,1,5.49,2026-08-03 17:09:13,no
1214398,eBay,163585361443,12IP6736,1,12.80,2026-08-03 17:16:55,no
1214399,eBay,167826149061,CRFF100CH+LHNSE27CH,1,12.89,2026-08-03 17:20:04,no
1214400,eBay,123277401523,LHRTE27WH+CGFLWH,1,5.70,2026-08-03 17:16:15,no
1214422,eBay,163957630326,PHTT1PBR3BM+LSWT300BM+ICST64E27603PK,1,27.74,2026-08-03 17:53:55,no
1214423,eBay,266193179938,LDMST64E274,1,6.49,2026-08-03 17:55:54,no
1214428,eBay,256939232422,LHCTOYB,1,6.99,2026-08-03 18:05:09,no
1214429,eBay,166032301756,LHSHE27GB,1,5.49,2026-08-03 18:03:57,no
1214436,eBay,166363704594,CRSF120YB+WSRH230YB+LSCG185AR,2,41.58,2026-08-03 18:16:15,no
1214437,eBay,306346497067,LSHQ150BM+RPR44WH,1,10.88,2026-08-03 18:17:51,no
1214455,eBay,305541421379,CL2TGY5PK,1,12.67,2026-08-03 18:32:40,no
1214456,eBay,164531556164,WCWODSBM+RPR44WH,1,9.99,2026-08-03 18:35:46,no
1214461,eBay,162553025729,LDMST64E274,1,5.49,2026-08-03 18:48:10,no
1214463,eBay,313501509419,CRSF100BM+LHLFE27BM+LSDO210BG+ICST64E27,1,17.66,2026-08-03 18:45:50,no
1214472,eBay,306268793379,CL3THE3PK,1,9.89,2026-08-03 19:00:56,no
1214488,eBay,123085399158,CL3RGR,1,2.57,2026-08-03 19:14:37,no
1214491,eBay,164389514552,PSDS2BMRBM,3,37.62,2026-08-03 19:28:41,no
1214497,eBay,163964665683,12UK3P1A,1,6.99,2026-08-03 19:33:49,no
1214519,eBay,164672130159,CRSF100BM+PHSH1PBRBM+LSMS320OR,2,33.98,2026-08-03 20:08:37,no
1214520,eBay,166906683062,MBCO3046CLFPK,1,9.99,2026-08-03 20:09:47,no
1214521,eBay,166906683062,MBCO2538CLFPK,1,7.99,2026-08-03 20:09:47,no
1214522,eBay,166906683062,MBCO1016CLFPK,1,4.99,2026-08-03 20:09:47,no
1214523,eBay,256930570636,ENC4298,1,18.59,2026-08-03 20:01:49,no
1214538,eBay,254249196814,LHRIE27WH+CGMLWH,1,5.89,2026-08-03 20:26:49,no
1214539,eBay,166307179930,LSMCSPSQMC+RPM40WH,1,17.89,2026-08-03 20:25:21,no
1214540,eBay,123841453562,CL3RHE,3,8.07,2026-08-03 20:28:48,no
1214547,eBay,335739316680,CRSF108WH,1,6.79,2026-08-03 20:33:05,no
1214555,eBay,167943417300,CL2RYE5PK,1,9.99,2026-08-03 20:50:23,no
1214556,eBay,167943417300,CL2RGR5PK,1,8.49,2026-08-03 20:50:23,no
1214557,eBay,267213772077,24IP20200,1,20.55,2026-08-03 20:48:50,no
1214563,eBay,266223215729,LSCY290RR+RPR44WH,3,39.87,2026-08-03 20:58:33,no
1214564,eBay,266192047204,LDWWE2725,1,5.99,2026-08-03 20:57:28,no
1214565,eBay,164725952794,CRFF100BM+PHUP1PBRBM,1,11.29,2026-08-03 20:56:19,no
1214575,eBay,165926819338,PLOTBM+LSFT220BM+ICST64E27,4,99.56,2026-08-03 21:07:43,no
1214576,eBay,165926819338,PLOTBC+LSFT220BC+ICST64E27,3,74.67,2026-08-03 21:07:43,no
1214580,eBay,165431587622,LSDM220YB+RPR44WH,1,11.00,2026-08-03 21:12:09,no
1214581,eBay,313614826152,CRSF1202CO,1,6.19,2026-08-03 21:13:35,no
1214582,eBay,316901502721,CL3RRO,1,2.69,2026-08-03 21:13:35,no
1214584,eBay,304786539463,12IP2080,1,9.67,2026-08-03 21:14:57,no
1214597,eBay,267400447839,LSMS320BI+RPR44WH,1,13.06,2026-08-03 21:35:48,no
1214610,eBay,314111067207,LDSG125E274,1,12.89,2026-08-03 21:50:44,no
1214611,eBay,266188029327,CCBC3,1,8.00,2026-08-03 21:46:20,no
1214619,eBay,313610757288,CRSF100CO+PHSH1PBRCO+LSDM220CO+LDWWE2715,1,18.96,2026-08-03 21:51:40,no
1214620,eBay,267121715682,12IP67102PK,1,8.99,2026-08-03 21:54:46,no
1214621,eBay,165452014120,LHRIE14BM,1,5.89,2026-08-03 21:50:49,no
1214622,eBay,164846271255,CRSF1202FG,1,6.99,2026-08-03 21:54:24,no
1214623,eBay,164846271255,CRSF1203FG,1,6.99,2026-08-03 21:54:24,no
1214634,eBay,164508181340,ENC693,1,45.89,2026-08-03 22:10:04,no
1214640,eBay,304786539517,24IP6710,1,6.89,2026-08-03 22:28:28,no
1214646,eBay,333786736247,WCDTGR+RPR44WH,1,8.69,2026-08-03 22:37:27,no
1214654,eBay,167826149061,CRFF100CH+LHNSE27CH,3,35.94,2026-08-03 22:47:24,no
1214673,eBay,314045135882,CRFF108BM+LHTKE27BA+ICST64E27,1,11.49,2026-08-04 00:15:24,no
1214729,eBay,313699383262,ENC221,1,22.22,2026-08-04 06:17:41,no
1214731,eBay,164080607921,LDMST64E2786PK,1,24.89,2026-08-04 06:21:22,no
1214736,eBay,256939232422,LHCTOSN,1,6.99,2026-08-04 06:46:16,no
1214739,eBay,164942250673,CL3RGY,2,9.97,2026-08-04 06:52:25,no
1214756,eBay,165894850271,CRFF140CH+HK10CH,1,5.49,2026-08-04 08:09:52,no
1214757,eBay,164389514552,PSDS2BMRBW,1,8.49,2026-08-04 08:09:23,no
1214762,eBay,165102074135,ENC524,1,19.89,2026-08-04 08:18:53,no
1214763,eBay,123085399158,CL3RBR,1,2.99,2026-08-04 08:17:45,no
1214764,eBay,123085399158,CL2TBR,1,2.89,2026-08-04 08:17:45,no
1214765,eBay,266190382990,PSFW4RBW,1,10.49,2026-08-04 11:47:16,no
1214769,eBay,166598283141,RWWPSY0640YE2PK,1,8.99,2026-08-04 08:29:07,no
1214770,eBay,267699625408,LSGLULAR+RPM40WH,1,15.79,2026-08-04 08:25:15,no
1214771,eBay,267073162939,LDMST64E274,1,6.17,2026-08-04 08:25:18,no
1214791,eBay,254831755121,CL3TRE5PK,1,10.99,2026-08-04 09:00:00,no
1214792,eBay,313003909686,WCB3BM+RPR44WH,1,8.49,2026-08-04 09:00:12,no
1214795,eBay,267238101789,CRSF100BM+LHNSE27YB+SCRN70BM+LSFT220GS+ICST64E27,1,18.13,2026-08-04 09:08:15,no
1214801,eBay,267120297665,LDMT45E2744PK,1,15.75,2026-08-04 09:24:02,no
1214808,eBay,265863564065,CNT900CH,1,7.99,2026-08-04 09:48:38,no
1214809,eBay,164823367374,ENC1401,2,37.76,2026-08-04 09:34:10,no
1214824,eBay,164636015985,12IP2024,2,14.98,2026-08-04 09:45:46,no
1214825,eBay,168522561220,LSGL10014AR+RPM40WH,1,12.59,2026-08-04 09:47:09,no
1214826,eBay,266190419354,CL3TGY,1,2.99,2026-08-04 09:48:38,no
1214844,eBay,166408159134,WCFWROBM+RPR44WH,1,10.99,2026-08-04 10:02:14,no
1214845,eBay,164169967297,WJB2,1,5.89,2026-08-04 10:01:20,no
1214846,eBay,168237747960,CRSF100CO+LHNSE27CO+LSCY290CO,1,25.89,2026-08-04 10:06:38,no
1214847,eBay,313970190833,LSCY290SN+RPR44WH,1,16.05,2026-08-04 10:03:48,no
1214870,eBay,314558038121,CL2TBM,2,8.62,2026-08-04 10:16:17,no
1214871,eBay,255952888911,LDMG95E274,1,6.28,2026-08-04 10:18:10,no
1214878,eBay,305698440823,CL3TBRAPK,1,21.12,2026-08-04 10:25:25,no
1214879,eBay,165709660426,PHSF1GYTCH,3,30.66,2026-08-04 10:28:16,no
1214882,eBay,164566135486,ENC737,3,55.47,2026-08-04 10:32:30,no
1214883,eBay,316809248747,CL2THE,1,5.88,2026-08-04 10:35:43,no
1214884,eBay,266190303273,12UK3P1A+SLW4,1,8.49,2026-08-04 10:40:25,no
1214888,eBay,123015211066,CL3RBM,3,8.34,2026-08-04 10:43:08,no
1214889,eBay,122989185800,LDMG125B228,3,26.67,2026-08-04 10:50:27,no
1214890,eBay,122989185800,LDMST64B228,3,20.67,2026-08-04 10:50:27,no
1214891,eBay,122989185800,LDMT185B224,1,8.89,2026-08-04 10:50:27,no
1214892,eBay,315472137580,CKEC17GD,1,18.46,2026-08-04 10:41:55,no
1214899,eBay,266190303273,12UK3P2A+SLW4,1,9.99,2026-08-04 10:58:18,no
1214909,eBay,166225683823,WLHSBMRE12,1,16.00,2026-08-04 11:07:08,no
1214914,eBay,164261730528,12BO48,1,14.89,2026-08-04 11:21:11,no
1214921,eBay,165405860182,CL2TWH5PK,1,10.99,2026-08-04 11:27:13,no
1214927,eBay,165405860182,CL3TOR5PK,1,12.89,2026-08-04 11:34:55,no
1214928,eBay,163195957947,24IP6724,2,19.20,2026-08-04 11:34:07,no
1214933,eBay,267121715682,24IP67150,1,28.39,2026-08-04 11:47:16,no
1214937,eBay,167581364032,CRSF100BM+PHRYWP1RBM+ICST64E27,3,35.94,2026-08-04 11:57:45,no
1214950,eBay,304786539517,24IP6720,1,10.49,2026-08-04 12:12:31,no
1214957,eBay,267073162939,LDMA60E2745PK,1,20.49,2026-08-04 12:23:06,no
1214958,eBay,168104532651,CRFF100GB2PK+LHNSE27GB2PK,1,16.89,2026-08-04 12:30:21,no
1214970,eBay,123043958433,CL3TBM5PK,1,12.89,2026-08-04 12:44:49,no
1214971,eBay,255943163532,LHSHE27CH,6,30.42,2026-08-04 12:49:54,no
1214975,eBay,267073162939,LDMST64B228,1,6.89,2026-08-04 12:53:03,no
1214976,eBay,164914367042,5IP20282PK,1,8.49,2026-08-04 12:53:10,no
1214977,eBay,165012838311,12UK3P10A+SLW8,1,22.89,2026-08-04 12:50:58,no
1214978,eBay,167826149061,CRFF100CO+LHNSE27CO,1,12.89,2026-08-04 12:57:07,no
1214979,eBay,163481444917,PHSF1RORRO,1,10.99,2026-08-04 12:57:07,no
1214997,eBay,163975130982,CRFF500WH,1,11.89,2026-08-04 13:12:44,no
1215003,eBay,304786539508,LDSG125E274,1,12.89,2026-08-04 13:24:41,no
1215009,eBay,164046479684,PSDS4BMRBW,1,12.89,2026-08-04 13:34:09,no
1215012,eBay,163025541768,LDMT185E274,2,13.28,2026-08-04 13:48:27,no
1215016,eBay,313614825883,LHSBE27BM3PK,3,27.87,2026-08-04 13:57:00,no
1215033,eBay,267121715682,12IP67102PK,1,8.99,2026-08-04 14:25:07,no
1215034,eBay,313731620457,LSFT220RE+RPR44WH,1,8.89,2026-08-04 14:22:02,no
1215035,eBay,304786539463,12IP2030,1,6.76,2026-08-04 14:25:10,no
1215045,eBay,162711487073,CL3TLB,1,2.99,2026-08-04 14:35:27,no
1215046,eBay,162711487073,CL3TGD,1,2.99,2026-08-04 14:35:27,no
1215047,eBay,162711487073,CL3TBR,1,2.99,2026-08-04 14:35:27,no
1215048,eBay,313614826049,CRSF100CO+WSST70CO+WCBNRR,1,16.14,2026-08-04 14:40:42,no
1215050,eBay,267068731282,12IP6760,1,16.49,2026-08-04 14:31:05,no
1215057,eBay,165365087205,CRSF108CO,2,10.42,2026-08-04 14:43:46,no
1215058,eBay,164169967297,WJB3,1,8.24,2026-08-04 14:48:14,no
1215059,eBay,163585361443,12IP6710,1,7.89,2026-08-04 14:49:21,no
1215060,eBay,318246897048,CRFF108BM3PK+PHRI1PBRBA3PK+LSCY290BM3PK,3,138.06,2026-08-04 14:45:49,no
1215068,eBay,256939232422,LHCTOSN,1,6.99,2026-08-04 15:00:31,no
1215069,eBay,334009958806,LSPG250AR+SCRN70FG,3,47.10,2026-08-04 14:58:18,no
1215070,eBay,333812626850,CRSF100BM+WCGSBM+LDA60E274WW,1,20.16,2026-08-04 15:00:29,no
1215071,eBay,164935612760,CCORNWH24,1,7.29,2026-08-04 14:51:45,no
1215082,eBay,313731620457,LSFT220SN+RPR44WH,2,16.88,2026-08-04 15:12:05,no
1215083,eBay,265660312527,PSDS2RBR,1,10.24,2026-08-04 15:14:02,no
1215092,eBay,336101606383,CL3TCR,2,7.32,2026-08-04 15:27:45,no
1215102,eBay,164942250673,CL2RBM,3,8.97,2026-08-04 15:46:23,no
1215103,eBay,164942250673,CL3RBM,2,6.38,2026-08-04 15:46:23,no
1215104,eBay,165405860182,CL2TLB5PK,1,10.99,2026-08-04 15:48:49,no
1215105,eBay,164664824603,CRSF100BC+PHCH1PBRBC+LSCY290BC,6,102.00,2026-08-04 15:49:37,no
1215106,eBay,266190324892,HRE2738BM2PK,1,6.99,2026-08-04 15:43:03,no
1215110,eBay,165675520730,12UK3P10A,3,47.40,2026-08-04 15:52:33,no
1215111,eBay,164725952794,CRFF100CH+PHUP1PCRCH,1,10.99,2026-08-04 15:52:36,no
1215117,eBay,164159455210,PHSF1PBRYB+SCRN70BM+LSFT220GY,1,16.89,2026-08-04 16:05:21,no
1215122,eBay,266742973079,CL3TBK3PK,1,7.99,2026-08-04 16:12:51,no
1215123,eBay,336577919291,RBLSMS320BU+RPR44WH,1,8.99,2026-08-04 16:14:12,no
1215129,eBay,267073162939,LDMST64E2785PK,1,33.50,2026-08-04 16:29:20,no
1215130,eBay,304785664684,PLADBM+LSDO210BG3PK+ICST64E273PK,1,52.99,2026-08-04 16:30:30,no
1215136,eBay,163225741603,CO126ACLAPK,1,5.19,2026-08-04 16:40:45,no
1215137,eBay,163225741603,CO125ACLAPK,1,10.29,2026-08-04 16:40:45,no
1215138,eBay,163225741603,CO123ACLAPK,1,6.99,2026-08-04 16:40:45,no
1215141,eBay,265591600983,LHCCE27BM+CGMLBM,1,5.99,2026-08-04 16:50:00,no
1215142,eBay,164942250673,CL2TBM,3,11.96,2026-08-04 16:42:00,no
1215143,eBay,164004516812,LDMG95E278,1,10.38,2026-08-04 16:47:55,no
1215156,eBay,162725256149,12IP6736,2,24.48,2026-08-04 17:02:12,no
1215157,eBay,313029597717,LSDM220RO+RPR44WH,1,10.73,2026-08-04 17:10:29,no
1215159,eBay,306348377837,24IP2048,1,7.94,2026-08-04 17:15:53,no
1215167,eBay,165568516147,LSHQ150BM+RPR44WH,1,9.99,2026-08-04 17:26:37,no
1215178,eBay,314223469816,PCGZ4WC,2,9.84,2026-08-04 17:33:01,no
1215179,eBay,317893808620,TPOSBDBM,1,20.80,2026-08-04 17:36:40,no
1215182,eBay,124734086174,PHSW2HETBM+ICST64E27,1,11.87,2026-08-04 17:46:03,no
1215183,eBay,162562112782,12IP20300,1,23.89,2026-08-04 17:49:58,no
1215187,eBay,123085399158,CL3RBK,4,10.52,2026-08-04 17:59:46,no
1215195,eBay,336089564241,CODL332AGY5PK,1,3.79,2026-08-04 18:11:54,no
1215200,eBay,163072649531,12IP67250,1,30.99,2026-08-04 18:25:36,no
1215201,eBay,163445610793,CL3TBR5PK,1,17.78,2026-08-04 18:25:10,no
1215202,eBay,164071531420,LHCHE27YB,2,13.28,2026-08-04 18:29:38,no
1215206,eBay,266190476182,5IP2010,1,6.49,2026-08-04 18:35:31,no
1215216,eBay,163999115806,SPSD78SN2PK,1,6.99,2026-08-04 18:46:08,no
1215221,eBay,167712631074,WCSPROBM+RPR44WH,1,9.99,2026-08-04 18:52:03,no
1215222,eBay,165277421547,CCGNNWE60,2,17.08,2026-08-04 18:54:00,no
1215223,eBay,266190328481,12IP6715,1,7.89,2026-08-04 18:58:08,no
1215229,eBay,267666357399,LSGLWS180YC2PK+RPR44WH2PK,1,20.38,2026-08-04 19:09:44,no
1215230,eBay,313568002300,LHSHE27CO2PK,1,9.87,2026-08-04 19:04:03,no
1215231,eBay,306842391231,WCCYSP160WH,1,11.89,2026-08-04 19:04:18,no
1215237,eBay,162562112782,24IP20120,2,29.78,2026-08-04 19:19:19,no
1215251,eBay,267405063500,LSHH240BG+RPR44WH,1,11.55,2026-08-04 19:43:48,no
1215256,eBay,336162374540,12BO18,1,8.89,2026-08-04 19:59:38,no
1215257,eBay,163481444917,PHSF1BRRCO,1,9.99,2026-08-04 19:59:40,no
1215280,eBay,265660313935,PSDS2WHBWH+ICST64E2740,1,10.80,2026-08-04 20:19:41,no
1215281,eBay,335742991706,PSDS2BMRBW,1,9.48,2026-08-04 20:17:34,no
1215282,eBay,166225683823,WLHSBMRE12,2,35.70,2026-08-04 20:14:24,no
1215293,eBay,304786539517,24IP6750,1,14.67,2026-08-04 20:26:55,no
1215294,eBay,305682162344,LSDO210RE+RPR44WH,1,10.67,2026-08-04 20:35:22,no
1215301,eBay,266193441802,CRFF100BM+LHHTE27BM+WCDCBM+ICST64E27,2,42.87,2026-08-04 20:46:10,no
1215308,eBay,123816674032,LDMG125B228,1,8.89,2026-08-04 20:53:53,no
1215309,eBay,164942250673,CL2TBM,1,5.58,2026-08-04 20:50:40,no
1215314,eBay,164728612762,CRSF125BM+WSAT105BM,5,44.95,2026-08-04 21:02:59,no
1215327,eBay,266307130451,12IP20120,1,15.89,2026-08-04 21:21:55,no
1215330,eBay,123085399158,CL2TRE,2,4.18,2026-08-04 21:27:29,no
1215331,eBay,163672616724,CRSF100BM+PHCN1PBRBM,2,17.08,2026-08-04 21:26:30,no
1215332,eBay,167826149061,CRFF100CH+LHNSE27CH,1,12.89,2026-08-04 21:29:22,no
1215341,eBay,163795656089,HLHG120CHAPK,1,18.89,2026-08-04 21:35:49,no
1215342,eBay,267121715682,12IP6720,1,11.70,2026-08-04 21:40:19,no
1215343,eBay,304821012551,LHC2E27WH5PK,1,17.99,2026-08-04 21:32:03,no
1215350,eBay,306348377837,12IP2080,1,11.49,2026-08-04 21:43:19,no
1215351,eBay,306348377837,12IP2060,1,10.89,2026-08-04 21:43:19,no
1215353,eBay,313970190844,LDMT185E274,1,6.99,2026-08-04 21:41:05,no
1215354,eBay,267073162939,LDMST64E2743PK,1,13.09,2026-08-04 21:47:24,no
1215355,eBay,122989185800,LDMG95B224,1,5.98,2026-08-04 21:45:38,no
1215365,eBay,266957628295,LDMST64E278,1,7.99,2026-08-04 21:56:04,no
1215379,eBay,167874397098,LDCWA65HB22156PK,1,13.90,2026-08-04 22:10:21,no
1215388,eBay,315610549864,PHCT80CHCCH,2,26.58,2026-08-04 22:16:40,no
1215399,eBay,267073162939,LDMG95E2783PK,1,16.99,2026-08-04 22:21:00,no
1215400,eBay,305541421379,CL2TBR2PK,1,5.99,2026-08-04 22:21:29,no
1215404,eBay,164841174279,WSFS1BMYB+SCRN70BM+LSFT220PI,1,16.89,2026-08-04 22:32:25,no
1215408,eBay,163036454043,WLWOCPBM+ICST64E27,2,32.28,2026-08-04 22:59:21,no
1215433,eBay,335668312171,SWTS3GWH,1,6.29,2026-08-04 23:41:55,no
1215465,eBay,165422275157,ENC7739,1,44.01,2026-08-05 01:50:20,no
1215482,eBay,164958853389,12MIP2015,1,5.09,2026-08-05 04:56:45,no
1215498,eBay,266785504818,CL2TBMBPK,2,69.60,2026-08-05 06:12:17,no
1215501,eBay,315370448610,LSSS300YE+RPR44WH,1,13.20,2026-08-05 06:30:09,no
1215511,eBay,304785656245,LSMS320GY2PK+RPR44WH2PK,1,24.89,2026-08-05 07:18:59,no
1215512,eBay,165405860182,CL3TBK5PK,1,12.89,2026-08-05 07:27:13,no
1215514,eBay,267121715682,24IP67152PK,1,18.09,2026-08-05 07:35:06,no
1215515,eBay,162799417330,24IP20200,1,20.49,2026-08-05 07:47:24,no
1215531,eBay,124037073456,SPSD95SN,1,5.42,2026-08-05 08:20:51,no
1215536,eBay,166173994461,SPSDP2BMY,1,6.89,2026-08-05 08:21:29,no
1215537,eBay,165575417168,CNT900BM2PK,1,12.89,2026-08-05 08:22:32,no
1215538,eBay,162704049365,CH4HW5,3,65.67,2026-08-05 08:29:23,no
1215541,eBay,316028928322,LSCYRO120GD+RPR44WH,1,13.20,2026-08-05 08:35:22,no
1215553,eBay,162276028284,12IP6710,1,6.69,2026-08-05 09:08:08,no
1215554,eBay,166594983989,TSTLRUSRB,1,7.39,2026-08-05 09:09:53,no
1215555,eBay,318488624214,TSKCBL,1,5.49,2026-08-05 09:10:10,no
1215562,eBay,266190476182,12IP2060,2,20.68,2026-08-05 09:16:26,no
1215570,eBay,254885919443,12IP2060,1,10.89,2026-08-05 09:27:48,no
1215590,eBay,162833219361,RPR44WH2PK,1,5.09,2026-08-05 10:09:00,no
1215596,eBay,267666357399,LSGLWS180YC2PK+RPR44WH2PK,1,20.22,2026-08-05 10:14:13,no
1215597,eBay,266194425010,LDMST64B228,2,12.80,2026-08-05 10:14:09,no
1215598,eBay,163844479887,PSOS4BMBBM,1,10.99,2026-08-05 10:17:16,no
1215599,eBay,314286761304,LHBPE27BM,2,11.38,2026-08-05 10:13:13,no
1215600,eBay,313970190833,LSCY290OR+RPR44WH,1,13.86,2026-08-05 10:15:57,no
1215606,eBay,164492030061,CL3TBM,1,5.99,2026-08-05 10:22:29,no
1215609,eBay,165094836684,LHSHE27BA,1,5.29,2026-08-05 10:38:09,no
1215610,eBay,267340970424,CL2RGY3PK,1,5.99,2026-08-05 10:36:08,no
1215623,eBay,165199745268,12UK3P10A,1,15.99,2026-08-05 10:41:14,no
1215636,eBay,162949535147,LDMG80E274,1,5.49,2026-08-05 11:13:35,no
1215648,eBay,305698440823,CL3TBM5PK,1,12.89,2026-08-05 11:24:23,no
1215649,eBay,166018906090,ENC4753,1,44.99,2026-08-05 11:27:03,no
1215650,eBay,165458233266,CRSF100BM+PHSH1PBRYB+LSSS300GY+ICST64E27,4,71.04,2026-08-05 11:27:03,no
1215651,eBay,266027916399,LHRBE27BM,1,4.89,2026-08-05 11:29:18,no
1215655,eBay,306348377837,5IP2050,1,8.64,2026-08-05 11:39:19,no
1215664,eBay,163693940389,CBSF100,1,5.09,2026-08-05 11:49:36,no
1215670,eBay,304786539493,CRSF100GY+WSCH135GY+LSDO210GY,4,59.56,2026-08-05 11:53:45,no
1215674,eBay,163739085310,CRFF108BY+CGCYBM,1,6.78,2026-08-05 12:09:03,no
1215682,eBay,165561143431,LSCY290GY+RPR44WH,1,13.20,2026-08-05 12:17:54,no
1215683,eBay,266263552527,LHAHE27GB,1,6.49,2026-08-05 12:16:19,no
1215709,eBay,266190303273,12UK3P5A+SLW2,1,13.78,2026-08-05 12:26:18,no
1215710,eBay,266190303273,12UK3P8A+SLW6,1,17.89,2026-08-05 12:26:18,no
1215711,eBay,164056007175,PLHIBC,2,88.18,2026-08-05 12:30:33,no
1215729,eBay,164018856168,12IP2060,2,25.17,2026-08-05 12:41:03,no
1215736,eBay,266190312605,CL3TBM5PK,1,12.89,2026-08-05 12:58:59,no
1215740,eBay,166160156418,SPSDP3BM,1,5.09,2026-08-05 13:05:20,no
1215741,eBay,164004516812,LDMT45E274,1,8.38,2026-08-05 13:06:05,no
1215742,eBay,165074694177,LSGL9015CL2PK+RPM40WH2PK,1,13.89,2026-08-05 13:06:03,no
1215743,eBay,162543791353,12UK3P2A+SLW4,1,9.99,2026-08-05 13:10:44,no
1215744,eBay,267073162939,LDMG80E274,1,8.49,2026-08-05 13:09:42,no
1215746,eBay,314666176316,WCB2BC+RPR44WH,2,15.18,2026-08-05 13:14:50,no
1215758,eBay,266191637271,CBSF105,1,4.99,2026-08-05 13:24:58,no
1215763,eBay,163585361443,24IP6710,1,6.59,2026-08-05 13:34:51,no
1215764,eBay,162543791353,12UK3P2A+SLW8,1,12.79,2026-08-05 13:40:36,no
1215768,eBay,167343173306,PHSG1PBRYB+SCRN70BM+LSCG185AR,2,47.78,2026-08-05 13:51:10,no
1215769,eBay,164261730528,12BO48,1,14.89,2026-08-05 13:55:36,no
1215770,eBay,163693940389,CBSF135,1,5.49,2026-08-05 13:55:56,no
1215771,eBay,162696931368,CL3TBR,3,12.56,2026-08-05 13:59:43,no
1215772,eBay,166225683823,WLHSBMRE12,1,18.79,2026-08-05 14:00:02,no
1215793,eBay,266190303273,12UK3P5A+SLW2,1,13.78,2026-08-05 14:29:20,no
1215801,eBay,304786539493,CRSF100RE+WSCH135RE+LSDO210RE,3,43.47,2026-08-05 14:45:03,no
1215802,eBay,266251281417,CRSF100RE+WSCH135RE+LSHQ150RE,3,38.73,2026-08-05 14:47:00,no
1215808,eBay,253794748665,LHC1E27WH,8,45.29,2026-08-05 14:52:17,no
1215809,eBay,166544388992,FWS241BM,1,14.79,2026-08-05 14:59:47,no
1215820,eBay,267213906251,CCBKNWE252PK,1,11.49,2026-08-05 15:11:11,no
1215821,eBay,335257479504,STBFT50M48EWH6PK,1,21.53,2026-08-05 15:12:46,no
1215835,eBay,316898647283,LSCY290CB+RPR44WH,1,13.20,2026-08-05 15:24:38,no
1215840,eBay,267340970424,CL3RBW3PK,1,5.99,2026-08-05 15:31:55,no
1215841,eBay,162276028284,12IP6730,1,12.89,2026-08-05 15:33:07,no
1215842,eBay,164552431048,12UK3P5A+SLW2,1,10.99,2026-08-05 15:33:12,no
1215858,eBay,266190403148,HK10FGAPK,1,6.99,2026-08-05 15:58:59,no
1215859,eBay,163207083157,CL3TBMAPK,3,52.68,2026-08-05 16:00:16,no
1215860,eBay,255943163532,LHAHE27BM,1,5.49,2026-08-05 15:53:36,no
1215869,eBay,316870831969,12IP6736,1,11.49,2026-08-05 16:15:20,no
1215870,eBay,163445610793,CL3TGD,1,5.78,2026-08-05 16:12:25,no
1215885,eBay,254008668793,CRFF108YB+HK10YB,1,6.19,2026-08-05 16:31:40,no
1215887,eBay,265704575276,CRFF140GL+WSWH135BM+LSDO210BB+ICST64E27,1,18.70,2026-08-05 16:45:58,no
1215889,eBay,165405860182,CL3TBK5PK,1,12.89,2026-08-05 16:48:28,no
1215890,eBay,163871700144,WSDM240BM+WCBNBM2PK,2,41.20,2026-08-05 16:49:16,no
1215893,eBay,316833980444,LSSS300SN+RPR44WH,3,38.73,2026-08-05 16:41:09,no
1215911,eBay,164942250673,CL3RBM,2,9.77,2026-08-05 17:16:40,no
1215927,eBay,265660312592,LDMG95B228,2,13.28,2026-08-05 17:39:51,no
1215928,eBay,163225741603,CO125ACL5PK,1,5.49,2026-08-05 17:39:01,no
1215929,eBay,163225741603,CO1215ACL5PK,1,8.99,2026-08-05 17:39:01,no
1215932,eBay,164244350750,PLTTBC+LSFT220BC+ICST64E2740,1,25.01,2026-08-05 17:42:10,no
1215933,eBay,167403486899,LDSG95DIE274,2,13.28,2026-08-05 17:43:22,no
1215934,eBay,163693940389,CBSF90,1,5.09,2026-08-05 17:47:34,no
1215935,eBay,168042902689,CRSF2003CH+LHTMGU10CH3PK+LDGU10CW53PK,1,21.89,2026-08-05 17:49:12,no
1215945,eBay,163693940389,CBSF100,1,5.09,2026-08-05 18:03:30,no
1215946,eBay,163693940389,CBSF135,1,5.49,2026-08-05 18:03:30,no
1215947,eBay,163693940389,CBSF125,1,5.09,2026-08-05 18:03:30,no
1215948,eBay,163693940389,CBSF110,1,5.09,2026-08-05 18:03:30,no
1215949,eBay,162975561793,CL3TBMAPK,1,21.78,2026-08-05 18:09:27,no
1215954,eBay,163585361443,12IP6710,1,7.89,2026-08-05 18:13:03,no
1215955,eBay,167833569765,WCCYSP160BM,1,12.89,2026-08-05 18:15:45,no
1215973,eBay,266901660057,WCB4BM2PK+RPR44WH2PK,1,12.09,2026-08-05 18:49:22,no
1215974,eBay,168522561220,LSGL100145BL+RPM40WH,1,12.59,2026-08-05 18:43:42,no
1215975,eBay,162553025729,LDMT45E2743PK,1,11.89,2026-08-05 18:42:49,no
1215996,eBay,163693940389,CBSF95,1,5.09,2026-08-05 19:07:22,no
1216004,eBay,316836925753,CL2TBK,1,5.88,2026-08-05 19:25:53,no
1216010,eBay,265220728079,CCORNWH24,1,5.99,2026-08-05 19:31:05,no
1216026,eBay,267121715682,24IP6736,1,10.44,2026-08-05 20:08:21,no
1216027,eBay,267121715682,24IP67362PK,1,23.49,2026-08-05 20:08:21,no
1216036,eBay,164958853389,12MIP2015,1,5.09,2026-08-05 20:13:52,no
1216044,eBay,266194586886,CL3TGY,2,6.06,2026-08-05 20:24:17,no
1216045,eBay,165709660426,PHSF1GYTCH+ICST64E27,1,13.89,2026-08-05 20:23:31,no
1216058,eBay,256939232422,LHCTOSN,2,13.28,2026-08-05 20:47:55,no
1216078,eBay,167826149061,CRFF100CO+LHNSE27CO,2,24.48,2026-08-05 21:01:27,no
1216085,eBay,123112929906,CL3TBU,2,7.38,2026-08-05 21:11:16,no
1216092,eBay,305682162344,LSDO210YE+RPR44WH,1,10.67,2026-08-05 21:22:23,no
1216093,eBay,266707955061,WLRPE27BM,1,17.77,2026-08-05 21:20:58,no
1216094,eBay,267121715682,24IP6715,1,9.99,2026-08-05 21:22:28,no
1216109,eBay,167403486899,LDMST64E2743PK,1,13.09,2026-08-05 21:59:49,no
1216115,eBay,305698440823,CL3TOR5PK,1,10.98,2026-08-05 22:03:11,no
1216142,eBay,165398285367,CL3RBW5PK,1,10.99,2026-08-05 22:32:25,no
1216151,eBay,315472137580,CKEC11AP,1,13.11,2026-08-05 22:45:34,no
1216158,eBay,267073162939,LDMT45E274,1,5.99,2026-08-05 23:04:15,no
1216169,eBay,167943331717,CL3RPU5PK,1,7.99,2026-08-05 23:30:37,no
1216172,eBay,267213772077,5IP20202PK,1,10.49,2026-08-05 23:43:07,no
1216195,eBay,165436405095,CRSF100BM+PHRB1PBRPB+LSDT130BM+ICST64E27,3,61.05,2026-08-06 01:21:15,no
1216230,eBay,167744624601,LSCP150GR+RPR44WH,1,9.99,2026-08-06 05:20:55,no
1216233,eBay,123085399158,CL2TBU,2,3.98,2026-08-06 05:38:58,no
1216234,eBay,266188029126,LDMA60E274,1,5.49,2026-08-06 05:47:04,no
1216236,eBay,164958853389,12MIP2015,1,5.09,2026-08-06 06:00:26,no
1216241,eBay,165568516147,LSHQ150OR+RPR44WH,2,18.98,2026-08-06 06:07:29,no
1216243,eBay,266707955061,WLRPE27BM,1,17.77,2026-08-06 06:12:38,no
1216254,eBay,165902994694,LDMG125E278,1,8.99,2026-08-06 06:38:39,no
1216267,eBay,315379102143,LDMG95E274,1,9.88,2026-08-06 07:37:40,no
1216269,eBay,266203578347,LHBPE27BM3PK,1,8.99,2026-08-06 07:41:08,no
1216280,eBay,163181575288,LHBPE27BM,1,7.88,2026-08-06 08:15:36,no
1216295,eBay,163481444917,LHSHE27SN,1,5.49,2026-08-06 08:54:07,no
1216299,eBay,306842391231,WCCYSP160WH,1,11.89,2026-08-06 09:04:30,no
1216305,eBay,167943689167,CERU36150GR,2,10.18,2026-08-06 09:25:16,no
1216306,eBay,162553025729,LDMC35E1422PK,1,6.99,2026-08-06 09:30:01,no
1216313,eBay,162799417330,5IP2028,1,5.49,2026-08-06 09:46:35,no
1216314,eBay,304826634562,PHSF2BMTYB,1,12.67,2026-08-06 09:47:31,no
1216320,eBay,256002205273,LHCCE27BL+CGMLBM,1,5.49,2026-08-06 09:58:02,no
1216322,eBay,315704860026,LSFT220BS+RPR44WH,3,30.36,2026-08-06 10:04:07,no
1216327,eBay,163682568149,BC3W802PK,2,11.98,2026-08-06 10:12:18,no
1216328,eBay,163682568149,BC2W1602PK,1,5.49,2026-08-06 10:12:18,no
1216329,eBay,162949535147,LDMG80E274,1,5.49,2026-08-06 10:18:36,no
1216336,eBay,167940684287,STKP48EBRGPK,5,67.75,2026-08-06 10:28:43,no
1216338,eBay,163292701096,CRFF108YB+HKR10YB,1,7.19,2026-08-06 10:37:03,no
1216339,eBay,165201467647,12IP20150,1,16.89,2026-08-06 10:38:51,no
1216348,eBay,161970161622,12IP20200,1,21.89,2026-08-06 10:52:11,no
1216359,eBay,313614826197,12BO18,1,8.89,2026-08-06 11:16:47,no
1216366,eBay,266901660057,WCB6BC+RPR44WH,1,7.98,2026-08-06 11:25:32,no
1216371,eBay,164725952794,CRFF100CO+PHUP1PBRCO,2,17.08,2026-08-06 11:31:01,no
1216377,eBay,166898541107,WBERT29BL3PK,1,7.99,2026-08-06 11:50:49,no
1216378,eBay,266742973079,CL3TBM3PK,1,8.49,2026-08-06 11:49:46,no
1216379,eBay,266190324819,12IP6745,1,14.98,2026-08-06 11:50:43,no
1216385,eBay,162949535147,LDMG80E274,1,5.49,2026-08-06 11:57:22,no
1216388,eBay,266190303273,12UK3P1A,1,8.49,2026-08-06 11:54:37,no
1216397,eBay,266188024005,CCBKNWE7,1,5.39,2026-08-06 12:07:26,no
1216398,eBay,165074694177,LSGLWB125TN2PK+SCRN70YB2PK,1,13.89,2026-08-06 12:05:23,no
1216409,eBay,164492030061,CL2TBK,2,10.98,2026-08-06 12:18:03,no
1216414,eBay,162984756666,CL3RGD,1,4.99,2026-08-06 12:25:45,no
1216415,eBay,162949535147,LDMG80E274,1,5.49,2026-08-06 12:30:29,no
1216421,eBay,166598501724,RWWPSYAE25WH,1,8.88,2026-08-06 12:39:04,no
1216425,eBay,304860906289,CBSF80,1,8.27,2026-08-06 12:46:58,no
1216426,eBay,122567684344,CL3RBM,2,5.68,2026-08-06 12:46:41,no
1216427,eBay,267073162939,LDMST64B2243PK,1,10.49,2026-08-06 12:44:00,no
1216428,eBay,164552431048,12UK3P5A+SLW4,1,13.79,2026-08-06 12:41:21,no
1216435,eBay,165883257849,12BO100,2,37.78,2026-08-06 13:06:35,no
1216436,eBay,164492030061,CL3TGL,6,31.74,2026-08-06 13:07:07,no
1216437,eBay,267073162939,LDMG95B224,2,11.38,2026-08-06 13:10:22,no
1216447,eBay,164942250673,CL2TBR,1,6.08,2026-08-06 13:12:28,no
1216448,eBay,163225741603,CO1210ACL,1,8.38,2026-08-06 13:17:22,no
1216449,eBay,164534309053,CRSF100BM+LHNSE27YB+LSHH240BM+ICST64E27,2,37.78,2026-08-06 13:18:10,no
1216450,eBay,165405860182,CL3THE5PK,1,13.89,2026-08-06 13:19:53,no
1216461,eBay,166714940667,TPOSBDBM,1,21.89,2026-08-06 13:24:27,no
1216462,eBay,168371657548,LHRTE27WH,1,5.19,2026-08-06 13:26:12,no
1216463,eBay,162949535147,LDMG80E274,1,5.49,2026-08-06 13:26:36,no
1216482,eBay,266190303273,12UK3P2A,1,7.89,2026-08-06 14:03:59,no
1216484,eBay,267340970424,CL3TGD3PK,1,5.99,2026-08-06 14:13:05,no
1216485,eBay,315287058811,CRFF105YB,1,5.99,2026-08-06 14:11:02,no
1216486,eBay,164525233292,LSFT220GY+RPR44WH,1,10.99,2026-08-06 14:19:56,no
1216499,eBay,164485938840,12IP2060,1,13.78,2026-08-06 14:33:38,no
1216521,eBay,316898647283,LSCY290BS+RPR44WH,1,14.15,2026-08-06 15:20:15,no
1216535,eBay,166206453048,ENC5279,1,51.59,2026-08-06 15:39:03,no
1216536,eBay,166206453048,ENC5275,2,41.18,2026-08-06 15:39:03,no
1216537,eBay,316809248747,CL3TBM,2,14.52,2026-08-06 15:40:45,no
1216538,eBay,267073162939,LDMST64E2762PK,1,9.99,2026-08-06 15:36:07,no
1216546,eBay,167712631074,WCSPROBM+RPR44WH,2,18.98,2026-08-06 15:46:31,no
1216554,eBay,305541421379,CL2TBU3PK,1,6.97,2026-08-06 15:54:50,no
1216555,eBay,305541421379,CL2TGD3PK,2,13.94,2026-08-06 15:54:50,no
1216556,eBay,316980357727,LSCY290GY+RPR44WH,1,14.29,2026-08-06 15:54:53,no
1216557,eBay,314066051578,LSHQ150GY2PK+RPR44WH2PK,1,18.89,2026-08-06 15:54:53,no
1216564,eBay,166551357419,FCBSBA5BLGPK,1,21.28,2026-08-06 16:03:47,no
1216570,eBay,164872020382,CRSF100BM+WSST70BM+WCBNBM,3,44.61,2026-08-06 16:15:59,no
1216571,eBay,306870478382,PL4HRR,3,156.85,2026-08-06 16:13:42,no
1216582,eBay,267068731282,12IP6715,4,28.40,2026-08-06 16:29:43,no
1216583,eBay,165843468468,CRSF108CH+WSAT105CH+ICST64E27,2,18.50,2026-08-06 16:23:41,no
1216586,eBay,254890527953,LHSBE27BM3PK,1,8.59,2026-08-06 16:27:06,no
1216604,eBay,162562112782,12IP20150,1,15.89,2026-08-06 16:45:05,no
1216605,eBay,313970190839,LSTF40BG+RPR44WH,3,27.87,2026-08-06 16:42:15,no
1216606,eBay,316836925160,CL3TGL,1,7.38,2026-08-06 16:48:03,no
1216615,eBay,164636015985,24IP20360,1,22.95,2026-08-06 17:02:48,no
1216616,eBay,164244059825,LHAHE27RO,1,5.49,2026-08-06 17:07:46,no
1216617,eBay,317617572589,PCFT300BA,1,7.89,2026-08-06 17:07:47,no
1216622,eBay,256487880217,WCWDBM+RPR44WH,1,8.58,2026-08-06 17:16:34,no
1216623,eBay,163010220500,LDMT45E274,6,32.94,2026-08-06 17:12:39,no
1216636,eBay,254495395774,12IP2024,1,5.65,2026-08-06 17:34:12,no
1216637,eBay,162283920873,CCBC12,1,5.99,2026-08-06 17:32:23,no
1216652,eBay,267073162939,LDMG95E274,1,6.99,2026-08-06 18:22:12,no
1216663,eBay,164531556164,WCSLRO+RPR44WH,1,8.99,2026-08-06 18:33:09,no
1216667,eBay,164110059574,ENC2080,1,31.89,2026-08-06 18:44:51,no
1216673,eBay,265660312527,PSDS2RBM2PK,1,14.60,2026-08-06 18:54:15,no
1216688,eBay,256525027237,WCB1BC+RPR44WH,2,16.00,2026-08-06 19:26:04,no
1216691,eBay,267073162939,LDMG95E2743PK,1,11.89,2026-08-06 19:32:07,no
1216692,eBay,125305008748,PHSF1ROTRO+WCSNRO+LDMT45E274,3,49.44,2026-08-06 19:35:28,no
1216696,eBay,164573572289,PLHABM,3,47.10,2026-08-06 19:44:56,no
1216702,eBay,163693940389,CBSF100,1,5.09,2026-08-06 19:52:12,no
1216712,eBay,265660312592,LDMG95B228,1,6.99,2026-08-06 20:10:22,no
1216713,eBay,163746580805,LDMG80B224,1,5.49,2026-08-06 20:09:37,no
1216719,eBay,265826763080,PSDS2BMRBU+ICST64E2740,1,13.06,2026-08-06 20:18:41,no
1216720,eBay,162823715743,CRFF100BM+WSLS155YB+SCRN70BM+LSOL180BM,11,162.69,2026-08-06 20:13:43,no
1216721,eBay,162830271380,12BO48,1,15.29,2026-08-06 20:13:43,no
1216730,eBay,266188024144,12IP6745,1,14.89,2026-08-06 20:27:28,no
1216739,eBay,266901660057,WCB7WH+RPR44WH,1,8.45,2026-08-06 20:38:12,no
1216740,eBay,266194575535,CL2RBW5PK,1,8.99,2026-08-06 20:38:35,no
1216747,eBay,164169967297,WJB3,1,8.24,2026-08-06 20:41:37,no
1216748,eBay,164725952794,CRSF100GB+PHUP1PBRGB,2,20.88,2026-08-06 20:47:05,no
1216761,eBay,126703928790,RBLSDO210BG,2,15.07,2026-08-06 21:01:48,no
1216771,eBay,256475004969,LDMG95B224,3,16.23,2026-08-06 21:17:16,no
1216777,eBay,266196375896,LHBRE14BM3PK,1,8.45,2026-08-06 21:28:46,no
1216778,eBay,267073162939,LDMST64E276APK,1,36.40,2026-08-06 21:29:47,no
1216779,eBay,162975561793,CL3TBK,1,5.78,2026-08-06 21:23:48,no
1216804,eBay,306348377837,12IP20100,1,11.84,2026-08-06 22:16:53,no
1216805,eBay,163585361443,12IP6710,1,7.89,2026-08-06 22:14:00,no
1216824,eBay,167606378152,CRSF1202WH+PHRN2PCRGY2PK,1,15.29,2026-08-06 22:47:19,no
1216831,eBay,267073162939,LDMA60E2743PK,1,15.50,2026-08-06 23:24:28,no
1216892,eBay,162553025729,LDMT185E2743PK,1,11.89,2026-08-07 06:15:17,no
1216893,eBay,306399767338,ENC790,1,18.59,2026-08-07 06:21:34,no
1216897,eBay,163820671950,WCDCBM+RPR44WH,6,65.94,2026-08-07 07:14:02,no
1216904,eBay,164261730528,12BO100,1,18.99,2026-08-07 07:01:05,no
1216905,eBay,163008902707,12IP6715,1,7.89,2026-08-07 07:02:00,no
1216907,eBay,164289983522,LDMG125E278,6,53.94,2026-08-07 07:14:02,no
1216911,eBay,165405860182,CL3TRO5PK,1,12.89,2026-08-07 07:33:45,no
1216943,eBay,124037073456,SPSD78SN,1,5.29,2026-08-07 08:56:11,no
1216956,eBay,164636015985,12IP2080,2,19.98,2026-08-07 09:02:23,no
1216959,eBay,335752557688,LSTF40YB2PK+RPR44WH2PK,1,14.49,2026-08-07 09:15:14,no
1216967,eBay,164004516812,LDMG95E2743PK,1,14.78,2026-08-07 09:28:36,no
1216970,eBay,266957628295,LDMST64E274,1,6.49,2026-08-07 09:34:05,no
1216974,eBay,165128312418,LDSG125LOE2742PK,1,15.89,2026-08-07 09:45:34,no
1216983,eBay,163207083157,CL2RBWAPK,2,32.31,2026-08-07 10:03:56,no
1216988,eBay,167662565144,CRSF1202BM+PHHT2PBRBM2PK+SPUPBM2PK,1,19.89,2026-08-07 10:11:58,no
1216992,eBay,165638552259,CGMLAG5PK,1,8.88,2026-08-07 10:23:07,no
1217008,eBay,335680620222,WCB4WH+RPR44WH,2,12.98,2026-08-07 10:49:37,no
1217009,eBay,256004417601,CCBKNWE7,2,10.24,2026-08-07 10:46:21,no
1217018,eBay,164636015985,12IP20180,1,18.25,2026-08-07 10:51:43,no
1217019,eBay,164261730528,12BO18,1,8.89,2026-08-07 10:58:05,no
1217022,eBay,164852500056,CRSF100BM+PHSQ1PBRYB+LSCY290YE,1,17.66,2026-08-07 11:01:52,no
1217023,eBay,163163376789,LHPVE27BM,1,7.88,2026-08-07 11:08:19,no
1217033,eBay,306348377837,12IP2060,2,21.78,2026-08-07 11:31:22,no
1217035,eBay,318462781248,TSKCBM3PK,1,19.50,2026-08-07 11:32:48,no
1217036,eBay,255943162192,LHDHE27CO,5,27.85,2026-08-07 11:33:40,no
1217039,eBay,317593252015,TSLCQA20WH5PK,1,24.38,2026-08-07 11:43:11,no
1217042,eBay,164033759158,LHAHE27CO,10,53.90,2026-08-07 11:55:34,no
1217046,eBay,315379102143,LDMG95B228,1,9.88,2026-08-07 12:08:06,no
1217047,eBay,164942250673,CL3TGD,2,9.83,2026-08-07 12:01:00,no
1217048,eBay,164261730528,12BO18,1,8.89,2026-08-07 12:03:10,no
1217049,eBay,166598501724,RWWPSYBF50GY,1,12.78,2026-08-07 12:10:12,no
1217060,eBay,313614826008,LHRIE27BM+CGMLBM,1,5.49,2026-08-07 12:19:51,no
1217066,eBay,164681103989,CRFF108GB4PK+HK10GB4PK,1,20.59,2026-08-07 12:23:00,no
1217067,eBay,167874397098,LDCWA60HE2796PK,1,6.49,2026-08-07 12:29:19,no
1217068,eBay,162975561793,CL3TGLAPK,1,20.68,2026-08-07 12:30:39,no
1217072,eBay,266316796737,CRSF100WH+PHCH1PCTSRE,2,21.98,2026-08-07 12:31:25,no
1217073,eBay,266196360366,WCDCRR2PK+RPR44WH2PK,1,15.14,2026-08-07 12:31:25,no
1217074,eBay,162553025729,LDMA60E278WW5PK,1,6.49,2026-08-07 12:36:25,no
1217080,eBay,165199745268,12UK3P8A,1,13.89,2026-08-07 12:46:21,no
1217081,eBay,266707955061,WLRPE27BM2PK,4,133.16,2026-08-07 12:45:43,no
1217089,eBay,166885528526,CRSF100CH+LHNSE27CH+LSDO210BS,1,15.68,2026-08-07 13:07:10,no
1217098,eBay,316103816580,TPHTTN2PBRBM,1,15.10,2026-08-07 13:05:55,no
1217099,eBay,164601152506,CRSF100BM+LHNSE27YB+SCRN70BS+LSWD360BS,2,47.98,2026-08-07 13:07:10,no
1217108,eBay,164725952794,CRFF100BM+PHUP1PBRBM,4,40.64,2026-08-07 13:38:52,no
1217109,eBay,305704637557,LHC3E27WH,1,8.88,2026-08-07 13:31:24,no
1217115,eBay,267073162939,LDMST64B228,1,6.89,2026-08-07 13:42:04,no
1217116,eBay,162799417330,12IP2080,1,9.99,2026-08-07 13:44:23,no
1217120,eBay,164093426305,WCB7WH+RPR44WH,2,17.08,2026-08-07 13:54:20,no
1217126,eBay,164461085334,ENC587,1,45.88,2026-08-07 14:08:23,no
1217135,eBay,165180710022,RPM40WH5PK,1,6.99,2026-08-07 14:15:56,no
1217140,eBay,317870935135,PHSF1GDRFG,1,10.99,2026-08-07 14:21:35,no
1217145,eBay,305715611096,WCFWROCO2PK+RPR44WH2PK,1,18.89,2026-08-07 14:34:32,no
1217146,eBay,305715611096,WCFWROBM2PK+RPR44WH2PK,1,18.89,2026-08-07 14:34:32,no
1217154,eBay,267073162939,LDMG125E2783PK,1,20.77,2026-08-07 14:52:37,no
1217155,eBay,165199745268,12UK3P8A,1,13.89,2026-08-07 14:51:36,no
1217156,eBay,164761552376,CRSF100BM+LHTTE27BM+WCSCBM,1,16.12,2026-08-07 14:58:23,no
1217157,eBay,317317540898,LDMA60E274WW,1,6.89,2026-08-07 14:56:17,no
1217160,eBay,317858877392,WSIWCRGR+ICST64E27,1,30.04,2026-08-07 15:09:48,no
1217161,eBay,266190316971,CO1215ACLAPK,1,8.99,2026-08-07 15:06:33,no
1217163,eBay,267068731282,24IP6730,1,11.49,2026-08-07 15:08:40,no
1217178,eBay,162711487073,CL3TLB,4,15.15,2026-08-07 15:23:48,no
1217179,eBay,167488457060,CRSF2003WH+PHHT1PWRBT3PK+LSCP150BL3PK,1,35.39,2026-08-07 15:26:56,no
1217184,eBay,124989208126,LDMST64E278,1,8.89,2026-08-07 15:37:29,no
1217185,eBay,266827784713,PSHYOS4WRWH,1,12.12,2026-08-07 15:32:42,no
1217186,eBay,165709660426,PHSF1AGTGB+ICST64E27,1,13.89,2026-08-07 15:32:13,no
1217187,eBay,164935612760,CCORNWH24,1,7.29,2026-08-07 15:34:44,no
1217205,eBay,266196441440,PLHIBC+ICST64E275PK,1,53.10,2026-08-07 16:14:32,no
1217210,eBay,167833569765,WCCYSP160BM,1,12.89,2026-08-07 16:25:09,no
1217217,eBay,313970190834,BC3W80,1,5.99,2026-08-07 16:34:15,no
1217225,eBay,167943788384,CERU72450YE,1,10.78,2026-08-07 16:48:24,no
1217226,eBay,163693940389,CBSF145,1,5.49,2026-08-07 16:50:25,no
1217227,eBay,163693940389,CBSF110,1,5.09,2026-08-07 16:50:25,no
1217228,eBay,266263552527,LHAHE27GB,1,6.49,2026-08-07 16:41:15,no
1217245,eBay,267660184323,PSDS4RBM,2,24.22,2026-08-07 16:54:00,no
1217255,eBay,314230495895,PCBI300TP,4,18.32,2026-08-07 17:10:08,no
1217268,eBay,256939232422,LHCTOYB,1,6.99,2026-08-07 17:42:50,no
1217273,eBay,305682162344,LSMS320BT+RPR44WH,1,13.20,2026-08-07 17:59:25,no
1217287,eBay,267073162939,LDMT185B224,1,5.49,2026-08-07 18:13:57,no
1217295,eBay,267121715682,24IP6715,1,9.99,2026-08-07 18:38:53,no
1217299,eBay,162553025729,LDMG125B228,1,8.99,2026-08-07 18:46:30,no
1217300,eBay,166294101739,LHRFE27WH,1,5.19,2026-08-07 18:47:12,no
1217310,eBay,123085399158,CL2TGD,3,7.80,2026-08-07 18:56:27,no
1217316,eBay,164925289077,LDMG95B228,1,6.99,2026-08-07 19:01:46,no
1217317,eBay,256939232422,LHCTOFG,2,13.28,2026-08-07 19:04:10,no
1217318,eBay,267073162939,LDMST64E276,1,5.99,2026-08-07 19:02:46,no
1217324,eBay,162799417330,5IP2028,2,10.42,2026-08-07 19:19:38,no
1217326,eBay,317622134774,WCB4RR+RPR44WH,1,8.99,2026-08-07 19:17:30,no
1217335,eBay,266223215729,LSCY290GY+RPR44WH,2,23.10,2026-08-07 19:32:37,no
1217354,eBay,164797689636,LSCY210BS+RPR44WH,1,8.99,2026-08-07 20:12:48,no
1217355,eBay,306695180879,12IP6730,2,25.78,2026-08-07 20:16:57,no
1217367,eBay,168522561220,LSGL10014CL+RPM40WH,1,12.59,2026-08-07 20:25:49,no
1217368,eBay,266027916399,LHPVE27BM,1,4.99,2026-08-07 20:21:20,no
1217369,eBay,267573225233,LSGLCP120SY+RPM40WH,1,9.21,2026-08-07 20:25:54,no
1217375,eBay,317030316794,CL3TBT2PK,1,7.58,2026-08-07 20:39:03,no
1217379,eBay,254495395774,24IP20360,1,22.89,2026-08-07 20:41:01,no
1217385,eBay,255943163532,LHBHE27BA,2,11.18,2026-08-07 20:56:11,no
1217386,eBay,161801433078,LDSST64E274,1,9.99,2026-08-07 20:50:58,no
1217387,eBay,164841174279,WSFS1BMYB+SCRN70BM+LSFT220PI,1,16.89,2026-08-07 21:00:07,no
1217392,eBay,163715641938,SOTB1GTK,1,7.56,2026-08-07 21:09:37,no
1217401,eBay,164129396974,LSDO300BU+RPR44WH,1,9.99,2026-08-07 21:17:46,no
1217402,eBay,164129396974,LSDO300OR+RPR44WH,1,11.74,2026-08-07 21:17:46,no
1217403,eBay,164129396974,LSDO300CB+RPR44WH,1,11.74,2026-08-07 21:17:46,no
1217406,eBay,266190383294,LDMST64B224,1,6.29,2026-08-07 21:20:49,no
1217407,eBay,267073162939,LDMST64E274,1,6.49,2026-08-07 21:22:50,no
1217411,eBay,165168713807,LDMG80E274,1,5.49,2026-08-07 21:32:37,no
1217412,eBay,122989185800,LDMT185B224,1,8.89,2026-08-07 21:34:07,no
1217425,eBay,163146175899,12UK3P8A,1,14.39,2026-08-07 21:57:05,no
1217431,eBay,333479997084,CBSF110,1,8.01,2026-08-07 22:07:14,no
1217432,eBay,164525233292,LSCY290BL+RPR44WH,1,13.59,2026-08-07 22:17:22,no
1217436,eBay,304842053241,CCBKNWE3,15,100.69,2026-08-07 22:22:54,no
1217444,eBay,267073162939,LDMST64E274,1,6.49,2026-08-07 22:46:58,no
1217449,eBay,255943163532,LHSHE27CO,1,5.64,2026-08-07 22:58:14,no
1217450,eBay,266785504818,CL2TGL,1,3.89,2026-08-07 22:54:55,no
1217451,eBay,166294101739,LHRFE27BM2PK,1,7.89,2026-08-07 22:52:28,no
1217457,eBay,265660312613,PHSF1GYRCH+SCRN70CH+LSFT220CH,1,16.82,2026-08-07 23:15:29,no
1217458,eBay,164725952794,CRFF100CH+PHUP1PCRCH,1,10.99,2026-08-07 23:15:11,no
1217469,eBay,304785664684,PLADBM+LSDO210BG3PK,2,87.98,2026-08-08 00:09:00,no
1217470,eBay,267256572200,CRSF100BM+PHHN1PBRGD+LSDO210BG,6,95.34,2026-08-08 00:09:07,no
1217471,eBay,267256572200,CRSF2003BM+PHHN1PBRGD3PK+LSDO210BI3PK,1,35.89,2026-08-08 00:09:07,no
1217472,eBay,165367135071,CRSF100BM+WSLS155YB+LSDO210BI,7,104.51,2026-08-08 00:09:03,no
1217476,eBay,162799417330,5IP2050,1,8.49,2026-08-09 21:37:47,no
1217479,eBay,267527185215,TSLCQA20WH5PK,2,40.82,2026-08-08 01:26:07,no
1217480,eBay,163103895742,LDMT45B2242PK,1,8.49,2026-08-08 01:20:50,no
1217481,eBay,163103895742,LDMT45E2742PK,1,10.99,2026-08-08 01:20:50,no
1217485,eBay,266191601113,CRFF105YB,1,5.99,2026-08-08 03:38:45,no
1217493,eBay,305859110683,LSTF400BM+RPR44WH,3,43.98,2026-08-08 06:22:56,no
1217494,eBay,163017275623,CL3RBK3PK,1,7.89,2026-08-08 06:34:40,no
1217497,eBay,167058287410,LSGL9015WH2PK+RPM40WH2PK,1,15.10,2026-08-08 06:56:18,no
1217498,eBay,266190383294,LDMG95E2785PK,1,20.99,2026-08-08 07:08:48,no
1217501,eBay,167943434245,CL3TGD2PK,1,5.99,2026-08-08 07:30:07,no
1217513,eBay,162438144738,LDMG95B228,1,6.99,2026-08-08 08:05:59,no
1217514,eBay,162822568384,LDMT45E274,2,10.98,2026-08-08 08:04:32,no
1217515,eBay,162822568384,LDMST64E278,2,17.78,2026-08-08 08:04:32,no
1217519,eBay,166551357419,FCBSBA4PIGPK,1,11.89,2026-08-08 08:10:58,no
1217530,eBay,163225741603,CO1215ACL5PK,1,11.88,2026-08-08 08:41:11,no
1217543,eBay,266718896427,LSCY290BI+RPR44WH,1,12.12,2026-08-08 09:05:53,no
1217549,eBay,166598501724,RWWPSYBF50GY,1,12.78,2026-08-08 09:12:58,no
1217551,eBay,306981516085,FWS443BL,1,6.74,2026-08-08 09:19:33,no
1217559,eBay,164261730528,12BO48,1,14.89,2026-08-08 09:40:22,no
1217560,eBay,265825123126,LDSG125LOE274,1,7.99,2026-08-08 09:35:45,no
1217574,eBay,165524337174,CRSF100BM+PHHT1PBRBM+LSMS320GY,1,17.99,2026-08-08 10:04:15,no
1217585,eBay,267121715682,12IP6760,4,55.04,2026-08-08 10:29:01,no
1217591,eBay,167826149061,CRFF100BM+LHNSE27BM+ICST64E27,1,15.89,2026-08-08 10:42:13,no
1217598,eBay,164244059825,LHAHE27GB,2,10.42,2026-08-08 11:00:41,no
1217599,eBay,265749408081,CRFF108SN+LHTKE27SN,1,10.33,2026-08-08 11:06:42,no
1217603,eBay,304785656245,LSMS320GY+RPR44WH,1,13.65,2026-08-08 11:12:39,no
1217612,eBay,164942250673,CL3RBU,2,9.07,2026-08-08 11:30:51,no
1217615,eBay,167833569765,WCCYSP160BM2PK+RPR44WH2PK,1,22.89,2026-08-08 11:44:56,no
1217616,eBay,164261730528,12BO28,1,11.89,2026-08-08 11:47:41,no
1217617,eBay,304893223824,12RPIP454002,2,48.58,2026-08-08 11:43:04,no
1217618,eBay,304825180167,CRSF100BM+LHNSE27BM+SCRN70BA+LSTF40BM,1,17.89,2026-08-08 11:47:44,no
1217623,eBay,314145793295,CRFF500FG+PHMU1PBRFG3PK+LSDM220FG3PK,1,35.33,2026-08-08 11:55:32,no
1217641,eBay,254895005047,CRSF120CH,1,5.29,2026-08-08 12:16:30,no
1217650,eBay,266190316798,12MIP2025,1,4.99,2026-08-08 12:38:21,no
1217651,eBay,162975561793,CL3TGDAPK,1,20.88,2026-08-08 12:35:49,no
1217652,eBay,165843468468,CRSF108CH+WSAT105CH+ICST64E27,3,27.15,2026-08-08 12:37:16,no
1217653,eBay,167833569765,WCCYSP160BM,1,12.89,2026-08-08 12:39:53,no
1217660,eBay,165180710022,RPM40WH5PK,1,6.99,2026-08-08 12:41:39,no
1217661,eBay,165709660426,PHSF1BWTSN,1,10.99,2026-08-08 12:45:02,no
1217670,eBay,165709660426,PHSF2BMTBM,3,30.66,2026-08-08 12:54:32,no
1217676,eBay,164914367042,12IP2015,2,10.42,2026-08-08 13:03:51,no
1217688,eBay,267121715682,12IP6730,1,10.99,2026-08-08 13:19:39,no
1217690,eBay,304786539463,12IP2030,1,6.76,2026-08-08 13:16:04,no
1217698,eBay,166160156418,SPSDP3BM,1,5.09,2026-08-08 13:40:00,no
1217704,eBay,163693940389,CBSF85,2,11.38,2026-08-08 13:47:30,no
1217705,eBay,336211549039,RBCRSF2003CH,1,5.29,2026-08-08 13:47:47,no
1217709,eBay,162573603983,CO123ACL5PK,1,8.38,2026-08-08 13:55:02,no
1217714,eBay,165405860182,CL3TBU5PK,1,12.89,2026-08-08 14:06:20,no
1217715,eBay,165405860182,CL3TAG5PK,1,12.89,2026-08-08 14:06:20,no
1217716,eBay,165405860182,CL3TLB5PK,1,12.89,2026-08-08 14:06:20,no
1217720,eBay,165199745268,12UK3P10A,1,15.99,2026-08-08 14:17:27,no
1217721,eBay,267073162939,LDMG80E274,2,16.12,2026-08-08 14:15:45,no
1217724,eBay,317609587060,PSOS2WHBWH,1,8.99,2026-08-08 14:29:29,no
1217725,eBay,123799969824,NFCP72PK,1,5.89,2026-08-08 14:24:33,no
1217726,eBay,123799969824,NFDP8,1,5.89,2026-08-08 14:24:33,no
1217733,eBay,266188024005,CCBKNWE12,2,11.18,2026-08-08 14:37:27,no
1217743,eBay,304831204871,12IP6710,1,7.89,2026-08-08 14:46:53,no
1217744,eBay,314169932307,CRSF100BM+LHNSE27YB+SCRN70BM+LSFT220GS+ICST64E27,1,18.99,2026-08-08 14:41:16,no
1217745,eBay,317609587060,PSOS2WHBWH,1,8.99,2026-08-08 14:45:34,no
1217746,eBay,313970190792,PLTTRR+LSDO210RR+ICST64E27,1,21.38,2026-08-08 14:48:51,no
1217754,eBay,314558038121,CL2TBR,1,5.78,2026-08-08 14:54:41,no
1217755,eBay,266785504818,CL2TBK3PK,1,8.49,2026-08-08 14:55:29,no
1217756,eBay,266957628295,LDMST64E2783PK,1,21.00,2026-08-08 14:59:33,no
1217768,eBay,162543791353,12UK3P5A+SLW6,1,14.89,2026-08-08 15:20:09,no
1217772,eBay,163225741603,CO1230ACL5PK,1,8.08,2026-08-08 15:28:26,no
1217774,eBay,164004516812,LDMST64E2783PK,1,23.48,2026-08-08 15:32:15,no
1217775,eBay,266190305688,LHELB22GD,1,4.99,2026-08-08 15:35:43,no
1217791,eBay,164725952794,CRSF100WH+PHUP1PWRWH,1,10.99,2026-08-08 16:03:46,no
1217797,eBay,167729466959,WCDTBM+RPR44WH,1,10.89,2026-08-08 16:14:12,no
1217798,eBay,164608798388,CRSF100CO+LHNSE27CO+LSDO210BC+ICST64E27,2,37.78,2026-08-08 16:12:24,no
1217799,eBay,266190383294,LDMG95E278,1,7.19,2026-08-08 16:16:46,no
1217814,eBay,162553025729,LDMG95E278,1,7.49,2026-08-08 16:26:51,no
1217815,eBay,266190312796,WCBNBC+RPR44WH,1,8.45,2026-08-08 16:27:07,no
1217823,eBay,305682162344,LSFT220CO+RPR44WH,1,11.89,2026-08-08 16:48:28,no
1217831,eBay,253070126632,LHRTE27WH,1,5.89,2026-08-08 16:51:28,no
1217845,eBay,163844479887,PSOS4BMBBM,2,20.88,2026-08-08 17:16:24,no
1217854,eBay,163826763081,CRSF125YB+WSAT105YB,1,10.99,2026-08-08 17:27:23,no
1217868,eBay,267660184323,PSDS4RBM,3,35.94,2026-08-08 17:43:15,no
1217869,eBay,266196441440,PLHIBC+ICST64E275PK,1,56.11,2026-08-08 17:47:05,no
1217874,eBay,318462781248,TSKCBM,1,6.50,2026-08-08 17:53:57,no
1217875,eBay,164636015985,5IP20300,4,93.16,2026-08-08 17:51:16,no
1217883,eBay,314140504693,CRFF100BM+LHTTE27BM,1,8.89,2026-08-08 18:20:09,no
1217908,eBay,266043533105,SCRN70FG,1,2.73,2026-08-08 19:17:51,no
1217909,eBay,267073162939,LDMT45E2743PK,1,12.89,2026-08-08 19:19:56,no
1217910,eBay,165709660426,PHSF1BRTCO,3,30.66,2026-08-08 19:17:05,no
1217911,eBay,126572970053,PSDS2BMRBR+ICST64E27,1,16.89,2026-08-08 19:13:50,no
1217914,eBay,164169967297,WJB3,1,8.24,2026-08-08 19:26:29,no
1217916,eBay,164841174279,CRSF100BM+WSLS155YB+LSFT220BM+ICST64E27,4,64.40,2026-08-08 19:33:56,no
1217940,eBay,267073162939,LDMST64E2743PK,1,13.09,2026-08-08 20:22:22,no
1217947,eBay,313484742661,5IP20200,1,23.87,2026-08-08 20:37:28,no
1217951,eBay,315247428842,LHBRE27BM2PK+CGMLBM2PK,1,10.44,2026-08-08 20:43:29,no
1217960,eBay,265660313940,PLTTBS+ICST64E2740,2,37.74,2026-08-08 21:01:43,no
1217965,eBay,304809688000,CNP1000WH3PK,1,17.89,2026-08-08 21:18:40,no
1217966,eBay,335680620222,WCB4BB+RPR44WH,2,12.98,2026-08-08 21:16:24,no
1217967,eBay,162799417330,5IP2028,2,10.42,2026-08-08 21:16:01,no
1217974,eBay,165180710022,RPM40WH5PK,1,6.99,2026-08-08 21:35:23,no
1217981,eBay,162711487073,CL3TBR,1,5.88,2026-08-08 21:43:31,no
1217987,eBay,313970190878,CRSF108WH+HKR10WH,1,7.39,2026-08-08 22:15:38,no
1217995,eBay,267031698686,CNP1000GB,1,7.98,2026-08-08 22:04:31,no
1217996,eBay,318462781248,TSKCBM,1,6.50,2026-08-08 22:04:26,no
1217998,eBay,164279909548,PSDS2RGR,2,19.98,2026-08-08 22:07:16,no
1217999,eBay,164981814096,ENC338,2,41.74,2026-08-08 22:07:16,no
1218008,eBay,316829411637,CL2RWH,1,3.89,2026-08-08 22:15:38,no
1218018,eBay,254008668793,CRFF108BM2PK+HK10BM2PK,1,11.19,2026-08-08 22:40:02,no
1218019,eBay,318462781248,TSKCBM,1,21.39,2026-08-08 22:32:48,no
1218029,eBay,163820671950,WCWVBM+RPR44WH,1,9.99,2026-08-08 23:03:09,no
1218032,eBay,314148529895,12UK3P5A+CODCCR,1,13.88,2026-08-08 23:10:50,no
1218033,eBay,164679630756,ENC10217,2,39.68,2026-08-08 23:16:29,no
1218057,eBay,161782384942,12UK3P8A,1,13.85,2026-08-09 01:06:30,no
1218058,eBay,267073162939,LDMG80B224,1,5.49,2026-08-09 01:12:01,no
1218059,eBay,265660312592,LDMG95B228,2,13.28,2026-08-09 01:32:42,no
1218060,eBay,162700320214,CL3RBD5PK,1,10.99,2026-08-09 01:57:06,no
1218109,eBay,167801810699,LDCWGU1076PK,1,11.60,2026-08-09 05:42:01,no
1218110,eBay,265704575276,CRFF140GL+WSWH135BM+LSDO210BG+ICST64E27,1,18.70,2026-08-09 06:09:15,no
1218122,eBay,166160156418,SPSDP3BM,1,5.09,2026-08-09 07:44:05,no
1218125,eBay,265660310945,CRSF100BM+PHCH1BMRBM+LSSS300RE+ICST64E27,2,57.77,2026-08-09 07:58:43,no
1218133,eBay,163585361443,24IP6710,2,12.52,2026-08-09 08:17:25,no
1218147,eBay,305704637557,LHC1E27WH,1,8.98,2026-08-09 08:54:31,no
1218155,eBay,266112614815,ENC1237,1,48.90,2026-08-09 09:08:48,no
1218156,eBay,266112614815,ENC1235,1,20.06,2026-08-09 09:08:48,no
1218161,eBay,267073162939,LDMG80E274,1,8.49,2026-08-09 09:19:15,no
1218164,eBay,254774278446,WCDTWH+RPR44WH,3,30.36,2026-08-09 09:27:59,no
1218170,eBay,255943162108,LHBPE27BM3PK,2,17.62,2026-08-09 09:31:36,no
1218175,eBay,165412703587,LDMST64B2243PK,1,13.89,2026-08-09 09:56:42,no
1218176,eBay,164531556164,WCDCBC+RPR44WH,2,17.98,2026-08-09 09:56:42,no
1218177,eBay,266191636509,12IP6745,1,14.98,2026-08-09 09:56:06,no
1218189,eBay,163539760863,12RPIP45100,1,13.99,2026-08-09 10:05:16,no
1218190,eBay,336099866617,LSDO210BI+RPR44WH,1,9.89,2026-08-09 10:07:31,no
1218198,eBay,163181575288,LHBGE27BM,1,8.38,2026-08-09 10:19:43,no
1218205,eBay,162943564512,CNP1000GB2PK,1,10.99,2026-08-09 10:37:50,no
1218206,eBay,313614839666,CRSF100RO+LHNSE27RO+SCRN70RO+LSFT220RO,1,16.14,2026-08-09 10:31:28,no
1218213,eBay,163585361443,12IP6710,1,7.89,2026-08-09 10:43:25,no
1218223,eBay,164261730528,12BO100,1,18.99,2026-08-09 10:53:06,no
1218227,eBay,254615067143,PHSF1AGRGB+SCRN70GB+LSTF40GB,2,28.28,2026-08-09 11:01:57,no
1218235,eBay,164492030061,CL2TBR,1,5.49,2026-08-09 11:11:08,no
1218236,eBay,317609587060,PSOS4BMBBM,1,10.99,2026-08-09 11:14:04,no
1218242,eBay,165094836684,LHSHE27BN,1,5.49,2026-08-09 11:27:07,no
1218243,eBay,163311232011,CRSF108BM,12,59.28,2026-08-09 11:28:50,no
1218244,eBay,315746132611,LSEL400YE+RPR44WH,1,15.10,2026-08-09 11:25:19,no
1218249,eBay,162799417330,24IP2072,1,10.89,2026-08-09 11:37:41,no
1218250,eBay,306268793379,CL3THE3PK,1,9.89,2026-08-09 11:40:30,no
1218256,eBay,162799417330,24IP20120,1,14.89,2026-08-09 11:41:10,no
1218257,eBay,165561143431,LSCY290WH+RPR44WH,1,13.29,2026-08-09 11:46:33,no
1218274,eBay,335668310031,LSCY290CH+RPR44WH,1,12.63,2026-08-09 12:06:53,no
1218277,eBay,166598501724,RWWPSYAE25WH,1,8.88,2026-08-09 12:02:41,no
1218278,eBay,162553025729,LDMST64E2762PK,1,7.99,2026-08-09 12:05:59,no
1218279,eBay,165136827678,PHSF1BMRBY,2,22.58,2026-08-09 12:08:59,no
1218283,eBay,266785504818,CL2TBM2PK,1,5.49,2026-08-09 12:12:31,no
1218284,eBay,164861707488,ENC1529,1,31.89,2026-08-09 12:12:33,no
1218292,eBay,267527185215,TSLCQA15WH5PK,7,107.66,2026-08-09 12:22:41,no
1218293,eBay,123085399158,CL3RGY,1,2.99,2026-08-09 12:24:51,no
1218297,eBay,162898729481,LDMST64E274,2,10.42,2026-08-09 12:37:33,no
1218303,eBay,165316899445,CRSF108BM+WSST70BM,3,27.87,2026-08-09 12:46:04,no
1218304,eBay,163503674745,SCRN70GB2PK,1,7.88,2026-08-09 12:47:59,no
1218322,eBay,267213772077,12IP20120,1,13.20,2026-08-09 12:55:23,no
1218323,eBay,164492030061,CL3TBM,1,5.99,2026-08-09 12:54:22,no
1218324,eBay,164655986985,PHSF1PBR20WH+LSWE315BM+ICST64E27,1,21.89,2026-08-09 13:02:36,no
1218335,eBay,267213772077,24IP20360,1,22.89,2026-08-09 13:19:26,no
1218340,eBay,267659245801,LSGL15014CL+RPM40WH,4,35.60,2026-08-09 13:22:58,no
1218341,eBay,266742973079,CL3TGD3PK,1,8.99,2026-08-09 13:23:34,no
1218342,eBay,316836925753,CL2THE,2,8.82,2026-08-09 13:24:40,no
1218343,eBay,318462781248,TSKCBM,1,6.50,2026-08-09 13:27:11,no
1218346,eBay,316899744313,12BO48,1,15.29,2026-08-09 13:32:45,no
1218347,eBay,255943163532,LHBLE27SN,4,21.20,2026-08-09 13:35:08,no
1218348,eBay,161782384942,12UK3P1A,1,6.99,2026-08-09 13:37:49,no
1218349,eBay,267068731282,24IP6730,1,11.49,2026-08-09 13:36:59,no
1218357,eBay,266203464382,PHUH1HETBM+ICST64E2740,2,27.98,2026-08-09 13:42:55,no
1218364,eBay,254831755121,CL3TGD5PK,1,14.89,2026-08-09 13:54:57,no
1218365,eBay,167383323470,LSGLTNAR+RPM40WH,1,9.49,2026-08-09 13:56:05,no
1218375,eBay,164261730528,12BO48,1,14.89,2026-08-09 14:04:34,no
1218381,eBay,167833569765,WCCYSP160BM,1,12.89,2026-08-09 14:20:28,no
1218382,eBay,267405063500,LSSS300BG+RPR44WH,1,13.06,2026-08-09 14:19:50,no
1218397,eBay,315384745645,CRSF108BM2PK+WSAT105BM2PK,1,14.24,2026-08-09 14:25:29,no
1218398,eBay,313970190913,CCBKNWE25,1,8.69,2026-08-09 14:26:29,no
1218403,eBay,122989185800,LDMG95B224,1,5.98,2026-08-09 14:31:23,no
1218412,eBay,304866316390,ENC7450,1,21.89,2026-08-09 14:49:54,no
1218413,eBay,335861352403,CL2TGR,3,8.97,2026-08-09 14:49:57,no
1218414,eBay,313614825876,CRFF100BM,2,11.18,2026-08-09 14:41:28,no
1218416,eBay,168342310094,WCBTC100FG+RPR44WH,1,10.89,2026-08-09 14:43:40,no
1218417,eBay,163008902707,12IP6736,1,12.89,2026-08-09 14:45:46,no
1218438,eBay,313614825876,CRFF100YB,7,37.10,2026-08-09 15:28:43,no
1218440,eBay,162276028284,12IP6720,1,10.99,2026-08-09 15:23:53,no
1218448,eBay,164279909548,PSDS2RGR,1,9.99,2026-08-09 15:37:59,no
1218453,eBay,267068731282,24IP6715,1,10.99,2026-08-09 15:41:22,no
1218466,eBay,122989185800,LDMST64B224,2,9.66,2026-08-09 15:54:33,no
1218467,eBay,267068731282,12IP6715,1,7.89,2026-08-09 15:58:59,no
1218475,eBay,163909043637,12RPIP45100,1,13.89,2026-08-09 16:01:12,no
1218476,eBay,315384745645,CRSF108CO2PK+WSAT105CO2PK,1,15.19,2026-08-09 16:01:30,no
1218485,eBay,164531216300,LDMG125E278APK,1,52.78,2026-08-09 16:16:34,no
1218493,eBay,256005486252,HRE1428BM2PK,1,5.19,2026-08-09 16:22:43,no
1218497,eBay,166598283141,RWWPSY0640YE,1,5.49,2026-08-09 16:33:26,no
1218524,eBay,304826634562,PHSF2BRTCO,5,63.35,2026-08-09 17:12:07,no
1218525,eBay,164229457217,PLTTRR+LSFT220RR+ICST64E27,1,26.89,2026-08-09 17:12:24,no
1218526,eBay,165365087205,CRSF108FG+HK10FG,1,6.99,2026-08-09 17:19:36,no
1218533,eBay,163141938615,CL2RBK3PK,2,13.28,2026-08-09 17:25:26,no
1218534,eBay,304786539476,LSCY290BM+RPR44WH,1,15.67,2026-08-09 17:27:24,no
1218552,eBay,265697492879,CL3TAG,3,9.18,2026-08-09 17:55:35,no
1218556,eBay,266957628295,LDMST64E2786PK,1,25.99,2026-08-09 18:07:27,no
1218557,eBay,335680616357,LDMT45E274,1,5.89,2026-08-09 18:06:18,no
1218558,eBay,164743993324,CRSF100BM+WSCH135BM+LSDO210BM,4,53.60,2026-08-09 18:05:30,no
1218571,eBay,266190476182,12IP20200,1,21.89,2026-08-09 18:27:29,no
1218572,eBay,316870831969,24IP6736,1,11.49,2026-08-09 18:23:01,no
1218593,eBay,126330031599,TSLTRE,2,11.18,2026-08-09 18:48:50,no
1218595,eBay,266742973079,CL3TBM5PK,1,12.89,2026-08-09 18:58:50,no
1218597,eBay,166032301756,LHSHE27SN,1,5.49,2026-08-09 18:55:40,no
1218599,eBay,122807202383,SLW2,1,8.78,2026-08-09 18:59:41,no
1218614,eBay,267073162939,LDMST64B228,1,6.89,2026-08-09 19:14:07,no
1218615,eBay,164672130159,LSMS320GY+RPR44WH,2,22.58,2026-08-09 19:11:53,no
1218616,eBay,163957630326,PHTT1PBR3RR+LSWT300RR,1,21.84,2026-08-09 19:16:34,no
1218637,eBay,123806353961,CRSF100YB+WSST70YB,1,10.89,2026-08-09 19:53:37,no
1218645,eBay,304786539463,12IP2030,1,6.76,2026-08-09 20:04:19,no
1218654,eBay,163844479887,PSDS2BMB14BM,1,8.89,2026-08-09 20:16:22,no
1218655,eBay,314034241375,WSDM240BM,2,30.48,2026-08-09 20:13:00,no
1218660,eBay,165261757862,ENC2435,1,15.89,2026-08-09 20:22:14,no
1218662,eBay,266190312605,CL2TGD5PK,1,10.99,2026-08-09 20:28:04,no
1218666,eBay,163440200815,PSOS2YBRPB,1,10.99,2026-08-09 20:32:56,no
1218667,eBay,161782384942,12UK3P8A,10,124.60,2026-08-09 20:34:56,no
1218678,eBay,304826634562,PHSF1AGRGB,2,19.96,2026-08-09 20:44:31,no
1218679,eBay,265655117087,12IP6780,1,18.89,2026-08-09 20:45:36,no
1218680,eBay,164650149128,CL3RBM3PK,1,7.89,2026-08-09 20:40:46,no
1218704,eBay,306343542496,WCWVBM+RPR44WH,1,8.75,2026-08-09 21:18:55,no
1218717,eBay,162799417330,5IP2050,1,8.49,2026-08-09 21:37:47,yes
1218730,eBay,304786539476,LSCY290RE+RPR44WH,1,14.37,2026-08-09 21:56:20,no
1218731,eBay,267121715682,24IP67200,3,119.64,2026-08-09 21:59:31,no
1218732,eBay,313662757304,ENC1836,1,22.22,2026-08-09 21:51:15,no
1218743,eBay,267405063500,LSMS320BG+RPR44WH,1,14.00,2026-08-09 22:15:10,no
1218747,eBay,317979913894,SPPGUK3PTR6PK,1,14.95,2026-08-09 22:21:25,no
1218753,eBay,314434838851,ENC2449,1,20.89,2026-08-09 22:35:47,no
1218758,eBay,167857142024,LSTF400GR2PK+RPR44WH2PK,1,26.99,2026-08-09 22:49:33,no
1218759,eBay,304786411657,PHSF2BRTCO,9,87.75,2026-08-09 22:43:16,no
1218764,eBay,165902994694,LDMST64E2782PK,1,10.99,2026-08-09 22:57:41,no
1218775,eBay,265220728079,CCORNWH24,1,5.99,2026-08-09 23:32:24,no
1218778,eBay,317979913894,SPPGUK3PTR4PK,1,12.00,2026-08-09 23:43:48,no
1218797,eBay,267073162939,LDMST64E2745PK,1,19.89,2026-08-10 01:47:53,no
1218799,eBay,162553025729,LDMST64E274,1,5.49,2026-08-10 02:11:24,no
1218803,eBay,305715611096,WCFWROBM+RPR44WH,1,10.89,2026-08-10 04:09:32,no
1218832,eBay,256634898505,LDMG95E2742PK,1,8.99,2026-08-10 05:50:57,no
1218836,eBay,266901660057,WCB1BM2PK+RPR44WH2PK,1,13.61,2026-08-10 06:25:58,no
1218837,eBay,162308961886,12IP6760,1,16.98,2026-08-10 06:20:33,no
1218845,eBay,317893808620,TPOSBDBM,1,20.80,2026-08-10 06:59:06,no
1218854,eBay,304786539493,CRSF100OR+WSCH135OR+LSDO210OR+ICST64E27,1,22.78,2026-08-10 07:23:08,no
1218857,eBay,304949367335,LSWE315BU,1,11.99,2026-08-10 07:34:12,no
1218858,eBay,166715388589,RBLSWE315CB,1,9.39,2026-08-10 07:32:47,no
1218869,eBay,162562112782,24IP20360,1,22.89,2026-08-10 08:08:09,no
1218874,eBay,317870935135,LHSHE27CH,1,5.99,2026-08-10 08:29:02,no
1218875,eBay,163441967260,CRFF108CO+WSSS70CO+SCRN70CO,4,34.56,2026-08-10 08:27:45,no
1218877,eBay,162799417330,12IP2024,1,6.99,2026-08-10 08:27:36,no
1218878,eBay,266707955061,WLRPE27BM,1,17.77,2026-08-10 08:24:51,no
1218879,eBay,304786539522,PHSF1BWRSN,2,22.34,2026-08-10 08:26:45,no
1218884,eBay,161782384942,12UK3P5A,1,13.89,2026-08-10 08:33:24,no
1218885,eBay,162886370381,CRFF108CH+HK10CH,2,13.28,2026-08-10 08:46:48,no
1218897,eBay,162553025729,LDMT45E2745PK,1,15.89,2026-08-10 09:11:16,no
1218908,eBay,265696941002,12BO18,3,24.78,2026-08-10 09:46:09,no
1218939,eBay,162529601899,LDMC35E142,1,5.29,2026-08-10 10:58:39,no
1218944,eBay,124068128053,LHBPE27BM,1,5.09,2026-08-10 11:08:38,no
1218958,eBay,304823964938,LHBRE14BM,1,9.38,2026-08-10 11:28:12,no
1218966,eBay,126582335294,CRFF140BM,1,5.70,2026-08-10 11:43:30,no
1218968,eBay,256004417601,CCBKNWE36,2,17.08,2026-08-10 11:49:21,no
1218975,eBay,166839718006,5IP20200,1,18.79,2026-08-10 11:52:08,no
1218976,eBay,163205266658,CCBKNWE5,2,9.66,2026-08-10 11:57:54,no
1218987,eBay,163975346117,CRFF500BM+PHNW1RBM3PK,1,37.49,2026-08-10 12:01:42,no
1218988,eBay,163975346117,CRSF2003BM+PHNW1RBM3PK,1,37.37,2026-08-10 12:01:42,no
1218996,eBay,162543791353,SLW42PK,1,7.38,2026-08-10 12:14:08,no
1218997,eBay,163138469118,LHBRE27BM+CGMLBM,1,5.49,2026-08-10 12:16:16,no
1219003,eBay,166160156418,SPSDP3WH,1,5.09,2026-08-10 12:22:40,no
1219004,eBay,164942250673,CL3RBU,3,8.97,2026-08-10 12:25:04,no
1219005,eBay,164942250673,CL3RAG,2,5.98,2026-08-10 12:25:04,no
1219006,eBay,122882704305,WJCYEEWH3PK,1,7.89,2026-08-10 12:21:31,no
1219011,eBay,256939232422,LHCTOSN,2,13.28,2026-08-10 12:37:16,no
1219012,eBay,162886370381,CRFF108CH+HK10CH,1,6.99,2026-08-10 12:36:24,no
1219013,eBay,267073162939,LDMST64E2765PK,1,19.45,2026-08-10 12:36:20,no
1219015,eBay,166408159134,WCFWROCO+RPR44WH,1,10.99,2026-08-10 12:47:28,no
1219017,eBay,318462781248,TSKCBM,1,6.50,2026-08-10 12:43:28,no
1219023,eBay,163693940389,CBSF95,1,5.09,2026-08-10 12:57:57,no
1219024,eBay,167826149061,CRFF100BM+LHNSE27BM+ICST64E27,1,15.89,2026-08-10 12:58:41,no
1219025,eBay,267213772077,12IP20602PK,1,17.66,2026-08-10 12:54:27,no
1219033,eBay,166595263079,CENU25200BM,1,6.99,2026-08-10 13:03:38,no
1219036,eBay,167833569765,WCCYSP160BM2PK+RPR44WH2PK,1,22.89,2026-08-10 13:15:13,no
1219039,eBay,165397658552,CRSF100CO+CL3TGD+LHSHE27CO,2,19.54,2026-08-10 13:29:45,no
1219041,eBay,267073162939,LDMST64B2283PK,1,15.49,2026-08-10 13:27:58,no
1219049,eBay,164725952794,CRFF100BM+PHUP1PBRBM,2,21.44,2026-08-10 13:37:05,no
1219059,eBay,162975561793,CL3THE,1,5.78,2026-08-10 13:41:05,no
1219060,eBay,163225741603,CO1215ACL,1,8.38,2026-08-10 13:45:27,no
1219061,eBay,162975561793,CL3THEAPK,1,20.78,2026-08-10 13:50:33,no
1219062,eBay,254838151418,CL3RWH,1,2.99,2026-08-10 13:50:46,no
1219075,eBay,267073162939,LDMST64E278APK,2,98.58,2026-08-10 14:01:05,no
1219081,eBay,314902896463,CRSF100BM+LHNSE27YB+SCRN70BM+LSFT220GS+ICST64E27,2,38.30,2026-08-10 14:16:06,no
1219082,eBay,267527185215,TSLCQA15WH,1,5.99,2026-08-10 14:16:08,no
1219086,eBay,315746132611,LSEL400GR+RPR44WH,1,15.10,2026-08-10 14:26:29,no
1219087,eBay,164176156205,WLFS220BM,6,80.94,2026-08-10 14:27:58,no
1219088,eBay,162822568384,LDST185E274,1,5.49,2026-08-10 14:26:36,no
1219089,eBay,306343542496,WCWVBM+RPR44WH,1,8.75,2026-08-10 14:27:15,no
1219090,eBay,304786539440,LSMS320NB+RPR44WH,1,12.49,2026-08-10 14:30:48,no
1219107,eBay,266161650500,LDST185E274,1,9.99,2026-08-10 14:46:36,no
1219108,eBay,266161650500,LDMG80E274,1,8.49,2026-08-10 14:46:36,no
1219109,eBay,266161650500,LDMG95E274,1,6.99,2026-08-10 14:46:36,no
1219110,eBay,266161650500,LDMST64E278,1,8.89,2026-08-10 14:46:36,no
1219111,eBay,266161650500,LDST45E274,1,8.49,2026-08-10 14:46:36,no
1219112,eBay,266161650500,LDSG125MUE274,1,11.49,2026-08-10 14:46:36,no
1219113,eBay,164725952794,CRSF100GB+PHUP1PBRGB,2,20.88,2026-08-10 14:43:14,no
1219118,eBay,267121715682,12IP6710,1,6.69,2026-08-10 14:55:25,no
1219119,eBay,304786539463,12IP2012,1,5.61,2026-08-10 14:54:53,no
1219121,eBay,317979913894,SPPGUK3PWH4PK,1,11.62,2026-08-10 15:10:31,no
1219128,eBay,164525233292,LSDO300YE+RPR44WH,1,9.99,2026-08-10 15:18:07,no
1219137,eBay,304899703591,CRSF100BM+PHOP1PBRBM+LSCY290BC,2,37.98,2026-08-10 15:28:15,no
1219138,eBay,164914367042,24IP2072,1,10.89,2026-08-10 15:28:33,no
1219139,eBay,267527198715,TSLCQA20WH,1,6.49,2026-08-10 15:22:25,no
1219146,eBay,266197990715,12IP6715,5,35.50,2026-08-10 15:31:23,no
1219147,eBay,164279909548,PSDS2RGR,1,9.99,2026-08-10 15:36:25,no
1219148,eBay,164018856168,12IP20600,1,41.77,2026-08-10 15:35:24,no
1219163,eBay,165902994694,LDMST64E276,1,5.49,2026-08-10 15:55:31,no
1219165,eBay,266785504818,CL2TBMAPK,1,23.99,2026-08-10 15:51:36,no
1219177,eBay,163044671557,LDMG80B224,1,5.49,2026-08-10 16:18:58,no
1219178,eBay,164080607921,LDMST64E2766PK,1,23.89,2026-08-10 16:20:03,no
1219185,eBay,254886123331,CRSF100WH,2,11.18,2026-08-10 16:26:47,no
1219187,eBay,167833569765,WCCYSP160BM,1,12.89,2026-08-10 16:24:05,no
1219195,eBay,305682162344,LSMS320BI+RPR44WH,2,27.54,2026-08-10 16:35:47,no
1219196,eBay,167769755741,LHCTOSN,3,36.76,2026-08-10 16:31:51,no
1219197,eBay,163740897330,CL2RBM3PK,2,15.18,2026-08-10 16:35:01,no
1219210,eBay,265660312527,PSDS2RBR,1,10.24,2026-08-10 17:00:56,no
1219212,eBay,126424948431,SWV103GTG,3,19.20,2026-08-10 16:54:39,no
1219238,eBay,163225741603,CO125ACLAPK,1,13.18,2026-08-10 17:40:31,no
1219239,eBay,304785682105,CRSF100SN+PHBK1PCRSN,3,30.16,2026-08-10 17:35:36,no
1219256,eBay,166408159134,WCFWROBM2PK+RPR44WH2PK,1,18.88,2026-08-10 17:45:22,no
1219262,eBay,163740897006,CL3TLB,2,6.24,2026-08-10 17:52:04,no
1219263,eBay,266742973079,CL3TGD3PK,1,8.99,2026-08-10 17:55:03,no
1219267,eBay,162702901154,CL2TRE,2,9.45,2026-08-10 18:05:48,no
1219274,eBay,164725952794,CRFF100CO+PHUP1PBRCO,3,25.08,2026-08-10 18:19:45,no
1219275,eBay,266263854576,CRFF4503BM+WCRNBM3PK,1,36.56,2026-08-10 18:19:39,no
1219285,eBay,266196441737,CBSF120,1,5.49,2026-08-10 18:24:00,no
1219299,eBay,127362491738,CRSF100BM+LHTTE27BM,2,13.84,2026-08-10 18:46:23,no
1219300,eBay,165709660426,PHSF1BRTCO+ICST64E27,6,71.70,2026-08-10 18:43:14,no
1219301,eBay,165902994694,LDMG125E2782PK,1,14.89,2026-08-10 18:49:03,no
1219303,eBay,304963286889,CRSF100WH+PHUP1PWRWH,2,17.78,2026-08-10 18:48:59,no
1219308,eBay,335460631392,CODL632AGY5PK,1,11.78,2026-08-10 18:59:13,no
1219322,eBay,162553025729,LDMT45E2743PK,1,11.89,2026-08-10 19:01:33,no
1219323,eBay,166234023813,LHPVE27BM,1,5.99,2026-08-10 19:09:42,no
1219330,eBay,267660184323,PSDS4RBR,1,12.89,2026-08-10 19:15:07,no
1219331,eBay,267660184323,PSDS4RGD,1,12.89,2026-08-10 19:15:07,no
1219332,eBay,267660184323,PSDS4RBL,1,12.89,2026-08-10 19:15:07,no
1219345,eBay,122241208315,CL3RLG,1,2.60,2026-08-10 19:26:04,no
1219350,eBay,254522674098,WCB6BS+RPR44WH,2,15.74,2026-08-10 19:37:30,no
1219351,eBay,123770992315,LHSHE27WH,1,5.19,2026-08-10 19:35:05,no
1219369,eBay,304786539561,PLWLBB+ICST64E2740,1,19.89,2026-08-10 20:01:55,no
1219385,eBay,306348377837,5IP20100,1,13.84,2026-08-10 20:39:16,no
1219386,eBay,266191598261,CL3TREAPK,1,23.59,2026-08-10 20:38:34,no
1219392,eBay,163976474157,WCFSBCBM+ICST64E273PK,1,39.89,2026-08-10 20:46:01,no
1219403,eBay,266742973079,CL3TLB3PK,1,7.99,2026-08-10 20:53:45,no
1219426,eBay,166307179930,LSMCSPSQMC+RPM40WH,1,17.89,2026-08-10 21:36:24,no
1219428,eBay,266190383294,LDMG95B2283PK,1,15.29,2026-08-10 21:38:46,no
1219432,eBay,164503113377,PHCD1PBRBM+LSTM310BM+ICST64E27,3,75.00,2026-08-10 21:45:12,no
1219433,eBay,267121715682,12IP6710,1,6.69,2026-08-10 21:42:07,no
1219434,eBay,306348377837,24IP20360,1,22.89,2026-08-10 21:42:12,no
1219445,eBay,306364873239,RWWPSY0640YE2PK,1,12.18,2026-08-10 22:02:46,no
1219463,eBay,126168333172,LDLIE27BO8,1,7.89,2026-08-10 22:35:15,no
1219465,eBay,267121715682,12IP6710,1,6.69,2026-08-10 22:49:52,no
1219469,eBay,305715611096,WCFWROBM2PK+RPR44WH2PK,1,18.89,2026-08-10 22:52:39,no
1219471,eBay,266742973079,CL3TGD3PK,1,8.99,2026-08-10 23:05:43,no
1219473,eBay,315379102143,LDMG95B228,1,9.88,2026-08-10 23:07:44,no
1219480,eBay,166598501724,RWWPSYAE50WH,1,12.78,2026-08-10 23:31:13,no
1219496,eBay,123044400644,CL2TBT2PK,1,4.74,2026-08-11 01:06:13,no
1219549,eBay,267576349464,LHXWPE27PPWH,1,7.19,2026-08-11 06:23:18,no
1219558,eBay,124021629998,CRSF1203FG,1,6.23,2026-08-11 07:17:44,no
1219559,eBay,123085399158,CL3RBR,1,2.99,2026-08-11 07:17:44,no
1219560,eBay,164725952794,CRFF100CO+PHUP1PBRCO,2,17.08,2026-08-11 07:29:09,no
1219563,eBay,162725256149,12IP67150,2,42.72,2026-08-11 07:31:28,no
1219564,eBay,167517548283,LHTOE27YB,1,7.09,2026-08-11 07:40:45,no
1219565,eBay,313970190857,CRFF140RR,1,5.09,2026-08-11 07:47:32,no
1219573,eBay,255943163476,12BO72,1,16.29,2026-08-11 07:50:44,no
1219577,eBay,164852500056,CRSF100BM+PHSQ1PBRYB+LSCY290BM+ICST64E27,2,41.78,2026-08-11 08:07:20,no
1219580,eBay,317609587060,PSOS2BBM,1,8.99,2026-08-11 08:29:25,no
1219584,eBay,304866316390,CRSF100BM+LHNSE27BM+SCRN70BM+LSTF40BC,2,30.98,2026-08-11 08:32:14,no
1219585,eBay,265660307012,WCB2BM+RPR44WH,1,7.98,2026-08-11 08:39:28,no
1219594,eBay,315785552941,LSTF400GR+RPR44WH,1,14.15,2026-08-11 08:51:50,no
1219595,eBay,305578042753,LSBS160CB,1,11.67,2026-08-11 08:58:15,no
1219599,eBay,163434903826,LHSHE27YB,2,10.42,2026-08-11 09:05:24,no
1219605,eBay,164877057354,12IP20200,1,20.75,2026-08-11 09:14:18,no
1219611,eBay,167027289851,CNP1000CH,1,7.99,2026-08-11 09:26:21,no
1219613,eBay,167833569765,WCCYSP160WH,1,12.89,2026-08-11 09:37:20,no
1219614,eBay,305682162344,LSDO210WH+RPR44WH,2,21.34,2026-08-11 09:34:23,no
1219619,eBay,257252864018,RBCRSF2003BM,1,5.29,2026-08-11 09:50:15,no
1219624,eBay,314098356082,12RPIP4560,1,11.39,2026-08-11 09:54:40,no
1219643,eBay,163225741603,CO1260ACL,1,13.99,2026-08-11 10:48:18,no
1219649,eBay,317592901870,TSLCQA20WH3PK+TSWGQBRE2PK,2,37.98,2026-08-11 10:58:40,no
1219659,eBay,256939232422,LHCTOYB,1,6.99,2026-08-11 11:37:16,no
1219696,eBay,335742993013,LDMST64E274APK,1,35.89,2026-08-11 12:07:50,no
1219697,eBay,314104891495,PLPYBC,4,57.20,2026-08-11 12:07:55,no
1219698,eBay,305682162344,LSDO300BM+RPR44WH,1,13.89,2026-08-11 12:09:28,no
1219702,eBay,164030749672,CL2RHE,3,11.93,2026-08-11 12:18:59,no
1219710,eBay,162438147566,LDMG95E274,1,6.89,2026-08-11 12:23:01,no
1219721,eBay,167403486899,LDSG95DIE274,1,6.99,2026-08-11 12:30:43,no
1219723,eBay,162562112782,24IP20200,1,19.99,2026-08-11 12:34:32,no
1219739,eBay,336594283994,CRSF108BM+RBWSST70BM+LDMST64E274,3,32.97,2026-08-11 13:01:18,no
1219740,eBay,163820671950,WCWYBM,3,23.67,2026-08-11 13:01:22,no
1219744,eBay,163441967260,CRFF108CO+WSSS70CO+SCRN70CO,6,51.84,2026-08-11 13:13:05,no
1219751,eBay,266191629427,CL2RBM,2,5.48,2026-08-11 13:26:47,no
1219759,eBay,256068405228,CRSF100BM+WSST70BM+LSOL180BG,2,30.00,2026-08-11 13:40:53,no
1219760,eBay,266718896427,LSCY290BI2PK+RPR44WH2PK,1,23.40,2026-08-11 13:31:42,no
1219761,eBay,266194915286,CRFF108GB+HK10GB,1,5.99,2026-08-11 13:40:58,no
1219788,eBay,335752557518,SPSDP2YB,1,6.49,2026-08-11 13:51:14,no
1219812,eBay,164925289077,LDMG95E2745PK,1,19.89,2026-08-11 14:22:05,no
1219813,eBay,164636015985,24IP20360,1,22.95,2026-08-11 14:29:01,no
1219817,eBay,163871700144,WSDM240BM+WCBNBM2PK,4,78.08,2026-08-11 14:33:49,no
1219818,eBay,165422275157,ENC3285,1,44.01,2026-08-11 14:39:44,no
1219823,eBay,164129396974,LSDO300OR+RPR44WH,1,11.74,2026-08-11 14:48:05,no
1219830,eBay,163844479887,PSOS2BMBBM,2,18.98,2026-08-11 15:01:34,no
1219831,eBay,164261730528,12BO18,1,8.89,2026-08-11 15:08:12,no
1219840,eBay,162543791353,12UK3P5A+SLW6,1,14.89,2026-08-11 15:21:48,no
1219845,eBay,162521807359,CO1260ACL5PK,1,8.99,2026-08-11 15:41:34,no
1219846,eBay,256498242864,12IP6715,1,6.69,2026-08-11 15:45:46,no
1219863,eBay,164261730528,12BO18,1,8.89,2026-08-11 16:01:38,no
1219864,eBay,164492030061,CL2TBM,1,5.49,2026-08-11 16:10:35,no
1219865,eBay,164492030061,CL2TIV,1,5.19,2026-08-11 16:10:35,no
1219866,eBay,123112929906,CL2TGD,1,3.89,2026-08-11 16:10:00,no
1219868,eBay,167943788384,CERU36300YE,1,5.58,2026-08-11 16:11:08,no
1219875,eBay,313614825876,CRFF100CH,1,5.89,2026-08-11 16:31:12,no
1219884,eBay,266190416116,CL2TRW5PK,1,8.99,2026-08-11 16:45:13,no
1219885,eBay,166220295931,CRSF100BM+WSHR135BM+LSFT220GY+ICST64E27,1,20.89,2026-08-11 16:44:50,no
1219886,eBay,166849248974,PHSF1BWRSN,3,35.67,2026-08-11 16:46:35,no
1219893,eBay,313978289239,CRFF500BM+LHNDE27BM2PK+LHNSE27BM+LSFT220BS3PK,1,34.67,2026-08-11 16:59:41,no
1219894,eBay,304786539440,LSMS320BG+RPR44WH,1,14.99,2026-08-11 16:59:42,no
1219895,eBay,306348377837,12IP2080,1,11.49,2026-08-11 16:59:46,no
1219896,eBay,267073162939,LDMST64B224,1,5.99,2026-08-11 16:52:19,no
1219902,eBay,317317540898,LDMA60E274WW,1,6.89,2026-08-11 17:06:53,no
1219910,eBay,314555942222,CRSF100BM+PHSH1PBRYB+WCWDBM+ICST64E27,1,18.42,2026-08-11 17:24:55,no
1219913,eBay,266111012130,ENC4344,2,44.90,2026-08-11 17:39:02,no
1219915,eBay,164942250673,CL2TBP,2,9.07,2026-08-11 17:32:28,no
1219917,eBay,317030316794,CL3TGY5PK,1,15.88,2026-08-11 17:35:43,no
1219918,eBay,333813672429,CL3THE5PK,1,12.78,2026-08-11 17:37:08,no
1219925,eBay,266043533105,SCRN70BB,1,2.73,2026-08-11 17:44:35,no
1219926,eBay,165573990266,LSCP150YE+RPR44WH,1,9.49,2026-08-11 17:43:06,no
1219934,eBay,316995608541,HLSC128BM,1,5.79,2026-08-11 17:52:13,no
1219951,eBay,317979913894,SPPGUK3PWH4PK,1,11.53,2026-08-11 18:25:53,no
1219959,eBay,305541421379,CL2RLB4PK,1,9.97,2026-08-11 18:33:26,no
1219968,eBay,165561143431,LSCY290GY+RPR44WH,1,13.29,2026-08-11 19:05:36,no
1219969,eBay,164071119364,LHSHE27GB3PK,1,13.89,2026-08-11 19:05:03,no
1219971,eBay,163705953858,WSFS1BMYB+SCRN70BM+LSUL220BM+SCRN70BM+LSUL220BM,1,15.89,2026-08-11 19:07:19,no
1219972,eBay,317637026250,RWWPSY10160YE,1,13.38,2026-08-11 19:08:03,no
1219984,eBay,267121715682,24IP67120,1,22.79,2026-08-11 19:26:30,no
1219992,eBay,306346497067,LSHQ150GY+RPR44WH,1,11.88,2026-08-11 19:54:21,no
1219993,eBay,164960813210,LSTF40BS+RPR44WH,5,29.20,2026-08-11 19:56:36,no
1220008,eBay,163696629943,ENC1824,1,26.79,2026-08-11 20:17:42,no
1220015,eBay,165308552900,CRFF100YB,1,5.49,2026-08-11 20:30:46,no
1220016,eBay,162823715743,ENC10313,3,49.62,2026-08-11 20:34:40,no
1220017,eBay,165989168953,CRSF100WH+WSLS155WH,2,19.98,2026-08-11 20:38:56,no
1220018,eBay,168522561220,LSGL10014CL+RPM40WH,2,25.18,2026-08-11 20:38:56,no
1220019,eBay,165405860182,CL3TGD5PK,1,13.89,2026-08-11 20:38:29,no
1220020,eBay,306379311015,WCSPROBM2PK+RPR44WH2PK,1,45.39,2026-08-11 20:36:47,no
1220028,eBay,164080607921,LDMST64E2746PK,2,34.18,2026-08-11 20:57:04,no
1220040,eBay,316809248747,CL2TRO,4,14.40,2026-08-11 21:12:36,no
1220041,eBay,164971167027,24IP2024,1,6.99,2026-08-11 21:15:08,no
1220043,eBay,335752557518,SPSDP2YB,1,6.49,2026-08-11 21:23:30,no
1220044,eBay,164925289077,LDMST64B224,2,13.98,2026-08-11 21:23:52,no
1220045,eBay,164925289077,LDMT45E274,2,10.98,2026-08-11 21:23:52,no
1220046,eBay,267073162939,LDMT45E274,1,5.99,2026-08-11 21:21:44,no
1220047,eBay,267121715682,12IP67120OL2,1,25.88,2026-08-11 21:30:22,no
1220058,eBay,161782384942,12UK3P5A,1,13.89,2026-08-11 21:46:11,no
1220061,eBay,304786539476,LSCY290GR+RPR44WH,1,14.89,2026-08-11 21:57:39,no
1220062,eBay,266188024452,12UK3P8A,3,41.52,2026-08-11 21:53:03,no
1220065,eBay,162553025729,LDMG95E2785PK,1,29.89,2026-08-11 22:09:44,no
1220081,eBay,315379102143,LDMST64E274,3,22.89,2026-08-11 22:38:20,no
1220084,eBay,306172842803,PLHIBM+ICST64E275PK,2,119.98,2026-08-11 22:49:50,no
1220085,eBay,166905025450,ENC4409,1,20.78,2026-08-11 22:42:04,no
1220090,eBay,267038390681,CCBKNWE36,2,17.08,2026-08-11 22:57:36,no
1220093,eBay,123112929906,CL2TGY,1,3.89,2026-08-11 23:11:53,no
1220099,eBay,267073162939,LDMT45E2743PK,1,12.89,2026-08-11 23:38:35,no
1220129,eBay,163957630326,PHTT1PBR3BM+LSWT300BM+ICST64E27603PK,1,27.74,2026-08-12 04:20:44,no
1220133,eBay,266203578347,LHBPE27BM3PK,1,8.99,2026-08-12 05:00:35,no
1220148,eBay,166247756622,WLRPE27BM,1,18.90,2026-08-12 05:25:06,no
1220150,eBay,267699625408,LSGLULAR+RPM40WH,1,15.68,2026-08-12 05:31:37,no
1220171,eBay,255943163498,12IP2060,2,20.68,2026-08-12 07:32:04,no
1220172,eBay,163336375519,HLHG120CHAPK,1,12.89,2026-08-12 07:46:04,no
1220180,eBay,164725952794,CRFF100BM+PHUP1PBRBM,2,21.44,2026-08-12 07:59:12,no
1220183,eBay,165561143431,LSCY290NB+RPR44WH,1,13.29,2026-08-12 08:10:12,no
1220188,eBay,163434932392,LHSHE27GB,3,15.30,2026-08-12 08:13:39,no
1220189,eBay,167058921348,PCBM20DS5PK,1,10.29,2026-08-12 08:15:20,no
1220190,eBay,313614825863,CRSF1203BM,1,6.99,2026-08-12 08:13:35,no
1220193,eBay,168403853502,ENC9103,3,62.67,2026-08-12 08:21:57,no
1220212,eBay,123015211066,CL2TBM,3,8.04,2026-08-12 09:19:52,no
1220213,eBay,165201467647,12IP20480,1,30.79,2026-08-12 09:16:48,no
1220216,eBay,267668468006,LSGL9015CL2PK+RPM40WH2PK,1,11.18,2026-08-12 09:21:07,no
1220219,eBay,167943788384,CERU36150YE,1,4.38,2026-08-12 09:40:25,no
1220224,eBay,165405860182,CL2TLB5PK,1,10.99,2026-08-12 09:50:46,no
1220225,eBay,316981345124,LSFT220WH+RPR44WH,1,9.49,2026-08-12 09:41:02,no
1220226,eBay,313487928265,LSSS300GR+RPR44WH,2,25.84,2026-08-12 09:51:04,no
1220234,eBay,165397658552,CRSF100WH+CL3TWH+LHSHE27WH,1,10.29,2026-08-12 09:53:50,no
1220237,eBay,123085399158,CL3TBR,1,3.19,2026-08-12 10:06:00,no
1220238,eBay,167943434245,CL3TGD2PK,1,5.99,2026-08-12 10:15:37,no
1220239,eBay,305682162344,LSCY290GY+RPR44WH,1,13.89,2026-08-12 10:19:46,no
1220240,eBay,316836925753,CL3TBR,2,9.20,2026-08-12 10:15:06,no
1220251,eBay,265220728079,CCORNWH24,1,5.99,2026-08-12 10:33:52,no
1220261,eBay,313538502770,CRSF100SN+LHNSE27SN+SCRN70SN+LSOL220SN,1,14.87,2026-08-12 10:47:19,no
1220267,eBay,163975346117,ENC641,1,35.59,2026-08-12 10:59:23,no
1220270,eBay,162824277222,CRSF100BM+PHSQ1PBRYB+LSSS300BM+ICST64E27,1,18.99,2026-08-12 11:02:59,no
1220279,eBay,334541303582,PSDS2RRO,1,9.76,2026-08-12 11:23:15,no
1220283,eBay,163834239332,CRSF100RO+LHNSE27RO+SCRN70RO+LSFT220RO,3,52.68,2026-08-12 11:37:35,no
1220284,eBay,162553025729,LDMST64E2745PK,1,19.89,2026-08-12 11:38:01,no
1220293,eBay,123044400644,CL2TRO2PK,1,4.54,2026-08-12 11:50:37,no
1220294,eBay,164650149128,CL3RRS3PK,1,8.99,2026-08-12 11:44:58,no
1220295,eBay,163872938838,CRSF108BM+LHTTE27BM,2,17.08,2026-08-12 11:47:50,no
1220316,eBay,267400447839,LSMS320BI+RPR44WH,4,50.00,2026-08-12 12:21:57,no
1220317,eBay,315704860026,LSDO300BI+RPR44WH,1,11.89,2026-08-12 12:23:51,no
1220326,eBay,164725952794,CRFF100CO+PHUP1PBRCO,3,25.08,2026-08-12 12:38:11,no
1220327,eBay,266190316916,CL2RBM5PK,1,10.49,2026-08-12 12:36:24,no
1220334,eBay,165049826400,LDMG125E278,1,8.99,2026-08-12 12:44:59,no
1220335,eBay,165638552259,CGMLAGAPK,1,5.89,2026-08-12 12:48:51,no
1220336,eBay,163676435473,CRSF2003BM,1,8.99,2026-08-12 12:48:51,no
1220337,eBay,165059949231,CGFLBMAPK,1,6.99,2026-08-12 12:48:51,no
1220356,eBay,266200630058,CRFF108CH+HK10CH,1,5.99,2026-08-12 13:03:50,no
1220357,eBay,162822568384,LDMG125E278,2,17.08,2026-08-12 13:15:18,no
1220366,eBay,267073162939,LDMC35E1443PK,1,10.49,2026-08-12 13:27:19,no
1220371,eBay,266191629427,CL3RBM,1,2.99,2026-08-12 13:36:23,no
1220372,eBay,314148529895,12UK3P5A+CODCCR,1,13.88,2026-08-12 13:33:46,no
1220379,eBay,265220728079,CCORNWH24,1,5.99,2026-08-12 13:53:32,no
1220386,eBay,316103816580,TPOS1PRBSQ,1,15.10,2026-08-12 14:20:36,no
1220387,eBay,163866685573,NT35PK,1,5.09,2026-08-12 14:11:17,no
1220394,eBay,123015211066,CL2TBM,2,5.48,2026-08-12 14:29:51,no
1220395,eBay,333451324419,LHAHE27GB,3,16.44,2026-08-12 14:25:14,no
1220396,eBay,163844479887,PSOS2BMB14BM,1,8.49,2026-08-12 14:29:46,no
1220403,eBay,266132039859,PSOS2BMBBM,1,9.89,2026-08-12 14:38:23,no
1220406,eBay,266190303273,12UK3P5A+SLW8,1,16.16,2026-08-12 14:46:27,no
1220419,eBay,305715611096,WCFWROBM2PK+RPR44WH2PK,6,113.34,2026-08-12 14:58:59,no
1220420,eBay,305715611096,WCFWROCO2PK+RPR44WH2PK,2,37.78,2026-08-12 14:58:59,no
1220421,eBay,317609587060,PSOS2BBM,2,17.08,2026-08-12 15:00:24,no
1220422,eBay,267668380024,LSGL12010AR2PK+RPM40WH2PK,1,14.18,2026-08-12 15:02:38,no
1220432,eBay,267073162939,LDMST64E276,1,5.99,2026-08-12 15:06:53,no
1220436,eBay,164747689654,CL3RBM3PK,1,7.89,2026-08-12 15:14:05,no
1220438,eBay,168480975987,TSKCBM,1,5.49,2026-08-12 15:14:30,no
1220439,eBay,164261730528,12BO48,1,10.89,2026-08-12 15:12:55,no
1220444,eBay,162696931368,CL3TBR,2,8.87,2026-08-12 15:31:04,no
1220451,eBay,317505244460,LDSG125LOE274,1,10.39,2026-08-12 15:37:08,no
1220456,eBay,167922606736,CL3TBM5PK,1,12.89,2026-08-12 15:48:03,no
1220466,eBay,162886370381,CRFF108GB+HK10GB,1,6.99,2026-08-12 16:05:37,no
1220479,eBay,336096117664,WCWDBM+RPR44WH,1,10.78,2026-08-12 16:40:14,no
1220486,eBay,317087707309,LDCWB2218,2,14.98,2026-08-12 16:56:18,no
1220487,eBay,306348377837,24IP2072,4,43.56,2026-08-12 16:51:12,no
1220488,eBay,165458233266,PHSF1PBRYB+LSCY290GR,1,16.06,2026-08-12 16:54:31,no
1220489,eBay,165543505783,CRFF108RO+LHTKE27RO+ICST64E27,1,12.89,2026-08-12 16:58:55,no
1220492,eBay,162553025729,LDMC35E1425PK,1,12.89,2026-08-12 17:06:08,no
1220509,eBay,163790549882,ENC8642,1,17.89,2026-08-12 17:28:52,no
1220510,eBay,167943788384,CERU36150YE,1,1.49,2026-08-12 17:29:52,no
1220511,eBay,167943788384,CERU36200YE,1,1.89,2026-08-12 17:29:52,no
1220519,eBay,306842391231,WCCYSP160GD+RPR44WH,1,12.89,2026-08-12 17:38:40,no
1220520,eBay,256004321338,LHRRE27WH3PK,1,9.32,2026-08-12 17:38:09,no
1220533,eBay,304786539476,LSCY290GY+RPR44WH,1,14.37,2026-08-12 18:09:41,no
1220534,eBay,267367123779,LSCY290RO+RPR44WH,1,13.15,2026-08-12 18:08:50,no
1220538,eBay,254348058736,PSOS4BMBBM,1,10.89,2026-08-12 18:29:22,no
1220539,eBay,123085399158,CL3TGD,1,5.89,2026-08-12 18:14:45,no
1220541,eBay,267073162939,LDMG95E274,1,6.99,2026-08-12 18:21:16,no
1220542,eBay,257511977776,RBLSFT220CH+RPR44WH,1,6.59,2026-08-12 18:29:22,no
1220543,eBay,165405860182,CL3TOR5PK,1,12.89,2026-08-12 18:24:23,no
1220547,eBay,256939232422,LHCTOSN,4,25.16,2026-08-12 18:34:56,no
1220552,eBay,168209967467,SPPGUK3PTR4PK,1,9.69,2026-08-12 18:48:28,no
1220559,eBay,305578042753,LSBS160RE,1,11.67,2026-08-12 19:19:35,no
1220585,eBay,266027916399,LHPVE27BM,1,4.99,2026-08-12 20:18:26,no
1220605,eBay,164480462305,LDMT45E274APK,1,37.74,2026-08-12 20:47:06,no
1220606,eBay,267073162939,LDMA60E274WW,1,5.49,2026-08-12 20:46:34,no
1220607,eBay,255943162137,CRSF108FG+WSST70FG+WCLCFG+ICT130E2760,1,18.59,2026-08-12 20:47:09,no
1220613,eBay,313970190822,12IP2024,1,6.99,2026-08-12 20:56:06,no
1220617,eBay,164725952794,CRFF100BM+PHUP1PBRBM,1,11.29,2026-08-12 21:06:58,no
1220619,eBay,333729918289,CL3RBW,3,8.64,2026-08-12 21:02:38,no
1220629,eBay,162711487073,CL3THE,3,12.23,2026-08-12 21:33:06,no
1220630,eBay,166915220789,TPOS1PRBRO+ICST64E27,1,18.99,2026-08-12 21:33:57,no
1220631,eBay,168480975987,TSKCBM,1,5.49,2026-08-12 21:36:29,no
1220649,eBay,166753545216,WLFSWWHE,4,75.56,2026-08-12 21:46:07,no
1220663,eBay,163759731061,CRSF100BM+PHSH1PBRYB+SCRN70BM+LSHH240BC,1,16.59,2026-08-12 22:13:26,no
1220671,eBay,304843914711,PHDH1HETHE,1,14.66,2026-08-12 22:21:15,no
1220674,eBay,266196171251,12IP6715,1,7.89,2026-08-12 22:31:41,no
1220678,eBay,333813672429,CL3THEAPK,1,22.98,2026-08-12 22:49:32,no
1220684,eBay,305682162344,LSMS320OR+RPR44WH,1,13.77,2026-08-12 23:16:36,no
1220686,eBay,333832418601,LSDO210BM+RPR44WH,1,7.56,2026-08-12 23:22:57,no
1220687,eBay,256492173921,WCDTBM2PK+RPR44WH2PK,1,17.89,2026-08-12 23:30:06,no
1220694,eBay,304786539463,12IP20150,2,31.34,2026-08-13 00:39:08,no
1220697,eBay,164046479684,PSDS4BMRBR,1,13.89,2026-08-13 01:28:29,no
1220701,eBay,164925289077,LDMST64E278,1,8.89,2026-08-13 01:41:06,no
1220704,eBay,164914367042,24IP2072,1,10.89,2026-08-13 02:19:38,no
1220709,eBay,317894671167,ENC9273,1,27.80,2026-08-13 03:42:22,no
1220731,eBay,266197864707,PSOS2BMB14BM,3,23.67,2026-08-13 05:19:17,no
1220735,eBay,164261730528,12BO72,2,24.48,2026-08-13 06:07:47,no
1220738,eBay,123085399158,CL3RBP,2,5.14,2026-08-13 06:11:33,no
1220739,eBay,123085399158,CL3RBR,2,5.98,2026-08-13 06:11:33,no
1220740,eBay,123085399158,CL3RGR,2,5.14,2026-08-13 06:11:33,no
1220746,eBay,266190316916,CL3TBM5PK,1,12.89,2026-08-13 07:15:07,no
1220750,eBay,164261730528,12BO72,1,12.89,2026-08-13 07:28:44,no
1220751,eBay,164261730528,12BO28,1,8.89,2026-08-13 07:28:44,no
1220761,eBay,123015211066,CL2TBM,2,5.48,2026-08-13 08:21:01,no
1220769,eBay,162276028284,12IP6710,2,12.70,2026-08-13 09:06:53,no
1220777,eBay,164261730528,12BO28,1,8.89,2026-08-13 09:27:35,no
1220781,eBay,164244059825,LHAHE27CH,1,5.49,2026-08-13 09:39:09,no
1220782,eBay,167662565144,CRSF1202BM+PHHT2PBRBM2PK+SPUPBM2PK,1,19.89,2026-08-13 09:37:19,no
1220786,eBay,167922606736,CL3TBK5PK,2,25.98,2026-08-13 09:46:29,no
1220814,eBay,163195957947,24IP6710,1,6.89,2026-08-13 10:44:40,no
1220823,eBay,316809248747,CL3TBR,4,15.48,2026-08-13 10:59:17,no
1220825,eBay,162799417330,24IP20360,1,39.64,2026-08-13 11:08:00,no
1220830,eBay,166928254145,PSDS2BMB14BM,1,7.47,2026-08-13 11:11:22,no
1220831,eBay,164046479684,PSDS4BMRGD,1,12.89,2026-08-13 11:18:50,no
1220832,eBay,266742973079,CL3TAG5PK,1,12.89,2026-08-13 11:18:16,no
1220833,eBay,266191601113,CRFF105SN,3,25.74,2026-08-13 11:19:22,no
1220857,eBay,162543791353,12UK3P5A+SLW4,1,16.78,2026-08-13 11:42:55,no
1220864,eBay,164244059825,LHAHE27BM,1,5.49,2026-08-13 11:53:20,no
1220867,eBay,267073162939,LDMG95E2743PK,1,11.89,2026-08-13 12:10:39,no
1220868,eBay,267073162939,LDMST64E274,1,6.49,2026-08-13 12:10:39,no
1220882,eBay,164492030061,CL2TGY,2,12.55,2026-08-13 12:11:14,no
1220883,eBay,162553025729,LDMG95E278,1,7.49,2026-08-13 12:11:58,no
1220891,eBay,162799417330,24IP20120,2,28.28,2026-08-13 12:23:44,no
1220892,eBay,165094836684,LHSHE27CO,3,15.30,2026-08-13 12:25:02,no
1220906,eBay,266223215729,LSCY290GY+RPR44WH,1,11.55,2026-08-13 12:52:04,no
1220907,eBay,317979913894,SPPGUK3PWH4PK,1,11.53,2026-08-13 12:56:06,no
1220914,eBay,164198830444,PLWEBC+PHNW1RBC+LDMST64E274,3,83.37,2026-08-13 13:02:53,no
1220915,eBay,162553025729,LDMST64E2762PK,1,7.99,2026-08-13 13:04:38,no
1220918,eBay,166173994461,SPSDP2BM3PK,1,13.29,2026-08-13 13:16:11,no
1220923,eBay,304785662000,LDMST64E274,8,47.12,2026-08-13 13:30:35,no
1220924,eBay,163693940389,CBSF85,1,5.99,2026-08-13 13:23:11,no
1220925,eBay,164279909548,PSDS2RBR,1,9.99,2026-08-13 13:24:11,no
1220928,eBay,317979913894,SPPGUK3PWH4PK,1,11.53,2026-08-13 13:40:12,no
1220934,eBay,162799417330,12IP20480,3,83.37,2026-08-13 13:44:18,no
1220946,eBay,314098356082,12RPIP45250,1,21.75,2026-08-13 14:01:28,no
1220947,eBay,165397658552,CRSF100BM+CL3TBR+LHSHE27BA,3,28.71,2026-08-13 14:10:13,no
1220953,eBay,165452014120,LHRIE14WH,1,5.89,2026-08-13 14:14:47,no
1220958,eBay,255943163532,LHSHE27CH,1,5.64,2026-08-13 14:25:23,no
1220964,eBay,164588867720,LDMC35E1443PK,1,10.99,2026-08-13 14:35:57,no
1220965,eBay,162949535147,LDMG80B224,2,10.42,2026-08-13 14:36:42,no
1220966,eBay,164525233292,LSFT220CH+RPR44WH,1,10.99,2026-08-13 14:40:16,no
1220979,eBay,265660312592,LDMG95B224,1,5.99,2026-08-13 14:42:32,no
1220980,eBay,306695180879,12IP6730,1,12.89,2026-08-13 14:44:32,no
1220982,eBay,313731620457,LSFT220WH+RPR44WH,1,8.89,2026-08-13 14:56:08,no
1220988,eBay,163195957947,24IP6710,1,6.89,2026-08-13 15:08:17,no
1220989,eBay,304920725440,LSCY290OR+RPR44WH,1,12.07,2026-08-13 15:01:04,no
1220997,eBay,167707828840,RWWPSY12GY,1,5.68,2026-08-13 15:15:27,no
1221001,eBay,164725952794,CRFF100CO+PHUP1PBRCO,3,25.08,2026-08-13 15:26:43,no
1221002,eBay,164492030061,CL2TBM,1,5.49,2026-08-13 15:29:58,no
1221010,eBay,304786539476,LSCY290GB+RPR44WH,1,15.99,2026-08-13 15:47:20,no
1221031,eBay,266190312605,CL3TBR5PK,1,14.89,2026-08-13 16:38:12,no
1221033,eBay,163715641938,SOTB1GTK,3,16.91,2026-08-13 16:39:59,no
1221043,eBay,314558038121,CL3TBM,1,8.08,2026-08-13 16:46:20,no
1221050,eBay,256483719676,LDMST64E2742PK,1,6.89,2026-08-13 16:56:18,no
1221053,eBay,127362491738,CRSF100BM+LHTTE27BM,1,7.29,2026-08-13 17:08:29,no
1221057,eBay,162743114389,CRFF100GB,2,10.42,2026-08-13 17:18:15,no
1221059,eBay,314558038121,CL3TCR,4,11.88,2026-08-13 17:19:18,no
1221068,eBay,313614825876,CRFF100CO,3,16.41,2026-08-13 17:24:46,no
1221071,eBay,335668315382,WJB2,1,5.89,2026-08-13 17:32:15,no
1221085,eBay,266901660057,WCB1WH+RPR44WH,1,7.98,2026-08-13 18:09:01,no
1221086,eBay,165365087205,CRSF108YB+HK10YB,1,6.99,2026-08-13 18:06:16,no
1221087,eBay,162943564512,CNP1000GB2PK,1,10.99,2026-08-13 18:06:16,no
1221088,eBay,164942250673,CL3RHE,20,63.80,2026-08-13 18:06:16,no
1221089,eBay,318462781248,TSKCBM,1,6.50,2026-08-13 18:02:52,no
1221095,eBay,266027916399,LHBRE27BM,1,5.49,2026-08-13 18:12:47,no
1221103,eBay,126396451888,WCWVBM,1,8.99,2026-08-13 18:22:49,no
1221108,eBay,164728612762,CRSF125BM+WSAT105BM,1,9.99,2026-08-13 18:38:20,no
1221111,eBay,164492030061,CL2TWH,2,12.55,2026-08-13 18:42:23,no
1221116,eBay,162799417330,24IP20360,1,22.89,2026-08-13 18:57:13,no
1221117,eBay,304786539463,12IP2012,1,5.61,2026-08-13 18:51:13,no
1221119,eBay,126703928790,RBLSFT220WH,1,6.88,2026-08-13 18:57:04,no
1221132,eBay,304941509886,WCB2BM+RPR44WH,1,8.07,2026-08-13 19:37:12,no
1221133,eBay,265802726073,LDMG95E278,1,7.19,2026-08-13 19:33:15,no
1221137,eBay,164725952794,CRSF100GB+PHUP1PBRGB,1,10.99,2026-08-13 19:43:13,no
1221144,eBay,165405860182,CL3TCR5PK,4,46.40,2026-08-13 20:05:06,no
1221148,eBay,253828432325,LHRTE27BM,1,5.19,2026-08-13 20:20:12,no
1221153,eBay,164143409121,CRSF100BM+PHSH1PBRRR+LSSS300RR,1,17.89,2026-08-13 20:28:55,no
1221164,eBay,313614825947,CBSF80,1,5.49,2026-08-13 20:43:26,no
1221165,eBay,313629118179,CBSF170,1,6.19,2026-08-13 20:43:26,no
1221183,eBay,167058287410,LSGL9015WH2PK+RPM40WH2PK,1,15.10,2026-08-13 21:22:08,no
1221184,eBay,126168333172,LDLIE14FL4,1,5.49,2026-08-13 21:27:46,no
1221185,eBay,126168333172,LDLIE27XM8,1,8.89,2026-08-13 21:27:46,no
1221186,eBay,126168333172,LDLIE27SR8,1,8.89,2026-08-13 21:27:46,no
1221195,eBay,267121715682,24IP6745,1,14.15,2026-08-13 21:57:52,no
1221196,eBay,305682162344,LSCY290GR+RPR44WH,1,14.89,2026-08-13 21:33:14,no
1221199,eBay,167833569765,WCCYSP160GD+RPR44WH,1,11.49,2026-08-13 21:44:50,no
1221209,eBay,304786411657,PHSF1BWTSN,2,18.50,2026-08-13 21:52:41,no
1221210,eBay,267073162939,LDMG95E2743PK,1,11.89,2026-08-13 21:59:54,no
1221211,eBay,267121715682,12IP67102PK,2,17.08,2026-08-13 21:53:50,no
1221212,eBay,267121715682,24IP6760,1,16.05,2026-08-13 21:57:52,no
1221213,eBay,266190316916,CL3RBRAPK,2,41.78,2026-08-13 21:59:54,no
1221214,eBay,123816674071,LDMC35E144,2,9.58,2026-08-13 21:52:19,no
1221215,eBay,126260845665,WJCYEEWH2PK,1,5.89,2026-08-13 21:55:01,no
1221221,eBay,305682162344,LSFT220BU+RPR44WH,2,21.54,2026-08-13 22:08:23,no
1221222,eBay,165094836684,LHSHE27GB,1,5.49,2026-08-13 22:06:59,no
1221223,eBay,267121715682,12IP67102PK,1,8.99,2026-08-13 22:07:32,no
1221224,eBay,313731620457,LSFT220YE+RPR44WH,3,26.67,2026-08-13 22:17:43,no
1221225,eBay,314169932307,CRSF100BM+LHNSE27YB+SCRN70BM+LSFT220GS+ICST64E27,1,18.99,2026-08-13 22:09:10,no
1221229,eBay,313731620457,LSFT220NB+RPR44WH,1,9.29,2026-08-13 22:17:43,no
1221234,eBay,306348377837,12IP2060,1,10.89,2026-08-13 22:27:40,no
1221237,eBay,254008668793,CRFF108WH+HK10WH,1,6.19,2026-08-13 22:49:18,no
1221238,eBay,305698440823,CL3TGD3PK,1,9.89,2026-08-13 22:46:13,no
1221241,eBay,315498781260,FWS144CF,1,9.88,2026-08-13 22:51:56,no
1221250,eBay,164176156205,WLFS220BM,2,28.48,2026-08-13 23:43:01,no
1221257,eBay,318471860587,BSFCDRWHBL,1,18.80,2026-08-14 00:51:24,no
1221262,eBay,164030749672,CL2TBM,2,8.87,2026-08-14 01:23:34,no
1221267,eBay,164525233292,LSDO300RE+RPR44WH,1,11.89,2026-08-14 02:04:05,no
1221273,eBay,305541421379,CL2TRE4PK,1,9.97,2026-08-14 03:00:22,no
1221274,eBay,305541421379,CL2TBK4PK,1,9.97,2026-08-14 03:00:22,no
1221277,eBay,315379102143,LDMC35E144,1,9.88,2026-08-14 03:52:49,no
1221283,eBay,164261730528,12BO48,3,30.36,2026-08-14 04:55:36,no
1221307,eBay,166882192347,WSFTBM+ICST64E27,1,11.30,2026-08-14 05:45:44,no
1221308,eBay,305682162344,LSDO210OR+RPR44WH,1,10.67,2026-08-14 05:55:48,no
1221313,eBay,304866316390,ENC285,1,21.89,2026-08-14 06:20:21,no
1221318,eBay,313003909686,WCB2BC+RPR44WH,1,7.49,2026-08-14 06:24:46,no
1221323,eBay,164525233292,LSDO300YE+RPR44WH,1,9.99,2026-08-14 06:36:36,no
1221326,eBay,164925289077,LDMG80E2743PK,1,12.89,2026-08-14 07:17:50,no
1221329,eBay,265735364440,LSDO300YE+RPR44WH,1,10.80,2026-08-14 07:23:53,no
1221333,eBay,162889183073,CRSF108CO,3,19.19,2026-08-14 07:47:42,no
1221345,eBay,168604590135,PCTEL25WH,10,8.89,2026-08-14 08:21:36,no
1221346,eBay,266196528106,CL3RHE5PK,1,13.16,2026-08-14 08:23:11,no
1221357,eBay,166598501724,RWWPSYBF25GY,1,5.99,2026-08-14 08:52:12,no
1221358,eBay,167707828840,RWWPSY12GY,1,2.79,2026-08-14 08:52:12,no
1221359,eBay,162943564512,CNP1000GB2PK,1,10.99,2026-08-14 08:50:29,no
1221360,eBay,163205266658,CCBKNWE25,1,8.19,2026-08-14 08:50:49,no
1221366,eBay,164613870692,SPSD78GD2PK,1,7.89,2026-08-14 08:52:12,no
1221379,eBay,317894671167,ENC9273,1,27.80,2026-08-14 09:27:54,no
1221380,eBay,333813672429,CL3THEAPK,1,22.98,2026-08-14 09:30:38,no
1221402,eBay,267405063500,LSSS300BG+RPR44WH,1,13.06,2026-08-14 10:11:51,no
1221403,eBay,166173994461,SPSDP2BM,1,6.89,2026-08-14 10:18:13,no
1221404,eBay,164846271255,CRSF1202BM,1,6.49,2026-08-14 10:18:13,no
1221405,eBay,163792073686,LHBPE27BM2PK+CGMLBM2PK,1,7.88,2026-08-14 10:18:13,no
1221406,eBay,162975561793,CL3TBM2PK,1,7.49,2026-08-14 10:18:13,no
1221420,eBay,166849248974,PHSF1BMTBY,1,12.89,2026-08-14 10:38:08,no
1221423,eBay,167943788384,CERU36150YE,1,4.38,2026-08-14 10:48:05,no
1221424,eBay,336220305276,RBLSDM220CH+RPR44WH,1,7.89,2026-08-14 10:46:15,no
1221434,eBay,164397628820,CRFF105GB,4,25.16,2026-08-14 11:05:01,no
1221436,eBay,312975888878,LHBGE27BM5PK,1,16.89,2026-08-14 11:12:44,no
1221447,eBay,162975561793,CL3THEAPK,1,20.78,2026-08-14 11:37:01,no
1221449,eBay,304785662000,LDMST64B224,2,10.24,2026-08-14 11:43:44,no
1221457,eBay,164244350750,PLTTBC+LSFT220BC,1,22.21,2026-08-14 11:52:20,no
1221466,eBay,313617817308,CRSF100CO+PHSH1PBRCO+LSSS300CO+LDWWE2715,1,24.17,2026-08-14 12:04:31,no
1221467,eBay,168609874513,PCUPVC2540WH,2,16.18,2026-08-14 12:06:01,no
1221483,eBay,267728203573,TPOSBDBM,1,19.64,2026-08-14 12:11:20,no
1221487,eBay,123044400644,CL2TBR2PK,1,5.29,2026-08-14 12:30:39,no
1221493,eBay,317870935135,PHSF1ROTRO,1,10.49,2026-08-14 12:34:46,no
1221509,eBay,164914367042,5IP2028,1,5.49,2026-08-14 13:08:34,no
1221514,eBay,126330031599,TSLTRE,1,5.89,2026-08-14 13:12:57,no
1221516,eBay,265660313948,RPM40BM+RPM40WH,1,5.99,2026-08-14 13:24:45,no
1221526,eBay,168342310094,WCBTC120FG+RPR44WH,1,12.89,2026-08-14 13:35:42,no
1221527,eBay,168209967467,SPPGUK3PWH4PK,1,9.19,2026-08-14 13:38:09,no
1221532,eBay,304963286889,CRSF100CH+PHUP1PCRCH+ICST64E27,1,11.89,2026-08-14 13:45:02,no
1221538,eBay,267236102729,LDCWE2725,1,5.99,2026-08-14 13:52:03,no
1221548,eBay,315746132611,LSEL400GR+RPR44WH,6,85.80,2026-08-14 14:14:12,no
1221550,eBay,253794748665,LHC1E27WH2PK,2,19.39,2026-08-14 14:18:02,no
1221556,eBay,265979166968,HRE1428WH2PK,1,9.99,2026-08-14 14:27:57,no
1221564,eBay,162975561793,CL3TBM2PK,1,7.49,2026-08-14 14:46:35,no
1221565,eBay,162975561793,CL3TWH2PK,1,5.49,2026-08-14 14:46:35,no
1221572,eBay,164636015985,12IP2060,2,20.68,2026-08-14 15:05:21,no
1221581,eBay,306369732933,24IP20120,2,29.72,2026-08-14 15:15:43,no
1221585,eBay,267073162939,LDMC35E1443PK,2,20.98,2026-08-14 15:26:26,no
1221586,eBay,267073162939,LDMC35E1443PK,1,10.49,2026-08-14 15:26:26,no
1221597,eBay,162696931368,CL3TBR,1,5.78,2026-08-14 15:48:59,no
1221603,eBay,313003909686,WCB2BM+RPR44WH,1,6.99,2026-08-14 15:57:51,no
1221610,eBay,166486351453,WCCYSQCH2PK+LDMT45E2742PK,1,43.89,2026-08-14 16:01:40,no
1221615,eBay,123770992315,LHSHE27BY,6,28.02,2026-08-14 16:13:30,no
1221619,eBay,255943163435,LSTF40BB+RPR44WH,1,9.89,2026-08-14 16:26:27,no
1221628,eBay,265660312592,LDMG95B224,1,5.99,2026-08-14 16:49:54,no
1221629,eBay,168220068458,PHHR2HETHE,1,10.57,2026-08-14 16:46:37,no
1221636,eBay,164071119364,LHSHE27CH3PK,1,12.92,2026-08-14 17:14:24,no
1221637,eBay,164169967297,WJB2,1,5.89,2026-08-14 17:20:21,no
1221644,eBay,162799417330,12IP2060,1,10.89,2026-08-14 17:21:19,no
1221645,eBay,165199745268,12UK3P10A,1,15.99,2026-08-14 17:24:31,no
1221646,eBay,306537395913,SPSDP3WH5PK,1,11.88,2026-08-14 17:22:31,no
1221654,eBay,315220559282,CNP1000GB,1,8.49,2026-08-14 17:33:09,no
1221655,eBay,165610827465,CRSF100GY+PHCH1PWRSGY,1,9.99,2026-08-14 17:35:12,no
1221662,eBay,165365087205,CRSF108BM+HK10BM,1,6.99,2026-08-14 17:42:28,no
1221663,eBay,168220068458,PHHR1HETHE+ICST64E27,3,32.55,2026-08-14 17:44:46,no
1221679,eBay,267668468006,LSGL9015CL2PK+RPM40WH2PK,1,11.18,2026-08-14 17:51:39,no
1221680,eBay,168246413211,LSGLULSG+RPM40WH,1,11.89,2026-08-14 17:51:57,no
1221681,eBay,163766692169,CRSF100BM+PHHT1PBRFG,1,10.87,2026-08-14 17:55:57,no
1221684,eBay,256546933494,CKCP30307,1,9.89,2026-08-14 18:08:13,no
1221685,eBay,336122414242,LSMS320BG3PK+RPR44WH3PK,1,60.82,2026-08-14 18:03:32,no
1221686,eBay,168278377529,WCCYSP160BM2PK+RPR44WH2PK,1,20.98,2026-08-14 18:12:26,no
1221696,eBay,163008902707,12IP6736,1,12.89,2026-08-14 18:41:49,no
1221703,eBay,164636015985,12IP2024,2,14.22,2026-08-14 19:00:40,no
1221705,eBay,161782384942,12UK3P5A,1,13.89,2026-08-14 19:04:44,no
1221706,eBay,317034900659,LSMS320NB+RPR44WH,1,12.73,2026-08-14 19:08:59,no
1221708,eBay,163585361443,12IP6745,1,14.98,2026-08-14 19:19:08,no
1221709,eBay,335877178549,ENC4319,1,34.69,2026-08-14 19:16:05,no
1221715,eBay,256088930556,12UK3P5A,1,12.89,2026-08-14 19:28:23,no
1221716,eBay,162553025729,LDMST64E2742PK,1,9.69,2026-08-14 19:26:49,no
1221717,eBay,164531556164,WCSLBM+RPR44WH,1,8.99,2026-08-14 19:30:51,no
1221718,eBay,304826634562,PHSF1BWTSN,2,19.96,2026-08-14 19:30:06,no
1221720,eBay,122567684344,CL3TBM,2,11.38,2026-08-14 19:39:58,no
1221723,eBay,162562112782,12MIP2025,5,29.20,2026-08-14 19:45:29,no
1221729,eBay,164030749672,CL2TOR,4,15.15,2026-08-14 19:50:44,no
1221730,eBay,162886370381,CRFF108GB+HK10GB,1,6.99,2026-08-14 19:54:20,no
1221731,eBay,304860906289,CBSF85,1,8.37,2026-08-14 19:52:50,no
1221738,eBay,265735364440,LSCY290WH+RPR44WH,1,14.00,2026-08-14 20:03:43,no
1221739,eBay,267121715682,12IP6780,1,17.00,2026-08-14 20:07:00,no
1221740,eBay,162949535147,LDMG80B224,1,5.49,2026-08-14 20:09:28,no
1221741,eBay,162553025729,LDMST64E2762PK,1,7.99,2026-08-14 20:17:59,no
1221742,eBay,313614826183,CL3RBR5PK,1,11.89,2026-08-14 20:14:54,no
1221743,eBay,162573603983,CO125ACL5PK,1,8.38,2026-08-14 20:26:15,no
1221744,eBay,266193179938,LDMC35E1423PK,1,8.99,2026-08-14 20:33:29,no
1221748,eBay,313614826007,CRSF100WH,1,5.09,2026-08-14 20:44:09,no
1221752,eBay,315192085660,LDST185E274,1,6.89,2026-08-14 20:52:00,no
1221761,eBay,166166799334,SPSDP1WH3PK,1,6.99,2026-08-14 21:25:19,no
1221771,eBay,313970190922,ENC1315,2,45.58,2026-08-14 21:47:31,no
1221772,eBay,256948523089,CRSF100FG+PHRI1PBRFG+LSGD280AR+ICST64E27,1,30.89,2026-08-14 21:49:53,no
1221784,eBay,122991053756,WCVCWH+RPR44WH,1,7.39,2026-08-14 22:24:37,no
1221790,eBay,266193179938,LDMC35E1423PK,1,8.99,2026-08-14 22:35:43,no
1221792,eBay,166408159134,WCFWROCO2PK+RPR44WH2PK,1,18.89,2026-08-14 22:44:32,no
1221793,eBay,162949535147,LDMG80E274,1,5.49,2026-08-14 22:47:52,no
1221810,eBay,163693940389,CBSF105,1,7.99,2026-08-14 23:26:54,no
1221814,eBay,162711487073,CL3TBR,3,12.23,2026-08-14 23:34:37,no
1221816,eBay,168148276653,LSTM320GR+RPR44WH,2,27.58,2026-08-14 23:38:47,no
1221822,eBay,165638552259,CGMLBMAPK,1,8.78,2026-08-15 00:13:34,no
1221823,eBay,165201467647,12IP20120,1,15.89,2026-08-15 00:17:14,no
1221824,eBay,165568516147,LSHQ150YE+RPR44WH,1,9.99,2026-08-15 00:19:47,no
1221831,eBay,165621031025,LDSSTRE274,1,9.89,2026-08-15 01:40:08,no
1221832,eBay,165621031025,LDSHEAE274,1,6.99,2026-08-15 01:40:08,no
1221844,eBay,163682568149,BC3W602PK,1,21.80,2026-08-15 05:06:46,no
1221852,eBay,123520916012,CL3RWX,2,4.94,2026-08-15 06:04:32,no
1221853,eBay,162562112782,12IP20300,1,23.89,2026-08-15 06:14:43,no
1221854,eBay,167943788384,CERU36150YE,1,4.38,2026-08-15 06:24:48,no
1221855,eBay,305682162344,LSCY290OR+RPR44WH,1,13.89,2026-08-15 06:32:07,no
1221856,eBay,162830271380,12BO18,1,8.89,2026-08-15 06:49:31,no
1221869,eBay,123085399158,CL3TBU,3,5.85,2026-08-15 07:57:11,no
1221887,eBay,318143292701,CRSF100BM+PHDO1PBRBM+LSCY290BI,2,41.78,2026-08-15 08:44:52,no
1221892,eBay,163693940389,CBSF95,1,5.09,2026-08-15 08:54:50,no
1221899,eBay,167729466959,WCDTBM2PK+RPR44WH2PK,1,15.20,2026-08-15 09:18:18,no
1221900,eBay,165559546702,CRSF100RE,1,7.88,2026-08-15 09:22:12,no
1221901,eBay,162833219361,RPM40BM2PK,1,5.09,2026-08-15 09:27:27,no
1221902,eBay,163964665683,12UK3P5A,1,13.89,2026-08-15 09:30:32,no
1221908,eBay,166269554733,PSHNOS2WRWH,1,8.49,2026-08-15 09:49:45,no
1221909,eBay,304786539488,CNT900YB,1,10.98,2026-08-15 09:42:46,no
1221919,eBay,266957628295,LDMST64E2763PK,1,11.49,2026-08-15 09:51:13,no
1221922,eBay,121866901166,12IP6720,1,7.54,2026-08-15 10:04:23,no
1221923,eBay,123043958433,CL3TBRAPK,1,24.89,2026-08-15 10:06:51,no
1221924,eBay,253070126632,LHRTE27WH,2,11.18,2026-08-15 10:09:36,no
1221928,eBay,266188029327,CCBKNWE36,1,8.09,2026-08-15 10:12:29,no
1221929,eBay,255943163479,CRFF140BM,2,9.86,2026-08-15 10:16:39,no
1221931,eBay,163225741603,CO1215ACL5PK,1,8.99,2026-08-15 17:58:08,no
1221935,eBay,256932904340,WSIWCRBS+ICT45E2760,4,89.60,2026-08-15 10:33:02,no
1221936,eBay,167833569765,WCCYSP160BM,1,12.89,2026-08-15 10:33:48,no
1221938,eBay,164129396974,LSDO300WH+RPR44WH,2,22.30,2026-08-15 10:45:03,no
1221946,eBay,305541421379,CL2TBM2PK,1,5.89,2026-08-15 11:09:42,no
1221947,eBay,317609587060,PSOS2BMBBM,1,9.99,2026-08-15 11:09:25,no
1221959,eBay,267121715682,12IP6715,1,7.59,2026-08-15 11:23:05,no
1221960,eBay,335668310087,CRSF100WH+PHCH1PWRSWH,1,8.99,2026-08-15 11:30:27,no
1221967,eBay,164942250673,CL2TWH,1,6.08,2026-08-15 11:32:07,no
1221968,eBay,165405860182,CL3TGL5PK,1,12.89,2026-08-15 11:32:18,no
1221972,eBay,306842391231,WCCYSP160BM2PK+RPR44WH2PK,1,20.89,2026-08-15 11:41:29,no
1221980,eBay,266957628295,LDMST64E2742PK,1,11.99,2026-08-15 11:54:52,no
1221988,eBay,122567684344,CL3RYE,3,7.23,2026-08-15 12:03:23,no
1221999,eBay,335861352403,CL2RGD,1,2.89,2026-08-15 12:35:49,no
1222001,eBay,317870935135,PHSF1BWRSN,4,39.56,2026-08-15 12:36:53,no
1222006,eBay,167826149061,CRFF100BM+LHNSE27BM,1,10.13,2026-08-15 12:42:52,no
1222008,eBay,163181575288,LHBPE27BM,1,7.88,2026-08-15 12:44:55,no
1222014,eBay,265660313956,CL3RBK,2,5.30,2026-08-15 12:51:05,no
1222031,eBay,256218387469,LSMCSPMSMC+RPM40WH,1,26.89,2026-08-15 13:27:28,no
1222033,eBay,163834239332,ENC9164,1,19.89,2026-08-15 13:29:01,no
1222039,eBay,163866685573,RD205PK,1,5.09,2026-08-15 13:34:40,no
1222046,eBay,162568125923,SCRN70YB2PK,1,5.19,2026-08-15 13:59:04,no
1222047,eBay,267073162939,LDMST64E278,1,11.90,2026-08-15 13:53:02,no
1222052,eBay,163025541768,LDMT185B224,2,13.28,2026-08-15 14:10:17,no
1222061,eBay,263257417212,LDMG95E274,1,6.47,2026-08-15 14:14:43,no
1222076,eBay,165136827678,PHSF2BRRCO,4,46.40,2026-08-15 14:45:17,no
1222079,eBay,256939232422,LHCTOSN,2,13.28,2026-08-15 14:55:47,no
1222088,eBay,164679770081,5IP2028,1,5.49,2026-08-15 15:04:21,no
1222100,eBay,266033235925,CGFLBMAPK,1,6.49,2026-08-15 15:24:50,no
1222101,eBay,266188024005,CCBKNWE25,2,15.56,2026-08-15 15:29:59,no
1222102,eBay,315808757832,CRSF100BM+SPUPBM+PHRNWP2RBM+ICST64E27,2,37.18,2026-08-15 15:26:25,no
1222103,eBay,166905025450,CRSF100HBM+PSDS2RBM+WSCH135YE+LSHQ150YE,1,21.88,2026-08-15 15:28:19,no
1222105,eBay,123277401523,LHBRE27BM+CGMLBM,1,5.70,2026-08-15 15:40:04,no
1222106,eBay,265835389958,ENC685,1,47.84,2026-08-15 15:39:49,no
1222107,eBay,167833569765,WCCYSP160WH,1,12.89,2026-08-15 15:39:58,no
1222108,eBay,162582056962,CRFF100BM+LHNSE27BM,3,35.94,2026-08-15 15:40:11,no
1222113,eBay,122567684344,CL3TGD,1,5.89,2026-08-15 15:50:49,no
1222117,eBay,168342310094,WCBTC120FG+RPR44WH,1,12.89,2026-08-15 15:59:32,no
1222118,eBay,304786539463,12IP2080,1,9.67,2026-08-15 15:59:11,no
1222130,eBay,162799417330,12IP2060,2,20.68,2026-08-15 16:08:00,no
1222136,eBay,313566996516,12UK3P1A+SLW2,2,13.28,2026-08-15 16:15:28,no
1222141,eBay,124068128053,LHBPE27BM,1,5.09,2026-08-15 16:21:12,no
1222142,eBay,267073162939,LDMG95E2743PK,1,11.89,2026-08-15 16:22:10,no
1222154,eBay,266141474490,LSDO300WH+RPR44WH,3,32.04,2026-08-15 16:37:55,no
1222163,eBay,167517548283,LHPOE27YB2PK,1,13.99,2026-08-15 16:49:40,no
1222164,eBay,162153941026,LDEH70E273,2,10.68,2026-08-15 16:49:40,no
1222165,eBay,162975561793,CL3TGDAPK,1,17.99,2026-08-15 16:49:40,no
1222166,eBay,253794748665,LHC1E27WH,1,8.78,2026-08-15 16:50:46,no
1222171,eBay,304798697745,WCDTBM+RPR44WH,1,10.89,2026-08-15 16:57:59,no
1222172,eBay,256198748068,WCFWROCO+RPR44WH,1,10.69,2026-08-15 16:55:59,no
1222173,eBay,256198748068,WCFWROCO2PK+RPR44WH2PK,1,17.89,2026-08-15 16:55:59,no
1222182,eBay,267035988245,LDSG95DIE2745PK,1,57.89,2026-08-15 17:15:27,no
1222183,eBay,315379102143,LDMG125B228,1,11.88,2026-08-15 17:10:53,no
1222184,eBay,167943788384,CERU36300YE,1,2.69,2026-08-15 17:13:39,no
1222185,eBay,167943788384,CERU36150YE,1,1.49,2026-08-15 17:13:39,no
1222186,eBay,123770992315,LHSHE27GB,1,5.19,2026-08-15 17:17:04,no
1222195,eBay,163225741603,CO1230ACL,1,8.68,2026-08-15 17:33:08,no
1222196,eBay,255089323308,PCGZFF2PK,2,10.04,2026-08-15 17:35:15,no
1222200,eBay,164942250673,CL2THE,6,22.61,2026-08-15 17:40:54,no
1222201,eBay,267073162939,LDMA60E274WW,1,5.49,2026-08-15 17:50:27,no
1222206,eBay,163225741603,CO1260ACL5PK,1,8.99,2026-08-15 17:58:08,no
1222213,eBay,165561143431,LSCY290GY+RPR44WH,1,13.29,2026-08-15 18:05:18,no
1222214,eBay,164002855928,LHPHE27CO,7,31.02,2026-08-15 18:06:44,no
1222217,eBay,165870123497,LDMG125E278,1,8.99,2026-08-15 18:18:50,no
1222228,eBay,265220728079,CCORNWH24,4,21.56,2026-08-15 18:40:28,no
1222229,eBay,162996522047,CO123ACLCPK,1,12.88,2026-08-15 18:31:14,no
1222243,eBay,127362491738,CRSF100BM+LHTTE27BM,1,7.29,2026-08-15 18:52:25,no
1222255,eBay,166408159134,WCFWROBM2PK+RPR44WH2PK,1,18.88,2026-08-15 19:34:37,no
1222256,eBay,163844479887,PSDS4BMBBM,1,9.99,2026-08-15 19:36:42,no
1222258,eBay,121990534532,CCBC18,1,6.29,2026-08-15 19:50:26,no
1222265,eBay,163445610793,CL3TRO5PK,1,16.78,2026-08-15 19:58:03,no
1222272,eBay,264003181832,HLHG120CH3PK,2,14.67,2026-08-15 20:13:27,no
1222273,eBay,266194914422,5IP20102PK,1,6.62,2026-08-15 20:15:42,no
1222280,eBay,165894850271,CRFF140CH+HK10CH,2,10.42,2026-08-15 20:22:43,no
1222281,eBay,315452975221,LSCYRO120GD+RPR44WH,2,26.38,2026-08-15 20:29:26,no
1222303,eBay,267121715682,12IP6715,1,7.59,2026-08-15 21:20:17,no
1222307,eBay,313970190850,PSOS2BMB14BM,2,16.88,2026-08-15 21:27:45,no
1222310,eBay,267407390761,LDCWT75B22123PK,1,16.99,2026-08-15 21:31:59,no
1222312,eBay,163949805978,CL3RGR,1,3.45,2026-08-15 21:48:56,no
1222322,eBay,305698440823,CL3TBM5PK,1,12.89,2026-08-15 22:11:46,no
1222324,eBay,163746580909,LDMST64E274,2,13.28,2026-08-15 22:29:27,no
1222334,eBay,304786539476,LSCY290GR+RPR44WH,3,44.67,2026-08-15 22:41:59,no
1222338,eBay,267073162939,LDMG125E278,1,8.99,2026-08-15 23:00:19,no
1222345,eBay,254348058736,PSDS4BMBBM,1,11.89,2026-08-15 23:46:53,no
1222347,eBay,267536756440,PHHCF1BMRBM,1,16.82,2026-08-15 23:59:25,no
1222348,eBay,164872020382,ENC761,1,35.89,2026-08-16 00:11:53,no
1222349,eBay,267073162939,LDMST64E2785PK,1,30.49,2026-08-16 00:24:33,no
1222415,eBay,305698440823,CL3TBRAPK,3,63.36,2026-08-16 06:39:06,no
1222416,eBay,165405860182,CL2TBM5PK,1,13.88,2026-08-16 06:42:14,no
1222426,eBay,267121715682,24IP6750,1,14.29,2026-08-16 07:26:38,no
1222427,eBay,164958853389,12MIP2015,1,5.09,2026-08-16 07:24:52,no
1222434,eBay,123816674204,LDMST64B224,1,5.09,2026-08-16 08:01:13,no
1222440,eBay,314048304963,CRFF140FG+WSFSFG,1,9.99,2026-08-16 08:11:21,no
1222443,eBay,162799417330,24IP20360,1,22.89,2026-08-16 08:21:07,no
1222446,eBay,267688333517,LSGLULAR2PK+RPM40WH2PK,1,17.76,2026-08-16 08:26:36,no
1222447,eBay,256004417601,CCGNNWE60,1,11.29,2026-08-16 08:31:11,no
1222448,eBay,164525233292,LSSS300RE+RPR44WH,1,13.89,2026-08-16 08:33:40,no
1222449,eBay,164279909548,PSDS2RBL,1,9.99,2026-08-16 08:34:43,no
1222450,eBay,163807786531,CRSF100BM+LHNSE27BY+WCBNBM+LDMT130E274,1,17.57,2026-08-16 08:39:21,no
1222460,eBay,304963286889,CRSF100CH+PHUP1PCRCH+ICST64E27,1,11.89,2026-08-16 09:24:30,no
1222464,eBay,265916665387,CL3RGY5PK,1,12.88,2026-08-16 09:39:01,no
1222482,eBay,164388993564,PSDS4WHBWH+ICST64E2740,1,14.99,2026-08-16 10:02:17,no
1222484,eBay,164492030061,CL3THE,1,5.19,2026-08-16 10:09:30,no
1222495,eBay,161782384942,12UK3P5A,1,13.89,2026-08-16 10:18:24,no
1222496,eBay,163949806014,LSHQ150GR+RPR44WH,1,12.96,2026-08-16 10:18:48,no
1222502,eBay,163008902707,12IP6715,1,7.89,2026-08-16 10:22:37,no
1222504,eBay,304963286889,CRSF100CH+PHUP1PCRCH,5,44.45,2026-08-16 10:39:10,no
1222505,eBay,304963286889,CRSF100YB+PHUP1PBRYB,1,10.89,2026-08-16 10:39:10,no
1222506,eBay,164554946630,LHRIE14WH,1,5.99,2026-08-16 10:34:38,no
1222507,eBay,164630867449,CCBKNWE5,1,6.39,2026-08-16 10:39:30,no
1222511,eBay,123739312275,12IP6715,1,7.17,2026-08-16 10:48:27,no
1222525,eBay,126116974414,CRFF108SN+LHTKE27SN,2,14.74,2026-08-16 11:04:10,no
1222526,eBay,162949535147,LDMG80E274,2,10.42,2026-08-16 11:04:43,no
1222527,eBay,163826763081,CRSF125BM+WSAT105BM+ICST64E27,2,26.58,2026-08-16 11:10:40,no
1222529,eBay,267038390681,CCBKNWE25,2,15.56,2026-08-16 11:20:34,no
1222530,eBay,316981345124,LSFT220WH+RPR44WH,1,9.49,2026-08-16 11:16:15,no
1222534,eBay,265973613329,CO1210ACL5PK,1,5.99,2026-08-16 11:29:17,no
1222542,eBay,164129396974,LSDO300WH+RPR44WH,1,11.15,2026-08-16 11:36:03,no
1222543,eBay,164852500056,CRSF100BM+PHSQ1PBRYB+LSCY290BM+ICST64E27,3,61.35,2026-08-16 11:38:22,no
1222544,eBay,165543505783,CRFF108RO+LHTKE27RO,1,9.99,2026-08-16 11:38:24,no
1222564,eBay,255991563117,WCB4BM+RPR44WH,1,7.49,2026-08-16 11:52:34,no
1222566,eBay,164279909548,PSDS4RBM,1,12.89,2026-08-16 11:57:13,no
1222567,eBay,165201467647,12IP2060,1,10.89,2026-08-16 11:59:29,no
1222571,eBay,163964665683,12UK3P8A,1,13.89,2026-08-16 12:08:28,no
1222575,eBay,266742973079,CL3TBM3PK,1,8.49,2026-08-16 12:14:43,no
1222579,eBay,254345435715,PSOS2WHBWH,1,7.59,2026-08-16 12:24:17,no
1222584,eBay,164059174782,WCB5BM2PK+RPR44WH2PK,2,14.98,2026-08-16 12:38:09,no
1222587,eBay,266188024452,12UK3P8A,1,14.89,2026-08-16 12:42:10,no
1222589,eBay,317111834260,WJBIP684BM,1,8.89,2026-08-16 12:41:28,no
1222594,eBay,164554946630,LHRIE14WH,1,5.99,2026-08-16 12:58:44,no
1222621,eBay,255943163532,LHBLE27SN,4,21.20,2026-08-16 13:32:09,no
1222622,eBay,315192085660,LDST185E274,1,6.89,2026-08-16 13:32:41,no
1222633,eBay,316901502721,CL3RRO5PK,1,10.78,2026-08-16 13:43:07,no
1222634,eBay,165479339052,CRSF120YB+PHTT1PGRYB+ICST64E27,5,53.95,2026-08-16 13:48:01,no
1222635,eBay,165901230400,ENC4422,1,45.89,2026-08-16 13:48:49,no
1222652,eBay,161782384942,12UK3P8A,1,13.85,2026-08-16 14:02:03,no
1222653,eBay,161782384942,CODCCR2PK,1,5.19,2026-08-16 14:02:03,no
1222654,eBay,164169967297,WJB2,1,5.89,2026-08-16 14:07:53,no
1222659,eBay,315379102143,LDMC35E144,1,9.88,2026-08-16 14:15:11,no
1222661,eBay,164925289077,LDMST64E274,1,5.49,2026-08-16 14:16:48,no
1222666,eBay,163181575288,LHBPE27BM,4,22.35,2026-08-16 14:24:22,no
1222669,eBay,253946728059,CRSF100BM+PHUP1PBRBM,2,11.76,2026-08-16 14:35:29,no
1222691,eBay,164841174279,CRSF100BM+WSLS155YB+SCRN70BM+LSFT220WH,1,15.19,2026-08-16 14:54:18,no
1222698,eBay,168403853502,CRFF108BM+PHRI1PBRBA+LSCY290BG,2,35.14,2026-08-16 15:02:25,no
1222699,eBay,167833569765,WCCYSP160WH,1,12.89,2026-08-16 15:05:20,no
1222700,eBay,163851380903,PLTABB,1,16.89,2026-08-16 15:10:45,no
1222706,eBay,166225683823,WLHSBMRE12,1,18.00,2026-08-16 15:12:33,no
1222712,eBay,167565749301,CCBKNWE25,1,8.19,2026-08-16 15:26:05,no
1222713,eBay,163866685573,RD305PK,1,5.09,2026-08-16 15:26:48,no
1222714,eBay,168146338388,WSWTGR+LDMT45E274,2,58.40,2026-08-16 15:29:45,no
1222717,eBay,165543505783,CRFF108BM+LHTKE27BA,1,9.99,2026-08-16 15:40:33,no
1222724,eBay,334009958806,LSFG210AR+SCRN70FG,1,14.70,2026-08-16 15:49:15,no
1222730,eBay,266765586510,HLSC96BM2PK,1,8.89,2026-08-16 15:56:53,no
1222731,eBay,317866396609,LSGLCP120SY,4,35.28,2026-08-16 15:56:22,no
1222740,eBay,163954129864,HLRK35BM,2,9.54,2026-08-16 16:04:57,no
1222748,eBay,304786539476,LSCY290RE+RPR44WH,1,19.26,2026-08-16 16:20:21,no
1222757,eBay,165316899445,CRSF108CO+WSST70CO+ICST64E2740,1,12.20,2026-08-16 16:27:44,no
1222762,eBay,164776149035,CRSF100BM,1,8.38,2026-08-16 16:32:38,no
1222763,eBay,313722975439,LDSG95DIE274,1,8.99,2026-08-16 16:35:45,no
1222770,eBay,266263854576,ENC689,1,34.68,2026-08-16 16:49:29,no
1222793,eBay,267121715682,12IP67100,1,21.89,2026-08-16 17:09:55,no
1222794,eBay,123044400644,CL2TBM2PK,1,5.03,2026-08-16 17:05:05,no
1222806,eBay,168278404568,12IP67102PK,1,10.98,2026-08-16 17:20:01,no
1222807,eBay,163438448120,CL3RGR5PK,1,13.88,2026-08-16 17:21:25,no
1222810,eBay,164942250673,CL2RBM,3,12.23,2026-08-16 17:25:15,no
1222820,eBay,255943163532,LHSHE27CH,4,22.56,2026-08-16 18:04:15,no
1222837,eBay,256487880217,WCWDBM+RPR44WH,1,8.58,2026-08-16 17:57:02,no
1222847,eBay,255943163532,LHSHE27CO,1,5.64,2026-08-16 18:04:15,no
1222848,eBay,166408159134,WCFWROBM2PK+RPR44WH2PK,1,18.88,2026-08-16 18:01:43,no
1222858,eBay,315287058811,CRFF105BA,1,5.99,2026-08-16 18:16:39,no
1222868,eBay,166967618205,CRSF100BM+PHRNWP2RBM,1,11.49,2026-08-16 18:30:58,no
1222869,eBay,163815323220,CRSF108BM+HK10BM,2,13.28,2026-08-16 18:39:43,no
1222887,eBay,313614826214,LHSHE27CO2PK,2,20.88,2026-08-16 18:59:52,no
1222892,eBay,163440200815,PSOS2YBRPB,1,10.99,2026-08-16 19:07:38,no
1222893,eBay,163803207906,PLHABS,1,15.89,2026-08-16 19:08:54,no
1222894,eBay,266190324892,HRE2738WH2PK,1,5.99,2026-08-16 19:04:47,no
1222916,eBay,266901660057,WCB1BM+RPR44WH,1,7.98,2026-08-16 19:32:06,no
1222917,eBay,267340970424,CL2RBM3PK,1,5.99,2026-08-16 19:37:04,no
1222920,eBay,315247428842,LHBRE27BM2PK+CGMLBM2PK,1,10.44,2026-08-16 19:31:03,no
1222921,eBay,313614826214,LHSHE27CH2PK,1,10.44,2026-08-16 19:34:00,no
1222922,eBay,168480975987,TSKCBM,1,5.49,2026-08-16 19:34:49,no
1222935,eBay,164925289077,LDMG95B228,1,6.99,2026-08-16 19:51:49,no
1222946,eBay,123085399158,CL2TGD,2,5.32,2026-08-16 20:07:22,no
1222947,eBay,163844479887,PSDS4BMBBM,2,18.98,2026-08-16 20:03:07,no
1222955,eBay,123155598480,CL2RGD,1,2.89,2026-08-16 20:17:26,no
1222957,eBay,164004516812,LDMG125E278,1,11.88,2026-08-16 20:20:45,no
1222958,eBay,313972163258,ENC6369,1,37.99,2026-08-16 20:20:30,no
1222973,eBay,168165992590,CRFF108BM+WSST70BM+WCBNBM,9,124.56,2026-08-16 20:50:50,no
1222979,eBay,163089665502,PSOS2RPU,1,8.99,2026-08-16 20:53:03,no
1222980,eBay,125433881832,CRFF65CH+WSFSCH,5,38.75,2026-08-16 20:52:12,no
1222987,eBay,166849248974,PHSF1GYTCH,1,12.89,2026-08-16 21:16:07,no
1222988,eBay,253177330999,5IP2030,1,8.29,2026-08-16 21:19:09,no
1223004,eBay,267256572200,CRSF2003BM+PHHN1PBRGD3PK+LSDO210BI3PK+ICST64E273PK,1,36.56,2026-08-16 21:32:49,no
1223015,eBay,166173994461,SPSDP2SN,1,6.89,2026-08-16 21:45:23,no
1223024,eBay,163740896973,CL3TBR,4,15.51,2026-08-16 22:02:07,no
1223035,eBay,304786539463,12IP2030,1,6.76,2026-08-16 22:33:46,no
1223040,eBay,316829411637,CL2RRE,2,8.46,2026-08-16 22:42:56,no
1223041,eBay,165631154049,CRSF100BM+PHHT1PBRBM+LSHM300HE+ICST64E27,1,32.89,2026-08-16 22:41:44,no
1223046,eBay,267187328766,CL2RBT5PK,1,8.99,2026-08-16 22:51:22,no
1223047,eBay,266027916399,LHRIE14WH,1,6.89,2026-08-16 22:52:41,no
1223049,eBay,313970196215,ENC7866,2,40.38,2026-08-16 23:06:09,no
1223050,eBay,167908964173,TSTLRUMRB2PK,1,19.83,2026-08-16 23:07:22,no
1223055,eBay,163359416713,HLSC96BM,10,45.10,2026-08-16 23:20:39,no
1223059,eBay,304831204871,12IP6710,1,7.89,2026-08-16 23:31:34,no
1223060,eBay,266164545228,LDMT185B224,3,15.30,2026-08-16 23:42:30,no
1223063,eBay,122567684344,CL3RRO,2,4.94,2026-08-17 00:17:30,no
1223069,eBay,163146175899,12UK3P1A,1,6.99,2026-08-17 00:58:19,no
1223073,eBay,162833219361,RPR44WH2PK,2,9.66,2026-08-17 01:18:19,no
1223084,eBay,266827784713,PSHYOS4WRWH,1,12.12,2026-08-17 04:00:28,no
1223116,eBay,164725952794,CRFF100BM+PHUP1PBRBM,2,21.44,2026-08-17 05:18:08,no
1223129,eBay,318247219642,PL4HBC,1,33.89,2026-08-17 07:02:24,no
1223130,eBay,313970190866,PLWPBC,1,15.99,2026-08-17 07:02:24,no
1223133,eBay,306176384575,WCB6WH+RPR44WH,1,8.99,2026-08-17 07:25:39,no
1223134,eBay,162943564512,CNP1000GB2PK,6,59.34,2026-08-17 07:23:02,no
1223137,eBay,314140504693,CRFF100BM+LHTTE27BM,1,8.89,2026-08-17 07:35:51,no
1223146,eBay,164160427492,LDMA60E278WW,1,6.49,2026-08-17 08:02:21,no
1223153,eBay,335742953763,PSDS2RRE,1,9.89,2026-08-17 08:22:27,no
1223157,eBay,304994792578,CRSF100HBM+WSWR1PFTBM+PSDS4RBM+RD30+WR+LDG95E274,1,15.89,2026-08-17 08:49:05,no
1223158,eBay,164650149128,CL2RWH3PK,1,8.99,2026-08-17 08:42:18,no
1223163,eBay,163964665683,12UK3P10A,1,16.99,2026-08-17 08:56:56,no
1223166,eBay,163225741603,CO126ACL5PK,1,8.49,2026-08-17 09:07:41,no
1223167,eBay,163225741603,CO125ACL5PK,1,5.49,2026-08-17 09:07:41,no
1223168,eBay,163225741603,CO123ACL5PK,1,5.49,2026-08-17 09:07:41,no
1223174,eBay,167943434245,CL3TBM2PK,1,5.99,2026-08-17 09:11:51,no
1223175,eBay,164725952794,CRSF100GB+PHUP1PBRGB,1,10.99,2026-08-17 09:16:48,no
1223181,eBay,164261730528,12BO72,1,12.89,2026-08-17 09:24:56,no
1223187,eBay,163681186545,LHCCE27WH,1,5.89,2026-08-17 09:38:25,no
1223188,eBay,163681186545,LHCCE27BM+CGMLBM,1,5.49,2026-08-17 09:38:25,no
1223197,eBay,267236102729,LDCWB22185PK,1,16.30,2026-08-17 09:51:44,no
1223198,eBay,161782384942,12UK3P8A,1,13.85,2026-08-17 09:57:34,no
1223205,eBay,164942250673,CL2TBR,4,15.87,2026-08-17 10:04:37,no
1223206,eBay,317030316794,CL3TAG5PK,1,15.88,2026-08-17 10:02:16,no
1223207,eBay,315956799603,ENC8165,1,19.80,2026-08-17 10:07:39,no
1223209,eBay,336538607091,RBCRFF500BM+WSSS70YB3PK+RBLSDO210BC3PK,1,24.99,2026-08-17 10:17:32,no
1223210,eBay,165201467647,12IP20480,1,30.79,2026-08-17 10:11:20,no
1223227,eBay,306343542496,WCWYBM,1,8.55,2026-08-17 10:40:20,no
1223228,eBay,317030316794,CL3TBR2PK,1,8.38,2026-08-17 10:39:09,no
1223229,eBay,266742973079,CL3TBK3PK,1,7.99,2026-08-17 10:37:35,no
1223230,eBay,163181575288,LHBRE14BM,1,8.38,2026-08-17 10:37:27,no
1223231,eBay,163585361443,12IP6730,3,35.94,2026-08-17 10:39:26,no
1223234,eBay,126168333172,LDLIE27TF4,1,7.89,2026-08-17 10:44:35,no
1223235,eBay,126168333172,LDLIE27ST4,1,7.89,2026-08-17 10:44:35,no
1223236,eBay,163008902707,12IP6715,1,7.89,2026-08-17 10:47:18,no
1223237,eBay,163585361443,12IP6710,1,7.89,2026-08-17 10:45:58,no
1223238,eBay,305698440823,CL3TBD3PK,1,8.21,2026-08-17 10:50:31,no
1223252,eBay,266223215729,LSCY290BU+RPR44WH,3,41.52,2026-08-17 11:16:36,no
1223273,eBay,163964665683,12UK3P5A,1,13.89,2026-08-17 11:50:56,no
1223274,eBay,165365087205,CRSF108GB+HK10GB,1,6.99,2026-08-17 11:52:27,no
1223287,eBay,304786411657,PHSF1BWTSN,1,9.25,2026-08-17 12:19:47,no
1223290,eBay,163585361443,24IP6720,1,11.54,2026-08-17 12:21:44,no
1223291,eBay,265660312592,LDMG95B228,1,6.99,2026-08-17 12:22:13,no
1223292,eBay,267121715682,12IP6720,1,8.69,2026-08-17 12:27:59,no
1223297,eBay,265835389958,ENC685,1,47.84,2026-08-17 12:30:58,no
1223304,eBay,164279909548,PSDS2RBL,2,18.98,2026-08-17 12:45:00,no
1223305,eBay,163964665683,12UK3P10A,1,16.99,2026-08-17 12:50:33,no
1223317,eBay,267073162939,LDMST64B2282PK,1,10.99,2026-08-17 12:58:08,no
1223318,eBay,163693940389,CBSF175,2,11.86,2026-08-17 12:57:27,no
1223319,eBay,163445610793,CL3TGL5PK,1,15.78,2026-08-17 12:58:26,no
1223323,eBay,164255843565,RPR44WH2PK,1,5.09,2026-08-17 13:08:07,no
1223333,eBay,267340970424,CL3TBK3PK,1,7.99,2026-08-17 13:16:32,no
1223334,eBay,162949535147,LDMG80B224,6,29.64,2026-08-17 13:11:35,no
1223338,eBay,317870935135,PHSF1BWTSN,6,56.64,2026-08-17 13:16:27,no
1223348,eBay,123085399158,CL3RBM,1,2.99,2026-08-17 13:33:17,no
1223349,eBay,304785656245,LSMS320GR+RPR44WH,1,14.89,2026-08-17 13:32:56,no
1223354,eBay,163807786531,CRSF100BM+LHNSE27BY+WCBNBM,1,14.15,2026-08-17 13:41:11,no
1223355,eBay,165733545310,CSBE4WXLBM,1,7.99,2026-08-17 13:44:14,no
1223362,eBay,164554452349,ENC685,1,50.21,2026-08-17 13:51:05,no
1223376,eBay,304786539440,LSMS320BG2PK+RPR44WH2PK,1,26.99,2026-08-17 14:18:08,no
1223390,eBay,164525233292,LSFT220GY+RPR44WH,1,10.99,2026-08-17 14:21:06,no
1223391,eBay,164924746600,CCBKNWE18,1,7.89,2026-08-17 14:24:05,no
1223392,eBay,165405860182,CL3TLB5PK,1,12.89,2026-08-17 14:28:09,no
1223393,eBay,165405860182,CL3TBM5PK,1,12.89,2026-08-17 14:28:27,no
1223400,eBay,336220305276,RBLSDM220CO+RPR44WH,1,6.89,2026-08-17 14:38:33,no
1223401,eBay,164388993564,PSDS4BMBBM,1,9.99,2026-08-17 14:39:43,no
1223402,eBay,265220728079,CCORNWH24,1,5.99,2026-08-17 14:37:48,no
1223406,eBay,315610549864,PHCT80YBCYB,1,13.99,2026-08-17 14:48:32,no
1223407,eBay,314072770959,CNT900YB,2,15.98,2026-08-17 14:48:32,no
1223412,eBay,162702901154,CL2TGD,4,15.87,2026-08-17 14:55:02,no
1223413,eBay,166598501724,RWWPSYAE25WH,1,8.88,2026-08-17 14:52:52,no
1223416,eBay,318341934798,CRSF100CH+LHNSE27CH,1,11.99,2026-08-17 15:05:26,no
1223417,eBay,305698440823,CL3TGL5PK,1,12.89,2026-08-17 15:02:31,no
1223423,eBay,266190328481,12IP6715,1,14.90,2026-08-17 15:18:14,no
1223424,eBay,163445610793,CL3TGD,1,2.89,2026-08-17 15:14:39,no
1223425,eBay,163445610793,CL3TBK,1,2.89,2026-08-17 15:14:39,no
1223433,eBay,167563462461,12ASIP20300,3,53.97,2026-08-17 15:38:40,no
1223434,eBay,122989185800,LDMT45B224,4,19.76,2026-08-17 15:33:38,no
1223439,eBay,164655986985,PHSF1PWR20WH+LSWE315OR+ICST64E27,1,20.89,2026-08-17 15:45:36,no
1223446,eBay,127362491738,CRSF100BM+LHTTE27BM,1,7.29,2026-08-17 15:52:22,no
1223447,eBay,162949535147,LDMG80B224,5,24.70,2026-08-17 15:55:58,no
1223448,eBay,267073162939,LDMA60E2745PK,1,20.49,2026-08-17 15:56:07,no
1223456,eBay,267073162939,LDMST64E274,1,6.49,2026-08-17 16:05:34,no
1223457,eBay,304787957066,12IP2030,2,13.98,2026-08-17 16:08:24,no
1223458,eBay,164925289077,LDMT45B224,1,5.49,2026-08-17 16:08:05,no
1223459,eBay,313003909686,WCB1WH+RPR44WH,2,16.12,2026-08-17 16:07:10,no
1223478,eBay,265660312574,CL3RCR,1,3.09,2026-08-17 16:30:57,no
1223479,eBay,266194425010,LDMST64B228,2,13.08,2026-08-17 16:38:26,no
1223481,eBay,256939232422,LHCTOYB,1,6.99,2026-08-17 16:35:35,no
1223486,eBay,163964665683,12UK3P10A,1,16.99,2026-08-17 16:41:29,no
1223491,eBay,122567684344,CL3RBR,2,5.68,2026-08-17 16:55:20,no
1223492,eBay,267038390681,CCBKNWE3,1,4.99,2026-08-17 16:51:58,no
1223506,eBay,265735364440,LSCY290BM+RPR44WH,2,29.86,2026-08-17 17:13:16,no
1223507,eBay,162562112782,5IP20100,1,13.99,2026-08-17 17:14:54,no
1223509,eBay,165864480681,PHSF1PBRYB+LSCY290CY+ICST64E27,3,61.05,2026-08-17 17:19:17,no
1223521,eBay,334017348266,WSBWBC+ICST64E27,3,56.61,2026-08-17 17:38:38,no
1223522,eBay,315192085660,LDST185E274,1,6.89,2026-08-17 17:33:43,no
1223523,eBay,163952672799,12IP6760,1,17.52,2026-08-17 17:31:46,no
1223531,eBay,123089517058,12IP6760,1,16.98,2026-08-17 17:56:21,no
1223534,eBay,167734616067,LSMS320BG+RPR44WH,1,14.99,2026-08-17 17:59:42,no
1223538,eBay,164636015985,12IP2015,1,5.49,2026-08-17 18:01:35,no
1223545,eBay,267073162939,LDMST64E2783PK,1,20.59,2026-08-17 18:17:05,no
1223565,eBay,163585361443,12IP67150,1,22.49,2026-08-17 18:31:10,no
1223577,eBay,167826149061,CRFF100BM+LHNSE27BM,2,21.78,2026-08-17 18:50:31,no
1223578,eBay,304786539507,CRFF108BM+LHTKE27BA,3,29.67,2026-08-17 18:50:29,no
1223586,eBay,166915220789,TPOS1PRBRO+ICST64E27,1,18.99,2026-08-17 18:54:53,no
1223590,eBay,162799417330,5IP2028,1,5.49,2026-08-17 19:02:25,no
1223591,eBay,164503113377,PHCD1PBRBM+LSTM310BM+ICST64E27,2,51.08,2026-08-17 19:09:22,no
1223592,eBay,165094836684,LHSHE27CO,1,5.49,2026-08-17 19:10:04,no
1223593,eBay,162975561793,CL3THE2PK,1,5.49,2026-08-17 19:10:04,no
1223594,eBay,313614825851,LHNSE27FG,1,11.25,2026-08-17 19:02:36,no
1223595,eBay,315192085660,LDST185E274,1,6.89,2026-08-17 19:09:52,no
1223596,eBay,313620003527,CL2THE,3,11.43,2026-08-17 19:10:29,no
1223601,eBay,267073162939,LDMST64B2283PK,1,15.49,2026-08-17 19:25:00,no
1223607,eBay,162975561793,CL3TBMAPK,1,26.89,2026-08-17 19:28:17,no
1223608,eBay,163693940389,CBSF95,1,5.09,2026-08-17 19:30:36,no
1223609,eBay,266190305688,LHELB22GD,1,4.99,2026-08-17 19:25:00,no
1223616,eBay,168209967467,SPPGUK3PTR4PK,1,9.69,2026-08-17 19:32:01,no
1223617,eBay,304786539517,24IP6736,1,12.67,2026-08-17 19:34:35,no
1223628,eBay,163964665683,12UK3P10A,1,16.99,2026-08-17 19:53:55,no
1223630,eBay,167826149061,CRFF100CH+LHNSE27CH,1,12.89,2026-08-17 20:00:04,no
1223631,eBay,316829411637,CL3RGD,3,11.73,2026-08-17 19:55:30,no
1223644,eBay,267121715682,12IP6736,1,11.99,2026-08-17 20:16:44,no
1223645,eBay,166269554733,PSHYOS4WRWH+ICST64E27,1,15.89,2026-08-17 20:19:33,no
1223661,eBay,267398209270,CRFF500BM+PHSQ1PBRYB3PK+LSFT220GY3PK,1,32.89,2026-08-17 20:26:45,no
1223662,eBay,267073162939,LDMST64E2763PK,1,11.49,2026-08-17 20:24:41,no
1223663,eBay,267340970424,CL2TBR3PK,1,5.99,2026-08-17 20:26:10,no
1223669,eBay,162799417330,12IP20180,1,18.99,2026-08-17 20:33:38,no
1223672,eBay,267147084463,12IP6730,1,14.39,2026-08-17 20:49:02,no
1223678,eBay,164914367042,24IP20482PK,2,27.14,2026-08-17 20:52:15,no
1223679,eBay,266718896427,LSCY290BS+RPR44WH,1,12.12,2026-08-17 20:53:26,no
1223680,eBay,267659245801,LSGL15014CL+RPM40WH,3,27.57,2026-08-17 20:53:12,no
1223681,eBay,265660312574,CL3RBK,2,5.86,2026-08-17 20:54:23,no
1223682,eBay,267073162939,LDMG95B2283PK,1,15.89,2026-08-17 20:57:09,no
1223693,eBay,313614825932,CCBC12,1,5.89,2026-08-17 21:05:27,no
1223694,eBay,316809248747,CL2TIV,4,14.04,2026-08-17 21:07:59,no
1223699,eBay,163682568149,BC3W502PK,1,7.88,2026-08-17 21:19:10,no
1223707,eBay,266190328455,12RPIP4560,1,11.48,2026-08-17 21:21:19,no
1223727,eBay,164636015985,5IP2030,1,8.49,2026-08-17 21:45:15,no
1223728,eBay,124722312083,ENC1540,1,39.26,2026-08-17 21:42:40,no
1223733,eBay,267236102729,LDCWB2218,1,5.99,2026-08-17 21:54:26,no
1223740,eBay,305715611096,WCFWROBM2PK+RPR44WH2PK,1,18.89,2026-08-17 22:10:48,no
1223769,eBay,306369732933,12IP2060,1,10.89,2026-08-17 22:44:54,no
1223770,eBay,306695180879,24IP6730,1,11.89,2026-08-17 22:51:02,no
1223780,eBay,304941509886,WCB2BS+RPR44WH,1,8.07,2026-08-17 23:06:31,no
1223782,eBay,266957628295,LDMST64E2786PK,1,25.99,2026-08-17 23:08:16,no
1223784,eBay,333938767885,CNP1000BMAPK,1,27.26,2026-08-17 23:14:58,no
1223785,eBay,162553025729,LDMC35E144,1,5.49,2026-08-17 23:12:42,no
1223791,eBay,306348326103,CL3RBM5PK,1,11.89,2026-08-17 23:23:05,no
1223808,eBay,265821693797,CRSF100CH+PHMU1PBRCH+LSDM220CH,3,47.10,2026-08-18 00:52:41,no
1223820,eBay,164397628820,CRFF105GB,1,6.99,2026-08-18 01:35:58,no
1223821,eBay,162975561793,CL3TBR,1,2.89,2026-08-18 01:35:58,no
1223825,eBay,266193179938,LDMC35E142,1,5.49,2026-08-18 02:48:07,no
1223829,eBay,317111834260,WJBIP683BM2PK,1,15.39,2026-08-18 03:15:58,no
1223862,eBay,164388993564,PSDS2WHBWH,1,9.99,2026-08-18 06:20:20,no
1223863,eBay,165199745268,12UK3P10A,1,15.99,2026-08-18 06:33:45,no
1223865,eBay,162975561793,CL3TGYAPK,1,22.48,2026-08-18 06:43:03,no
1223870,eBay,123936254662,PSOS4RGD+LHSHE27YB,3,38.25,2026-08-18 07:10:13,no
1223873,eBay,317111834260,WJBIP684BM4PK,2,39.88,2026-08-18 07:19:35,no
1223879,eBay,255943163532,LHBLE27SN,4,21.20,2026-08-18 07:28:44,no
1223887,eBay,306989981200,WCIRFS300BM+ICST64E27,1,30.89,2026-08-18 07:55:59,no
1223892,eBay,306989981200,WCIRFS300BM+ICST64E27,1,30.89,2026-08-18 08:09:31,no
1223896,eBay,256939232422,LHCTOSN,3,19.50,2026-08-18 08:20:53,no
1223908,eBay,267367123779,LSCY290YB+RPR44WH,1,13.15,2026-08-18 08:23:09,no
1223911,eBay,254838151418,CL3TRS,2,4.70,2026-08-18 08:33:12,no
1223914,eBay,304786539505,5IP2050,1,8.47,2026-08-18 08:40:22,no
1223915,eBay,304826634562,PHSF2BMRBM,1,12.67,2026-08-18 08:40:35,no
1223916,eBay,162890913600,LDMG95B228,1,6.99,2026-08-18 08:32:12,no
1223920,eBay,306369732933,12IP20600,1,38.86,2026-08-18 08:48:50,no
1223930,eBay,333910585431,PSDS2RBM+LHSHE27FG,1,12.89,2026-08-18 09:10:39,no
1223945,eBay,267073162939,LDMST64B228,1,6.89,2026-08-18 09:22:29,no
1223946,eBay,304821012551,LHC2E27WH3PK,1,10.99,2026-08-18 09:27:53,no
1223951,eBay,164046479684,PSDS4BMRGR,1,13.89,2026-08-18 09:37:14,no
1223952,eBay,267405063500,LSSS300BG2PK+RPR44WH2PK,1,23.40,2026-08-18 09:35:48,no
1223955,eBay,164924746600,CCBKNWE7,2,12.14,2026-08-18 09:44:43,no
1223958,eBay,163585361443,12IP67250,1,29.69,2026-08-18 09:52:49,no
1223959,eBay,304963286889,CRSF100CO+PHUP1PBRCO,1,10.89,2026-08-18 09:52:54,no
1223962,eBay,266307130451,12IP2012,1,5.99,2026-08-18 10:10:39,no
1223966,eBay,164531556164,WCDCBM+RPR44WH,1,10.99,2026-08-18 10:19:51,no
1223982,eBay,162438144738,LDMG95B228,1,6.99,2026-08-18 10:33:39,no
1223983,eBay,163999115806,SPSD78SN2PK,1,6.99,2026-08-18 10:36:24,no
1223987,eBay,164942250673,CL2TGY,4,15.87,2026-08-18 10:46:51,no
1223994,eBay,123770992315,LHSHE27CO,1,5.19,2026-08-18 10:56:40,no
1224001,eBay,162833219361,RPM40BM2PK,1,5.09,2026-08-18 11:04:20,no
1224002,eBay,256939232422,LHCTOSN,1,6.99,2026-08-18 11:07:03,no
1224003,eBay,314045135882,CRFF108CO+LHTKE27CO+ICST64E27,1,11.49,2026-08-18 11:01:06,no
1224004,eBay,123290439270,PSDS4BMBBM,2,18.00,2026-08-18 11:07:14,no
1224022,eBay,304941509886,WCB2BM+RPR44WH,1,8.07,2026-08-18 11:27:00,no
1224023,eBay,164261730528,12BO28,1,8.89,2026-08-18 11:27:53,no
1224028,eBay,165397658552,CRSF100SN+CL3TGY+LHSHE27SN,2,19.54,2026-08-18 11:38:25,no
1224033,eBay,164925289077,LDMG80E2743PK,1,12.89,2026-08-18 11:42:40,no
1224034,eBay,163481444917,PHSF1BMRBY,2,20.68,2026-08-18 11:50:21,no
1224047,eBay,315287058811,CRFF105BA,1,5.99,2026-08-18 11:58:40,no
1224057,eBay,162799417330,5IP2050,1,8.49,2026-08-18 12:02:07,no
1224073,eBay,163815323220,CRSF108GB+HK10GB,1,6.99,2026-08-18 12:33:44,no
1224074,eBay,304920445661,LDMST64B2246PK,1,20.79,2026-08-18 12:39:48,no
1224081,eBay,167563462461,12ASIP20300,1,17.99,2026-08-18 12:48:00,no
1224082,eBay,162553025729,LDMST64E274,1,5.49,2026-08-18 12:49:12,no
1224091,eBay,162979285541,CL3TBM,2,9.63,2026-08-18 12:59:41,no
1224097,eBay,256932904340,WSIWBS+ICST64E27,4,89.60,2026-08-18 13:09:59,no
1224098,eBay,315930332041,PLTYBM+ICST64E2760,1,18.04,2026-08-18 13:01:50,no
1224099,eBay,318590347279,TPOSBDBM,1,20.26,2026-08-18 13:07:03,no
1224106,eBay,164725952794,CRSF100GB+PHUP1PBRGB,1,10.99,2026-08-18 13:13:03,no
1224124,eBay,267073162939,LDMT45B224,1,5.49,2026-08-18 13:59:46,no
1224125,eBay,163103895742,LDMST64B228,3,19.20,2026-08-18 13:52:59,no
1224132,eBay,255943163514,PLWLBC,5,80.50,2026-08-18 14:08:29,no
1224133,eBay,266203481221,LHEDE27GD,1,5.49,2026-08-18 14:06:54,no
1224137,eBay,162823715743,ENC10313,3,49.62,2026-08-18 14:15:00,no
1224144,eBay,167943417300,CL2RGL,1,4.99,2026-08-18 14:34:49,no
1224145,eBay,164389514552,PSDS2BMRBR+ICST64E27,1,16.89,2026-08-18 14:39:55,no
1224146,eBay,266957628295,LDMST64E2745PK,1,19.89,2026-08-18 14:33:09,no
1224158,eBay,313003909686,WCB2BM+RPR44WH,1,6.99,2026-08-18 15:03:10,no
1224159,eBay,304963286889,CRSF100CH+PHUP1PCRCH,1,8.89,2026-08-18 15:05:18,no
1224160,eBay,253178071065,12IP2060,1,9.89,2026-08-18 15:05:51,no
1224161,eBay,257252790159,RBLSDM220YB+RPR44WH,1,6.87,2026-08-18 15:08:15,no
1224162,eBay,257252790159,RBLSDM220FG+RPR44WH,1,6.99,2026-08-18 15:08:15,no
1224163,eBay,165709660426,PHSF2BMTYB,3,27.87,2026-08-18 15:06:46,no
1224173,eBay,163693940389,CBSF120,1,5.49,2026-08-18 15:16:13,no
1224183,eBay,164942250673,CL3RGY,2,9.63,2026-08-18 15:38:40,no
1224193,eBay,266198003811,LHELB22GD,1,4.99,2026-08-18 15:58:06,no
1224205,eBay,163872938838,CRSF108BM+LHTTE27BM,1,8.99,2026-08-18 16:03:55,no
1224216,eBay,265855227556,12IP20480,1,29.89,2026-08-18 16:12:43,no
1224221,eBay,164725952794,CRSF100WH+PHUP1PWRWH,1,10.99,2026-08-18 16:24:01,no
1224225,eBay,265660312613,ENC593,1,43.14,2026-08-18 16:39:57,no
1224226,eBay,256218387469,LSMCSPMSMC+RPM40WH,1,26.89,2026-08-18 16:38:36,no
1224227,eBay,168246413211,LSGLULAR+RPM40WH,2,23.78,2026-08-18 16:38:32,no
1224228,eBay,316071918546,LSMCSPFLMC+RPR44WH,1,21.84,2026-08-18 16:38:27,no
1224245,eBay,256939232422,LHCTORO,4,25.16,2026-08-18 17:03:54,no
1224246,eBay,123085399158,CL2TBR,2,5.32,2026-08-18 17:02:45,no
1224247,eBay,267519662345,RWGS1342WH,2,11.76,2026-08-18 17:04:56,no
1224259,eBay,162949535147,LDMG80B224,2,10.42,2026-08-18 17:23:42,no
1224260,eBay,315379102143,LDMT45E274,2,14.52,2026-08-18 17:22:53,no
1224271,eBay,316809248747,CL3TGY,1,6.08,2026-08-18 17:42:07,no
1224272,eBay,163181575288,LHBRE14BM,1,8.38,2026-08-18 17:44:55,no
1224285,eBay,162562112782,12IP20600,1,38.89,2026-08-18 17:58:55,no
1224287,eBay,123327622795,CL3RYE,1,2.60,2026-08-18 17:52:34,no
1224303,eBay,163103895742,LDMST64E274,15,74.10,2026-08-18 18:13:14,no
1224304,eBay,163844479887,PSDS4BMBBM,2,18.98,2026-08-18 18:19:20,no
1224305,eBay,335680620222,WCB6BM+RPR44WH,2,15.96,2026-08-18 18:20:00,no
1224323,eBay,165397658552,CRSF100YB+CL3TBM+LHSHE27YB,1,10.29,2026-08-18 18:51:15,no
1224324,eBay,165398285367,CL3RBW,1,4.99,2026-08-18 18:51:53,no
1224325,eBay,164004516812,LDMC35E1445PK,1,17.78,2026-08-18 18:52:20,no
1224326,eBay,163469320347,PSDS2WHBWH,1,9.99,2026-08-18 18:59:27,no
1224327,eBay,123864683996,PLHABM,3,40.80,2026-08-18 18:56:28,no
1224329,eBay,162975561793,CL3TYECPK,1,48.78,2026-08-18 19:09:35,no
1224337,eBay,166896744289,ENC5170,2,57.78,2026-08-18 19:12:57,no
1224338,eBay,163816542391,CRSF100BM+LHHTE27BM+WCDCBM+ICST64E2740,2,35.32,2026-08-18 19:19:25,no
1224345,eBay,304785656245,LSMS320NB+RPR44WH,1,12.55,2026-08-18 19:29:27,no
1224346,eBay,265660313934,PSDS2BMRGY,1,11.18,2026-08-18 19:25:50,no
1224347,eBay,167833569765,WCCYSP160BM2PK+RPR44WH2PK,1,22.89,2026-08-18 19:28:29,no
1224355,eBay,165277421547,CCGNNWE60,1,8.99,2026-08-18 19:36:16,no
1224360,eBay,267073162939,LDMA60E274WW,1,5.49,2026-08-18 19:49:36,no
1224361,eBay,164914367042,12IP2015,1,5.49,2026-08-18 19:42:30,no
1224375,eBay,266190476182,12IP2030,1,9.88,2026-08-18 20:10:40,no
1224376,eBay,164725952794,CRSF100GB+PHUP1PBRGB,2,20.88,2026-08-18 20:02:24,no
1224377,eBay,165883257849,12BO100,1,19.89,2026-08-18 20:04:50,no
1224395,eBay,165709660426,PHSF2GDTFG+ICST64E27,1,15.89,2026-08-18 20:35:00,no
1224396,eBay,266827784713,PSHNOS2BRBM,1,8.45,2026-08-18 20:37:01,no
1224415,eBay,304786539463,12IP20100,1,12.67,2026-08-18 21:00:11,no
1224418,eBay,165397658552,CRSF100SN+CL3TGY+LHSHE27SN,2,19.54,2026-08-18 21:07:58,no
1224420,eBay,315379102143,LDMST64E274,2,16.42,2026-08-18 21:09:06,no
1224425,eBay,164093426305,WCB7WH+RPR44WH,2,17.98,2026-08-18 21:17:52,no
1224426,eBay,164525233292,LSCY290BI+RPR44WH,1,12.89,2026-08-18 21:17:52,no
1224427,eBay,267694264814,LDMG95E278APK,1,30.92,2026-08-18 21:11:35,no
1224442,eBay,267068731282,24IP6710,1,6.89,2026-08-18 21:33:40,no
1224443,eBay,267068731282,24IP6736,1,12.69,2026-08-18 21:33:40,no
1224444,eBay,267073162939,LDMA60E274WW,1,5.49,2026-08-18 21:36:49,no
1224445,eBay,267073162939,LDMC35E1443PK,1,10.49,2026-08-18 21:36:49,no
1224458,eBay,267187328766,CL2RBK5PK,1,8.99,2026-08-18 21:52:19,no
1224472,eBay,266190383598,LHTBE27CO,1,6.99,2026-08-18 22:18:04,no
1224473,eBay,267527198715,TSWGQBRE4PK,1,20.19,2026-08-18 22:18:26,no
1224474,eBay,304786539440,LSMS320OR+RPR44WH,1,13.29,2026-08-18 22:15:18,no
1224484,eBay,265660314741,LHRIE14WH,1,4.99,2026-08-18 22:35:47,no
1224488,eBay,166598501724,RWWPSYAE25WH,1,5.99,2026-08-18 22:48:56,no
1224489,eBay,166598501724,RWWPSYBF25GY,1,5.99,2026-08-18 22:48:56,no
1224503,eBay,162975561793,CL3TBMEPK,1,115.78,2026-08-18 23:15:58,no
1224505,eBay,164112613573,CRSF10025BM+PHHS1PBRBM+LSLT360BM+SPCC320BM,1,21.89,2026-08-18 23:30:27,no
1224506,eBay,315930332041,PLTYBM+ICST64E2760,1,18.04,2026-08-18 23:21:37,no
1224528,eBay,317131968059,TPOSBDBM,1,21.75,2026-08-19 00:46:15,no
1224533,eBay,313792772829,PSDS2BMRBM,2,25.62,2026-08-19 01:06:38,no
1224536,eBay,266718896427,LSCY290GR+RPR44WH,2,24.22,2026-08-19 01:18:49,no
1224539,eBay,306331601994,CRFF75CH,3,21.16,2026-08-19 01:41:09,no
1224543,eBay,164389514552,PSDS2BMRBM+ICST64E27,1,16.89,2026-08-19 02:19:47,no
1224544,eBay,166895133587,BLGRBM280BM2PK,2,81.58,2026-08-19 02:21:01,no
1224545,eBay,166352505452,LDDTCB2212,2,12.98,2026-08-19 02:28:54,no
1224548,eBay,164525233292,LSDO300YE+RPR44WH,1,9.99,2026-08-19 02:59:40,no
1224552,eBay,315379102143,LDMG95E278,1,8.88,2026-08-19 03:29:37,no
1224553,eBay,253794748665,LHC5E27WH,1,8.78,2026-08-19 03:36:37,no
1224554,eBay,316809248747,CL3TRE,4,14.40,2026-08-19 03:32:03,no
1224564,eBay,316797525557,WCCEBM,1,8.99,2026-08-19 04:13:48,no
1224586,eBay,163585361443,12IP6780,2,35.88,2026-08-19 05:18:25,no
1224593,eBay,164261730528,12BO48,1,10.89,2026-08-19 06:26:33,no
1224594,eBay,267694264814,LDMG95E278APK,1,30.92,2026-08-19 06:39:36,no
1224602,eBay,266742973079,CL3TBL5PK,1,10.99,2026-08-19 07:03:09,no
1224606,eBay,164244350750,PLTTBC+LSFT220BC+ICST64E2740,1,26.89,2026-08-19 07:34:14,no
1224607,eBay,166849248974,PHSF1GDTYB,1,12.89,2026-08-19 07:38:26,no
1224631,eBay,255943163518,CL3TBMAPK,1,24.89,2026-08-19 08:41:23,no
1224640,eBay,167606378152,ENC8165,1,25.29,2026-08-19 09:00:28,no
1224684,eBay,123226160887,CL3TRW,3,7.80,2026-08-19 10:05:02,no
1224685,eBay,123226160887,CL3TBW,3,7.80,2026-08-19 10:05:02,no
1224700,eBay,162799417330,5IP20100,1,13.99,2026-08-19 10:35:07,no
1224704,eBay,304826634562,PHSF1BMRBM,1,10.99,2026-08-19 10:45:24,no
1224720,eBay,267073162939,LDMG95E2743PK,1,11.89,2026-08-19 11:05:28,no
1224728,eBay,165316899445,CRSF108GB+WSST70GB,4,35.96,2026-08-19 11:12:39,no
1224729,eBay,162553025729,LDMC35E1445PK,2,26.38,2026-08-19 11:12:05,no
1224730,eBay,167943434245,CL3TWHAPK,1,22.89,2026-08-19 11:18:36,no
1224731,eBay,267295981796,CRFF75GB+LHAHE27GB+HK10GB+ICST64E27,2,21.60,2026-08-19 11:11:23,no
1224742,eBay,164536257638,LDMC35E144,1,5.49,2026-08-19 11:32:06,no
1224744,eBay,163844479887,PSDS4BMBBM,1,9.99,2026-08-19 11:38:24,no
1224745,eBay,165561143431,LSCY290WH+RPR44WH,2,26.58,2026-08-19 11:39:08,no
1224748,eBay,163964665683,12UK3P10A,1,16.99,2026-08-19 11:42:02,no
1224749,eBay,265842180486,LSWE315BL,1,16.62,2026-08-19 11:43:35,no
1224757,eBay,267073162939,LDMST64E276,2,11.38,2026-08-19 11:57:44,no
1224758,eBay,304786418809,WCVCRR+RPR44WH,1,19.31,2026-08-19 11:52:32,no
1224765,eBay,162568125923,SCRN70YB2PK,1,5.19,2026-08-19 12:01:12,no
1224774,eBay,166839718006,12IP20200,1,21.89,2026-08-19 12:19:36,no
1224775,eBay,123770992315,LHSHE27GB,1,5.19,2026-08-19 12:14:37,no
1224783,eBay,256218387469,LSMCSQWYBL+RPM40WH,2,43.48,2026-08-19 12:37:13,no
1224784,eBay,163866685573,RD205PK,1,5.09,2026-08-19 12:38:59,no
1224785,eBay,163866685573,NT55PK,1,5.08,2026-08-19 12:38:59,no
1224790,eBay,167826149061,CRFF100CH+LHNSE27CH,1,12.89,2026-08-19 12:46:17,no
1224791,eBay,306300527113,LHC5E27WH3PK,2,18.90,2026-08-19 12:44:45,no
1224794,eBay,317234511184,CRSF100FG+PHRI1PBRFG+LSCG185AR+ICST64E27,2,40.32,2026-08-19 12:52:45,no
1224803,eBay,165172808624,CRSF100BM+PHSH1PBRYB+LSCY290BI+ICST64E27,3,61.05,2026-08-19 13:03:52,no
1224804,eBay,304786539463,12IP2030,1,6.76,2026-08-19 13:07:19,no
1224811,eBay,164817813304,12IP6750,1,14.49,2026-08-19 13:17:51,no
1224812,eBay,164289983522,LDMG125E278,1,8.99,2026-08-19 13:21:03,no
1224813,eBay,333813672429,CL3THE5PK,1,12.78,2026-08-19 13:16:24,no
1224833,eBay,267121715682,24IP6730,1,11.49,2026-08-19 13:45:52,no
1224841,eBay,167563462461,12ASIP2060,1,9.99,2026-08-19 13:56:01,no
1224842,eBay,163225741603,CO1215ACL,1,8.38,2026-08-19 13:59:36,no
1224843,eBay,265660314739,CRSF100CH,2,11.98,2026-08-19 13:54:47,no
1224844,eBay,266190383598,LHSHE27CH,1,6.99,2026-08-19 13:54:47,no
1224847,eBay,163481444917,LHSHE27SN,2,10.42,2026-08-19 14:03:50,no
1224851,eBay,315930332041,PLTYBM,2,30.18,2026-08-19 14:13:14,no
1224854,eBay,253794748665,LHC5E27WH,1,8.78,2026-08-19 14:12:25,no
1224870,eBay,267728203573,TPOSBDBM,1,19.64,2026-08-19 14:47:48,no
1224895,eBay,267213772077,12IP20120,1,13.20,2026-08-19 14:53:32,no
1224896,eBay,266095194768,PSDS2RBM+LHSHE27GB,1,19.94,2026-08-19 14:59:32,no
1224912,eBay,167943678209,CERU72350RE,1,8.38,2026-08-19 15:06:10,no
1224913,eBay,266188029327,CCBC18,2,18.34,2026-08-19 15:08:40,no
1224917,eBay,162705554358,LDMST64E274,1,5.49,2026-08-19 15:20:36,no
1224918,eBay,335752557688,LSTF40BG2PK+RPR44WH2PK,1,14.49,2026-08-19 15:11:39,no
1224932,eBay,315379102143,LDMT45B224,1,8.38,2026-08-19 15:40:07,no
1224943,eBay,163868162295,IMRGCPK,1,8.59,2026-08-19 15:59:46,no
1224957,eBay,163434903826,LHSHE27CO,4,21.96,2026-08-19 16:09:38,no
1224958,eBay,164077107412,PHSF2BRRCO,1,12.89,2026-08-19 16:09:38,no
1224959,eBay,317030316794,CL3THEAPK,1,37.78,2026-08-19 16:09:43,no
1224960,eBay,266957628295,LDMST64E2782PK,1,11.49,2026-08-19 16:02:58,no
1224961,eBay,267073162939,LDMST64E2745PK,1,22.90,2026-08-19 16:09:48,no
1224968,eBay,254433230815,PHTT1PBR3BM+LSWT300BM,1,21.89,2026-08-19 16:19:16,no
1224978,eBay,266297758334,ENC5166,1,17.76,2026-08-19 16:24:26,no
1224980,eBay,162949535147,LDMG80B224,2,10.42,2026-08-19 16:31:02,no
1224989,eBay,256218387469,LSMCSPFLMC+RPM40WH,1,23.89,2026-08-19 16:31:58,no
1224997,eBay,162949535147,LDMG80E274,1,5.49,2026-08-19 16:43:09,no
1225002,eBay,267121715682,12IP6710,1,6.69,2026-08-19 16:58:15,no
1225008,eBay,164788778811,CL3TBM,1,8.88,2026-08-19 17:05:16,no
1225010,eBay,166239358700,LHHGE27BM2PK,1,9.99,2026-08-19 17:08:05,no
1225031,eBay,266223215729,LSCY290GY+RPR44WH,3,34.29,2026-08-19 17:13:24,no
1225032,eBay,162553025729,LDMT45E274,1,5.49,2026-08-19 17:17:24,no
1225033,eBay,162823715743,ENC10313,1,17.79,2026-08-19 17:20:28,no
1225039,eBay,161782384942,12UK3P5A,1,13.89,2026-08-19 17:27:50,no
1225040,eBay,304786539440,LSMS320CB+RPR44WH,1,13.29,2026-08-19 17:25:01,no
1225045,eBay,266164545228,LDMT45B224,1,5.49,2026-08-19 17:35:01,no
1225046,eBay,267073162939,LDMT45B224,1,5.49,2026-08-19 17:39:08,no
1225051,eBay,317526786920,WCIRFS300BM+ICST64E27,1,27.92,2026-08-19 17:47:28,no
1225076,eBay,266196610405,WJB3,1,8.24,2026-08-19 18:03:22,no
1225077,eBay,266191629427,CL2RBM,4,10.40,2026-08-19 18:04:56,no
1225091,eBay,317613042254,PSDS4BMRRE,1,11.15,2026-08-19 18:21:31,no
1225094,eBay,313614839666,ENC308,2,37.78,2026-08-19 18:30:37,no
1225104,eBay,305698440823,CL3TBR3PK,1,8.69,2026-08-19 18:39:20,no
1225113,eBay,162975561793,CL3TBMAPK,1,18.89,2026-08-19 18:54:50,no
1225114,eBay,165883257849,12SAN60,3,41.52,2026-08-19 18:47:08,no
1225119,eBay,166849248974,LHSHE27FG,1,5.49,2026-08-19 18:54:50,no
1225122,eBay,265812777033,LDMA60E278WW3PK,1,9.19,2026-08-19 18:55:30,no
1225123,eBay,304963286889,CRSF100WH+PHUP1PWRWH+ICST64E27,1,11.89,2026-08-19 18:52:25,no
1225130,eBay,164043595851,LSCY290GC+RPR44WH,1,12.56,2026-08-19 19:16:03,no
1225135,eBay,266132039859,PSOS4BMBBM,1,10.99,2026-08-19 19:22:23,no
1225137,eBay,164924746600,CCGNNSWE48,1,10.99,2026-08-19 19:38:31,no
1225143,eBay,164068060437,HRE1428BM2PK,1,7.98,2026-08-19 19:46:35,no
1225144,eBay,164925289077,LDMG95B224,1,5.98,2026-08-19 19:46:50,no
1225145,eBay,267073162939,LDMST64B2243PK,1,10.49,2026-08-19 19:45:35,no
1225146,eBay,122593088592,WCBNBC+RPR44WH,1,7.45,2026-08-19 19:45:36,no
1225171,eBay,267073162939,LDMA60E274WW,1,5.49,2026-08-19 20:14:44,no
1225179,eBay,304786539463,12IP20480,3,83.37,2026-08-19 20:38:36,no
1225188,eBay,166849248974,PHSF1ROTRO,1,12.89,2026-08-19 20:58:53,no
1225189,eBay,123717934785,LSCP150OR+RPR44WH,1,8.89,2026-08-19 20:53:31,no
1225190,eBay,313970190871,CRSF100BM+PHSQ1PBRYB+LSSS300BI+ICST64E27,1,19.43,2026-08-19 20:59:12,no
1225195,eBay,313501509419,CRSF100BM+LHLFE27BM+LSDO210BG,1,15.19,2026-08-19 21:04:09,no
1225197,eBay,163937083587,12IP20180,1,10.19,2026-08-19 21:01:56,no
1225198,eBay,304823831922,12IP2012,1,5.49,2026-08-19 21:03:11,no
1225220,eBay,304920725440,LSCY290OR6PK+RPR44WH6PK,1,57.45,2026-08-19 21:26:30,no
1225223,eBay,167943442329,CL2RPU,3,10.70,2026-08-19 21:36:47,no
1225224,eBay,336120638551,LHMR16SK,1,3.89,2026-08-19 21:35:35,no
1225225,eBay,122989185800,LDMG80B224,1,5.49,2026-08-19 21:40:03,no
1225226,eBay,122989185800,LDMT45B224,1,5.49,2026-08-19 21:40:03,no
1225227,eBay,266190383294,LDMG95E274,1,6.99,2026-08-19 21:35:07,no
1225234,eBay,164492030061,CL2TRO,2,10.04,2026-08-19 21:45:50,no
1225235,eBay,253794748665,LHC1E27WH,4,24.09,2026-08-19 21:44:06,no
1225254,eBay,168607674367,ENC10237,1,69.20,2026-08-19 22:11:01,no
1225255,eBay,168607674367,ENC10232,1,36.71,2026-08-19 22:11:01,no
1225256,eBay,266190312796,WCVCBC+RPR44WH,4,32.00,2026-08-19 22:18:40,no
1225257,eBay,267068731282,12IP6715,1,7.89,2026-08-19 22:27:42,no
1225258,eBay,306348377837,24IP20200,1,20.50,2026-08-19 22:25:59,no
1225262,eBay,163141938615,CL2RGY3PK,2,13.28,2026-08-19 22:38:58,no
1225267,eBay,165709660426,PHSF2BMTBM,2,20.88,2026-08-19 22:42:06,no
1225268,eBay,164261730528,12BO28,1,8.89,2026-08-19 22:44:43,no
1225271,eBay,167833569765,WCCYSP160BM,1,12.89,2026-08-19 22:58:47,no
1225275,eBay,168604590135,PCTEL20WH,10,10.69,2026-08-19 23:06:53,no
1225293,eBay,266194575535,CL3TBMAPK,1,19.99,2026-08-20 00:13:27,no
1225294,eBay,266194575535,CL3TBRAPK,1,19.99,2026-08-20 00:13:27,no
1225298,eBay,165074694177,LSGL12010AR2PK+RPM40WH2PK,1,13.89,2026-08-20 00:31:20,no
1225299,eBay,165199745268,12UK3P8A,3,38.73,2026-08-20 00:32:30,no
1225303,eBay,265232275665,LSGL100145BL+RPM40WH,1,12.12,2026-08-20 00:57:18,no
1225307,eBay,317526786920,WCIRFS300BM+ICST64E27,1,27.92,2026-08-20 01:23:15,no
1225316,eBay,162949535147,LDMG80B224,1,5.49,2026-08-20 03:32:56,no
1225359,eBay,164132412290,CCBKNWE48,10,89.00,2026-08-20 06:36:05,no
1225361,eBay,164872020382,ENC761,1,35.89,2026-08-20 06:42:46,no
1225362,eBay,266375053813,LSCASN3EG5+LDMC35E1445PK,1,76.04,2026-08-20 06:42:41,no
1225375,eBay,267340970424,CL3RHE3PK,1,7.99,2026-08-20 07:54:21,no
1225376,eBay,266439765395,LDDCWE145,1,5.49,2026-08-20 07:57:04,no
1225377,eBay,335680620222,WCB4WH+RPR44WH,1,6.49,2026-08-20 07:51:24,no
1225380,eBay,167943426503,CL3TGD,3,12.86,2026-08-20 08:12:00,no
1225383,eBay,165894850271,CRFF140BM+HK10BM,1,5.49,2026-08-20 08:38:14,no
1225384,eBay,164525233292,LSCY290WH+RPR44WH,1,14.59,2026-08-20 08:39:56,no
1225385,eBay,164525233292,LSSS300RR+RPR44WH,1,13.89,2026-08-20 08:39:56,no
1225386,eBay,167653088824,ENC8927,2,32.08,2026-08-20 08:40:34,no
1225399,eBay,164655986985,PHSF1PWR20WH+LSWE315WH+ICST64E27,1,20.89,2026-08-20 08:54:03,no
1225400,eBay,163017275623,CL3RWH3PK,1,7.89,2026-08-20 09:04:49,no
1225401,eBay,166887385832,LSDM220CH+RPR44WH,1,10.70,2026-08-20 09:07:52,no
1225410,eBay,257062216730,LDMST64E2742PK,2,18.40,2026-08-20 09:21:35,no
1225413,eBay,265735364440,LSSS300GR+RPR44WH,2,32.12,2026-08-20 09:33:32,no
1225419,eBay,313978289239,ENC6190,1,42.74,2026-08-20 09:41:35,no
1225428,eBay,163445610793,CL3TBKAPK,1,27.78,2026-08-20 09:52:57,no
1225445,eBay,314555942222,CRSF100BM+PHSH1PBRYB+WCWDBM+ICST64E27,1,18.42,2026-08-20 10:40:18,no
1225447,eBay,265660312592,LDMG95B228,1,6.99,2026-08-20 10:45:48,no
1225460,eBay,267527185215,TSLCQA10WH,1,5.49,2026-08-20 11:04:07,no
1225470,eBay,255943163528,WCBNBM+RPR44WH,3,23.97,2026-08-20 11:16:19,no
1225471,eBay,161782384942,12UK3P8A,9,112.14,2026-08-20 11:11:51,no
1225472,eBay,163693940389,CBSF115,1,8.19,2026-08-20 11:15:50,no
1225473,eBay,166851990846,FCB209A4GRGPK,1,7.89,2026-08-20 11:16:21,no
1225477,eBay,267256572200,CRSF100BM+PHHN1PBRGD+LSDO210BG+ICST64E27,1,17.76,2026-08-20 11:30:37,no
1225480,eBay,162283920873,12IP20600,1,31.49,2026-08-20 11:37:47,no
1225481,eBay,255943163532,LHTBE27RO,1,5.59,2026-08-20 11:35:28,no
1225493,eBay,165397658552,CRSF100WH+CL3TBM+LHSHE27YB,1,10.29,2026-08-20 11:41:47,no
1225494,eBay,162077407274,CCBC7,4,24.15,2026-08-20 11:43:50,no
1225505,eBay,164261730528,12BO28,1,8.89,2026-08-20 11:58:25,no
1225512,eBay,305859110683,LSTF400YE+RPR44WH,1,16.66,2026-08-20 12:08:35,no
1225518,eBay,162799417330,12IP2060,1,10.89,2026-08-20 12:09:22,no
1225522,eBay,163964665683,12UK3P10A,2,32.28,2026-08-20 12:16:06,no
1225542,eBay,304826634562,PHSF1BWTSN,1,9.98,2026-08-20 12:41:10,no
1225561,eBay,165405860182,CL3TBM5PK,1,12.89,2026-08-20 13:05:56,no
1225566,eBay,167833569765,WCCYSP160GD+RPR44WH,1,11.49,2026-08-20 13:18:55,no
1225582,eBay,162975561793,CL3TBM,2,14.77,2026-08-20 13:33:29,no
1225591,eBay,266190416116,CL2TBM5PK,1,10.99,2026-08-20 13:52:54,no
1225592,eBay,266707955061,WLRPE27BM,1,17.77,2026-08-20 13:58:33,no
1225593,eBay,165129881555,CRSF1205BM+HK10BM5PK,1,9.99,2026-08-20 13:53:04,no
1225594,eBay,163585361443,24IP67150,1,29.89,2026-08-20 13:55:16,no
1225608,eBay,313614825876,CRFF100BM,1,5.89,2026-08-20 14:15:51,no
1225614,eBay,318462781248,TSKCBM,1,6.50,2026-08-20 14:29:12,no
1225620,eBay,164817813304,12IP6710,1,6.89,2026-08-20 14:31:53,no
1225621,eBay,164817813304,12IP6750,1,14.49,2026-08-20 14:31:53,no
1225623,eBay,266193179938,LDMG125E278,2,17.08,2026-08-20 14:44:01,no
1225641,eBay,267002624540,ENC3951,1,53.18,2026-08-20 15:11:03,no
1225647,eBay,125080773359,CBSF80,1,5.15,2026-08-20 15:20:52,no
1225648,eBay,166408159134,WCFWROCO2PK+RPR44WH2PK,1,18.89,2026-08-20 15:16:01,no
1225649,eBay,166408159134,WCFWROCO+RPR44WH,1,10.99,2026-08-20 15:16:01,no
1225663,eBay,166612383020,CKDZH03610SB,1,23.18,2026-08-20 15:38:09,no
1225667,eBay,267121715682,24IP6780,1,17.95,2026-08-20 15:44:38,no
1225668,eBay,266984735032,LDMST64B2242PK,3,33.45,2026-08-20 15:47:46,no
1225669,eBay,335680620222,WCB7WH+RPR44WH,1,7.98,2026-08-20 15:47:23,no
1225673,eBay,265660312558,CRSF125CH+WSAT105CH,3,20.88,2026-08-20 15:59:26,no
1225679,eBay,267121715682,12IP6720,1,8.69,2026-08-20 16:06:37,no
1225680,eBay,162799417330,24IP20360,2,43.48,2026-08-20 16:03:45,no
1225681,eBay,165405860182,CL2TBU5PK,1,10.99,2026-08-20 16:04:04,no
1225682,eBay,164261730528,12BO18,2,16.88,2026-08-20 16:06:13,no
1225697,eBay,164886581739,CCBC12,1,5.89,2026-08-20 16:22:48,no
1225704,eBay,163585361443,24IP6710,1,6.59,2026-08-20 16:47:22,no
1225705,eBay,333797114625,12IP6730,1,14.19,2026-08-20 16:46:48,no
1225723,eBay,164914367042,12IP20100,1,26.98,2026-08-20 17:05:15,no
1225724,eBay,165901230400,ENC4301,2,71.80,2026-08-20 17:08:42,no
1225732,eBay,256483719676,LDMST64E2742PK,1,6.89,2026-08-20 17:13:19,no
1225733,eBay,164636015985,12IP2080,1,9.99,2026-08-20 17:11:56,no
1225734,eBay,163585361443,12IP6730,1,12.89,2026-08-20 17:20:21,no
1225735,eBay,267121715682,12IP6760,1,15.29,2026-08-20 17:18:12,no
1225745,eBay,267660184323,PSDS4RBR,1,12.12,2026-08-20 17:21:23,no
1225746,eBay,266198014153,CBSF120,1,5.49,2026-08-20 17:30:29,no
1225752,eBay,335752538953,CRFF100BM+LHNSE27BM,1,10.99,2026-08-20 17:38:37,no
1225753,eBay,162799417330,5IP20200,1,20.98,2026-08-20 17:30:49,no
1225759,eBay,267121715682,12IP67302PK,1,24.49,2026-08-20 17:44:49,no
1225766,eBay,256042455435,LSWD360BM,1,18.89,2026-08-20 17:59:11,no
1225771,eBay,267073162939,LDMG95E2743PK,1,11.89,2026-08-20 18:19:14,no
1225772,eBay,256939232422,LHCTOSN,1,6.99,2026-08-20 18:17:32,no
1225773,eBay,304786539463,12IP20100,1,12.67,2026-08-20 18:16:12,no
1225774,eBay,121819494236,CL3RGD5PK,1,11.49,2026-08-20 18:16:56,no
1225777,eBay,167889814166,ENC8035,4,79.96,2026-08-20 18:23:16,no
1225778,eBay,162553025729,LDMC35E1443PK,1,10.99,2026-08-20 18:28:26,no
1225785,eBay,313003909686,WCB3WH+RPR44WH,2,16.12,2026-08-20 18:39:38,no
1225796,eBay,162886370381,CRFF108GB+HK10GB,2,13.28,2026-08-20 18:47:09,no
1225805,eBay,162799417330,12IP20200,1,21.89,2026-08-20 19:00:06,no
1225814,eBay,333813672429,CL3THE3PK,1,9.98,2026-08-20 19:05:27,no
1225815,eBay,266254252267,ENC807,3,53.46,2026-08-20 19:05:00,no
1225816,eBay,263257417212,LDMG95E274,1,6.47,2026-08-20 19:02:30,no
1225820,eBay,164267913779,CCBC12,4,21.56,2026-08-20 19:14:31,no
1225822,eBay,333813672429,CL3THEAPK,1,22.98,2026-08-20 19:19:15,no
1225823,eBay,267121715682,12IP672502PK,1,90.69,2026-08-20 19:12:10,no
1225827,eBay,257070669136,LHSHE27CH,2,10.72,2026-08-20 19:27:38,no
1225841,eBay,162823715743,ENC10313,2,33.80,2026-08-20 19:49:13,no
1225849,eBay,165950250284,ENC4453,1,32.89,2026-08-20 19:51:06,no
1225862,eBay,333910683845,PSDS2RBR+LHSHE27YB,1,13.44,2026-08-20 20:07:47,no
1225868,eBay,315379102143,LDMG95E278,1,8.88,2026-08-20 20:17:30,no
1225873,eBay,126424948431,SWV102GCH,2,11.18,2026-08-20 20:23:32,no
1225874,eBay,265660313948,RPM40BM2PK,1,5.99,2026-08-20 20:28:11,no
1225875,eBay,266190324892,HRE1428BM2PK,1,6.99,2026-08-20 20:28:54,no
1225889,eBay,267073162939,LDMST64B228,1,6.89,2026-08-20 20:44:15,no
1225890,eBay,165365610088,LSDO210NB+RPR44WH,1,8.89,2026-08-20 20:49:37,no
1225903,eBay,167565749301,CCBKNWE12,1,5.89,2026-08-20 21:09:36,no
1225904,eBay,265660313934,PSDS2BMRGD+ICST64E27,1,13.06,2026-08-20 21:03:38,no
1225931,eBay,315379102143,LDMST64B224,2,14.52,2026-08-20 21:43:08,no
1225933,eBay,164244059825,LHAHE27CH,1,5.49,2026-08-20 21:47:21,no
1225938,eBay,165068836618,CRSF100BL+PHCH1PWRSBL+LSCY290BL,6,102.00,2026-08-20 21:58:36,no
1225940,eBay,162954268540,24IP20360,1,22.89,2026-08-20 22:05:33,no
1225959,eBay,167833569765,WCCYSP160WH,1,12.89,2026-08-20 22:37:51,no
1225960,eBay,317842378456,LSGLFP245PU+RPM40WH,1,14.24,2026-08-20 22:33:26,no
1225978,eBay,267367123779,LSCY290CH+RPR44WH,1,13.15,2026-08-20 23:05:36,no
1225985,eBay,165261757862,ENC2435,2,30.18,2026-08-20 23:23:30,no
1225986,eBay,267073162939,LDMG80E2745PK,1,20.49,2026-08-20 23:22:40,no
1225988,eBay,265660314741,LHRIE14WH,1,4.99,2026-08-20 23:39:01,no
1226001,eBay,164925289077,LDMG95E2745PK,1,19.89,2026-08-21 00:30:25,no
1226006,eBay,266901660057,WCB6BC2PK+RPR44WH2PK,1,14.44,2026-08-21 01:40:49,no
1226007,eBay,164176156205,WLFS220BM,3,41.82,2026-08-21 01:56:33,no
1226010,eBay,255943163532,LHBLE27CH,1,5.89,2026-08-21 02:38:15,no
1226039,eBay,306369732933,12IP20180,1,18.22,2026-08-21 04:32:24,no
1226049,eBay,163527822125,LHSHE27BA,1,7.29,2026-08-21 06:11:31,no
1226068,eBay,166849248974,PHSF1GDTYB,3,38.67,2026-08-21 07:53:06,no
1226069,eBay,162553025729,LDMST64E2763PK,1,12.89,2026-08-21 07:58:42,no
1226081,eBay,164261730528,12BO72,1,12.89,2026-08-21 08:17:57,no
1226086,eBay,163441967260,CRFF108GB+WSSS70GB+SCRN70GB,1,9.60,2026-08-21 08:35:05,no
1226099,eBay,163964665683,12UK3P8A,1,13.89,2026-08-21 09:01:58,no
1226102,eBay,165922146584,CRFF500BM+PHSH1PBRYB3PK+WCBLBM3PK,1,37.89,2026-08-21 09:11:06,no
1226107,eBay,165365087205,CRSF108GB+HK10GB,3,19.50,2026-08-21 09:29:45,no
1226123,eBay,163181575288,LHBGE27BM,1,8.38,2026-08-21 09:41:44,no
1226124,eBay,163020803608,12IP20200,1,20.89,2026-08-21 09:47:52,no
1226125,eBay,123290439270,PSOS2BMBBM,1,9.48,2026-08-21 09:41:47,no
1226131,eBay,314257032214,CRFF75GB2PK,1,10.35,2026-08-21 09:54:44,no
1226132,eBay,165201467647,12IP20120,1,15.89,2026-08-21 10:00:23,no
1226137,eBay,165568516147,LSHQ150WH+RPR44WH,1,9.99,2026-08-21 10:08:38,no
1226138,eBay,163158670976,PSDS2WHBWH,1,9.99,2026-08-21 10:08:38,no
1226144,eBay,162799417330,24IP20120,1,14.89,2026-08-21 10:16:32,no
1226145,eBay,167943788384,CERU36150YE,1,1.49,2026-08-21 10:17:57,no
1226146,eBay,167943788384,CERU36300YE,1,2.69,2026-08-21 10:17:57,no
1226147,eBay,164958853389,12MIP2015,2,9.66,2026-08-21 10:20:36,no
1226150,eBay,314555942222,CRSF100BM+PHSH1PBRYB+WCWDBM+ICST64E27,3,54.09,2026-08-21 10:29:20,no
1226151,eBay,166882038274,LSCO335WH+RPR44WH,1,13.89,2026-08-21 10:21:24,no
1226152,eBay,162886370381,CRFF108GB+HK10GB,1,6.99,2026-08-21 10:22:41,no
1226157,eBay,162276028284,12IP6724,1,10.99,2026-08-21 10:32:50,no
1226161,eBay,164958853389,12MIP2015,1,5.09,2026-08-21 10:43:08,no
1226162,eBay,266188029327,CCBC18,3,18.09,2026-08-21 10:45:25,no
1226169,eBay,317622548358,CKKLYB,1,8.49,2026-08-21 10:54:20,no
1226173,eBay,165398285367,CL3RRW3PK,1,6.49,2026-08-21 11:03:56,no
1226174,eBay,164261730528,12BO18,2,16.88,2026-08-21 11:04:27,no
1226175,eBay,165261757862,CRSF100HBM+WSWR1PFTBM+RD30+WR+PSDS4BPB,2,26.00,2026-08-21 11:08:12,no
1226186,eBay,163445610793,CL3TBRAPK,1,29.78,2026-08-21 11:13:40,no
1226192,eBay,266203481221,LHEDE27GD,1,5.49,2026-08-21 11:24:56,no
1226193,eBay,163999115806,SPSD78SN2PK,1,6.99,2026-08-21 11:21:27,no
1226205,eBay,253794748665,LHC2E27WH,2,14.07,2026-08-21 11:44:23,no
1226216,eBay,306369732933,12IP20100,1,11.86,2026-08-21 12:00:00,no
1226217,eBay,313614826186,12IP67250,1,31.89,2026-08-21 11:54:32,no
1226219,eBay,162553025729,LDMST64E2742PK,1,9.69,2026-08-21 11:52:24,no
1226240,eBay,164636015985,24IP20200,2,39.04,2026-08-21 12:19:21,no
1226249,eBay,305715611096,WCFWROCO+RPR44WH,1,10.89,2026-08-21 12:23:58,no
1226251,eBay,266901660057,WCB2WH2PK+RPR44WH2PK,3,35.88,2026-08-21 12:29:23,no
1226252,eBay,167833569765,WCCYSP160WH2PK+RPR44WH2PK,1,16.89,2026-08-21 12:31:02,no
1226263,eBay,166408159134,WCFWROCO2PK+RPR44WH2PK,1,18.89,2026-08-21 12:47:07,no
1226285,eBay,315379102143,LDMST64E278,2,20.02,2026-08-21 13:29:28,no
1226286,eBay,267073162939,LDMG125E2785PK,1,32.95,2026-08-21 13:24:53,no
1226293,eBay,267073162939,LDMST64E2763PK,1,11.49,2026-08-21 13:39:05,no
1226294,eBay,163643497151,12ASIP20200,4,61.16,2026-08-21 13:34:18,no
1226297,eBay,266196406229,CRFF75GB,2,9.48,2026-08-21 13:49:31,no
1226303,eBay,267400447839,LSMS320NB+RPR44WH,1,13.89,2026-08-21 13:59:58,no
1226304,eBay,267400447839,LSMS320OR+RPR44WH,1,13.89,2026-08-21 13:59:58,no
1226305,eBay,165645262692,CRFF100BM+LHTTE27BM,1,8.99,2026-08-21 13:58:22,no
1226312,eBay,167565749301,CCBKNWE7,2,12.78,2026-08-21 14:08:22,no
1226323,eBay,254897538897,WSBWBM,1,15.27,2026-08-21 14:12:23,no
1226324,eBay,255943163532,LHSHE27YB,1,5.64,2026-08-21 14:14:57,no
1226325,eBay,265660312527,PSDS2RBR,1,10.24,2026-08-21 14:15:02,no
1226327,eBay,317111834260,WJBIP684BM4PK,1,20.99,2026-08-21 14:27:56,no
1226328,eBay,164261730528,12BO100,1,18.99,2026-08-21 14:30:36,no
1226333,eBay,305887913632,WSOSBDBM2PK,1,38.89,2026-08-21 14:32:26,no
1226336,eBay,164261730528,12BO18,1,8.89,2026-08-21 14:50:00,no
1226344,eBay,304813856521,PSOS4BMBBM,1,13.88,2026-08-21 14:51:05,no
1226345,eBay,267073162939,LDMA60E274WW,1,5.49,2026-08-21 14:56:24,no
1226352,eBay,163225741603,CO1260ACL,1,8.88,2026-08-21 15:04:42,no
1226354,eBay,304809688000,CNP1000GB,1,9.79,2026-08-21 15:03:36,no
1226362,eBay,162698748746,CL2TGR,1,5.58,2026-08-21 15:14:58,no
1226363,eBay,164714077597,5IP20150,2,35.88,2026-08-21 15:13:16,no
1226369,eBay,163285120530,HLLK60BM2PK,1,5.49,2026-08-21 15:22:56,no
1226370,eBay,164728612762,CRSF125CO+WSAT105CO+ICST64E27,2,18.98,2026-08-21 15:26:01,no
1226371,eBay,267073162939,LDMST64B224,1,5.99,2026-08-21 15:27:07,no
1226372,eBay,267073162939,LDMG95B224,1,5.99,2026-08-21 15:27:07,no
1226375,eBay,163964665683,12UK3P5A,1,13.89,2026-08-21 15:32:12,no
1226376,eBay,168319885149,LSGLSC115AR+RPM40WH,1,10.89,2026-08-21 15:35:06,no
1226380,eBay,168371657548,LHRTE27WH,1,5.19,2026-08-21 15:43:10,no
1226385,eBay,164176156205,WLFS220BM,1,13.94,2026-08-21 15:59:33,no
1226389,eBay,304786411901,12UK3P8A,1,16.16,2026-08-21 16:04:42,no
1226390,eBay,306303997646,WSIWCRBC+ICT45E2760,1,27.89,2026-08-21 16:06:11,no
1226394,eBay,165196214807,12IP20480,1,28.49,2026-08-21 16:13:51,no
1226395,eBay,165201467647,12IP20120,1,15.89,2026-08-21 16:14:56,no
1226404,eBay,314038289460,CL3TGY5PK,1,17.08,2026-08-21 16:45:14,no
1226417,eBay,164492030061,CL3TBK,3,14.76,2026-08-21 16:59:55,no
1226425,eBay,163025541768,LDMT185B224,1,6.99,2026-08-21 17:04:21,no
1226428,eBay,255089323308,PCRNSR2PK,2,10.58,2026-08-21 17:14:22,no
1226429,eBay,255089323308,PCRN3WC2PK,2,10.58,2026-08-21 17:14:22,no
1226430,eBay,255089323308,PCRNCP2PK,2,10.58,2026-08-21 17:14:22,no
1226431,eBay,315379102143,LDMT45E274,8,47.76,2026-08-21 17:12:36,no
1226441,eBay,168403853502,CRFF108BM+PHRI1PBRBA+LSCY290BG,1,17.57,2026-08-21 17:21:12,no
1226442,eBay,162283920873,12IP2024,1,6.99,2026-08-21 17:23:33,no
1226443,eBay,306348377837,24IP20120,1,14.84,2026-08-21 17:29:39,no
1226448,eBay,305682162344,LSDO300RE+RPR44WH,1,11.89,2026-08-21 17:35:28,no
1226454,eBay,317609587060,PSDS4BMBBM,1,11.99,2026-08-21 17:48:31,no
1226462,eBay,162889183073,CRSF100CH,2,15.71,2026-08-21 17:57:19,no
1226463,eBay,165405860182,CL2TGR5PK,1,10.99,2026-08-21 17:58:15,no
1226464,eBay,317589335828,ENC3849,1,59.75,2026-08-21 17:53:59,no
1226470,eBay,164908536180,LSGD280AR+SCRN70FG,1,22.89,2026-08-21 18:06:22,no
1226471,eBay,162823715743,ENC10313,3,49.62,2026-08-21 18:08:48,no
1226476,eBay,163481444917,LHSHE27SN,2,10.42,2026-08-21 18:15:49,no
1226493,eBay,163008902707,12IP6710,1,6.89,2026-08-21 18:34:09,no
1226494,eBay,164004516812,LDMG80E2743PK,1,16.78,2026-08-21 18:39:19,no
1226506,eBay,267073162939,LDMT45E2743PK,1,12.89,2026-08-21 19:17:24,no
1226507,eBay,266742973079,CL3TBM5PK,1,12.89,2026-08-21 19:20:37,no
1226511,eBay,164244350750,PLTTBC+WCBNBC+LDMT130E274,1,25.01,2026-08-21 19:27:44,no
1226512,eBay,165405860182,CL3TBM5PK,1,12.89,2026-08-21 19:30:27,no
1226515,eBay,266190383294,LDMA60E274WW3PK,1,10.99,2026-08-21 19:38:20,no
1226516,eBay,315379102143,LDMT45B224,1,8.38,2026-08-21 19:32:58,no
1226527,eBay,165422275157,ENC3287,1,39.07,2026-08-21 19:52:40,no
1226540,eBay,305682162344,LSDO300RE+RPR44WH,1,11.89,2026-08-21 20:11:03,no
1226541,eBay,164311873717,CRFF75WH,1,5.93,2026-08-21 20:17:14,no
1226542,eBay,313826947632,LDMST64E2785PK,1,15.19,2026-08-21 20:17:01,no
1226544,eBay,255943163532,LHSHE27BY,1,5.64,2026-08-21 20:29:34,no
1226556,eBay,266188029327,CCBC24,1,7.99,2026-08-21 20:39:38,no
1226580,eBay,124471050683,LHRIE14WH,1,5.09,2026-08-21 21:16:09,no
1226581,eBay,266004810103,LSFT220WH+RPR44WH,1,10.33,2026-08-21 21:10:57,no
1226582,eBay,265660312558,CRSF125CH+WSAT105CH,3,20.88,2026-08-21 21:20:24,no
1226588,eBay,256555566491,LSWE315OR,1,12.89,2026-08-21 21:28:26,no
1226602,eBay,304786539461,12BO28,4,46.76,2026-08-21 21:55:58,no
1226613,eBay,167874397098,LDCWA60HB2296PK,1,6.49,2026-08-21 22:21:42,no
1226619,eBay,267073162939,LDMG125E2783PK,1,20.77,2026-08-21 22:41:07,no
1226627,eBay,336594126313,ENC10061,1,16.99,2026-08-21 23:00:37,no
1226628,eBay,166905025450,ENC4407,1,23.14,2026-08-21 22:57:56,no
1226630,eBay,266742973079,CL3TGD3PK,1,8.99,2026-08-21 23:18:41,no
1226632,eBay,335680620222,WCB4WH+RPR44WH,1,6.49,2026-08-21 23:27:00,no
1226639,eBay,168278377529,WCCYSP160BM2PK+RPR44WH2PK,2,41.96,2026-08-21 23:52:23,no
1226641,eBay,123112929906,CL2TBM,1,3.89,2026-08-22 00:03:11,no
1226643,eBay,336627635259,PSDS4RBR,1,10.99,2026-08-22 00:24:20,no
1226647,eBay,256939232422,LHCTORO,1,6.99,2026-08-22 00:37:52,no
1226650,eBay,267060363966,CNT900YB,1,7.99,2026-08-22 00:58:02,no
1226655,eBay,162975561793,CL3TLG,1,5.78,2026-08-22 01:11:32,no
1226662,eBay,166839718006,5IP2030,1,8.49,2026-08-22 02:50:36,no
1226665,eBay,167995614508,WLINRO7WBM,1,14.40,2026-08-22 03:05:32,no
1226682,eBay,162553025729,LDMG80E274,1,5.49,2026-08-22 07:18:44,no
1226684,eBay,164636015985,24IP20240,1,21.89,2026-08-22 07:23:45,no
1226687,eBay,263393365785,CL3RBM,1,5.63,2026-08-22 08:09:23,no
1226706,eBay,164628927877,12SIP67200,1,36.89,2026-08-22 09:10:32,no
1226716,eBay,267073162939,LDMST64E274,1,6.49,2026-08-22 09:24:34,no
1226717,eBay,266160264223,LHC1E27WH,2,17.40,2026-08-22 09:28:49,no
1226720,eBay,163283165830,SWTB3GBM,1,5.49,2026-08-22 09:32:27,no
1226721,eBay,165894850271,CRFF140BM+HK10BM,30,148.20,2026-08-22 09:34:50,no
1226736,eBay,163585361443,24IP6760,1,16.89,2026-08-22 10:20:33,no
1226737,eBay,318325235817,CRFF500BM+WCSN1BM3PK+LDST45E2743PK,1,33.24,2026-08-22 10:11:15,no
1226743,eBay,166166799334,SPSDP1WH3PK,1,6.99,2026-08-22 10:22:50,no
1226747,eBay,266190324892,HRE2738BM2PK,1,6.99,2026-08-22 10:39:47,no
1226748,eBay,267121715682,12IP6710,1,6.69,2026-08-22 10:39:11,no
1226749,eBay,168552142530,PHSHF1PBRYB+LSSS300GY+ICST64E27,6,116.52,2026-08-22 10:40:01,no
1226755,eBay,168146822412,CRFF108BY+LHNSE27BY+LSDO300BT,1,17.89,2026-08-22 10:47:43,no
1226771,eBay,163440200815,PSOS2YBRPB,1,10.99,2026-08-22 11:13:37,no
1226784,eBay,335742991706,PSDS2BMRGR,1,9.48,2026-08-22 11:34:14,no
1226785,eBay,315623198626,LSCY290BI+RPR44WH,1,12.89,2026-08-22 11:37:13,no
1226786,eBay,267068731282,24IP67120,1,23.89,2026-08-22 11:40:34,no
1226796,eBay,123085399158,CL2TBR,3,7.80,2026-08-22 11:58:51,no
1226800,eBay,304786539461,12BO28,1,12.99,2026-08-22 12:08:46,no
1226805,eBay,164261730528,12BO48,1,10.89,2026-08-22 12:12:58,no
1226806,eBay,314558038121,CL2TBM,4,14.04,2026-08-22 12:19:25,no
1226807,eBay,304920445661,LDMST64B2242PK,1,8.99,2026-08-22 12:20:09,no
1226808,eBay,335680620222,WCB6BM+RPR44WH,1,7.98,2026-08-22 12:19:49,no
1226813,eBay,266043533105,SCRN70BB,1,2.73,2026-08-22 12:29:11,no
1226822,eBay,168480780959,LDMT185E273,1,6.49,2026-08-22 12:41:25,no
1226839,eBay,162833219361,RPR44WH2PK,2,9.66,2026-08-22 13:15:30,no
1226849,eBay,318325235817,ENC1521,1,39.23,2026-08-22 13:29:02,no
1226851,eBay,165201467647,12IP2015,1,5.08,2026-08-22 13:23:32,no
1226863,eBay,164255843565,RPR44WH2PK,1,5.09,2026-08-22 13:49:29,no
1226866,eBay,164965557680,12IP20480,1,29.89,2026-08-22 13:52:46,no
1226874,eBay,162975561793,CL3THEAPK,1,20.78,2026-08-22 14:04:58,no
1226883,eBay,313970190817,LHDHE27RO2PK,1,11.99,2026-08-22 14:12:01,no
1226884,eBay,165422275157,ENC6369,1,40.93,2026-08-22 14:20:08,no
1226894,eBay,166915220789,TPOS1PRBRO+ICST64E27,1,17.66,2026-08-22 14:21:13,no
1226895,eBay,168319885149,LSGLWB125TN+RPM40WH,1,10.89,2026-08-22 14:24:40,no
1226896,eBay,164925289077,LDMT45E274,1,5.49,2026-08-22 14:23:26,no
1226897,eBay,165074694177,LSGL9015WH2PK+RPM40WH2PK,1,13.89,2026-08-22 14:28:57,no
1226898,eBay,304963286889,CRSF100CH+PHUP1PCRCH,1,8.89,2026-08-22 14:27:11,no
1226902,eBay,305682162344,LSCY290OR+RPR44WH,1,13.89,2026-08-22 14:33:55,no
1226903,eBay,317030316794,CL3TRO,2,7.44,2026-08-22 14:34:10,no
1226908,eBay,164261730528,12BO18,1,8.89,2026-08-22 14:42:15,no
1226916,eBay,317979913894,SPPGUK3PWH6PK,1,14.85,2026-08-22 14:53:59,no
1226920,eBay,304893223824,12RPIP45200,1,15.77,2026-08-22 15:06:19,no
1226921,eBay,163693940389,CBSF100,1,5.09,2026-08-22 15:09:08,no
1226922,eBay,167833569765,WCCYSP160BM,1,12.89,2026-08-22 15:07:00,no
1226923,eBay,266742973079,CL3TBM3PK,1,8.49,2026-08-22 15:03:28,no
1226924,eBay,162886370381,CRFF108GB+HK10GB,1,6.99,2026-08-22 15:16:39,no
1226937,eBay,318462781248,TSKCBM,1,6.50,2026-08-22 15:30:47,no
1226947,eBay,165902994694,LDMST64E2762PK,1,7.99,2026-08-22 15:34:25,no
1226956,eBay,304826634562,PHSF1GDTYB,6,64.68,2026-08-22 16:00:21,no
1226957,eBay,165561143431,LSCY290CY+RPR44WH,1,13.29,2026-08-22 15:51:57,no
1226962,eBay,305715611096,WCFWROBM+RPR44WH,1,10.89,2026-08-22 16:02:02,no
1226974,eBay,255943163532,LHAHE27CO,1,5.49,2026-08-22 16:11:56,no
1226975,eBay,255943163532,LHAHE27CH,1,5.49,2026-08-22 16:11:56,no
1226980,eBay,163103895742,LDMST64E2782PK,1,10.99,2026-08-22 16:30:24,no
1226981,eBay,317030316794,CL3TGL5PK,1,15.78,2026-08-22 16:29:33,no
1226988,eBay,165645262692,CRFF100BM+LHTTE27BM,2,17.08,2026-08-22 16:42:37,no
1226989,eBay,163225741603,CO1260ACL5PK,1,11.88,2026-08-22 16:46:43,no
1226998,eBay,165663674508,PLTTRR+LSDO210RR+ICST64E27,1,26.89,2026-08-22 17:05:37,no
1226999,eBay,168371657548,LHXSHE27WH2PK,1,15.02,2026-08-22 17:06:16,no
1227000,eBay,267038390681,CCBKNWE18,1,6.89,2026-08-22 17:00:53,no
1227001,eBay,314048304963,CRFF140FG+WSFSFG+ICST64E27,3,34.83,2026-08-22 17:10:56,no
1227007,eBay,123015211066,CL2TBM,6,15.60,2026-08-22 17:17:30,no
1227008,eBay,313487928265,LSSS300YE+RPR44WH,1,13.20,2026-08-22 17:19:13,no
1227019,eBay,267073162939,LDMG80E2742PK,1,10.99,2026-08-22 17:34:38,no
1227037,eBay,335671897754,ENC2086,1,22.43,2026-08-22 17:51:51,no
1227039,eBay,162553025729,LDMA60E274WW,1,5.29,2026-08-22 17:57:42,no
1227040,eBay,164492030061,CL3TCR,2,10.04,2026-08-22 17:59:50,no
1227047,eBay,126396451888,WCBNFG+RPR44WH,1,7.99,2026-08-22 18:05:50,no
1227048,eBay,267668468006,LSGL9015CL2PK+RPM40WH2PK,1,11.89,2026-08-22 18:05:19,no
1227050,eBay,266197864340,PSDS4BMBBM,1,9.99,2026-08-22 18:12:48,no
1227054,eBay,305541421379,CL2TGY3PK,1,6.97,2026-08-22 18:22:26,no
1227060,eBay,266190303273,12UK3P8A,1,14.83,2026-08-22 18:39:03,no
1227061,eBay,318247219642,PL4HRR,1,31.61,2026-08-22 18:34:14,no
1227067,eBay,267073162939,LDMG95E274,1,6.99,2026-08-22 18:50:09,no
1227068,eBay,256514570332,WCBLBM,2,16.68,2026-08-22 18:47:45,no
1227073,eBay,304785662000,LDMST64B228,1,6.89,2026-08-22 18:59:50,no
1227077,eBay,254348058736,PSOS4BMBBM,1,10.89,2026-08-22 19:05:05,no
1227078,eBay,257511977776,RBLSFT220CH+RPR44WH,1,6.59,2026-08-22 19:05:05,no
1227080,eBay,123085399158,CL3RRE,2,4.36,2026-08-22 19:13:56,no
1227085,eBay,164006555006,LSFT220FG+RPR44WH,1,9.42,2026-08-22 19:29:11,no
1227086,eBay,164925289077,LDMT45B224,2,10.42,2026-08-22 19:29:58,no
1227087,eBay,318462781248,TSKCBM,1,6.50,2026-08-22 19:27:00,no
1227089,eBay,163277557074,LHNHE27YB,1,5.49,2026-08-22 19:31:26,no
1227102,eBay,267400306637,PLMJBM,6,142.02,2026-08-22 19:54:09,no
1227103,eBay,267032686358,CL2TWH,1,2.99,2026-08-22 19:57:56,no
1227109,eBay,162975561793,CL3TBRAPK,1,20.88,2026-08-22 20:01:17,no
1227110,eBay,127362491738,CRSF100GG+LHTTE27GG,1,7.89,2026-08-22 20:02:13,no
1227115,eBay,304806096153,CRSF100CO+WSNW170CO+SCRN70CO+LSTF40CO,16,237.44,2026-08-22 20:19:57,no
1227119,eBay,164925289077,LDMG95B224,1,5.98,2026-08-22 20:24:30,no
1227120,eBay,162975561793,CL3TBMAPK,1,21.78,2026-08-22 20:27:13,no
1227121,eBay,305682162344,LSCY290GR+RPR44WH,1,14.89,2026-08-22 20:28:29,no
1227128,eBay,164046479684,PSDS4BMRGD,1,12.89,2026-08-22 20:33:32,no
1227137,eBay,267598576000,ENC8190,1,20.89,2026-08-22 20:49:56,no
1227145,eBay,265660312596,CRFF108BM+WSST70BM+WCBLBM,2,25.82,2026-08-22 20:54:13,no
1227152,eBay,255943163532,LHSHE27FG,2,10.72,2026-08-22 21:06:16,no
1227153,eBay,255943162150,LHC5E27WH3PK,1,9.27,2026-08-22 21:08:31,no
1227154,eBay,304866316390,ENC6167,2,35.12,2026-08-22 21:05:26,no
1227155,eBay,164914367042,12IP20100,1,13.89,2026-08-22 21:07:53,no
1227159,eBay,266141474490,LSDO300YE+RPR44WH,2,21.82,2026-08-22 21:15:00,no
1227169,eBay,167943788384,CERU36150YE,1,4.38,2026-08-22 21:20:38,no
1227176,eBay,304806215764,CRSF100BM+WSTR135BM+LSCY210BC+ICST64E27,2,37.38,2026-08-22 21:35:51,no
1227192,eBay,167826149061,CRFF100CH+LHNSE27CH,3,38.67,2026-08-22 22:13:29,no
1227193,eBay,165883257849,12BO100,1,19.89,2026-08-22 22:19:49,no
1227194,eBay,304912498230,CRSF100BM+PHSH1PBRYB+LSCY290GR+ICST64E27,1,21.18,2026-08-22 22:11:57,no
1227195,eBay,254348058736,PSOS2BWH,2,16.70,2026-08-22 22:15:46,no
1227203,eBay,255943163485,CBSF100,1,5.49,2026-08-22 22:31:56,no
1227204,eBay,266194575535,CL2RBW5PK,1,8.99,2026-08-22 22:39:20,no
1227220,eBay,267121715682,12IP6760,1,15.29,2026-08-22 23:16:02,no
1227221,eBay,266190476182,12IP20600,1,38.89,2026-08-22 23:19:28,no
1227236,eBay,166916828627,LSDO210BM+RPR44WH,2,21.98,2026-08-23 00:27:04,no
1227245,eBay,265660312592,LDMST64B224,4,21.56,2026-08-23 00:56:06,no
1227297,eBay,165638552259,CGMLBM5PK,1,7.88,2026-08-23 06:06:08,no
1227299,eBay,164931201109,PLHLBC,1,15.62,2026-08-23 06:51:03,no
1227301,eBay,313978289239,CRFF500BM+LHNDE27BM2PK+LHNSE27BM+LSFT220BC3PK,1,34.63,2026-08-23 06:52:20,no
1227315,eBay,166294101739,LHRFE27BM2PK,1,7.89,2026-08-23 07:59:12,no
1227321,eBay,164085462919,WSIWBM,1,19.43,2026-08-23 08:12:39,no
1227324,eBay,164624648612,PHCT1BMRBM+PHBA1BMRBM+LSLT360BI,3,59.40,2026-08-23 08:26:14,no
1227325,eBay,314045135882,CRFF108BM+LHTKE27BA,1,8.49,2026-08-23 08:34:07,no
1227326,eBay,317593252015,TSLCQA15WH,1,8.88,2026-08-23 08:43:11,no
1227330,eBay,267073162939,LDMST64E274,1,6.49,2026-08-23 09:09:43,no
1227337,eBay,266742973079,CL3TLB3PK,1,7.99,2026-08-23 09:26:15,no
1227347,eBay,314140504693,CRFF100BM+LHTTE27BM,2,16.88,2026-08-23 09:55:29,no
1227348,eBay,167376965239,CRSF100BM+PHRI1PBRBY,1,9.49,2026-08-23 09:52:02,no
1227349,eBay,166239358700,LHHGE27BM2PK,1,9.99,2026-08-23 09:59:27,no
1227352,eBay,267073162939,LDMST64E274,1,6.49,2026-08-23 10:01:04,no
1227353,eBay,305715611096,WCFWROCO+RPR44WH,1,10.89,2026-08-23 10:07:25,no
1227361,eBay,255943162150,LHC5E27WH3PK,1,9.27,2026-08-23 10:13:24,no
1227369,eBay,162799417330,24IP20360,3,63.84,2026-08-23 10:26:18,no
1227370,eBay,162799417330,5IP2028,1,5.49,2026-08-23 10:27:15,no
1227374,eBay,165199745268,12UK3P10A,2,30.38,2026-08-23 10:32:35,no
1227375,eBay,317866396609,LSGLCP120SY+RPM40WH,1,9.80,2026-08-23 10:34:56,no
1227376,eBay,124784769081,CCGNNSWE48,2,19.60,2026-08-23 10:40:45,no
1227385,eBay,253070126632,LHRTE27WH,1,5.89,2026-08-23 10:50:06,no
1227393,eBay,167565749301,CCBKNWE18,4,27.56,2026-08-23 10:55:03,no
1227395,eBay,267073162939,LDMG95E274,2,13.28,2026-08-23 11:10:36,no
1227396,eBay,165361905284,CRFF108BM+LHTTE27BM,2,17.08,2026-08-23 11:06:59,no
1227397,eBay,163585361443,12IP6715,2,14.98,2026-08-23 11:06:37,no
1227398,eBay,167826149061,CRFF100BM+LHNSE27BM+ICST64E27,1,15.89,2026-08-23 11:09:40,no
1227403,eBay,127362491738,CRSF100BM+LHTTE27BM,2,13.84,2026-08-23 11:12:28,no
1227404,eBay,266191637271,CBSF105,1,4.99,2026-08-23 11:17:38,no
1227405,eBay,164817813304,12IP6710,1,6.89,2026-08-23 11:11:10,no
1227417,eBay,318130194152,LSGLSC115AR+RPM40WH,1,9.29,2026-08-23 11:33:59,no
1227418,eBay,318462781248,TSKCBM,3,18.12,2026-08-23 11:37:17,no
1227423,eBay,257252790159,RBLSDM220GB+RPR44WH,4,24.80,2026-08-23 11:41:38,no
1227439,eBay,124722312083,ENC1540,1,39.26,2026-08-23 11:52:32,no
1227440,eBay,164198830444,PLWEBM+PHNW1RBM,9,193.50,2026-08-23 11:52:28,no
1227446,eBay,167874397098,LDCWA95B22226PK,1,9.99,2026-08-23 12:02:04,no
1227447,eBay,165405860182,CL2TGL5PK,1,10.99,2026-08-23 12:07:09,no
1227448,eBay,165405860182,CL3TGL5PK,1,12.89,2026-08-23 12:07:09,no
1227450,eBay,165397658552,CRSF100CH+CL3TGY+LHSHE27CH,2,19.54,2026-08-23 12:16:44,no
1227454,eBay,162799417330,12IP20150,1,16.99,2026-08-23 12:25:13,no
1227465,eBay,163585361443,12IP6710,1,7.89,2026-08-23 12:40:36,no
1227466,eBay,122567684344,CL3RBR,3,8.34,2026-08-23 12:32:20,no
1227469,eBay,163909990111,CRSF108GB+WSST70GB+ICST64E2740,2,24.68,2026-08-23 12:44:05,no
1227475,eBay,166299490605,ENC5364,2,50.00,2026-08-23 13:07:58,no
1227476,eBay,166166799334,SPSDP1WH,1,5.08,2026-08-23 13:11:09,no
1227482,eBay,162975561793,CL3TBMAPK,1,21.78,2026-08-23 13:15:20,no
1227483,eBay,163434903826,LHSHE27CO,1,5.49,2026-08-23 13:20:44,no
1227487,eBay,165922146584,ENC4415,1,45.89,2026-08-23 13:33:36,no
1227489,eBay,256939232422,LHCTOFG,4,25.16,2026-08-23 13:31:16,no
1227490,eBay,125039581770,LSTF40BM+RPR44WH,1,8.19,2026-08-23 13:23:40,no
1227497,eBay,167826149061,CRFF100BM+LHNSE27BM,1,10.89,2026-08-23 13:33:36,no
1227498,eBay,168466307226,BSFCDRSIPI,1,18.79,2026-08-23 13:38:58,no
1227503,eBay,305887888727,HLRK35BM,1,8.11,2026-08-23 13:48:20,no
1227504,eBay,313610757288,CRSF100CO+PHSH1PBRCO+LSDM220CO+LDWWE2715,1,19.37,2026-08-23 13:43:24,no
1227517,eBay,265220728079,CCORNWH24,1,5.99,2026-08-23 14:16:31,no
1227524,eBay,255943163528,WCFWROBM+RPR44WH,1,10.89,2026-08-23 14:23:17,no
1227530,eBay,304816175044,WCB7WH+RPR44WH,1,8.70,2026-08-23 14:35:37,no
1227531,eBay,266742973079,CL3TBL5PK,1,10.99,2026-08-23 14:33:00,no
1227532,eBay,265451997302,ENC3645,1,18.89,2026-08-23 14:33:00,no
1227546,eBay,335742988889,LSHQ150OR+RPR44WH,2,16.98,2026-08-23 14:42:39,no
1227547,eBay,163693940389,CBSF145,1,5.49,2026-08-23 14:43:09,no
1227553,eBay,166173994461,SPSDP2YB,1,6.89,2026-08-23 14:57:01,no
1227554,eBay,304866316390,CRSF100BM+LHNSE27BM+SCRN70BA+LSTF40BM+ICST64E27,2,39.68,2026-08-23 14:54:00,no
1227561,eBay,256005486252,HRE1428WH2PK,1,5.19,2026-08-23 15:04:36,no
1227566,eBay,255943163485,CBSF195,1,6.69,2026-08-23 15:12:16,no
1227567,eBay,123044400644,CL2TRO2PK,1,4.54,2026-08-23 15:12:41,no
1227568,eBay,267213906251,CCGNNSWE48,1,8.49,2026-08-23 15:20:09,no
1227574,eBay,167943788384,CERU36150YE,1,4.38,2026-08-23 15:25:17,no
1227583,eBay,305682162344,LSDO210RE+RPR44WH,1,10.67,2026-08-23 15:35:17,no
1227610,eBay,164500778155,WCDTRE+RPR44WH,1,10.79,2026-08-23 16:01:18,no
1227621,eBay,163225741603,CO1210ACLCPK,1,12.78,2026-08-23 16:05:39,no
1227622,eBay,162573603983,CO123ACL5PK,1,5.49,2026-08-23 16:08:39,no
1227623,eBay,162573603983,CO125ACL5PK,1,5.49,2026-08-23 16:08:39,no
1227624,eBay,162799417330,12IP2060,1,10.89,2026-08-23 16:09:54,no
1227630,eBay,165201467647,12IP20100,1,13.89,2026-08-23 16:14:39,no
1227631,eBay,164958853389,12MIP2015,1,5.09,2026-08-23 16:20:41,no
1227632,eBay,305541421379,CL2RHE3PK,1,6.97,2026-08-23 16:14:29,no
1227633,eBay,266203464382,PHUH0.5HETBM,1,8.49,2026-08-23 16:18:25,no
1227637,eBay,304786539463,12IP2015,1,5.71,2026-08-23 16:28:16,no
1227647,eBay,305541421379,CL2TBL3PK,1,6.97,2026-08-23 16:33:48,no
1227648,eBay,162553025729,LDMG95E274,1,6.99,2026-08-23 20:06:27,no
1227662,eBay,163585361443,12IP6710,1,7.89,2026-08-23 16:46:36,no
1227671,eBay,267073162939,LDMST64B2243PK,1,10.49,2026-08-23 16:56:38,no
1227674,eBay,163964665683,12UK3P10A,1,16.99,2026-08-23 16:56:03,no
1227683,eBay,313970190878,CRSF108BM+HKR10BM,2,14.04,2026-08-23 17:04:33,no
1227686,eBay,267073162939,LDMST64E274,1,6.49,2026-08-23 17:18:47,no
1227688,eBay,165201467647,12IP2015,1,5.08,2026-08-23 17:15:05,no
1227689,eBay,165710052314,SCRN70GB2PK,1,5.09,2026-08-23 17:19:37,no
1227695,eBay,267284134030,CL3RGY5PK,1,11.99,2026-08-23 17:25:01,no
1227696,eBay,266203481221,LHEDE27GD,5,24.70,2026-08-23 17:30:19,no
1227702,eBay,164531556164,WCDCBC+RPR44WH,1,8.99,2026-08-23 17:33:23,no
1227703,eBay,164492030061,CL3TBU,1,5.99,2026-08-23 17:40:26,no
1227711,eBay,335739316680,CRFF140BM,3,22.08,2026-08-23 17:43:41,no
1227712,eBay,304785662646,12IP6710,1,7.89,2026-08-23 17:44:19,no
1227713,eBay,266957628295,LDMST64E276,1,5.99,2026-08-23 17:43:43,no
1227716,eBay,266132039859,PSOS4BMBBM,1,10.99,2026-08-23 17:53:14,no
1227717,eBay,313614826150,LDMG125E2782PK,1,15.10,2026-08-23 17:53:18,no
1227732,eBay,265660313940,PLTTBS+LSOL180BS+ICST64E2740,1,26.36,2026-08-23 18:19:17,no
1227742,eBay,168246413211,LSGLULSG+RPM40WH,2,23.78,2026-08-23 18:30:41,no
1227755,eBay,163225741603,CO125ACL,1,7.88,2026-08-23 18:42:03,no
1227756,eBay,314652309209,SPSDP2BM2PK,1,12.78,2026-08-23 18:41:54,no
1227766,eBay,305715611096,WCFWROBM+RPR44WH,1,10.89,2026-08-23 19:09:44,no
1227768,eBay,164388993564,PSDS4BMBBM+ICST64E2740,1,14.99,2026-08-23 19:19:32,no
1227769,eBay,126424948431,SWRS3GBM,1,6.89,2026-08-23 19:18:00,no
1227770,eBay,267073162939,LDMST64E276,1,5.99,2026-08-23 19:17:42,no
1227776,eBay,165397658552,CRSF100SN+CL3TGY+LHSHE27SN,1,10.29,2026-08-23 19:28:49,no
1227777,eBay,165397658552,CRSF100SN+CL3TGY+LHSHE27SN,1,10.29,2026-08-23 19:28:49,yes
1227786,eBay,304826634562,PHSF2BMTBY,1,12.67,2026-08-23 19:38:56,no
1227791,eBay,161848255297,LDED75E273,1,6.55,2026-08-23 19:45:17,no
1227801,eBay,164844231307,ENC1492,2,37.02,2026-08-23 19:53:47,no
1227802,eBay,162949535147,LDMG80E274,1,5.49,2026-08-23 19:58:38,no
1227808,eBay,166844817120,ENC10015,1,17.39,2026-08-23 20:06:27,no
1227813,eBay,162823715743,ENC10313,1,15.00,2026-08-23 20:11:35,no
1227819,eBay,163678721625,CRSF100CO+LHNSE27CO,3,35.94,2026-08-23 20:23:04,no
1227820,eBay,164610868952,CRSF100BM+WSLS155YB+SCRN70BM+LSOL180BM,2,30.18,2026-08-23 20:25:50,no
1227821,eBay,267598576000,CRFF108BY+LHNSE27BY+LSDO300BM,1,17.99,2026-08-23 20:25:46,no
1227823,eBay,305827938325,CRSF100BM+LHNSE27YB+LSHH240BM,1,16.89,2026-08-23 20:25:34,no
1227829,eBay,266188024452,12UK3P10A,1,18.89,2026-08-23 20:40:11,no
1227838,eBay,165634844757,LDMC35E1445PK,1,14.89,2026-08-23 20:47:02,no
1227839,eBay,167857142024,LSTF400GR+RPR44WH,1,14.99,2026-08-23 20:48:24,no
1227842,eBay,304949367335,LSWE315GR,1,11.99,2026-08-23 20:48:26,no
1227859,eBay,166202407547,CRFF75RO+LHAHE27RO+HK10RO+ICST64E27,1,11.80,2026-08-23 21:11:50,no
1227861,eBay,267073162939,LDMG125E278,1,8.99,2026-08-23 21:11:12,no
1227862,eBay,267073162939,LDMST64E274,1,6.49,2026-08-23 21:15:04,no
1227863,eBay,124021629998,CRSF120WH,1,5.45,2026-08-23 21:16:55,no
1227868,eBay,165201467647,12IP2060,1,10.89,2026-08-23 21:28:27,no
1227869,eBay,164925289077,LDMST64B224,1,6.99,2026-08-23 21:30:17,no
1227885,eBay,267121715682,12IP6720,1,8.69,2026-08-23 22:00:24,no
1227890,eBay,164841174279,CRSF100GB+WSLS155GB+SCRN70GB+LSFT220GB,5,71.50,2026-08-23 22:04:16,no
1227893,eBay,313649277145,CRSF100BC+PHCH1PBRBC+LSCY290BC,1,17.74,2026-08-23 22:19:49,no
1227894,eBay,267300159655,PCSN220BM,2,11.38,2026-08-23 22:20:38,no
1227895,eBay,304806215764,CRSF100BM+WSTR135BM+LSCY210BC,2,30.54,2026-08-23 22:11:43,no
1227898,eBay,313501731854,CRSF100BM+LHLFE27BM+LSFT220BM,1,15.48,2026-08-23 22:28:11,no
1227900,eBay,167943793586,TSLCQA10WH,1,5.49,2026-08-23 22:31:49,no
1227919,eBay,164281827101,LSLG190BG,2,60.58,2026-08-23 22:52:01,no
1227929,eBay,163740897006,CL3TLB,3,9.18,2026-08-23 23:14:18,no
1227946,eBay,306178227488,LSCY290BL+RPR44WH,1,14.38,2026-08-24 00:20:07,no
1227948,eBay,267073162939,LDMST64B224,1,5.99,2026-08-24 00:24:59,no
1227950,eBay,164525233292,LSDO300YE+RPR44WH,1,9.99,2026-08-24 00:50:12,no
1227956,eBay,163585361443,24IP6780,4,66.56,2026-08-24 02:52:57,no
1227963,eBay,255943163532,LHBLE27SN,8,42.40,2026-08-24 04:03:13,no
1228010,eBay,266004810103,LSFT220NB+RPR44WH,1,8.45,2026-08-24 05:16:58,no
1228014,eBay,267205426542,WCCYSQGD+LDMT45E274,1,22.46,2026-08-24 06:23:34,no
1228038,eBay,267187442474,ENC693,1,43.14,2026-08-24 07:40:25,no
1228040,eBay,165422275157,ENC3285,1,40.93,2026-08-24 07:40:21,no
1228056,eBay,164714077597,12IP2024,1,6.99,2026-08-24 08:14:56,no
1228057,eBay,162562112782,12MIP2025,5,29.20,2026-08-24 08:18:51,no
1228061,eBay,335680620222,WCB4WH+RPR44WH,1,6.49,2026-08-24 08:29:23,no
1228066,eBay,306369732933,5IP2010,4,24.80,2026-08-24 08:31:10,no
1228073,eBay,267536756440,PHHCF1BMRBM,1,16.82,2026-08-24 08:46:49,no
1228078,eBay,266190403148,HK10GBAPK,2,13.28,2026-08-24 09:00:25,no
1228081,eBay,165561143431,LSCY290NB+RPR44WH,1,13.29,2026-08-24 09:03:02,no
1228082,eBay,165398285367,CL3RWX5PK,1,10.99,2026-08-24 09:07:52,no
1228083,eBay,166898541107,WBERT29RE3PK,1,6.99,2026-08-24 09:10:37,no
1228091,eBay,267742103780,CRSFM110080BM+WSCH135BM+LSCY290BG,3,66.63,2026-08-24 09:18:14,no
1228105,eBay,123151239291,LDMT185B224,1,4.89,2026-08-24 09:41:13,no
1228110,eBay,254348058736,PSOS2WHBWH,4,25.88,2026-08-24 09:57:52,no
1228114,eBay,164279909548,PSDS4RBR,1,12.86,2026-08-24 10:01:45,no
1228120,eBay,304826634562,PHSF1BMRBM,2,20.88,2026-08-24 10:17:20,no
1228125,eBay,305698440823,CL3TBR5PK,1,11.12,2026-08-24 10:23:46,no
1228126,eBay,317030316794,CL3TBRAPK,3,67.23,2026-08-24 10:22:44,no
1228129,eBay,306348377837,5IP2050,1,8.64,2026-08-24 10:37:04,no
1228131,eBay,165568516147,LSHQ150GY+RPR44WH,1,9.99,2026-08-24 10:37:20,no
1228149,eBay,256004321338,LHRIE27BM3PK+CGMLBM3PK,1,9.32,2026-08-24 11:04:35,no
1228160,eBay,317637026250,RWWPSY0660YE,1,8.88,2026-08-24 11:21:23,no
1228169,eBay,162799417330,12IP2060,1,10.89,2026-08-24 11:39:40,no
1228173,eBay,165261757862,ENC2435,1,14.78,2026-08-24 11:48:55,no
1228174,eBay,265660312611,CO123ACL3PK,1,5.89,2026-08-24 11:47:53,no
1228175,eBay,265660312611,CO1210ACL3PK,1,5.89,2026-08-24 11:47:53,no
1228176,eBay,265660312611,CO1215ACL3PK,1,5.49,2026-08-24 11:47:53,no
1228177,eBay,265660312611,CO1230ACL3PK,1,5.99,2026-08-24 11:47:53,no
1228178,eBay,265660312611,CO1260ACL3PK,1,8.49,2026-08-24 11:47:53,no
1228179,eBay,267121715682,12IP6710,1,6.69,2026-08-24 11:48:38,no
1228188,eBay,315384745645,CRSF108BM2PK+WSAT105BM2PK+ICST64E272PK,1,17.00,2026-08-24 12:00:51,no
1228189,eBay,163008902707,12IP6720,1,10.99,2026-08-24 11:57:01,no
1228195,eBay,164244059825,LHAHE27GB,1,5.49,2026-08-24 12:05:12,no
1228215,eBay,163502414049,LSFT220YB+RPR44WH,2,18.60,2026-08-24 12:34:55,no
1228219,eBay,165365087205,CRSF108WH+HK10WH,1,6.99,2026-08-24 12:45:50,no
1228220,eBay,163964665683,12UK3P5A,1,13.89,2026-08-24 12:48:45,no
1228221,eBay,124771480165,LHRTE27BM+CGMLBM,1,5.24,2026-08-24 12:46:26,no
1228234,eBay,314072714462,LSCP150BA+RPR44WH,3,29.82,2026-08-24 13:08:42,no
1228235,eBay,333910585431,PSDS2RBM+LHSHE27SN,1,12.89,2026-08-24 13:02:43,no
1228248,eBay,163585361443,24IP6780,1,18.49,2026-08-24 13:15:56,no
1228260,eBay,162711487073,CL3TBR,7,20.93,2026-08-24 13:29:55,no
1228261,eBay,162711487073,CL3TBM,15,44.85,2026-08-24 13:29:55,no
1228268,eBay,267527185215,TSLCQA10WH,1,5.49,2026-08-24 13:33:08,no
1228269,eBay,266197864340,PSDS4BMBBM,1,9.39,2026-08-24 13:36:19,no
1228274,eBay,162568125923,SCRN70BM2PK,1,5.19,2026-08-24 13:42:44,no
1228275,eBay,164132412290,CCBKNWE48,1,9.89,2026-08-24 13:50:24,no
1228282,eBay,266190431723,PCGZ250TP,1,5.99,2026-08-24 13:52:12,no
1228284,eBay,164261730528,12BO72,1,12.89,2026-08-24 13:55:32,no
1228285,eBay,161782384942,12UK3P8A,1,13.85,2026-08-24 13:57:49,no
1228286,eBay,163980551016,CRFF500BM+PHNW1RBM3PK,1,21.59,2026-08-24 13:59:39,no
1228292,eBay,304786539488,CNT900FG,1,11.58,2026-08-24 14:03:18,no
1228293,eBay,164636015985,12IP2080,1,9.99,2026-08-24 14:01:02,no
1228294,eBay,161782384942,12UK3P5A,1,13.89,2026-08-24 14:01:26,no
1228298,eBay,163585361443,24IP6750,1,14.89,2026-08-24 14:15:40,no
1228300,eBay,304920445661,LDMST64B2242PK,1,8.99,2026-08-24 14:11:45,no
1228301,eBay,266188024452,12UK3P8A,2,28.28,2026-08-24 14:17:43,no
1228311,eBay,316870831969,12IP6736,1,11.49,2026-08-24 14:21:26,no
1228313,eBay,162553025729,LDMA60E274WW3PK,1,9.99,2026-08-24 14:34:58,no
1228327,eBay,266742973079,CL3TGDAPK,1,19.99,2026-08-24 14:51:29,no
1228352,eBay,164901821276,WSIWBM,7,127.19,2026-08-24 15:11:54,no
1228353,eBay,164886083918,ENC1601,1,46.49,2026-08-24 15:14:17,no
1228354,eBay,164534309053,CRSF100BM+LHNSE27YB+LSHH240BM+ICST64E27,1,18.50,2026-08-24 15:19:43,no
1228357,eBay,164255843565,RPR44WH2PK,1,5.09,2026-08-24 15:24:24,no
1228364,eBay,335872630972,12IP6736,1,12.89,2026-08-24 15:34:11,no
1228375,eBay,267073162939,LDMC35E144,1,5.99,2026-08-24 15:49:56,no
1228378,eBay,267073162939,LDMC35E144,1,5.99,2026-08-24 15:54:22,no
1228379,eBay,123085399158,CL3TGR,1,2.76,2026-08-24 15:54:03,no
1228380,eBay,166408159134,WCFWROBM2PK+RPR44WH2PK,1,18.88,2026-08-24 15:55:15,no
1228381,eBay,162975561793,CL3TAG,1,5.78,2026-08-24 16:00:29,no
1228386,eBay,266742973079,CL3THE5PK,1,12.89,2026-08-24 16:07:22,no
1228389,eBay,166225683823,WLHSBMRE12,1,18.79,2026-08-24 16:12:27,no
1228391,eBay,163834239332,ENC90,1,20.26,2026-08-24 16:14:12,no
1228394,eBay,163502414049,LSOL220YB+RPR44WH,2,18.60,2026-08-24 16:28:50,no
1228398,eBay,162949535147,LDMG80E274,1,5.49,2026-08-24 16:35:12,no
1228411,eBay,166102491758,ENC5054,1,64.89,2026-08-24 16:55:53,no
1228412,eBay,316809248747,CL3TRO,6,21.90,2026-08-24 16:52:22,no
1228424,eBay,163920355268,12MIP20360,1,18.99,2026-08-24 17:12:55,no
1228430,eBay,266191637271,CBSF120,1,5.49,2026-08-24 17:23:36,no
1228442,eBay,164046479684,PSDS4BMRBU,1,13.89,2026-08-24 17:48:02,no
1228443,eBay,267367123779,LSCY290BB+RPR44WH,1,13.15,2026-08-24 17:48:59,no
1228450,eBay,335742993013,LDMG80E274,1,5.89,2026-08-24 17:58:08,no
1228451,eBay,267073162939,LDMA60E274WW,1,5.49,2026-08-24 17:58:04,no
1228465,eBay,163746580743,LDMST64B228,1,6.00,2026-08-24 18:08:08,no
1228467,eBay,266742973079,CL3TCRAPK,1,20.99,2026-08-24 18:05:49,no
1228476,eBay,165201467647,12IP20150,1,16.89,2026-08-24 18:11:40,no
1228477,eBay,168473198205,CRSFM110080BM+WSLS155BM+LSGLWB125TN,2,33.18,2026-08-24 18:18:41,no
1228485,eBay,161801433078,LDSG95DIE274,1,6.99,2026-08-24 18:26:58,no
1228492,eBay,164261730528,12BO48,1,10.89,2026-08-24 18:40:15,no
1228493,eBay,267527185215,TSLCQA20WH,1,6.49,2026-08-24 18:32:20,no
1228494,eBay,304843914711,PHDH1HETHE,1,14.66,2026-08-24 18:37:45,no
1228504,eBay,167058287410,LSGL9015GY2PK+RPM40WH2PK,1,15.10,2026-08-24 18:44:18,no
1228506,eBay,265906017176,WCSRRR+RPR44WH,4,32.36,2026-08-24 18:49:08,no
1228513,eBay,313614826083,LHC6E27WH5PK,1,15.10,2026-08-24 18:57:10,no
1228514,eBay,256514570332,WCBLBC,3,24.48,2026-08-24 18:50:58,no
1228516,eBay,163693940389,CBSF120,1,5.49,2026-08-24 19:00:51,no
1228517,eBay,168625196262,LLRO220CW18W5PK,1,18.89,2026-08-24 19:09:07,no
1228518,eBay,167566195736,12IP6710,1,7.89,2026-08-24 19:07:47,no
1228520,eBay,336148962882,COS93BM2PK,1,10.78,2026-08-24 19:04:43,no
1228542,eBay,304920445661,LDMST64B2245PK,1,18.79,2026-08-24 19:46:00,no
1228550,eBay,168246413211,LSGLULSG+RPM40WH,1,11.89,2026-08-24 19:56:06,no
1228556,eBay,164492030061,CL3TBM,1,5.99,2026-08-24 20:05:09,no
1228557,eBay,165561143431,LSCY290BM+RPR44WH,1,13.99,2026-08-24 20:07:58,no
1228558,eBay,166887385832,LSDM220GS+RPR44WH,1,10.70,2026-08-24 20:07:58,no
1228560,eBay,266190419354,CL2TBK5PK,1,14.00,2026-08-24 20:09:34,no
1228571,eBay,265660312592,LDMT185B224,1,5.49,2026-08-24 20:14:56,no
1228572,eBay,267121715682,12IP6710,1,6.69,2026-08-24 20:17:28,no
1228581,eBay,305682162344,LSCY290RE+RPR44WH,3,41.67,2026-08-24 20:26:42,no
1228582,eBay,305682162344,LSCY290BL+RPR44WH,3,38.94,2026-08-24 20:26:42,no
1228583,eBay,305682162344,LSCY290OR+RPR44WH,3,41.67,2026-08-24 20:26:42,no
1228584,eBay,166286411198,LSCA2L600SG+LDMC35E144LPK,1,257.99,2026-08-24 20:21:47,no
1228585,eBay,265413177661,RPR44WH2PK,1,5.99,2026-08-24 20:21:51,no
1228586,eBay,266004810103,LSFT220GY+RPR44WH,3,32.97,2026-08-24 20:26:46,no
1228587,eBay,266004810103,LSFT220YE+RPR44WH,3,32.97,2026-08-24 20:26:46,no
1228588,eBay,266004810103,LSFT220WH+RPR44WH,3,32.56,2026-08-24 20:26:48,no
1228589,eBay,265660313934,PSDS2BMRBU,1,10.33,2026-08-24 20:29:58,no
1228596,eBay,306348377837,5IP2050,1,8.64,2026-08-24 20:35:12,no
1228597,eBay,266197864707,PSOS2BMB14BM+ICC35E1460,1,10.24,2026-08-24 20:36:00,no
1228607,eBay,266901660057,WCB6BC+RPR44WH,1,7.98,2026-08-24 20:41:24,no
1228634,eBay,166863141986,TSWGQBAYE2PK,2,25.78,2026-08-24 21:35:37,no
1228635,eBay,267073162939,LDMA60E274WW,1,5.49,2026-08-24 21:33:48,no
1228640,eBay,122207805955,CRSF100BL,1,5.69,2026-08-24 21:46:03,no
1228654,eBay,267680107348,CRFF100CO+LHNSE27CO+ICST64E27,1,14.94,2026-08-24 21:53:22,no
1228655,eBay,164518856583,ENC4059,1,45.89,2026-08-24 21:50:59,no
1228656,eBay,164176156205,WLFS220BM,2,29.98,2026-08-24 21:50:59,no
1228657,eBay,165013201686,CRSF100BM+PHSH1PBRYB+WCVCBM+ICST64E27,1,17.59,2026-08-24 21:50:59,no
1228658,eBay,165201467647,12IP20100,1,13.89,2026-08-24 21:54:51,no
1228686,eBay,125603890274,IMGRAPK,1,5.00,2026-08-24 22:35:48,no
1228687,eBay,267073162939,LDMG95E2783PK,1,16.99,2026-08-24 22:38:47,no
1228688,eBay,305682162344,LSMS320RE+RPR44WH,1,14.39,2026-08-24 22:31:47,no
1228693,eBay,163866685573,RD805PK,1,6.49,2026-08-24 22:42:17,no
1228706,eBay,266223215729,LSCY290YE+RPR44WH,1,13.06,2026-08-24 22:51:00,no
1228707,eBay,166269554733,PSHNOS2BRBM,2,16.98,2026-08-24 22:52:23,no
1228708,eBay,165865833185,LSPG250AR+SCRN70FG,2,49.98,2026-08-24 22:56:09,no
1228711,eBay,165902994694,LDMG80E274,1,5.49,2026-08-24 23:09:52,no
1228712,eBay,318258307041,ENC8333,1,15.57,2026-08-24 23:09:28,no
1228714,eBay,166849248974,PHSF1BWRSN,1,11.89,2026-08-24 23:16:14,no
1228715,eBay,164261730528,12BO72,1,12.89,2026-08-24 23:19:30,no
1228727,eBay,162975561793,CL3TLB2PK,1,8.38,2026-08-24 23:35:52,no
1228732,eBay,305698440823,CL3RAG3PK,1,8.21,2026-08-24 23:44:34,no
1228733,eBay,166905025450,ENC4409,2,38.64,2026-08-24 23:48:13,no
1228736,eBay,164846271255,CRSF1205WH,3,27.03,2026-08-24 23:50:58,no
1228741,eBay,165902994694,LDMG125E278,1,8.99,2026-08-25 00:19:27,no
1228742,eBay,313614826178,CL2TBR5PK,1,8.99,2026-08-25 00:20:07,no
1228745,eBay,165094836684,LHSHE27RO,3,15.30,2026-08-25 00:37:46,no
1228759,eBay,266742973079,CL3TGD2PK,1,5.49,2026-08-25 04:18:03,no
1228782,eBay,166905025450,ENC4406,1,20.78,2026-08-25 05:00:29,no
1228792,eBay,305682162344,LSCY290BS+RPR44WH,2,27.30,2026-08-25 06:43:46,no
1228799,eBay,267647140882,WCBSF120FG2PK+RPR44WH2PK,1,19.64,2026-08-25 06:59:41,no
1228802,eBay,266190383388,CRSF100HBM+WSWR1PFTBM+WR+PSDS4RBM,1,13.06,2026-08-25 07:03:24,no
1228808,eBay,163964665683,12UK3P10A,1,16.99,2026-08-25 07:20:41,no
1228810,eBay,164255843565,RPR44WH2PK,1,5.09,2026-08-25 07:36:44,no
1228811,eBay,164632543884,PHSF1GYRCH,1,11.89,2026-08-25 07:39:53,no
1228814,eBay,123085399158,CL2TRE,2,4.18,2026-08-25 07:44:32,no
1228815,eBay,122567684344,CL3RBL,1,2.67,2026-08-25 07:45:38,no
1228817,eBay,164925289077,LDMST64B224APK,5,189.45,2026-08-25 08:04:51,no
1228818,eBay,164846271255,CRSF1203CO,1,6.99,2026-08-25 08:03:22,no
1228819,eBay,164925289077,LDMT185B224APK,1,39.89,2026-08-25 08:04:51,no
1228823,eBay,266190312761,PHSF1BMTBM,1,9.86,2026-08-25 08:28:31,no
1228825,eBay,267405063500,LSHH240BG+RPR44WH,1,11.55,2026-08-25 08:31:12,no
1228853,eBay,265802726073,LDMT45E274,3,17.25,2026-08-25 09:06:42,no
1228866,eBay,266742973079,CL3TCR3PK,1,7.99,2026-08-25 09:27:49,no
1228867,eBay,306348377837,24IP2048,2,15.08,2026-08-25 09:28:04,no
1228868,eBay,164046479684,PSDS4BMRBW,1,12.89,2026-08-25 09:25:16,no
1228871,eBay,267263012995,CRSF100BM+PHSH1PBRYB+SCRN70BM+LSDO210BI,1,16.82,2026-08-25 09:39:54,no
1228877,eBay,266742973079,CL3THE,1,5.00,2026-08-25 09:47:15,no
1228886,eBay,306866820001,PLADBC+LSDO210BC3PK+ICST64E273PK,1,53.29,2026-08-25 10:00:29,no
1228887,eBay,304866316390,CRSF120BM+LHNSE27BM+SCRN70BM+LSTF40BG,1,16.99,2026-08-25 10:00:35,no
1228888,eBay,257252790159,RBLSDM220CH+RPR44WH,1,7.89,2026-08-25 09:55:58,no
1228889,eBay,168352992395,PHCD1PBRBW+LSCY290BG,3,71.67,2026-08-25 10:00:38,no
1228890,eBay,267213772077,12IP201502PK,3,81.30,2026-08-25 09:59:05,no
1228902,eBay,333629838238,CRSF100CO+LHNSE27CO+SCRN70CO+LSFT220CO,1,15.37,2026-08-25 10:23:49,no
1228903,eBay,267680118244,CRFF100CO2PK+LHNSE27CO2PK,1,15.88,2026-08-25 10:23:43,no
1228904,eBay,265225775238,CCBC12,1,5.99,2026-08-25 10:22:17,no
1228905,eBay,165479339052,PHSF1BRRCO,2,16.12,2026-08-25 10:23:46,no
1228914,eBay,161782384942,12UK3P8A,1,13.85,2026-08-25 10:34:09,no
1228915,eBay,266190316916,CL2TGD5PK,1,10.99,2026-08-25 10:34:49,no
1228931,eBay,163964665683,12UK3P1A,1,6.99,2026-08-25 10:58:07,no
1228932,eBay,163387606661,HLRK35BM,1,4.49,2026-08-25 11:00:29,no
1228939,eBay,306348377837,24IP20360,1,22.89,2026-08-25 11:04:45,no
1228946,eBay,164846271255,CRSF1208BM,1,12.59,2026-08-25 11:11:21,no
1228950,eBay,165412703587,LDMG95E2743PK,1,11.89,2026-08-25 11:22:09,no
1228952,eBay,305715611096,WCFWROBM+RPR44WH,1,10.89,2026-08-25 11:21:35,no
1228962,eBay,304941509886,WCB2BS+RPR44WH,2,15.32,2026-08-25 11:33:50,no
1228996,eBay,123023781346,CO1215ACL5PK,1,4.89,2026-08-25 12:18:20,no
1228997,eBay,267660184323,PSDS4RBM,1,12.12,2026-08-25 12:12:53,no
1229004,eBay,166408159134,WCFWROCO2PK+RPR44WH2PK,1,18.89,2026-08-25 12:22:45,no
1229005,eBay,318488624214,TSKCBM,1,5.49,2026-08-25 12:22:11,no
1229009,eBay,164525233292,LSSS300OR+RPR44WH,1,13.89,2026-08-25 12:38:56,no
1229010,eBay,266197864707,PSOS2BMB14BM,1,7.98,2026-08-25 12:38:03,no
1229028,eBay,255943163532,LHAHE27CH,1,5.49,2026-08-25 13:05:13,no
1229029,eBay,164914367042,12MIP20252PK,1,7.89,2026-08-25 13:02:52,no
1229034,eBay,164925289077,LDMG80E2745PK,1,20.49,2026-08-25 13:12:27,no
1229041,eBay,267238101789,CRSF100BM+LHNSE27YB+SCRN70BM+LSFT220GS+ICST64E27,2,35.50,2026-08-25 13:21:35,no
1229047,eBay,165418627357,CRSF1205BM+HK10BM5PK,1,9.99,2026-08-25 13:31:14,no
1229070,eBay,162799417330,12IP2080,1,9.99,2026-08-25 14:02:36,no
1229071,eBay,163672616724,CRSF100BM+PHCN1PBRRO,1,8.99,2026-08-25 14:07:08,no
1229090,eBay,266742973079,CL3THEAPK,1,19.99,2026-08-25 14:27:19,no
1229095,eBay,164129396974,LSDO300WH+RPR44WH,1,11.15,2026-08-25 14:39:16,no
1229102,eBay,265660310898,CRSF100BM+LHNSE27BM+LSUL220BS+ICST64E27,1,14.94,2026-08-25 14:43:47,no
1229103,eBay,265660312611,CO1215ACL2PK,1,5.89,2026-08-25 14:47:39,no
1229104,eBay,163964665683,12UK3P8A,1,13.89,2026-08-25 14:47:43,no
1229105,eBay,167027289851,CNP1000BM,1,7.99,2026-08-25 14:50:32,no
1229119,eBay,164132412290,CCBKNWE48,1,9.89,2026-08-25 15:19:50,no
1229129,eBay,166032301756,LHSHE27YB,1,5.49,2026-08-25 15:23:38,no
1229130,eBay,163277557074,LHNHE27YB,1,5.49,2026-08-25 15:23:38,no
1229132,eBay,266119990430,12IP2060,1,19.40,2026-08-25 15:21:26,no
1229137,eBay,306870478382,PL4HBC,1,36.69,2026-08-25 15:31:45,no
1229159,eBay,267295981796,CRFF75BA+LHAHE27BM+HK10BM+ICST64E27,1,11.18,2026-08-25 16:05:50,no
1229165,eBay,266196406229,CRFF75WH,1,4.99,2026-08-25 16:15:03,no
1229166,eBay,266196441828,CRSF120WH,2,11.38,2026-08-25 16:15:36,no
1229167,eBay,162553025729,LDMST64E276,1,6.89,2026-08-25 16:13:34,no
1229171,eBay,164554452349,ENC685,1,50.21,2026-08-25 16:25:30,no
1229175,eBay,167565749301,CCBKNWE7,5,31.95,2026-08-25 16:31:40,no
1229176,eBay,163693940389,CBSF100,1,5.09,2026-08-25 16:33:02,no
1229180,eBay,164636015985,12IP20200,10,186.30,2026-08-25 16:50:23,no
1229188,eBay,163585361443,12IP6750,1,15.49,2026-08-25 16:53:31,no
1229196,eBay,267121715682,12IP67202PK,2,30.38,2026-08-25 17:07:15,no
1229200,eBay,267367123779,LSCY290RO+RPR44WH,1,13.15,2026-08-25 17:11:03,no
1229201,eBay,267073162939,LDMST64E276,1,5.99,2026-08-25 17:18:57,no
1229204,eBay,267073162939,LDMST64B228,1,6.89,2026-08-25 17:27:18,no
1229212,eBay,266203464382,PHUH0.5HETBM,2,15.96,2026-08-25 17:39:24,no
1229213,eBay,304806215764,CRSF100BM+WSTR135BM+LSCY210BC,4,57.88,2026-08-25 17:37:18,no
1229214,eBay,164397628820,CRFF105GB,1,6.99,2026-08-25 17:37:46,no
1229215,eBay,164788778811,CL2ROR,2,9.07,2026-08-25 17:39:12,no
1229236,eBay,315370444554,WCB2BM+RPR44WH,1,7.99,2026-08-25 17:44:57,no
1229245,eBay,335742991706,PSDS2BMRGR,1,9.48,2026-08-25 17:56:21,no
1229254,eBay,266439765395,LDDCWE145,1,5.49,2026-08-25 18:01:29,no
1229255,eBay,168403853502,ENC9102,3,61.08,2026-08-25 18:06:02,no
1229263,eBay,163481444917,PHSF1GDRYB,1,10.99,2026-08-25 18:15:06,no
1229272,eBay,166880787441,ENC843,2,49.78,2026-08-25 18:34:57,no
1229278,eBay,313614826178,CL3TBM5PK,1,23.88,2026-08-25 18:41:46,no
1229281,eBay,267073162939,LDMT185E274,1,8.49,2026-08-25 18:51:47,no
1229291,eBay,314485644297,LHBRE14BM2PK,1,9.99,2026-08-25 19:19:53,no
1229301,eBay,167874397098,LDCWA60HB2296PK,1,6.49,2026-08-25 19:31:56,no
1229309,eBay,266742973079,CL3TGD2PK,1,5.49,2026-08-25 19:41:28,no
1229316,eBay,317527029368,WBERT29BL3PK,1,6.99,2026-08-25 19:51:26,no
1229317,eBay,312894053871,CBSF175,1,6.99,2026-08-25 19:56:29,no
1229327,eBay,313614826178,CL3TBM5PK,1,8.99,2026-08-25 20:08:33,no
1229342,eBay,267121715682,24IP6720,1,10.49,2026-08-25 20:23:04,no
1229343,eBay,316829411637,CL3RRE,1,5.78,2026-08-25 20:26:07,no
1229348,eBay,266188024005,CCBKNWE7,1,5.39,2026-08-25 20:35:55,no
1229354,eBay,123816674204,LDMST64B224,1,5.09,2026-08-25 20:47:35,no
1229355,eBay,266193179938,LDMST64E2743PK,1,13.09,2026-08-25 20:41:23,no
1229368,eBay,266198014153,CBSF120,1,5.49,2026-08-25 20:57:31,no
1229369,eBay,163740897090,CL2RHE5PK,2,18.98,2026-08-25 20:53:05,no
1229377,eBay,266132039859,PSDS4BMBBM,1,9.99,2026-08-25 21:09:18,no
1229387,eBay,162975561793,CL3TBMAPK,1,21.78,2026-08-25 21:11:49,no
1229392,eBay,305578042753,LSBS160CB,2,22.16,2026-08-25 21:23:08,no
1229393,eBay,267073162939,LDMST64E2743PK,2,24.86,2026-08-25 21:21:11,no
1229400,eBay,256634898505,LDMST64E2742PK,1,6.89,2026-08-25 21:31:07,no
1229401,eBay,256634898505,LDMST64E2762PK,1,6.99,2026-08-25 21:31:07,no
1229402,eBay,318488624214,TSKCBM,2,10.42,2026-08-25 21:31:27,no
1229408,eBay,304786539440,LSMS320WH+RPR44WH,2,23.72,2026-08-25 21:46:19,no
1229409,eBay,163441967260,CRFF108CH+WSSS70CH+SCRN70CH,2,18.24,2026-08-25 21:45:10,no
1229433,eBay,164886083918,CRSF1203BM+PHNW2RBM3PK+SPUPBM3PK,1,57.51,2026-08-25 22:02:47,no
1229442,eBay,165365087205,CRSF108CO,4,19.76,2026-08-25 22:12:25,no
1229448,eBay,306989981200,WCIRFS300BM,5,125.50,2026-08-25 22:23:09,no
1229455,eBay,163603334030,LSHQ150BM+RPR44WH,1,9.99,2026-08-25 22:48:20,no
1229465,eBay,165405860182,CL3TBK5PK,1,12.89,2026-08-25 22:55:34,no
1229470,eBay,266200630144,CRSF120WH,1,5.49,2026-08-25 23:05:41,no
1229473,eBay,163481444917,LHSHE27GB,12,65.88,2026-08-25 23:16:16,no
1229474,eBay,162984756666,CL3RBMEPK,1,99.99,2026-08-25 23:16:16,no
1229479,eBay,335744474958,LHCNE27BY,4,23.56,2026-08-25 23:37:08,no
1229480,eBay,304974058894,LSDO210WH2PK+RPR44WH2PK,1,16.99,2026-08-25 23:39:16,no
1229500,eBay,317609587060,PSOS2WHBWH,1,8.99,2026-08-26 00:34:08,no
1229504,eBay,167833569765,WCCYSP160BM2PK+RPR44WH2PK,1,22.89,2026-08-26 00:51:36,no
1229509,eBay,125080773359,CBSF90,1,5.39,2026-08-26 02:42:57,no
1229538,eBay,267073162939,LDMT45E274,1,5.99,2026-08-26 04:56:01,no
1229549,eBay,127362491738,CRSF100BM+LHTTE27BM,2,13.84,2026-08-26 05:59:14,no
1229551,eBay,165709660426,PHSF2BMTBM,1,10.99,2026-08-26 06:04:59,no
1229553,eBay,256483719676,LDMST64E274,6,30.72,2026-08-26 06:14:38,no
1229562,eBay,163803207906,PLHABM,2,30.18,2026-08-26 07:03:38,no
1229567,eBay,165894850271,CRFF140YB+HK10YB,1,5.49,2026-08-26 07:33:16,no
1229569,eBay,167943417300,CL2RBL5PK,1,9.99,2026-08-26 07:50:24,no
1229577,eBay,166898541107,WBERT29GR3PK,1,7.99,2026-08-26 08:16:53,no
1229591,eBay,162799417330,12IP20100,2,26.58,2026-08-26 08:38:58,no
1229592,eBay,266307130451,12IP20100,2,24.26,2026-08-26 08:32:41,no
1229594,eBay,266164545228,LDMT185B224,2,10.98,2026-08-26 08:43:51,no
1229595,eBay,266164545228,LDMT45B224,2,10.98,2026-08-26 08:43:51,no
1229596,eBay,162949535147,LDMG80B224,1,5.49,2026-08-26 08:41:58,no
1229615,eBay,304813856521,PSOS2WHBWH,2,19.36,2026-08-26 09:06:44,no
1229622,eBay,166489168860,WCCYROCH,2,41.78,2026-08-26 09:16:44,no
1229632,eBay,306369732933,12IP20200,1,20.80,2026-08-26 09:37:49,no
1229639,eBay,265739646270,CRSF100BM,1,5.99,2026-08-26 09:47:41,no
1229640,eBay,313970190831,WCFRBM+ICST64E2740,3,55.20,2026-08-26 09:46:32,no
1229649,eBay,256483719676,LDMST64E2742PK,1,6.89,2026-08-26 10:06:50,no
1229650,eBay,121992771118,CCBC3,1,5.00,2026-08-26 10:01:44,no
1229663,eBay,163585361443,12IP6710,2,14.98,2026-08-26 10:31:10,no
1229664,eBay,162949535147,LDMG80E274,1,5.49,2026-08-26 10:35:43,no
1229665,eBay,163123475599,PSFW4RBW,1,10.70,2026-08-26 10:41:34,no
1229669,eBay,267400447839,LSMS320BT+RPR44WH,1,13.06,2026-08-26 10:53:10,no
1229670,eBay,167578687821,WLWOCPBM,1,16.09,2026-08-26 11:00:32,no
1229681,eBay,313003909686,WCB2BM+RPR44WH,1,6.99,2026-08-26 11:06:58,no
1229691,eBay,304786539493,CRSF100WH+WSCH135WH+LSDO210WH,2,28.28,2026-08-26 11:23:54,no
1229693,eBay,163585361443,24IP6710,1,6.59,2026-08-26 11:27:20,no
1229700,eBay,163693940389,CBSF155,1,6.02,2026-08-26 11:36:32,no
1229731,eBay,164018856168,12IP20180,1,18.78,2026-08-26 11:55:22,no
1229739,eBay,163225741603,CO1215ACL,1,8.38,2026-08-26 12:01:34,no
1229740,eBay,165901230400,ENC4300,1,45.89,2026-08-26 12:06:06,no
1229756,eBay,265979166968,HRE1428WH2PK,2,13.28,2026-08-26 12:30:44,no
1229782,eBay,305682162344,LSCY290RE+RPR44WH,3,38.73,2026-08-26 12:57:52,no
1229788,eBay,267073162939,LDMG95E2743PK,1,11.89,2026-08-26 13:04:11,no
1229789,eBay,304786539517,24IP6720,1,9.97,2026-08-26 13:03:30,no
1229795,eBay,267340970424,CL2TGY3PK,1,5.99,2026-08-26 13:13:28,no
1229796,eBay,165094836684,LHSHE27GB,1,5.49,2026-08-26 13:13:31,no
1229797,eBay,165094836684,LHSHE27BA,1,5.29,2026-08-26 13:13:31,no
1229798,eBay,164004516812,LDMG95E274,1,9.88,2026-08-26 13:20:39,no
1229799,eBay,336596097698,ENC10071,2,29.98,2026-08-26 13:15:39,no
1229819,eBay,267073162939,LDMG95E278APK,1,44.98,2026-08-26 13:33:45,no
1229824,eBay,164279909548,PSDS4RBM,2,24.48,2026-08-26 13:49:34,no
1229833,eBay,304811536632,CO125ACL5PK,1,8.27,2026-08-26 14:04:03,no
1229834,eBay,306346497067,LSHQ150BM+RPR44WH,1,10.49,2026-08-26 14:07:33,no
1229860,eBay,163225741603,CO1215ACL,1,8.38,2026-08-26 14:38:24,no
1229862,eBay,318289842863,CRSF100WH+WSCH135WH+LSDO210WH,2,31.60,2026-08-26 14:37:30,no
1229866,eBay,267068731282,12IP6715,1,10.90,2026-08-26 14:46:56,no
1229867,eBay,267073162939,LDMST64E2743PK,1,13.09,2026-08-26 14:47:14,no
1229868,eBay,267400447839,LSMS320OR+RPR44WH,1,13.06,2026-08-26 14:48:03,no
1229873,eBay,164397628820,CRFF105RO,1,6.99,2026-08-26 14:51:46,no
1229874,eBay,165894850271,CRFF140WH+HK10WH,2,10.42,2026-08-26 14:56:23,no
1229875,eBay,304809688000,CNP1000RO,1,8.35,2026-08-26 14:59:36,no
1229879,eBay,305682162344,LSDO210BL+RPR44WH,1,10.67,2026-08-26 15:07:49,no
1229880,eBay,267068731282,12IP67100,2,43.78,2026-08-26 15:05:55,no
1229881,eBay,267068731282,12IP6745,8,119.12,2026-08-26 15:05:55,no
1229882,eBay,162975561793,CL3TRE2PK,1,8.38,2026-08-26 15:01:26,no
1229888,eBay,123085399158,CL3TGY,2,5.86,2026-08-26 15:24:39,no
1229909,eBay,164917382938,WCWDBM+RPR44WH,1,9.99,2026-08-26 16:01:10,no
1229910,eBay,164917382938,WCNCBM+RPR44WH,1,8.99,2026-08-26 16:01:10,no
1229911,eBay,164917382938,WCBNBM,1,8.99,2026-08-26 16:01:10,no
1229912,eBay,164917382938,WCLDBM+RPR44WH,2,17.98,2026-08-26 16:01:10,no
1229913,eBay,166849248974,PHSF1GDRFG,1,11.89,2026-08-26 16:07:30,no
1229914,eBay,162437124456,12IP6750,1,15.49,2026-08-26 16:06:47,no
1229923,eBay,163585361443,12IP6736,1,12.80,2026-08-26 16:17:50,no
1229933,eBay,164485938840,12IP20200,1,24.78,2026-08-26 16:24:38,no
1229934,eBay,163225741603,CO125ACL,1,7.88,2026-08-26 16:22:34,no
1229942,eBay,267256572200,CRSF100BM+PHHN1PBRGD+LSDO210BG+ICST64E27,2,35.50,2026-08-26 16:40:25,no
1229958,eBay,161782384942,12UK3P5A,1,13.89,2026-08-26 16:53:28,no
1229967,eBay,267073162939,LDMST64E2743PK,1,13.09,2026-08-26 17:08:23,no
1229969,eBay,123799969824,NFNC15,1,6.80,2026-08-26 17:15:47,no
1229970,eBay,305698440823,CL3TBM5PK,1,12.89,2026-08-26 17:14:25,no
1229971,eBay,254958265676,CRSF100BM+PHHT1PBRBM+LSHM400HE,1,34.89,2026-08-26 17:12:35,no
1229981,eBay,266188029224,WCDTBM+RPR44WH,2,15.96,2026-08-26 17:27:49,no
1229982,eBay,123767549183,CCBC9,1,5.89,2026-08-26 17:28:00,no
1229983,eBay,167826149061,CRFF100CH+LHNSE27CH,1,12.89,2026-08-26 17:23:38,no
1229987,eBay,315370444554,WCB2WH+RPR44WH,2,16.12,2026-08-26 17:36:36,no
1229988,eBay,305859110683,LSTF400GY+RPR44WH,1,14.15,2026-08-26 17:38:35,no
1229999,eBay,313614825876,CRFF100FG,1,5.89,2026-08-26 17:56:53,no
1230000,eBay,166166799334,SPSDP1WH3PK,1,6.99,2026-08-26 17:56:22,no
1230001,eBay,165201467647,12IP20100,2,26.38,2026-08-26 18:00:09,no
1230007,eBay,265660313955,PSDS2RBR+LHSHE27SN,1,10.33,2026-08-26 18:07:19,no
1230016,eBay,318488624214,TSKCBL,1,5.49,2026-08-26 18:25:57,no
1230025,eBay,267396708861,LSSS300SN+RPR44WH,4,50.00,2026-08-26 18:42:09,no
1230026,eBay,267121715682,24IP6730,1,11.49,2026-08-26 18:46:26,no
1230027,eBay,265660314740,HLHG120CH2PK,1,6.49,2026-08-26 18:45:37,no
1230036,eBay,267519662345,RWGS1533WH,1,9.40,2026-08-26 18:53:49,no
1230037,eBay,266742973079,CL3TBR3PK,1,11.00,2026-08-26 18:57:58,no
1230053,eBay,335680617161,LDWWE2718APK,1,27.35,2026-08-26 19:01:58,no
1230055,eBay,163481444917,LHSHE27BN,1,5.49,2026-08-26 19:09:21,no
1230062,eBay,304866316390,ENC6167,1,17.57,2026-08-26 19:13:56,no
1230067,eBay,266190324892,HRE2738WH2PK,1,5.99,2026-08-26 19:30:24,no
1230069,eBay,256939232422,LHCTOSN,1,6.99,2026-08-26 19:33:33,no
1230071,eBay,267073162939,LDMT45E2743PK,1,12.89,2026-08-26 19:43:26,no
1230072,eBay,162984756666,CL3RBMAPK,1,19.99,2026-08-26 19:45:11,no
1230073,eBay,165261757862,ENC2435,3,44.31,2026-08-26 19:46:46,no
1230083,eBay,164531556164,WCWDCH+RPR44WH,1,9.99,2026-08-26 19:55:19,no
1230084,eBay,162984756666,CL3RBR,1,4.99,2026-08-26 20:00:13,no
1230086,eBay,315379102143,LDMG125E278,2,20.20,2026-08-26 19:56:56,no
1230093,eBay,162975561793,CL3TBR,1,5.78,2026-08-26 20:06:48,no
1230108,eBay,123085399158,CL3RWH,3,8.07,2026-08-26 20:20:15,no
1230110,eBay,163445610793,CL3TGD5PK,1,14.89,2026-08-26 20:13:03,no
1230111,eBay,163445610793,CL3TBM5PK,1,12.89,2026-08-26 20:13:03,no
1230112,eBay,167979076726,TPHTTN2PBRBM,1,15.89,2026-08-26 20:15:13,no
1230113,eBay,265660312611,CO1260ACL2PK,1,5.99,2026-08-26 20:17:51,no
1230120,eBay,265660306987,WCB1BS+RPR44WH,2,15.96,2026-08-26 20:23:04,no
1230121,eBay,164797689636,LSCY210BS+RPR44WH,1,8.99,2026-08-26 20:23:01,no
1230123,eBay,124819682182,LDMST64B228,1,6.89,2026-08-26 20:26:24,no
1230126,eBay,161782384942,12UK3P5A,4,50.00,2026-08-26 20:39:52,no
1230130,eBay,266193441802,ENC168,1,43.14,2026-08-26 20:43:03,no
1230131,eBay,266188029327,CCBC12,1,5.99,2026-08-26 20:46:29,no
1230132,eBay,164994632132,PLTFBC,1,18.89,2026-08-26 20:46:41,no
1230141,eBay,164492030061,CL2TBR,1,5.49,2026-08-26 20:53:09,no
1230142,eBay,164846271255,CRSF1202CH,1,6.99,2026-08-26 23:24:25,no
1230143,eBay,167531319462,ENC8791,2,49.78,2026-08-26 20:59:30,no
1230152,eBay,304786539463,12IP20600,1,38.67,2026-08-26 21:17:11,no
1230153,eBay,304933083122,LSGD280AR+SCRN70FG,1,22.89,2026-08-26 21:20:32,no
1230154,eBay,266957628295,LDMST64E278APK,6,166.80,2026-08-26 21:11:18,no
1230155,eBay,267073162939,LDMT45E2743PK,1,12.89,2026-08-26 21:20:17,no
1230164,eBay,165261757862,CRSF100HBM+WSWR1PFTBM+RD30+WR+PSDS4BPB,2,26.00,2026-08-26 21:35:18,no
1230165,eBay,255943162124,PSOS2HETBM,1,11.29,2026-08-26 21:39:53,no
1230188,eBay,304825180167,ENC285,1,21.56,2026-08-26 22:11:06,no
1230211,eBay,266907327673,PLTTBC+LSTF40BC,1,22.46,2026-08-26 22:43:12,no
1230218,eBay,164925289077,LDMST64B2243PK,1,12.89,2026-08-26 22:52:12,no
1230219,eBay,164942250673,CL3RHE,25,86.64,2026-08-26 22:54:26,no
1230220,eBay,317613019326,PSDS2BMB14BM,1,7.47,2026-08-26 22:55:22,no
1230221,eBay,267528386122,RWWPSY0880YE2PK,1,6.20,2026-08-26 22:52:21,no
1230232,eBay,166105109412,CRSF108SN+CL3TGY2PK+LHS9E27SN,2,25.78,2026-08-26 23:24:25,no
1230233,eBay,163795656089,HLHG120CH2PK,1,5.09,2026-08-26 23:26:05,no
1230239,eBay,255232883921,CRSF108BM+WSST70BM,5,37.30,2026-08-26 23:33:57,no
1230240,eBay,306348377837,12IP2080,1,11.49,2026-08-26 23:33:30,no
1230241,eBay,306348377837,12IP2060,1,10.89,2026-08-26 23:33:37,no
1230246,eBay,266670188511,CRSF100SN+CL3TGY+LHSHE27SN,1,10.14,2026-08-26 23:46:18,no
1230265,eBay,163999115806,SPSD95SN2PK,1,6.99,2026-08-27 01:32:44,no
1230287,eBay,166408159134,WCFWROBM+RPR44WH,1,10.99,2026-08-27 04:57:21,no
1230291,eBay,166849248974,PHSF1GDTFG,1,12.89,2026-08-27 05:58:48,no
1230294,eBay,164525233292,LSDO300WH+RPR44WH,3,40.71,2026-08-27 06:17:24,no
1230309,eBay,163025541768,LDMT185E274,2,13.98,2026-08-27 07:33:10,no
1230310,eBay,165412703587,LDMG125E278,2,17.98,2026-08-27 07:33:10,no
1230311,eBay,267527185215,TSLCQA10WH5PK,2,31.14,2026-08-27 07:40:35,no
1230322,eBay,167547056348,CRFF500BM+WCSC1BM3PK,1,36.00,2026-08-27 08:12:12,no
1230323,eBay,165201467647,12IP20480,1,30.79,2026-08-27 08:16:05,no
1230324,eBay,165397658552,CRSF100WH+CL3TWH+LHSHE27WH,1,10.29,2026-08-27 08:20:42,no
1230325,eBay,333813672429,CL3THE5PK,1,12.78,2026-08-27 08:13:27,no
1230330,eBay,163964665683,12UK3P8A,1,13.89,2026-08-27 08:29:31,no
1230342,eBay,304786539494,PLADBM+LSDO210BG3PK,1,42.17,2026-08-27 08:52:06,no
1230343,eBay,163964665683,12UK3P5A,1,13.89,2026-08-27 08:54:13,no
1230345,eBay,162799417330,12IP2080,1,9.99,2026-08-27 09:05:49,no
1230368,eBay,266196182902,PSOS2HETBM,1,10.80,2026-08-27 09:47:04,no
1230369,eBay,255943163528,WCFWROBM+RPR44WH,1,10.89,2026-08-27 09:43:59,no
1230383,eBay,266122735475,LSFT220BR+RPR44WH,1,9.01,2026-08-27 10:06:31,no
1230384,eBay,333629838238,CRSF100CO+LHNSE27CO+SCRN70CO+LSFT220CO,1,16.99,2026-08-27 10:07:59,no
1230390,eBay,317593252015,TSLCQA20WH,1,6.49,2026-08-27 10:13:18,no
1230391,eBay,317870935135,LHSHE27YB,1,5.99,2026-08-27 10:17:21,no
1230392,eBay,127362491738,CRSF100GG+LHTTE27GG,2,14.98,2026-08-27 10:17:59,no
1230398,eBay,167943417300,CL2RORAPK,3,59.97,2026-08-27 10:29:34,no
1230399,eBay,267302461897,PCFT500BA,2,16.50,2026-08-27 10:23:45,no
1230400,eBay,304866316390,ENC285,2,41.58,2026-08-27 10:30:03,no
1230401,eBay,304866316390,CRFF100BM+LHNSE27YB+SCRN70BM+LSTF40BG,1,17.95,2026-08-27 10:28:47,no
1230407,eBay,267121715682,12IP6760,1,15.29,2026-08-27 10:31:50,no
1230408,eBay,166910180822,ENC5318,1,26.89,2026-08-27 10:39:40,no
1230413,eBay,306348377837,5IP2010,1,6.99,2026-08-27 10:43:36,no
1230414,eBay,163964665683,12UK3P5A,1,13.89,2026-08-27 10:42:28,no
1230415,eBay,168354562743,LSRP260CH3PK+RPR44WH,1,15.89,2026-08-27 10:46:24,no
1230422,eBay,164852500056,CRSF100BM+PHSQ1PBRYB+LSCY290BC+ICST64E27,3,57.06,2026-08-27 11:03:03,no
1230423,eBay,162553025729,LDMG95E274,1,6.99,2026-08-27 11:07:00,no
1230444,eBay,164725952794,CRFF100CH+PHUP1PCRCH,1,10.99,2026-08-27 11:24:29,no
1230455,eBay,165201467647,12IP20480,1,30.79,2026-08-27 11:35:02,no
1230456,eBay,166408159134,WCFWROBM+RPR44WH,1,10.99,2026-08-27 11:36:36,no
1230457,eBay,336627635259,PSDS4RBR,1,10.99,2026-08-27 11:37:26,no
1230458,eBay,317609587060,PSOS2BMBBM,1,9.99,2026-08-27 11:41:31,no
1230459,eBay,317609587060,PSDS4BMBBM,1,11.99,2026-08-27 11:41:31,no
1230475,eBay,162562112782,24IP20360,4,91.56,2026-08-27 11:49:24,no
1230476,eBay,162562112782,12IP20300,4,95.56,2026-08-27 11:49:24,no
1230477,eBay,161782384942,12UK3P8A,1,13.85,2026-08-27 11:50:48,no
1230478,eBay,164169967297,WJB2,1,5.89,2026-08-27 11:50:33,no
1230486,eBay,162799417330,12IP20100,1,13.99,2026-08-27 11:59:40,no
1230487,eBay,165724423575,5IP2050,1,8.49,2026-08-27 11:59:40,no
1230498,eBay,164389514552,PSDS2BMRBR+ICST64E27,1,16.89,2026-08-27 12:06:23,no
1230508,eBay,266190324892,HRE2738BM2PK,1,6.99,2026-08-27 12:26:10,no
1230519,eBay,161848255297,LDED75E273,2,12.44,2026-08-27 12:32:14,no
1230520,eBay,166849248974,PHSF1GDRYB,8,95.12,2026-08-27 12:37:34,no
1230522,eBay,313568002300,LHSHE27YB2PK,1,9.87,2026-08-27 12:38:03,no
1230523,eBay,267073162939,LDMST64E274APK,1,36.89,2026-08-27 12:35:39,no
1230533,eBay,162283920873,12IP20100,1,15.57,2026-08-27 12:53:23,no
1230534,eBay,163693940389,CBSF120,2,10.42,2026-08-27 12:56:48,no
1230539,eBay,163585361443,24IP6750,1,14.89,2026-08-27 13:04:26,no
1230540,eBay,165201467647,12MIP2025,2,10.42,2026-08-27 13:07:37,no
1230541,eBay,317866396609,LSGLCP120SY+RPM40WH,3,27.33,2026-08-27 13:06:58,no
1230549,eBay,304786539461,12BO48,1,14.53,2026-08-27 13:15:05,no
1230550,eBay,123149529714,CL3TWH5PK,1,14.49,2026-08-27 13:13:54,no
1230551,eBay,124021629998,CRSF1203WH,1,6.23,2026-08-27 13:13:54,no
1230552,eBay,124771480165,LHRIE14WH+CGMLWH,3,15.72,2026-08-27 13:13:54,no
1230564,eBay,266742973079,CL3TRE3PK,4,28.76,2026-08-27 13:33:10,no
1230565,eBay,267213906251,CCBKNWE3,1,4.99,2026-08-27 13:34:51,no
1230566,eBay,161801433078,LDSG95DIE274,2,13.28,2026-08-27 13:34:10,no
1230573,eBay,266190312605,CL2TBM5PK,1,10.99,2026-08-27 13:41:59,no
1230574,eBay,266742973079,CL3TWH3PK,1,8.49,2026-08-27 13:45:36,no
1230575,eBay,163481444917,LHSHE27BY,1,5.49,2026-08-27 13:49:46,no
1230576,eBay,163740897024,CL3TRE2PK,1,5.49,2026-08-27 13:50:38,no
1230594,eBay,164725952794,CRFF100CO+PHUP1PBRCO,8,64.72,2026-08-27 14:04:42,no
1230595,eBay,316829411637,CL2RHE,10,31.14,2026-08-27 14:06:10,no
1230596,eBay,256004417601,CCBKNWE12,2,11.18,2026-08-27 14:05:50,no
1230602,eBay,161782384942,12UK3P8A,36,448.56,2026-08-27 14:20:05,no
1230603,eBay,314287930431,LHBGE27BM,1,5.98,2026-08-27 14:16:16,no
1230611,eBay,122989185800,LDMST64B224,2,9.66,2026-08-27 14:22:31,no
1230612,eBay,164997908416,WCBNRO+RPR44WH,3,20.28,2026-08-27 14:28:47,no
1230629,eBay,313970190871,CRSF100BM+PHSQ1PBRYB+LSSS300WH,1,17.08,2026-08-27 14:51:51,no
1230634,eBay,266194915286,CRFF108GB+HK10GB,2,11.38,2026-08-27 15:07:50,no
1230639,eBay,267400447839,LSMS320OR+RPR44WH,2,26.10,2026-08-27 15:19:09,no
1230657,eBay,165638552259,CGMLBM5PK,1,7.88,2026-08-27 15:36:58,no
1230658,eBay,336577853444,RBLSHQ150RE+RPR44WH,1,7.19,2026-08-27 15:33:35,no
1230663,eBay,316833980444,LSCY210BG+RPR44WH,1,9.99,2026-08-27 15:41:04,no
1230670,eBay,263393639750,CL3RSI,6,8.04,2026-08-27 15:53:50,no
1230674,eBay,335680620222,WCB4WH+RPR44WH,1,6.49,2026-08-27 16:09:35,no
1230675,eBay,256939232422,LHCTOSN,1,6.99,2026-08-27 16:09:14,no
1230676,eBay,166269554733,PSHNOS2BRBM,1,8.49,2026-08-27 16:02:24,no
1230677,eBay,162799417330,12IP2080,1,9.99,2026-08-27 16:01:07,no
1230678,eBay,165894850271,CRFF140BM+HK10BM,1,5.49,2026-08-27 16:05:26,no
1230684,eBay,266742973079,CL3TBU5PK,1,12.89,2026-08-27 16:14:15,no
1230692,eBay,316809248747,CL2THE,5,17.34,2026-08-27 16:22:43,no
1230698,eBay,123290547347,LHC1E27WH,5,24.35,2026-08-27 16:33:08,no
1230699,eBay,165405860182,CL3TBR5PK,1,12.89,2026-08-27 16:34:01,no
1230704,eBay,165561143431,LSCY290GY+RPR44WH,1,13.29,2026-08-27 16:42:04,no
1230705,eBay,164030749672,CL2RGD,2,8.87,2026-08-27 16:48:47,no
1230711,eBay,313487928265,LSSS300GR+RPR44WH,2,26.38,2026-08-27 16:51:21,no
1230720,eBay,267031698686,CNP1000GB2PK,1,10.33,2026-08-27 17:09:37,no
1230721,eBay,316836925160,CL3TBK,1,7.38,2026-08-27 17:08:27,no
1230732,eBay,266193441802,CRFF100BM+LHHTE27BM+WCDCBM+ICST64E27,1,18.70,2026-08-27 17:14:13,no
1230733,eBay,126504875567,FCBSBA5GRGPK,1,8.89,2026-08-27 17:18:13,no
1230734,eBay,124703922577,24IP20360,1,22.89,2026-08-27 17:18:17,no
1230735,eBay,163103895742,LDMT45B2242PK,1,8.49,2026-08-27 17:15:47,no
1230736,eBay,168566876302,PLHCBS+LSDO210BS3PK+ICST64E273PK,1,53.29,2026-08-27 17:20:03,no
1230747,eBay,164725952794,CRFF100CH+PHUP1PCRCH,1,10.99,2026-08-27 17:25:46,no
1230758,eBay,162799417330,12IP20100,1,13.99,2026-08-27 17:39:46,no
1230760,eBay,267073162939,LDMA60E274WW,1,5.49,2026-08-27 17:31:05,no
1230761,eBay,267068731282,12IP67250,5,216.59,2026-08-27 17:38:40,no
1230765,eBay,266742973079,CL3TGY2PK,1,5.49,2026-08-27 17:43:58,no
1230771,eBay,164004516812,LDMST64E274,1,13.49,2026-08-27 17:58:44,no
1230772,eBay,267073162939,LDMST64E2763PK,1,11.49,2026-08-27 17:51:50,no
1230773,eBay,265735364440,LSDO300OR+RPR44WH,2,21.60,2026-08-27 17:56:13,no
1230788,eBay,163795656089,HLHG120CH,2,9.54,2026-08-27 18:14:55,no
1230789,eBay,165645262692,CRFF100BM+LHTTE27BM,1,8.99,2026-08-27 18:20:58,no
1230790,eBay,313970196174,ENC440,1,38.96,2026-08-27 18:17:38,no
1230799,eBay,315287058811,CRFF105YB,2,11.38,2026-08-27 18:38:16,no
1230800,eBay,304826634562,PHSF1GDTFG,1,9.48,2026-08-27 18:38:12,no
1230801,eBay,163539760863,12RPIP4560,1,9.99,2026-08-27 18:34:29,no
1230802,eBay,167646201239,WJBIP68T14BM2PK,1,14.38,2026-08-27 18:36:12,no
1230808,eBay,163892780933,LSTF40BC+RPR44WH,1,9.79,2026-08-27 18:59:32,no
1230809,eBay,267699692284,ENC5265,1,27.16,2026-08-27 18:57:50,no
1230810,eBay,254348058736,PSOS4BMBBM,1,10.89,2026-08-27 19:00:20,no
1230821,eBay,313154103184,WCB1BM+RPR44WH,1,9.89,2026-08-27 19:17:19,no
1230822,eBay,318462781248,TSKCBM,1,6.50,2026-08-27 19:14:01,no
1230836,eBay,162283920873,12IP2080,1,9.99,2026-08-27 19:23:29,no
1230852,eBay,163746580976,LDMG125E278,1,8.99,2026-08-27 19:43:37,no
1230853,eBay,165131453892,LDSHEAE274,1,6.99,2026-08-27 19:43:37,no
1230866,eBay,265826763080,PSDS2BMRGR,1,13.06,2026-08-27 20:10:08,no
1230867,eBay,163603334030,LSHQ150GY+RPR44WH,1,9.99,2026-08-27 20:09:59,no
1230871,eBay,168493167358,PHHCF1BMRBM+ICST64E27,1,17.89,2026-08-27 20:14:22,no
1230873,eBay,163434903826,LHSHE27CO,1,5.49,2026-08-27 20:19:00,no
1230879,eBay,318488624214,TSKCBM,1,5.49,2026-08-27 20:22:25,no
1230880,eBay,304832461169,CL3RYT5PK,2,18.98,2026-08-27 20:23:56,no
1230885,eBay,168480780959,LDMT185E2732PK,1,11.99,2026-08-27 20:34:56,no
1230886,eBay,167666424346,LSCY290GR+RPR44WH,1,13.17,2026-08-27 20:37:09,no
1230887,eBay,168493167358,PHHCF1BMRBM+ICST64E27,1,17.89,2026-08-27 20:39:23,no
1230893,eBay,305682162344,LSCY290SN+RPR44WH,1,16.89,2026-08-27 20:49:30,no
1230900,eBay,165131453892,LDST185E274,1,5.49,2026-08-27 20:51:14,no
1230902,eBay,265660312527,PSDS2RBR,1,10.24,2026-08-27 20:55:12,no
1230908,eBay,164817813304,12IP67100,1,21.49,2026-08-27 21:03:13,no
1230916,eBay,162799417330,24IP2072,1,10.89,2026-08-27 21:14:39,no
1230917,eBay,266193179938,LDMC35E1445PK,1,16.80,2026-08-27 21:19:46,no
1230930,eBay,123085399158,CL3RBW,2,10.84,2026-08-27 21:30:55,no
1230931,eBay,256962195276,ENC6457,1,20.39,2026-08-27 21:27:43,no
1230943,eBay,164492030061,CL2TGD,2,10.42,2026-08-27 21:49:31,no
1230950,eBay,266197864707,PSOS2BMB14BM+ICC35E1460,1,10.24,2026-08-27 21:58:23,no
1230957,eBay,266190448638,CRSF100GY,1,5.99,2026-08-27 22:06:01,no
1230981,eBay,313614825876,CRFF100RO,1,5.89,2026-08-27 22:46:33,no
1230984,eBay,267073162939,LDMG95E278,2,14.42,2026-08-27 22:58:52,no
1230985,eBay,305541421379,CL2RBM5PK,1,12.04,2026-08-27 22:59:00,no
1230986,eBay,336122414242,LSMS320BG+RPR44WH,1,14.99,2026-08-27 22:53:25,no
1230987,eBay,317527110144,SPSDP1YB,2,12.80,2026-08-27 22:52:52,no
1230989,eBay,123085399158,CL2TGD,2,5.32,2026-08-27 23:08:12,no
1230994,eBay,162711487073,CL3TBM,2,9.07,2026-08-27 23:14:20,no
1231001,eBay,163964665683,12UK3P10A,1,16.99,2026-08-27 23:42:09,no
1231004,eBay,165405860182,CL2THE5PK,1,10.99,2026-08-27 23:54:41,no
1231009,eBay,163844479887,PSOS4BMBBM,1,10.99,2026-08-28 00:20:14,no
1231015,eBay,164531556164,WCDCBM+RPR44WH,1,10.99,2026-08-28 00:57:18,no
1231018,eBay,164911105065,PLTTBM+LSOL180BM+ICST64E2740,2,51.08,2026-08-28 01:15:13,no
1231022,eBay,127362491738,CRSF100BM+LHTTE27BM,1,7.29,2026-08-28 01:35:38,no
1231026,eBay,165568516147,LSHQ150BM+RPR44WH,1,9.99,2026-08-28 02:16:50,no
1231028,eBay,166269554733,PSHYOS2BRBM,1,10.99,2026-08-28 03:37:08,no
1231029,eBay,166408159134,WCFWROBM2PK+RPR44WH2PK,7,135.05,2026-08-28 03:39:39,no
1231030,eBay,165645262692,CRFF100BM+LHTTE27BM,1,8.99,2026-08-28 04:29:33,no
1231071,eBay,123023781346,CO1260ACL2PK,1,5.89,2026-08-28 05:53:06,no
1231082,eBay,267668468006,LSGL9015CL2PK+RPM40WH2PK,1,11.18,2026-08-28 06:54:08,no
1231084,eBay,266742973079,CL3TRE5PK,1,12.89,2026-08-28 07:04:13,no
1231092,eBay,266313218532,CRSF100CH+LHTPE27JCH,1,8.99,2026-08-28 07:35:35,no
1231093,eBay,266313218532,CRSF100WH+LHTPE27JWH,1,8.99,2026-08-28 07:35:35,no
1231094,eBay,165422275157,ENC7739,1,44.01,2026-08-28 07:33:40,no
1231095,eBay,165199745268,12UK3P5A,1,13.89,2026-08-28 07:35:15,no
1231100,eBay,317131968059,TPOSBDBM,1,21.75,2026-08-28 07:49:25,no
1231106,eBay,305682162344,LSCY290GR+RPR44WH,1,14.89,2026-08-28 07:54:42,no
1231122,eBay,162553025729,LDMG95E2785PK,1,29.89,2026-08-28 08:15:36,no
1231146,eBay,266190383294,LDMG95B228,1,6.99,2026-08-28 08:56:30,no
1231153,eBay,162799417330,12IP20480,1,29.89,2026-08-28 09:03:15,no
1231154,eBay,165074694177,LSGLWB125TN2PK+SCRN70YB2PK,1,13.89,2026-08-28 09:06:52,no
1231157,eBay,267214427494,WCDSBM2PK+RPR44WH2PK,1,13.19,2026-08-28 09:17:09,no
1231163,eBay,167769755741,LHCTOSN,1,6.99,2026-08-28 09:24:49,no
1231164,eBay,165006095164,LDT185E274,1,6.99,2026-08-28 09:25:35,no
1231165,eBay,256939232422,LHCTOSN,9,56.61,2026-08-28 09:23:37,no
1231173,eBay,163044298685,LDMST64B224,2,13.28,2026-08-28 09:47:14,no
1231174,eBay,267073162939,LDMT185E2743PK,1,12.89,2026-08-28 09:41:26,no
1231175,eBay,267121715682,12IP6760,1,15.29,2026-08-28 09:51:00,no
1231176,eBay,335899500115,LHSHE27GB2PK,1,8.29,2026-08-28 09:49:05,no
1231181,eBay,255943163452,LHRTE27WH3PK,1,8.17,2026-08-28 09:55:53,no
1231182,eBay,166928254145,PSDS2BMB14BM+ICC35E1460,1,9.99,2026-08-28 09:57:10,no
1231195,eBay,125080773359,CBSF90,3,14.88,2026-08-28 10:28:33,no
1231196,eBay,254348058736,PSOS2WHBWH,1,7.19,2026-08-28 10:29:20,no
1231197,eBay,165405860182,CL3TCR5PK,1,12.89,2026-08-28 10:24:54,no
1231205,eBay,165199745268,12UK3P8A,1,13.89,2026-08-28 10:31:34,no
1231214,eBay,164817813304,12IP6715,1,7.79,2026-08-28 10:41:14,no
1231222,eBay,335752557527,SPSDP2WH,3,19.47,2026-08-28 11:00:46,no
1231223,eBay,167729466959,WCDTBM+RPR44WH,1,10.89,2026-08-28 10:56:04,no
1231224,eBay,167729466959,WCDTRE+RPR44WH,1,9.89,2026-08-28 10:56:04,no
1231231,eBay,315512771623,FCBSSPU2PK,1,7.98,2026-08-28 11:03:46,no
1231232,eBay,164261730528,12BO28,1,8.89,2026-08-28 11:06:51,no
1231245,eBay,304958975512,LSMS320WH+RPR44WH,1,13.89,2026-08-28 11:18:16,no
1231248,eBay,165405860182,CL2THE5PK,1,10.99,2026-08-28 11:30:47,no
1231249,eBay,266901660057,WCB1BM+RPR44WH,1,7.98,2026-08-28 11:21:16,no
1231260,eBay,166088838482,CSBE4WLBM,1,7.99,2026-08-28 11:32:37,no
1231262,eBay,266132039859,PSOS2WHBWH,1,7.99,2026-08-28 11:39:08,no
1231270,eBay,163585361443,24IP6710,1,6.59,2026-08-28 11:48:23,no
1231301,eBay,256002205273,LHCCE27BM+CGMLBM,1,5.49,2026-08-28 12:17:27,no
1231302,eBay,164958853389,12MIP2015,2,9.66,2026-08-28 12:19:44,no
1231309,eBay,265632304597,CRSF108BM+WSST70BM,1,8.73,2026-08-28 12:25:02,no
1231321,eBay,168319885149,LSGLSC115AR+RPM40WH,1,10.89,2026-08-28 12:46:03,no
1231326,eBay,165246423745,CNP1000BM3PK,1,16.89,2026-08-28 13:02:35,no
1231336,eBay,306348377837,24IP20180,1,16.70,2026-08-28 13:16:27,no
1231337,eBay,267184264594,LSCP150BA+RPR44WH,1,9.30,2026-08-28 13:20:45,no
1231344,eBay,333857290284,PHSF2GDRFG+ICST64E27,1,14.97,2026-08-28 13:21:09,no
1231345,eBay,164914367042,5IP202002PK,1,36.97,2026-08-28 13:29:50,no
1231346,eBay,266827784713,PSHYOS4BRBM,1,12.12,2026-08-28 13:27:43,no
1231351,eBay,164388993564,PSDS2WHBWH,1,9.99,2026-08-28 13:32:01,no
1231356,eBay,265660314741,LHRIE14WH5PK,4,45.28,2026-08-28 13:50:11,no
1231357,eBay,315287058811,CRFF105BA,1,5.99,2026-08-28 13:45:27,no
1231368,eBay,336035128276,CRSF100CO+WSLS155CO,5,69.34,2026-08-28 14:03:30,no
1231369,eBay,267400447839,LSMS320SE+RPR44WH,4,50.00,2026-08-28 14:10:50,no
1231376,eBay,166714940667,TPOSBDBM,1,21.89,2026-08-28 14:18:30,no
1231377,eBay,317030316794,CL3TGD5PK,1,15.88,2026-08-28 14:18:42,no
1231402,eBay,305682162344,LSFT220OR+RPR44WH,1,10.67,2026-08-28 14:48:20,no
1231411,eBay,165094836684,LHSHE27GB,3,15.30,2026-08-28 14:53:01,no
1231412,eBay,163181575288,LHBGE27BM,1,8.38,2026-08-28 14:55:30,no
1231413,eBay,318356863298,LHSHE27YB3PK,2,31.60,2026-08-28 14:52:57,no
1231414,eBay,256005486252,HRE2738WH2PK,1,5.39,2026-08-28 14:55:48,no
1231429,eBay,163957630326,PHTT1PBR3RR+LSWT300RR+ICST64E27603PK,1,26.45,2026-08-28 15:04:51,no
1231430,eBay,162799417330,5IP2050,1,8.49,2026-08-28 15:10:06,no
1231441,eBay,163585361443,12IP6710,1,7.89,2026-08-28 15:18:05,no
1231442,eBay,165870123497,LDMG125E2782PK,1,14.89,2026-08-28 15:19:30,no
1231443,eBay,163693940389,CBSF95,1,5.09,2026-08-28 15:19:38,no
1231453,eBay,163693940389,CBSF95,1,5.09,2026-08-28 15:22:22,no
1231455,eBay,163481444917,PHSF1GDTYB,1,10.99,2026-08-28 15:27:00,no
1231458,eBay,304823964938,LHBRE14BM,1,9.06,2026-08-28 15:31:03,no
1231460,eBay,163502414049,LSFT220WH+RPR44WH,1,8.99,2026-08-28 15:38:00,no
1231481,eBay,167729466959,WCDTBL2PK+RPR44WH2PK,1,16.46,2026-08-28 16:05:09,no
1231482,eBay,163585361443,12IP6730,2,24.48,2026-08-28 16:09:37,no
1231490,eBay,304914238704,LSRP260GB+RPR44WH,1,15.79,2026-08-28 16:29:58,no
1231494,eBay,256004334304,CBSF60,1,5.19,2026-08-28 16:36:35,no
1231495,eBay,125114910039,LHC5E27WH,1,5.89,2026-08-28 16:40:12,no
1231496,eBay,306300527113,LHC1E27WH3PK,1,8.98,2026-08-28 16:38:45,no
1231497,eBay,165165154611,PLADBM+LSDO210BG3PK+ICST64E273PK,2,93.24,2026-08-28 16:31:02,no
1231498,eBay,164925289077,LDMG95B228,1,6.99,2026-08-28 16:38:32,no
1231499,eBay,162529601899,LDMC35E144,1,5.49,2026-08-28 16:39:56,no
1231504,eBay,164261730528,12BO48,1,10.89,2026-08-28 16:47:50,no
1231505,eBay,162799417330,5IP20100,1,13.99,2026-08-28 16:48:24,no
1231523,eBay,164055884914,LSTL260BS+RPR44WH,2,12.32,2026-08-28 16:54:07,no
1231524,eBay,162289760713,12SAN7,1,9.88,2026-08-28 16:55:26,no
1231525,eBay,165700716117,CRSF100BM+WSCH135BM+LSHQ150BM,2,22.94,2026-08-28 17:00:33,no
1231526,eBay,253070126632,LHRTE27WH,1,5.89,2026-08-28 16:59:45,no
1231533,eBay,165959895226,LSGL6016CL5PK,1,38.89,2026-08-28 17:01:18,no
1231540,eBay,265664527047,CRFF500BM+LHNDE27BM2PK+LHNSE27BM+LSDO210OR3PK,1,34.11,2026-08-28 17:17:45,no
1231555,eBay,267634731903,PLDMBM2PK+LDMST64E2742PK,1,37.50,2026-08-28 17:50:20,no
1231556,eBay,164004516812,LDMT45E2743PK,1,15.78,2026-08-28 17:50:01,no
1231565,eBay,306825921308,ENC8740,2,39.68,2026-08-28 18:07:53,no
1231566,eBay,335501510907,PLTYBC+ICST64E27,1,15.76,2026-08-28 18:07:40,no
1231567,eBay,267073162939,LDMT185E274,1,8.49,2026-08-28 18:18:41,no
1231568,eBay,316562384110,LHAHE27BM,1,5.99,2026-08-28 18:16:02,no
1231586,eBay,267073162939,LDMT45E2743PK,1,12.89,2026-08-28 18:39:42,no
1231612,eBay,255943163532,LHSHE27CH,1,5.64,2026-08-28 19:04:30,no
1231613,eBay,123085399158,CL2TBR,3,7.80,2026-08-28 19:06:01,no
1231633,eBay,304786539463,12IP2015,1,5.71,2026-08-28 19:32:23,no
1231634,eBay,166247756622,WLRPE27BM,1,18.90,2026-08-28 19:39:36,no
1231644,eBay,165412703587,LDMG125E278,2,17.08,2026-08-28 19:41:46,no
1231648,eBay,314038289460,CL3TBM5PK,2,27.62,2026-08-28 19:57:35,no
1231649,eBay,266742973079,CL3TWH2PK,1,5.99,2026-08-28 19:52:29,no
1231652,eBay,267340970424,CL3TBK3PK,1,7.99,2026-08-28 20:01:16,no
1231653,eBay,317112447301,CL2RHE,2,7.48,2026-08-28 20:09:54,no
1231658,eBay,266191592637,CL3TTB,2,5.82,2026-08-28 20:14:39,no
1231659,eBay,121990564311,CCBC5,1,5.29,2026-08-28 20:17:37,no
1231663,eBay,304807574817,CRSF100BM+PHNW1RBM+ICST64E27,1,19.66,2026-08-28 20:26:55,no
1231664,eBay,164886083918,ENC1601,1,46.49,2026-08-28 20:21:42,no
1231673,eBay,267073162939,LDMST64E276,1,5.99,2026-08-28 20:31:13,no
1231677,eBay,318443949152,PLADBM,1,45.89,2026-08-28 20:44:27,no
1231678,eBay,313791484316,PSDS2BMRGD+SCRN70BM+WCBV62BM,1,16.64,2026-08-28 20:45:02,no
1231688,eBay,315340403037,WCB3BS+RPR44WH,1,8.49,2026-08-28 20:56:51,no
1231694,eBay,168480780959,LDMT185E2732PK,1,11.99,2026-08-28 21:08:07,no
1231708,eBay,164055884914,LSTL260BS+RPR44WH,1,6.49,2026-08-28 21:21:39,no
1231713,eBay,267236102729,LDWWE27252PK,1,5.49,2026-08-28 21:37:05,no
1231716,eBay,266004810103,LSCY290NB+RPR44WH,1,12.77,2026-08-28 21:43:15,no
1231717,eBay,165922146584,ENC4414,1,42.68,2026-08-28 21:41:57,no
1231733,eBay,315192085660,LDST185E274,1,6.89,2026-08-28 22:11:17,no
1231742,eBay,164679770081,5IP2028,2,10.42,2026-08-28 22:38:10,no
1231753,eBay,162553025729,LDMA60E274WW,1,5.29,2026-08-28 23:10:00,no
1231757,eBay,164958853389,12MIP2015,1,5.09,2026-08-28 23:11:02,no
1231771,eBay,162553025729,LDMA60E278WW5PK,1,13.49,2026-08-29 00:09:26,no
1231772,eBay,162553025729,LDMA60E274WW2PK,1,8.09,2026-08-29 00:09:26,no
1231774,eBay,162834884311,12UK3P5A+CODCCR,2,20.88,2026-08-29 00:11:57,no
1231775,eBay,267407390761,LDCWT75B2212,3,20.04,2026-08-29 00:13:21,no
1231785,eBay,165074694177,LSGL9015WH2PK+RPM40WH2PK,1,13.89,2026-08-29 02:06:32,no
1231787,eBay,162573603983,CO126ACL5PK,1,11.38,2026-08-29 04:03:36,no
1231795,eBay,162975561793,CL3TBMCPK,1,46.89,2026-08-29 07:12:57,no
1231798,eBay,163698193596,CRSF108BM,8,43.92,2026-08-29 07:12:57,no
1231799,eBay,165724423575,5IP2010,2,10.42,2026-08-29 07:18:59,no
1231802,eBay,123085399158,CL2TBM,12,30.48,2026-08-29 07:26:00,no
1231804,eBay,265660312527,PSDS2RBM,1,8.88,2026-08-29 07:40:51,no
1231805,eBay,167565749301,CCBKNWE12,1,5.89,2026-08-29 07:41:17,no
1231809,eBay,267073162939,LDMST64E2743PK,1,13.09,2026-08-29 08:17:42,no
1231815,eBay,266707955061,WLRPE27BM,1,32.60,2026-08-29 08:24:10,no
1231816,eBay,162704049365,CH4HW5,1,21.89,2026-08-29 08:23:58,no
1231824,eBay,164169967297,WJB23PK,1,10.89,2026-08-29 08:53:33,no
1231831,eBay,167943793586,TSLCQA20WH3PK+TSWGQBRE2PK,1,22.49,2026-08-29 09:07:00,no
1231832,eBay,163225741603,CO125ACL5PK,1,5.49,2026-08-29 09:10:07,no
1231833,eBay,163225741603,CO123ACL5PK,1,5.49,2026-08-29 09:10:07,no
1231838,eBay,164046479684,PSDS4BMRBR,1,13.89,2026-08-29 09:20:34,no
1231839,eBay,126703928790,RBLSOL220CO+RPR44WH,1,6.88,2026-08-29 09:11:46,no
1231848,eBay,304855396202,PSDS2BMRGY,1,11.87,2026-08-29 09:36:00,no
1231849,eBay,164525233292,LSFT220GR+RPR44WH,1,10.89,2026-08-29 09:35:39,no
1231856,eBay,267073162939,LDMG95E274,1,6.99,2026-08-29 09:49:48,no
1231857,eBay,255943163485,CBSF85,1,5.39,2026-08-29 09:46:10,no
1231858,eBay,265660312612,ENC1203,1,26.60,2026-08-29 09:52:21,no
1231859,eBay,315704860026,LSCY290BI+RPR44WH,1,12.89,2026-08-29 09:54:40,no
1231861,eBay,163481444917,LHSHE27SN,2,10.42,2026-08-29 10:05:02,no
1231862,eBay,162437124466,12IP6750,1,14.99,2026-08-29 10:09:04,no
1231863,eBay,313978289239,CRFF500BM+LHNDE27BM2PK+LHNSE27BM+LSFT220BC3PK,1,34.60,2026-08-29 10:04:27,no
1231864,eBay,314048304963,CRFF140CO+WSFSCO+ICST64E27,2,24.48,2026-08-29 10:19:36,no
1231865,eBay,167729466959,WCDTRO+RPR44WH,1,8.90,2026-08-29 10:13:29,no
1231866,eBay,164841174279,ENC741,3,49.89,2026-08-29 10:19:45,no
1231872,eBay,165428326850,CRSF1203GB,1,6.99,2026-08-29 10:26:15,no
1231880,eBay,167729466959,WCDTWH2PK+RPR44WH2PK,1,15.20,2026-08-29 10:31:01,no
1231881,eBay,163964665683,12UK3P1A,1,6.99,2026-08-29 10:34:52,no
1231882,eBay,164876989304,LHCCE27BL+CGMLBM,1,5.49,2026-08-29 10:38:37,no
1231885,eBay,124283574881,CRFF75YB,1,5.99,2026-08-29 10:46:07,no
1231886,eBay,265973613329,CO1210ACL5PK,1,5.99,2026-08-29 10:41:53,no
1231898,eBay,162975561793,CL3TBMAPK,1,21.78,2026-08-29 11:10:04,no
1231902,eBay,335747996755,ENC6130,1,19.80,2026-08-29 11:16:19,no
1231903,eBay,163445610793,CL3TBU,3,11.93,2026-08-29 11:13:32,no
1231904,eBay,163163209934,LHRIE27BM2PK+CGMLBM2PK,1,7.99,2026-08-29 11:14:53,no
1231911,eBay,125433881832,CRFF65CH+WSFSCH,4,31.00,2026-08-29 11:21:41,no
1231912,eBay,163059605339,LDMG80E2743PK,1,12.86,2026-08-29 11:29:37,no
1231920,eBay,306369733983,24IP2048,1,7.98,2026-08-29 11:44:06,no
1231921,eBay,266742973079,CL3TGL3PK,1,7.99,2026-08-29 11:46:12,no
1231926,eBay,335668309841,LSCY290GB+RPR44WH,2,32.38,2026-08-29 11:58:03,no
1231927,eBay,165422275157,ENC6368,2,67.26,2026-08-29 11:53:49,no
1231930,eBay,313003909686,WCB2BM+RPR44WH,1,6.99,2026-08-29 11:58:49,no
1231937,eBay,163527822125,LHSHE27YB,2,10.42,2026-08-29 12:03:57,no
1231942,eBay,267400447839,LSMS320WH+RPR44WH,2,26.10,2026-08-29 12:15:26,no
1231949,eBay,267340970424,CL2TBR3PK,1,5.99,2026-08-29 12:29:15,no
1231950,eBay,256004334304,CBSF125,1,5.19,2026-08-29 12:26:30,no
1231951,eBay,162949535147,LDMG80B224,2,10.42,2026-08-29 12:26:51,no
1231960,eBay,165423650179,ENC3291,2,34.38,2026-08-29 12:42:28,no
1231961,eBay,256939232422,LHCTOYB,1,6.99,2026-08-29 12:41:38,no
1231985,eBay,315384745645,CRSF108BM2PK+WSAT105BM2PK+ICST64E272PK,1,17.00,2026-08-29 12:59:51,no
1231986,eBay,162943564512,CNP1000GB2PK,1,10.99,2026-08-29 12:50:51,no
1231987,eBay,164080196387,LSSS300GR+RPR44WH,2,24.48,2026-08-29 12:51:17,no
1231988,eBay,163693940389,CBSF115,1,8.19,2026-08-29 12:57:51,no
1232017,eBay,315430845592,WCB7WH+RPR44WH,1,9.68,2026-08-29 13:42:06,no
1232018,eBay,335744474958,LHCNE27BY,2,11.78,2026-08-29 13:46:15,no
1232026,eBay,333195898866,12BO48,1,15.29,2026-08-29 14:00:09,no
1232027,eBay,162934071418,SWV103GCH,1,8.38,2026-08-29 13:53:25,no
1232028,eBay,163676435473,CRSF2003CH,1,8.89,2026-08-29 13:53:40,no
1232029,eBay,166596512955,LHTEE27RO,1,5.49,2026-08-29 13:56:08,no
1232030,eBay,164743468578,CL3TBUAPK,2,48.77,2026-08-29 13:58:01,no
1232044,eBay,266957628295,LDMST64E2783PK,1,17.99,2026-08-29 14:15:46,no
1232061,eBay,162975561793,CL3TBRAPK,1,20.88,2026-08-29 14:33:15,no
1232062,eBay,123767549959,CCBKNWE36,1,8.99,2026-08-29 14:39:55,no
1232073,eBay,163964665683,12UK3P5A,1,29.67,2026-08-29 14:43:36,no
1232086,eBay,305704637557,LHC1E27WH2PK,1,12.39,2026-08-29 14:53:26,no
1232087,eBay,266188028966,PCBI3WC,1,4.99,2026-08-29 14:54:45,no
1232092,eBay,336596097698,ENC10071,1,14.99,2026-08-29 15:06:43,no
1232093,eBay,267213906251,CCBKNWE12,1,5.89,2026-08-29 15:10:11,no
1232098,eBay,265660312558,CRSF125BM+WSAT105BM+ICST64E27,2,24.82,2026-08-29 15:11:26,no
1232100,eBay,163122991975,CL3RGL5PK,1,10.99,2026-08-29 15:20:01,no
1232101,eBay,166905025450,ENC4408,1,23.14,2026-08-29 15:19:31,no
1232112,eBay,166408159134,WCFWROCO+RPR44WH,1,10.99,2026-08-29 15:25:57,no
1232114,eBay,316849113077,LDMST64E274,1,6.99,2026-08-29 15:29:13,no
1232121,eBay,266296563822,CRFF75CH+LHAHE27CH+HK10CH,1,8.45,2026-08-29 15:38:56,no
1232122,eBay,313154103184,WCB1BM+RPR44WH,2,18.78,2026-08-29 15:34:02,no
1232125,eBay,164267913779,CCBC5,5,24.70,2026-08-29 15:34:26,no
1232132,eBay,123085399158,CL3TBR,4,11.20,2026-08-29 15:48:05,no
1232133,eBay,267121715682,12IP6736,1,11.99,2026-08-29 15:43:25,no
1232142,eBay,315379102143,LDMG125B228,3,28.47,2026-08-29 16:06:57,no
1232143,eBay,162553025729,LDMST64E2745PK,1,19.89,2026-08-29 16:07:57,no
1232148,eBay,162898729481,LDMST64B228,3,19.20,2026-08-29 16:20:07,no
1232154,eBay,267068731282,12IP6720,1,10.99,2026-08-29 16:22:36,no
1232155,eBay,266297758334,ENC5170,2,50.54,2026-08-29 16:27:26,no
1232167,eBay,314558038121,CL2TBM,3,11.43,2026-08-29 16:32:34,no
1232168,eBay,306300520220,LHRBE27BM,1,12.68,2026-08-29 16:34:39,no
1232169,eBay,305861952606,WCCYROGD+LDMT45E274,1,21.75,2026-08-29 16:35:31,no
1232170,eBay,164030749672,CL2ROR,1,5.78,2026-08-29 16:31:12,no
1232186,eBay,164725952794,CRFF100CO+PHUP1PBRCO,1,8.99,2026-08-29 16:55:01,no
1232187,eBay,164004516812,LDMST64E278,1,8.89,2026-08-29 16:55:01,no
1232193,eBay,267121715682,24IP6720,1,10.49,2026-08-29 17:07:54,no
1232194,eBay,165412703587,LDMA60E2743PK,1,13.89,2026-08-29 17:07:36,no
1232206,eBay,167565749301,CCBKNWE12,1,5.89,2026-08-29 17:18:45,no
1232207,eBay,313970190809,CL3RGL5PK,1,11.11,2026-08-29 17:13:51,no
1232220,eBay,304785656245,LSMS320GR+RPR44WH,2,28.28,2026-08-29 17:21:12,no
1232221,eBay,164844231307,ENC789,2,37.02,2026-08-29 17:26:54,no
1232222,eBay,166408159134,WCFWROBM+RPR44WH,1,10.99,2026-08-29 17:28:35,no
1232231,eBay,305698440823,CL3TAG2PK,1,5.41,2026-08-29 17:32:15,no
1232232,eBay,306537395913,SPSDP3BM6PK,1,13.34,2026-08-29 17:38:40,no
1232239,eBay,166159944913,CRSF100BM+PHUP1PBRBM,1,8.45,2026-08-29 17:47:54,no
1232244,eBay,266190476182,5IP2025,1,6.99,2026-08-29 17:51:26,no
1232248,eBay,162553025729,LDMG95E2745PK,1,15.89,2026-08-29 18:07:27,no
1232256,eBay,313614826197,12BO48,1,13.69,2026-08-29 18:13:46,no
1232257,eBay,267073162939,LDMT185E2743PK,1,12.89,2026-08-29 18:11:37,no
1232258,eBay,267073162939,LDMA60E2743PK,1,12.49,2026-08-29 18:11:37,no
1232259,eBay,267073162939,LDMT45E2743PK,1,12.89,2026-08-29 18:11:37,no
1232260,eBay,165412703587,LDMG80E274,1,5.49,2026-08-29 18:12:35,no
1232261,eBay,304941509886,WCB2WH+RPR44WH,2,16.88,2026-08-29 18:17:10,no
1232267,eBay,266742973079,CL3TBK2PK,1,5.49,2026-08-29 18:22:23,no
1232290,eBay,314148529895,12UK3P5A+CODCCR,1,13.33,2026-08-29 18:58:57,no
1232300,eBay,267719296725,LSGLBG145AR2PK+RPR44WH2PK,1,14.94,2026-08-29 19:08:36,no
1232301,eBay,163814884066,CRSF108GB+HKR10GB,1,6.99,2026-08-29 19:01:57,no
1232302,eBay,163999115806,SPSD78SN2PK,1,6.99,2026-08-29 19:05:57,no
1232303,eBay,163792073686,LHBPE27BM2PK+CGMLBM2PK,1,10.77,2026-08-29 19:09:10,no
1232304,eBay,162553025729,LDMC35E144,1,5.49,2026-08-29 19:10:23,no
1232312,eBay,266190324892,HRE2738WH2PK,1,5.99,2026-08-29 19:18:30,no
1232313,eBay,163896048573,LSOL180BC+RPR44WH,1,9.79,2026-08-29 19:11:48,no
1232320,eBay,265660312527,PSDS2RGD,1,10.24,2026-08-29 19:38:13,no
1232321,eBay,164503113377,PHCD1PBRBM+LSTM310BM,1,22.22,2026-08-29 19:31:51,no
1232322,eBay,164925289077,LDMST64B2243PK,1,12.89,2026-08-29 19:36:34,no
1232329,eBay,316809248747,CL3TIV,4,14.40,2026-08-29 19:49:38,no
1232330,eBay,164004516812,LDMST64E278,1,11.78,2026-08-29 19:45:41,no
1232331,eBay,165543505783,CRFF108RO+LHTKE27RO,1,9.99,2026-08-29 19:47:48,no
1232339,eBay,266196528106,CL2THEAPK,1,21.33,2026-08-29 19:57:25,no
1232340,eBay,313614826178,CL2TGD5PK,1,8.99,2026-08-29 19:58:30,no
1232341,eBay,168466307226,BSFCDRSIPI,1,18.79,2026-08-29 19:55:35,no
1232348,eBay,267073162939,LDMST64E2783PK,1,20.59,2026-08-29 20:07:18,no
1232353,eBay,314784136272,WSOSBDBM,1,18.90,2026-08-29 20:14:27,no
1232355,eBay,123770992315,LHSHE27GB,1,5.19,2026-08-29 20:14:56,no
1232364,eBay,164492030061,CL3TCR,2,10.04,2026-08-29 20:20:54,no
1232371,eBay,257254531430,CRSF100CO+PHRI1PBRCO+RBLSFT220CO,1,11.01,2026-08-29 20:32:07,no
1232372,eBay,267292327043,CRSF100CO+PHSH1PBRCO+LSSS300CO+ICST64E27,1,24.34,2026-08-29 20:38:27,no
1232379,eBay,306348377837,12IP2024,1,6.99,2026-08-29 20:41:12,no
1232380,eBay,266190476182,5IP2010,1,6.49,2026-08-29 20:46:12,no
1232386,eBay,265660313934,PSDS2BMRBL+ICST64E27,1,14.00,2026-08-29 20:54:02,no
1232387,eBay,266827784713,PSHNOS4WRWH,1,10.33,2026-08-29 20:55:04,no
1232388,eBay,305682162344,LSFT220WH+RPR44WH,1,10.89,2026-08-29 20:51:14,no
1232401,eBay,168585391958,ENC7092,1,55.89,2026-08-29 21:11:02,no
1232407,eBay,305698440823,CL3TBR2PK,1,5.41,2026-08-29 21:21:15,no
1232418,eBay,166408159134,WCFWROBM+RPR44WH,1,10.99,2026-08-29 21:44:17,no
1232419,eBay,163502414049,LSFT220SN+RPR44WH,2,18.60,2026-08-29 21:50:04,no
1232420,eBay,304786539476,LSCY290GR+RPR44WH,1,14.15,2026-08-29 21:50:38,no
1232428,eBay,124685554523,WCB1BS+RPR44WH,2,13.74,2026-08-29 21:55:00,no
1232429,eBay,163502414049,LSFT220BC+RPR44WH,3,32.97,2026-08-29 21:59:42,no
1232430,eBay,163502414049,LSFT220GS+RPR44WH,2,21.98,2026-08-29 21:59:42,no
1232439,eBay,163481444917,PHSF1GDRYB,1,10.99,2026-08-29 22:07:28,no
1232452,eBay,267659245801,LSGL15014CL+RPM40WH,2,24.07,2026-08-29 22:49:59,no
1232456,eBay,336558427431,RBCRSF100BM+WSCH135BM+RBLSDO210BG,1,12.59,2026-08-29 22:54:53,no
1232471,eBay,162975561793,CL3TBM,6,37.73,2026-08-29 23:36:41,no
1232472,eBay,317031614428,12UK3P1A,1,6.99,2026-08-29 23:39:08,no
1232500,eBay,163844479887,PSOS4BMBBM,1,10.99,2026-08-30 00:58:14,no
1232554,eBay,267073162939,LDMST64E2742PK,1,9.69,2026-08-30 02:31:39,no
1232555,eBay,266193179938,LDMG95E2743PK,1,11.89,2026-08-30 03:48:02,no
1232571,eBay,163438448120,CL3RBM5PK,1,10.99,2026-08-30 07:12:55,no
1232577,eBay,318718289518,ENC10233,1,39.41,2026-08-30 07:33:23,no
1232578,eBay,267400447839,LSMS320WH+RPR44WH,2,26.10,2026-08-30 07:35:30,no
1232579,eBay,267073162939,LDMT45E2743PK,1,12.89,2026-08-30 07:38:10,no
1232580,eBay,162834884311,12UK3P8A+CODCCR,1,15.89,2026-08-30 07:37:26,no
1232588,eBay,163693940389,CBSF95,1,5.09,2026-08-30 08:01:43,no
1232589,eBay,163434932392,LHSHE27GB,2,10.98,2026-08-30 08:04:44,no
1232590,eBay,163739085310,CRFF108GB+CGCYGB,2,7.78,2026-08-30 08:04:44,no
1232591,eBay,165584303790,CL2THE,1,3.89,2026-08-30 08:04:44,no
1232592,eBay,164094948266,PSDS4RBM+LHTHE27RO,1,16.89,2026-08-30 08:05:10,no
1232595,eBay,166839718006,5IP20100,1,11.71,2026-08-30 08:17:45,no
1232608,eBay,255943163532,LHSHE27CH,2,10.72,2026-08-30 08:45:38,no
1232614,eBay,123085399158,CL2TGD,4,10.16,2026-08-30 08:51:38,no
1232615,eBay,124744378691,CODL632AGY5PK,1,8.89,2026-08-30 08:56:15,no
1232618,eBay,162553025729,LDMST64E274,5,24.70,2026-08-30 09:03:57,no
1232633,eBay,336741569727,LDCWA95B2222,1,9.99,2026-08-30 09:38:05,no
1232634,eBay,334766943402,HRE1428WH2PK,1,4.69,2026-08-30 09:35:48,no
1232643,eBay,162975561793,CL3TBRAPK,1,20.88,2026-08-30 09:58:54,no
1232644,eBay,166368112091,LDLIE27SQ4,1,7.89,2026-08-30 10:00:06,no
1232645,eBay,166368112091,LDLIE27TR4,1,7.89,2026-08-30 10:00:06,no
1232646,eBay,267073162939,LDMA60E274WW,1,5.49,2026-08-30 09:59:49,no
1232647,eBay,267035988245,LDSG125MUE274,1,11.49,2026-08-30 10:00:03,no
1232653,eBay,315370444554,WCB2BC+RPR44WH,1,7.99,2026-08-30 10:05:38,no
1232656,eBay,163740897339,CL2TCR,1,5.09,2026-08-30 10:17:31,no
1232657,eBay,162975561793,CL3TBL2PK,1,5.49,2026-08-30 10:17:31,no
1232663,eBay,167922606736,CL3TCR5PK,1,12.99,2026-08-30 10:21:38,no
1232664,eBay,163693940389,CBSF100,1,5.09,2026-08-30 10:29:13,no
1232665,eBay,318488624214,TSKCBM,1,5.49,2026-08-30 10:27:58,no
1232686,eBay,164925289077,LDMT45B224APK,2,68.18,2026-08-30 10:43:03,no
1232695,eBay,163585361443,24IP6710,1,6.59,2026-08-30 10:54:04,no
1232696,eBay,167826149061,CRFF100BM+LHNSE27BM,1,10.89,2026-08-30 10:57:09,no
1232697,eBay,167826149061,CRFF100YB+LHNSE27YB,1,12.89,2026-08-30 10:57:09,no
1232703,eBay,266196406229,CRFF75GB3PK,1,9.49,2026-08-30 11:05:51,no
1232704,eBay,313462209545,PHSF1GYRCH,1,11.39,2026-08-30 11:09:32,no
1232711,eBay,124989208126,LDMST64E2785PK,1,18.89,2026-08-30 11:16:43,no
1232721,eBay,164004516812,LDMST64E2783PK,1,18.08,2026-08-30 11:24:19,no
1232724,eBay,164610868952,ENC843,2,47.28,2026-08-30 11:37:17,no
1232728,eBay,317030316794,CL3TGY5PK,1,15.88,2026-08-30 11:49:06,no
1232729,eBay,267681028194,CRSF100BM+PHCH1BMRBM+LSCY290BI,1,17.76,2026-08-30 11:40:47,no
1232730,eBay,264314686706,WCBNBM+RPR44WH,1,7.99,2026-08-30 11:46:03,no
1232733,eBay,167785802368,ENC9102,1,20.36,2026-08-30 11:54:44,no
1232746,eBay,313970190845,WCB6BB+RPR44WH,5,40.45,2026-08-30 12:11:38,no
1232747,eBay,163871700144,CRFF108BM+WSST70BM+WCBNBM+LDMT130E274,1,18.89,2026-08-30 12:20:12,no
1232752,eBay,124771480165,LHRIE27WH+CGMLWH,1,5.42,2026-08-30 12:25:12,no
1232753,eBay,266188029224,WCDTBM+RPR44WH,1,7.98,2026-08-30 12:23:46,no
1232754,eBay,163445610793,CL3TBKAPK,1,27.78,2026-08-30 12:22:09,no
1232755,eBay,164127809379,PSDS2BMRBW,1,10.99,2026-08-30 12:26:47,no
1232756,eBay,162553025729,LDMG95B224,1,5.79,2026-08-30 12:30:25,no
1232769,eBay,335112459353,WCBNBC+RPR44WH,1,8.59,2026-08-30 12:35:33,no
1232770,eBay,163481444917,PHSF1AGRGB,1,9.99,2026-08-30 12:37:16,no
1232779,eBay,304813856521,PSOS2WHBWH,2,19.36,2026-08-30 12:44:51,no
1232785,eBay,162553025729,LDMT45E2742PK,1,10.99,2026-08-30 12:50:48,no
1232786,eBay,168466307226,BSFCDRSIPI,1,18.79,2026-08-30 12:54:57,no
1232788,eBay,266203491554,CL2THEAPK,1,21.20,2026-08-30 12:54:33,no
1232803,eBay,165479339052,CRSF100SN+PHBK1PCRSN,1,6.99,2026-08-30 13:12:59,no
1232805,eBay,163693940389,CBSF75,1,6.99,2026-08-30 13:20:32,no
1232807,eBay,267668468006,LSGL9015CL2PK+RPM40WH2PK,1,11.18,2026-08-30 13:14:21,no
1232813,eBay,335742953763,PSDS2RBR,1,8.17,2026-08-30 13:30:41,no
1232824,eBay,306348377837,12IP20200,1,21.89,2026-08-30 13:32:48,no
1232829,eBay,304866316390,ENC6167,1,17.57,2026-08-30 13:42:31,no
1232831,eBay,266190448500,PLWEBC+PHNW1RBC+LDMST64E274,2,56.18,2026-08-30 13:42:17,no
1232832,eBay,162799417330,12IP20100,1,13.99,2026-08-30 13:44:25,no
1232833,eBay,166408159134,WCFWROBM2PK+RPR44WH2PK,1,18.88,2026-08-30 13:48:14,no
1232844,eBay,267068731282,24IP6780,1,18.49,2026-08-30 14:00:09,no
1232845,eBay,253794748665,LHC1E27WH,1,8.78,2026-08-30 13:54:00,no
1232846,eBay,124734086174,PSOS2HETBM,1,11.29,2026-08-30 13:57:08,no
1232856,eBay,266196406229,CRFF75YB,1,4.99,2026-08-30 14:03:58,no
1232866,eBay,314048304963,CRFF140CH+WSFSCH+ICST64E27,3,35.94,2026-08-30 14:20:10,no
1232867,eBay,267038390681,CCBKNWE25,1,8.19,2026-08-30 14:17:35,no
1232868,eBay,305887888727,HLRK45BM2PK,1,9.75,2026-08-30 14:15:38,no
1232874,eBay,164279909548,PSDS2RBM,2,20.68,2026-08-30 14:29:59,no
1232875,eBay,305698440823,CL3RGD2PK,1,5.41,2026-08-30 14:29:20,no
1232876,eBay,266742973079,CL3TRO2PK,1,5.49,2026-08-30 14:24:49,no
1232877,eBay,123770992315,LHSHE27YB,1,5.19,2026-08-30 14:29:16,no
1232882,eBay,162553025729,LDMT45E2742PK,1,10.99,2026-08-30 14:36:44,no
1232883,eBay,316870808998,5IP20200,6,113.28,2026-08-30 14:38:50,no
1232890,eBay,267213906251,CCGRNWH50,1,8.49,2026-08-30 14:43:03,no
1232891,eBay,255943163511,LHBRE14BM3PK,1,9.54,2026-08-30 14:44:08,no
1232892,eBay,163585361443,12IP6760,1,16.98,2026-08-30 14:43:35,no
1232893,eBay,163749038080,CL3RWH,1,5.78,2026-08-30 14:46:26,no
1232902,eBay,267068731282,24IP6750,1,14.89,2026-08-30 15:09:32,no
1232905,eBay,165094836684,LHSHE27CH,4,19.76,2026-08-30 15:04:35,no
1232906,eBay,123770992315,LHSHE27RO,2,9.86,2026-08-30 15:05:15,no
1232907,eBay,316338576871,LSFT220WH+RPR44WH,1,9.48,2026-08-30 15:04:25,no
1232910,eBay,267032686358,CL2RBM,2,5.68,2026-08-30 15:12:31,no
1232918,eBay,163693940389,CBSF100,2,9.66,2026-08-30 15:22:50,no
1232919,eBay,165034430470,ENC1849,1,19.89,2026-08-30 15:23:20,no
1232920,eBay,161970161622,12IP20120,1,15.89,2026-08-30 15:24:35,no
1232930,eBay,164046479684,PSDS4BMRGR,1,13.89,2026-08-30 15:42:16,no
1232935,eBay,267073162939,LDMC35E1445PK,1,15.89,2026-08-30 16:00:12,no
1232936,eBay,164928157646,LHC1E27WH,1,6.99,2026-08-30 15:50:53,no
1232937,eBay,166133421552,ENC5104,1,45.89,2026-08-30 15:58:45,no
1232938,eBay,124734086174,PSOS2HETBM+ICST64E27,1,13.98,2026-08-30 15:55:59,no
1232939,eBay,256475004969,LDMG95B224,1,5.82,2026-08-30 15:51:51,no
1232947,eBay,265660312522,12IP6750,1,15.49,2026-08-30 16:00:59,no
1232948,eBay,266190416116,CL2TBU5PK,1,10.99,2026-08-30 16:01:09,no
1232949,eBay,254615067143,CRSF100GB+LHNSE27GB+SCRN70GB+LSTF40GB,2,28.28,2026-08-30 16:05:46,no
1232978,eBay,334800070610,WCB2WH+RPR44WH,1,7.89,2026-08-30 16:23:52,no
1232979,eBay,162553025729,LDMST64E274,1,5.49,2026-08-30 16:28:05,no
1232980,eBay,165524337174,CRSF100BM+PHHT1PBRBM+LSMS320GY+ICST64E27,1,18.59,2026-08-30 16:29:59,no
1232986,eBay,164055884914,LSTL260BS+RPR44WH,1,6.49,2026-08-30 16:34:56,no
1232996,eBay,265660306871,PSDS4BMRBR,1,13.37,2026-08-30 16:48:58,no
1233009,eBay,313970190896,ENC1210,1,21.89,2026-08-30 17:04:39,no
1233026,eBay,165307066912,HK10WH5PK,1,5.49,2026-08-30 17:02:12,no
1233027,eBay,313970190896,ENC1216,1,21.89,2026-08-30 17:04:39,no
1233034,eBay,164958853389,12MIP2015,1,5.09,2026-08-30 17:13:41,no
1233038,eBay,163585361443,12IP67150,1,22.49,2026-08-30 17:29:12,no
1233046,eBay,253070126632,LHRTE27WH,1,5.89,2026-08-30 17:40:20,no
1233051,eBay,315379102143,LDMC35E144,3,22.89,2026-08-30 17:44:13,no
1233052,eBay,305682162344,LSCY290YE+RPR44WH,1,16.67,2026-08-30 17:46:43,no
1233061,eBay,164267913779,CCBC24,1,8.99,2026-08-30 17:58:42,no
1233070,eBay,162984324438,LDMST64B228,1,6.89,2026-08-30 18:09:16,no
1233084,eBay,256939232422,LHCTORO,4,35.02,2026-08-30 18:23:50,no
1233085,eBay,166885457859,PLTYBC+WCBNBC+LDMT130E274,2,45.78,2026-08-30 18:28:27,no
1233086,eBay,304786539517,24IP6745,1,13.56,2026-08-30 18:27:43,no
1233091,eBay,163896048573,LSOL180BC+RPR44WH,1,9.79,2026-08-30 18:34:39,no
1233095,eBay,164244350750,PLTTBC+LSFT220BC+ICST64E2740,1,25.01,2026-08-30 18:47:41,no
1233096,eBay,166247756622,WLRPE27BM,1,18.90,2026-08-30 18:47:54,no
1233097,eBay,162553025729,LDMG80E274,1,5.49,2026-08-30 18:50:59,no
1233106,eBay,163481444917,PHSF1GDTYB,1,10.99,2026-08-30 18:54:19,no
1233109,eBay,123085399158,CL2TBR,1,2.89,2026-08-30 18:59:47,no
1233117,eBay,255943163528,WCFWROBM+RPR44WH,1,10.89,2026-08-30 19:07:39,no
1233118,eBay,267073162939,LDMT185E274APK,1,36.40,2026-08-30 19:02:40,no
1233119,eBay,267073162939,LDMT45E2743PK,1,12.89,2026-08-30 19:02:40,no
1233120,eBay,267121715682,12IP6715,1,7.59,2026-08-30 19:08:11,no
1233127,eBay,313462209545,PHSF1BWTSN,2,24.48,2026-08-30 19:20:10,no
1233132,eBay,163438448120,CL3ROR5PK,1,10.99,2026-08-30 19:24:41,no
1233134,eBay,306348377837,24IP20180,1,16.70,2026-08-30 19:23:23,no
1233156,eBay,315379102143,LDMG125E278,1,11.87,2026-08-30 19:44:37,no
1233157,eBay,304826634562,PHSF1BMRYB,1,9.48,2026-08-30 19:47:39,no
1233179,eBay,313614839666,ENC450,1,18.90,2026-08-30 20:18:17,no
1233183,eBay,304950963645,LSDO210GY+RPR44WH,1,9.67,2026-08-30 20:12:56,no
1233202,eBay,267073162939,LDMST64E2743PK,1,13.09,2026-08-30 20:44:11,no
1233203,eBay,266827784713,PSHYOS2BRBM,1,10.33,2026-08-30 20:42:38,no
1233204,eBay,313614826197,12BO48,1,13.69,2026-08-30 20:42:48,no
1233205,eBay,163440200815,PSOS2YBRPB,1,10.99,2026-08-30 20:42:34,no
1233215,eBay,164855289662,ENC686,1,51.05,2026-08-30 20:55:53,no
1233216,eBay,167645621244,CL3THEAPK,1,20.99,2026-08-30 21:00:26,no
1233223,eBay,266193437782,LDMC35E1443PK,1,10.49,2026-08-30 21:01:03,no
1233231,eBay,304785656245,LSMS320GY2PK+RPR44WH2PK,1,23.65,2026-08-30 21:23:30,no
1233232,eBay,124021629998,CRSF120BM,1,5.04,2026-08-30 21:21:56,no
1233239,eBay,317527110144,SPSDP1SN,1,7.97,2026-08-30 21:35:41,no
1233265,eBay,267573207648,LSGLWS180YC+RPR44WH,1,9.30,2026-08-30 22:22:22,no
1233266,eBay,266193179938,LDMST64E2743PK,1,13.09,2026-08-30 22:22:52,no
1233267,eBay,336035190786,CRSF100YB+WSSS70YB+LSFT220YB,1,15.78,2026-08-30 22:20:40,no
1233275,eBay,166110658211,CRSF120FG+PHBK1PBRFG,2,17.98,2026-08-30 22:41:35,no
1233282,eBay,267073162939,LDMA60E2743PK,1,12.49,2026-08-30 23:06:57,no
1233287,eBay,267073162939,LDMG125E278,1,8.99,2026-08-30 23:14:01,no
1233292,eBay,267285414972,CRSF100BM+PHCH1BMRBM+LSCY290BM+ICST64E27,1,19.64,2026-08-30 23:28:34,no
1233293,eBay,317526786920,WCIRFS300BM+ICST64E27,2,55.84,2026-08-30 23:22:33,no
1233302,eBay,266190324759,LHCCE27RE+CGMLBM,1,5.99,2026-08-30 23:41:28,no
1233317,eBay,162573603983,CO125ACL5PK,1,8.38,2026-08-31 00:25:29,no
1233318,eBay,267055417798,ENC4466,1,17.85,2026-08-31 00:30:09,no
1233357,eBay,254348058736,PSOS4BMBBM,1,10.89,2026-08-31 05:46:52,no
1233359,eBay,304786539463,12IP20100,1,12.67,2026-08-31 06:32:21,no
1233361,eBay,162874153468,CCBC12,1,5.99,2026-08-31 06:30:26,no
1233365,eBay,304786411657,PHSF2BMTBY,1,9.26,2026-08-31 07:00:53,no
1233381,eBay,163693940389,CBSF195,1,8.99,2026-08-31 07:34:31,no
1233382,eBay,164261730528,12BO72,1,12.89,2026-08-31 07:39:41,no
1233386,eBay,163017275623,CL3RBU3PK,1,7.89,2026-08-31 07:45:18,no
1233410,eBay,124688162878,LSBS160YE,1,11.62,2026-08-31 08:14:30,no
1233411,eBay,305682162344,LSDO300CO+RPR44WH,1,16.89,2026-08-31 08:19:46,no
1233417,eBay,168487438779,ENC1314,1,19.43,2026-08-31 08:25:29,no
1233428,eBay,162975561793,CL3TBK,1,5.78,2026-08-31 08:56:21,no
1233433,eBay,126572970053,PSDS2BMRGY,1,11.89,2026-08-31 09:10:12,no
1233436,eBay,266161775436,CRSF100GR+LHLTE27GR+WCGSGR,1,15.49,2026-08-31 09:12:23,no
1233443,eBay,167606378152,CRSF1202WH+PHRN2PCRWH2PK,1,15.29,2026-08-31 09:48:14,no
1233486,eBay,162823715743,ENC10313,2,33.08,2026-08-31 10:31:07,no
1233487,eBay,163225741603,CO1260ACL,1,8.88,2026-08-31 10:33:04,no
1233488,eBay,164867489434,LSUL220BB+RPR44WH2PK,1,16.99,2026-08-31 10:35:07,no
1233489,eBay,336120638551,LHMR16SK,1,3.89,2026-08-31 10:32:56,no
1233490,eBay,313978289239,CRFF500BM+LHNDE27BM2PK+LHNSE27BM+LSFT220BC3PK,1,34.60,2026-08-31 10:31:44,no
1233491,eBay,255943163463,12UK3P10A,3,55.47,2026-08-31 10:38:04,no
1233497,eBay,163844429748,ENC308,2,35.50,2026-08-31 10:44:18,no
1233507,eBay,333910585431,PSDS2RBM+LHSHE27RO,2,22.58,2026-08-31 11:00:34,no
1233514,eBay,304876890739,CRSF100BM+LHNSE27BY+LSFT220RE+ICST64E27,1,19.89,2026-08-31 11:09:17,no
1233515,eBay,165902994694,LDMG125E278,1,8.99,2026-08-31 11:07:18,no
1233516,eBay,315370444554,WCB2WH+RPR44WH,1,8.49,2026-08-31 11:03:41,no
1233517,eBay,318462781248,TSKCBM,1,6.50,2026-08-31 11:05:25,no
1233527,eBay,266027916399,LHBRE27BM,1,5.49,2026-08-31 11:19:37,no
1233528,eBay,165901230400,ENC4300,1,42.68,2026-08-31 11:20:28,no
1233540,eBay,336035190786,CRSF100CH+WSSS70CH+LSFT220CH,4,55.95,2026-08-31 11:22:04,no
1233541,eBay,164846271255,CRSF1202WH,2,13.28,2026-08-31 11:22:51,no
1233542,eBay,164112613573,CRSF100BM+PHHS1PBRBM+LSLT360BM,1,14.99,2026-08-31 11:28:12,no
1233558,eBay,163585361443,12IP6710,1,7.89,2026-08-31 11:34:39,no
1233566,eBay,306348377837,24IP20360,2,43.48,2026-08-31 11:50:57,no
1233575,eBay,304786539463,12IP20100,1,12.67,2026-08-31 12:03:25,no
1233576,eBay,267121715682,12IP6730,1,10.99,2026-08-31 12:05:40,no
1233583,eBay,163503674745,SCRN70BB,1,6.38,2026-08-31 12:13:30,no
1233584,eBay,164636015985,24IP20240,1,21.89,2026-08-31 12:19:58,no
1233585,eBay,266200630398,LDLIE27SR4,1,6.49,2026-08-31 12:12:13,no
1233594,eBay,163585361443,12IP6750,1,15.49,2026-08-31 12:29:26,no
1233610,eBay,266451570608,LDLIE27RS4,1,6.99,2026-08-31 12:42:50,no
1233611,eBay,266451570608,LDLIE14FL4,1,5.49,2026-08-31 12:42:50,no
1233612,eBay,166882038274,LSCO335OR+RPR44WH,1,13.89,2026-08-31 12:42:31,no
1233620,eBay,162553025729,LDMC35E1442PK,1,7.89,2026-08-31 12:57:54,no
1233621,eBay,266827784713,PSHNOS4WRWH+ICST64E27,1,13.06,2026-08-31 12:54:57,no
1233622,eBay,267073162939,LDMT45E2743PK,1,12.89,2026-08-31 12:57:19,no
1233623,eBay,267073162939,LDMT45E2743PK,1,12.89,2026-08-31 12:57:19,yes
1233624,eBay,266198014153,CBSF105,1,4.99,2026-08-31 13:01:03,no
1233634,eBay,162711487073,CL3TGL,3,8.97,2026-08-31 13:01:09,no
1233635,eBay,162943564512,CNP1000GB2PK,1,10.99,2026-08-31 13:01:09,no
1233649,eBay,162799417330,5IP20100,1,13.99,2026-08-31 13:28:07,no
1233670,eBay,253794748665,LHC3E27WH,3,19.30,2026-08-31 13:57:48,no
1233671,eBay,162949535147,LDMG80B224,1,5.49,2026-08-31 14:00:20,no
1233672,eBay,165901230400,ENC4422,1,42.68,2026-08-31 14:00:01,no
1233673,eBay,304866316390,ENC7450,1,20.80,2026-08-31 13:54:34,no
1233674,eBay,264087949822,CRSF100BM+PHSH1PBRYB+SCRN70BM+LSTF40BG,1,13.15,2026-08-31 14:00:38,no
1233679,eBay,164055884914,LSTL260BS+RPR44WH,1,6.49,2026-08-31 14:02:26,no
1233680,eBay,167943793586,TSLCQA15WH,1,5.89,2026-08-31 14:09:00,no
1233688,eBay,304866316390,CRSF100BM+LHNSE27BM+SCRN70BA+LSTF40BM+ICST64E27,4,75.20,2026-08-31 14:19:03,no
1233689,eBay,166471983297,WCCY1SQBM+ICST64E27,2,49.78,2026-08-31 14:17:50,no
1233697,eBay,122207805955,CRSF100RO,2,10.80,2026-08-31 14:25:22,no
1233703,eBay,164666761396,LSMS320RE+RPR44WH,1,14.39,2026-08-31 14:35:42,no
1233723,eBay,164261730528,12BO28,1,8.89,2026-08-31 14:42:35,no
1233724,eBay,165094836684,LHSHE27FG,1,5.49,2026-08-31 14:48:23,no
1233735,eBay,123841453562,CL3RHE,3,8.07,2026-08-31 14:55:53,no
1233745,eBay,266901660057,WCB2WH2PK+RPR44WH2PK,1,12.09,2026-08-31 15:04:27,no
1233746,eBay,163872938838,CRSF108BM+LHTTE27BM,1,8.99,2026-08-31 15:05:11,no
1233750,eBay,124734086174,PSOS2HETBM+ICST64E27,1,13.98,2026-08-31 15:12:03,no
1233751,eBay,162553025729,LDMC35E1423PK,1,9.99,2026-08-31 15:15:56,no
1233752,eBay,304809688000,CNP1000GB,1,9.30,2026-08-31 15:14:44,no
1233753,eBay,304893223824,12RPIP45200,1,14.98,2026-08-31 15:20:33,no
1233759,eBay,313614826197,12BO72,1,15.29,2026-08-31 15:25:22,no
1233760,eBay,165308552900,CRFF100BM,1,5.49,2026-08-31 15:21:16,no
1233761,eBay,165261757862,ENC2435,2,29.56,2026-08-31 15:23:48,no
1233768,eBay,163103895742,LDMG80E274,1,5.49,2026-08-31 15:34:17,no
1233769,eBay,164531216300,LDMST64E274,1,8.38,2026-08-31 15:39:49,no
1233781,eBay,165422275157,ENC7739,1,40.93,2026-08-31 15:48:35,no
1233790,eBay,304866316390,CRSF100CO+LHNSE27CO+SCRN70CO+LSTF40CO,4,68.00,2026-08-31 15:54:29,no
1233791,eBay,165261757862,ENC2435,2,31.78,2026-08-31 16:00:46,no
1233792,eBay,166753545216,WLFSWRHE+ICST64E27,4,99.16,2026-08-31 16:00:46,no
1233811,eBay,266901660057,WCB1BM+RPR44WH,1,7.98,2026-08-31 16:11:46,no
1233812,eBay,164267913779,CCBC24,1,8.99,2026-08-31 16:12:19,no
1233813,eBay,165422275157,CRFF500BM+LHNDE27BM2PK+LHNSE27BM+LSDO210BM3PK,2,63.04,2026-08-31 16:20:06,no
1233831,eBay,164204392135,ENC175,1,18.41,2026-08-31 16:34:35,no
1233832,eBay,164244350750,PLTTBC+LSFT220BC+ICST64E2740,1,25.01,2026-08-31 16:37:01,no
1233833,eBay,316547688677,12RPIP45250,1,23.24,2026-08-31 16:34:48,no
1233834,eBay,314148529895,12UK3P5A+CODCCR,1,13.33,2026-08-31 16:38:57,no
1233835,eBay,312894053871,CBSF95,1,5.49,2026-08-31 16:39:18,no
1233840,eBay,316829176705,24IP6780,1,18.49,2026-08-31 16:46:13,no
1233841,eBay,305860747720,WCCYSQGD+LDMT45E274,1,22.32,2026-08-31 16:44:03,no
1233849,eBay,266193179938,LDMC35E142,1,5.49,2026-08-31 16:58:56,no
1233850,eBay,163195957947,24IP6745,2,26.20,2026-08-31 16:52:06,no
1233851,eBay,335501510907,PLTYBM+ICST64E27,1,15.76,2026-08-31 16:59:00,no
1233852,eBay,313614826197,12BO48,1,13.69,2026-08-31 16:53:02,no
1233853,eBay,314558038121,CL3TBR,3,12.27,2026-08-31 16:56:09,no
1233865,eBay,333813672429,CL3THE5PK,1,12.78,2026-08-31 17:12:45,no
1233886,eBay,266190303273,12UK3P1A,1,8.49,2026-08-31 17:36:25,no
1233887,eBay,314145793295,CRFF500FG+PHMU1PBRFG3PK+LSDM220FG3PK,2,75.98,2026-08-31 17:37:28,no
1233888,eBay,314145793295,CRFF500BM+PHMU1PBRGS3PK+LSDM220GS3PK,1,37.99,2026-08-31 17:37:28,no
1233892,eBay,162562112782,12IP20150,1,15.89,2026-08-31 17:45:25,no
1233904,eBay,267121715682,24IP6720,1,10.49,2026-08-31 18:08:43,no
1233913,eBay,314111067207,LDST185E274,2,15.18,2026-08-31 18:22:43,no
1233914,eBay,315370444554,WCB2BC+RPR44WH,1,7.99,2026-08-31 18:23:04,no
1233916,eBay,167943788384,CERU36300YE,1,5.58,2026-08-31 18:22:09,no
1233917,eBay,165468260296,ENC3443,1,21.33,2026-08-31 18:23:33,no
1233918,eBay,166885528526,CRSF100YB+LHNSE27YB+LSDO210BM+ICST64E27,1,19.89,2026-08-31 18:29:01,no
1233919,eBay,168146822412,ENC8189,1,21.89,2026-08-31 18:29:01,no
1233923,eBay,267073162939,LDMST64B2243PK,1,10.49,2026-08-31 18:35:56,no
1233924,eBay,316833980444,LSFT220NB+RPR44WH,1,10.89,2026-08-31 18:37:59,no
1233925,eBay,166234023813,LHPVE27BM,1,5.99,2026-08-31 18:38:36,no
1233942,eBay,164244350750,PLTTBC+LSFT220BC+ICST64E2740,1,25.01,2026-08-31 19:01:56,no
1233944,eBay,167943678209,CERU72450RE,1,10.78,2026-08-31 19:05:55,no
1233951,eBay,267121715682,12IP67100,1,21.89,2026-08-31 19:16:59,no
1233952,eBay,267073162939,LDMST64E276,1,5.99,2026-08-31 19:17:20,no
1233967,eBay,266200630518,12SIP6760,1,13.89,2026-08-31 19:40:24,no
1233968,eBay,267285414972,CRSF100BM+PHCH1BMRBM+LSCY290BM,1,15.88,2026-08-31 19:40:34,no
1233969,eBay,304786539476,LSCY290BI+RPR44WH,1,13.20,2026-08-31 19:32:52,no
1233970,eBay,165450593305,CRSF100BM+WSTR135BM+LSCY210BG,2,32.28,2026-08-31 19:40:40,no
1233978,eBay,304876890739,CRSF100BM+LHNSE27YB+SCRN70BM+LSFT220BG,3,49.89,2026-08-31 19:48:19,no
1233990,eBay,265660312596,CRFF108BM+WSST70BM+SCRN70BM+LSOL180BM,3,37.92,2026-08-31 19:58:13,no
1233991,eBay,304786539476,LSCY290GR+RPR44WH,1,14.15,2026-08-31 19:51:31,no
1233992,eBay,305682162344,LSCY290BS+RPR44WH,1,14.37,2026-08-31 19:54:25,no
1233993,eBay,164942250673,CL2RWH,2,10.77,2026-08-31 19:53:48,no
1233994,eBay,315384745645,CRSF108RO2PK+WSAT105RO2PK+ICST64E272PK,1,17.00,2026-08-31 20:00:40,no
1233999,eBay,161782384942,12UK3P8A,1,13.85,2026-08-31 20:09:17,no
1234011,eBay,124734086174,PSOS2HETBM+ICST64E27,1,13.98,2026-08-31 20:20:56,no
1234012,eBay,165883257849,12BO18,1,8.89,2026-08-31 20:11:00,no
1234026,eBay,164531216300,LDMC35E142,1,4.99,2026-08-31 20:34:22,no
1234028,eBay,333849895713,12SIP67100,1,17.53,2026-08-31 20:25:02,no
1234029,eBay,333933595276,CNP1000CH2PK,1,6.77,2026-08-31 20:29:26,no
1234030,eBay,335501510907,PLTYBM,3,52.32,2026-08-31 20:30:44,no
1234037,eBay,162553025729,LDMC35E144,1,5.49,2026-08-31 20:34:22,no
1234038,eBay,167799100528,LDCWT75B2212,1,7.99,2026-08-31 20:35:03,no
1234040,eBay,255991563117,WCB6RR+RPR44WH,1,8.29,2026-08-31 20:39:25,no
1234050,eBay,162725256149,12IP67150,1,22.49,2026-08-31 20:47:30,no
1234051,eBay,165029827381,ENC4155,2,35.68,2026-08-31 20:50:37,no
1234070,eBay,164244350750,PLTTBC+LSFT220BC+ICST64E2740,1,25.01,2026-08-31 21:11:48,no
1234071,eBay,165454972012,5IP20300,1,28.46,2026-08-31 21:14:18,no
1234077,eBay,266114532515,CRSF100GR+LHTTE27GR,1,8.45,2026-08-31 21:29:55,no
1234078,eBay,167943793586,TSLCQA20WH3PK+TSWGQBRE2PK,1,22.49,2026-08-31 21:26:38,no
1234089,eBay,318488624214,TSKCBL,2,10.98,2026-08-31 21:36:19,no
1234108,eBay,162975561793,CL3TBM2PK,2,17.61,2026-08-31 22:10:14,no
1234109,eBay,256939232422,LHCTOSN,1,6.99,2026-08-31 22:10:47,no
1234111,eBay,267340970424,CL2TWH3PK,1,5.99,2026-08-31 22:01:13,no
1234117,eBay,305682162344,LSDO210OR+RPR44WH,1,10.67,2026-08-31 22:13:53,no
1234118,eBay,305682162344,LSDO300CB+RPR44WH,1,13.86,2026-08-31 22:13:53,no
1234119,eBay,305682162344,LSFT220GY+RPR44WH,1,10.67,2026-08-31 22:13:53,no
1234120,eBay,267285414972,CRSF100BM+PHCH1BMRBM+LSCY290GR,1,17.76,2026-08-31 22:15:26,no
1234131,eBay,306348377837,24IP2048,2,15.88,2026-08-31 22:28:34,no
1234132,eBay,306348377837,24IP20200,2,41.00,2026-08-31 22:28:34,no
1234139,eBay,266190312605,CL3TGY5PK,1,13.88,2026-08-31 22:38:04,no
1234140,eBay,167645621244,CL3TGY5PK,1,12.89,2026-08-31 22:37:24,no
1234146,eBay,254773531608,LSDO300GY+RPR44WH,3,38.73,2026-08-31 22:46:58,no
1234152,eBay,318488624214,TSKCBM,1,5.49,2026-08-31 22:59:23,no
1234153,eBay,266742973079,CL3TGD3PK,1,8.99,2026-08-31 22:52:58,no
1234163,eBay,162949535147,LDMG80E274,1,5.49,2026-08-31 23:15:29,no
