order_item_info,order_id,source_name,asin,item_id,sku,quantity,order_total,item_price,order_date,ss_name,fba_sales
1134501,205-5249271-9676342,AMAZON,B08ZJD52H8,,CRFF140BM+WSNW170BM+LSCY210BG,2,41.78,20.89,2026-04-01 01:35:20,amazon Dcvoltage,false
1134502,205-5249271-9676342,AMAZON,B08TM7NY5R,,CRSF100BM+WSNW170BM+LSDM220GS,2,41.78,20.89,2026-04-01 01:35:20,amazon Dcvoltage,false
1134506,205-4411571-6348308,AMAZON,B0CLGTCMW3,,CRFF140WH2PK+WSFSWH2PK,1,17.69,14.74,2026-04-01 03:37:40,amazon Ledsone,false
1134549,205-5588464-5221906,AMAZON,B0F1TJ463D,,CENU19150BM,1,3.84,0.89,2026-04-01 04:43:03,amazon Dcvoltage,false
1134581,202-9487082-3290756,AMAZON,B0957P6SYC,,ENC289,1,37.90,33.24,2026-04-01 07:18:03,amazon Ledsone,false
1134603,203-2185337-3824336,AMAZON,B0BBS14PQZ,,CL3TWHAPK,1,21.19,17.66,2026-04-01 08:17:13,amazon Ledsone,false
1134605,026-2015396-2222730,AMAZON,B09HV88XVH,,CRFF500BM+PHHT1PBRRO3PK+WCWDRO3PK,1,39.09,32.57,2026-04-01 08:25:50,amazon Ledsone,false
1134616,206-7542152-6139541,AMAZON,B0D9RXR2CM,,WCDTGD3PK+RPR44WH3PK,1,24.89,20.74,2026-04-01 08:44:37,amazon Ledsone,false
1134619,206-0215864-9277931,AMAZON,B086228MDF,,LDMST64B2286PK,1,20.89,17.41,2026-04-01 08:59:26,amazon Ledsone,false
1134620,204-1826430-6366759,AMAZON,B0DH5YFWM8,,CL2THE3PK,1,7.99,7.99,2026-04-01 08:56:26,amazon Dcvoltage,false
1134621,204-1826430-6366759,AMAZON,B0DH69K124,,CL2TBM3PK,1,9.99,9.99,2026-04-01 08:56:26,amazon Dcvoltage,false
1134628,205-5680605-8313901,AMAZON,B0CC8L3YCS,,CRSF100GB+WSSS70GB+LSRP260GB+ICST64E27,1,26.89,26.89,2026-04-01 09:12:28,amazon Dcvoltage,false
1134632,206-7929418-4851545,AMAZON,B0CJ4QZ15C,,LSMCSPSQMC+RPM40WH,1,22.89,22.89,2026-04-01 09:31:41,amazon Dcvoltage,false
1134633,203-0633921-0306746,AMAZON,B0D7ZTRLBH,,LSCY290BM2PK+RPR44WH2PK,1,27.89,23.24,2026-04-01 09:32:41,amazon Ledsone,false
1134635,202-5925898-6044314,AMAZON,B08XXWLF8P,,WCB2BB+RPR44WH,1,11.89,11.89,2026-04-01 09:36:46,amazon Dcvoltage,false
1134636,206-9058138-9595506,AMAZON,B0DBLLYMGZ,,CL3RWX5PK,1,11.49,11.49,2026-04-01 09:43:37,amazon Dcvoltage,false
1134643,206-9337798-0012365,AMAZON,B0D9RWB87Q,,ENC7499,1,52.89,52.89,2026-04-01 09:52:51,amazon Dcvoltage,false
1134648,205-6653381-6273954,AMAZON,B08XXTQ5MN,,WCB2BS+RPR44WH,1,10.39,10.39,2026-04-01 09:59:27,amazon Dcvoltage,false
1134655,206-9767880-1602765,AMAZON,B0CZNJCBB6,,LSSS300BI2PK+RPR44WH2PK,1,22.79,22.79,2026-04-01 10:13:53,amazon Dcvoltage,false
1134656,026-1043067-5041136,AMAZON,B0CBKGJFPJ,,PHSF2GDTFG+SPSDP2YB+LDMST64E274,2,35.58,14.82,2026-04-01 10:20:58,amazon Ledsone,false
1134674,026-3980592-6256304,AMAZON,B0DFTR3M3X,,RPM40BM2PK,1,5.88,2.49,2026-04-01 10:37:42,amazon Ledsone,false
1134679,202-6545194-8178751,AMAZON,B0CM2RZNHV,,WCDTGD+RPR44WH,1,11.69,11.69,2026-04-01 10:45:23,amazon Dcvoltage,false
1134686,204-0675298-2411568,AMAZON,B07CLM7QWZ,,12IP20240,1,19.89,19.89,2026-04-01 10:51:13,amazon Dcvoltage,false
1134687,202-9150033-4265154,AMAZON,B0CBKNDQ65,,WCDTBM2PK+RPR44WH2PK,1,19.69,19.69,2026-04-01 10:56:52,amazon Dcvoltage,false
1134688,203-2965166-9389109,AMAZON,B0D7MMR2GN,,CRFF105SN2PK,1,13.89,11.57,2026-04-01 10:51:27,amazon Ledsone,false
1134689,204-9831769-0685116,AMAZON,B0DC462LQ9,,STRF50ISR,5,49.20,8.20,2026-04-01 10:55:32,amazon Ledsone,false
1134695,203-5524225-6317925,AMAZON,B0CW5WC8KF,,ENC6341,1,24.07,20.06,2026-04-01 11:03:21,amazon Ledsone,false
1134696,204-7010588-6858726,AMAZON,B0DK96Q9J9,,CRFF100GB,1,8.49,8.49,2026-04-01 11:06:17,amazon Dcvoltage,false
1134702,026-9888573-4501145,AMAZON,B093HBRKWJ,,LSCY290BL+RPR44WH,1,15.29,12.74,2026-04-01 11:14:10,amazon Ledsone,false
1134714,206-3930095-7241131,AMAZON,B0CNXL52CF,,CL3RBM,1,5.28,1.99,2026-04-01 11:22:02,amazon Dcvoltage,false
1134718,206-0696937-7012302,AMAZON,B0D7MDP9XP,,LDMG95B224APK,1,26.99,26.99,2026-04-01 11:29:26,amazon Dcvoltage,false
1134733,203-2587004-2657925,AMAZON,B09LM5Q942,,CRFF140GB,1,9.78,5.74,2026-04-01 11:45:43,amazon Ledsone,false
1134743,205-6325776-3061930,AMAZON,B0FRMR2GHX,,PLWTBM+ICST64E272PK,1,20.16,20.16,2026-04-01 11:58:23,amazon Ledsone,false
1134744,205-6325776-3061930,AMAZON,B0FRML5GMP,,PLMJBC,1,22.24,22.24,2026-04-01 11:58:23,amazon Ledsone,false
1134767,206-0165913-2028315,AMAZON,B08TRHH7G7,,CRSF100BM+LHNSE27YB+SCRN70BM+LSWD360BM,1,24.05,28.29,2026-04-01 12:35:46,amazon Dcvoltage,false
1134769,202-4549863-6446739,AMAZON,B0DCBQ3ZDY,,WLFS2202BM,1,29.89,24.91,2026-04-01 12:23:02,amazon Ledsone,false
1134778,026-9977163-6773961,AMAZON,B0CR137D88,,MBZL1510CLRPK,1,25.89,21.57,2026-04-01 12:37:13,amazon Ledsone,false
1134784,204-4237652-8040351,AMAZON,B0CB89662N,,LSSS300CH+RPR44WH,1,13.89,13.89,2026-04-01 12:50:42,amazon Dcvoltage,false
1134785,203-2981277-2393951,AMAZON,B0CBPTFNRX,,WCB4BM2PK+RPR44WH2PK,1,15.89,15.89,2026-04-01 12:52:37,amazon Dcvoltage,false
1134786,202-4096460-7561149,AMAZON,B0FR8C1X83,,PHUH1HETBM2PK+LSHM400HE2PK,1,63.99,63.99,2026-04-01 12:56:33,amazon Dcvoltage,false
1134795,204-3187201-2401963,AMAZON,B0FTS6NZKS,,12IP6750,1,13.06,10.88,2026-04-01 13:04:34,amazon Ledsone,false
1134802,026-9994083-4805965,AMAZON,B0F9VDWTYX,,CL3RBM3PK,1,6.79,5.66,2026-04-01 13:11:09,amazon Ledsone,false
1134803,202-3764433-2918719,AMAZON,B0CJLPTKHM,,LDCCB2210,1,5.89,4.91,2026-04-01 13:19:01,amazon Ledsone,false
1134804,206-2144526-8745169,AMAZON,B0GLFZ9BSJ,,LSGLFP245BR+RPM40WH,1,17.89,17.89,2026-04-01 13:07:03,amazon Dcvoltage,false
1134813,206-0301602-9189974,AMAZON,B0DSC26NGS,,ENC5267,1,18.59,18.59,2026-04-01 13:23:03,amazon SRM Amazon,false
1134814,026-7004371-8606760,AMAZON,B0F9YPW5KB,,LSMS320BU+RPR44WH,1,14.99,12.49,2026-04-01 13:21:08,amazon Ledsone,false
1134823,204-2200623-4065949,AMAZON,B08V5MK449,,CRSF100BM+PHHT1PBRBM+LSCY290BM,1,21.89,21.89,2026-04-01 13:30:56,amazon Dcvoltage,false
1134827,206-4724050-1364338,AMAZON,B0F29P1SH6,,CERU36150GR,1,4.58,1.41,2026-04-01 13:45:32,amazon Ledsone,false
1134829,204-8316420-5741960,AMAZON,B0FL78SFWP,,PHSF2GDTFG2PK+ICST64E272PK,1,28.89,28.89,2026-04-01 13:47:21,amazon Dcvoltage,false
1134830,204-3431902-7631559,AMAZON,B0C7CMT1PQ,,LSSS300BM+RPR44WH,1,14.89,14.89,2026-04-01 13:49:47,amazon Dcvoltage,false
1134836,202-6657494-8123530,AMAZON,B0DH937GL5,,CL3TCR5PK,1,11.99,11.99,2026-04-01 13:49:37,amazon Dcvoltage,false
1134837,203-2704654-0853115,AMAZON,B0CBPRYPMC,,WCB7BC2PK+RPR44WH2PK,1,21.89,21.89,2026-04-01 13:55:22,amazon Dcvoltage,false
1134838,202-6545180-5617100,AMAZON,B0C43L42DK,,WCDTRE+RPR44WH,1,10.89,9.07,2026-04-01 13:50:54,amazon Ledsone,false
1134839,026-2215851-6987525,AMAZON,B0DH4KYFPD,,WCDTBM2PK+RPR44WH2PK,1,18.49,15.41,2026-04-01 13:54:12,amazon Ledsone,false
1134847,203-0962287-7590764,AMAZON,B08S7G6YWN,,ENC809,1,68.89,68.89,2026-04-01 14:11:09,amazon SRM Amazon,false
1134848,205-4972361-8190747,AMAZON,B0F1CX6BYH,,RWWPSY0680YE,1,6.36,3.09,2026-04-01 14:14:52,amazon Dcvoltage,false
1134849,202-5220158-3785118,AMAZON,B0GDDXB14R,,LDMT185E2732PK,1,10.99,9.16,2026-04-01 14:11:47,amazon Ledsone,false
1134850,204-9732994-8979521,AMAZON,B086XBYS87,,LHC3E27WH,2,12.98,5.41,2026-04-01 14:16:30,amazon Ledsone,false
1134853,202-8572939-9751560,AMAZON,B0D5LT7ZPW,,LSFT220CO2PK+RPR44WH2PK,1,19.89,19.89,2026-04-01 14:27:12,amazon Dcvoltage,false
1134854,202-7888877-9816358,AMAZON,B0CCHZ98M6,,SPSDP2BM,1,8.78,4.91,2026-04-01 14:22:40,amazon Ledsone,false
1134855,026-6222558-8132324,AMAZON,B0BJ2XSYKT,,LDMG80E274APK,2,50.38,23.32,2026-04-01 14:26:05,amazon Ledsone,false
1134860,202-2937226-5481930,AMAZON,B0DH9B4NSC,,CL3TIV3PK,1,7.99,7.99,2026-04-01 14:32:18,amazon Dcvoltage,false
1134862,204-4583087-6903516,AMAZON,B0DQD74HVG,,PHSF1BMTYB3PK,1,27.71,23.09,2026-04-01 14:36:03,amazon Ledsone,false
1134864,203-3018095-9898764,AMAZON,B0D59QGM51,,WCB2WH2PK+RPR44WH2PK,1,18.72,15.83,2026-04-01 14:39:01,amazon Dcvoltage,false
1134865,205-9139125-3773102,AMAZON,B0C2CYP37N,,ENC1913,1,20.89,17.41,2026-04-01 14:39:27,amazon Ledsone,false
1134884,206-0823031-9197137,AMAZON,B0D4J4CCWF,,LSDO300GY+RPR44WH,1,18.89,15.74,2026-04-01 15:15:36,amazon Ledsone,false
1134885,203-8805120-1292312,AMAZON,B08P4S3ZTN,,HRE2738BM2PK,1,7.98,5.09,2026-04-01 15:10:39,amazon SRM Amazon,false
1134886,205-5588797-5502701,AMAZON,B0DFGGMPS6,,WCDTBM5PK+RPR44WH5PK,1,39.49,39.49,2026-04-01 15:08:36,amazon Dcvoltage,false
1134890,026-5741867-3861955,AMAZON,B0BNNW7P95,,LDMG125B228,1,8.99,7.49,2026-04-01 15:21:10,amazon Ledsone,false
1134891,204-1683340-9381148,AMAZON,B0D6GDQP8G,,CRSF100BC+PHNW1RBC+ICST64E27,1,16.89,14.07,2026-04-01 15:22:33,amazon Ledsone,false
1134892,202-7419203-4397956,AMAZON,B0DTPG9D8M,,WCB2BM4PK+RPR44WH4PK,1,26.49,22.07,2026-04-01 15:22:24,amazon Ledsone,false
1134894,202-2699432-1649908,AMAZON,B09MSJBH7S,,ENC2212,1,39.99,33.32,2026-04-01 15:24:51,amazon Ledsone,false
1134906,026-5798757-0118735,AMAZON,B0CVL8TQ73,,LSTF400WH2PK+RPR44WH2PK,1,31.98,26.65,2026-04-01 15:43:05,amazon Ledsone,false
1134912,205-4686767-4498745,AMAZON,B0D4582L7D,,PHSF2BRTCO+ICST64E27,1,16.89,16.89,2026-04-01 15:51:05,amazon Dcvoltage,false
1134913,026-8638635-4317141,AMAZON,B0FR6YC3H9,,PHSF2GDTFG3PK+ICST64E273PK,1,41.89,41.89,2026-04-01 15:54:34,amazon Dcvoltage,false
1134914,202-3518535-8297111,AMAZON,B0FT2GD1HX,,ENC2941,1,21.89,21.89,2026-04-01 15:55:01,amazon Dcvoltage,false
1134927,205-6559002-2082761,AMAZON,B079ZVSK6P,,12IP6710,1,7.89,6.57,2026-04-01 16:10:27,amazon Ledsone,false
1134931,202-6471518-7258723,AMAZON,B0DH7Z3ZG2,,HLSC96BM2PK,2,21.58,10.79,2026-04-01 16:17:35,amazon Dcvoltage,false
1134933,026-4846645-0693168,AMAZON,B0C14R3L86,,LHRTE27WH,1,6.09,5.07,2026-04-01 16:22:06,amazon Ledsone,false
1134934,204-6005468-8494725,AMAZON,B0DKJ7GY9K,,CRSF100BM+PHUP1PBRBM,1,10.89,10.89,2026-04-01 16:27:02,amazon Dcvoltage,false
1134935,204-5959398-5661904,AMAZON,B0GLNBSJMP,,PL4HRR,1,37.89,31.57,2026-04-01 16:32:06,amazon Ledsone,false
1134936,203-4840249-3509900,AMAZON,B0B8P9BKXB,,LDMG125E278,2,21.78,9.07,2026-04-01 16:36:07,amazon Ledsone,false
1134938,204-8265603-3421124,AMAZON,B0DSBP4962,,PLTFBC,1,19.79,19.79,2026-04-01 16:32:06,amazon Dcvoltage,false
1134939,205-8912747-2593116,AMAZON,B08QRGQ484,,ENC108,1,39.89,39.89,2026-04-01 16:45:09,amazon Dcvoltage,false
1134944,202-5045442-1709113,AMAZON,B0B49MMZ27,,CRSF100BM+WSLS155YB+LSDO210NB,1,19.75,16.46,2026-04-01 16:38:19,amazon Ledsone,false
1134945,206-5789612-7137945,AMAZON,B07S6BH8JJ,,CRFF140GB,2,13.78,6.89,2026-04-01 16:46:47,amazon Dcvoltage,false
1134950,206-4807130-7866766,AMAZON,B0CTCNQHZG,,CRSF100GB+CL3TBM+LHSHE27GB,2,23.38,9.74,2026-04-01 16:46:47,amazon Ledsone,false
1134951,203-6789966-7378747,AMAZON,B0F9X1J63J,,CL3RGDAPK,1,18.99,15.82,2026-04-01 16:51:25,amazon Ledsone,false
1134953,026-6149102-1060351,AMAZON,B0G49DDJ63,,WCCYSP180GD2PK+RPR44WH2PK,1,23.89,19.91,2026-04-01 16:53:26,amazon Ledsone,false
1134956,204-5734046-9833914,AMAZON,B0DH64T3YC,,CL2TIVAPK,1,19.99,19.99,2026-04-01 17:00:05,amazon Dcvoltage,false
1134957,202-1815793-6157969,AMAZON,B0CP3GDN14,,CRFF100CO+PHUP1PBRCO+CNT900CO+ICST64E27,1,19.89,19.89,2026-04-01 17:02:58,amazon Dcvoltage,false
1134964,203-3771773-4057969,AMAZON,B0D295XS3F,,LSCY290CB2PK+RPR44WH2PK,1,27.89,23.24,2026-04-01 17:16:50,amazon Ledsone,false
1134969,205-2560346-7538752,AMAZON,B0B8DV248K,,CRSF1203BM,1,7.49,6.24,2026-04-01 17:24:21,amazon Ledsone,false
1134973,204-5576588-7105169,AMAZON,B08XLYFHR3,,PLHCRR,1,27.89,27.89,2026-04-01 17:28:36,amazon Dcvoltage,false
1134976,203-6519237-3054762,AMAZON,B0C8NJDTJS,,WCDCBM+RPR44WH,1,11.49,9.57,2026-04-01 17:32:29,amazon Ledsone,false
1134980,205-0356645-2161914,AMAZON,B07CJNZCFN,,5IP2050,1,8.99,8.99,2026-04-01 17:39:14,amazon Dcvoltage,false
1134982,202-8898837-2118722,AMAZON,B0CCHZNHT9,,SPSDP2WH,1,8.78,4.91,2026-04-01 17:39:27,amazon Ledsone,false
1134984,205-5089227-5105149,AMAZON,B0FBX58XN5,,PHSF1PBRYB+LSCY290BC+LDMST64E274,3,72.27,20.07,2026-04-01 17:43:44,amazon Ledsone,false
1134990,026-3301101-3565144,AMAZON,B0CBPSWQ16,,WCB6WH2PK+RPR44WH2PK,1,18.39,18.39,2026-04-01 17:51:08,amazon Dcvoltage,false
1134991,026-6471905-9441921,AMAZON,B0CQNKMFJH,,PLTFRR+ICST64E2740,1,21.99,21.99,2026-04-01 17:36:03,amazon Dcvoltage,false
1134992,205-9363027-7426738,AMAZON,B0BBB6LRDT,,CL3ROR5PK,1,15.79,13.16,2026-04-01 17:50:51,amazon Ledsone,false
1134993,203-4327765-5993944,AMAZON,B0FY2HP9LJ,,PHUH0.5HETBM,1,10.99,9.16,2026-04-01 17:55:46,amazon Ledsone,false
1134997,202-8966884-8299519,AMAZON,B0CW5Z8356,,ENC6339,2,48.16,20.07,2026-04-01 18:00:16,amazon Ledsone,false
1135002,026-4639402-7185128,AMAZON,B0CBPSWQ16,,WCB6WH2PK+RPR44WH2PK,1,18.39,18.39,2026-04-01 18:11:01,amazon Dcvoltage,false
1135003,204-9596965-5113955,AMAZON,B0CQNKMFJH,,PLTFRR+ICST64E2740,1,21.99,21.99,2026-04-01 18:12:22,amazon Dcvoltage,false
1135011,205-8841313-7934762,AMAZON,B07KQ342K9,,PHHR1BMTBM,1,12.41,12.41,2026-04-01 18:22:55,amazon Dcvoltage,false
1135021,206-3688474-2933116,AMAZON,B0DMT5YWLR,,PCFT90TBM5PK,1,11.67,7.32,2026-04-01 18:35:49,amazon Ledsone,false
1135025,202-7553212-1682761,AMAZON,B0DCDSZ719,,LDSG95DIE2743PK,1,23.89,19.91,2026-04-01 18:46:12,amazon Ledsone,false
1135026,206-5778201-9806702,AMAZON,B08KJJWJKK,,WCFSDCBM,1,36.99,30.82,2026-04-01 18:43:06,amazon Ledsone,false
1135027,202-7836518-5508346,AMAZON,B0C9TWTCZ8,,LSCY210BG+RPR44WH,1,12.89,12.89,2026-04-01 18:38:40,amazon Dcvoltage,false
1135028,206-7153898-0466769,AMAZON,B0DKHZWJCV,,CRSF10025WH+PHUP1PWRWH,1,10.89,10.89,2026-04-01 18:46:50,amazon Dcvoltage,false
1135029,026-9725578-5769153,AMAZON,B07D1KHHT8,,CRSF108YB,1,10.18,7.29,2026-04-01 18:49:35,amazon Dcvoltage,false
1135037,204-8818713-7369136,AMAZON,B0DV5FSQVT,,ENC8213,1,32.89,32.89,2026-04-01 18:52:25,amazon SRM Amazon,false
1135040,026-4782837-9165114,AMAZON,B08VGPWXG1,,LSCY290OR+RPR44WH,1,20.49,15.49,2026-04-01 19:05:54,amazon Dcvoltage,false
1135041,026-4632742-6985121,AMAZON,B0D7BZ726S,,LDSG125E274,1,14.99,12.49,2026-04-01 19:00:43,amazon Ledsone,false
1135044,205-9522102-5610739,AMAZON,B0D7S2XG6V,,LSMS320BI+RPR44WH,1,14.99,12.49,2026-04-01 19:12:25,amazon Ledsone,false
1135046,205-0162721-8998777,AMAZON,B0DX6T74B9,,CENU36300BM,1,4.88,1.66,2026-04-01 19:16:23,amazon Ledsone,false
1135047,205-7984370-6764328,AMAZON,B0DH937VLZ,,CL3TCR3PK,1,8.99,8.99,2026-04-01 19:10:33,amazon Dcvoltage,false
1135048,205-0589555-1744305,AMAZON,B0CVN2V8S4,,LDGU10CW53PK,1,8.29,8.29,2026-04-01 19:14:28,amazon Dcvoltage,false
1135049,202-0313563-3808346,AMAZON,B0D59QC2Z4,,WCB2BM2PK+RPR44WH2PK,2,30.00,15.79,2026-04-01 19:18:24,amazon Dcvoltage,false
1135057,026-3077080-3041140,AMAZON,B0D73LGZ92,,CNP1000GB5PK,1,23.39,19.49,2026-04-01 19:24:33,amazon Ledsone,false
1135072,026-5681108-1486728,AMAZON,B0CHDXNQMR,,CL3TBP5PK,1,10.39,8.66,2026-04-01 19:42:17,amazon Ledsone,false
1135074,205-7157247-5222717,AMAZON,B0DH9BRNQ7,,CL3THE3PK,1,10.88,7.99,2026-04-01 19:47:55,amazon Dcvoltage,false
1135084,204-8397132-9951508,AMAZON,B0863BZR2Z,,PHSF1GDTYB2PK,2,35.78,14.91,2026-04-01 19:57:36,amazon Ledsone,false
1135085,206-8996914-0422733,AMAZON,B0CJ8BN5TM,,LSMCSPDRFL+RPM40WH,1,21.89,21.89,2026-04-01 19:53:09,amazon Dcvoltage,false
1135086,204-2209913-0662767,AMAZON,B0CW3G3ZNR,,LDSSTRE274,2,23.78,11.89,2026-04-01 19:55:50,amazon Dcvoltage,false
1135090,204-4280406-0993966,AMAZON,B0DYTM8NSM,,RWWPSY0860YE,1,5.78,2.41,2026-04-01 19:59:56,amazon Ledsone,false
1135091,204-3225257-8629147,AMAZON,B0BLZFXWDN,,LDMG95E274,2,14.38,5.99,2026-04-01 20:02:38,amazon Ledsone,false
1135092,202-4756385-2545169,AMAZON,B0D9RVLLF7,,WCDTWH3PK+RPR44WH3PK,1,23.89,19.91,2026-04-01 20:07:08,amazon Ledsone,false
1135095,202-8946507-4571507,AMAZON,B08KGF2ZG7,,CL3RHE5PK,1,15.79,15.79,2026-04-01 19:42:52,amazon Dcvoltage,false
1135096,026-1818531-8851506,AMAZON,B09JZ61NJM,,LDST45E2743PK,1,20.29,20.29,2026-04-01 20:08:19,amazon Dcvoltage,false
1135104,026-9067960-9141129,AMAZON,B0BNNW7P95,,LDMG125B228,1,8.99,7.49,2026-04-01 20:18:47,amazon Ledsone,false
1135120,026-0365589-2553960,AMAZON,B0D2TFWFX7,,LSCY290BM3PK+RPR44WH3PK,2,81.78,40.89,2026-04-01 20:30:47,amazon Dcvoltage,false
1135125,204-5698301-6417126,AMAZON,B0GL6HBFGC,,CRSF100BM+LHNSE27YB+SCRN70BM+LSFT220BG+ICST64E2740,1,20.89,17.41,2026-04-01 20:43:27,amazon Ledsone,false
1135131,026-4431646-8265158,AMAZON,B0CVN8MN5M,,ENC6322,2,59.58,24.82,2026-04-01 20:57:22,amazon Ledsone,false
1135140,203-5990396-3188346,AMAZON,B0CR3Y2QYB,,MBEX4560BMDPK,1,10.27,8.56,2026-04-01 21:00:10,amazon Ledsone,false
1135142,202-6310035-4156359,AMAZON,B084VPLPS5,,CRSF2003YB,1,9.59,7.99,2026-04-01 21:07:24,amazon Ledsone,false
1135143,026-5442393-8646730,AMAZON,B08XNPSWMN,,CRSF100BC+LHNSE27YB+SCRN70BC+LSWD360BC,1,25.41,29.89,2026-04-01 21:06:11,amazon Dcvoltage,false
1135144,026-9265857-9061908,AMAZON,B08DR2B5QW,,LSCY290BC+RPR44WH,1,15.79,15.79,2026-04-01 21:06:40,amazon SRM Amazon,false
1135154,026-4582619-7839519,AMAZON,B09JM3PLLH,,LDSG125LOE274,1,10.39,8.66,2026-04-01 21:16:01,amazon Ledsone,false
1135155,026-9808478-3550718,AMAZON,B08V8SCW2X,,WCB7BM+RPR44WH,1,10.89,10.89,2026-04-01 21:10:04,amazon Dcvoltage,false
1135156,202-7116543-0841161,AMAZON,B0C62CRDXN,,WCSRBM,1,11.89,11.89,2026-04-01 21:15:40,amazon Dcvoltage,false
1135164,206-1736301-6259516,AMAZON,B0CHW3Q9VG,,CRSF100YB+PHCHPCRYB+LSCY290YB,3,77.67,21.57,2026-04-01 21:19:47,amazon Ledsone,false
1135165,203-1396382-7955540,AMAZON,B0F7QRPZY7,,CL3TBRAPK,1,19.99,16.66,2026-04-01 21:24:51,amazon Ledsone,false
1135166,203-0736045-5082737,AMAZON,B09FGQD4VK,,CRFF500BM+PHBL1PBRBM3PK+LSDO210BM3PK,1,39.99,33.32,2026-04-01 21:25:33,amazon Ledsone,false
1135171,206-5152606-0642736,AMAZON,B08WWH8HWK,,ENC903,2,43.78,21.89,2026-04-01 21:30:18,amazon Dcvoltage,false
1135173,202-4744035-8810767,AMAZON,B08KH42D5X,,CL2RHE5PK,1,13.99,13.99,2026-04-01 21:41:47,amazon Dcvoltage,false
1135183,203-3943411-0689100,AMAZON,B0FR8ZYWXB,,LSCY290BG2PK+RPR44WH2PK,2,63.58,31.79,2026-04-01 22:03:12,amazon Dcvoltage,false
1135191,206-4965864-7955518,AMAZON,B0D7S1F3Z7,,LSMS320GY+RPR44WH,1,14.99,12.49,2026-04-01 22:09:49,amazon Ledsone,false
1135192,204-1155075-3332350,AMAZON,B07CR174H2,,CL3TGR5PK,1,11.89,9.91,2026-04-01 22:12:49,amazon Ledsone,false
1135197,203-8181824-5137129,AMAZON,B08V14MSY5,,CRSF100GB+WSLS155GB+SCRN70GB+LSTF40GB,2,40.18,20.09,2026-04-01 22:25:01,amazon Dcvoltage,false
1135203,202-8596765-0051504,AMAZON,B0F1CX6BYH,,RWWPSY0680YE,1,6.36,3.09,2026-04-01 22:38:36,amazon Dcvoltage,false
1135204,026-9024404-1255547,AMAZON,B09LHRCHKW,,CRSF1203WH+PHTT1PWRGY3PK+SPSPWH3PK,1,21.89,18.24,2026-04-01 22:35:30,amazon Ledsone,false
1135209,203-5894856-9759522,AMAZON,B0CVL3X12C,,LSEL400WH+RPR44WH,1,18.49,15.41,2026-04-01 22:47:38,amazon Ledsone,false
1135218,202-6297772-5415509,AMAZON,B0BNW49WGT,,CRSF100BC+LHNSE27YB+SCRN70BC+LSWD360BC,1,26.89,26.89,2026-04-01 22:46:50,amazon Dcvoltage,false
1135219,202-4386823-5577901,AMAZON,B0F9WXZKWX,,CL2THEAPK,1,20.99,17.49,2026-04-01 22:50:52,amazon Ledsone,false
1135220,204-4841648-7529925,AMAZON,B09ZVJG535,,CCBKNWE12,1,9.88,5.82,2026-04-01 22:54:42,amazon Ledsone,false
1135227,026-7195452-4069935,AMAZON,B0D794K9Y2,,WCB7BM2PK+RPR44WH2PK,1,16.29,13.57,2026-04-01 23:10:44,amazon Ledsone,false
1135233,026-3417139-7324351,AMAZON,B0DB28W17N,,CRFF75CH2PK,2,20.68,9.57,2026-04-01 23:36:42,amazon Ledsone,false
1135235,202-9209829-6889112,AMAZON,B0DJBW8BCH,,BSTS815GY,1,12.78,8.24,2026-04-01 23:40:20,amazon Ledsone,false
1135243,203-2858808-1765928,AMAZON,B0CV55T6YK,,WCB3BM2PK+RPR44WH2PK,1,15.98,13.32,2026-04-01 23:58:00,amazon Ledsone,false
1135246,203-7563941-6745910,AMAZON,B0DX6T74B9,,CENU36300BM,3,4.98,1.66,2026-04-02 00:30:14,amazon Ledsone,false
1135247,203-7563941-6745910,AMAZON,B0DX6WMCT6,,CENU19150BM,1,0.74,0.74,2026-04-02 00:30:14,amazon Ledsone,false
1135250,203-4847684-8433937,AMAZON,B0G1TC8PWQ,,CKCSBY,1,11.99,11.99,2026-04-02 01:21:40,amazon Dcvoltage,false
1135252,026-4875406-2066763,AMAZON,B0DFC68Q9Q,,WCDTRO2PK+RPR44WH2PK,1,18.29,18.29,2026-04-02 01:44:47,amazon Dcvoltage,false
1135266,203-5184195-7333142,AMAZON,B0FY5TWHGH,,LDSG1007E27,2,27.98,11.66,2026-04-02 03:52:53,amazon Ledsone,false
1135267,204-1155923-0248323,AMAZON,B0BNXL3C34,,CBSF50,1,7.89,7.89,2026-04-02 04:02:49,amazon Dcvoltage,false
1135299,205-1149497-7541956,AMAZON,B095HZKGLN,,CRSF100SN+LHNSE27SN+SCRN70SN+LSOL220SN,1,18.89,15.74,2026-04-02 05:33:13,amazon Ledsone,false
1135300,203-6226231-5365919,AMAZON,B0CCJC5MDM,,LSDO300BI+RPR44WH,2,25.78,12.89,2026-04-02 05:37:38,amazon Dcvoltage,false
1135304,203-4386158-8513923,AMAZON,B0G423MNBJ,,LDCWGU1036PK,1,16.99,16.99,2026-04-02 06:04:23,amazon Dcvoltage,false
1135322,202-4335615-6203563,AMAZON,B0CV5CYJFJ,,LDSG125MUE2742PK,1,17.89,14.91,2026-04-02 07:08:42,amazon Ledsone,false
1135330,203-5207653-1712302,AMAZON,B0DTZ1D4QX,,LSTL260BG+RPR44WH,2,24.87,10.91,2026-04-02 07:21:05,amazon Ledsone,false
1135333,205-3367887-2011516,AMAZON,B0D45MSJ37,,CCBC52PK,5,44.95,8.99,2026-04-02 07:32:50,amazon Dcvoltage,false
1135352,204-6425214-4445942,AMAZON,B0GNZLCX15,,LHXSHE27BM3PK,1,21.89,18.24,2026-04-02 07:59:17,amazon Ledsone,false
1135360,205-6398472-9363569,AMAZON,B0CFHKYH59,,CRSF100BM2PK+PHRNWP1RBM2PK,1,20.09,16.74,2026-04-02 08:19:42,amazon Ledsone,false
1135363,204-2939063-6038736,AMAZON,B0FPFZ5KDS,,LDCWGU1036PK,1,13.89,11.57,2026-04-02 08:27:26,amazon Ledsone,false
1135364,206-6866514-2498722,AMAZON,B08V5MK449,,CRSF100BM+PHHT1PBRBM+LSCY290BM,2,43.78,21.89,2026-04-02 08:25:27,amazon Dcvoltage,false
1135369,205-8747831-8760323,AMAZON,B0D794K9Y2,,WCB7BM2PK+RPR44WH2PK,1,16.29,13.57,2026-04-02 08:30:11,amazon Ledsone,false
1135378,026-3843066-3281134,AMAZON,B08VGQPLWZ,,WCDTGD+RPR44WH,2,23.38,11.69,2026-04-02 07:25:46,amazon Dcvoltage,false
1135386,203-4031916-1301931,AMAZON,B0DH4KYFPD,,WCDTBM2PK+RPR44WH2PK,1,18.49,15.41,2026-04-02 08:50:20,amazon Ledsone,false
1135387,205-9118350-0754708,AMAZON,B0C7H3C8L8,,LSFT220BS+RPR44WH,2,21.58,10.79,2026-04-02 09:03:28,amazon Dcvoltage,false
1135400,206-0845033-3585938,AMAZON,B0F2919THD,,LSCY290CO+RPR44WH,1,18.89,15.74,2026-04-02 09:28:21,amazon Ledsone,false
1135415,202-7247881-3697919,AMAZON,B0DBWJTYMJ,,CL2RIV5PK,1,18.99,13.99,2026-04-02 09:39:14,amazon Dcvoltage,false
1135424,026-4051892-8323512,AMAZON,B096G2FWWQ,,CRSF100BM+PHCHPBRCO+LSCY290CO,2,49.98,24.99,2026-04-02 09:56:13,amazon Dcvoltage,false
1135425,026-9164358-2757136,AMAZON,B0B9Y5MRSK,,CL3TGD5PK,1,13.19,10.99,2026-04-02 09:54:24,amazon Ledsone,false
1135427,205-7780128-8874701,AMAZON,B0DH4KYFPD,,WCDTBM2PK+RPR44WH2PK,1,18.49,15.41,2026-04-02 10:03:33,amazon Ledsone,false
1135429,205-2686752-0211517,AMAZON,B093T2C59D,,LSMS320GY+RPR44WH,1,14.99,12.49,2026-04-02 10:02:13,amazon Ledsone,false
1135430,202-5366858-1410742,AMAZON,B0DH9FZNF4,,CL3TGR3PK,1,8.49,8.49,2026-04-02 10:01:23,amazon Dcvoltage,false
1135434,205-7099249-2405102,AMAZON,B094Y2TSVW,,LSDO300RE+RPR44WH,1,18.89,18.89,2026-04-02 10:18:00,amazon Dcvoltage,false
1135435,206-6716954-7041161,AMAZON,B0DCBQ3ZDY,,WLFS2202BM,2,59.78,24.91,2026-04-02 10:16:43,amazon Ledsone,false
1135436,203-4242670-4175505,AMAZON,B0GLQ2N3MN,,LSCY290DGY+RPR44WH,1,15.89,13.24,2026-04-02 10:16:55,amazon Ledsone,false
1135451,203-2942222-7352342,AMAZON,B0F28YFTQ9,,LSCY290BU+RPR44WH,2,29.78,12.41,2026-04-02 10:25:15,amazon Ledsone,false
1135453,026-7957746-4203512,AMAZON,B08XXTCSSG,,WCB1WH+RPR44WH,1,10.89,10.89,2026-04-02 10:29:06,amazon Dcvoltage,false
1135454,206-5779429-3787521,AMAZON,B0CN32YM8C,,WCB1BM+RPR44WH,1,10.89,10.89,2026-04-02 10:35:22,amazon Dcvoltage,false
1135459,204-7576088-2897944,AMAZON,B08NTKB1DM,,CRFF500BM+PHCH1BMRBM3PK+LSCY210BG3PK,1,39.59,32.99,2026-04-02 10:41:39,amazon Ledsone,false
1135460,204-6934046-2329150,AMAZON,B0DX6BP7GV,,CENU46450WH,1,7.18,3.24,2026-04-02 10:47:19,amazon Ledsone,false
1135464,206-2547305-7104331,AMAZON,B0DH937VLZ,,CL3TCR3PK,1,8.99,8.99,2026-04-02 10:49:02,amazon Dcvoltage,false
1135465,203-1296303-3800357,AMAZON,B0CM2RZNHV,,WCDTGD+RPR44WH,1,11.69,11.69,2026-04-02 10:59:24,amazon Dcvoltage,false
1135472,205-7326021-1905130,AMAZON,B08X7H85GH,,PLPYBM,3,59.67,19.89,2026-04-02 11:00:52,amazon Dcvoltage,false
1135493,206-0368361-1488310,AMAZON,B07FDXJG55,,CCBC36,10,82.70,8.27,2026-04-02 11:34:20,amazon Dcvoltage,false
1135494,203-1068424-4454764,AMAZON,B07D1MYNGW,,CRSF100WH,1,6.89,6.89,2026-04-02 11:39:11,amazon Dcvoltage,false
1135495,204-2404538-6200327,AMAZON,B0FPWVFF9W,,LDCWA60HE27126PK,1,11.38,7.07,2026-04-02 11:34:28,amazon Ledsone,false
1135497,203-1156368-8757919,AMAZON,B0B8P49KHN,,LDA60B224WW,3,17.97,4.99,2026-04-02 11:41:39,amazon Ledsone,false
1135506,026-2160203-8351557,AMAZON,B0DYTPN1NZ,,RWWPSY0640YE,1,9.78,5.74,2026-04-02 11:46:51,amazon Ledsone,false
1135511,026-9145644-4105936,AMAZON,B0863J112Z,,PHSF1BMTBM2PK,1,17.89,14.91,2026-04-02 12:04:59,amazon Ledsone,false
1135520,205-4390955-2826721,AMAZON,B0F9467GTW,,CL3TCR3PK,2,17.27,5.82,2026-04-02 12:10:09,amazon Ledsone,false
1135521,026-5986154-6579542,AMAZON,B0DB2B8XXL,,CRFF75GB3PK,1,15.89,13.24,2026-04-02 12:12:44,amazon Ledsone,false
1135522,026-7338462-9724351,AMAZON,B08XNPN8YG,,LSSS300BI+RPR44WH,3,40.47,13.49,2026-04-02 12:04:59,amazon Dcvoltage,false
1135530,026-4593483-1689969,AMAZON,B0FPWQN4RL,,LSOL180BS+RPR44WH,1,10.69,8.91,2026-04-02 12:45:02,amazon Ledsone,false
1135531,206-7243224-5365932,AMAZON,B08V8HWBYG,,CRSF100BM+PHSH1PBRBM+LSMS320GY,2,34.95,18.89,2026-04-02 12:41:30,amazon Dcvoltage,false
1135534,203-5748662-5442760,AMAZON,B07Q56Z33S,,24IP67100,1,26.89,26.89,2026-04-02 12:55:39,amazon Dcvoltage,false
1135535,206-6991545-2923500,AMAZON,B07CRVMDW3,,12IP2080,2,30.98,12.91,2026-04-01 20:24:50,amazon Ledsone,false
1135543,203-5705324-3938735,AMAZON,B0G1TGXFF7,,CKKLBY,1,10.99,9.16,2026-04-02 13:01:58,amazon Ledsone,false
1135553,203-3255358-1563547,AMAZON,B0FJM11D6H,,PLTEBM,1,19.69,16.41,2026-04-02 13:17:25,amazon Ledsone,false
1135562,205-1725060-4869113,AMAZON,B0GQ48BNBZ,,LSGLSC115AR+RPM40WH,1,12.78,9.89,2026-04-02 13:22:38,amazon Dcvoltage,false
1135564,026-9269970-2401956,AMAZON,B0C43MJXYS,,WCDTGR+RPR44WH,1,9.89,8.24,2026-04-02 13:23:50,amazon Ledsone,false
1135569,203-6930980-6499522,AMAZON,B0CVLC93XQ,,RWT3550YE,1,9.89,9.89,2026-04-02 13:36:05,amazon Dcvoltage,false
1135575,026-5017379-8546751,AMAZON,B0F9VDWTYX,,CL3RBM3PK,1,6.79,5.66,2026-04-02 13:54:03,amazon Ledsone,false
1135579,026-3920663-8161122,AMAZON,B0CS9PXHMJ,,LSTF40BG3PK+RPR44WH3PK,1,28.89,28.89,2026-04-02 14:01:53,amazon Dcvoltage,false
1135590,204-0977553-1020316,AMAZON,B0D794K9Y2,,WCB7BM2PK+RPR44WH2PK,1,21.29,13.57,2026-04-02 14:27:15,amazon Ledsone,false
1135591,206-8126498-2092319,AMAZON,B0DBWJTYMJ,,CL2RIV5PK,1,13.99,13.99,2026-04-02 14:21:47,amazon Dcvoltage,false
1135595,206-9018917-0494729,AMAZON,B0922ZLMYT,,PHWPPBRRE,1,52.41,52.41,2026-04-02 14:37:38,amazon Ledsone,false
1135596,206-9018917-0494729,AMAZON,B09231RT5P,,PHWPPBRYE,1,52.41,52.41,2026-04-02 14:37:38,amazon Ledsone,false
1135597,205-3581517-6425947,AMAZON,B0GR8KX976,,SPPGUK3PBR2PK,1,6.87,3.32,2026-04-02 14:46:34,amazon Ledsone,false
1135611,206-6056579-4686712,AMAZON,B0BSFX2X14,,ENC4261,1,29.89,29.89,2026-04-02 14:28:33,amazon Dcvoltage,false
1135626,026-3121476-2120346,AMAZON,B0CKR9W6X5,,PLHWBC+ICST64E273PK,3,75.30,27.89,2026-04-02 15:00:44,amazon Dcvoltage,false
1135631,202-8056747-3789160,AMAZON,B0CPBWC2T4,,LSCY290WH+RPR44WH,1,15.89,15.89,2026-04-02 15:11:35,amazon Dcvoltage,false
1135632,205-2778860-8113913,AMAZON,B08XWSBPHW,,WCB1BM+RPR44WH,1,10.69,10.69,2026-04-02 15:11:22,amazon Dcvoltage,false
1135633,026-0085746-1906778,AMAZON,B07WH1MR1D,,CRSF1209BM,1,16.89,16.89,2026-04-02 15:18:29,amazon Dcvoltage,false
1135634,205-6093244-9609906,AMAZON,B0DX6KTNS1,,CENU1001200WH,1,18.89,15.74,2026-04-02 15:16:51,amazon Ledsone,false
1135635,202-0657582-4384334,AMAZON,B0DH4LFC25,,WCDCBM3PK+RPR44WH3PK,1,24.79,20.66,2026-04-02 15:17:11,amazon Ledsone,false
1135639,202-7541784-8019524,AMAZON,B0848XJ271,,PSDS4BMRGD,1,15.89,15.89,2026-04-02 15:25:31,amazon SRM Amazon,false
1135640,202-0891546-2665109,AMAZON,B0863J112Z,,PHSF1BMTBM2PK,1,17.89,14.91,2026-04-02 15:30:48,amazon Ledsone,false
1135646,203-5397268-7325147,AMAZON,B0CHP9RWN2,,WCWODV1BM2PK+ICST64E272PK,1,43.89,36.57,2026-04-02 15:39:49,amazon Ledsone,false
1135653,203-9748750-7381955,AMAZON,B08XWSBPHW,,WCB1BM+RPR44WH,1,10.69,10.69,2026-04-02 15:56:57,amazon Dcvoltage,false
1135655,206-5353844-7447511,AMAZON,B0D7S53LSQ,,LSMS320GY2PK+RPR44WH2PK,1,25.89,21.57,2026-04-02 15:53:40,amazon Ledsone,false
1135656,205-9301401-4607511,AMAZON,B0FB2WZFS4,,PHSF2BMRBY+SPSDP2BM+LDMST64E274,1,16.89,14.07,2026-04-02 15:59:45,amazon Ledsone,false
1135661,202-0905170-1227513,AMAZON,B0CCJ5NB8Z,,SPSDP3BM6PK,1,15.09,12.57,2026-04-02 16:11:24,amazon Ledsone,false
1135664,026-4409340-7506716,AMAZON,B0CG21CP4J,,CRFF108BM+LHTKE27BA,1,10.99,9.16,2026-04-02 16:15:14,amazon Ledsone,false
1135671,205-8189189-7834736,AMAZON,B0CV7V5618,,RWGS1342WH,1,6.48,2.99,2026-04-02 16:28:02,amazon Ledsone,false
1135681,203-4385225-0684332,AMAZON,B083H3BRWZ,,CRSF100CO,1,8.08,4.32,2026-04-02 16:35:47,amazon Ledsone,false
1135688,203-2189717-7656331,AMAZON,B0G5Y46X4G,,ENC9257,3,55.23,17.53,2026-04-02 16:58:29,amazon Ledsone,false
1135693,203-5426630-9041963,AMAZON,B0DQD9ZLBB,,PHSF1BRTCO3PK,1,27.71,23.09,2026-04-02 17:05:07,amazon Ledsone,false
1135701,202-1183227-4813954,AMAZON,B0CMQGHNC1,,ENC5670,1,82.39,68.66,2026-04-02 17:15:19,amazon Ledsone,false
1135705,204-3572052-2267537,AMAZON,B0D28TWPYD,,LSCY290BC2PK+RPR44WH2PK,1,25.79,21.49,2026-04-02 17:31:49,amazon Ledsone,false
1135720,202-2455385-6770712,AMAZON,B0CTSLSHXD,,LSCO335OR2PK+RPR44WH2PK,1,27.49,27.49,2026-04-02 17:59:05,amazon Dcvoltage,false
1135721,204-2073473-8554708,AMAZON,B0DH68NN77,,CL2TBTAPK,1,18.29,18.29,2026-04-02 18:02:35,amazon Dcvoltage,false
1135729,206-4339375-7936362,AMAZON,B0CNJX1DV8,,WCB7WH+RPR44WH,1,9.89,9.89,2026-04-02 18:26:29,amazon Dcvoltage,false
1135730,204-6848035-2519557,AMAZON,B0CFHKYH59,,CRSF100BM2PK+PHRNWP1RBM2PK,1,16.74,16.74,2026-04-02 18:19:20,amazon Ledsone,false
1135731,204-6848035-2519557,AMAZON,B0DXQ8WPCG,,LSCY290SN2PK+RPR44WH2PK,1,24.91,24.91,2026-04-02 18:19:20,amazon Ledsone,false
1135732,202-2068856-3643548,AMAZON,B0B8P9BKXB,,LDMG125E278,5,54.45,9.07,2026-04-02 18:22:03,amazon Ledsone,false
1135733,202-7790940-5073914,AMAZON,B09477YHK7,,LDMG95E278APK,1,35.19,29.32,2026-04-02 18:22:03,amazon Ledsone,false
1135736,205-6937398-7793127,AMAZON,B093T4C95B,,LSMS320CB+RPR44WH,2,27.98,11.66,2026-04-02 18:28:45,amazon Ledsone,false
1135737,026-0878008-7414724,AMAZON,B0CVMZBLZ7,,RWWPSYBF25GY,1,5.16,1.89,2026-04-02 18:32:57,amazon Dcvoltage,false
1135740,202-7838986-0072360,AMAZON,B0CM3BXQ42,,CRSF100BM+LHNSE27BM+SCRN70YB+LSMS320BI,1,19.89,19.89,2026-04-02 18:47:33,amazon SRM Amazon,false
1135741,205-4389239-9217903,AMAZON,B0D294Y23J,,LSCY290CH+RPR44WH,1,18.29,15.24,2026-04-02 18:32:59,amazon Ledsone,false
1135751,203-6618368-2999556,AMAZON,B0CJ4QZ15C,,LSMCSPSQMC+RPM40WH,1,22.89,22.89,2026-04-02 18:49:36,amazon Dcvoltage,false
1135758,026-0168220-9969176,AMAZON,B0CGRJ1V8L,,TPOSBDBM,1,25.89,25.89,2026-04-02 19:06:46,amazon Dcvoltage,false
1135759,205-9324254-9742759,AMAZON,B0C43MJXYS,,WCDTGR+RPR44WH,1,9.89,8.24,2026-04-02 19:00:54,amazon Ledsone,false
1135760,204-1556799-9857946,AMAZON,B0F945Z6H2,,CL3TAG3PK,1,7.99,6.66,2026-04-02 19:08:44,amazon Ledsone,false
1135763,205-6482055-1272344,AMAZON,B09HSBKLHK,,CL2TRO5PK,1,15.79,13.16,2026-04-02 19:12:34,amazon Ledsone,false
1135764,206-8685506-3431535,AMAZON,B09JM3PLLH,,LDSG125LOE274,1,10.39,8.66,2026-04-02 19:15:17,amazon Ledsone,false
1135771,202-4427312-9548320,AMAZON,B0GTQRN1PC,,LSGL10012AR2PK+RPM40WH2PK,1,11.89,11.89,2026-04-02 19:30:50,amazon Dcvoltage,false
1135773,202-1581397-8059533,AMAZON,B08638WV4N,,PHSF1AGTGB2PK,1,17.89,14.91,2026-04-02 19:29:28,amazon Ledsone,false
1135777,202-8116449-6865168,AMAZON,B0DF7BD73R,,CRSF100BM+PHRYWP1RBM,1,11.89,9.91,2026-04-02 19:35:57,amazon Ledsone,false
1135786,204-9820026-1477121,AMAZON,B093H9BJWL,,LSMS320RE+RPR44WH,1,15.89,13.24,2026-04-02 19:51:30,amazon Ledsone,false
1135788,206-1866562-5945168,AMAZON,B08WWH8HWK,,ENC903,1,21.89,21.89,2026-04-02 19:58:01,amazon Dcvoltage,false
1135792,205-6876281-6501111,AMAZON,B094NJVJWZ,,ENC1520,1,32.21,37.89,2026-04-02 20:02:13,amazon Dcvoltage,false
1135806,204-6884278-1161909,AMAZON,B0F2DLJ3TC,,LSFS230BM,1,23.49,19.57,2026-04-02 20:11:06,amazon Ledsone,false
1135817,204-7326174-0641152,AMAZON,B08TMG646S,,LSFT220BC+RPR44WH,1,10.89,10.89,2026-04-02 20:29:52,amazon Dcvoltage,false
1135824,202-2021442-0413115,AMAZON,B0C7H3C8L8,,LSFT220BS+RPR44WH,1,10.79,10.79,2026-04-02 20:44:44,amazon Dcvoltage,false
1135825,203-9421403-3979517,AMAZON,B0FL7PJGKF,,PSHYOS4WWH,1,15.69,13.07,2026-04-02 20:39:19,amazon Ledsone,false
1135830,205-0695771-7938747,AMAZON,B0FBM9F1G6,,CO224ACLAPK,1,4.41,4.41,2026-04-02 20:53:20,amazon Ledsone,false
1135831,205-0695771-7938747,AMAZON,B0B8DWXLQ2,,CRSF1202BM,1,5.57,5.57,2026-04-02 20:53:20,amazon Ledsone,false
1135837,203-5947782-8311502,AMAZON,B0CGZQV9Y7,,LSMCSPFLMC+RPM40WH,1,29.89,20.74,2026-04-02 21:05:50,amazon Ledsone,false
1135844,203-5498223-9787522,AMAZON,B0DH4KYFPD,,WCDTBM2PK+RPR44WH2PK,1,18.49,15.41,2026-04-02 21:15:02,amazon Ledsone,false
1135849,205-5046077-7169910,AMAZON,B0946XHZF3,,CRSF100CO+PHMU1PBRCO+LSDO210BC,1,18.60,15.50,2026-04-02 21:37:23,amazon Ledsone,false
1135850,205-9804850-2511515,AMAZON,B08L7P2MHQ,,LDCWE27183PK,1,15.99,13.32,2026-04-02 21:39:25,amazon Ledsone,false
1135852,206-1293480-1283543,AMAZON,B0CLGXC7ZP,,PHSF2GDTYB,1,14.89,12.41,2026-04-02 21:47:35,amazon Ledsone,false
1135859,202-3057529-9984329,AMAZON,B0G49DDJ63,,WCCYSP180GD2PK+RPR44WH2PK,1,23.89,19.91,2026-04-02 21:58:45,amazon Ledsone,false
1135867,206-8346527-9738718,AMAZON,B0DH9H6VL6,,CL3TSI5PK,1,11.99,11.99,2026-04-02 22:05:03,amazon Dcvoltage,false
1135874,026-5033883-9395505,AMAZON,B0F9VF3XSY,,CL3RBR3PK,2,11.32,5.66,2026-04-02 22:21:08,amazon Ledsone,false
1135875,026-5033883-9395505,AMAZON,B0F9VFR93D,,CL3RRE3PK,1,5.66,5.66,2026-04-02 22:21:08,amazon Ledsone,false
1135876,026-5033883-9395505,AMAZON,B0B9Y59487,,CL3TBR5PK,1,11.49,11.49,2026-04-02 22:21:08,amazon Ledsone,false
1135877,026-5033883-9395505,AMAZON,B0D8PZPC31,,CL3RBR,1,4.24,4.24,2026-04-02 22:21:08,amazon Ledsone,false
1135879,206-7879517-8813920,AMAZON,B0DMF2KF74,,ENC9307,1,27.29,22.74,2026-04-02 22:28:44,amazon Ledsone,false
1135881,205-6950208-8547541,AMAZON,B0DH95RBZR,,CL3THE2PK,1,5.99,5.99,2026-04-02 22:32:47,amazon Dcvoltage,false
1135882,204-6464547-7233946,AMAZON,B0DPM9QV89,,LHCTOBM,1,12.78,8.24,2026-04-02 22:43:24,amazon Ledsone,false
1135883,204-7806353-0495528,AMAZON,B0DH96ZNZ4,,CL3TBR3PK,1,8.99,8.99,2026-04-02 22:43:24,amazon Dcvoltage,false
1135885,206-5043029-3605936,AMAZON,B0D6YF7VPY,,CCGNNWE48,1,10.89,10.89,2026-04-02 22:54:36,amazon Dcvoltage,false
1135886,205-9093907-2041963,AMAZON,B08X9WV762,,PSDS4BMRBU,1,14.17,14.17,2026-04-02 23:10:14,amazon Dcvoltage,false
1135890,202-1968389-4029105,AMAZON,B0DH937VLZ,,CL3TCR3PK,1,8.99,8.99,2026-04-02 23:20:03,amazon Dcvoltage,false
1135892,206-3164555-4321100,AMAZON,B0B71MJFDZ,,CRSF100BM,9,56.80,4.99,2026-04-02 12:44:28,amazon Ledsone,false
1135893,204-4251505-1023547,AMAZON,B0DXQ8VVR7,,LSCY290WH2PK+RPR44WH2PK,1,25.89,21.57,2026-04-02 23:25:37,amazon Ledsone,false
1135896,203-2030138-0401943,AMAZON,B0G5NZNKZL,,ENC6167,2,39.38,19.69,2026-04-02 23:55:47,amazon Dcvoltage,false
1135898,205-8643939-4427536,AMAZON,B08TX2837H,,LSMS320BI+RPR44WH,1,14.99,14.99,2026-04-03 00:01:59,amazon Dcvoltage,false
1135899,026-6354877-1274763,AMAZON,B0DMF2KF74,,ENC9307,1,27.29,22.74,2026-04-03 00:12:47,amazon Ledsone,false
1135905,206-6516874-6868303,AMAZON,B0CMCP8X1X,,CRFF500CH+WCCY1ROCH3PK,1,52.99,44.16,2026-04-03 00:20:04,amazon Ledsone,false
1135914,205-1186475-0809113,AMAZON,B0GLNHVVKS,,PL4HBC,1,37.89,31.57,2026-04-03 01:11:14,amazon Ledsone,false
1135933,206-4538196-3367558,AMAZON,B0FBWY7FLX,,CO332AGY5PK,1,3.58,1.29,2026-04-03 05:57:51,amazon SRM Amazon,false
1135946,202-2928834-3061104,AMAZON,B0F9YHZS4H,,CRSF100HBM+WSWR1PFTBM+RD30+WR+PSDS4BPB,1,17.99,17.99,2026-04-03 07:17:09,amazon Dcvoltage,false
1135958,206-2750872-2991504,AMAZON,B0B8VVQSNV,,LDSG125LOE274,1,12.30,8.07,2026-04-03 07:46:32,amazon Ledsone,false
1135959,202-8436418-0991540,AMAZON,B07L8FYSD3,,CL3TRO5PK,1,23.49,13.00,2026-04-03 07:55:13,amazon Dcvoltage,false
1135960,206-0858513-5800346,AMAZON,B0C43L42DK,,WCDTRE+RPR44WH,1,10.89,9.07,2026-04-03 07:57:15,amazon Ledsone,false
1135967,204-7838112-3807562,AMAZON,B0CTT266YY,,LSCO335GY2PK+RPR44WH2PK,1,23.89,23.89,2026-04-03 08:06:44,amazon Dcvoltage,false
1135974,026-9368473-5481943,AMAZON,B0C2D1HNCJ,,ENC1919,3,62.67,17.41,2026-04-03 08:17:26,amazon Ledsone,false
1135990,204-8242641-5729967,AMAZON,B0CLGVTF4T,,CRFF140GB+WSFSGB,1,11.49,9.57,2026-04-03 08:49:32,amazon Ledsone,false
1136000,026-7817183-5623547,AMAZON,B0CTCMMMRT,,CRSF100CO+CL3TBR+LHSHE27CO,1,11.89,9.91,2026-04-03 09:14:41,amazon Ledsone,false
1136010,204-9665842-0885129,AMAZON,B0FXMJMZ1G,,CKAT1214BM,1,22.89,22.89,2026-04-03 09:36:59,amazon Dcvoltage,false
1136017,203-8350424-9704359,AMAZON,B09479HV6W,,LDMG95E2783PK,1,17.89,14.91,2026-04-03 09:50:41,amazon Ledsone,false
1136020,026-9322187-9871500,AMAZON,B0C2D1HNCJ,,ENC1919,1,20.89,17.41,2026-04-03 09:52:32,amazon Ledsone,false
1136022,203-4812317-0126725,AMAZON,B0DMF2KF74,,ENC9307,1,27.29,22.74,2026-04-03 09:53:34,amazon Ledsone,false
1136030,205-9613175-5984314,AMAZON,B0GR8KX976,,SPPGUK3PBR2PK,1,6.87,3.32,2026-04-03 10:04:49,amazon Ledsone,false
1136031,205-6309561-8649160,AMAZON,B0F2FQNWTJ,,LPSQ5W6PK,1,20.59,17.16,2026-04-03 10:06:18,amazon Ledsone,false
1136056,203-8967182-7989912,AMAZON,B0B49HWHH6,,CRSF100BM+WSLS155YB+LSDO210BM,2,39.50,16.46,2026-04-03 10:21:37,amazon Ledsone,false
1136057,205-6469039-7035504,AMAZON,B0DTYYYWYG,,LSSS300BG+RPR44WH,1,14.99,12.49,2026-04-03 10:28:45,amazon Ledsone,false
1136089,026-1198630-1623555,AMAZON,B0D5711PRY,,WCB6BM2PK+RPR44WH2PK,1,15.79,15.79,2026-04-03 11:09:36,amazon Dcvoltage,false
1136091,205-0346747-4893159,AMAZON,B093H9BJWL,,LSMS320RE+RPR44WH,1,15.89,13.24,2026-04-03 11:12:12,amazon Ledsone,false
1136092,205-8348566-9091568,AMAZON,B09MWHQ855,,ENC2228,1,35.89,29.91,2026-04-03 11:17:53,amazon Ledsone,false
1136100,202-0205709-4485977,AMAZON,B0CKWK8TNJ,,CL3RCR5PK,1,13.89,13.89,2026-04-03 11:23:23,amazon Dcvoltage,false
1136107,203-9056226-7541157,AMAZON,B08V85S83J,,CRSF100BM+PHSH1PBRBM+LSMS320YE,2,39.38,19.69,2026-04-03 11:33:18,amazon Dcvoltage,false
1136112,204-5870007-5620332,AMAZON,B0DH4KYFPD,,WCDTBM2PK+RPR44WH2PK,1,18.49,15.41,2026-04-03 11:38:54,amazon Ledsone,false
1136113,206-6237040-5281149,AMAZON,B0B4K5K2RR,,PSDS4BMRGY,1,14.17,11.81,2026-04-03 11:48:59,amazon Ledsone,false
1136114,202-8877259-4864366,AMAZON,B0CVL4GG2F,,LSTF400YE+RPR44WH,1,16.39,13.66,2026-04-03 11:45:30,amazon Ledsone,false
1136123,203-1902060-1115515,AMAZON,B0CKSTLS8P,,CRFF75SN,1,9.78,5.74,2026-04-03 11:58:07,amazon Ledsone,false
1136124,026-1058602-1667510,AMAZON,B0F1CYVFBD,,RWWPSY10120YE,1,11.38,8.49,2026-04-03 11:55:08,amazon Dcvoltage,false
1136128,203-0303429-5716312,AMAZON,B0CNRL871B,,LDMST64E274,2,16.67,6.89,2026-04-03 12:07:49,amazon Dcvoltage,false
1136133,205-3953263-1329141,AMAZON,B0CPBXK43C,,LSCY290NB+RPR44WH,1,16.09,16.09,2026-04-03 12:09:29,amazon Dcvoltage,false
1136134,206-8249645-4033943,AMAZON,B0DRP87NC8,,LHSHE27GB2PK,1,10.89,9.07,2026-04-03 12:07:48,amazon Ledsone,false
1136135,203-5869552-0898760,AMAZON,B0DYT146SS,,RWWPSY0680YE,1,5.78,2.41,2026-04-03 12:14:16,amazon Ledsone,false
1136136,202-7640865-7965932,AMAZON,B0DZF4VRSY,,CL2RAGAPK,1,19.99,16.66,2026-04-03 12:18:33,amazon Ledsone,false
1136137,206-6918400-3158731,AMAZON,B0DK8W4C81,,LHPOE27SN,1,12.78,8.24,2026-04-03 12:27:40,amazon Ledsone,false
1136140,206-0628756-4943549,AMAZON,B0DH9H7ZCM,,CL3TGL3PK,1,8.99,8.99,2026-04-03 12:33:54,amazon Dcvoltage,false
1136143,205-6001640-7228359,AMAZON,B0F2919THD,,LSCY290CO+RPR44WH,1,18.89,15.74,2026-04-03 12:38:46,amazon Ledsone,false
1136161,026-0119208-3005177,AMAZON,B0G5Y46X4G,,ENC9257,2,43.38,18.07,2026-04-03 13:04:35,amazon Ledsone,false
1136162,204-8996632-3059548,AMAZON,B08XC4QHHG,,CL3TAGAPK,1,19.99,19.99,2026-04-03 13:08:29,amazon Dcvoltage,false
1136182,205-0994344-8682717,AMAZON,B0DTPB2YC2,,WCB2BM3PK+RPR44WH3PK,1,22.89,19.07,2026-04-03 13:47:30,amazon Ledsone,false
1136183,026-1480986-3843508,AMAZON,B07CJNZCFN,,5IP2050,1,8.99,8.99,2026-04-03 13:43:54,amazon Dcvoltage,false
1136184,202-2709645-7541963,AMAZON,B0GP87YX8W,,LHPVHRE27WH3PK,1,11.18,8.29,2026-04-03 13:44:26,amazon Dcvoltage,false
1136188,202-3791813-6565131,AMAZON,B0CCJ3CSB6,,SPSDP2YB3PK,1,14.09,11.74,2026-04-03 13:59:13,amazon Ledsone,false
1136189,205-9790923-3545963,AMAZON,B0DCKGXY3N,,STFG4845WH2PK,1,7.58,3.91,2026-04-03 14:07:28,amazon Ledsone,false
1136200,204-2811617-0214720,AMAZON,B0CVL9L141,,LSEL400OR+RPR44WH,1,18.89,15.74,2026-04-03 14:11:52,amazon Ledsone,false
1136207,203-6113730-1639536,AMAZON,B0F43QJMH8,,CENU25200WH,1,4.45,1.49,2026-04-03 14:24:00,amazon Dcvoltage,false
1136208,206-8451192-4301918,AMAZON,B0DH5Y9829,,CL2TRS5PK,1,10.09,10.09,2026-04-03 14:27:42,amazon Dcvoltage,false
1136209,026-6309594-8250716,AMAZON,B0FB428PD7,,ENC3489,1,52.59,43.82,2026-04-03 14:21:13,amazon Ledsone,false
1136214,202-1166265-9349143,AMAZON,B08XVV335M,,WCB6BM+RPR44WH,1,10.49,10.49,2026-04-03 14:34:50,amazon Dcvoltage,false
1136215,205-4103856-3676336,AMAZON,B0DXQ9BPVH,,LSCY290BB2PK+RPR44WH2PK,1,25.89,21.57,2026-04-03 14:37:36,amazon Ledsone,false
1136218,206-7818237-0653128,AMAZON,B07MLDZW2R,,CCBKNWE3,1,8.14,5.25,2026-04-03 14:49:11,amazon Dcvoltage,false
1136220,202-0717916-1469105,AMAZON,B0CPBVNNQX,,LSCY290YE+RPR44WH,1,15.89,15.89,2026-04-03 14:54:01,amazon Dcvoltage,false
1136221,202-0717916-1469105,AMAZON,B0D2TGPFLD,,LSCY290RE+RPR44WH,1,15.89,15.89,2026-04-03 14:54:01,amazon Dcvoltage,false
1136222,205-5495873-5727507,AMAZON,B0DH688STH,,CL2TIV5PK,1,11.99,11.99,2026-04-03 14:56:39,amazon Dcvoltage,false
1136231,206-4105187-8057912,AMAZON,B0B82W84F2,,PHSF1AGRGB,1,13.89,11.57,2026-04-03 15:05:52,amazon Ledsone,false
1136241,203-5540392-8881136,AMAZON,B0GLNBSJMP,,PL4HRR,2,75.78,31.57,2026-04-03 15:25:50,amazon Ledsone,false
1136255,206-5969607-9312321,AMAZON,B0BWYSZWDY,,CRSF100GS+WSWH135BM+LSHQ150BM,1,19.49,16.24,2026-04-03 15:40:14,amazon Ledsone,false
1136257,205-2992369-6825155,AMAZON,B0B2K8GM5T,,LHC3E27WH,1,6.89,5.74,2026-04-03 15:41:49,amazon Ledsone,false
1136258,203-5061608-5014704,AMAZON,B0CH52LJHH,,CRFF500BM+PHMU1PBRGS3PK+LSDM220GS3PK,1,36.89,30.74,2026-04-03 15:43:14,amazon Ledsone,false
1136259,203-6497202-5809129,AMAZON,B0D56XVPSY,,WCB6BS2PK+RPR44WH2PK,1,20.29,20.29,2026-04-03 15:47:48,amazon Dcvoltage,false
1136267,202-8505398-4987515,AMAZON,B0F799YBJ9,,CTBOP13L+CTBOP23L+CTBOP28L,1,14.89,14.89,2026-04-03 15:55:48,amazon Dcvoltage,false
1136275,203-7173506-9912342,AMAZON,B08XWSBPHW,,WCB1BM+RPR44WH,1,10.69,10.69,2026-04-03 16:06:26,amazon Dcvoltage,false
1136279,202-3874275-5091532,AMAZON,B0DX1C6274,,LHSHE27CO3PK,1,17.69,17.69,2026-04-03 16:20:42,amazon SRM Amazon,false
1136281,204-9914831-7649941,AMAZON,B0FPQVSMFT,,LDCWT75B2212,1,8.79,7.32,2026-04-03 16:09:54,amazon Ledsone,false
1136282,206-8866669-3548321,AMAZON,B0DTHKSNFS,,WCB6BM3PK+RPR44WH3PK,1,22.49,22.49,2026-04-03 16:15:00,amazon Dcvoltage,false
1136283,202-2138511-7084355,AMAZON,B08XBYXQC6,,CL3TBRAPK,1,19.99,19.99,2026-04-03 16:20:42,amazon Dcvoltage,false
1136287,202-4682869-6854742,AMAZON,B09HV6YPCH,,CRFF500BM+PHHT1PBRBM3PK+WCDTBM3PK,2,75.58,31.49,2026-04-03 16:21:54,amazon Ledsone,false
1136288,204-8744361-5858750,AMAZON,B0D295JDDS,,LSCY290CO3PK+RPR44WH3PK,1,45.89,38.24,2026-04-03 16:28:12,amazon Ledsone,false
1136297,206-8016522-2909917,AMAZON,B0C4LHMWHL,,PLADBM,1,49.86,41.55,2026-04-03 16:30:21,amazon Ledsone,false
1136300,205-0295446-3605927,AMAZON,B09LCSLRZ3,,CRSF100BM+PHCH1BMRBM+LSCY290YE,1,20.79,17.32,2026-04-03 16:44:09,amazon Ledsone,false
1136306,203-9902403-1845108,AMAZON,B0D9RXR847,,WCDTRO3PK+RPR44WH3PK,1,24.19,20.16,2026-04-03 16:52:35,amazon Ledsone,false
1136307,205-3657458-8028339,AMAZON,B086224FLH,,LDMST64B2246PK,1,20.99,17.49,2026-04-03 16:59:28,amazon Ledsone,false
1136309,204-2101229-2445153,AMAZON,B0DXQB7T3C,,LSCY290GY2PK+RPR44WH2PK,2,49.12,22.74,2026-04-03 16:52:20,amazon Ledsone,false
1136311,202-2521572-1253129,AMAZON,B0FPWV2SHR,,LDCWT75B22126PK,1,19.49,16.24,2026-04-03 16:54:55,amazon Ledsone,false
1136312,026-6178182-0297934,AMAZON,B0F48M8XP1,,RWWPSY08120YE,1,12.57,9.59,2026-04-03 16:48:56,amazon Dcvoltage,false
1136313,204-6512618-9745930,AMAZON,B0C7CLSCMB,,LSSS300NB+RPR44WH,1,14.79,14.79,2026-04-03 16:52:20,amazon Dcvoltage,false
1136314,206-5414845-5732364,AMAZON,B0CGRJ1V8L,,TPOSBDBM,1,25.89,25.89,2026-04-03 16:52:22,amazon Dcvoltage,false
1136321,204-6596411-6578716,AMAZON,B0CN376GSP,,CRSF1202BM+PHHT2PBRBM2PK+SPUPBM2PK,1,19.89,16.57,2026-04-03 17:09:52,amazon Ledsone,false
1136324,206-6052797-4848304,AMAZON,B0F2919THD,,LSCY290CO+RPR44WH,2,37.78,15.74,2026-04-03 17:14:09,amazon Ledsone,false
1136325,202-5992195-2845147,AMAZON,B0GDDFC6TS,,LDMT185E2733PK,1,13.99,11.66,2026-04-03 17:16:17,amazon Ledsone,false
1136327,202-2984278-3010757,AMAZON,B0BNW1NWB9,,ENC784,1,31.49,31.49,2026-04-03 17:22:50,amazon Dcvoltage,false
1136328,206-6266573-2740320,AMAZON,B0CNZ25YB3,,ENC4315,1,41.89,41.89,2026-04-03 17:26:41,amazon Dcvoltage,false
1136329,202-5051167-6650763,AMAZON,B0CSFGJTYF,,STMT4845WH6PK,1,10.09,8.41,2026-04-03 17:25:57,amazon Ledsone,false
1136337,204-0203055-1973924,AMAZON,B0BPMR6L8S,,CRSF100BM,1,9.78,6.89,2026-04-03 17:39:16,amazon Dcvoltage,false
1136341,026-9351315-3689102,AMAZON,B0D298MYFM,,LSCY290GY+RPR44WH,1,13.41,13.41,2026-04-03 17:48:05,amazon Ledsone,false
1136342,026-9351315-3689102,AMAZON,B0D28S9Q4S,,LSCY290BG+RPR44WH,1,15.24,15.24,2026-04-03 17:48:05,amazon Ledsone,false
1136343,202-9744559-3862750,AMAZON,B0GR8KX976,,SPPGUK3PBR2PK,1,6.87,3.32,2026-04-03 17:48:31,amazon Ledsone,false
1136344,204-4873106-5121902,AMAZON,B08XLYFHR3,,PLHCRR,1,27.89,27.89,2026-04-03 17:41:03,amazon Dcvoltage,false
1136345,204-2019583-8076332,AMAZON,B0DH95573D,,CL3TYE3PK,1,7.99,7.99,2026-04-03 17:41:58,amazon Dcvoltage,false
1136351,205-1210794-7355568,AMAZON,B0GLFZ9BSJ,,LSGLFP245BR+RPM40WH,1,17.89,17.89,2026-04-03 17:47:07,amazon Dcvoltage,false
1136352,204-3331327-5243537,AMAZON,B08PZF353V,,WCBNCH+RPR44WH,5,49.45,9.89,2026-04-03 17:58:54,amazon SRM Amazon,false
1136353,026-7795323-3453931,AMAZON,B0BLZHCRGZ,,LDMG95E2746PK,1,23.59,19.66,2026-04-03 17:47:21,amazon Ledsone,false
1136354,202-3978196-0413148,AMAZON,B0F9VFT56T,,CL3RBK3PK,1,6.79,5.66,2026-04-03 17:56:21,amazon Ledsone,false
1136357,203-9227814-3313918,AMAZON,B0DPM9QV89,,LHCTOBM,2,22.67,8.24,2026-04-03 17:59:44,amazon Ledsone,false
1136360,203-0380796-1496314,AMAZON,B0DYT146SS,,RWWPSY0680YE,1,5.78,2.41,2026-04-03 18:06:33,amazon Ledsone,false
1136361,026-6265550-2377150,AMAZON,B0DH9H89G1,,CL3TGLAPK,1,20.99,20.99,2026-04-03 17:59:49,amazon Dcvoltage,false
1136362,203-4063376-1945101,AMAZON,B0DTT7FGYZ,,WCVCBS3PK+RPR44WH3PK,1,20.79,20.79,2026-04-03 18:01:00,amazon Dcvoltage,false
1136367,206-6867722-6969131,AMAZON,B0D6GG1682,,CRSF100BC+PHNW1RBC,4,59.56,12.41,2026-04-03 18:21:04,amazon Ledsone,false
1136368,202-8277286-7791506,AMAZON,B0D44SB3ZY,,PHSF2GYTCH+ICST64E27,1,16.89,16.89,2026-04-03 18:16:35,amazon Dcvoltage,false
1136373,202-6450844-2428339,AMAZON,B0CGRJ1V8L,,TPOSBDBM,1,25.89,25.89,2026-04-03 18:26:03,amazon Dcvoltage,false
1136375,202-4859575-5904351,AMAZON,B0DCNWCJVW,,WCB4WH3PK+RPR44WH3PK,1,20.89,17.41,2026-04-03 18:19:46,amazon Ledsone,false
1136376,206-9987803-9402711,AMAZON,B0GP73VLM8,,LHPVHRE27WH,1,4.69,3.91,2026-04-03 18:26:10,amazon Ledsone,false
1136383,202-9496544-5670760,AMAZON,B0C9TWTCZ8,,LSCY210BG+RPR44WH,1,12.89,12.89,2026-04-03 18:40:57,amazon Dcvoltage,false
1136387,204-5929753-5829969,AMAZON,B0FZK7QKYM,,ENC8104,1,16.39,13.66,2026-04-03 19:07:57,amazon Ledsone,false
1136391,203-8747739-9467509,AMAZON,B0DCGB8JSR,,LHTRE27GB2PK,1,15.49,12.91,2026-04-03 19:08:30,amazon Ledsone,false
1136392,206-3481966-1201966,AMAZON,B0GHWNXJJ2,,ENC642,1,19.91,19.91,2026-04-03 19:10:09,amazon Ledsone,false
1136393,206-3481966-1201966,AMAZON,B0D6GDQP8G,,CRSF100BC+PHNW1RBC+ICST64E27,1,14.07,14.07,2026-04-03 19:10:09,amazon Ledsone,false
1136395,026-4745680-9689147,AMAZON,B086228MDF,,LDMST64B2286PK,1,20.89,17.41,2026-04-03 19:15:49,amazon Ledsone,false
1136400,206-0643730-3143516,AMAZON,B083XQXT6H,,CL2RCR,2,7.27,1.66,2026-04-03 19:21:14,amazon Ledsone,false
1136410,204-8898176-7201136,AMAZON,B0F28YKH9K,,LSCY290RR+RPR44WH,1,15.89,13.24,2026-04-03 19:30:33,amazon Ledsone,false
1136411,204-8480722-6909947,AMAZON,B07PLVLDXC,,CL3TGR5PK,1,12.79,12.79,2026-04-03 19:29:54,amazon Dcvoltage,false
1136413,203-3906727-2527556,AMAZON,B096MS8B5P,,CRSF100RE+PHRB1PWRPW+LSWE315RE+ICST64E27,1,27.89,27.89,2026-04-03 19:35:17,amazon Dcvoltage,false
1136426,206-0293045-6290771,AMAZON,B0CNLXQ9VZ,,ENC1833,2,43.78,18.24,2026-04-03 19:50:58,amazon Ledsone,false
1136429,204-3025945-7872348,AMAZON,B0C9TY8GWK,,LSCY210BC+RPR44WH,2,19.60,10.89,2026-04-03 20:07:19,amazon Dcvoltage,false
1136440,205-0775859-8149905,AMAZON,B0F48M8XP1,,RWWPSY08120YE,1,12.57,9.59,2026-04-02 13:47:37,amazon Dcvoltage,false
1136442,204-7545101-2978728,AMAZON,B0FG2YH42V,,ENC8743,2,70.78,27.41,2026-04-03 20:33:35,amazon Ledsone,false
1136443,202-4845660-2135538,AMAZON,B0F9X1D46L,,CL3RBMAPK,1,25.89,21.57,2026-04-03 20:34:08,amazon Ledsone,false
1136444,203-0432203-8292350,AMAZON,B0F9WZ3QD8,,LSFT220WH+RPR44WH,1,10.89,9.07,2026-04-03 20:38:05,amazon Ledsone,false
1136457,204-9836469-3374728,AMAZON,B0GCZG4XFD,,CRSF120WH,1,8.78,4.91,2026-04-03 21:00:38,amazon Ledsone,false
1136464,026-1158130-9445938,AMAZON,B093HBRKWJ,,LSCY290BL+RPR44WH,2,30.58,12.74,2026-04-03 21:12:33,amazon Ledsone,false
1136465,206-7714432-5605962,AMAZON,B0DHVLVBJF,,LHSHE27YB,2,15.78,7.89,2026-04-03 21:10:16,amazon Dcvoltage,false
1136474,205-2621231-9500332,AMAZON,B0BV7C4JXR,,ENC1971,1,127.89,127.89,2026-04-03 21:35:40,amazon Dcvoltage,false
1136478,203-8495435-5337952,AMAZON,B08TQSGTRN,,CRSF100BC+LHNSE27YB+SCRN70BC+LSWD360BC,1,26.89,26.89,2026-04-03 21:47:34,amazon Dcvoltage,false
1136479,026-6083908-7080321,AMAZON,B0G49DDJ63,,WCCYSP180GD2PK+RPR44WH2PK,1,23.89,19.91,2026-04-03 21:42:14,amazon Ledsone,false
1136480,203-8776551-0299543,AMAZON,B0CW5WC8KF,,ENC6341,1,24.07,20.06,2026-04-03 21:44:02,amazon Ledsone,false
1136485,203-6546985-1929127,AMAZON,B0FPQYM3KQ,,LDCWT75B22123PK,1,20.89,17.41,2026-04-03 21:56:56,amazon Ledsone,false
1136488,205-9290978-9366756,AMAZON,B0825YJ4NH,,CO1210ACL,1,5.69,5.69,2026-04-03 22:02:33,amazon Dcvoltage,false
1136489,203-0644576-8635532,AMAZON,B0D6KMPC9W,,LSCY290GB2PK+RPR44WH2PK,1,31.09,31.09,2026-04-03 22:03:26,amazon Dcvoltage,false
1136490,205-0164769-7466707,AMAZON,B0D7S3YDZY,,LSMS320WH+RPR44WH,1,14.99,12.49,2026-04-03 22:01:38,amazon Ledsone,false
1136491,202-7046427-2508327,AMAZON,B0GF22BWSR,,ENC1801,2,37.06,17.16,2026-04-03 22:05:14,amazon Ledsone,false
1136496,204-8520148-8146757,AMAZON,B0F48PYKWX,,RWWPSY0860YE,1,8.77,5.79,2026-04-03 22:17:39,amazon Dcvoltage,false
1136501,203-2514709-6961928,AMAZON,B0D8VSR4WB,,LDG9D51C53PK,1,13.19,10.99,2026-04-03 22:19:04,amazon Ledsone,false
1136513,204-2764810-7676364,AMAZON,B0FZK3GXMY,,ENC7853,1,24.59,20.49,2026-04-03 22:55:39,amazon Ledsone,false
1136514,202-0490081-8634716,AMAZON,B0CW3FD87K,,LDSG125MUE274,1,8.49,8.49,2026-04-03 23:00:51,amazon Dcvoltage,false
1136515,203-4713097-4041121,AMAZON,B0FY3B8JKY,,WCBCFBM3PK+RPR44WH3PK,1,28.89,28.89,2026-04-03 23:08:39,amazon Dcvoltage,false
1136520,202-6272418-1537161,AMAZON,B0FY5NVS4S,,LDSG1007E272PK,3,71.97,19.99,2026-04-03 23:35:26,amazon Ledsone,false
1136521,026-5812424-2747533,AMAZON,B07MBLMGLL,,CCBKNWE12,1,6.49,6.49,2026-04-03 23:31:28,amazon Dcvoltage,false
1136524,026-5421248-3985138,AMAZON,B0D56ZN8NP,,WCB7WH2PK+RPR44WH2PK,1,15.89,15.89,2026-04-03 23:08:48,amazon Dcvoltage,false
1136525,206-6532076-5676328,AMAZON,B0CNLZKBMR,,ENC1831,1,21.89,18.24,2026-04-03 23:47:47,amazon Ledsone,false
1136527,026-6543068-2152364,AMAZON,B0DBZGHLSR,,LDSHEAE2743PK,1,21.89,18.24,2026-04-03 23:59:28,amazon Ledsone,false
1136528,205-3405082-5183556,AMAZON,B0CG8MKK56,,LSCY290OR+RPR44WH,1,16.09,13.41,2026-04-03 22:40:47,amazon Ledsone,false
1136532,202-4783623-7193912,AMAZON,B0DPMF1BGT,,PCBI20MF,4,21.56,4.49,2026-04-04 00:36:23,amazon Ledsone,false
1136534,202-6356277-9096317,AMAZON,B0CVHD9D3V,,CENU25200BM,1,4.78,1.24,2026-04-04 01:23:02,amazon Ledsone,false
1136556,026-6437174-7691528,AMAZON,B0DC9Y8ZC2,,WLFS220BM+ICST64E27,2,34.00,15.74,2026-04-04 06:24:19,amazon Ledsone,false
1136558,202-8044714-0996348,AMAZON,B0DXQ8X5GT,,LSCY290GC2PK+RPR44WH2PK,1,25.89,21.57,2026-04-04 06:54:34,amazon Ledsone,false
1136566,206-1412182-1512357,AMAZON,B0CW5WC8KF,,ENC6341,3,72.21,20.06,2026-04-04 07:24:34,amazon Ledsone,false
1136567,205-9556219-0873940,AMAZON,B0F5B48F9L,,WCVCBM5PK+RPR44WH5PK,1,30.99,25.82,2026-04-04 07:33:57,amazon Ledsone,false
1136568,202-6418262-1082755,AMAZON,B0C7Q6ZQ8T,,CRSF100BM+PHHT1PBRBM+LSHM400HE,1,30.34,35.69,2026-04-04 07:29:18,amazon Dcvoltage,false
1136577,205-2172932-3105163,AMAZON,B0B4G8D4D8,,CNT900YB,1,7.09,5.91,2026-04-04 08:02:41,amazon Ledsone,false
1136578,026-3707874-6374754,AMAZON,B0CS9PS8V3,,LSOL180BG3PK+RPR44WH3PK,1,26.89,26.89,2026-04-04 08:07:45,amazon Dcvoltage,false
1136582,026-4820770-6129102,AMAZON,B09KNSV5RF,,CRSF2003BM+PHRB1PBR40BM3PK+LSBS160BL3PK,1,29.89,24.91,2026-04-04 08:17:28,amazon Ledsone,false
1136596,026-4635185-5829968,AMAZON,B08V8HWBYG,,CRSF100BM+PHSH1PBRBM+LSMS320GY,1,16.06,18.89,2026-04-04 08:35:49,amazon Dcvoltage,false
1136605,203-7936456-5952369,AMAZON,B0FFTCK3PV,,TPFC300BG,2,40.28,13.66,2026-04-04 08:55:38,amazon Dcvoltage,false
1136614,203-0882377-3025910,AMAZON,B0DH623GPF,,CL2TBM2PK,1,6.99,6.99,2026-04-04 09:04:14,amazon Dcvoltage,false
1136630,205-5727696-4740353,AMAZON,B0CNQ1MB3F,,LDMG125B228,1,9.99,9.99,2026-04-04 09:29:28,amazon Dcvoltage,false
1136640,202-7292568-3230764,AMAZON,B0F48KSRDK,,RWWPSY0680YE,1,9.16,5.89,2026-04-04 09:52:54,amazon Dcvoltage,false
1136645,202-2823443-0626760,AMAZON,B08TX216Y4,,LSMS320CB+RPR44WH,1,14.99,14.99,2026-04-04 10:04:36,amazon Dcvoltage,false
1136647,204-7551932-7007560,AMAZON,B0D9RY2YKZ,,CRSF100GB2PK,1,10.59,8.82,2026-04-04 10:04:49,amazon Ledsone,false
1136664,204-9159670-5911569,AMAZON,B0B9Y5MRSK,,CL3TGD5PK,1,13.19,10.99,2026-04-04 10:43:27,amazon Ledsone,false
1136665,204-9366251-1492356,AMAZON,B0CHRM7KFQ,,WCB4BB+RPR44WH,2,16.72,7.74,2026-04-04 10:47:26,amazon Ledsone,false
1136666,204-3412311-8576352,AMAZON,B0FPQVSMFT,,LDCWT75B2212,1,8.79,7.32,2026-04-04 10:47:51,amazon Ledsone,false
1136667,202-0586336-8615558,AMAZON,B0DH92L63T,,CL3TIV2PK,1,5.99,5.99,2026-04-04 10:42:23,amazon Dcvoltage,false
1136668,026-5716852-6977928,AMAZON,B0DKDY66WX,,CRFF100RO,1,5.35,5.35,2026-04-04 10:42:51,amazon Dcvoltage,false
1136678,206-2578540-3421110,AMAZON,B0D571W4XR,,WCB6BB2PK+RPR44WH2PK,1,15.89,15.89,2026-04-04 10:50:33,amazon Dcvoltage,false
1136682,206-8701773-2062701,AMAZON,B07HRGXZJD,,CCBKNWE18,1,6.99,6.99,2026-04-04 11:05:58,amazon Dcvoltage,false
1136683,026-9377084-7307513,AMAZON,B0D944SCS4,,WCB6WH3PK+RPR44WH3PK,1,22.29,18.57,2026-04-04 11:04:41,amazon Ledsone,false
1136686,203-1036532-5584300,AMAZON,B0DH5TJ126,,CL2TLB2PK,1,6.99,6.99,2026-04-04 11:17:50,amazon Dcvoltage,false
1136688,026-8772786-8492354,AMAZON,B08P36VDHH,,CRSF100CO+LHNSE27CO+LSDM220CO+ICST64E27,1,20.89,20.89,2026-04-04 11:16:55,amazon SRM Amazon,false
1136689,026-8683105-0825108,AMAZON,B0FG2YH42V,,ENC8743,1,32.89,27.41,2026-04-04 11:12:21,amazon Ledsone,false
1136692,206-2420556-6771566,AMAZON,B08V5MK449,,CRSF100BM+PHHT1PBRBM+LSCY290BM,1,21.89,21.89,2026-04-04 11:19:18,amazon Dcvoltage,false
1136693,202-8314873-1926737,AMAZON,B0CBPQH72B,,WCB4BS2PK+RPR44WH2PK,1,16.19,16.19,2026-04-04 11:20:53,amazon Dcvoltage,false
1136694,205-8384839-4642732,AMAZON,B0DH96ZNZ4,,CL3TBR3PK,1,8.99,8.99,2026-04-04 11:22:28,amazon Dcvoltage,false
1136696,202-6972361-2760318,AMAZON,B0CV7K4PZC,,RWGS1342WH,1,6.75,3.59,2026-04-04 11:27:22,amazon Dcvoltage,false
1136697,203-5490267-1051533,AMAZON,B0C4LHMWHL,,PLADBM,1,49.86,41.55,2026-04-04 11:21:21,amazon Ledsone,false
1136698,204-4690136-2544327,AMAZON,B0B57B6RLH,,CO125ACL5PK,1,6.78,3.24,2026-04-04 11:25:15,amazon Ledsone,false
1136703,203-6586350-3055520,AMAZON,B08V8XSXKB,,CRSF100BM+PHSH1PBRBM+LSMS320BI,1,21.89,21.89,2026-04-04 11:41:16,amazon Dcvoltage,false
1136705,206-2861527-1595538,AMAZON,B0F291VKCF,,LSCY290RE+RPR44WH,1,15.79,13.16,2026-04-04 11:47:18,amazon Ledsone,false
1136715,026-1853387-4777929,AMAZON,B0CNQ1MB3F,,LDMG125B228,1,9.99,9.99,2026-04-04 12:06:02,amazon Dcvoltage,false
1136722,204-0265280-6505161,AMAZON,B0DZNLF6LK,,RWWPSY10GY,1,5.38,2.07,2026-04-04 12:14:10,amazon Ledsone,false
1136723,204-3860131-9005149,AMAZON,B0BY38JCSC,,CRSF100BM+PHUP1PBRBM+CNT900BM+LSCY290BM,1,21.89,18.24,2026-04-04 12:16:45,amazon Ledsone,false
1136724,204-8083587-0137940,AMAZON,B0GDDS2VDX,,TSSTYM01GY2PK,1,10.89,9.07,2026-04-04 12:17:55,amazon Ledsone,false
1136725,203-0831105-5743542,AMAZON,B0FPQVSMFT,,LDCWT75B2212,1,8.79,7.32,2026-04-04 12:18:12,amazon Ledsone,false
1136726,206-2416442-0597963,AMAZON,B0DT9SB8XR,,LDCWE27252PK,1,12.99,12.99,2026-04-04 12:14:19,amazon SRM Amazon,false
1136727,204-6854287-2793152,AMAZON,B08XNPSWMN,,CRSF100BC+LHNSE27YB+SCRN70BC+LSWD360BC,2,55.30,29.89,2026-04-04 12:11:23,amazon Dcvoltage,false
1136728,026-7911556-9069142,AMAZON,B0DH952823,,CL3TLG5PK,1,11.99,11.99,2026-04-04 12:16:18,amazon Dcvoltage,false
1136740,202-4705637-9861146,AMAZON,B0DM5XD46N,,LDMT185E274,2,13.96,5.82,2026-04-04 12:21:14,amazon Ledsone,false
1136741,204-1754555-5416343,AMAZON,B097DVCGSY,,CBSF90,1,5.89,4.91,2026-04-04 12:22:34,amazon Ledsone,false
1136742,204-8334112-5935508,AMAZON,B0F9VF8XYJ,,CL3RGY3PK,1,6.79,5.66,2026-04-04 12:19:12,amazon Ledsone,false
1136743,206-5544148-6687542,AMAZON,B0B9Y5MRSK,,CL3TGD5PK,10,121.80,10.15,2026-04-04 12:24:31,amazon Ledsone,false
1136745,204-2993208-7203557,AMAZON,B0FR8ZYWXB,,LSCY290BG2PK+RPR44WH2PK,2,63.58,31.79,2026-04-04 12:12:01,amazon Dcvoltage,false
1136747,202-8053718-8896337,AMAZON,B0D59QC2Z4,,WCB2BM2PK+RPR44WH2PK,1,15.79,15.79,2026-04-04 12:36:28,amazon Dcvoltage,false
1136753,026-5693344-7076332,AMAZON,B0BBS1VR82,,CL3THEAPK,1,21.89,18.24,2026-04-04 12:37:24,amazon Ledsone,false
1136761,203-1561612-1368346,AMAZON,B0BMBGF21Z,,LDMST64E2746PK,1,17.39,14.49,2026-04-04 12:46:14,amazon Ledsone,false
1136762,204-6220271-1713156,AMAZON,B0C7QYQ25P,,CRSF2003BM+WCRN3CBM3PK,1,43.89,43.89,2026-04-04 12:55:08,amazon Dcvoltage,false
1136769,026-0867975-2319523,AMAZON,B0DXQ8YFC6,,LSCY290RO2PK+RPR44WH2PK,1,29.89,24.91,2026-04-04 12:54:15,amazon Ledsone,false
1136773,206-9822778-3698725,AMAZON,B07F9R3GVS,,LDMG95E278,1,11.08,8.19,2026-04-04 13:00:28,amazon Dcvoltage,false
1136774,202-3215334-8753941,AMAZON,B0FFTCK3PV,,TPFC300BG,1,16.39,16.39,2026-04-04 13:00:12,amazon Dcvoltage,false
1136777,206-6578638-6835525,AMAZON,B0CLGX4P3G,,CRFF140CH2PK+WSFSCH2PK,1,20.89,17.41,2026-04-04 13:10:43,amazon Ledsone,false
1136782,202-5014913-7373956,AMAZON,B08W8R28RD,,LSRP260CO+RPR44WH,2,37.78,18.89,2026-04-04 13:15:22,amazon Dcvoltage,false
1136783,026-4523333-5790703,AMAZON,B0C9TMJ3HC,,CNP1000RO,1,8.89,8.89,2026-04-04 13:16:54,amazon Dcvoltage,false
1136784,206-7061645-3973134,AMAZON,B0FPQYM3KQ,,LDCWT75B22123PK,1,20.89,17.41,2026-04-04 13:11:01,amazon Ledsone,false
1136785,202-9402384-2524326,AMAZON,B09CGJVLZ7,,CRSF2003BC+PHSH1PBRYB3PK+LSDO210BC3PK,2,68.26,31.60,2026-04-04 13:12:15,amazon Ledsone,false
1136792,026-0910741-3622716,AMAZON,B0CKSSCVJY,,CRFF75RO+HK10RO,1,9.78,5.74,2026-04-04 13:16:54,amazon Ledsone,false
1136805,202-0206885-2638778,AMAZON,B0CG1VJLT9,,CRFF108CO2PK+LHTKE27CO2PK,1,18.29,15.24,2026-04-04 13:46:09,amazon Ledsone,false
1136806,206-3359021-9966708,AMAZON,B0DNJFD3CJ,,PCBSF2MCH,1,5.19,4.32,2026-04-04 13:48:33,amazon Ledsone,false
1136807,026-3810644-5531527,AMAZON,B0946ZK6D8,,CRSF100CO+PHMU1PBRCO+LSDO210BC+ICST64E27,1,21.70,18.08,2026-04-04 13:48:23,amazon Ledsone,false
1136812,026-9897134-8223552,AMAZON,B0CHW3Q9VG,,CRSF100YB+PHCHPCRYB+LSCY290YB,1,25.89,21.57,2026-04-04 13:53:20,amazon Ledsone,false
1136819,205-6795765-3474766,AMAZON,B0GTYJBGDD,,LDST185E2746PK,1,18.99,15.82,2026-04-04 14:07:38,amazon Ledsone,false
1136825,202-9034512-4826766,AMAZON,B0DH4LFC25,,WCDCBM3PK+RPR44WH3PK,1,24.79,20.66,2026-04-04 14:11:56,amazon Ledsone,false
1136826,205-5502666-1611527,AMAZON,B0D794K9Y2,,WCB7BM2PK+RPR44WH2PK,1,17.29,14.41,2026-04-04 14:14:19,amazon Ledsone,false
1136830,205-0923434-2535545,AMAZON,B097YR1WKC,,CRFF500BM+PHHT1PBRRO3PK+WCWDRO3PK,1,38.99,32.49,2026-04-04 14:30:20,amazon Ledsone,false
1136832,205-7023589-9104347,AMAZON,B0CCHZNHT9,,SPSDP2WH,1,8.78,4.91,2026-04-04 14:38:09,amazon Ledsone,false
1136836,203-4347699-6038705,AMAZON,B08XNR7FZ9,,LSCY290RE+RPR44WH,1,15.89,15.89,2026-04-04 14:40:11,amazon Dcvoltage,false
1136837,202-7301386-1355538,AMAZON,B0G1T7HWRL,,CKKLYB,1,9.99,9.99,2026-04-04 14:45:04,amazon Dcvoltage,false
1136838,206-9960402-6395505,AMAZON,B0CNRL871B,,LDMST64E274,1,9.78,6.89,2026-04-04 14:48:26,amazon Dcvoltage,false
1136841,026-5395528-1356365,AMAZON,B0D59MHSXN,,WCB3WH2PK+RPR44WH2PK,1,16.89,16.89,2026-04-04 14:50:30,amazon Dcvoltage,false
1136842,203-7638381-9854748,AMAZON,B0DMF2KF74,,ENC9307,1,27.29,22.74,2026-04-04 14:47:02,amazon Ledsone,false
1136847,026-5019635-5742738,AMAZON,B0FS1GJH75,,CRSF100SN+LHTPE27JSN,1,11.89,11.89,2026-04-04 15:01:04,amazon SRM Amazon,false
1136848,026-1217370-3864339,AMAZON,B086X973M2,,LHC2E27WH,1,5.19,4.32,2026-04-04 15:07:39,amazon Ledsone,false
1136853,203-8012318-0918738,AMAZON,B09WVSSVJ3,,12BO72,2,23.16,9.65,2026-04-04 15:15:43,amazon Ledsone,false
1136854,205-6146716-7653119,AMAZON,B0DJVV27R9,,ENC7757,1,41.89,34.91,2026-04-04 15:17:36,amazon Ledsone,false
1136855,205-1158730-5184318,AMAZON,B0GBX5D5C4,,ENC9270,2,41.98,20.99,2026-04-04 15:21:09,amazon Dcvoltage,false
1136865,202-1945238-1105153,AMAZON,B0CDQ1DP5M,,PHTT1PBR3RR+LSWT300RR,1,26.89,22.41,2026-04-04 15:39:20,amazon Ledsone,false
1136873,206-1782072-8616362,AMAZON,B0DM55R685,,CL3TBKAPK,1,18.99,18.99,2026-04-04 15:41:11,amazon Dcvoltage,false
1136874,202-2982346-3618722,AMAZON,B0D9GYV6MY,,CMWHEPK,1,19.89,16.57,2026-04-04 15:41:50,amazon Ledsone,false
1136891,202-7322975-8609951,AMAZON,B0DTPXDPLD,,LSCY290BI+RPR44WH,1,23.39,12.92,2026-04-04 16:03:28,amazon Ledsone,false
1136892,206-2227255-7264324,AMAZON,B0CCHXR4X2,,SPSDP2WH3PK,1,14.09,11.74,2026-04-04 16:06:09,amazon Ledsone,false
1136896,202-7740066-0501918,AMAZON,B093HCLPM8,,LSCY290BS+RPR44WH,1,15.89,13.24,2026-04-04 16:16:32,amazon Ledsone,false
1136907,203-7006321-8621121,AMAZON,B0C43N2F3D,,WCDTWH+RPR44WH,1,11.89,9.91,2026-04-04 16:26:45,amazon Ledsone,false
1136908,206-3695690-0320332,AMAZON,B0DBZHMXVT,,ENC7848,1,40.74,40.74,2026-04-04 16:25:48,amazon Ledsone,false
1136909,206-3695690-0320332,AMAZON,B09WJC8S2P,,CRFF140YB+WSNW170YB+LSOL220YB+ICST64E27,2,37.82,18.91,2026-04-04 16:25:48,amazon Ledsone,false
1136910,205-6438881-0438762,AMAZON,B0D291QGY1,,LSCY290GR3PK+RPR44WH3PK,1,39.89,33.24,2026-04-04 16:26:20,amazon Ledsone,false
1136916,206-0633136-6704365,AMAZON,B0DH8XKTL8,,CL3TBK3PK,1,8.99,8.99,2026-04-04 16:36:52,amazon Dcvoltage,false
1136925,204-2651801-0801925,AMAZON,B0FT7SZC65,,CRSF2003BM+PHRB1PBR40BM3PK+LSBS160CB3PK,1,32.89,27.41,2026-04-04 16:42:55,amazon Ledsone,false
1136929,206-1060358-1082710,AMAZON,B0D944SCS4,,WCB6WH3PK+RPR44WH3PK,1,22.29,18.57,2026-04-04 16:54:41,amazon Ledsone,false
1136930,026-2553207-1975537,AMAZON,B0946YF51K,,CRSF100BM+PHMU1PBRGS+LSDO210BG+ICST64E27,2,39.01,18.06,2026-04-04 16:56:28,amazon Ledsone,false
1136938,204-9453997-8118731,AMAZON,B0F9X4RS4W,,CL2RGDAPK,1,18.99,15.82,2026-04-04 17:05:28,amazon Ledsone,false
1136945,204-2549671-0276318,AMAZON,B0B8DV248K,,CRSF1203BM,1,6.24,6.24,2026-04-04 17:09:39,amazon Ledsone,false
1136946,204-2549671-0276318,AMAZON,B0DB29CX49,,CRFF75BA3PK,1,14.74,14.74,2026-04-04 17:09:39,amazon Ledsone,false
1136947,204-2549671-0276318,AMAZON,B0B8DWXLQ2,,CRSF1202BM,1,5.57,5.57,2026-04-04 17:09:39,amazon Ledsone,false
1136948,205-9009351-4454728,AMAZON,B0D7MMR2GN,,CRFF105SN2PK,1,13.89,11.57,2026-04-04 17:05:27,amazon Ledsone,false
1136958,202-0364560-9990768,AMAZON,B0B7799FKL,,CRFF108GB+HK10GB,1,10.78,6.57,2026-04-04 17:22:08,amazon Ledsone,false
1136960,205-3252499-4077938,AMAZON,B0CVLC93XQ,,RWT3550YE,1,9.89,9.89,2026-04-04 17:28:32,amazon Dcvoltage,false
1136961,205-3252499-4077938,AMAZON,B0CVLF96JH,,RWT480YE,1,8.49,8.49,2026-04-04 17:28:32,amazon Dcvoltage,false
1136970,205-5013856-2109933,AMAZON,B0C9WZSBGH,,LSDO210RR+RPR44WH,1,11.89,11.89,2026-04-04 17:36:04,amazon Dcvoltage,false
1136977,205-6803075-5865911,AMAZON,B0CNQ1MB3F,,LDMG125B228,1,9.99,9.99,2026-04-04 17:41:35,amazon Dcvoltage,false
1136978,204-0155112-6681953,AMAZON,B0CPBXK43C,,LSCY290NB+RPR44WH,1,16.09,16.09,2026-04-04 17:47:04,amazon Dcvoltage,false
1136990,203-7199995-5781969,AMAZON,B0CC99MTZL,,CRSF100BM+WSSS70BM+LSCY210BG+ICST64E27,1,19.99,19.99,2026-04-04 17:51:55,amazon Dcvoltage,false
1136991,205-5472526-3398701,AMAZON,B0F291VKCF,,LSCY290RE+RPR44WH,1,20.79,13.16,2026-04-04 17:49:02,amazon Ledsone,false
1136994,203-5021448-8201948,AMAZON,B0GR4P6X14,,CRFF140RR+LHSHE27RR+SCRN70RR+LSLC180RR,1,18.49,15.41,2026-04-04 17:51:55,amazon Ledsone,false
1136998,203-0889840-1640360,AMAZON,B0GLDZN5SH,,CRFF140BM+LHNSE27YB+SCRN70BM+LSTF40CH,1,18.89,18.89,2026-04-04 18:07:03,amazon Dcvoltage,false
1136999,206-1494759-1263562,AMAZON,B08W5CZ4HH,,WSFS1BMYB+SCRN70BM+LSFT220BM,2,28.60,15.89,2026-04-04 18:07:45,amazon Dcvoltage,false
1137004,203-7503929-7839565,AMAZON,B0F9YTQV7N,,PSFW4RGD,1,11.89,9.91,2026-04-04 18:07:31,amazon Ledsone,false
1137014,205-0885746-6133964,AMAZON,B0C8TVMPYJ,,ENC4314,1,34.89,29.07,2026-04-04 18:27:25,amazon Ledsone,false
1137026,203-3027194-8941959,AMAZON,B0G4QPP78F,,PCDO20CH2PK,1,7.24,7.24,2026-04-04 18:35:08,amazon Ledsone,false
1137027,203-3027194-8941959,AMAZON,B0DLWTP2WC,,PCGZ20MX2PK,1,6.49,6.49,2026-04-04 18:35:08,amazon Ledsone,false
1137028,205-2424309-0715514,AMAZON,B0BY36SMTD,,ENC4430,1,29.89,29.89,2026-04-04 18:27:25,amazon Dcvoltage,false
1137029,205-2424309-0715514,AMAZON,B0CP7D6QH6,,ENC4116,1,29.89,29.89,2026-04-04 18:27:25,amazon Dcvoltage,false
1137030,205-4869180-9736351,AMAZON,B0FTG86FNJ,,WCBCFRO+RPR44WH,1,14.49,14.49,2026-04-04 18:34:16,amazon Dcvoltage,false
1137031,206-1850055-5050715,AMAZON,B09JVY8KR9,,LDSG95DIE274,1,13.89,13.89,2026-04-04 18:34:29,amazon Dcvoltage,false
1137036,202-6349126-2473131,AMAZON,B0CG9GNX5L,,WCWODSBM2PK+RPR44WH2PK,1,17.90,19.89,2026-04-04 18:41:39,amazon Dcvoltage,false
1137037,203-5895476-9758732,AMAZON,B0C9DPGRGD,,SPSDP2BM,1,5.69,5.69,2026-04-04 18:41:54,amazon Dcvoltage,false
1137041,205-7431912-1675507,AMAZON,B0C6KGHRXF,,WCWYBB,1,10.89,9.07,2026-04-04 18:51:27,amazon Ledsone,false
1137047,206-9830097-1668329,AMAZON,B08W8R28RD,,LSRP260CO+RPR44WH,1,18.89,18.89,2026-04-04 18:56:27,amazon Dcvoltage,false
1137048,206-8682345-9670715,AMAZON,B0F2919THD,,LSCY290CO+RPR44WH,1,18.89,15.74,2026-04-04 19:00:52,amazon Ledsone,false
1137049,206-8127004-1119534,AMAZON,B08PZG1D48,,WCBCBB,1,12.99,12.99,2026-04-04 19:06:23,amazon SRM Amazon,false
1137056,203-4740261-5947507,AMAZON,B07T9T1R58,,CL3TPUAPK,1,21.89,18.24,2026-04-04 19:14:43,amazon Ledsone,false
1137057,205-0618724-2820362,AMAZON,B0D6KMPC9W,,LSCY290GB2PK+RPR44WH2PK,1,31.09,31.09,2026-04-04 19:09:15,amazon Dcvoltage,false
1137058,026-6265278-4943537,AMAZON,B0D4YL9KCR,,LDMG95B2286PK,1,23.89,23.89,2026-04-04 19:12:42,amazon Dcvoltage,false
1137063,202-2595183-9792305,AMAZON,B0CW3G1XTF,,LDSST64E274,1,12.89,12.89,2026-04-04 19:26:48,amazon Dcvoltage,false
1137064,203-2848903-2457122,AMAZON,B0F2FDYS4Q,,LSMS320OR+RPR44WH,1,14.99,12.49,2026-04-04 19:24:27,amazon Ledsone,false
1137071,204-1053964-5994753,AMAZON,B08G52XXK2,,WSDM240BM+WCBNBM2PK,1,25.99,25.99,2026-04-04 19:42:39,amazon Dcvoltage,false
1137080,205-5369679-1785153,AMAZON,B0863J112Z,,PHSF1BMTBM2PK,1,16.88,14.07,2026-04-04 19:50:13,amazon Ledsone,false
1137085,205-5795062-0802744,AMAZON,B08XWHH87Q,,WCB7BM+RPR44WH,1,10.29,10.29,2026-04-04 19:58:50,amazon Dcvoltage,false
1137087,202-7298512-0081942,AMAZON,B0F2919THD,,LSCY290CO+RPR44WH,3,56.67,15.74,2026-04-04 20:07:06,amazon Ledsone,false
1137090,204-7928288-8089148,AMAZON,B0DP2VNVVF,,CRSF100SN+PHCHPCRSN+LSCY290SN,1,24.89,20.74,2026-04-04 20:13:23,amazon Ledsone,false
1137091,202-9164329-2249130,AMAZON,B08W8R28RD,,LSRP260CO+RPR44WH,2,37.78,18.89,2026-04-04 20:13:53,amazon Dcvoltage,false
1137092,206-5967621-3218734,AMAZON,B0BNW1NWB9,,ENC784,2,58.57,31.49,2026-04-04 20:24:50,amazon Dcvoltage,false
1137096,206-9385913-8247508,AMAZON,B0DXQ9BPVH,,LSCY290BB2PK+RPR44WH2PK,1,38.78,21.05,2026-04-04 20:26:59,amazon Ledsone,false
1137097,204-7620022-6520354,AMAZON,B0D9Q4QYV1,,LSGLBP120BM2PK,1,16.39,16.39,2026-04-04 20:20:58,amazon Dcvoltage,false
1137098,202-8399658-6121158,AMAZON,B0D5B68326,,WCDTGD2PK+RPR44WH2PK,1,20.89,20.89,2026-04-04 20:21:42,amazon Dcvoltage,false
1137101,202-3285051-7395500,AMAZON,B0F79CP12G,,CTBOP21XL+CTBOP20XL+CTBOP19XL,1,14.89,14.89,2026-04-04 20:29:48,amazon Dcvoltage,false
1137102,026-2688564-8017903,AMAZON,B07GJPMHCT,,24IP6750,2,30.00,15.00,2026-04-04 20:32:43,amazon Dcvoltage,false
1137111,205-3111385-6024305,AMAZON,B08XW7KJ98,,PLWEFBM,1,25.89,25.89,2026-04-04 20:54:19,amazon Dcvoltage,false
1137112,203-6516024-6031536,AMAZON,B0DFHM3D4X,,LSCY290CO+RPR44WH,1,18.89,18.89,2026-04-04 20:57:55,amazon Dcvoltage,false
1137113,203-1581181-9073902,AMAZON,B0B8P49KHN,,LDA60B224WW,1,5.99,4.99,2026-04-04 20:48:43,amazon Ledsone,false
1137115,206-9197267-6415535,AMAZON,B0C43MJXYS,,WCDTGR+RPR44WH,1,9.89,8.24,2026-04-04 20:53:16,amazon Ledsone,false
1137116,202-8488671-2646711,AMAZON,B0D2996WRV,,LSCY290SN3PK+RPR44WH3PK,1,42.89,35.74,2026-04-04 21:00:40,amazon Ledsone,false
1137119,026-0700072-4504302,AMAZON,B0F79BSJX8,,CTBOP21XXL+CTBOP25XXL+CTBOP14XXL,1,14.89,14.89,2026-04-04 20:59:08,amazon Dcvoltage,false
1137122,205-2517106-5939504,AMAZON,B0DH64L6PN,,CL2TGD5PK,1,11.99,11.99,2026-04-04 21:15:14,amazon Dcvoltage,false
1137123,202-2791135-0149137,AMAZON,B0FZCQMY9B,,LSHM400HE2PK+RPR44WH2PK,1,54.89,54.89,2026-04-04 21:17:26,amazon Dcvoltage,false
1137133,206-6325734-2247539,AMAZON,B0BBGPD397,,CL2RBM5PK,1,14.89,14.89,2026-04-04 21:37:00,amazon SRM Amazon,false
1137136,026-0256941-9824339,AMAZON,B08SWFSFYW,,CCBKNWE7,4,22.36,5.59,2026-04-04 21:40:14,amazon Dcvoltage,false
1137137,205-6423494-9626712,AMAZON,B0FRMSX1PM,,CRSF100YB+WS2LHYB,2,35.78,17.89,2026-04-04 21:44:37,amazon Dcvoltage,false
1137139,204-8922814-2362754,AMAZON,B0CPBX9LYX,,LSCY290BC+RPR44WH,1,15.89,15.89,2026-04-04 21:58:54,amazon Dcvoltage,false
1137152,206-7441208-7447542,AMAZON,B0DGPZBHVT,,LDMG95B2283PK,1,17.19,17.19,2026-04-04 22:16:28,amazon Dcvoltage,false
1137155,026-2008039-2140301,AMAZON,B0F9WZ6CD6,,LSFT220BM+RPR44WH,1,10.89,9.07,2026-04-04 22:26:16,amazon Ledsone,false
1137160,026-8075329-1017946,AMAZON,B092DTV4GG,,PHCH1FBRBM+LSCY290BI,1,20.79,17.32,2026-04-04 22:34:12,amazon Ledsone,false
1137173,202-8979875-1867508,AMAZON,B0F2919THD,,LSCY290CO+RPR44WH,1,18.89,15.74,2026-04-04 23:30:06,amazon Ledsone,false
1137174,204-0768079-3957154,AMAZON,B0GLNHSJZ8,,PL4HBM,1,37.89,31.57,2026-04-04 23:30:57,amazon Ledsone,false
1137179,203-0475223-4541956,AMAZON,B0F2GJSFHD,,RWT6100YE,1,12.29,10.24,2026-04-05 00:03:49,amazon Ledsone,false
1137183,206-1112664-3674731,AMAZON,B0DYTQRJQF,,RWWPSY0840YE,1,5.78,2.41,2026-04-05 00:16:59,amazon Ledsone,false
1137184,202-9221529-9350728,AMAZON,B08NDBQLMZ,,WCDTBM+RPR44WH,1,10.89,10.89,2026-04-05 00:22:01,amazon Dcvoltage,false
1137185,203-0025183-6810774,AMAZON,B0DB1Z48NC,,PSDS2BMRBW3PK,2,59.58,24.82,2026-04-05 00:28:59,amazon Ledsone,false
1137186,204-7141085-9529908,AMAZON,B07CQNWZ4P,,LDMG95B228,1,9.78,5.74,2026-04-05 00:46:08,amazon Ledsone,false
1137187,203-5370627-5343545,AMAZON,B07CSSJD3X,,CL3RBUAPK,1,19.99,19.99,2026-04-05 00:55:21,amazon Dcvoltage,false
1137189,202-2061808-9730733,AMAZON,B09479HV6W,,LDMG95E2783PK,1,17.89,14.91,2026-04-05 01:36:04,amazon Ledsone,false
1137190,206-4195086-7757148,AMAZON,B0BNW1NWB9,,ENC784,1,31.49,31.49,2026-04-05 01:31:10,amazon Dcvoltage,false
1137193,202-5983882-8204310,AMAZON,B0FXXR1VWG,,LDSG1007E273PK,1,29.99,24.99,2026-04-05 02:22:07,amazon Ledsone,false
1137268,205-6862377-4439506,AMAZON,B0F7QQYMSM,,CL3TGDAPK,1,21.99,18.32,2026-04-05 04:57:53,amazon Ledsone,false
1137275,202-9529885-2818734,AMAZON,B0DH96L1ZH,,CL3TBMAPK,1,25.89,25.89,2026-04-05 06:37:35,amazon Dcvoltage,false
1137280,202-5866646-9293168,AMAZON,B09477YHK7,,LDMG95E278APK,2,68.28,28.45,2026-04-04 22:22:35,amazon Ledsone,false
1137293,205-2282221-8331554,AMAZON,B0D83PFMTP,,WCDCBM3PK+RPR44WH3PK,2,48.58,24.29,2026-04-05 07:50:45,amazon Dcvoltage,false
1137296,205-5561369-7408304,AMAZON,B0CY26WVFD,,ENC6524,2,47.98,19.99,2026-04-05 08:01:43,amazon Ledsone,false
1137297,205-3044423-4466713,AMAZON,B07CJHL38X,,12IP20360,1,18.00,18.00,2026-04-05 08:08:07,amazon Dcvoltage,false
1137299,203-2912318-7805100,AMAZON,B0DJBSQXTJ,,HLRK45BM5PK,2,22.27,8.07,2026-04-05 08:09:24,amazon Ledsone,false
1137300,205-5815758-0440321,AMAZON,B0CV3BKQTR,,PSDS2RBL+LHTHE27RO,1,15.89,13.24,2026-04-05 08:12:51,amazon Ledsone,false
1137305,206-8294838-3098756,AMAZON,B0GR4HX6S1,,CRSF100BM+LHNSE27YB+SCRN70BM+LSOL180BG,1,18.69,15.57,2026-04-05 08:25:11,amazon Ledsone,false
1137322,204-0013073-9229165,AMAZON,B0F944VB2B,,CL3TRE3PK,1,6.99,5.82,2026-04-05 09:13:38,amazon Ledsone,false
1137327,204-9185747-4697962,AMAZON,B0F944BWSZ,,CL3TBM3PK,2,19.78,8.24,2026-04-05 09:24:06,amazon Ledsone,false
1137333,204-2260488-0761915,AMAZON,B0F9YMV74V,,LSMS320CB+RPR44WH,1,14.99,12.49,2026-04-05 09:30:45,amazon Ledsone,false
1137338,204-7140211-9707566,AMAZON,B0FKH6CWRV,,CRSF100SN+WSLS155SN,2,23.98,11.99,2026-04-05 09:40:41,amazon SRM Amazon,false
1137357,026-8658103-1402716,AMAZON,B0CH39MWRF,,WSOSBDBM,1,21.59,21.59,2026-04-05 10:02:34,amazon Dcvoltage,false
1137364,206-8092983-5398700,AMAZON,B0DH64L6PN,,CL2TGD5PK,1,11.99,11.99,2026-04-05 10:05:52,amazon Dcvoltage,false
1137366,205-4291218-0941907,AMAZON,B08P36VDHH,,CRSF100CO+LHNSE27CO+LSDM220CO+ICST64E27,1,20.89,20.89,2026-04-05 10:12:05,amazon SRM Amazon,false
1137367,202-8008526-6432348,AMAZON,B0DMF2KF74,,ENC9307,1,27.29,22.74,2026-04-05 10:15:53,amazon Ledsone,false
1137374,203-6752251-7324331,AMAZON,B0CNTF64XC,,WCB5BM+RPR44WH,1,9.89,9.89,2026-04-05 10:23:07,amazon Dcvoltage,false
1137375,203-3170031-0416365,AMAZON,B07CVVKVLJ,,12IP67100,1,22.89,22.89,2026-04-05 10:26:01,amazon Dcvoltage,false
1137378,202-0745728-2128351,AMAZON,B0CL96P8HS,,LP3DRC12,1,11.99,9.99,2026-04-05 10:30:19,amazon Ledsone,false
1137385,206-2171218-0832342,AMAZON,B0DTYDM7RD,,WCVCWH3PK+RPR44WH3PK,1,23.89,19.91,2026-04-05 10:31:56,amazon Ledsone,false
1137395,204-9606584-3285125,AMAZON,B0F291VKCF,,LSCY290RE+RPR44WH,1,15.79,13.16,2026-04-05 10:41:06,amazon Ledsone,false
1137397,204-1922637-8561157,AMAZON,B0F2919THD,,LSCY290CO+RPR44WH,1,18.89,15.74,2026-04-05 10:41:06,amazon Ledsone,false
1137403,206-4707722-5010763,AMAZON,B0DK58V1ZZ,,SCRN70BM5PK,1,11.89,9.91,2026-04-05 10:57:42,amazon Ledsone,false
1137413,203-0874505-5069118,AMAZON,B0C3QVPKYF,,ENC3549,1,82.69,68.91,2026-04-05 11:01:33,amazon Ledsone,false
1137414,204-5012264-2209130,AMAZON,B0CDPQGVJR,,WLTPFTBM3PK,1,23.89,19.91,2026-04-05 11:08:55,amazon Ledsone,false
1137417,203-2881071-4247501,AMAZON,B0D28V7VZD,,LSCY290BI3PK+RPR44WH3PK,1,47.69,39.74,2026-04-05 11:09:01,amazon Ledsone,false
1137425,205-8766837-5105924,AMAZON,B0CNQ1MB3F,,LDMG125B228,1,9.99,9.99,2026-04-05 11:22:48,amazon Dcvoltage,false
1137435,202-7977298-8360331,AMAZON,B0FPWXQWQD,,LDCWA60HB2296PK,1,10.13,6.24,2026-04-05 11:30:29,amazon Ledsone,false
1137436,202-4352074-6043517,AMAZON,B0CL7DWZ3H,,ENC5585,1,55.69,55.69,2026-04-05 11:34:48,amazon Dcvoltage,false
1137439,202-6463300-1325928,AMAZON,B0CMCP8X1X,,CRFF500CH+WCCY1ROCH3PK,1,52.99,44.16,2026-04-05 11:39:26,amazon Ledsone,false
1137440,203-9057412-2321948,AMAZON,B0FPWTHD66,,LSOL180BC2PK+RPR44WH2PK,1,14.91,14.91,2026-04-05 11:39:21,amazon Ledsone,false
1137441,203-9057412-2321948,AMAZON,B0FPWRK1N5,,LSOL180BM2PK+RPR44WH2PK,1,14.91,14.91,2026-04-05 11:39:21,amazon Ledsone,false
1137442,206-1854215-6051551,AMAZON,B0B8P9BKXB,,LDMG125E278,1,10.89,9.07,2026-04-05 11:40:08,amazon Ledsone,false
1137467,026-7942273-6118715,AMAZON,B0BNW1NWB9,,ENC784,1,31.49,31.49,2026-04-05 11:55:31,amazon Dcvoltage,false
1137468,206-3318721-4114745,AMAZON,B0DB2B8XXL,,CRFF75GB3PK,1,15.89,13.24,2026-04-05 11:53:25,amazon Ledsone,false
1137476,204-2754993-6089164,AMAZON,B0D9Q5BRF9,,LSGLCY120CO,1,15.89,10.89,2026-04-05 12:04:47,amazon Dcvoltage,false
1137477,204-0895063-7886734,AMAZON,B0F191D4TC,,ENC764,1,29.99,24.99,2026-04-05 12:07:00,amazon Ledsone,false
1137494,206-5297645-7141141,AMAZON,B0F2FYS1WB,,RWT570YE,1,12.29,10.24,2026-04-05 12:22:49,amazon Ledsone,false
1137496,026-6184667-7247551,AMAZON,B0C2D1HNCJ,,ENC1919,1,20.89,17.41,2026-04-05 12:26:25,amazon Ledsone,false
1137504,202-4369491-2862734,AMAZON,B07ZFWL5T1,,CRFF100GB+LHNSE27GB,1,13.89,13.89,2026-04-05 12:31:04,amazon Dcvoltage,false
1137505,204-1094835-2171504,AMAZON,B08VGPPCY1,,WCDTBM+RPR44WH,1,10.89,10.89,2026-04-05 12:31:06,amazon Dcvoltage,false
1137507,026-1554829-0425130,AMAZON,B0GL7L1N69,,ENC9420,1,32.89,27.41,2026-04-05 12:37:31,amazon Ledsone,false
1137512,205-9997142-9567513,AMAZON,B094VJWCF5,,PLADBC,1,50.89,42.41,2026-04-05 12:46:15,amazon Ledsone,false
1137513,026-0621519-8253913,AMAZON,B0G49DDJ63,,WCCYSP180GD2PK+RPR44WH2PK,1,23.89,19.91,2026-04-05 12:41:28,amazon Ledsone,false
1137529,026-7491288-6193113,AMAZON,B0DH96ZNZ4,,CL3TBR3PK,1,8.99,8.99,2026-04-05 13:13:01,amazon Dcvoltage,false
1137530,202-7736056-6642745,AMAZON,B0BY38C431,,ENC4111,2,59.78,29.89,2026-04-05 13:14:36,amazon Dcvoltage,false
1137534,202-8819062-7798727,AMAZON,B0GDDXRR5K,,LDMT185E2735PK,1,18.99,15.82,2026-04-05 13:11:42,amazon Ledsone,false
1137544,205-9608853-5301147,AMAZON,B08XWSBPHW,,WCB1BM+RPR44WH,1,15.69,10.69,2026-04-05 13:21:50,amazon Dcvoltage,false
1137545,203-8290986-2885957,AMAZON,B0FQVCJCKP,,ENC9107,3,64.17,21.39,2026-04-05 13:23:14,amazon Dcvoltage,false
1137547,206-8755031-1602724,AMAZON,B0C3ZTBRHZ,,LSCY290BM+RPR44WH,1,15.89,13.24,2026-04-05 13:20:59,amazon Ledsone,false
1137563,205-2103308-0454717,AMAZON,B0FRML5GMP,,PLMJBC,4,106.76,22.24,2026-04-05 13:49:35,amazon Ledsone,false
1137565,204-2831276-1186704,AMAZON,B0BLZHCRGZ,,LDMG95E2746PK,1,23.59,19.66,2026-04-05 13:58:05,amazon Ledsone,false
1137566,204-9248842-5269948,AMAZON,B0CDLW59TF,,WLRPE27BM+LDA60E278WW,1,24.89,20.74,2026-04-05 13:58:59,amazon Ledsone,false
1137575,026-3624349-2157930,AMAZON,B0DH937VLZ,,CL3TCR3PK,1,8.99,8.99,2026-04-05 14:10:11,amazon Dcvoltage,false
1137581,202-0351602-7833126,AMAZON,B0G4MK1GZR,,ENC9243,2,46.60,21.57,2026-04-05 14:20:58,amazon Ledsone,false
1137585,204-6424023-5323540,AMAZON,B09CYVVZ4H,,ENC1811,1,21.89,21.89,2026-04-05 14:37:38,amazon Dcvoltage,false
1137587,026-3409034-9681113,AMAZON,B0BYSV4V9S,,ENC8963,1,19.99,16.66,2026-04-05 14:42:26,amazon Ledsone,false
1137594,206-7083557-4526752,AMAZON,B0D298MYFM,,LSCY290GY+RPR44WH,1,16.09,13.41,2026-04-05 14:57:59,amazon Ledsone,false
1137595,203-9514632-6149920,AMAZON,B0FN7GVTJC,,CRSF100BM+LHNSE27BM+ICST64E27,1,15.99,15.99,2026-04-05 14:57:38,amazon SRM Amazon,false
1137596,204-6444271-4304324,AMAZON,B0DPMG2W2R,,LSMS320BG+RPR44WH,1,13.99,13.99,2026-04-05 14:58:49,amazon Dcvoltage,false
1137601,206-5270178-3689937,AMAZON,B0D2976K5L,,LSCY290RR3PK+RPR44WH3PK,1,39.99,33.32,2026-04-05 14:57:59,amazon Ledsone,false
1137603,204-9934833-4792355,AMAZON,B0F2919THD,,LSCY290CO+RPR44WH,1,18.89,15.74,2026-04-05 15:06:33,amazon Ledsone,false
1137609,204-0252665-4949965,AMAZON,B0BX3W13SZ,,ENC4457,1,54.89,54.89,2026-04-05 15:10:51,amazon Dcvoltage,false
1137616,204-0603724-9551518,AMAZON,B0D9MB1CXX,,TPFC160BU+RPR44WH,1,15.39,15.39,2026-04-05 15:28:01,amazon Dcvoltage,false
1137628,026-5384506-4731518,AMAZON,B092SPCPX5,,PLWCBM,1,24.89,20.74,2026-04-05 15:30:14,amazon Ledsone,false
1137630,206-9485791-8794720,AMAZON,B0CS3LSTMS,,WCB7BS+RPR44WH,2,18.89,8.89,2026-04-05 15:25:44,amazon Dcvoltage,false
1137631,202-9212506-7286716,AMAZON,B08VGPPCY1,,WCDTBM+RPR44WH,1,10.89,10.89,2026-04-05 15:33:37,amazon Dcvoltage,false
1137632,202-8573940-2621915,AMAZON,B0CSML6JMZ,,CRFF100CH2PK,1,13.89,13.89,2026-04-05 15:36:33,amazon Dcvoltage,false
1137642,203-5472345-3643524,AMAZON,B0CD2G3VX2,,LSMS320GR+RPR44WH,1,14.99,12.49,2026-04-05 15:57:27,amazon Ledsone,false
1137646,203-4664527-6135549,AMAZON,B0DK98XPXQ,,CRFF100FG,1,11.78,8.89,2026-04-05 15:59:05,amazon Dcvoltage,false
1137653,205-6560071-7144304,AMAZON,B0DBWJTYMJ,,CL2RIV5PK,1,13.99,13.99,2026-04-05 16:10:36,amazon Dcvoltage,false
1137654,202-7719161-0696354,AMAZON,B0C3ZT3VR1,,LSCY290CB+RPR44WH,1,15.89,13.24,2026-04-05 16:15:00,amazon Ledsone,false
1137667,202-0288589-2937118,AMAZON,B0CNLZ5SHL,,WCB4WH+RPR44WH,1,9.29,9.29,2026-04-05 16:26:28,amazon Dcvoltage,false
1137668,204-9206780-6969923,AMAZON,B0F48KSRDK,,RWWPSY0680YE,1,9.16,5.89,2026-04-05 16:27:02,amazon Dcvoltage,false
1137669,203-2382925-6604368,AMAZON,B0CL7X2J4P,,ENC5579,1,55.69,55.69,2026-04-05 16:28:09,amazon Dcvoltage,false
1137678,203-3722802-0574749,AMAZON,B0DH6D3YLY,,CL2TCR5PK,1,14.09,14.09,2026-04-05 16:30:29,amazon Dcvoltage,false
1137679,026-9911696-1250723,AMAZON,B0DBZHMXVT,,ENC7848,1,48.89,40.74,2026-04-05 16:32:36,amazon Ledsone,false
1137682,203-0873918-0933924,AMAZON,B0DMF2KF74,,ENC9307,1,27.29,22.74,2026-04-05 16:37:25,amazon Ledsone,false
1137684,204-0146440-4012319,AMAZON,B07QZQNMGK,,12RPIP45250,1,18.71,18.71,2026-04-05 16:41:44,amazon Dcvoltage,false
1137685,202-6181028-0021953,AMAZON,B08TX2837H,,LSMS320BI+RPR44WH,1,14.99,14.99,2026-04-05 16:42:01,amazon Dcvoltage,false
1137686,204-7256604-5873924,AMAZON,B07MBLMGLL,,CCBKNWE12,5,32.45,6.49,2026-04-05 16:42:02,amazon Dcvoltage,false
1137691,203-9481029-2672304,AMAZON,B0D83PFMTP,,WCDCBM3PK+RPR44WH3PK,1,24.29,24.29,2026-04-05 16:48:48,amazon Dcvoltage,false
1137692,026-3051218-6967511,AMAZON,B0D56WV9GR,,WCB7BS2PK+RPR44WH2PK,1,18.19,18.19,2026-04-05 16:55:26,amazon Dcvoltage,false
1137704,026-1967922-4529965,AMAZON,B0CMTNHL6L,,LDDCWE145,1,6.09,6.09,2026-04-05 17:28:06,amazon Dcvoltage,false
1137705,026-3066604-4787553,AMAZON,B0G3B4FM6X,,LSGD280AR+SCRN70FG,1,24.89,20.74,2026-04-05 17:22:01,amazon Ledsone,false
1137707,205-7391899-0415553,AMAZON,B0DX77S984,,CERU36300GR,2,8.47,2.32,2026-04-05 17:26:38,amazon Ledsone,false
1137712,204-3339924-6309944,AMAZON,B0CBPSK675,,WCB6BC2PK+RPR44WH2PK,1,16.94,16.94,2026-04-05 17:30:10,amazon Dcvoltage,false
1137713,204-4535451-1401908,AMAZON,B0DFHL7MZ1,,LSCY290BS+RPR44WH,1,15.89,15.89,2026-04-05 17:33:05,amazon Dcvoltage,false
1137728,202-2953677-3945902,AMAZON,B0F9X1D46L,,CL3RBMAPK,1,25.89,21.57,2026-04-05 17:50:05,amazon Ledsone,false
1137737,203-1076052-4861157,AMAZON,B0B7KCXV72,,CRFF105GB,1,7.32,7.32,2026-04-05 18:03:17,amazon Ledsone,false
1137738,203-1076052-4861157,AMAZON,B0C7CYXB9Y,,CNP1000GB3PK,1,12.32,12.32,2026-04-05 18:03:17,amazon Ledsone,false
1137739,202-5542044-2434726,AMAZON,B0B7SH5CPX,,PHSF1BWTSN,1,15.69,13.07,2026-04-05 18:09:06,amazon Ledsone,false
1137740,204-0889486-8663549,AMAZON,B0F9466PK8,,CL3TGL3PK,1,6.99,5.82,2026-04-05 18:08:04,amazon Ledsone,false
1137744,203-9767559-3266736,AMAZON,B0DH5XZQRB,,CL2TGD,1,5.09,5.09,2026-04-05 18:11:13,amazon Dcvoltage,false
1137745,206-5167039-1249155,AMAZON,B0GLGGJD2R,,LSGLFP245GR+RPM40WH,1,17.89,17.89,2026-04-05 18:17:11,amazon Dcvoltage,false
1137746,202-4161332-1709915,AMAZON,B084645W4S,,LDMST64E2783PK,1,12.89,10.74,2026-04-05 18:10:26,amazon Ledsone,false
1137747,204-5564157-3759566,AMAZON,B0DZDRQ53R,,CL2RBMAPK,1,19.79,16.49,2026-04-05 18:12:43,amazon Ledsone,false
1137749,202-8530968-6675514,AMAZON,B0F9X1D46L,,CL3RBMAPK,1,25.89,21.57,2026-04-05 18:14:42,amazon Ledsone,false
1137759,204-3405596-6301112,AMAZON,B0D2983TQX,,LSCY290WH+RPR44WH,3,47.67,13.24,2026-04-05 18:30:26,amazon Ledsone,false
1137762,203-8676393-9206728,AMAZON,B0DF7YYNC6,,HLCH96BM,6,32.37,4.49,2026-04-05 18:40:36,amazon Ledsone,false
1137767,203-7933933-6977963,AMAZON,B0CCHXR4X2,,SPSDP2WH3PK,1,14.09,11.74,2026-04-05 18:40:07,amazon Ledsone,false
1137769,202-3324405-4515525,AMAZON,B0DH4LFC25,,WCDCBM3PK+RPR44WH3PK,1,24.79,20.66,2026-04-05 18:43:13,amazon Ledsone,false
1137780,204-5117229-8166765,AMAZON,B0DH4KYFPD,,WCDTBM2PK+RPR44WH2PK,1,18.49,15.41,2026-04-05 18:55:28,amazon Ledsone,false
1137781,206-2159483-8985138,AMAZON,B0CHRVWSBM,,CL3RBM5PK,1,13.99,11.66,2026-04-05 18:58:43,amazon Ledsone,false
1137793,203-4414738-0263564,AMAZON,B0F9YQB852,,LSMS320SE+RPR44WH,1,14.99,12.49,2026-04-05 19:14:40,amazon Ledsone,false
1137807,203-1133787-5418710,AMAZON,B0DH6DFDSB,,CL2TGDAPK,1,20.99,20.99,2026-04-05 19:29:57,amazon Dcvoltage,false
1137808,202-6248511-0086712,AMAZON,B0CNPZ99QB,,LDMG80E274,1,6.49,6.49,2026-04-05 19:32:05,amazon Dcvoltage,false
1137810,203-4929327-6994739,AMAZON,B0CC9HMRPL,,LSDM220CO+RPR44WH,3,34.17,11.39,2026-04-05 19:39:17,amazon Dcvoltage,false
1137815,202-6446829-2863528,AMAZON,B0FQT4TVZL,,CRFF140BM+WSCH135BM+LSCY290GR,2,41.78,20.89,2026-04-05 19:47:01,amazon Dcvoltage,false
1137816,205-4060676-1043536,AMAZON,B0DSBPHK7T,,PLTFBC,1,19.79,16.49,2026-04-05 19:41:23,amazon Ledsone,false
1137821,203-2623887-9705150,AMAZON,B0CCYY9W4J,,CRFF500CH+PHHT1PCRCH3PK+WCWDCH3PK,1,38.99,32.49,2026-04-05 19:52:22,amazon Ledsone,false
1137822,202-3918972-2841962,AMAZON,B0GDDXB14R,,LDMT185E2732PK,1,10.99,9.16,2026-04-05 19:55:24,amazon Ledsone,false
1137827,203-0569829-2797150,AMAZON,B0DYT146SS,,RWWPSY0680YE,1,5.78,2.41,2026-04-05 20:08:06,amazon Ledsone,false
1137829,026-2472144-9489115,AMAZON,B0DFM7W6M3,,BSTS815GY,2,17.38,8.69,2026-04-05 20:04:56,amazon Dcvoltage,false
1137842,202-9971828-0099552,AMAZON,B0863BZR2Z,,PHSF1GDTYB2PK,1,18.89,15.74,2026-04-05 20:22:55,amazon Ledsone,false
1137843,205-8472102-9020315,AMAZON,B0D93QM7CS,,ENC5356,1,27.29,22.74,2026-04-05 20:22:17,amazon Ledsone,false
1137844,205-5480708-1454715,AMAZON,B07F9HBHVY,,LDMT45E274,1,5.89,5.89,2026-04-05 20:22:31,amazon Dcvoltage,false
1137845,206-8093834-7465930,AMAZON,B08WCLLY8P,,WCRPHE+RPR44WH,1,12.79,12.79,2026-04-05 20:23:40,amazon Dcvoltage,false
1137846,206-0843686-1965925,AMAZON,B0CNQ1MB3F,,LDMG125B228,1,9.99,9.99,2026-04-05 20:24:49,amazon Dcvoltage,false
1137858,205-0334649-9954718,AMAZON,B0F8QCBY49,,CERU36200BM,1,4.88,1.66,2026-04-05 20:31:08,amazon Ledsone,false
1137859,202-3941955-4449957,AMAZON,B0DF7D6QVZ,,CRSF120RR3PK,2,30.78,10.74,2026-04-05 20:37:10,amazon Ledsone,false
1137862,206-0231349-0733179,AMAZON,B07SBVWV79,,CRSF2003CH,1,11.89,11.89,2026-04-05 20:29:49,amazon Dcvoltage,false
1137863,203-2676661-7465159,AMAZON,B0F1D1YCKQ,,RWWPSY0630YE,1,4.38,1.49,2026-04-05 20:31:04,amazon Dcvoltage,false
1137867,204-9523304-8812318,AMAZON,B094VJWCF5,,PLADBC,1,50.89,42.41,2026-04-05 20:42:06,amazon Ledsone,false
1137868,205-4091212-5772338,AMAZON,B0CK7ZQFXV,,CRFF500BM+PHBK1PBRBA3PK+ICST64E273PK,1,35.99,29.99,2026-04-05 20:49:04,amazon Ledsone,false
1137869,205-3877296-8330753,AMAZON,B07CVCT7XN,,LDMG95E278,1,7.49,7.49,2026-04-05 20:48:35,amazon Dcvoltage,false
1137873,204-1432741-4954725,AMAZON,B08TX2837H,,LSMS320BI+RPR44WH,1,14.99,14.99,2026-04-05 20:55:19,amazon Dcvoltage,false
1137877,203-4388914-7113129,AMAZON,B0CLGWQTQF,,CRFF140RO+WSFSRO+ICST64E27,1,12.29,10.24,2026-04-05 21:09:49,amazon Ledsone,false
1137878,203-6393316-4571511,AMAZON,B0GDF2B3ML,,LDMT185E273,1,7.19,5.99,2026-04-05 21:10:44,amazon Ledsone,false
1137882,204-3034700-2179527,AMAZON,B08WJHR3FD,,CRSF100YB+LHNSE27YB+LSRP260YB,1,26.29,26.29,2026-04-05 21:18:12,amazon Dcvoltage,false
1137893,026-8000989-1969165,AMAZON,B0DPQG7KJ7,,ENC7892,1,42.59,35.49,2026-04-05 21:46:11,amazon Ledsone,false
1137900,202-2205657-8759554,AMAZON,B08XC1QT69,,CL3THEAPK,1,21.99,21.99,2026-04-05 22:03:41,amazon Dcvoltage,false
1137901,205-4212759-4469961,AMAZON,B0FQVCJCKP,,ENC9107,2,55.78,27.89,2026-04-05 22:07:37,amazon Dcvoltage,false
1137903,204-7944942-3027514,AMAZON,B0D2J19CPX,,ENC7081,1,51.89,51.89,2026-04-05 22:11:48,amazon Dcvoltage,false
1137904,203-9575183-0185923,AMAZON,B0C3ZTBRHZ,,LSCY290BM+RPR44WH,1,15.89,13.24,2026-04-05 22:15:58,amazon Ledsone,false
1137916,202-9931848-4353963,AMAZON,B09Z6SCCQ6,,CCBC18,4,27.64,5.76,2026-04-05 23:02:01,amazon Ledsone,false
1137921,026-9246270-7286721,AMAZON,B08XB16LF5,,PSDS4BMRRE,1,14.17,14.17,2026-04-05 23:28:21,amazon Dcvoltage,false
1137925,202-5369802-7966722,AMAZON,B0GDDXRR5K,,LDMT185E2735PK,1,18.99,15.82,2026-04-05 23:55:19,amazon Ledsone,false
1137926,203-3634835-4603525,AMAZON,B0CHBDSKK4,,WCDTRO+RPR44WH,1,11.69,11.69,2026-04-06 00:00:06,amazon Dcvoltage,false
1137930,205-6022323-1368333,AMAZON,B0CTC93TVC,,CRSF100BM+LHNSE27YB+SCRN70BM+LSFT220GS,2,41.78,20.89,2026-04-06 00:36:29,amazon Dcvoltage,false
1137931,205-5398871-3841953,AMAZON,B08XNN3SG3,,LSSS300BC+RPR44WH,1,13.49,13.49,2026-04-06 00:44:33,amazon Dcvoltage,false
1137932,206-4907810-6277156,AMAZON,B0C43MJXYS,,WCDTGR+RPR44WH,1,9.89,8.24,2026-04-06 00:38:27,amazon Ledsone,false
1137934,204-2400468-0425125,AMAZON,B0DPMRRK56,,12IP67102PK,1,10.28,7.39,2026-04-06 00:57:11,amazon SRM Amazon,false
1137940,202-5685652-5049128,AMAZON,B0CQNN266B,,PLTTRR+WCBNRR,1,24.89,24.89,2026-04-06 02:41:07,amazon Dcvoltage,false
1137991,202-6603204-6737147,AMAZON,B0C7H5VQW8,,LSFT220BB+RPR44WH,1,10.79,10.79,2026-04-06 05:27:57,amazon Dcvoltage,false
1138026,204-2459590-4769915,AMAZON,B0F7HS8TS8,,CKA12SC388WWH,1,20.89,17.41,2026-04-06 08:09:14,amazon Ledsone,false
1138027,026-7347073-8902759,AMAZON,B0D7944QDY,,WCB6BM2PK+RPR44WH2PK,1,16.49,13.74,2026-04-06 08:05:40,amazon Ledsone,false
1138028,204-2520715-0154701,AMAZON,B0CVL5MYFT,,LSTF400WH+RPR44WH,2,33.18,16.59,2026-04-06 08:04:33,amazon Dcvoltage,false
1138032,205-5925143-5929941,AMAZON,B0DB29BF1T,,CRFF75YB2PK,1,11.49,9.57,2026-04-06 08:19:11,amazon Ledsone,false
1138040,204-6548297-8188307,AMAZON,B08XXW4PKK,,WCB7BM+RPR44WH,1,12.38,9.49,2026-04-06 08:36:13,amazon Dcvoltage,false
1138053,203-5041875-6701960,AMAZON,B0DC471B8B,,WLFSWDBM,1,29.29,29.29,2026-04-06 08:51:30,amazon Dcvoltage,false
1138056,204-4393180-2745942,AMAZON,B0CGZQV9Y7,,LSMCSPFLMC+RPM40WH,1,24.89,20.74,2026-04-06 08:48:04,amazon Ledsone,false
1138062,204-9233705-2505150,AMAZON,B0F9VGB8S2,,CL3RGD3PK,1,6.79,5.66,2026-04-06 08:58:53,amazon Ledsone,false
1138064,205-7025686-0266751,AMAZON,B0D7969XMQ,,WCB6BB2PK+RPR44WH2PK,1,16.59,13.82,2026-04-06 09:04:55,amazon Ledsone,false
1138065,203-9926185-1408330,AMAZON,B0DH68T6PN,,CL2TBW3PK,2,15.98,7.99,2026-04-06 08:59:18,amazon Dcvoltage,false
1138075,205-3894651-6416300,AMAZON,B0BW9RPJ26,,LSLT360YE+RPR44WH,1,15.29,12.74,2026-04-06 09:20:45,amazon Ledsone,false
1138076,205-7825501-6215523,AMAZON,B0DCJZ9H8Y,,SPSDP3YB2PK,1,10.08,5.99,2026-04-06 09:17:44,amazon Ledsone,false
1138077,203-6667159-3221109,AMAZON,B0FXFMZLWV,,WCBCFBM2PK+RPR44WH2PK,1,25.89,21.57,2026-04-06 09:26:22,amazon Ledsone,false
1138093,026-9320368-5741960,AMAZON,B0FJ5J5T51,,CRSF100WH,1,8.88,5.99,2026-04-06 09:55:29,amazon Dcvoltage,false
1138106,203-2378148-3391536,AMAZON,B0DX6BP7GV,,CENU46450WH,2,11.07,3.24,2026-04-06 10:15:07,amazon Ledsone,false
1138116,204-0688177-7628359,AMAZON,B08NDF5WD2,,WCDTWH+RPR44WH,1,14.78,11.89,2026-04-06 10:23:39,amazon Dcvoltage,false
1138122,204-3989155-4737125,AMAZON,B0D298MYFM,,LSCY290GY+RPR44WH,2,32.18,13.41,2026-04-06 10:47:40,amazon Ledsone,false
1138128,205-0627966-1043566,AMAZON,B07K1ZLY5L,,LHCCE27BL+CGMLBM,1,6.31,6.31,2026-04-06 10:51:26,amazon Dcvoltage,false
1138138,203-4296439-8706726,AMAZON,B0CCHZNHT9,,SPSDP2WH,1,8.78,4.91,2026-04-06 11:07:16,amazon Ledsone,false
1138140,205-9214871-4728329,AMAZON,B0CTT9MRNT,,LSMS320SE+RPR44WH,1,14.99,14.99,2026-04-06 11:00:47,amazon Dcvoltage,false
1138141,026-1902109-9093129,AMAZON,B0CNJX1DV8,,WCB7WH+RPR44WH,1,9.89,9.89,2026-04-06 11:05:11,amazon Dcvoltage,false
1138147,206-0224983-9109962,AMAZON,B0CW5RLSQL,,CRFF105GB2PK,1,15.99,13.32,2026-04-06 11:10:15,amazon Ledsone,false
1138154,202-9282040-7065142,AMAZON,B0C6KJG9L8,,WCVCRE+RPR44WH,1,9.09,7.57,2026-04-06 11:21:49,amazon Ledsone,false
1138155,202-9467732-9480314,AMAZON,B08XXVD3TW,,WCB1BC+RPR44WH,1,10.19,10.19,2026-04-06 11:24:35,amazon Dcvoltage,false
1138156,202-6183908-6265969,AMAZON,B0CPBXFL7C,,LSCY290YE+RPR44WH,2,31.78,15.89,2026-04-06 11:26:10,amazon Dcvoltage,false
1138160,203-1307395-3921130,AMAZON,B0D93MZ6BS,,LBT6400GY+LBT1RBYE,1,15.99,13.32,2026-04-06 11:28:41,amazon Ledsone,false
1138161,206-8400199-1969947,AMAZON,B0CCHYSJWC,,SPSDP2YB,1,8.78,4.91,2026-04-06 11:29:23,amazon Ledsone,false
1138162,203-0891190-4461119,AMAZON,B0FY2HP9LJ,,PHUH0.5HETBM,1,10.99,9.16,2026-04-06 11:33:56,amazon Ledsone,false
1138164,026-7133820-3839569,AMAZON,B0863J112Z,,PHSF1BMTBM2PK,1,17.89,14.91,2026-04-06 11:35:18,amazon Ledsone,false
1138171,206-9150015-8582758,AMAZON,B0F43W5C1B,,LSCY290RO+RPR44WH,1,18.29,15.24,2026-04-06 11:47:04,amazon Ledsone,false
1138176,202-8054951-0697140,AMAZON,B0F9VDWTYX,,CL3RBM3PK,1,6.79,5.66,2026-04-06 11:49:51,amazon Ledsone,false
1138182,202-6254654-9371535,AMAZON,B0DCLXSHSN,,STMT4845WH,1,5.64,2.29,2026-04-06 12:05:19,amazon Ledsone,false
1138198,204-4577020-4609108,AMAZON,B0F29P1SH6,,CERU36150GR,1,4.58,1.41,2026-04-06 12:20:45,amazon Ledsone,false
1138200,026-3715464-4862732,AMAZON,B08XNN3SG3,,LSSS300BC+RPR44WH,8,107.92,13.49,2026-04-06 12:25:30,amazon Dcvoltage,false
1138203,203-7968916-1886748,AMAZON,B0CRZ2C9QS,,LSCY290RR+RPR44WH,2,31.78,15.89,2026-04-06 12:39:46,amazon Dcvoltage,false
1138204,204-6535438-2967569,AMAZON,B0CF28734Y,,WCB4BM+RPR44WH,1,8.99,7.49,2026-04-06 12:21:09,amazon Ledsone,false
1138210,026-5564324-3908336,AMAZON,B0DH96ZNZ4,,CL3TBR3PK,1,8.99,8.99,2026-04-06 12:43:27,amazon Dcvoltage,false
1138211,205-0017581-7128317,AMAZON,B095HZKGLN,,CRSF100SN+LHNSE27SN+SCRN70SN+LSOL220SN,1,18.89,15.74,2026-04-06 12:41:05,amazon Ledsone,false
1138212,202-3256455-2425948,AMAZON,B0FY2HP9LJ,,PHUH0.5HETBM,2,21.98,9.16,2026-04-06 12:44:54,amazon Ledsone,false
1138232,026-0361649-1219528,AMAZON,B08V5MK449,,CRSF100BM+PHHT1PBRBM+LSCY290BM,1,21.89,21.89,2026-04-06 13:25:11,amazon Dcvoltage,false
1138239,205-1360820-7569100,AMAZON,B08XVT2VKW,,WCB6WH+RPR44WH,2,20.98,10.49,2026-04-06 13:33:16,amazon Dcvoltage,false
1138256,202-8564734-4820343,AMAZON,B0DH937GL5,,CL3TCR5PK,1,11.99,11.99,2026-04-06 13:50:09,amazon Dcvoltage,false
1138259,205-9290970-4923509,AMAZON,B0CV5CYJFJ,,LDSG125MUE2742PK,1,17.89,14.91,2026-04-06 13:50:19,amazon Ledsone,false
1138260,205-2078303-5182751,AMAZON,B0DH4LFC25,,WCDCBM3PK+RPR44WH3PK,1,24.39,20.32,2026-04-06 13:51:01,amazon Ledsone,false
1138267,202-1377139-9171569,AMAZON,B0FQT4TVZL,,CRFF140BM+WSCH135BM+LSCY290GR,1,20.89,20.89,2026-04-06 13:59:04,amazon Dcvoltage,false
1138268,205-3031804-5921146,AMAZON,B0F1TJ463D,,CENU19150BM,1,4.04,1.09,2026-04-06 14:05:40,amazon Dcvoltage,false
1138269,203-0357286-2877933,AMAZON,B08XBYXQC6,,CL3TBRAPK,2,39.98,19.99,2026-04-06 14:07:02,amazon Dcvoltage,false
1138270,204-4854617-2409142,AMAZON,B0FPQZHKXS,,LDCWT75B22122PK,1,15.89,13.24,2026-04-06 14:03:08,amazon Ledsone,false
1138273,203-5854214-3425942,AMAZON,B084THNQKC,,LSRP260CO+RPR44WH,1,13.89,11.57,2026-04-06 14:10:12,amazon Ledsone,false
1138274,204-4825367-1581139,AMAZON,B0F2FYS1WB,,RWT570YE,1,12.29,10.24,2026-04-06 14:10:44,amazon Ledsone,false
1138276,204-0035022-5581926,AMAZON,B08L6515VT,,LDCWE2725,1,5.99,5.99,2026-04-06 14:17:05,amazon Dcvoltage,false
1138282,205-5565210-9013130,AMAZON,B0DHN6KFZL,,ENC787,1,26.19,21.82,2026-04-06 14:28:56,amazon Ledsone,false
1138284,206-3647098-5950711,AMAZON,B079ZV5MZL,,12IP6710,1,7.89,6.57,2026-04-06 14:30:59,amazon Ledsone,false
1138285,206-7665223-4492362,AMAZON,B0G49DDJ63,,WCCYSP180GD2PK+RPR44WH2PK,1,23.89,19.91,2026-04-06 14:28:19,amazon Ledsone,false
1138290,206-1939931-2549912,AMAZON,B095HZKGLN,,CRSF100SN+LHNSE27SN+SCRN70SN+LSOL220SN,1,18.89,15.74,2026-04-06 14:46:24,amazon Ledsone,false
1138301,206-4557725-9609132,AMAZON,B09479HV6W,,LDMG95E2783PK,1,17.89,14.91,2026-04-06 15:02:59,amazon Ledsone,false
1138306,206-1358114-4521146,AMAZON,B0DH5MZ4V2,,CL2TOR3PK,1,7.99,7.99,2026-04-06 15:10:54,amazon Dcvoltage,false
1138314,202-9532757-6719563,AMAZON,B0C9DPGRGD,,SPSDP2BM,1,5.69,5.69,2026-04-06 15:22:18,amazon Dcvoltage,false
1138324,202-6508316-5875567,AMAZON,B07ML2SH33,,12BO48,1,9.89,9.89,2026-04-06 15:33:29,amazon Dcvoltage,false
1138327,204-1937035-2773122,AMAZON,B0BLP2VGSC,,LDMST64E278APK,1,30.89,25.74,2026-04-06 15:46:11,amazon Ledsone,false
1138332,203-9781990-5437141,AMAZON,B0CBPQG9G7,,WCB6BM2PK+RPR44WH2PK,1,17.99,17.99,2026-04-06 15:49:12,amazon Dcvoltage,false
1138333,202-3550168-7117163,AMAZON,B0C9TWTCZ8,,LSCY210BG+RPR44WH,2,25.78,12.89,2026-04-06 15:56:42,amazon Dcvoltage,false
1138334,206-7338620-3592353,AMAZON,B0C3ZTBRHZ,,LSCY290BM+RPR44WH,3,47.67,13.24,2026-04-06 15:55:46,amazon Ledsone,false
1138341,202-4130731-3331527,AMAZON,B0DNK13F2V,,ENC5355,1,29.89,24.91,2026-04-06 16:06:26,amazon Ledsone,false
1138347,205-2449355-7453118,AMAZON,B0FR8C1X83,,PHUH1HETBM2PK+LSHM400HE2PK,1,63.99,63.99,2026-04-06 16:12:55,amazon Dcvoltage,false
1138348,202-5912836-8589150,AMAZON,B0D7S2XG6V,,LSMS320BI+RPR44WH,1,14.99,12.49,2026-04-06 16:11:38,amazon Ledsone,false
1138349,202-9803309-1710705,AMAZON,B0G49DDJ63,,WCCYSP180GD2PK+RPR44WH2PK,1,23.89,19.91,2026-04-06 16:08:36,amazon Ledsone,false
1138351,203-7310657-8433954,AMAZON,B08W5CY1TV,,CRSF100BM+WSLS155YB+SCRN70BM+LSFT220RE,1,15.89,15.89,2026-04-06 16:19:25,amazon Dcvoltage,false
1138352,206-5766984-2192346,AMAZON,B0CQT843J9,,LSDO210OR+RPR44WH,2,23.78,11.89,2026-04-06 16:26:19,amazon Dcvoltage,false
1138353,206-5766984-2192346,AMAZON,B0CQT71ZJ1,,LSDO210GR+RPR44WH,1,11.89,11.89,2026-04-06 16:26:19,amazon Dcvoltage,false
1138354,206-5766984-2192346,AMAZON,B0CQT6KV3H,,LSDO210GY+RPR44WH,1,11.89,11.89,2026-04-06 16:26:19,amazon Dcvoltage,false
1138355,206-5766984-2192346,AMAZON,B0CQT7FF6B,,LSDO210RE+RPR44WH,2,23.78,11.89,2026-04-06 16:26:19,amazon Dcvoltage,false
1138357,206-7176824-0765119,AMAZON,B0CY1TW68Y,,CRSF100BM+LHNSE27BM+LSTF400YE,2,41.78,17.41,2026-04-06 16:29:08,amazon Ledsone,false
1138362,026-2792277-4379506,AMAZON,B0FXFK62XH,,WCFL180RO2PK+RPR44WH2PK,1,24.49,20.41,2026-04-06 16:33:28,amazon Ledsone,false
1138371,026-9469154-1247521,AMAZON,B0CG21CP4J,,CRFF108BM+LHTKE27BA,1,10.99,9.16,2026-04-06 16:42:58,amazon Ledsone,false
1138372,202-9420219-3520355,AMAZON,B0F1CZT27Y,,RWWPSY0860YE,1,6.16,2.89,2026-04-06 16:42:50,amazon Dcvoltage,false
1138373,204-0216203-0943547,AMAZON,B0GS9DQFVZ,,SPPGUK3PWH4PK,1,9.38,6.49,2026-04-06 16:44:19,amazon Dcvoltage,false
1138379,205-3010526-1908310,AMAZON,B0C9DV894B,,SPSDP2YB,1,7.09,7.09,2026-04-06 16:49:57,amazon Dcvoltage,false
1138380,204-3633065-4571557,AMAZON,B0F945MW4Y,,CL3TGY3PK,1,10.28,5.82,2026-04-06 16:55:28,amazon Ledsone,false
1138395,203-7088860-8372331,AMAZON,B0BZDSH4D9,,CRFF105CH,1,7.41,7.41,2026-04-06 17:14:02,amazon Ledsone,false
1138396,203-7088860-8372331,AMAZON,B0CKSRCVKQ,,CRFF75CH,1,5.74,5.74,2026-04-06 17:14:02,amazon Ledsone,false
1138397,205-7830536-2461113,AMAZON,B0CVLFG3DT,,RWWPSY0840YE,1,5.88,2.49,2026-04-06 17:15:29,amazon Ledsone,false
1138413,205-1366225-4941165,AMAZON,B086228MDF,,LDMST64B2286PK,1,20.89,17.41,2026-04-06 17:21:00,amazon Ledsone,false
1138418,204-5844134-5227563,AMAZON,B0B82W84F2,,PHSF1AGRGB,1,13.89,11.57,2026-04-06 17:32:19,amazon Ledsone,false
1138419,206-2253236-0012312,AMAZON,B092DTV4GG,,PHCH1FBRBM+LSCY290BI,2,41.58,17.32,2026-04-06 17:34:20,amazon Ledsone,false
1138420,206-6295137-9077162,AMAZON,B07ZFWL5T1,,CRFF100GB+LHNSE27GB,2,27.78,13.89,2026-04-06 17:36:28,amazon Dcvoltage,false
1138421,203-9191180-8089932,AMAZON,B0FQVFP61X,,CRFF108BM+PHRI1PBRBA+LSCY290BI,2,43.78,21.89,2026-04-06 17:37:53,amazon Dcvoltage,false
1138422,202-0341780-7483504,AMAZON,B09WVSSVJ3,,12BO72,1,11.58,9.65,2026-04-06 17:41:54,amazon Ledsone,false
1138423,205-7955856-4120323,AMAZON,B0CBKNDQ65,,WCDTBM2PK+RPR44WH2PK,1,19.69,19.69,2026-04-06 17:44:04,amazon Dcvoltage,false
1138431,202-6377021-2950760,AMAZON,B0C43MJXYS,,WCDTGR+RPR44WH,1,9.89,8.24,2026-04-06 17:48:28,amazon Ledsone,false
1138435,026-4009224-6982704,AMAZON,B0F9YHFVDF,,CRSF100HBM+WSWR1PFTBM+RD30+WR+PSDS4RBM,1,17.99,17.99,2026-04-06 17:49:42,amazon Dcvoltage,false
1138436,203-7302783-7054709,AMAZON,B0DKNBKTGR,,LHCCE27WH,1,6.09,6.09,2026-04-06 17:52:11,amazon Dcvoltage,false
1138437,206-1041574-2065106,AMAZON,B0BX49LJ1B,,LSMS320GY+RPR44WH,1,19.99,14.99,2026-04-06 17:55:47,amazon Dcvoltage,false
1138443,205-0262803-7088338,AMAZON,B07L8HQG6Y,,CL3TGD5PK,1,14.99,14.99,2026-04-06 18:28:59,amazon Dcvoltage,false
1138453,206-1123971-5085951,AMAZON,B0D59SFQQL,,WCB6BM2PK+RPR44WH2PK,1,15.69,15.69,2026-04-06 18:10:22,amazon Dcvoltage,false
1138474,026-1238111-6044320,AMAZON,B0CQNKMFJH,,PLTFRR+ICST64E2740,1,21.99,21.99,2026-04-06 18:36:42,amazon Dcvoltage,false
1138475,204-6625616-7593958,AMAZON,B0CJCF5PCD,,LSSS300BG2PK+RPR44WH2PK,1,25.99,25.99,2026-04-06 18:37:48,amazon Dcvoltage,false
1138476,205-1530842-8242703,AMAZON,B09HN3STLT,,PHSF1PWR40WH+CGWDWO+LSBS160CB,1,18.89,15.74,2026-04-06 18:35:33,amazon Ledsone,false
1138482,204-5170906-9579546,AMAZON,B0CNQ1MB3F,,LDMG125B228,1,9.99,9.99,2026-04-06 18:42:06,amazon Dcvoltage,false
1138483,203-5084297-8998737,AMAZON,B0CCHZNHT9,,SPSDP2WH,1,8.78,4.91,2026-04-06 18:43:46,amazon Ledsone,false
1138488,026-7394280-3753967,AMAZON,B0F1D3YQPG,,RWWPSY10GY,1,2.49,2.49,2026-04-06 18:57:10,amazon Dcvoltage,false
1138489,026-7394280-3753967,AMAZON,B0F1D59PXR,,RWWPSY08GY,1,1.99,1.99,2026-04-06 18:57:10,amazon Dcvoltage,false
1138495,202-5600437-8767560,AMAZON,B0D93QM7CS,,ENC5356,8,218.32,22.74,2026-04-06 18:54:44,amazon Ledsone,false
1138496,026-7789012-2264352,AMAZON,B0B9Y5MRSK,,CL3TGD5PK,1,13.19,10.99,2026-04-06 19:01:45,amazon Ledsone,false
1138497,205-8180952-0173912,AMAZON,B0B2K963ZK,,LHC4E27WH,1,6.49,5.41,2026-04-06 19:02:27,amazon Ledsone,false
1138498,026-1613614-3762741,AMAZON,B0G2YDQLHT,,CRSF100YB+LHNSE27YB+SCRN70YB+LSTF40YB,1,26.59,21.59,2026-04-06 19:06:12,amazon Dcvoltage,false
1138506,205-2317564-3558768,AMAZON,B0FPQYM3KQ,,LDCWT75B22123PK,1,20.89,17.41,2026-04-06 19:14:09,amazon Ledsone,false
1138512,203-2382903-4789121,AMAZON,B0C43L42DK,,WCDTRE+RPR44WH,1,10.89,9.07,2026-04-06 19:21:50,amazon Ledsone,false
1138513,205-0242839-9702760,AMAZON,B0GLGGJD2R,,LSGLFP245GR+RPM40WH,1,17.89,17.89,2026-04-06 19:19:58,amazon Dcvoltage,false
1138524,205-9743724-7233155,AMAZON,B0CYZVX28V,,LSCY290CO2PK+RPR44WH2PK,1,29.89,29.89,2026-04-06 19:28:25,amazon Dcvoltage,false
1138525,206-9767453-2942728,AMAZON,B0GLGGJD2R,,LSGLFP245GR+RPM40WH,1,17.89,17.89,2026-04-06 19:36:42,amazon Dcvoltage,false
1138526,204-2624761-6733946,AMAZON,B0GR8XKW5B,,SPPGUK3PBM2PK,1,6.87,3.32,2026-04-06 19:30:05,amazon Ledsone,false
1138530,206-0777874-5540360,AMAZON,B0DF7BD73R,,CRSF100BM+PHRYWP1RBM,1,11.89,9.91,2026-04-06 19:42:07,amazon Ledsone,false
1138538,204-1528672-9918739,AMAZON,B0DTTKL6KX,,WCVCBM3PK+RPR44WH3PK,1,23.99,23.99,2026-04-06 19:59:55,amazon Dcvoltage,false
1138548,203-6348866-1614752,AMAZON,B0C7C8LWY9,,LSCY290NB+RPR44WH,1,16.09,16.09,2026-04-06 20:07:55,amazon Dcvoltage,false
1138550,206-3792006-6363501,AMAZON,B0F6775Q2J,,LSMCSQWYRE+RPM40WH,1,20.79,17.32,2026-04-06 20:04:57,amazon Ledsone,false
1138567,204-1721378-5953904,AMAZON,B0FVM8SNYC,,CERU72450BL,1,10.78,6.57,2026-04-06 20:13:37,amazon Ledsone,false
1138568,204-8072826-0989117,AMAZON,B07CQNWZ4P,,LDMG95B228,1,9.78,5.74,2026-04-06 20:18:18,amazon Ledsone,false
1138573,204-9983694-5509102,AMAZON,B0C9TJJ9XK,,ENC1908,2,43.78,21.89,2026-04-06 20:25:37,amazon Dcvoltage,false
1138574,202-2891701-3709927,AMAZON,B0917FL1ZD,,CRSF1203WH+PHTT1PWRGG3PK+SPSPWH3PK,2,41.72,20.86,2026-04-06 20:27:13,amazon Dcvoltage,false
1138575,205-1315733-5241102,AMAZON,B0G1TGXFF7,,CKKLBY,1,10.99,9.16,2026-04-06 20:24:20,amazon Ledsone,false
1138586,202-0517586-7125169,AMAZON,B0FZ98L16S,,ENC5732,1,48.39,48.39,2026-04-06 20:29:44,amazon SRM Amazon,false
1138587,202-1295271-0966738,AMAZON,B07MDRCBWP,,12BO72,1,20.79,20.79,2026-04-06 20:34:19,amazon Dcvoltage,false
1138588,026-6368767-9640350,AMAZON,B0F9YGXDD2,,ENC2435,1,19.99,19.99,2026-04-06 20:34:01,amazon Dcvoltage,false
1138597,026-7531372-6581961,AMAZON,B0DKNBKTGR,,LHCCE27WH,1,6.09,6.09,2026-04-06 20:48:17,amazon Dcvoltage,false
1138602,206-8196331-6457143,AMAZON,B0CPBX49HJ,,LSCY290GR+RPR44WH,1,14.99,14.99,2026-04-06 20:55:18,amazon Dcvoltage,false
1138611,203-6835800-2887543,AMAZON,B0D45Q2F5X,,CCBC32PK,1,8.89,7.41,2026-04-06 21:04:35,amazon Ledsone,false
1138612,204-0414193-5978742,AMAZON,B0CDBYCS9T,,WCB3WH+RPR44WH,1,11.19,9.32,2026-04-06 21:05:03,amazon Ledsone,false
1138613,206-2475825-8490769,AMAZON,B09477VMYH,,LDMG95E2785PK,1,24.89,20.74,2026-04-06 21:07:59,amazon Ledsone,false
1138614,206-8750892-4269904,AMAZON,B0B9Y5MRSK,,CL3TGD5PK,1,13.19,10.99,2026-04-06 21:11:58,amazon Ledsone,false
1138619,026-6865437-4921943,AMAZON,B0B8P9BKXB,,LDMG125E278,1,10.89,9.07,2026-04-06 21:18:45,amazon Ledsone,false
1138624,202-8336008-3055544,AMAZON,B0FXXCPV7L,,CKAP111BM,1,16.89,16.89,2026-04-06 21:20:00,amazon Dcvoltage,false
1138629,202-9126160-0044311,AMAZON,B08XC1QT69,,CL3THEAPK,2,43.98,21.99,2026-04-06 21:30:18,amazon Dcvoltage,false
1138630,026-8807558-7181125,AMAZON,B0F48PYKWX,,RWWPSY0860YE,1,8.77,5.79,2026-04-06 21:31:17,amazon Dcvoltage,false
1138631,202-8095142-7459557,AMAZON,B07ZFWL5T1,,CRFF100GB+LHNSE27GB,1,13.89,13.89,2026-04-06 21:38:29,amazon Dcvoltage,false
1138632,202-6397963-4891513,AMAZON,B094DL6WJK,,PLADRR,1,49.86,41.55,2026-04-06 21:28:55,amazon Ledsone,false
1138649,202-1747705-3537945,AMAZON,B0BLZHCRGZ,,LDMG95E2746PK,1,23.59,19.66,2026-04-06 21:52:15,amazon Ledsone,false
1138650,206-7188117-7802750,AMAZON,B09WJFXSD9,,CRFF140SN+WSNW170SN+LSOL220SN,2,39.78,16.57,2026-04-06 21:52:40,amazon Ledsone,false
1138652,203-8153350-8151528,AMAZON,B0CB89662N,,LSSS300CH+RPR44WH,1,14.89,14.89,2026-04-06 21:56:28,amazon Dcvoltage,false
1138655,204-4290400-1657950,AMAZON,B0F1TWK2YM,,LDMA60E274WW3PK,1,6.89,6.89,2026-04-06 22:03:03,amazon Dcvoltage,false
1138656,202-6386269-3156339,AMAZON,B0CRYBXR7Q,,WJCUNFJWH3PK,1,20.89,20.89,2026-04-06 22:04:52,amazon Dcvoltage,false
1138659,202-9010266-6286720,AMAZON,B0F9X1D46L,,CL3RBMAPK,1,25.89,21.57,2026-04-06 22:08:34,amazon Ledsone,false
1138660,204-2156153-1890700,AMAZON,B0GDDXRR5K,,LDMT185E2735PK,2,37.98,15.82,2026-04-06 22:12:39,amazon Ledsone,false
1138665,206-5794676-3587565,AMAZON,B0CN38WYDC,,CRSF1202BM+PHRY2PCRBM2PK,1,19.89,19.89,2026-04-06 22:08:39,amazon Dcvoltage,false
1138666,202-4416346-1051517,AMAZON,B0D6769L8H,,SPSDP2BM2PK,1,11.09,11.09,2026-04-06 22:10:49,amazon Dcvoltage,false
1138667,205-8493173-9905148,AMAZON,B0B2K8GM5T,,LHC3E27WH,1,6.89,5.74,2026-04-06 22:09:36,amazon Ledsone,false
1138668,205-6902489-8060361,AMAZON,B0CG21CP4J,,CRFF108BM+LHTKE27BA,1,10.99,9.16,2026-04-06 22:14:25,amazon Ledsone,false
1138670,206-5068597-7638726,AMAZON,B0CVGYLB25,,RWWPSY0860YE,1,8.68,5.79,2026-04-06 22:22:31,amazon Dcvoltage,false
1138671,026-3090176-4989941,AMAZON,B0BBGQX747,,CL2RRE5PK,1,15.89,15.89,2026-04-06 22:26:58,amazon Dcvoltage,false
1138672,202-3904361-6555558,AMAZON,B0G49DDJ63,,WCCYSP180GD2PK+RPR44WH2PK,1,23.89,19.91,2026-04-06 22:25:00,amazon Ledsone,false
1138673,203-4482131-7304328,AMAZON,B0C3HSXMCL,,PHSF1PWR20WH2PK+LSWE315RE2PK,1,35.69,29.74,2026-04-06 22:25:54,amazon Ledsone,false
1138682,204-7537096-6317960,AMAZON,B08X9WV762,,PSDS4BMRBU,1,14.17,14.17,2026-04-06 22:42:39,amazon Dcvoltage,false
1138683,026-6772416-0024316,AMAZON,B0DJBSQXTJ,,HLRK45BM5PK,1,12.58,8.07,2026-04-06 22:46:17,amazon Ledsone,false
1138684,204-1783777-3034702,AMAZON,B0F9VF8XYJ,,CL3RGY3PK,2,13.58,5.66,2026-04-06 22:48:19,amazon Ledsone,false
1138687,206-2595568-1541901,AMAZON,B0F7LTVVKM,,LSFT220BS2PK+RPR44WH2PK,1,20.09,20.09,2026-04-06 22:55:47,amazon Dcvoltage,false
1138689,204-9451916-1785137,AMAZON,B0CGD9N7BV,,CRSF100WH+PHRY2PCRWH+LDST45E274,1,17.47,14.56,2026-04-06 23:15:26,amazon Ledsone,false
1138690,205-2209847-2659541,AMAZON,B0D4VH1Z22,,CRFF140BM+WSWH135BM+LSDO210BC,8,162.32,20.29,2026-04-06 16:34:35,amazon Dcvoltage,false
1138696,205-2262334-9226714,AMAZON,B0D4YG1QFJ,,LDMG95E2783PK,1,12.19,12.19,2026-04-06 23:33:35,amazon Dcvoltage,false
1138697,205-3122770-2670746,AMAZON,B0F9YHZS4H,,CRSF100HBM+WSWR1PFTBM+RD30+WR+PSDS4BPB,2,35.98,17.99,2026-04-06 23:46:11,amazon Dcvoltage,false
1138700,205-2863394-5717143,AMAZON,B0D5BFHKBN,,LSMS320GY2PK+RPR44WH2PK,1,27.09,27.09,2026-04-07 00:08:43,amazon Dcvoltage,false
1138702,205-4382253-2620348,AMAZON,B0G1T7RX69,,CKAN1903BM,1,11.89,11.89,2026-04-07 00:12:23,amazon Dcvoltage,false
1138705,026-0957747-8624349,AMAZON,B0CBPSNZG5,,WCB4RR2PK+RPR44WH2PK,1,15.89,15.89,2026-04-07 00:14:20,amazon Dcvoltage,false
1138707,206-8704867-7293169,AMAZON,B0D2977G11,,LSCY290YB3PK+RPR44WH3PK,1,42.89,35.74,2026-04-07 00:37:57,amazon Ledsone,false
1138708,203-8018888-8109136,AMAZON,B0C9TWTCZ8,,LSCY210BG+RPR44WH,1,12.89,12.89,2026-04-07 00:46:37,amazon Dcvoltage,false
1138709,203-8018888-8109136,AMAZON,B0C9TY8GWK,,LSCY210BC+RPR44WH,1,10.89,10.89,2026-04-07 00:46:37,amazon Dcvoltage,false
1138710,203-0738923-3374723,AMAZON,B0B8P3Y7BD,,LDMA60B224CW,1,4.89,4.07,2026-04-07 00:40:02,amazon Ledsone,false
1138711,205-6812260-6384332,AMAZON,B0B8VVQSNV,,LDSG125LOE274,1,12.30,8.07,2026-04-07 00:45:01,amazon Ledsone,false
1138712,206-8829940-4612301,AMAZON,B0D9RWVC24,,CRSF100WH3PK,1,15.89,13.24,2026-04-07 00:48:57,amazon Ledsone,false
1138714,205-7783622-9433125,AMAZON,B08XVV335M,,WCB6BM+RPR44WH,1,10.49,10.49,2026-04-07 01:07:40,amazon Dcvoltage,false
1138785,205-6763285-1598708,AMAZON,B0CNQ1MB3F,,LDMG125B228,1,9.99,9.99,2026-04-07 03:06:29,amazon Dcvoltage,false
1138796,206-1331905-2467534,AMAZON,B0DFBMF3Q2,,WCDTRO3PK+RPR44WH3PK,1,24.29,24.29,2026-04-07 03:54:18,amazon Dcvoltage,false
1138802,026-3716785-7159539,AMAZON,B0FC1YZTFN,,SPSSDBMAPK,1,7.19,5.99,2026-04-07 04:24:17,amazon Ledsone,false
1138812,026-5123461-5953128,AMAZON,B0C37PWHDM,,CRFF105WH,1,10.78,6.57,2026-04-07 06:25:45,amazon Ledsone,false
1138822,205-5523140-8631547,AMAZON,B0DRP6CWSD,,LHSHE27BY2PK,1,10.89,10.89,2026-04-07 06:34:01,amazon SRM Amazon,false
1138833,204-7191035-0226739,AMAZON,B0CC8QHCJ8,,CRSF100SN+WSSS70SN+LSOL220SN+ICST64E27,1,21.89,21.89,2026-04-07 07:00:47,amazon Dcvoltage,false
1138843,202-9543436-5457123,AMAZON,B0CVKZ9NMV,,LSTF400WH2PK+RPR44WH2PK,1,31.98,31.98,2026-04-07 07:36:18,amazon Dcvoltage,false
1138851,026-0789494-2822744,AMAZON,B0CKWLHCCP,,CL3RGY5PK,1,13.89,13.89,2026-04-07 07:58:33,amazon Dcvoltage,false
1138857,026-2647457-6238705,AMAZON,B0GNYRK2GT,,LHXSHE27BM5PK,1,31.78,26.48,2026-04-07 08:16:48,amazon Ledsone,false
1138863,202-8484723-6425107,AMAZON,B0F7R54QXJ,,TSTLRUSRB4PK,1,19.29,19.29,2026-04-07 08:21:48,amazon Dcvoltage,false
1138880,206-9502821-2849919,AMAZON,B083TZC6WR,,CRFF500BM+PHHRE1HETHE3PK,1,23.89,19.91,2026-04-07 08:49:14,amazon Ledsone,false
1138885,202-5473748-5613960,AMAZON,B0BJ2XSYKT,,LDMG80E274APK,3,83.97,23.32,2026-04-07 09:06:13,amazon Ledsone,false
1138896,202-2464401-3486727,AMAZON,B0F28YR5JN,,LSCY290NB+RPR44WH,1,15.99,13.32,2026-04-07 09:19:46,amazon Ledsone,false
1138897,205-8500436-7287507,AMAZON,B0F7R7JVBK,,ENC8606,3,98.67,27.41,2026-04-07 09:21:48,amazon Ledsone,false
1138899,026-3289851-5143509,AMAZON,B0DMF2KF74,,ENC9307,1,27.29,22.74,2026-04-07 09:28:37,amazon Ledsone,false
1138900,205-6921791-9866758,AMAZON,B0DH9CFGZ1,,CL3TCR2PK,1,5.99,5.99,2026-04-07 09:22:52,amazon Dcvoltage,false
1138901,026-2318736-7500307,AMAZON,B0DDCFWBZW,,LDMST64B228,1,5.89,5.89,2026-04-07 09:22:17,amazon SRM Amazon,false
1138907,202-0236774-6909118,AMAZON,B0D2945NZS,,LSCY290CO2PK+RPR44WH2PK,1,32.89,27.41,2026-04-07 09:36:58,amazon Ledsone,false
1138909,026-5261628-7675538,AMAZON,B0CPBWXLWY,,LSCY290CB+RPR44WH,1,15.89,15.89,2026-04-07 09:32:37,amazon Dcvoltage,false
1138910,206-7893938-6531520,AMAZON,B08XXTCSSG,,WCB1WH+RPR44WH,1,10.89,10.89,2026-04-07 09:37:24,amazon Dcvoltage,false
1138915,026-8070497-1570748,AMAZON,B0FPFYTRVT,,LDCWGU1056PK,1,15.19,12.66,2026-04-07 09:40:05,amazon Ledsone,false
1138916,026-8677953-2265914,AMAZON,B0F28Z2V3F,,LSCY290GY+RPR44WH,1,15.89,13.24,2026-04-07 09:44:48,amazon Ledsone,false
1138923,206-2522843-5883500,AMAZON,B0D6KMPC9W,,LSCY290GB2PK+RPR44WH2PK,1,31.09,31.09,2026-04-07 09:54:58,amazon Dcvoltage,false
1138930,026-8378924-0692367,AMAZON,B0DXQ53JQF,,LSCY290CH2PK+RPR44WH2PK,2,55.78,23.24,2026-04-07 10:03:30,amazon Ledsone,false
1138931,205-0268002-2445937,AMAZON,B0CVGYZHM8,,CENU70450BM,1,9.78,5.74,2026-04-07 10:07:38,amazon Ledsone,false
1138951,204-7165810-8707506,AMAZON,B0CY2966V8,,ENC6534,1,19.89,16.57,2026-04-07 10:25:45,amazon Ledsone,false
1138952,202-6856699-6301920,AMAZON,B08W1S2WXK,,CRFF108BY+LHNSE27BY+LSDO300WH,1,19.69,19.69,2026-04-07 10:21:21,amazon Dcvoltage,false
1138954,203-5817485-0569105,AMAZON,B0DH94N7NN,,CL3TBL3PK,1,7.99,7.99,2026-04-07 10:27:15,amazon Dcvoltage,false
1138958,202-2426747-3557154,AMAZON,B0CCYWZVZM,,WCB1BM+RPR44WH,1,10.89,9.07,2026-04-07 10:28:52,amazon Ledsone,false
1138959,204-7438208-2029933,AMAZON,B0CXTF52PT,,ENC6524,2,45.38,22.69,2026-04-07 10:25:45,amazon Dcvoltage,false
1138964,206-0263309-2786775,AMAZON,B08VGPPCY1,,WCDTBM+RPR44WH,1,10.89,10.89,2026-04-07 10:43:09,amazon Dcvoltage,false
1138965,204-9599225-3341900,AMAZON,B08V5MK449,,CRSF100BM+PHHT1PBRBM+LSCY290BM,1,21.89,21.89,2026-04-07 10:40:52,amazon Dcvoltage,false
1138966,202-9450405-4810733,AMAZON,B0F2FQNWTJ,,LPSQ5W6PK,1,20.59,17.16,2026-04-07 10:40:11,amazon Ledsone,false
1138967,204-5364310-1681968,AMAZON,B0D794K9Y2,,WCB7BM2PK+RPR44WH2PK,1,17.29,14.41,2026-04-07 10:45:01,amazon Ledsone,false
1138968,202-1516244-5176309,AMAZON,B0BZPZ49Y8,,SLW8,1,8.78,4.91,2026-04-07 10:54:25,amazon Ledsone,false
1138980,205-5872687-7804304,AMAZON,B0D59MHSXN,,WCB3WH2PK+RPR44WH2PK,1,16.89,16.89,2026-04-07 10:50:50,amazon Dcvoltage,false
1138981,202-6958747-1698718,AMAZON,B07F9HBHVY,,LDMT45E274,1,5.89,5.89,2026-04-07 10:54:55,amazon Dcvoltage,false
1138986,203-2029783-2061905,AMAZON,B0863J112Z,,PHSF1BMTBM2PK,1,17.89,14.91,2026-04-07 10:59:12,amazon Ledsone,false
1138988,206-8089658-1929911,AMAZON,B0F29P1SH6,,CERU36150GR,10,19.79,1.41,2026-04-07 11:11:50,amazon Ledsone,false
1138993,203-5382038-8482760,AMAZON,B0DBLNXG2X,,CL3RYTAPK,1,19.49,19.49,2026-04-07 11:15:07,amazon Dcvoltage,false
1139000,205-9999553-0521958,AMAZON,B0DH652W5S,,CL2TORAPK,1,18.29,18.29,2026-04-07 11:27:09,amazon Dcvoltage,false
1139002,026-7673663-9367514,AMAZON,B0CVLD9WMD,,LSTF400OR2PK+RPR44WH2PK,6,155.64,21.62,2026-04-07 11:24:59,amazon Ledsone,false
1139043,205-0016311-0362766,AMAZON,B0FC1YZTFN,,SPSSDBMAPK,1,7.19,5.99,2026-04-07 11:46:32,amazon Ledsone,false
1139044,206-5097424-8151554,AMAZON,B0DCZLZ3J1,,CL2TIV5PK,1,12.49,10.41,2026-04-07 11:47:30,amazon Ledsone,false
1139045,202-7607778-9385123,AMAZON,B0CGRMRGR3,,CRSF100BM2PK+PHRNWP1RBM2PK+ICST64E272PK,2,55.78,23.24,2026-04-07 11:48:48,amazon Ledsone,false
1139047,205-9425156-3559541,AMAZON,B07MBLMGLL,,CCBKNWE12,1,6.49,6.49,2026-04-07 11:41:43,amazon Dcvoltage,false
1139048,206-0277329-6957937,AMAZON,B0FZCW7KC7,,LSHM300HE+RPR44WH,1,22.99,22.99,2026-04-07 11:44:15,amazon Dcvoltage,false
1139061,203-7741490-4080312,AMAZON,B097F5VZBL,,LHTRE27SN,1,7.89,6.57,2026-04-07 11:51:26,amazon Ledsone,false
1139068,202-5749941-4588355,AMAZON,B0C1K8NNTS,,LSCY290RO+RPR44WH,1,17.89,14.91,2026-04-07 12:01:37,amazon Ledsone,false
1139070,202-9681809-7518737,AMAZON,B092DTV4GG,,PHCH1FBRBM+LSCY290BI,1,20.79,17.32,2026-04-07 12:04:48,amazon Ledsone,false
1139071,205-6407641-2317921,AMAZON,B0BNW1NWB9,,ENC784,1,31.49,31.49,2026-04-07 11:59:22,amazon Dcvoltage,false
1139076,204-1127945-6441115,AMAZON,B0F1N9NWJS,,CL3RWX,3,4.50,1.25,2026-04-07 12:11:57,amazon Ledsone,false
1139087,203-2132848-6252322,AMAZON,B0FVM7K6SL,,CERU72350BL,2,10.18,5.09,2026-04-07 12:34:35,amazon Ledsone,false
1139088,203-2132848-6252322,AMAZON,B0FVMD24HC,,CERU72350GR,2,10.18,5.09,2026-04-07 12:34:35,amazon Ledsone,false
1139093,205-1385629-3185949,AMAZON,B0CSMJHGLG,,CRSF100BM2PK,1,10.89,10.89,2026-04-07 12:51:23,amazon Dcvoltage,false
1139094,026-7323712-3718754,AMAZON,B0GP8C3TRW,,LHPVHRE27WH,1,7.58,4.69,2026-04-07 12:52:56,amazon Dcvoltage,false
1139103,205-8958290-3375556,AMAZON,B07B2XHMK9,,12IP6720,1,9.88,5.82,2026-04-07 13:04:32,amazon Ledsone,false
1139114,205-5952110-5081932,AMAZON,B0F1D1YCKQ,,RWWPSY0630YE,1,4.38,1.49,2026-04-07 13:25:16,amazon Dcvoltage,false
1139117,204-0569946-4184351,AMAZON,B0CGZQV9Y7,,LSMCSPFLMC+RPM40WH,1,24.89,20.74,2026-04-07 13:32:59,amazon Ledsone,false
1139118,206-4759436-1609926,AMAZON,B0D4T8G1Q4,,WLFS220BM3PK,1,45.59,45.59,2026-04-07 13:36:55,amazon Dcvoltage,false
1139123,202-7591916-8180365,AMAZON,B09477YHK7,,LDMG95E278APK,1,35.19,29.32,2026-04-07 13:42:31,amazon Ledsone,false
1139134,026-2803591-1804314,AMAZON,B0CG928BJC,,WCFWROBM+RPR44WH,1,11.89,9.91,2026-04-07 14:03:26,amazon Ledsone,false
1139135,205-6976375-8179565,AMAZON,B0DH937VLZ,,CL3TCR3PK,1,8.99,8.99,2026-04-07 14:02:03,amazon Dcvoltage,false
1139137,204-5993734-1705939,AMAZON,B0CW61PFGT,,WMS2003A31,1,19.79,19.79,2026-04-07 14:07:19,amazon SRM Amazon,false
1139140,203-3805317-6122704,AMAZON,B09479HV6W,,LDMG95E2783PK,1,17.89,14.91,2026-04-07 14:12:11,amazon Ledsone,false
1139145,204-1765067-2879517,AMAZON,B08XNQPVSD,,LSSS300OR+RPR44WH,1,13.49,13.49,2026-04-07 14:25:36,amazon Dcvoltage,false
1139146,204-4491069-2637914,AMAZON,B07F9HBHVY,,LDMT45E274,3,16.44,5.48,2026-04-07 14:28:49,amazon Dcvoltage,false
1139147,204-1220215-2407523,AMAZON,B0D298QXXM,,LSCY290GY2PK+RPR44WH2PK,1,28.29,23.57,2026-04-07 14:26:30,amazon Ledsone,false
1139148,203-2141107-2388330,AMAZON,B091FQ57MJ,,CRFF140YB+WSNW170YB+LSOL220YB,2,39.38,16.41,2026-04-07 14:35:16,amazon Ledsone,false
1139161,206-6510214-3701918,AMAZON,B0CVN68ZJ5,,RWWPSYBF50GY,2,7.87,2.07,2026-04-07 14:59:04,amazon Ledsone,false
1139167,205-9227448-9600300,AMAZON,B08W5CZ4HH,,WSFS1BMYB+SCRN70BM+LSFT220BM,1,15.89,15.89,2026-04-07 15:44:19,amazon Dcvoltage,false
1139168,203-8343261-9947548,AMAZON,B09V5HRNWR,,PLDABM,2,207.78,86.57,2026-04-07 15:02:38,amazon Ledsone,false
1139173,204-8118968-7286707,AMAZON,B0F1CZT27Y,,RWWPSY0860YE,2,9.42,2.89,2026-04-07 15:13:07,amazon Dcvoltage,false
1139174,026-3840825-0621969,AMAZON,B095PNWV1J,,LSPG250AR+SCRN70FG,2,35.78,17.89,2026-04-07 15:15:33,amazon Dcvoltage,false
1139176,203-7073176-4049964,AMAZON,B0D7BZ726S,,LDSG125E274,3,44.97,12.49,2026-04-07 15:12:11,amazon Ledsone,false
1139184,203-8007712-0826714,AMAZON,B0CBC32WR9,,CRFF500BM+WCSC1BM3PK,1,31.89,31.89,2026-04-07 15:22:35,amazon Dcvoltage,false
1139185,206-9895794-5949923,AMAZON,B08XWSBPHW,,WCB1BM+RPR44WH,1,10.69,10.69,2026-04-07 15:18:18,amazon Dcvoltage,false
1139186,206-2651098-8372308,AMAZON,B0DH5MHK8S,,CL2TGR3PK,2,15.98,7.99,2026-04-07 15:23:51,amazon Dcvoltage,false
1139195,205-9943193-7676326,AMAZON,B0DRYRF1DH,,LHSHE27BA3PK,2,35.38,17.69,2026-04-07 15:45:42,amazon SRM Amazon,false
1139196,205-9227448-9600300,AMAZON,B08W5CZ4HH,,WSFS1BMYB+SCRN70BM+LSFT220BM,1,15.89,15.89,2026-04-07 15:44:19,amazon Dcvoltage,false
1139202,206-3200956-8733922,AMAZON,B08XWSBPHW,,WCB1BM+RPR44WH,1,10.69,10.69,2026-04-07 15:49:20,amazon Dcvoltage,false
1139205,204-5574425-0265154,AMAZON,B0CSMJHGLG,,CRSF100BM2PK,1,10.89,10.89,2026-04-07 16:05:02,amazon Dcvoltage,false
1139213,202-9186684-9277119,AMAZON,B095HZKGLN,,CRSF100SN+LHNSE27SN+SCRN70SN+LSOL220SN,1,18.89,15.74,2026-04-07 16:11:48,amazon Ledsone,false
1139219,206-7767241-3145143,AMAZON,B08FXRY7SB,,LSFT220YB+RPR44WH,1,10.89,10.89,2026-04-07 16:24:32,amazon Dcvoltage,false
1139226,204-3270598-3733142,AMAZON,B0DDC11VMP,,LSMCSPDRFL+RPM40WH,1,17.89,14.91,2026-04-07 16:32:50,amazon Ledsone,false
1139232,204-9902878-7741155,AMAZON,B07F9HBHVY,,LDMT45E274,2,11.78,5.89,2026-04-07 16:45:08,amazon Dcvoltage,false
1139234,203-3176660-6796338,AMAZON,B095HZKGLN,,CRSF100SN+LHNSE27SN+SCRN70SN+LSOL220SN,3,47.22,15.74,2026-04-07 16:41:06,amazon Ledsone,false
1139235,203-3176660-6796338,AMAZON,B09WJFXSD9,,CRFF140SN+WSNW170SN+LSOL220SN,2,33.14,16.57,2026-04-07 16:41:06,amazon Ledsone,false
1139242,206-2031156-3037136,AMAZON,B08VGPWXG1,,LSCY290OR+RPR44WH,1,15.49,15.49,2026-04-07 16:58:32,amazon Dcvoltage,false
1139243,202-1358115-8585951,AMAZON,B0CVL87QT7,,RWWPSY10120YE,1,10.38,6.24,2026-04-07 16:54:17,amazon Ledsone,false
1139257,204-1777082-3540341,AMAZON,B0F2FZKWDT,,RWT680YE,1,11.98,7.57,2026-04-07 17:19:46,amazon Ledsone,false
1139263,026-4239486-5221926,AMAZON,B0D28VPVKD,,LSCY290BI2PK+RPR44WH2PK,1,26.89,22.41,2026-04-07 17:21:29,amazon Ledsone,false
1139264,026-4256784-4796327,AMAZON,B0CY5JL6RF,,ENC6482,1,37.39,37.39,2026-04-07 17:23:21,amazon Dcvoltage,false
1139273,202-7707265-4699552,AMAZON,B0DCBPD3S6,,WLFS220BM,1,16.89,14.07,2026-04-07 17:38:59,amazon Ledsone,false
1139275,205-5731927-0699517,AMAZON,B0DTHKKQV6,,WCB7BM3PK+RPR44WH3PK,1,22.89,22.89,2026-04-07 17:43:55,amazon Dcvoltage,false
1139282,205-7575401-8080306,AMAZON,B0BX3YZZX5,,LSSS300OR+RPR44WH,1,14.99,12.49,2026-04-07 17:51:36,amazon Ledsone,false
1139288,205-4590227-3617901,AMAZON,B0FC6T7YHG,,CRSF100BM2PK+PHCH1BMRBM2PK+LSCY290BI2PK,1,36.99,30.82,2026-04-07 17:59:09,amazon Ledsone,false
1139291,203-8250691-3404300,AMAZON,B0BNNTZSBR,,LDMG125B2286PK,1,24.19,20.16,2026-04-07 18:12:50,amazon Ledsone,false
1139306,026-4774068-0017157,AMAZON,B0CSK6CPQR,,STFG4845WH,1,6.38,2.91,2026-04-07 18:29:40,amazon Ledsone,false
1139319,206-0700947-7642741,AMAZON,B0DCFP1CX8,,LDSG95DIE2746PK,1,35.19,29.32,2026-04-07 18:52:05,amazon Ledsone,false
1139327,203-9944991-9079512,AMAZON,B0CG21CP4J,,CRFF108BM+LHTKE27BA,1,10.99,9.16,2026-04-07 19:08:09,amazon Ledsone,false
1139339,204-0281951-2237133,AMAZON,B0D2LDGX7K,,LSCASN3EG3,1,49.89,49.89,2026-04-07 19:15:31,amazon Dcvoltage,false
1139343,202-2559435-4231564,AMAZON,B0DSC67GJ4,,PHSF1PBR20WH+LSWE315BY,6,113.34,15.74,2026-04-07 19:34:27,amazon Ledsone,false
1139344,204-2280138-6072366,AMAZON,B0DRCP85V8,,LDMT45E2742PK,1,11.99,11.99,2026-04-07 19:21:43,amazon SRM Amazon,false
1139358,204-8982458-1941104,AMAZON,B0DHZ7T6J1,,LSCY290OR+RPR44WH,1,15.89,15.89,2026-04-07 19:41:52,amazon Dcvoltage,false
1139359,026-2650727-8241105,AMAZON,B0DC471B8B,,WLFSWDBM,1,29.29,29.29,2026-04-07 19:47:18,amazon Dcvoltage,false
1139360,204-7828294-6751551,AMAZON,B0G1T9C4HB,,CKA17ATC4441BL,1,15.09,15.09,2026-04-07 19:47:50,amazon Dcvoltage,false
1139369,203-5719232-6766705,AMAZON,B0B8P9BKXB,,LDMG125E278,1,10.89,9.07,2026-04-07 19:49:13,amazon Ledsone,false
1139379,206-0070461-3485157,AMAZON,B0GLWWJT8F,,PLHNBC,2,27.78,11.57,2026-04-07 19:55:04,amazon Ledsone,false
1139380,026-6391582-8134714,AMAZON,B098QLN1W3,,CCBC7,1,5.89,4.91,2026-04-07 20:04:19,amazon Ledsone,false
1139386,206-1481770-1567563,AMAZON,B0DCDSZ719,,LDSG95DIE2743PK,1,23.89,19.91,2026-04-07 20:17:39,amazon Ledsone,false
1139388,202-8513887-6178734,AMAZON,B0D6G95W8W,,CSBEB9BM+CSBEB9GY,1,10.09,10.09,2026-04-07 20:13:38,amazon Dcvoltage,false
1139390,205-6369968-1845923,AMAZON,B0CLGVKXY6,,CRFF140GB2PK+WSFSGB2PK+ICST64E272PK,1,24.89,20.74,2026-04-07 20:24:35,amazon Ledsone,false
1139392,206-1877456-4484369,AMAZON,B09N42ML1S,,ENC8965,1,19.99,16.66,2026-04-07 20:19:00,amazon Ledsone,false
1139402,204-7476353-2175530,AMAZON,B07SBVWV79,,CRSF2003CH,1,11.89,11.89,2026-04-07 20:33:37,amazon Dcvoltage,false
1139410,206-5137011-4205926,AMAZON,B0D4YTSLXW,,LLROCW52PK,1,10.49,10.49,2026-04-07 20:39:52,amazon SRM Amazon,false
1139415,026-5049147-1725135,AMAZON,B0CNLYZ9BL,,CRFF140GL+LHNSE27YB+SCRN70BM+LSFT220BC,1,19.89,16.57,2026-04-07 20:49:54,amazon Ledsone,false
1139420,203-1745957-1573153,AMAZON,B07L8FYSD3,,CL3TRO5PK,1,15.99,15.99,2026-04-07 21:00:20,amazon Dcvoltage,false
1139424,202-3221659-4767547,AMAZON,B0DQL37SV7,,ENC8011,1,36.99,30.82,2026-04-07 21:09:16,amazon Ledsone,false
1139429,206-5854154-4317167,AMAZON,B0D53G5D93,,WCB3WH2PK+RPR44WH2PK,1,19.98,19.98,2026-04-07 21:21:47,amazon Dcvoltage,false
1139430,203-2181471-5731535,AMAZON,B09477YHK7,,LDMG95E278APK,1,35.19,29.32,2026-04-07 21:21:08,amazon Ledsone,false
1139432,204-8457347-6460361,AMAZON,B0CCB1G1MW,,PHSF1PWR20WH+CGWDWO+LSWE315GY,1,23.89,19.91,2026-04-07 21:22:59,amazon Ledsone,false
1139435,203-7394120-6749966,AMAZON,B0FXMJ6W52,,WCB7BM5PK+RPR44WH5PK,1,37.19,37.19,2026-04-07 21:36:38,amazon Dcvoltage,false
1139439,026-1204728-1561934,AMAZON,B0GTJ5P1KW,,LSGL10014CL5PK+RPM40WH5PK,1,40.89,40.89,2026-04-07 21:39:15,amazon Dcvoltage,false
1139442,204-2079270-3617124,AMAZON,B0B4BGQRQL,,PSDS2BMRBR,2,23.98,9.99,2026-04-07 21:44:12,amazon Ledsone,false
1139443,203-5148209-3985120,AMAZON,B0933GP8K7,,PHSF1PWR40WH+LSBS160GY,2,35.88,14.95,2026-04-07 15:09:48,amazon Ledsone,false
1139444,205-2684369-1261937,AMAZON,B0DCKGXY3N,,STFG4845WH2PK,1,7.58,3.91,2026-04-07 21:49:02,amazon Ledsone,false
1139450,026-8746693-6000369,AMAZON,B0FTZGFN4K,,WCFL180BM+RPR44WH,1,13.89,11.57,2026-04-07 21:51:11,amazon Ledsone,false
1139451,204-8890873-1797117,AMAZON,B0B7KCXV72,,CRFF105GB,1,11.68,7.32,2026-04-07 21:56:28,amazon Ledsone,false
1139452,203-4277293-5569910,AMAZON,B07KRBFR5R,,NF5050GR,1,17.29,17.29,2026-04-07 21:50:27,amazon Dcvoltage,false
1139453,202-5132399-3618720,AMAZON,B0DH6B67H8,,CL2TAG3PK,1,7.99,7.99,2026-04-07 21:50:27,amazon Dcvoltage,false
1139454,026-3913985-9993908,AMAZON,B0F2FYS1WB,,RWT570YE,1,12.29,10.24,2026-04-07 22:04:59,amazon Ledsone,false
1139462,205-6437068-5917953,AMAZON,B0DXQ8X5GT,,LSCY290GC2PK+RPR44WH2PK,1,25.89,21.57,2026-04-07 22:24:07,amazon Ledsone,false
1139463,205-4727264-1573160,AMAZON,B0CKSTLS8P,,CRFF75SN,1,9.78,5.74,2026-04-07 22:31:01,amazon Ledsone,false
1139475,206-8238297-3753154,AMAZON,B0DH9H7ZCM,,CL3TGL3PK,1,8.99,8.99,2026-04-07 22:51:55,amazon Dcvoltage,false
1139478,026-7385973-1479546,AMAZON,B0BX4B6F3W,,LSMS320GR+RPR44WH,1,14.99,14.99,2026-04-07 23:17:55,amazon Dcvoltage,false
1139479,203-3916308-2876346,AMAZON,B0GR8KX976,,SPPGUK3PBR2PK,1,6.87,3.32,2026-04-07 23:04:48,amazon Ledsone,false
1139481,203-7310301-8221142,AMAZON,B0C9DPGRGD,,SPSDP2BM,1,5.69,5.69,2026-04-07 23:18:52,amazon Dcvoltage,false
1139491,206-6155102-3370734,AMAZON,B0CVGQ8N3K,,RWWPSY0640YE,1,4.78,1.89,2026-04-08 00:27:58,amazon Dcvoltage,false
1139494,026-9464515-7025948,AMAZON,B0CTC7XPNX,,CRSF100BM+LHNSE27YB+SCRN70BM+LSFT220BG,1,18.89,18.89,2026-04-08 00:47:41,amazon Dcvoltage,false
1139497,205-2746037-2670759,AMAZON,B0D6GL3J79,,CRSF100BC+PHNW1RBC,1,14.89,14.89,2026-04-08 01:15:12,amazon Dcvoltage,false
1139498,204-1232203-5062751,AMAZON,B0F8QCBY49,,CERU36200BM,1,4.88,1.66,2026-04-08 01:29:59,amazon Ledsone,false
1139526,204-8134197-1468366,AMAZON,B0CV7V5618,,RWGS1342WH,1,6.48,2.99,2026-04-08 04:01:50,amazon Ledsone,false
1139585,204-1237172-4861933,AMAZON,B0CGRJ1V8L,,TPOSBDBM,1,25.89,25.89,2026-04-08 06:25:25,amazon Dcvoltage,false
1139592,202-1179229-1957941,AMAZON,B0DCKWL469,,STFG4845WH,1,6.38,2.91,2026-04-08 07:14:57,amazon Ledsone,false
1139599,202-2765248-2657137,AMAZON,B0FB3XP2NN,,LDMC35E1444PK,1,18.85,15.71,2026-04-08 07:20:15,amazon Ledsone,false
1139604,203-5490092-6153110,AMAZON,B0F8QCCLMM,,CERU80300BM,1,7.88,4.16,2026-04-07 21:25:30,amazon Ledsone,false
1139611,202-7861391-7787507,AMAZON,B0D5B68326,,WCDTGD2PK+RPR44WH2PK,1,20.89,20.89,2026-04-08 07:42:27,amazon Dcvoltage,false
1139612,026-3471498-0751511,AMAZON,B0CL7X2J4P,,ENC5579,1,55.69,55.69,2026-04-08 07:43:09,amazon Dcvoltage,false
1139613,206-0744412-7661119,AMAZON,B0DP264BLC,,12UK3P10A,1,18.29,18.29,2026-04-08 07:45:14,amazon Dcvoltage,false
1139614,206-0744412-7661119,AMAZON,B0DP264BLC,,12UK3P10A,1,18.29,18.29,2026-04-08 07:45:14,amazon Dcvoltage,false
1139621,205-6748428-7938754,AMAZON,B0CW3FD87K,,LDSG125MUE274,1,8.49,8.49,2026-04-08 07:57:02,amazon Dcvoltage,false
1139630,202-8464997-7413905,AMAZON,B08FXD3Z3F,,LSFT220FG,1,10.79,10.79,2026-04-08 08:18:41,amazon Dcvoltage,false
1139632,206-0804744-9993910,AMAZON,B08V5MK449,,CRSF100BM+PHHT1PBRBM+LSCY290BM,2,43.78,21.89,2026-04-07 20:51:50,amazon Dcvoltage,false
1139635,205-3557100-4063554,AMAZON,B0F2919THD,,LSCY290CO+RPR44WH,2,37.78,15.74,2026-04-08 08:37:21,amazon Ledsone,false
1139636,202-7719599-8625114,AMAZON,B0C2CYD3BQ,,ENC7380,1,20.89,17.41,2026-04-08 08:38:13,amazon Ledsone,false
1139643,202-5879865-8561149,AMAZON,B0C58X5ZZL,,CRSF2003BM+PHSW1PBRBM3PK+LSFT220GR3PK,1,30.99,30.99,2026-04-08 09:08:24,amazon Dcvoltage,false
1139647,204-4057614-7733112,AMAZON,B09L8K1Q8T,,CRSF100BM+PHCH1BMRBM+LSDO400YE,4,87.56,18.24,2026-04-08 09:13:00,amazon Ledsone,false
1139649,205-7841299-7613907,AMAZON,B0DBLR43DF,,CL3RSIAPK,1,15.09,15.09,2026-04-08 09:09:14,amazon Dcvoltage,false
1139652,206-5140324-4519567,AMAZON,B0F32XTV5C,,RWWPSN08GY,1,5.78,2.41,2026-04-08 09:22:02,amazon Ledsone,false
1139653,204-0202819-7219528,AMAZON,B0CSFHQ8Y7,,STMT4845WH,4,13.89,2.29,2026-04-08 09:24:38,amazon Ledsone,false
1139655,204-8856482-6449129,AMAZON,B0CYZVX28V,,LSCY290CO2PK+RPR44WH2PK,1,29.89,29.89,2026-04-08 09:31:14,amazon Dcvoltage,false
1139656,204-8856482-6449129,AMAZON,B0CXPT6W9C,,LSCY290RO2PK+RPR44WH2PK,1,28.89,28.89,2026-04-08 09:31:14,amazon Dcvoltage,false
1139657,202-5712187-6825948,AMAZON,B0CPBXF168,,LSCY290BU+RPR44WH,1,15.89,15.89,2026-04-08 09:30:16,amazon Dcvoltage,false
1139659,205-8563689-5293916,AMAZON,B08RYTP5WV,,HRE2738WH2PK,1,3.80,0.91,2026-04-08 09:39:20,amazon SRM Amazon,false
1139661,206-3492620-2990768,AMAZON,B0G2Y99L5B,,ENC8104,1,18.79,18.79,2026-04-08 09:46:39,amazon Dcvoltage,false
1139662,206-5174598-7722717,AMAZON,B0DBWL4YQ5,,CL2RAGAPK,1,15.99,15.99,2026-04-08 09:46:37,amazon Dcvoltage,false
1139667,206-2546481-3000325,AMAZON,B0CLGVRD97,,CRFF140BM+WSFSBA,1,11.49,9.57,2026-04-08 09:58:06,amazon Ledsone,false
1139668,203-7578659-5065127,AMAZON,B0BWYNCFHR,,CRSF100BM+PHCH1PBRSBM+LSHQ150BM,3,59.67,16.57,2026-04-08 10:04:30,amazon Ledsone,false
1139669,205-5078308-6408332,AMAZON,B0CVL7YH8V,,RWT680YE,1,11.89,11.89,2026-04-08 10:06:30,amazon Dcvoltage,false
1139671,206-5822031-8028314,AMAZON,B0FVMDMLND,,CERU36150RE,1,1.24,1.24,2026-04-08 10:14:46,amazon Ledsone,false
1139672,206-5822031-8028314,AMAZON,B0FVMCY494,,CERU36150YE,1,1.24,1.24,2026-04-08 10:14:46,amazon Ledsone,false
1139678,204-6768926-3335504,AMAZON,B0DGQM511D,,LSLT360BC2PK+RPR44WH2PK,1,18.49,15.41,2026-04-08 10:19:19,amazon Ledsone,false
1139680,026-6089566-9413940,AMAZON,B0B7SH5CPX,,PHSF1BWTSN,1,15.69,13.07,2026-04-08 10:26:27,amazon Ledsone,false
1139687,204-9138233-5645108,AMAZON,B0GLFZ9BSJ,,LSGLFP245BR+RPM40WH,1,17.89,17.89,2026-04-08 10:37:59,amazon Dcvoltage,false
1139693,204-9905716-5984309,AMAZON,B0DHGM5NP4,,LSCY290WH2PK+RPR44WH2PK,1,26.89,22.41,2026-04-08 10:48:03,amazon Ledsone,false
1139699,202-0556602-6047531,AMAZON,B0C9TJPM1H,,ENC1911,1,18.89,18.89,2026-04-08 10:50:24,amazon Dcvoltage,false
1139710,205-1288447-9668310,AMAZON,B0D9RVLLF7,,WCDTWH3PK+RPR44WH3PK,1,23.89,19.91,2026-04-08 11:17:34,amazon Ledsone,false
1139724,026-5573150-1941143,AMAZON,B0DH97LF88,,CL3TBP5PK,1,10.39,10.39,2026-04-08 11:28:27,amazon Dcvoltage,false
1139725,204-3589328-2013925,AMAZON,B093WZG38Q,,HLHG120CH,2,5.18,2.59,2026-04-08 11:31:10,amazon Dcvoltage,false
1139726,026-3450887-6003530,AMAZON,B0CNJX1DV8,,WCB7WH+RPR44WH,1,9.89,9.89,2026-04-08 11:31:08,amazon Dcvoltage,false
1139728,203-7857785-6434725,AMAZON,B0FB3Z3LXV,,LDMC35E1447PK,2,65.98,27.49,2026-04-08 11:39:34,amazon Ledsone,false
1139736,204-4720894-6650768,AMAZON,B0BC1C3JHF,,CL3RWHAPK,1,24.29,20.24,2026-04-08 11:48:13,amazon Ledsone,false
1139737,203-0509639-2839539,AMAZON,B0DTZ1D4QX,,LSTL260BG,1,13.09,10.91,2026-04-08 11:49:09,amazon Ledsone,false
1139738,202-0141671-2757104,AMAZON,B0DQTF5T69,,LHTTAGU10WH+LDGU10WW5,4,42.28,8.81,2026-04-08 11:53:26,amazon Ledsone,false
1139739,205-8657476-8568314,AMAZON,B0DH9H7ZCM,,CL3TGL3PK,1,8.99,8.99,2026-04-08 11:58:10,amazon Dcvoltage,false
1139741,203-4351468-0819550,AMAZON,B0GDDXRR5K,,LDMT185E2735PK,1,18.99,15.82,2026-04-08 12:06:02,amazon Ledsone,false
1139742,205-1255004-5138752,AMAZON,B0D571W4XR,,WCB6BB2PK+RPR44WH2PK,1,16.89,16.89,2026-04-08 12:15:20,amazon Dcvoltage,false
1139743,026-6701603-1261150,AMAZON,B0CBPSWQ16,,WCB6WH2PK+RPR44WH2PK,1,18.39,18.39,2026-04-08 12:17:51,amazon Dcvoltage,false
1139767,026-2188237-5110703,AMAZON,B0F1CL86YS,,CRFF4002BM,1,10.19,8.49,2026-04-08 12:38:07,amazon Ledsone,false
1139768,202-7841427-1592334,AMAZON,B07CJNZCFN,,5IP2050,1,8.99,8.99,2026-04-08 12:32:25,amazon Dcvoltage,false
1139769,204-9577095-7857962,AMAZON,B0D73JHB8R,,LDST185B224,2,12.89,6.44,2026-04-08 12:38:29,amazon Dcvoltage,false
1139774,203-1201121-1703560,AMAZON,B07CRTS1LD,,12IP67100,1,18.00,18.00,2026-04-08 12:46:19,amazon Dcvoltage,false
1139775,202-4562092-9504319,AMAZON,B0CGRQCV7Y,,CRSF100BM+PHRNWP2RBM+ICST64E27,1,13.79,11.49,2026-04-08 12:46:16,amazon Ledsone,false
1139776,202-2290224-2601927,AMAZON,B0CCB1G1MW,,PHSF1PWR20WH+CGWDWO+LSWE315GY,1,23.89,19.91,2026-04-08 12:46:16,amazon Ledsone,false
1139777,204-8882506-2748302,AMAZON,B08P7HRL5X,,WCBKHE+RPR44WH,1,15.69,15.69,2026-04-08 12:42:45,amazon SRM Amazon,false
1139781,205-4786617-9444317,AMAZON,B0G5XKH1QH,,CRSF2003SN+PHNW1RBS3PK+ICST64E273PK,1,33.89,33.89,2026-04-08 12:52:23,amazon Dcvoltage,false
1139788,206-4328468-0524341,AMAZON,B0DTPHMRW8,,WCB2WH3PK+RPR44WH3PK,1,22.89,19.07,2026-04-08 13:06:57,amazon Ledsone,false
1139793,026-5240542-0566746,AMAZON,B0GP73VLM8,,LHPVHRE27WH,1,4.69,3.91,2026-04-08 13:09:55,amazon Ledsone,false
1139794,205-0772869-4673147,AMAZON,B0CBPT4SV4,,WCB7BS2PK+RPR44WH2PK,1,17.89,17.89,2026-04-08 13:19:03,amazon Dcvoltage,false
1139809,206-5041419-9889907,AMAZON,B0CBKFJ1FB,,PHSF2GDTFG+SPSDP2YB,1,15.69,13.07,2026-04-08 13:20:08,amazon Ledsone,false
1139810,203-1883943-7583564,AMAZON,B0DCHCW1WK,,STND242RE3PK,3,13.36,2.91,2026-04-08 13:23:58,amazon Ledsone,false
1139811,203-8620958-8321150,AMAZON,B0DH5W4FZL,,CL2TCR2PK,1,6.99,6.99,2026-04-08 13:25:55,amazon Dcvoltage,false
1139818,202-0652771-1043503,AMAZON,B0FL7BRGF4,,PHSF2GDTYB2PK+ICST64E272PK,2,57.78,28.89,2026-04-08 13:30:43,amazon Dcvoltage,false
1139819,202-0652771-1043503,AMAZON,B0D45236MW,,PHSF2GDTYB+ICST64E27,1,16.89,16.89,2026-04-08 13:30:43,amazon Dcvoltage,false
1139833,204-2776742-5529932,AMAZON,B0F32VG78J,,RWWPSN10GY,1,2.32,2.32,2026-04-08 14:10:29,amazon Ledsone,false
1139834,204-2776742-5529932,AMAZON,B0F32XTV5C,,RWWPSN08GY,1,2.41,2.41,2026-04-08 14:10:29,amazon Ledsone,false
1139835,204-0503540-1573921,AMAZON,B0FTZGFN4K,,WCFL180BM+RPR44WH,1,13.89,11.57,2026-04-08 14:17:42,amazon Ledsone,false
1139836,204-2672838-0136318,AMAZON,B09Z6P8H29,,LDCWA60HB227,3,15.16,3.41,2026-04-08 14:25:24,amazon Ledsone,false
1139840,203-6620273-2585944,AMAZON,B097F53DQY,,LHTRE27BN,1,9.49,7.91,2026-04-08 14:18:44,amazon Ledsone,false
1139841,202-6429811-5372325,AMAZON,B0F9X1GLK8,,CL3THEAPK,1,20.99,17.49,2026-04-08 14:23:57,amazon Ledsone,false
1139846,204-6450363-2125163,AMAZON,B0FB2SG831,,PHSF1BMRYB+ICST64E27,1,15.89,13.24,2026-04-08 14:41:01,amazon Ledsone,false
1139847,204-3845268-1274715,AMAZON,B0F8QCBY49,,CERU36200BM,1,4.88,1.66,2026-04-08 14:46:17,amazon Ledsone,false
1139852,206-9010979-6336337,AMAZON,B0DX789D74,,CERU36300YE,1,5.88,2.49,2026-04-08 14:51:34,amazon Ledsone,false
1139853,203-8526583-8755526,AMAZON,B0DQ8QN1KV,,CRSF100CO2PK+LHNSE27CO2PK+LSSS300CO2PK,1,44.99,44.99,2026-04-08 15:01:59,amazon SRM Amazon,false
1139858,206-9763542-0565106,AMAZON,B0FL78SFWP,,PHSF2GDTFG2PK+ICST64E272PK,2,57.78,28.89,2026-04-08 15:04:53,amazon Dcvoltage,false
1139874,203-9751358-6600319,AMAZON,B0D56ZN8NP,,WCB7WH2PK+RPR44WH2PK,1,15.89,15.89,2026-04-08 15:32:03,amazon Dcvoltage,false
1139879,202-5651105-0135533,AMAZON,B0D299JDV6,,LSCY290YB+RPR44WH,1,17.89,14.91,2026-04-08 16:06:59,amazon Ledsone,false
1139887,205-9471434-5880322,AMAZON,B08XNPN8YG,,LSSS300BI+RPR44WH,3,40.47,13.49,2026-04-08 15:42:13,amazon Dcvoltage,false
1139888,206-5142204-8667507,AMAZON,B07F9HBHVY,,LDMT45E274,1,5.89,5.89,2026-04-08 15:53:04,amazon Dcvoltage,false
1139889,026-1306471-9374712,AMAZON,B0DBV9CLPW,,LDSG125MUE274,1,13.49,11.24,2026-04-08 15:50:19,amazon Ledsone,false
1139894,204-0285154-8466718,AMAZON,B0FVM9L8TM,,CERU72350RE,1,9.18,5.24,2026-04-08 16:07:23,amazon Ledsone,false
1139900,203-8712811-1025138,AMAZON,B0DGPZBHVT,,LDMG95B2283PK,1,17.19,17.19,2026-04-08 16:09:18,amazon Dcvoltage,false
1139904,026-4219837-6964350,AMAZON,B0D571H8X3,,WCB7BB2PK+RPR44WH2PK,1,15.89,15.89,2026-04-08 16:21:32,amazon Dcvoltage,false
1139905,205-4906151-2939531,AMAZON,B098LQ3DYS,,LHSHE27YB,1,10.38,6.24,2026-04-08 16:22:11,amazon Ledsone,false
1139906,206-7740788-9079541,AMAZON,B0CG21CP4J,,CRFF108BM+LHTKE27BA,1,10.99,9.16,2026-04-08 16:28:16,amazon Ledsone,false
1139908,206-9987144-3437956,AMAZON,B0D59QGM51,,WCB2WH2PK+RPR44WH2PK,1,18.72,15.83,2026-04-08 16:34:05,amazon Dcvoltage,false
1139909,026-8759519-9889115,AMAZON,B0C9DPGRGD,,SPSDP2BM,1,5.69,5.69,2026-04-08 16:36:55,amazon Dcvoltage,false
1139913,204-3524660-0851549,AMAZON,B08WC5S6KR,,CRFF500BM+PHCH1BMRBM3PK+LSCY210BG3PK,1,43.89,43.89,2026-04-08 16:45:55,amazon Dcvoltage,false
1139949,204-6416326-0909920,AMAZON,B0C2VDBRDW,,CRSF100CO+LHNSE27CO+LSRP260CO,2,54.58,22.74,2026-04-08 17:55:41,amazon Ledsone,false
1139952,026-4590542-6151549,AMAZON,B0CKWMJ9YL,,CL3RBW5PK,1,14.19,14.19,2026-04-08 18:03:41,amazon Dcvoltage,false
1139953,204-6196331-8631516,AMAZON,B0CCJB8DP8,,LSDO300BM+RPR44WH,1,11.49,11.49,2026-04-08 18:08:49,amazon Dcvoltage,false
1139955,206-6582249-5006709,AMAZON,B0F9VGLPDL,,CL3RGL3PK,1,6.79,5.66,2026-04-08 18:07:20,amazon Ledsone,false
1139957,206-4864941-3662751,AMAZON,B0DJ19V71J,,12IP6724,1,13.99,11.66,2026-04-08 18:10:09,amazon Ledsone,false
1139958,205-1059638-9085160,AMAZON,B0FTL8FBDR,,TSST349131GRHPK,2,145.96,60.82,2026-04-08 18:17:12,amazon Ledsone,false
1139964,026-7288465-1069140,AMAZON,B0FVMDMLND,,CERU36150RE,1,4.38,1.24,2026-04-08 18:21:27,amazon Ledsone,false
1139970,206-2881072-2456321,AMAZON,B0DV5DF7H5,,ENC8216,1,38.99,32.49,2026-04-08 18:37:02,amazon Ledsone,false
1139981,026-5348061-0507505,AMAZON,B09L8KTBJS,,CRSF100BM+PHCH1BMRBM+LSDO400GY,7,142.50,18.24,2026-04-08 18:46:17,amazon Ledsone,false
1139982,202-2154416-8631554,AMAZON,B09MQTH6MP,,WCB4BS+RPR44WH,1,12.87,8.32,2026-04-08 18:46:24,amazon Ledsone,false
1139983,026-7099289-5538746,AMAZON,B0DMT7HVKN,,PCFT90LBM5PK,1,11.08,6.82,2026-04-08 18:48:05,amazon Ledsone,false
1139985,205-0741844-6665933,AMAZON,B0DFTR3M3X,,RPM40BM2PK,1,5.88,2.49,2026-04-08 18:52:55,amazon Ledsone,false
1140001,026-7517756-7025911,AMAZON,B0C9DV894B,,SPSDP2YB,1,7.09,7.09,2026-04-08 19:20:49,amazon Dcvoltage,false
1140002,203-0145537-1749959,AMAZON,B0G4QXYX5W,,CRSF100BM+PHHF1PBRBM+LSWD360BM,1,22.89,22.89,2026-04-08 19:20:43,amazon Dcvoltage,false
1140009,202-6741928-4182758,AMAZON,B07CVF7ZMC,,LDMG95E274,1,6.99,6.99,2026-04-08 19:34:12,amazon Dcvoltage,false
1140013,206-9625825-4786724,AMAZON,B0DP24V286,,12UK3P2A,1,8.69,8.69,2026-04-08 19:41:22,amazon Dcvoltage,false
1140014,026-4802618-5561922,AMAZON,B0DFHM8LHQ,,LSCY290CH+RPR44WH,1,17.89,17.89,2026-04-08 19:45:20,amazon Dcvoltage,false
1140016,204-7843190-3860358,AMAZON,B0C3HFQR8L,,ENC686,1,59.86,49.88,2026-04-08 19:42:23,amazon Ledsone,false
1140021,202-0756419-6993947,AMAZON,B0CZNLY8CR,,LSSS300BC2PK+RPR44WH2PK,1,23.99,23.99,2026-04-08 19:53:42,amazon Dcvoltage,false
1140027,205-0376622-6661169,AMAZON,B0FVM8LHNX,,CERU36150BL,1,4.58,1.41,2026-04-08 20:03:55,amazon Ledsone,false
1140028,202-7280807-9481137,AMAZON,B0DHN6KFZL,,ENC787,1,26.19,21.82,2026-04-08 20:05:05,amazon Ledsone,false
1140031,202-1032992-0744301,AMAZON,B0CB7T5N9F,,SPSDP3YB2PK,1,6.19,6.19,2026-04-08 20:07:30,amazon Dcvoltage,false
1140039,205-0121270-9761920,AMAZON,B0BNVNVQJH,,LHC4E27WHAPK,1,26.19,26.19,2026-04-08 20:11:09,amazon Dcvoltage,false
1140040,206-8186616-0642736,AMAZON,B0DH4KYFPD,,WCDTBM2PK+RPR44WH2PK,1,18.29,15.24,2026-04-08 20:15:22,amazon Ledsone,false
1140059,203-6412563-7166700,AMAZON,B0GCZG4XFD,,CRSF120WH,2,14.67,4.91,2026-04-08 20:34:11,amazon Ledsone,false
1140060,202-0316676-2042730,AMAZON,B0DZ1YZ8JG,,RWWPSY0680YE2PK,1,8.08,4.32,2026-04-08 20:36:45,amazon Ledsone,false
1140061,204-4952836-3569113,AMAZON,B0CGRJ1V8L,,TPOSBDBM,1,24.89,24.89,2026-04-08 20:31:46,amazon Dcvoltage,false
1140062,203-0255043-8768375,AMAZON,B0CVL5MYFT,,LSTF400WH+RPR44WH,4,63.04,16.59,2026-04-08 20:35:04,amazon Dcvoltage,false
1140076,203-5335615-2562707,AMAZON,B0743GYD52,,CO332AORAPK,1,5.78,2.41,2026-04-08 20:40:59,amazon Ledsone,false
1140077,203-3234003-4942700,AMAZON,B0DMDVX4S7,,ENC9313,1,27.89,23.24,2026-04-08 20:48:21,amazon Ledsone,false
1140080,026-5552025-9861153,AMAZON,B0FB3WTV46,,LDMC35E1442PK,1,12.78,8.24,2026-04-08 20:51:07,amazon Ledsone,false
1140082,206-1546372-8985138,AMAZON,B0D6YF7VPY,,CCGNNWE48,1,10.89,10.89,2026-04-08 20:58:20,amazon Dcvoltage,false
1140089,204-7318241-6435506,AMAZON,B08XNPXBF3,,LSSS300SN+RPR44WH,1,13.49,13.49,2026-04-08 21:06:22,amazon Dcvoltage,false
1140090,202-6361387-2295502,AMAZON,B0B8P9BKXB,,LDMG125E278,1,10.89,9.07,2026-04-08 20:59:19,amazon Ledsone,false
1140091,204-4970894-0594707,AMAZON,B0BW4HV7V4,,PLBXBS+PLWP120BS+LSUL220BS,1,21.19,17.66,2026-04-08 21:01:15,amazon Ledsone,false
1140092,203-7801098-8953106,AMAZON,B0FRMD3QMT,,PLWTBM,1,20.19,16.82,2026-04-08 21:01:49,amazon Ledsone,false
1140094,206-9650568-1369930,AMAZON,B0DF1V6ZH4,,LHC5E27WHAPK,2,96.38,41.05,2026-04-08 21:06:56,amazon Ledsone,false
1140095,204-4862546-6905133,AMAZON,B0C2CYD3BQ,,ENC7380,1,20.89,17.41,2026-04-08 21:07:07,amazon Ledsone,false
1140098,026-0276944-3002778,AMAZON,B0F2FYS1WB,,RWT570YE,1,12.29,10.24,2026-04-08 21:14:39,amazon Ledsone,false
1140100,205-5883061-0441131,AMAZON,B0D45MSJ37,,CCBC52PK,5,44.95,8.99,2026-04-08 21:13:31,amazon Dcvoltage,false
1140111,204-1937216-0253957,AMAZON,B0DF79WFPK,,CRSF100BM2PK,1,11.49,9.57,2026-04-08 21:24:48,amazon Ledsone,false
1140112,206-4620592-6548347,AMAZON,B0CG219VVH,,CRFF108WH+LHTKE27WH,1,10.44,10.99,2026-04-08 21:26:21,amazon Ledsone,false
1140114,206-6858445-3413155,AMAZON,B08KJJWJKK,,WCFSDCBM,1,36.99,30.82,2026-04-08 21:32:20,amazon Ledsone,false
1140115,205-1425969-6464321,AMAZON,B0DQD9LY98,,PHSF1AGTGB3PK,1,27.89,23.24,2026-04-08 21:38:26,amazon Ledsone,false
1140116,205-3288737-3145130,AMAZON,B08XNPKHZX,,LSSS300YE+RPR44WH,1,13.49,13.49,2026-04-08 21:29:59,amazon Dcvoltage,false
1140118,206-7063186-9629934,AMAZON,B0C6DHS8WM,,CRSF1205FG+PHBK1PBRFG5PK,1,46.89,46.89,2026-04-08 22:03:05,amazon Dcvoltage,false
1140120,205-3137265-9173127,AMAZON,B08W5CZ4HH,,WSFS1BMYB+SCRN70BM+LSFT220BM,2,31.78,15.89,2026-04-08 21:45:37,amazon Dcvoltage,false
1140121,205-3981213-3829161,AMAZON,B08NTKB1DM,,CRFF500BM+PHCH1BMRBM3PK+LSCY210BG3PK,1,39.59,32.99,2026-04-08 21:42:19,amazon Ledsone,false
1140122,026-2738043-5549954,AMAZON,B0FPQZHKXS,,LDCWT75B22122PK,1,15.89,13.24,2026-04-08 21:41:41,amazon Ledsone,false
1140123,026-7319436-3421122,AMAZON,B0DTPG9D8M,,WCB2BM4PK+RPR44WH4PK,1,26.49,22.07,2026-04-08 21:45:16,amazon Ledsone,false
1140124,204-5281492-6225931,AMAZON,B0B9Y5MRSK,,CL3TGD5PK,1,13.19,10.99,2026-04-08 21:46:14,amazon Ledsone,false
1140125,205-2404961-6049949,AMAZON,B0DTJ26FHW,,WCDTWH2PK+RPR44WH2PK,1,17.99,14.99,2026-04-08 21:45:19,amazon Ledsone,false
1140129,205-0131181-3985912,AMAZON,B07CJ9J658,,24IP20240,2,47.98,23.99,2026-04-08 21:59:30,amazon Dcvoltage,false
1140132,206-1522385-8839550,AMAZON,B0F7LVPY77,,LSFT220GY2PK+RPR44WH2PK,1,19.89,19.89,2026-04-08 22:14:38,amazon Dcvoltage,false
1140133,026-8726509-9377905,AMAZON,B0CKLM52VJ,,LSDO210BS+RPR44WH,1,11.89,9.91,2026-04-08 22:10:47,amazon Ledsone,false
1140134,205-0988715-4961164,AMAZON,B0GDF2B3ML,,LDMT185E273,1,7.19,5.99,2026-04-08 22:11:34,amazon Ledsone,false
1140135,203-0553335-7873102,AMAZON,B0CCF6K99Y,,LSCY290BI+RPR44WH,1,15.89,13.24,2026-04-08 22:14:54,amazon Ledsone,false
1140138,203-2447056-9896315,AMAZON,B0DHVK8NG8,,LHSHE27GB,1,7.89,7.89,2026-04-08 22:18:33,amazon Dcvoltage,false
1140142,206-7898816-0033919,AMAZON,B0FPQVSMFT,,LDCWT75B2212,1,8.79,7.32,2026-04-08 22:38:22,amazon Ledsone,false
1140144,203-4169441-8728348,AMAZON,B0CZXL6ZYG,,TPOSBDBM,2,49.78,20.74,2026-04-08 22:41:19,amazon Ledsone,false
1140147,206-6229178-8864326,AMAZON,B0GCZG4XFD,,CRSF120WH,1,8.78,4.91,2026-04-08 23:01:28,amazon Ledsone,false
1140157,202-3461217-9012341,AMAZON,B0DH96ZNZ4,,CL3TBR3PK,1,8.99,8.99,2026-04-08 23:33:26,amazon Dcvoltage,false
1140158,202-9197363-7269912,AMAZON,B096FR3CD5,,ENC1509,2,107.78,53.89,2026-04-08 23:34:49,amazon Dcvoltage,false
1140159,203-3803440-6844331,AMAZON,B09WJC8S2P,,CRFF140YB+WSNW170YB+LSOL220YB+ICST64E27,1,22.69,18.91,2026-04-08 23:39:26,amazon Ledsone,false
1140160,206-8402793-0318732,AMAZON,B0CBN57FK5,,WCB1RR+RPR44WH,1,10.39,8.66,2026-04-08 23:51:10,amazon Ledsone,false
1140169,206-4609280-5013940,AMAZON,B08SHV91ZW,,CRFF100GB+PHUP1PBRGB+CNT900GB,1,11.99,11.99,2026-04-09 00:47:43,amazon Dcvoltage,false
1140170,203-0714355-4195500,AMAZON,B0DMDV1BF9,,ENC9307,1,27.89,27.89,2026-04-09 01:18:08,amazon Dcvoltage,false
1140174,205-0508348-5878753,AMAZON,B09KNQV7L7,,CRSF2003BM+PHRB1PBR40BM3PK+LSBS160GY3PK,1,45.89,38.24,2026-04-09 02:22:41,amazon Ledsone,false
1140178,203-3941770-7033919,AMAZON,B0D298QXXM,,LSCY290GY2PK+RPR44WH2PK,1,28.29,23.57,2026-04-09 02:49:08,amazon Ledsone,false
1140180,203-6129717-2244315,AMAZON,B0DH64L6PN,,CL2TGD5PK,1,11.99,11.99,2026-04-09 03:12:04,amazon Dcvoltage,false
1140220,204-3714014-9213939,AMAZON,B0DBPWGS2Y,,PHHR3DSTHE+ICST64E272PK,2,38.68,17.91,2026-04-09 05:39:54,amazon Ledsone,false
1140225,026-3527771-3033129,AMAZON,B0D83XJ6MJ,,CRSF100BM+WSCH135BM+SCRN70CO+LSTF40CO,2,34.00,18.89,2026-04-09 05:56:56,amazon Dcvoltage,false
1140226,203-0190402-0852313,AMAZON,B0DYT146SS,,RWWPSY0680YE,1,5.78,2.41,2026-04-09 05:51:35,amazon Ledsone,false
1140231,202-6506921-8202704,AMAZON,B0F7QQYMSM,,CL3TGDAPK,1,21.99,18.32,2026-04-09 06:21:35,amazon Ledsone,false
1140232,204-0705421-2092323,AMAZON,B0DSBXGG1H,,PHUH1HETBM+LSHM400HE,2,71.78,29.91,2026-04-09 06:35:21,amazon Ledsone,false
1140240,204-1623295-9765920,AMAZON,B0825Y99FY,,CO125ACL5PK,1,7.98,5.09,2026-04-09 07:09:06,amazon Dcvoltage,false
1140247,026-6679213-2363527,AMAZON,B0CPBXK43C,,LSCY290NB+RPR44WH,1,16.09,16.09,2026-04-09 07:25:14,amazon Dcvoltage,false
1140248,026-6679213-2363527,AMAZON,B0CPBXFL7C,,LSCY290YE+RPR44WH,2,31.78,15.89,2026-04-09 07:25:14,amazon Dcvoltage,false
1140249,026-6679213-2363527,AMAZON,B0CPBXJMSS,,LSCY290OR+RPR44WH,1,15.89,15.89,2026-04-09 07:25:14,amazon Dcvoltage,false
1140250,026-6679213-2363527,AMAZON,B0CPBX28RC,,LSCY290BI+RPR44WH,1,15.89,15.89,2026-04-09 07:25:14,amazon Dcvoltage,false
1140254,204-9045694-2407507,AMAZON,B0DF7BD73R,,CRSF100BM+PHRYWP1RBM,3,35.67,9.91,2026-04-09 07:54:51,amazon Ledsone,false
1140255,205-6423224-8127510,AMAZON,B0F1TMC6HP,,CENU25200BM,1,4.49,1.49,2026-04-09 07:58:35,amazon Dcvoltage,false
1140256,202-9266993-8963511,AMAZON,B0CNZ2FYQD,,ENC4317,1,36.89,36.89,2026-04-09 08:03:41,amazon Dcvoltage,false
1140257,204-6763997-7002716,AMAZON,B0GLNHSJZ8,,PL4HBM,1,37.89,31.57,2026-04-09 08:01:03,amazon Ledsone,false
1140258,203-3975728-8583505,AMAZON,B0DX6BP7GV,,CENU46450WH,5,22.74,3.24,2026-04-09 08:08:40,amazon Ledsone,false
1140284,202-1554625-9857146,AMAZON,B08V8HWBYG,,CRSF100BM+PHSH1PBRBM+LSMS320GY,3,56.67,18.89,2026-04-09 08:53:13,amazon Dcvoltage,false
1140289,206-7003131-3500358,AMAZON,B0FTZGFN4K,,WCFL180BM,1,13.89,11.57,2026-04-09 09:04:09,amazon Ledsone,false
1140290,205-7635917-5853150,AMAZON,B0DY7LXYJ3,,RWWPSY0860YE,1,9.88,6.99,2026-04-09 08:55:18,amazon SRM Amazon,false
1140291,206-8165882-4777135,AMAZON,B08XBYXQC6,,CL3TBRAPK,1,19.99,19.99,2026-04-09 08:59:54,amazon Dcvoltage,false
1140308,205-3182322-6944346,AMAZON,B0DTTMN698,,LDMG95B2242PK,1,10.89,10.89,2026-04-09 09:11:40,amazon SRM Amazon,false
1140314,202-3058659-9693965,AMAZON,B0FY2HP9LJ,,PHUH0.5HETBM,1,10.99,9.16,2026-04-09 09:31:59,amazon Ledsone,false
1140316,206-1276899-7012356,AMAZON,B0DBWMF1J9,,CL2RIVAPK,1,18.49,18.49,2026-04-09 09:32:00,amazon Dcvoltage,false
1140323,026-3693294-0740309,AMAZON,B0FKYFYRY5,,CRFF65YB+RW1FG2PK+LHTTAGU10YB+LDGU10WD5,4,49.16,12.29,2026-04-09 09:43:36,amazon Dcvoltage,false
1140325,202-4804692-2345118,AMAZON,B0DX784TX6,,CERU80300BM,2,14.87,4.99,2026-04-09 09:50:09,amazon Ledsone,false
1140326,202-6222898-9353910,AMAZON,B0GSRFYV81,,LHXBTF40E27WH,1,3.09,3.09,2026-04-06 08:31:54,amazon Dcvoltage,false
1140339,206-6937781-8121900,AMAZON,B0B9Y59487,,CL3TBR5PK,1,13.79,11.49,2026-04-09 10:14:11,amazon Ledsone,false
1140340,206-0472023-1492325,AMAZON,B0D35T7XRC,,LDCCE27153PK,1,22.49,18.74,2026-04-09 10:14:42,amazon Ledsone,false
1140358,204-9987003-1442724,AMAZON,B0F1D2YMJS,,RWWPSY12GY,1,5.38,2.49,2026-04-09 10:35:01,amazon Dcvoltage,false
1140365,026-7032734-7617166,AMAZON,B0DC1HX37B,,STMT4845WH,1,5.64,2.75,2026-04-09 10:49:34,amazon Dcvoltage,false
1140366,203-0570087-8013932,AMAZON,B08XWSBPHW,,WCB1BM+RPR44WH,1,10.69,10.69,2026-04-09 10:55:07,amazon Dcvoltage,false
1140368,204-9926391-0921100,AMAZON,B0F99DVCH6,,LSCP150OR+RPR44WH,1,11.89,9.91,2026-04-09 10:52:50,amazon Ledsone,false
1140369,026-5845706-2985137,AMAZON,B0CLDC2RQB,,CRSF108WH+WSST70WH,1,10.99,9.16,2026-04-09 10:54:45,amazon Ledsone,false
1140370,203-4770432-5033968,AMAZON,B0FRMD3QMT,,PLWTBM,1,20.19,16.82,2026-04-09 10:59:19,amazon Ledsone,false
1140384,204-5961608-8617115,AMAZON,B0C719RM7G,,CRSF100BM+WSHR135BM+LSFT220YB+ICST64E27,2,39.78,19.89,2026-04-09 11:30:36,amazon Dcvoltage,false
1140385,205-2250374-3013965,AMAZON,B0BWNP3M5J,,ENC770,1,20.89,17.41,2026-04-09 11:28:36,amazon Ledsone,false
1140398,205-2333189-9318746,AMAZON,B0BNNW7P95,,LDMG125B228,1,8.69,7.24,2026-04-09 11:29:06,amazon Ledsone,false
1140399,204-8791932-4811513,AMAZON,B0FNR2JQZ3,,BSFCDRSIBL,1,21.99,18.32,2026-04-09 11:29:20,amazon Ledsone,false
1140401,203-4643695-6373130,AMAZON,B0D87DJ8FQ,,CO232AGYAPK,1,5.78,2.41,2026-04-09 11:31:19,amazon Ledsone,false
1140413,206-6625540-5880328,AMAZON,B0DTT4PKCH,,WCVCWH3PK+RPR44WH3PK,1,23.49,23.49,2026-04-09 11:41:51,amazon Dcvoltage,false
1140425,206-4786011-9833942,AMAZON,B0CC8Q6WD3,,CRSF100BM+WSSS70BM+LSCY290BI+ICST64E27,2,50.20,27.89,2026-04-09 11:51:11,amazon Dcvoltage,false
1140426,204-5243772-3461164,AMAZON,B0C62CY9JZ,,WCLNBM+RPR44WH,1,9.89,9.89,2026-04-09 11:56:11,amazon Dcvoltage,false
1140431,026-5887838-4025162,AMAZON,B0F9WVT75G,,LSFT220RO+RPR44WH,1,10.89,9.07,2026-04-09 12:02:21,amazon Ledsone,false
1140437,205-1729034-3625960,AMAZON,B0CZXL6ZYG,,TPOSBDBM,1,24.89,20.74,2026-04-09 12:15:49,amazon Ledsone,false
1140456,026-0935578-2448334,AMAZON,B0DG25H3RQ,,LDMA60E274WW,1,6.19,5.16,2026-04-09 12:44:25,amazon Ledsone,false
1140467,026-9519346-2987542,AMAZON,B0B7KCXV72,,CRFF105GB,1,11.68,7.32,2026-04-09 12:57:17,amazon Ledsone,false
1140469,202-4114868-8496358,AMAZON,B08TMBY3QM,,ENC771,1,20.89,20.89,2026-04-09 13:05:44,amazon Dcvoltage,false
1140470,205-6709043-9169137,AMAZON,B0C6DHKZ8H,,CRSF1205BM+PHBK1PBRBA5PK+ICST64E275PK,1,51.89,51.89,2026-04-09 13:06:53,amazon Dcvoltage,false
1140483,203-7771163-4841155,AMAZON,B0D93QM7CS,,ENC5356,1,24.79,20.66,2026-04-09 13:25:58,amazon Ledsone,false
1140484,202-1549674-1706735,AMAZON,B0CBPSSXC3,,WCB6BB2PK+RPR44WH2PK,10,147.80,14.78,2026-04-09 13:24:23,amazon Dcvoltage,false
1140493,206-5569295-2693125,AMAZON,B0GCZ9ZLXK,,CRSF1203WH,1,10.38,6.24,2026-04-09 13:30:29,amazon Ledsone,false
1140494,026-6819495-6705933,AMAZON,B086228MDF,,LDMST64B2286PK,1,20.89,17.41,2026-04-09 13:34:30,amazon Ledsone,false
1140495,205-2093091-0181937,AMAZON,B09477YHK7,,LDMG95E278APK,1,35.19,29.32,2026-04-09 13:30:12,amazon Ledsone,false
1140502,026-7969239-8711532,AMAZON,B0C9X67GZJ,,LSWD360BC+RPR44WH,7,132.23,18.89,2026-04-09 13:40:31,amazon Dcvoltage,false
1140503,202-7746154-0329949,AMAZON,B0CDLT5L7G,,WLRPE27BM2PK,1,36.19,30.16,2026-04-09 13:38:47,amazon Ledsone,false
1140512,026-2595443-1746719,AMAZON,B0CTC93TVC,,CRSF100BM+LHNSE27YB+SCRN70BM+LSFT220GS,2,37.60,20.89,2026-04-09 13:54:45,amazon Dcvoltage,false
1140517,206-9853717-4536360,AMAZON,B0D8PFN4W7,,IMCWEPK,1,19.48,16.23,2026-04-09 14:04:08,amazon Ledsone,false
1140519,202-4211765-8209908,AMAZON,B0DH9BTVSJ,,CL3TIVAPK,1,20.99,20.99,2026-04-09 14:01:07,amazon Dcvoltage,false
1140525,204-9230543-0821962,AMAZON,B0BBS5YWRL,,CL3TGLAPK,1,21.79,18.16,2026-04-09 14:09:30,amazon Ledsone,false
1140526,026-4531400-7044340,AMAZON,B0FJ5J5T51,,CRSF100WH,1,8.88,5.99,2026-04-09 14:09:13,amazon Dcvoltage,false
1140527,202-6006932-1928314,AMAZON,B0C9TWTCZ8,,LSCY210BG+RPR44WH,1,12.89,12.89,2026-04-09 14:10:24,amazon Dcvoltage,false
1140528,026-1920428-5525135,AMAZON,B09BV3VMPH,,PSDS2BMRGR,1,13.99,13.99,2026-04-09 14:12:17,amazon Dcvoltage,false
1140535,202-8938756-0826752,AMAZON,B0C6TL1D8N,,ENC1291,2,46.98,19.57,2026-04-09 14:26:21,amazon Ledsone,false
1140536,205-9723932-5615557,AMAZON,B0CZNPP2K1,,LSSS300CH2PK+RPR44WH2PK,1,23.99,23.99,2026-04-09 14:25:27,amazon Dcvoltage,false
1140539,026-6749769-9556360,AMAZON,B0F945Z6H2,,CL3TAG3PK,1,7.99,6.66,2026-04-09 14:31:20,amazon Ledsone,false
1140540,206-3274673-7091500,AMAZON,B0CGD98GVG,,CRSF100WH+PHRY2PCRWH,1,14.17,11.81,2026-04-09 14:32:35,amazon Ledsone,false
1140542,204-7250212-8740364,AMAZON,B0FTL65QYG,,TSST349131GR9PK,1,56.78,35.68,2026-04-09 14:37:29,amazon Ledsone,false
1140543,203-8262666-7086769,AMAZON,B0DF8444ZV,,HLCH128BM2PK,3,33.57,9.32,2026-04-09 14:38:08,amazon Ledsone,false
1140544,202-9261748-3881156,AMAZON,B0DXPFBTCK,,LSDO210BI2PK+RPR44WH2PK,1,17.89,14.91,2026-04-09 14:37:56,amazon Ledsone,false
1140560,205-9077647-5113933,AMAZON,B08P7QV151,,WCDTGD+RPR44WH,1,11.69,11.69,2026-04-09 14:49:06,amazon Dcvoltage,false
1140561,202-0852921-5612303,AMAZON,B0F2HDMBFZ,,RWT480YE,1,11.38,8.49,2026-04-09 14:51:17,amazon Dcvoltage,false
1140562,205-5512938-9045945,AMAZON,B0CNW6G14J,,ENC4316,1,35.24,37.89,2026-04-09 14:51:39,amazon Dcvoltage,false
1140563,204-1406148-0737142,AMAZON,B092SPCPX5,,PLWCBM,1,24.89,20.74,2026-04-09 14:51:27,amazon Ledsone,false
1140574,204-6213478-0703528,AMAZON,B0CM2RZNHV,,WCDTGD+RPR44WH,1,11.69,11.69,2026-04-09 15:01:40,amazon Dcvoltage,false
1140575,206-6430768-0801165,AMAZON,B0GP87YX8W,,LHPVHRE27WH3PK,1,11.18,8.29,2026-04-09 15:06:11,amazon Dcvoltage,false
1140593,206-1430722-2900303,AMAZON,B0CWPCF144,,WCB7WH2PK+RPR44WH2PK,1,16.19,16.19,2026-04-09 15:21:22,amazon Dcvoltage,false
1140594,206-7207316-3556313,AMAZON,B0FL7BRGF4,,PHSF2GDTYB2PK+ICST64E272PK,1,28.89,28.89,2026-04-09 15:21:32,amazon Dcvoltage,false
1140595,026-2868057-9661131,AMAZON,B0C6LTGB83,,12UK3P5A,1,13.89,13.89,2026-04-09 15:24:50,amazon Dcvoltage,false
1140604,206-7920264-8565964,AMAZON,B0DXQ8WPCG,,LSCY290SN2PK+RPR44WH2PK,1,29.89,24.91,2026-04-09 15:29:25,amazon Ledsone,false
1140605,206-7292895-3939548,AMAZON,B08NTKB1DM,,CRFF500BM+PHCH1BMRBM3PK+LSCY210BG3PK,1,39.59,32.99,2026-04-09 15:37:01,amazon Ledsone,false
1140610,203-8910825-8717165,AMAZON,B07FDXJG55,,CCBC36,1,8.89,8.89,2026-04-09 15:40:29,amazon Dcvoltage,false
1140611,204-3775792-4821122,AMAZON,B0DH65RRNP,,CL2TWH5PK,1,10.09,10.09,2026-04-09 15:41:22,amazon Dcvoltage,false
1140612,205-6958673-1235530,AMAZON,B0DYDC9W2N,,RWWPSY0630YE2PK,1,10.39,10.39,2026-04-09 15:41:45,amazon SRM Amazon,false
1140616,205-0403694-9883518,AMAZON,B0C7MX6DTW,,ENC4307,1,34.89,29.07,2026-04-09 15:55:12,amazon Ledsone,false
1140617,206-3782825-4701949,AMAZON,B0DCFN75MZ,,LDSG95DIE274APK,2,122.20,56.57,2026-04-09 15:56:06,amazon Ledsone,false
1140624,204-7013549-5557108,AMAZON,B0GMRCLVCX,,LSFT220BW+RPR44WH,1,11.89,9.91,2026-04-09 16:02:29,amazon Ledsone,false
1140625,203-5830075-5259512,AMAZON,B0F1XSRZGR,,TSWGQBRE2PK,4,43.65,8.49,2026-04-09 16:07:54,amazon Ledsone,false
1140626,026-2600463-0870728,AMAZON,B09JVSRK4Y,,LDSG95DIE274APK,1,58.89,58.89,2026-04-09 16:14:56,amazon Dcvoltage,false
1140627,026-1667573-3772344,AMAZON,B0CCF83CYJ,,LSCY290RE+RPR44WH,1,15.89,13.24,2026-04-09 16:12:54,amazon Ledsone,false
1140640,203-2130404-4812321,AMAZON,B0DH9CFGZ1,,CL3TCR2PK,1,5.99,5.99,2026-04-09 16:21:00,amazon Dcvoltage,false
1140641,203-6164517-0136300,AMAZON,B07QV1YKZW,,12RPIP45100,1,14.97,14.97,2026-04-09 16:22:41,amazon Dcvoltage,false
1140642,204-9578436-3046768,AMAZON,B0C869G3X9,,CRSF100GB2PK+PHCHPBRGB2PK+LSCY290GB2PK,2,89.78,44.89,2026-04-09 16:30:40,amazon Dcvoltage,false
1140650,205-9639088-7403561,AMAZON,B0F1MMCQMQ,,RWWPSN60YE,1,5.78,2.89,2026-04-09 16:34:54,amazon Dcvoltage,false
1140654,205-9732514-3298715,AMAZON,B0FXFF5LTD,,WCFL180BM2PK+RPR44WH2PK,1,21.89,18.24,2026-04-09 16:37:13,amazon Ledsone,false
1140661,204-9058319-2890762,AMAZON,B0CVLB3HDN,,RWT460YE,1,13.19,13.19,2026-04-09 16:39:17,amazon Dcvoltage,false
1140662,202-7330182-0314711,AMAZON,B0CHW3Q9VG,,CRSF100YB+PHCHPCRYB+LSCY290YB,1,25.89,21.57,2026-04-09 16:44:02,amazon Ledsone,false
1140663,205-5746581-6550729,AMAZON,B0D298QXXM,,LSCY290GY2PK+RPR44WH2PK,1,28.29,23.57,2026-04-09 16:45:25,amazon Ledsone,false
1140664,205-3992339-2149919,AMAZON,B0DCG47XRP,,LHTRE27SN2PK,2,28.78,11.99,2026-04-09 16:45:11,amazon Ledsone,false
1140670,205-2712976-1719520,AMAZON,B0DH4KYFPD,,WCDTBM2PK+RPR44WH2PK,1,18.29,15.24,2026-04-09 16:50:04,amazon Ledsone,false
1140671,203-0626654-5474719,AMAZON,B092DTV4GG,,PHCH1FBRBM+LSCY290BI,1,17.32,17.32,2026-04-09 16:53:56,amazon Ledsone,false
1140672,203-0626654-5474719,AMAZON,B0FC6T7YHG,,CRSF100BM2PK+PHCH1BMRBM2PK+LSCY290BI2PK,1,30.82,30.82,2026-04-09 16:53:56,amazon Ledsone,false
1140677,204-5404900-6763558,AMAZON,B0B8J4823T,,CRSF1204CO,1,7.17,5.97,2026-04-09 17:04:51,amazon Ledsone,false
1140678,202-6037597-5084341,AMAZON,B0BLZHCRGZ,,LDMG95E2746PK,1,24.59,20.49,2026-04-09 17:06:42,amazon Ledsone,false
1140684,202-4015056-2320354,AMAZON,B083NJ1XNR,,CRSF100BM+WCGSBM,1,15.99,13.32,2026-04-09 17:09:15,amazon Ledsone,false
1140685,204-0065892-3684360,AMAZON,B0DBZS8G6H,,CL3RGY5PK,1,13.99,13.99,2026-04-09 17:19:06,amazon SRM Amazon,false
1140686,206-6668277-0641901,AMAZON,B0C7CLSCMB,,LSSS300NB+RPR44WH,2,29.58,14.79,2026-04-09 17:18:20,amazon Dcvoltage,false
1140695,205-9463581-0147513,AMAZON,B0FTZGFN4K,,WCFL180BM+RPR44WH,1,13.89,11.57,2026-04-09 17:27:49,amazon Ledsone,false
1140702,202-8695670-7089162,AMAZON,B07PLVLDXC,,CL3TGR5PK,1,12.79,12.79,2026-04-09 17:30:48,amazon Dcvoltage,false
1140703,202-1708451-6438702,AMAZON,B0F944ZDHX,,CL3TOR3PK,1,5.82,5.82,2026-04-09 17:30:48,amazon Ledsone,false
1140704,202-1708451-6438702,AMAZON,B0F9466PK8,,CL3TGL3PK,1,5.82,5.82,2026-04-09 17:30:48,amazon Ledsone,false
1140705,202-1708451-6438702,AMAZON,B0F944VB2B,,CL3TRE3PK,1,5.82,5.82,2026-04-09 17:30:48,amazon Ledsone,false
1140706,202-1708451-6438702,AMAZON,B0B9Y78BWX,,CL3TAG5PK,1,11.66,11.66,2026-04-09 17:30:48,amazon Ledsone,false
1140707,203-5964036-8991562,AMAZON,B0GR8NP493,,SPPGUK3PWH2PK,1,6.18,2.74,2026-04-09 17:31:18,amazon Ledsone,false
1140709,204-1623806-5398745,AMAZON,B0863411M8,,PHSF1BMTYB,1,13.89,11.57,2026-04-09 17:33:58,amazon Ledsone,false
1140710,204-8124872-1978704,AMAZON,B0GP73VLM8,,LHPVHRE27WH,1,4.69,3.91,2026-04-09 17:35:21,amazon Ledsone,false
1140713,205-2075004-8304366,AMAZON,B0CM2RZNHV,,WCDTGD+RPR44WH,2,23.38,11.69,2026-04-09 17:42:55,amazon Dcvoltage,false
1140714,204-5387368-5732345,AMAZON,B0CNJW5B3R,,WCB2BS+RPR44WH,1,9.29,9.29,2026-04-09 17:50:42,amazon Dcvoltage,false
1140719,203-8118341-5970724,AMAZON,B0CVS58RDP,,CSBEB4BR,1,11.19,9.32,2026-04-09 17:50:11,amazon Ledsone,false
1140720,206-7796304-7041118,AMAZON,B0CLGVK56H,,CRFF140BM+WSFSBA+ICST64E27,1,14.19,11.82,2026-04-09 17:56:49,amazon Ledsone,false
1140721,202-5112342-3013148,AMAZON,B0DFGKSMPP,,WCDTGD5PK+RPR44WH5PK,2,82.98,41.49,2026-04-09 16:25:02,amazon Dcvoltage,false
1140722,203-8755927-9966731,AMAZON,B0CC65QCMF,,LSMS320SE+RPR44WH,2,29.98,14.99,2026-04-09 17:59:17,amazon Dcvoltage,false
1140729,203-7721862-8287507,AMAZON,B079ZVSK6P,,12IP6710,1,6.29,5.24,2026-04-09 18:04:21,amazon Ledsone,false
1140732,202-8612645-6743563,AMAZON,B0F1N9NWJS,,CL3RWX,1,2.50,2.08,2026-04-09 18:02:21,amazon Ledsone,false
1140736,203-2973180-4041118,AMAZON,B0FTL8FBDR,,TSST349131GRHPK,1,72.98,60.82,2026-04-09 18:12:47,amazon Ledsone,false
1140742,205-1576006-5593938,AMAZON,B0C9DPGRGD,,SPSDP2BM,1,5.89,5.89,2026-04-09 18:24:22,amazon Dcvoltage,false
1140748,202-9001946-3390729,AMAZON,B0D56YL7CS,,WCB6BC2PK+RPR44WH2PK,1,16.19,16.19,2026-04-09 18:33:54,amazon Dcvoltage,false
1140749,204-7797275-4387510,AMAZON,B0CVKZ67VL,,RWWPSY0860YE,1,5.78,2.41,2026-04-09 18:29:00,amazon Ledsone,false
1140750,203-1575299-9945922,AMAZON,B086XB1TTQ,,LHC1E27WH,1,5.89,4.91,2026-04-09 18:31:21,amazon Ledsone,false
1140754,026-0626546-6039502,AMAZON,B0F9X156JP,,LSFT220SN+RPR44WH,1,10.89,9.07,2026-04-09 18:39:42,amazon Ledsone,false
1140755,205-8515976-9932361,AMAZON,B0F9X37ZPM,,LSFT220YB+RPR44WH,1,10.89,9.07,2026-04-09 18:39:42,amazon Ledsone,false
1140758,205-8763779-1477916,AMAZON,B0D73PD3CS,,ENC4926,1,19.33,20.79,2026-04-09 18:41:06,amazon Dcvoltage,false
1140759,205-4384404-7122701,AMAZON,B0DHVK1N58,,LHSHE27BA,2,17.98,7.89,2026-04-09 18:43:12,amazon Dcvoltage,false
1140768,026-0922711-7341115,AMAZON,B0DDTTHTG6,,LSMS320GY+RPR44WH,2,29.98,14.99,2026-04-09 18:53:49,amazon Dcvoltage,false
1140776,202-0527662-2018730,AMAZON,B09M42QJCS,,LDMG125E2785PK,1,27.89,27.89,2026-04-09 18:58:37,amazon Dcvoltage,false
1140782,205-7246356-9169967,AMAZON,B0CNW6MKBF,,ENC4308,1,38.89,38.89,2026-04-09 19:15:11,amazon Dcvoltage,false
1140783,026-4913930-8939519,AMAZON,B0B9Y5MRSK,,CL3TGD5PK,1,13.19,10.99,2026-04-09 19:17:08,amazon Ledsone,false
1140784,206-2920632-7145107,AMAZON,B0F7R7JVBK,,ENC8606,1,32.89,27.41,2026-04-09 19:13:48,amazon Ledsone,false
1140793,204-4611651-5534713,AMAZON,B0DH9D59PT,,CL3TAG5PK,1,11.99,11.99,2026-04-09 19:20:00,amazon Dcvoltage,false
1140794,204-9762086-8524343,AMAZON,B0CG21CP4J,,CRFF108BM+LHTKE27BA,1,10.99,9.16,2026-04-09 19:19:04,amazon Ledsone,false
1140795,202-6990499-4502740,AMAZON,B0FY5X423H,,LDSG1001E27,1,13.99,11.66,2026-04-09 19:21:19,amazon Ledsone,false
1140804,204-8086876-4793964,AMAZON,B0C6LV14PT,,12UK3P2A,1,10.78,7.89,2026-04-09 19:31:53,amazon Dcvoltage,false
1140808,206-3613824-1627516,AMAZON,B0DTTMBSC4,,WCVCBC3PK+RPR44WH3PK,1,22.89,22.89,2026-04-09 19:45:04,amazon Dcvoltage,false
1140809,203-2419094-8026734,AMAZON,B0BBS55MK1,,CL3TCRAPK,2,43.78,18.24,2026-04-09 19:42:17,amazon Ledsone,false
1140810,202-7813916-1963559,AMAZON,B0B8VWLDFP,,LDSG125MUE2742PK,1,21.39,17.82,2026-04-09 19:46:34,amazon Ledsone,false
1140812,205-7188002-3697144,AMAZON,B0B8P9BKXB,,LDMG125E278,1,10.89,9.07,2026-04-09 19:49:28,amazon Ledsone,false
1140825,204-1969709-2146747,AMAZON,B0CFHMTJDJ,,CRSF100BM2PK+PHRNWP1RBM2PK+ICST64E272PK,1,27.69,23.07,2026-04-09 19:54:54,amazon Ledsone,false
1140830,202-7344061-4380321,AMAZON,B0D73NH1FT,,ENC4932,1,20.79,20.79,2026-04-09 20:02:45,amazon Dcvoltage,false
1140833,202-8638529-7969903,AMAZON,B0BTTGM3TT,,ENC4391,1,33.89,33.89,2026-04-09 20:02:45,amazon Dcvoltage,false
1140835,202-0108046-5513170,AMAZON,B0CNTC78RP,,WCB2BS+RPR44WH,1,9.29,9.29,2026-04-09 20:05:29,amazon Dcvoltage,false
1140836,026-1004402-0970731,AMAZON,B0CNGSBCSM,,ENC5774,1,19.89,16.57,2026-04-09 20:01:35,amazon Ledsone,false
1140841,205-1498192-2503550,AMAZON,B0D93QM7CS,,ENC5356,1,24.79,20.66,2026-04-09 20:05:54,amazon Ledsone,false
1140845,203-8442267-1820306,AMAZON,B0D93QM7CS,,ENC5356,1,24.79,20.66,2026-04-09 20:11:14,amazon Ledsone,false
1140847,202-0324733-4808362,AMAZON,B0GTHJQKPG,,LSGL10014CL+RPM40WH,1,9.89,9.89,2026-04-09 20:18:21,amazon Dcvoltage,false
1140850,205-0192573-5555506,AMAZON,B086228MDF,,LDMST64B2286PK,1,20.89,17.41,2026-04-09 20:23:01,amazon Ledsone,false
1140879,203-1978938-8601968,AMAZON,B0DFHNYLWW,,LSCY290SN+RPR44WH,1,17.89,17.89,2026-04-09 20:47:30,amazon Dcvoltage,false
1140881,205-6942221-9581148,AMAZON,B07CQLM9LY,,CL3RGY5PK,1,15.89,15.89,2026-04-09 20:54:58,amazon Dcvoltage,false
1140888,203-5008437-3431556,AMAZON,B0C62CRDXN,,WCSRBM,2,23.78,11.89,2026-04-09 21:00:28,amazon Dcvoltage,false
1140889,205-0592541-9681167,AMAZON,B08V5MK449,,CRSF100BM+PHHT1PBRBM+LSCY290BM,3,65.67,21.89,2026-04-09 12:46:45,amazon Dcvoltage,false
1140890,203-0708523-4229105,AMAZON,B07DHKGWGZ,,LDMG80E274,1,6.49,5.41,2026-04-09 21:12:11,amazon Ledsone,false
1140897,206-2283345-0525957,AMAZON,B0D879GPB3,,CO532AGYEPK,1,13.11,10.92,2026-04-09 21:22:52,amazon Ledsone,false
1140898,203-9192822-1062766,AMAZON,B0BJ2XSYKT,,LDMG80E274APK,1,27.99,23.32,2026-04-09 21:26:16,amazon Ledsone,false
1140899,202-9968922-8095520,AMAZON,B0GP73VLM8,,LHPVHRE27WH,1,4.69,3.91,2026-04-09 21:29:01,amazon Ledsone,false
1140900,202-5519685-9901132,AMAZON,B0CTSTB292,,LSMS320BT+RPR44WH,1,14.99,14.99,2026-04-09 22:00:52,amazon Dcvoltage,false
1140901,203-2517585-4453132,AMAZON,B0DTTZF852,,ENC8198,2,95.58,47.79,2026-04-09 21:38:28,amazon SRM Amazon,false
1140907,203-2905775-8404304,AMAZON,B08VGP666V,,LSCY290WH+RPR44WH,1,15.99,15.99,2026-04-09 21:41:23,amazon Dcvoltage,false
1140908,203-2905775-8404304,AMAZON,B0CVL3463J,,LSEL400WH+RPR44WH,1,19.49,19.49,2026-04-09 21:41:23,amazon Dcvoltage,false
1140910,202-8069580-2837954,AMAZON,B08V945WZ5,,WCB7BC+RPR44WH,2,17.78,8.89,2026-04-09 21:48:46,amazon Dcvoltage,false
1140912,205-9948012-3450703,AMAZON,B0F1TQKPPT,,CENU25200WH,1,4.49,1.49,2026-04-09 21:52:51,amazon Dcvoltage,false
1140914,203-2294564-4992313,AMAZON,B0D298MYFM,,LSCY290GY+RPR44WH,1,16.09,13.41,2026-04-09 21:59:31,amazon Ledsone,false
1140918,202-3089279-4345964,AMAZON,B0DMDVX4S7,,ENC9313,1,27.89,23.24,2026-04-09 22:04:24,amazon Ledsone,false
1140921,205-8247576-1180345,AMAZON,B0C5TJDGHJ,,IMRGAPK,1,6.48,3.59,2026-04-09 22:17:02,amazon Dcvoltage,false
1140924,203-4231498-1660345,AMAZON,B0CKF2F1ZB,,PLOTRR+ICST64E2740,1,17.29,14.41,2026-04-09 22:21:49,amazon Ledsone,false
1140925,205-9150391-5781156,AMAZON,B0863LVZNG,,PHSF1AGTGB,1,13.89,11.57,2026-04-09 22:18:16,amazon Ledsone,false
1140933,206-4446038-8085902,AMAZON,B0C8TTL1S6,,ENC4318,1,34.89,29.07,2026-04-09 22:45:50,amazon Ledsone,false
1140934,206-8112733-0333952,AMAZON,B0C8TY1ZN5,,ENC4306,1,34.89,29.07,2026-04-09 22:46:34,amazon Ledsone,false
1140936,202-0090636-6623568,AMAZON,B08V5MK449,,CRSF100BM+PHHT1PBRBM+LSCY290BM,3,56.67,18.89,2026-04-09 22:45:05,amazon Dcvoltage,false
1140942,206-5772307-0218716,AMAZON,B0GDDXB14R,,LDMT185E2732PK,1,10.99,9.16,2026-04-09 23:11:14,amazon Ledsone,false
1140943,026-0429985-8877149,AMAZON,B0CL1K1T2T,,ENC5521,1,30.29,30.29,2026-04-09 23:13:24,amazon Dcvoltage,false
1140944,202-1343988-7540342,AMAZON,B07ZFW1QZD,,CRFF100CH+LHNSE27CH,1,12.89,12.89,2026-04-09 23:22:09,amazon Dcvoltage,false
1140946,206-0351711-0003555,AMAZON,B0DH4KYFPD,,WCDTBM2PK+RPR44WH2PK,1,18.29,15.24,2026-04-09 23:21:18,amazon Ledsone,false
1140947,203-5660321-4004349,AMAZON,B07DHKGWGZ,,LDMG80E274,1,6.49,5.41,2026-04-09 23:25:37,amazon Ledsone,false
1140960,206-8199926-3308304,AMAZON,B0BQC8XSCM,,SCRN70BM,2,10.18,5.09,2026-04-10 00:09:21,amazon Dcvoltage,false
1140966,202-6072580-0335549,AMAZON,B0CN3CM8K5,,WCBLBM+RPR44WH,1,11.89,11.89,2026-04-10 01:11:28,amazon Dcvoltage,false
1140967,205-2489856-3079524,AMAZON,B0CGV3FQ7C,,PHHR3DSTHE+LDSG125LOE2742PK,1,26.89,22.41,2026-04-10 01:25:47,amazon Ledsone,false
1140971,205-4981596-5773937,AMAZON,B0FY22Q53W,,WCBCFBM2PK+RPR44WH2PK,1,23.89,23.89,2026-04-10 02:08:43,amazon Dcvoltage,false
1140975,204-9976946-2957136,AMAZON,B0DH4KYFPD,,WCDTBM2PK+RPR44WH2PK,1,18.29,15.24,2026-04-10 03:17:28,amazon Ledsone,false
1140976,206-7869886-5621923,AMAZON,B0CVL3JZJD,,RWWPSY0860YE2PK,1,8.08,4.32,2026-04-10 03:20:10,amazon Ledsone,false
1141023,206-4248852-2636333,AMAZON,B0DX77S984,,CERU36300GR,1,5.68,2.32,2026-04-10 04:57:10,amazon Ledsone,false
1141027,026-8645272-0905143,AMAZON,B07VFV228J,,12RPIP454002,1,39.78,21.86,2026-04-10 05:26:55,amazon Ledsone,false
1141042,206-2937769-6607527,AMAZON,B0DRVPGVFM,,LSFT220PI+RPR44WH,1,10.79,10.79,2026-04-10 06:34:44,amazon SRM Amazon,false
1141045,205-4957617-5752306,AMAZON,B0D93QM7CS,,ENC5356,1,24.79,20.66,2026-04-10 06:40:02,amazon Ledsone,false
1141057,205-9516123-1691503,AMAZON,B0FTZGFN4K,,WCFL180BM,2,27.78,11.57,2026-04-10 07:09:46,amazon Ledsone,false
1141071,205-0446495-6998753,AMAZON,B09CZFGJ5C,,ENC8881,1,26.99,22.49,2026-04-10 07:32:01,amazon Ledsone,false
1141088,202-0645891-3307504,AMAZON,B0B9Y59487,,CL3TBR5PK,1,13.79,11.49,2026-04-10 08:06:25,amazon Ledsone,false
1141089,203-9519611-9099555,AMAZON,B0CN6YKTHK,,LDMST64E2743PK,1,17.59,12.41,2026-04-10 08:06:42,amazon Ledsone,false
1141095,203-1543949-8416318,AMAZON,B0FVM8LHNX,,CERU36150BL,1,4.58,1.41,2026-04-10 08:10:01,amazon Ledsone,false
1141096,205-3530391-2565944,AMAZON,B0DH4KYFPD,,WCDTBM2PK+RPR44WH2PK,1,18.29,15.24,2026-04-10 08:12:50,amazon Ledsone,false
1141131,026-3588791-9434742,AMAZON,B093QJ6CSN,,PLTERR,1,17.89,14.91,2026-04-10 09:06:30,amazon Ledsone,false
1141134,202-1335348-8485167,AMAZON,B08XNPSWMN,,CRSF100BC+LHNSE27YB+SCRN70BC+LSWD360BC,1,29.89,29.89,2026-04-10 09:13:17,amazon Dcvoltage,false
1141164,202-1812015-0212306,AMAZON,B0C9TWTCZ8,,LSCY210BG+RPR44WH,1,12.89,12.89,2026-04-09 08:18:48,amazon Dcvoltage,false
1141165,202-9146458-3597966,AMAZON,B0DL9TXC12,,CL3RAGAPK,1,27.99,27.99,2026-04-10 09:38:57,amazon Dcvoltage,false
1141166,204-8988549-4299518,AMAZON,B0DCK1WP5M,,SPSDP3WH2PK,1,7.19,5.99,2026-04-10 09:43:51,amazon Ledsone,false
1141168,206-8215610-7230716,AMAZON,B0F2F8SKBV,,LSMS320BG+RPR44WH,3,55.64,14.07,2026-04-10 09:47:29,amazon Ledsone,false
1141169,205-9692896-1752306,AMAZON,B0CKSTLS8P,,CRFF75SN,1,9.78,5.74,2026-04-10 09:47:32,amazon Ledsone,false
1141170,202-8730215-4769125,AMAZON,B0D9616XS6,,LSOL180BS2PK+RPR44WH2PK,1,18.49,15.41,2026-04-10 09:52:14,amazon Ledsone,false
1141172,026-3908016-9675514,AMAZON,B0CZNPP2K1,,LSSS300CH2PK+RPR44WH2PK,1,23.99,23.99,2026-04-10 10:00:26,amazon Dcvoltage,false
1141176,205-5230649-5777140,AMAZON,B0CR3Y2QYB,,MBEX4560BMDPK,1,10.27,8.56,2026-04-10 10:06:35,amazon Ledsone,false
1141177,206-0392989-4755552,AMAZON,B0BBB6LRDT,,CL3ROR5PK,1,15.79,13.16,2026-04-10 10:07:19,amazon Ledsone,false
1141178,202-7749158-1017156,AMAZON,B0DDC11VMP,,LSMCSPDRFL+RPM40WH,1,19.89,16.57,2026-04-10 10:15:24,amazon Ledsone,false
1141182,203-5302282-7280369,AMAZON,B0CNXLNGF8,,CL3TGR3PK,1,7.78,4.49,2026-04-10 10:20:44,amazon Dcvoltage,false
1141183,202-0249079-8649118,AMAZON,B08XBYXQC6,,CL3TBRAPK,1,19.99,19.99,2026-04-10 10:28:19,amazon Dcvoltage,false
1141191,206-6399449-7775544,AMAZON,B0CKWMJ9YL,,CL3RBW5PK,1,14.19,14.19,2026-04-10 10:33:46,amazon Dcvoltage,false
1141198,203-7342087-4864324,AMAZON,B0FVMDMLND,,CERU36150RE,1,1.24,1.24,2026-04-10 10:41:21,amazon Ledsone,false
1141199,203-7342087-4864324,AMAZON,B0FVM8LHNX,,CERU36150BL,1,1.41,1.41,2026-04-10 10:41:21,amazon Ledsone,false
1141200,203-7342087-4864324,AMAZON,B0F8QCBY49,,CERU36200BM,1,1.66,1.66,2026-04-10 10:41:21,amazon Ledsone,false
1141207,203-1427297-7033141,AMAZON,B0B71MJFDZ,,CRSF100BM,1,8.88,4.99,2026-04-10 10:49:28,amazon Ledsone,false
1141208,204-2041639-6983557,AMAZON,B0DZDRQ53R,,CL2RBMAPK,1,19.79,16.49,2026-04-10 10:49:34,amazon Ledsone,false
1141209,204-5413148-1348323,AMAZON,B0FPWXQWQD,,LDCWA60HB2296PK,1,10.13,6.24,2026-04-10 10:51:55,amazon Ledsone,false
1141213,204-4051106-7395502,AMAZON,B08XNSJYTG,,LSCY290GY+RPR44WH,2,32.18,16.09,2026-04-10 11:02:25,amazon Dcvoltage,false
1141222,026-6755491-4750730,AMAZON,B0DTHKSNFS,,WCB6BM3PK+RPR44WH3PK,1,22.49,22.49,2026-04-10 11:10:29,amazon Dcvoltage,false
1141227,026-8304365-3354708,AMAZON,B0D7S3YDZY,,LSMS320WH+RPR44WH,1,14.99,12.49,2026-04-10 11:22:55,amazon Ledsone,false
1141250,206-2399314-6511547,AMAZON,B0F28YR5JN,,LSCY290NB+RPR44WH,2,32.18,13.41,2026-04-10 11:43:17,amazon Ledsone,false
1141260,205-3472566-0615501,AMAZON,B0DV5F3N8Z,,ENC8218,1,32.89,27.41,2026-04-10 11:54:09,amazon Ledsone,false
1141263,202-7251586-6155567,AMAZON,B0D4V2PRSJ,,WLFS220BM4PK,1,50.89,50.89,2026-04-10 11:52:00,amazon Dcvoltage,false
1141270,204-8786962-9694769,AMAZON,B0BV7C4JXR,,ENC1971,1,127.89,127.89,2026-04-10 12:02:55,amazon Dcvoltage,false
1141275,205-6125358-4450765,AMAZON,B0B8P9BKXB,,LDMG125E278,2,21.14,8.81,2026-04-10 12:12:59,amazon Ledsone,false
1141283,203-7342225-1703563,AMAZON,B08BTXHMJ4,,CCORNWH50,1,13.99,13.99,2026-04-10 12:20:26,amazon SRM Amazon,false
1141286,204-1797498-9345905,AMAZON,B0DH64L6PN,,CL2TGD5PK,1,11.99,11.99,2026-04-10 12:29:23,amazon Dcvoltage,false
1141287,204-1797498-9345905,AMAZON,B0DH688STH,,CL2TIV5PK,1,11.99,11.99,2026-04-10 12:29:23,amazon Dcvoltage,false
1141292,206-0797524-7088337,AMAZON,B0F28YR5JN,,LSCY290NB+RPR44WH,1,15.99,13.32,2026-04-10 12:47:56,amazon Ledsone,false
1141300,206-0658784-1258703,AMAZON,B0FY22Q53W,,WCBCFBM2PK+RPR44WH2PK,1,23.89,23.89,2026-04-10 12:47:56,amazon Dcvoltage,false
1141307,206-8429605-1233168,AMAZON,B0C2VVSJYP,,CRSF100BM+WSLS155YB+SCRN70BM+LSFT220BG,3,53.67,14.91,2026-04-10 13:01:59,amazon Ledsone,false
1141312,026-5358815-9957146,AMAZON,B0CVN6PYHV,,CENU19150BM,1,1.35,1.35,2026-04-10 13:14:31,amazon Dcvoltage,false
1141314,202-5639321-5467558,AMAZON,B0DT9SB8XR,,LDCWE27252PK,5,59.75,12.99,2026-04-10 13:10:06,amazon SRM Amazon,false
1141322,202-8450588-6105913,AMAZON,B0FC1YZTFN,,SPSSDBMAPK,1,7.19,5.99,2026-04-10 13:20:54,amazon Ledsone,false
1141323,203-7102277-7774707,AMAZON,B0CVN6PYHV,,CENU19150BM,1,1.35,1.35,2026-04-10 13:26:14,amazon Dcvoltage,false
1141327,205-5116611-7388311,AMAZON,B0DB2B8XXL,,CRFF75GB3PK,1,20.89,13.24,2026-04-10 13:37:55,amazon Ledsone,false
1141332,205-7153106-2034722,AMAZON,B08QR82LCQ,,ENC622,1,39.89,39.89,2026-04-10 13:53:21,amazon Dcvoltage,false
1141334,203-3498465-4517156,AMAZON,B084645W4S,,LDMST64E2783PK,1,12.89,10.74,2026-04-10 13:52:21,amazon Ledsone,false
1141355,202-8248572-2599562,AMAZON,B07SBVXTP1,,CRSF2003GB,1,12.89,12.89,2026-04-10 14:21:35,amazon Dcvoltage,false
1141394,203-4767661-7749121,AMAZON,B0C9DV894B,,SPSDP2YB,1,7.09,7.09,2026-04-10 15:17:17,amazon Dcvoltage,false
1141395,202-2677009-9857102,AMAZON,B09MWHZ3LC,,ENC2230,1,35.89,29.91,2026-04-10 15:16:17,amazon Ledsone,false
1141402,202-2751131-4882732,AMAZON,B0D5BFHKBN,,LSMS320GY2PK+RPR44WH2PK,2,54.18,27.09,2026-04-10 15:20:09,amazon Dcvoltage,false
1141403,204-3301684-1265930,AMAZON,B0G499B37C,,WCCYSP180WH2PK+RPR44WH2PK,1,20.74,20.74,2026-04-10 15:24:38,amazon Ledsone,false
1141405,206-6648734-1664348,AMAZON,B0GMHQTBSQ,,LHXSHE27BM2PK,1,16.69,13.91,2026-04-10 15:29:35,amazon Ledsone,false
1141407,204-3301684-1265930,AMAZON,B0G49DDJ63,,WCCYSP180GD2PK+RPR44WH2PK,1,19.91,19.91,2026-04-10 15:24:38,amazon Ledsone,false
1141408,204-7793842-2564314,AMAZON,B0DH4KYFPD,,WCDTBM2PK+RPR44WH2PK,1,18.29,15.24,2026-04-10 15:32:33,amazon Ledsone,false
1141409,203-9044088-0265104,AMAZON,B0FTZGFN4K,,WCFL180BM+RPR44WH,1,13.89,11.57,2026-04-10 15:34:38,amazon Ledsone,false
1141414,205-7805066-9838726,AMAZON,B08KW4CKK4,,12IP67150,5,79.95,15.99,2026-04-10 15:38:45,amazon SRM Amazon,false
1141415,206-0960810-0770764,AMAZON,B0CBPTFNRX,,WCB4BM2PK+RPR44WH2PK,1,20.89,15.89,2026-04-10 15:43:39,amazon Dcvoltage,false
1141419,026-5812513-4313968,AMAZON,B0CCHZNHT9,,SPSDP2WH,1,8.78,4.91,2026-04-10 15:51:59,amazon Ledsone,false
1141421,202-2961639-0830711,AMAZON,B0DH688STH,,CL2TIV5PK,1,11.99,11.99,2026-04-10 15:54:59,amazon Dcvoltage,false
1141422,204-5566985-8269167,AMAZON,B094NK21SK,,ENC1522,2,109.78,54.89,2026-04-10 15:31:45,amazon Dcvoltage,false
1141426,204-3594001-6545908,AMAZON,B0CVN6PYHV,,CENU19150BM,3,4.05,1.35,2026-04-10 15:59:51,amazon Dcvoltage,false
1141427,205-9722664-9841924,AMAZON,B0FZCW7KC7,,LSHM300HE+RPR44WH,1,22.99,22.99,2026-04-10 16:06:45,amazon Dcvoltage,false
1141428,203-1907318-2171567,AMAZON,B0CNJX1DV8,,WCB7WH+RPR44WH,1,9.89,9.89,2026-04-10 16:07:03,amazon Dcvoltage,false
1141433,204-5718901-6845149,AMAZON,B096FZK8N9,,CRSF100BM+PHCHPCRYB+LSCY290YB,1,24.89,24.89,2026-04-10 16:15:09,amazon Dcvoltage,false
1141434,206-6309982-8449968,AMAZON,B0F7QRS48B,,CL3TBMAPK,1,22.89,19.07,2026-04-10 16:14:48,amazon Ledsone,false
1141447,202-3752432-0632310,AMAZON,B09Z6RQPJT,,CCBC9,4,24.76,5.16,2026-04-10 16:27:55,amazon Ledsone,false
1141459,204-2781650-4795540,AMAZON,B0CCHX3S7L,,SPSDP2BM6PK,1,21.09,17.57,2026-04-10 16:49:06,amazon Ledsone,false
1141460,202-7710566-4578724,AMAZON,B0G8FCDR57,,TPOS1PRBRO+LDSSTRE274,1,20.89,20.89,2026-04-10 16:43:38,amazon Dcvoltage,false
1141470,203-9604226-3911515,AMAZON,B0DH61JZSJ,,CL2TAGAPK,1,18.29,18.29,2026-04-10 16:59:54,amazon Dcvoltage,false
1141474,205-1270378-0893969,AMAZON,B0DYJVGKBL,,LSFT220BG+RPR44WH,1,12.39,12.39,2026-04-10 17:06:06,amazon SRM Amazon,false
1141475,204-8220805-3635518,AMAZON,B084GRXH6J,,LHBBE27CO,1,9.78,6.89,2026-04-10 17:01:49,amazon Dcvoltage,false
1141476,203-4238805-0490750,AMAZON,B0CJCF5PCD,,LSSS300BG2PK+RPR44WH2PK,1,25.99,25.99,2026-04-10 17:03:57,amazon Dcvoltage,false
1141477,203-4765116-5252343,AMAZON,B0D83PFMTP,,WCDCBM3PK+RPR44WH3PK,1,24.29,24.29,2026-04-10 17:04:36,amazon Dcvoltage,false
1141488,205-0326617-3916308,AMAZON,B0DLBFH747,,PCBM20DS5PK,2,14.67,4.91,2026-04-10 17:23:12,amazon Ledsone,false
1141492,203-5464877-0907529,AMAZON,B0F4XY3MHC,,TSTS30WH,1,4.18,1.29,2026-04-10 17:25:26,amazon Dcvoltage,false
1141497,202-0388999-9378711,AMAZON,B08WLZZC5C,,CRSF100CO+PHMU1PBRCO+LSDM220CO,1,18.99,18.99,2026-04-10 17:32:03,amazon Dcvoltage,false
1141518,205-9843987-0845902,AMAZON,B0D4YRGJDR,,LDMG95B2283PK,1,15.09,15.09,2026-04-10 18:13:24,amazon Dcvoltage,false
1141519,202-2060206-8033967,AMAZON,B0CVH36LHZ,,RWWPSY10120YE,1,15.88,12.99,2026-04-10 18:17:07,amazon Dcvoltage,false
1141529,026-7036342-3071567,AMAZON,B08V5MK449,,CRSF100BM+PHHT1PBRBM+LSCY290BM,1,21.89,21.89,2026-04-10 18:21:59,amazon Dcvoltage,false
1141530,026-4671125-5476308,AMAZON,B08ZHZN15X,,CRSF2003BM+PHRI1PBRCO3PK+LSDO210RR3PK,3,105.00,38.89,2026-04-10 18:22:15,amazon Dcvoltage,false
1141536,203-4371622-3799501,AMAZON,B0DH623GPF,,CL2TBM2PK,1,6.99,6.99,2026-04-10 18:34:57,amazon Dcvoltage,false
1141542,026-6009088-3801937,AMAZON,B0B7SJYY45,,PHSF1GYTCH,1,14.99,12.49,2026-04-10 18:49:34,amazon Ledsone,false
1141563,202-1177918-5823528,AMAZON,B0D83PFMTP,,WCDCBM3PK+RPR44WH3PK,1,24.29,24.29,2026-04-10 18:59:25,amazon Dcvoltage,false
1141564,026-2405406-5797945,AMAZON,B0FTZGFN4K,,WCFL180BM+RPR44WH,2,27.78,11.57,2026-04-10 19:09:34,amazon Ledsone,false
1141569,206-3454864-4295558,AMAZON,B0BJ2XSYKT,,LDMG80E274APK,1,27.99,23.32,2026-04-10 19:18:12,amazon Ledsone,false
1141577,205-7264424-5015563,AMAZON,B0CLGWZ3VR,,CRFF140FG2PK+WSFSFG2PK+ICST64E272PK,1,24.89,20.74,2026-04-10 19:25:03,amazon Ledsone,false
1141578,204-0346383-9120307,AMAZON,B09ZVH3JKY,,CCBKNWE18,1,6.99,5.82,2026-04-10 19:27:13,amazon Ledsone,false
1141579,202-1923881-4690705,AMAZON,B0DFBTNZBC,,WCDTWH3PK+RPR44WH3PK,1,22.39,22.39,2026-04-10 19:25:55,amazon Dcvoltage,false
1141580,205-4782144-2823532,AMAZON,B0D73Q5XJ6,,ENC4929,3,67.21,24.09,2026-04-10 19:28:46,amazon Dcvoltage,false
1141585,026-9041750-4696328,AMAZON,B0GR8KX976,,SPPGUK3PBR2PK,1,6.87,3.32,2026-04-10 19:31:50,amazon Ledsone,false
1141586,026-9468535-4154740,AMAZON,B095HZKGLN,,CRSF100SN+LHNSE27SN+SCRN70SN+LSOL220SN,1,18.89,15.74,2026-04-10 19:35:11,amazon Ledsone,false
1141587,205-0204844-6141974,AMAZON,B094DN1XL1,,PLADBC,1,50.86,42.38,2026-04-10 19:37:18,amazon Ledsone,false
1141592,026-2293860-2990766,AMAZON,B0B7KCXV72,,CRFF105GB,1,11.68,7.32,2026-04-10 19:39:29,amazon Ledsone,false
1141600,206-6872139-9105122,AMAZON,B0DG29SP2H,,LDMA60E274WW2PK,1,8.99,7.49,2026-04-10 19:50:08,amazon Ledsone,false
1141601,203-9210733-3592323,AMAZON,B0DG2BN5YP,,LDMA60E274WW5PK,1,18.89,15.74,2026-04-10 19:45:36,amazon Ledsone,false
1141602,206-1077671-5855532,AMAZON,B0F28YR5JN,,LSCY290NB+RPR44WH,2,31.98,13.32,2026-04-10 19:59:26,amazon Ledsone,false
1141610,206-5920207-9748337,AMAZON,B0D7MRVY68,,CODL232AGY,100,23.99,0.23,2026-04-10 20:17:32,amazon Dcvoltage,false
1141624,203-5611362-1145131,AMAZON,B0D2949Q4K,,LSCY290BS3PK+RPR44WH3PK,1,39.49,32.91,2026-04-10 20:44:28,amazon Ledsone,false
1141661,205-9033079-1968338,AMAZON,B0F93GN9Y1,,ENC9045,2,53.98,26.99,2026-04-10 21:38:50,amazon Dcvoltage,false
1141662,203-1205788-0719507,AMAZON,B0CCHXR4X2,,SPSDP2WH3PK,1,14.09,11.74,2026-04-10 21:41:55,amazon Ledsone,false
1141665,203-9289502-4317163,AMAZON,B0CBKFJ1FB,,PHSF2GDTFG+SPSDP2YB,1,15.69,13.07,2026-04-10 21:55:27,amazon Ledsone,false
1141672,026-4969211-9987525,AMAZON,B09477YHK7,,LDMG95E278APK,1,35.19,29.32,2026-04-10 22:19:52,amazon Ledsone,false
1141687,202-7617211-2784321,AMAZON,B0D7S35MGY,,LSMS320GR+RPR44WH,1,14.99,12.49,2026-04-10 23:22:59,amazon Ledsone,false
1141689,203-5327695-9617934,AMAZON,B0DRP5L3MM,,LHSHE27SN2PK,2,20.47,10.89,2026-04-10 23:29:27,amazon SRM Amazon,false
1141693,026-1707678-0286767,AMAZON,B0DC477M3Q,,LSDO300BI+RPR44WH,2,25.78,10.74,2026-04-10 23:56:29,amazon Ledsone,false
1141694,203-6657799-4389902,AMAZON,B0DTHKKQV6,,WCB7BM3PK+RPR44WH3PK,1,22.89,22.89,2026-04-11 00:03:01,amazon Dcvoltage,false
1141699,203-8357473-3084316,AMAZON,B0FXFK62XH,,WCFL180RO2PK+RPR44WH2PK,1,24.49,20.41,2026-04-11 00:23:27,amazon Ledsone,false
1141700,203-7741143-0560351,AMAZON,B0CVHD9D3V,,CENU25200BM,1,4.78,1.24,2026-04-10 22:39:11,amazon Ledsone,false
1141701,203-0381498-9237948,AMAZON,B0CDWSQFR7,,PSHNOS4WRWH,1,11.89,9.91,2026-04-11 00:36:34,amazon Ledsone,false
1141715,202-3500411-2423509,AMAZON,B09Z6P8H29,,LDCWA60HB227,6,24.54,3.41,2026-04-11 01:50:47,amazon Ledsone,false
1141723,204-1194702-1060318,AMAZON,B0DH64L6PN,,CL2TGD5PK,1,11.99,11.99,2026-04-11 04:34:39,amazon Dcvoltage,false
1141732,206-1436026-4649116,AMAZON,B0GTYQ6BCV,,LDMT185E2736PK,2,29.98,12.49,2026-04-11 05:52:08,amazon Ledsone,false
1141733,026-9430892-5597906,AMAZON,B0FDQTFFVL,,CERU36150BL,2,6.27,1.41,2026-04-11 05:57:46,amazon Ledsone,false
1141752,204-7124592-8249163,AMAZON,B09BVXJQ6F,,WCTBBS,1,41.89,34.91,2026-04-11 06:05:07,amazon Ledsone,false
1141761,204-1722123-8204356,AMAZON,B0DTHKKQV6,,WCB7BM3PK+RPR44WH3PK,1,22.89,22.89,2026-04-11 06:34:30,amazon Dcvoltage,false
1141784,203-8896794-0793925,AMAZON,B0DGT7SBQF,,LSOL180RR2PK+RPR44WH2PK,1,17.89,14.91,2026-04-11 07:34:35,amazon Ledsone,false
1141786,203-8811249-9821149,AMAZON,B0DFBMF3Q2,,WCDTRO3PK+RPR44WH3PK,1,24.29,24.29,2026-04-11 07:34:35,amazon Dcvoltage,false
1141789,203-0519106-6880337,AMAZON,B08D6QH3XB,,CRSF100BM+PHTT1PBR5BM+CNT900BM+LSTB360YE,1,23.99,23.99,2026-04-11 07:47:04,amazon Dcvoltage,false
1141805,205-4573608-8380363,AMAZON,B0CVH5X3TP,,CENU1001200WH,1,18.89,15.74,2026-04-11 08:12:47,amazon Ledsone,false
1141806,202-8072838-5170732,AMAZON,B09479HV6W,,LDMG95E2783PK,1,17.89,14.91,2026-04-11 08:16:08,amazon Ledsone,false
1141810,205-5924100-6100345,AMAZON,B0F32XTV5C,,RWWPSN08GY,1,5.78,2.41,2026-04-11 08:25:12,amazon Ledsone,false
1141811,205-6331669-4923536,AMAZON,B0CPBTW85Y,,LSCY290GY+RPR44WH,1,16.09,16.09,2026-04-11 08:21:30,amazon Dcvoltage,false
1141812,206-6788323-0656356,AMAZON,B08VGPPCY1,,WCDTBM+RPR44WH,1,10.89,10.89,2026-04-11 08:24:38,amazon Dcvoltage,false
1141816,026-9730566-8249167,AMAZON,B0B8VVQSNV,,LDSG125LOE274,3,39.00,9.99,2026-04-11 08:37:13,amazon Ledsone,false
1141817,204-2957694-6988320,AMAZON,B0C171RZDD,,PSDS2RGR,2,19.98,9.99,2026-04-11 08:38:52,amazon Dcvoltage,false
1141821,205-6216912-8370717,AMAZON,B0D7S3YDZY,,LSMS320WH+RPR44WH,1,14.99,12.49,2026-04-11 08:43:16,amazon Ledsone,false
1141822,204-8727134-9509932,AMAZON,B0743GYD52,,CO332AORAPK,1,2.41,2.41,2026-04-11 08:45:14,amazon Ledsone,false
1141823,204-8727134-9509932,AMAZON,B0D87DJ8FQ,,CO232AGYAPK,1,2.41,2.41,2026-04-11 08:45:14,amazon Ledsone,false
1141833,203-1199595-3191515,AMAZON,B0DSBXGG1H,,PHUH1HETBM+LSHM400HE,1,35.89,29.91,2026-04-11 09:10:07,amazon Ledsone,false
1141835,206-6061223-0057131,AMAZON,B0DCNSX683,,PLADBC2PK,1,98.89,82.41,2026-04-11 09:15:28,amazon Ledsone,false
1141838,026-9142507-9672362,AMAZON,B0DJR6W8XX,,SPSPLBM2PK,2,8.67,2.41,2026-04-11 09:20:56,amazon Ledsone,false
1141839,202-5055984-1987517,AMAZON,B0DHS1S1LZ,,LSDM220SN+RPR44WH,1,12.89,10.74,2026-04-11 09:25:28,amazon Ledsone,false
1141841,205-1611352-5960319,AMAZON,B0CPBW3J4P,,LSCY290RO+RPR44WH,2,35.78,17.89,2026-04-11 09:34:47,amazon Dcvoltage,false
1141851,206-2933195-1000314,AMAZON,B0GLWWJT8F,,PLHNBC,3,41.67,11.57,2026-04-11 09:38:33,amazon Ledsone,false
1141858,026-5737228-3636360,AMAZON,B08VGMWPRZ,,WCDTWH+RPR44WH,1,11.89,11.89,2026-04-11 09:55:55,amazon Dcvoltage,false
1141871,026-0404733-3961125,AMAZON,B0F7LVPY77,,LSFT220GY2PK+RPR44WH2PK,1,19.89,19.89,2026-04-11 10:15:29,amazon Dcvoltage,false
1141882,204-5329353-6909908,AMAZON,B0D4YRGJDR,,LDMG95B2283PK,1,15.09,15.09,2026-04-11 10:36:39,amazon Dcvoltage,false
1141887,026-9458024-9004352,AMAZON,B0B97Z4ZDD,,ENC3550,4,367.87,82.41,2026-04-11 10:47:52,amazon Ledsone,false
1141888,206-6550947-8869950,AMAZON,B092DTV4GG,,PHCH1FBRBM+LSCY290BI,3,65.37,18.16,2026-04-11 10:43:12,amazon Ledsone,false
1141889,203-3337437-4439523,AMAZON,B0CNLZLJZT,,WCB2BM+RPR44WH,1,14.89,9.89,2026-04-11 10:42:17,amazon Dcvoltage,false
1141902,026-1849629-1234720,AMAZON,B0DH4KYFPD,,WCDTBM2PK+RPR44WH2PK,1,18.29,15.24,2026-04-11 11:08:10,amazon Ledsone,false
1141906,203-1768220-0480319,AMAZON,B0GCZG4XFD,,CRSF120WH,1,8.78,4.91,2026-04-11 11:16:02,amazon Ledsone,false
1141909,203-7760086-5618767,AMAZON,B0CGRJ1V8L,,TPOSBDBM,1,24.89,24.89,2026-04-11 11:26:31,amazon Dcvoltage,false
1141911,026-8924680-0136353,AMAZON,B0D28WGCY4,,LSCY290BL+RPR44WH,1,20.29,12.74,2026-04-11 11:27:14,amazon Ledsone,false
1141916,026-4841248-2285111,AMAZON,B08XNQFS2H,,LSSS300PI+RPR44WH,1,13.49,13.49,2026-04-11 11:33:40,amazon Dcvoltage,false
1141918,206-3716544-3577133,AMAZON,B0CCHXR4X2,,SPSDP2WH3PK,1,14.09,11.74,2026-04-11 11:34:16,amazon Ledsone,false
1141929,202-9281118-1896328,AMAZON,B0DY7NXLY4,,RWWPSY0640YE,1,6.49,6.49,2026-04-11 11:58:20,amazon SRM Amazon,false
1141930,026-1832180-2894757,AMAZON,B0D73P3GFS,,ENC4933,1,22.40,24.09,2026-04-11 11:52:22,amazon Dcvoltage,false
1141931,026-8334482-6124317,AMAZON,B0DR954YJT,,PSOS4BMTHE+CBMP140BM+ICST64E27,1,17.89,14.91,2026-04-11 11:51:52,amazon Ledsone,false
1141947,026-5498659-9633916,AMAZON,B0D7MQC47C,,CRFF105BA2PK,1,13.89,11.57,2026-04-11 12:04:48,amazon Ledsone,false
1141949,203-2988579-2501924,AMAZON,B0D7ZRWBS2,,LSCY290BI2PK+RPR44WH2PK,1,24.99,20.82,2026-04-11 12:08:23,amazon Ledsone,false
1141950,026-2778217-0959519,AMAZON,B0DBZPZPYZ,,CL3RBU5PK,1,13.99,13.99,2026-04-11 11:59:06,amazon SRM Amazon,false
1141954,206-6503518-4425912,AMAZON,B0FTZGFN4K,,WCFL180BM,1,11.57,11.57,2026-04-11 12:19:01,amazon Ledsone,false
1141955,206-6503518-4425912,AMAZON,B0C43L42DK,,WCDTRE+RPR44WH,1,9.07,9.07,2026-04-11 12:19:01,amazon Ledsone,false
1141956,203-2614549-9922756,AMAZON,B0824WFGN6,,CRSF100WH+WCGSGR+ICG80E2760,1,16.99,16.99,2026-04-11 12:16:34,amazon Dcvoltage,false
1141963,206-3353600-6461903,AMAZON,B0F28ZYP9G,,CERU72450GR,1,11.01,7.99,2026-04-11 12:21:55,amazon Dcvoltage,false
1141966,203-8648105-7509112,AMAZON,B0D7S58MB1,,LSMS320BI2PK+RPR44WH2PK,1,25.89,21.57,2026-04-11 12:29:03,amazon Ledsone,false
1141967,202-8614333-0982721,AMAZON,B0DTQ2P2B4,,LDMST64E274,1,6.89,5.74,2026-04-11 12:30:00,amazon Ledsone,false
1141968,026-2769294-5779518,AMAZON,B08WC68BFR,,WCBKHE+RPR44WH,1,15.49,15.49,2026-04-11 12:37:49,amazon Dcvoltage,false
1141974,204-7301106-8540315,AMAZON,B0DXKZGLD7,,ENC4611,1,36.99,36.99,2026-04-11 12:48:28,amazon SRM Amazon,false
1141979,203-2126411-2196336,AMAZON,B0DH4KYFPD,,WCDTBM2PK+RPR44WH2PK,1,18.29,15.24,2026-04-11 12:49:56,amazon Ledsone,false
1141980,026-8951315-4825163,AMAZON,B0CLGVK56H,,CRFF140BM+WSFSBA+ICST64E27,1,14.19,11.82,2026-04-11 12:51:53,amazon Ledsone,false
1141982,202-0891208-9444337,AMAZON,B0DP24V286,,12UK3P2A,1,8.69,8.69,2026-04-11 12:51:52,amazon Dcvoltage,false
1141983,202-2542215-0039518,AMAZON,B0BX6SH769,,PHSF1PWR40WH+LSBS160RE+ICST64E27,1,24.89,24.89,2026-04-11 12:58:20,amazon Dcvoltage,false
1141989,203-5901062-7763565,AMAZON,B0FH9MJR4X,,CRFF140CH+PHAH2RCHBW+SPSDP2SN,1,15.29,12.74,2026-04-11 13:05:25,amazon Ledsone,false
1142017,203-3887873-4261953,AMAZON,B0GLQ2N3MN,,LSCY290DGY+RPR44WH,1,15.89,13.24,2026-04-11 13:10:10,amazon Ledsone,false
1142018,026-6041665-5449136,AMAZON,B0CDPWFXXW,,PHHR1DSTHE2PK,4,95.36,19.87,2026-04-11 13:15:29,amazon Ledsone,false
1142019,204-3860911-8055547,AMAZON,B08CXS3T8T,,LDMT45E274,1,6.69,6.69,2026-04-11 13:11:47,amazon SRM Amazon,false
1142032,206-4402918-0978758,AMAZON,B0DH5MBL9F,,CL2TIV2PK,1,9.88,6.99,2026-04-11 13:22:00,amazon Dcvoltage,false
1142037,205-4705393-2301143,AMAZON,B0B9Y5MRSK,,CL3TGD5PK,1,13.19,10.99,2026-04-11 13:29:42,amazon Ledsone,false
1142043,206-8839462-1809915,AMAZON,B07L8H73LT,,CL3TGDAPK,1,22.99,22.99,2026-04-11 13:51:37,amazon Dcvoltage,false
1142044,202-9088522-2615527,AMAZON,B0F8QCBY49,,CERU36200BM,1,4.88,1.66,2026-04-11 13:52:49,amazon Ledsone,false
1142050,206-8484631-2549953,AMAZON,B0D299566W,,LSCY290NB+RPR44WH,1,16.09,13.41,2026-04-11 14:01:27,amazon Ledsone,false
1142054,206-9813747-4083548,AMAZON,B0FXFF5LTD,,WCFL180BM2PK+RPR44WH2PK,1,21.89,18.24,2026-04-11 14:13:12,amazon Ledsone,false
1142062,026-0012907-4133177,AMAZON,B0CLTWLWLB,,WCFS1WHBM2PK,1,46.89,39.07,2026-04-11 14:21:04,amazon Ledsone,false
1142072,205-0520498-3428342,AMAZON,B0FJLXT6TT,,PLTEBC,1,19.69,16.41,2026-04-11 14:40:27,amazon Ledsone,false
1142082,205-1133753-6817133,AMAZON,B0DYT146SS,,RWWPSY0680YE,1,5.78,2.41,2026-04-11 15:00:34,amazon Ledsone,false
1142091,202-2534309-9257146,AMAZON,B09MWHX7F8,,ENC2244,2,71.78,29.91,2026-04-11 15:02:11,amazon Ledsone,false
1142105,206-7181696-4801118,AMAZON,B0D4YG1QFJ,,LDMG95E2783PK,1,12.19,12.19,2026-04-11 15:35:26,amazon Dcvoltage,false
1142106,203-8626570-5631510,AMAZON,B0DYDYF8GT,,CRFF100YB+LHNSE27YB,1,12.18,7.74,2026-04-11 15:33:09,amazon Ledsone,false
1142112,205-3448480-8899541,AMAZON,B0F1TWK2YM,,LDMA60E274WW3PK,1,6.89,6.89,2026-04-11 15:42:35,amazon Dcvoltage,false
1142118,206-1016616-5707516,AMAZON,B0F28YR5JN,,LSCY290NB+RPR44WH,1,15.99,13.32,2026-04-11 15:49:34,amazon Ledsone,false
1142124,203-4106875-0083534,AMAZON,B07ZQ38MKQ,,HRE2738BM2PK,1,6.98,3.41,2026-04-11 16:08:58,amazon Ledsone,false
1142125,206-1221206-1582736,AMAZON,B07RCVBBXN,,LDMST64B228,2,13.98,6.99,2026-04-11 16:06:59,amazon Dcvoltage,false
1142138,206-9719113-6639507,AMAZON,B0863LVZNG,,PHSF1AGTGB,2,29.78,12.41,2026-04-11 16:18:56,amazon Ledsone,false
1142139,202-8189517-9881125,AMAZON,B0GR8KX976,,SPPGUK3PBR2PK,1,3.32,3.32,2026-04-11 16:34:52,amazon Ledsone,false
1142140,202-8189517-9881125,AMAZON,B07CPLFGCG,,LDMST64E274,1,5.74,5.74,2026-04-11 16:34:52,amazon Ledsone,false
1142144,203-5877223-2219561,AMAZON,B0FVM9L8TM,,CERU72350RE,1,5.24,5.24,2026-04-11 16:29:25,amazon Ledsone,false
1142145,203-5877223-2219561,AMAZON,B0FVM9XG95,,CERU72450RE,1,6.57,6.57,2026-04-11 16:29:25,amazon Ledsone,false
1142146,203-5877223-2219561,AMAZON,B0FVMDMLND,,CERU36150RE,1,1.24,1.24,2026-04-11 16:29:25,amazon Ledsone,false
1142148,026-2323888-3661920,AMAZON,B0F32XTV5C,,RWWPSN08GY,1,5.78,2.41,2026-04-11 16:38:49,amazon Ledsone,false
1142156,202-7635792-7745144,AMAZON,B0D6KLBYGD,,FWS145CF,1,6.89,5.74,2026-04-11 16:39:41,amazon Ledsone,false
1142157,202-0383158-7349133,AMAZON,B0DZHGNY42,,LSLC180BS2PK+RPR44WH2PK,1,15.59,12.99,2026-04-11 16:41:03,amazon Ledsone,false
1142158,203-3287869-8850761,AMAZON,B0DH4KYFPD,,WCDTBM2PK+RPR44WH2PK,1,18.29,15.24,2026-04-11 16:36:31,amazon Ledsone,false
1142159,206-6137007-9781923,AMAZON,B0DM5HVQ2P,,CRFF500BM+PHTT1PBRBM3PK+WCBCBB3PK,1,29.99,24.99,2026-04-11 16:44:58,amazon Ledsone,false
1142170,203-3219032-4273900,AMAZON,B0DTHKSNFS,,WCB6BM3PK+RPR44WH3PK,1,22.49,22.49,2026-04-11 17:07:08,amazon Dcvoltage,false
1142179,202-6249320-8229163,AMAZON,B0GDDXB14R,,LDMT185E2732PK,1,10.99,9.16,2026-04-11 17:12:32,amazon Ledsone,false
1142180,026-0049017-5453168,AMAZON,B0FWCF7JB7,,LDMT185E2742PK,1,14.99,12.49,2026-04-11 17:18:02,amazon Ledsone,false
1142181,203-8305991-4803560,AMAZON,B08V8GXTQ1,,WCB6BM+RPR44WH,1,10.29,10.29,2026-04-11 17:07:08,amazon Dcvoltage,false
1142185,202-0921457-3225162,AMAZON,B0CNZ5N8L3,,CL3RWHAPK,1,19.99,19.99,2026-04-11 17:26:17,amazon Dcvoltage,false
1142197,205-2607062-4245944,AMAZON,B0FJ5J4WMV,,CRSF100WH2PK,1,11.48,11.48,2026-04-11 17:34:27,amazon Dcvoltage,false
1142199,204-5324473-5763535,AMAZON,B0D7ZRWBS2,,LSCY290BI2PK+RPR44WH2PK,1,24.99,20.82,2026-04-11 17:33:56,amazon Ledsone,false
1142200,026-9461285-8581946,AMAZON,B0DJCZRJGK,,WSLH200BM2PK+ICST64E272PK,2,41.78,17.41,2026-04-11 17:36:45,amazon Ledsone,false
1142201,204-2381647-7234713,AMAZON,B0FTZGFN4K,,WCFL180BM+RPR44WH,1,13.89,11.57,2026-04-11 17:36:46,amazon Ledsone,false
1142209,203-2763419-9281136,AMAZON,B0FB3WTV46,,LDMC35E1442PK,1,12.78,8.24,2026-04-11 17:44:50,amazon Ledsone,false
1142213,203-4971317-6430740,AMAZON,B093WZG38Q,,HLHG120CH,1,2.59,2.59,2026-04-11 17:55:10,amazon Dcvoltage,false
1142214,204-5497622-6432353,AMAZON,B0D5QZ5D6Y,,LSMCSQWYRE2PK+RPM40WH2PK,1,36.89,36.89,2026-04-11 17:58:17,amazon Dcvoltage,false
1142215,204-7761537-5104324,AMAZON,B0FY5X423H,,LDSG1001E27,1,13.99,11.66,2026-04-11 17:49:15,amazon Ledsone,false
1142216,026-2113379-7959552,AMAZON,B0CVL5VZ1Y,,LSTF400GR+RPR44WH,1,16.39,13.66,2026-04-11 17:50:04,amazon Ledsone,false
1142217,202-2372943-3872368,AMAZON,B0B9Y59487,,CL3TBR5PK,1,13.79,11.49,2026-04-11 17:50:00,amazon Ledsone,false
1142220,205-4741860-3254764,AMAZON,B0DXQ91XHT,,LSCY290RR2PK+RPR44WH2PK,1,25.89,21.57,2026-04-11 18:02:25,amazon Ledsone,false
1142221,206-9591518-6257152,AMAZON,B0DCKWL469,,STFG4845WH,1,6.38,2.91,2026-04-11 18:06:39,amazon Ledsone,false
1142222,203-7663607-1278755,AMAZON,B08S42FF38,,ENC788,2,40.38,16.82,2026-04-11 18:05:17,amazon Ledsone,false
1142228,202-1984922-3318706,AMAZON,B07ZFWL5T1,,CRFF100GB+LHNSE27GB,1,13.89,13.89,2026-04-11 18:11:44,amazon Dcvoltage,false
1142229,026-5983647-3857926,AMAZON,B0DH8XSG97,,CL3TORAPK,1,20.99,20.99,2026-04-11 18:12:36,amazon Dcvoltage,false
1142230,205-6973725-5478720,AMAZON,B0C9TMW8FQ,,ENC1910,2,45.78,22.89,2026-04-11 18:12:13,amazon Dcvoltage,false
1142231,206-6110903-2680355,AMAZON,B0DGQKC1N1,,LSLT360BC+RPR44WH,1,17.49,10.41,2026-04-11 18:16:01,amazon Ledsone,false
1142237,026-1429358-5629129,AMAZON,B0G6JZK7Z8,,CRSF2003BM+PHRB1PBR40BM3PK+LSBS160BU3PK,1,36.89,36.89,2026-04-11 18:14:42,amazon Dcvoltage,false
1142238,205-4246625-7786721,AMAZON,B0G3Y37B3T,,PHBR1BMRBM+ICST64E272PK,1,23.89,23.89,2026-04-11 18:24:42,amazon Dcvoltage,false
1142259,206-1396678-8087543,AMAZON,B0GTJ1BS3K,,LSGL10014CL2PK+RPM40WH2PK,1,12.89,12.89,2026-04-11 18:42:31,amazon Dcvoltage,false
1142262,202-3990149-9992329,AMAZON,B08KG8HQ89,,CL2THE5PK,1,13.49,13.49,2026-04-11 18:54:05,amazon Dcvoltage,false
1142263,202-0923513-0953907,AMAZON,B09MQRMWRF,,WCB6WH+RPR44WH,1,10.89,9.07,2026-04-11 18:54:16,amazon Ledsone,false
1142274,204-3148584-9377904,AMAZON,B0DX6TP9TZ,,CENU36300WH,2,8.27,2.07,2026-04-11 19:28:49,amazon Ledsone,false
1142282,026-1584021-3080302,AMAZON,B08XB16LF5,,PSDS4BMRRE,1,14.17,14.17,2026-04-11 19:40:39,amazon Dcvoltage,false
1142296,202-6032873-6963555,AMAZON,B0DTHKKQV6,,WCB7BM3PK+RPR44WH3PK,1,22.89,22.89,2026-04-11 19:42:26,amazon Dcvoltage,false
1142306,204-7116072-1634704,AMAZON,B0CVH36LHZ,,RWWPSY10120YE,1,15.88,12.99,2026-04-11 20:05:14,amazon Dcvoltage,false
1142307,206-4546997-9913133,AMAZON,B0CKBZ4V22,,CRSF100BM+LHNSE27CO+SCRN70CO+LSFT220BI,1,17.89,17.89,2026-04-11 20:06:56,amazon Dcvoltage,false
1142318,204-8366050-2862751,AMAZON,B0DCFP1CX8,,LDSG95DIE2746PK,4,140.76,29.32,2026-04-11 20:21:28,amazon Ledsone,false
1142323,203-2219798-0895564,AMAZON,B095M2HMFW,,WCVCBC+RPR44WH,1,9.72,8.10,2026-04-11 20:31:55,amazon Ledsone,false
1142326,206-8300761-3777909,AMAZON,B0CCHZNHT9,,SPSDP2WH,1,8.78,4.91,2026-04-11 20:46:07,amazon Ledsone,false
1142327,026-0725257-3898765,AMAZON,B0GLYGJX1J,,PLHNBM+ICST64E27,1,16.09,16.09,2026-04-11 20:46:21,amazon Dcvoltage,false
1142334,205-5192378-0164342,AMAZON,B0DH68WNYV,,CL2TGY5PK,1,10.09,10.09,2026-04-11 20:58:25,amazon Dcvoltage,false
1142335,026-7796576-2963552,AMAZON,B08BZKNC4L,,CBSF295,1,7.49,7.49,2026-04-11 20:58:13,amazon SRM Amazon,false
1142340,026-1268392-8036311,AMAZON,B0D59SHLCD,,WCB1WH2PK+RPR44WH2PK,1,15.89,15.89,2026-04-11 21:04:39,amazon Dcvoltage,false
1142341,026-1268392-8036311,AMAZON,B08XWSBPHW,,WCB1BM+RPR44WH,1,10.49,10.49,2026-04-11 21:04:39,amazon Dcvoltage,false
1142346,202-5032900-7718739,AMAZON,B0G8XMP9T1,,WCSPROBM2PK+RPR44WH2PK,1,19.89,19.89,2026-04-11 21:13:47,amazon Dcvoltage,false
1142349,203-5717588-5804344,AMAZON,B0C5XVB63P,,LSTF40CO+RPR44WH,1,9.07,9.07,2026-04-11 21:24:13,amazon Ledsone,false
1142355,203-3971176-5238743,AMAZON,B08P1HMKPK,,LSRP260SN+RPR44WH,1,18.89,18.89,2026-04-11 21:21:41,amazon Dcvoltage,false
1142356,203-5717588-5804344,AMAZON,B0C5XYCYB6,,LSTF40BC+RPR44WH,1,9.07,9.07,2026-04-11 21:24:13,amazon Ledsone,false
1142359,205-3331749-4933964,AMAZON,B0DQD9ZLBB,,PHSF1BRTCO3PK,1,27.71,23.09,2026-04-11 21:30:42,amazon Ledsone,false
1142360,203-4993838-5075503,AMAZON,B0DX6W8MTS,,CENU25200WH,1,4.78,1.24,2026-04-11 21:35:51,amazon Ledsone,false
1142365,205-5403741-5738729,AMAZON,B0FBX58XN5,,PHSF1PBRYB+LSCY290BC+LDMST64E274,2,48.18,20.07,2026-04-11 21:46:23,amazon Ledsone,false
1142366,026-1853172-2423532,AMAZON,B0F28YFTQ9,,LSCY290BU+RPR44WH,1,15.89,13.24,2026-04-11 21:47:54,amazon Ledsone,false
1142367,026-6065052-3661908,AMAZON,B0D7ZRWBS2,,LSCY290BI2PK+RPR44WH2PK,1,24.99,20.82,2026-04-11 21:47:53,amazon Ledsone,false
1142368,026-0326731-0771501,AMAZON,B0DH4KYFPD,,WCDTBM2PK+RPR44WH2PK,1,18.29,15.24,2026-04-11 21:47:29,amazon Ledsone,false
1142369,202-0680865-9758746,AMAZON,B0CQNKYM5S,,PLTTBS+WCBNBS,1,24.89,24.89,2026-04-11 21:43:30,amazon Dcvoltage,false
1142373,203-7551199-3645931,AMAZON,B0FQVCR27X,,ENC9102,3,69.45,23.15,2026-04-11 21:51:30,amazon Dcvoltage,false
1142374,202-1773041-0339526,AMAZON,B0DB5QGWLF,,LSEL400BM+RPR44WH,1,17.49,17.49,2026-04-11 21:53:45,amazon Dcvoltage,false
1142379,206-5038631-5796360,AMAZON,B0CH339N3Y,,CO123ACL5PK,1,5.49,2.17,2026-04-11 22:11:55,amazon Ledsone,false
1142380,204-9367979-0349900,AMAZON,B0F6V3GXXV,,PHUH1HETBM+LSHM400HE,1,33.69,28.07,2026-04-11 22:16:09,amazon Ledsone,false
1142381,026-3503117-7165927,AMAZON,B0C172T6M7,,PSDS2RRO,1,9.99,9.99,2026-04-11 22:11:08,amazon Dcvoltage,false
1142384,202-7512637-0105110,AMAZON,B08NTKB1DM,,CRFF500BM+PHCH1BMRBM3PK+LSCY210BG3PK,1,39.59,32.99,2026-04-11 22:21:01,amazon Ledsone,false
1142386,205-2141911-0112346,AMAZON,B0D6GL3J79,,CRSF100BC+PHNW1RBC,1,14.89,14.89,2026-04-11 22:22:54,amazon Dcvoltage,false
1142389,205-7329744-5947516,AMAZON,B0D4YTSLXW,,LLROCW52PK,2,19.72,10.49,2026-04-11 22:34:05,amazon SRM Amazon,false
1142390,026-8766916-5564338,AMAZON,B0C3GX7DNZ,,LSDO210YE+RPR44WH,3,35.07,9.74,2026-04-11 22:29:11,amazon Ledsone,false
1142393,203-6856114-5865139,AMAZON,B0DH96L1ZH,,CL3TBMAPK,1,25.89,25.89,2026-04-11 22:44:30,amazon Dcvoltage,false
1142394,203-9470939-7143556,AMAZON,B0DCHCW5XF,,STND242RE,1,4.88,1.99,2026-04-11 22:43:28,amazon Dcvoltage,false
1142397,204-7879528-4692320,AMAZON,B0D299JDV6,,LSCY290YB+RPR44WH,2,35.78,14.91,2026-04-11 23:02:06,amazon Ledsone,false
1142403,026-2111256-3035533,AMAZON,B0C3HSXMCL,,PHSF1PWR20WH2PK+LSWE315RE2PK,2,71.38,29.74,2026-04-11 23:37:24,amazon Ledsone,false
1142404,202-2317081-1105158,AMAZON,B0F1CX6BYH,,RWWPSY0680YE,3,13.29,3.09,2026-04-11 23:34:01,amazon Dcvoltage,false
1142405,205-6773420-0969906,AMAZON,B095P8K2TV,,CRSF100YB+WSNW170YB+LSUL220BB,2,35.78,14.91,2026-04-11 23:44:11,amazon Ledsone,false
1142408,203-6807962-5599508,AMAZON,B0DP2VNVVF,,CRSF100SN+PHCHPCRSN+LSCY290SN,1,24.89,20.74,2026-04-11 23:55:36,amazon Ledsone,false
1142412,202-1689283-2655564,AMAZON,B0CM2RZNHV,,WCDTGD+RPR44WH,2,25.38,12.69,2026-04-12 00:23:48,amazon Dcvoltage,false
1142418,202-1331058-9812342,AMAZON,B093H8YG8Z,,LSMS320GY+RPR44WH,5,74.95,12.49,2026-04-12 01:14:44,amazon Ledsone,false
1142421,204-0309637-0709165,AMAZON,B0DFGKSMPP,,WCDTGD5PK+RPR44WH5PK,1,41.49,41.49,2026-04-12 01:17:47,amazon Dcvoltage,false
1142470,026-2701798-2100327,AMAZON,B0D93PN1ZS,,WCDTGR2PK+RPR44WH2PK,1,17.29,14.41,2026-04-12 04:54:49,amazon Ledsone,false
1142483,205-5533377-6814754,AMAZON,B0D83MBJW1,,WCDTGD3PK+RPR44WH3PK,1,24.89,24.89,2026-04-12 06:52:48,amazon Dcvoltage,false
1142486,205-0128738-5935517,AMAZON,B0F28YR5JN,,LSCY290NB+RPR44WH,1,15.99,13.32,2026-04-12 07:07:35,amazon Ledsone,false
1142489,204-9196423-4189104,AMAZON,B0CN376GSP,,CRSF1202BM+PHHT2PBRBM2PK+SPUPBM2PK,1,19.89,16.57,2026-04-12 07:13:17,amazon Ledsone,false
1142490,206-2561477-2385118,AMAZON,B0GDDXB14R,,LDMT185E2732PK,1,10.99,9.16,2026-04-12 07:17:22,amazon Ledsone,false
1142492,205-8003890-5685112,AMAZON,B0D2TF4BNL,,LSCY290BM2PK+RPR44WH2PK,1,27.89,27.89,2026-04-12 07:07:35,amazon Dcvoltage,false
1142506,202-2850343-8863521,AMAZON,B0CVN6PYHV,,CENU19150BM,1,1.35,1.35,2026-04-12 14:51:32,amazon Dcvoltage,false
1142512,205-1816287-0709924,AMAZON,B0FPQYM3KQ,,LDCWT75B22123PK,1,20.89,17.41,2026-04-12 08:05:27,amazon Ledsone,false
1142513,203-9664342-2696315,AMAZON,B08VGHVH8R,,LSCY290BC+RPR44WH,2,32.58,16.29,2026-04-12 08:02:38,amazon Dcvoltage,false
1142517,206-0222761-2497952,AMAZON,B09LMKTVQN,,CRSF100BM+LHNSE27BM+SCRN70YB+LSMS320BI,3,59.67,16.57,2026-04-12 08:16:10,amazon Ledsone,false
1142520,206-4459217-6542700,AMAZON,B0DTZ26LDY,,LSHH240BG+RPR44WH,1,13.59,11.32,2026-04-12 08:16:51,amazon Ledsone,false
1142522,203-4228446-1954743,AMAZON,B0BBS3RDGZ,,CL3TLBAPK,2,43.78,18.24,2026-04-12 08:23:24,amazon Ledsone,false
1142526,204-2467772-8011557,AMAZON,B09LHV32SZ,,CRSF1203WH+PHTT1PWR1WH3PK+SPSPWH2PK,1,21.79,18.16,2026-04-12 08:33:55,amazon Ledsone,false
1142527,204-3510827-2265915,AMAZON,B0F2919THD,,LSCY290CO+RPR44WH,1,18.89,15.74,2026-04-12 08:37:17,amazon Ledsone,false
1142531,202-0058408-8563524,AMAZON,B0CHJ56DT6,,CRSF100BM+LHNSE27CO+SCRN70CO+LSFT220BL,1,17.89,14.91,2026-04-12 08:35:28,amazon Ledsone,false
1142532,205-4562916-0314729,AMAZON,B094DL6WJK,,PLADRR,1,49.86,41.55,2026-04-12 08:50:35,amazon Ledsone,false
1142544,203-2432589-9635535,AMAZON,B0BBS1VR82,,CL3THEAPK,1,21.89,18.24,2026-04-12 09:03:07,amazon Ledsone,false
1142545,204-3145964-4907553,AMAZON,B09L8KS17V,,CRSF100BM+PHCH1BMRBM+LSDO400BI,1,21.69,18.07,2026-04-12 09:08:36,amazon Ledsone,false
1142546,206-9096818-1808349,AMAZON,B0BBGQX747,,CL2RRE5PK,1,15.89,15.89,2026-04-12 09:05:24,amazon Dcvoltage,false
1142557,202-7617121-8454706,AMAZON,B0FTGC8P44,,WCFL180RO+RPR44WH,1,14.89,14.89,2026-04-12 09:28:17,amazon Dcvoltage,false
1142558,202-8884956-5534734,AMAZON,B0917RQ9PM,,PLHCBC+LSDO210BC3PK,1,49.89,41.57,2026-04-12 09:22:52,amazon Ledsone,false
1142559,205-4310464-0764340,AMAZON,B0D28WPS53,,LSCY290BB3PK+RPR44WH3PK,1,38.99,32.49,2026-04-12 09:27:12,amazon Ledsone,false
1142564,205-0740375-8407548,AMAZON,B0DTYYYWYG,,LSSS300BG+RPR44WH,1,14.99,12.49,2026-04-12 09:36:19,amazon Ledsone,false
1142570,204-0215791-4561129,AMAZON,B0F28YNDZN,,LSCY290RO+RPR44WH,1,18.29,15.24,2026-04-12 09:43:28,amazon Ledsone,false
1142571,026-7316681-3165922,AMAZON,B0BZ4Q2WH8,,LSUL220BS+RPR44WH,1,8.01,6.67,2026-04-12 09:46:15,amazon Ledsone,false
1142572,026-1419595-6165107,AMAZON,B0FPWZ7H6Z,,LDCWA95B22226PK,1,12.89,10.74,2026-04-12 09:47:37,amazon Ledsone,false
1142578,205-2633292-5159512,AMAZON,B0CLGVTF4T,,CRFF140GB+WSFSGB,1,11.49,9.57,2026-04-12 09:52:04,amazon Ledsone,false
1142579,202-9968645-5827502,AMAZON,B09HV7T2B5,,CRFF500BM+PHCN1PBRYB3PK+LSDM220YB3PK,1,33.79,28.16,2026-04-12 09:57:00,amazon Ledsone,false
1142580,026-4606555-1647561,AMAZON,B0CBLXL9R1,,WCVCBC2PK+RPR44WH2PK,1,15.98,15.98,2026-04-12 09:46:15,amazon Dcvoltage,false
1142581,026-4606555-1647561,AMAZON,B09B7VL73B,,LSTF40YB+RPR44WH,1,11.99,11.99,2026-04-12 09:46:15,amazon Dcvoltage,false
1142586,202-8939601-1901114,AMAZON,B0D292N6G6,,LSCY290BU3PK+RPR44WH3PK,1,42.89,35.74,2026-04-12 09:59:33,amazon Ledsone,false
1142607,202-7930865-3869933,AMAZON,B0CSMJHGLG,,CRSF100BM2PK,1,10.89,10.89,2026-04-12 10:35:49,amazon Dcvoltage,false
1142611,203-0519367-6446769,AMAZON,B0CQR15PPF,,CL2TCR,1,6.38,3.09,2026-04-12 10:45:45,amazon Dcvoltage,false
1142613,205-4424961-9780309,AMAZON,B0CVKQ2C1F,,LSEL400BM2PK+RPR44WH2PK,1,30.79,25.66,2026-04-12 10:42:00,amazon Ledsone,false
1142627,203-8816749-0031514,AMAZON,B0917RQ9PM,,PLHCBC+LSDO210BC3PK,1,49.89,41.57,2026-04-12 11:05:31,amazon Ledsone,false
1142647,205-7473012-9510724,AMAZON,B093T4C95B,,LSMS320CB+RPR44WH,1,13.99,11.66,2026-04-12 11:29:41,amazon Ledsone,false
1142649,026-3912950-5545966,AMAZON,B09L115HFJ,,12UK3P10A,1,18.29,15.24,2026-04-12 11:36:15,amazon Ledsone,false
1142650,203-8179906-3641922,AMAZON,B0B7KCXV72,,CRFF105GB,1,11.68,7.32,2026-04-12 11:36:58,amazon Ledsone,false
1142655,203-2935836-2524331,AMAZON,B0DYT146SS,,RWWPSY0680YE,1,5.78,2.41,2026-04-12 11:40:38,amazon Ledsone,false
1142657,203-5084058-2164320,AMAZON,B0F29GNRKT,,SPSD78SN3PK,1,10.89,9.07,2026-04-12 11:45:16,amazon Ledsone,false
1142666,026-6219067-6707565,AMAZON,B0D93QM7CS,,ENC5356,1,24.79,20.66,2026-04-12 11:52:38,amazon Ledsone,false
1142668,026-3716311-0410707,AMAZON,B09CZFBTCX,,ENC904,1,27.39,27.39,2026-04-12 11:55:55,amazon SRM Amazon,false
1142669,026-3716311-0410707,AMAZON,B0DV5DF7H5,,ENC8216,1,38.99,38.99,2026-04-12 11:55:55,amazon SRM Amazon,false
1142676,206-1522456-3736307,AMAZON,B0DH8Z6FLZ,,CL3TGDAPK,1,25.99,25.99,2026-04-12 12:00:22,amazon Dcvoltage,false
1142677,026-4948243-5025924,AMAZON,B0DZNLF6LK,,RWWPSY10GY,1,5.38,2.07,2026-04-12 12:04:23,amazon Ledsone,false
1142679,202-2424848-2462750,AMAZON,B0FC1YZTFN,,SPSSDBMAPK,1,7.19,5.99,2026-04-12 12:09:52,amazon Ledsone,false
1142685,203-6357927-5933957,AMAZON,B0DTYDM7RD,,WCVCWH3PK+RPR44WH3PK,1,23.89,19.91,2026-04-12 12:13:15,amazon Ledsone,false
1142688,206-1982410-9037914,AMAZON,B0C8NJDTJS,,WCDCBM+RPR44WH,2,21.78,9.07,2026-04-12 12:26:06,amazon Ledsone,false
1142692,203-9540888-3716361,AMAZON,B0DYT146SS,,RWWPSY0680YE,1,5.78,2.41,2026-04-12 12:32:49,amazon Ledsone,false
1142693,206-5735846-7793106,AMAZON,B08V5MK449,,CRSF100BM+PHHT1PBRBM+LSCY290BM,2,43.78,21.89,2026-04-12 12:25:10,amazon Dcvoltage,false
1142694,203-8050183-4047565,AMAZON,B0CQNN266B,,PLTTRR+WCBNRR,2,49.78,24.89,2026-04-12 12:32:59,amazon Dcvoltage,false
1142707,203-1405098-1895564,AMAZON,B0DHGM5NP4,,LSCY290WH2PK+RPR44WH2PK,1,26.89,22.41,2026-04-12 13:06:18,amazon Ledsone,false
1142711,204-9336008-1378722,AMAZON,B0FXFF5LTD,,WCFL180BM2PK,1,18.24,18.24,2026-04-12 13:11:44,amazon Ledsone,false
1142712,204-9336008-1378722,AMAZON,B0FTZGFN4K,,WCFL180BM,1,11.57,11.57,2026-04-12 13:11:44,amazon Ledsone,false
1142714,026-0249263-2144329,AMAZON,B0F9YTQV7N,,PSFW4RGD,1,11.89,9.91,2026-04-12 13:16:21,amazon Ledsone,false
1142722,203-0767907-0557136,AMAZON,B0F8QCBY49,,CERU36200BM,2,6.87,1.66,2026-04-12 13:24:34,amazon Ledsone,false
1142723,206-6193199-7185942,AMAZON,B0G1TD2P7P,,CKAP111BM,1,17.09,14.24,2026-04-12 13:27:17,amazon Ledsone,false
1142733,026-7103761-6611552,AMAZON,B0B9Y59487,,CL3TBR5PK,1,13.79,11.49,2026-04-12 13:30:39,amazon Ledsone,false
1142734,203-0124554-6347563,AMAZON,B095Z3GZFK,,CRFF500BM+PHRI1PBRYB3PK+LSFT220BM3PK,1,34.99,29.16,2026-04-09 20:57:31,amazon Ledsone,false
1142735,204-3496320-2941943,AMAZON,B0CKDZFS7T,,PLOTBM+ICST64E2740,3,51.87,14.41,2026-04-12 13:37:55,amazon Ledsone,false
1142741,202-2228476-3973138,AMAZON,B0CVL9FRMG,,LSTF400GY2PK+RPR44WH2PK,1,29.69,29.69,2026-04-12 13:42:54,amazon Dcvoltage,false
1142745,204-7644146-4464353,AMAZON,B0CVHDJ4DQ,,CENU46450WH,1,6.78,3.24,2026-04-12 13:50:35,amazon Ledsone,false
1142747,203-0177895-9472365,AMAZON,B09MSJBH7S,,ENC2212,1,39.99,33.32,2026-04-12 13:59:09,amazon Ledsone,false
1142748,205-5607220-8485933,AMAZON,B0FHPNSB7S,,CRFF100GB2PK+LHNSE27GB2PK,1,23.49,23.49,2026-04-12 13:50:45,amazon Dcvoltage,false
1142755,206-6930745-1053116,AMAZON,B0F9VFT56T,,CL3RBK3PK,1,6.79,5.66,2026-04-12 14:07:32,amazon Ledsone,false
1142756,026-6302688-2727533,AMAZON,B0CVN6PYHV,,CENU19150BM,1,1.35,1.35,2026-04-12 14:02:13,amazon Dcvoltage,false
1142757,206-8132261-3301120,AMAZON,B0GTJ1BS3K,,LSGL10014CL2PK+RPM40WH2PK,1,12.89,12.89,2026-04-12 14:04:10,amazon Dcvoltage,false
1142758,206-0269025-2022753,AMAZON,B0DH97YNLH,,CL3TBK5PK,1,11.99,11.99,2026-04-12 14:07:32,amazon Dcvoltage,false
1142759,206-0269025-2022753,AMAZON,B0DH9K22DP,,CL3TRE5PK,1,11.99,11.99,2026-04-12 14:07:32,amazon Dcvoltage,false
1142764,202-6555791-7356301,AMAZON,B0F99CH87J,,LSFT320OR+RPR44WH,3,45.87,12.74,2026-04-12 14:13:30,amazon Ledsone,false
1142765,202-2614458-7927554,AMAZON,B08XWSBPHW,,WCB1BM+RPR44WH,1,10.49,10.49,2026-04-12 14:11:20,amazon Dcvoltage,false
1142766,204-3560726-8545967,AMAZON,B08SHV91ZW,,CRFF100GB+PHUP1PBRGB+CNT900GB,1,11.99,11.99,2026-04-12 14:10:57,amazon Dcvoltage,false
1142770,026-9809909-9590753,AMAZON,B0DVLYLXH8,,PHSHF1PBRYB+LSCY290BG+ICST64E27,1,24.09,20.07,2026-04-12 14:14:28,amazon Ledsone,false
1142772,202-7267192-8580310,AMAZON,B093Y7RCSD,,ENC1316,1,23.79,19.82,2026-04-12 14:22:53,amazon Ledsone,false
1142773,204-5827725-3532369,AMAZON,B0F9VGLPDL,,CL3RGL3PK,1,6.79,5.66,2026-04-12 14:25:08,amazon Ledsone,false
1142774,203-9191718-0137165,AMAZON,B0DCS3C47V,,WCDTRE2PK+RPR44WH2PK,1,18.69,15.57,2026-04-12 14:27:38,amazon Ledsone,false
1142775,203-8488104-9447557,AMAZON,B0G6CZ2SMK,,IMBLCPK,1,7.77,4.88,2026-04-12 14:26:14,amazon Dcvoltage,false
1142781,206-7069843-2333149,AMAZON,B0DH8Z6FM1,,CL3TBKAPK,1,20.99,20.99,2026-04-12 14:37:17,amazon Dcvoltage,false
1142782,026-9758914-9252303,AMAZON,B0DBVN7V24,,ENC7539,4,123.96,25.82,2026-04-12 14:33:12,amazon Ledsone,false
1142784,202-2089906-6016364,AMAZON,B09LHV32SZ,,CRSF1203WH+PHTT1PWR1WH3PK+SPSPWH2PK,1,21.79,18.16,2026-04-12 14:38:08,amazon Ledsone,false
1142799,202-2850343-8863521,AMAZON,B0CVN6PYHV,,CENU19150BM,1,1.35,1.35,2026-04-12 14:51:32,amazon Dcvoltage,false
1142800,202-7906363-9232345,AMAZON,B0D8HZLL1S,,ENC3538,1,35.89,35.89,2026-04-12 14:54:49,amazon Dcvoltage,false
1142809,202-4014823-3914766,AMAZON,B0CDPX4PJM,,PHHR1DSTHE,1,15.29,12.74,2026-04-12 14:54:49,amazon Ledsone,false
1142810,202-2245915-6132305,AMAZON,B0GCZG4XFD,,CRSF120WH,1,8.78,4.91,2026-04-12 15:01:34,amazon Ledsone,false
1142811,204-2121952-7445111,AMAZON,B0743GYD52,,CO332AORAPK,1,5.78,2.41,2026-04-12 14:59:09,amazon Ledsone,false
1142812,206-5864580-3626717,AMAZON,B0D7MMR2GN,,CRFF105SN2PK,1,13.89,11.57,2026-04-12 15:10:43,amazon Ledsone,false
1142818,206-3371159-3025159,AMAZON,B0DBLNB6BL,,CL3RORAPK,1,23.49,23.49,2026-04-12 15:18:10,amazon Dcvoltage,false
1142822,203-6711811-0705128,AMAZON,B0D7VGNWY9,,SPSDP3WHAPK,1,22.09,18.41,2026-04-12 15:17:22,amazon Ledsone,false
1142828,202-7728018-8198742,AMAZON,B0DTZ1D4QX,,LSTL260BG+RPR44WH,2,26.18,10.91,2026-04-12 15:20:40,amazon Ledsone,false
1142843,203-6200022-0636336,AMAZON,B09M43YSGW,,CRSF100YB+WSLS170YB+LSFT220YB,1,21.99,18.32,2026-04-12 15:33:44,amazon Ledsone,false
1142844,202-5716762-1299522,AMAZON,B0G1TC8PWQ,,CKCSBY,1,11.99,11.99,2026-04-12 15:33:49,amazon Dcvoltage,false
1142845,206-7294715-5217127,AMAZON,B0F2YRB13Q,,RWWPSY10GY,1,2.49,2.49,2026-04-12 15:33:57,amazon Dcvoltage,false
1142846,206-7294715-5217127,AMAZON,B0F2YNF4WW,,RWWPSY12GY,1,1.99,1.99,2026-04-12 15:33:57,amazon Dcvoltage,false
1142854,205-7534218-1909943,AMAZON,B079ZVSK6P,,12IP6710,1,7.89,6.57,2026-04-12 16:08:03,amazon Ledsone,false
1142855,206-0449347-5469115,AMAZON,B0CCL729S8,,ENC1313,2,45.78,19.07,2026-04-12 15:42:49,amazon Ledsone,false
1142859,204-1476954-4585134,AMAZON,B0DH9GW1MK,,CL3TBW2PK,1,5.99,5.99,2026-04-12 15:48:12,amazon Dcvoltage,false
1142860,204-5070073-5700367,AMAZON,B0F1TJ463D,,CENU19150BM,1,4.04,1.09,2026-04-12 15:48:39,amazon Dcvoltage,false
1142861,026-8313225-0023569,AMAZON,B0CV7K4PZC,,RWGS1342WH,2,10.60,3.59,2026-04-12 15:53:59,amazon Dcvoltage,false
1142862,204-4704786-8242700,AMAZON,B08VGPWXG1,,LSCY290OR+RPR44WH,1,15.49,15.49,2026-04-12 15:51:30,amazon Dcvoltage,false
1142872,203-1397759-1628346,AMAZON,B0CVLC55W4,,LSTF400GY+RPR44WH,1,16.39,16.39,2026-04-12 15:57:50,amazon Dcvoltage,false
1142873,206-6395171-7420314,AMAZON,B0BL7LZR24,,LDMT45E2746PK,1,21.79,18.16,2026-04-12 15:50:28,amazon Ledsone,false
1142874,202-2616314-2363555,AMAZON,B0GL6HBFGC,,CRSF100BM+LHNSE27YB+SCRN70BM+LSFT220BG+ICST64E2740,1,20.89,17.41,2026-04-12 15:54:03,amazon Ledsone,false
1142891,204-2456867-4237153,AMAZON,B0G4QXYX5W,,CRSF100BM+PHHF1PBRBM+LSWD360BM,5,114.45,22.89,2026-04-12 16:10:17,amazon Dcvoltage,false
1142898,204-7242812-9845166,AMAZON,B0CBPQMKBF,,WCB7BM2PK+RPR44WH2PK,1,17.89,17.89,2026-04-12 16:25:55,amazon Dcvoltage,false
1142899,204-7988728-0107563,AMAZON,B0CNXVXSSB,,CRSF100GB+LHNSE27GB+LSDM220GB,1,18.89,18.89,2026-04-12 16:26:42,amazon Dcvoltage,false
1142900,026-5964234-5874736,AMAZON,B0DH9JRTPN,,CL3TPU3PK,1,7.99,7.99,2026-04-12 16:29:01,amazon Dcvoltage,false
1142913,206-4252086-4537123,AMAZON,B083QHC8GT,,LHBBE27CO,2,11.78,4.91,2026-04-12 16:44:07,amazon Ledsone,false
1142923,206-0737178-1220319,AMAZON,B0D9PBXZK8,,CBMP140WH,1,5.89,5.89,2026-04-12 16:48:36,amazon Dcvoltage,false
1142933,202-0223816-5169947,AMAZON,B0CCJ46SZT,,SPSDP3YB6PK,1,14.09,11.74,2026-04-12 17:00:20,amazon Ledsone,false
1142934,203-1208114-5975506,AMAZON,B095HZKGLN,,CRSF100SN+LHNSE27SN+SCRN70SN+LSOL220SN,1,18.89,15.74,2026-04-12 17:04:48,amazon Ledsone,false
1142935,202-0220235-6653914,AMAZON,B0DMT5YWLR,,PCFT90TBM5PK,1,11.68,7.32,2026-04-12 17:02:13,amazon Ledsone,false
1142936,203-0229610-4922751,AMAZON,B0D7S35MGY,,LSMS320GR+RPR44WH,1,14.99,12.49,2026-04-12 17:07:43,amazon Ledsone,false
1142937,205-2854970-7980330,AMAZON,B0C9DV894B,,SPSDP2YB,1,7.09,7.09,2026-04-12 17:00:31,amazon Dcvoltage,false
1142938,204-7942355-5222726,AMAZON,B0DH9H89G1,,CL3TGLAPK,3,62.97,20.99,2026-04-12 17:01:43,amazon Dcvoltage,false
1142945,202-2607605-6823531,AMAZON,B093X4CBSK,,CRSF100BM+PHHT1PBRBM+LSHM400HE,2,51.12,21.30,2026-04-12 17:12:16,amazon Ledsone,false
1142946,206-6678565-5197922,AMAZON,B0F2919THD,,LSCY290CO+RPR44WH,1,18.89,15.74,2026-04-12 17:20:22,amazon Ledsone,false
1142953,026-4111938-1917146,AMAZON,B0F9VDWTYX,,CL3RBM3PK,1,5.66,5.66,2026-04-12 17:19:52,amazon Ledsone,false
1142954,026-4111938-1917146,AMAZON,B0F9VDQSKW,,CL3RAG3PK,1,5.66,5.66,2026-04-12 17:19:52,amazon Ledsone,false
1142955,026-4111938-1917146,AMAZON,B0F9VFMBHN,,CL3RBD3PK,1,5.66,5.66,2026-04-12 17:19:52,amazon Ledsone,false
1142956,206-0952978-5389933,AMAZON,B0F28YFTQ9,,LSCY290BU+RPR44WH,1,15.89,13.24,2026-04-12 17:20:22,amazon Ledsone,false
1142957,204-0319202-7268340,AMAZON,B09XBCV8ZM,,CRFF500BM+PHHN1PBRCO3PK+LSDO210BI3PK,1,38.89,32.41,2026-04-12 17:24:14,amazon Ledsone,false
1142960,202-8177087-0837149,AMAZON,B0DX1C6274,,LHSHE27CO3PK,1,17.69,17.69,2026-04-12 17:30:17,amazon SRM Amazon,false
1142968,026-0054138-2157912,AMAZON,B0DH4KYFPD,,WCDTBM2PK+RPR44WH2PK,1,18.29,15.24,2026-04-12 17:30:00,amazon Ledsone,false
1142969,204-3280340-0286764,AMAZON,B0D295JDDS,,LSCY290CO3PK+RPR44WH3PK,1,45.89,38.24,2026-04-12 17:30:21,amazon Ledsone,false
1142978,204-3287585-7577107,AMAZON,B0BL7LZR24,,LDMT45E2746PK,1,21.79,18.16,2026-04-12 17:38:53,amazon Ledsone,false
1142979,026-4530923-3267541,AMAZON,B096FPKPNQ,,ENC685,1,58.89,58.89,2026-04-12 17:41:33,amazon Dcvoltage,false
1142992,206-2991628-6293157,AMAZON,B0FPQVSMFT,,LDCWT75B2212,1,8.79,7.32,2026-04-12 17:59:17,amazon Ledsone,false
1142999,206-3685038-7206759,AMAZON,B0C1K8NNTS,,LSCY290RO+RPR44WH,1,17.89,14.91,2026-04-12 18:19:06,amazon Ledsone,false
1143006,026-2401361-7287521,AMAZON,B084VPJ2M2,,CRSF2003WH,1,11.49,9.57,2026-04-12 18:24:59,amazon Ledsone,false
1143007,206-2674594-1725924,AMAZON,B0D299LXGP,,LSCY290RR+RPR44WH,1,15.89,13.24,2026-04-12 18:23:12,amazon Ledsone,false
1143008,203-6027856-9113149,AMAZON,B0D7S35MGY,,LSMS320GR+RPR44WH,1,12.49,12.49,2026-04-12 18:28:35,amazon Ledsone,false
1143009,203-6027856-9113149,AMAZON,B0D7S2XG6V,,LSMS320BI+RPR44WH,1,12.49,12.49,2026-04-12 18:28:35,amazon Ledsone,false
1143010,203-6027856-9113149,AMAZON,B0D7S3YDZY,,LSMS320WH+RPR44WH,1,12.49,12.49,2026-04-12 18:28:35,amazon Ledsone,false
1143011,205-9959626-7249922,AMAZON,B08V8XSXKB,,CRSF100BM+PHSH1PBRBM+LSMS320BI,1,21.89,21.89,2026-04-12 18:20:07,amazon Dcvoltage,false
1143032,204-5277787-0001118,AMAZON,B0F4XY3MHC,,TSTS30WH,1,4.18,1.29,2026-04-12 18:50:32,amazon Dcvoltage,false
1143039,026-5216009-2935522,AMAZON,B0F9WHLSFZ,,LSCY290BG+RPR44WH,2,37.20,13.42,2026-04-12 19:04:16,amazon Ledsone,false
1143040,026-9903264-9953957,AMAZON,B0DH6CQ4B6,,CL2TGL3PK,1,9.99,9.99,2026-04-12 19:05:24,amazon Dcvoltage,false
1143050,205-6283987-6660341,AMAZON,B0DCZKCC5F,,CL2TGL5PK,1,12.49,10.41,2026-04-12 19:09:40,amazon Ledsone,false
1143057,203-7143533-4411529,AMAZON,B0GLYGJX1J,,PLHNBM+ICST64E27,1,16.09,16.09,2026-04-12 19:27:35,amazon Dcvoltage,false
1143058,206-9961522-8131506,AMAZON,B0GLPHBN8D,,PL4HRR,2,74.18,37.09,2026-04-12 19:28:16,amazon Dcvoltage,false
1143059,205-4882359-3368317,AMAZON,B0DCFSPN8B,,FWS33839MG,1,5.89,4.91,2026-04-12 19:26:18,amazon Ledsone,false
1143069,206-3369627-6241958,AMAZON,B0C93RM68Q,,PLTYBM+ICST64E27,1,22.89,22.89,2026-04-12 19:31:34,amazon Dcvoltage,false
1143086,204-2207248-0379560,AMAZON,B0C3QVPKYF,,ENC3549,1,82.69,68.91,2026-04-12 19:50:46,amazon Ledsone,false
1143087,204-1394499-5465129,AMAZON,B0DH6FPVYK,,CL2TCRAPK,1,16.00,15.24,2026-04-12 19:51:11,amazon Dcvoltage,false
1143088,026-6311079-1793108,AMAZON,B0CVGSRCN1,,RWWPSY0680YE2PK,2,25.87,11.49,2026-04-12 19:53:00,amazon Dcvoltage,false
1143092,203-7180694-9863519,AMAZON,B08NTKB1DM,,CRFF500BM+PHCH1BMRBM3PK+LSCY210BG3PK,1,39.59,32.99,2026-04-12 20:01:15,amazon Ledsone,false
1143096,205-7578776-8617109,AMAZON,B08V5MK449,,CRSF100BM+PHHT1PBRBM+LSCY290BM,2,43.78,21.89,2026-04-12 20:18:26,amazon Dcvoltage,false
1143106,203-5993863-2949964,AMAZON,B08S7G6YWN,,ENC809,1,72.89,72.89,2026-04-12 20:22:43,amazon SRM Amazon,false
1143107,026-3754909-2045965,AMAZON,B0DG29SP2H,,LDMA60E274WW2PK,1,8.99,7.49,2026-04-12 20:24:12,amazon Ledsone,false
1143112,205-1187074-8378718,AMAZON,B09SZJDHFQ,,ENC2781,1,49.19,40.99,2026-04-12 20:35:27,amazon Ledsone,false
1143114,202-8863915-6174723,AMAZON,B0BWTX5K2W,,LSCP150YE+RPR44WH,1,11.89,11.89,2026-04-12 20:27:01,amazon Dcvoltage,false
1143115,202-2042112-2665969,AMAZON,B0CL7X2J4P,,ENC5579,1,55.69,55.69,2026-04-12 20:34:23,amazon Dcvoltage,false
1143120,202-9091786-8675534,AMAZON,B09HV7T2B5,,CRFF500BM+PHCN1PBRYB3PK+LSDM220YB3PK,1,33.79,28.16,2026-04-12 20:47:06,amazon Ledsone,false
1143121,206-3211522-5665940,AMAZON,B0BY57G4PR,,LSMS320BG+RPR44WH,1,16.79,16.79,2026-04-12 20:47:06,amazon Dcvoltage,false
1143127,205-8433982-1956362,AMAZON,B0BWJVXGT6,,LSCY210BC+RPR44WH,1,10.89,10.89,2026-04-12 20:52:48,amazon Dcvoltage,false
1143129,202-6466500-6584335,AMAZON,B0CHBDSKK4,,WCDTRO+RPR44WH,1,11.29,11.29,2026-04-12 20:56:13,amazon Dcvoltage,false
1143130,202-0265408-0057952,AMAZON,B0CGZQV9Y7,,LSMCSPFLMC+RPM40WH,1,24.89,20.74,2026-04-12 20:56:06,amazon Ledsone,false
1143143,203-8275879-3205958,AMAZON,B0GTHT26DV,,LSGL10014CL3PK+RPM40WH3PK,1,22.89,22.89,2026-04-12 21:13:20,amazon Dcvoltage,false
1143144,203-8776157-0192368,AMAZON,B0FL76QGJH,,PHSF2BWTSN2PK+ICST64E272PK,1,28.89,28.89,2026-04-12 21:19:42,amazon Dcvoltage,false
1143151,206-8861282-0092365,AMAZON,B0979CLWN9,,CNP1000BM,1,8.09,6.74,2026-04-12 21:26:08,amazon Ledsone,false
1143160,026-7065242-2564319,AMAZON,B08KJJWJKK,,WCFSDCBM,1,36.99,30.82,2026-04-12 21:53:32,amazon Ledsone,false
1143161,203-9477086-6969912,AMAZON,B0CCHZNHT9,,SPSDP2WH,1,8.78,4.91,2026-04-12 21:55:56,amazon Ledsone,false
1143162,026-1982291-3025903,AMAZON,B0CNJJHPXT,,WCB2RR+RPR44WH,1,8.49,8.49,2026-04-12 22:07:16,amazon Dcvoltage,false
1143163,202-8826236-4968321,AMAZON,B0DBX393DY,,CL2RWHAPK,1,18.49,18.49,2026-04-12 22:11:06,amazon Dcvoltage,false
1143164,202-5768393-1732336,AMAZON,B0D73PXSLX,,ENC4847,1,22.40,24.09,2026-04-12 22:16:04,amazon Dcvoltage,false
1143165,205-0759402-5216364,AMAZON,B0CVL7N9XH,,LSEL400YE+RPR44WH,1,17.49,17.49,2026-04-12 22:18:31,amazon Dcvoltage,false
1143166,205-0759402-5216364,AMAZON,B0CVL9KZYD,,LSEL400OR+RPR44WH,1,17.49,17.49,2026-04-12 22:18:31,amazon Dcvoltage,false
1143167,206-2633602-9399547,AMAZON,B0CG8MKK56,,LSCY290OR+RPR44WH,3,48.27,13.41,2026-04-12 22:07:30,amazon Ledsone,false
1143171,204-6435364-3265917,AMAZON,B09Z6SCCQ6,,CCBC18,1,6.91,5.76,2026-04-12 22:16:05,amazon Ledsone,false
1143172,026-1867763-8425958,AMAZON,B0D6RDTY48,,LDCWE2725,1,7.79,6.49,2026-04-12 22:23:37,amazon Ledsone,false
1143175,205-8046990-5051569,AMAZON,B0DH96ZNZ4,,CL3TBR3PK,2,22.98,8.99,2026-04-12 22:54:14,amazon Dcvoltage,false
1143176,203-9257371-1782737,AMAZON,B07CJ9J658,,24IP20240,2,47.98,23.99,2026-04-12 22:58:30,amazon Dcvoltage,false
1143177,204-6473644-4712354,AMAZON,B0FY5X423H,,LDSG1001E27,3,41.97,11.66,2026-04-12 22:49:05,amazon Ledsone,false
1143184,202-6167060-4285154,AMAZON,B08X6KMXTC,,PLTEBM,1,20.99,20.99,2026-04-12 23:05:54,amazon Dcvoltage,false
1143185,205-4997296-4606733,AMAZON,B0D28TWPYD,,LSCY290BC2PK+RPR44WH2PK,1,25.79,21.49,2026-04-12 23:15:05,amazon Ledsone,false
1143186,205-5681873-9136357,AMAZON,B0C9TJPM1H,,ENC1911,1,18.89,18.89,2026-04-12 23:12:35,amazon Dcvoltage,false
1143188,204-9054240-5107555,AMAZON,B07RXYLR6M,,PLTYBC,1,17.89,17.89,2026-04-12 23:19:56,amazon Dcvoltage,false
1143189,026-8733207-2905152,AMAZON,B0D7S3HB14,,LSMS320YE2PK+RPR44WH2PK,2,51.78,21.57,2026-04-12 23:29:04,amazon Ledsone,false
1143190,026-3841728-9742706,AMAZON,B0D4YG1QFJ,,LDMG95E2783PK,1,12.19,12.19,2026-04-12 23:25:48,amazon Dcvoltage,false
1143191,206-4463246-1705926,AMAZON,B07S7RFB51,,CRFF108GB,4,27.56,6.89,2026-04-12 23:38:02,amazon Dcvoltage,false
1143193,026-2968235-8164312,AMAZON,B0BL7ZC6B7,,LDMT185E2746PK,1,21.19,17.66,2026-04-12 23:39:40,amazon Ledsone,false
1143201,204-5627322-7808352,AMAZON,B0CMCP8X1X,,CRFF500CH+WCCY1ROCH3PK,1,52.99,44.16,2026-04-13 00:18:35,amazon Ledsone,false
1143205,202-3591382-1151554,AMAZON,B0FJ27683H,,STPVC17AWH,1,4.98,2.09,2026-04-13 00:51:48,amazon Dcvoltage,false
1143209,204-5580219-1385150,AMAZON,B07R97GX6M,,LDMT45B224,1,6.16,6.16,2026-04-13 01:26:19,amazon Dcvoltage,false
1143210,206-5530257-6505109,AMAZON,B09JM3PLLH,,LDSG125LOE274,1,10.39,8.66,2026-04-13 01:23:04,amazon Ledsone,false
1143217,204-5760266-9483529,AMAZON,B0CMXVK2NQ,,PHUH2HETBM+SPSDCSBM+WCSPROCO+ICST64E27,1,22.89,19.07,2026-04-13 03:20:37,amazon Ledsone,false
1143254,204-6743432-5813127,AMAZON,B0C7C6LPRH,,LSCY290BU+RPR44WH,2,31.78,15.89,2026-04-13 04:32:02,amazon Dcvoltage,false
1143312,203-2844053-0289161,AMAZON,B07Q5Z23V7,,24IP20360,2,50.36,25.18,2026-04-13 06:34:34,amazon Dcvoltage,false
1143317,202-5387441-7957113,AMAZON,B07K1XMZ35,,LHCCE27GR+CGMLGR,2,13.78,6.89,2026-04-13 06:50:49,amazon Dcvoltage,false
1143325,204-2523708-8112304,AMAZON,B0DX6WW82X,,CENU70450BM,1,9.78,5.74,2026-04-13 07:22:42,amazon Ledsone,false
1143330,206-2134510-3266762,AMAZON,B0F93GN9Y1,,ENC9045,1,26.99,26.99,2026-04-13 07:39:49,amazon Dcvoltage,false
1143334,205-2004223-0855521,AMAZON,B0CGZQV9Y7,,LSMCSPFLMC+RPM40WH,1,25.89,21.57,2026-04-13 07:57:29,amazon Ledsone,false
1143338,204-6795778-1841953,AMAZON,B0DXQ9BPVH,,LSCY290BB2PK+RPR44WH2PK,1,25.89,21.57,2026-04-13 07:59:27,amazon Ledsone,false
1143345,205-6567885-6583569,AMAZON,B0DCBCR3T4,,WLFS2202BM+ICST64E272PK,2,58.14,29.07,2026-04-13 08:18:45,amazon Ledsone,false
1143346,205-6567885-6583569,AMAZON,B0DC9Y8ZC2,,WLFS220BM+ICST64E27,1,15.74,15.74,2026-04-13 08:18:45,amazon Ledsone,false
1143347,206-4709226-4401106,AMAZON,B0DDXYD34N,,ENC5274,2,48.98,20.41,2026-04-13 08:24:21,amazon Ledsone,false
1143349,202-4101287-7701162,AMAZON,B0DV5DF7H5,,ENC8216,1,38.99,38.99,2026-04-13 08:26:10,amazon SRM Amazon,false
1143354,203-9239019-3613909,AMAZON,B08XWSBPHW,,WCB1BM+RPR44WH,1,10.49,10.49,2026-04-13 08:37:41,amazon Dcvoltage,false
1143362,203-5073647-4529951,AMAZON,B0FVM8M13L,,CERU72350YE,4,27.33,5.09,2026-04-13 08:55:23,amazon Ledsone,false
1143366,204-6377650-7467504,AMAZON,B0CCHZNHT9,,SPSDP2WH,1,8.68,4.82,2026-04-13 09:10:05,amazon Ledsone,false
1143370,204-4758302-6872323,AMAZON,B0DHLDX34K,,LSCO335WH+RPR44WH,1,15.49,12.91,2026-04-13 09:12:59,amazon Ledsone,false
1143380,026-7315994-5504315,AMAZON,B0C7L3GW8L,,ENC5167,2,55.78,23.24,2026-04-13 09:22:55,amazon Ledsone,false
1143381,206-0633151-8268368,AMAZON,B0D5B5D134,,WCDTWH2PK+RPR44WH2PK,1,18.89,18.89,2026-04-13 09:20:24,amazon Dcvoltage,false
1143385,026-1576606-9578735,AMAZON,B0G2YBCMRK,,ENC285,1,18.79,18.79,2026-04-13 09:33:54,amazon Dcvoltage,false
1143386,202-5305942-5709948,AMAZON,B09B7T6173,,LSTF40BM+RPR44WH,1,10.89,10.89,2026-04-13 09:36:04,amazon Dcvoltage,false
1143387,206-1742390-9851566,AMAZON,B0DH9JRSD3,,CL3TGY2PK,1,5.99,5.99,2026-04-13 09:37:56,amazon Dcvoltage,false
1143394,026-0193424-5517141,AMAZON,B09JVSRK4Y,,LDSG95DIE274APK,1,58.89,58.89,2026-04-13 09:33:54,amazon Dcvoltage,false
1143395,205-6829202-4420313,AMAZON,B0F2SWLFN2,,TSWGQBRE2PK+TSLCQB15WH3PK+TSLTRE,1,24.49,19.49,2026-04-13 09:43:02,amazon Dcvoltage,false
1143400,204-7249944-6987526,AMAZON,B0F5BJQZ4X,,PLTERR+WCWYBM+ICST64E27,1,21.89,18.24,2026-04-13 09:50:41,amazon Ledsone,false
1143402,206-5991433-4980349,AMAZON,B07S69PHCK,,CRSF100YE,1,9.78,6.89,2026-04-13 09:58:52,amazon Dcvoltage,false
1143406,202-5159983-5313902,AMAZON,B0FPQTGFVN,,LDCWT75B22125PK,1,21.89,18.24,2026-04-13 09:58:40,amazon Ledsone,false
1143407,206-6816854-0019533,AMAZON,B0D4VF7FPB,,CRFF140BM+WSWH135BM+LSDO210BG+ICST64E27,1,20.29,20.29,2026-04-13 10:06:12,amazon Dcvoltage,false
1143418,205-9520333-6209159,AMAZON,B0CFXSWDY4,,TPHTTF2PBRBM,1,18.29,15.24,2026-04-13 10:09:46,amazon Ledsone,false
1143419,206-4816122-7849929,AMAZON,B0DF7BD73R,,CRSF100BM+PHRYWP1RBM,3,35.67,9.91,2026-04-13 10:10:43,amazon Ledsone,false
1143420,026-0890556-0470764,AMAZON,B0863GXC13,,PHSF1BRTCO,1,14.89,12.41,2026-04-13 10:14:46,amazon Ledsone,false
1143423,206-2001097-2677121,AMAZON,B0CN376GSP,,CRSF1202BM+PHHT2PBRBM2PK+SPUPBM2PK,2,39.78,16.57,2026-04-13 10:17:53,amazon Ledsone,false
1143435,202-8500304-5008330,AMAZON,B0CTC9YQ9S,,ENC4085,1,25.89,25.89,2026-04-13 10:34:35,amazon Dcvoltage,false
1143436,026-9778200-1968308,AMAZON,B01B1MTQ64,,12IP67100,1,19.99,16.66,2026-04-13 10:37:13,amazon Ledsone,false
1143439,205-2905821-2267529,AMAZON,B0F7QWMBLY,,CL3TGLAPK,1,19.99,16.66,2026-04-13 10:40:11,amazon Ledsone,false
1143440,206-7817424-4165133,AMAZON,B094VJWCF5,,PLADBC,1,50.89,42.41,2026-04-13 10:47:46,amazon Ledsone,false
1143441,026-3751208-1100303,AMAZON,B0CVHD9D3V,,CENU25200BM,4,3.60,0.90,2026-04-13 10:49:45,amazon Ledsone,false
1143442,026-3751208-1100303,AMAZON,B0CVGSG4WH,,CENU19150BM,4,3.32,0.83,2026-04-13 10:49:45,amazon Ledsone,false
1143443,204-8820468-9168323,AMAZON,B0BWYGKPXF,,LSDO400OR+RPR44WH,1,19.89,19.89,2026-04-13 10:44:35,amazon Dcvoltage,false
1143444,205-7641827-3054767,AMAZON,B0D6KKSWN8,,LSCY290YE2PK+RPR44WH2PK,2,55.78,27.89,2026-04-13 10:44:04,amazon Dcvoltage,false
1143459,204-5380734-0665137,AMAZON,B0DHVPBKTW,,LHSHE27CH,3,23.67,7.89,2026-04-13 11:01:59,amazon Dcvoltage,false
1143460,205-4444294-9551533,AMAZON,B0CVL4FJD2,,LSEL400BM+RPR44WH,1,18.29,15.24,2026-04-13 11:06:09,amazon Ledsone,false
1143461,204-4864356-6010755,AMAZON,B0DB29CX49,,CRFF75BA3PK,1,17.69,14.74,2026-04-13 11:08:54,amazon Ledsone,false
1143477,026-4694825-2822727,AMAZON,B0FXFF5LTD,,WCFL180BM2PK,1,21.89,18.24,2026-04-13 11:23:43,amazon Ledsone,false
1143478,204-2582928-4227549,AMAZON,B0GTYJBGDD,,LDST185E2746PK,1,18.99,15.82,2026-04-13 11:27:16,amazon Ledsone,false
1143482,026-1580382-9808368,AMAZON,B0CHFMLZWQ,,WCB5BM+RPR44WH,1,9.89,8.24,2026-04-13 11:30:17,amazon Ledsone,false
1143483,205-9951527-4446719,AMAZON,B0CBPBQK1X,,WCB7BC2PK+RPR44WH2PK,1,16.99,16.99,2026-04-13 11:28:46,amazon Dcvoltage,false
1143490,203-8157957-4973936,AMAZON,B086X973M2,,LHC2E27WH,2,13.07,4.24,2026-04-13 11:40:49,amazon Ledsone,false
1143491,202-8523327-2123526,AMAZON,B0DH936YBS,,CL3TAGAPK,1,20.99,20.99,2026-04-13 11:46:11,amazon Dcvoltage,false
1143493,026-3360710-0573969,AMAZON,B07K1XMZ35,,LHCCE27GR+CGMLGR,1,6.89,6.89,2026-04-13 11:52:00,amazon Dcvoltage,false
1143494,203-6601948-6040367,AMAZON,B07GCPMLSY,,CL2TGYAPK,1,16.19,16.19,2026-04-13 11:57:08,amazon Dcvoltage,false
1143499,203-3382213-2701936,AMAZON,B081FBSJX8,,CNP1000WH,1,8.78,5.89,2026-04-13 12:06:15,amazon Dcvoltage,false
1143500,026-2045519-9856336,AMAZON,B08PD8W1MM,,CRSF100BM+LHNSE27YB+LSHH240BM+ICST64E27,1,19.69,16.41,2026-04-13 12:08:24,amazon Ledsone,false
1143502,205-5416175-1415503,AMAZON,B0C9TN56H2,,ENC1913,1,19.89,19.89,2026-04-13 12:17:52,amazon Dcvoltage,false
1143503,206-9000751-7452356,AMAZON,B0CVL9C7P9,,LSTF400YE2PK+RPR44WH2PK,1,27.89,23.24,2026-04-13 12:14:48,amazon Ledsone,false
1143504,202-3750609-9032368,AMAZON,B0DH4KLR3P,,LDMG95E2782PK,1,12.89,12.89,2026-04-13 12:13:41,amazon SRM Amazon,false
1143507,202-1812555-5635513,AMAZON,B0BSFXCHZY,,ENC4262,1,29.89,29.89,2026-04-13 12:24:07,amazon Dcvoltage,false
1143508,202-8986650-7057100,AMAZON,B0B8P3Y7BD,,LDMA60B224CW,1,4.89,4.07,2026-04-13 12:21:31,amazon Ledsone,false
1143510,204-2442447-7896312,AMAZON,B0C3ZTBRHZ,,LSCY290BM+RPR44WH,4,61.68,12.85,2026-04-13 12:17:43,amazon Ledsone,false
1143518,206-0520579-0302701,AMAZON,B0DKNGTR54,,LHPHE27YB,6,53.34,8.89,2026-04-13 12:42:52,amazon Dcvoltage,false
1143519,204-2390485-4337130,AMAZON,B0D9QJQLQS,,CL2RGR5PK,1,10.49,8.74,2026-04-13 12:47:04,amazon Ledsone,false
1143534,205-8509690-1897139,AMAZON,B0DH937VLZ,,CL3TCR3PK,1,8.99,8.99,2026-04-13 13:02:05,amazon Dcvoltage,false
1143539,202-3621195-0177168,AMAZON,B08Z7W3SYL,,PHUH1HETBM+LSHM300HE,1,32.89,32.89,2026-04-13 13:11:08,amazon Dcvoltage,false
1143541,206-6487216-6735551,AMAZON,B07S16RWT2,,LDMST64B224,2,11.18,4.66,2026-04-13 13:15:10,amazon Ledsone,false
1143561,026-5541705-7414739,AMAZON,B0CNZ5N8L3,,CL3RWHAPK,1,19.99,19.99,2026-04-13 13:29:07,amazon Dcvoltage,false
1143572,026-7573600-5629111,AMAZON,B08NTKB1DM,,CRFF500BM+PHCH1BMRBM3PK+LSCY210BG3PK,1,39.59,32.99,2026-04-13 13:53:41,amazon Ledsone,false
1143577,203-3804846-8694753,AMAZON,B07VXWJ5WY,,CRSF100BM2PK+PHCH1BMRBM2PK+LSCY290BM2PK,1,36.99,30.82,2026-04-13 14:03:48,amazon Ledsone,false
1143586,204-3885840-5388328,AMAZON,B0DZC49H51,,LSDO400YE2PK+RPR44WH2PK,1,22.59,22.59,2026-04-13 14:14:57,amazon SRM Amazon,false
1143593,026-7044199-1531515,AMAZON,B0DX75TBKB,,CERU72450GR,4,32.45,6.16,2026-04-13 14:27:04,amazon Ledsone,false
1143594,205-5186638-1635545,AMAZON,B0F8QCBY49,,CERU36200BM,30,58.69,1.55,2026-04-13 14:29:55,amazon Ledsone,false
1143604,202-7659312-6095510,AMAZON,B0D4YG1QFJ,,LDMG95E2783PK,1,12.19,12.19,2026-04-13 14:38:38,amazon Dcvoltage,false
1143611,206-8456045-7659523,AMAZON,B07CQL5WJR,,CRSF100BM,1,5.07,5.07,2026-04-13 14:40:25,amazon Ledsone,false
1143613,206-8456045-7659523,AMAZON,B0DZDRQ53R,,CL2RBMAPK,1,16.49,16.49,2026-04-13 14:40:25,amazon Ledsone,false
1143614,204-0544631-4069149,AMAZON,B0D8PZZFX1,,CL3RBR5PK,1,13.79,11.49,2026-04-13 14:45:17,amazon Ledsone,false
1143626,204-9613298-3837924,AMAZON,B08XNPZBR6,,LSSS300RE+RPR44WH,1,14.99,14.99,2026-04-13 14:54:23,amazon Dcvoltage,false
1143629,026-9762316-0397103,AMAZON,B08XNPXBF3,,LSSS300SN+RPR44WH,1,13.49,13.49,2026-04-13 15:04:26,amazon Dcvoltage,false
1143630,205-6475681-3582725,AMAZON,B0D56ZN8NP,,WCB7WH2PK+RPR44WH2PK,1,15.89,15.89,2026-04-13 15:06:10,amazon Dcvoltage,false
1143636,202-8865663-0197954,AMAZON,B08XW91G7T,,WCB7WH+RPR44WH,1,10.49,10.49,2026-04-13 15:18:14,amazon Dcvoltage,false
1143644,202-8230477-1493139,AMAZON,B0DH6HZ52Y,,CL2TLG5PK,1,11.99,11.99,2026-04-13 15:24:03,amazon Dcvoltage,false
1143645,026-6442201-9374733,AMAZON,B0D56WV9GR,,WCB7BS2PK+RPR44WH2PK,2,36.38,18.19,2026-04-13 15:21:47,amazon Dcvoltage,false
1143651,205-6000593-0237907,AMAZON,B0BBGPSM2V,,CL2RWH5PK,5,74.45,14.89,2026-04-13 15:31:41,amazon Dcvoltage,false
1143653,205-2344460-1201915,AMAZON,B0F9VDWTYX,,CL3RBM3PK,1,6.79,5.66,2026-04-13 15:34:51,amazon Ledsone,false
1143658,204-4940148-4329934,AMAZON,B07DH89GTY,,12UK3P2A,1,9.38,5.41,2026-04-13 15:47:38,amazon Ledsone,false
1143659,026-6358963-3574736,AMAZON,B0DFTR3M3X,,RPM40BM2PK,1,5.88,2.49,2026-04-13 15:47:12,amazon Ledsone,false
1143660,026-9172480-0259535,AMAZON,B0CG9GQZ99,,WCWODVBM+RPR44WH,1,11.89,11.89,2026-04-13 15:51:29,amazon Dcvoltage,false
1143665,202-9004424-8877927,AMAZON,B095Z3GZFK,,CRFF500BM+PHRI1PBRYB3PK+LSFT220BM3PK,1,34.99,29.16,2026-04-13 15:49:24,amazon Ledsone,false
1143672,205-8220900-6169113,AMAZON,B0946XHZF3,,CRSF100CO+PHMU1PBRCO+LSDO210BC,1,18.60,15.50,2026-04-13 15:58:58,amazon Ledsone,false
1143673,206-7461419-1655535,AMAZON,B0BYZ7JX36,,ENC2714,2,75.38,31.41,2026-04-13 16:01:52,amazon Ledsone,false
1143674,202-4972703-2427506,AMAZON,B0DR94W3SS,,PSOS4BMTHE+ICST64E27,1,14.99,12.49,2026-04-13 16:04:49,amazon Ledsone,false
1143675,202-1733760-6997924,AMAZON,B0DHLDR6GQ,,LSCO335WH2PK+RPR44WH2PK,2,54.98,22.91,2026-04-13 16:04:30,amazon Ledsone,false
1143686,206-5381862-3541151,AMAZON,B0BY38JCSC,,CRSF100BM+PHUP1PBRBM+CNT900BM+LSCY290BM,1,21.89,18.24,2026-04-13 16:18:51,amazon Ledsone,false
1143687,026-0019529-2042779,AMAZON,B07F9HBHVY,,LDMT45E274,1,5.89,5.89,2026-04-13 16:12:02,amazon Dcvoltage,false
1143691,206-6197964-3914730,AMAZON,B0DPM9QV89,,LHCTOYB,1,12.78,8.24,2026-04-13 16:25:28,amazon Ledsone,false
1143702,205-3444584-4561114,AMAZON,B086XBYS87,,LHC3E27WH,1,6.49,5.41,2026-04-13 16:36:32,amazon Ledsone,false
1143708,026-9224629-0045122,AMAZON,B08PSQMQSQ,,SCRN70YB,1,7.88,4.99,2026-04-13 17:00:14,amazon SRM Amazon,false
1143709,203-2418379-8611542,AMAZON,B0CPBVNNQX,,LSCY290YE+RPR44WH,1,15.89,15.89,2026-04-13 16:56:31,amazon Dcvoltage,false
1143716,203-9103029-5519536,AMAZON,B0GP6YD78R,,LHPVHRE27WHAPK,1,25.89,17.41,2026-04-13 17:02:54,amazon Ledsone,false
1143723,026-1549437-9382725,AMAZON,B0DMT5YWLR,,PCFT90TBM5PK,1,7.32,7.32,2026-04-13 17:18:55,amazon Ledsone,false
1143724,026-1549437-9382725,AMAZON,B0DMT7HVKN,,PCFT90LBM5PK,2,13.64,6.82,2026-04-13 17:18:55,amazon Ledsone,false
1143734,205-9832478-4347526,AMAZON,B0GP771MFX,,LHPVHRE27WH2PK,1,6.49,5.41,2026-04-13 17:18:54,amazon Ledsone,false
1143736,202-8274326-0105117,AMAZON,B09JM3PLLH,,LDSG125LOE274,1,10.39,8.66,2026-04-13 17:25:32,amazon Ledsone,false
1143737,204-7101235-3141946,AMAZON,B0CGM2RRZ9,,WCDSBM2PK+RPR44WH2PK,1,15.89,13.24,2026-04-13 17:26:25,amazon Ledsone,false
1143738,026-7583617-5802712,AMAZON,B0CL7QHP1R,,ENC5582,1,52.91,56.89,2026-04-13 17:23:51,amazon Dcvoltage,false
1143739,026-9834974-8203556,AMAZON,B0F2HDMBFZ,,RWT480YE,1,11.38,8.49,2026-04-13 17:24:38,amazon Dcvoltage,false
1143755,206-4274637-9147501,AMAZON,B0BB31YPDF,,CL2RGY5PK,1,13.89,11.57,2026-04-13 17:40:33,amazon Ledsone,false
1143756,204-0411890-3301137,AMAZON,B0B9Y5MRSK,,CL3TGD5PK,1,13.19,10.99,2026-04-13 17:42:12,amazon Ledsone,false
1143758,203-7681485-6393107,AMAZON,B0B9K41YZ7,,CL3TBK5PK,1,13.79,11.49,2026-04-13 17:44:38,amazon Ledsone,false
1143759,026-8244800-7257157,AMAZON,B0CVN8MN5M,,ENC6322,1,29.79,24.82,2026-04-13 17:43:47,amazon Ledsone,false
1143760,205-5355937-4883507,AMAZON,B0F29P1SH6,,CERU36150GR,1,4.58,1.41,2026-04-13 17:48:07,amazon Ledsone,false
1143787,026-1193397-3240303,AMAZON,B0F2GGDBJ1,,RWT460YE,1,10.47,6.32,2026-04-13 18:09:54,amazon Ledsone,false
1143789,203-6905370-9551553,AMAZON,B0B9Y9F73N,,CL3TIV5PK,1,13.89,11.57,2026-04-13 18:18:57,amazon Ledsone,false
1143796,204-4595002-0993905,AMAZON,B0CJ8BN5TM,,LSMCSPDRFL+RPM40WH,1,22.99,22.99,2026-04-13 18:22:25,amazon Dcvoltage,false
1143797,204-2183011-4790732,AMAZON,B0DCK1WP5M,,SPSDP3WH2PK,1,7.19,5.99,2026-04-13 18:20:31,amazon Ledsone,false
1143798,203-2473662-8889927,AMAZON,B0FPQVSMFT,,LDCWT75B2212,1,8.79,7.32,2026-04-13 18:25:01,amazon Ledsone,false
1143804,203-8807870-4579503,AMAZON,B09HV7T2B5,,CRFF500BM+PHCN1PBRYB3PK+LSDM220YB3PK,1,33.79,28.16,2026-04-13 18:32:03,amazon Ledsone,false
1143810,206-2467477-0744341,AMAZON,B07PM6VXCG,,CL3TBK5PK,1,13.09,13.09,2026-04-13 18:41:41,amazon Dcvoltage,false
1143816,026-9548249-7016339,AMAZON,B0FXFF5LTD,,WCFL180BM2PK+RPR44WH2PK,1,26.89,18.24,2026-04-13 18:49:10,amazon Ledsone,false
1143819,205-0929938-0288308,AMAZON,B0CBPSSXC3,,WCB6BB2PK+RPR44WH2PK,1,15.89,15.89,2026-04-13 18:59:15,amazon Dcvoltage,false
1143827,206-4330431-3086703,AMAZON,B0CB4P4XND,,LSCY290CH+RPR44WH,1,18.29,18.29,2026-04-13 19:05:31,amazon Dcvoltage,false
1143828,202-6149589-1493963,AMAZON,B0DCDSZ719,,LDSG95DIE2743PK,1,23.89,19.91,2026-04-13 19:02:28,amazon Ledsone,false
1143835,026-8054018-5485159,AMAZON,B0DXQ8YFC6,,LSCY290RO2PK+RPR44WH2PK,1,29.89,24.91,2026-04-13 19:10:22,amazon Ledsone,false
1143836,026-8789790-3316331,AMAZON,B0B7KCXV72,,CRFF105GB,1,11.68,7.32,2026-04-13 19:14:38,amazon Ledsone,false
1143845,203-9592931-0419518,AMAZON,B0D83MBJW1,,WCDTGD3PK+RPR44WH3PK,1,24.89,24.89,2026-04-13 19:23:54,amazon Dcvoltage,false
1143846,205-9073201-0151540,AMAZON,B0BX4B6F3W,,LSMS320GR+RPR44WH,1,14.99,14.99,2026-04-13 19:24:59,amazon Dcvoltage,false
1143856,202-8309564-6026753,AMAZON,B0FZCW7KC7,,LSHM300HE+RPR44WH,1,22.99,22.99,2026-04-13 19:32:15,amazon Dcvoltage,false
1143857,026-6405983-2134706,AMAZON,B0CTC93TVC,,CRSF100BM+LHNSE27YB+SCRN70BM+LSFT220GS,1,20.89,20.89,2026-04-13 19:33:32,amazon Dcvoltage,false
1143859,204-6316724-1405119,AMAZON,B0FVM7K6SL,,CERU72350BL,1,9.18,5.24,2026-04-13 19:29:28,amazon Ledsone,false
1143860,204-3273498-8473926,AMAZON,B0B8VVQSNV,,LDSG125LOE274,1,14.60,9.99,2026-04-13 19:38:37,amazon Ledsone,false
1143864,205-9397567-0597947,AMAZON,B0CFHMTJDJ,,CRSF100BM2PK+PHRNWP1RBM2PK+ICST64E272PK,2,55.38,23.07,2026-04-13 19:43:09,amazon Ledsone,false
1143865,202-6958562-7745909,AMAZON,B07DH89GTY,,12UK3P2A,1,9.38,5.41,2026-04-13 19:46:07,amazon Ledsone,false
1143869,203-7890620-3072311,AMAZON,B09JM3PLLH,,LDSG125LOE274,1,10.39,8.66,2026-04-13 19:51:10,amazon Ledsone,false
1143875,203-3904656-5090754,AMAZON,B09LHVG9HR,,CRSF1203WH+PHTT1PWRGG3PK+SPSPWH3PK,1,19.99,16.66,2026-04-13 20:02:01,amazon Ledsone,false
1143883,206-2126291-6833969,AMAZON,B0DH94WBWX,,CL3TLP5PK,1,9.99,9.99,2026-04-13 20:10:58,amazon Dcvoltage,false
1143891,202-8447188-4423503,AMAZON,B0CGD9N7BV,,CRSF100WH+PHRY2PCRWH+LDST45E274,2,34.94,14.56,2026-04-13 20:24:42,amazon Ledsone,false
1143893,204-3478326-8382713,AMAZON,B0GTQXH9HR,,LSGL10012AR3PK+RPM40WH3PK,1,21.99,21.99,2026-04-13 20:29:21,amazon Dcvoltage,false
1143898,206-0095251-0518754,AMAZON,B07CVCT7XN,,LDMG95E278,1,7.49,7.49,2026-04-13 20:33:21,amazon Dcvoltage,false
1143900,206-4475713-6421162,AMAZON,B095Z3GZFK,,CRFF500BM+PHRI1PBRYB3PK+LSFT220BM3PK,1,34.99,29.16,2026-04-13 20:33:02,amazon Ledsone,false
1143914,026-3369899-8746725,AMAZON,B0D56WV9GR,,WCB7BS2PK+RPR44WH2PK,1,18.19,18.19,2026-04-13 20:54:43,amazon Dcvoltage,false
1143916,202-4317021-8245147,AMAZON,B0D32YBFXP,,LSCY290RE2PK+RPR44WH2PK,2,51.78,25.89,2026-04-13 21:04:25,amazon Dcvoltage,false
1143917,204-1002028-3545152,AMAZON,B0D83MBJW1,,WCDTGD3PK+RPR44WH3PK,1,24.89,24.89,2026-04-13 20:58:21,amazon Dcvoltage,false
1143918,204-6219615-7427554,AMAZON,B0CPBWXLWY,,LSCY290CB+RPR44WH,1,15.89,15.89,2026-04-13 20:58:40,amazon Dcvoltage,false
1143924,205-4470928-2643527,AMAZON,B0B4BDWXG2,,PSDS2BMRGY,1,11.99,9.99,2026-04-13 21:04:54,amazon Ledsone,false
1143928,204-2715246-4016340,AMAZON,B0FTDXQRDR,,CO1230ACL,15,17.88,1.19,2026-04-13 21:01:01,amazon Dcvoltage,false
1143940,203-8442203-7632357,AMAZON,B0G7JN7D7Y,,ENC9128,4,103.56,21.57,2026-04-13 21:21:43,amazon Ledsone,false
1143945,206-8752729-5158750,AMAZON,B08JYTDJ4S,,PSDS2BMRGR,1,14.89,14.89,2026-04-13 21:29:57,amazon SRM Amazon,false
1143946,026-1420013-3564310,AMAZON,B0DQD74HVG,,PHSF1BMTYB3PK,1,27.71,23.09,2026-04-13 21:33:55,amazon Ledsone,false
1143950,203-8926629-7054705,AMAZON,B0C948Q2C2,,PLTYBC+WCBNBC+LDST45E274,1,18.89,18.89,2026-04-13 21:44:05,amazon Dcvoltage,false
1143956,203-6678078-1249151,AMAZON,B0GLZ4SY9Q,,LSGLCP120SY+PHHT1PBRBM,2,30.78,12.89,2026-04-13 22:10:04,amazon Dcvoltage,false
1143962,203-1307004-2293103,AMAZON,B0CKLM52VJ,,LSDO210BS+RPR44WH,1,11.89,9.91,2026-04-13 22:10:23,amazon Ledsone,false
1143964,202-2930477-7378759,AMAZON,B0DH4LFC25,,WCDCBM3PK+RPR44WH3PK,1,24.39,20.32,2026-04-13 22:22:12,amazon Ledsone,false
1143968,206-7110210-4965904,AMAZON,B0B8DV248K,,CRSF1203BM,5,37.45,6.24,2026-04-13 22:28:07,amazon Ledsone,false
1143976,026-6057620-5423507,AMAZON,B07D1MYNGW,,CRSF100WH,1,6.89,6.89,2026-04-13 22:43:34,amazon Dcvoltage,false
1143980,026-4629518-9166701,AMAZON,B0GHWNXJJ2,,ENC642,1,23.89,19.91,2026-04-13 22:54:45,amazon Ledsone,false
1143981,204-3963298-4057914,AMAZON,B0B2K81GXH,,LHC5E27WH5PK,2,27.78,11.57,2026-04-13 22:55:46,amazon Ledsone,false
1143986,203-4900664-9317935,AMAZON,B0CPBX49HJ,,LSCY290GR+RPR44WH,1,14.99,14.99,2026-04-13 23:16:34,amazon Dcvoltage,false
1143990,206-3807891-7197932,AMAZON,B08KJJWJKK,,WCFSDCBM,1,36.99,30.82,2026-04-13 23:25:09,amazon Ledsone,false
1143991,206-0902032-0173929,AMAZON,B07CVCT7XN,,LDMG95E278,3,22.47,7.49,2026-04-13 23:23:58,amazon Dcvoltage,false
1143995,206-8199250-3165909,AMAZON,B0B9NH45ZQ,,CL2TBU5PK,1,12.49,12.49,2026-04-13 23:41:26,amazon Dcvoltage,false
1143996,026-4012295-3009907,AMAZON,B0C9TMW8FQ,,ENC1910,2,45.78,22.89,2026-04-14 00:03:30,amazon Dcvoltage,false
1143999,203-9196086-3641933,AMAZON,B0DDKJXLT9,,WCDTGR3PK+RPR44WH3PK,1,23.49,19.57,2026-04-14 00:44:47,amazon Ledsone,false
1144000,026-1161841-7649138,AMAZON,B0C9DPGRGD,,SPSDP2BM,1,5.89,5.89,2026-04-14 00:58:00,amazon Dcvoltage,false
1144001,205-7035394-0515505,AMAZON,B0DRCP85V8,,LDMT45E2742PK,1,11.99,11.99,2026-04-14 01:02:58,amazon SRM Amazon,false
1144007,205-2931087-6473961,AMAZON,B0DBZGHLSR,,LDSHEAE2743PK,1,18.24,18.24,2026-04-14 01:26:03,amazon Ledsone,false
1144008,205-2931087-6473961,AMAZON,B0DBV1PXNS,,LDSG125LOE2743PK,1,24.91,24.91,2026-04-14 01:26:03,amazon Ledsone,false
1144020,205-5799608-8733126,AMAZON,B0C9DV894B,,SPSDP2YB,1,7.09,7.09,2026-04-14 02:00:25,amazon Dcvoltage,false
1144022,202-0158803-4982777,AMAZON,B08XXWBD15,,WCB3BM+RPR44WH,1,10.29,10.29,2026-04-14 02:42:11,amazon Dcvoltage,false
1144023,026-6140195-1753941,AMAZON,B0D9QJV3B3,,CL2RBD5PK,1,13.79,11.49,2026-04-14 03:20:56,amazon Ledsone,false
1144025,203-3909406-4867531,AMAZON,B0D6RDTY48,,LDCWE2725,1,7.79,6.49,2026-04-14 03:42:26,amazon Ledsone,false
1144064,205-4991430-1296338,AMAZON,B08W5DQZP4,,CRSF100BM+WSLS155YB+SCRN70BM+LSFT220GR,2,31.78,15.89,2026-04-14 06:45:05,amazon Dcvoltage,false
1144070,206-6212190-8965119,AMAZON,B0FXXPTZV1,,LDSG1001E272PK,1,25.89,21.57,2026-04-14 06:55:30,amazon Ledsone,false
1144092,202-4921122-5100336,AMAZON,B0DTY7H97T,,WCVCBC3PK+RPR44WH3PK,1,22.89,19.07,2026-04-14 07:49:02,amazon Ledsone,false
1144093,206-1520149-4132312,AMAZON,B0CB7VSFQ9,,SPSDP2BM2PK,1,11.09,11.09,2026-04-14 07:50:06,amazon Dcvoltage,false
1144094,206-6293337-5530758,AMAZON,B0GLZ4SY9Q,,LSGLCP120SY+PHHT1PBRBM+CRSF100BM,1,12.89,12.89,2026-04-14 07:58:10,amazon Dcvoltage,false
1144106,202-0944013-2203556,AMAZON,B0F1D3YQPG,,RWWPSY10GY,1,5.76,2.49,2026-04-14 08:05:46,amazon Dcvoltage,false
1144109,204-9887206-2369935,AMAZON,B0B97Z4ZDD,,ENC3550,1,97.74,81.45,2026-04-13 13:04:30,amazon Ledsone,false
1144111,205-4074340-3973900,AMAZON,B0DBLQ8N4V,,CL3RBWAPK,1,23.49,23.49,2026-04-14 08:11:56,amazon Dcvoltage,false
1144120,203-7716135-5454740,AMAZON,B0FVXQ6C2W,,WCFL180BM2PK+RPR44WH2PK,1,19.89,19.89,2026-04-14 08:29:42,amazon Dcvoltage,false
1144121,203-3130338-8113115,AMAZON,B0DH6B49KD,,CL2TGL5PK,1,10.09,10.09,2026-04-14 08:33:09,amazon Dcvoltage,false
1144143,205-4354236-1676355,AMAZON,B0DTYWD2MJ,,WCVCBS3PK+RPR44WH3PK,1,21.19,17.66,2026-04-14 08:50:27,amazon Ledsone,false
1144154,204-2604886-8825931,AMAZON,B0FH6JJKV4,,SPSDP2BMY,2,14.67,4.91,2026-04-14 09:10:21,amazon Ledsone,false
1144167,204-2704877-6248332,AMAZON,B0DV5DF7H5,,ENC8216,1,38.99,38.99,2026-04-14 09:30:21,amazon SRM Amazon,false
1144173,205-2110387-0733154,AMAZON,B0CB89662N,,LSSS300CH+RPR44WH,1,14.89,14.89,2026-04-14 09:55:40,amazon Dcvoltage,false
1144175,206-0156873-8064344,AMAZON,B092ZRC5KH,,PLTFRR+ICST64E2740,1,27.19,18.49,2026-04-14 09:49:20,amazon Ledsone,false
1144176,205-9429985-8309148,AMAZON,B0F28YFTQ9,,LSCY290BU+RPR44WH,1,15.89,13.24,2026-04-14 09:56:17,amazon Ledsone,false
1144177,206-7563804-4338706,AMAZON,B08VGPPCY1,,WCDTBM+RPR44WH,1,10.89,10.89,2026-04-14 09:55:46,amazon Dcvoltage,false
1144179,203-4044124-3599523,AMAZON,B086X973M2,,LHC2E27WH,1,7.98,4.24,2026-04-14 10:01:50,amazon Ledsone,false
1144190,205-3603471-3861966,AMAZON,B0F29P1SH6,,CERU36150GR,2,6.27,1.41,2026-04-14 10:24:15,amazon Ledsone,false
1144191,204-1550077-0980318,AMAZON,B08BZKNC4L,,CBSF295,1,7.49,7.49,2026-04-14 10:24:51,amazon SRM Amazon,false
1144192,204-3608897-0788346,AMAZON,B0CN8VCCGK,,CRFF500BM+PHCH1BMRBM3PK+LSCY210BG3PK,1,43.49,43.49,2026-04-14 10:23:54,amazon Dcvoltage,false
1144193,203-4344970-0005166,AMAZON,B0CRYMKK98,,WJCUKKJWH2PK,1,16.39,16.39,2026-04-14 10:28:30,amazon Dcvoltage,false
1144197,202-9594683-4913129,AMAZON,B0F9VDWTYX,,CL3RBM3PK,1,6.79,5.66,2026-04-14 10:31:50,amazon Ledsone,false
1144198,203-2298746-8636308,AMAZON,B0G1TG1W65,,CKKLYB,1,10.09,8.41,2026-04-14 10:34:45,amazon Ledsone,false
1144199,026-7395799-8845933,AMAZON,B09Z6QKSCN,,LDWWE2712,4,31.52,6.57,2026-04-14 10:41:55,amazon Ledsone,false
1144200,203-0885083-8195562,AMAZON,B0DTHKKQV6,,WCB7BM3PK+RPR44WH3PK,1,22.89,22.89,2026-04-14 10:36:38,amazon Dcvoltage,false
1144201,203-0868343-5896335,AMAZON,B08V8X7LN8,,PHFSH1PBRBM+LSMS320CB,1,19.69,19.69,2026-04-14 10:38:49,amazon Dcvoltage,false
1144210,203-5815271-3506728,AMAZON,B0943YFZPF,,BC3W60,1,6.39,6.39,2026-04-14 10:54:04,amazon Dcvoltage,false
1144211,205-4671402-1999528,AMAZON,B0BNW1NWB9,,ENC784,1,31.49,31.49,2026-04-14 10:57:49,amazon Dcvoltage,false
1144215,205-5645616-7568342,AMAZON,B0DRYR3MGR,,LHSHE27GB3PK,1,17.69,17.69,2026-04-14 10:55:17,amazon SRM Amazon,false
1144216,203-7206873-6505131,AMAZON,B0CVL3DW4Q,,LSTF400BM+RPR44WH,1,16.39,13.66,2026-04-14 11:04:03,amazon Ledsone,false
1144218,203-4367380-7153108,AMAZON,B0GSFB5MT6,,LSGLULCL+RPM40WH,1,12.89,12.89,2026-04-14 10:59:25,amazon Dcvoltage,false
1144227,202-1287753-7223563,AMAZON,B0F28YR5JN,,LSCY290NB+RPR44WH,1,16.09,13.41,2026-04-14 11:10:51,amazon Ledsone,false
1144228,204-1528629-6387518,AMAZON,B0CCHYTRLV,,SPSDP2WH6PK,1,21.09,17.57,2026-04-14 11:11:22,amazon Ledsone,false
1144229,202-5566616-8956324,AMAZON,B0GTJ1BS3K,,LSGL10014CL2PK+RPM40WH2PK,1,12.89,12.89,2026-04-14 11:10:29,amazon Dcvoltage,false
1144242,026-3799165-8717966,AMAZON,B0F29P1SH6,,CERU36150GR,1,4.58,1.41,2026-04-14 11:27:02,amazon Ledsone,false
1144243,202-4490990-8660368,AMAZON,B096FYVFJ6,,CRSF100BM+PHCHPBRCO+LSCY290CO+ICST64E27,1,27.99,27.99,2026-04-14 11:15:20,amazon Dcvoltage,false
1144255,203-8031016-8260342,AMAZON,B0BBB3V9M6,,CL3RBW5PK,1,13.09,10.91,2026-04-14 11:44:38,amazon Ledsone,false
1144261,203-4853007-4189135,AMAZON,B0FB3ZFXY1,,LDMC35E1443PK,1,14.13,11.77,2026-04-14 11:54:47,amazon Ledsone,false
1144266,204-6796787-7399540,AMAZON,B0FZCY5184,,LSHM300HE2PK+RPR44WH2PK,1,43.89,43.89,2026-04-14 12:09:15,amazon Dcvoltage,false
1144267,203-4569666-9879541,AMAZON,B0FB3ZBZP1,,LDMC35E144APK,1,47.10,39.25,2026-04-14 11:54:47,amazon Ledsone,false
1144277,206-6339265-1580308,AMAZON,B0DHXFL26J,,RPM40BM6PK,1,8.38,4.57,2026-04-14 12:22:12,amazon Ledsone,false
1144278,205-3844666-2529932,AMAZON,B09L8KS17V,,CRSF100BM+PHCH1BMRBM+LSDO400BI,1,21.69,18.07,2026-04-14 12:27:38,amazon Ledsone,false
1144282,203-6802384-6677901,AMAZON,B0G5Q4KFN2,,ENC375,1,38.89,38.89,2026-04-14 12:31:26,amazon Dcvoltage,false
1144285,204-7248935-1635508,AMAZON,B0DPMRRK56,,12IP67102PK,2,16.93,7.02,2026-04-14 12:44:50,amazon SRM Amazon,false
1144286,026-3297774-3292333,AMAZON,B096FPKPNQ,,ENC685,1,58.89,58.89,2026-04-14 12:37:22,amazon Dcvoltage,false
1144287,026-7025284-1813902,AMAZON,B0CVN6PYHV,,CENU19150BM,1,1.34,1.34,2026-04-14 12:43:59,amazon Dcvoltage,false
1144297,205-4690768-8958758,AMAZON,B093T4C95B,,LSMS320CB+RPR44WH,1,13.99,11.66,2026-04-14 12:50:13,amazon Ledsone,false
1144298,026-1182160-3063505,AMAZON,B0DDXQ52JF,,LHSHE27YB3PK,1,33.35,27.79,2026-04-14 12:53:56,amazon Ledsone,false
1144305,202-5891538-9568343,AMAZON,B08RYTP5WV,,HRE2738WH2PK,1,3.80,0.91,2026-04-14 12:58:41,amazon SRM Amazon,false
1144306,202-8815728-4917968,AMAZON,B0B9Y59487,,CL3TBR5PK,1,13.79,11.49,2026-04-14 13:07:41,amazon Ledsone,false
1144316,205-9826878-0480334,AMAZON,B08V8MYCZR,,CRSF100BM+PHSH1PBRBM+LSMS320GR,1,19.89,19.89,2026-04-14 13:13:46,amazon Dcvoltage,false
1144329,026-6304641-6725920,AMAZON,B0C1T98F65,,ENC905,1,23.99,19.99,2026-04-14 13:31:55,amazon Ledsone,false
1144330,202-3603226-3209160,AMAZON,B0CVKZ9NMV,,LSTF400WH2PK+RPR44WH2PK,1,31.98,31.98,2026-04-14 13:38:47,amazon Dcvoltage,false
1144334,206-8759374-4904312,AMAZON,B0GLQ2N3MN,,LSCY290DGY+RPR44WH,1,15.89,13.24,2026-04-14 13:40:33,amazon Ledsone,false
1144344,205-1935174-0020335,AMAZON,B093DJ4K6V,,CL2TIVAPK,1,21.49,17.91,2026-04-14 13:50:47,amazon Ledsone,false
1144345,205-5859367-7669149,AMAZON,B0G499B37C,,WCCYSP180WH2PK+RPR44WH2PK,1,24.89,20.74,2026-04-14 13:55:53,amazon Ledsone,false
1144357,204-7750239-0737168,AMAZON,B0DH8XPJC1,,CL3TRE2PK,1,5.99,5.99,2026-04-14 14:11:06,amazon Dcvoltage,false
1144364,204-4259158-5540367,AMAZON,B07L8HF87F,,CL3TBU5PK,1,14.69,14.69,2026-04-14 14:28:20,amazon Dcvoltage,false
1144366,205-1146118-2393940,AMAZON,B07VXWJ5WY,,CRSF100BM2PK+PHCH1BMRBM2PK+LSCY290BM2PK,1,30.82,30.82,2026-04-14 14:25:56,amazon Ledsone,false
1144367,205-1146118-2393940,AMAZON,B0DP2V5HY3,,CRSF100BM+PHCH1BMRBM+LSCY290BM,1,17.32,17.32,2026-04-14 14:25:56,amazon Ledsone,false
1144368,206-4536870-4596323,AMAZON,B0F29P1SH6,,CERU36150GR,2,6.27,1.41,2026-04-14 14:19:19,amazon Ledsone,false
1144375,203-5656280-2688312,AMAZON,B0GHWNXJJ2,,ENC642,1,23.89,19.91,2026-04-14 14:35:55,amazon Ledsone,false
1144376,026-2887982-8772363,AMAZON,B0CQT6KV3H,,LSDO210GY+RPR44WH,1,11.89,11.89,2026-04-14 14:37:54,amazon Dcvoltage,false
1144379,202-7635534-6041134,AMAZON,B0F43LY81D,,CENU19150BM,9,13.26,1.06,2026-04-14 14:45:12,amazon Dcvoltage,false
1144381,202-0858321-3468304,AMAZON,B0B9Y5MRSK,,CL3TGD5PK,1,13.19,10.99,2026-04-14 14:50:33,amazon Ledsone,false
1144387,203-4481394-1012367,AMAZON,B09LR6Y4B2,,CRSF100GB+LHNSE27GB+SCRN70GB+LSTF40GB,1,16.39,13.66,2026-04-14 15:05:25,amazon Ledsone,false
1144388,026-5781945-7528328,AMAZON,B0FZCW7KC7,,LSHM300HE+RPR44WH,1,22.99,22.99,2026-04-14 15:02:55,amazon Dcvoltage,false
1144389,026-5781945-7528328,AMAZON,B08WCMZJS6,,WCRTBR,1,11.89,11.89,2026-04-14 15:02:55,amazon Dcvoltage,false
1144407,205-2694591-4629106,AMAZON,B08WLZZC5C,,CRSF100CO+PHMU1PBRCO+LSDM220CO,1,18.99,18.99,2026-04-14 15:35:29,amazon Dcvoltage,false
1144413,206-9544674-0505153,AMAZON,B0CRZ4NYHV,,LSCY290CB+RPR44WH,1,15.89,15.89,2026-04-14 15:46:31,amazon Dcvoltage,false
1144414,202-6421309-8049100,AMAZON,B0D73KRWF7,,LDMT185B2245PK,1,16.89,16.89,2026-04-14 15:44:51,amazon Dcvoltage,false
1144421,203-6224601-8857139,AMAZON,B09L115HFJ,,12UK3P10A,1,18.29,15.24,2026-04-14 15:54:21,amazon Ledsone,false
1144422,206-2541081-3901966,AMAZON,B0CJ741MRL,,CL2TLBAPK,1,18.49,15.41,2026-04-14 15:55:37,amazon Ledsone,false
1144430,202-3938067-0388304,AMAZON,B0DH96ZNZ4,,CL3TBR3PK,1,8.99,8.99,2026-04-14 16:00:22,amazon Dcvoltage,false
1144431,205-8742112-5673931,AMAZON,B0CJ8BN5TM,,LSMCSPDRFL+RPM40WH,1,22.99,22.99,2026-04-14 16:08:37,amazon Dcvoltage,false
1144433,205-5065199-5017945,AMAZON,B0CVKZQNRT,,TSLTRE,1,8.18,4.41,2026-04-14 16:09:03,amazon Ledsone,false
1144451,205-4516967-4947568,AMAZON,B0CW9MF3JQ,,CKDZH174820SB,1,14.09,14.09,2026-04-14 16:27:21,amazon SRM Amazon,false
1144452,206-0275144-7329906,AMAZON,B0CGZSD2RV,,LSMCSPFLMC2PK+RPM40WH2PK,1,45.89,38.24,2026-04-14 16:21:38,amazon Ledsone,false
1144453,202-0322014-0725114,AMAZON,B0FXXR1VWG,,LDSG1007E273PK,2,58.20,24.25,2026-04-14 16:23:01,amazon Ledsone,false
1144457,206-2254749-5135536,AMAZON,B0F1D3YQPG,,RWWPSY10GY,1,5.76,2.49,2026-04-14 16:32:46,amazon Dcvoltage,false
1144469,206-8675516-2958751,AMAZON,B0C43L42DK,,WCDTRE+RPR44WH,1,10.09,8.41,2026-04-14 16:44:49,amazon Ledsone,false
1144473,202-5757265-9689905,AMAZON,B0FXFF5LTD,,WCFL180BM2PK+RPR44WH2PK,1,21.89,18.24,2026-04-14 16:53:23,amazon Ledsone,false
1144480,204-2718820-7115507,AMAZON,B0D5B63S7G,,WCDTBM2PK+RPR44WH2PK,1,18.79,18.79,2026-04-14 17:07:50,amazon Dcvoltage,false
1144491,026-6808206-9031532,AMAZON,B0DPM9QV89,,LHCTOYB,2,22.67,8.24,2026-04-14 17:18:16,amazon Ledsone,false
1144496,206-7651567-3892358,AMAZON,B0DK4TF9X2,,SPWL43BM2PK,1,13.59,11.32,2026-04-14 17:27:44,amazon Ledsone,false
1144499,203-1325412-6473153,AMAZON,B07MF6MSMS,,CCBKNWE36,1,9.88,9.88,2026-04-14 17:35:39,amazon Dcvoltage,false
1144500,202-5651269-9699521,AMAZON,B0DSKRY43Q,,ENC8134,1,36.99,36.99,2026-04-14 17:36:16,amazon SRM Amazon,false
1144506,202-4856550-8597952,AMAZON,B095HZKGLN,,CRSF100SN+LHNSE27SN+SCRN70SN+LSOL220SN,1,18.89,15.74,2026-04-14 17:46:41,amazon Ledsone,false
1144507,026-4145012-2168341,AMAZON,B0CVN6PYHV,,CENU19150BM,1,1.34,1.34,2026-04-14 17:41:15,amazon Dcvoltage,false
1144515,205-9439395-8501135,AMAZON,B0D9S72T3T,,CL2RGYAPK,1,21.49,17.91,2026-04-14 17:50:41,amazon Ledsone,false
1144520,206-6952032-0548341,AMAZON,B0D5BFHKBN,,LSMS320GY2PK+RPR44WH2PK,1,27.09,27.09,2026-04-14 18:00:21,amazon Dcvoltage,false
1144521,205-8099022-6376315,AMAZON,B0F2919THD,,LSCY290CO+RPR44WH,2,37.78,15.74,2026-04-14 18:09:11,amazon Ledsone,false
1144532,205-6208419-9097121,AMAZON,B0C43L42DK,,WCDTRE+RPR44WH,1,10.09,8.41,2026-04-14 18:10:48,amazon Ledsone,false
1144533,203-2923032-5294756,AMAZON,B0B8P9BKXB,,LDMG125E278,1,10.89,9.07,2026-04-14 18:11:55,amazon Ledsone,false
1144538,204-6528333-3854714,AMAZON,B07GCPMLSY,,CL2TGYAPK,1,16.19,16.19,2026-04-14 18:18:46,amazon Dcvoltage,false
1144539,204-8784576-3737163,AMAZON,B0DCG47XRP,,LHTRE27SN2PK,1,14.39,11.99,2026-04-14 18:18:46,amazon Ledsone,false
1144547,203-8816691-5075550,AMAZON,B0GP771MFX,,LHPVHRE27WH2PK,1,6.49,5.41,2026-04-14 18:36:06,amazon Ledsone,false
1144548,206-7480314-8291519,AMAZON,B0DH5ZYV2N,,CL2TLGAPK,1,18.29,18.29,2026-04-14 18:30:44,amazon Dcvoltage,false
1144549,206-1649563-0708343,AMAZON,B08RYTP5WV,,HRE2738WH2PK,1,3.80,0.91,2026-04-14 16:47:26,amazon SRM Amazon,false
1144556,206-8113848-9077164,AMAZON,B0FQVDFF8N,,CRFF108BM+PHRI1PBRBA+LSCY290BG,1,24.89,24.89,2026-04-14 18:43:52,amazon Dcvoltage,false
1144557,204-2407554-6943510,AMAZON,B0F48KSRDK,,RWWPSY0680YE,1,9.16,5.89,2026-04-14 18:46:57,amazon Dcvoltage,false
1144559,202-3649349-1169165,AMAZON,B0D93PN1ZS,,WCDTGR2PK+RPR44WH2PK,1,17.29,14.41,2026-04-14 18:44:36,amazon Ledsone,false
1144578,202-8783167-7951544,AMAZON,B0C3ZT8HVF,,LSCY290BI+RPR44WH,1,15.89,13.24,2026-04-14 18:56:01,amazon Ledsone,false
1144579,203-2750056-3685936,AMAZON,B0DCFXBYJG,,LDSG95DIE2745PK,1,29.89,24.91,2026-04-14 18:55:53,amazon Ledsone,false
1144581,203-1318764-5691551,AMAZON,B08KGF2ZG7,,CL3RHE5PK,1,15.79,15.79,2026-04-14 18:52:01,amazon Dcvoltage,false
1144586,203-0065093-8951573,AMAZON,B0DH952KYG,,CL3TBU5PK,1,11.99,11.99,2026-04-14 18:59:58,amazon Dcvoltage,false
1144587,203-0065093-8951573,AMAZON,B0DH952823,,CL3TLG5PK,1,11.99,11.99,2026-04-14 18:59:58,amazon Dcvoltage,false
1144589,204-5993315-3363552,AMAZON,B09477YHK7,,LDMG95E278APK,1,35.19,29.32,2026-04-14 19:05:11,amazon Ledsone,false
1144590,206-3345042-8089936,AMAZON,B0CGDBCFM1,,CRSF100WH+PHRY1PCRPI,1,11.97,9.97,2026-04-14 19:02:51,amazon Ledsone,false
1144597,206-3980292-6985904,AMAZON,B0F3JC9HBJ,,LLRO18W,6,19.89,3.31,2026-04-14 19:19:56,amazon Dcvoltage,false
1144598,202-3799614-6165952,AMAZON,B0DXQ727KG,,LSCY290RE2PK+RPR44WH2PK,1,25.89,25.89,2026-04-14 19:11:31,amazon Ledsone,false
1144599,204-6781018-8881957,AMAZON,B0GPWPNKG7,,PSDS2BMRBW,1,11.99,9.99,2026-04-14 19:16:34,amazon Ledsone,false
1144605,206-4225835-0914703,AMAZON,B0FPWXQWQD,,LDCWA60HB2296PK,2,17.86,6.24,2026-04-14 19:28:01,amazon Ledsone,false
1144615,205-0338135-5004309,AMAZON,B0GTYQ6BCV,,LDMT185E2736PK,2,29.98,12.49,2026-04-14 19:25:55,amazon Ledsone,false
1144616,205-7006438-1641924,AMAZON,B0DX19J4S2,,LHSHE27CO2PK,1,10.89,10.89,2026-04-14 19:35:15,amazon SRM Amazon,false
1144617,206-3822585-5862759,AMAZON,B0FQVFP61X,,CRFF108BM+PHRI1PBRBA+LSCY290BI,1,21.89,21.89,2026-04-14 19:30:14,amazon Dcvoltage,false
1144618,202-6794861-6779569,AMAZON,B08XNR7FZ9,,LSCY290RE+RPR44WH,1,15.89,15.89,2026-04-14 19:32:27,amazon Dcvoltage,false
1144624,026-5087509-0009127,AMAZON,B0GDDXB14R,,LDMT185E2732PK,1,10.99,9.16,2026-04-14 19:40:18,amazon Ledsone,false
1144630,202-3115789-2272304,AMAZON,B0DL9VZVCX,,CL3RBMAPK,1,25.89,25.89,2026-04-14 19:54:01,amazon Dcvoltage,false
1144635,203-0117653-4834718,AMAZON,B0BB3158JW,,CL2RBL5PK,1,9.16,9.16,2026-04-14 20:04:47,amazon Ledsone,false
1144636,203-0117653-4834718,AMAZON,B0D9QJQLQS,,CL2RGR5PK,1,8.74,8.74,2026-04-14 20:04:47,amazon Ledsone,false
1144637,203-0117653-4834718,AMAZON,B0BB32YBC6,,CL2RYE5PK,1,11.49,11.49,2026-04-14 20:04:47,amazon Ledsone,false
1144638,203-0117653-4834718,AMAZON,B0BB371VF4,,CL2RRE5PK,1,11.49,11.49,2026-04-14 20:04:47,amazon Ledsone,false
1144639,205-4432121-5949136,AMAZON,B0F2GD6W7B,,RWT590YE,1,19.69,16.41,2026-04-14 20:08:17,amazon Ledsone,false
1144649,204-8718017-4337152,AMAZON,B0CCJQZ1X8,,SPSDP1YB,1,3.91,3.91,2026-04-14 20:13:45,amazon Ledsone,false
1144650,204-8718017-4337152,AMAZON,B0CCJ2F63N,,SPSDP3YB5PK,1,10.07,10.07,2026-04-14 20:13:45,amazon Ledsone,false
1144651,206-0574398-5036336,AMAZON,B0D2TDTRQC,,LSCY290BL3PK+RPR44WH3PK,1,39.89,39.89,2026-04-14 20:13:36,amazon Dcvoltage,false
1144652,206-5049469-4085114,AMAZON,B0BNVVH3N6,,ENC4111,1,29.99,29.99,2026-04-14 20:14:26,amazon Dcvoltage,false
1144653,203-2657907-0115559,AMAZON,B0CJCGSNJB,,LSSS300CO2PK+RPR44WH2PK,1,25.89,25.89,2026-04-14 20:15:38,amazon Dcvoltage,false
1144663,026-5344165-0884362,AMAZON,B0743GYD52,,CO332AORAPK,1,5.58,2.24,2026-04-14 20:20:10,amazon Ledsone,false
1144664,203-5731190-9327515,AMAZON,B09Z6P8H29,,LDCWA60HB227,1,6.98,3.41,2026-04-14 20:20:05,amazon Ledsone,false
1144675,026-0848209-8256327,AMAZON,B0CL7X2J4P,,ENC5579,1,53.65,57.69,2026-04-14 20:39:42,amazon Dcvoltage,false
1144676,205-8435687-9420344,AMAZON,B0GDCN4LCW,,LDMT185E2736PK,1,20.99,17.49,2026-04-14 20:42:41,amazon Ledsone,false
1144677,026-5169876-9904348,AMAZON,B0F9X1D46L,,CL3RBMAPK,1,25.89,21.57,2026-04-14 20:45:40,amazon Ledsone,false
1144678,202-6638258-7209150,AMAZON,B0BV37VR12,,PLOTBM,1,15.99,13.32,2026-04-14 20:45:07,amazon Ledsone,false
1144686,206-4666928-2549950,AMAZON,B0F9VDWTYX,,CL3RBM3PK,1,6.79,5.66,2026-04-14 20:50:03,amazon Ledsone,false
1144692,202-1030763-9431543,AMAZON,B08VGPWXG1,,LSCY290OR+RPR44WH,1,15.49,15.49,2026-04-14 21:06:33,amazon Dcvoltage,false
1144694,205-8247535-0401921,AMAZON,B0DH4KLR3P,,LDMG95E2782PK,1,12.89,12.89,2026-04-12 19:55:30,amazon SRM Amazon,false
1144699,026-8276279-1830731,AMAZON,B0GTQXH9HR,,LSGL10012AR3PK+RPM40WH3PK,1,21.99,21.99,2026-04-14 21:16:11,amazon Dcvoltage,false
1144711,202-8416132-4092353,AMAZON,B094VJWCF5,,PLADBC,1,50.89,42.41,2026-04-14 21:24:51,amazon Ledsone,false
1144713,206-8241675-9828362,AMAZON,B0C7KHGTMX,,ENC2089,1,155.89,155.89,2026-04-14 21:24:23,amazon Dcvoltage,false
1144719,206-7718508-0471538,AMAZON,B08K4PK7X2,,LDMG125B2283PK,1,18.89,18.89,2026-04-14 21:29:51,amazon Dcvoltage,false
1144720,206-1785941-0323525,AMAZON,B0CG5YC965,,LSCY290SN2PK+RPR44WH2PK,1,28.89,28.89,2026-04-14 21:29:51,amazon Dcvoltage,false
1144722,202-6509945-5121120,AMAZON,B0B8P9BKXB,,LDMG125E278,2,21.78,9.07,2026-04-14 21:40:58,amazon Ledsone,false
1144723,204-6450366-3463527,AMAZON,B0CFR5T91J,,WSLH200BM+ICST64E27,1,16.89,14.07,2026-04-14 21:41:38,amazon Ledsone,false
1144724,202-5616193-7903546,AMAZON,B0DBV1PXNS,,LDSG125LOE2743PK,1,29.89,24.91,2026-04-14 21:43:17,amazon Ledsone,false
1144725,203-2267160-7201151,AMAZON,B0DFTR3M3X,,RPM40BM2PK,1,5.88,2.49,2026-04-14 21:44:29,amazon Ledsone,false
1144726,026-8935116-7687557,AMAZON,B0FXXCYH2Y,,PLADBC+LSDO210BC3PK,1,50.89,42.41,2026-04-14 21:45:06,amazon Ledsone,false
1144727,204-7480158-9789155,AMAZON,B0CFR3V8N6,,WSLH200BM2PK+ICST64E272PK,1,30.89,25.74,2026-04-14 21:41:38,amazon Ledsone,false
1144728,206-0275938-2994711,AMAZON,B0FY22Q53W,,WCBCFBM2PK+RPR44WH2PK,1,23.89,23.89,2026-04-14 21:55:03,amazon Dcvoltage,false
1144729,206-0138301-7333938,AMAZON,B0CZLCKY5W,,LSSS300GY2PK+RPR44WH2PK,1,23.89,23.89,2026-04-14 21:57:39,amazon Dcvoltage,false
1144731,026-3915157-4468350,AMAZON,B0DQD74HVG,,PHSF1BMTYB3PK,1,27.71,23.09,2026-04-14 21:57:12,amazon Ledsone,false
1144742,205-0561567-6670717,AMAZON,B0DLW5C14D,,CL2TGLAPK,1,18.89,18.89,2026-04-14 22:22:23,amazon Dcvoltage,false
1144747,206-1177189-1805133,AMAZON,B0FMK94XCX,,ENC8926,1,18.59,18.59,2026-04-14 22:35:24,amazon Dcvoltage,false
1144749,202-8487638-7115527,AMAZON,B0CHDXNQMR,,CL3TBP5PK,1,10.39,8.66,2026-04-14 22:32:54,amazon Ledsone,false
1144754,206-5379024-6472339,AMAZON,B0C6KFDSSL,,WCWYBM,1,9.49,7.91,2026-04-14 22:49:34,amazon Ledsone,false
1144758,204-7969542-4508305,AMAZON,B0CTC7XPNX,,CRSF100BM+LHNSE27YB+SCRN70BM+LSFT220BG,1,18.89,18.89,2026-04-14 22:46:25,amazon Dcvoltage,false
1144761,204-1926588-6218739,AMAZON,B09L8KS17V,,CRSF100BM+PHCH1BMRBM+LSDO400BI,2,41.21,18.07,2026-04-14 23:06:21,amazon Ledsone,false
1144762,202-1962826-0030768,AMAZON,B0DH937VLZ,,CL3TCR3PK,1,8.99,8.99,2026-04-14 23:08:09,amazon Dcvoltage,false
1144765,203-3320684-0950710,AMAZON,B0F9YSRKVJ,,LSMS320BM+RPR44WH,1,14.99,12.49,2026-04-14 23:08:40,amazon Ledsone,false
1144770,204-9623218-0165947,AMAZON,B0743GYD52,,CO332AORAPK,2,8.27,2.24,2026-04-14 23:30:27,amazon Ledsone,false
1144771,202-5547526-0154715,AMAZON,B0C8NJDTJS,,WCDCBM+RPR44WH,1,10.89,9.07,2026-04-14 23:27:16,amazon Ledsone,false
1144773,204-8088786-0103520,AMAZON,B0CNTDFPX9,,WCB3WH+RPR44WH,1,11.49,11.49,2026-04-14 23:46:10,amazon Dcvoltage,false
1144776,026-2174593-3005169,AMAZON,B0D5B63S7G,,WCDTBM2PK+RPR44WH2PK,1,18.79,18.79,2026-04-15 00:13:12,amazon Dcvoltage,false
1144777,202-5317356-1506717,AMAZON,B0BNW1NWB9,,ENC784,1,31.49,31.49,2026-04-15 00:34:52,amazon Dcvoltage,false
1144778,202-1921987-7533905,AMAZON,B0F2919THD,,LSCY290CO+RPR44WH,1,18.89,15.74,2026-04-15 00:34:08,amazon Ledsone,false
1144784,204-9254492-0493155,AMAZON,B0CRZ5BVRY,,LSCY290OR+RPR44WH,1,15.89,15.89,2026-04-15 01:35:22,amazon Dcvoltage,false
1144787,202-3473986-8551554,AMAZON,B0CH329S61,,CO1230ACL,1,6.88,3.32,2026-04-15 02:03:06,amazon Ledsone,false
1144897,204-8099431-8142754,AMAZON,B0CN35HMT6,,CRSF1204BM+PHRY2PCRBM4PK,1,29.91,29.91,2026-04-15 07:53:15,amazon Ledsone,false
1144898,204-8099431-8142754,AMAZON,B0CN36MS9R,,CRSF1206BM+PHRY2PCRBM6PK+ICST64E276PK,1,44.74,44.74,2026-04-15 07:53:15,amazon Ledsone,false
1144904,206-5638769-8557163,AMAZON,B0FXFF5LTD,,WCFL180BM2PK,1,21.89,18.24,2026-04-15 08:04:53,amazon Ledsone,false
1144917,203-7375393-4628321,AMAZON,B0DVLYLXH8,,PHSHF1PBRYB+LSCY290BG+ICST64E27,1,24.09,20.07,2026-04-15 08:19:14,amazon Ledsone,false
1144923,203-3561524-5453134,AMAZON,B0CPBWXLWY,,LSCY290CB+RPR44WH,1,15.89,15.89,2026-04-15 08:29:17,amazon Dcvoltage,false
1144924,202-5029686-2358758,AMAZON,B0C948Q2C2,,PLTYBC+WCBNBC+LDST45E274,1,18.89,18.89,2026-04-15 08:37:14,amazon Dcvoltage,false
1144925,026-4864657-9892343,AMAZON,B0C3QVPKYF,,ENC3549,1,82.69,68.91,2026-04-15 08:34:48,amazon Ledsone,false
1144926,204-9699336-7913954,AMAZON,B0FH9MMVWS,,ENC8926,1,16.28,13.57,2026-04-15 08:35:49,amazon Ledsone,false
1144941,203-8314218-9325946,AMAZON,B0917RQ9PM,,PLHCBC+LSDO210BC3PK,2,83.14,41.57,2026-04-15 08:50:11,amazon Ledsone,false
1144942,203-8314218-9325946,AMAZON,B0GLNHVVKS,,PL4HBC,2,63.14,31.57,2026-04-15 08:50:11,amazon Ledsone,false
1144953,203-9671531-0819535,AMAZON,B0CVL3H63B,,LSEL400OR2PK+RPR44WH2PK,1,31.89,26.57,2026-04-15 09:15:21,amazon Ledsone,false
1144965,204-3415767-1004300,AMAZON,B0CVLFG3DT,,RWWPSY0840YE,1,5.88,2.49,2026-04-15 09:20:04,amazon Ledsone,false
1144966,206-4961589-8239507,AMAZON,B0F43QD6KT,,CENU36300WH,2,8.09,2.49,2026-04-15 09:26:11,amazon Dcvoltage,false
1144967,206-1807187-0670761,AMAZON,B0FY268HX2,,WCBCFRO2PK+RPR44WH2PK,1,23.89,23.89,2026-04-15 09:26:54,amazon Dcvoltage,false
1144968,205-3679989-3680364,AMAZON,B0C949416V,,PLTYBM+WCBNBM+LDST45E274,1,22.89,22.89,2026-04-15 09:30:37,amazon Dcvoltage,false
1144975,203-4393046-2253961,AMAZON,B09JM3PLLH,,LDSG125LOE274,1,10.39,8.66,2026-04-15 09:36:10,amazon Ledsone,false
1144976,205-5053757-7297161,AMAZON,B0CG9GNX5L,,WCWODSBM2PK+RPR44WH2PK,1,19.89,19.89,2026-04-15 09:31:54,amazon Dcvoltage,false
1144981,205-0920919-3972322,AMAZON,B0FQVDFF8N,,CRFF108BM+PHRI1PBRBA+LSCY290BG,1,24.89,24.89,2026-04-15 09:39:50,amazon Dcvoltage,false
1144991,206-4296477-0459547,AMAZON,B07DH89GTY,,12UK3P2A,1,9.38,5.41,2026-04-15 09:47:24,amazon Ledsone,false
1145016,204-7717670-9706742,AMAZON,B0CN376GSP,,CRSF1202BM+PHHT2PBRBM2PK+SPUPBM2PK,1,19.89,16.57,2026-04-15 10:24:46,amazon Ledsone,false
1145017,204-7438850-5155555,AMAZON,B0F7QWMBLY,,CL3TGLAPK,1,19.99,16.66,2026-04-15 10:22:57,amazon Ledsone,false
1145027,202-8585235-8798742,AMAZON,B0CPBXK43C,,LSCY290NB+RPR44WH,1,16.09,16.09,2026-04-15 10:30:15,amazon Dcvoltage,false
1145028,205-6349000-7005940,AMAZON,B0CV7K4PZC,,RWGS1342WH,1,6.75,3.59,2026-04-15 10:36:42,amazon Dcvoltage,false
1145036,202-6677227-4877915,AMAZON,B093H8YG8Z,,LSMS320GY+RPR44WH,1,14.99,12.49,2026-04-15 10:39:08,amazon Ledsone,false
1145037,203-4770741-9916338,AMAZON,B0DKNBKTGR,,LHCCE27WH,1,6.09,6.09,2026-04-15 10:43:03,amazon Dcvoltage,false
1145038,203-4549333-2167555,AMAZON,B0CVL3TRRS,,LSEL400GY2PK+RPR44WH2PK,8,247.12,30.89,2026-04-15 10:47:33,amazon Dcvoltage,false
1145044,206-8614614-5400339,AMAZON,B0B9Y5MRSK,,CL3TGD5PK,5,58.05,9.67,2026-04-15 10:50:11,amazon Ledsone,false
1145049,206-1243043-3858705,AMAZON,B0DH8XKTL8,,CL3TBK3PK,1,8.99,8.99,2026-04-15 11:08:04,amazon Dcvoltage,false
1145068,202-3305298-3553949,AMAZON,B084645W4S,,LDMST64E2783PK,1,12.89,10.74,2026-04-15 11:24:38,amazon Ledsone,false
1145074,203-5489214-5560312,AMAZON,B091FQ57MJ,,CRFF140YB+WSNW170YB+LSOL220YB,1,19.69,16.41,2026-04-15 11:29:19,amazon Ledsone,false
1145087,206-3860394-8861925,AMAZON,B0B71MJFDZ,,CRSF100BM,6,38.83,4.99,2026-04-15 11:57:33,amazon Ledsone,false
1145088,202-5154042-8109945,AMAZON,B0CV7K4PZC,,RWGS1342WH,1,6.75,3.59,2026-04-15 11:51:45,amazon Dcvoltage,false
1145089,026-3577892-7693159,AMAZON,B08XVV335M,,WCB6BM+RPR44WH,2,20.58,10.29,2026-04-15 11:53:12,amazon Dcvoltage,false
1145092,204-3547930-8586752,AMAZON,B0CCHZNHT9,,SPSDP2WH,2,14.47,4.82,2026-04-15 11:55:44,amazon Ledsone,false
1145093,205-1820399-7011528,AMAZON,B0DXQ9BPVH,,LSCY290BB2PK+RPR44WH2PK,2,51.78,21.57,2026-04-15 12:05:05,amazon Ledsone,false
1145094,026-2855742-6757122,AMAZON,B0C7C8LWY9,,LSCY290NB+RPR44WH,1,16.09,16.09,2026-04-15 12:02:07,amazon Dcvoltage,false
1145103,026-0169711-5061961,AMAZON,B0CXSXN4KX,,LSMS320BI2PK+RPR44WH2PK,1,27.09,27.09,2026-04-15 12:14:54,amazon Dcvoltage,false
1145110,203-6080602-3829912,AMAZON,B096FPKPNQ,,ENC685,1,58.89,58.89,2026-04-15 12:30:08,amazon Dcvoltage,false
1145111,206-9917835-0910704,AMAZON,B0DFHM3D4X,,LSCY290CO+RPR44WH,1,18.89,18.89,2026-04-15 12:38:08,amazon Dcvoltage,false
1145112,206-9046923-1872364,AMAZON,B0GCZ9ZLXK,,CRSF1203WH,1,10.38,7.49,2026-04-15 13:01:11,amazon Ledsone,false
1145120,206-8366002-7497901,AMAZON,B0DH8Z6FLZ,,CL3TGDAPK,1,25.99,25.99,2026-04-15 12:46:18,amazon Dcvoltage,false
1145124,202-6620547-0179530,AMAZON,B07WK7B3L2,,CRSF1202YB,1,9.89,9.89,2026-04-15 12:53:56,amazon Dcvoltage,false
1145137,202-1247335-9962702,AMAZON,B0FY22Q53W,,WCBCFBM2PK+RPR44WH2PK,1,23.89,23.89,2026-04-15 13:09:40,amazon Dcvoltage,false
1145138,026-1278922-2830737,AMAZON,B0FJ2JF399,,STPVC17ABLAPK,1,7.58,4.69,2026-04-15 13:18:31,amazon Dcvoltage,false
1145157,204-8299903-6526740,AMAZON,B0B8DWNFLN,,CRSF1206BM,2,21.78,9.07,2026-04-15 13:44:24,amazon Ledsone,false
1145158,206-7077619-8265901,AMAZON,B0DY7NXLY4,,RWWPSY0640YE,1,6.49,6.49,2026-04-15 13:34:30,amazon SRM Amazon,false
1145163,205-7847351-8920310,AMAZON,B0D7S1RC3N,,LSMS320CB2PK+RPR44WH2PK,1,26.79,22.32,2026-04-15 13:50:39,amazon Ledsone,false
1145164,203-4996164-4324305,AMAZON,B0B8P9BKXB,,LDMG125E278,1,10.89,9.07,2026-04-15 13:53:17,amazon Ledsone,false
1145166,206-2820534-5809154,AMAZON,B0D59MHSXN,,WCB3WH2PK+RPR44WH2PK,1,16.89,16.89,2026-04-15 13:57:26,amazon Dcvoltage,false
1145167,206-3483566-7231557,AMAZON,B0CQNKMFJH,,PLTFRR+ICST64E2740,1,21.99,21.99,2026-04-15 13:54:38,amazon Dcvoltage,false
1145174,205-5730051-1981117,AMAZON,B0FY1Z5VMP,,WCFL180BM2PK+RPR44WH2PK,1,21.89,21.89,2026-04-15 14:05:18,amazon Dcvoltage,false
1145175,203-6629612-0633912,AMAZON,B0CQT7FF6B,,LSDO210RE+RPR44WH,1,11.89,11.89,2026-04-15 13:52:35,amazon Dcvoltage,false
1145176,203-6629612-0633912,AMAZON,B0CQT843J9,,LSDO210OR+RPR44WH,1,11.89,11.89,2026-04-15 13:52:35,amazon Dcvoltage,false
1145185,202-4351085-0999527,AMAZON,B0CNPV6DLL,,LDMG80B224,1,6.49,6.49,2026-04-15 14:15:14,amazon Dcvoltage,false
1145186,206-0102266-2673170,AMAZON,B0GTHT26DV,,LSGL10014CL3PK+RPM40WH3PK,2,45.78,22.89,2026-04-15 14:14:20,amazon Dcvoltage,false
1145187,026-7275745-5950744,AMAZON,B08KGF2ZG7,,CL3RHE5PK,3,47.37,15.79,2026-04-15 14:15:53,amazon Dcvoltage,false
1145189,203-8229951-9544321,AMAZON,B0D6GDQP8G,,CRSF100BC+PHNW1RBC+ICST64E27,1,16.89,14.07,2026-04-15 14:19:02,amazon Ledsone,false
1145202,202-8137224-7700302,AMAZON,B0GR8NP493,,SPPGUK3PWH2PK,1,6.18,2.74,2026-04-15 14:34:25,amazon Ledsone,false
1145204,206-7635686-7397963,AMAZON,B0CJ4QZ15C,,LSMCSPSQMC+RPM40WH,1,22.89,22.89,2026-04-15 14:36:13,amazon Dcvoltage,false
1145211,203-1629862-4049969,AMAZON,B0D2949Q4K,,LSCY290BS3PK+RPR44WH3PK,1,39.49,32.91,2026-04-15 14:40:32,amazon Ledsone,false
1145216,205-4646437-7044366,AMAZON,B0D3X4WHGV,,CCBKNWE482PK,2,33.98,14.16,2026-04-15 15:00:37,amazon Ledsone,false
1145219,204-2188414-8060332,AMAZON,B0DNJFD3CJ,,PCBSF2MCH,1,5.18,4.32,2026-04-15 14:28:30,amazon Ledsone,false
1145229,202-0705391-6890723,AMAZON,B0DTPB2YC2,,WCB2BM3PK+RPR44WH3PK,1,21.89,18.24,2026-04-15 15:14:09,amazon Ledsone,false
1145241,204-0490109-0649144,AMAZON,B07PM4GDGP,,CL3TBM5PK,1,13.79,13.79,2026-04-15 15:29:27,amazon Dcvoltage,false
1145244,202-7851862-3625108,AMAZON,B0GP139NG9,,LHXWPE27PPWH2PK,1,12.78,8.24,2026-04-15 15:41:13,amazon Ledsone,false
1145245,026-4179848-8353912,AMAZON,B0D59QGM51,,WCB2WH2PK+RPR44WH2PK,1,15.83,15.83,2026-04-15 15:39:39,amazon Dcvoltage,false
1145252,205-9674545-7338729,AMAZON,B0BNW1NWB9,,ENC784,1,31.49,31.49,2026-04-15 15:57:50,amazon Dcvoltage,false
1145257,026-7610767-4661132,AMAZON,B0DV5F3N8Z,,ENC8218,1,32.89,32.89,2026-04-15 16:07:08,amazon SRM Amazon,false
1145258,205-3139272-8354716,AMAZON,B0DX6TP9TZ,,CENU36300WH,1,5.78,2.07,2026-04-15 16:06:29,amazon Ledsone,false
1145259,203-0765279-8068357,AMAZON,B0DTHTGPD2,,WCB7WH3PK+RPR44WH3PK,1,22.49,22.49,2026-04-15 16:00:13,amazon Dcvoltage,false
1145260,202-7127637-0160342,AMAZON,B0D44ZF4KW,,PHSF2ROTRO+ICST64E27,1,18.89,18.89,2026-04-15 16:05:14,amazon Dcvoltage,false
1145263,202-3601851-2048304,AMAZON,B0B4BGQRQL,,PSDS2BMRBR,1,11.99,9.99,2026-04-15 16:10:53,amazon Ledsone,false
1145265,202-1271208-2202711,AMAZON,B0F7QRS48B,,CL3TBMAPK,1,22.89,19.07,2026-04-15 16:43:10,amazon Ledsone,false
1145267,206-5594048-6522740,AMAZON,B0CQR15PPF,,CL2TCR,1,6.38,3.09,2026-04-15 16:10:56,amazon Dcvoltage,false
1145268,026-3202457-1905965,AMAZON,B0CNRJ2VNY,,LDMST64B224,1,7.19,7.19,2026-04-15 16:13:36,amazon Dcvoltage,false
1145269,026-2450861-6573164,AMAZON,B08V8X7LN8,,PHFSH1PBRBM+LSMS320CB,1,19.69,19.69,2026-04-15 16:16:32,amazon Dcvoltage,false
1145282,202-7132842-4312366,AMAZON,B0DTQ2P2B4,,LDMST64E274,1,6.89,5.74,2026-04-15 16:40:23,amazon Ledsone,false
1145283,026-9158049-9522713,AMAZON,B08V5MK449,,CRSF100BM+PHHT1PBRBM+LSCY290BM,6,109.44,18.24,2026-04-15 16:37:47,amazon Dcvoltage,false
1145293,206-9312371-3608324,AMAZON,B0BV7C4JXR,,ENC1971,1,127.89,127.89,2026-04-15 16:48:00,amazon Dcvoltage,false
1145298,204-5627031-8657904,AMAZON,B09L8KS17V,,CRSF100BM+PHCH1BMRBM+LSDO400BI,1,20.69,17.24,2026-04-15 16:52:40,amazon Ledsone,false
1145300,202-6602480-6598748,AMAZON,B0CGRMRGR3,,CRSF100BM2PK+PHRNWP1RBM2PK+ICST64E272PK,1,27.89,23.24,2026-04-15 16:58:27,amazon Ledsone,false
1145311,026-1480433-7181153,AMAZON,B0D59QFGN7,,WCB2BB2PK+RPR44WH2PK,2,30.98,15.49,2026-04-15 17:14:10,amazon Dcvoltage,false
1145312,026-9467884-6653132,AMAZON,B096FZK8N9,,CRSF100BM+PHCHPCRYB+LSCY290YB,2,49.78,24.89,2026-04-15 17:18:20,amazon Dcvoltage,false
1145313,205-3421607-7233132,AMAZON,B0DH4KYFPD,,WCDTBM2PK+RPR44WH2PK,1,18.29,15.24,2026-04-15 17:06:21,amazon Ledsone,false
1145314,204-9315277-2524344,AMAZON,B083NJ1XNR,,CRSF100BM+WCGSBM,1,15.99,13.32,2026-04-15 17:11:01,amazon Ledsone,false
1145323,204-5839733-3405119,AMAZON,B0F7QWMBLY,,CL3TGLAPK,1,19.99,16.66,2026-04-15 17:30:05,amazon Ledsone,false
1145342,203-6416253-9517953,AMAZON,B0D28XC4DK,,LSCY290BM3PK+RPR44WH3PK,1,42.89,35.74,2026-04-15 17:56:34,amazon Ledsone,false
1145343,026-2407638-0845906,AMAZON,B0B8P4R7WF,,LDMA60E278WW2PK,1,10.18,6.07,2026-04-15 18:01:27,amazon Ledsone,false
1145344,203-5349585-4200313,AMAZON,B0CVL3DW4Q,,LSTF400BM+RPR44WH,4,65.56,13.66,2026-04-15 17:59:16,amazon Ledsone,false
1145345,205-1360582-4881154,AMAZON,B0DH952KYG,,CL3TBU5PK,1,11.99,11.99,2026-04-15 17:51:37,amazon Dcvoltage,false
1145350,204-4120318-6421952,AMAZON,B08TQSGTRN,,CRSF100BC+LHNSE27YB+SCRN70BC+LSWD360BC,1,26.89,26.89,2026-04-15 17:59:39,amazon Dcvoltage,false
1145358,204-9162414-2382727,AMAZON,B0CNQ1MB3F,,LDMG125B228,1,9.99,9.99,2026-04-15 18:16:47,amazon Dcvoltage,false
1145367,204-1517572-8233107,AMAZON,B0CQT6KV3H,,LSDO210GY+RPR44WH,3,35.67,11.89,2026-04-15 18:39:40,amazon Dcvoltage,false
1145368,026-7544032-9873941,AMAZON,B0DTK6662D,,LSSS300RE+RPR44WH,1,14.99,12.49,2026-04-15 18:45:14,amazon Ledsone,false
1145377,205-4306865-1481910,AMAZON,B07RSR2655,,HLRK45BM,4,20.36,5.09,2026-04-15 18:54:27,amazon Dcvoltage,false
1145383,205-0090839-2578731,AMAZON,B0F2919THD,,LSCY290CO+RPR44WH,1,18.89,15.74,2026-04-15 18:59:03,amazon Ledsone,false
1145384,204-1109822-0457944,AMAZON,B0DTHZ6MCK,,WCDTRE3PK+RPR44WH3PK,1,23.89,19.91,2026-04-15 19:06:38,amazon Ledsone,false
1145385,026-5305131-3837124,AMAZON,B0CTC7XPNX,,CRSF100BM+LHNSE27YB+SCRN70BM+LSFT220BG,1,18.89,18.89,2026-04-15 19:05:24,amazon Dcvoltage,false
1145391,203-6186840-1935505,AMAZON,B08W1RR25W,,CRFF108BY+LHNSE27BY+LSDO300GY,1,18.59,18.59,2026-04-15 19:18:51,amazon Dcvoltage,false
1145395,202-3798673-9264314,AMAZON,B0FCRLXSD8,,ENC9164,1,20.89,20.89,2026-04-15 19:19:59,amazon Dcvoltage,false
1145396,204-2813403-2315507,AMAZON,B0CG9GQZ99,,WCWODVBM+RPR44WH,1,11.89,11.89,2026-04-15 19:22:37,amazon Dcvoltage,false
1145414,206-9350665-5630748,AMAZON,B083TZC6WR,,CRFF500BM+PHHRE1HETHE3PK,2,43.00,19.91,2026-04-15 19:54:22,amazon Ledsone,false
1145415,026-7233950-8022768,AMAZON,B0D6GG1682,,CRSF100BC+PHNW1RBC,1,14.89,12.41,2026-04-15 19:58:15,amazon Ledsone,false
1145421,206-6477970-4208340,AMAZON,B0DL9VZVCX,,CL3RBMAPK,1,25.89,25.89,2026-04-15 20:00:09,amazon Dcvoltage,false
1145425,202-5026807-2665109,AMAZON,B0CHJLPXX5,,BC3W80,1,8.08,4.32,2026-04-15 20:10:12,amazon Ledsone,false
1145434,206-0008065-6205913,AMAZON,B0CMCR651C,,CRFF500BM+WCCY1ROBM3PK+LDDTCE27123PK,1,75.78,51.13,2026-04-15 19:50:23,amazon Ledsone,false
1145435,204-1468648-9057118,AMAZON,B0CFVGKZ63,,PSOS2BMTHE,1,15.89,13.24,2026-04-15 20:13:03,amazon Ledsone,false
1145436,202-9367041-6889931,AMAZON,B093H8YG8Z,,LSMS320GY+RPR44WH,1,14.99,12.49,2026-04-15 20:16:45,amazon Ledsone,false
1145446,202-7409994-9302713,AMAZON,B0CCJ88P7B,,LSDO210WH+RPR44WH,1,16.89,16.89,2026-04-15 20:33:49,amazon Dcvoltage,false
1145447,026-8080514-1591535,AMAZON,B0D28WMPYX,,LSCY290AA+RPR44WH,2,31.98,13.32,2026-04-15 20:24:56,amazon Ledsone,false
1145448,206-8979963-1448350,AMAZON,B0CJ9FX8JH,,BLOB1GU400,1,21.25,21.25,2026-04-15 20:30:17,amazon Ledsone,false
1145449,206-8979963-1448350,AMAZON,B0CJ9DTN5C,,BLOB1GU200+LDGU10CD5,1,16.97,16.97,2026-04-15 20:30:17,amazon Ledsone,false
1145450,206-8979963-1448350,AMAZON,B0CJ9CZT5C,,BLOB1GU2002PK+LDGU10CD52PK,1,31.92,31.92,2026-04-15 20:30:17,amazon Ledsone,false
1145451,205-9308257-7645153,AMAZON,B0B71MJFDZ,,CRSF100BM,1,8.88,4.99,2026-04-15 20:34:14,amazon Ledsone,false
1145460,205-0888391-4045932,AMAZON,B0DH66XQN6,,CL2TBW5PK,1,11.99,11.99,2026-04-15 20:41:52,amazon Dcvoltage,false
1145461,204-2311118-4966726,AMAZON,B08DRQ1BB6,,CRSF100SN+PHCHPCRSN,2,21.98,10.99,2026-04-15 20:42:58,amazon SRM Amazon,false
1145465,204-9807952-5157117,AMAZON,B0DH5TJ126,,CL2TLB2PK,1,6.99,6.99,2026-04-15 20:51:53,amazon Dcvoltage,false
1145466,202-4017867-1968332,AMAZON,B08NTKB1DM,,CRFF500BM+PHCH1BMRBM3PK+LSCY210BG3PK,1,39.59,32.99,2026-04-15 20:50:32,amazon Ledsone,false
1145473,206-2302639-7124315,AMAZON,B0FXFF5LTD,,WCFL180BM2PK,1,21.89,18.24,2026-04-15 21:00:31,amazon Ledsone,false
1145475,203-5081685-6828302,AMAZON,B08V8X7LN8,,PHFSH1PBRBM+LSMS320CB,1,19.69,19.69,2026-04-15 20:58:59,amazon Dcvoltage,false
1145476,206-9701758-1577935,AMAZON,B0D83PFMTP,,WCDCBM3PK+RPR44WH3PK,1,24.09,24.09,2026-04-15 21:00:31,amazon Dcvoltage,false
1145482,205-5986275-9562745,AMAZON,B096MSVTLT,,CRSF100RE+PHHS1PWRRE+LSDO400RE+ICST64E27,1,25.99,25.99,2026-04-15 21:11:23,amazon Dcvoltage,false
1145489,026-6631329-9860357,AMAZON,B092ZWZ8N9,,CRSF100CO+PHSH1PBRCO+LSSS300CO,1,25.79,21.49,2026-04-15 21:19:11,amazon Ledsone,false
1145499,204-6996633-4159564,AMAZON,B0D93YW5XV,,CRSF100BM2PK+PHRYWP1RBM2PK+ICST64E272PK,1,28.99,28.99,2026-04-15 21:30:17,amazon Dcvoltage,false
1145500,202-7435439-3421943,AMAZON,B0DQD9W4R5,,PHSF1BMTBM3PK,1,24.89,20.74,2026-04-15 21:33:14,amazon Ledsone,false
1145501,205-4109633-9328349,AMAZON,B0F9467GTW,,CL3TCR3PK,1,10.28,5.82,2026-04-15 21:38:25,amazon Ledsone,false
1145502,202-5133457-9685966,AMAZON,B0DCKWL469,,STFG4845WH,1,6.38,2.91,2026-04-15 21:33:55,amazon Ledsone,false
1145506,203-0694801-6485118,AMAZON,B0C9X7QM92,,LSWD360BM+RPR44WH,1,17.89,17.89,2026-04-15 21:45:04,amazon Dcvoltage,false
1145507,026-3670098-4462721,AMAZON,B08VGP666V,,LSCY290WH+RPR44WH,1,15.99,15.99,2026-04-15 21:46:38,amazon Dcvoltage,false
1145511,205-7957030-2945917,AMAZON,B0GW7VBY3J,,LHSWPBB22GD,1,9.89,8.24,2026-04-15 21:58:17,amazon Ledsone,false
1145517,204-6488161-9887530,AMAZON,B0GLNBSJMP,,PL4HRR,1,37.89,31.57,2026-04-15 22:03:50,amazon Ledsone,false
1145518,206-8956406-8865139,AMAZON,B08XWSBPHW,,WCB1BM+RPR44WH,1,10.29,10.29,2026-04-15 22:01:03,amazon Dcvoltage,false
1145519,204-4331600-5823523,AMAZON,B0BBS12BDR,,CL3TBTAPK,1,23.29,19.41,2026-04-15 22:07:21,amazon Ledsone,false
1145520,205-2303519-8407545,AMAZON,B0BT82BNTS,,LSFT220GR+RPR44WH,1,11.99,9.99,2026-04-15 22:12:17,amazon Ledsone,false
1145521,202-5717404-8485930,AMAZON,B09M453CVQ,,CRSF100GB+WSLS170GB+LSFT220GB,1,18.89,15.74,2026-04-15 22:22:39,amazon Ledsone,false
1145522,205-3483892-3134767,AMAZON,B0DP2RQWTH,,CRSF100BM+PHSH1PBRBM+LSCY290BC,3,74.67,20.74,2026-04-15 22:20:31,amazon Ledsone,false
1145527,205-3135418-3346713,AMAZON,B0D4Y4SPFR,,CRFF140BM+WSWH135BM+LSDO210BC,3,50.07,16.69,2026-04-15 22:20:31,amazon Dcvoltage,false
1145528,205-6723077-4474733,AMAZON,B0GL6XJTVZ,,ENC9164,1,20.89,17.41,2026-04-15 22:27:04,amazon Ledsone,false
1145539,206-5401137-4836323,AMAZON,B0BTTJ33WD,,ENC4394,1,31.52,33.89,2026-04-15 22:38:44,amazon Dcvoltage,false
1145545,203-1112631-7625145,AMAZON,B08XNPKHZX,,LSSS300YE+RPR44WH,2,26.98,13.49,2026-04-15 22:50:12,amazon Dcvoltage,false
1145546,206-6770825-2368363,AMAZON,B08VGPPCY1,,WCDTBM+RPR44WH,1,15.89,10.89,2026-04-15 22:55:22,amazon Dcvoltage,false
1145547,202-8631716-0250725,AMAZON,B0CXXV8YL5,,CKTBLBGB,1,12.19,12.19,2026-04-15 22:56:56,amazon Dcvoltage,false
1145548,206-7620563-4206720,AMAZON,B0B82Y8Q8N,,PHSF1GDRFG,3,47.07,13.07,2026-04-15 22:49:28,amazon Ledsone,false
1145549,205-1610821-8625931,AMAZON,B0DQD9W4R5,,PHSF1BMTBM3PK,1,24.89,20.74,2026-04-15 22:50:08,amazon Ledsone,false
1145550,204-0155885-2193151,AMAZON,B0F9462Y2N,,CL3TBU3PK,1,5.82,5.82,2026-04-15 22:56:04,amazon Ledsone,false
1145551,204-0155885-2193151,AMAZON,B0F945Z6H2,,CL3TAG3PK,1,6.66,6.66,2026-04-15 22:56:04,amazon Ledsone,false
1145555,202-5307230-4438762,AMAZON,B0G2YBCMRK,,ENC285,1,18.79,18.79,2026-04-15 23:09:40,amazon Dcvoltage,false
1145556,204-5553905-4172346,AMAZON,B0D83C46FP,,WCDTBL3PK+RPR44WH3PK,1,22.39,22.39,2026-04-15 23:23:37,amazon Dcvoltage,false
1145557,202-7624697-1257115,AMAZON,B08XNPBYMH,,LSSS300WH+RPR44WH,1,13.49,13.49,2026-04-15 23:26:22,amazon Dcvoltage,false
1145563,203-6300167-8050723,AMAZON,B0GLGB3M6Q,,LSGLFP245PU+RPM40WH,1,15.89,15.89,2026-04-15 23:59:54,amazon Dcvoltage,false
1145568,026-1429337-1515529,AMAZON,B0BL7ZC6B7,,LDMT185E2746PK,1,21.19,17.66,2026-04-16 00:46:36,amazon Ledsone,false
1145570,206-1127727-5421139,AMAZON,B09LCSRKM1,,CRSF100BM+PHCH1BMRBM+LSCY290GR,1,20.79,17.32,2026-04-16 00:48:17,amazon Ledsone,false
1145580,205-6101212-2331542,AMAZON,B0C8NJDTJS,,WCDCBM+RPR44WH,1,10.89,9.07,2026-04-16 02:38:56,amazon Ledsone,false
1145581,204-0709171-3592349,AMAZON,B0C43LY8DB,,WCDTYE+RPR44WH,1,9.89,8.24,2026-04-16 02:50:35,amazon Ledsone,false
1145638,203-5567284-0818722,AMAZON,B0DCFP1CX8,,LDSG95DIE2746PK,1,35.19,29.32,2026-04-16 06:29:52,amazon Ledsone,false
1145641,206-8841837-7103522,AMAZON,B0GSQCTBZZ,,LSGLBC160AR3PK+RPM40WH3PK,1,42.89,42.89,2026-04-16 06:58:20,amazon Dcvoltage,false
1145642,204-2964096-4773114,AMAZON,B0C8NJDTJS,,WCDCBM+RPR44WH,3,32.67,9.07,2026-04-16 06:55:19,amazon Ledsone,false
1145644,204-7043164-5940302,AMAZON,B0CN3C2M7T,,WCB3RR+RPR44WH,1,9.89,9.89,2026-04-16 07:06:54,amazon Dcvoltage,false
1145648,203-8520301-7520324,AMAZON,B0F1CX6BYH,,RWWPSY0680YE,1,6.36,3.09,2026-04-16 07:09:07,amazon Dcvoltage,false
1145649,026-5054661-7737162,AMAZON,B0CBLV8NLC,,WCVCBS2PK+RPR44WH2PK,1,16.49,16.49,2026-04-16 07:19:37,amazon Dcvoltage,false
1145657,203-9181014-3638737,AMAZON,B0D7S53LSQ,,LSMS320GY2PK+RPR44WH2PK,2,51.78,21.57,2026-04-16 07:49:15,amazon Ledsone,false
1145662,206-8448838-3067513,AMAZON,B0B8P9BKXB,,LDMG125E278,1,10.89,9.07,2026-04-16 08:05:15,amazon Ledsone,false
1145663,206-0490449-1164318,AMAZON,B09477YHK7,,LDMG95E278APK,1,35.19,29.32,2026-04-16 08:06:29,amazon Ledsone,false
1145667,206-1907245-6544335,AMAZON,B08XBYXQC6,,CL3TBRAPK,1,19.99,19.99,2026-04-16 08:12:16,amazon Dcvoltage,false
1145668,205-0530566-1542762,AMAZON,B0DX1C6274,,LHSHE27CO3PK,1,17.69,14.74,2026-04-16 08:08:22,amazon Ledsone,false
1145671,026-9235105-0525920,AMAZON,B09MQTTBCW,,WCB7BS+RPR44WH,1,10.29,8.57,2026-04-16 08:26:23,amazon Ledsone,false
1145677,202-1061515-1373934,AMAZON,B0CPDPWLV4,,WJB2,1,6.78,3.89,2026-04-16 08:47:20,amazon Dcvoltage,false
1145696,203-3476322-1282761,AMAZON,B0DSC2XFK4,,LSDO400OR2PK+RPR44WH2PK,1,38.89,38.89,2026-04-16 09:21:07,amazon Dcvoltage,false
1145707,205-5278665-3397963,AMAZON,B0743GYD52,,CO332AORAPK,3,10.96,2.24,2026-04-16 09:39:50,amazon Ledsone,false
1145708,203-6667178-4567539,AMAZON,B0F1TSTFHT,,CENU70450WH,1,9.91,6.89,2026-04-16 09:39:16,amazon Dcvoltage,false
1145709,202-7297719-7789160,AMAZON,B0F87NVH88,,LSTF400YE2PK+RPR44WH2PK,2,55.78,27.89,2026-04-16 09:45:43,amazon Dcvoltage,false
1145718,206-5474170-1072348,AMAZON,B0CG8YY46D,,WCFWROBM2PK+RPR44WH2PK,1,19.89,16.57,2026-04-16 09:45:47,amazon Ledsone,false
1145748,203-8475350-6809166,AMAZON,B07L87G8RK,,CL3TWH5PK,1,12.99,12.99,2026-04-16 10:26:58,amazon Dcvoltage,false
1145759,206-6519049-6689910,AMAZON,B0D6NC56BK,,CBFF200BM,1,9.48,5.49,2026-04-16 10:52:44,amazon Ledsone,false
1145765,205-0947035-7612367,AMAZON,B0C8666GGY,,CRSF100CH2PK+PHSH1PCRCH2PK+LSCY290CH2PK,1,52.89,52.89,2026-04-16 11:07:37,amazon Dcvoltage,false
1145778,205-8394282-5880356,AMAZON,B0CF5NMTQX,,CRSF100CO+PHCHPBRCO+LSCY290CO,1,22.89,19.07,2026-04-16 11:16:54,amazon Ledsone,false
1145790,202-5822718-8149146,AMAZON,B0CVKZK2MQ,,LSTF400BM2PK+RPR44WH2PK,1,29.69,29.69,2026-04-16 11:26:11,amazon Dcvoltage,false
1145798,205-0207226-0307519,AMAZON,B08V5MK449,,CRSF100BM+PHHT1PBRBM+LSCY290BM,2,43.78,21.89,2026-04-16 11:35:43,amazon Dcvoltage,false
1145802,205-2795341-1277926,AMAZON,B0D9616XS6,,LSOL180BS2PK+RPR44WH2PK,1,18.49,15.41,2026-04-16 11:47:36,amazon Ledsone,false
1145804,205-8405755-3817919,AMAZON,B0DGPZBHVT,,LDMG95B2283PK,1,17.19,17.19,2026-04-16 11:42:26,amazon Dcvoltage,false
1145810,205-8061781-8048328,AMAZON,B093H8YG8Z,,LSMS320GY+RPR44WH,1,14.99,12.49,2026-04-16 11:47:36,amazon Ledsone,false
1145814,203-2017601-9257955,AMAZON,B0DFHM8LHQ,,LSCY290CH+RPR44WH,2,35.78,17.89,2026-04-16 11:53:25,amazon Dcvoltage,false
1145815,206-8264405-8525939,AMAZON,B0DGPZBHVT,,LDMG95B2283PK,1,17.19,17.19,2026-04-16 12:02:56,amazon Dcvoltage,false
1145816,202-2182390-3900313,AMAZON,B0CQNHPKT7,,PLTTBM+LSFT220BM,1,20.89,20.89,2026-04-16 12:08:33,amazon Dcvoltage,false
1145818,203-5215704-2556367,AMAZON,B0DBWK9DV9,,CL2RBRAPK,4,73.96,18.49,2026-04-16 12:17:14,amazon Dcvoltage,false
1145828,205-8367402-5215507,AMAZON,B0CM2RZNHV,,WCDTGD+RPR44WH,1,12.69,12.69,2026-04-16 12:19:12,amazon Dcvoltage,false
1145829,206-2022550-1118728,AMAZON,B08VGPWXG1,,LSCY290OR+RPR44WH,1,15.49,15.49,2026-04-16 12:22:27,amazon Dcvoltage,false
1145831,206-6521650-9752313,AMAZON,B083XQXT6H,,CL2RCR3PK,1,6.78,2.91,2026-04-16 12:24:18,amazon Ledsone,false
1145841,206-7740747-8283525,AMAZON,B0DC1QXTWT,,STMT4845WH6PK,1,10.09,10.09,2026-04-16 12:34:17,amazon Dcvoltage,false
1145845,204-1719195-7536336,AMAZON,B0GR8KX976,,SPPGUK3PBR2PK,1,6.87,3.32,2026-04-16 12:42:59,amazon Ledsone,false
1145846,204-0624394-3126769,AMAZON,B0DBWYGLKG,,CL2RGLAPK,1,18.49,18.49,2026-04-16 12:42:59,amazon Dcvoltage,false
1145847,205-2078682-6362738,AMAZON,B0C949416V,,PLTYBM+WCBNBM+LDST45E274,1,22.89,22.89,2026-04-16 12:47:20,amazon Dcvoltage,false
1145854,205-5372446-1834717,AMAZON,B09WJD9ZR5,,CRFF140CO+WSNW170CO+LSOL220CO,2,39.78,16.57,2026-04-16 12:57:01,amazon Ledsone,false
1145858,206-3334225-1581952,AMAZON,B0CV5HMZM3,,CRFF108CH2PK+HK10CH2PK,1,13.99,11.66,2026-04-16 13:01:53,amazon Ledsone,false
1145859,206-3587226-5361144,AMAZON,B0DH8Z6FM1,,CL3TBKAPK,1,20.99,20.99,2026-04-16 13:06:58,amazon Dcvoltage,false
1145865,205-4850606-6933942,AMAZON,B0GW7VBY3J,,LHSWPBB22GD,1,9.89,8.24,2026-04-16 13:15:59,amazon Ledsone,false
1145875,026-0010143-6091545,AMAZON,B0DVLYLXH8,,PHSHF1PBRYB+LSCY290BG+ICST64E27,1,24.09,20.07,2026-04-16 13:26:49,amazon Ledsone,false
1145879,026-0129693-1605946,AMAZON,B0CJCF5PCD,,LSSS300BG2PK+RPR44WH2PK,1,25.99,25.99,2026-04-16 13:29:24,amazon Dcvoltage,false
1145889,204-5498077-7456343,AMAZON,B08XWSBPHW,,WCB1BM+RPR44WH,1,10.29,10.29,2026-04-16 13:47:49,amazon Dcvoltage,false
1145896,203-8759931-9557926,AMAZON,B0CVL86ZQ4,,LSTF400WH+RPR44WH,1,17.49,14.57,2026-04-16 14:06:47,amazon Ledsone,false
1145897,202-4162145-0096322,AMAZON,B0FY22Q53W,,WCBCFBM2PK+RPR44WH2PK,1,23.89,23.89,2026-04-16 14:02:05,amazon Dcvoltage,false
1145906,205-6784154-4007500,AMAZON,B0FVXQ6C2W,,WCFL180BM2PK+RPR44WH2PK,1,19.89,19.89,2026-04-16 14:12:40,amazon Dcvoltage,false
1145907,203-7811126-5422728,AMAZON,B08V5MK449,,CRSF100BM+PHHT1PBRBM+LSCY290BM,2,43.78,21.89,2026-04-16 14:18:43,amazon Dcvoltage,false
1145913,205-7547931-0474724,AMAZON,B0DBZPDX1V,,CL3RCR5PK,1,13.99,13.99,2026-04-16 14:26:47,amazon SRM Amazon,false
1145920,206-9111677-0383545,AMAZON,B0DH9GCQNJ,,CL3TCRAPK,1,20.99,20.99,2026-04-16 14:30:18,amazon Dcvoltage,false
1145921,203-1437816-5605914,AMAZON,B08XWSBPHW,,WCB1BM+RPR44WH,1,10.29,10.29,2026-04-16 14:36:20,amazon Dcvoltage,false
1145922,202-4374303-5135501,AMAZON,B0F1D3YQPG,,RWWPSY10GY,1,5.76,2.49,2026-04-16 14:38:02,amazon Dcvoltage,false
1145929,202-4774717-0157146,AMAZON,B0DH8XKTL8,,CL3TBK3PK,1,8.99,8.99,2026-04-16 14:36:51,amazon Dcvoltage,false
1145930,203-6239875-3203562,AMAZON,B0CKBZ4V22,,CRSF100BM+LHNSE27CO+SCRN70CO+LSFT220BI,1,17.89,17.89,2026-04-16 14:43:43,amazon Dcvoltage,false
1145935,026-5741914-3939502,AMAZON,B0CL7X2J4P,,ENC5579,1,53.65,57.69,2026-04-16 14:54:17,amazon Dcvoltage,false
1145936,205-8889420-9272355,AMAZON,B084GRXH6J,,LHBBE27CO,1,9.78,6.89,2026-04-16 14:56:42,amazon Dcvoltage,false
1145952,026-5428518-2556367,AMAZON,B0BL7LZR24,,LDMT45E2746PK,1,20.79,17.32,2026-04-16 15:40:15,amazon Ledsone,false
1145954,205-7281421-7145100,AMAZON,B0CF1LMQ9L,,BLOB1GU4002PK+LDGU10WD52PK,2,113.78,56.89,2026-04-16 15:11:39,amazon Dcvoltage,false
1145957,204-2096188-0527527,AMAZON,B093HBRKWJ,,LSCY290BL+RPR44WH,1,15.29,12.74,2026-04-16 15:27:55,amazon Ledsone,false
1145964,206-2054082-9785158,AMAZON,B0B9Y5MRSK,,CL3TGD5PK,1,13.19,10.99,2026-04-16 15:30:45,amazon Ledsone,false
1145969,204-8451552-0397953,AMAZON,B0BZPY26GW,,SLW4,2,10.38,4.32,2026-04-16 15:49:08,amazon Ledsone,false
1145970,204-2059326-5063563,AMAZON,B0CP7MYPTZ,,LHC2E27WH,1,6.69,6.69,2026-04-16 15:44:39,amazon Dcvoltage,false
1145984,202-7186928-5274726,AMAZON,B0D6NCHFTZ,,CBFF200WH,1,9.48,5.49,2026-04-16 16:01:36,amazon Ledsone,false
1146004,205-4116556-5578724,AMAZON,B0BW9PW9XG,,ENC2230,1,37.10,39.89,2026-04-16 16:20:32,amazon Dcvoltage,false
1146005,202-4089888-8845102,AMAZON,B0DTTKL6KX,,WCVCBM3PK+RPR44WH3PK,1,23.99,23.99,2026-04-16 16:27:04,amazon Dcvoltage,false
1146006,202-8796075-3054755,AMAZON,B0DDWXD8HZ,,WCDTBM2PK+RPR44WH2PK,1,18.29,18.29,2026-04-16 16:27:04,amazon Dcvoltage,false
1146007,205-2239986-3417147,AMAZON,B08S7G6YWN,,ENC809,1,74.89,74.89,2026-04-16 16:35:52,amazon SRM Amazon,false
1146008,206-3036423-6372331,AMAZON,B093H8YG8Z,,LSMS320GY+RPR44WH,1,14.99,12.49,2026-04-16 16:37:07,amazon Ledsone,false
1146009,206-9839039-7944345,AMAZON,B0DZDW7B3D,,CL2RBW2PK,1,5.99,4.99,2026-04-16 16:38:05,amazon Ledsone,false
1146014,202-8172794-4992356,AMAZON,B0D7VGY4P7,,SPSDP2SNAPK,1,20.19,16.82,2026-04-16 16:47:02,amazon Ledsone,false
1146021,026-0794884-9109961,AMAZON,B0CSG1QG8P,,STFT20M40OBM,1,11.88,8.99,2026-04-16 16:51:05,amazon Dcvoltage,false
1146022,206-4593735-5991543,AMAZON,B0CSN4Q353,,CRFF100CO2PK,4,50.76,12.69,2026-04-16 16:51:56,amazon Dcvoltage,false
1146023,204-1474274-7196358,AMAZON,B09LHRCHKW,,CRSF1203WH+PHTT1PWRGY3PK+SPSPWH3PK,1,21.89,18.24,2026-04-16 17:05:19,amazon Ledsone,false
1146034,203-6587922-0087514,AMAZON,B0D6NC56BK,,CBFF200BM,1,9.48,5.49,2026-04-16 17:12:24,amazon Ledsone,false
1146035,204-4102481-3891566,AMAZON,B0DRP87NC8,,LHSHE27GB2PK,1,10.89,10.89,2026-04-16 17:11:20,amazon SRM Amazon,false
1146036,203-1051360-0168362,AMAZON,B0DH6D3YLY,,CL2TCR5PK,1,14.09,14.09,2026-04-16 17:16:20,amazon Dcvoltage,false
1146047,206-8086891-3161953,AMAZON,B0DTQ3TL3L,,LDMST64E2743PK,1,14.89,12.41,2026-04-16 17:22:22,amazon Ledsone,false
1146048,205-7897131-9076328,AMAZON,B0DCG47XRP,,LHTRE27SN2PK,1,14.39,11.99,2026-04-16 17:24:52,amazon Ledsone,false
1146058,204-0192062-0496311,AMAZON,B0F7QRS48B,,CL3TBMAPK,1,22.89,19.07,2026-04-16 17:43:35,amazon Ledsone,false
1146059,204-2512343-0153131,AMAZON,B0B8DVBX4Q,,CRSF1204BM,1,11.38,7.07,2026-04-16 17:43:35,amazon Ledsone,false
1146060,026-9703544-2121940,AMAZON,B0DMT5TFSY,,PCFT90TBMAPK,1,16.29,13.57,2026-04-16 17:40:04,amazon Ledsone,false
1146061,204-8995371-0431546,AMAZON,B0DLWN6VQ1,,CL3TBMAPK,1,22.89,22.89,2026-04-16 17:46:19,amazon Dcvoltage,false
1146072,206-8816140-5028351,AMAZON,B093H8YG8Z,,LSMS320GY+RPR44WH,1,14.99,12.49,2026-04-16 18:14:46,amazon Ledsone,false
1146076,203-6860281-5330768,AMAZON,B0DH97X8DP,,CL3TBK2PK,1,5.99,5.99,2026-04-16 18:22:04,amazon Dcvoltage,false
1146081,206-9530579-1950762,AMAZON,B086228MDF,,LDMST64B2286PK,1,20.89,17.41,2026-04-16 18:36:51,amazon Ledsone,false
1146093,206-3356004-7081108,AMAZON,B07PM5DRP3,,CL3TRSAPK,1,20.89,20.89,2026-04-16 19:16:37,amazon Dcvoltage,false
1146098,204-9449767-8926706,AMAZON,B0CBKMCVXC,,WCDTGR2PK+RPR44WH2PK,1,16.89,16.89,2026-04-16 19:26:54,amazon Dcvoltage,false
1146099,205-4555330-8673938,AMAZON,B09D3YMR65,,PLDMBC+ICST64E27,2,48.16,24.08,2026-04-16 19:30:24,amazon Dcvoltage,false
1146100,204-9078311-9695547,AMAZON,B0CCL729S8,,ENC1313,2,45.78,19.07,2026-04-16 19:21:55,amazon Ledsone,false
1146107,026-9834078-6769908,AMAZON,B0DTHKSNFS,,WCB6BM3PK+RPR44WH3PK,1,22.49,22.49,2026-04-16 19:31:41,amazon Dcvoltage,false
1146109,206-0373742-2619558,AMAZON,B0DNQL2H1F,,PLTYBC2PK+ICST64E272PK,1,40.78,33.98,2026-04-16 19:43:00,amazon Ledsone,false
1146111,206-1842708-7182714,AMAZON,B0DBHQ5THB,,CRSF100BM+PHRYWP1RBM+ICST64E27,1,10.69,10.69,2026-04-16 19:54:43,amazon Dcvoltage,false
1146125,206-3039550-4976305,AMAZON,B09L8KS17V,,CRSF100BM+PHCH1BMRBM+LSDO400BI,6,109.84,16.06,2026-04-16 20:20:41,amazon Ledsone,false
1146129,026-7967205-4526735,AMAZON,B0C6DL88N6,,CRSF1204BM+PHBK1PBRBA4PK+ICST64E274PK,1,42.89,42.89,2026-04-16 20:33:28,amazon Dcvoltage,false
1146130,202-1460403-6385130,AMAZON,B0GCZG4XFD,,CRSF120WH,1,8.78,4.91,2026-04-16 20:31:39,amazon Ledsone,false
1146134,203-6318067-3361968,AMAZON,B08S7G6YWN,,ENC809,1,74.89,74.89,2026-04-16 20:46:52,amazon SRM Amazon,false
1146135,204-7442667-3141156,AMAZON,B0CS3K4LTZ,,WCB7BM+RPR44WH,1,9.89,9.89,2026-04-16 20:48:39,amazon Dcvoltage,false
1146136,204-9795411-4476329,AMAZON,B0D28TWPYD,,LSCY290BC2PK+RPR44WH2PK,1,25.79,21.49,2026-04-16 20:38:54,amazon Ledsone,false
1146137,204-0705030-9345951,AMAZON,B0FB3WTV46,,LDMC35E1442PK,1,12.78,8.24,2026-04-16 20:38:43,amazon Ledsone,false
1146140,026-3273769-5504312,AMAZON,B0C6DL1L9X,,CRSF1202BM+PHBK1PBRBA2PK,1,17.89,17.89,2026-04-16 20:50:49,amazon Dcvoltage,false
1146141,202-9225754-5456309,AMAZON,B0DBWYGLKG,,CL2RGLAPK,2,36.98,18.49,2026-04-16 21:02:01,amazon Dcvoltage,false
1146148,205-0177164-2453941,AMAZON,B0DH4KYFPD,,WCDTBM2PK+RPR44WH2PK,1,18.29,15.24,2026-04-16 21:01:30,amazon Ledsone,false
1146149,206-4757379-1484342,AMAZON,B0DMSD8DPD,,CCGNNWE60,3,25.47,8.49,2026-04-16 21:10:02,amazon Dcvoltage,false
1146154,026-1605569-0678749,AMAZON,B0CKW1YDTB,,TPHTTF2PBRBM+LSMCSPMSMC,1,29.60,24.67,2026-04-16 21:10:38,amazon Ledsone,false
1146161,206-6509168-2478703,AMAZON,B08SHXTWQ3,,LSLC180BM+RPR44WH,1,10.69,10.69,2026-04-16 21:24:19,amazon SRM Amazon,false
1146163,205-1465281-5822758,AMAZON,B08PC4KXGK,,LHSHE27WH,3,23.97,6.66,2026-04-16 21:12:35,amazon Ledsone,false
1146169,203-0846625-2073930,AMAZON,B0B7SJYFG9,,PHSF1BWTWH,1,11.57,11.57,2026-04-16 21:38:52,amazon Ledsone,false
1146170,203-0846625-2073930,AMAZON,B0B8VVQSNV,,LDSG125LOE274,1,9.99,9.99,2026-04-16 21:38:52,amazon Ledsone,false
1146173,204-7175483-0662703,AMAZON,B0CXXBDX32,,WCDTBL2PK+RPR44WH2PK,1,16.19,16.19,2026-04-16 21:44:34,amazon Dcvoltage,false
1146180,206-4205646-9082767,AMAZON,B07GCPMLSY,,CL2TGYAPK,1,16.19,16.19,2026-04-16 21:52:55,amazon Dcvoltage,false
1146181,203-3816638-4250769,AMAZON,B0GSFB5MT6,,LSGLULCL+RPM40WH,3,38.67,12.89,2026-04-16 22:00:00,amazon Dcvoltage,false
1146184,206-8152494-9791563,AMAZON,B0CNJX1DV8,,WCB7WH+RPR44WH,1,9.89,9.89,2026-04-16 22:09:04,amazon Dcvoltage,false
1146191,205-8419314-3246760,AMAZON,B08X6KMXTC,,PLTEBM,1,20.99,20.99,2026-04-16 22:19:56,amazon Dcvoltage,false
1146192,204-1927768-5724308,AMAZON,B0DH98J2L2,,CL3TBU5PK,1,8.99,8.99,2026-04-16 22:26:51,amazon Dcvoltage,false
1146198,203-3438825-9943531,AMAZON,B0DK96Q9J9,,CRFF100GB,1,8.49,8.49,2026-04-16 22:34:00,amazon Dcvoltage,false
1146199,204-0498008-3217125,AMAZON,B0FZCW7KC7,,LSHM300HE+RPR44WH,1,21.84,22.99,2026-04-16 22:42:38,amazon Dcvoltage,false
1146200,206-0056788-9281169,AMAZON,B0DSBP4962,,PLTFBC,2,39.58,19.79,2026-04-16 22:41:35,amazon Dcvoltage,false
1146205,203-3101730-5466725,AMAZON,B0D4582L7D,,PHSF2BRTCO+ICST64E27,2,37.38,18.69,2026-04-16 23:03:41,amazon Dcvoltage,false
1146215,202-5061347-3776365,AMAZON,B0CVLC93XQ,,RWT3550YE,1,9.89,9.89,2026-04-16 23:51:43,amazon Dcvoltage,false
1146217,026-2183180-1171518,AMAZON,B0DB2B8XXL,,CRFF75GB3PK,1,15.89,13.24,2026-04-17 00:05:27,amazon Ledsone,false
1146219,026-7462789-5012339,AMAZON,B093T4C3T5,,LSCY290BB+RPR44WH,1,15.89,13.24,2026-04-17 00:16:18,amazon Ledsone,false
1146222,205-3206695-8121157,AMAZON,B0CVL5HFQX,,LSEL400BM+RPR44WH,1,17.49,17.49,2026-04-17 00:19:13,amazon Dcvoltage,false
1146223,205-2034402-7582762,AMAZON,B0DFTR3M3X,,RPM40BM2PK,1,5.88,2.49,2026-04-17 00:22:21,amazon Ledsone,false
1146224,026-6390563-4080353,AMAZON,B081DVH4LT,,PLHIRR,3,178.96,58.89,2026-04-17 00:48:07,amazon Dcvoltage,false
1146225,202-6898229-1453963,AMAZON,B084THMT1Z,,LSRP260GB+RPR44WH,1,13.89,11.57,2026-04-17 00:47:40,amazon Ledsone,false
1146228,202-2947756-3310729,AMAZON,B0DV97CVQD,,LDCWA60HE2796PK,1,12.99,10.82,2026-04-17 02:04:34,amazon Ledsone,false
1146267,204-0133624-5024329,AMAZON,B0FY2HP9LJ,,PHUH0.5HETBM,1,10.99,9.16,2026-04-17 04:32:47,amazon Ledsone,false
1146277,026-0837537-8680338,AMAZON,B0BX4CCRYC,,LSMS320RE+RPR44WH,1,20.89,15.89,2026-04-17 05:00:12,amazon Dcvoltage,false
1146283,206-8915092-8962701,AMAZON,B0DH9CZJ14,,CL3TRO5PK,1,11.99,11.99,2026-04-17 05:26:20,amazon Dcvoltage,false
1146287,206-4442826-9355509,AMAZON,B0D9SBYTFD,,CRSF2003RO2PK,1,17.89,14.91,2026-04-17 05:26:20,amazon Ledsone,false
1146288,206-1850835-0729106,AMAZON,B0DRYSRP11,,LHSHE27RO3PK,1,17.69,17.69,2026-04-17 05:26:20,amazon SRM Amazon,false
1146289,205-1031444-9246741,AMAZON,B097BZL17B,,LHSHE27SN,2,20.67,7.41,2026-04-17 05:47:50,amazon Ledsone,false
1146299,202-9745050-4020347,AMAZON,B0FY22Q53W,,WCBCFBM2PK+RPR44WH2PK,1,23.89,23.89,2026-04-17 06:21:08,amazon Dcvoltage,false
1146300,202-8152286-6071556,AMAZON,B0DH9GCQNJ,,CL3TCRAPK,1,20.99,20.99,2026-04-17 06:21:39,amazon Dcvoltage,false
1146308,202-7829850-1556313,AMAZON,B0D7S3HB14,,LSMS320YE2PK+RPR44WH2PK,1,25.89,21.57,2026-04-17 07:02:50,amazon Ledsone,false
1146309,205-7703486-8069967,AMAZON,B0FVM8LHNX,,CERU36150BL,1,1.41,1.41,2026-04-17 07:06:13,amazon Ledsone,false
1146310,205-7703486-8069967,AMAZON,B0FVMDMLND,,CERU36150RE,1,1.24,1.24,2026-04-17 07:06:13,amazon Ledsone,false
1146311,204-6323205-6865916,AMAZON,B08XMVSZ1F,,WCB7BC+RPR44WH,1,11.89,11.89,2026-04-17 07:07:36,amazon Dcvoltage,false
1146316,203-0628913-7804363,AMAZON,B0DQTF5T69,,LHTTAGU10WH+LDGU10WW5,4,43.56,9.07,2026-04-17 07:25:36,amazon Ledsone,false
1146317,202-7034585-6800323,AMAZON,B0B8VVQSNV,,LDSG125LOE274,1,14.60,9.99,2026-04-17 07:38:28,amazon Ledsone,false
1146322,203-5257716-7456346,AMAZON,B0DP2RQWTH,,CRSF100BM+PHSH1PBRBM+LSCY290BC,2,49.78,20.74,2026-04-17 07:41:50,amazon Ledsone,false
1146323,204-8676547-8509164,AMAZON,B0FJ2JF399,,STPVC17ABLAPK,1,7.58,4.69,2026-04-17 07:40:13,amazon Dcvoltage,false
1146326,203-5293717-2369953,AMAZON,B0D4Y4SPFR,,CRFF140BM+WSWH135BM+LSDO210BC,2,33.38,16.69,2026-04-17 07:41:50,amazon Dcvoltage,false
1146329,203-8487430-1348326,AMAZON,B0FB3XP2NN,,LDMC35E1444PK,1,18.85,15.71,2026-04-17 07:59:23,amazon Ledsone,false
1146330,206-2355338-3979509,AMAZON,B0DBPWGS2Y,,PHHR3DSTHE+ICST64E272PK,5,96.70,17.91,2026-04-17 08:03:38,amazon Ledsone,false
1146331,204-4269027-0375552,AMAZON,B0GTQXH9HR,,LSGL10012AR3PK+RPM40WH3PK,1,21.99,21.99,2026-04-17 08:00:25,amazon Dcvoltage,false
1146332,206-1616157-6697962,AMAZON,B08V5MK449,,CRSF100BM+PHHT1PBRBM+LSCY290BM,2,43.78,21.89,2026-04-17 08:06:17,amazon Dcvoltage,false
1146336,203-5501687-0656329,AMAZON,B0D6YF7VPY,,CCGNNWE48,5,54.45,10.89,2026-04-17 08:17:14,amazon Dcvoltage,false
1146337,206-3945770-2899529,AMAZON,B0CNJX1DV8,,WCB7WH+RPR44WH,2,19.78,9.89,2026-04-17 08:17:58,amazon Dcvoltage,false
1146338,203-4172698-6421962,AMAZON,B0BPMQXMQR,,CRSF100WH,1,9.99,9.99,2026-04-17 08:18:55,amazon Dcvoltage,false
1146339,202-5423263-7381901,AMAZON,B0DPM8YNL9,,LHCTOCO,1,12.78,8.24,2026-04-17 08:26:03,amazon Ledsone,false
1146346,202-6458400-5894714,AMAZON,B0GD58KK8R,,ENC4632,2,55.38,27.69,2026-04-17 08:46:23,amazon Dcvoltage,false
1146353,204-3075005-0364303,AMAZON,B093HBRKWJ,,LSCY290BL+RPR44WH,1,15.29,12.74,2026-04-17 09:06:21,amazon Ledsone,false
1146354,206-4916923-4695569,AMAZON,B093QGYDZ2,,CRSF2003BM+PHSW1PBRBM3PK+LSFT220BG3PK,1,30.99,30.99,2026-04-17 09:01:44,amazon Dcvoltage,false
1146358,026-5555391-3586762,AMAZON,B0D73PDJ54,,ENC4841,1,24.09,24.09,2026-04-17 09:09:37,amazon Dcvoltage,false
1146359,026-9898182-7865126,AMAZON,B0D453YVGN,,PHSF2BMTBM+ICST64E27,1,17.89,17.89,2026-04-17 09:09:37,amazon Dcvoltage,false
1146360,026-9898182-7865126,AMAZON,B0D45CSM77,,PHSF2BWTSN+ICST64E27,1,17.89,17.89,2026-04-17 09:09:37,amazon Dcvoltage,false
1146361,026-9898182-7865126,AMAZON,B0D73NH1FT,,ENC4932,1,20.79,20.79,2026-04-17 09:09:37,amazon Dcvoltage,false
1146366,204-4502692-4945904,AMAZON,B0F1CZPMF3,,RWWPSY1050YE,1,11.58,8.69,2026-04-17 09:18:51,amazon Dcvoltage,false
1146367,202-9393263-3712339,AMAZON,B07HRDMSF2,,CCBKNWE36,1,10.88,7.99,2026-04-17 09:26:52,amazon Dcvoltage,false
1146372,206-8965958-6273903,AMAZON,B0C3QVPKYF,,ENC3549,1,82.69,68.91,2026-04-17 09:31:18,amazon Ledsone,false
1146381,206-9093783-2233101,AMAZON,B08KGJT4DP,,CL3THE5PK,1,15.79,15.79,2026-04-17 09:55:06,amazon Dcvoltage,false
1146399,205-4896626-1053931,AMAZON,B0DNQR3B1P,,PCBM20DSAPK,1,10.69,8.91,2026-04-17 10:09:05,amazon Ledsone,false
1146401,026-6108044-1747535,AMAZON,B0CS3LSTMS,,WCB7BS+RPR44WH,1,9.89,9.89,2026-04-17 10:11:27,amazon Dcvoltage,false
1146422,205-5334942-3794708,AMAZON,B08V5DK44P,,CRSF100GR+PHCH1PWRSGR+LSCY290GR,1,21.89,21.89,2026-04-17 10:41:47,amazon Dcvoltage,false
1146431,205-0286529-4885119,AMAZON,B0GTJ1BS3K,,LSGL10014CL2PK+RPM40WH2PK,1,12.89,12.89,2026-04-17 10:50:37,amazon Dcvoltage,false
1146437,206-0966628-2937102,AMAZON,B0CN35JTS9,,WCB7BM2PK+RPR44WH2PK,1,16.89,16.89,2026-04-17 11:09:24,amazon Dcvoltage,false
1146452,206-1141497-3749964,AMAZON,B0D56WV9GR,,WCB7BS2PK+RPR44WH2PK,1,18.19,18.19,2026-04-17 11:26:16,amazon Dcvoltage,false
1146456,204-5237183-3777114,AMAZON,B0C4LHMWHL,,PLADBM,1,49.79,41.49,2026-04-17 11:27:37,amazon Ledsone,false
1146457,026-6285909-0620307,AMAZON,B0DCFXBYJG,,LDSG95DIE2745PK,1,29.89,24.91,2026-04-17 11:36:58,amazon Ledsone,false
1146458,202-0057204-6619547,AMAZON,B0CPBXF168,,LSCY290BU+RPR44WH,5,79.45,15.89,2026-04-17 11:32:44,amazon Dcvoltage,false
1146461,204-2754451-5314766,AMAZON,B0DH61JZSJ,,CL2TAGAPK,1,18.29,18.29,2026-04-17 11:40:25,amazon Dcvoltage,false
1146462,204-2754451-5314766,AMAZON,B0DH9H89G1,,CL3TGLAPK,1,20.99,20.99,2026-04-17 11:40:25,amazon Dcvoltage,false
1146463,205-7372592-4341963,AMAZON,B0BBB3VZ86,,CL3RBU5PK,1,13.79,11.49,2026-04-17 11:46:40,amazon Ledsone,false
1146469,206-4559099-5451540,AMAZON,B0CJ4QZ15C,,LSMCSPSQMC+RPM40WH,2,45.78,22.89,2026-04-17 11:54:56,amazon Dcvoltage,false
1146470,204-9579183-2462747,AMAZON,B0F2F83ZW2,,LSMS320BU+RPR44WH,2,24.98,12.49,2026-04-17 11:54:54,amazon Ledsone,false
1146471,204-9579183-2462747,AMAZON,B0F2F96Q8R,,LSMS320NB+RPR44WH,1,12.49,12.49,2026-04-17 11:54:54,amazon Ledsone,false
1146472,202-7839374-9097116,AMAZON,B07KW7TW1C,,CL2RBWAPK,1,17.99,14.99,2026-04-17 11:58:12,amazon Ledsone,false
1146477,206-8776573-4993915,AMAZON,B08XBYXQC6,,CL3TBRAPK,1,19.99,19.99,2026-04-17 12:01:22,amazon Dcvoltage,false
1146478,202-8216582-4041919,AMAZON,B0D7S35MGY,,LSMS320GR+RPR44WH,1,14.99,12.49,2026-04-17 12:07:30,amazon Ledsone,false
1146483,203-0577937-7219549,AMAZON,B07RXYLR6M,,PLTYBC,1,17.89,17.89,2026-04-17 12:17:15,amazon Dcvoltage,false
1146484,026-4249012-6938730,AMAZON,B0G49DDJ63,,WCCYSP180GD2PK+RPR44WH2PK,1,23.89,19.91,2026-04-17 12:12:20,amazon Ledsone,false
1146496,203-9261055-8914744,AMAZON,B0G2YBCMRK,,ENC285,1,19.79,19.79,2026-04-17 12:32:28,amazon Dcvoltage,false
1146497,205-2411939-0380318,AMAZON,B07CSVGZMV,,CL3TBUAPK,1,19.99,19.99,2026-04-17 12:34:21,amazon Dcvoltage,false
1146498,026-3273619-5356332,AMAZON,B0BY37TG53,,SCRN70GB2PK,1,7.58,3.91,2026-04-17 12:28:47,amazon Ledsone,false
1146501,026-0251718-2123503,AMAZON,B0DX6WRK79,,CENU25200BM,1,4.38,1.24,2026-04-17 12:39:39,amazon Ledsone,false
1146510,026-8047490-4865947,AMAZON,B0DXQ91XHT,,LSCY290RR2PK+RPR44WH2PK,1,25.89,21.57,2026-04-17 12:49:19,amazon Ledsone,false
1146514,204-3556356-9264358,AMAZON,B0GLYGJX1J,,PLHNBM+ICST64E27,1,16.09,16.09,2026-04-17 12:42:34,amazon Dcvoltage,false
1146519,203-6147658-2320308,AMAZON,B0F945Z6H2,,CL3TAG3PK,1,7.99,6.66,2026-04-17 12:59:24,amazon Ledsone,false
1146526,203-6906122-8164335,AMAZON,B0DRCP85V8,,LDMT45E2742PK,1,11.99,11.99,2026-04-17 13:18:00,amazon SRM Amazon,false
1146539,204-7108330-9167508,AMAZON,B0B9Y5MRSK,,CL3TGD5PK,2,26.38,10.99,2026-04-17 13:33:35,amazon Ledsone,false
1146552,204-3873813-0212307,AMAZON,B0FZCW7KC7,,LSHM300HE+RPR44WH,1,22.99,22.99,2026-04-17 13:53:16,amazon Dcvoltage,false
1146553,206-8343465-2626718,AMAZON,B0FY1Z5VMP,,WCFL180BM2PK+RPR44WH2PK,1,21.89,21.89,2026-04-17 13:54:31,amazon Dcvoltage,false
1146554,204-2602642-6984356,AMAZON,B0DH64L6PN,,CL2TGD5PK,1,11.99,11.99,2026-04-17 13:50:13,amazon Dcvoltage,false
1146555,206-4223066-2176328,AMAZON,B09L115HFJ,,12UK3P10A,1,18.29,15.24,2026-04-17 13:50:04,amazon Ledsone,false
1146560,204-1427051-4969957,AMAZON,B0F1D3YQPG,,RWWPSY10GY,1,5.76,2.49,2026-04-17 13:59:46,amazon Dcvoltage,false
1146571,203-1694945-8173145,AMAZON,B0GQYGL7WW,,WSIWCRGR,2,71.78,29.91,2026-04-17 14:09:03,amazon Ledsone,false
1146573,205-4903337-0537149,AMAZON,B0DH9FDGZY,,CL3TBRAPK,1,20.99,20.99,2026-04-17 14:10:22,amazon Dcvoltage,false
1146580,206-8589422-5235521,AMAZON,B0DBWL4YQ5,,CL2RAGAPK,1,15.99,15.99,2026-04-17 14:22:18,amazon Dcvoltage,false
1146581,206-8589422-5235521,AMAZON,B0DBWN874S,,CL2RLBAPK,1,18.49,18.49,2026-04-17 14:22:18,amazon Dcvoltage,false
1146586,204-1518024-4554753,AMAZON,B08XNPSWMN,,CRSF100BC+LHNSE27YB+SCRN70BC+LSWD360BC,2,59.78,29.89,2026-04-15 13:28:12,amazon Dcvoltage,false
1146588,205-7007915-2158709,AMAZON,B0DH4KYFPD,,WCDTBM2PK+RPR44WH2PK,1,18.29,15.24,2026-04-17 14:37:06,amazon Ledsone,false
1146602,204-3089184-6531554,AMAZON,B0FVMD24HC,,CERU72350GR,1,9.18,5.11,2026-04-17 14:57:12,amazon Ledsone,false
1146603,026-1819965-1814742,AMAZON,B0DH937VLZ,,CL3TCR3PK,1,8.99,8.99,2026-04-17 14:57:01,amazon Dcvoltage,false
1146612,202-4544573-8547546,AMAZON,B0DTHZ1JX5,,WCDCBM4PK+RPR44WH4PK,1,29.49,24.57,2026-04-17 15:04:38,amazon Ledsone,false
1146613,202-9379872-7603507,AMAZON,B07ZQ38MKQ,,HRE2738BM2PK,1,6.98,3.41,2026-04-17 15:08:42,amazon Ledsone,false
1146616,204-7848968-0320303,AMAZON,B0F1TK5KN9,,CRSF100SN+PHCHPCRSN,1,9.89,8.24,2026-04-17 15:15:11,amazon Ledsone,false
1146617,204-3265424-2368305,AMAZON,B0FL7BRGF4,,PHSF2GDTYB2PK+ICST64E272PK,1,28.89,28.89,2026-04-17 15:27:38,amazon Dcvoltage,false
1146624,203-1647304-9197914,AMAZON,B0DTYDM7RD,,WCVCWH3PK+RPR44WH3PK,1,21.89,18.24,2026-04-17 15:24:13,amazon Ledsone,false
1146630,204-2289331-0763552,AMAZON,B08XMVSZ1F,,WCB7BC+RPR44WH,1,11.89,11.89,2026-04-17 15:30:37,amazon Dcvoltage,false
1146631,206-7410836-9742717,AMAZON,B0F1TMC6HP,,CENU25200BM,1,4.49,1.49,2026-04-17 15:37:04,amazon Dcvoltage,false
1146639,026-4685290-0485918,AMAZON,B0F1FR2BTB,,CGCEBM5PK,1,5.18,1.57,2026-04-17 15:42:36,amazon Ledsone,false
1146643,202-4612916-1372354,AMAZON,B0GGHFVG9H,,CRFF100GB2PK+LHNSE27GB2PK+ICST64E272PK,1,25.55,26.89,2026-04-17 15:56:56,amazon Dcvoltage,false
1146644,026-5860112-0829936,AMAZON,B0C8NJDTJS,,WCDCBM+RPR44WH,1,10.89,9.07,2026-04-17 15:57:29,amazon Ledsone,false
1146654,026-8207412-7499537,AMAZON,B0CG21CP4J,,CRFF108BM+LHTKE27BA,1,10.99,9.16,2026-04-15 16:38:48,amazon Ledsone,false
1146664,203-0627029-6991532,AMAZON,B0BZZ1FGFP,,CRSF100BM+LHNSE27YB+SCRN70BM+LSWD360BM,2,55.78,23.24,2026-04-17 16:24:43,amazon Ledsone,false
1146674,202-5191978-4943522,AMAZON,B0DSC67GJ4,,PHSF1PBR20WH+LSWE315BY,5,94.45,15.74,2026-04-17 16:42:42,amazon Ledsone,false
1146675,202-4269672-8036349,AMAZON,B0BL7LZR24,,LDMT45E2746PK,1,20.79,17.32,2026-04-17 16:46:25,amazon Ledsone,false
1146679,205-4406211-8514741,AMAZON,B0DX6W8MTS,,CENU25200WH,6,12.23,1.24,2026-04-17 16:52:15,amazon Ledsone,false
1146682,205-4821860-0785967,AMAZON,B0D9RVLLF7,,WCDTWH3PK+RPR44WH3PK,1,23.89,19.91,2026-04-17 17:06:11,amazon Ledsone,false
1146684,206-7031737-3925118,AMAZON,B0DTHKKQV6,,WCB7BM3PK+RPR44WH3PK,1,22.39,22.39,2026-04-17 17:14:54,amazon Dcvoltage,false
1146693,205-2582926-6589946,AMAZON,B095Z3GZFK,,CRFF500BM+PHRI1PBRYB3PK+LSFT220BM3PK,1,34.99,29.16,2026-04-17 17:21:11,amazon Ledsone,false
1146704,206-7802087-5292327,AMAZON,B0FY5TWHGH,,LDSG1007E27,1,13.99,11.66,2026-04-17 17:42:26,amazon Ledsone,false
1146710,205-1255744-6596362,AMAZON,B07R1V156N,,12RPIP4560,1,15.89,15.89,2026-04-17 17:48:50,amazon Dcvoltage,false
1146716,204-6000984-4753938,AMAZON,B0C43MJXYS,,WCDTGR+RPR44WH,1,9.89,8.24,2026-04-17 17:52:28,amazon Ledsone,false
1146717,203-6216722-9355548,AMAZON,B0F9467GTW,,CL3TCR3PK,1,10.28,5.82,2026-04-17 17:56:36,amazon Ledsone,false
1146724,206-6501940-9408362,AMAZON,B0DBWN874S,,CL2RLBAPK,1,18.49,18.49,2026-04-17 18:07:28,amazon Dcvoltage,false
1146725,206-1120134-2768320,AMAZON,B07CRXQFR5,,12IP67150,1,31.99,31.99,2026-04-17 18:07:46,amazon Dcvoltage,false
1146737,206-2824312-8949938,AMAZON,B0FBX3XG1N,,PHSF1PBRYB+LSCY290BM+LDMST64E274,2,48.18,20.07,2026-04-17 18:30:12,amazon Ledsone,false
1146742,203-3619086-8573903,AMAZON,B0FKM1ZBB1,,CRFF108GB+WSSS70GB+SCRN70GB,1,10.69,10.69,2026-04-17 18:44:33,amazon SRM Amazon,false
1146747,205-3555982-5713123,AMAZON,B07Q8KKJJS,,24IP6780,1,17.15,17.15,2026-04-17 18:56:50,amazon Dcvoltage,false
1146748,203-1380013-5393904,AMAZON,B0CPBXJ8N8,,LSCY290BL+RPR44WH,1,15.89,15.89,2026-04-17 18:57:34,amazon Dcvoltage,false
1146750,203-8104743-7921131,AMAZON,B0DZ5Y29HS,,CRSF120CH,1,6.69,5.57,2026-04-17 18:57:03,amazon Ledsone,false
1146751,204-1282001-1261155,AMAZON,B0F9WG3RDB,,LSHQ180BG2PK+RPR44WH2PK,1,16.49,13.74,2026-04-17 19:01:10,amazon Ledsone,false
1146761,202-1548812-7533132,AMAZON,B0F944BWSZ,,CL3TBM3PK,1,9.89,8.24,2026-04-17 19:23:16,amazon Ledsone,false
1146762,026-6611715-5030724,AMAZON,B0DH96ZNZ4,,CL3TBR3PK,1,8.99,8.99,2026-04-17 19:22:13,amazon Dcvoltage,false
1146769,204-6730949-8701126,AMAZON,B0CJM24RKW,,LDCCB2220,2,20.98,8.74,2026-04-17 19:32:04,amazon Ledsone,false
1146770,202-8629820-9526756,AMAZON,B0CNXSNCKR,,CRSF100CO+LHNSE27CO+LSDM220CO,1,19.59,19.59,2026-04-17 19:37:40,amazon Dcvoltage,false
1146775,206-4269641-3718753,AMAZON,B0C4LWJMCS,,LSLC180BM+RPR44WH,1,11.89,9.91,2026-04-17 19:37:14,amazon Ledsone,false
1146776,203-1390115-0640366,AMAZON,B0FH6JJKV4,,SPSDP2BMY,1,8.78,4.91,2026-04-17 19:46:18,amazon Ledsone,false
1146791,026-2294235-5404357,AMAZON,B0DZHLQMJT,,LLSQ24W,1,9.45,5.47,2026-04-17 20:01:43,amazon Ledsone,false
1146810,205-7024064-0235566,AMAZON,B0D298RPWW,,LSCY290RE+RPR44WH,1,15.89,13.24,2026-04-17 20:38:01,amazon Ledsone,false
1146814,206-7405904-9129122,AMAZON,B0D298HNWF,,LSCY290RO2PK+RPR44WH2PK,1,29.79,24.82,2026-04-17 20:46:09,amazon Ledsone,false
1146816,203-0226834-3425901,AMAZON,B0D5B5DBYG,,WCDTGR2PK+RPR44WH2PK,1,17.89,17.89,2026-04-17 20:41:41,amazon Dcvoltage,false
1146821,206-0629748-0575536,AMAZON,B0CS3K4LTZ,,WCB7BM+RPR44WH,1,9.89,9.89,2026-04-17 21:00:41,amazon Dcvoltage,false
1146825,203-3972824-0354740,AMAZON,B07QW1KPCD,,12RPIP454002,4,107.96,26.99,2026-04-17 21:14:26,amazon Dcvoltage,false
1146826,026-9405648-0132334,AMAZON,B093WZG38Q,,HLHG120CH,3,7.77,2.59,2026-04-17 21:15:15,amazon Dcvoltage,false
1146831,204-5737997-1689954,AMAZON,B0GR8S6J1K,,SPPGUK3PTR6PK,1,12.48,7.99,2026-04-17 21:39:14,amazon Ledsone,false
1146833,204-0092779-3478746,AMAZON,B0DDC11VMP,,LSMCSPDRFL+RPM40WH,1,26.89,18.24,2026-04-17 21:48:39,amazon Ledsone,false
1146834,202-3621959-2694719,AMAZON,B0G2YBCMRK,,ENC285,1,19.79,19.79,2026-04-17 21:41:23,amazon Dcvoltage,false
1146836,205-5501074-2606765,AMAZON,B0D5BDGF22,,LSMS320OR2PK+RPR44WH2PK,1,27.09,27.09,2026-04-17 21:50:56,amazon Dcvoltage,false
1146849,202-0953306-1801918,AMAZON,B08PZ1DG5K,,12IP6720,1,11.89,11.89,2026-04-17 22:09:23,amazon SRM Amazon,false
1146850,204-9131733-7050767,AMAZON,B0FZCQMY9B,,LSHM400HE2PK+RPR44WH2PK,1,57.18,54.89,2026-04-17 22:11:28,amazon Dcvoltage,false
1146851,204-9254103-3971553,AMAZON,B08V8N1V46,,WCB4BS+RPR44WH,2,19.58,9.79,2026-04-17 22:14:41,amazon Dcvoltage,false
1146858,026-0580428-0456335,AMAZON,B0CJCGSNJB,,LSSS300CO2PK+RPR44WH2PK,1,26.89,26.89,2026-04-17 22:45:02,amazon Dcvoltage,false
1146859,203-7299668-5040331,AMAZON,B0GP73VLM8,,LHPVHRE27WH,1,4.69,3.91,2026-04-17 22:44:28,amazon Ledsone,false
1146860,205-5736340-6583540,AMAZON,B0F32XTV5C,,RWWPSN08GY,1,5.78,2.41,2026-04-17 22:46:57,amazon Ledsone,false
1146865,026-0763690-9443563,AMAZON,B0FB3XP2NN,,LDMC35E1444PK,1,18.85,15.71,2026-04-17 23:10:12,amazon Ledsone,false
1146866,203-0828132-2496353,AMAZON,B0B8P9BKXB,,LDMG125E278,1,10.89,9.07,2026-04-17 23:15:46,amazon Ledsone,false
1146867,202-6892488-4862769,AMAZON,B0DCHCW5XF,,STND242RE,1,4.88,1.99,2026-04-17 23:19:39,amazon Dcvoltage,false
1146868,203-8538077-5879566,AMAZON,B08YFK9PL9,,CRSF2003YB+PHCH1PBRBC3PK+LSCY210BC3PK,1,66.89,66.89,2026-04-17 23:20:58,amazon Dcvoltage,false
1146870,202-4937900-6765915,AMAZON,B0DH5Y9829,,CL2TRS5PK,1,10.09,10.09,2026-04-17 23:42:13,amazon Dcvoltage,false
1146871,203-9350218-8629926,AMAZON,B0BX42DWWZ,,LSSS300GY+RPR44WH,1,14.99,12.49,2026-04-17 23:44:46,amazon Ledsone,false
1146873,205-9735249-8165914,AMAZON,B0DPMRL655,,12IP67103PK,1,14.89,14.89,2026-04-18 00:00:43,amazon SRM Amazon,false
1146874,202-5859957-2341936,AMAZON,B0FBRKVL6F,,PHHR2HETHE+SPHEBM,1,18.89,15.74,2026-04-18 00:25:43,amazon Ledsone,false
1146875,202-8397363-4086722,AMAZON,B0FZWF19RP,,ENC8965,1,20.99,20.99,2026-04-18 00:22:42,amazon Dcvoltage,false
1146877,206-9926281-4311524,AMAZON,B0F8QGBR7J,,ENC8677,1,20.79,17.32,2026-04-18 00:29:29,amazon Ledsone,false
1146878,204-3905306-7228340,AMAZON,B0D2977TGQ,,LSCY290YB2PK+RPR44WH2PK,2,57.78,24.07,2026-04-18 00:59:32,amazon Ledsone,false
1146885,206-7562152-5511561,AMAZON,B0DJ98JG6N,,12IP6780,1,16.99,14.16,2026-04-18 04:51:16,amazon Ledsone,false
1146901,202-2473148-9238744,AMAZON,B0B8VVQSNV,,LDSG125LOE274,1,14.60,9.99,2026-04-18 06:57:31,amazon Ledsone,false
1146903,204-0421350-0630745,AMAZON,B0DX6TP9TZ,,CENU36300WH,1,5.78,2.07,2026-04-18 07:16:06,amazon Ledsone,false
1146906,204-3305819-6531519,AMAZON,B09LMJZ51X,,CRSF100BM+LHNSE27BM+SCRN70YB+LSMS320GY,1,19.89,16.57,2026-04-18 07:40:02,amazon Ledsone,false
1146907,206-3048546-5945114,AMAZON,B0DH68WNYV,,CL2TGY5PK,3,30.27,10.09,2026-04-18 07:45:02,amazon Dcvoltage,false
1146920,205-8897052-6957924,AMAZON,B095Z3GZFK,,CRFF500BM+PHRI1PBRYB3PK+LSFT220BM3PK,1,34.99,29.16,2026-04-18 08:33:09,amazon Ledsone,false
1146921,203-8379303-0361930,AMAZON,B0FY2HP9LJ,,PHUH0.5HETBM,1,10.99,9.16,2026-04-18 08:35:20,amazon Ledsone,false
1146926,204-3718512-6344306,AMAZON,B0FVXMYKCV,,WCIR300BM2PK+RPR44WH2PK,1,25.29,25.29,2026-04-18 08:36:52,amazon Dcvoltage,false
1146929,026-1148637-0461954,AMAZON,B0D5QY9SQ1,,LSMCSQWYBL+RPM40WH,1,23.89,23.89,2026-04-18 08:50:39,amazon Dcvoltage,false
1146930,205-6092171-4281162,AMAZON,B0DG5HXCYR,,CRSF100OR+WSCH135OR+LSDO210OR,1,22.89,22.89,2026-04-18 08:56:49,amazon Dcvoltage,false
1146938,203-1503785-4002717,AMAZON,B0CN376GSP,,CRSF1202BM+PHHT2PBRBM2PK+SPUPBM2PK,1,19.89,16.57,2026-04-18 09:18:23,amazon Ledsone,false
1146944,203-1369761-6129916,AMAZON,B0C2Q51QDC,,CRSF100WH+PHRB1PBRWH+CGWDWO+LSWE315YE,1,20.89,17.41,2026-04-18 09:21:05,amazon Ledsone,false
1146945,204-5280846-8861953,AMAZON,B0C9TWTCZ8,,LSCY210BG+RPR44WH,1,12.49,12.49,2026-04-18 09:28:17,amazon Dcvoltage,false
1146966,204-6852116-3394753,AMAZON,B093H8YG8Z,,LSMS320GY+RPR44WH,1,14.99,12.49,2026-04-18 09:54:49,amazon Ledsone,false
1146973,206-1295094-3353948,AMAZON,B08RYTP5WV,,HRE2738WH2PK,1,3.80,0.91,2026-04-18 10:11:24,amazon SRM Amazon,false
1146974,203-5909085-1325904,AMAZON,B0CVH12NPC,,RWWPSY0680YE,1,9.19,5.79,2026-04-18 10:18:07,amazon Dcvoltage,false
1146977,205-7903771-5469115,AMAZON,B0FPQVSMFT,,LDCWT75B2212,1,8.79,7.32,2026-04-18 10:24:00,amazon Ledsone,false
1146983,206-8530771-3785122,AMAZON,B0CTT3VPR2,,LSCO335WH+RPR44WH,1,16.29,13.57,2026-04-18 10:36:14,amazon Ledsone,false
1146984,205-1414212-9434742,AMAZON,B08V8Q3NTM,,CRSF100WH+LHNSE27WH+LSMS320BT,2,37.78,18.89,2026-04-18 10:34:20,amazon Dcvoltage,false
1146986,204-9512034-6892344,AMAZON,B08K42YS9S,,LDMST64E2742PK,1,11.99,11.99,2026-04-18 10:28:56,amazon SRM Amazon,false
1146989,206-5633211-4237136,AMAZON,B0D2N2MJRP,,CRFF500BM,1,11.89,9.91,2026-04-18 10:46:08,amazon Ledsone,false
1146991,205-0006320-8809943,AMAZON,B0D83MBJW1,,WCDTGD3PK+RPR44WH3PK,1,24.89,24.89,2026-04-18 10:38:58,amazon Dcvoltage,false
1146992,205-0006320-8809943,AMAZON,B0DFGKSMPP,,WCDTGD5PK+RPR44WH5PK,1,41.49,41.49,2026-04-18 10:38:58,amazon Dcvoltage,false
1146999,026-4559085-6732343,AMAZON,B08VGQPLWZ,,WCDTGD+RPR44WH,1,10.69,10.69,2026-04-18 10:49:05,amazon Dcvoltage,false
1147000,205-8670960-2985146,AMAZON,B0D2N2MJRP,,CRFF500BM,1,11.89,9.91,2026-04-18 10:51:27,amazon Ledsone,false
1147002,205-7325926-4593138,AMAZON,B093HBRKWJ,,LSCY290BL+RPR44WH,1,15.29,12.74,2026-04-18 10:52:35,amazon Ledsone,false
1147011,206-2483258-8479517,AMAZON,B097YR1WKC,,CRFF500BM+PHHT1PBRRO3PK+WCWDRO3PK,1,38.99,32.49,2026-04-18 11:01:19,amazon Ledsone,false
1147012,203-8897165-1123558,AMAZON,B0G6D98NRY,,IMCWEPK,1,19.48,19.48,2026-04-18 11:07:57,amazon Dcvoltage,false
1147019,206-6914992-7014768,AMAZON,B0CJ4QZ15C,,LSMCSPSQMC+RPM40WH,1,22.89,22.89,2026-04-18 11:15:59,amazon Dcvoltage,false
1147020,202-6330165-2609146,AMAZON,B09JSST32V,,ENC2002,1,78.99,65.82,2026-04-18 11:18:14,amazon Ledsone,false
1147024,206-4409751-4033147,AMAZON,B0DY7NXLY4,,RWWPSY0640YE,1,6.49,6.49,2026-04-18 11:18:59,amazon SRM Amazon,false
1147025,203-2263003-7599559,AMAZON,B09LHV32SZ,,CRSF1203WH+PHTT1PWR1WH3PK+SPSPWH2PK,1,21.79,18.16,2026-04-18 11:24:55,amazon Ledsone,false
1147029,204-8552765-5545124,AMAZON,B083XST3WZ,,CL2TBR3PK,1,6.09,5.07,2026-04-18 11:38:18,amazon Ledsone,false
1147037,203-5081638-1865935,AMAZON,B07P13HBK6,,RPM40WH,1,5.09,5.09,2026-04-18 11:47:42,amazon Dcvoltage,false
1147039,206-0213463-6353141,AMAZON,B084645W4S,,LDMST64E2783PK,1,12.89,10.74,2026-04-18 11:42:23,amazon Ledsone,false
1147040,204-8434061-9217165,AMAZON,B0FRML5GMP,,PLMJBC,2,53.38,22.24,2026-04-18 11:47:54,amazon Ledsone,false
1147041,206-8315875-1447566,AMAZON,B0FTZGFN4K,,WCFL180BM+RPR44WH,1,13.89,11.57,2026-04-18 11:51:19,amazon Ledsone,false
1147049,026-4072319-1005931,AMAZON,B0DX6WRK79,,CENU25200BM,1,4.38,1.24,2026-04-18 11:51:35,amazon Ledsone,false
1147055,026-2660879-9505164,AMAZON,B0BLP1JSRK,,LDMST64E2786PK,1,20.39,16.99,2026-04-18 12:01:09,amazon Ledsone,false
1147056,202-7832644-9315510,AMAZON,B0GL6HBFGC,,CRSF100BM+LHNSE27YB+SCRN70BM+LSFT220BG+ICST64E2740,1,20.89,17.41,2026-04-18 12:03:42,amazon Ledsone,false
1147058,026-0398014-6772332,AMAZON,B0D8PBMLB7,,IMRGAPK,1,6.19,2.75,2026-04-18 12:07:06,amazon Ledsone,false
1147059,026-7452693-2623539,AMAZON,B0C43LPR9Y,,WCDTGD+RPR44WH,1,10.89,9.07,2026-04-18 12:07:06,amazon Ledsone,false
1147061,206-2522809-3029948,AMAZON,B0DGL8XMR7,,LDMA60E274WW,1,5.39,3.19,2026-04-18 12:00:50,amazon Dcvoltage,false
1147062,204-2689359-4732356,AMAZON,B0CPBX86K6,,LSCY290NB+RPR44WH,1,16.09,16.09,2026-04-18 12:02:44,amazon Dcvoltage,false
1147063,203-7772609-8630737,AMAZON,B0DH5Z7232,,CL2THE5PK,1,11.99,11.99,2026-04-18 12:04:21,amazon Dcvoltage,false
1147067,203-0575948-0143549,AMAZON,B0CRZ39GPD,,LSCY290GB+RPR44WH,1,17.89,17.89,2026-04-18 12:11:01,amazon Dcvoltage,false
1147069,205-5475768-7334732,AMAZON,B092ZRC5KH,,PLTFRR+ICST64E2740,1,22.19,18.49,2026-04-18 12:21:13,amazon Ledsone,false
1147070,206-1913639-4785128,AMAZON,B0CNXL52CF,,CL3RBM3PK,1,7.78,4.49,2026-04-18 12:24:54,amazon Dcvoltage,false
1147075,206-4926522-2661116,AMAZON,B0CCJ3MP82,,SPSDP2SN3PK,1,12.59,10.49,2026-04-18 12:35:44,amazon Ledsone,false
1147082,026-7993600-5434732,AMAZON,B0CVL86ZQ4,,LSTF400WH+RPR44WH,1,17.49,14.57,2026-04-18 12:49:53,amazon Ledsone,false
1147083,203-8517511-6008318,AMAZON,B0FPQZHKXS,,LDCWT75B22122PK,1,15.89,13.24,2026-04-18 12:42:05,amazon Ledsone,false
1147084,026-7257166-2441124,AMAZON,B0DC6KFRL2,,PLWLBS2PK,1,28.69,23.91,2026-04-18 12:41:55,amazon Ledsone,false
1147085,026-3525618-0005169,AMAZON,B0DRYRF1DH,,LHSHE27BA3PK,2,35.38,17.69,2026-04-18 12:45:27,amazon SRM Amazon,false
1147092,026-8792929-4746723,AMAZON,B093DJTWGS,,CL2TBUAPK,1,21.49,17.91,2026-04-18 12:45:27,amazon Ledsone,false
1147099,204-2810116-6452307,AMAZON,B0G4QPP78F,,PCDO20CH2PK,1,8.69,7.24,2026-04-18 12:59:54,amazon Ledsone,false
1147100,206-5488532-0525902,AMAZON,B0CZLCKY5W,,LSSS300GY2PK+RPR44WH2PK,1,23.89,23.89,2026-04-18 13:00:37,amazon Dcvoltage,false
1147116,026-0282715-1612367,AMAZON,B0CHDZXZGJ,,CL3TAG5PK,1,14.79,12.32,2026-04-18 13:44:21,amazon Ledsone,false
1147117,204-3534743-8062707,AMAZON,B0FZWF19RP,,ENC8965,1,20.99,20.99,2026-04-18 13:40:26,amazon Dcvoltage,false
1147118,205-0836473-9661144,AMAZON,B0CVL1N6WV,,LSEL400GY+RPR44WH,1,17.49,17.49,2026-04-18 13:40:46,amazon Dcvoltage,false
1147119,206-8377771-2326732,AMAZON,B0DFHN9WRJ,,LSCY290BC+RPR44WH,1,16.89,16.89,2026-04-18 13:48:45,amazon Dcvoltage,false
1147123,205-2184570-4451542,AMAZON,B09JZ61NJM,,LDST45E2743PK,1,20.29,20.29,2026-04-18 13:58:15,amazon Dcvoltage,false
1147124,202-0202216-3626751,AMAZON,B0FY5NVS4S,,LDSG1007E272PK,1,23.99,19.99,2026-04-18 13:49:25,amazon Ledsone,false
1147127,203-2760854-5555502,AMAZON,B08KJJWJKK,,WCFSDCBM,1,36.99,30.82,2026-04-18 14:03:48,amazon Ledsone,false
1147138,206-1794497-3017125,AMAZON,B0DNK2WMKV,,ENC5360,1,29.89,24.91,2026-04-18 14:11:33,amazon Ledsone,false
1147144,203-3741127-5979504,AMAZON,B0C5QQW97C,,WCVCWH+RPR44WH,1,10.29,10.29,2026-04-18 14:24:58,amazon Dcvoltage,false
1147145,205-4135651-0237145,AMAZON,B0D4YF1KHC,,ENC7342,1,38.89,38.89,2026-04-18 14:27:57,amazon Dcvoltage,false
1147150,206-9039281-5821948,AMAZON,B0CN36M72W,,ENC5693,1,24.89,20.74,2026-04-18 14:37:42,amazon Ledsone,false
1147154,205-4680214-9862709,AMAZON,B0D2977G11,,LSCY290YB3PK+RPR44WH3PK,1,40.51,33.76,2026-04-18 14:42:25,amazon Ledsone,false
1147156,205-5876411-2790750,AMAZON,B0DDTVGMNR,,LSDO400GY+RPR44WH,1,20.89,20.89,2026-04-18 14:40:50,amazon Dcvoltage,false
1147157,203-6643153-8748316,AMAZON,B0D59PM2Y5,,WCB3BM2PK+RPR44WH2PK,1,15.39,15.39,2026-04-18 14:45:24,amazon Dcvoltage,false
1147169,206-7248686-6627531,AMAZON,B0FZCW7KC7,,LSHM300HE+RPR44WH,2,45.98,22.99,2026-04-18 14:51:24,amazon Dcvoltage,false
1147174,202-1901510-5833911,AMAZON,B0FQVDFF8N,,CRFF108BM+PHRI1PBRBA+LSCY290BG,1,24.89,24.89,2026-04-18 15:00:16,amazon Dcvoltage,false
1147175,026-7445121-3893930,AMAZON,B0DH6B49KD,,CL2TGL5PK,1,10.09,10.09,2026-04-18 15:07:23,amazon Dcvoltage,false
1147176,204-0328827-0100354,AMAZON,B0FXFF5LTD,,WCFL180BM2PK+RPR44WH2PK,1,21.89,18.24,2026-04-18 15:03:25,amazon Ledsone,false
1147177,205-8308612-4791556,AMAZON,B0DXQ91XHT,,LSCY290RR2PK+RPR44WH2PK,1,25.89,21.57,2026-04-18 15:10:41,amazon Ledsone,false
1147178,204-4378480-9846729,AMAZON,B0GDDXRR5K,,LDMT185E2735PK,1,18.99,15.82,2026-04-18 15:10:47,amazon Ledsone,false
1147179,206-6346837-9648345,AMAZON,B0CVL5MYFT,,LSTF400WH+RPR44WH,1,16.59,16.59,2026-04-18 15:08:26,amazon Dcvoltage,false
1147182,203-5126151-2548332,AMAZON,B0F29P1SH6,,CERU36150GR,1,4.58,1.41,2026-04-18 15:25:54,amazon Ledsone,false
1147183,204-0214409-8321950,AMAZON,B0F1D23NFW,,RWWPSY0640YE,1,9.38,6.49,2026-04-18 15:23:16,amazon Dcvoltage,false
1147188,026-6392342-3251524,AMAZON,B0GTQXH9HR,,LSGL10012AR3PK+RPM40WH3PK,1,21.99,21.99,2026-04-18 15:29:18,amazon Dcvoltage,false
1147189,204-9501101-3434707,AMAZON,B07QW1KPCD,,12RPIP454002,1,26.99,26.99,2026-04-18 15:30:36,amazon Dcvoltage,false
1147190,026-3496036-1901939,AMAZON,B0D7MP6T33,,CRFF105CO2PK,1,13.89,11.57,2026-04-18 15:28:16,amazon Ledsone,false
1147191,202-7045394-6411519,AMAZON,B0FXFF5LTD,,WCFL180BM2PK+RPR44WH2PK,1,21.89,18.24,2026-04-18 15:32:06,amazon Ledsone,false
1147192,204-8805391-6707514,AMAZON,B0GMHQTBSQ,,LHXSHE27BM2PK,1,16.69,13.91,2026-04-18 15:36:38,amazon Ledsone,false
1147205,026-4968732-7909907,AMAZON,B0CVLC55W4,,LSTF400GY+RPR44WH,1,16.39,16.39,2026-04-18 15:53:39,amazon Dcvoltage,false
1147206,205-1312159-8682722,AMAZON,B0DH9FDGZY,,CL3TBRAPK,1,20.99,20.99,2026-04-18 15:54:47,amazon Dcvoltage,false
1147207,203-5926885-9977165,AMAZON,B0B9Y59487,,CL3TBR5PK,1,13.79,11.49,2026-04-18 15:48:48,amazon Ledsone,false
1147208,026-9879122-9777967,AMAZON,B0DP2V5HY3,,CRSF100BM+PHCH1BMRBM+LSCY290BM,1,20.79,17.32,2026-04-18 15:50:10,amazon Ledsone,false
1147213,202-9085505-8119524,AMAZON,B0BWTY1TRR,,LSCP150GY+RPR44WH,1,11.89,11.89,2026-04-18 16:19:22,amazon Dcvoltage,false
1147214,026-8119102-2135535,AMAZON,B0CL1K1T2T,,ENC5521,2,85.78,42.89,2026-04-18 16:04:36,amazon Dcvoltage,false
1147220,205-5268243-5345942,AMAZON,B0DLW1SH8M,,CL2TWHAPK,3,56.67,18.89,2026-04-18 16:43:58,amazon Dcvoltage,false
1147221,204-9373908-8497100,AMAZON,B0GTJ1BS3K,,LSGL10014CL2PK+RPM40WH2PK,1,12.89,12.89,2026-04-18 16:17:10,amazon Dcvoltage,false
1147222,205-7544959-0001936,AMAZON,B0CCJ84YJT,,LSDO300GY+RPR44WH,2,35.78,17.89,2026-04-18 16:16:24,amazon Dcvoltage,false
1147223,203-6058815-7136319,AMAZON,B0CVKXQMNQ,,RWWPSY1050YE2PK,1,11.28,6.99,2026-04-18 16:14:27,amazon Ledsone,false
1147234,205-7344145-6801133,AMAZON,B0CN376GSP,,CRSF1202BM+PHHT2PBRBM2PK+SPUPBM2PK,1,19.89,16.57,2026-04-18 16:16:24,amazon Ledsone,false
1147235,202-6621444-3231508,AMAZON,B0DMF2KF74,,ENC9307,1,27.29,22.74,2026-04-18 16:24:45,amazon Ledsone,false
1147237,206-8512504-6277120,AMAZON,B0CN38WYVQ,,CRSF1209BM+PHRY2PCRBM9PK,1,78.89,78.89,2026-04-18 16:25:57,amazon Dcvoltage,false
1147245,205-2413619-0217117,AMAZON,B0D2948DVC,,LSCY290BU+RPR44WH,2,31.78,13.24,2026-04-18 16:41:51,amazon Ledsone,false
1147253,205-9714587-5173900,AMAZON,B0GTHT26DV,,LSGL10014CL3PK+RPM40WH3PK,1,22.89,22.89,2026-04-18 16:58:20,amazon Dcvoltage,false
1147255,203-2898693-2885146,AMAZON,B08BZKNC4L,,CBSF295,1,7.49,7.49,2026-04-18 17:01:15,amazon SRM Amazon,false
1147284,202-3916416-4841935,AMAZON,B0D5BFHKBN,,LSMS320GY2PK+RPR44WH2PK,1,27.09,27.09,2026-04-18 17:49:38,amazon Dcvoltage,false
1147299,204-6826320-0700368,AMAZON,B0FPCXFZHN,,CRSF100BC+PHNW1RBC+ICST64E2740,2,33.78,16.89,2026-04-18 18:20:07,amazon Dcvoltage,false
1147300,205-1422082-3794752,AMAZON,B08JJ76ZYR,,12IP6730,1,10.59,10.59,2026-04-18 18:27:50,amazon SRM Amazon,false
1147306,204-9847016-7626713,AMAZON,B0CVL9FRMG,,LSTF400GY2PK+RPR44WH2PK,1,29.69,29.69,2026-04-18 18:32:04,amazon Dcvoltage,false
1147307,205-4773171-3843548,AMAZON,B09477YHK7,,LDMG95E278APK,1,35.19,29.32,2026-04-18 18:30:25,amazon Ledsone,false
1147313,026-1998112-9774755,AMAZON,B0FVXQ6C2W,,WCFL180BM2PK+RPR44WH2PK,1,19.89,19.89,2026-04-18 18:40:11,amazon Dcvoltage,false
1147314,204-0718880-7461136,AMAZON,B083XQXT6H,,CL2RCR3PK,1,6.78,2.91,2026-04-18 18:35:29,amazon Ledsone,false
1147316,203-6036899-6331523,AMAZON,B0GMCRC482,,LSGLWM200YC+RPR44WH,1,11.89,9.91,2026-04-18 18:44:19,amazon Ledsone,false
1147319,026-8969777-5860321,AMAZON,B0DH98J2Z1,,CL3TLBAPK,1,20.99,20.99,2026-04-18 18:56:59,amazon Dcvoltage,false
1147323,203-8082452-9537144,AMAZON,B0DX784TX6,,CERU80300BM,1,8.88,4.99,2026-04-18 19:06:29,amazon Ledsone,false
1147325,026-4929812-0179544,AMAZON,B0DGPZBHVT,,LDMG95B2283PK,1,17.19,17.19,2026-04-18 19:08:18,amazon Dcvoltage,false
1147326,203-1899513-7080349,AMAZON,B07PM4RK27,,CL3TWH5PK,1,11.79,11.79,2026-04-18 19:10:18,amazon Dcvoltage,false
1147329,026-2054793-8926735,AMAZON,B0B9Y5MRSK,,CL3TGD5PK,1,13.19,10.99,2026-04-18 19:11:11,amazon Ledsone,false
1147334,026-2588591-4306726,AMAZON,B0CG5QLXR8,,CL2ROR5PK,1,12.39,10.32,2026-04-18 19:25:36,amazon Ledsone,false
1147339,026-0780269-6125107,AMAZON,B08V5RPGD1,,CRSF100BC+PHCH1PBRBC+LSCY290BC,8,175.12,21.89,2026-04-18 19:35:36,amazon Dcvoltage,false
1147345,202-1846770-2195547,AMAZON,B0F48KSRDK,,RWWPSY0680YE,1,9.16,5.89,2026-04-18 19:44:02,amazon Dcvoltage,false
1147349,205-2143113-8771551,AMAZON,B092DQNJHK,,CRSF100BM+PHSQ1.5PBRYB+LSSS300BM,3,65.67,18.24,2026-04-18 19:57:25,amazon Ledsone,false
1147350,205-4083479-4803527,AMAZON,B0GLPLNXXC,,PL4HBC,1,37.09,37.09,2026-04-18 19:52:25,amazon Dcvoltage,false
1147351,026-3982363-6557165,AMAZON,B0CNW54SPQ,,ENC4306,1,38.89,38.89,2026-04-18 19:56:29,amazon Dcvoltage,false
1147360,205-4750691-1277139,AMAZON,B096FPKPNQ,,ENC685,2,117.78,58.89,2026-04-18 20:15:33,amazon Dcvoltage,false
1147361,204-0822378-6132306,AMAZON,B0FY22Q53W,,WCBCFBM2PK+RPR44WH2PK,1,23.89,23.89,2026-04-18 20:08:59,amazon Dcvoltage,false
1147367,206-0731408-1521164,AMAZON,B0GCZG4XFD,,CRSF120WH,1,8.78,4.91,2026-04-18 20:25:26,amazon Ledsone,false
1147368,205-3095986-8871508,AMAZON,B0CBRL28PQ,,PHDH1HETHE,1,18.89,18.89,2026-04-18 20:27:15,amazon Dcvoltage,false
1147377,204-6885894-0220309,AMAZON,B0DY7NXLY4,,RWWPSY0640YE,1,6.49,6.49,2026-04-18 20:29:09,amazon SRM Amazon,false
1147378,026-0509153-0639558,AMAZON,B0BBGML4LT,,CL2RBK5PK,1,12.49,12.49,2026-04-18 20:30:04,amazon Dcvoltage,false
1147379,204-0476472-4664365,AMAZON,B0CRYLDW5C,,WJCUNNMWH2PK,1,18.89,18.89,2026-04-18 13:32:36,amazon Dcvoltage,false
1147382,026-1404527-9869929,AMAZON,B0GD7QCY89,,ENC8188,1,21.89,21.89,2026-04-18 20:46:03,amazon Dcvoltage,false
1147383,203-6941170-1583538,AMAZON,B092W947D9,,PHSF1PWR20WH+LSWE315GY,1,22.89,19.07,2026-04-18 20:39:29,amazon Ledsone,false
1147384,204-1988077-8333918,AMAZON,B0F2FYS1WB,,RWT570YE,1,12.29,10.24,2026-04-18 20:39:47,amazon Ledsone,false
1147385,026-6754758-6308365,AMAZON,B0F7QRS48B,,CL3TBMAPK,1,22.89,19.07,2026-04-18 20:41:53,amazon Ledsone,false
1147389,206-5916336-5277163,AMAZON,B0D73JHB8R,,LDST185B224,2,12.79,6.39,2026-04-18 20:50:29,amazon Dcvoltage,false
1147395,205-1308441-3854711,AMAZON,B0B9H8Y7N8,,CL2RBL2PK,1,6.28,2.49,2026-04-18 21:02:45,amazon Ledsone,false
1147396,202-7339941-7057962,AMAZON,B0F1BT838Q,,CRFF500BB+PHWL1PBRBB3PK+ICST64E273PK,1,29.99,24.99,2026-04-18 21:07:48,amazon Ledsone,false
1147398,203-6445363-2371521,AMAZON,B08KJJWJKK,,WCFSDCBM,1,36.99,30.82,2026-04-18 21:10:49,amazon Ledsone,false
1147399,206-8803570-3696366,AMAZON,B09M79GXH9,,CRSF100BS+PHCH1PBRBS+LSCY290BS,2,49.78,20.74,2026-04-18 21:11:29,amazon Ledsone,false
1147400,205-7520068-8894723,AMAZON,B0DXQ8WPCG,,LSCY290SN2PK+RPR44WH2PK,1,29.89,24.91,2026-04-18 21:15:13,amazon Ledsone,false
1147402,205-5046642-6090720,AMAZON,B08V5MK449,,CRSF100BM+PHHT1PBRBM+LSCY290BM,1,21.89,21.89,2026-04-18 21:12:09,amazon Dcvoltage,false
1147409,205-5956542-2801905,AMAZON,B0F2919THD,,LSCY290CO+RPR44WH,2,37.78,15.74,2026-04-18 21:20:00,amazon Ledsone,false
1147417,026-7535865-7574712,AMAZON,B0FPWXQWQD,,LDCWA60HB2296PK,1,10.13,6.24,2026-04-18 21:44:38,amazon Ledsone,false
1147419,026-7068340-0172341,AMAZON,B0FB3Y2GWC,,LDMC35E144,1,5.99,4.99,2026-04-18 17:25:10,amazon Ledsone,false
1147420,202-8486466-6848314,AMAZON,B0GLFZ9BSJ,,LSGLFP245BR+RPM40WH,1,18.89,18.89,2026-04-18 21:42:36,amazon Dcvoltage,false
1147423,202-7346780-9797933,AMAZON,B0D838YS3P,,ENC1509,1,61.18,58.89,2026-04-18 21:58:29,amazon Dcvoltage,false
1147427,205-1607760-8081167,AMAZON,B0DGQ14MRD,,LDMG95B2285PK,1,22.19,22.19,2026-04-18 22:04:05,amazon Dcvoltage,false
1147428,026-7647768-3261169,AMAZON,B0G2YBCMRK,,ENC285,1,19.79,19.79,2026-04-18 22:02:32,amazon Dcvoltage,false
1147429,206-4721263-0049939,AMAZON,B0F9YNBRZD,,LSMS320BG+RPR44WH,1,16.89,14.07,2026-04-18 22:00:55,amazon Ledsone,false
1147431,205-9239232-8848325,AMAZON,B0743GYD52,,CO332AORAPK,1,5.58,2.24,2026-04-18 22:18:07,amazon Ledsone,false
1147438,203-7248903-4854718,AMAZON,B0CRZ5HJTF,,LSCY290BL+RPR44WH,2,31.78,15.89,2026-04-18 22:33:06,amazon Dcvoltage,false
1147443,202-3413596-7157914,AMAZON,B0GQBCXGST,,LHXCCE27BM3PK,1,11.58,8.69,2026-04-18 23:07:37,amazon Dcvoltage,false
1147444,204-0169223-2179525,AMAZON,B09MSJBH7S,,ENC2212,1,39.99,33.32,2026-04-18 23:09:21,amazon Ledsone,false
1147447,203-1440851-4759516,AMAZON,B0DZXCDQB9,,WCDTGD5PK+RPR44WH5PK,1,32.83,27.36,2026-04-18 23:23:37,amazon Ledsone,false
1147449,202-5172141-6037136,AMAZON,B0B4BGQRQL,,PSDS2BMRBR,1,11.99,9.99,2026-04-18 23:29:33,amazon Ledsone,false
1147451,206-8127554-2732361,AMAZON,B0CBPQMKBF,,WCB7BM2PK+RPR44WH2PK,1,17.89,17.89,2026-04-18 23:56:10,amazon Dcvoltage,false
1147452,203-9207646-1546769,AMAZON,B08TMJ2DJJ,,CRSF100YB+WSNW170YB+LSDM220YB,1,19.79,19.79,2026-04-19 00:05:36,amazon Dcvoltage,false
1147456,026-7550854-1722756,AMAZON,B0FVXQ6C2W,,WCFL180BM2PK+RPR44WH2PK,1,19.89,19.89,2026-04-19 00:22:09,amazon Dcvoltage,false
1147462,205-6440237-9785940,AMAZON,B0CBMG2VZN,,WCNCBM2PK+RPR44WH2PK,1,13.89,13.89,2026-04-19 00:54:21,amazon Dcvoltage,false
1147464,202-8562880-9981902,AMAZON,B0CF5K9JQD,,CRSF100BM+PHCHPBRRO+LSCY290RO,1,24.89,20.74,2026-04-19 01:50:44,amazon Ledsone,false
1147475,202-4976194-4385168,AMAZON,B0CFHMTJDJ,,CRSF100BM2PK+PHRNWP1RBM2PK+ICST64E272PK,9,249.21,23.07,2026-04-19 03:09:44,amazon Ledsone,false
1147515,202-7466439-9166736,AMAZON,B0CVDVKW8H,,TSTLRUMRB2PK,1,11.89,9.91,2026-04-19 06:06:01,amazon Ledsone,false
1147516,206-1742836-7896337,AMAZON,B0DTT7FGYZ,,WCVCBS3PK+RPR44WH3PK,1,20.79,20.79,2026-04-19 06:21:57,amazon Dcvoltage,false
1147521,203-8208298-0997100,AMAZON,B0DFHNJLDP,,LSCY290AA+RPR44WH,1,15.89,15.89,2026-04-19 07:16:50,amazon Dcvoltage,false
1147536,202-9793894-0475546,AMAZON,B0B4G9MW42,,CNT900BM,1,8.09,6.74,2026-04-19 08:11:37,amazon Ledsone,false
1147537,203-2934802-9242741,AMAZON,B0DH629QP2,,CL2TGLAPK,1,17.38,18.29,2026-04-19 08:15:43,amazon Dcvoltage,false
1147540,026-0758090-0365908,AMAZON,B0DNJFD3CJ,,PCBSF2MCH,1,5.19,4.32,2026-04-19 08:26:04,amazon Ledsone,false
1147541,202-0752529-0208350,AMAZON,B0DH98J2L2,,CL3TBU5PK,1,8.99,8.99,2026-04-19 08:26:29,amazon Dcvoltage,false
1147542,204-7203948-0225103,AMAZON,B0DH9D1Z8N,,CL3TAG3PK,1,8.99,8.99,2026-04-19 08:28:42,amazon Dcvoltage,false
1147548,204-0581991-2025932,AMAZON,B0CBPBRNSZ,,WCB2BB2PK+RPR44WH2PK,1,15.79,15.79,2026-04-19 08:31:50,amazon Dcvoltage,false
1147553,205-8558666-8277161,AMAZON,B07L8GPT85,,CL3TGY5PK,1,13.49,13.49,2026-04-19 08:39:18,amazon Dcvoltage,false
1147554,202-1074756-8391552,AMAZON,B0BW4M4JYB,,LSLT360BC+RPR44WH,1,12.49,12.49,2026-04-19 08:47:35,amazon Dcvoltage,false
1147566,202-3211326-3439519,AMAZON,B0CKWL49NX,,CL3RBU5PK,1,21.39,11.29,2026-04-19 09:08:24,amazon Dcvoltage,false
1147574,204-7953053-4658701,AMAZON,B0DH66Y9T8,,CL2TBKAPK,1,18.29,18.29,2026-04-19 09:14:39,amazon Dcvoltage,false
1147590,204-9819066-3030745,AMAZON,B0F28YR5JN,,LSCY290NB+RPR44WH,2,31.98,13.32,2026-04-19 09:19:31,amazon Ledsone,false
1147598,204-0970183-5016301,AMAZON,B0CN31XK9H,,WCB6BC3PK+RPR44WH3PK,1,25.18,22.89,2026-04-19 09:36:44,amazon Dcvoltage,false
1147602,203-5020224-3213151,AMAZON,B0GTHT26DV,,LSGL10014CL3PK+RPM40WH3PK,1,22.89,22.89,2026-04-19 09:44:31,amazon Dcvoltage,false
1147603,204-0857781-8142769,AMAZON,B0BP2QFV8Q,,ENC4555,1,29.99,29.99,2026-04-19 09:47:10,amazon Dcvoltage,false
1147605,203-8875778-1140304,AMAZON,B0CNLYYB5P,,WCB3RR+RPR44WH,1,9.89,9.89,2026-04-19 09:49:58,amazon Dcvoltage,false
1147608,206-3193248-5538729,AMAZON,B0B7SH5CPX,,PHSF1BWTSN,1,15.69,13.07,2026-04-19 09:55:55,amazon Ledsone,false
1147618,026-2800746-2025952,AMAZON,B0GTJ1BS3K,,LSGL10014CL2PK+RPM40WH2PK,2,25.78,12.89,2026-04-19 09:59:26,amazon Dcvoltage,false
1147620,204-5404452-1560339,AMAZON,B0FY268HX2,,WCBCFRO2PK+RPR44WH2PK,1,23.89,23.89,2026-04-19 10:00:27,amazon Dcvoltage,false
1147633,205-4883760-9497961,AMAZON,B08TMX99WN,,CRSF100FG+WSNW170FG+LSDM220FG,2,42.47,20.09,2026-04-19 10:21:33,amazon Dcvoltage,false
1147635,203-1176828-2136318,AMAZON,B0FC1YZTFN,,SPSSDBMAPK,1,7.19,5.99,2026-04-19 10:23:31,amazon Ledsone,false
1147642,202-7350981-0003550,AMAZON,B08S42FF38,,ENC788,1,20.19,16.82,2026-04-19 10:31:46,amazon Ledsone,false
1147646,026-7505174-0288359,AMAZON,B0G499B37C,,WCCYSP180WH2PK+RPR44WH2PK,1,24.89,20.74,2026-04-19 10:38:16,amazon Ledsone,false
1147661,202-0698714-9761151,AMAZON,B0CV7K4PZC,,RWGS1342WH,2,10.60,3.59,2026-04-19 10:59:57,amazon Dcvoltage,false
1147668,202-3001075-7001111,AMAZON,B0C4Q6Z7BJ,,ENC4003,1,53.88,44.90,2026-04-19 11:10:04,amazon Ledsone,false
1147669,026-2730519-7402756,AMAZON,B0DP24V286,,12UK3P2A,1,8.69,8.69,2026-04-19 11:10:05,amazon Dcvoltage,false
1147676,203-6288639-1506745,AMAZON,B0CSNH1JKT,,ENC9735,1,30.89,30.89,2026-04-19 11:22:26,amazon Dcvoltage,false
1147677,203-6288639-1506745,AMAZON,B08XNPSWMN,,CRSF100BC+LHNSE27YB+SCRN70BC+LSWD360BC,1,29.89,29.89,2026-04-19 11:22:26,amazon Dcvoltage,false
1147678,203-2909514-4818753,AMAZON,B0F1TNP4JB,,CENU50300WH,1,6.11,3.09,2026-04-19 11:28:18,amazon Dcvoltage,false
1147679,203-9442631-9641940,AMAZON,B0DX6TP9TZ,,CENU36300WH,1,5.77,2.07,2026-04-19 11:22:50,amazon Ledsone,false
1147685,206-2064990-4762727,AMAZON,B0DJBSQXTJ,,HLRK45BM5PK,1,12.58,8.07,2026-04-19 11:33:36,amazon Ledsone,false
1147686,203-8264728-8547510,AMAZON,B0B7KCXV72,,CRFF105GB,1,11.68,7.32,2026-04-19 11:37:38,amazon Ledsone,false
1147690,026-6496773-5769945,AMAZON,B08XWSBPHW,,WCB1BM+RPR44WH,1,10.29,10.29,2026-04-19 11:45:36,amazon Dcvoltage,false
1147696,202-4284674-9842717,AMAZON,B08V8MYCZR,,CRSF100BM+PHSH1PBRBM+LSMS320GR,2,39.78,19.89,2026-04-19 11:45:16,amazon Dcvoltage,false
1147697,202-4284674-9842717,AMAZON,B0CL7KK2HZ,,ENC6494,1,56.89,56.89,2026-04-19 11:45:16,amazon Dcvoltage,false
1147698,206-6744028-2283568,AMAZON,B0F43QD6KT,,CENU36300WH,1,5.49,2.49,2026-04-19 11:52:08,amazon Dcvoltage,false
1147699,205-8012709-6893911,AMAZON,B08P367NNC,,CRSF100SN+LHNSE27SN+LSDM220SN+ICST64E27,1,18.59,18.59,2026-04-19 11:49:56,amazon SRM Amazon,false
1147711,206-6846414-0133125,AMAZON,B0DH9B4NSC,,CL3TIV3PK,1,7.99,7.99,2026-04-19 11:58:45,amazon Dcvoltage,false
1147713,202-7639592-2450707,AMAZON,B08XVT2VKW,,WCB6WH+RPR44WH,1,10.49,10.49,2026-04-19 12:01:22,amazon Dcvoltage,false
1147714,026-1060196-5637950,AMAZON,B0GS9MNQ44,,SPPGUK3PBR4PK,1,15.39,6.41,2026-04-19 12:05:17,amazon Dcvoltage,false
1147722,026-5948115-3532316,AMAZON,B0CB4P4XND,,LSCY290CH+RPR44WH,1,18.29,18.29,2026-04-19 12:26:09,amazon Dcvoltage,false
1147723,206-0160653-4180336,AMAZON,B0FVXQ6C2W,,WCFL180BM2PK+RPR44WH2PK,1,19.89,19.89,2026-04-19 12:27:52,amazon Dcvoltage,false
1147724,205-1940058-0097941,AMAZON,B0CF5K9JQD,,CRSF100BM+PHCHPBRRO+LSCY290RO,1,24.89,20.74,2026-04-19 12:20:12,amazon Ledsone,false
1147728,204-3285822-3113141,AMAZON,B0D2996WRV,,LSCY290SN3PK+RPR44WH3PK,1,42.89,35.74,2026-04-19 12:35:51,amazon Ledsone,false
1147737,202-0649659-6953965,AMAZON,B08XBYXQC6,,CL3TBRAPK,1,19.99,19.99,2026-04-19 12:44:30,amazon Dcvoltage,false
1147738,203-8273751-3728341,AMAZON,B0FZ96SQ2Z,,CRSF1204BM+PHRY2PCRBM4PK,1,35.89,35.89,2026-04-19 12:40:36,amazon SRM Amazon,false
1147745,204-2092592-6905910,AMAZON,B0FZCRB2RS,,LSHM400HE+RPR44WH,1,28.40,29.89,2026-04-19 12:52:39,amazon Dcvoltage,false
1147755,206-8117864-3909913,AMAZON,B07WK7B3L2,,CRSF1202YB,1,9.89,9.89,2026-04-19 13:11:02,amazon Dcvoltage,false
1147760,026-1398717-1648326,AMAZON,B0CV7RDB5B,,RWGS1533WH,1,6.78,3.24,2026-04-19 13:23:35,amazon Ledsone,false
1147762,202-1478580-1081941,AMAZON,B0F1TWK2YM,,LDMA60E274WW3PK,1,6.89,6.89,2026-04-19 13:20:02,amazon Dcvoltage,false
1147763,206-2366173-8299506,AMAZON,B0BNW49WGT,,CRSF100BC+LHNSE27YB+SCRN70BC+LSWD360BC,3,80.67,26.89,2026-04-19 13:23:02,amazon Dcvoltage,false
1147770,206-7645843-8095532,AMAZON,B0D7S3YDZY,,LSMS320WH+RPR44WH,1,14.99,12.49,2026-04-19 13:36:04,amazon Ledsone,false
1147775,203-2633822-0420334,AMAZON,B09HS7Z8WH,,CL2TLB5PK,1,12.19,10.16,2026-04-19 13:42:33,amazon Ledsone,false
1147779,206-7166009-1672307,AMAZON,B0FVXQ6C2W,,WCFL180BM2PK+RPR44WH2PK,1,19.89,19.89,2026-04-19 13:56:18,amazon Dcvoltage,false
1147780,202-3153661-0855543,AMAZON,B0B7KCXV72,,CRFF105GB,1,11.68,7.32,2026-04-19 13:57:48,amazon Ledsone,false
1147787,026-2201952-4687562,AMAZON,B0DH6D3YLY,,CL2TCR5PK,1,14.09,14.09,2026-04-19 14:01:18,amazon Dcvoltage,false
1147788,026-0794460-4905949,AMAZON,B08WLZZC5C,,CRSF100CO+PHMU1PBRCO+LSDM220CO,1,20.99,20.99,2026-04-19 14:06:43,amazon Dcvoltage,false
1147791,202-2019103-1279538,AMAZON,B0F944ZDHX,,CL3TOR3PK,1,6.99,5.82,2026-04-19 14:10:47,amazon Ledsone,false
1147795,205-3770073-4287507,AMAZON,B0D81ZBZPZ,,CO232AGYDPK,1,6.39,2.92,2026-04-19 14:27:18,amazon Ledsone,false
1147808,202-4677488-3709946,AMAZON,B0GTQXH9HR,,LSGL10012AR3PK+RPM40WH3PK,1,21.99,21.99,2026-04-19 14:39:13,amazon Dcvoltage,false
1147809,205-9417807-7746726,AMAZON,B0CL7P5MMQ,,ENC6499,1,52.91,56.89,2026-04-19 14:37:44,amazon Dcvoltage,false
1147810,026-3160249-2155514,AMAZON,B0F28W63FT,,CERU36300GR,2,8.97,2.79,2026-04-19 14:46:48,amazon Dcvoltage,false
1147813,026-3753610-0071500,AMAZON,B0F9X2RK3V,,CL3TBRAPK,1,20.99,17.49,2026-04-19 14:55:50,amazon Ledsone,false
1147822,202-2430561-5723522,AMAZON,B0DGQKC1N1,,LSLT360BC+RPR44WH,1,13.49,11.24,2026-04-19 15:05:42,amazon Ledsone,false
1147823,204-4852051-0176345,AMAZON,B0DBLMHYD8,,CL3RBMAPK,1,25.89,25.89,2026-04-19 15:02:29,amazon Dcvoltage,false
1147824,204-4533956-2940323,AMAZON,B0CTTD21V2,,LSMS320NB+RPR44WH,1,14.99,14.99,2026-04-19 15:09:17,amazon Dcvoltage,false
1147827,204-3609558-3154744,AMAZON,B0FPWZHHHG,,LDCWA60HE2796PK,1,10.13,6.24,2026-04-19 15:10:11,amazon Ledsone,false
1147829,204-7806379-0842705,AMAZON,B0B82XR5Y1,,PHSF1GDRYB,1,13.69,11.41,2026-04-19 15:04:30,amazon Ledsone,false
1147836,204-3641064-3303524,AMAZON,B0CP7CMKTJ,,ENC4113,1,29.89,29.89,2026-04-19 15:23:25,amazon Dcvoltage,false
1147837,205-0205607-5180350,AMAZON,B0GTYDCG9Z,,LDMT185B2246PK,3,53.97,14.99,2026-04-19 15:01:15,amazon Ledsone,false
1147839,204-1182935-6557913,AMAZON,B0G499B37C,,WCCYSP180WH2PK+RPR44WH2PK,1,24.89,20.74,2026-04-19 15:25:31,amazon Ledsone,false
1147840,204-7945382-2615515,AMAZON,B0F28YNDZN,,LSCY290RO+RPR44WH,1,18.29,15.24,2026-04-19 15:28:13,amazon Ledsone,false
1147849,203-9557286-2630705,AMAZON,B0FXGSY978,,PLADBC2PK,1,98.89,98.89,2026-04-19 15:29:28,amazon Dcvoltage,false
1147850,206-5846846-6697143,AMAZON,B09YVLX4MG,,LHCCE27WH4PK,1,18.09,18.09,2026-04-19 15:33:04,amazon Dcvoltage,false
1147851,203-3415271-2199533,AMAZON,B0F7QWMBLY,,CL3TGLAPK,1,19.99,16.66,2026-04-19 15:34:36,amazon Ledsone,false
1147860,026-7858549-3873162,AMAZON,B08MZV99ZT,,CRFF500BM+PHHT1PBRBM3PK+WCDCBM3PK,1,41.89,41.89,2026-04-19 15:43:20,amazon Dcvoltage,false
1147879,204-1456903-9651547,AMAZON,B0DTHKSNFS,,WCB6BM3PK+RPR44WH3PK,1,22.49,22.49,2026-04-19 15:53:43,amazon Dcvoltage,false
1147880,204-6176778-7482715,AMAZON,B0G4QTRN1G,,CRSF100BS+PHHF1PBRBS+LSWD360BS,2,45.78,22.89,2026-04-19 15:57:05,amazon Dcvoltage,false
1147886,203-7297961-5619563,AMAZON,B0D5BFHKBN,,LSMS320GY2PK+RPR44WH2PK,1,27.09,27.09,2026-04-19 16:00:25,amazon Dcvoltage,false
1147887,206-5255128-4256315,AMAZON,B08THLVJKV,,LSCY290BI+RPR44WH,1,15.49,15.49,2026-04-19 16:08:21,amazon Dcvoltage,false
1147891,202-1373521-4730760,AMAZON,B0DH64T3YC,,CL2TIVAPK,1,19.99,19.99,2026-04-19 16:09:44,amazon Dcvoltage,false
1147892,205-3847109-8476322,AMAZON,B0CHW3Q9VG,,CRSF100YB+PHCHPCRYB+LSCY290YB,1,28.89,24.07,2026-04-19 16:12:45,amazon Ledsone,false
1147893,026-8064295-6642757,AMAZON,B079ZVSK6P,,12IP6710,1,7.89,6.57,2026-04-19 16:17:53,amazon Ledsone,false
1147903,202-5779687-1180303,AMAZON,B0B9Y59487,,CL3TBR5PK,1,13.79,11.49,2026-04-19 16:19:46,amazon Ledsone,false
1147904,203-5516949-8385169,AMAZON,B0CG3GTY9C,,WSOSBDBM,1,21.09,17.57,2026-04-19 16:20:35,amazon Ledsone,false
1147908,206-7554259-4569933,AMAZON,B0D7VFSCQD,,SPSDP2WHAPK,1,40.90,34.08,2026-04-19 16:30:28,amazon Ledsone,false
1147909,026-9661385-9680300,AMAZON,B0D7ZRWBS2,,LSCY290BI2PK+RPR44WH2PK,1,24.99,20.82,2026-04-19 16:30:41,amazon Ledsone,false
1147910,204-3161677-7585912,AMAZON,B092DTV4GG,,PHCH1FBRBM+LSCY290BI,1,22.79,18.99,2026-04-19 16:35:24,amazon Ledsone,false
1147917,205-0400372-8126735,AMAZON,B097F5H63F,,LHTRE27RO,1,7.89,6.57,2026-04-19 16:45:44,amazon Ledsone,false
1147918,202-4646990-5491514,AMAZON,B0CHW3Q9VG,,CRSF100YB+PHCHPCRYB+LSCY290YB,1,28.89,24.07,2026-04-19 16:45:27,amazon Ledsone,false
1147933,204-7537495-7085963,AMAZON,B0FN4C3B9T,,PLHCBM+LSDO210BM3PK,1,47.83,39.86,2026-04-19 16:58:48,amazon Ledsone,false
1147934,202-7405648-9281907,AMAZON,B0C3GY929H,,LSDO210GR+RPR44WH,1,11.89,9.91,2026-04-19 17:02:04,amazon Ledsone,false
1147935,026-3184562-3271516,AMAZON,B0CKW1YDTB,,TPHTTF2PBRBM+LSMCSPMSMC,1,29.60,24.67,2026-04-19 16:58:59,amazon Ledsone,false
1147936,204-3354673-8577112,AMAZON,B0GP7M293K,,LHPVHRE27WH3PK,1,8.29,6.91,2026-04-19 17:07:02,amazon Ledsone,false
1147941,205-8522654-3857923,AMAZON,B0FH6JJKV4,,SPSDP2BMY,1,8.78,4.91,2026-04-19 17:10:12,amazon Ledsone,false
1147947,206-6226291-4713122,AMAZON,B0DH9BZVRP,,CL3TBR5PK,1,11.99,11.99,2026-04-19 17:25:40,amazon Dcvoltage,false
1147949,202-9851415-4342735,AMAZON,B0DKNLNC5G,,ENC7794,1,41.89,34.91,2026-04-19 17:19:37,amazon Ledsone,false
1147950,202-8592563-8203546,AMAZON,B0CDLWH4SW,,WLRPE27BM3PK,1,51.59,42.99,2026-04-19 17:20:58,amazon Ledsone,false
1147951,203-0997480-3798708,AMAZON,B09L8HFKRW,,PHSH1HETYB+LSCY290GR,1,21.89,18.24,2026-04-19 17:24:16,amazon Ledsone,false
1147952,202-0830468-8621947,AMAZON,B0DSC67GJ4,,PHSF1PBR20WH+LSWE315BY,1,18.29,15.24,2026-04-19 17:26:17,amazon Ledsone,false
1147962,206-4213035-7439565,AMAZON,B084VPHL47,,CRSF2003CO,1,10.09,8.41,2026-04-19 17:25:40,amazon Ledsone,false
1147963,205-1659942-4766763,AMAZON,B0F9YMV74V,,LSMS320CB+RPR44WH,1,14.99,12.49,2026-04-19 17:36:31,amazon Ledsone,false
1147969,204-4814183-0056339,AMAZON,B08VGPPCY1,,WCDTBM+RPR44WH,1,10.89,10.89,2026-04-19 17:46:08,amazon Dcvoltage,false
1147970,206-4578354-2459553,AMAZON,B0GTHJQKPG,,LSGL10014CL+RPM40WH,2,19.78,9.89,2026-04-19 17:39:45,amazon Dcvoltage,false
1147971,202-2545842-0083561,AMAZON,B0FRLY7RK3,,PSHYOS4BRBM+CBMP140BM+ICST64E27,2,35.78,17.89,2026-04-19 17:42:09,amazon SRM Amazon,false
1147976,206-8578046-8126721,AMAZON,B07FDXJG55,,CCBC36,1,8.89,8.89,2026-04-19 17:56:11,amazon Dcvoltage,false
1147990,206-9467538-8693135,AMAZON,B0C2Q7JW9N,,CRSF100WH+PHRB1PBRWH+CGWDWO+LSWE315WH,3,58.47,16.24,2026-04-19 18:13:19,amazon Ledsone,false
1147991,202-6993911-8469929,AMAZON,B0C6DL1L9X,,CRSF1202BM+PHBK1PBRBA2PK,2,43.28,14.54,2026-04-19 18:02:16,amazon Dcvoltage,false
1147992,202-4773139-8914752,AMAZON,B0GLGGJD2R,,LSGLFP245GR+RPM40WH,1,17.89,17.89,2026-04-19 18:03:45,amazon Dcvoltage,false
1147993,026-4292469-6505907,AMAZON,B0DH6DFDSB,,CL2TGDAPK,1,20.99,20.99,2026-04-19 18:03:52,amazon Dcvoltage,false
1148001,026-8291478-6013949,AMAZON,B0G1TKRMCL,,CKA15STC425WH,1,14.99,12.49,2026-04-19 18:14:11,amazon Ledsone,false
1148002,202-3991898-5754713,AMAZON,B0DX6BP7GV,,CENU46450WH,1,7.18,3.24,2026-04-19 18:18:25,amazon Ledsone,false
1148007,206-1608687-7927543,AMAZON,B07GJTJWN6,,24IP67100,1,18.99,18.99,2026-04-19 18:19:37,amazon Dcvoltage,false
1148008,205-5596743-0763562,AMAZON,B0GLGGJD2R,,LSGLFP245GR+RPM40WH,1,17.89,17.89,2026-04-19 18:25:39,amazon Dcvoltage,false
1148017,204-9655269-8736327,AMAZON,B0B9K32R7K,,CL2THE5PK,1,14.49,12.07,2026-04-19 18:36:08,amazon Ledsone,false
1148019,205-7510983-5105915,AMAZON,B0D7ZTRLBH,,LSCY290BM2PK+RPR44WH2PK,1,27.89,23.24,2026-04-19 18:39:34,amazon Ledsone,false
1148026,203-4862144-8501108,AMAZON,B08P1SB13V,,CRFF500BM+PHHT1PBRBM3PK+WCDCBM3PK,1,41.89,41.89,2026-04-19 18:45:36,amazon Dcvoltage,false
1148031,203-0600884-8965920,AMAZON,B0DJBT1NQ6,,HLRK45BM3PK,1,10.78,6.57,2026-04-19 18:53:23,amazon Ledsone,false
1148035,206-3738063-0292344,AMAZON,B0GTJ5P1KW,,LSGL10014CL5PK+RPM40WH5PK,1,40.89,40.89,2026-04-19 19:00:33,amazon Dcvoltage,false
1148036,026-9332856-1173929,AMAZON,B0C5QKJZ9J,,WCVCBM+RPR44WH,1,10.89,10.89,2026-04-19 19:04:00,amazon Dcvoltage,false
1148037,206-4026771-2178740,AMAZON,B0CL7X2J4P,,ENC5579,1,53.65,57.69,2026-04-19 19:07:52,amazon Dcvoltage,false
1148044,026-6274071-2721923,AMAZON,B0DH96ZNZ4,,CL3TBR3PK,1,8.99,8.99,2026-04-19 19:17:06,amazon Dcvoltage,false
1148045,206-6241953-5425103,AMAZON,B08RYTP5WV,,HRE2738WH2PK,1,3.80,0.91,2026-04-19 19:18:36,amazon SRM Amazon,false
1148048,206-7204048-9735566,AMAZON,B0FRML5GMP,,PLMJBC,2,53.38,22.24,2026-04-19 19:17:43,amazon Ledsone,false
1148059,206-1458043-7159501,AMAZON,B081DVH4LT,,PLHIRR,1,58.89,58.89,2026-04-19 19:17:43,amazon Dcvoltage,false
1148060,205-9282181-7831539,AMAZON,B09643CJ5N,,CRFF500BM+PHCH1BMRBM3PK+LSDO210BG3PK,2,83.78,41.89,2026-04-19 19:19:49,amazon Dcvoltage,false
1148061,026-8150738-2565905,AMAZON,B092DTV4GG,,PHCH1FBRBM+LSCY290BI,2,45.58,18.99,2026-04-19 19:31:15,amazon Ledsone,false
1148066,204-6216435-3518733,AMAZON,B0GP73VLM8,,LHPVHRE27WH,1,4.69,3.91,2026-04-19 19:36:19,amazon Ledsone,false
1148069,204-2403256-1175521,AMAZON,B0D7969XMQ,,WCB6BB2PK+RPR44WH2PK,2,33.18,13.82,2026-04-19 19:44:33,amazon Ledsone,false
1148071,206-7647262-3552320,AMAZON,B0CNQ1MB3F,,LDMG125B228,2,19.98,9.99,2026-04-19 19:43:30,amazon Dcvoltage,false
1148083,205-8613800-9666704,AMAZON,B0CSD48JCX,,FCBSBA5WHAPK,1,10.89,9.07,2026-04-19 19:58:52,amazon Ledsone,false
1148095,204-6399458-8510743,AMAZON,B0FN7GGJYC,,CRSF100SN+LHNSE27SN,1,11.99,11.99,2026-04-19 20:04:30,amazon SRM Amazon,false
1148096,202-7043607-9905934,AMAZON,B0GTHJQKPG,,LSGL10014CL+RPM40WH,1,9.89,9.89,2026-04-19 20:01:42,amazon Dcvoltage,false
1148098,026-7582906-7064317,AMAZON,B0BJ317B7S,,LDMG80E2743PK,1,16.39,13.66,2026-04-19 20:14:52,amazon Ledsone,false
1148100,202-0642133-9051557,AMAZON,B0CGZQV9Y7,,LSMCSPFLMC+RPM40WH,1,24.89,20.74,2026-04-19 20:13:02,amazon Ledsone,false
1148101,202-8946681-9104326,AMAZON,B0DX6TP9TZ,,CENU36300WH,1,5.78,2.07,2026-04-19 20:17:25,amazon Ledsone,false
1148102,205-2543207-0613141,AMAZON,B0GTHJQKPG,,LSGL10014CL+RPM40WH,1,9.89,9.89,2026-04-19 20:19:06,amazon Dcvoltage,false
1148110,202-5138760-3425131,AMAZON,B0G4QPP78F,,PCDO20CH2PK,1,7.24,7.24,2026-04-19 20:35:43,amazon Ledsone,false
1148114,026-0940771-6255501,AMAZON,B0DTTF5GWY,,WCB6WH3PK+RPR44WH3PK,1,22.49,22.49,2026-04-19 20:28:49,amazon Dcvoltage,false
1148120,202-5138760-3425131,AMAZON,B0DJ99BJ95,,PCFT800BA,1,6.41,6.41,2026-04-19 20:35:43,amazon Ledsone,false
1148121,202-5138760-3425131,AMAZON,B0DLWTP2WC,,PCGZ20MX2PK,1,6.49,6.49,2026-04-19 20:35:43,amazon Ledsone,false
1148128,206-3029883-8889961,AMAZON,B09MSJBH7S,,ENC2212,1,39.99,33.32,2026-04-19 20:38:55,amazon Ledsone,false
1148130,202-3332760-6836326,AMAZON,B0BNNTZSBR,,LDMG125B2286PK,1,24.19,20.16,2026-04-19 20:46:30,amazon Ledsone,false
1148139,026-9664522-5225929,AMAZON,B0DV5DF7H5,,ENC8216,1,38.99,32.49,2026-04-19 20:45:11,amazon Ledsone,false
1148140,202-4842626-8453961,AMAZON,B0DBZHMXVT,,ENC7848,1,48.89,40.74,2026-04-19 20:58:01,amazon Ledsone,false
1148141,202-5449629-5607540,AMAZON,B0C9TWTCZ8,,LSCY210BG+RPR44WH,3,37.47,12.49,2026-04-19 20:51:31,amazon Dcvoltage,false
1148143,206-0674667-5133126,AMAZON,B0CNRL871B,,LDMST64E274,2,16.67,6.89,2026-04-19 20:59:06,amazon Dcvoltage,false
1148149,204-2697186-5347522,AMAZON,B0DBLLYMGZ,,CL3RWX5PK,1,11.49,11.49,2026-04-19 21:07:38,amazon Dcvoltage,false
1148150,203-0253652-0918714,AMAZON,B0DR93PSDH,,PSHYOS2BRBM+CBMP140BM+ICST64E27,2,35.78,14.91,2026-04-19 21:08:52,amazon Ledsone,false
1148151,205-8746853-7926726,AMAZON,B0743GYD52,,CO332AORAPK,1,5.58,2.24,2026-04-19 21:03:52,amazon Ledsone,false
1148164,026-4614809-8984339,AMAZON,B0G49DDJ63,,WCCYSP180GD2PK+RPR44WH2PK,1,23.89,19.91,2026-04-19 21:22:07,amazon Ledsone,false
1148169,202-6496019-2995556,AMAZON,B08SQY8HFN,,PLTEBC,1,22.20,18.50,2026-04-19 21:41:19,amazon Ledsone,false
1148170,026-0043177-6921134,AMAZON,B0CXSYCZMR,,RWT6120YE,1,14.19,14.19,2026-04-19 21:33:06,amazon Dcvoltage,false
1148172,206-6504102-8589117,AMAZON,B0D296W5SC,,LSCY290OR3PK+RPR44WH3PK,1,35.99,29.99,2026-04-19 21:51:36,amazon Ledsone,false
1148174,205-7055996-5458747,AMAZON,B0CXSXN4KX,,LSMS320BI2PK+RPR44WH2PK,1,27.09,27.09,2026-04-19 21:58:23,amazon Dcvoltage,false
1148175,026-0785067-7233110,AMAZON,B0CD2G3VX2,,LSMS320GR+RPR44WH,2,29.98,12.49,2026-04-19 22:09:48,amazon Ledsone,false
1148176,205-5038471-5428319,AMAZON,B093H8YG8Z,,LSMS320GY+RPR44WH,2,29.98,12.49,2026-04-19 22:10:34,amazon Ledsone,false
1148177,026-6385750-4731555,AMAZON,B0CPBX28RC,,LSCY290BI+RPR44WH,1,15.89,15.89,2026-04-19 22:11:14,amazon Dcvoltage,false
1148178,205-0305105-5284332,AMAZON,B0CRZ5DS7Q,,LSCY290WH+RPR44WH,1,15.89,15.89,2026-04-19 22:17:19,amazon Dcvoltage,false
1148184,203-1468999-0955557,AMAZON,B0GLYBGWZF,,PLHNBS+ICST64E27,2,32.18,16.09,2026-04-19 22:19:12,amazon Dcvoltage,false
1148185,026-7963984-6341112,AMAZON,B0F946TBSV,,CL3TLG3PK,1,6.99,5.82,2026-04-19 22:29:12,amazon Ledsone,false
1148188,203-1762595-9584364,AMAZON,B0FVXQ6C2W,,WCFL180BM2PK+RPR44WH2PK,1,19.89,19.89,2026-04-19 22:31:46,amazon Dcvoltage,false
1148189,206-4572031-4142742,AMAZON,B0D4YG1QFJ,,LDMG95E2783PK,1,12.19,12.19,2026-04-19 22:41:23,amazon Dcvoltage,false
1148190,026-2140456-6924315,AMAZON,B0B7F18VZT,,CRSF108YB,2,16.67,5.74,2026-04-19 22:38:41,amazon Ledsone,false
1148192,205-0374055-8872369,AMAZON,B094R3M2DC,,PLADBM,1,49.55,41.29,2026-04-19 22:46:06,amazon Ledsone,false
1148193,026-1057805-0077923,AMAZON,B083XMSFQF,,CL2RGL3PK,1,9.28,4.99,2026-04-19 22:52:15,amazon Ledsone,false
1148195,203-8232761-3497145,AMAZON,B0DH6CBWNC,,CL2TBP2PK,1,6.99,6.99,2026-04-19 23:05:07,amazon Dcvoltage,false
1148196,202-6625951-6522762,AMAZON,B0DH4KYFPD,,WCDTBM2PK+RPR44WH2PK,1,18.29,15.24,2026-04-19 23:00:51,amazon Ledsone,false
1148199,202-2203716-5337947,AMAZON,B0FTZGFN4K,,WCFL180BM+RPR44WH,1,13.89,11.57,2026-04-19 23:16:17,amazon Ledsone,false
1148205,204-2194039-1249917,AMAZON,B0D9S3XJ6T,,WLWOCPBM2PK,1,30.89,30.89,2026-04-19 23:48:59,amazon Dcvoltage,false
1148213,206-8307413-7073129,AMAZON,B08B61VPZL,,PLTEBC+ICST64E27,1,18.89,15.74,2026-04-20 00:28:45,amazon Ledsone,false
1148214,206-1670867-6107569,AMAZON,B0DTTF5GWY,,WCB6WH3PK+RPR44WH3PK,1,22.49,22.49,2026-04-20 00:40:06,amazon Dcvoltage,false
1148215,202-8240521-6739516,AMAZON,B0FZCW7KC7,,LSHM300HE+RPR44WH,1,22.99,22.99,2026-04-20 00:46:28,amazon Dcvoltage,false
1148219,203-3931171-2471528,AMAZON,B07CSSJD3X,,CL3RBUAPK,1,19.99,19.99,2026-04-20 01:17:45,amazon Dcvoltage,false
1148220,205-4450495-6309117,AMAZON,B0GDCN4LCW,,LDMT185E2736PK,4,83.96,17.49,2026-04-20 01:19:45,amazon Ledsone,false
1148225,205-8792783-1124338,AMAZON,B0GTQRN1PC,,LSGL10012AR2PK+RPM40WH2PK,1,11.89,11.89,2026-04-20 02:23:25,amazon Dcvoltage,false
1148230,205-5819078-1722713,AMAZON,B09LM5YGPY,,CRFF140YB,1,5.74,5.74,2026-04-20 03:40:12,amazon Ledsone,false
1148244,205-5819078-1722713,AMAZON,B0F9VDWTYX,,CL3RBM3PK,1,5.66,5.66,2026-04-20 03:40:12,amazon Ledsone,false
1148256,206-5536285-5522701,AMAZON,B0CH39MWRF,,WSOSBDBM,1,21.59,21.59,2026-04-20 04:06:51,amazon Dcvoltage,false
1148305,202-9056021-0001149,AMAZON,B0GTJ1BS3K,,LSGL10014CL2PK+RPM40WH2PK,1,12.89,12.89,2026-04-20 04:30:22,amazon Dcvoltage,false
1148334,204-5668359-9597963,AMAZON,B0FTZGFN4K,,WCFL180BM,2,27.78,11.57,2026-04-20 06:13:11,amazon Ledsone,false
1148349,202-8569760-3893901,AMAZON,B0BPHBW9GF,,CGMLWH,1,6.88,3.99,2026-04-20 07:04:27,amazon Dcvoltage,false
1148357,203-4217121-3125939,AMAZON,B0DTHJYV3K,,WCB6BC3PK+RPR44WH3PK,1,22.89,22.89,2026-04-20 07:11:42,amazon Dcvoltage,false
1148358,204-6533667-9806720,AMAZON,B0CR9W5933,,WCFWROCO+RPR44WH,1,11.89,9.91,2026-04-20 07:08:35,amazon Ledsone,false
1148366,205-2301585-2044307,AMAZON,B094DN1XL1,,PLADBC,1,50.86,42.38,2026-04-20 07:41:56,amazon Ledsone,false
1148372,202-3279144-7069130,AMAZON,B0FZ96SQ2Z,,CRSF1204BM+PHRY2PCRBM4PK,1,35.89,29.91,2026-04-20 07:54:56,amazon Ledsone,false
1148376,202-3801403-1311550,AMAZON,B0GTHJQKPG,,LSGL10014CL+RPM40WH,1,9.89,9.89,2026-04-20 08:09:43,amazon Dcvoltage,false
1148377,202-9971796-8380311,AMAZON,B08BZKNC4L,,CBSF295,1,7.49,7.49,2026-04-20 08:09:36,amazon SRM Amazon,false
1148392,026-3530303-6636325,AMAZON,B0BTTJ33WD,,ENC4394,2,63.04,33.89,2026-04-20 08:16:40,amazon Dcvoltage,false
1148402,026-9931634-1289161,AMAZON,B09JSST32V,,ENC2002,1,73.46,65.82,2026-04-20 08:16:40,amazon Ledsone,false
1148403,203-9052474-1204358,AMAZON,B09M79BH75,,CRSF100CY+PHCH1PBRCY+LSCY290CY,1,22.89,19.07,2026-04-20 08:30:33,amazon Ledsone,false
1148409,206-5505597-4827565,AMAZON,B0DCKWL469,,STFG4845WH,1,6.38,2.91,2026-04-20 08:30:41,amazon Ledsone,false
1148415,205-0104673-4215575,AMAZON,B0DH5Z9D5K,,CL2TGY3PK,1,7.99,7.99,2026-04-20 08:41:11,amazon Dcvoltage,false
1148416,205-7412062-3992300,AMAZON,B08V5MK449,,CRSF100BM+PHHT1PBRBM+LSCY290BM,1,21.89,21.89,2026-04-20 08:47:02,amazon Dcvoltage,false
1148422,026-6077871-3265903,AMAZON,B0DH8Z9PXS,,CL3TYH5PK,1,11.99,11.99,2026-04-20 08:49:36,amazon Dcvoltage,false
1148425,203-4308060-4920349,AMAZON,B0GL6XJTVZ,,ENC9164,1,20.89,17.41,2026-04-20 08:52:50,amazon Ledsone,false
1148433,203-6167673-2564330,AMAZON,B0C6KFDSSL,,WCWYBM,1,9.49,7.91,2026-04-19 09:14:18,amazon Ledsone,false
1148434,205-6400443-2466709,AMAZON,B0DCKWL469,,STFG4845WH,1,4.88,1.66,2026-04-20 08:58:21,amazon Ledsone,false
1148438,026-1137750-4607531,AMAZON,B0FTL8FBDR,,TSST349131GRHPK,1,72.98,60.82,2026-04-20 09:03:48,amazon Ledsone,false
1148442,202-4116176-3621103,AMAZON,B0GTHJQKPG,,LSGL10014CL+RPM40WH,1,9.89,9.89,2026-04-20 09:15:40,amazon Dcvoltage,false
1148448,203-4826233-6776308,AMAZON,B0DX6TP9TZ,,CENU36300WH,1,5.78,2.07,2026-04-20 09:27:18,amazon Ledsone,false
1148449,203-7172161-4898746,AMAZON,B0CM2RZNHV,,WCDTGD+RPR44WH,1,12.69,12.69,2026-04-20 09:27:31,amazon Dcvoltage,false
1148453,206-0353414-3931566,AMAZON,B0F24FJM23,,WCWYBM,1,10.89,10.89,2026-04-20 09:42:13,amazon Dcvoltage,false
1148459,202-5924422-3628322,AMAZON,B0CVH4KSZV,,CENU50300WH,1,5.38,2.07,2026-04-20 09:50:35,amazon Ledsone,false
1148467,202-8818022-2196315,AMAZON,B0CJ4Q2DF3,,LSMCSPFLMC+RPM40WH,1,25.89,25.89,2026-04-20 09:59:24,amazon Dcvoltage,false
1148473,026-2643247-1054702,AMAZON,B0CS6QWT5C,,FCBRBA5LGGPK,1,12.89,10.74,2026-04-20 10:12:51,amazon Ledsone,false
1148480,204-1047600-5333965,AMAZON,B0C2KV6F4Y,,LSCP150OR+RPR44WH,2,23.78,9.91,2026-04-20 10:25:25,amazon Ledsone,false
1148485,026-8611868-7158701,AMAZON,B0CVLB3HDN,,RWT460YE,1,13.19,13.19,2026-04-20 10:35:11,amazon Dcvoltage,false
1148505,202-6628368-7525168,AMAZON,B0F6NGRC7R,,CGROYB5PK,1,4.18,1.89,2026-04-20 11:10:54,amazon SRM Amazon,false
1148506,202-6832411-1845949,AMAZON,B08KGF2ZG7,,CL3RHE5PK,1,15.79,15.79,2026-04-20 11:10:54,amazon Dcvoltage,false
1148507,203-9827174-8396345,AMAZON,B0B9Y5MRSK,,CL3TGD5PK,1,13.19,10.99,2026-04-20 11:13:59,amazon Ledsone,false
1148514,026-0459909-3439523,AMAZON,B07Q8KKJJS,,24IP6780,1,17.15,17.15,2026-04-20 11:29:20,amazon Dcvoltage,false
1148516,202-9193575-4987566,AMAZON,B09479HV6W,,LDMG95E2783PK,1,17.89,14.91,2026-04-20 11:24:28,amazon Ledsone,false
1148523,026-6362948-4837905,AMAZON,B0B8P9BKXB,,LDMG125E278,4,43.56,9.07,2026-04-20 11:29:49,amazon Ledsone,false
1148525,205-9550308-3874732,AMAZON,B0CNZ7D55V,,CL3RIVAPK,1,19.99,19.99,2026-04-20 11:32:42,amazon Dcvoltage,false
1148532,026-7506426-2963522,AMAZON,B0CNJX1DV8,,WCB7WH+RPR44WH,1,9.89,9.89,2026-04-20 11:40:48,amazon Dcvoltage,false
1148544,204-5435387-6857119,AMAZON,B08D9L12M8,,LHSHE27SN,1,8.79,8.79,2026-04-20 12:16:06,amazon Dcvoltage,false
1148545,026-2725659-4532356,AMAZON,B07LFDY4D3,,CL3TBM5PK,1,13.89,13.89,2026-04-20 12:18:24,amazon Dcvoltage,false
1148547,026-1286284-3581951,AMAZON,B08462DT5R,,LDMG80B224,1,6.19,5.16,2026-04-20 12:21:07,amazon Ledsone,false
1148548,026-3917612-6574764,AMAZON,B096MS8B5P,,CRSF100RE+PHRB1PWRPW+LSWE315RE+ICST64E27,1,27.89,27.89,2026-04-20 12:19:22,amazon Dcvoltage,false
1148549,204-8771162-2921101,AMAZON,B0CV7K3P22,,RWGS1533WH,1,3.89,3.89,2026-04-20 12:27:25,amazon Dcvoltage,false
1148550,204-8771162-2921101,AMAZON,B0CV7K4PZC,,RWGS1342WH,1,3.59,3.59,2026-04-20 12:27:25,amazon Dcvoltage,false
1148555,206-3659189-1225143,AMAZON,B08T24KWJS,,CRSF2003BM+WCSC1BM3PK,1,41.89,41.89,2026-04-20 12:38:57,amazon Dcvoltage,false
1148558,204-9755329-3502712,AMAZON,B0F2FYS1WB,,RWT570YE,1,12.29,10.24,2026-04-20 11:50:56,amazon Ledsone,false
1148560,203-0323357-8657919,AMAZON,B0G2WT585Z,,PCBSF2MCH3PK,1,11.49,11.49,2026-04-20 12:36:07,amazon Ledsone,false
1148561,203-0323357-8657919,AMAZON,B0DXPT84N7,,WCPC210GY,3,64.71,21.57,2026-04-20 12:36:07,amazon Ledsone,false
1148569,203-1619329-8969900,AMAZON,B0FC1YZTFN,,SPSSDBMAPK,1,7.19,5.99,2026-04-20 12:41:49,amazon Ledsone,false
1148570,202-8079201-7491544,AMAZON,B0GR8KX976,,SPPGUK3PBR2PK,1,6.87,3.32,2026-04-20 12:42:25,amazon Ledsone,false
1148573,204-3883717-5721967,AMAZON,B0CQR15PPF,,CL2TCR,1,6.38,3.09,2026-04-20 12:44:48,amazon Dcvoltage,false
1148575,026-5927542-1129140,AMAZON,B0GTJ1BS3K,,LSGL10014CL2PK+RPM40WH2PK,1,13.89,13.89,2026-04-20 12:50:39,amazon Dcvoltage,false
1148576,203-3580305-5181904,AMAZON,B08VGMWPRZ,,WCDTWH+RPR44WH,1,11.89,11.89,2026-04-20 12:55:31,amazon Dcvoltage,false
1148577,204-5935643-9814723,AMAZON,B0FS18S9TT,,TSSTYF8025LB,2,77.78,38.89,2026-04-20 12:57:15,amazon Dcvoltage,false
1148588,202-6969633-4558733,AMAZON,B0DFHM3D4X,,LSCY290CO+RPR44WH,1,18.89,18.89,2026-04-20 13:01:07,amazon Dcvoltage,false
1148590,202-6218680-4123564,AMAZON,B0F443WZWC,,CENU19150WH2PK,30,86.70,2.89,2026-04-20 13:04:47,amazon Dcvoltage,false
1148591,202-6218680-4123564,AMAZON,B0F4432H4K,,CENU19150BM2PK,30,86.70,2.89,2026-04-20 13:04:47,amazon Dcvoltage,false
1148598,202-3582051-8550717,AMAZON,B0CNJX1DV8,,WCB7WH+RPR44WH,1,9.89,9.89,2026-04-20 13:12:59,amazon Dcvoltage,false
1148599,206-9100754-1740365,AMAZON,B0CTC7XPNX,,CRSF100BM+LHNSE27YB+SCRN70BM+LSFT220BG,1,18.89,18.89,2026-04-20 13:13:28,amazon Dcvoltage,false
1148600,204-2739553-0794718,AMAZON,B0CV7K4PZC,,RWGS1342WH,1,6.75,3.59,2026-04-20 13:17:43,amazon Dcvoltage,false
1148605,026-0867390-2348351,AMAZON,B0DCDSZ719,,LDSG95DIE2743PK,1,23.89,19.91,2026-04-20 13:27:22,amazon Ledsone,false
1148606,206-8585663-9989130,AMAZON,B0DBWL4YQ5,,CL2RAGAPK,1,15.99,15.99,2026-04-20 13:24:16,amazon Dcvoltage,false
1148618,204-1287438-0735558,AMAZON,B0B9Y5MRSK,,CL3TGD5PK,1,13.19,10.99,2026-04-20 13:42:23,amazon Ledsone,false
1148619,202-7122095-8049910,AMAZON,B0D2948DVC,,LSCY290BU+RPR44WH,1,15.89,13.24,2026-04-20 13:47:34,amazon Ledsone,false
1148621,203-8627745-7097952,AMAZON,B097YT2RBT,,CRSF2003RR+PHNW1RRR3PK,2,47.78,19.91,2026-04-20 13:51:45,amazon Ledsone,false
1148622,026-6547620-9389169,AMAZON,B07B2WVRJ5,,12IP6715,1,9.88,5.82,2026-04-20 13:53:37,amazon Ledsone,false
1148629,204-7185946-6373122,AMAZON,B0DMSY7KXL,,CO232AGY2PK,1,2.89,2.89,2026-04-20 14:02:41,amazon Dcvoltage,false
1148630,203-5599604-4864314,AMAZON,B0GDDXB14R,,LDMT185E2732PK,1,10.99,9.16,2026-04-20 14:11:35,amazon Ledsone,false
1148637,026-4959288-8769943,AMAZON,B0GMGKCYZ9,,LSTM320GR+RPR44WH,1,15.29,12.74,2026-04-20 14:28:39,amazon Ledsone,false
1148652,203-4597735-5775550,AMAZON,B0CG8MKK56,,LSCY290OR+RPR44WH,1,16.09,13.41,2026-04-20 14:47:44,amazon Ledsone,false
1148658,026-8626201-1201913,AMAZON,B0BW4H8KGV,,PLBXRR+PLWP120RR+LSUL220RR,2,44.38,18.49,2026-04-20 14:56:13,amazon Ledsone,false
1148663,205-9417541-7157120,AMAZON,B0GP7M293K,,LHPVHRE27WH3PK,1,8.29,6.91,2026-04-20 15:07:48,amazon Ledsone,false
1148673,026-3309634-2376345,AMAZON,B0DMT7HVKN,,PCFT90LBM5PK,1,11.08,6.82,2026-04-20 15:16:49,amazon Ledsone,false
1148681,026-9145321-4062755,AMAZON,B0DH96ZNZ4,,CL3TBR3PK,1,8.99,8.99,2026-04-20 15:28:44,amazon Dcvoltage,false
1148703,026-7913230-7353900,AMAZON,B08Z7T5CB8,,PHUH2HETBM+LSHM400HE,1,49.89,49.89,2026-04-20 15:47:21,amazon Dcvoltage,false
1148709,203-6178962-8562765,AMAZON,B07S7RFB51,,CRFF108GB,1,6.89,6.89,2026-04-20 15:51:55,amazon Dcvoltage,false
1148710,202-0520687-0014722,AMAZON,B0DPM9QV89,,LHCTOYB,8,79.12,8.24,2026-04-20 15:53:04,amazon Ledsone,false
1148711,202-1502451-6425146,AMAZON,B083TZC6WR,,CRFF500BM+PHHRE1HETHE3PK,1,23.89,19.91,2026-04-20 15:54:24,amazon Ledsone,false
1148719,203-3747211-3773135,AMAZON,B0DH4KYFPD,,WCDTBM2PK+RPR44WH2PK,1,18.29,15.24,2026-04-20 16:10:16,amazon Ledsone,false
1148731,205-2562596-8431538,AMAZON,B093WZG38Q,,HLHG120CH,1,2.59,2.59,2026-04-20 16:21:02,amazon Dcvoltage,false
1148732,026-6780669-8807550,AMAZON,B0F9WX3HMD,,LSFT220GR+RPR44WH,1,11.99,9.99,2026-04-20 16:20:09,amazon Ledsone,false
1148733,202-2376219-4743560,AMAZON,B094VJWCF5,,PLADBC,1,50.89,42.41,2026-04-20 16:24:53,amazon Ledsone,false
1148735,206-2102842-6346761,AMAZON,B07CR174H2,,CL3TGR5PK,1,11.89,9.91,2026-04-20 16:27:04,amazon Ledsone,false
1148738,026-4414323-3704309,AMAZON,B07GJPMHCT,,24IP6750,1,15.00,15.00,2026-04-20 16:34:28,amazon Dcvoltage,false
1148739,204-3729246-7357927,AMAZON,B0DF25WKJB,,LHC5E27WH5PK,1,16.78,13.98,2026-04-20 16:31:31,amazon Ledsone,false
1148740,026-2772977-9194747,AMAZON,B0FPWYRDQT,,LDCWA55B2256PK,1,10.33,6.41,2026-04-20 16:32:07,amazon Ledsone,false
1148741,206-4627038-6398739,AMAZON,B0BWYRD8SS,,CRSF100GS+WSWH135BM+LSHQ150PI,1,19.79,16.49,2026-04-20 16:34:12,amazon Ledsone,false
1148742,205-3743722-3269129,AMAZON,B01B1J1YL2,,12IP6720,1,9.89,8.24,2026-04-20 16:37:05,amazon Ledsone,false
1148744,202-2293632-6445951,AMAZON,B0DH8Z6FM1,,CL3TBKAPK,1,20.99,20.99,2026-04-20 16:43:28,amazon Dcvoltage,false
1148749,202-9833812-3998768,AMAZON,B0GR8KX976,,SPPGUK3PBR2PK,2,10.85,3.32,2026-04-20 16:51:30,amazon Ledsone,false
1148767,202-7339755-4068346,AMAZON,B0D28S9Q4S,,LSCY290BG+RPR44WH,1,18.29,15.24,2026-04-20 17:12:05,amazon Ledsone,false
1148770,026-1510716-4596341,AMAZON,B0GR8KX976,,SPPGUK3PBR2PK,1,6.87,3.32,2026-04-20 17:23:54,amazon Ledsone,false
1148779,206-8309428-4468325,AMAZON,B0DH4KYFPD,,WCDTBM2PK+RPR44WH2PK,1,18.29,15.24,2026-04-20 17:29:05,amazon Ledsone,false
1148784,205-6609364-9729127,AMAZON,B0DXQ53JQF,,LSCY290CH2PK+RPR44WH2PK,1,27.89,23.24,2026-04-20 17:43:46,amazon Ledsone,false
1148785,026-5588035-7309949,AMAZON,B0C43MJXYS,,WCDTGR+RPR44WH,1,9.89,8.24,2026-04-20 17:43:27,amazon Ledsone,false
1148793,203-2335680-7721116,AMAZON,B0GW7T9WPD,,CRSF1202WH,1,9.58,5.57,2026-04-20 17:58:25,amazon Ledsone,false
1148797,204-0874385-0720327,AMAZON,B0743GYD52,,CO332AORAPK,1,5.58,2.24,2026-04-20 18:00:15,amazon Ledsone,false
1148799,026-1664900-4973124,AMAZON,B0BNW1NWB9,,ENC784,1,31.49,31.49,2026-04-20 18:08:46,amazon Dcvoltage,false
1148809,202-6204483-2140328,AMAZON,B08V5MK449,,CRSF100BM+PHHT1PBRBM+LSCY290BM,1,21.89,21.89,2026-04-20 18:12:22,amazon Dcvoltage,false
1148810,206-4179527-0837103,AMAZON,B0C9X1WW8H,,LSDO210BC+RPR44WH,1,11.89,11.89,2026-04-20 18:17:02,amazon Dcvoltage,false
1148829,202-7026023-2205954,AMAZON,B0F5BJQZ4X,,PLTERR+WCWYBM+ICST64E27,1,21.89,18.24,2026-04-20 18:30:39,amazon Ledsone,false
1148830,206-3273545-7397962,AMAZON,B0CMCP8X1X,,CRFF500CH+WCCY1ROCH3PK,1,52.99,44.16,2026-04-20 18:30:22,amazon Ledsone,false
1148832,202-1679649-1158769,AMAZON,B0DH4LFC25,,WCDCBM3PK+RPR44WH3PK,1,24.39,20.32,2026-04-20 18:35:13,amazon Ledsone,false
1148833,202-5132232-5055514,AMAZON,B0FVM9XG95,,CERU72450RE,1,10.78,6.57,2026-04-20 18:35:01,amazon Ledsone,false
1148834,202-1733447-7972364,AMAZON,B0B9Y5MRSK,,CL3TGD5PK,1,13.19,10.99,2026-04-20 18:37:32,amazon Ledsone,false
1148841,205-2862954-0850709,AMAZON,B0CV5HMZM3,,CRFF108CH2PK+HK10CH2PK,1,13.99,11.66,2026-04-20 18:40:09,amazon Ledsone,false
1148843,202-9956198-2711503,AMAZON,B0D7W4827V,,LSCP150BL2PK+RPR44WH2PK,2,42.28,17.62,2026-04-20 18:48:41,amazon Ledsone,false
1148847,205-6209998-7249900,AMAZON,B0D6VLY3CD,,ENC7386,1,42.89,42.89,2026-04-20 19:08:17,amazon Dcvoltage,false
1148849,203-5014244-0609131,AMAZON,B0DXQ91XHT,,LSCY290RR2PK+RPR44WH2PK,1,25.89,21.57,2026-04-20 18:56:45,amazon Ledsone,false
1148851,206-2703184-5885139,AMAZON,B07SBVWV79,,CRSF2003CH,1,11.89,11.89,2026-04-20 19:03:57,amazon Dcvoltage,false
1148852,206-2703184-5885139,AMAZON,B07SBVXTP1,,CRSF2003GB,1,12.89,12.89,2026-04-20 19:03:57,amazon Dcvoltage,false
1148853,203-5154245-2578708,AMAZON,B0DXPJYP73,,LSDO210RR2PK+RPR44WH2PK,1,17.89,14.91,2026-04-20 18:56:45,amazon Ledsone,false
1148855,026-9397585-5523540,AMAZON,B0D793XNFS,,WCB6BS2PK+RPR44WH2PK,2,39.78,16.57,2026-04-20 19:07:05,amazon Ledsone,false
1148862,205-9869720-0709957,AMAZON,B0DQTF5T69,,LHTTAGU10WH+LDGU10WW5,2,21.78,9.07,2026-04-20 19:15:30,amazon Ledsone,false
1148870,206-9199517-9485934,AMAZON,B0DH9H7ZCM,,CL3TGL3PK,1,8.99,8.99,2026-04-20 19:23:42,amazon Dcvoltage,false
1148872,203-6976699-1163520,AMAZON,B0CKSV67CC,,CRFF75GB,1,9.48,5.49,2026-04-20 19:28:35,amazon Ledsone,false
1148879,205-5507337-2346752,AMAZON,B0946XHZF3,,CRSF100CO+PHMU1PBRCO+LSDO210BC,2,37.20,15.50,2026-04-20 19:30:48,amazon Ledsone,false
1148893,202-6928022-1598709,AMAZON,B0DX784TX6,,CERU80300BM,3,20.86,4.99,2026-04-20 19:57:54,amazon Ledsone,false
1148894,205-7816164-3852328,AMAZON,B0G39TDFLX,,LSCG185AR+SCRN70FG,1,18.59,15.49,2026-04-20 19:44:25,amazon Ledsone,false
1148898,202-0074510-8031552,AMAZON,B0D73JHB8R,,LDST185B224,2,12.79,6.39,2026-04-20 19:59:53,amazon Dcvoltage,false
1148902,205-4587478-5488304,AMAZON,B09479HV6W,,LDMG95E2783PK,1,17.89,14.91,2026-04-20 20:16:42,amazon Ledsone,false
1148907,206-3256462-0339551,AMAZON,B0B9Y5MRSK,,CL3TGD5PK,1,13.19,10.99,2026-04-20 20:20:32,amazon Ledsone,false
1148915,205-5258673-9839554,AMAZON,B0CQT6KV3H,,LSDO210GY+RPR44WH,2,23.78,11.89,2026-04-20 20:29:47,amazon Dcvoltage,false
1148916,205-8100524-6549967,AMAZON,B0BWYFBZDV,,LSDO400GY+RPR44WH,2,41.78,20.89,2026-04-20 20:29:47,amazon Dcvoltage,false
1148917,206-7648271-0661942,AMAZON,B0F1CZF38F,,RWWPSY0840YE,1,4.88,1.99,2026-04-20 20:35:24,amazon Dcvoltage,false
1148918,204-4280135-2054716,AMAZON,B092DTV4GG,,PHCH1FBRBM+LSCY290BI,2,45.58,18.99,2026-04-20 20:25:41,amazon Ledsone,false
1148921,203-0847959-5571527,AMAZON,B0D9SCP8YH,,CRSF2003FG2PK,1,10.74,8.95,2026-04-20 20:39:41,amazon Ledsone,false
1148925,026-8816111-4364317,AMAZON,B0CJCDZWRB,,LSSS300SN2PK+RPR44WH2PK,1,25.79,25.79,2026-04-20 20:40:45,amazon Dcvoltage,false
1148926,206-7456449-8026746,AMAZON,B0C6DHY4L5,,CRSF1206BM+PHBK1PBRBA6PK,1,60.89,60.89,2026-04-20 20:43:57,amazon Dcvoltage,false
1148927,202-2077498-4320320,AMAZON,B0B7SH5CPX,,PHSF1BWTSN,1,15.69,13.07,2026-04-20 20:40:53,amazon Ledsone,false
1148928,204-6399055-1975506,AMAZON,B08KJJWJKK,,WCFSDCBM,1,36.99,30.82,2026-04-20 20:38:00,amazon Ledsone,false
1148932,202-8407161-1653169,AMAZON,B0DCJWRRPD,,SPSDP3BM2PK,1,7.09,5.91,2026-04-20 20:54:08,amazon Ledsone,false
1148933,202-7849581-3417120,AMAZON,B09JSC7S18,,LDSG125LOE274,2,23.98,11.99,2026-04-20 20:53:53,amazon Dcvoltage,false
1148937,202-2007792-8125169,AMAZON,B0FTZGFN4K,,WCFL180BM+RPR44WH,1,18.89,11.57,2026-04-20 21:03:44,amazon Ledsone,false
1148938,206-5421611-1589108,AMAZON,B0GTHJQKPG,,LSGL10014CL+RPM40WH,1,10.89,10.89,2026-04-20 21:04:40,amazon Dcvoltage,false
1148946,026-7161009-7284305,AMAZON,B0D73KRWF7,,LDMT185B2245PK,1,16.89,16.89,2026-04-20 21:18:57,amazon Dcvoltage,false
1148947,206-8655034-2979522,AMAZON,B08W9WF8V3,,CRSF100BM+PHUP1PBRBM+LSHI410HE,1,24.89,24.89,2026-04-20 21:13:03,amazon Dcvoltage,false
1148953,206-9122623-1267564,AMAZON,B0BSFX2X14,,ENC4261,1,29.89,29.89,2026-04-20 21:24:19,amazon Dcvoltage,false
1148954,204-4842282-1443559,AMAZON,B0GTJ1BS3K,,LSGL10014CL2PK+RPM40WH2PK,1,13.89,13.89,2026-04-20 21:26:23,amazon Dcvoltage,false
1148956,206-6241228-5805160,AMAZON,B0G57TF1GT,,CRFF500BM+PHNW1RBM3PK,1,23.89,19.91,2026-04-20 21:30:32,amazon Ledsone,false
1148957,206-2086136-4286766,AMAZON,B0DP2VNVVF,,CRSF100SN+PHCHPCRSN+LSCY290SN,2,49.78,20.74,2026-04-20 21:24:15,amazon Ledsone,false
1148966,202-8272565-3887565,AMAZON,B0FVXMYKCV,,WCIR300BM2PK+RPR44WH2PK,1,25.29,25.29,2026-04-20 21:29:29,amazon Dcvoltage,false
1148968,026-1670824-4461146,AMAZON,B0CRZ53C55,,LSCY290BL+RPR44WH,1,15.89,15.89,2026-04-20 21:34:20,amazon Dcvoltage,false
1148970,205-7601510-0734720,AMAZON,B08V5RPGD1,,CRSF100BC+PHCH1PBRBC+LSCY290BC,1,21.89,21.89,2026-04-20 21:41:57,amazon Dcvoltage,false
1148971,026-5327820-5858701,AMAZON,B0DTK5VKY3,,WCB2BM3PK+RPR44WH3PK,1,21.79,21.79,2026-04-20 21:42:47,amazon Dcvoltage,false
1148972,203-1269205-8893933,AMAZON,B0DP2SCC3K,,CRSF100CH+PHCHPCRCH+LSCY290CH,3,74.67,20.74,2026-04-20 21:39:16,amazon Ledsone,false
1148978,202-1448474-7787546,AMAZON,B0CZ9D1VCL,,LSDO210GR2PK+RPR44WH2PK,1,20.49,20.49,2026-04-20 21:46:23,amazon Dcvoltage,false
1148979,205-0101000-6900353,AMAZON,B094DN1XL1,,PLADBC,1,50.86,42.38,2026-04-20 21:49:57,amazon Ledsone,false
1148980,206-2097448-8752354,AMAZON,B0B8P9BKXB,,LDMG125E278,1,10.89,9.07,2026-04-20 21:56:17,amazon Ledsone,false
1148991,203-2077847-0169964,AMAZON,B07CR174H2,,CL3TGR5PK,1,11.89,9.91,2026-04-20 22:10:00,amazon Ledsone,false
1148999,203-1682462-0685142,AMAZON,B09LVDR4TQ,,PHCT1BMRBM+PHDO1PBRBM+LSCY290GB,1,25.69,21.41,2026-04-20 22:20:18,amazon Ledsone,false
1149001,204-7644395-1437964,AMAZON,B0F1N8Y38S,,CL3RYT5PK,1,10.99,9.16,2026-04-20 22:31:40,amazon Ledsone,false
1149006,205-8798621-2361906,AMAZON,B0D98G3HPS,,LSLT360BU2PK+RPR44WH2PK,1,20.74,20.74,2026-04-20 22:36:20,amazon Ledsone,false
1149007,205-8798621-2361906,AMAZON,B0DBTX2GLJ,,LSLT360GR2PK+RPR44WH2PK,1,18.32,18.32,2026-04-20 22:36:20,amazon Ledsone,false
1149011,205-1122964-8025965,AMAZON,B0DGQKC1N1,,LSLT360BC+RPR44WH,1,13.49,11.24,2026-04-20 22:36:20,amazon Ledsone,false
1149019,204-3061615-7442766,AMAZON,B08X9H66Y3,,PSDS2BMRRO,1,11.99,11.99,2026-04-20 22:55:38,amazon Dcvoltage,false
1149023,204-8213429-9945147,AMAZON,B0FX3Y432N,,CRSF100BM+LHHTE27BM+WCCYSP180BM,2,39.98,16.66,2026-04-20 23:07:19,amazon Ledsone,false
1149024,203-7033966-8988311,AMAZON,B0F48KSRDK,,RWWPSY0680YE,1,5.89,5.89,2026-04-20 23:11:44,amazon Dcvoltage,false
1149025,203-7033966-8988311,AMAZON,B0D8L3Z3P7,,RWWPSY0640YE,1,6.89,6.89,2026-04-20 23:11:44,amazon Dcvoltage,false
1149036,204-1698746-0761132,AMAZON,B0CRYQVNRZ,,WJCUNKMWH2PK,1,19.89,19.89,2026-04-20 23:35:40,amazon Dcvoltage,false
1149037,205-7237601-7705963,AMAZON,B0CTTH54MH,,CKCP30305,1,12.79,10.66,2026-04-20 23:35:46,amazon Ledsone,false
1149039,206-3738052-8809112,AMAZON,B0D5BFHKBN,,LSMS320GY2PK+RPR44WH2PK,1,27.09,27.09,2026-04-20 23:43:53,amazon Dcvoltage,false
1149041,203-6481242-8919554,AMAZON,B0GTYJBGDD,,LDST185E2746PK,1,18.99,15.82,2026-04-20 23:50:58,amazon Ledsone,false
1149047,203-7237216-6742703,AMAZON,B0C3ZT8HVF,,LSCY290BI+RPR44WH,1,15.89,13.24,2026-04-21 01:17:18,amazon Ledsone,false
1149097,204-6596404-5171532,AMAZON,B0CN35JTS9,,WCB7BM2PK+RPR44WH2PK,1,16.89,16.89,2026-04-21 05:46:32,amazon Dcvoltage,false
1149098,202-7866137-9309912,AMAZON,B0FXMJMZ1G,,CKAT1214BM,1,22.89,22.89,2026-04-21 05:48:56,amazon Dcvoltage,false
1149107,206-7869249-4793103,AMAZON,B0DRP87NC8,,LHSHE27GB2PK,1,10.89,10.89,2026-04-21 06:11:44,amazon SRM Amazon,false
1149109,202-9231472-1519528,AMAZON,B0D6GDQP8G,,CRSF100BC+PHNW1RBC+ICST64E27,2,33.78,14.07,2026-04-21 06:26:00,amazon Ledsone,false
1149111,202-1488496-4009960,AMAZON,B0CV7RDB5B,,RWGS1533WH,1,6.78,3.24,2026-04-21 06:31:39,amazon Ledsone,false
1149125,205-6902053-0954741,AMAZON,B0D83MBJW1,,WCDTGD3PK+RPR44WH3PK,1,24.89,24.89,2026-04-21 07:06:50,amazon Dcvoltage,false
1149147,026-0871454-0367530,AMAZON,B0B7KCXV72,,CRFF105GB,1,11.68,7.32,2026-04-21 07:35:41,amazon Ledsone,false
1149148,203-7449176-8663521,AMAZON,B0D2977G11,,LSCY290YB3PK+RPR44WH3PK,1,40.51,33.76,2026-04-21 07:48:04,amazon Ledsone,false
1149153,204-6930639-4294754,AMAZON,B0DH66YG3M,,CL2TROAPK,1,20.58,18.29,2026-04-21 07:50:39,amazon Dcvoltage,false
1149154,205-8549178-0773132,AMAZON,B0GTQRN1PC,,LSGL10012AR2PK+RPM40WH2PK,1,11.89,11.89,2026-04-21 07:51:11,amazon Dcvoltage,false
1149167,026-4365297-9916314,AMAZON,B0CSNHB4KG,,ENC8625,1,29.89,29.89,2026-04-21 08:14:15,amazon Dcvoltage,false
1149169,206-8247767-7769926,AMAZON,B0F1NC3HDF,,CL3TSIAPK,1,21.89,18.24,2026-04-21 08:19:10,amazon Ledsone,false
1149175,206-4369589-4822706,AMAZON,B094DC2GNJ,,CRFF500BM+PHMU1PBRCO3PK+LSDM220CO3PK,1,37.89,31.57,2026-04-21 08:26:14,amazon Ledsone,false
1149179,026-5395520-0865140,AMAZON,B0D3LY29Z9,,CSBEB6LG+CSBEB6PI,1,9.69,8.07,2026-04-21 08:30:01,amazon Ledsone,false
1149181,202-6506569-1926755,AMAZON,B08XWFCLFB,,WCB2BM+RPR44WH,2,18.82,9.41,2026-04-21 08:38:13,amazon Dcvoltage,false
1149190,206-3787307-6726718,AMAZON,B0FH9MJR4X,,CRFF140CH+PHAH2RCHBW+SPSDP2SN,1,15.29,12.74,2026-04-21 08:45:33,amazon Ledsone,false
1149199,203-4197725-4112305,AMAZON,B08S7G6YWN,,ENC809,1,76.89,76.89,2026-04-21 08:49:43,amazon SRM Amazon,false
1149211,203-8662419-6247563,AMAZON,B0BWYGKPXF,,LSDO400OR+RPR44WH,1,19.89,19.89,2026-04-21 09:15:06,amazon Dcvoltage,false
1149220,026-3182621-0784337,AMAZON,B0D7MQC47C,,CRFF105BA2PK,1,13.89,11.57,2026-04-21 09:34:15,amazon Ledsone,false
1149222,202-8520783-8013922,AMAZON,B09LHV32SZ,,CRSF1203WH+PHTT1PWR1WH3PK+SPSPWH2PK,1,21.79,18.16,2026-04-21 09:37:40,amazon Ledsone,false
1149228,206-1103095-8714712,AMAZON,B0GLXRPL51,,LHXWPE27PPWH,1,8.18,4.41,2026-04-21 09:42:18,amazon Ledsone,false
1149229,206-1715129-4653128,AMAZON,B0CS6SJ9LD,,FCBRBA6WHGPK,1,12.39,10.32,2026-04-21 09:47:33,amazon Ledsone,false
1149242,026-4831360-1553168,AMAZON,B0F28YKH9K,,LSCY290RR+RPR44WH,1,15.89,13.24,2026-04-21 10:16:56,amazon Ledsone,false
1149244,205-2816603-6128347,AMAZON,B0G4MK1GZR,,ENC9243,1,25.89,21.57,2026-04-21 10:19:05,amazon Ledsone,false
1149245,203-8845529-3842728,AMAZON,B0C6LY8XZG,,12UK3P1A,1,9.88,6.99,2026-04-21 10:14:17,amazon Dcvoltage,false
1149252,206-9281516-1562746,AMAZON,B0DCDSZ719,,LDSG95DIE2743PK,1,23.89,19.91,2026-04-21 10:24:09,amazon Ledsone,false
1149253,205-4356670-1469945,AMAZON,B084VPLPS5,,CRSF2003YB,1,14.59,7.99,2026-04-21 10:25:03,amazon Ledsone,false
1149254,202-6393359-1968302,AMAZON,B08XWFCLFB,,WCB2BM+RPR44WH,1,9.41,9.41,2026-04-21 10:28:30,amazon Dcvoltage,false
1149259,026-3182409-1602706,AMAZON,B093T37BQ8,,LSMS320OR+RPR44WH,1,14.99,12.49,2026-04-21 10:28:49,amazon Ledsone,false
1149260,205-2557188-0806763,AMAZON,B0F29P1SH6,,CERU36150GR,3,7.96,1.41,2026-04-21 10:35:28,amazon Ledsone,false
1149275,204-7592203-8748309,AMAZON,B0FVXQ6C2W,,WCFL180BM2PK+RPR44WH2PK,1,19.89,19.89,2026-04-21 11:02:21,amazon Dcvoltage,false
1149289,202-4729369-6461939,AMAZON,B0F3NYFLLV,,LDMG95E2782PK,3,33.48,9.30,2026-04-21 11:41:40,amazon Ledsone,false
1149290,026-4588872-4125906,AMAZON,B0DH623GPF,,CL2TBM2PK,1,6.99,6.99,2026-04-21 11:08:24,amazon Dcvoltage,false
1149291,206-3058913-4240343,AMAZON,B0DKNBKTGR,,LHCCE27WH,1,6.09,6.09,2026-04-21 11:13:00,amazon Dcvoltage,false
1149295,205-3526389-4886749,AMAZON,B094DN1XL1,,PLADBC,1,50.86,42.38,2026-04-21 11:20:48,amazon Ledsone,false
1149296,205-3955802-8824357,AMAZON,B0GW7VBY3J,,LHSWPBB22GD,2,24.20,8.00,2026-04-21 11:20:53,amazon Ledsone,false
1149316,202-6169148-9038761,AMAZON,B0CNXWMN63,,CRSF100GB+LHNSE27GB+LSDM220GB+ICST64E27,1,23.89,23.89,2026-04-21 11:53:43,amazon Dcvoltage,false
1149317,203-8459083-6729928,AMAZON,B0FVMD24HC,,CERU72350GR,1,9.18,5.24,2026-04-21 11:58:24,amazon Ledsone,false
1149319,202-5721295-9545102,AMAZON,B07GCPMLSY,,CL2TGYAPK,1,16.19,16.19,2026-04-21 12:00:33,amazon Dcvoltage,false
1149320,204-0260558-3957118,AMAZON,B0DBJ13LSP,,CKCP383832,1,27.39,27.39,2026-04-21 11:31:35,amazon Dcvoltage,false
1149323,026-8523046-7241934,AMAZON,B0F28YNDZN,,LSCY290RO+RPR44WH,1,25.79,14.87,2026-04-21 12:08:56,amazon Ledsone,false
1149328,026-7251230-6641937,AMAZON,B0FB3Y2GWC,,LDMC35E144,1,5.99,4.99,2026-04-21 12:16:49,amazon Ledsone,false
1149335,202-0705587-3926761,AMAZON,B07DH89GTY,,12UK3P2A,1,9.38,5.41,2026-04-21 12:20:05,amazon Ledsone,false
1149347,026-5221313-1025151,AMAZON,B0FB2YWDK5,,PHSF1BMRBM+ICST64E27,1,15.89,13.24,2026-04-21 12:33:00,amazon Ledsone,false
1149348,206-9834376-8868301,AMAZON,B0F748RCTS,,CTBOP19L+CTBOP15L+CTBOP14L,1,14.89,12.41,2026-04-21 12:33:24,amazon Ledsone,false
1149350,206-1639963-7062726,AMAZON,B0DH6B49KD,,CL2TGL5PK,1,10.09,10.09,2026-04-21 12:32:40,amazon Dcvoltage,false
1149353,202-4724142-1046739,AMAZON,B0DH96ZNZ4,,CL3TBR3PK,1,8.99,8.99,2026-04-21 12:42:25,amazon Dcvoltage,false
1149354,203-3351610-6577926,AMAZON,B093WZG38Q,,HLHG120CH,1,2.59,2.59,2026-04-21 12:43:36,amazon Dcvoltage,false
1149355,204-7577278-2406712,AMAZON,B0D83PFMTP,,WCDCBM3PK+RPR44WH3PK,1,24.09,24.09,2026-04-21 12:39:40,amazon Dcvoltage,false
1149359,203-2984879-7581915,AMAZON,B0G4QDBRPD,,PCDO20WH2PK,1,8.69,7.24,2026-04-21 12:55:25,amazon Ledsone,false
1149371,205-0441006-8321139,AMAZON,B0GTMQW1WF,,LSGL14010CL3PK+RPM40WH3PK,1,25.89,21.57,2026-04-21 13:08:35,amazon Ledsone,false
1149372,205-6393113-4083539,AMAZON,B0FVXQ6C2W,,WCFL180BM2PK+RPR44WH2PK,1,19.89,19.89,2026-04-21 13:06:19,amazon Dcvoltage,false
1149373,206-5969426-1173138,AMAZON,B0C3ZVCSP7,,LSCY290GB+RPR44WH,1,17.89,14.91,2026-04-21 13:14:13,amazon Ledsone,false
1149403,205-9131581-0076331,AMAZON,B0C9JFJGGH,,PHUH1HETBM+LSHM400HE,2,67.78,28.24,2026-04-21 14:13:51,amazon Ledsone,false
1149414,026-4521193-8403567,AMAZON,B0F6VGRT1S,,PLADBS+ICST64E27603PK,1,58.86,49.05,2026-04-21 14:26:59,amazon Ledsone,false
1149415,204-4322251-5170725,AMAZON,B0DZNLF6LK,,RWWPSY10GY,1,5.38,2.07,2026-04-21 14:27:38,amazon Ledsone,false
1149423,206-3876592-1929164,AMAZON,B0B71KXCZS,,CRSF100YB,1,8.88,4.99,2026-04-21 14:32:33,amazon Ledsone,false
1149429,202-3611998-5825921,AMAZON,B0CPBWC2T4,,LSCY290WH+RPR44WH,1,15.89,15.89,2026-04-21 14:41:08,amazon Dcvoltage,false
1149432,205-9283506-6730727,AMAZON,B0GGHFVG9H,,CRFF100GB2PK+LHNSE27GB2PK+ICST64E272PK,1,25.55,26.89,2026-04-21 14:44:16,amazon Dcvoltage,false
1149433,202-8391637-3515542,AMAZON,B0DDC11VMP,,LSMCSPDRFL+RPM40WH,1,21.89,18.24,2026-04-21 14:51:35,amazon Ledsone,false
1149437,203-7560859-6879516,AMAZON,B0CTC93TVC,,CRSF100BM+LHNSE27YB+SCRN70BM+LSFT220GS,1,20.89,20.89,2026-04-21 15:04:57,amazon Dcvoltage,false
1149438,203-0660160-3727562,AMAZON,B0DH97X8DP,,CL3TBK2PK,2,11.98,5.99,2026-04-21 15:04:26,amazon Dcvoltage,false
1149452,026-4136692-1560317,AMAZON,B0GQ477V54,,LSGLLF170AR,2,31.28,9.67,2026-04-21 15:27:33,amazon Dcvoltage,false
1149460,206-0612326-4113920,AMAZON,B0CVL1PQMQ,,LSTF400GY2PK+RPR44WH2PK,1,29.89,24.91,2026-04-21 15:51:18,amazon Ledsone,false
1149461,205-1929360-0944361,AMAZON,B0DCKWL469,,STFG4845WH,1,6.38,2.91,2026-04-21 15:53:24,amazon Ledsone,false
1149462,206-0813027-7293144,AMAZON,B0DF7BD73R,,CRSF100BM+PHRYWP1RBM,1,11.89,9.91,2026-04-21 15:56:22,amazon Ledsone,false
1149463,206-9517077-7548318,AMAZON,B0F28YNDZN,,LSCY290RO+RPR44WH,1,25.79,14.87,2026-04-21 15:58:43,amazon Ledsone,false
1149467,203-5759021-6072339,AMAZON,B0GS9MNQ44,,SPPGUK3PBR4PK,1,10.78,7.89,2026-04-21 16:02:59,amazon Dcvoltage,false
1149471,203-7883844-6479500,AMAZON,B084THNQKC,,LSRP260CO+RPR44WH,1,13.89,11.57,2026-04-21 16:13:09,amazon Ledsone,false
1149485,204-8847501-6077929,AMAZON,B0G1TCLR4H,,CKA12ATC518BM,1,10.34,8.62,2026-04-21 16:24:11,amazon Ledsone,false
1149490,026-8159694-9521168,AMAZON,B0CKBZ4V22,,CRSF100BM+LHNSE27CO+SCRN70CO+LSFT220BI,1,17.89,17.89,2026-04-21 16:32:16,amazon Dcvoltage,false
1149491,204-9941979-8323515,AMAZON,B0DC477M3Q,,LSDO300BI+RPR44WH,1,12.89,10.74,2026-04-21 16:31:38,amazon Ledsone,false
1149493,202-8607239-2677125,AMAZON,B083XCJF9B,,CL2TRE3PK,1,8.38,4.24,2026-04-21 16:35:25,amazon Ledsone,false
1149496,202-0964244-9337118,AMAZON,B0DKNHKRY4,,LHCCE27RE+CGMLBM,1,6.09,6.09,2026-04-21 16:35:25,amazon Dcvoltage,false
1149497,203-4648277-9346714,AMAZON,B0D4Y4SPFR,,CRFF140BM+WSWH135BM+LSDO210BC,2,33.38,16.69,2026-04-21 16:44:56,amazon Dcvoltage,false
1149498,206-3272351-4897118,AMAZON,B0F28ZYP9G,,CERU72450GR,2,19.13,7.99,2026-04-21 16:47:15,amazon Dcvoltage,false
1149499,202-6267444-1758743,AMAZON,B0DYT146SS,,RWWPSY0680YE,1,5.78,2.41,2026-04-21 16:40:23,amazon Ledsone,false
1149501,203-6029774-8775500,AMAZON,B0917RQ9PM,,PLHCBC+LSDO210BC3PK,1,49.89,41.57,2026-04-21 16:44:56,amazon Ledsone,false
1149509,205-1916246-0332319,AMAZON,B0CCHYSJWC,,SPSDP2YB,1,8.68,4.82,2026-04-21 16:54:14,amazon Ledsone,false
1149515,203-2262188-8148313,AMAZON,B0937FRXD9,,CRSF100BM+PHHS1PBRBM+LSLT360BY,2,39.70,16.54,2026-04-21 17:01:22,amazon Ledsone,false
1149517,205-8339991-0362715,AMAZON,B0B7KCXV72,,CRFF105GB,1,11.68,7.32,2026-04-21 17:13:28,amazon Ledsone,false
1149523,206-6496376-9384360,AMAZON,B0B71MJFDZ,,CRSF100BM,1,8.88,4.99,2026-04-21 17:20:25,amazon Ledsone,false
1149524,206-0417265-0670729,AMAZON,B0GR4L5R5S,,CRSF100BM+LHNSE27GB+SCRN70BM+LSOL180BG,2,34.98,14.57,2026-04-21 17:24:17,amazon Ledsone,false
1149525,205-8779394-3721942,AMAZON,B0DCFXBYJG,,LDSG95DIE2745PK,1,29.89,24.91,2026-04-21 17:31:57,amazon Ledsone,false
1149533,205-0142201-6110764,AMAZON,B08XBYXQC6,,CL3TBRAPK,1,19.99,19.99,2026-04-21 17:39:14,amazon Dcvoltage,false
1149534,206-6065769-8293156,AMAZON,B0FJ2JF399,,STPVC17ABLAPK,2,12.27,4.69,2026-04-21 17:40:26,amazon Dcvoltage,false
1149537,204-8581566-1649969,AMAZON,B0DLW5J4BJ,,CL2TGDAPK,1,18.89,18.89,2026-04-21 17:54:12,amazon Dcvoltage,false
1149541,026-0952581-0037157,AMAZON,B07CT3WYLC,,CL3TBDAPK,1,22.99,22.99,2026-04-21 18:09:14,amazon Dcvoltage,false
1149550,203-8072390-7953953,AMAZON,B0D7S5N65L,,LSMS320YE+RPR44WH,1,14.99,12.49,2026-04-21 18:17:27,amazon Ledsone,false
1149559,202-2102013-6184333,AMAZON,B08V8S4719,,WCB7RR+RPR44WH,1,9.89,9.89,2026-04-21 18:36:42,amazon Dcvoltage,false
1149560,026-6268047-8006730,AMAZON,B09V8BWNFZ,,CRSF2003BM+PHHN1PBRGD3PK+LSDO210NB3PK,1,38.89,32.41,2026-04-21 18:29:22,amazon Ledsone,false
1149561,205-5518291-8285167,AMAZON,B0D7944QDY,,WCB6BM2PK+RPR44WH2PK,1,16.49,13.74,2026-04-21 18:35:54,amazon Ledsone,false
1149566,202-9186100-1615544,AMAZON,B0FTZGFN4K,,WCFL180BM+RPR44WH,1,13.89,11.57,2026-04-21 18:42:32,amazon Ledsone,false
1149571,204-9438232-3631544,AMAZON,B0CFHKYH59,,CRSF100BM2PK+PHRNWP1RBM2PK,2,40.18,16.74,2026-04-21 18:54:10,amazon Ledsone,false
1149577,206-7359905-6668322,AMAZON,B0GDF2B3ML,,LDMT185E273,1,7.19,5.99,2026-04-21 19:02:34,amazon Ledsone,false
1149578,205-9017511-1531558,AMAZON,B0F9VFMBHN,,CL3RBD3PK,1,6.79,5.66,2026-04-21 19:03:35,amazon Ledsone,false
1149591,204-7256672-9569909,AMAZON,B0FQVDFF8N,,CRFF108BM+PHRI1PBRBA+LSCY290BG,1,24.89,24.89,2026-04-21 19:24:41,amazon Dcvoltage,false
1149598,206-2319032-7849111,AMAZON,B0CNZ7D55V,,CL3RIVAPK,1,19.99,19.99,2026-04-21 19:31:14,amazon Dcvoltage,false
1149603,205-9539172-2355539,AMAZON,B0F4432H4K,,CENU19150BM2PK,1,5.78,2.89,2026-04-21 19:39:09,amazon Dcvoltage,false
1149604,206-7784074-8327552,AMAZON,B0CN38WYDC,,CRSF1202BM+PHRY2PCRBM2PK,1,19.89,19.89,2026-04-21 19:50:49,amazon Dcvoltage,false
1149606,206-9251840-9930748,AMAZON,B07CVCT7XN,,LDMG95E278,4,29.96,7.49,2026-04-21 19:50:39,amazon Dcvoltage,false
1149607,206-7956180-2230707,AMAZON,B0DH97X8DP,,CL3TBK2PK,1,5.99,5.99,2026-04-21 19:57:10,amazon Dcvoltage,false
1149616,202-6434374-8496324,AMAZON,B0GTJ1BS3K,,LSGL14010CL2PK+RPM40WH2PK,1,13.89,13.89,2026-04-21 20:06:41,amazon Dcvoltage,false
1149618,026-4966410-7702739,AMAZON,B0DMF2KF74,,ENC9307,2,54.58,22.74,2026-04-21 20:02:34,amazon Ledsone,false
1149621,203-0281048-9906771,AMAZON,B0FH6JJKV4,,SPSDP2BMY,1,8.78,4.91,2026-04-21 20:13:10,amazon Ledsone,false
1149636,206-1266952-1215523,AMAZON,B0DQD9LY98,,PHSF1AGTGB3PK,1,27.89,23.24,2026-04-21 20:20:02,amazon Ledsone,false
1149637,026-0184254-2261163,AMAZON,B0FPWXQWQD,,LDCWA60HB2296PK,1,10.13,6.24,2026-04-21 20:20:27,amazon Ledsone,false
1149642,203-5808100-0980303,AMAZON,B0DCS7FPZB,,BS4ST9WH,1,20.89,20.89,2026-04-21 20:31:13,amazon Dcvoltage,false
1149643,206-2108689-7978743,AMAZON,B0DH9FSQNN,,CL3TGY3PK,1,7.99,7.99,2026-04-21 17:57:50,amazon Dcvoltage,false
1149644,204-9582156-8121142,AMAZON,B0DLW5J4BJ,,CL2TGDAPK,1,18.89,18.89,2026-04-21 20:36:32,amazon Dcvoltage,false
1149645,205-7146499-8660334,AMAZON,B0FZCW7KC7,,LSHM300HE+RPR44WH,2,45.98,22.99,2026-04-21 20:38:13,amazon Dcvoltage,false
1149674,204-0112658-6902728,AMAZON,B0DCLRDBR7,,STMT18FWH2PK,1,6.38,2.91,2026-04-21 21:15:13,amazon Ledsone,false
1149675,204-1702182-2533150,AMAZON,B0CG8MKK56,,LSCY290OR+RPR44WH,1,16.09,13.41,2026-04-21 21:14:22,amazon Ledsone,false
1149676,202-7267458-3328301,AMAZON,B0DYT146SS,,RWWPSY0680YE,1,5.78,2.41,2026-04-21 21:17:47,amazon Ledsone,false
1149680,202-2824096-0441921,AMAZON,B0CKDZ2CCG,,PLOTBB+ICST64E2740,12,212.28,14.74,2026-04-21 21:22:03,amazon Ledsone,false
1149688,202-1671074-7364300,AMAZON,B09HS7Z8WH,,CL2TLB5PK,1,12.19,10.16,2026-04-21 21:41:25,amazon Ledsone,false
1149689,205-6042171-1234717,AMAZON,B0B2K963ZK,,LHC4E27WH,2,12.98,5.41,2026-04-21 21:41:34,amazon Ledsone,false
1149690,204-6238789-4163518,AMAZON,B0743GYD52,,CO332AORAPK,1,5.58,2.24,2026-04-21 21:48:54,amazon Ledsone,false
1149695,026-1254121-8423557,AMAZON,B0D5HCGPJS,,CKEC10BM,1,11.97,11.97,2026-04-21 21:55:26,amazon SRM Amazon,false
1149696,204-7247314-3016366,AMAZON,B0DG25H3RQ,,LDMA60E274WW,1,6.19,5.16,2026-04-21 21:55:41,amazon Ledsone,false
1149700,026-8131808-0989931,AMAZON,B08XWSBPHW,,WCB1BM+RPR44WH,1,10.29,10.29,2026-04-21 22:00:12,amazon Dcvoltage,false
1149704,206-6637150-4507557,AMAZON,B0C5THWZNQ,,IMRGCPK,1,7.99,7.99,2026-04-21 22:18:26,amazon Dcvoltage,false
1149705,026-3229547-9860347,AMAZON,B0CFVGKZ63,,PSOS2BMTHE,1,15.89,13.24,2026-04-21 22:10:28,amazon Ledsone,false
1149713,206-1381102-2901949,AMAZON,B083YRJCMX,,CRFF100FG+LHNSE27FG+SCRN70FG+LSFT220FG,2,35.78,17.89,2026-04-21 22:45:58,amazon Dcvoltage,false
1149715,202-1339124-3963512,AMAZON,B09M43YSGW,,CRSF100YB+WSLS170YB+LSFT220YB,3,65.97,18.32,2026-04-21 22:47:41,amazon Ledsone,false
1149718,203-8014110-5920347,AMAZON,B0C3ZTYGH8,,LSCY290CY+RPR44WH,1,15.89,13.24,2026-04-21 22:56:17,amazon Ledsone,false
1149722,204-7861069-5928323,AMAZON,B0CK7ZQFXV,,CRFF500BM+PHBK1PBRBA3PK+ICST64E273PK,1,35.99,29.99,2026-04-21 23:11:10,amazon Ledsone,false
1149727,202-8683407-5554715,AMAZON,B0G4QXYX5W,,CRSF100BM+PHHF1PBRBM+LSWD360BM,1,22.89,22.89,2026-04-21 23:31:53,amazon Dcvoltage,false
1149729,202-8970206-1309945,AMAZON,B0B7196F29,,CRSF100CH,2,14.87,4.99,2026-04-21 23:30:32,amazon Ledsone,false
1149731,203-4800930-9434729,AMAZON,B0F79L35DH,,CTBOP21L+CTBOP25L+CTBOP14L,1,14.89,14.89,2026-04-21 23:45:32,amazon Dcvoltage,false
1149740,026-4867692-8923564,AMAZON,B0FPWZ7H6Z,,LDCWA95B22226PK,1,12.89,10.74,2026-04-22 00:37:03,amazon Ledsone,false
1149743,026-5176698-9098766,AMAZON,B08VGQPLWZ,,WCDTGD+RPR44WH,1,10.69,10.69,2026-04-22 01:32:19,amazon Dcvoltage,false
1149747,206-3462303-0742712,AMAZON,B0CNTGP2CP,,WCB6RR+RPR44WH,1,10.49,10.49,2026-04-22 02:30:45,amazon Dcvoltage,false
1149749,205-3320733-6144354,AMAZON,B0BTTJ33WD,,ENC4394,1,31.52,33.89,2026-04-22 02:48:24,amazon Dcvoltage,false
1149814,205-7815029-0936367,AMAZON,B0DDC1CB7N,,WCDEBC,1,10.09,8.41,2026-04-22 06:10:22,amazon Ledsone,false
1149819,206-2273779-3565952,AMAZON,B0F9VGDBB8,,CL3RBW3PK,1,6.79,5.66,2026-04-22 06:46:45,amazon Ledsone,false
1149825,206-5098655-2733904,AMAZON,B0743GYD52,,CO332AORAPK,2,8.27,2.24,2026-04-22 06:53:26,amazon Ledsone,false
1149837,204-5335453-0924336,AMAZON,B0DTTKL6KX,,WCVCBM3PK+RPR44WH3PK,1,23.99,23.99,2026-04-22 07:24:13,amazon Dcvoltage,false
1149881,026-4640593-6367505,AMAZON,B0F43Q8TXP,,CENU36300BM,1,5.59,2.49,2026-04-22 07:36:31,amazon Dcvoltage,false
1149882,204-7536240-9053166,AMAZON,B0CNLXSSN4,,WCB2WH+RPR44WH,1,8.98,8.98,2026-04-22 07:49:54,amazon Dcvoltage,false
1149884,205-1573721-7031504,AMAZON,B0CV7K4PZC,,RWGS1342WH,1,6.75,3.59,2026-04-22 07:55:57,amazon Dcvoltage,false
1149885,205-3629961-2933909,AMAZON,B0FJ28QLQZ,,STPVC17AWH2PK,1,5.28,2.39,2026-04-22 07:55:39,amazon Dcvoltage,false
1149887,204-0394071-0049162,AMAZON,B0BW4M4JYB,,LSLT360BC+RPR44WH,1,17.49,12.49,2026-04-22 08:23:01,amazon Dcvoltage,false
1149888,202-7715205-7548352,AMAZON,B0C948Q2C2,,PLTYBC+WCBNBC+LDST45E274,1,18.89,18.89,2026-04-22 08:33:30,amazon Dcvoltage,false
1149889,202-1204967-2905112,AMAZON,B0BSFWC2N4,,ENC4256,1,27.80,29.89,2026-04-22 08:33:27,amazon Dcvoltage,false
1149890,203-7047364-0135521,AMAZON,B0CVH12NPC,,RWWPSY0680YE,1,9.19,5.79,2026-04-22 09:09:33,amazon Dcvoltage,false
1149891,203-5009326-5303569,AMAZON,B0DH931NY8,,CL3TRHAPK,1,16.99,16.99,2026-04-22 09:09:13,amazon Dcvoltage,false
1149892,205-8478510-7597932,AMAZON,B0GTHT26DV,,LSGL14010CL3PK+RPM40WH3PK,1,22.89,22.89,2026-04-22 09:25:52,amazon Dcvoltage,false
1149893,206-8701116-0682766,AMAZON,B0FVXQ6C2W,,WCFL180BM2PK+RPR44WH2PK,1,19.89,19.89,2026-04-22 10:10:43,amazon Dcvoltage,false
1149894,203-0714034-0682766,AMAZON,B0D4YPNVP1,,CRFF140BM+WSWH135BM+LSDO210BM,1,16.69,16.69,2026-04-22 10:15:21,amazon Dcvoltage,false
1149896,205-4805603-1934768,AMAZON,B0DY7NXLY4,,RWWPSY0640YE,1,6.49,6.49,2026-04-22 08:41:25,amazon SRM Amazon,false
1149901,202-4020130-0340303,AMAZON,B0FXFF5LTD,,WCFL180BM2PK,1,21.89,18.24,2026-04-22 08:08:58,amazon Ledsone,false
1149904,026-6083367-0241119,AMAZON,B0DQD9LY98,,PHSF1AGTGB3PK,1,27.89,23.24,2026-04-22 08:51:14,amazon Ledsone,false
1149905,206-3825184-1516328,AMAZON,B0FB3Y2GWC,,LDMC35E144,1,5.99,4.99,2026-04-22 08:57:45,amazon Ledsone,false
1149906,204-7242699-1405169,AMAZON,B0B8DV248K,,CRSF1203BM,1,7.49,6.24,2026-04-22 09:04:33,amazon Ledsone,false
1149908,206-6257381-8502740,AMAZON,B0B2K963ZK,,LHC4E27WH,1,6.49,5.41,2026-04-22 09:48:35,amazon Ledsone,false
1149909,205-4876745-9503568,AMAZON,B0DTPG9D8M,,WCB2BM4PK+RPR44WH4PK,1,26.49,22.07,2026-04-22 09:55:23,amazon Ledsone,false
1149911,206-4971409-3709939,AMAZON,B07VDSFT4B,,12RPIP45250,1,18.99,15.82,2026-04-22 10:30:41,amazon Ledsone,false
1149924,203-0718317-5198749,AMAZON,B0845Z2MZ2,,LDMST64B228,1,7.69,6.41,2026-04-22 10:34:09,amazon Ledsone,false
1149944,202-3190833-3170757,AMAZON,B0FY2HP9LJ,,PHUH0.5HETBM,1,10.99,9.16,2026-04-22 10:43:42,amazon Ledsone,false
1149959,202-5702830-7187555,AMAZON,B0D2TCJKT7,,LSCY290OR2PK+RPR44WH2PK,4,95.56,23.89,2026-04-22 09:29:27,amazon Dcvoltage,false
1149961,206-3196371-7503530,AMAZON,B0BLP2VGSC,,LDMST64E278APK,1,30.89,25.74,2026-04-22 11:02:23,amazon Ledsone,false
1149970,204-3318722-1142730,AMAZON,B07B2XHMK9,,12IP6720,2,16.87,5.82,2026-04-22 11:03:19,amazon Ledsone,false
1149971,202-9917555-5132369,AMAZON,B0BT7RGJN6,,ENC4318,1,38.89,38.89,2026-04-22 11:08:39,amazon Dcvoltage,false
1149977,203-5617343-4894761,AMAZON,B0DB21SRVL,,PSDS2BMRBR3PK,1,35.89,29.91,2026-04-22 11:04:50,amazon Ledsone,false
1149978,206-6152130-3148304,AMAZON,B09Z6P8H29,,LDCWA60HB227,1,6.98,3.41,2026-04-22 11:18:29,amazon Ledsone,false
1149989,206-4129197-9851519,AMAZON,B0DCFP1CX8,,LDSG95DIE2746PK,1,35.18,29.32,2026-04-22 11:23:54,amazon Ledsone,false
1149991,202-6578774-0853968,AMAZON,B0C2CYD3BQ,,ENC7380,3,62.67,17.41,2026-04-22 11:25:33,amazon Ledsone,false
1149998,204-1420193-3848340,AMAZON,B0F637JS56,,CGSRCO3PK,1,4.14,1.85,2026-04-22 11:36:39,amazon SRM Amazon,false
1150006,206-6326185-2124305,AMAZON,B0DJBW8BCH,,BSTS815GY,1,12.78,8.24,2026-04-22 11:43:18,amazon Ledsone,false
1150007,205-8443750-5209147,AMAZON,B0DGL8XMR7,,LDMA60E274WW,1,5.39,3.19,2026-04-22 11:41:40,amazon Dcvoltage,false
1150019,202-2017601-6391569,AMAZON,B0DH9FGSM9,,CL3TOR3PK,1,7.99,7.99,2026-04-22 11:54:46,amazon Dcvoltage,false
1150027,204-7623913-6984343,AMAZON,B0G57TF1GT,,CRFF500BM+PHNW1RBM3PK,1,23.89,19.91,2026-04-22 12:04:47,amazon Ledsone,false
1150028,205-3727287-0822744,AMAZON,B0DRYS2NL7,,LHSHE27CH3PK,1,17.69,17.69,2026-04-22 12:15:55,amazon SRM Amazon,false
1150033,206-6612775-2866769,AMAZON,B0CV7RDB5B,,RWGS1533WH,1,6.78,3.24,2026-04-22 12:22:38,amazon Ledsone,false
1150041,204-5442910-8212302,AMAZON,B08V5MK449,,CRSF100BM+PHHT1PBRBM+LSCY290BM,1,24.18,21.89,2026-04-22 12:43:55,amazon Dcvoltage,false
1150042,205-3080714-2733164,AMAZON,B0CC8L3YCS,,CRSF100GB+WSSS70GB+LSRP260GB+ICST64E27,1,26.89,26.89,2026-04-22 12:48:15,amazon Dcvoltage,false
1150053,204-1499713-1483524,AMAZON,B0F9VDWTYX,,CL3RBM3PK,1,6.79,5.66,2026-04-22 13:07:11,amazon Ledsone,false
1150056,203-4031020-1011558,AMAZON,B0D2TF4BNL,,LSCY290BM2PK+RPR44WH2PK,1,27.89,27.89,2026-04-22 13:12:24,amazon Dcvoltage,false
1150058,206-5048914-6356347,AMAZON,B0BW9RPJ23,,LSLT360BM+RPR44WH,1,13.89,11.57,2026-04-22 13:10:56,amazon Ledsone,false
1150063,205-6429558-6089162,AMAZON,B0DGQM511D,,LSLT360BC2PK+RPR44WH2PK,1,18.49,15.41,2026-04-22 13:22:44,amazon Ledsone,false
1150065,026-0189583-2559541,AMAZON,B0FVXQ6C2W,,WCFL180BM2PK+RPR44WH2PK,1,19.89,19.89,2026-04-22 09:47:02,amazon Dcvoltage,false
1150080,203-9314017-8427500,AMAZON,B0DH9H7ZCM,,CL3TGL3PK,1,8.99,8.99,2026-04-22 13:51:12,amazon Dcvoltage,false
1150085,026-1890505-9897944,AMAZON,B0CY51968Y,,CKTBDFRE,1,12.89,12.89,2026-04-22 14:07:49,amazon Dcvoltage,false
1150086,026-0396517-1078710,AMAZON,B0GNZLCX15,,LHXSHE27BM3PK,1,13.89,11.57,2026-04-22 14:04:48,amazon Ledsone,false
1150088,202-9721679-0806737,AMAZON,B0BLP1JSRK,,LDMST64E2786PK,1,20.39,16.99,2026-04-22 14:14:01,amazon Ledsone,false
1150096,026-5657987-7880349,AMAZON,B0FJ5J4WMV,,CRSF100WH2PK,3,34.44,11.48,2026-04-22 08:48:21,amazon Dcvoltage,false
1150097,205-0709591-0056336,AMAZON,B0FPQVSMFT,,LDCWT75B2212,1,8.79,7.32,2026-04-22 14:19:18,amazon Ledsone,false
1150099,202-7852656-3925940,AMAZON,B0DQD9W4R5,,PHSF1BMTBM3PK,1,27.71,23.09,2026-04-22 14:28:05,amazon Ledsone,false
1150108,026-4031912-1028310,AMAZON,B0CNZ5N8L3,,CL3RWHAPK,1,19.99,19.99,2026-04-22 14:37:35,amazon Dcvoltage,false
1150109,026-4045074-3397965,AMAZON,B09LM4VP15,,CRFF140BC,1,6.48,5.40,2026-04-22 14:29:48,amazon Ledsone,false
1150110,205-8034503-7873943,AMAZON,B0F5B48F9L,,WCVCBM5PK+RPR44WH5PK,1,30.98,25.82,2026-04-22 14:03:02,amazon Ledsone,false
1150114,203-0444104-6101936,AMAZON,B0C2CYD3BQ,,ENC7380,1,20.89,17.41,2026-04-22 14:41:46,amazon Ledsone,false
1150115,204-5463208-2312344,AMAZON,B0C43L42DK,,WCDTRE+RPR44WH,1,10.09,8.41,2026-04-22 14:43:48,amazon Ledsone,false
1150116,204-7043271-8398703,AMAZON,B0CKSSBF61,,CRFF75CO+HK10CO,1,9.78,5.74,2026-04-22 14:43:23,amazon Ledsone,false
1150117,206-1252895-8193901,AMAZON,B0CVL84J2H,,LSTF400OR2PK+RPR44WH2PK,6,178.14,29.69,2026-04-22 14:48:05,amazon Dcvoltage,false
1150125,202-7799498-3591568,AMAZON,B0D295XS3F,,LSCY290CB2PK+RPR44WH2PK,1,27.89,23.24,2026-04-22 15:02:50,amazon Ledsone,false
1150133,206-9186290-3925128,AMAZON,B0BWK7RQ27,,PLTYRR+ICST64E27,1,20.89,17.41,2026-04-22 15:15:39,amazon Ledsone,false
1150135,202-1961959-9900367,AMAZON,B0DMDV1BF9,,ENC9307,1,27.89,27.89,2026-04-22 15:13:56,amazon Dcvoltage,false
1150143,205-8894458-4109910,AMAZON,B0D47L1JL2,,WJB2,1,5.89,2.50,2026-04-22 15:31:04,amazon Ledsone,false
1150145,204-4764953-9681938,AMAZON,B0B9Y9F73N,,CL3TIV5PK,1,13.89,11.57,2026-04-22 15:32:59,amazon Ledsone,false
1150146,205-2767189-4689958,AMAZON,B0CSYY22LD,,CKVOFG,1,12.38,7.91,2026-04-22 15:37:56,amazon Ledsone,false
1150148,204-0331755-2119557,AMAZON,B0GLQZ7L1Z,,LSCY290DBI+RPR44WH,2,31.78,15.89,2026-04-21 20:00:10,amazon Dcvoltage,false
1150149,203-7508874-5876334,AMAZON,B0B7KCXV72,,CRFF105GB,1,11.68,7.32,2026-04-22 15:42:01,amazon Ledsone,false
1150169,204-2804481-4556350,AMAZON,B0DH5MZ4V2,,CL2TOR3PK,1,7.99,7.99,2026-04-22 16:06:07,amazon Dcvoltage,false
1150170,026-1387368-7461931,AMAZON,B094DN1XL1,,PLADBC,1,50.86,42.38,2026-04-22 16:00:00,amazon Ledsone,false
1150171,205-4453105-6998727,AMAZON,B0B8P9BKXB,,LDMG125E278,3,31.71,8.81,2026-04-22 16:00:34,amazon Ledsone,false
1150175,205-1213029-2473125,AMAZON,B0DCHCW5XF,,STND242RE,1,4.88,1.99,2026-04-22 16:09:41,amazon Dcvoltage,false
1150176,204-3209539-0101138,AMAZON,B0BTMF9P87,,WCBNBC+RPR44WH,3,29.67,9.89,2026-04-22 16:14:11,amazon Dcvoltage,false
1150177,206-6108252-6781958,AMAZON,B0DPMWGQG1,,ENC7860,2,31.38,13.07,2026-04-22 16:10:41,amazon Ledsone,false
1150178,203-4574386-4303545,AMAZON,B0DV5DF7H5,,ENC8216,1,38.99,32.49,2026-04-22 16:18:39,amazon Ledsone,false
1150184,202-1466514-3060358,AMAZON,B0G8XMP9T1,,WCSPROBM2PK+RPR44WH2PK,1,19.89,19.89,2026-04-22 16:22:08,amazon Dcvoltage,false
1150187,205-4795144-3029150,AMAZON,B0D9QJQLQS,,CL2RGR5PK,1,10.49,8.74,2026-04-22 16:35:57,amazon Ledsone,false
1150198,205-9614123-7624305,AMAZON,B0CN8RNNTZ,,CRFF500BM+PHCH1BMRBM3PK+LSCY210BG3PK,1,38.89,38.89,2026-04-22 16:47:07,amazon Dcvoltage,false
1150199,206-9994992-2353143,AMAZON,B0B2K8GM5T,,LHC3E27WH,1,6.89,5.74,2026-04-22 16:51:32,amazon Ledsone,false
1150205,026-3309435-7050716,AMAZON,B0DWDVJT46,,WSNWBC+LSHQ180BC+ICST64E27,2,43.00,23.89,2026-04-22 16:53:36,amazon Dcvoltage,false
1150220,205-2164565-7721165,AMAZON,B0DQ7THQ3Q,,PHSF1PWR20WH2PK+CGWDWO2PK+LSWE315YE2PK,4,166.04,34.59,2026-04-22 00:14:13,amazon Ledsone,false
1150222,026-2684769-9835529,AMAZON,B0FPQTGFVN,,LDCWT75B22125PK,1,21.89,18.24,2026-04-22 17:26:46,amazon Ledsone,false
1150227,205-5748040-0561120,AMAZON,B0GR4L5R5S,,CRSF100BM+LHNSE27GB+SCRN70BM+LSOL180BG,1,17.49,14.57,2026-04-22 17:36:48,amazon Ledsone,false
1150228,205-6841606-4006752,AMAZON,B0CVN3HPH6,,CENU19150WH,1,3.94,0.59,2026-04-22 17:34:34,amazon Dcvoltage,false
1150229,026-4727950-5981115,AMAZON,B0FQVFP61X,,CRFF108BM+PHRI1PBRBA+LSCY290BI,1,21.89,21.89,2026-04-22 17:36:49,amazon Dcvoltage,false
1150233,202-2468023-1233943,AMAZON,B0CFHMTJDJ,,CRSF100BM2PK+PHRNWP1RBM2PK+ICST64E272PK,1,27.69,23.07,2026-04-22 17:56:33,amazon Ledsone,false
1150236,202-6782276-1637165,AMAZON,B0CS3LSTMS,,WCB7BS+RPR44WH,1,9.89,9.89,2026-04-22 17:52:01,amazon Dcvoltage,false
1150237,202-2220199-2701918,AMAZON,B0CC8QX5QJ,,CRSF100BM+WSSS70BM+LSWD360BM+ICST64E27,1,29.49,29.49,2026-04-22 17:53:27,amazon Dcvoltage,false
1150241,206-0652414-4241905,AMAZON,B0CTCNZ8GM,,CRSF100CO+CL3TBR+LHSHE27YB,2,23.98,9.99,2026-04-22 17:54:12,amazon Ledsone,false
1150246,205-6724071-7197135,AMAZON,B0BJ2XSYKT,,LDMG80E274APK,1,27.99,23.32,2026-04-22 18:11:15,amazon Ledsone,false
1150247,205-3075504-7950704,AMAZON,B0FXFF5LTD,,WCFL180BM2PK+RPR44WH2PK,1,21.89,18.24,2026-04-22 18:13:39,amazon Ledsone,false
1150248,026-8658157-5205902,AMAZON,B07FGFC7MJ,,CCBC5,1,5.69,4.74,2026-04-22 18:15:55,amazon Ledsone,false
1150250,026-6932004-4909159,AMAZON,B0C7QYQ25P,,CRSF2003BM+WCRN3CBM3PK,1,39.50,43.89,2026-04-22 18:09:26,amazon Dcvoltage,false
1150251,026-5550875-9746769,AMAZON,B0CNXJD9GN,,CL3TBM3PK,1,7.78,4.49,2026-04-22 18:17:03,amazon Dcvoltage,false
1150254,203-4974818-0256311,AMAZON,B0DNJFD3CJ,,PCBSF2MCH,1,11.89,5.74,2026-04-22 18:18:56,amazon Ledsone,false
1150255,204-7654932-1076358,AMAZON,B0965GP6C1,,PLADBM,1,50.89,50.89,2026-04-22 18:19:33,amazon Dcvoltage,false
1150259,203-7642995-6799551,AMAZON,B0FTZGFN4K,,WCFL180BM+RPR44WH,1,13.89,11.57,2026-04-22 18:32:02,amazon Ledsone,false
1150262,206-4307298-3026741,AMAZON,B0FVXQ6C2W,,WCFL180BM2PK+RPR44WH2PK,1,19.89,19.89,2026-04-22 18:39:07,amazon Dcvoltage,false
1150269,203-7971238-5121950,AMAZON,B0FY5TWHGH,,LDSG1007E27,1,13.99,11.66,2026-04-22 18:39:59,amazon Ledsone,false
1150270,202-7865454-4096364,AMAZON,B0C43MJXYS,,WCDTGR+RPR44WH,1,9.89,8.24,2026-04-22 18:42:39,amazon Ledsone,false
1150271,026-8815783-3809159,AMAZON,B0GLXRPL51,,LHXWPE27PPWH,1,8.18,4.41,2026-04-22 18:43:33,amazon Ledsone,false
1150272,026-8670950-1479505,AMAZON,B0DRYR3MGR,,LHSHE27GB3PK,3,51.48,14.30,2026-04-22 18:46:01,amazon Ledsone,false
1150273,204-0612946-6641138,AMAZON,B0CNTGP2CP,,WCB6RR+RPR44WH,1,10.49,10.49,2026-04-22 18:41:28,amazon Dcvoltage,false
1150274,205-7803706-9629919,AMAZON,B0BWNKLZDR,,LSDO300WH+RPR44WH,1,18.89,18.89,2026-04-22 18:43:35,amazon Dcvoltage,false
1150281,202-0006510-6015575,AMAZON,B0CG3GTY9C,,WSOSBDBM,1,19.79,16.49,2026-04-22 18:59:23,amazon Ledsone,false
1150282,026-4793831-2461144,AMAZON,B07WH1MR1D,,CRSF1209BM,1,16.89,16.89,2026-04-22 18:46:01,amazon Dcvoltage,false
1150284,204-5410473-8813933,AMAZON,B0FY22Q53W,,WCBCFBM2PK+RPR44WH2PK,1,22.89,22.89,2026-04-22 18:59:05,amazon Dcvoltage,false
1150289,203-7241409-5057101,AMAZON,B0DFTR3M3X,,RPM40BM2PK,1,5.88,2.49,2026-04-22 18:58:58,amazon Ledsone,false
1150290,204-4051914-3993141,AMAZON,B0CCDR7C3Y,,WCVCBS2PK+RPR44WH2PK,1,15.89,13.24,2026-04-22 19:03:44,amazon Ledsone,false
1150291,202-8013331-9546717,AMAZON,B0F944VB2B,,CL3TRE3PK,2,12.58,5.82,2026-04-22 19:03:38,amazon Ledsone,false
1150292,204-1779318-3459510,AMAZON,B0CRZ53P67,,LSCY290CY+RPR44WH,1,15.89,15.89,2026-04-22 19:04:05,amazon Dcvoltage,false
1150295,205-6053927-9445946,AMAZON,B09M42QJCS,,LDMG125E2785PK,1,27.89,27.89,2026-04-22 19:12:23,amazon Dcvoltage,false
1150296,202-6430660-8951502,AMAZON,B0C9TLSG9C,,ENC1912,1,18.89,18.89,2026-04-22 19:15:25,amazon Dcvoltage,false
1150302,203-3156819-0024346,AMAZON,B0CKBZ4V22,,CRSF100BM+LHNSE27CO+SCRN70CO+LSFT220BI,1,17.89,17.89,2026-04-22 19:20:54,amazon Dcvoltage,false
1150303,204-3727889-3861133,AMAZON,B09VGXKGZC,,ENC2972,1,98.48,105.89,2026-04-22 19:22:46,amazon Dcvoltage,false
1150304,204-8823186-1945140,AMAZON,B09JM3PLLH,,LDSG125LOE274,1,10.39,8.66,2026-04-22 19:16:33,amazon Ledsone,false
1150305,205-6086447-2507541,AMAZON,B0DD7N3HNX,,SPSDP1BM2PK,1,6.19,5.16,2026-04-22 19:26:38,amazon Ledsone,false
1150310,204-5425429-7366754,AMAZON,B0CTTD21V2,,LSMS320NB+RPR44WH,1,14.99,14.99,2026-04-22 19:26:40,amazon Dcvoltage,false
1150313,026-2362562-1188314,AMAZON,B0D294TFL2,,LSCY290CH2PK+RPR44WH2PK,1,32.89,27.41,2026-04-22 19:40:02,amazon Ledsone,false
1150319,203-2609582-1324368,AMAZON,B09479HV6W,,LDMG95E2783PK,1,17.89,14.91,2026-04-22 19:50:33,amazon Ledsone,false
1150320,026-8370761-8923515,AMAZON,B097DVCGSY,,CBSF90,1,5.89,4.91,2026-04-22 19:50:22,amazon Ledsone,false
1150321,202-3724077-7045117,AMAZON,B0FPXG7TR7,,WCBNBC5PK+RPR44WH5PK,1,25.19,25.19,2026-04-22 19:53:59,amazon Dcvoltage,false
1150322,026-5870977-7621144,AMAZON,B07CQQ5MDZ,,CL3TGR5PK,1,16.89,16.89,2026-04-22 19:57:41,amazon Dcvoltage,false
1150328,203-6278184-7774757,AMAZON,B0BL7LZR24,,LDMT45E2746PK,1,20.79,17.32,2026-04-22 20:08:39,amazon Ledsone,false
1150331,202-5042847-8641933,AMAZON,B0DRVPGVFM,,LSFT220PI+RPR44WH,1,10.79,10.79,2026-04-22 20:17:00,amazon SRM Amazon,false
1150340,203-7365158-9616316,AMAZON,B0GD7SFSWT,,ENC8194,2,39.40,21.89,2026-04-22 20:28:53,amazon Dcvoltage,false
1150341,203-6338726-9168327,AMAZON,B08VDFL7W7,,LSWD360BC+RPR44WH,2,37.78,18.89,2026-04-22 20:23:51,amazon Dcvoltage,false
1150342,202-3979792-6861906,AMAZON,B0C4QBWJ83,,CRSF2003GB+PHMU1PBRGB3PK+LSDM220GB3PK,1,43.89,36.57,2026-04-22 20:26:54,amazon Ledsone,false
1150347,206-0542233-4253155,AMAZON,B0DKDWV5QV,,CRFF100CH,1,8.89,8.89,2026-04-22 20:29:30,amazon Dcvoltage,false
1150348,206-7609797-1193139,AMAZON,B0FTZGVD1Y,,WCIR300BM+RPR44WH,1,15.89,13.24,2026-04-22 20:32:07,amazon Ledsone,false
1150349,205-7881072-2965909,AMAZON,B0DLBFH747,,PCBM20DS5PK,1,8.78,4.91,2026-04-22 20:35:16,amazon Ledsone,false
1150360,202-6951117-4825131,AMAZON,B0FZ96SQ2Z,,CRSF1204BM+PHRY2PCRBM4PK,1,35.89,29.91,2026-04-22 20:50:46,amazon Ledsone,false
1150361,026-5552915-0619548,AMAZON,B0DZDW7B3D,,CL2RBW2PK,1,5.99,4.99,2026-04-22 20:51:02,amazon Ledsone,false
1150362,026-4261967-8177122,AMAZON,B0GLYG8JC1,,PLHNBC+ICST64E27,1,16.09,16.09,2026-04-22 20:55:54,amazon Dcvoltage,false
1150374,202-9397138-0498725,AMAZON,B0G1T9C4HB,,CKA17ATC4441BL,1,15.09,15.09,2026-04-22 21:09:27,amazon Dcvoltage,false
1150377,204-0435050-9849111,AMAZON,B0CB8BV8GD,,LSFT220GY+RPR44WH,1,10.79,10.79,2026-04-22 21:12:42,amazon Dcvoltage,false
1150378,204-1360125-7736306,AMAZON,B0FVXQ6C2W,,WCFL180BM2PK+RPR44WH2PK,1,19.89,19.89,2026-04-22 21:15:54,amazon Dcvoltage,false
1150384,205-0636571-8863517,AMAZON,B0F2919THD,,LSCY290CO+RPR44WH,1,18.89,15.74,2026-04-22 21:23:30,amazon Ledsone,false
1150390,204-2331815-9712328,AMAZON,B0FPWXQWQD,,LDCWA60HB2296PK,1,10.13,6.24,2026-04-22 21:37:37,amazon Ledsone,false
1150391,202-3314162-0358751,AMAZON,B0CYZVX28V,,LSCY290CO2PK+RPR44WH2PK,1,29.89,29.89,2026-04-22 21:34:19,amazon Dcvoltage,false
1150393,026-5895219-0779521,AMAZON,B0DH92CF2V,,CL3THEAPK,2,41.98,20.99,2026-04-22 21:38:27,amazon Dcvoltage,false
1150395,202-7992932-0337101,AMAZON,B09LCLWJX7,,PHCH1FBRBM+LSCY290WH,2,41.58,17.32,2026-04-22 21:41:33,amazon Ledsone,false
1150396,203-5520179-0910721,AMAZON,B0CMQGHNC1,,ENC5670,1,82.39,68.66,2026-04-22 21:50:09,amazon Ledsone,false
1150397,203-4878190-2442721,AMAZON,B0FKZ1KJXL,,ENC8072,2,37.42,20.79,2026-04-22 21:49:24,amazon Dcvoltage,false
1150406,204-6312713-9108326,AMAZON,B0FVXQ6C2W,,WCFL180BM2PK+RPR44WH2PK,1,19.89,19.89,2026-04-22 22:02:54,amazon Dcvoltage,false
1150407,204-7339280-0769934,AMAZON,B0DH9B4NSC,,CL3TIV3PK,1,7.99,7.99,2026-04-22 22:04:05,amazon Dcvoltage,false
1150409,206-9134197-6300300,AMAZON,B0DB29LMHK,,CRFF75BA2PK,1,11.49,9.57,2026-04-22 22:09:34,amazon Ledsone,false
1150410,206-8942730-0869963,AMAZON,B0DH93SBTS,,CL3TGY5PK,1,11.99,11.99,2026-04-22 22:20:25,amazon Dcvoltage,false
1150411,206-4009134-6015508,AMAZON,B08Z7T5CB8,,PHUH2HETBM+LSHM400HE,2,99.78,49.89,2026-04-22 22:23:19,amazon Dcvoltage,false
1150412,026-9259003-1597959,AMAZON,B07QL5B1TY,,WCBNBM+RPR44WH,2,17.78,8.89,2026-04-22 22:25:28,amazon Dcvoltage,false
1150415,026-7869546-7060363,AMAZON,B0DRP6F5D8,,LHSHE27RO2PK,1,10.89,10.89,2026-04-22 22:30:53,amazon SRM Amazon,false
1150418,205-5017011-1641104,AMAZON,B0DH98LXB8,,CL3TGYAPK,1,20.99,20.99,2026-04-22 22:41:15,amazon Dcvoltage,false
1150420,205-3985436-0550707,AMAZON,B0FZ9TJ3T6,,LSCY290BB3PK+RPR44WH3PK,1,39.89,39.89,2026-04-22 22:44:23,amazon Dcvoltage,false
1150424,026-9584806-8370706,AMAZON,B0DLW5C14D,,CL2TGLAPK,1,18.89,18.89,2026-04-22 22:45:49,amazon Dcvoltage,false
1150425,203-0340411-0177942,AMAZON,B07F9R3GVS,,LDMG95E278,1,11.08,8.19,2026-04-22 23:00:35,amazon Dcvoltage,false
1150430,026-2808604-8340366,AMAZON,B0DTHKKQV6,,WCB7BM3PK+RPR44WH3PK,1,24.68,22.39,2026-04-22 23:12:28,amazon Dcvoltage,false
1150431,203-6697622-7927559,AMAZON,B0CVB98NSX,,RWWPSY12GY,1,4.88,1.99,2026-04-22 23:12:58,amazon Dcvoltage,false
1150435,202-8232963-7324354,AMAZON,B0GP73VLM8,,LHPVHRE27WH,1,4.69,3.91,2026-04-22 23:36:08,amazon Ledsone,false
1150436,204-4863055-7443567,AMAZON,B0GLYGJX1J,,PLHNBM+ICST64E27,1,16.09,16.09,2026-04-22 23:47:51,amazon Dcvoltage,false
1150438,204-7168660-5244317,AMAZON,B0GLYGJX1J,,PLHNBM+ICST64E27,1,16.09,16.09,2026-04-22 23:48:45,amazon Dcvoltage,false
1150440,202-2144928-4986719,AMAZON,B0GLPPRX74,,ENC8911,1,61.09,50.91,2026-04-23 00:00:36,amazon Ledsone,false
1150443,026-8917222-9361915,AMAZON,B0DZNQCJX5,,RWWPSY08GY,1,4.58,1.41,2026-04-23 00:40:39,amazon Ledsone,false
1150444,206-5009993-9142740,AMAZON,B0FL7BRGF4,,PHSF2GDTYB2PK+ICST64E272PK,1,28.31,28.31,2026-04-23 00:53:48,amazon Dcvoltage,false
1150446,205-0168975-9793936,AMAZON,B0GR4LYX2P,,CRSF100BC+LHSHE27BC+SCRN70BC+LSOL180BC,2,36.78,15.32,2026-04-23 01:04:05,amazon Ledsone,false
1150464,202-7301740-5830716,AMAZON,B0DCFP1CX8,,LDSG95DIE2746PK,2,63.34,29.32,2026-04-23 04:18:35,amazon Ledsone,false
1150489,206-6149571-9383507,AMAZON,B0D5711PRY,,WCB6BM2PK+RPR44WH2PK,1,15.79,15.79,2026-04-23 06:05:48,amazon Dcvoltage,false
1150500,204-4704694-7489132,AMAZON,B0GTJ1BS3K,,LSGL14010CL2PK+RPM40WH2PK,1,13.89,13.89,2026-04-23 06:31:58,amazon Dcvoltage,false
1150509,202-1341323-3164362,AMAZON,B0G2YBCMRK,,ENC285,1,21.79,21.79,2026-04-23 07:15:03,amazon Dcvoltage,false
1150513,203-9621953-2043522,AMAZON,B07WH25HKQ,,CRSF1206BM,1,10.89,10.89,2026-04-20 22:42:21,amazon Dcvoltage,false
1150520,026-3798520-2517119,AMAZON,B0BXDC5572,,PHSF1BMRBM,1,13.89,11.57,2026-04-23 07:29:58,amazon Ledsone,false
1150521,204-3809202-3696321,AMAZON,B0GR4HX6S1,,CRSF100BM+LHNSE27YB+SCRN70BM+LSOL180BG,1,18.69,15.57,2026-04-23 07:36:27,amazon Ledsone,false
1150525,206-9916793-8705966,AMAZON,B07L8HNZF8,,CL3TBR5PK,1,14.99,14.99,2026-04-23 07:41:52,amazon Dcvoltage,false
1150530,206-8676682-2415516,AMAZON,B0D7MQC47C,,CRFF105BA2PK,1,13.89,11.57,2026-04-23 07:53:51,amazon Ledsone,false
1150539,206-4760881-2747545,AMAZON,B0DHVKHVF6,,LHSHE27SN,1,7.89,7.89,2026-04-23 08:03:59,amazon Dcvoltage,false
1150540,204-6024652-9525942,AMAZON,B09Z6RQPJT,,CCBC9,8,44.57,5.16,2026-04-23 08:04:26,amazon Ledsone,false
1150546,203-5098899-8458762,AMAZON,B0FVXQ6C2W,,WCFL180BM2PK+RPR44WH2PK,4,79.56,19.89,2026-04-23 08:24:36,amazon Dcvoltage,false
1150548,205-9683962-5113901,AMAZON,B0DX79MMZF,,CERU72450BL,1,10.78,6.57,2026-04-23 08:19:33,amazon Ledsone,false
1150549,202-0881322-1506734,AMAZON,B084THMT1Z,,LSRP260GB+RPR44WH,1,13.89,11.57,2026-04-23 08:22:43,amazon Ledsone,false
1150560,206-5732168-9072325,AMAZON,B0FR8ZYWXB,,LSCY290BG2PK+RPR44WH2PK,1,31.79,31.79,2026-04-23 08:47:11,amazon Dcvoltage,false
1150568,206-1368909-7997936,AMAZON,B0917RQ9PM,,PLHCBC+LSDO210BC3PK,1,46.88,39.07,2026-04-23 08:53:43,amazon Ledsone,false
1150569,206-1423928-3392361,AMAZON,B0BTTJZQZ1,,ENC4400,1,31.52,33.89,2026-04-22 15:41:29,amazon Dcvoltage,false
1150575,026-8898646-0052353,AMAZON,B0FXFGWCNL,,WCIR300BM2PK,2,51.78,21.57,2026-04-23 09:09:32,amazon Ledsone,false
1150576,026-8927685-7265924,AMAZON,B07CJMB6Q2,,12IP20480,1,30.99,30.99,2026-04-23 09:07:05,amazon Dcvoltage,false
1150584,206-6522242-1572307,AMAZON,B0DF7BD73R,,CRSF100BM+PHRYWP1RBM,1,11.89,9.91,2026-04-23 09:13:55,amazon Ledsone,false
1150586,202-3066739-5834769,AMAZON,B0D73PDC5H,,ENC4842,1,19.33,20.79,2026-04-23 09:17:24,amazon Dcvoltage,false
1150590,202-6685781-5269163,AMAZON,B0B71MJFDZ,,CRSF100BM,2,14.87,4.99,2026-04-23 09:19:56,amazon Ledsone,false
1150599,203-2455779-9468319,AMAZON,B0F5BHM9S4,,PLTEBC+WCWYBM+ICST64E27,1,23.29,19.41,2026-04-23 09:30:39,amazon Ledsone,false
1150600,203-1066406-9050760,AMAZON,B0GNZLCX15,,LHXSHE27BM3PK,1,13.89,11.57,2026-04-23 09:32:32,amazon Ledsone,false
1150601,202-1814859-3526750,AMAZON,B0CZXL6ZYG,,TPOSBDBM,1,25.89,21.57,2026-04-23 09:37:48,amazon Ledsone,false
1150604,206-1606287-4243555,AMAZON,B0863LVZNG,,PHSF1AGTGB,1,14.89,12.41,2026-04-23 09:40:03,amazon Ledsone,false
1150605,206-4282797-9341107,AMAZON,B0BWK7RQ27,,PLTYRR+ICST64E27,1,20.89,17.41,2026-04-23 09:50:49,amazon Ledsone,false
1150609,206-0186928-7205139,AMAZON,B0CFHKYH59,,CRSF100BM2PK+PHRNWP1RBM2PK,1,20.09,16.74,2026-04-23 09:57:15,amazon Ledsone,false
1150610,026-4966618-8590763,AMAZON,B0743GYD52,,CO332AORAPK,1,5.58,2.24,2026-04-23 09:57:53,amazon Ledsone,false
1150615,026-7842064-3826702,AMAZON,B0DFHM8LHQ,,LSCY290CH+RPR44WH,1,17.89,17.89,2026-04-23 10:06:16,amazon Dcvoltage,false
1150617,026-8586363-8178764,AMAZON,B0DH937GL5,,CL3TCR5PK,1,11.99,11.99,2026-04-23 10:08:22,amazon Dcvoltage,false
1150618,202-0370926-7241966,AMAZON,B0F7L66VHH,,TSTS50WH,1,4.58,1.41,2026-04-23 10:08:24,amazon Ledsone,false
1150624,204-6018025-9125135,AMAZON,B0DH98J2Z1,,CL3TLBAPK,1,20.99,20.99,2026-04-23 10:10:07,amazon Dcvoltage,false
1150625,206-7881414-8123553,AMAZON,B096BMLDSR,,LDMST64E2743PK,2,29.78,12.41,2026-04-23 10:10:11,amazon Ledsone,false
1150641,206-1790111-3249109,AMAZON,B08XBYXQC6,,CL3TBRAPK,1,19.99,19.99,2026-04-23 10:36:08,amazon Dcvoltage,false
1150645,026-8911623-6341153,AMAZON,B0CV7K4PZC,,RWGS1342WH,1,6.75,3.59,2026-04-23 10:48:27,amazon Dcvoltage,false
1150646,202-3722211-3006707,AMAZON,B081H6HHCN,,12IP6780,1,19.99,19.99,2026-04-23 10:47:44,amazon Dcvoltage,false
1150649,204-1472755-3813138,AMAZON,B0CNJTVX9J,,WCB3WH+RPR44WH,1,9.89,9.89,2026-04-23 10:53:45,amazon Dcvoltage,false
1150650,204-8296558-7499565,AMAZON,B0DH9CY29Z,,CL3TGL5PK,3,44.97,14.99,2026-04-23 10:57:19,amazon Dcvoltage,false
1150671,206-0431233-7068369,AMAZON,B08V51F3BN,,CRSF100BM+PHCH1PBRSBM+LSMS320BI,3,65.97,21.99,2026-04-23 11:25:21,amazon Dcvoltage,false
1150673,205-3090791-8233910,AMAZON,B0CMCNZJ35,,CRFF500BM+WCCY1ROGD3PK,1,50.89,42.41,2026-04-23 11:21:21,amazon Ledsone,false
1150677,026-0910518-8807527,AMAZON,B0F2F96Q8R,,LSMS320NB+RPR44WH,1,14.99,12.49,2026-04-23 11:32:40,amazon Ledsone,false
1150688,204-1881727-1224342,AMAZON,B0CL16BWS3,,ENC5523,2,85.78,42.89,2026-04-23 11:57:23,amazon Dcvoltage,false
1150696,204-6592841-5237903,AMAZON,B0CVF1VTTR,,CERU80400MC,1,9.88,6.99,2026-04-23 12:14:30,amazon Dcvoltage,false
1150699,205-2815475-8672355,AMAZON,B0DZNQCJX5,,RWWPSY08GY,1,4.58,1.41,2026-04-23 12:18:21,amazon Ledsone,false
1150703,204-4689169-9063529,AMAZON,B093HHGG6X,,CL2TGY,1,7.98,4.24,2026-04-23 12:26:42,amazon Ledsone,false
1150704,204-8128105-5437104,AMAZON,B0G1TCLR4H,,CKA12ATC518BM,1,10.34,8.62,2026-04-23 12:27:41,amazon Ledsone,false
1150716,206-1953294-9994720,AMAZON,B0G49DDJ63,,WCCYSP180GD2PK+RPR44WH2PK,1,23.89,19.91,2026-04-23 12:38:33,amazon Ledsone,false
1150718,026-8984861-3762717,AMAZON,B0CCJ57823,,SPSDP3BM3PK,1,10.09,8.41,2026-04-23 12:43:21,amazon Ledsone,false
1150727,202-1474591-4329131,AMAZON,B0DYTPN1NZ,,RWWPSY0640YE,1,9.38,5.41,2026-04-23 12:50:49,amazon Ledsone,false
1150739,026-8789074-8930729,AMAZON,B0D6NCHFTZ,,CBFF200WH,1,9.48,5.49,2026-04-23 13:09:02,amazon Ledsone,false
1150747,206-0965365-9894706,AMAZON,B0CP7822Y5,,CBSF95,1,6.99,6.99,2026-04-23 13:19:11,amazon Dcvoltage,false
1150749,204-3962415-8941121,AMAZON,B0DH68NN77,,CL2TBTAPK,1,18.29,18.29,2026-04-23 13:23:17,amazon Dcvoltage,false
1150752,203-0424561-2518728,AMAZON,B0CFHKYH59,,CRSF100BM2PK+PHRNWP1RBM2PK,2,40.18,16.74,2026-04-23 13:28:22,amazon Ledsone,false
1150757,203-4986057-2146765,AMAZON,B0CKDZFS7T,,PLOTBM+ICST64E2740,1,17.29,14.41,2026-04-23 13:37:43,amazon Ledsone,false
1150758,206-0467090-3370760,AMAZON,B0CNJSDYVG,,WCB2WH+RPR44WH,1,11.87,8.98,2026-04-23 13:32:29,amazon Dcvoltage,false
1150764,202-5303957-0569125,AMAZON,B0GNZLCX15,,LHXSHE27BM3PK,1,13.89,11.57,2026-04-23 13:44:28,amazon Ledsone,false
1150767,202-9878786-4353148,AMAZON,B0DCBPD3S6,,WLFS220BM,1,16.89,14.07,2026-04-23 13:48:58,amazon Ledsone,false
1150771,026-7827350-2914700,AMAZON,B08Y6YGMRV,,LSSS300RE+RPR44WH,1,14.99,14.99,2026-04-23 13:58:37,amazon Dcvoltage,false
1150776,206-4841205-5237953,AMAZON,B0BL7LZR24,,LDMT45E2746PK,1,20.79,17.32,2026-04-23 14:05:11,amazon Ledsone,false
1150780,202-5603213-5929148,AMAZON,B07FDXJG55,,CCBC36,1,8.89,8.89,2026-04-23 14:11:41,amazon Dcvoltage,false
1150781,203-5430576-1167518,AMAZON,B08WLZZC5C,,CRSF100CO+PHMU1PBRCO+LSDM220CO,6,131.94,21.99,2026-04-23 14:13:35,amazon Dcvoltage,false
1150782,203-5430576-1167518,AMAZON,B0CKWLQZ83,,CL3RBD5PK,7,97.23,13.89,2026-04-23 14:13:35,amazon Dcvoltage,false
1150783,205-8220396-0488351,AMAZON,B0BBS6B82P,,CL3TBMAPK,1,23.89,19.91,2026-04-23 14:12:41,amazon Ledsone,false
1150785,026-5069102-6982729,AMAZON,B09L8KS17V,,CRSF100BM+PHCH1BMRBM+LSDO400BI,4,86.76,18.07,2026-04-23 14:17:36,amazon Ledsone,false
1150786,204-2022147-8879513,AMAZON,B0F7LLBKDX,,PCBM20PCBMAPK,1,10.79,8.99,2026-04-23 14:18:13,amazon Ledsone,false
1150792,202-9675657-0154709,AMAZON,B07WH1745B,,CRSF1202BM,1,9.78,6.89,2026-04-23 14:21:45,amazon Dcvoltage,false
1150793,026-8397279-6985948,AMAZON,B09GVRX8T1,,CRSF100BM+WSHR135BM+LSDM220SN+ICST64E27,4,87.16,21.79,2026-04-23 14:24:48,amazon Dcvoltage,false
1150794,206-6396574-2515504,AMAZON,B0CNTG891T,,WCB1WH+RPR44WH,1,10.49,10.49,2026-04-23 14:22:40,amazon Dcvoltage,false
1150801,205-4881879-9869169,AMAZON,B0GP73VLM8,,LHPVHRE27WH,4,18.76,3.91,2026-04-23 14:45:29,amazon Ledsone,false
1150802,026-9787939-6466727,AMAZON,B0B71MJFDZ,,CRSF100BM,1,8.88,4.99,2026-04-23 14:45:51,amazon Ledsone,false
1150812,026-1919446-1804315,AMAZON,B0B4G8D4D8,,CNT900YB,1,7.09,5.91,2026-04-23 14:56:48,amazon Ledsone,false
1150819,205-5627664-3591509,AMAZON,B0GTHJQKPG,,LSGL14010CL+RPM40WH,2,21.78,10.89,2026-04-23 15:08:14,amazon Dcvoltage,false
1150825,206-3788871-4572329,AMAZON,B0F292MNGB,,LSCY290BG+RPR44WH,1,17.49,14.57,2026-04-23 15:20:53,amazon Ledsone,false
1150826,203-5086346-9001118,AMAZON,B0GW7VBY3J,,LHSWPBB22GD,1,9.89,8.24,2026-04-23 15:21:52,amazon Ledsone,false
1150827,206-7830575-8357920,AMAZON,B0GLWWJT8F,,PLHNBC,1,14.89,12.41,2026-04-23 15:26:45,amazon Ledsone,false
1150828,203-5800042-0401113,AMAZON,B0CNXLGT97,,CL3TCR3PK,1,7.78,4.49,2026-04-23 15:24:17,amazon Dcvoltage,false
1150845,202-6412606-8661102,AMAZON,B0C9JFJGGH,,PHUH1HETBM+LSHM400HE,1,46.78,27.55,2026-04-23 15:41:20,amazon Ledsone,false
1150846,205-8294741-0441910,AMAZON,B0FN7H975R,,CRSF100CH+LHNSE27CH,1,12.28,7.82,2026-04-23 15:43:05,amazon Ledsone,false
1150849,204-3068477-7081963,AMAZON,B0CVN3HPH6,,CENU19150WH,1,3.94,0.59,2026-04-23 15:55:03,amazon Dcvoltage,false
1150852,203-2350795-9948334,AMAZON,B0DMF2KF74,,ENC9307,1,27.29,22.74,2026-04-23 15:54:23,amazon Ledsone,false
1150859,203-0108805-1357179,AMAZON,B0GR8KX976,,SPPGUK3PBR2PK,1,6.87,3.32,2026-04-23 16:15:13,amazon Ledsone,false
1150861,206-4476479-2777901,AMAZON,B0DH8XSG97,,CL3TORAPK,1,20.99,20.99,2026-04-23 16:10:51,amazon Dcvoltage,false
1150867,206-7372939-0762702,AMAZON,B0GW84WQXL,,LHSWPBB22SN,1,8.24,8.24,2026-04-23 16:15:53,amazon Ledsone,false
1150868,206-7372939-0762702,AMAZON,B0GW8313KY,,LHSWPBB22CH,2,16.48,8.24,2026-04-23 16:15:53,amazon Ledsone,false
1150870,202-3077238-6638761,AMAZON,B0GR8KX976,,SPPGUK3PBR2PK,1,6.87,3.32,2026-04-23 16:24:59,amazon Ledsone,false
1150880,202-2237285-9554710,AMAZON,B08T9K4PBW,,CRSF100CO+LHNSE27CO+LSSS300CO,1,26.89,22.41,2026-04-23 16:31:34,amazon Ledsone,false
1150882,203-7533959-6289101,AMAZON,B07L6T9P7B,,CRSF100GB,2,17.78,8.89,2026-04-23 16:31:30,amazon Dcvoltage,false
1150888,205-0404061-5332334,AMAZON,B0GTJ5P1KW,,LSGL14010CL5PK+RPM40WH5PK,1,40.89,40.89,2026-04-23 16:58:22,amazon Dcvoltage,false
1150889,204-4521290-9957153,AMAZON,B0CKDZFS7T,,PLOTBM+ICST64E2740,2,31.12,14.41,2026-04-23 16:46:16,amazon Ledsone,false
1150902,204-0880907-5657132,AMAZON,B0CNPZDQHZ,,LDMG95E278,2,14.78,7.39,2026-04-23 17:27:41,amazon Dcvoltage,false
1150904,205-8336370-4190739,AMAZON,B0GR8XKW5B,,SPPGUK3PBM2PK,1,6.87,3.32,2026-04-23 17:39:27,amazon Ledsone,false
1150905,204-0474140-5772361,AMAZON,B0BZSKF992,,ENC978,2,43.58,18.16,2026-04-23 17:25:18,amazon Ledsone,false
1150909,202-2911687-4319548,AMAZON,B0FXFQ7F2X,,PLHTBC2PK,2,55.78,30.99,2026-04-23 17:36:35,amazon Dcvoltage,false
1150910,205-9021345-2523512,AMAZON,B095M2HMFW,,WCVCBC+RPR44WH,1,9.72,8.10,2026-04-23 17:30:48,amazon Ledsone,false
1150913,206-9348236-3864369,AMAZON,B0GLGB3M6Q,,LSGLFP245PU+RPM40WH,1,15.89,15.89,2026-04-23 17:46:17,amazon Dcvoltage,false
1150920,202-1449102-8267565,AMAZON,B0CZXL6ZYG,,TPOSBDBM,1,25.89,21.57,2026-04-23 17:48:56,amazon Ledsone,false
1150921,026-5971764-5544329,AMAZON,B086XBYS87,,LHC3E27WH,3,19.47,5.41,2026-04-22 16:01:58,amazon Ledsone,false
1150922,204-4989542-0564309,AMAZON,B0GR4HX6S1,,CRSF100BM+LHNSE27YB+SCRN70BM+LSOL180BG,1,18.69,15.57,2026-04-23 17:52:40,amazon Ledsone,false
1150927,202-1359558-1681130,AMAZON,B08DK4RY1D,,LSSS300RO+RPR44WH,2,36.98,18.49,2026-04-23 17:59:32,amazon SRM Amazon,false
1150928,206-3574011-9616331,AMAZON,B0DH5TJ126,,CL2TLB2PK,1,6.99,6.99,2026-04-23 18:08:08,amazon Dcvoltage,false
1150933,206-5329721-8107540,AMAZON,B0FZ98L16S,,ENC5732,1,48.39,48.39,2026-04-23 18:12:19,amazon SRM Amazon,false
1150935,206-9869222-7415524,AMAZON,B0DX6TP9TZ,,CENU36300WH,1,5.78,2.07,2026-04-23 18:18:58,amazon Ledsone,false
1150936,205-4479580-7818723,AMAZON,B0D76N7NC4,,LSRP260CO2PK+RPR44WH2PK,1,38.59,38.59,2026-04-23 18:16:11,amazon Dcvoltage,false
1150940,026-1190341-2470717,AMAZON,B0CCJ46SZT,,SPSDP3YB6PK,1,14.09,11.74,2026-04-23 18:25:42,amazon Ledsone,false
1150948,026-2072791-3309143,AMAZON,B0DH66Y429,,CL2TBP5PK,2,20.18,10.09,2026-04-23 18:28:35,amazon Dcvoltage,false
1150949,026-5859566-6956314,AMAZON,B0DH6D82LL,,CL2TYEAPK,2,36.58,18.29,2026-04-23 18:28:35,amazon Dcvoltage,false
1150950,205-7444461-3700361,AMAZON,B0GLYGJX1J,,PLHNBM+ICST64E27,1,17.09,17.09,2026-04-23 18:37:23,amazon Dcvoltage,false
1150956,204-0391170-0913115,AMAZON,B0D7S53LSQ,,LSMS320GY2PK+RPR44WH2PK,1,25.89,21.57,2026-04-23 18:42:56,amazon Ledsone,false
1150958,206-1277058-5324308,AMAZON,B07YV66L3P,,CRSF100BM2PK+PHCH1BMRBM2PK+LSCY290BM2PK,1,34.99,34.99,2026-04-23 18:46:47,amazon Dcvoltage,false
1150959,206-1277058-5324308,AMAZON,B07YV5HQGP,,PHSF1BMRBM3PK+LSCY290BM3PK,1,44.99,44.99,2026-04-23 18:46:47,amazon Dcvoltage,false
1150966,206-2773518-6921156,AMAZON,B0DTYDM7RD,,WCVCWH3PK+RPR44WH3PK,1,21.89,18.24,2026-04-23 18:49:13,amazon Ledsone,false
1150967,206-0126145-2007534,AMAZON,B0DCKWL469,,STFG4845WH,1,6.38,2.91,2026-04-23 18:50:01,amazon Ledsone,false
1150968,205-4960746-8597962,AMAZON,B0DCNQYFHZ,,CRFF500BM2PK+PHHT1PBRBM6PK+WCDTBM6PK,2,139.78,58.24,2026-04-23 18:48:10,amazon Ledsone,false
1150969,202-9065619-8950769,AMAZON,B0DCFXBYJG,,LDSG95DIE2745PK,1,29.89,24.91,2026-04-23 18:52:03,amazon Ledsone,false
1150971,026-6704999-8277944,AMAZON,B07RXYLR6M,,PLTYBC,1,17.89,17.89,2026-04-23 18:52:19,amazon Dcvoltage,false
1150978,026-9207062-0431523,AMAZON,B0F28YKH9K,,LSCY290RR+RPR44WH,1,15.89,13.24,2026-04-23 19:00:12,amazon Ledsone,false
1150979,206-3490934-7427566,AMAZON,B0GTJ1BS3K,,LSGL14010CL2PK+RPM40WH2PK,1,13.89,13.89,2026-04-23 19:07:55,amazon Dcvoltage,false
1150988,206-4718459-9533947,AMAZON,B08KH42D5X,,CL2RHE5PK,1,13.99,13.99,2026-04-23 19:28:04,amazon Dcvoltage,false
1150993,026-6439332-0673904,AMAZON,B0CGRMGJYJ,,CRSF100BM2PK+SPUPBM2PK+PHRNWP2RBM2PK,1,22.69,18.91,2026-04-23 19:36:02,amazon Ledsone,false
1150995,202-7551350-3901938,AMAZON,B0CJLHSNRV,,LDCCB225,1,6.49,5.41,2026-04-23 19:39:38,amazon Ledsone,false
1150997,026-7193034-3196355,AMAZON,B0FVXQ6C2W,,WCFL180BM2PK+RPR44WH2PK,1,20.89,20.89,2026-04-23 19:58:18,amazon Dcvoltage,false
1151007,204-4712047-8900361,AMAZON,B0F9YL55QB,,CRSF100HBM+WSWS1PBLBM+PSDS2BPB+ICST64E27,2,35.98,19.99,2026-04-23 20:07:06,amazon Dcvoltage,false
1151020,202-2325959-9922720,AMAZON,B09HS7Z8WH,,CL2TLB5PK,1,17.19,10.16,2026-04-23 20:25:48,amazon Ledsone,false
1151021,206-8055864-9879511,AMAZON,B0DLWN6VQ1,,CL3TBMAPK,1,22.89,22.89,2026-04-23 20:29:41,amazon Dcvoltage,false
1151025,204-0272073-8192347,AMAZON,B0DX6WHN2Q,,CENU50300WH,1,6.38,2.57,2026-04-23 20:35:53,amazon Ledsone,false
1151026,203-4082025-9414707,AMAZON,B08V8X7LN8,,PHFSH1PBRBM+LSMS320CB,1,19.69,19.69,2026-04-23 20:38:10,amazon Dcvoltage,false
1151031,205-7658923-7039562,AMAZON,B0C43LY8DB,,WCDTYE+RPR44WH,1,9.89,8.24,2026-04-23 20:41:04,amazon Ledsone,false
1151032,205-2059799-2115525,AMAZON,B0DV5DF7H5,,ENC8216,1,38.99,32.49,2026-04-23 20:53:09,amazon Ledsone,false
1151037,026-9130857-2559523,AMAZON,B0F9VDQSKW,,CL3RAG3PK,1,6.79,5.66,2026-04-23 20:50:23,amazon Ledsone,false
1151038,206-5695352-0737908,AMAZON,B0DP24V286,,12UK3P2A,1,8.49,8.49,2026-04-23 20:51:17,amazon Dcvoltage,false
1151043,206-9378189-8687508,AMAZON,B07SSFPBJJ,,24IP67120,3,62.07,19.16,2026-04-23 21:03:52,amazon Ledsone,false
1151044,202-7915414-2366721,AMAZON,B0GDDXB14R,,LDMT185E2732PK,1,10.99,9.16,2026-04-23 21:05:48,amazon Ledsone,false
1151046,202-3723133-7781939,AMAZON,B0CS3LSTMS,,WCB7BS+RPR44WH,1,9.89,9.89,2026-04-23 21:13:40,amazon Dcvoltage,false
1151047,203-1397065-0181961,AMAZON,B0DDTTYY58,,LSLT360GY+RPR44WH,2,29.78,14.89,2026-04-23 21:19:02,amazon Dcvoltage,false
1151049,205-7055428-1271546,AMAZON,B0BPMT5TVR,,CRSF100OR,1,9.99,9.99,2026-04-23 21:23:01,amazon Dcvoltage,false
1151050,202-0343494-0785966,AMAZON,B0C5CVP3N6,,CRSF100BM+WSHR135BM+LSFT220YB,1,16.89,14.07,2026-04-23 21:24:28,amazon Ledsone,false
1151051,026-5531584-1087509,AMAZON,B0DVLLVNJ5,,PHSHF1PBRYB+LSMS320BG,3,59.07,16.41,2026-04-23 21:27:57,amazon Ledsone,false
1151057,206-7938719-1785108,AMAZON,B09Z6QKSCN,,LDWWE2712,2,15.78,6.57,2026-04-23 21:29:30,amazon Ledsone,false
1151059,204-4875970-6021102,AMAZON,B08Z7T5CB8,,PHUH2HETBM+LSHM400HE,1,49.89,49.89,2026-04-23 21:36:10,amazon Dcvoltage,false
1151069,203-3730604-8985924,AMAZON,B0DBZKJ72T,,CL3RWX,1,2.09,2.09,2026-04-23 21:45:57,amazon SRM Amazon,false
1151073,026-3313638-6111514,AMAZON,B0CKVYXMSP,,TPHTTF2PBRBM+LSMCSPSQMC,1,28.71,23.92,2026-04-23 21:49:30,amazon Ledsone,false
1151075,205-4530021-1893111,AMAZON,B0GFCSJ289,,ENC394,1,29.89,24.91,2026-04-23 21:51:19,amazon Ledsone,false
1151078,203-2078077-0766753,AMAZON,B0DH97WJ8T,,CL3TLP3PK,1,7.99,7.99,2026-04-23 21:52:41,amazon Dcvoltage,false
1151079,206-0363817-8917926,AMAZON,B0822XFDWV,,CL3RGD,1,4.99,4.99,2026-04-23 21:53:43,amazon Dcvoltage,false
1151082,206-5015210-7000315,AMAZON,B07GJPMHCT,,24IP6750,2,30.00,15.00,2026-04-23 22:03:46,amazon Dcvoltage,false
1151083,203-0973137-1326701,AMAZON,B0GR8KYJPZ,,SPPGUK3PTR2PK,1,6.18,2.74,2026-04-23 22:03:13,amazon Ledsone,false
1151084,203-5235969-2540364,AMAZON,B0DTHKKQV6,,WCB7BM3PK+RPR44WH3PK,1,22.39,22.39,2026-04-23 22:10:06,amazon Dcvoltage,false
1151085,204-7747921-9474739,AMAZON,B0DW3S9NSR,,CRSF100SN2PK+LHNSE27SN2PK+LSSS300SN2PK,1,46.89,46.89,2026-04-23 22:15:05,amazon SRM Amazon,false
1151086,026-4658525-5289935,AMAZON,B0FPWXLWRK,,LDCWA65HB22156PK,1,11.93,7.74,2026-04-23 22:14:25,amazon Ledsone,false
1151088,202-8615045-9649110,AMAZON,B0DTHZ1JX5,,WCDCBM4PK+RPR44WH4PK,1,29.49,24.57,2026-04-23 22:28:34,amazon Ledsone,false
1151090,206-6042504-7100335,AMAZON,B0FXFF5LTD,,WCFL180BM2PK+RPR44WH2PK,1,21.89,18.24,2026-04-23 22:33:29,amazon Ledsone,false
1151091,206-7299930-3088314,AMAZON,B0FTZGFN4K,,WCFL180BM+RPR44WH,1,13.89,11.57,2026-04-23 22:33:29,amazon Ledsone,false
1151093,203-7634952-4796346,AMAZON,B0FZW6829H,,ENC8966,2,47.78,23.89,2026-04-23 22:44:52,amazon Dcvoltage,false
1151099,206-1221794-2282761,AMAZON,B0D3X5SFSB,,CCBKNWE72PK,1,9.29,7.74,2026-04-23 23:27:20,amazon Ledsone,false
1151100,205-2319533-6361155,AMAZON,B0GTHJQKPG,,LSGL14010CL+RPM40WH,1,10.89,10.89,2026-04-23 23:24:12,amazon Dcvoltage,false
1151102,026-7196509-6931501,AMAZON,B0CNTFR3YK,,WCB2BB+RPR44WH,1,9.89,9.89,2026-04-23 23:33:41,amazon Dcvoltage,false
1151106,206-1562409-3459506,AMAZON,B0CSMK9LJ2,,CRFF100BM2PK,1,11.39,11.39,2026-04-23 23:51:50,amazon Dcvoltage,false
1151110,204-4015063-2957965,AMAZON,B0D7S3YDZY,,LSMS320WH+RPR44WH,2,29.98,12.49,2026-04-24 00:14:38,amazon Ledsone,false
1151111,203-5353588-4311535,AMAZON,B0CW5LTNWS,,CRSF100BM+PHHT1PBRBM+LSFT320WH,1,20.78,17.32,2026-04-24 00:17:08,amazon Ledsone,false
1151112,206-5686228-9812327,AMAZON,B09813XKZG,,12IP20600,1,34.99,29.16,2026-04-24 00:30:37,amazon Ledsone,false
1151113,203-2292475-0041943,AMAZON,B0GSFDYXLH,,LSGLULAR+RPM40WH,1,12.89,12.89,2026-04-24 00:46:33,amazon Dcvoltage,false
1151117,203-1340023-9568353,AMAZON,B0CNPZDQHZ,,LDMG95E278,1,7.39,7.39,2026-04-24 01:32:06,amazon Dcvoltage,false
1151118,206-8869652-2054731,AMAZON,B07QW1KPCD,,12RPIP454002,1,26.99,26.99,2026-04-24 01:37:00,amazon Dcvoltage,false
1151173,026-7151459-1057110,AMAZON,B0FTG6TCHF,,TSST349134GYHPK,1,47.49,39.57,2026-04-24 06:39:45,amazon Ledsone,false
1151181,203-0678692-7238728,AMAZON,B0G2L5PHNG,,ENC7766,1,29.89,24.91,2026-04-24 07:16:28,amazon Ledsone,false
1151182,204-4274804-4604364,AMAZON,B08Y973M6R,,LSLG190BG,1,28.99,28.99,2026-04-24 07:17:30,amazon Dcvoltage,false
1151193,206-8843126-5937127,AMAZON,B0D59MBLFB,,WCB3BS2PK+RPR44WH2PK,1,15.89,15.89,2026-04-24 07:39:14,amazon Dcvoltage,false
1151194,203-7570950-0517963,AMAZON,B0FXGSY978,,PLADBC2PK,1,98.89,98.89,2026-04-24 07:41:33,amazon Dcvoltage,false
1151195,206-9318184-6465166,AMAZON,B0B8DV248K,,CRSF1203BM,1,7.49,6.24,2026-04-24 07:45:51,amazon Ledsone,false
1151197,202-9466196-4836343,AMAZON,B093T37BQ8,,LSMS320OR+RPR44WH,1,14.99,12.49,2026-04-24 07:58:46,amazon Ledsone,false
1151198,026-1300164-1804338,AMAZON,B0CNXJD9GN,,CL3TBM3PK,1,7.78,4.49,2026-04-24 07:58:25,amazon Dcvoltage,false
1151206,203-8589020-7273926,AMAZON,B0DH8XPWLY,,CL3TSI3PK,1,7.99,7.99,2026-04-24 08:17:07,amazon Dcvoltage,false
1151210,026-7205532-8501935,AMAZON,B0C3ZTBRHZ,,LSCY290BM+RPR44WH,1,15.89,13.24,2026-04-24 08:24:42,amazon Ledsone,false
1151217,026-9619958-4968304,AMAZON,B0BNW15F5T,,CRSF100BM+LHNSE27YB+SCRN70BM+LSWD360BM,1,28.29,28.29,2026-04-24 08:34:27,amazon Dcvoltage,false
1151228,205-5789660-1337138,AMAZON,B0DCNWF2D4,,PHSF2BMRBM2PK+SPSDP2BM2PK,1,29.89,24.91,2026-04-24 08:51:52,amazon Ledsone,false
1151234,026-8101197-2736336,AMAZON,B0DH9B4NSC,,CL3TIV3PK,1,7.99,7.99,2026-04-24 09:08:51,amazon Dcvoltage,false
1151235,202-1948585-2254718,AMAZON,B0CTTFVY5V,,LSMS320OR+RPR44WH,1,22.49,12.19,2026-04-24 09:12:04,amazon Dcvoltage,false
1151237,205-6921975-7336337,AMAZON,B0DCBKL2DF,,IMCWEPK,1,19.48,19.48,2026-04-24 09:28:33,amazon Dcvoltage,false
1151238,026-3406708-7593123,AMAZON,B0D3X4WHGV,,CCBKNWE482PK,3,45.87,14.16,2026-04-24 09:21:05,amazon Ledsone,false
1151240,202-9562977-3543511,AMAZON,B0CF1L9VBS,,BLOB1GU200+LDGU10WD5,1,23.89,23.89,2026-04-24 09:30:59,amazon Dcvoltage,false
1151241,202-9562977-3543511,AMAZON,B0CF1M23GV,,BLOB1GU2002PK+LDGU10CD52PK,1,44.89,44.89,2026-04-24 09:30:59,amazon Dcvoltage,false
1151242,205-8024895-8781154,AMAZON,B0CKBZ4V22,,CRSF100BM+LHNSE27CO+SCRN70CO+LSFT220BI,1,17.89,17.89,2026-04-24 09:38:08,amazon Dcvoltage,false
1151250,205-2168593-9484347,AMAZON,B07ZFWR48Y,,CRFF100BM+LHNSE27BM,1,10.99,10.99,2026-04-24 09:40:02,amazon Dcvoltage,false
1151251,204-8416423-7983550,AMAZON,B0F8QCBY49,,CERU36200BM,1,4.88,1.66,2026-04-24 09:39:00,amazon Ledsone,false
1151253,204-6355871-5658750,AMAZON,B0GNZLCX15,,LHXSHE27BM3PK,1,13.89,11.57,2026-04-24 09:41:28,amazon Ledsone,false
1151259,026-6284913-8427521,AMAZON,B0CBKFJ1FB,,PHSF2GDTFG+SPSDP2YB,1,14.89,12.41,2026-04-24 09:54:23,amazon Ledsone,false
1151260,203-7776540-3720306,AMAZON,B09M42FP91,,LDMG125E2783PK,1,26.49,26.49,2026-04-24 09:47:00,amazon Dcvoltage,false
1151268,202-6260532-4818746,AMAZON,B0DX6TP9TZ,,CENU36300WH,1,5.77,2.07,2026-04-22 07:40:10,amazon Ledsone,false
1151269,026-1605752-1930716,AMAZON,B0D3X5SFSB,,CCBKNWE72PK,1,9.29,7.74,2026-04-24 10:15:07,amazon Ledsone,false
1151274,204-1896107-9547558,AMAZON,B0FVXQ6C2W,,WCFL180BM2PK+RPR44WH2PK,1,20.89,20.89,2026-04-24 10:24:42,amazon Dcvoltage,false
1151277,206-1958914-1093906,AMAZON,B08P1JKCZX,,LSRP260YB+RPR44WH,2,36.18,18.09,2026-04-24 10:33:32,amazon Dcvoltage,false
1151278,204-2322849-5285111,AMAZON,B0CBLYQK4Z,,WCVCRE2PK+RPR44WH2PK,1,14.79,14.79,2026-04-24 10:36:30,amazon Dcvoltage,false
1151283,204-0030462-3845149,AMAZON,B0D83PFMTP,,WCDCBM3PK+RPR44WH3PK,1,24.09,24.09,2026-04-24 10:40:55,amazon Dcvoltage,false
1151284,205-6994779-1769902,AMAZON,B0D73KRWF7,,LDMT185B2245PK,1,16.89,16.89,2026-04-24 10:41:10,amazon Dcvoltage,false
1151285,203-2287404-1015532,AMAZON,B0FRML5GMP,,PLMJBC,1,26.69,22.24,2026-04-24 10:47:23,amazon Ledsone,false
1151295,206-2175669-8339538,AMAZON,B08XWFCLFB,,WCB2BM+RPR44WH,1,9.41,9.41,2026-04-24 10:56:49,amazon Dcvoltage,false
1151299,204-8600221-7097961,AMAZON,B083XST3WZ,,CL2TBR3PK,1,6.09,5.07,2026-04-24 11:01:44,amazon Ledsone,false
1151300,205-7094984-8579505,AMAZON,B0DB21JHWK,,PSDS2BMRBM3PK,1,32.78,27.32,2026-04-24 11:03:32,amazon Ledsone,false
1151301,204-6891451-8308348,AMAZON,B0GP6YD78R,,LHPVHRE27WHAPK,2,37.60,17.41,2026-04-24 11:05:53,amazon Ledsone,false
1151310,202-7786045-6465938,AMAZON,B0CNJX1DV8,,WCB7WH+RPR44WH,1,9.89,9.89,2026-04-24 11:09:39,amazon Dcvoltage,false
1151316,204-3931661-6627565,AMAZON,B0CV3W93JL,,LDMG95E2782PK,1,12.89,10.74,2026-04-24 11:19:08,amazon Ledsone,false
1151317,202-6478486-5694752,AMAZON,B0D7ZRWBS2,,LSCY290BI2PK+RPR44WH2PK,1,24.99,20.82,2026-04-24 11:15:34,amazon Ledsone,false
1151322,026-2730828-6182731,AMAZON,B0CZ9CH465,,LSMS320BT2PK+RPR44WH2PK,1,26.59,26.59,2026-04-24 11:34:50,amazon Dcvoltage,false
1151326,026-6953876-6677960,AMAZON,B0DH5Z7232,,CL2THE5PK,1,11.99,11.99,2026-04-24 11:41:54,amazon Dcvoltage,false
1151327,204-4700061-5949116,AMAZON,B0D53J48SB,,WCB1WH2PK+RPR44WH2PK,1,15.94,15.94,2026-04-24 11:49:32,amazon Dcvoltage,false
1151337,026-1109435-3984351,AMAZON,B093H8YG8Z,,LSMS320GY+RPR44WH,1,14.99,12.49,2026-04-24 11:51:30,amazon Ledsone,false
1151339,203-7799888-8411505,AMAZON,B0GQ3NTFB8,,PSHYOS4BRBM+SPUPBM+LSDO210BM,1,25.99,21.66,2026-04-24 11:56:25,amazon Ledsone,false
1151340,202-6473976-7656361,AMAZON,B0CDBYNK9B,,WCB3BS+RPR44WH,1,8.97,7.47,2026-04-24 11:57:07,amazon Ledsone,false
1151341,206-9283233-5908358,AMAZON,B098XT8NRN,,LSMS320YE+RPR44WH,1,14.89,14.89,2026-04-24 11:50:34,amazon SRM Amazon,false
1151342,206-9283233-5908358,AMAZON,B098XT1BQN,,LSMS320OR+RPR44WH,1,15.39,15.39,2026-04-24 11:50:34,amazon SRM Amazon,false
1151343,206-9283233-5908358,AMAZON,B098XT9GG5,,LSMS320CB+RPR44WH,1,15.39,15.39,2026-04-24 11:50:34,amazon SRM Amazon,false
1151346,205-8298265-4233108,AMAZON,B0CZXL6ZYG,,TPOSBDBM,1,25.89,21.57,2026-04-24 11:58:46,amazon Ledsone,false
1151347,204-0247204-7829103,AMAZON,B0DF7BD73R,,CRSF100BM+PHRYWP1RBM,1,11.89,9.91,2026-04-24 11:59:51,amazon Ledsone,false
1151348,204-9690080-7236369,AMAZON,B0CTCNQ4NB,,CRSF100WH+CL3TWH+LHSHE27WH,1,13.69,11.41,2026-04-24 12:00:38,amazon Ledsone,false
1151349,202-3578747-8158721,AMAZON,B0DTPG9D8M,,WCB2BM4PK+RPR44WH4PK,1,26.49,22.07,2026-04-24 12:05:10,amazon Ledsone,false
1151354,205-9032815-7771517,AMAZON,B0DYT146SS,,RWWPSY0680YE,1,5.78,2.41,2026-04-24 12:10:45,amazon Ledsone,false
1151357,205-7734135-9154703,AMAZON,B07PM6VXCG,,CL3TBK5PK,1,13.09,13.09,2026-04-24 12:26:47,amazon Dcvoltage,false
1151361,202-5870609-7689148,AMAZON,B0D7S1F3Z7,,LSMS320GY+RPR44WH,1,14.99,12.49,2026-04-24 12:33:45,amazon Ledsone,false
1151365,206-7081419-7267511,AMAZON,B0DV5F3N8Z,,ENC8218,1,32.89,27.41,2026-04-24 12:46:27,amazon Ledsone,false
1151368,205-4298767-0641126,AMAZON,B0DBLRFTWT,,CL3RBKAPK,1,23.49,23.49,2026-04-24 12:55:09,amazon Dcvoltage,false
1151369,204-4408737-4789124,AMAZON,B0FTZGVD1Y,,WCIR300BM+RPR44WH,1,15.89,13.24,2026-04-24 12:52:46,amazon Ledsone,false
1151374,026-0911979-4939520,AMAZON,B093T4L68X,,LSCY290WH+RPR44WH,1,15.59,12.99,2026-04-24 12:57:15,amazon Ledsone,false
1151378,206-4040197-2666769,AMAZON,B0DV5DF7H5,,ENC8216,1,38.99,32.49,2026-04-24 13:15:48,amazon Ledsone,false
1151379,026-7559231-8369136,AMAZON,B0F9WX3HMD,,LSFT220GR+RPR44WH,1,11.99,9.99,2026-04-24 13:16:23,amazon Ledsone,false
1151383,206-0583239-6609947,AMAZON,B0CVLD9WMD,,LSTF400OR2PK+RPR44WH2PK,1,27.89,23.24,2026-04-24 13:19:07,amazon Ledsone,false
1151384,205-2219412-5149155,AMAZON,B0G1TFR4YX,,CKA17ATC4446BM,1,15.49,15.49,2026-04-24 13:21:22,amazon Ledsone,false
1151387,026-1020141-1475501,AMAZON,B0GR8KX976,,SPPGUK3PBR2PK,1,6.87,3.32,2026-04-24 13:26:27,amazon Ledsone,false
1151396,202-3459593-8136334,AMAZON,B0CRZ5RSD6,,LSCY290GR+RPR44WH,1,15.89,15.89,2026-04-24 13:29:49,amazon Dcvoltage,false
1151397,206-7082429-8743549,AMAZON,B08XNQ9CYY,,LSSS300CH+RPR44WH,1,14.49,14.49,2026-04-24 13:32:15,amazon Dcvoltage,false
1151398,205-9211304-1612354,AMAZON,B0G4QXYX5W,,CRSF100BM+PHHF1PBRBM+LSWD360BM,1,21.75,22.89,2026-04-24 13:38:50,amazon Dcvoltage,false
1151400,205-2909485-0427543,AMAZON,B09Z6SCCQ6,,CCBC18,2,13.82,5.76,2026-04-24 13:31:40,amazon Ledsone,false
1151406,204-3791484-1164342,AMAZON,B0D93QM7CS,,ENC5356,1,24.19,20.16,2026-04-24 13:43:45,amazon Ledsone,false
1151411,026-0201088-4157144,AMAZON,B0D73R1MYL,,ENC4846,1,20.79,20.79,2026-04-24 13:47:34,amazon Dcvoltage,false
1151412,204-8439770-8261147,AMAZON,B0G2YBCMRK,,ENC285,1,21.79,21.79,2026-04-24 13:52:29,amazon Dcvoltage,false
1151413,203-7700889-9733951,AMAZON,B0C9TWTCZ8,,LSCY210BG+RPR44WH,3,37.47,12.49,2026-04-24 13:55:22,amazon Dcvoltage,false
1151419,206-6993745-2684314,AMAZON,B0F944BWSZ,,CL3TBM3PK,1,9.89,8.24,2026-04-24 14:13:17,amazon Ledsone,false
1151425,206-6763531-0095509,AMAZON,B0F7R7JVBK,,ENC8606,1,32.89,27.41,2026-04-24 14:27:27,amazon Ledsone,false
1151431,203-4842696-8408328,AMAZON,B09L568VCR,,PLHABC+LSOL180BC,5,100.75,20.15,2026-04-24 14:46:14,amazon Ledsone,false
1151432,203-4842696-8408328,AMAZON,B08NYRSQGP,,PLADBC,3,123.48,41.16,2026-04-24 14:46:14,amazon Ledsone,false
1151445,206-3104050-7615528,AMAZON,B0C7Q8FXCD,,PHHT1FBRBM+LSHM300HE,2,63.78,31.89,2026-04-24 14:52:48,amazon Dcvoltage,false
1151446,204-0248830-0065955,AMAZON,B0CNPV5SC5,,LDMG95B228,1,6.79,6.79,2026-04-24 14:53:53,amazon Dcvoltage,false
1151449,204-4654310-3352306,AMAZON,B0C949416V,,PLTYBM+WCBNBM+LDST45E274,1,22.89,22.89,2026-04-24 15:04:43,amazon Dcvoltage,false
1151450,206-1544786-6076311,AMAZON,B0GGS4DFB1,,CRFF100BM+PHUP1PBRBM+CNT900BM,1,18.57,18.57,2026-04-24 15:03:20,amazon Dcvoltage,false
1151451,203-5793775-3824353,AMAZON,B0G1TG1W65,,CKKLYB,1,10.19,8.49,2026-04-24 14:59:04,amazon Ledsone,false
1151456,205-6976754-7312344,AMAZON,B0DX6WRK79,,CENU25200BM,1,4.38,1.24,2026-04-24 15:16:58,amazon Ledsone,false
1151465,203-4814077-9951515,AMAZON,B0FZCQMY9B,,LSHM400HE2PK+RPR44WH2PK,1,49.40,54.89,2026-04-24 15:22:47,amazon Dcvoltage,false
1151466,026-8588536-6817960,AMAZON,B0FVMCY494,,CERU36150YE,1,4.38,1.24,2026-04-24 15:24:19,amazon Ledsone,false
1151467,202-6422227-5041125,AMAZON,B0BX45BX2R,,LSSS300YE+RPR44WH,1,12.09,10.07,2026-04-24 15:26:15,amazon Ledsone,false
1151475,206-3270967-5936351,AMAZON,B0DHVL2X3W,,LHSHE27FG,1,7.89,7.89,2026-04-24 15:31:23,amazon Dcvoltage,false
1151483,206-9032688-3000357,AMAZON,B08RYTP5WV,,HRE2738WH2PK,1,3.80,0.91,2026-04-24 15:45:50,amazon SRM Amazon,false
1151486,202-7882798-8987505,AMAZON,B0C9THTNSL,,ENC1917,1,21.89,21.89,2026-04-24 15:41:18,amazon Dcvoltage,false
1151489,203-9998666-1529904,AMAZON,B0F29P1SH6,,CERU36150GR,1,4.58,1.41,2026-04-24 15:56:54,amazon Ledsone,false
1151496,205-7551206-7753934,AMAZON,B0DNK2WMKV,,ENC5360,1,29.89,24.91,2026-04-24 16:12:28,amazon Ledsone,false
1151503,026-3122251-3805909,AMAZON,B0DBZ8NT3P,,ENC7393,1,42.79,35.66,2026-04-24 16:14:17,amazon Ledsone,false
1151507,204-1983712-2273920,AMAZON,B0D4TW1GN7,,WLFS220BM,24,268.81,12.44,2026-04-24 16:42:11,amazon Dcvoltage,false
1151508,206-4298415-7777101,AMAZON,B0DFHL7MZ1,,LSCY290BS+RPR44WH,2,31.78,15.89,2026-04-24 16:36:08,amazon Dcvoltage,false
1151514,203-1588837-7516325,AMAZON,B0F2919THD,,LSCY290CO+RPR44WH,1,18.89,15.74,2026-04-24 16:48:54,amazon Ledsone,false
1151521,206-9587030-9374753,AMAZON,B084WS2CVS,,12MIP2060,1,10.19,8.49,2026-04-24 17:03:35,amazon Ledsone,false
1151526,206-5759413-6893140,AMAZON,B0F2GGDBJ1,,RWT460YE,1,10.48,6.32,2026-04-24 17:12:32,amazon Ledsone,false
1151531,204-0775671-4950745,AMAZON,B0DH5MWGZ2,,CL2TGD3PK,1,7.99,7.99,2026-04-24 17:19:39,amazon Dcvoltage,false
1151539,205-5307020-8315542,AMAZON,B0743GYD52,,CO332AORAPK,1,5.58,2.24,2026-04-24 17:43:48,amazon Ledsone,false
1151545,203-6588867-6023549,AMAZON,B0G49DDJ63,,WCCYSP180GD2PK+RPR44WH2PK,1,23.89,19.91,2026-04-24 17:52:43,amazon Ledsone,false
1151546,202-8657174-7744316,AMAZON,B0C2CJ2Z3D,,CL3TBM,1,7.08,3.49,2026-04-24 17:55:30,amazon Ledsone,false
1151547,205-1663740-4513158,AMAZON,B0FTZFHVV1,,WCFL180RO+RPR44WH,1,19.49,12.07,2026-04-24 17:57:22,amazon Ledsone,false
1151553,202-9822105-8784365,AMAZON,B0D9Q634M6,,PLMJBC,4,139.56,34.89,2026-04-24 18:01:58,amazon Dcvoltage,false
1151554,203-3907543-8140314,AMAZON,B0DNK1NCSR,,WSFS2BMYB+SCRN70BM2PK+LSFT220WH2PK,1,29.89,24.91,2026-04-24 18:11:25,amazon Ledsone,false
1151564,026-8575437-0215518,AMAZON,B0DRP6CWSD,,LHSHE27BY2PK,1,10.89,10.89,2026-04-24 18:18:30,amazon SRM Amazon,false
1151565,026-8575437-0215518,AMAZON,B0DRYRRQP4,,LHSHE27BY3PK,1,17.69,17.69,2026-04-24 18:18:30,amazon SRM Amazon,false
1151572,202-0551051-1256326,AMAZON,B0CZNLY8CR,,LSSS300BC2PK+RPR44WH2PK,1,23.99,23.99,2026-04-24 18:28:43,amazon Dcvoltage,false
1151573,204-0972000-8988328,AMAZON,B0DTZ24CTF,,LSMS320BG+RPR44WH,2,33.18,13.82,2026-04-24 18:31:25,amazon Ledsone,false
1151588,202-1730021-4929150,AMAZON,B0CNG5GG2X,,TPHTTF2PBRBM,1,21.89,21.89,2026-04-24 18:55:26,amazon Dcvoltage,false
1151591,204-9752256-5449944,AMAZON,B0F9466PK8,,CL3TGL3PK,1,6.99,5.82,2026-04-24 18:59:59,amazon Ledsone,false
1151592,202-4853393-8525942,AMAZON,B08XNPSWMN,,CRSF100BC+LHNSE27YB+SCRN70BC+LSWD360BC,1,29.89,29.89,2026-04-24 19:08:31,amazon Dcvoltage,false
1151595,202-0210648-3151568,AMAZON,B08PD9RDDQ,,CRSF100CO+LHNSE27CO+LSHH240BC+ICST64E27,1,20.39,20.39,2026-04-24 19:08:31,amazon SRM Amazon,false
1151607,202-0311361-9359500,AMAZON,B0FHPLR9C5,,CRFF100RO2PK+LHNSE27RO2PK,1,23.99,23.99,2026-04-24 19:39:27,amazon Dcvoltage,false
1151608,203-5336533-6828369,AMAZON,B07ZFWR48Y,,CRFF100BM+LHNSE27BM,2,21.98,10.99,2026-04-24 19:45:06,amazon Dcvoltage,false
1151617,205-4923926-7777138,AMAZON,B0874G92H9,,PLTTBM+LSFT220BM,1,22.99,19.16,2026-04-24 20:01:56,amazon Ledsone,false
1151627,205-7828319-1690710,AMAZON,B0BX4GWZK3,,LSMS320GY+RPR44WH,1,14.99,14.99,2026-04-24 20:31:22,amazon Dcvoltage,false
1151628,204-6202924-6315519,AMAZON,B07CVCT7XN,,LDMG95E278,1,7.49,7.49,2026-04-24 20:35:59,amazon Dcvoltage,false
1151634,026-5498005-1238763,AMAZON,B0BZJNS2LG,,PLTEBC,1,19.69,19.69,2026-04-24 20:39:17,amazon Dcvoltage,false
1151642,206-4152763-2848346,AMAZON,B0CB89662N,,LSSS300CH+RPR44WH,3,44.67,14.89,2026-04-24 20:52:20,amazon Dcvoltage,false
1151646,202-8243510-4584351,AMAZON,B0B8P9BKXB,,LDMG125E278,1,10.89,9.07,2026-04-24 21:08:04,amazon Ledsone,false
1151652,206-3088736-0517950,AMAZON,B0FR8ZYWXB,,LSCY290BG2PK+RPR44WH2PK,1,31.79,31.79,2026-04-24 21:24:13,amazon Dcvoltage,false
1151653,026-9411393-8173959,AMAZON,B0B7KCXV72,,CRFF105GB,1,11.68,7.32,2026-04-24 21:24:41,amazon Ledsone,false
1151657,204-2227664-3658765,AMAZON,B0FTZGFN4K,,WCFL180BM+RPR44WH,1,13.89,11.57,2026-04-24 21:30:28,amazon Ledsone,false
1151665,026-2710443-1802760,AMAZON,B075XQNZBL,,LDMST64E274,3,19.47,5.41,2026-04-24 22:06:39,amazon Ledsone,false
1151666,203-0072507-6452326,AMAZON,B0D4YG1QFJ,,LDMG95E2783PK,1,12.19,12.19,2026-04-24 21:51:15,amazon Dcvoltage,false
1151672,204-5374040-1217145,AMAZON,B08XNPSWMN,,CRSF100BC+LHNSE27YB+SCRN70BC+LSWD360BC,1,29.89,29.89,2026-04-24 22:19:46,amazon Dcvoltage,false
1151676,204-9961590-1396307,AMAZON,B083XDTMXF,,CL2TWH3PK,1,9.28,4.99,2026-04-24 22:19:28,amazon Ledsone,false
1151684,202-6794291-8365114,AMAZON,B0CHW3Q9VG,,CRSF100YB+PHCHPCRYB+LSCY290YB,30,838.20,23.28,2026-04-24 23:53:21,amazon Ledsone,false
1151685,202-6259573-4869168,AMAZON,B0FRMSX1PM,,CRSF100YB+WS2LHYB,5,76.05,15.21,2026-04-24 23:53:21,amazon Dcvoltage,false
1151692,206-8763826-2241959,AMAZON,B0C6KFDSSL,,WCWYBM,3,28.47,7.91,2026-04-25 00:20:09,amazon Ledsone,false
1151719,206-7767062-7438717,AMAZON,B0868DXK1B,,CCBKNWE48,1,11.79,9.82,2026-04-25 06:27:55,amazon Ledsone,false
1151742,026-6267630-1744307,AMAZON,B0GSRFYV81,,LHXBTF40E27WH,1,3.09,3.09,2026-04-25 07:33:37,amazon Dcvoltage,false
1151747,205-0948825-2553102,AMAZON,B09GVQM783,,CRSF100BM+WSHR135BM+LSDM220GB,1,18.59,18.59,2026-04-25 07:46:41,amazon Dcvoltage,false
1151752,204-1693239-4904344,AMAZON,B0CNXM9PGM,,CL3RBK3PK,1,7.78,4.49,2026-04-25 07:55:55,amazon Dcvoltage,false
1151762,206-7225720-1274740,AMAZON,B0D6NCB51Z,,COY9ABM2PK,1,12.89,12.89,2026-04-25 08:11:22,amazon Dcvoltage,false
1151769,203-0387658-5346729,AMAZON,B0CFHKYH59,,CRSF100BM2PK+PHRNWP1RBM2PK,1,20.09,16.74,2026-04-25 08:30:15,amazon Ledsone,false
1151770,203-5370333-6141128,AMAZON,B094R3M2DC,,PLADBM,1,47.99,39.99,2026-04-25 08:33:24,amazon Ledsone,false
1151774,205-7192497-7321963,AMAZON,B0DG29SP2H,,LDMA60E274WW2PK,3,26.97,7.49,2026-04-25 08:40:12,amazon Ledsone,false
1151789,204-0702348-2166700,AMAZON,B0DBWN874S,,CL2RLBAPK,1,18.49,18.49,2026-04-25 09:16:02,amazon Dcvoltage,false
1151793,206-2628291-6907507,AMAZON,B09HS8NDLH,,CL2TAG5PK,1,13.39,11.16,2026-04-25 09:21:48,amazon Ledsone,false
1151794,202-3992872-5197934,AMAZON,B0DMF2KF74,,ENC9307,1,27.29,22.74,2026-04-25 09:27:01,amazon Ledsone,false
1151799,202-1697322-9945124,AMAZON,B0DH9BRNQ7,,CL3THE3PK,1,10.88,7.99,2026-04-25 09:32:30,amazon Dcvoltage,false
1151800,204-8072649-8593144,AMAZON,B08XB7WKHQ,,PSDS4BMRRO,1,14.17,14.17,2026-04-25 09:29:50,amazon Dcvoltage,false
1151808,206-8429691-2495503,AMAZON,B07FNP5GYB,,CL3TGD5PK,1,12.59,12.59,2026-04-25 09:55:31,amazon Dcvoltage,false
1151809,203-2073574-2869929,AMAZON,B08NDF5WD2,,WCDTWH+RPR44WH,1,10.89,10.89,2026-04-25 09:55:39,amazon Dcvoltage,false
1151810,205-2888559-6108360,AMAZON,B0GCZNP15R,,CRFF100GB+LHNSE27GB+ICST64E27,1,12.99,12.99,2026-04-25 09:58:19,amazon Dcvoltage,false
1151814,206-4361387-6449957,AMAZON,B0DJCZ8Y3J,,LDMT45E274APK,1,30.49,30.49,2026-04-25 10:06:10,amazon Dcvoltage,false
1151825,203-1414118-5548349,AMAZON,B07L87G8RK,,CL3TWH5PK,1,12.99,12.99,2026-04-25 10:23:20,amazon Dcvoltage,false
1151831,202-9668918-4767536,AMAZON,B0BY56SQKF,,LSMS320CB+RPR44WH,3,44.97,14.99,2026-04-25 10:29:26,amazon Dcvoltage,false
1151833,203-8846928-7068319,AMAZON,B0D4YRGJDR,,LDMG95B2283PK,1,15.09,15.09,2026-04-25 10:36:52,amazon Dcvoltage,false
1151836,203-3194340-2013146,AMAZON,B0GDCN4LCW,,LDMT185E2736PK,1,20.99,17.49,2026-04-25 10:38:55,amazon Ledsone,false
1151837,203-8919606-5492339,AMAZON,B08PC3PVWS,,ENC100,2,73.78,30.74,2026-04-25 10:40:49,amazon Ledsone,false
1151838,204-0628530-1526719,AMAZON,B0F9VDWTYX,,CL3RBM3PK,1,6.79,5.66,2026-04-25 10:51:15,amazon Ledsone,false
1151839,202-7297554-5905113,AMAZON,B0GD5FP27N,,ENC7768,1,32.98,30.69,2026-04-25 10:44:13,amazon Dcvoltage,false
1151846,204-1663573-0653141,AMAZON,B0FTL7SRPW,,TSST349131GR6PK,1,30.98,25.82,2026-04-25 11:06:50,amazon Ledsone,false
1151848,204-0564520-8592346,AMAZON,B0CNJTVX9J,,WCB3WH+RPR44WH,1,9.89,9.89,2026-04-25 11:01:23,amazon Dcvoltage,false
1151856,026-8060658-5077919,AMAZON,B0BNW15F5T,,CRSF100BM+LHNSE27YB+SCRN70BM+LSWD360BM,1,28.29,28.29,2026-04-25 11:16:14,amazon Dcvoltage,false
1151861,206-3467039-7213162,AMAZON,B0GTP4W59M,,LSGL14023SG+RPM40WH,1,13.89,11.57,2026-04-25 11:33:59,amazon Ledsone,false
1151865,026-9040911-2187567,AMAZON,B0BB335TJ3,,CL2RGL5PK,1,13.89,11.57,2026-04-25 11:31:13,amazon Ledsone,false
1151871,205-5151568-1129912,AMAZON,B093T4C95B,,LSMS320CB+RPR44WH,1,13.99,11.66,2026-04-25 11:42:30,amazon Ledsone,false
1151872,203-7472246-7533938,AMAZON,B0GSFB5MT6,,LSGLULCL+RPM40WH,1,12.89,12.89,2026-04-25 11:41:43,amazon Dcvoltage,false
1151873,203-7472246-7533938,AMAZON,B0GSFKP29S,,LSGLULSG+RPM40WH,1,16.89,16.89,2026-04-25 11:41:43,amazon Dcvoltage,false
1151875,205-5293293-1199505,AMAZON,B09HV7T2B5,,CRFF500BM+PHCN1PBRYB3PK+LSDM220YB3PK,1,33.79,28.16,2026-04-25 11:54:29,amazon Ledsone,false
1151876,202-7223855-3033165,AMAZON,B0FPWQN4RL,,LSOL180BS+RPR44WH,1,10.69,8.91,2026-04-25 11:52:57,amazon Ledsone,false
1151879,203-8253083-0041951,AMAZON,B0CJ9DTN5C,,BLOB1GU200+LDGU10CD5,1,23.79,19.82,2026-04-25 11:58:59,amazon Ledsone,false
1151886,026-4202764-9983546,AMAZON,B0DMT5YWLR,,PCFT90TBM5PK,1,11.68,7.32,2026-04-25 12:13:37,amazon Ledsone,false
1151892,206-1193117-2186768,AMAZON,B0D4582L7D,,PHSF2BRTCO+ICST64E27,1,18.69,18.69,2026-04-25 12:21:00,amazon Dcvoltage,false
1151893,202-5625394-8000318,AMAZON,B0DH64Q1RJ,,CL2TBK3PK,1,7.99,7.99,2026-04-25 12:21:05,amazon Dcvoltage,false
1151894,026-3373514-6852369,AMAZON,B0CRZ39GPD,,LSCY290GB+RPR44WH,1,17.89,17.89,2026-04-25 12:24:10,amazon Dcvoltage,false
1151900,203-1549939-4106727,AMAZON,B0F28YKH9K,,LSCY290RR+RPR44WH,1,15.89,13.24,2026-04-25 12:34:38,amazon Ledsone,false
1151911,206-6327066-0540345,AMAZON,B0C9DV894B,,SPSDP2YB,1,6.09,6.09,2026-04-25 12:54:29,amazon Dcvoltage,false
1151912,204-0565391-8570735,AMAZON,B0DJCX8VDR,,LDMT45E2743PK,1,20.49,20.49,2026-04-25 13:08:27,amazon Dcvoltage,false
1151913,026-2815854-7473128,AMAZON,B0F2919THD,,LSCY290CO+RPR44WH,1,18.89,15.74,2026-04-25 13:02:31,amazon Ledsone,false
1151918,204-7939471-3290761,AMAZON,B0GCZG4XFD,,CRSF120WH,2,14.67,4.91,2026-04-25 13:10:05,amazon Ledsone,false
1151927,204-5550291-2642756,AMAZON,B09LYWZC2Y,,CRSF100SN+WSNW170SN+SCRN70SN+LSTF40SN,2,39.40,16.42,2026-04-25 13:29:10,amazon Ledsone,false
1151928,206-5278369-6458705,AMAZON,B0CJ9H7Q2S,,BLOB1GU300+LDGU10WD5,1,24.89,20.74,2026-04-25 13:31:04,amazon Ledsone,false
1151931,204-0485716-0570767,AMAZON,B0FY5X423H,,LDSG1001E27,1,13.99,11.66,2026-04-25 13:47:05,amazon Ledsone,false
1151935,206-9538935-5964312,AMAZON,B0GW83X9F4,,LHSWPBB22GD,1,9.90,9.90,2026-04-25 13:50:27,amazon Dcvoltage,false
1151936,202-2565118-5338726,AMAZON,B0CRZ5RSD6,,LSCY290GR+RPR44WH,1,15.89,15.89,2026-04-25 13:57:06,amazon Dcvoltage,false
1151941,202-6049555-5907525,AMAZON,B0GTJ1BS3K,,LSGL14010CL2PK+RPM40WH2PK,1,13.89,13.89,2026-04-25 13:59:42,amazon Dcvoltage,false
1151942,202-7616831-2192334,AMAZON,B0CQNKMFJH,,PLTFRR+ICST64E2740,1,21.99,21.99,2026-04-25 14:03:01,amazon Dcvoltage,false
1151951,203-1157448-6099530,AMAZON,B0FZWF19RP,,ENC8965,1,33.88,17.07,2026-04-25 12:46:18,amazon Dcvoltage,false
1151961,203-3750060-1409152,AMAZON,B08XWSBPHW,,WCB1BM+RPR44WH,1,10.29,10.29,2026-04-25 14:30:59,amazon Dcvoltage,false
1151962,204-7395963-4030705,AMAZON,B0C948Q2C2,,PLTYBC+WCBNBC+LDST45E274,1,18.89,18.89,2026-04-25 14:25:51,amazon Dcvoltage,false
1151964,026-0063294-4690730,AMAZON,B08V5C7BXW,,CRSF100WH+PHCH1PWRSWH+LSCY290WH,1,21.89,21.89,2026-04-25 14:35:45,amazon Dcvoltage,false
1151973,202-5678537-7315534,AMAZON,B09V89M92G,,CRSF2003BM+PHHN1PBRGD3PK+LSDO210RE3PK,8,311.12,32.41,2026-04-25 14:58:08,amazon Ledsone,false
1151974,205-8038525-6933941,AMAZON,B0GGS4DFB1,,CRFF100BM+PHUP1PBRBM+CNT900BM,1,18.57,18.57,2026-04-25 14:57:23,amazon Dcvoltage,false
1151985,203-0222523-9242761,AMAZON,B0BBS44X58,,CL3TBPAPK,2,35.78,14.91,2026-04-25 15:24:28,amazon Ledsone,false
1151989,202-4895913-4794702,AMAZON,B0DX6NBT9P,,CENU19150WH,1,4.38,0.91,2026-04-25 15:29:49,amazon Ledsone,false
1151990,206-3670540-5794735,AMAZON,B0DJ19521Q,,12IP6720,1,8.88,4.99,2026-04-25 15:37:03,amazon Ledsone,false
1151992,206-6505689-0981965,AMAZON,B0D2951382,,LSCY290CH3PK+RPR44WH3PK,1,34.91,34.91,2026-04-25 15:49:28,amazon Ledsone,false
1151993,206-6505689-0981965,AMAZON,B0D8Y4FV1Z,,LSRP260GB+RPR44WH,1,15.82,15.82,2026-04-25 15:49:28,amazon Ledsone,false
1151994,026-0701646-3658726,AMAZON,B098P74T9J,,CRSF120RR,1,6.29,5.24,2026-04-25 15:56:14,amazon Ledsone,false
1152000,206-2194562-7440353,AMAZON,B0DXQ9BPVH,,LSCY290BB2PK+RPR44WH2PK,1,25.89,21.57,2026-04-25 16:06:21,amazon Ledsone,false
1152001,026-2271202-1692341,AMAZON,B0CX5FNV4X,,LP3DRC18,1,19.19,11.82,2026-04-25 16:16:29,amazon Ledsone,false
1152002,204-3743440-5337902,AMAZON,B0D9RX6QMT,,CRSF100WH2PK,1,18.39,8.85,2026-04-25 16:15:56,amazon Ledsone,false
1152003,205-1488208-3844310,AMAZON,B0DNK2H74S,,ENC5362,1,29.89,24.91,2026-04-25 16:18:35,amazon Ledsone,false
1152012,203-8008359-1594765,AMAZON,B0CCHYSJWC,,SPSDP2YB,1,8.68,4.82,2026-04-25 16:22:35,amazon Ledsone,false
1152017,202-7268343-7338719,AMAZON,B0FPFYTRVT,,LDCWGU1056PK,1,15.19,12.66,2026-04-25 16:31:06,amazon Ledsone,false
1152018,202-3147704-3738706,AMAZON,B0BZPZGS8V,,SLW2,1,7.98,4.24,2026-04-25 16:31:34,amazon Ledsone,false
1152019,203-7545832-3329169,AMAZON,B0DYT146SS,,RWWPSY0680YE,1,5.88,2.49,2026-04-25 16:31:51,amazon Ledsone,false
1152023,204-5501644-0802726,AMAZON,B0D9VX42W6,,SWRO3BM,3,20.19,5.60,2026-04-25 16:41:52,amazon Ledsone,false
1152024,205-5410634-3958747,AMAZON,B0DBZRNJWT,,CL3RRO5PK,1,13.99,13.99,2026-04-25 09:44:24,amazon SRM Amazon,false
1152030,202-4287603-1729121,AMAZON,B0FM7WKKV7,,ENC9035,1,27.89,23.24,2026-04-25 16:51:28,amazon Ledsone,false
1152031,026-6653703-6527526,AMAZON,B0F2HDMBFZ,,RWT480YE,1,11.38,8.49,2026-04-25 16:49:22,amazon Dcvoltage,false
1152037,206-3675996-2133951,AMAZON,B07Q8KKJJS,,24IP6780,1,17.15,17.15,2026-04-25 17:06:19,amazon Dcvoltage,false
1152039,202-9029520-1681151,AMAZON,B0C5QQW97C,,WCVCWH+RPR44WH,1,10.29,10.29,2026-04-25 17:07:31,amazon Dcvoltage,false
1152040,206-8389574-4045103,AMAZON,B0FVMD24HC,,CERU72350GR,1,9.18,5.24,2026-04-25 17:04:32,amazon Ledsone,false
1152050,205-8019525-3869131,AMAZON,B0DSC36PBB,,CRFF140YB+PHAH2RYBGD+SPSDP2YB,1,15.29,15.29,2026-04-25 17:27:57,amazon SRM Amazon,false
1152051,204-1719434-4916311,AMAZON,B0D28WMPYX,,LSCY290AA+RPR44WH,1,15.99,13.32,2026-04-25 17:22:41,amazon Ledsone,false
1152054,205-9467388-3705940,AMAZON,B0C9JFJGGH,,PHUH1HETBM+LSHM400HE,1,33.89,28.24,2026-04-25 17:31:04,amazon Ledsone,false
1152056,203-7923218-1401940,AMAZON,B08Y6YGMRV,,LSSS300RE+RPR44WH,2,29.98,14.99,2026-04-25 17:30:55,amazon Dcvoltage,false
1152062,205-4318896-1465921,AMAZON,B0CHF49HKL,,PHUH1HETBM+LSHM400HE,1,32.69,27.24,2026-04-25 17:47:36,amazon Ledsone,false
1152063,206-0180944-9283544,AMAZON,B08TX2N1T6,,LSMS320YE+RPR44WH,2,31.98,15.99,2026-04-25 17:40:24,amazon Dcvoltage,false
1152070,205-0896030-8261905,AMAZON,B0CSMK6JT3,,CRFF100YB2PK,2,25.00,13.89,2026-04-25 17:55:51,amazon Dcvoltage,false
1152073,026-1884445-0468329,AMAZON,B0FCRLXSD8,,ENC9164,1,20.89,20.89,2026-04-25 18:06:16,amazon Dcvoltage,false
1152074,206-4520195-3347560,AMAZON,B0GWCWM1VY,,CRFF500BM+PHHT1PBRBM3PK+WCCYSP180WH3PK,1,35.90,39.89,2026-04-25 18:08:12,amazon Dcvoltage,false
1152075,202-7509225-5713152,AMAZON,B0BBS118NM,,CL3TBKAPK,1,21.99,18.32,2026-04-25 18:01:24,amazon Ledsone,false
1152076,202-7813947-2285163,AMAZON,B0F292MNGB,,LSCY290BG+RPR44WH,1,17.49,14.57,2026-04-25 18:03:26,amazon Ledsone,false
1152088,202-9602488-1631536,AMAZON,B0GTJ1BS3K,,LSGL14010CL2PK+RPM40WH2PK,1,13.89,13.89,2026-04-25 18:11:14,amazon Dcvoltage,false
1152090,203-5831296-0000353,AMAZON,B0F2DRB7FZ,,LSFS230BM+ICST64E27,1,26.49,22.07,2026-04-25 18:11:58,amazon Ledsone,false
1152098,202-7530084-5798720,AMAZON,B0CBK9X19J,,PHSF2GDRYB+SPSDP2YB,1,15.69,13.07,2026-04-25 18:19:12,amazon Ledsone,false
1152104,204-7876978-6598754,AMAZON,B0GR8KX976,,SPPGUK3PBR2PK,1,6.87,3.32,2026-04-25 18:27:37,amazon Ledsone,false
1152105,204-0095207-6261927,AMAZON,B0DMT5YWLR,,PCFT90TBM5PK,1,11.68,7.32,2026-04-25 18:32:54,amazon Ledsone,false
1152117,204-7158863-3663540,AMAZON,B0D59QFGN7,,WCB2BB2PK+RPR44WH2PK,1,15.49,15.49,2026-04-25 18:55:13,amazon Dcvoltage,false
1152118,204-7158863-3663540,AMAZON,B0D59PXTP8,,WCB1BC2PK+RPR44WH2PK,1,15.89,15.89,2026-04-25 18:55:13,amazon Dcvoltage,false
1152119,204-7158863-3663540,AMAZON,B0D59SHB83,,WCB3BB2PK+RPR44WH2PK,1,16.89,16.89,2026-04-25 18:55:13,amazon Dcvoltage,false
1152120,204-7158863-3663540,AMAZON,B0D59Q2DL8,,WCB6BC2PK+RPR44WH2PK,1,16.29,16.29,2026-04-25 18:55:13,amazon Dcvoltage,false
1152121,206-5710963-4693944,AMAZON,B0874G92H9,,PLTTBM+LSFT220BM,1,22.99,19.16,2026-04-25 18:51:16,amazon Ledsone,false
1152124,206-0965929-0464369,AMAZON,B0F28ZYP9G,,CERU72450GR,1,11.01,7.99,2026-04-25 18:59:26,amazon Dcvoltage,false
1152125,203-8863034-2207508,AMAZON,B0DBZPFS7Q,,CL3RIV5PK,1,13.99,13.99,2026-04-25 19:06:37,amazon SRM Amazon,false
1152126,203-4483728-3753908,AMAZON,B0D2N2MJRP,,CRFF500BM,1,11.89,9.91,2026-04-25 19:04:48,amazon Ledsone,false
1152132,202-5025020-2192307,AMAZON,B0C5CTTHJ4,,CRSF100BM+WSHR135BM+LSFT220BG+ICST64E27,1,19.89,16.57,2026-04-25 19:12:20,amazon Ledsone,false
1152133,204-6461434-2322738,AMAZON,B0CGZSD2RV,,LSMCSPFLMC2PK+RPM40WH2PK,1,45.89,38.24,2026-04-25 19:19:19,amazon Ledsone,false
1152134,202-4519420-9529128,AMAZON,B0CKBZ4V22,,CRSF100BM+LHNSE27CO+SCRN70CO+LSFT220BI,1,17.89,17.89,2026-04-25 19:12:20,amazon Dcvoltage,false
1152144,205-1984226-9723535,AMAZON,B0B9Y5MRSK,,CL3TGD5PK,1,13.99,11.66,2026-04-25 19:29:15,amazon Ledsone,false
1152146,203-9509750-2565131,AMAZON,B09HN2VHQH,,CRSF100GR+PHRB1PWR40WH+CGWDWO+LSBS160GR,2,34.00,15.74,2026-04-25 19:37:31,amazon Ledsone,false
1152153,204-1457996-2510765,AMAZON,B0GR8KYJPZ,,SPPGUK3PTR2PK,1,6.18,2.74,2026-04-25 19:43:48,amazon Ledsone,false
1152154,206-7826626-0959526,AMAZON,B09JM3PLLH,,LDSG125LOE274,1,10.39,8.66,2026-04-25 19:45:58,amazon Ledsone,false
1152155,026-3195999-8662718,AMAZON,B0DH4KYFPD,,WCDTBM2PK+RPR44WH2PK,1,18.29,15.24,2026-04-25 19:48:27,amazon Ledsone,false
1152159,026-5150758-0248361,AMAZON,B07WZTXD29,,CRSF100YB,1,9.78,6.89,2026-04-25 19:56:35,amazon Dcvoltage,false
1152164,206-7080849-7813135,AMAZON,B094R3M2DC,,PLADBM,1,49.55,41.29,2026-04-25 20:16:00,amazon Ledsone,false
1152167,206-1863734-3940360,AMAZON,B0CTTFPLLV,,LSMS320BI+RPR44WH,1,14.99,14.99,2026-04-25 20:19:53,amazon Dcvoltage,false
1152168,026-4525687-1625966,AMAZON,B0G57TF1GT,,CRFF500BM+PHNW1RBM3PK,1,23.89,19.91,2026-04-25 20:21:29,amazon Ledsone,false
1152172,202-3079020-7061155,AMAZON,B0DYTPN1NZ,,RWWPSY0640YE,1,9.38,5.41,2026-04-25 20:36:56,amazon Ledsone,false
1152173,204-5224708-2388332,AMAZON,B0CQT81DRB,,LSDO210BG+RPR44WH,1,13.89,13.89,2026-04-25 20:29:56,amazon Dcvoltage,false
1152174,203-0179530-6461121,AMAZON,B0GQ9XX4PM,,LHXCCE27RR3PK,1,11.58,8.69,2026-04-25 20:38:36,amazon Dcvoltage,false
1152176,206-1253703-6370733,AMAZON,B0FXFF5LTD,,WCFL180BM2PK+RPR44WH2PK,1,21.89,18.24,2026-04-25 20:46:13,amazon Ledsone,false
1152177,203-6870044-7948308,AMAZON,B08VGPPCY1,,WCDTBM+RPR44WH,1,10.29,10.29,2026-04-25 20:50:41,amazon Dcvoltage,false
1152186,204-6213164-9651551,AMAZON,B0C948Q2C2,,PLTYBC+WCBNBC+LDST45E274,1,18.89,18.89,2026-04-25 21:06:40,amazon Dcvoltage,false
1152201,203-4942594-7986748,AMAZON,B08Z7T5CB8,,PHUH2HETBM+LSHM400HE,1,49.89,49.89,2026-04-25 21:22:59,amazon Dcvoltage,false
1152206,204-5755631-0205929,AMAZON,B0CKR9W6X5,,PLHWBC+ICST64E273PK,1,27.89,27.89,2026-04-25 21:31:07,amazon Dcvoltage,false
1152208,206-6274150-9069151,AMAZON,B0F9VFR93D,,CL3RRE3PK,1,6.79,5.66,2026-04-25 21:44:49,amazon Ledsone,false
1152209,202-4717663-9880313,AMAZON,B0946XMYTT,,CRSF100SN+PHMU1PBRSN+LSDO210BS+ICST64E27,1,20.69,17.24,2026-04-25 21:46:11,amazon Ledsone,false
1152214,205-3492013-8857903,AMAZON,B0DDKX2QDP,,SPSDP1YB2PK,1,5.19,4.32,2026-04-25 21:48:53,amazon Ledsone,false
1152216,206-5261386-5185140,AMAZON,B0DXQB65RY,,LSCY290AA2PK+RPR44WH2PK,3,83.37,23.16,2026-04-25 21:53:51,amazon Ledsone,false
1152217,203-0109578-2613935,AMAZON,B0GNZLCX15,,LHXSHE27BM3PK,1,13.89,11.57,2026-04-25 21:57:27,amazon Ledsone,false
1152218,026-8464553-0995523,AMAZON,B0BSFXCHZY,,ENC4262,1,28.39,28.39,2026-04-25 21:55:31,amazon Dcvoltage,false
1152223,203-4773828-7845955,AMAZON,B0GLYWV3LG,,PLTRBM,1,45.89,38.24,2026-04-25 22:12:29,amazon Ledsone,false
1152229,204-6843073-3633139,AMAZON,B0DH96ZNZ4,,CL3TBR3PK,1,8.99,8.99,2026-04-25 22:24:49,amazon Dcvoltage,false
1152230,204-6843073-3633139,AMAZON,B0C9TP29BD,,CNP1000CO,1,8.89,8.89,2026-04-25 22:24:49,amazon Dcvoltage,false
1152231,203-2600741-9445928,AMAZON,B0CG3GTY9C,,WSOSBDBM,2,42.18,17.57,2026-04-25 22:17:31,amazon Ledsone,false
1152242,206-5396500-1471512,AMAZON,B07ZFW1QZD,,CRFF100CH+LHNSE27CH,1,11.69,12.99,2026-04-25 23:02:32,amazon Dcvoltage,false
1152245,202-1935406-4673954,AMAZON,B0DCD25XPJ,,STPVC17ABL3PK,1,4.11,1.22,2026-04-25 23:15:38,amazon Dcvoltage,false
1152256,026-9678672-7934743,AMAZON,B0D7S1F3Z7,,LSMS320GY+RPR44WH,1,14.99,12.49,2026-04-25 23:38:57,amazon Ledsone,false
1152257,202-9703810-4715524,AMAZON,B0CMCPXP21,,CRFF500FG+WCCY1ROGD3PK+LDDTCE27123PK,2,125.78,52.41,2026-04-25 23:11:20,amazon Ledsone,false
1152259,205-9799558-8891518,AMAZON,B0D2977TGQ,,LSCY290YB2PK+RPR44WH2PK,1,28.89,24.07,2026-04-26 00:18:12,amazon Ledsone,false
1152267,026-1272899-7609146,AMAZON,B0DZNQCJX5,,RWWPSY08GY,1,4.58,1.41,2026-04-26 02:45:22,amazon Ledsone,false
1152269,203-5156433-8157903,AMAZON,B0C8NJDTJS,,WCDCBM+RPR44WH,1,10.07,8.39,2026-04-26 03:23:56,amazon Ledsone,false
1152270,206-6078907-3280354,AMAZON,B0GNZLCX15,,LHXSHE27BM3PK,1,13.89,11.57,2026-04-26 03:26:14,amazon Ledsone,false
1152325,206-0410719-4272353,AMAZON,B0D5B63S7G,,WCDTBM2PK+RPR44WH2PK,1,18.79,18.79,2026-04-26 04:39:56,amazon Dcvoltage,false
1152334,026-5447416-6533969,AMAZON,B08XXW4PKK,,WCB7BM+RPR44WH,1,12.38,9.49,2026-04-26 07:17:11,amazon Dcvoltage,false
1152336,204-3080138-6469113,AMAZON,B0CVL5VC3D,,RWWPSY0680YE2PK,1,8.08,4.32,2026-04-26 07:22:31,amazon Ledsone,false
1152342,204-4143451-1768356,AMAZON,B0DH9CJ64R,,CL3TBR2PK,2,11.98,5.99,2026-04-26 07:46:41,amazon Dcvoltage,false
1152344,206-0788252-1647501,AMAZON,B0BX3WJ8XT,,LSSS300BI+RPR44WH,1,14.99,12.49,2026-04-26 07:57:43,amazon Ledsone,false
1152350,026-6151583-9226722,AMAZON,B0CGZQV9Y7,,LSMCSPFLMC+RPM40WH,2,51.78,21.57,2026-04-26 08:28:58,amazon Ledsone,false
1152351,203-0711716-5590742,AMAZON,B084C2T9QZ,,PLWEFBC+LDMST64E274,2,43.32,21.66,2026-04-26 08:33:02,amazon Ledsone,false
1152352,203-0711716-5590742,AMAZON,B092SPP9RQ,,PLWCBC,1,20.74,20.74,2026-04-26 08:33:02,amazon Ledsone,false
1152358,203-2648206-9449100,AMAZON,B01B1J1YL2,,12IP6720,1,9.89,8.24,2026-04-26 08:39:21,amazon Ledsone,false
1152359,202-6012757-2998758,AMAZON,B0GPWPNKG7,,PSDS2BMRBW,2,23.98,9.99,2026-04-26 08:42:06,amazon Ledsone,false
1152369,205-8656224-1322742,AMAZON,B096FYVFJ6,,CRSF100BM+PHCHPBRCO+LSCY290CO+ICST64E27,2,55.98,27.99,2026-04-26 09:07:57,amazon Dcvoltage,false
1152380,026-3986386-6809963,AMAZON,B08XBYXQC6,,CL3TBRAPK,1,19.99,19.99,2026-04-26 09:18:51,amazon Dcvoltage,false
1152395,202-3120293-4733927,AMAZON,B0D53FZ8GS,,WCB2WH2PK+RPR44WH2PK,2,32.58,16.29,2026-04-26 09:51:12,amazon Dcvoltage,false
1152396,026-0271056-1429147,AMAZON,B0C7H2N8J4,,LSFT220NB+RPR44WH,1,10.89,10.89,2026-04-26 09:55:30,amazon Dcvoltage,false
1152405,203-9322624-5085113,AMAZON,B0CVLFG3DT,,RWWPSY0840YE,1,5.88,2.49,2026-04-26 10:18:07,amazon Ledsone,false
1152417,202-7570272-2597119,AMAZON,B0C869G3X9,,CRSF100GB2PK+PHCHPBRGB2PK+LSCY290GB2PK,1,47.89,47.89,2026-04-26 10:37:06,amazon Dcvoltage,false
1152429,205-3196519-2600336,AMAZON,B0CCJ5NB8Z,,SPSDP3BM6PK,1,15.09,12.57,2026-04-26 11:04:52,amazon Ledsone,false
1152434,206-9149591-9961958,AMAZON,B08PDMHBXB,,ENC622,1,37.89,37.89,2026-04-26 11:13:18,amazon Dcvoltage,false
1152435,205-9524106-9173909,AMAZON,B08XNPSWMN,,CRSF100BC+LHNSE27YB+SCRN70BC+LSWD360BC,1,29.89,29.89,2026-04-26 11:18:37,amazon Dcvoltage,false
1152436,026-7705812-9484354,AMAZON,B0CNJSDYVG,,WCB2WH+RPR44WH,1,11.87,8.98,2026-04-26 11:21:14,amazon Dcvoltage,false
1152445,206-0400084-0858707,AMAZON,B0C9JFJGGH,,PHUH1HETBM+LSHM400HE,1,33.89,28.24,2026-04-26 11:32:49,amazon Ledsone,false
1152454,206-4892611-4511511,AMAZON,B0DH4KYFPD,,WCDTBM2PK+RPR44WH2PK,1,18.29,15.24,2026-04-26 11:35:49,amazon Ledsone,false
1152459,205-0697946-3814702,AMAZON,B0CBPTFNRX,,WCB4BM2PK+RPR44WH2PK,1,15.89,15.89,2026-04-26 11:51:57,amazon Dcvoltage,false
1152462,026-3019775-3738725,AMAZON,B0FZW6829H,,ENC8966,1,23.89,23.89,2026-04-26 12:14:12,amazon Dcvoltage,false
1152468,205-8577213-9701110,AMAZON,B07WDXY71X,,CRSF1205YB,1,13.89,13.89,2026-04-26 12:18:56,amazon Dcvoltage,false
1152469,205-9773212-4950755,AMAZON,B0F9WXH3SL,,CL2RBMAPK,1,18.99,15.82,2026-04-26 12:18:56,amazon Ledsone,false
1152470,206-0954824-5715533,AMAZON,B0D28YQP11,,LSCY290GB2PK+RPR44WH2PK,1,32.19,26.82,2026-04-26 12:24:53,amazon Ledsone,false
1152482,204-2272111-0121940,AMAZON,B08XNPBYMH,,LSSS300WH+RPR44WH,1,13.49,13.49,2026-04-26 12:48:48,amazon Dcvoltage,false
1152483,202-7480487-5475507,AMAZON,B07DJYLJ4C,,24IP20400,1,18.89,18.89,2026-04-26 12:46:51,amazon Dcvoltage,false
1152484,204-7749764-7709115,AMAZON,B0CPBXBX8H,,LSCY290RE+RPR44WH,1,15.89,15.89,2026-04-26 12:50:57,amazon Dcvoltage,false
1152491,206-0099974-3257902,AMAZON,B0DH93SBTS,,CL3TGY5PK,1,11.99,11.99,2026-04-26 13:04:28,amazon Dcvoltage,false
1152493,206-8473193-2398760,AMAZON,B09CQG7F5H,,PLDMBC,1,23.39,19.49,2026-04-26 13:01:59,amazon Ledsone,false
1152501,206-4031575-2302766,AMAZON,B0FS1GJH75,,CRSF100SN+LHTPE27JSN,1,11.89,11.89,2026-04-26 13:11:17,amazon SRM Amazon,false
1152502,203-8660577-5843535,AMAZON,B0CC8L3YCS,,CRSF100GB+WSSS70GB+LSRP260GB+ICST64E27,1,26.89,26.89,2026-04-26 13:11:01,amazon Dcvoltage,false
1152509,204-2770603-0835501,AMAZON,B0FXFF5LTD,,WCFL180BM2PK+RPR44WH2PK,1,21.89,18.24,2026-04-26 13:23:10,amazon Ledsone,false
1152537,203-0173077-1833938,AMAZON,B0FXFF5LTD,,WCFL180BM2PK+RPR44WH2PK,1,21.89,18.24,2026-04-26 14:04:03,amazon Ledsone,false
1152538,202-7679405-1401926,AMAZON,B0CKXNDZWQ,,CO1230ACL3PK,1,5.89,4.91,2026-04-26 14:06:01,amazon Ledsone,false
1152539,206-3305715-9694703,AMAZON,B0DH69SJYX,,CL2THEAPK,1,18.29,18.29,2026-04-26 14:02:37,amazon Dcvoltage,false
1152543,205-4012348-7217145,AMAZON,B0F9YQVVKW,,LSMS320NB+RPR44WH,1,14.99,12.49,2026-04-26 14:10:14,amazon Ledsone,false
1152544,203-9803942-0481907,AMAZON,B0DYT146SS,,RWWPSY0680YE,1,5.88,2.49,2026-04-26 14:13:53,amazon Ledsone,false
1152554,206-7774689-9224316,AMAZON,B0C7GL352T,,ENC5167,1,27.49,27.49,2026-04-26 14:27:19,amazon Dcvoltage,false
1152555,205-6460531-3524342,AMAZON,B0GTJ1BS3K,,LSGL14010CL2PK+RPM40WH2PK,1,13.89,13.89,2026-04-26 14:28:54,amazon Dcvoltage,false
1152557,205-1092346-6259503,AMAZON,B08BJ84P75,,12IP6715,1,9.34,6.45,2026-04-26 14:27:29,amazon SRM Amazon,false
1152570,205-3426924-3932302,AMAZON,B0CBCN1B9S,,CRFF500BM+PHCH1BMRBM3PK+LSCY210BG3PK+ICST64E273PK,1,39.99,33.32,2026-04-26 14:41:11,amazon Ledsone,false
1152579,026-1480016-3606718,AMAZON,B08XNPKHZX,,LSSS300YE+RPR44WH,1,13.49,13.49,2026-04-26 14:54:51,amazon Dcvoltage,false
1152580,202-7364317-9837946,AMAZON,B0C7KHDV56,,ENC1972,1,95.89,95.89,2026-04-26 14:55:20,amazon Dcvoltage,false
1152587,205-4989803-0068337,AMAZON,B0CQNKKQTK,,PLTTBS+LSFT220BS,1,20.89,20.89,2026-04-26 15:12:22,amazon Dcvoltage,false
1152588,204-1398831-2724334,AMAZON,B09477YHK7,,LDMG95E278APK,1,35.19,29.32,2026-04-26 15:11:21,amazon Ledsone,false
1152593,203-1651048-2377915,AMAZON,B08S42FF38,,ENC788,1,20.19,16.82,2026-04-26 15:27:58,amazon Ledsone,false
1152597,203-1334021-6278707,AMAZON,B0F8QCBY49,,CERU36200BM,1,4.88,1.66,2026-04-26 15:29:53,amazon Ledsone,false
1152606,026-5545861-6102729,AMAZON,B07CSVGZMV,,CL3TBUAPK,1,19.99,19.99,2026-04-26 15:47:14,amazon Dcvoltage,false
1152607,026-5545861-6102729,AMAZON,B08XBYXQC6,,CL3TBRAPK,1,19.99,19.99,2026-04-26 15:47:14,amazon Dcvoltage,false
1152608,026-5545861-6102729,AMAZON,B08XC363RP,,CL3TROAPK,1,19.99,19.99,2026-04-26 15:47:14,amazon Dcvoltage,false
1152616,203-1848374-7314727,AMAZON,B07WK7ZJ12,,CRSF120YB,1,7.89,7.89,2026-04-26 15:57:36,amazon Dcvoltage,false
1152617,203-1848374-7314727,AMAZON,B07WJ6F6S5,,CRSF1204YB,1,11.89,11.89,2026-04-26 15:57:36,amazon Dcvoltage,false
1152624,203-0761866-9133165,AMAZON,B0D298RPWW,,LSCY290RE+RPR44WH,1,15.89,13.24,2026-04-26 16:11:07,amazon Ledsone,false
1152637,203-3933243-9821960,AMAZON,B0CPBXD3C5,,LSCY290WH+RPR44WH,1,15.89,15.89,2026-04-25 10:22:22,amazon Dcvoltage,false
1152639,204-8563834-8769913,AMAZON,B0FN7H975R,,CRSF100CH+LHNSE27CH,1,14.28,11.99,2026-04-26 16:22:53,amazon SRM Amazon,false
1152648,026-4937517-6003551,AMAZON,B0F2YRB13Q,,RWWPSY10GY,1,5.76,2.49,2026-04-26 16:29:22,amazon Dcvoltage,false
1152655,202-4566903-1825903,AMAZON,B0GGHGNBQY,,CRFF100CH+LHNSE27CH+ICST64E27,1,16.89,16.89,2026-04-26 16:42:58,amazon Dcvoltage,false
1152656,203-9841910-8299546,AMAZON,B0F48KSRDK,,RWWPSY0680YE,1,9.16,5.89,2026-04-26 16:46:56,amazon Dcvoltage,false
1152657,026-1713453-4046751,AMAZON,B07CJXRS7W,,CL2TGY,1,5.34,1.99,2026-04-26 16:43:38,amazon Dcvoltage,false
1152658,205-2937363-0394736,AMAZON,B0FH6JJKV4,,SPSDP2BMY,1,8.78,4.91,2026-04-26 16:45:21,amazon Ledsone,false
1152664,202-5845673-1738756,AMAZON,B0D6769L8H,,SPSDP2BM2PK,1,11.09,11.09,2026-04-26 16:52:49,amazon Dcvoltage,false
1152674,026-4159793-7912306,AMAZON,B093ST24PN,,LDMT185E274,1,5.99,5.99,2026-04-26 16:59:04,amazon Dcvoltage,false
1152675,202-9261196-2564316,AMAZON,B0D6KKSWN8,,LSCY290YE2PK+RPR44WH2PK,1,27.89,27.89,2026-04-26 17:07:00,amazon Dcvoltage,false
1152679,206-1083246-6308324,AMAZON,B0DY7NXLY4,,RWWPSY0640YE,1,9.38,6.49,2026-04-26 16:56:30,amazon SRM Amazon,false
1152684,206-4855175-0519518,AMAZON,B09JVQ6VXT,,LDSG95DIE2743PK,1,24.89,24.89,2026-04-26 17:14:21,amazon Dcvoltage,false
1152685,206-9309767-8709151,AMAZON,B0DZNJDHCQ,,RWWPSY12GY,1,4.88,1.66,2026-04-26 17:12:08,amazon Ledsone,false
1152696,204-9971981-4448350,AMAZON,B0F53L3ZDY,,PLHWRR,1,21.49,21.49,2026-04-26 17:23:49,amazon Dcvoltage,false
1152697,204-9898417-6525157,AMAZON,B0FQVDFF8N,,CRFF108BM+PHRI1PBRBA+LSCY290BG,1,24.39,24.39,2026-04-26 17:27:01,amazon Dcvoltage,false
1152698,026-0864441-1474756,AMAZON,B0F32XTV5C,,RWWPSN08GY,1,5.78,2.41,2026-04-26 17:20:10,amazon Ledsone,false
1152700,203-7945269-6647566,AMAZON,B0G1TD2P7P,,CKAP111BM,1,17.09,14.24,2026-04-26 17:22:05,amazon Ledsone,false
1152706,202-2437966-0757118,AMAZON,B0FJ296YPH,,STPVC17AWH5PK,1,6.18,3.29,2026-04-26 17:29:55,amazon Dcvoltage,false
1152707,205-6007227-3397102,AMAZON,B08NDBQLMZ,,WCDTBM+RPR44WH,1,10.59,10.59,2026-04-26 17:33:13,amazon Dcvoltage,false
1152712,203-2304258-8643502,AMAZON,B07ZFWR48Y,,CRFF100BM+LHNSE27BM,1,10.99,10.99,2026-04-26 17:47:58,amazon Dcvoltage,false
1152727,204-9332179-6917904,AMAZON,B0F9466PK8,,CL3TGL3PK,1,6.99,5.82,2026-04-26 18:03:11,amazon Ledsone,false
1152728,202-4170686-4528369,AMAZON,B091B7NP2G,,LSMCSPDRFL+RPM40WH,1,22.99,22.99,2026-04-26 18:11:02,amazon Dcvoltage,false
1152729,203-7630171-0824330,AMAZON,B0CPBWDFRG,,LSCY290YB+RPR44WH,1,17.89,17.89,2026-04-26 18:10:37,amazon Dcvoltage,false
1152731,204-8064283-3043549,AMAZON,B0G7CBNVMV,,12UK3P5A+SLW8,1,14.17,14.17,2026-04-26 18:14:46,amazon Dcvoltage,false
1152741,202-2697404-0328351,AMAZON,B0BLZFGY38,,LDMG95E274APK,2,61.18,27.41,2026-04-26 18:29:10,amazon Ledsone,false
1152742,205-6747095-9520346,AMAZON,B0CG3GTY9C,,WSOSBDBM,1,21.09,17.57,2026-04-26 18:34:48,amazon Ledsone,false
1152743,203-3990584-1874763,AMAZON,B0FXLQLFRN,,CKAN1942BL,1,13.89,13.89,2026-04-26 18:33:12,amazon Dcvoltage,false
1152744,202-9494333-6633112,AMAZON,B08V5MK449,,CRSF100BM+PHHT1PBRBM+LSCY290BM,2,37.78,18.89,2026-04-26 18:33:57,amazon Dcvoltage,false
1152760,026-7535374-2513950,AMAZON,B0CWPCF144,,WCB7WH2PK+RPR44WH2PK,1,16.09,16.09,2026-04-26 19:07:37,amazon Dcvoltage,false
1152766,206-2029009-3393957,AMAZON,B0D28V95FG,,LSCY290BL2PK+RPR44WH2PK,1,27.49,22.91,2026-04-26 19:13:58,amazon Ledsone,false
1152771,204-5299370-4017138,AMAZON,B0CV7K4PZC,,RWGS1342WH,1,6.75,3.59,2026-04-26 19:25:58,amazon Dcvoltage,false
1152775,206-6935632-8002765,AMAZON,B0D59PP6PC,,WCB1BM2PK+RPR44WH2PK,1,15.98,15.98,2026-04-26 19:30:11,amazon Dcvoltage,false
1152776,026-3395539-3701917,AMAZON,B0C948Q2C2,,PLTYBC+WCBNBC+LDST45E274,1,18.89,18.89,2026-04-26 19:31:42,amazon Dcvoltage,false
1152777,026-0009333-7765945,AMAZON,B0F7R4WP8H,,TSTLRUMRB3PK,1,15.49,15.49,2026-04-26 19:35:23,amazon Dcvoltage,false
1152781,202-8001291-7377104,AMAZON,B0FX3X2Z6F,,ENC8939,1,22.89,19.07,2026-04-26 19:40:56,amazon Ledsone,false
1152784,205-5505394-9897155,AMAZON,B0D9RXDDRK,,CRSF100SN2PK,1,10.89,9.07,2026-04-26 19:49:41,amazon Ledsone,false
1152786,205-7064482-5445931,AMAZON,B0DCFXBYJG,,LDSG95DIE2745PK,1,29.89,24.91,2026-04-26 19:50:23,amazon Ledsone,false
1152788,026-5478746-5844310,AMAZON,B09C2BVT3H,,WSFH1BMYB+PSDS2RBR+SCRN70BM+LSFT220YE,2,44.98,18.74,2026-04-26 19:57:32,amazon Ledsone,false
1152791,206-1092463-5859549,AMAZON,B0CPBVYJG3,,LSCY290GR+RPR44WH,1,16.89,16.89,2026-04-26 20:07:51,amazon Dcvoltage,false
1152793,206-0369110-1869941,AMAZON,B0F292MNGB,,LSCY290BG+RPR44WH,1,17.49,14.57,2026-04-26 19:59:39,amazon Ledsone,false
1152794,026-2842069-7715527,AMAZON,B0B8P9BKXB,,LDMG125E278,2,21.78,9.07,2026-04-26 20:02:05,amazon Ledsone,false
1152795,206-4395948-2667520,AMAZON,B0D793CWZ5,,WCB7BC2PK+RPR44WH2PK,1,13.24,13.24,2026-04-26 20:10:18,amazon Ledsone,false
1152796,206-4395948-2667520,AMAZON,B0D7944QDY,,WCB6BM2PK+RPR44WH2PK,1,13.74,13.74,2026-04-26 20:10:18,amazon Ledsone,false
1152803,206-2688627-3256351,AMAZON,B0CBCN1B9S,,CRFF500BM+PHCH1BMRBM3PK+LSCY210BG3PK+ICST64E273PK,1,39.99,33.32,2026-04-26 20:14:03,amazon Ledsone,false
1152804,026-9466664-0154754,AMAZON,B0D7S5N65L,,LSMS320YE+RPR44WH,1,14.99,12.49,2026-04-26 20:11:22,amazon Ledsone,false
1152805,206-3596572-1726722,AMAZON,B0CBSP6SC2,,LSMS320BI+RPR44WH,1,14.99,12.49,2026-04-26 20:14:49,amazon Ledsone,false
1152807,205-0395939-4945953,AMAZON,B0DH9BRNQ7,,CL3THE3PK,1,10.88,7.99,2026-04-26 20:18:04,amazon Dcvoltage,false
1152811,026-0054870-9709950,AMAZON,B0D7VGL2KR,,SPSDP2YBAPK,1,39.19,32.66,2026-04-26 20:21:37,amazon Ledsone,false
1152812,203-9829072-7864350,AMAZON,B0GVSYH4DM,,WCBTC140FG2PK+RPR44WH2PK,1,22.89,19.07,2026-04-26 20:24:03,amazon Ledsone,false
1152814,205-4623215-6635517,AMAZON,B0GTMQW1WF,,LSGL14010CL3PK+RPM40WH3PK,1,25.89,21.57,2026-04-26 20:27:12,amazon Ledsone,false
1152816,204-5009571-6476339,AMAZON,B07PM5KN1T,,CL3TGL5PK,1,13.09,13.09,2026-04-26 20:25:20,amazon Dcvoltage,false
1152817,203-1493073-8413116,AMAZON,B0DV5DF7H5,,ENC8216,1,38.99,38.99,2026-04-26 20:38:23,amazon SRM Amazon,false
1152818,205-8269065-7649166,AMAZON,B08RYTP5WV,,HRE2738WH2PK,1,3.80,0.91,2026-04-26 20:37:47,amazon SRM Amazon,false
1152820,205-8570472-5977947,AMAZON,B0FPWV2SHR,,LDCWT75B22126PK,1,19.49,16.24,2026-04-26 20:29:40,amazon Ledsone,false
1152821,026-5258049-2648338,AMAZON,B0D2997QLZ,,LSCY290RE3PK+RPR44WH3PK,2,75.78,31.57,2026-04-26 20:32:18,amazon Ledsone,false
1152823,204-7700654-3550701,AMAZON,B0CBPQH72B,,WCB4BS2PK+RPR44WH2PK,1,17.19,17.19,2026-04-26 20:33:10,amazon Dcvoltage,false
1152824,202-6870812-7288313,AMAZON,B0DFGJV866,,WCDTWH5PK+RPR44WH5PK,1,41.89,41.89,2026-04-26 20:35:23,amazon Dcvoltage,false
1152832,203-8377331-5263559,AMAZON,B0DQTC3P7P,,CRFF65YB+RW1FG2PK+LHTTAGU10YB+LDGU10WD5,1,11.69,9.74,2026-04-26 20:38:53,amazon Ledsone,false
1152834,205-0039548-6709170,AMAZON,B0FY2HP9LJ,,PHUH0.5HETBM,2,21.98,9.16,2026-04-26 20:46:51,amazon Ledsone,false
1152838,204-1934140-8861138,AMAZON,B0CY51968Y,,CKTBDFRE,1,12.89,12.89,2026-04-26 22:26:01,amazon Dcvoltage,false
1152839,206-1706854-7863516,AMAZON,B0FZCY5184,,LSHM300HE2PK+RPR44WH2PK,1,43.89,43.89,2026-04-26 20:52:36,amazon Dcvoltage,false
1152844,026-9766854-1339553,AMAZON,B0G49DDJ63,,WCCYSP180GD2PK+RPR44WH2PK,1,23.89,19.91,2026-04-26 21:02:38,amazon Ledsone,false
1152845,205-2268849-3420337,AMAZON,B0DQD9LY98,,PHSF1AGTGB3PK,1,27.89,23.24,2026-04-26 21:08:41,amazon Ledsone,false
1152848,026-8699631-7985137,AMAZON,B0CG5XVG11,,LSCY290BS2PK+RPR44WH2PK,1,28.89,28.89,2026-04-26 21:14:03,amazon Dcvoltage,false
1152849,203-7432205-6925935,AMAZON,B0CBPQMKBF,,WCB7BM2PK+RPR44WH2PK,2,35.78,17.89,2026-04-26 21:15:30,amazon Dcvoltage,false
1152860,204-3474944-1585124,AMAZON,B0CN35HMT6,,CRSF1204BM+PHRY2PCRBM4PK,2,71.78,29.91,2026-04-26 21:26:06,amazon Ledsone,false
1152861,204-6693785-3379527,AMAZON,B083ZS9PGC,,LHAHE27CH,1,5.74,5.74,2026-04-26 21:29:33,amazon Ledsone,false
1152862,204-6693785-3379527,AMAZON,B0F9467GTW,,CL3TCR3PK,1,5.82,5.82,2026-04-26 21:29:33,amazon Ledsone,false
1152863,204-6693785-3379527,AMAZON,B0F945MW4Y,,CL3TGY3PK,1,5.82,5.82,2026-04-26 21:29:33,amazon Ledsone,false
1152866,204-6555756-4779550,AMAZON,B0CNXMKV1L,,CL3TWH3PK,1,10.61,4.49,2026-04-26 21:29:33,amazon Dcvoltage,false
1152867,205-5345137-5209110,AMAZON,B08NDBQLMZ,,WCDTBM+RPR44WH,1,10.59,10.59,2026-04-26 21:32:15,amazon Dcvoltage,false
1152868,203-2896837-2792315,AMAZON,B08P1H5JLL,,LSRP260CO+RPR44WH,1,18.29,18.29,2026-04-26 21:33:10,amazon Dcvoltage,false
1152869,205-5996899-1909945,AMAZON,B0CN3CM8K5,,WCBLBM+RPR44WH,1,10.89,10.89,2026-04-26 21:36:02,amazon Dcvoltage,false
1152870,026-5777659-9211569,AMAZON,B07CJHQ1KW,,5IP2030,1,9.88,6.99,2026-04-26 21:37:01,amazon Dcvoltage,false
1152873,203-9873758-7605116,AMAZON,B0D9QJQLQS,,CL2RGR5PK,1,10.49,8.74,2026-04-26 21:37:23,amazon Ledsone,false
1152874,205-6962141-1793962,AMAZON,B0FPWXQWQD,,LDCWA60HB2296PK,3,29.90,6.24,2026-04-26 21:58:07,amazon Ledsone,false
1152880,203-5771962-2424317,AMAZON,B0F32XTV5C,,RWWPSN08GY,1,5.78,2.41,2026-04-26 21:49:43,amazon Ledsone,false
1152881,202-0765153-7259547,AMAZON,B0DTPB2YC2,,WCB2BM3PK+RPR44WH3PK,1,21.89,18.24,2026-04-26 22:03:16,amazon Ledsone,false
1152882,206-6671388-3887527,AMAZON,B0F7LLBKDX,,PCBM20PCBMAPK,1,10.79,8.99,2026-04-26 22:07:49,amazon Ledsone,false
1152884,202-3100760-1280356,AMAZON,B07L9V6L4Y,,CL3RGDAPK,1,22.99,22.99,2026-04-26 22:14:07,amazon Dcvoltage,false
1152885,206-1229228-7539543,AMAZON,B0CSMJHGLG,,CRSF100BM2PK,1,10.89,10.89,2026-04-26 22:15:48,amazon Dcvoltage,false
1152888,026-2933502-2457941,AMAZON,B0FZCW7KC7,,LSHM300HE+RPR44WH,1,23.09,23.09,2026-04-26 22:21:13,amazon Dcvoltage,false
1152889,206-7465900-4798764,AMAZON,B07ZFWR48Y,,CRFF100BM+LHNSE27BM,1,10.99,10.99,2026-04-26 22:23:39,amazon Dcvoltage,false
1152890,204-1934140-8861138,AMAZON,B0CY5FJMF6,,CKTBDFPI,1,12.89,12.89,2026-04-26 22:26:01,amazon Dcvoltage,false
1152891,204-1934140-8861138,AMAZON,B0CY5CWWHF,,CKTBDFLG,1,12.89,12.89,2026-04-26 22:26:01,amazon Dcvoltage,false
1152892,204-1934140-8861138,AMAZON,B0CY52S258,,CKTBDGBL,1,12.89,12.89,2026-04-26 22:26:01,amazon Dcvoltage,false
1152893,203-3114866-0308361,AMAZON,B0DFHM8LHQ,,LSCY290CH+RPR44WH,1,17.89,17.89,2026-04-26 22:27:09,amazon Dcvoltage,false
1152895,206-6187921-5377162,AMAZON,B0D9RXR847,,WCDTRO3PK+RPR44WH3PK,1,23.89,19.91,2026-04-26 22:35:34,amazon Ledsone,false
1152900,206-0959037-1625936,AMAZON,B0CY2966V8,,ENC6534,1,19.89,16.57,2026-04-26 22:38:23,amazon Ledsone,false
1152905,204-9124979-7259506,AMAZON,B0B8DWXLQ2,,CRSF1202BM,1,9.58,5.57,2026-04-26 22:59:15,amazon Ledsone,false
1152908,205-5047291-2831516,AMAZON,B0GTJ1BS3K,,LSGL14010CL2PK+RPM40WH2PK,1,13.89,13.89,2026-04-26 23:18:15,amazon Dcvoltage,false
1152913,204-3840213-4784317,AMAZON,B0CR3N46YT,,MBEX4055BMEPK,1,14.70,12.25,2026-04-26 23:36:39,amazon Ledsone,false
1152916,026-6611248-9114701,AMAZON,B09MSHG25R,,CRFF500BM+PHCH1BMRBM3PK+LSCY210BG3PK,1,41.89,34.91,2026-04-26 23:45:47,amazon Ledsone,false
1152917,202-6789264-8229926,AMAZON,B0DCK527TN,,STBFT50M48EWH,1,6.38,3.49,2026-04-26 23:48:24,amazon Dcvoltage,false
1152918,204-5380262-3981106,AMAZON,B0DX75TBKB,,CERU72450GR,1,6.16,6.16,2026-04-27 00:05:37,amazon Ledsone,false
1152919,204-5380262-3981106,AMAZON,B0DX77NHRX,,CERU72350GR,2,11.48,5.74,2026-04-27 00:05:37,amazon Ledsone,false
1152920,202-1347517-0887532,AMAZON,B0GLNHSJZ8,,PL4HBM,1,37.89,31.57,2026-04-27 00:17:20,amazon Ledsone,false
1153000,202-6701999-1270719,AMAZON,B0F79CP12G,,CTBOP21XL+CTBOP20XL+CTBOP19XL,1,14.89,14.89,2026-04-27 05:49:41,amazon Dcvoltage,false
1153017,026-3003484-2308344,AMAZON,B0BLP1JSRK,,LDMST64E2786PK,1,20.39,16.99,2026-04-27 06:41:30,amazon Ledsone,false
1153019,203-2379562-9645932,AMAZON,B0DRP87NC8,,LHSHE27GB2PK,1,10.89,10.89,2026-04-27 06:47:12,amazon SRM Amazon,false
1153020,202-6689428-6891544,AMAZON,B08V927KBM,,CRSF100RO+PHSH1PBRRO+LSDM220RO,2,47.98,23.99,2026-04-27 06:44:50,amazon Dcvoltage,false
1153026,204-2790653-2694700,AMAZON,B0CHW3Q9VG,,CRSF100YB+PHCHPCRYB+LSCY290YB,2,57.78,24.07,2026-04-27 06:47:20,amazon Ledsone,false
1153027,202-1349175-7404356,AMAZON,B08X4VXZ38,,CRSF100AA+PHCH1PBRAA+LSCY290AA,1,18.89,15.74,2026-04-27 06:50:39,amazon Ledsone,false
1153043,204-4519725-8760316,AMAZON,B0B8P9BKXB,,LDMG125E278,1,10.89,9.07,2026-04-27 07:03:16,amazon Ledsone,false
1153045,203-6929786-3812330,AMAZON,B0CBPSWQ16,,WCB6WH2PK+RPR44WH2PK,1,18.39,18.39,2026-04-27 07:07:31,amazon Dcvoltage,false
1153048,204-0370122-2779538,AMAZON,B08V5MK449,,CRSF100BM+PHCH1BMRBM+LSCY290BM,2,43.78,21.89,2026-04-27 07:09:45,amazon Dcvoltage,false
1153049,026-3347748-9548323,AMAZON,B0GTHJQKPG,,LSGL14010CL+RPM40WH,1,10.89,10.89,2026-04-27 07:18:34,amazon Dcvoltage,false
1153064,026-8509289-7312361,AMAZON,B0B4BG19YY,,PSDS2BMRBM,1,11.99,9.99,2026-04-27 07:42:13,amazon Ledsone,false
1153073,204-9567905-4321167,AMAZON,B0CN36XXRW,,CRSF1204BM+PHRY2PCRBM4PK,1,35.89,35.89,2026-04-27 07:58:47,amazon Dcvoltage,false
1153078,204-8551638-5067505,AMAZON,B0C4HCZ57T,,LSCY210BG+RPR44WH,1,12.49,10.41,2026-04-27 08:00:57,amazon Ledsone,false
1153085,206-7723306-3741169,AMAZON,B0C43N2F3D,,WCDTWH+RPR44WH,8,82.32,8.57,2026-04-27 08:22:15,amazon Ledsone,false
1153086,203-8973295-2841133,AMAZON,B0D8PBBHK5,,IMRGFPK,1,27.53,22.94,2026-04-27 08:23:55,amazon Ledsone,false
1153092,026-6682102-5928306,AMAZON,B07BB324Q1,,CRFF108GB+HK10GB,1,9.38,5.41,2026-04-27 08:30:16,amazon Ledsone,false
1153098,205-9811532-3531548,AMAZON,B0DBVN7V24,,ENC7539,1,27.49,27.49,2026-04-27 08:44:34,amazon Ledsone,false
1153099,205-9811532-3531548,AMAZON,B09HL39QNP,,CRSF100RE+PHRB1PWRPW+CGWDWO+LSWE315RE,1,15.74,15.74,2026-04-27 08:44:34,amazon Ledsone,false
1153104,204-5135120-5887547,AMAZON,B0D4YRGJDR,,LDMG95B2283PK,2,30.18,15.09,2026-04-27 08:55:00,amazon Dcvoltage,false
1153107,026-0280616-9830729,AMAZON,B0DRP5L3MM,,LHSHE27SN2PK,1,10.89,10.89,2026-04-27 09:01:56,amazon SRM Amazon,false
1153108,202-4156840-4677158,AMAZON,B0CNXMKV1L,,CL3TWH3PK,1,7.84,4.49,2026-04-27 09:09:22,amazon Dcvoltage,false
1153115,026-9457767-5371547,AMAZON,B0DJ19521Q,,12IP6720,1,8.88,4.99,2026-04-27 09:23:06,amazon Ledsone,false
1153119,204-8956336-8912338,AMAZON,B0C2VDBRDW,,CRSF100CO+LHNSE27CO+LSRP260CO,1,27.29,22.74,2026-04-27 09:33:00,amazon Ledsone,false
1153120,204-1281668-7430703,AMAZON,B0D2951382,,LSCY290CH3PK+RPR44WH3PK,1,41.89,34.91,2026-04-27 09:35:26,amazon Ledsone,false
1153125,202-1517797-5490723,AMAZON,B0D6KKSWN8,,LSCY290YE2PK+RPR44WH2PK,1,27.89,27.89,2026-04-27 09:41:32,amazon Dcvoltage,false
1153126,204-6787340-2854744,AMAZON,B0BTTJ33WD,,ENC4394,1,33.89,33.89,2026-04-27 09:46:44,amazon Dcvoltage,false
1153127,206-3576362-4597904,AMAZON,B0DZNQCJX5,,RWWPSY08GY,1,4.58,1.41,2026-04-27 09:33:57,amazon Ledsone,false
1153128,206-0634144-2467520,AMAZON,B0F9X3DK6V,,LSFT220BR+RPR44WH,1,10.89,9.07,2026-04-27 09:44:04,amazon Ledsone,false
1153132,205-4518077-6894769,AMAZON,B0DWDY6DW1,,WSNWBM+LSHQ180BM+ICST64E27,3,64.50,23.89,2026-04-27 09:50:48,amazon Dcvoltage,false
1153133,203-8592353-7848330,AMAZON,B08XNSHS4P,,CRSF100BM+LHNSE27CO+SCRN70BM+LSWD360BM,1,29.89,29.89,2026-04-27 09:54:22,amazon Dcvoltage,false
1153134,026-5468784-1293903,AMAZON,B07JC85MV9,,CRSF100CH+PHUP1PCRCH,3,32.67,10.89,2026-04-27 09:56:44,amazon Dcvoltage,false
1153139,026-0829058-7875500,AMAZON,B0G1T7SGW4,,CKAN1904WH,1,10.89,10.89,2026-04-27 09:58:39,amazon Dcvoltage,false
1153140,204-0294395-8259545,AMAZON,B0965GP6C1,,PLADBM,2,104.07,50.89,2026-04-27 09:54:19,amazon Dcvoltage,false
1153143,203-1463956-7468326,AMAZON,B0F29GB76Y,,SPSD78SN2PK,1,7.59,6.32,2026-04-27 10:00:13,amazon Ledsone,false
1153144,206-2986908-1367537,AMAZON,B0F945CZFB,,CL3TBK3PK,1,11.28,6.66,2026-04-27 10:01:02,amazon Ledsone,false
1153149,206-9759881-3675532,AMAZON,B0CTT9GB4R,,LSMS320WH+RPR44WH,2,29.98,14.99,2026-04-27 10:09:25,amazon Dcvoltage,false
1153150,205-8149939-9886748,AMAZON,B08X9WV762,,PSDS4BMRBU,2,22.68,11.34,2026-04-27 10:12:24,amazon Dcvoltage,false
1153151,205-8149939-9886748,AMAZON,B08X9H66Y3,,PSDS2BMRRO,1,9.59,9.59,2026-04-27 10:12:24,amazon Dcvoltage,false
1153152,203-7924683-9967544,AMAZON,B0DLWPX2QC,,CL3TGLAPK,1,28.89,28.89,2026-04-27 10:15:29,amazon Dcvoltage,false
1153161,203-5215322-3078732,AMAZON,B0FN7L73KF,,CRSF100CH+LHNSE27CH+ICST64E27,4,49.56,10.32,2026-04-27 10:23:48,amazon Ledsone,false
1153165,206-7156822-3749112,AMAZON,B0DDC11VMP,,LSMCSPDRFL+RPM40WH,1,24.89,20.74,2026-04-27 10:33:22,amazon Ledsone,false
1153166,206-9428460-9069163,AMAZON,B0C6KFDSSL,,WCWYBM,1,9.49,7.91,2026-04-27 10:33:21,amazon Ledsone,false
1153167,203-5231580-6807566,AMAZON,B0GDF2B3ML,,LDMT185E273,1,12.19,5.99,2026-04-27 10:34:32,amazon Ledsone,false
1153176,206-4581117-3702752,AMAZON,B0FR6M1MZK,,PHSF2GDTYB3PK+ICST64E273PK,1,41.89,41.89,2026-04-27 10:48:18,amazon Dcvoltage,false
1153177,206-4581117-3702752,AMAZON,B0FL7BRGF4,,PHSF2GDTYB2PK+ICST64E272PK,1,28.89,28.89,2026-04-27 10:48:18,amazon Dcvoltage,false
1153178,204-8558383-3417922,AMAZON,B0DC485GMB,,STRF50IYK3PK,1,29.93,24.94,2026-04-27 10:41:07,amazon Ledsone,false
1153179,202-9715945-5737948,AMAZON,B0CR3T8G7F,,CRFF500BM+PHBH1BRTYB3PK+WCLNBM3PK,1,39.89,33.24,2026-04-27 10:50:34,amazon Ledsone,false
1153183,205-9325121-2147554,AMAZON,B0DNK1NCSR,,WSFS2BMYB+SCRN70BM2PK+LSFT220WH2PK,2,49.82,24.91,2026-04-27 10:49:58,amazon Ledsone,false
1153184,205-9325121-2147554,AMAZON,B0DNK5C3VZ,,ENC5357,3,59.73,19.91,2026-04-27 10:49:58,amazon Ledsone,false
1153185,205-3311211-6464319,AMAZON,B0D87DJ8FQ,,CO232AGYAPK,1,5.78,2.41,2026-04-27 10:51:01,amazon Ledsone,false
1153211,205-1153764-1545930,AMAZON,B0D9S4NRDV,,WLWOCPBM,1,15.49,15.49,2026-04-27 11:13:46,amazon Dcvoltage,false
1153214,206-3232964-4661939,AMAZON,B0CNT2ML5D,,PLADBC,1,49.89,49.89,2026-04-27 11:16:14,amazon Dcvoltage,false
1153223,202-6587712-5529937,AMAZON,B0FTL7SRPW,,TSST349131GR6PK,1,30.98,25.82,2026-04-27 11:31:40,amazon Ledsone,false
1153224,203-2239950-0762707,AMAZON,B0D2951382,,LSCY290CH3PK+RPR44WH3PK,1,41.89,34.91,2026-04-27 11:34:47,amazon Ledsone,false
1153229,026-2473694-4926706,AMAZON,B0GTJ1BS3K,,LSGL14010CL2PK+RPM40WH2PK,1,13.89,13.89,2026-04-27 11:40:30,amazon Dcvoltage,false
1153230,206-0511813-4633104,AMAZON,B0DH96ZNZ4,,CL3TBR3PK,1,8.99,8.99,2026-04-27 11:48:52,amazon Dcvoltage,false
1153233,203-1091376-1053159,AMAZON,B0CZNPP2K1,,LSSS300CH2PK+RPR44WH2PK,1,25.99,25.99,2026-04-27 11:56:01,amazon Dcvoltage,false
1153239,026-1735137-6517100,AMAZON,B0DTPB2YC2,,WCB2BM3PK+RPR44WH3PK,1,21.89,18.24,2026-04-27 12:07:20,amazon Ledsone,false
1153244,205-7504219-5702761,AMAZON,B0DZNLF6LK,,RWWPSY10GY,1,5.38,2.07,2026-04-27 12:14:44,amazon Ledsone,false
1153247,026-3990758-5735539,AMAZON,B0C5QMYCLL,,WCVCBS+RPR44WH,1,12.78,9.89,2026-04-27 12:17:47,amazon Dcvoltage,false
1153252,205-5298749-3502762,AMAZON,B08XWHH87Q,,WCB7BM+RPR44WH,1,11.49,11.49,2026-04-27 12:20:40,amazon Dcvoltage,false
1153253,202-5408838-8074756,AMAZON,B0F2SVTMK7,,TSWGQBRE2PK+TSLCQB25WH3PK+TSLTRE,1,21.79,21.79,2026-04-27 12:20:43,amazon Dcvoltage,false
1153254,206-6648999-5247538,AMAZON,B0F4432H4K,,CENU19150BM2PK,1,5.78,2.89,2026-04-27 12:20:53,amazon Dcvoltage,false
1153257,026-1794202-5458715,AMAZON,B0DDKVTXTM,,SPSDP1WH2PK,1,5.19,4.32,2026-04-27 12:23:33,amazon Ledsone,false
1153272,203-7608092-0213136,AMAZON,B0D7PXKFPM,,PSOS4BMRBR,1,9.91,9.91,2026-04-27 12:48:11,amazon Ledsone,false
1153273,203-7608092-0213136,AMAZON,B0CV5FP1WK,,PSDS4RBL,1,10.82,10.82,2026-04-27 12:48:11,amazon Ledsone,false
1153274,026-9282725-1594761,AMAZON,B0CC8L3YCS,,CRSF100GB+WSSS70GB+LSRP260GB+ICST64E27,2,53.78,26.89,2026-04-27 12:46:40,amazon Dcvoltage,false
1153282,203-7125549-6035541,AMAZON,B0GTYQ6BCV,,LDMT185E2736PK,1,14.99,12.49,2026-04-27 12:56:36,amazon Ledsone,false
1153286,204-9160253-2921926,AMAZON,B0GNZLCX15,,LHXSHE27BM3PK,2,25.84,11.57,2026-04-27 13:03:14,amazon Ledsone,false
1153291,204-1541612-6442765,AMAZON,B0DH61JZSJ,,CL2TAGAPK,1,18.29,18.29,2026-04-27 13:11:31,amazon Dcvoltage,false
1153292,204-1541612-6442765,AMAZON,B0DH9H89G1,,CL3TGLAPK,1,20.99,20.99,2026-04-27 13:11:31,amazon Dcvoltage,false
1153299,205-3706785-3629116,AMAZON,B083Z68HBZ,,CRFF100CH+LHNSE27CH+SCRN70BM+LSFT220CH,1,18.89,18.89,2026-04-27 13:20:44,amazon Dcvoltage,false
1153300,026-9938884-6192339,AMAZON,B0DBLNY4W6,,CL3RBT5PK,1,13.49,13.49,2026-04-27 13:22:42,amazon Dcvoltage,false
1153308,204-0446015-4357126,AMAZON,B0DMDVX4S7,,ENC9313,1,27.89,23.24,2026-04-27 13:37:21,amazon Ledsone,false
1153309,202-6927893-6557155,AMAZON,B0CW39NRYG,,BSTS702RE,1,7.69,7.69,2026-04-27 13:37:40,amazon Dcvoltage,false
1153317,204-2067060-4950750,AMAZON,B0D7ZTRLBH,,LSCY290BM2PK+RPR44WH2PK,5,139.45,23.24,2026-04-27 13:43:10,amazon Ledsone,false
1153322,202-2393592-5569921,AMAZON,B07L5CM76C,,WCBNBM+RPR44WH,1,10.89,10.89,2026-04-27 13:57:06,amazon Dcvoltage,false
1153323,202-2393592-5569921,AMAZON,B07L5D9189,,WCBV62BM+SCRN70BM,1,8.89,8.89,2026-04-27 13:57:06,amazon Dcvoltage,false
1153324,202-2393592-5569921,AMAZON,B07L5CQ4ZM,,WCBNBC+RPR44WH,1,10.89,10.89,2026-04-27 13:57:06,amazon Dcvoltage,false
1153333,202-4578470-9134755,AMAZON,B0CPBXJMSS,,LSCY290OR+RPR44WH,1,15.89,15.89,2026-04-27 14:08:31,amazon Dcvoltage,false
1153339,026-2951640-9589968,AMAZON,B0DX6WMCT6,,CENU19150BM,3,5.89,0.83,2026-04-27 14:09:20,amazon Ledsone,false
1153346,206-9896351-9349913,AMAZON,B0DTT4PKCH,,WCVCWH3PK+RPR44WH3PK,1,22.49,22.49,2026-04-27 14:24:50,amazon Dcvoltage,false
1153347,204-7389020-4041116,AMAZON,B0GSFDYXLH,,LSGLULAR+RPM40WH,1,12.89,12.89,2026-04-27 14:28:30,amazon Dcvoltage,false
1153352,204-0664516-2883553,AMAZON,B08XW91G7T,,WCB7WH+RPR44WH,1,10.09,10.09,2026-04-27 14:30:25,amazon Dcvoltage,false
1153358,205-5819668-9525104,AMAZON,B0C7CJHCB3,,LSCY290CB+RPR44WH,1,15.89,15.89,2026-04-27 14:44:26,amazon Dcvoltage,false
1153359,205-5167597-6988353,AMAZON,B0D2975QTC,,LSCY290OR2PK+RPR44WH2PK,2,47.78,19.91,2026-04-27 14:44:26,amazon Ledsone,false
1153361,203-3621971-0592367,AMAZON,B094DN1XL1,,PLADBC,1,50.86,42.38,2026-04-27 09:38:10,amazon Ledsone,false
1153363,203-6273077-3637938,AMAZON,B0DH221ZSY,,LSHQ180BS2PK+RPR44WH2PK,1,16.49,13.74,2026-04-27 14:51:35,amazon Ledsone,false
1153364,026-7029615-3517925,AMAZON,B0D97S77TR,,ENC7487,1,28.89,24.07,2026-04-27 14:55:37,amazon Ledsone,false
1153370,202-8162973-7245156,AMAZON,B0F43QJMH8,,CENU25200WH,1,4.45,1.49,2026-04-27 15:00:41,amazon Dcvoltage,false
1153371,204-1230605-0849965,AMAZON,B0CNXLHM7Q,,CL3TGD3PK,1,7.78,4.49,2026-04-27 15:02:49,amazon Dcvoltage,false
1153372,203-5936011-9353117,AMAZON,B0DH66Y9T8,,CL2TBKAPK,1,18.29,18.29,2026-04-27 15:04:31,amazon Dcvoltage,false
1153373,202-9488925-1587507,AMAZON,B0DH64L6PN,,CL2TGD5PK,1,11.99,11.99,2026-04-27 15:07:49,amazon Dcvoltage,false
1153374,204-7813302-4533100,AMAZON,B0GNZLCX15,,LHXSHE27BM3PK,1,13.89,11.57,2026-04-27 15:03:27,amazon Ledsone,false
1153377,204-0837800-8567555,AMAZON,B0F4432H4K,,CENU19150BM2PK,2,8.67,2.89,2026-04-27 15:13:54,amazon Dcvoltage,false
1153378,026-9760374-3409941,AMAZON,B0DX6WRK79,,CENU25200BM,1,4.38,1.24,2026-04-27 15:13:23,amazon Ledsone,false
1153379,204-2639062-6649965,AMAZON,B0F9WZ3QD8,,LSFT220WH+RPR44WH,20,222.80,9.07,2026-04-27 15:15:57,amazon Ledsone,false
1153386,202-3882060-9277933,AMAZON,B0CVGXBVDS,,RWWPSY1050YE,1,7.19,7.19,2026-04-27 15:21:43,amazon Dcvoltage,false
1153387,202-3882060-9277933,AMAZON,B0CWMDS3RK,,RWWPSYAE25WH,1,1.29,1.29,2026-04-27 15:21:43,amazon Dcvoltage,false
1153391,202-5634778-4302718,AMAZON,B0D9616XS6,,LSOL180BS2PK+RPR44WH2PK,1,18.49,15.41,2026-04-27 15:29:59,amazon Ledsone,false
1153392,204-7033147-5680313,AMAZON,B0DX6TP9TZ,,CENU36300WH,1,5.78,2.07,2026-04-27 15:31:27,amazon Ledsone,false
1153394,204-7382169-9640309,AMAZON,B07Q8KHSCQ,,24IP67120,1,21.99,21.99,2026-04-27 15:40:41,amazon Dcvoltage,false
1153396,026-3504505-8581113,AMAZON,B0CP7D636F,,ENC4111,1,32.18,29.89,2026-04-27 15:43:25,amazon Dcvoltage,false
1153397,203-3489149-2875522,AMAZON,B0F2Y37T82,,RWWPSN80YE,1,8.68,5.79,2026-04-27 15:44:38,amazon Dcvoltage,false
1153398,202-0728464-6934731,AMAZON,B0DX75TBKB,,CERU72450GR,1,10.28,6.16,2026-04-27 15:58:24,amazon Ledsone,false
1153401,204-6305835-4457163,AMAZON,B0CNXLR6QN,,CL3RRE,10,39.81,3.99,2026-04-27 15:53:43,amazon Dcvoltage,false
1153402,202-7389722-6037158,AMAZON,B0D4YG1QFJ,,LDMG95E2783PK,1,12.19,12.19,2026-04-27 16:01:51,amazon Dcvoltage,false
1153405,202-3191830-5077160,AMAZON,B0FTL7SRPW,,TSST349131GR6PK,1,30.98,25.82,2026-04-27 16:11:30,amazon Ledsone,false
1153408,204-6844794-3572332,AMAZON,B0CHRVWSBM,,CL3RBM5PK,1,12.99,10.82,2026-04-27 16:21:58,amazon Ledsone,false
1153413,205-8538418-9559515,AMAZON,B0FVXQ6C2W,,WCFL180BM2PK+RPR44WH2PK,1,20.89,20.89,2026-04-27 16:31:18,amazon Dcvoltage,false
1153419,026-7146256-8693910,AMAZON,B094R3M2DC,,PLADBM,1,49.55,41.29,2026-04-27 16:32:24,amazon Ledsone,false
1153421,206-6588990-6419519,AMAZON,B0F1CZF38F,,RWWPSY0840YE,1,4.88,1.99,2026-04-27 16:34:29,amazon Dcvoltage,false
1153422,206-9917787-8796334,AMAZON,B0DH9FDGZY,,CL3TBRAPK,1,20.99,20.99,2026-04-27 16:41:07,amazon Dcvoltage,false
1153425,204-7308245-0491530,AMAZON,B0GTJ1BS3K,,LSGL14010CL2PK+RPM40WH2PK,1,13.89,13.89,2026-04-27 16:49:56,amazon Dcvoltage,false
1153426,204-5095093-9177141,AMAZON,B0FXFMNL6B,,WCFRBM2PK,1,35.89,35.89,2026-04-27 16:51:25,amazon Dcvoltage,false
1153428,026-8862663-5338763,AMAZON,B0946XMYTT,,CRSF100SN+PHMU1PBRSN+LSDO210BS+ICST64E27,2,41.38,17.24,2026-04-27 16:47:49,amazon Ledsone,false
1153431,026-9651669-9882725,AMAZON,B0D298QXXM,,LSCY290GY2PK+RPR44WH2PK,2,56.58,23.57,2026-04-27 17:00:18,amazon Ledsone,false
1153432,204-2634466-4937959,AMAZON,B08X4TF49Y,,CRSF100BM+WCRN3CBM,1,19.99,19.99,2026-04-27 16:53:36,amazon Dcvoltage,false
1153436,206-5187981-5593929,AMAZON,B0DCS7FPZB,,BS4ST9WH,1,20.89,20.89,2026-04-27 17:09:03,amazon Dcvoltage,false
1153437,206-2028095-6814758,AMAZON,B0GP7TLRLZ,,LHPVHRE27WH6PK,1,12.89,10.74,2026-04-27 17:07:12,amazon Ledsone,false
1153439,204-1453265-6433109,AMAZON,B0F5B9FJB3,,WCWYBC3PK,1,15.69,13.07,2026-04-27 17:13:57,amazon Ledsone,false
1153442,203-0540572-7293952,AMAZON,B0FVMD24HC,,CERU72350GR,1,9.18,5.24,2026-04-27 17:22:46,amazon Ledsone,false
1153443,026-8382732-4912334,AMAZON,B0BW9FNK1G,,PHSF1PWR40WH+LSBS160BU,8,164.81,19.07,2026-04-27 17:25:30,amazon Ledsone,false
1153444,204-6452166-5716366,AMAZON,B0CKFD2MTJ,,PLTYBM+ICST64E27,2,37.78,15.74,2026-04-27 17:29:57,amazon Ledsone,false
1153448,205-6717507-2905965,AMAZON,B07GCQNJFB,,CL2TBMAPK,1,29.18,26.89,2026-04-27 17:42:11,amazon Dcvoltage,false
1153449,204-8224381-0629952,AMAZON,B0FVXQ6C2W,,WCFL180BM2PK+RPR44WH2PK,1,20.89,20.89,2026-04-27 17:33:49,amazon Dcvoltage,false
1153450,205-6541469-2851525,AMAZON,B0GDDXRR5K,,LDMT185E2735PK,1,18.99,15.82,2026-04-27 17:40:10,amazon Ledsone,false
1153457,202-5533081-4579554,AMAZON,B0FBX56RM8,,PHSF1PBRYB+LSCY290GR,1,17.89,14.91,2026-04-27 17:49:58,amazon Ledsone,false
1153462,206-3986923-5700343,AMAZON,B0CV7V5618,,RWGS1342WH,1,2.99,2.99,2026-04-27 18:01:50,amazon Ledsone,false
1153463,206-3986923-5700343,AMAZON,B0CV7RDB5B,,RWGS1533WH,1,3.24,3.24,2026-04-27 18:01:50,amazon Ledsone,false
1153464,204-6204565-3779516,AMAZON,B0CC62QM7Y,,LSMS320BU+RPR44WH,1,14.99,14.99,2026-04-27 17:56:21,amazon Dcvoltage,false
1153474,205-1619504-4653942,AMAZON,B083XHFBY1,,CL2RBM3PK,1,9.28,4.99,2026-04-27 18:02:54,amazon Ledsone,false
1153475,202-4862546-2242712,AMAZON,B097DVCGSY,,CBSF90,1,5.89,4.91,2026-04-27 18:07:44,amazon Ledsone,false
1153476,204-9731345-0901957,AMAZON,B0GTJ1BS3K,,LSGL14010CL2PK+RPM40WH2PK,1,13.89,13.89,2026-04-27 18:06:31,amazon Dcvoltage,false
1153478,202-5266933-3465912,AMAZON,B08X76DTWC,,PLWCRR,4,87.56,21.89,2026-04-27 18:14:38,amazon Dcvoltage,false
1153485,203-0933153-9734739,AMAZON,B0C8NJDTJS,,WCDCBM+RPR44WH,1,10.07,8.39,2026-04-27 18:22:30,amazon Ledsone,false
1153488,026-1225119-8579552,AMAZON,B0GSZ4BKLZ,,TPBP1CHRWO,1,9.75,9.75,2026-04-27 18:23:52,amazon Ledsone,false
1153489,026-1225119-8579552,AMAZON,B0B9Y5MRSK,,CL3TGD5PK,1,11.66,11.66,2026-04-27 18:23:52,amazon Ledsone,false
1153490,026-1225119-8579552,AMAZON,B0DGQ9N6R9,,CRSF100NB2PK,1,5.76,5.76,2026-04-27 18:23:52,amazon Ledsone,false
1153491,203-6254723-6997910,AMAZON,B0FPWXQWQD,,LDCWA60HB2296PK,2,17.86,6.24,2026-04-27 18:33:23,amazon Ledsone,false
1153504,205-5537812-1579552,AMAZON,B07FDXJG55,,CCBC36,1,8.89,8.89,2026-04-27 18:53:23,amazon Dcvoltage,false
1153505,205-5537812-1579552,AMAZON,B07FDTMWHC,,CCBC24,1,4.89,4.89,2026-04-27 18:53:23,amazon Dcvoltage,false
1153511,202-0742305-6615560,AMAZON,B08V5RPGD1,,CRSF100BC+PHCH1PBRBC+LSCY290BC,2,43.78,21.89,2026-04-27 19:05:15,amazon Dcvoltage,false
1153513,205-0989545-5001935,AMAZON,B0CKWLQZ83,,CL3RBD5PK,1,13.89,13.89,2026-04-27 19:10:41,amazon Dcvoltage,false
1153515,203-9487770-2011514,AMAZON,B0DCFRXXWY,,LDSG95DIE2742PK,1,19.89,16.57,2026-04-27 19:14:48,amazon Ledsone,false
1153517,026-2837028-7136314,AMAZON,B0GTJ1BS3K,,LSGL14010CL2PK+RPM40WH2PK,1,13.89,13.89,2026-04-27 19:14:31,amazon Dcvoltage,false
1153518,026-5496178-8993116,AMAZON,B0CNT1QNSN,,PLADBM,1,50.89,50.89,2026-04-27 19:23:27,amazon Dcvoltage,false
1153519,202-5059477-5741927,AMAZON,B08P1H5JLL,,LSRP260CO+RPR44WH,1,18.29,18.29,2026-04-27 19:24:49,amazon Dcvoltage,false
1153520,204-6391098-1138752,AMAZON,B0B57B6RLH,,CO125ACL5PK,1,6.78,3.24,2026-04-27 19:24:40,amazon Ledsone,false
1153521,205-9497408-7385125,AMAZON,B0GL6HBFGC,,CRSF100BM+LHNSE27YB+SCRN70BM+LSFT220BG+ICST64E2740,1,20.89,17.41,2026-04-27 19:24:26,amazon Ledsone,false
1153555,202-4399791-2924311,AMAZON,B0DH4KYFPD,,WCDTBM2PK+RPR44WH2PK,1,18.29,15.24,2026-04-27 19:34:58,amazon Ledsone,false
1153556,206-3944104-6145158,AMAZON,B093TBM9LD,,CRSF100BB+PHCH1PBRBB+LSCY290BB,5,124.45,20.74,2026-04-27 19:36:33,amazon Ledsone,false
1153557,204-1604230-8965909,AMAZON,B0CKDZZH1L,,PLOTBC+ICST64E2740,3,49.28,14.41,2026-04-27 19:35:42,amazon Ledsone,false
1153559,205-0373148-0909160,AMAZON,B0C9TLSG9C,,ENC1912,1,18.89,18.89,2026-04-27 19:36:57,amazon Dcvoltage,false
1153560,026-7802086-2768327,AMAZON,B0F93GN9Y1,,ENC9045,1,28.99,28.99,2026-04-27 19:42:52,amazon Dcvoltage,false
1153561,203-3980129-1525905,AMAZON,B0FPQZHKXS,,LDCWT75B22122PK,1,15.89,13.24,2026-04-27 19:40:44,amazon Ledsone,false
1153567,205-8723492-2934714,AMAZON,B0GLFZ9BSJ,,LSGLFP245BR+RPM40WH,1,18.89,18.89,2026-04-27 20:00:44,amazon Dcvoltage,false
1153568,206-4582122-6860354,AMAZON,B08P367NNC,,CRSF100SN+LHNSE27SN+LSDM220SN+ICST64E27,1,18.59,18.59,2026-04-27 20:01:34,amazon SRM Amazon,false
1153572,202-3670534-1271562,AMAZON,B0DXQ7LC8N,,LSCY290GR2PK+RPR44WH2PK,1,27.89,23.24,2026-04-27 20:14:51,amazon Ledsone,false
1153575,205-9757282-1869126,AMAZON,B0FZCRB2RS,,LSHM400HE+RPR44WH,1,26.81,29.79,2026-04-27 20:11:01,amazon Dcvoltage,false
1153576,205-9087360-4138758,AMAZON,B08XNPSWMN,,CRSF100BC+LHNSE27YB+SCRN70BC+LSWD360BC,2,59.78,29.89,2026-04-27 20:12:33,amazon Dcvoltage,false
1153577,203-9749089-3451562,AMAZON,B0D6NBRV3X,,COY9ABM3PK,2,36.98,18.49,2026-04-27 20:14:03,amazon Dcvoltage,false
1153578,203-7880794-7061127,AMAZON,B0D4YPNVP1,,CRFF140BM+WSWH135BM+LSDO210BM,5,83.45,16.69,2026-04-27 20:25:12,amazon Dcvoltage,false
1153579,204-9261031-0036349,AMAZON,B0GS9MNQ44,,SPPGUK3PBR4PK,1,10.78,7.89,2026-04-27 20:26:59,amazon Dcvoltage,false
1153580,026-0739889-5897966,AMAZON,B0CNW6G14J,,ENC4316,1,35.24,37.89,2026-04-27 20:25:03,amazon Dcvoltage,false
1153581,204-6022213-1575537,AMAZON,B0C7GLQRH8,,ENC5168,1,23.37,27.49,2026-04-27 20:27:18,amazon Dcvoltage,false
1153582,203-0856415-5857147,AMAZON,B0DYT146SS,,RWWPSY0680YE,4,14.85,2.49,2026-04-27 20:23:22,amazon Ledsone,false
1153584,206-6630797-8049154,AMAZON,B084RL7K8J,,WCB7BS+RPR44WH,1,10.89,9.07,2026-04-27 20:30:45,amazon Ledsone,false
1153586,026-7973974-7090732,AMAZON,B0D295XS3F,,LSCY290CB2PK+RPR44WH2PK,1,27.89,23.24,2026-04-27 20:38:57,amazon Ledsone,false
1153587,204-0952525-2535568,AMAZON,B0DH9CM4NZ,,CL3TLB5PK,1,11.99,11.99,2026-04-27 20:33:25,amazon Dcvoltage,false
1153591,204-8824145-5641134,AMAZON,B09HV6YPCH,,CRFF500BM+PHHT1PBRBM3PK+WCDTBM3PK,1,37.79,31.49,2026-04-27 20:40:03,amazon Ledsone,false
1153592,202-7975486-7978757,AMAZON,B0CG8YY46D,,WCFWROBM2PK+RPR44WH2PK,1,19.89,16.57,2026-04-27 20:40:15,amazon Ledsone,false
1153594,026-2379189-1873101,AMAZON,B0C9TY8GWK,,LSCY210BC+RPR44WH,1,10.89,10.89,2026-04-27 20:45:14,amazon Dcvoltage,false
1153595,026-4707024-1961110,AMAZON,B0DSBP4962,,PLTFBC,1,19.79,19.79,2026-04-27 20:49:07,amazon Dcvoltage,false
1153597,205-7369184-5216322,AMAZON,B0CP7X9MM7,,ENC7625,1,21.89,16.89,2026-04-27 20:57:07,amazon Dcvoltage,false
1153600,203-2766240-3226739,AMAZON,B0FZCRB2RS,,LSHM400HE+RPR44WH,1,26.81,29.79,2026-04-27 20:59:51,amazon Dcvoltage,false
1153601,026-5618873-0928318,AMAZON,B0F43QJMH8,,CENU25200WH,2,5.71,1.49,2026-04-27 21:04:34,amazon Dcvoltage,false
1153602,202-1148954-9976310,AMAZON,B0GTJ1BS3K,,LSGL14010CL2PK+RPM40WH2PK,1,13.89,13.89,2026-04-27 21:05:59,amazon Dcvoltage,false
1153605,205-3293497-6206703,AMAZON,B0743GYD52,,CO332AORAPK,1,5.58,2.24,2026-04-27 21:10:42,amazon Ledsone,false
1153606,204-0022738-0053147,AMAZON,B0DH4KYFPD,,WCDTBM2PK+RPR44WH2PK,1,18.29,15.24,2026-04-27 21:14:31,amazon Ledsone,false
1153607,026-7463726-1460361,AMAZON,B0F6VGRT1S,,PLADBS+ICST64E27603PK,4,235.44,49.05,2026-04-27 21:16:56,amazon Ledsone,false
1153608,206-2471879-4714760,AMAZON,B0DH6HZ1KM,,CL2TAG5PK,1,11.99,11.99,2026-04-27 21:14:15,amazon Dcvoltage,false
1153614,026-0302188-9434745,AMAZON,B0GMGGDPPM,,LSTM320BW+RPR44WH,1,20.29,12.74,2026-04-27 21:22:27,amazon Ledsone,false
1153615,026-9884798-6696302,AMAZON,B09L54F3QS,,PLHABS+LSOL180BS,2,43.38,18.07,2026-04-27 21:16:56,amazon Ledsone,false
1153616,206-4800317-3713126,AMAZON,B0FBX5LP13,,PHSF1PBRYB+LSCY290BI,1,20.79,17.32,2026-04-27 21:22:54,amazon Ledsone,false
1153619,206-0528521-8403554,AMAZON,B08V8SLTTM,,CRSF100GY+PHRB1PWRPW+LSWE315GY,1,18.59,18.59,2026-04-27 21:34:54,amazon Dcvoltage,false
1153621,202-3495776-7767555,AMAZON,B08W1S2WXK,,CRFF108BY+LHNSE27BY+LSDO300WH,1,19.69,19.69,2026-04-27 21:40:10,amazon Dcvoltage,false
1153624,026-4562542-9156342,AMAZON,B0D299FZWX,,LSCY290RE2PK+RPR44WH2PK,1,26.89,22.41,2026-04-27 22:16:40,amazon Ledsone,false
1153627,204-9444886-4355517,AMAZON,B0F6YDBKQ2,,CRSF1205WH,1,7.49,7.49,2026-04-27 22:32:53,amazon Ledsone,false
1153628,204-9444886-4355517,AMAZON,B0GW85WBNB,,CRSF1206WH,1,8.16,8.16,2026-04-27 22:32:53,amazon Ledsone,false
1153629,204-9444886-4355517,AMAZON,B0GW83SXQZ,,CRSF1207WH,1,9.07,9.07,2026-04-27 22:32:53,amazon Ledsone,false
1153630,202-6336893-0315504,AMAZON,B0B9Y59487,,CL3TBR5PK,1,13.79,11.49,2026-04-27 22:45:50,amazon Ledsone,false
1153631,203-6307717-9070745,AMAZON,B0GTJ1BS3K,,LSGL14010CL2PK+RPM40WH2PK,1,13.89,13.89,2026-04-27 23:02:44,amazon Dcvoltage,false
1153634,203-3514442-4688354,AMAZON,B0GTJ5P1KW,,LSGL14010CL5PK+RPM40WH5PK,1,40.89,40.89,2026-04-27 23:02:44,amazon Dcvoltage,false
1153635,202-4598121-8329106,AMAZON,B07QV1ZDZX,,12RPIP4560,1,12.99,12.99,2026-04-27 23:16:10,amazon Dcvoltage,false
1153636,026-6324076-8566712,AMAZON,B0D2979K33,,LSCY290YE3PK+RPR44WH3PK,1,40.99,34.16,2026-04-27 23:15:09,amazon Ledsone,false
1153637,206-9934998-4887548,AMAZON,B07Q8KHJTW,,24IP6760,1,18.49,18.49,2026-04-27 23:27:22,amazon Dcvoltage,false
1153640,202-9380538-9995516,AMAZON,B096FZ186B,,CRSF100BM+PHCHPCRYB+LSCY290YB+ICST64E27,6,167.34,27.89,2026-04-27 23:13:47,amazon Dcvoltage,false
1153667,203-8121008-6237930,AMAZON,B0D7ZTRLBH,,LSCY290BM2PK+RPR44WH2PK,3,83.67,23.24,2026-04-28 00:35:07,amazon Ledsone,false
1153685,202-5277623-2025947,AMAZON,B0CJ4QZ15C,,LSMCSPSQMC+RPM40WH,1,22.89,22.89,2026-04-28 02:11:01,amazon Dcvoltage,false
1153688,204-5296695-1165928,AMAZON,B0FRML5GMP,,PLMJBC,2,50.72,21.13,2026-04-28 02:54:52,amazon Ledsone,false
1153689,206-9470267-3961151,AMAZON,B0D2N41QCP,,CRFF500WH,1,12.49,10.41,2026-04-28 03:00:16,amazon Ledsone,false
1153750,206-5469308-4679520,AMAZON,B0BBB4H59J,,CL3RGY5PK,1,15.79,13.16,2026-04-28 04:39:05,amazon Ledsone,false
1153778,202-8704653-3206721,AMAZON,B09BVZ6DXT,,WCTBRR,1,41.89,34.91,2026-04-28 04:50:14,amazon Ledsone,false
1153803,203-2885418-6910757,AMAZON,B0C8NJDTJS,,WCDCBM+RPR44WH,1,10.07,8.39,2026-04-28 06:57:22,amazon Ledsone,false
1153804,206-9790644-6389939,AMAZON,B0FZCW7KC7,,LSHM300HE+RPR44WH,1,23.09,23.09,2026-04-28 06:52:09,amazon Dcvoltage,false
1153812,203-7202298-5201936,AMAZON,B0D59Q2DL8,,WCB6BC2PK+RPR44WH2PK,1,16.29,16.29,2026-04-28 07:29:09,amazon Dcvoltage,false
1153813,204-8436172-0481959,AMAZON,B0965GP6C1,,PLADBM,2,101.78,50.89,2026-04-28 07:31:37,amazon Dcvoltage,false
1153815,202-8757754-8805904,AMAZON,B0GLPJH67X,,PL4HBM,1,37.09,37.09,2026-04-28 07:37:38,amazon Dcvoltage,false
1153816,206-9248160-8958743,AMAZON,B0DJBSQXTJ,,HLRK45BM5PK,1,9.99,8.32,2026-04-28 07:31:11,amazon Ledsone,false
1153819,205-6570825-5921943,AMAZON,B0CGRQ5Z4T,,CRSF100BM2PK+PHRYWP1RBM2PK,2,41.38,17.24,2026-04-28 07:40:31,amazon Ledsone,false
1153821,205-6416595-3586752,AMAZON,B0CV5HMZM3,,CRFF108CH2PK+HK10CH2PK,1,13.99,11.66,2026-04-28 07:48:32,amazon Ledsone,false
1153834,203-6727087-2858705,AMAZON,B0D73JL1KR,,LDST185B224,3,13.89,4.63,2026-04-28 08:11:49,amazon Dcvoltage,false
1153847,204-2390016-8403564,AMAZON,B0GTJ1BS3K,,LSGL14010CL2PK+RPM40WH2PK,1,13.89,13.89,2026-04-28 08:42:45,amazon Dcvoltage,false
1153852,205-0371638-8270716,AMAZON,B09MWJH3SX,,ENC2248,1,29.89,24.91,2026-04-28 08:55:25,amazon Ledsone,false
1153855,202-0114439-8914742,AMAZON,B0B71MJFDZ,,CRSF100BM,2,14.87,4.99,2026-04-28 09:06:14,amazon Ledsone,false
1153858,206-9016275-6730756,AMAZON,B0CZLDKF3Z,,LSSS300GB2PK+RPR44WH2PK,1,23.99,23.99,2026-04-28 09:11:14,amazon Dcvoltage,false
1153859,204-3834275-2036324,AMAZON,B0DBLNDY2B,,CL3RIV5PK,1,13.49,13.49,2026-04-28 09:16:18,amazon Dcvoltage,false
1153866,205-4356318-0245112,AMAZON,B0CG3GTY9C,,WSOSBDBM,1,21.09,17.57,2026-04-28 09:22:15,amazon Ledsone,false
1153868,205-8613470-5812323,AMAZON,B0FPWXQWQD,,LDCWA60HB2296PK,1,10.13,6.24,2026-04-28 09:27:05,amazon Ledsone,false
1153869,204-3320366-7395501,AMAZON,B0DX6BP7GV,,CENU46450WH,1,7.18,3.24,2026-04-28 09:27:11,amazon Ledsone,false
1153870,206-2857223-3985107,AMAZON,B0CNXJD9GN,,CL3TBM3PK,1,7.78,4.49,2026-04-28 09:21:54,amazon Dcvoltage,false
1153877,206-0144163-9078758,AMAZON,B08V51F3BN,,CRSF100BM+PHCH1PBRSBM+LSMS320BI,1,21.99,21.99,2026-04-28 09:30:35,amazon Dcvoltage,false
1153885,205-2965267-1377105,AMAZON,B0B82XR5Y1,,PHSF1GDRYB,1,13.69,11.41,2026-04-28 09:42:17,amazon Ledsone,false
1153887,204-5404737-0817164,AMAZON,B0D59PP6PC,,WCB1BM2PK+RPR44WH2PK,1,15.98,15.98,2026-04-28 09:42:16,amazon Dcvoltage,false
1153888,203-4932765-8704351,AMAZON,B0CNRVW11R,,LDMT185E274,2,11.98,5.99,2026-04-28 09:46:26,amazon Dcvoltage,false
1153890,026-9530350-0523554,AMAZON,B0FPWXQWQD,,LDCWA60HB2296PK,1,10.13,6.24,2026-04-28 09:57:14,amazon Ledsone,false
1153891,026-5282586-0523525,AMAZON,B0F4KN3FGH,,ENC1276,1,58.49,48.74,2026-04-28 09:57:35,amazon Ledsone,false
1153892,204-9092342-5713968,AMAZON,B0CZNPP2K1,,LSSS300CH2PK+RPR44WH2PK,1,25.99,25.99,2026-04-28 09:54:56,amazon Dcvoltage,false
1153893,026-5560597-8336302,AMAZON,B094NK21SK,,ENC1522,1,54.89,54.89,2026-04-28 09:55:42,amazon Dcvoltage,false
1153895,202-5945808-3659565,AMAZON,B0GS9J7ZYR,,SPPGUK3PTR6PK,1,9.59,9.59,2026-04-28 10:02:35,amazon Dcvoltage,false
1153896,202-5945808-3659565,AMAZON,B0GTVN9T9V,,LDMT185B2245PK,1,15.99,15.99,2026-04-28 10:02:35,amazon Dcvoltage,false
1153897,202-8325823-4821109,AMAZON,B0DH9GCQNJ,,CL3TCRAPK,1,20.99,20.99,2026-04-28 10:03:30,amazon Dcvoltage,false
1153903,202-9286502-6898741,AMAZON,B0F944BWSZ,,CL3TBM3PK,1,9.89,8.24,2026-04-28 10:05:02,amazon Ledsone,false
1153904,026-3378239-3928323,AMAZON,B09JZHPLM6,,LDCWB22123PK,2,17.98,8.99,2026-04-28 10:13:15,amazon SRM Amazon,false
1153911,203-9335993-5513917,AMAZON,B0CN2ZMT1F,,ENC5706,1,26.99,26.99,2026-04-28 10:23:21,amazon Dcvoltage,false
1153912,204-6534606-6630740,AMAZON,B0CVHDJ4DQ,,CENU46450WH,1,6.78,3.24,2026-04-28 10:25:49,amazon Ledsone,false
1153920,026-3382460-9436305,AMAZON,B0DSBPHK7T,,PLTFBC,1,19.79,16.49,2026-04-28 10:37:33,amazon Ledsone,false
1153922,026-5917904-8540357,AMAZON,B0DH8WCL96,,CL3TWH3PK,1,10.88,7.99,2026-04-28 10:36:30,amazon Dcvoltage,false
1153939,026-3736555-7985147,AMAZON,B08XNPSWMN,,CRSF100BC+LHNSE27YB+SCRN70BC+LSWD360BC,2,53.80,29.89,2026-04-28 10:55:14,amazon Dcvoltage,false
1153940,202-1848582-3382769,AMAZON,B08V8XSXKB,,CRSF100BM+PHSH1PBRBM+LSMS320BI,2,33.60,16.80,2026-04-28 11:08:59,amazon Dcvoltage,false
1153941,206-6619375-2395540,AMAZON,B0FH6JJKV4,,SPSDP2BMY,1,8.78,4.91,2026-04-28 10:59:37,amazon Ledsone,false
1153949,026-8538460-1025959,AMAZON,B0G57Z7PBB,,ENC641,1,32.89,27.41,2026-04-28 11:08:56,amazon Ledsone,false
1153952,204-1215945-0285926,AMAZON,B0DH88CM2Z,,HLSC96BM,1,6.39,6.39,2026-04-28 11:06:57,amazon Dcvoltage,false
1153953,204-4084634-5433119,AMAZON,B0CBPTFNRX,,WCB4BM2PK+RPR44WH2PK,1,20.89,15.89,2026-04-28 11:18:42,amazon Dcvoltage,false
1153960,202-6979873-0130741,AMAZON,B0DX6NBT9P,,CENU19150WH,1,4.38,0.91,2026-04-28 11:21:26,amazon Ledsone,false
1153961,203-7275712-8042716,AMAZON,B0CZXL6ZYG,,TPOSBDBM,1,25.89,21.57,2026-04-28 11:28:25,amazon Ledsone,false
1153972,202-7855436-0445121,AMAZON,B087NNRH1G,,CRSF100GY,1,8.88,4.99,2026-04-28 11:44:24,amazon Ledsone,false
1153974,204-6606747-1602735,AMAZON,B0FDQTFFVL,,CERU36150BL,1,4.58,1.41,2026-04-28 11:47:00,amazon Ledsone,false
1153981,204-9205025-7750717,AMAZON,B0G49DDJ63,,WCCYSP180GD2PK+RPR44WH2PK,2,47.78,19.91,2026-04-28 11:57:44,amazon Ledsone,false
1153988,204-6132228-8115536,AMAZON,B0F944BWSZ,,CL3TBM3PK,1,9.89,8.24,2026-04-28 12:01:42,amazon Ledsone,false
1153989,204-8788772-8091532,AMAZON,B07WDWDFR9,,CRSF120CO,1,7.49,7.49,2026-04-28 12:00:15,amazon Dcvoltage,false
1153990,202-9014417-8109948,AMAZON,B0DH9BRNQ7,,CL3THE3PK,1,10.88,7.99,2026-04-28 12:02:43,amazon Dcvoltage,false
1153991,204-6408613-7349953,AMAZON,B08XNPSWMN,,CRSF100BC+LHNSE27YB+SCRN70BC+LSWD360BC,1,28.40,29.89,2026-04-28 12:04:24,amazon Dcvoltage,false
1153992,203-5231509-2091558,AMAZON,B0CNXLGT97,,CL3TCR3PK,1,7.78,4.49,2026-04-28 12:32:28,amazon Dcvoltage,false
1153996,203-7150753-2552304,AMAZON,B095PRHY6W,,LSBG136AR+SCRN70FG,2,33.78,16.89,2026-04-28 12:10:52,amazon Dcvoltage,false
1153997,205-0723895-6021160,AMAZON,B0F4439YWV,,CENU36300BM2PK,1,7.38,4.49,2026-04-28 12:16:04,amazon Dcvoltage,false
1154000,204-2933117-1210718,AMAZON,B093H8YG8Z,,LSMS320GY+RPR44WH,2,34.98,12.49,2026-04-28 12:26:45,amazon Ledsone,false
1154007,202-0257250-3777125,AMAZON,B0F2HDMBFZ,,RWT480YE,2,19.87,8.49,2026-04-28 12:34:47,amazon Dcvoltage,false
1154008,206-8493782-8256317,AMAZON,B0FXXP9BLQ,,LDSG1001E27,1,13.89,11.57,2026-04-28 12:35:18,amazon Ledsone,false
1154013,206-2211290-1781113,AMAZON,B0GS2H2HKX,,TPHTTN2PBRBM+LSGLBC160AR+LDMST64E274,1,24.99,24.99,2026-04-28 12:47:21,amazon Dcvoltage,false
1154023,206-8793148-5485938,AMAZON,B0DJD8LYTK,,LSSS300BI2PK+RPR44WH2PK,1,27.09,22.57,2026-04-28 12:58:54,amazon Ledsone,false
1154024,205-6022697-7277102,AMAZON,B0G499B37C,,WCCYSP180WH2PK+RPR44WH2PK,1,24.89,20.74,2026-04-28 13:00:03,amazon Ledsone,false
1154030,202-8588756-9169935,AMAZON,B0GP7TLRLZ,,LHPVHRE27WH6PK,1,12.89,10.74,2026-04-28 13:07:22,amazon Ledsone,false
1154033,203-9664717-7741967,AMAZON,B0C7CPG7LG,,LSSS300GB+RPR44WH,1,15.89,15.89,2026-04-28 13:08:57,amazon Dcvoltage,false
1154035,203-7863633-8714767,AMAZON,B0D9RVLLF7,,WCDTWH3PK+RPR44WH3PK,1,23.89,19.91,2026-04-28 13:11:39,amazon Ledsone,false
1154036,026-3872774-4841921,AMAZON,B0F9WG3RDB,,LSHQ180BG2PK+RPR44WH2PK,1,16.49,13.74,2026-04-28 13:17:13,amazon Ledsone,false
1154048,202-2349518-7561115,AMAZON,B0D8PY2QJZ,,CL3TBRAPK,1,22.88,19.07,2026-04-28 13:31:31,amazon Ledsone,false
1154049,203-6255517-5180357,AMAZON,B0D7VFSCQD,,SPSDP2WHAPK,1,39.09,32.57,2026-04-28 13:30:36,amazon Ledsone,false
1154051,205-8161936-0357149,AMAZON,B08VGPPCY1,,WCDTBM+RPR44WH,1,10.29,10.29,2026-04-28 13:31:24,amazon Dcvoltage,false
1154056,026-1801724-5642762,AMAZON,B09LHRCHKW,,CRSF1203WH+PHTT1PWRGY3PK+SPSPWH3PK,1,21.89,18.24,2026-04-28 13:47:05,amazon Ledsone,false
1154057,206-5870091-9186714,AMAZON,B0FH6JJKV4,,SPSDP2BMY,1,4.91,4.91,2026-04-28 22:05:49,amazon Ledsone,false
1154058,206-7169096-1352352,AMAZON,B08XW7KJ98,,PLWEFBM,2,46.60,25.89,2026-04-28 13:45:15,amazon Dcvoltage,false
1154075,204-9170230-2737100,AMAZON,B0DV5FSQVT,,ENC8213,1,34.89,34.89,2026-04-28 14:07:56,amazon SRM Amazon,false
1154076,026-4886839-5499538,AMAZON,B0DX19J4S2,,LHSHE27CO2PK,1,10.89,10.89,2026-04-28 14:06:04,amazon SRM Amazon,false
1154077,204-8453101-0334711,AMAZON,B0GSFDYXLH,,LSGLULAR+RPM40WH,1,12.89,12.89,2026-04-28 14:00:49,amazon Dcvoltage,false
1154078,206-2184320-9553928,AMAZON,B0G4QTRN1G,,CRSF100BS+PHHF1PBRBS+LSWD360BS,1,22.89,22.89,2026-04-28 14:01:35,amazon Dcvoltage,false
1154079,202-5109942-4494743,AMAZON,B0GS9MNQ44,,SPPGUK3PBR4PK,5,35.50,7.89,2026-04-28 14:08:24,amazon Dcvoltage,false
1154082,206-2863349-5176321,AMAZON,B08XBYXQC6,,CL3TBRAPK,1,19.99,19.99,2026-04-28 14:10:30,amazon Dcvoltage,false
1154083,206-6439514-8203503,AMAZON,B09LM5Q942,,CRFF140GB,1,9.78,5.74,2026-04-28 14:14:28,amazon Ledsone,false
1154090,202-4271656-4472336,AMAZON,B0CN4NRB1D,,PLDMBC,8,162.86,21.89,2026-04-28 14:22:23,amazon Dcvoltage,false
1154091,203-7634428-6794727,AMAZON,B0D28TWPYD,,LSCY290BC2PK+RPR44WH2PK,1,25.79,21.49,2026-04-28 14:15:00,amazon Ledsone,false
1154092,205-2330532-4275518,AMAZON,B0CGZQV9Y7,,LSMCSPFLMC+RPM40WH,1,25.89,21.57,2026-04-28 14:20:56,amazon Ledsone,false
1154093,205-4026507-0966728,AMAZON,B0F43XSTZC,,LSCY290BC+RPR44WH,4,63.56,13.24,2026-04-28 14:21:04,amazon Ledsone,false
1154099,204-4463882-1888363,AMAZON,B0CHJM45KM,,BC2W100,1,8.38,4.57,2026-04-28 14:36:06,amazon Ledsone,false
1154101,026-8527651-7737966,AMAZON,B07WP51SL6,,LSGLBC160AR,1,16.89,16.89,2026-04-28 14:29:00,amazon Dcvoltage,false
1154104,026-9533933-3519506,AMAZON,B0B8DWXLQ2,,CRSF1202BM,1,9.58,5.57,2026-04-28 14:45:59,amazon Ledsone,false
1154105,203-5978211-3542735,AMAZON,B0B9Y5MRSK,,CL3TGD5PK,1,13.99,11.66,2026-04-28 14:44:43,amazon Ledsone,false
1154106,206-2847069-0373106,AMAZON,B0BLZFGY38,,LDMG95E274APK,1,32.89,27.41,2026-04-28 14:47:54,amazon Ledsone,false
1154107,205-8042448-4475535,AMAZON,B0DH96L1ZH,,CL3TBMAPK,1,25.89,25.89,2026-04-28 14:52:29,amazon Dcvoltage,false
1154112,205-8661705-9871529,AMAZON,B07S7Q2D76,,CRSF1205YB,1,9.89,9.89,2026-04-28 14:53:25,amazon Dcvoltage,false
1154120,203-4730641-1962729,AMAZON,B0DX6TP9TZ,,CENU36300WH,1,5.77,2.07,2026-04-28 15:05:48,amazon Ledsone,false
1154121,205-3868043-9933947,AMAZON,B0DBZQJDK5,,CL3RRE5PK,1,13.99,13.99,2026-04-28 15:02:28,amazon SRM Amazon,false
1154122,204-8260820-0844321,AMAZON,B0FKZ1KJXL,,ENC8072,8,149.69,20.79,2026-04-28 15:00:15,amazon Dcvoltage,false
1154133,202-8323744-8773164,AMAZON,B0GTJ1BS3K,,LSGL14010CL2PK+RPM40WH2PK,1,14.29,14.29,2026-04-28 15:16:56,amazon Dcvoltage,false
1154139,026-8691020-8641106,AMAZON,B0DF25WKJB,,LHC5E27WH5PK,1,16.69,13.91,2026-04-28 15:31:03,amazon Ledsone,false
1154148,206-3772419-8512364,AMAZON,B0BPMQXMQR,,CRSF100WH,2,19.98,9.99,2026-04-28 15:33:47,amazon Dcvoltage,false
1154153,206-0194764-0521127,AMAZON,B0CVLC55W4,,LSTF400GY+RPR44WH,1,16.39,16.39,2026-04-28 15:40:06,amazon Dcvoltage,false
1154154,203-4784820-7004351,AMAZON,B0D9RVLLF7,,WCDTWH3PK+RPR44WH3PK,1,23.89,19.91,2026-04-28 15:42:52,amazon Ledsone,false
1154163,026-7878092-7692339,AMAZON,B0C6KFDSSL,,WCWYBM,1,9.49,7.91,2026-04-28 15:52:57,amazon Ledsone,false
1154164,202-6928688-6948363,AMAZON,B0D2951382,,LSCY290CH3PK+RPR44WH3PK,1,41.89,34.91,2026-04-28 15:54:04,amazon Ledsone,false
1154166,206-4344548-6497928,AMAZON,B0F6SLG78J,,PHUH1HETBM,2,24.16,10.07,2026-04-28 15:56:15,amazon Ledsone,false
1154169,206-3299222-7520343,AMAZON,B0DZNLF6LK,,RWWPSY10GY,1,5.38,2.07,2026-04-28 16:01:51,amazon Ledsone,false
1154170,203-5298878-4965125,AMAZON,B0DF7BD73R,,CRSF100BM+PHRYWP1RBM,1,11.89,9.91,2026-04-28 16:02:28,amazon Ledsone,false
1154171,206-5049536-5641951,AMAZON,B0CK7ZYY1T,,CRFF500FG+PHBK1PBRFG3PK,3,82.17,22.82,2026-04-28 16:08:28,amazon Ledsone,false
1154181,026-0615448-9440305,AMAZON,B0FTZGFN4K,,WCFL180BM+RPR44WH,1,13.89,11.57,2026-04-28 16:16:47,amazon Ledsone,false
1154183,202-4270026-6233910,AMAZON,B0DX6TP9TZ,,CENU36300WH,2,8.27,2.07,2026-04-28 16:23:11,amazon Ledsone,false
1154184,204-4599689-5025956,AMAZON,B0DKHNMCBF,,RWWPSY0640YE,1,9.38,5.41,2026-04-28 11:48:35,amazon Ledsone,false
1154194,203-6126505-1916322,AMAZON,B0DGQKC1N1,,LSLT360BC+RPR44WH,1,13.49,11.24,2026-04-28 16:35:22,amazon Ledsone,false
1154202,202-1324278-7789117,AMAZON,B0GTYC2JTH,,LSGL9015WH2PK+RPM40WH2PK,1,11.89,11.89,2026-04-28 16:51:45,amazon Dcvoltage,false
1154203,206-1839294-5264329,AMAZON,B0DBWKQC41,,CL2RGRAPK,1,15.99,15.99,2026-04-28 16:55:13,amazon Dcvoltage,false
1154208,202-9277300-5302744,AMAZON,B0FTZGFN4K,,WCFL180BM+RPR44WH,1,13.89,11.57,2026-04-28 17:01:02,amazon Ledsone,false
1154213,203-3201120-5527502,AMAZON,B0G2WT585Z,,PCBSF2MCH3PK,1,18.79,11.49,2026-04-28 17:11:07,amazon Ledsone,false
1154214,026-2516548-3045120,AMAZON,B07YW9J1ST,,WCBNBC2PK+RPR44WH2PK,5,84.45,14.07,2026-04-28 17:19:13,amazon Ledsone,false
1154215,205-6614234-4585965,AMAZON,B09LMCY4PZ,,CRFF140GL+LHNSE27YB+SCRN70BM+LSUL220BB,1,18.59,15.49,2026-04-28 17:15:19,amazon Ledsone,false
1154216,203-8804907-9588309,AMAZON,B096FPKPNQ,,ENC685,1,58.89,58.89,2026-04-28 17:16:54,amazon Dcvoltage,false
1154222,026-6695063-0535514,AMAZON,B0G49DDJ63,,WCCYSP180GD2PK+RPR44WH2PK,1,23.89,19.91,2026-04-28 17:28:51,amazon Ledsone,false
1154228,206-3101635-9122719,AMAZON,B0G49DDJ63,,WCCYSP180GD2PK+RPR44WH2PK,1,23.89,19.91,2026-04-28 17:33:49,amazon Ledsone,false
1154232,026-6572113-8231501,AMAZON,B0DTJ19HSF,,WCDTBM+RPR44WH,2,21.12,8.80,2026-04-28 17:44:14,amazon Ledsone,false
1154241,205-3260064-4781146,AMAZON,B0CK8113SC,,CRFF500RO+PHBK1PBRRO3PK+ICST64E273PK,1,36.39,30.32,2026-04-28 18:04:19,amazon Ledsone,false
1154242,205-1319400-3901968,AMAZON,B0GR8KX976,,SPPGUK3PBR2PK,1,6.87,3.32,2026-04-28 18:05:22,amazon Ledsone,false
1154246,203-3065267-1375533,AMAZON,B0CQR15PPF,,CL2TCR,3,12.56,3.09,2026-04-28 18:09:14,amazon Dcvoltage,false
1154247,205-5000801-7877948,AMAZON,B0FXFK62XH,,WCFL180RO2PK,1,24.49,20.41,2026-04-28 18:16:53,amazon Ledsone,false
1154248,204-7231788-8990760,AMAZON,B083H3BRWZ,,CRSF100CO,3,18.46,4.32,2026-04-28 18:16:44,amazon Ledsone,false
1154259,203-3576159-9873902,AMAZON,B0GSFB5MT6,,LSGLULCL+RPM40WH,1,12.89,12.89,2026-04-28 18:28:41,amazon Dcvoltage,false
1154265,204-0152330-7516369,AMAZON,B0DH4KYFPD,,WCDTBM2PK+RPR44WH2PK,1,18.29,15.24,2026-04-28 18:39:00,amazon Ledsone,false
1154273,204-0519989-8341118,AMAZON,B0D4YG1QFJ,,LDMG95E2783PK,1,12.19,12.19,2026-04-28 18:45:03,amazon Dcvoltage,false
1154274,206-5173483-6620338,AMAZON,B0C9TN8TKQ,,CNP1000BM,1,8.89,8.89,2026-04-28 18:47:50,amazon Dcvoltage,false
1154281,204-5612119-8241905,AMAZON,B0965HZJGN,,ENC686,1,52.89,52.89,2026-04-28 18:53:45,amazon Dcvoltage,false
1154282,203-0001601-8223553,AMAZON,B0FZCW7KC7,,LSHM300HE+RPR44WH,1,23.09,23.09,2026-04-28 18:54:10,amazon Dcvoltage,false
1154286,206-6408562-5395543,AMAZON,B0DGQKC1N1,,LSLT360BC+RPR44WH,1,13.49,11.24,2026-04-28 19:06:07,amazon Ledsone,false
1154287,206-8309062-1694703,AMAZON,B0DH9FSQNN,,CL3TGY3PK,1,7.99,7.99,2026-04-28 19:08:29,amazon Dcvoltage,false
1154295,206-5149934-5261103,AMAZON,B0CPBW3J4P,,LSCY290RO+RPR44WH,1,17.89,17.89,2026-04-28 19:12:43,amazon Dcvoltage,false
1154301,206-1884896-3308303,AMAZON,B0DTQ47GBY,,ENC9313,1,27.89,27.89,2026-04-28 19:22:21,amazon Dcvoltage,false
1154307,204-5241150-6773121,AMAZON,B07DJYLJ4C,,24IP20400,1,18.89,18.89,2026-04-28 19:31:25,amazon Dcvoltage,false
1154308,206-3748681-3432309,AMAZON,B0CVB98NSX,,RWWPSY12GY,1,1.99,1.99,2026-04-28 19:37:36,amazon Dcvoltage,false
1154309,206-3748681-3432309,AMAZON,B0CVB8N9HV,,RWWPSY10GY,1,2.49,2.49,2026-04-28 19:37:36,amazon Dcvoltage,false
1154310,206-1970618-3513959,AMAZON,B0DGQKC1N1,,LSLT360BC+RPR44WH,1,13.49,11.24,2026-04-28 19:31:20,amazon Ledsone,false
1154320,206-7078663-2044301,AMAZON,B07S16RWT2,,LDMST64B224,3,16.77,4.66,2026-04-28 19:42:42,amazon Ledsone,false
1154327,203-0127541-1407549,AMAZON,B0DV5F3N8Z,,ENC8218,1,32.89,27.41,2026-04-28 19:56:57,amazon Ledsone,false
1154328,202-4371247-3393927,AMAZON,B08RYTP5WV,,HRE2738WH2PK,1,3.80,0.91,2026-04-28 19:51:03,amazon SRM Amazon,false
1154331,202-1987248-6256369,AMAZON,B0C2D1P2K2,,ENC1908,1,20.89,17.41,2026-04-28 20:02:00,amazon Ledsone,false
1154332,204-6311636-1413141,AMAZON,B08TX2837H,,LSMS320BI+RPR44WH,2,29.98,14.99,2026-04-28 20:08:57,amazon Dcvoltage,false
1154342,206-7391131-7491520,AMAZON,B0FBX5LP13,,PHSF1PBRYB+LSCY290BI,4,83.16,17.32,2026-04-28 20:12:44,amazon Ledsone,false
1154348,206-6513100-6213904,AMAZON,B0CFHKYH59,,CRSF100BM2PK+PHRNWP1RBM2PK,2,40.18,16.74,2026-04-28 20:20:04,amazon Ledsone,false
1154351,202-7253444-9741901,AMAZON,B0CV19Q3RR,,CKCP38383,1,29.49,29.49,2026-04-28 20:27:30,amazon Dcvoltage,false
1154353,203-6110555-6393947,AMAZON,B0GLGB3M6Q,,LSGLFP245PU+RPM40WH,2,28.60,15.89,2026-04-28 20:34:41,amazon Dcvoltage,false
1154362,203-9446406-9830711,AMAZON,B0743GYD52,,CO332AORAPK,1,5.58,2.24,2026-04-28 20:43:54,amazon Ledsone,false
1154366,204-1438732-2029932,AMAZON,B0DDTTYY58,,LSLT360GY+RPR44WH,1,14.89,14.89,2026-04-28 20:49:15,amazon Dcvoltage,false
1154367,203-5195934-6697933,AMAZON,B0DH9H7ZCM,,CL3TGL3PK,1,8.99,8.99,2026-04-28 20:50:26,amazon Dcvoltage,false
1154368,204-2164136-3853126,AMAZON,B07CQNWZ4P,,LDMG95B228,1,9.78,5.74,2026-04-28 20:52:02,amazon Ledsone,false
1154369,202-0009680-8888303,AMAZON,B0FTZGFN4K,,WCFL180BM+RPR44WH,1,13.89,11.57,2026-04-28 20:55:29,amazon Ledsone,false
1154373,204-0080293-4854701,AMAZON,B0743GYD52,,CO332AORAPK,1,5.58,2.24,2026-04-28 21:02:55,amazon Ledsone,false
1154379,205-8265530-0453126,AMAZON,B0C6LV14PT,,12UK3P2A,2,18.67,7.89,2026-04-28 21:15:50,amazon Dcvoltage,false
1154385,206-5172309-3424314,AMAZON,B0F6775Q2J,,LSMCSQWYRE+RPM40WH,2,41.58,17.32,2026-04-28 21:26:09,amazon Ledsone,false
1154386,206-5402101-0794749,AMAZON,B08JZ16VMZ,,PSDS2BMRBL,1,11.99,11.99,2026-04-28 21:25:12,amazon SRM Amazon,false
1154387,206-5402101-0794749,AMAZON,B08JYXMN7N,,PSDS2BMRRE,1,11.99,11.99,2026-04-28 21:25:12,amazon SRM Amazon,false
1154395,206-7699975-9372360,AMAZON,B0FH6JJKV4,,SPSDP2BMY,1,8.78,4.91,2026-04-28 21:32:55,amazon Ledsone,false
1154397,026-1301269-7812308,AMAZON,B0CVLFG3DT,,RWWPSY0840YE,1,5.88,2.49,2026-04-28 21:38:43,amazon Ledsone,false
1154398,203-9466559-8933131,AMAZON,B07GCPMLSY,,CL2TGYAPK,1,16.19,16.19,2026-04-28 21:31:10,amazon Dcvoltage,false
1154399,206-1606279-8361931,AMAZON,B0CQNKMFJH,,PLTFRR+ICST64E2740,1,21.99,21.99,2026-04-28 21:28:09,amazon Dcvoltage,false
1154400,202-8637361-5793124,AMAZON,B0GLYGJX1J,,PLHNBM+ICST64E27,1,17.09,17.09,2026-04-28 21:36:08,amazon Dcvoltage,false
1154401,205-0723906-7792313,AMAZON,B0DGT5MLC5,,CRSF100RO2PK+PHCHPBRRO2PK+WCWDRO2PK,1,28.89,24.07,2026-04-28 21:40:51,amazon Ledsone,false
1154402,205-3128813-6327553,AMAZON,B0CHRVWSBM,,CL3RBM5PK,2,25.98,10.82,2026-04-28 21:42:28,amazon Ledsone,false
1154411,204-5562824-2485113,AMAZON,B0GR625MB7,,ENC9459,2,45.78,19.07,2026-04-28 22:01:03,amazon Ledsone,false
1154412,206-5870091-9186714,AMAZON,B083XST3WZ,,CL2TBR3PK,1,5.07,5.07,2026-04-28 22:05:49,amazon Ledsone,false
1154415,206-1965694-0137129,AMAZON,B08V5MK449,,CRSF100BM+PHCH1BMRBM+LSCY290BM,2,43.78,21.89,2026-04-28 22:16:07,amazon Dcvoltage,false
1154417,202-6176533-0490769,AMAZON,B0C43LPR9Y,,WCDTGD+RPR44WH,1,10.89,9.07,2026-04-28 22:12:54,amazon Ledsone,false
1154426,026-5149855-2285912,AMAZON,B0FZCQMY9B,,LSHM400HE2PK+RPR44WH2PK,1,49.40,54.89,2026-04-28 22:20:33,amazon Dcvoltage,false
1154429,203-2026445-7998731,AMAZON,B0DQD9LY98,,PHSF1AGTGB3PK,1,27.89,23.24,2026-04-28 22:31:17,amazon Ledsone,false
1154430,202-0576384-6222738,AMAZON,B0FXFF5LTD,,WCFL180BM2PK+RPR44WH2PK,2,39.40,18.24,2026-04-28 22:31:54,amazon Ledsone,false
1154438,026-7726029-3359517,AMAZON,B08XWSBPHW,,WCB1BM+RPR44WH,1,9.99,9.99,2026-04-28 23:15:46,amazon Dcvoltage,false
1154439,204-0680842-0423537,AMAZON,B0GSR3M9RD,,LSGLULCL+RPM40WH,4,50.00,10.42,2026-04-28 23:12:57,amazon Ledsone,false
1154441,206-8430137-0407556,AMAZON,B0DTQ47GBY,,ENC9313,1,27.89,27.89,2026-04-28 23:31:10,amazon Dcvoltage,false
1154450,202-2988332-9285920,AMAZON,B0FVXQ6C2W,,WCFL180BM2PK+RPR44WH2PK,1,20.89,20.89,2026-04-29 00:17:30,amazon Dcvoltage,false
1154458,202-3698005-0163546,AMAZON,B0GD7NXSQC,,ENC8191,1,19.85,20.89,2026-04-29 01:03:07,amazon Dcvoltage,false
1154464,206-0650346-3916332,AMAZON,B0C9THKMYS,,ENC1909,1,21.89,21.89,2026-04-29 02:54:59,amazon Dcvoltage,false
1154465,206-0650346-3916332,AMAZON,B0BNXJXYPC,,CRSF100CO+PHSH1PBRCO+SCRN70CO+LSTF40CO,1,17.29,17.29,2026-04-29 02:54:59,amazon Dcvoltage,false
1154514,204-9841764-0892313,AMAZON,B094R3M2DC,,PLADBM,2,99.10,41.29,2026-04-29 05:06:14,amazon Ledsone,false
1154528,205-3659098-6836347,AMAZON,B0DH4KYFPD,,WCDTBM2PK+RPR44WH2PK,1,18.29,15.24,2026-04-29 06:29:43,amazon Ledsone,false
1154530,203-1224410-8167547,AMAZON,B0G1TKNKT6,,CKCSBY,1,10.79,8.99,2026-04-29 06:38:31,amazon Ledsone,false
1154543,206-1088562-2706745,AMAZON,B0F7L66VHH,,TSTS50WH,1,4.58,1.41,2026-04-29 07:00:17,amazon Ledsone,false
1154557,205-3688552-0985159,AMAZON,B095SVN17X,,CRSF100BC+LHSHE27BC+SCRN70BC+LSUL220BC,1,18.59,15.49,2026-04-29 07:26:23,amazon Ledsone,false
1154563,202-2394412-4470751,AMAZON,B0FQVDFF8N,,CRFF108BM+PHRI1PBRBA+LSCY290BG,1,24.89,24.89,2026-04-29 07:51:00,amazon Dcvoltage,false
1154566,206-2285819-0481125,AMAZON,B0DMT5YWLR,,PCFT90TBM5PK,2,18.71,7.32,2026-04-29 08:03:12,amazon Ledsone,false
1154568,204-8509729-9475556,AMAZON,B0DLW345B7,,CL2TBKAPK,1,18.89,18.89,2026-04-29 08:02:37,amazon Dcvoltage,false
1154572,205-7358877-4557129,AMAZON,B0CMCP8X1X,,CRFF500CH+WCCY1ROCH3PK,1,52.99,44.16,2026-04-29 08:13:40,amazon Ledsone,false
1154574,206-8667635-8005960,AMAZON,B0DLW5C14D,,CL2TGLAPK,1,18.89,18.89,2026-04-29 08:11:27,amazon Dcvoltage,false
1154578,202-2134664-8251530,AMAZON,B08NYMQRYM,,LSDO400YE+RPR44WH,1,11.40,11.40,2026-04-29 08:29:11,amazon SRM Amazon,false
1154583,205-4806848-8263542,AMAZON,B0FVXQ6C2W,,WCFL180BM2PK+RPR44WH2PK,1,20.89,20.89,2026-04-29 08:47:32,amazon Dcvoltage,false
1154594,204-9516417-6134756,AMAZON,B08P7QV151,,WCDTGD+RPR44WH,1,10.89,10.89,2026-04-29 09:06:34,amazon Dcvoltage,false
1154595,204-3426057-7127569,AMAZON,B0B9Y5MRSK,,CL3TGD5PK,1,13.99,11.66,2026-04-29 09:02:21,amazon Ledsone,false
1154596,202-2748025-4717109,AMAZON,B0GL6HBFGC,,CRSF100BM+LHNSE27YB+SCRN70BM+LSFT220BG+ICST64E2740,2,41.78,17.41,2026-04-29 09:03:59,amazon Ledsone,false
1154605,205-0641759-1825116,AMAZON,B0CVL8TQ73,,LSTF400WH2PK+RPR44WH2PK,3,95.94,26.65,2026-04-29 09:16:18,amazon Ledsone,false
1154606,202-2262056-1156367,AMAZON,B0DTKGNVRT,,WCB7BM3PK+RPR44WH3PK,1,22.89,22.89,2026-04-29 09:08:30,amazon Dcvoltage,false
1154618,206-4173915-2611538,AMAZON,B0D6YF7VPY,,CCGNNWE48,2,21.78,10.89,2026-04-29 09:34:58,amazon Dcvoltage,false
1154624,205-3605373-0957935,AMAZON,B0D73MHC86,,ENC6462,1,24.09,24.09,2026-04-29 09:46:05,amazon Dcvoltage,false
1154625,205-6436631-5828304,AMAZON,B0DF7CPG15,,CRSF100BM3PK,1,17.29,14.41,2026-04-29 09:47:09,amazon Ledsone,false
1154632,026-4177787-4759559,AMAZON,B0GNYRK2GT,,LHXSHE27BM5PK,1,31.78,26.48,2026-04-29 09:52:37,amazon Ledsone,false
1154635,026-2151519-6521911,AMAZON,B0DFM47FGT,,ENC1595,3,110.97,30.82,2026-04-29 09:59:02,amazon Ledsone,false
1154639,204-4291604-7605141,AMAZON,B0DPMG5PV4,,ENC7886,1,19.89,19.89,2026-04-29 09:59:02,amazon Dcvoltage,false
1154641,205-5778755-7859545,AMAZON,B0F9VDWTYX,,CL3RBM3PK,1,6.79,5.66,2026-04-29 10:08:46,amazon Ledsone,false
1154645,203-2020255-1390749,AMAZON,B07CRK5B68,,CL3RYE5PK,1,12.89,12.89,2026-04-29 10:18:38,amazon Dcvoltage,false
1154646,204-3160730-7813160,AMAZON,B0FVXQ6C2W,,WCFL180BM2PK+RPR44WH2PK,1,20.89,20.89,2026-04-29 10:21:46,amazon Dcvoltage,false
1154647,204-2269843-5034730,AMAZON,B0DV5F6LSF,,ENC8219,1,38.99,38.99,2026-04-29 10:26:41,amazon SRM Amazon,false
1154681,202-6103712-9125912,AMAZON,B0C7KKQQ24,,ENC2971,1,96.89,96.89,2026-04-29 11:16:34,amazon Dcvoltage,false
1154683,204-8276476-7349159,AMAZON,B0GTJ1BS3K,,LSGL14010CL2PK+RPM40WH2PK,1,14.29,14.29,2026-04-29 11:30:00,amazon Dcvoltage,false
1154686,206-2558168-5301941,AMAZON,B0DBWMF1J9,,CL2RIVAPK,1,18.49,18.49,2026-04-29 11:42:07,amazon Dcvoltage,false
1154687,203-2815068-4378752,AMAZON,B093T4L68X,,LSCY290WH+RPR44WH,1,18.89,15.74,2026-04-29 11:38:49,amazon Ledsone,false
1154690,202-0645318-0889147,AMAZON,B07QW1KPCD,,12RPIP454002,1,26.45,26.45,2026-04-29 12:04:28,amazon Dcvoltage,false
1154695,203-8950955-9480316,AMAZON,B0BZDSH4D9,,CRFF105CH,1,11.78,7.41,2026-04-29 12:08:40,amazon Ledsone,false
1154700,203-8186890-3186714,AMAZON,B0DCFN75MZ,,LDSG95DIE274APK,1,67.88,56.57,2026-04-29 12:23:47,amazon Ledsone,false
1154702,205-4285138-5288340,AMAZON,B0DH92M1HX,,CL3TIV5PK,1,11.99,11.99,2026-04-29 12:20:19,amazon Dcvoltage,false
1154707,205-8341679-1121159,AMAZON,B08TLJVMLX,,CRSF100RO+WSNW170RO+LSDM220RO,2,54.67,16.98,2026-04-29 12:33:12,amazon Dcvoltage,false
1154708,203-0274806-1815515,AMAZON,B0743GYD52,,CO332AORAPK,1,5.58,2.24,2026-04-29 12:31:20,amazon Ledsone,false
1154719,204-3878209-8263565,AMAZON,B0DH8Z6FM1,,CL3TBKAPK,1,20.99,20.99,2026-04-29 13:01:42,amazon Dcvoltage,false
1154720,202-1124023-3925164,AMAZON,B0F5B48F9L,,WCVCBM5PK+RPR44WH5PK,2,61.98,25.82,2026-04-29 13:00:50,amazon Ledsone,false
1154721,202-2218201-1245961,AMAZON,B09C2GBT5X,,WSFH1BMYB+PSDS2RRE+SCRN70BM+LSFT220RE,1,22.89,19.07,2026-04-29 13:01:24,amazon Ledsone,false
1154722,203-9187101-4169158,AMAZON,B0D7MS1G25,,CRFF105WH2PK,1,13.79,11.49,2026-04-29 13:06:41,amazon Ledsone,false
1154723,206-4317054-8567559,AMAZON,B0D7ZTRLBH,,LSCY290BM2PK+RPR44WH2PK,3,80.34,22.32,2026-04-29 13:06:55,amazon Ledsone,false
1154731,026-1609172-8117151,AMAZON,B0C4LHMWHL,,PLADBM,1,49.86,41.55,2026-04-29 13:12:31,amazon Ledsone,false
1154733,204-7096777-8805922,AMAZON,B0CS3LSTMS,,WCB7BS+RPR44WH,1,9.89,9.89,2026-04-29 13:17:08,amazon Dcvoltage,false
1154734,204-5127326-8641134,AMAZON,B0BX6SWHN4,,PHSF1PWR40WH+LSBS160YE,4,93.85,22.89,2026-04-29 13:19:23,amazon Dcvoltage,false
1154743,202-9696438-6905149,AMAZON,B0FTG86FNJ,,WCBCFRO+RPR44WH,1,14.49,14.49,2026-04-29 13:21:45,amazon Dcvoltage,false
1154749,205-9908167-7230769,AMAZON,B0D73KRWF7,,LDST185B224,10,30.40,3.37,2026-04-29 13:45:36,amazon Dcvoltage,false
1154750,206-9770682-2120348,AMAZON,B08KW8R4R8,,CL2TBDAPK,1,21.49,17.91,2026-04-29 13:28:41,amazon Ledsone,false
1154762,026-1651849-0406751,AMAZON,B0BWNHGMN2,,PLTABC+ICST64E27,2,36.58,15.24,2026-04-29 13:38:31,amazon Ledsone,false
1154775,202-9459157-7713910,AMAZON,B0DH92CF2V,,CL3THEAPK,1,20.99,20.99,2026-04-29 13:58:47,amazon Dcvoltage,false
1154776,203-7226862-9329134,AMAZON,B0G57Z7PBB,,ENC641,1,32.89,27.41,2026-04-29 14:02:29,amazon Ledsone,false
1154783,202-0076314-3205903,AMAZON,B09Z6SCCQ6,,CCBC18,2,13.82,5.76,2026-04-29 14:09:43,amazon Ledsone,false
1154787,026-3607622-4812352,AMAZON,B0CN35HMT6,,CRSF1204BM+PHRY2PCRBM4PK,1,35.89,29.91,2026-04-29 14:25:33,amazon Ledsone,false
1154788,206-4157249-8170733,AMAZON,B09MWJW3WN,,ENC2234,1,35.89,29.91,2026-04-29 14:25:42,amazon Ledsone,false
1154792,206-0329036-3760365,AMAZON,B0CVL1HNQJ,,RWT6150YE,1,14.49,14.49,2026-04-29 14:33:18,amazon Dcvoltage,false
1154799,205-2387068-5676364,AMAZON,B0G5Y46X4G,,ENC9257,4,84.16,17.53,2026-04-29 14:42:13,amazon Ledsone,false
1154800,203-9599730-2512319,AMAZON,B0DX75TBKB,,CERU72450GR,1,10.28,6.16,2026-04-29 14:44:10,amazon Ledsone,false
1154802,203-1710474-7958715,AMAZON,B093H8YG8Z,,LSMS320GY+RPR44WH,1,14.99,12.49,2026-04-29 14:48:08,amazon Ledsone,false
1154808,026-7346920-5337955,AMAZON,B0C7KP7KHF,,ENC2002,1,86.82,90.89,2026-04-29 14:57:18,amazon Dcvoltage,false
1154810,026-8593869-1681133,AMAZON,B0F93RZTTS,,ENC8743,2,55.78,23.24,2026-04-29 14:53:44,amazon Ledsone,false
1154844,026-6424812-2245141,AMAZON,B0GSFDYXLH,,LSGLULAR+RPM40WH,2,25.78,12.89,2026-04-29 15:15:16,amazon Dcvoltage,false
1154850,026-2601989-4004319,AMAZON,B08PC3PVWS,,ENC100,1,34.89,34.89,2026-04-29 15:21:42,amazon SRM Amazon,false
1154851,205-6545895-3165116,AMAZON,B0DH5WBPJN,,CL2TLB5PK,1,8.58,10.09,2026-04-29 15:21:55,amazon Dcvoltage,false
1154862,205-6913369-8184352,AMAZON,B0CKQSMQVC,,CRSF2003BB,1,10.09,8.41,2026-04-29 15:53:05,amazon Ledsone,false
1154868,206-2798779-1679566,AMAZON,B0G1MH1864,,IMRGEPK,1,16.69,16.69,2026-04-29 16:00:14,amazon Dcvoltage,false
1154869,206-2798779-1679566,AMAZON,B0DCBHCVDT,,IMBLEPK,1,15.00,15.00,2026-04-29 16:00:14,amazon Dcvoltage,false
1154871,202-3874873-2982757,AMAZON,B0DH4CYJNX,,WCMSBC+RPR44WH,1,12.88,8.32,2026-04-29 16:02:52,amazon Ledsone,false
1154872,202-7295807-3860335,AMAZON,B0GR8XKW5B,,SPPGUK3PBM2PK,1,6.87,3.32,2026-04-29 16:03:59,amazon Ledsone,false
1154873,202-1190122-2384301,AMAZON,B0DPMWGQG1,,ENC7860,2,31.38,13.07,2026-04-29 16:04:21,amazon Ledsone,false
1154876,206-4230041-5034738,AMAZON,B08XNPSWMN,,CRSF100BC+LHNSE27YB+SCRN70BC+LSWD360BC,2,53.80,29.89,2026-04-29 16:12:49,amazon Dcvoltage,false
1154877,206-3435427-2333139,AMAZON,B08S7G6YWN,,ENC809,1,76.89,76.89,2026-04-29 16:14:53,amazon SRM Amazon,false
1154878,203-3382271-8226740,AMAZON,B0FPWXQWQD,,LDCWA60HB2296PK,1,10.13,6.24,2026-04-29 16:15:12,amazon Ledsone,false
1154881,026-3542036-6681153,AMAZON,B081DVH4LT,,PLHIRR,1,61.18,58.89,2026-04-29 16:19:48,amazon Dcvoltage,false
1154882,206-0189897-1224343,AMAZON,B0D59SFQQL,,WCB6BM2PK+RPR44WH2PK,1,15.69,15.69,2026-04-29 16:26:50,amazon Dcvoltage,false
1154884,203-4230673-9699538,AMAZON,B0GW7T9WPD,,CRSF1202WH,4,24.08,5.57,2026-04-29 16:29:04,amazon Ledsone,false
1154886,206-3686590-3569122,AMAZON,B093H8YG8Z,,LSMS320GY+RPR44WH,1,14.99,12.49,2026-04-29 16:33:59,amazon Ledsone,false
1154887,203-9701038-2051565,AMAZON,B0B7F22LSC,,CRSF108FG,1,9.78,5.74,2026-04-29 16:29:37,amazon Ledsone,false
1154892,206-5127479-8067537,AMAZON,B0FQTGBLT3,,CRFF140BM+WSCH135BM+LSCY290BL,2,37.60,20.89,2026-04-29 16:39:41,amazon Dcvoltage,false
1154893,204-8491528-3004306,AMAZON,B0CCHYSJWC,,SPSDP2YB,1,4.82,4.82,2026-04-29 16:56:51,amazon Ledsone,false
1154894,205-5988691-0446710,AMAZON,B0DG5HXCYR,,CRSF100OR+WSCH135OR+LSDO210OR,1,22.89,22.89,2026-04-29 16:50:05,amazon Dcvoltage,false
1154895,204-8491528-3004306,AMAZON,B0DCJZ9H8Y,,SPSDP3YB2PK,1,5.07,5.07,2026-04-29 16:56:51,amazon Ledsone,false
1154899,026-5556195-7405965,AMAZON,B0DHGLCQW2,,LSCY290WH+RPR44WH,1,15.89,13.24,2026-04-29 17:03:47,amazon Ledsone,false
1154900,206-4606794-9721158,AMAZON,B0F4439YWV,,CENU36300BM2PK,2,11.87,4.49,2026-04-29 17:02:47,amazon Dcvoltage,false
1154901,026-9103248-1037954,AMAZON,B0FL78SFWP,,PHSF2GDTFG2PK+ICST64E272PK,1,28.89,28.89,2026-04-29 17:18:57,amazon Dcvoltage,false
1154907,026-0872689-8369914,AMAZON,B0DH4KYFPD,,WCDTBM2PK+RPR44WH2PK,1,18.29,15.24,2026-04-29 17:17:28,amazon Ledsone,false
1154908,205-0462967-0442738,AMAZON,B0FZCW7KC7,,LSHM300HE+RPR44WH,1,21.47,23.09,2026-04-29 17:14:28,amazon Dcvoltage,false
1154910,203-1193833-5869962,AMAZON,B0C8NJDTJS,,WCDCBM+RPR44WH,1,10.07,8.39,2026-04-29 17:19:50,amazon Ledsone,false
1154921,026-4643292-7678769,AMAZON,B0FXFF5LTD,,WCFL180BM2PK+RPR44WH2PK,1,21.89,18.24,2026-04-29 17:48:48,amazon Ledsone,false
1154922,203-5854591-3250765,AMAZON,B0FJ5J4WMV,,CRSF100WH2PK,1,11.48,11.48,2026-04-29 17:42:24,amazon Dcvoltage,false
1154923,206-4762163-5505169,AMAZON,B0GTQRBZLX,,LSGL12010AR5PK+RPM40WH5PK,1,40.99,40.99,2026-04-29 17:43:27,amazon Dcvoltage,false
1154924,026-8287788-4349167,AMAZON,B0DLWM5SKW,,CL3TCRAPK,1,20.89,20.89,2026-04-29 17:46:28,amazon Dcvoltage,false
1154929,202-1499774-2421152,AMAZON,B0C9TWTCZ8,,LSCY210BG+RPR44WH,1,12.49,12.49,2026-04-29 17:57:48,amazon Dcvoltage,false
1154930,203-0528199-2565922,AMAZON,B0DSC2XFK4,,LSDO400OR2PK+RPR44WH2PK,1,38.89,38.89,2026-04-29 17:58:59,amazon Dcvoltage,false
1154939,203-2243443-7448334,AMAZON,B0DZNJDHCQ,,RWWPSY12GY,1,1.66,1.66,2026-04-29 18:09:42,amazon Ledsone,false
1154940,203-2243443-7448334,AMAZON,B0DZNLF6LK,,RWWPSY10GY,1,2.07,2.07,2026-04-29 18:09:42,amazon Ledsone,false
1154945,026-6779079-4076355,AMAZON,B0CVKZP3W2,,LSTF400BM+RPR44WH,3,54.17,16.39,2026-04-29 18:22:53,amazon Dcvoltage,false
1154946,206-3183850-6818762,AMAZON,B0GR4LHNCX,,CRSF100BM+LHNSE27GB+SCRN70BM+LSOL180BB,1,17.69,14.74,2026-04-29 18:26:59,amazon Ledsone,false
1154950,026-8637353-4231540,AMAZON,B08VGQPLWZ,,WCDTGD+RPR44WH,1,10.69,10.69,2026-04-29 18:31:59,amazon Dcvoltage,false
1154951,202-3414923-4634705,AMAZON,B0BX45BX2R,,LSSS300YE+RPR44WH,1,12.09,10.07,2026-04-29 18:32:25,amazon Ledsone,false
1154952,202-0901491-6933910,AMAZON,B0FPWQN4RL,,LSOL180BS+RPR44WH,2,21.38,8.91,2026-04-29 18:31:56,amazon Ledsone,false
1154976,026-9831886-3068311,AMAZON,B0DBLBTWQT,,LSDO210RE2PK+RPR44WH2PK,3,50.97,14.16,2026-04-29 18:54:46,amazon Ledsone,false
1154977,205-4193418-7058761,AMAZON,B0DTHKKQV6,,WCB7BM3PK+RPR44WH3PK,1,22.39,22.39,2026-04-29 18:52:38,amazon Dcvoltage,false
1154981,206-0185987-6927561,AMAZON,B0F1TJ463D,,CENU19150BM,1,4.04,1.09,2026-04-29 19:07:19,amazon Dcvoltage,false
1154984,026-3236153-2837942,AMAZON,B0CLZYFPLL,,CRSF100GB+PHCHPBRGB+LSCY290GB,3,83.67,23.24,2026-04-29 19:05:26,amazon Ledsone,false
1154985,206-9948993-6880364,AMAZON,B093T4L68X,,LSCY290WH+RPR44WH,1,18.89,15.74,2026-04-29 19:08:43,amazon Ledsone,false
1154987,203-9133454-0201915,AMAZON,B0DH937VLZ,,CL3TCR3PK,1,8.99,8.99,2026-04-29 19:13:00,amazon Dcvoltage,false
1154996,204-6398607-9109148,AMAZON,B0CKWLQZ83,,CL3RBD5PK,1,13.89,13.89,2026-04-29 19:21:47,amazon Dcvoltage,false
1155006,203-2596643-2472313,AMAZON,B0DTHJYV3K,,WCB6BC3PK+RPR44WH3PK,1,22.89,22.89,2026-04-29 19:36:01,amazon Dcvoltage,false
1155015,026-2492840-0643557,AMAZON,B0CNJX1DV8,,WCB7WH+RPR44WH,2,19.78,9.89,2026-04-29 19:37:23,amazon Dcvoltage,false
1155016,205-0689662-5741922,AMAZON,B0DF7BD73R,,CRSF100BM+PHRYWP1RBM,1,11.89,9.91,2026-04-29 19:44:48,amazon Ledsone,false
1155020,203-6981480-5002727,AMAZON,B0CBSP6SC2,,LSMS320BI+RPR44WH,2,29.98,12.49,2026-04-29 19:51:00,amazon Ledsone,false
1155022,203-9392069-7819510,AMAZON,B0CCHYSJWC,,SPSDP2YB,1,8.68,4.82,2026-04-29 19:56:06,amazon Ledsone,false
1155025,206-4334085-5405943,AMAZON,B0F9466PK8,,CL3TGL3PK,1,6.99,5.82,2026-04-29 20:03:09,amazon Ledsone,false
1155033,203-9342598-9385137,AMAZON,B0B71MJFDZ,,CRSF100BM,1,8.88,4.99,2026-04-29 20:18:58,amazon Ledsone,false
1155034,026-4332187-6828317,AMAZON,B0DF7BD73R,,CRSF100BM+PHRYWP1RBM,3,35.67,9.91,2026-04-29 20:24:01,amazon Ledsone,false
1155046,026-7863826-6629129,AMAZON,B0D9RVLLF7,,WCDTWH3PK+RPR44WH3PK,1,23.89,19.91,2026-04-29 20:31:04,amazon Ledsone,false
1155051,203-7543361-2771550,AMAZON,B0FPWV2SHR,,LDCWT75B22126PK,1,19.49,16.24,2026-04-29 20:43:15,amazon Ledsone,false
1155053,205-4917532-4453943,AMAZON,B0DH4KYFPD,,WCDTBM2PK+RPR44WH2PK,1,18.29,15.24,2026-04-29 20:47:33,amazon Ledsone,false
1155054,202-7520547-8169948,AMAZON,B094JX22PF,,CRSF1208WH+PHTT1PWR1WH8PK+SPSPWH8PK,1,52.89,44.07,2026-04-29 20:50:39,amazon Ledsone,false
1155055,205-5387564-4838761,AMAZON,B0GTHT26DV,,LSGL14010CL3PK+RPM40WH3PK,1,23.89,23.89,2026-04-29 20:45:27,amazon Dcvoltage,false
1155056,206-2091835-9097902,AMAZON,B0F4XY3MHC,,TSTS30WH,1,4.18,1.29,2026-04-29 20:46:58,amazon Dcvoltage,false
1155065,202-3563130-7353139,AMAZON,B0DKP55KXL,,LHTRE27SN,1,8.09,8.09,2026-04-29 20:56:08,amazon Dcvoltage,false
1155068,205-8114013-3235539,AMAZON,B0F9X1GLK8,,CL3THEAPK,1,20.99,17.49,2026-04-29 21:04:55,amazon Ledsone,false
1155069,206-3650785-2416335,AMAZON,B08FXSXMGM,,LSFT220SN+RPR44WH,1,11.89,11.89,2026-04-29 21:03:41,amazon Dcvoltage,false
1155074,202-6001782-1585157,AMAZON,B0GLNHSJZ8,,PL4HBM,1,37.89,31.57,2026-04-29 21:15:09,amazon Ledsone,false
1155075,205-3989102-4857919,AMAZON,B0G1TGXFF7,,CKKLBY,1,10.44,8.70,2026-04-29 21:15:43,amazon Ledsone,false
1155076,203-7947874-4409147,AMAZON,B093T4L68X,,LSCY290WH+RPR44WH,1,18.89,15.74,2026-04-29 21:18:08,amazon Ledsone,false
1155079,026-7334988-5627538,AMAZON,B0CN35HMT6,,CRSF1204BM+PHRY2PCRBM4PK,3,107.67,29.91,2026-04-29 21:19:36,amazon Ledsone,false
1155082,205-5164090-7564362,AMAZON,B0GTQXH9HR,,LSGL12010AR3PK+RPM40WH3PK,1,22.99,22.99,2026-04-29 21:29:42,amazon Dcvoltage,false
1155093,202-6749761-9858756,AMAZON,B0C43LPR9Y,,WCDTGD+RPR44WH,1,10.89,9.07,2026-04-29 21:53:34,amazon Ledsone,false
1155094,206-3963827-1134746,AMAZON,B0F9WG3RDB,,LSHQ180BG2PK+RPR44WH2PK,2,32.98,13.74,2026-04-29 18:41:56,amazon Ledsone,false
1155095,204-6306597-6269927,AMAZON,B0GLYG8JC1,,PLHNBC+ICST64E27,1,17.09,17.09,2026-04-29 21:51:41,amazon Dcvoltage,false
1155098,203-8886270-1764316,AMAZON,B0FQT47DSP,,CRFF140BM+WSCH135BM+LSCY290YE,1,20.89,20.89,2026-04-29 22:04:18,amazon Dcvoltage,false
1155101,204-2738685-0791563,AMAZON,B0DQD9LY98,,PHSF1AGTGB3PK,1,27.89,23.24,2026-04-29 21:55:03,amazon Ledsone,false
1155102,205-8516631-7411518,AMAZON,B0D7ZRWBS2,,LSCY290BI2PK+RPR44WH2PK,4,103.96,21.66,2026-04-29 21:55:43,amazon Ledsone,false
1155108,205-8035872-9342764,AMAZON,B0D6RDL8H5,,LDCWE2718,1,4.32,4.32,2026-04-29 22:20:53,amazon Ledsone,false
1155109,205-8035872-9342764,AMAZON,B0FLDDJJ71,,LDCWA65HB2215,1,4.49,4.49,2026-04-29 22:20:53,amazon Ledsone,false
1155110,203-9641337-0357903,AMAZON,B0F1TQKPPT,,CENU25200WH,1,4.49,1.49,2026-04-29 22:25:25,amazon Dcvoltage,false
1155111,206-1432639-9591563,AMAZON,B09M41Z83H,,LDMG125E278,1,8.99,8.99,2026-04-29 22:33:40,amazon Dcvoltage,false
1155112,026-0505675-0126755,AMAZON,B0DQ5DR5G6,,CRSF1204BM2PK,2,27.78,11.57,2026-04-29 22:35:35,amazon Ledsone,false
1155114,203-0570285-9416365,AMAZON,B0F3XQTLRD,,TSTS20WH,1,3.78,0.74,2026-04-29 22:47:18,amazon Ledsone,false
1155132,026-7624946-6616347,AMAZON,B09L8KS17V,,CRSF100BM+PHCH1BMRBM+LSDO400BI,1,21.69,18.07,2026-04-29 23:53:43,amazon Ledsone,false
1155134,026-9666092-7410748,AMAZON,B0FPWXQWQD,,LDCWA60HB2296PK,1,10.13,6.24,2026-04-30 00:03:50,amazon Ledsone,false
1155139,205-5018606-0492359,AMAZON,B0DPZZDXJ1,,PHSF2BMRBM2PK+SPSDP2BM2PK+ICST64E272PK,1,32.79,27.32,2026-04-30 00:41:32,amazon Ledsone,false
1155143,202-8346844-6232317,AMAZON,B0FKZ1KJXL,,ENC8072,6,112.27,20.79,2026-04-30 01:45:06,amazon Dcvoltage,false
1155149,206-5796152-7125137,AMAZON,B09M42QJCS,,LDMG125E2785PK,1,27.89,27.89,2026-04-30 03:26:42,amazon Dcvoltage,false
1155203,204-6570716-3246707,AMAZON,B0D296W5SD,,LSCY290GR+RPR44WH,1,16.89,14.07,2026-04-30 06:49:39,amazon Ledsone,false
1155204,205-1779407-0141935,AMAZON,B0DLWVMSJW,,PCGZ20MX,1,8.88,4.99,2026-04-30 06:52:20,amazon Ledsone,false
1155205,205-7682487-1635550,AMAZON,B0DTYYYWYG,,LSSS300BG,1,14.99,12.49,2026-04-30 06:58:27,amazon Ledsone,false
1155221,202-0372952-2408330,AMAZON,B0F799YBJ9,,CTBOP13L+CTBOP23L+CTBOP28L,1,14.89,14.89,2026-04-30 08:03:07,amazon Dcvoltage,false
1155222,203-6552316-4576367,AMAZON,B08P1J2F56,,LSRP260GB+RPR44WH,1,17.89,17.89,2026-04-30 08:03:50,amazon Dcvoltage,false
1155223,203-1096393-2565136,AMAZON,B0D7S1F3Z7,,LSMS320GY+RPR44WH,1,14.99,12.49,2026-04-30 08:05:50,amazon Ledsone,false
1155229,206-0694372-9139542,AMAZON,B0CZXL6ZYG,,TPOSBDBM,1,25.89,21.57,2026-04-30 08:09:58,amazon Ledsone,false
1155232,206-2928726-4267564,AMAZON,B0CTC82GM4,,ENC3291,1,24.89,24.89,2026-04-30 08:22:41,amazon Dcvoltage,false
1155237,206-5795914-2317166,AMAZON,B0CZXL6ZYG,,TPOSBDBM,1,25.89,21.57,2026-04-30 08:30:47,amazon Ledsone,false
1155238,202-3995496-2958755,AMAZON,B0DX6NBT9P,,CENU19150WH,1,0.91,0.91,2026-04-30 08:30:10,amazon Ledsone,false
1155239,202-3995496-2958755,AMAZON,B0DX6WHN2Q,,CENU50300WH,1,2.57,2.57,2026-04-30 08:30:10,amazon Ledsone,false
1155248,205-6450851-8671521,AMAZON,B0C7H3C8L8,,LSFT220BS+RPR44WH,1,10.79,10.79,2026-04-30 08:52:31,amazon Dcvoltage,false
1155249,026-1429637-0171536,AMAZON,B0F4432H4K,,CENU19150BM2PK,1,5.78,2.89,2026-04-30 08:57:53,amazon Dcvoltage,false
1155251,202-1325869-1504303,AMAZON,B08XBYXQC6,,CL3TBRAPK,2,39.98,19.99,2026-04-30 09:02:08,amazon Dcvoltage,false
1155252,205-6189339-2782757,AMAZON,B0CBPSNPZF,,WCB6RR2PK+RPR44WH2PK,1,19.89,19.89,2026-04-30 09:02:05,amazon Dcvoltage,false
1155261,203-5675157-0589100,AMAZON,B07L8HNZF8,,CL3TBR5PK,1,14.99,14.99,2026-04-30 09:09:39,amazon Dcvoltage,false
1155266,203-4497216-4974725,AMAZON,B0FVF1B2PH,,PLHSBC,2,29.78,14.89,2026-04-30 09:29:37,amazon Dcvoltage,false
1155267,026-8722363-0136349,AMAZON,B0D4YG1QFJ,,LDMG95E2783PK,2,24.38,12.19,2026-04-30 09:30:24,amazon Dcvoltage,false
1155271,202-8843830-1366766,AMAZON,B0DK4TF9X2,,SPWL43BM2PK,1,13.59,11.32,2026-04-30 09:45:28,amazon Ledsone,false
1155272,202-6593101-1127568,AMAZON,B0CZXL6ZYG,,TPOSBDBM,1,25.89,21.57,2026-04-30 09:45:22,amazon Ledsone,false
1155273,202-9096856-3199537,AMAZON,B0BBS14PQZ,,CL3TWHAPK,1,21.19,17.66,2026-04-30 09:41:57,amazon Ledsone,false
1155274,202-8928779-2371502,AMAZON,B0DSC1CVFJ,,LSDO400RE2PK+RPR44WH2PK,4,155.56,38.89,2026-04-30 09:21:36,amazon Dcvoltage,false
1155275,204-4421826-9310765,AMAZON,B0GTHT26DV,,LSGL14010CL3PK+RPM40WH3PK,1,23.89,23.89,2026-04-30 09:42:38,amazon Dcvoltage,false
1155280,206-8413915-7817111,AMAZON,B0G49DDJ63,,WCCYSP180GD2PK+RPR44WH2PK,1,23.89,19.91,2026-04-30 09:44:36,amazon Ledsone,false
1155282,026-5951099-9617957,AMAZON,B0DX784TX6,,CERU80300BM,1,8.88,4.99,2026-04-30 09:52:21,amazon Ledsone,false
1155285,205-2961174-6749131,AMAZON,B07YW9J1ST,,WCBNBC2PK+RPR44WH2PK,1,15.89,13.24,2026-04-30 09:49:06,amazon Ledsone,false
1155286,205-1709753-3597958,AMAZON,B0DTHZ1JX5,,WCDCBM4PK+RPR44WH4PK,1,29.49,24.57,2026-04-30 09:57:10,amazon Ledsone,false
1155288,202-3494761-0705935,AMAZON,B0DTHJJLW2,,WCB6BS3PK+RPR44WH3PK,1,23.89,23.89,2026-04-30 09:42:39,amazon Dcvoltage,false
1155293,026-4239350-6558734,AMAZON,B0CGRNLLPR,,CRSF100BM+PHRYWP1RBM,1,11.69,9.74,2026-04-30 10:00:19,amazon Ledsone,false
1155294,204-1138533-1017145,AMAZON,B0CBXBG2FC,,PLPYBM+ICST64E27,3,59.67,16.57,2026-04-30 10:02:54,amazon Ledsone,false
1155302,204-4692337-7854736,AMAZON,B09DQ4G2LZ,,CRSF100HBM+PSDS2RBM+WSCH135BM+LSDO210BM,1,24.89,24.89,2026-04-30 10:11:39,amazon Dcvoltage,false
1155317,206-4151354-5169902,AMAZON,B09MQRMWRF,,WCB6WH+RPR44WH,1,10.89,9.07,2026-04-30 10:49:31,amazon Ledsone,false
1155318,202-1714408-3178717,AMAZON,B0D7ZTRLBH,,LSCY290BM2PK+RPR44WH2PK,1,27.89,23.24,2026-04-30 10:48:46,amazon Ledsone,false
1155319,204-8055171-0123537,AMAZON,B0D4YG1QFJ,,LDMG95E2783PK,1,12.19,12.19,2026-04-30 10:37:05,amazon Dcvoltage,false
1155320,204-3571234-0589156,AMAZON,B0C7QYQ25P,,CRSF2003BM+WCRN3CBM3PK,1,46.18,43.89,2026-04-30 10:49:06,amazon Dcvoltage,false
1155327,026-3856900-5004368,AMAZON,B0F2T3R5Y9,,LSMS320RE+RPR44WH,1,15.89,13.24,2026-04-30 10:51:06,amazon Ledsone,false
1155328,026-1234738-7658744,AMAZON,B0DCKQW2PW,,STFG4845WH3PK,1,8.88,4.99,2026-04-30 10:58:41,amazon Ledsone,false
1155329,206-3331794-3838721,AMAZON,B0FBX58XN5,,PHSF1PBRYB+LSCY290BC+LDMST64E274,1,24.09,20.07,2026-04-30 10:57:54,amazon Ledsone,false
1155338,205-2028636-3235530,AMAZON,B0D81ZBZPZ,,CO232AORAPK,3,2.94,0.98,2026-04-30 11:04:15,amazon Ledsone,false
1155339,205-2028636-3235530,AMAZON,B0743GYD52,,CO332AORAPK,1,2.16,2.16,2026-04-30 11:04:15,amazon Ledsone,false
1155346,203-3258487-1788329,AMAZON,B0F944GK35,,CL3TBW3PK,2,13.98,5.82,2026-04-30 11:16:22,amazon Ledsone,false
1155352,203-5463733-3536300,AMAZON,B0CLRMGJ8Z,,CO332AOR5PK,1,5.73,2.37,2026-04-30 09:37:19,amazon Ledsone,false
1155353,203-3313516-0989918,AMAZON,B0FXFF5LTD,,WCFL180BM2PK,1,21.89,18.24,2026-04-30 11:22:01,amazon Ledsone,false
1155354,204-8536639-5015531,AMAZON,B0D83PFMTP,,WCDCBM3PK+RPR44WH3PK,1,23.99,23.99,2026-04-30 11:08:43,amazon Dcvoltage,false
1155355,203-4255115-9245162,AMAZON,B0GLGGJD2R,,LSGLFP245GR+RPM40WH,1,17.89,17.89,2026-04-30 11:07:05,amazon Dcvoltage,false
1155362,205-8038849-9627514,AMAZON,B0DCBKL2DF,,IMCWEPK,1,19.48,19.48,2026-04-30 11:38:11,amazon Dcvoltage,false
1155363,203-3297221-1203507,AMAZON,B0DXQ8WPCG,,LSCY290SN2PK+RPR44WH2PK,1,29.89,24.91,2026-04-30 11:25:08,amazon Ledsone,false
1155365,204-6369050-1693124,AMAZON,B08NYMQRYM,,LSDO400YE+RPR44WH,1,14.89,14.89,2026-04-30 11:29:39,amazon SRM Amazon,false
1155370,203-8841543-4964364,AMAZON,B0D298QXXM,,LSCY290GY2PK+RPR44WH2PK,1,28.29,23.57,2026-04-30 11:44:05,amazon Ledsone,false
1155371,205-8688706-8225134,AMAZON,B09477YHK7,,LDMG95E278APK,1,35.19,29.32,2026-04-30 11:45:33,amazon Ledsone,false
1155375,204-1815364-0371569,AMAZON,B0BT7R8P1R,,ENC4308,1,38.89,38.89,2026-04-30 11:50:53,amazon Dcvoltage,false
1155376,205-1205783-4305927,AMAZON,B0CNJQ228F,,WCB1WH,1,11.89,11.89,2026-04-30 11:50:40,amazon Dcvoltage,false
1155377,202-1468234-5831551,AMAZON,B0GTQRN1PC,,LSGL12010AR2PK+RPM40WH2PK,1,12.89,12.89,2026-04-30 11:33:21,amazon Dcvoltage,false
1155378,026-8105067-9089924,AMAZON,B0FY3CX387,,WCFL180BM3PK+RPR44WH3PK,1,26.35,26.35,2026-04-30 11:50:31,amazon Dcvoltage,false
1155379,206-5909397-9016363,AMAZON,B0F2GGDBJ1,,RWT460YE,2,18.07,6.32,2026-04-30 11:44:33,amazon Ledsone,false
1155380,206-5832509-0833122,AMAZON,B0FXFF5LTD,,WCFL180BM2PK,1,21.89,18.24,2026-04-30 11:56:44,amazon Ledsone,false
1155385,203-5038776-3316348,AMAZON,B0GW7VBY3J,,LHSWPBB22GD,1,9.89,8.24,2026-04-30 12:09:20,amazon Ledsone,false
1155386,202-4043453-8301920,AMAZON,B0CB7W7YZL,,SPSDP2WH6PK,1,21.09,21.09,2026-04-30 12:07:48,amazon Dcvoltage,false
1155387,202-4043453-8301920,AMAZON,B0DH5YFWM8,,CL2THE3PK,1,7.99,7.99,2026-04-30 12:07:48,amazon Dcvoltage,false
1155388,026-2361351-2365129,AMAZON,B0CCHYSJWC,,SPSDP2YB,1,8.68,4.82,2026-04-30 12:16:05,amazon Ledsone,false
1155389,203-5914486-0637125,AMAZON,B08VGMKHT7,,LSCY290BM+RPR44WH,6,95.34,15.89,2026-04-30 12:19:18,amazon Dcvoltage,false
1155394,202-1698009-8689124,AMAZON,B0DPMRVHHR,,LSCYRO120WH+RPR44WH,2,29.98,12.49,2026-04-30 12:21:08,amazon Ledsone,false
1155401,202-3161455-9465950,AMAZON,B0FX2SHBL5,,LSCYRO120BM2PK+RPR44WH2PK,1,21.89,21.89,2026-04-30 12:33:06,amazon Dcvoltage,false
1155402,026-4270304-1412309,AMAZON,B0CSNHB4KG,,ENC8625,1,29.89,29.89,2026-04-30 12:37:17,amazon Dcvoltage,false
1155403,205-9097045-9812368,AMAZON,B0G1TFLVHG,,CKA16ATC3031BR,1,17.58,14.65,2026-04-30 12:30:55,amazon Ledsone,false
1155406,206-0117580-1493151,AMAZON,B0B9K41YZ7,,CL3TBK5PK,1,13.79,11.49,2026-04-30 12:42:32,amazon Ledsone,false
1155407,206-5793030-6593116,AMAZON,B0CNJSDYVG,,WCB2WH+RPR44WH,1,11.87,8.98,2026-04-30 12:46:58,amazon Dcvoltage,false
1155414,204-0746164-0361903,AMAZON,B08XNPSWMN,,CRSF100BC+LHNSE27YB+SCRN70BC+LSWD360BC,1,29.89,29.89,2026-04-30 12:51:51,amazon Dcvoltage,false
1155416,205-2864924-0932310,AMAZON,B0FM7WZRS3,,ENC9031,1,28.89,24.07,2026-04-30 12:52:02,amazon Ledsone,false
1155420,202-5849869-0341921,AMAZON,B0GP73VLM8,,LHPVHRE27WH,2,9.38,3.91,2026-04-30 13:07:44,amazon Ledsone,false
1155431,203-8543539-9550747,AMAZON,B0FZCW7KC7,,LSHM300HE+RPR44WH,1,21.47,23.09,2026-04-30 13:26:01,amazon Dcvoltage,false
1155433,206-1208506-9515521,AMAZON,B09D3Z6VRF,,PLDMBM+ICST64E27,4,82.40,22.89,2026-04-30 13:30:03,amazon Dcvoltage,false
1155434,206-1284765-3405136,AMAZON,B0CPDPWLV4,,WJB2,1,6.78,3.89,2026-04-30 13:29:31,amazon Dcvoltage,false
1155435,205-7660649-5233905,AMAZON,B081FBSJX8,,CNP1000WH,1,8.78,5.89,2026-04-30 13:40:08,amazon Dcvoltage,false
1155448,205-5217842-6429162,AMAZON,B0BNW1NWB9,,ENC784,1,31.49,31.49,2026-04-30 14:01:35,amazon Dcvoltage,false
1155458,206-5043008-4074710,AMAZON,B083JWH1W2,,12IP2015,1,8.88,8.88,2026-04-30 14:15:06,amazon SRM Amazon,false
1155465,202-9490184-2926766,AMAZON,B095Z3GZFK,,CRFF500BM+PHRI1PBRYB3PK+LSFT220BM3PK,1,33.89,28.24,2026-04-30 14:23:19,amazon Ledsone,false
1155466,026-9387694-5822721,AMAZON,B0F8QCBY49,,CERU36200BM,1,4.88,1.66,2026-04-30 14:25:41,amazon Ledsone,false
1155472,204-8082640-0790724,AMAZON,B08XNTQCK7,,LSCY290OR+RPR44WH,1,15.89,15.89,2026-04-30 14:48:00,amazon Dcvoltage,false
1155473,206-2779494-9167531,AMAZON,B0F7QRPZY7,,CL3TBRAPK,1,19.89,16.57,2026-04-30 14:50:58,amazon Ledsone,false
1155474,204-1014396-1947509,AMAZON,B0FVM8LHNX,,CERU36150BL,10,18.49,1.30,2026-04-29 14:08:54,amazon Ledsone,false
1155477,206-0735225-8189110,AMAZON,B0DRP87NC8,,LHSHE27GB2PK,1,9.89,8.24,2026-04-30 15:05:39,amazon Ledsone,false
1155478,206-5386177-1272335,AMAZON,B08W1S2WXK,,CRFF108BY+LHNSE27BY+LSDO300WH,2,39.38,19.69,2026-04-30 15:02:40,amazon Dcvoltage,false
1155479,206-5386177-1272335,AMAZON,B0D4YNLVWX,,CRFF140BM+WSWH135BM+LSDO210WH,3,50.07,16.69,2026-04-30 15:02:40,amazon Dcvoltage,false
1155481,206-5373359-1320369,AMAZON,B07CVX9ZWR,,12IP67120OL2,2,51.78,25.89,2026-04-30 15:12:24,amazon Dcvoltage,false
1155499,206-8615166-4896323,AMAZON,B08XBHQ8JJ,,PSDS2BMRGR,1,10.19,11.99,2026-04-30 15:35:25,amazon Dcvoltage,false
1155500,206-5291452-7673912,AMAZON,B0F43Q8TXP,,CENU36300BM,1,5.59,2.49,2026-04-30 15:40:17,amazon Dcvoltage,false
1155501,203-8800121-0445962,AMAZON,B0CXSLYXDK,,RWT6100YE,3,35.13,12.59,2026-04-30 15:41:24,amazon Dcvoltage,false
1155506,203-1071006-4685112,AMAZON,B0DZF2H9QJ,,CL2RBW3PK,1,11.68,7.32,2026-04-30 15:48:55,amazon Ledsone,false
1155508,205-4021149-7106701,AMAZON,B0CNXLGT97,,CL3TCR3PK,1,7.78,4.49,2026-04-30 15:52:49,amazon Dcvoltage,false
1155509,203-5284946-5301150,AMAZON,B0CKBZ4V22,,CRSF100BM+LHNSE27CO+SCRN70CO+LSFT220BI,1,17.89,17.89,2026-04-30 15:55:10,amazon Dcvoltage,false
1155514,206-8913849-5467558,AMAZON,B0FPR2F7WV,,CRSF100BM+LHNSE27BM+SCRN70BM+LSTF40SN,1,16.69,13.91,2026-04-30 15:56:29,amazon Ledsone,false
1155515,203-3247328-5381130,AMAZON,B0GCZG4XFD,,CRSF120WH,1,8.78,4.91,2026-04-30 16:01:33,amazon Ledsone,false
1155516,203-5998814-0889907,AMAZON,B0C4LX1VXL,,LSLC180BC+RPR44WH,1,9.99,8.32,2026-04-30 15:56:52,amazon Ledsone,false
1155519,205-2666152-0668313,AMAZON,B08QR82LCQ,,ENC622,1,39.89,39.89,2026-04-30 16:11:50,amazon Dcvoltage,false
1155520,203-1330753-1798727,AMAZON,B07DH89GTY,,12UK3P2A,1,8.88,4.99,2026-04-30 16:17:23,amazon Ledsone,false
1155525,203-0839426-7333908,AMAZON,B0CN3D9KJR,,WCB4WH+RPR44WH,1,12.79,12.79,2026-04-30 16:14:07,amazon Dcvoltage,false
1155529,204-6378439-4327518,AMAZON,B0GTJ1BS3K,,LSGL14010CL2PK+RPM40WH2PK,1,14.29,14.29,2026-04-30 16:46:21,amazon Dcvoltage,false
1155530,206-5410470-3157948,AMAZON,B0CKSV67CC,,CRFF75GB,1,9.48,5.49,2026-04-30 16:46:04,amazon Ledsone,false
1155536,204-1147500-4453133,AMAZON,B0DMT7YGQN,,PCMT20SN5PK,1,7.19,5.99,2026-04-30 16:57:29,amazon Ledsone,false
1155538,204-8797009-1384362,AMAZON,B07F9W6BQW,,LDMG80E274,2,12.38,6.19,2026-04-30 17:01:26,amazon Dcvoltage,false
1155539,202-8636061-2015537,AMAZON,B0GLPLNXXC,,PL4HBC,1,37.09,37.09,2026-04-30 17:06:19,amazon Dcvoltage,false
1155548,026-7691805-7737942,AMAZON,B0GS2H2HKX,,TPHTTN2PBRBM+LSGLBC160AR+LDMST64E274,1,24.99,24.99,2026-04-30 17:24:55,amazon Dcvoltage,false
1155550,202-2113471-4065963,AMAZON,B0FH6JJKV4,,SPSDP2BMY,2,13.49,4.91,2026-04-30 17:25:38,amazon Ledsone,false
1155563,204-4697914-3831547,AMAZON,B0CBPBNVB6,,WCB3RR2PK+RPR44WH2PK,1,15.98,15.98,2026-04-30 17:33:10,amazon Dcvoltage,false
1155564,205-2660331-7589958,AMAZON,B0FZCW7KC7,,LSHM300HE+RPR44WH,2,46.18,23.09,2026-04-30 17:50:22,amazon Dcvoltage,false
1155566,203-3456084-0245949,AMAZON,B08VGMKHT7,,LSCY290BM+RPR44WH,1,15.89,15.89,2026-04-30 17:52:10,amazon Dcvoltage,false
1155568,204-4318547-0621947,AMAZON,B0F9YKVGP1,,ENC8591,1,19.39,19.39,2026-04-30 17:52:37,amazon Dcvoltage,false
1155570,205-2094247-2213144,AMAZON,B0B97Z4ZDD,,ENC3550,2,197.78,82.41,2026-04-30 17:58:25,amazon Ledsone,false
1155577,205-0470976-7877925,AMAZON,B0CNXJD9GN,,CL3TBM3PK,1,7.78,4.49,2026-04-30 17:56:29,amazon Dcvoltage,false
1155578,204-8273372-8337107,AMAZON,B0GTJ1BS3K,,LSGL14010CL2PK+RPM40WH2PK,1,14.29,14.29,2026-04-30 18:03:38,amazon Dcvoltage,false
1155581,205-1760659-7242731,AMAZON,B0GTHT26DV,,LSGL14010CL3PK+RPM40WH3PK,1,23.89,23.89,2026-04-30 18:15:40,amazon Dcvoltage,false
1155582,203-7933949-4061930,AMAZON,B0CZ9CH465,,LSMS320BT2PK+RPR44WH2PK,1,26.59,26.59,2026-04-30 18:16:20,amazon Dcvoltage,false
1155583,206-5460325-4299521,AMAZON,B0CS3LSTMS,,WCB7BS+RPR44WH,1,9.89,9.89,2026-04-30 18:17:58,amazon Dcvoltage,false
1155585,203-7880295-1213901,AMAZON,B0D7S3YDZY,,LSMS320WH+RPR44WH,2,34.98,12.49,2026-04-30 18:16:20,amazon Ledsone,false
1155588,203-6773116-4251559,AMAZON,B0FJ29YCHN,,STPVC17ABL3PK,1,5.58,2.69,2026-04-30 18:26:17,amazon Dcvoltage,false
1155589,206-8993451-8788358,AMAZON,B0B82XR5Y1,,PHSF1GDRYB,1,13.69,11.41,2026-04-30 18:26:50,amazon Ledsone,false
1155591,204-9854412-3257913,AMAZON,B0B9K41YZ7,,CL3TBK5PK,3,41.37,11.49,2026-04-30 18:29:41,amazon Ledsone,false
1155592,204-7495837-9230726,AMAZON,B0C8NJDTJS,,WCDCBM+RPR44WH,1,10.07,8.39,2026-04-30 18:32:13,amazon Ledsone,false
1155593,026-4555181-8501154,AMAZON,B0FXFF5LTD,,WCFL180BM2PK+RPR44WH2PK,1,21.89,18.24,2026-04-30 18:34:11,amazon Ledsone,false
1155594,205-2760059-7765952,AMAZON,B0DH68WNYV,,CL2TGY5PK,1,10.09,10.09,2026-04-30 18:34:36,amazon Dcvoltage,false
1155596,203-7797272-6396367,AMAZON,B0CV7K4PZC,,RWGS1342WH,1,6.75,3.59,2026-04-30 18:35:40,amazon Dcvoltage,false
1155602,204-9364657-2636347,AMAZON,B0D73PXSLX,,ENC4847,1,24.09,24.09,2026-04-30 19:01:56,amazon Dcvoltage,false
1155603,202-2646665-8141901,AMAZON,B0C9X8DFVX,,LSLC180BM+RPR44WH,1,14.89,14.89,2026-04-30 19:03:20,amazon Dcvoltage,false
1155605,026-5096299-9119551,AMAZON,B0GTMZWFCD,,LSGL14010CL+RPM40WH,1,11.89,9.91,2026-04-30 19:16:32,amazon Ledsone,false
1155606,026-1426039-2429117,AMAZON,B0FXX9JZX7,,CKA15STC425WH,1,15.29,15.29,2026-04-30 19:09:09,amazon Dcvoltage,false
1155607,202-7755314-7212324,AMAZON,B0CNXT8KCW,,CRSF100RO+LHNSE27RO+LSDM220RO,1,18.89,18.89,2026-04-30 19:10:28,amazon Dcvoltage,false
1155611,026-3897079-5636348,AMAZON,B0BB32Q7YP,,CL2RBT5PK,1,10.19,8.49,2026-04-30 19:23:24,amazon Ledsone,false
1155616,202-7632244-5252349,AMAZON,B0CPBXJMSS,,LSCY290OR+RPR44WH,1,15.89,15.89,2026-04-30 19:21:22,amazon Dcvoltage,false
1155617,202-8912637-3735541,AMAZON,B0CQNKKQTK,,PLTTBS+LSFT220BS,1,20.89,20.89,2026-04-30 19:29:12,amazon Dcvoltage,false
1155618,203-8946463-0082750,AMAZON,B094DN1XL1,,PLADBC,1,50.86,42.38,2026-04-30 19:33:58,amazon Ledsone,false
1155619,203-7751750-4206725,AMAZON,B0D7S5N65L,,LSMS320YE+RPR44WH,1,14.99,12.49,2026-04-30 19:37:10,amazon Ledsone,false
1155620,203-5336076-6993110,AMAZON,B08NTKB1DM,,CRFF500BM+PHCH1BMRBM3PK+LSCY210BG3PK,1,41.89,34.91,2026-04-30 19:37:34,amazon Ledsone,false
1155638,203-7246138-6528360,AMAZON,B07DH89GTY,,12UK3P2A,1,8.88,4.99,2026-04-30 19:49:15,amazon Ledsone,false
1155639,205-2875775-7493101,AMAZON,B0D28TWPYD,,LSCY290BC2PK+RPR44WH2PK,1,25.79,21.49,2026-04-30 19:52:28,amazon Ledsone,false
1155640,202-3220361-3414719,AMAZON,B093WY3N73,,HLHG120CH5PK,1,12.58,9.69,2026-04-30 19:34:46,amazon Dcvoltage,false
1155641,206-0945006-1024361,AMAZON,B0F4432H4K,,CENU19150BM2PK,2,8.67,2.89,2026-04-30 19:53:23,amazon Dcvoltage,false
1155648,026-7418508-2776367,AMAZON,B0963P71QD,,CRFF500BM+PHCHPBRCO3PK+LSOL220CO3PK,1,36.79,30.66,2026-04-30 20:14:15,amazon Ledsone,false
1155658,205-7140929-9965937,AMAZON,B0GLNHVVKS,,PL4HBC,2,68.20,31.57,2026-04-30 20:24:53,amazon Ledsone,false
1155662,203-2864404-0006713,AMAZON,B0B71MJFDZ,,CRSF100BM,2,14.87,4.99,2026-04-30 20:30:24,amazon Ledsone,false
1155663,204-6641730-0306755,AMAZON,B0F9467GTW,,CL3TCR3PK,1,5.82,5.82,2026-04-30 20:33:00,amazon Ledsone,false
1155664,204-6641730-0306755,AMAZON,B083ZS9PGC,,LHAHE27CH,1,5.74,5.74,2026-04-30 20:33:00,amazon Ledsone,false
1155677,203-7339958-9197935,AMAZON,B0B8P9BKXB,,LDMG125E278,1,10.89,9.07,2026-04-30 20:58:25,amazon Ledsone,false
1155683,206-4884262-0209145,AMAZON,B07ZFWR48Y,,CRFF100BM+LHNSE27BM,1,13.89,13.89,2026-04-30 21:12:15,amazon Dcvoltage,false
1155684,203-0526929-3393924,AMAZON,B0C4PP8T9N,,ENC4002,1,63.00,52.50,2026-04-30 20:58:36,amazon Ledsone,false
1155689,205-4954385-3088315,AMAZON,B0C7H2X9HQ,,LSFT220OR+RPR44WH,1,18.29,8.77,2026-04-30 21:18:28,amazon Dcvoltage,false
1155694,204-6689003-2938706,AMAZON,B0FTZGFN4K,,WCFL180BM+RPR44WH,2,27.78,11.57,2026-04-30 21:31:29,amazon Ledsone,false
1155697,205-1662729-9017154,AMAZON,B0CBKFJ1FB,,PHSF2GDTFG+SPSDP2YB,3,47.07,13.07,2026-04-30 21:39:16,amazon Ledsone,false
1155698,203-6028372-5035555,AMAZON,B0DRYR3MGR,,LHSHE27GB3PK,1,17.69,17.69,2026-04-30 21:39:47,amazon SRM Amazon,false
1155699,203-7010928-5881137,AMAZON,B0CNXLMD5F,,CL3RCR3PK,1,4.49,4.49,2026-04-30 21:39:47,amazon Dcvoltage,false
1155700,203-7010928-5881137,AMAZON,B07L6T9P7B,,CRSF100GB,1,8.89,8.89,2026-04-30 21:39:47,amazon Dcvoltage,false
1155701,026-2164902-9840350,AMAZON,B0D2J1LH3T,,ENC7090,1,51.89,51.89,2026-04-30 21:39:08,amazon Dcvoltage,false
1155706,203-6271339-0207539,AMAZON,B09HS7Z8WH,,CL2TLB5PK,1,12.19,10.16,2026-04-30 21:57:59,amazon Ledsone,false
1155711,206-3518111-0909901,AMAZON,B09M41Z83H,,LDMG125E278,2,17.98,8.99,2026-04-30 22:06:51,amazon Dcvoltage,false
1155714,205-6861268-3747512,AMAZON,B094DN1XL1,,PLADBC,1,50.86,42.38,2026-04-30 22:00:13,amazon Ledsone,false
1155721,202-7568022-6205929,AMAZON,B0D5CNFQ3B,,LDCWB2215,1,5.19,4.32,2026-04-30 22:20:15,amazon Ledsone,false
1155723,205-0941239-6763510,AMAZON,B0GCZG4XFD,,CRSF120WH,4,23.56,4.91,2026-04-30 22:26:07,amazon Ledsone,false
1155727,203-4938804-9787515,AMAZON,B083XMSFQF,,CL2RGL3PK,1,9.28,4.99,2026-04-30 22:28:12,amazon Ledsone,false
1155732,203-0169134-1493173,AMAZON,B0BY3972CW,,SCRN70BB2PK,1,7.58,3.91,2026-04-30 22:44:59,amazon Ledsone,false
1155740,202-5416386-5856331,AMAZON,B0D6KFLNG2,,FWS143CF,1,6.89,5.74,2026-04-30 22:57:35,amazon Ledsone,false
1155743,202-5651762-7145141,AMAZON,B0F4432H4K,,CENU19150BM2PK,2,5.78,2.89,2026-04-30 23:03:22,amazon Dcvoltage,false
1155744,202-5651762-7145141,AMAZON,B0F4439YWV,,CENU36300BM2PK,2,8.98,4.49,2026-04-30 23:03:22,amazon Dcvoltage,false
1155748,203-0867841-2669145,AMAZON,B0D4YG1QFJ,,LDMG95E2783PK,1,12.19,12.19,2026-04-30 23:19:11,amazon Dcvoltage,false
1155751,026-3564735-5577924,AMAZON,B0DH6D3YLY,,CL2TCR5PK,1,14.09,14.09,2026-04-30 23:28:49,amazon Dcvoltage,false
1155752,202-7674146-4416362,AMAZON,B0CKR9W6X5,,PLHWBC+ICST64E273PK,1,27.89,27.89,2026-04-30 23:29:53,amazon Dcvoltage,false
1155755,026-1608202-1077156,AMAZON,B0D7MS1G25,,CRFF105WH2PK,1,13.79,11.49,2026-04-30 23:39:04,amazon Ledsone,false
1155756,205-4335966-9953133,AMAZON,B0D7S3YDZY,,LSMS320WH+RPR44WH,1,14.99,12.49,2026-04-30 23:42:31,amazon Ledsone,false
1155757,202-4004879-4133146,AMAZON,B0CZXL6ZYG,,TPOSBDBM,1,25.89,21.57,2026-04-30 23:48:45,amazon Ledsone,false
1155761,026-6019165-3024337,AMAZON,B0DW439WZ8,,WSLR200BM+WCDSBM+ICST64E27,16,334.24,17.41,2026-04-30 22:03:31,amazon Ledsone,false
1157440,202-5046806-0870737,AMAZON,B083YRJCMX,,CRFF100FG+LHNSE27FG+SCRN70FG+LSFT220FG,1,24.89,24.89,2026-04-28 17:39:43,amazon Dcvoltage,false
1157441,202-5046806-0870737,AMAZON,B0C9THKMYS,,ENC1909,2,43.78,21.89,2026-04-28 17:39:43,amazon Dcvoltage,false
863890000000,204-1417379-5091564,AMAZON,B07F9SH71F,,LDMG95E274,1,5.69,5.69,2026-04-01 04:37:27,amazon Dcvoltage,true
863900000000,203-6009087-0188345,AMAZON,B096FPKPNQ,,ENC685,1,54.89,54.89,2026-04-01 07:30:32,amazon Dcvoltage,true
863910000000,026-4404231-8516329,AMAZON,B0CPBWRQKP,,LSCY290CO+RPR44WH,1,22.88,17.89,2026-04-01 08:44:44,amazon Dcvoltage,true
863920000000,202-6409229-3961968,AMAZON,B07ZFWL5T1,,CRFF100GB+LHNSE27GB,4,55.56,55.56,2026-04-01 09:35:09,amazon Dcvoltage,true
863930000000,026-0275183-3130771,AMAZON,B08X9WV762,,PSDS4BMRBU,1,14.89,14.89,2026-04-01 10:13:53,amazon Dcvoltage,true
863940000000,202-5843088-5966702,AMAZON,B0CTC7XPNX,,CRSF100BM+LHNSE27YB+SCRN70BM+LSFT220BG,1,18.99,18.99,2026-04-01 10:19:10,amazon Dcvoltage,true
863950000000,026-2331965-1711539,AMAZON,B0BWJWGXD4,,LSCY210BG+RPR44WH,1,12.49,12.49,2026-04-01 10:51:55,amazon Dcvoltage,true
863960000000,206-0689380-7225905,AMAZON,B07F9SH71F,,LDMG95E274,1,5.69,5.69,2026-04-01 11:03:35,amazon Dcvoltage,true
863970000000,206-2820598-5138735,AMAZON,B0CXSXN4KX,,LSMS320BI2PK+RPR44WH2PK,1,25.59,25.59,2026-04-01 11:35:25,amazon Dcvoltage,true
863980000000,202-6691687-1902761,AMAZON,B08XC1QT69,,CL3THEAPK,1,19.99,19.99,2026-04-01 11:56:33,amazon Dcvoltage,true
863990000000,206-1333082-4856369,AMAZON,B0CKWMGD1M,,CL3RBR5PK,1,12.99,12.99,2026-04-01 12:37:13,amazon Dcvoltage,true
864000000000,026-6100942-6229953,AMAZON,B07F9SH71F,,LDMG95E274,1,5.69,5.69,2026-04-01 12:49:31,amazon Dcvoltage,true
864010000000,203-8729098-8212354,AMAZON,B0C7C8LWY9,,LSCY290NB+RPR44WH,1,15.79,15.79,2026-04-01 14:39:20,amazon Dcvoltage,true
864020000000,203-5543303-2281915,AMAZON,B0DH9BSF4C,,CL3TBM5PK,1,14.09,14.09,2026-04-01 15:15:00,amazon Dcvoltage,true
864030000000,203-8930114-8449120,AMAZON,B08P1NX6SB,,CRFF500BM+PHHT1PBRBM3PK+WCDCBM3PKAM,1,29.60,32.89,2026-04-01 15:47:20,amazon Dcvoltage,true
864040000000,205-0725658-5633903,AMAZON,B0CH39MWRF,,WSOSBDBM,1,20.59,20.59,2026-04-01 16:23:07,amazon Dcvoltage,true
864050000000,203-6459779-7678710,AMAZON,B08XBYXQC6,,CL3TBRAPK,1,19.89,19.89,2026-04-01 16:51:59,amazon Dcvoltage,true
864060000000,206-2865995-9384346,AMAZON,B0CS9QXNXQ,,LSDO210BG3PK+RPR44WH3PK,2,53.80,59.78,2026-04-01 17:04:38,amazon Dcvoltage,true
864070000000,026-8054638-5593928,AMAZON,B0CB7VJNLD,,SPSDP2YB3PK,1,11.39,11.39,2026-04-01 18:20:56,amazon Dcvoltage,true
864080000000,026-6287374-3800327,AMAZON,B0CNZ5N8L3,,CL3RWHAPK,1,19.99,19.99,2026-04-01 18:43:36,amazon Dcvoltage,true
864090000000,203-2822674-6397104,AMAZON,B0CGRJ1V8L,,TPOSBDBM,1,24.69,,2026-04-01 19:26:09,amazon Dcvoltage,true
864100000000,205-1996174-4919569,AMAZON,B08KGJT4DP,,CL3THE5PK,1,15.69,,2026-04-01 19:47:56,amazon Dcvoltage,true
864110000000,203-0079546-3589916,AMAZON,B07CQNNPKW,,CL2TBU5PK,1,12.89,,2026-04-01 20:54:18,amazon Dcvoltage,true
864120000000,203-0662330-2367515,AMAZON,B0CKWMJ9YL,,CL3RBW5PK,1,13.31,,2026-04-01 20:58:58,amazon Dcvoltage,true
864130000000,203-4787902-9429167,AMAZON,B0GCZJ9XRB,,CRFF100SN2PK+LHNSE27SN2PK,1,24.89,,2026-04-01 22:19:36,amazon Dcvoltage,true
864140000000,203-9608322-8548322,AMAZON,B0C8TZ2GMQ,,PLADBS+LSDO210BS3PK,1,50.89,50.89,2026-04-01 22:51:26,amazon Dcvoltage,true
864150000000,202-5693463-7616354,AMAZON,B0BX4DWGHD,,LSSS300CO+RPR44WH,1,14.89,,2026-04-01 08:09:23,amazon Ledsone,true
864160000000,204-9450036-9906716,AMAZON,B0B9Y5MRSK,,CL3TGD5PK,1,13.09,13.09,2026-04-01 08:17:26,amazon Ledsone,true
864170000000,206-2248529-6421143,AMAZON,B0B9Y67S6V,,CL3TCR5PK,1,13.89,,2026-04-01 08:19:31,amazon Ledsone,true
864180000000,206-3776528-0731531,AMAZON,B0CCJ2NWRP,,SPSDP2BM5PK,1,17.89,17.89,2026-04-01 08:36:19,amazon Ledsone,true
864190000000,203-3297474-6057955,AMAZON,B0DF2C5Y3T,,LHC5E27WH3PK,2,26.05,,2026-04-01 09:11:54,amazon Ledsone,true
864200000000,206-7334235-5318704,AMAZON,B0D794K9Y2,,amzn.gr.WCB7BM2PK-d3Ru7M2mcvelDnOGjjl-LN,1,12.95,12.95,2026-04-01 10:30:33,amazon Ledsone,true
864210000000,026-0601641-5221909,AMAZON,B0DXQ85YB6,,LSCY290GB2PK+RPR44WH2PK,1,28.89,28.89,2026-04-01 13:12:27,amazon Ledsone,true
864220000000,204-8561462-6920359,AMAZON,B0C3ZT3VR1,,LSCY290BD+RPR44WH,1,14.89,14.89,2026-04-01 13:36:03,amazon Ledsone,true
864230000000,204-8561462-6920359,AMAZON,B0C3ZT3VR1,,LSCY290BD+RPR44WH,1,14.89,14.89,2026-04-01 13:36:03,amazon Ledsone,true
864240000000,026-3720124-3307537,AMAZON,B0C3ZTR2VC,,LSCY290CH+RPR44WH,1,16.29,16.29,2026-04-01 13:55:23,amazon Ledsone,true
864250000000,206-8632510-2801142,AMAZON,B0BB35CF4F,,CL2RLB5PK,1,14.69,14.69,2026-04-01 14:30:06,amazon Ledsone,true
864260000000,206-6225280-3055553,AMAZON,B0C7CXCV4K,,CNP1000FG3PK,1,12.89,12.89,2026-04-01 14:45:34,amazon Ledsone,true
864270000000,206-0849786-1763550,AMAZON,B0CGRJ5PM4,,CRSF100BM+SPSPLBM+PHRNWP2RBM,1,13.59,13.59,2026-04-01 15:51:02,amazon Ledsone,true
864280000000,026-4436790-8006734,AMAZON,B0F7QQYMSM,,CL3TGDAPK,1,20.39,,2026-04-01 16:10:33,amazon Ledsone,true
864290000000,026-2107335-2835530,AMAZON,B0DX1C6274,,LHSHE27CO3PK,1,17.59,17.59,2026-04-01 16:17:15,amazon Ledsone,true
864300000000,204-9510186-5262714,AMAZON,B0DXQ85YB6,,LSCY290GB2PK+RPR44WH2PK,1,28.89,28.89,2026-04-01 16:20:43,amazon Ledsone,true
864310000000,026-3130978-9295502,AMAZON,B0CCL729S8,,ENC1313,2,41.78,41.78,2026-04-01 17:55:17,amazon Ledsone,true
864320000000,203-2931258-5828342,AMAZON,B09HS8NDLH,,CL2TAG5PK,1,0.00,,2026-04-01 18:05:43,amazon Ledsone,true
864330000000,203-2931258-5828342,AMAZON,B09HS8RX1P,,CL2TYE5PK,1,0.00,,2026-04-01 18:05:43,amazon Ledsone,true
864340000000,204-1404803-3105960,AMAZON,B0BB31YPDF,,CL2RGY5PK,1,13.89,13.89,2026-04-01 18:59:33,amazon Ledsone,true
864350000000,204-9778324-1941138,AMAZON,B09HS8WY1F,,CL2TGL5PK,1,12.79,12.79,2026-04-01 19:06:41,amazon Ledsone,true
864360000000,204-3464956-7242701,AMAZON,B0F8ML4W33,,ENC8743,1,32.89,32.89,2026-04-01 19:45:56,amazon Ledsone,true
864370000000,205-6598852-8385115,AMAZON,B095Z3GZFK,,CRFF500BM+PHRI1PBRYB3PK+LSFT220BM3PK,1,34.99,,2026-04-01 20:42:52,amazon Ledsone,true
864380000000,202-8639857-6022714,AMAZON,B0DCNWF2D4,,PHSF2BMRBM2PK+SPSDP2BM2PK,1,34.78,,2026-04-01 21:04:48,amazon Ledsone,true
864390000000,202-8952643-3961915,AMAZON,B09B3VTSQG,,CRFF500BM+PHMU1PBRYB3PK+LSDM220YB3PK,1,34.99,,2026-04-01 21:31:09,amazon Ledsone,true
864400000000,205-7418416-5361902,AMAZON,B0DXQ8VVR7,,LSCY290WH2PK+RPR44WH2PK,1,25.79,,2026-04-01 21:33:11,amazon Ledsone,true
864410000000,204-7305432-4672340,AMAZON,B0DXQ727KG,,LSCY290RE2PK+RPR44WH2PK,1,25.89,25.89,2026-04-01 23:29:17,amazon Ledsone,true
866010000000,206-5380103-4764354,AMAZON,B0DH629QP2,,CL2TGLAPK,1,21.28,18.29,2026-04-02 06:08:05,amazon Dcvoltage,true
866020000000,203-5050185-2541930,AMAZON,B0CGRJ1V8L,,TPOSBDBM,1,24.69,24.69,2026-04-02 06:50:24,amazon Dcvoltage,true
866030000000,203-1800522-3267568,AMAZON,B0DBWY3P4Q,,CL2RBMAPK,1,18.39,18.39,2026-04-02 08:06:46,amazon Dcvoltage,true
866040000000,202-7810028-0185949,AMAZON,B0CS9Q78XH,,LSCY210BG2PK+RPR44WH2PK,1,21.49,21.49,2026-04-02 09:51:29,amazon Dcvoltage,true
866050000000,202-1909284-2789944,AMAZON,B07PM6VXCG,,CL3TBK5PK,1,13.01,13.01,2026-04-02 10:10:12,amazon Dcvoltage,true
866060000000,204-8628534-0426739,AMAZON,B0CTT4CH4C,,LSMS320GR+RPR44WH,1,16.66,14.99,2026-04-02 10:13:38,amazon Dcvoltage,true
866070000000,203-7777376-6355510,AMAZON,B0D53QKVBY,,WCB3BM2PK+RPR44WH2PK,1,15.89,15.89,2026-04-02 10:33:33,amazon Dcvoltage,true
866090000000,026-3369128-1887532,AMAZON,B0CKWLQZ83,,CL3RBD5PK,1,12.89,12.89,2026-04-02 13:14:11,amazon Dcvoltage,true
866100000000,026-2183277-2245952,AMAZON,B0CZNPP2K1,,LSSS300CH2PK+RPR44WH2PK,1,23.89,,2026-04-02 13:43:28,amazon Dcvoltage,true
866110000000,204-3560864-9713151,AMAZON,B0DGPZBHVT,,LDMG95B2283PK,1,15.89,15.89,2026-04-02 13:48:59,amazon Dcvoltage,true
866120000000,203-7937862-4591566,AMAZON,B0CYZVX28V,,LSCY290CO2PK+RPR44WH2PK,1,29.89,,2026-04-02 13:51:21,amazon Dcvoltage,true
866130000000,202-4411855-6456362,AMAZON,B07DKBSBG4,,LDMT185E274,1,6.15,6.15,2026-04-02 14:39:59,amazon Dcvoltage,true
866140000000,026-1154833-8025141,AMAZON,B08TMBY3QM,,ENC771,1,16.79,16.79,2026-04-02 14:47:11,amazon Dcvoltage,true
866150000000,203-2708354-6651566,AMAZON,B0D2TCJKT7,,amzn.gr.LSCY290OR2PK_RPR44WH2P-UJmt8O-VG,1,20.89,20.89,2026-04-02 15:03:59,amazon Dcvoltage,true
866160000000,202-1812155-6346714,AMAZON,B0CPBX49HJ,,LSCY290GR+RPR44WH,1,15.89,,2026-04-02 15:22:04,amazon Dcvoltage,true
866170000000,203-5390261-2033106,AMAZON,B07PM4GDGP,,CL3TBM5PK,1,11.79,11.79,2026-04-02 16:17:14,amazon Dcvoltage,true
866180000000,026-1757016-6726766,AMAZON,B0FHPNSB7S,,CRFF100GB2PK+LHNSE27GB2PK,1,23.49,23.49,2026-04-02 16:29:23,amazon Dcvoltage,true
866190000000,203-8494689-5276354,AMAZON,B08VGRJM38,,LSCY290BS+RPR44WH,1,15.39,15.39,2026-04-02 16:30:53,amazon Dcvoltage,true
866200000000,204-6021885-7000301,AMAZON,B08KGJT4DP,,CL3THE5PK,1,15.69,15.69,2026-04-02 16:51:37,amazon Dcvoltage,true
866210000000,203-6787918-4349967,AMAZON,B0D453YVGN,,PHSF2BMTBM+ICST64E27,1,13.89,,2026-04-02 16:53:35,amazon Dcvoltage,true
866220000000,205-0482142-8235507,AMAZON,B0BWJWGXD4,,LSCY210BG+RPR44WH,1,12.49,,2026-04-02 17:06:05,amazon Dcvoltage,true
866230000000,026-4892911-9378727,AMAZON,B0DH8Z6FLZ,,CL3TGDAPK,2,47.98,47.98,2026-04-02 17:07:35,amazon Dcvoltage,true
866240000000,203-4114980-1850702,AMAZON,B08P1NX6SB,,CRFF500BM+PHHT1PBRBM3PK+WCDCBM3PKAM,1,32.89,32.89,2026-04-02 17:56:52,amazon Dcvoltage,true
866250000000,204-2435502-4269160,AMAZON,B0GCZQVHRF,,CRFF100BM+LHNSE27BM+ICST64E27,1,16.99,16.99,2026-04-02 19:08:14,amazon Dcvoltage,true
866260000000,206-7392111-7589121,AMAZON,B0DM63L7J1,,LSFT220BM2PK+RPR44WH2PK,1,16.79,16.79,2026-04-02 19:45:43,amazon Dcvoltage,true
866270000000,205-0908471-5314768,AMAZON,B0CYZVX28V,,LSCY290CO2PK+RPR44WH2PK,1,29.89,,2026-04-02 20:03:28,amazon Dcvoltage,true
866280000000,203-8179035-7848356,AMAZON,B0CBPQVC6K,,WCB4WH2PK+RPR44WH2PK,1,16.59,,2026-04-02 21:01:06,amazon Dcvoltage,true
866290000000,202-4990042-9487536,AMAZON,B0CZNPP2K1,,LSSS300CH2PK+RPR44WH2PK,1,23.89,,2026-04-02 21:41:18,amazon Dcvoltage,true
866300000000,204-5496145-4093123,AMAZON,B0C6LV14PT,,12UK3P2A,1,11.98,,2026-04-02 22:03:36,amazon Dcvoltage,true
866310000000,204-1143313-8554737,AMAZON,B0DFHMC949,,LSCY290BI+RPR44WH-,1,15.29,15.29,2026-04-02 22:07:47,amazon Dcvoltage,true
866320000000,205-8540564-1147552,AMAZON,B0CTTD21V2,,LSMS320NB+RPR44WH,1,14.99,,2026-04-02 23:05:15,amazon Dcvoltage,true
866330000000,202-2077583-2018748,AMAZON,B0CRZ4F15Y,,LSCY290NB+RPR44WH,1,15.79,15.79,2026-04-02 23:17:06,amazon Dcvoltage,true
866340000000,203-1075055-3383523,AMAZON,B0C6LV14PT,,12UK3P2A,1,6.99,6.99,2026-04-02 23:21:55,amazon Dcvoltage,true
866350000000,205-6642515-8835536,AMAZON,B0FZCRB2RS,,LSHM400HE+RPR44WH,1,28.49,,2026-04-02 23:31:48,amazon Dcvoltage,true
866360000000,026-3221324-9508342,AMAZON,B095Z3GZFK,,CRFF500BM+PHRI1PBRYB3PK+LSFT220BM3PK,1,34.99,34.99,2026-04-02 04:51:20,amazon Ledsone,true
866370000000,202-0990332-3080337,AMAZON,B0F9YTQV7N,,PSFW4RGD,1,11.79,11.79,2026-04-02 06:53:56,amazon Ledsone,true
866380000000,206-1005867-1400322,AMAZON,B0CG5QLXR8,,CL2ROR5PK,1,12.39,12.39,2026-04-02 07:04:12,amazon Ledsone,true
866390000000,204-6892648-3410715,AMAZON,B0C2CL6NK2,,CL3TBM5PK,1,14.09,14.09,2026-04-02 07:17:34,amazon Ledsone,true
866400000000,204-4948189-2249967,AMAZON,B0D7S17C9W,,LSMS320BU+RPR44WH,1,14.29,14.29,2026-04-02 10:51:29,amazon Ledsone,true
866410000000,026-4239474-5787526,AMAZON,B09HS95HZH,,CL2TOR5PK,1,13.19,13.19,2026-04-02 13:32:41,amazon Ledsone,true
866420000000,206-6609056-8825962,AMAZON,B0BWK65T48,,PLTYBC+ICST64E27,1,10.99,10.99,2026-04-02 13:56:31,amazon Ledsone,true
866430000000,206-3403234-0599563,AMAZON,B0D963FBMS,,ENC7481,1,26.89,26.89,2026-04-02 13:57:32,amazon Ledsone,true
866440000000,202-1595355-4124331,AMAZON,B0BBS41T71,,CL3TAGAPK,1,21.69,,2026-04-02 14:06:03,amazon Ledsone,true
866450000000,204-8270510-5609913,AMAZON,B0F9WXH3SL,,CL2RBMAPK,1,18.79,18.79,2026-04-02 14:33:07,amazon Ledsone,true
866460000000,205-4335218-2305156,AMAZON,B0BW9SGHDN,,LSLT360WH+RPR44WH,1,13.79,,2026-04-02 14:53:50,amazon Ledsone,true
866470000000,206-6756735-4475523,AMAZON,B0F28YR5JN,,LSCY290NB+RPR44WH,1,15.99,,2026-04-02 15:11:51,amazon Ledsone,true
866480000000,026-1145871-3953955,AMAZON,B0F21TXF2F,,WCWYBM2PK,2,21.56,23.56,2026-04-02 15:32:57,amazon Ledsone,true
866490000000,204-7343218-7229914,AMAZON,B084C2T9QZ,,PLWEBC+PHNW1RBC+LDMST64E274,1,27.88,22.89,2026-04-02 16:31:49,amazon Ledsone,true
866500000000,206-1618424-4566744,AMAZON,B0C7CYPP79,,CNP1000CH3PK,1,13.89,,2026-04-02 17:02:17,amazon Ledsone,true
866510000000,204-7031115-5953908,AMAZON,B0C3ZT3VR1,,LSCY290BD+RPR44WH,1,14.89,,2026-04-02 18:01:32,amazon Ledsone,true
866520000000,026-0603453-1041129,AMAZON,B0D93QM7CS,,amzn.gr.ENC7473-uOmga4m7UxO7zbZsnvO4x-LN,1,21.51,21.51,2026-04-02 18:13:48,amazon Ledsone,true
866530000000,026-5611038-2704350,AMAZON,B0DXQ7YWGJ,,LSCY290YB2PK+RPR44WH2PK,1,26.69,26.69,2026-04-02 18:51:10,amazon Ledsone,true
866540000000,206-4361107-8064345,AMAZON,B0B4K5THS1,,PSDS4BMRRO_MAN,1,14.07,14.07,2026-04-02 18:51:50,amazon Ledsone,true
866550000000,026-3049991-2389149,AMAZON,B0BLZHCRGZ,,amzn.gr.LDMG95E2746PK-AMN-5WT_RWtsrJi-LN,1,18.59,18.59,2026-04-02 18:55:45,amazon Ledsone,true
866560000000,204-1758020-0937937,AMAZON,B0CCJ13D4W,,SPSDP2WH5PK,1,17.89,17.89,2026-04-02 19:35:16,amazon Ledsone,true
866570000000,203-8988664-5692340,AMAZON,B0F7QQYMSM,,CL3TGDAPK,1,20.39,20.39,2026-04-02 19:45:00,amazon Ledsone,true
868330000000,205-8216014-7864333,AMAZON,B0CB8D5MMC,,LSMS320GY+RPR44WH,1,14.99,14.99,2026-04-03 05:21:58,amazon Dcvoltage,true
868340000000,205-3490189-9923510,AMAZON,B0CZNTPXYD,,LSSS300YB2PK+RPR44WH2PK,1,24.79,24.79,2026-04-03 05:52:46,amazon Dcvoltage,true
868350000000,204-1075173-5997147,AMAZON,B0CKWMJ9YL,,CL3RBW5PK,1,12.99,12.99,2026-04-03 08:08:22,amazon Dcvoltage,true
868360000000,202-5777507-3552306,AMAZON,B07CJHL38X,,12IP20360,1,17.99,17.99,2026-04-03 08:18:29,amazon Dcvoltage,true
868370000000,203-6694998-5427560,AMAZON,B0DH66Y9T8,,CL2TBKAPK,1,18.29,18.29,2026-04-03 08:54:20,amazon Dcvoltage,true
868380000000,204-6057986-3041963,AMAZON,B0DH8Z6FLZ,,CL3TGDAPK,1,23.99,23.99,2026-04-03 09:24:20,amazon Dcvoltage,true
868390000000,026-1660940-6606739,AMAZON,B0CKWMGD1M,,CL3RBR5PK,1,12.99,12.99,2026-04-03 09:27:05,amazon Dcvoltage,true
868400000000,204-3308581-7176367,AMAZON,B0F7LTLLG3,,LSFT220WH2PK+RPR44WH2PK,1,19.89,19.89,2026-04-03 09:58:47,amazon Dcvoltage,true
868410000000,026-0449254-8720320,AMAZON,B0DFHMDZYQ,,LSCY290NB+RPR44WH,2,31.58,31.58,2026-04-03 10:31:48,amazon Dcvoltage,true
868420000000,026-9076337-4714755,AMAZON,B07F9SH71F,,LDMG95E274,1,5.69,5.69,2026-04-03 10:58:07,amazon Dcvoltage,true
868430000000,204-4332666-6237949,AMAZON,B07CVF7ZMC,,LDMG95E274,1,5.99,5.99,2026-04-03 11:52:06,amazon Dcvoltage,true
868440000000,206-5735203-6817917,AMAZON,B0DM63L7J1,,LSFT220BM2PK+RPR44WH2PK,1,16.79,16.79,2026-04-03 12:09:14,amazon Dcvoltage,true
868450000000,204-1798739-7408353,AMAZON,B0CXSXN4KX,,LSMS320BI2PK+RPR44WH2PK,1,25.59,,2026-04-03 12:25:08,amazon Dcvoltage,true
868460000000,202-8740592-4260341,AMAZON,B0CKWMJ9YL,,CL3RBW5PK,1,12.99,,2026-04-03 13:53:05,amazon Dcvoltage,true
868470000000,206-8733953-9084362,AMAZON,B07CWFSGB3,,IP20 12V 360W,1,18.89,,2026-04-03 15:21:42,amazon Dcvoltage,true
868480000000,206-2368885-1022748,AMAZON,B0CS9PNL8L,,LSFT220BG3PK,1,31.98,31.98,2026-04-03 16:29:09,amazon Dcvoltage,true
868490000000,203-0681564-2086710,AMAZON,B08XNPKHZX,,LSSS300YE+RPR44WH,1,13.49,13.49,2026-04-03 16:48:46,amazon Dcvoltage,true
868500000000,203-8871075-9972362,AMAZON,B0CB8D5MMC,,amzn.gr.LSMS320GY_RPR44WH_KR-EX8Ggelj-VG,1,12.89,12.89,2026-04-03 16:49:41,amazon Dcvoltage,true
868510000000,203-3222606-6763564,AMAZON,B0CBLXL9R1,,WCVCBC2PK+RPR44WH2PK,1,15.89,15.89,2026-04-03 17:01:00,amazon Dcvoltage,true
868520000000,205-6764550-2109135,AMAZON,B07PM4GDGP,,CL3TBM5PK,1,11.79,11.79,2026-04-03 17:20:44,amazon Dcvoltage,true
868530000000,202-5037771-5418736,AMAZON,B08VGMKHT7,,LSCY290BM+RPR44WH,1,15.89,15.89,2026-04-03 17:23:03,amazon Dcvoltage,true
868540000000,026-0251120-6013922,AMAZON,B07CVCT7XN,,LDMG95E278,2,12.60,,2026-04-03 17:46:18,amazon Dcvoltage,true
868550000000,203-9873256-9610728,AMAZON,B08VGQMLYX,,LSCY290BL+RPR44WH,1,15.79,,2026-04-03 19:06:40,amazon Dcvoltage,true
868560000000,206-4435541-4781928,AMAZON,B08W9QJ9PV,,CRSF100BM+PHUH1HETBM+LSHM300HE,2,55.60,61.78,2026-04-03 19:11:31,amazon Dcvoltage,true
868570000000,205-7682985-5602733,AMAZON,B0CKWLQZ83,,CL3RBD5PK,1,12.89,,2026-04-03 19:50:29,amazon Dcvoltage,true
868580000000,202-2236853-1294714,AMAZON,B0CXSXN4KX,,LSMS320BI2PK+RPR44WH2PK,1,25.59,,2026-04-03 20:00:02,amazon Dcvoltage,true
868590000000,203-9429606-9208324,AMAZON,B0CJCFF5SY,,LSSS300BI2PK+RPR44WH2PK,1,21.16,,2026-04-03 21:22:01,amazon Dcvoltage,true
868600000000,203-0134819-8398705,AMAZON,B08XC1QT69,,CL3THEAPK,1,19.99,19.99,2026-04-03 21:38:42,amazon Dcvoltage,true
868610000000,204-9714220-0915510,AMAZON,B0CGZQV9Y7,,LSMCSPFLMC+RPR44WH,1,24.89,,2026-04-03 07:38:33,amazon Ledsone,true
868620000000,203-3650005-0207541,AMAZON,B0C2CXYHRL,,ENC1917,1,16.85,16.85,2026-04-03 07:58:08,amazon Ledsone,true
868630000000,202-1142920-3307547,AMAZON,B0DBL2X1G6,,CL2TGDAPK,1,23.29,23.29,2026-04-03 09:04:33,amazon Ledsone,true
868640000000,203-4856284-6717946,AMAZON,B0F7QPMBCH,,CL2TGLAPK,1,19.39,,2026-04-03 09:49:21,amazon Ledsone,true
868650000000,204-2176014-6403544,AMAZON,B0BLZHCRGZ,,LDMG95E2746PK,1,23.59,23.59,2026-04-03 10:37:03,amazon Ledsone,true
868660000000,203-8002056-8453968,AMAZON,B0CW5X3HHV,,LSDO210GY2PK+RPR44WH2PK,1,18.89,,2026-04-03 10:40:33,amazon Ledsone,true
868670000000,203-2691787-9621964,AMAZON,B095Z3GZFK,,CRFF500BM+PHRI1PBRYB3PK+LSFT220BM3PK,1,33.89,33.89,2026-04-03 11:07:55,amazon Ledsone,true
868680000000,204-3275072-1346737,AMAZON,B0BBS1VR82,,CL3THEAPK,1,21.79,21.79,2026-04-03 11:54:29,amazon Ledsone,true
868700000000,026-6012982-3616348,AMAZON,B07CPWC9PP,,dc12IP6780,1,15.69,15.69,2026-04-03 15:19:10,amazon Ledsone,true
868710000000,206-2794427-0267516,AMAZON,B0CVKQ2C1F,,LSEL400BM2PK+RPR44WH2PK,1,30.19,,2026-04-03 17:00:56,amazon Ledsone,true
868720000000,202-7445647-9309136,AMAZON,B0FPWTHD66,,LSOL180BC2PK+RPR44WH2PK,1,16.89,16.89,2026-04-03 17:27:02,amazon Ledsone,true
868730000000,204-3449224-4591542,AMAZON,B0F28YNDZN,,LSCY290RO+RPR44WH,1,18.29,18.29,2026-04-03 18:30:33,amazon Ledsone,true
868740000000,206-0677189-3476346,AMAZON,B0D296Z5B4,,LSCY290WH3PK+RPR44WH3PK,1,36.29,36.29,2026-04-03 18:40:56,amazon Ledsone,true
868750000000,203-3336154-2585144,AMAZON,B0B8VRRDVM,,LDSG125MUE274,1,13.89,13.89,2026-04-03 18:55:36,amazon Ledsone,true
868760000000,026-8119836-5065112,AMAZON,B0D296W2FG,,LSCY290GY3PK+RPR44WH3PK,1,41.59,,2026-04-03 19:07:14,amazon Ledsone,true
868770000000,206-2326001-0620347,AMAZON,B0B9Y5MRSK,,CL3TGD5PK,1,13.09,,2026-04-03 19:17:11,amazon Ledsone,true
868780000000,026-0447130-4790727,AMAZON,B0BL7LQC5P,,LDMT45E2743PK,1,15.99,15.99,2026-04-03 19:37:54,amazon Ledsone,true
868790000000,203-1853969-9035522,AMAZON,B0BBB5YCJN,,CL3RCR5PK,1,13.79,,2026-04-03 20:11:23,amazon Ledsone,true
868800000000,204-8150105-3458721,AMAZON,B0BB3QW5TR,,CL2RBW5PK,1,14.99,14.99,2026-04-03 22:55:23,amazon Ledsone,true
868810000000,026-0439535-9034722,AMAZON,B0CBVBWZCG,,ENC7567,1,28.89,28.89,2026-04-03 23:37:10,amazon Ledsone,true
870290000000,204-1832437-1430723,AMAZON,B0CH39MWRF,,WSOSBDBM,1,20.59,,2026-04-04 00:13:03,amazon Dcvoltage,true
870300000000,204-3562789-1522724,AMAZON,B09643CJ5N,,CRFF500BM+PHCH1BMRBM3PK+LSDO210BG3PK,1,31.93,35.48,2026-04-04 02:34:58,amazon Dcvoltage,true
870310000000,026-9028836-2309165,AMAZON,B0D453YVGN,,PHSF2BMTBM+ICST64E27,2,25.00,27.78,2026-04-04 06:01:19,amazon Dcvoltage,true
870320000000,202-6716306-2085150,AMAZON,B0C6LV14PT,,12UK3P2A,1,6.99,6.99,2026-04-04 07:05:31,amazon Dcvoltage,true
870330000000,203-0277985-1722757,AMAZON,B0CTT2G3B5,,LSMS320BU+RPR44WH,1,14.99,,2026-04-04 07:12:39,amazon Dcvoltage,true
870340000000,202-9075231-2049939,AMAZON,B08WX46R2X,,ENC905,2,35.78,35.78,2026-04-04 07:44:37,amazon Dcvoltage,true
870350000000,205-1472521-9339535,AMAZON,B0DGPZBHVT,,LDMG95B2283PK,1,15.89,15.89,2026-04-04 08:57:23,amazon Dcvoltage,true
870360000000,202-8517523-9182728,AMAZON,B0D53FZ8GS,,WCB2WH2PK+RPR44WH2PK,1,15.89,15.89,2026-04-04 10:37:04,amazon Dcvoltage,true
870370000000,203-0366391-3649958,AMAZON,B08XB1QLTN,,PSDS2BMRBR,1,13.89,13.89,2026-04-04 13:50:12,amazon Dcvoltage,true
870380000000,204-3470274-8825923,AMAZON,B0C9TSHB33,,LSCY210BM+RPR44WH,1,13.79,13.79,2026-04-04 13:59:14,amazon Dcvoltage,true
870390000000,026-1305999-2642761,AMAZON,B07L8HQG6Y,,CL3TGD5PK,1,13.99,13.99,2026-04-04 15:01:36,amazon Dcvoltage,true
870400000000,203-6918433-9858724,AMAZON,B0CZLDL8DQ,,LSSS300RO2PK+RPR44WH2PK,2,41.20,45.78,2026-04-04 15:51:29,amazon Dcvoltage,true
870410000000,203-2872556-3575528,AMAZON,B0C6LV14PT,,12UK3P2A,1,6.99,6.99,2026-04-04 15:57:19,amazon Dcvoltage,true
870420000000,206-1582159-7241107,AMAZON,B07PM6VXCG,,CL3TBK5PK,2,25.50,25.50,2026-04-04 16:19:03,amazon Dcvoltage,true
870430000000,202-4693368-4603511,AMAZON,B0CSPDC2PX,,ENC6087,1,26.89,,2026-04-04 16:33:23,amazon Dcvoltage,true
870440000000,203-3809806-2131514,AMAZON,B0CKWLS9WR,,CL3RHE5PK,1,13.09,,2026-04-04 16:44:28,amazon Dcvoltage,true
870450000000,203-2756773-9561903,AMAZON,B0DM61D265,,LSFT220BM3PK+RPR44WH3PK,1,19.89,19.89,2026-04-04 17:01:39,amazon Dcvoltage,true
870460000000,204-8460959-5974711,AMAZON,B0C7C8LWY9,,LSCY290NB+RPR44WH,2,31.58,31.58,2026-04-04 19:21:11,amazon Dcvoltage,true
870470000000,206-2492347-4247566,AMAZON,B07F9SH71F,,LDMG95E274,1,5.69,,2026-04-04 19:21:30,amazon Dcvoltage,true
870480000000,203-4891185-7574725,AMAZON,B0CYZWJ7WJ,,amzn.gr.LSCY290CH2PK_RPR44WH2P-iF6WVi-LN,1,21.89,21.89,2026-04-04 20:02:17,amazon Dcvoltage,true
870490000000,205-9180975-7465919,AMAZON,B08VGRJM38,,LSCY290BS+RPR44WH,3,46.17,,2026-04-04 20:40:25,amazon Dcvoltage,true
870500000000,202-6900280-6118748,AMAZON,B08V8D9RCF,,CRSF100WH+LHNSE27WH+LSMS320GR,1,18.79,,2026-04-04 22:10:27,amazon Dcvoltage,true
870510000000,026-0750008-7310736,AMAZON,B09KNSV5RF,,CRSF2003BM+PHRB1PBR40BM3PK+LSBS160BL3PK,1,29.89,29.89,2026-04-04 07:07:11,amazon Ledsone,true
870520000000,203-4641113-3373102,AMAZON,B0CCJ3MP82,,SPSDP2SN3PK,1,12.89,12.89,2026-04-04 08:25:36,amazon Ledsone,true
870540000000,203-9208515-8192366,AMAZON,B094R3M2DC,,PLADBM,1,45.89,45.89,2026-04-04 09:13:04,amazon Ledsone,true
870550000000,206-3595153-3293912,AMAZON,B0DCNWF2D4,,PHSF2BMRBM2PK+SPSDP2BM2PK,1,29.79,29.79,2026-04-04 09:19:57,amazon Ledsone,true
870560000000,205-8601582-9799515,AMAZON,B0B77GWCPC,,CRFF108GB2PK+HK10GB2PK,1,13.79,13.79,2026-04-04 09:29:32,amazon Ledsone,true
870570000000,202-2322106-1573945,AMAZON,B094DN1XL1,,PLADBC,1,49.99,,2026-04-04 09:39:23,amazon Ledsone,true
870580000000,204-0882761-6893116,AMAZON,B0B9K32R7K,,CL2THE5PK,1,14.39,14.39,2026-04-04 10:05:20,amazon Ledsone,true
870590000000,206-0230967-6839531,AMAZON,B0CFHMCP1L,,LDMST64E2783PK,1,17.59,17.59,2026-04-04 10:39:24,amazon Ledsone,true
870600000000,204-7009920-9533128,AMAZON,B0C3ZTBRHZ,,amzn.gr.LSCY290BM_RPR44WH-fSOMqAvwMnC-VG,1,14.37,14.37,2026-04-04 11:11:23,amazon Ledsone,true
870610000000,205-4624130-2561947,AMAZON,B0B9Y9F73N,,CL3TIV5PK,1,13.89,,2026-04-04 11:15:27,amazon Ledsone,true
870620000000,026-5804903-3710752,AMAZON,B0CDWVF7VV,,PSHYOS4WRWH,1,14.19,,2026-04-04 11:43:17,amazon Ledsone,true
870630000000,026-8019921-0064361,AMAZON,B093Y7ZZQF,,amzn.gr.ENC1312-IH_Cx_hvGx2gvpurdyDF5-LN,1,20.32,20.32,2026-04-04 12:10:24,amazon Ledsone,true
870640000000,026-8019921-0064361,AMAZON,B0CCL729S8,,amzn.gr.ENC1313_AMN-4aIti8zbenV8SzW7b-LN,1,16.71,16.71,2026-04-04 12:10:24,amazon Ledsone,true
870650000000,204-1874349-3601167,AMAZON,B0BBS3RDGZ,,CL3TLBAPK,1,20.61,21.51,2026-04-04 12:20:21,amazon Ledsone,true
870660000000,206-4073068-0092348,AMAZON,B0BB32F8JN,,CL2RHE5PK,1,14.09,14.09,2026-04-04 12:33:17,amazon Ledsone,true
870670000000,204-7599564-3923540,AMAZON,B0C2CXX3KD,,ENC1906,1,15.89,15.89,2026-04-04 13:29:51,amazon Ledsone,true
870680000000,204-3063934-5473950,AMAZON,B086385W3W,,PHSF1BRTCO2PK,1,16.89,16.89,2026-04-04 13:34:09,amazon Ledsone,true
870690000000,203-7621309-5250706,AMAZON,B0CCJ2NWRP,,SPSDP2BM5PK,1,17.89,17.89,2026-04-04 14:20:32,amazon Ledsone,true
870700000000,206-2491541-9652329,AMAZON,B0CCHX3S7L,,SPSDP2BM6PK,1,20.79,20.79,2026-04-04 14:26:13,amazon Ledsone,true
870710000000,203-2065794-9701968,AMAZON,B09JM4Z26V,,LDSHEAE274,1,6.99,6.99,2026-04-04 14:41:14,amazon Ledsone,true
870720000000,202-3225705-5659569,AMAZON,B0D298ZBH2,,LSCY290WH2PK+RPR44WH2PK,1,27.66,27.66,2026-04-04 15:31:34,amazon Ledsone,true
870730000000,204-6717533-8484335,AMAZON,B0CFVCM4Z5,,PSOS4BMTHE+ICST64E27,1,19.59,19.59,2026-04-04 15:34:52,amazon Ledsone,true
870740000000,205-5896260-4230750,AMAZON,B094R3M2DC,,PLADBM,1,45.89,,2026-04-04 16:10:30,amazon Ledsone,true
870750000000,204-0032719-4597134,AMAZON,B0CGRJ5PM4,,CRSF100BM+SPSPLBM+PHRNWP2RBM,1,13.59,,2026-04-04 16:32:16,amazon Ledsone,true
870760000000,204-4901510-8453131,AMAZON,B09HS85K42,,CL2TBD5PK,1,14.29,14.29,2026-04-04 17:14:50,amazon Ledsone,true
870770000000,205-6818967-5813922,AMAZON,B09JM4Z26V,,LDSHEAE274,1,6.99,,2026-04-04 18:24:58,amazon Ledsone,true
870780000000,206-3384024-5898740,AMAZON,B09736QJQL,,CRSF100BM+WSLS155YB+SCRN70BM+LSFT220GR,2,31.78,,2026-04-04 18:29:13,amazon Ledsone,true
870790000000,206-7053505-6509901,AMAZON,B0C1T64M5F,,ENC678,1,22.99,22.99,2026-04-04 18:52:42,amazon Ledsone,true
870800000000,204-8589984-1428324,AMAZON,B0957XC6K9,,ENC1312,2,44.98,44.98,2026-04-04 19:22:51,amazon Ledsone,true
870810000000,203-3524409-6459532,AMAZON,B0B77GWCPC,,CRFF108GB2PK+HK10GB2PK,1,13.79,13.79,2026-04-04 19:28:25,amazon Ledsone,true
870820000000,204-8097558-5196349,AMAZON,B0B9Y9F73N,,CL3TIV5PK,1,13.89,13.89,2026-04-04 19:49:26,amazon Ledsone,true
870830000000,205-0941549-7036360,AMAZON,B0D9QHCGWF,,CL2RCR5PK,1,12.29,12.29,2026-04-04 21:12:05,amazon Ledsone,true
870840000000,026-4565118-8544355,AMAZON,B0D298QXXM,,LSCY290GY2PK+RPR44WH2PK,1,27.29,,2026-04-04 21:49:49,amazon Ledsone,true
870850000000,205-5777382-3078723,AMAZON,B0BB3NVM9D,,CL2RGD5PK,1,13.89,13.89,2026-04-04 22:33:04,amazon Ledsone,true
870870000000,026-5228917-3543509,AMAZON,B0CHDZXZGJ,,CL3TAG5PK,1,13.79,,2026-04-04 23:42:01,amazon Ledsone,true
872650000000,203-0717088-5194707,AMAZON,B0CTC7XPNX,,CRSF100BM+LHNSE27YB+SCRN70BM+LSFT220BG,1,18.99,18.99,2026-04-05 00:06:54,amazon Dcvoltage,true
872660000000,206-5075091-4533949,AMAZON,B0DFHN3XPG,,LSCY290BL+RPR44WH,1,15.89,15.89,2026-04-05 02:09:32,amazon Dcvoltage,true
872670000000,206-7338139-5862739,AMAZON,B07F9SH71F,,LDMG95E274,1,5.69,,2026-04-05 09:21:05,amazon Dcvoltage,true
872680000000,203-7031621-4752305,AMAZON,B0D32YBFXP,,LSCY290RE2PK+RPR44WH2PK,1,25.79,25.79,2026-04-05 09:32:30,amazon Dcvoltage,true
872690000000,205-7382722-7276330,AMAZON,B0D32YBFXP,,LSCY290RE2PK+RPR44WH2PK,1,25.79,,2026-04-05 09:40:35,amazon Dcvoltage,true
872700000000,204-7955759-4591562,AMAZON,B0DKF35RMQ,,12IP20300,1,16.99,16.99,2026-04-05 10:14:08,amazon Dcvoltage,true
872710000000,204-5686724-2928319,AMAZON,B0GCZQVHRF,,CRFF100BM+LHNSE27BM+ICST64E27,1,16.99,16.99,2026-04-05 10:51:47,amazon Dcvoltage,true
872720000000,204-1994455-2617953,AMAZON,B096FPKPNQ,,ENC685,1,54.89,54.89,2026-04-05 12:50:11,amazon Dcvoltage,true
872730000000,202-0416890-9018758,AMAZON,B0F48LNB6J,,RWWPSY1080YE,1,8.89,8.89,2026-04-05 12:57:19,amazon Dcvoltage,true
872740000000,202-9416810-3886733,AMAZON,B0CB8D5MMC,,LSMS320GY+RPR44WH,2,29.98,29.98,2026-04-05 13:32:36,amazon Dcvoltage,true
872750000000,204-3656516-4727563,AMAZON,B0CZNJCBB6,,LSSS300BI2PK+RPR44WH2PK,1,22.79,22.79,2026-04-05 13:44:01,amazon Dcvoltage,true
872760000000,203-8197623-0729915,AMAZON,B0DFHMDZYQ,,LSCY290NB+RPR44WH,1,15.79,15.79,2026-04-05 14:42:41,amazon Dcvoltage,true
872770000000,026-7457095-8912332,AMAZON,B0CBLWLZ4W,,WCWDBM2PK+RPR44WH2PK,1,14.89,14.89,2026-04-05 14:52:15,amazon Dcvoltage,true
872780000000,206-5225516-0308349,AMAZON,B07CVCT7XN,,LDMG95E278,1,6.30,6.30,2026-04-05 15:19:38,amazon Dcvoltage,true
872790000000,204-4544046-7364341,AMAZON,B07CVF7ZMC,,LDMG95E274,1,5.99,5.99,2026-04-05 16:40:51,amazon Dcvoltage,true
872800000000,203-5515928-1990726,AMAZON,B08XNPKHZX,,LSSS300YE+RPR44WH,1,13.49,13.49,2026-04-05 16:49:33,amazon Dcvoltage,true
872820000000,202-8449071-3392339,AMAZON,B08VGP666V,,LSCY290WH+RPR44WH,1,15.79,,2026-04-05 16:54:57,amazon Dcvoltage,true
872830000000,204-9019460-6082756,AMAZON,B0DM63L7J1,,LSFT220BM2PK+RPR44WH2PK,1,16.79,16.79,2026-04-05 17:32:44,amazon Dcvoltage,true
872840000000,203-4220192-5019500,AMAZON,B09643CJ5N,,CRFF500BM+PHCH1BMRBM3PK+LSDO210BG3PK,1,35.48,35.48,2026-04-05 18:17:00,amazon Dcvoltage,true
872850000000,202-0290560-2257136,AMAZON,B0D4YDHJNZ,,LDMG80E2743PK,1,12.39,,2026-04-05 18:25:26,amazon Dcvoltage,true
872860000000,203-5122591-1875565,AMAZON,B07CSVGZMV,,CL3TBUAPK,1,19.49,,2026-04-05 18:38:00,amazon Dcvoltage,true
872870000000,026-8241686-0361161,AMAZON,B0BWJWGXD4,,LSCY210BG+RPR44WH,1,12.49,,2026-04-05 19:40:11,amazon Dcvoltage,true
872880000000,205-4139760-0347555,AMAZON,B0D56Z8CHY,,WCB6WH2PK+RPR44WH2PK,1,16.89,16.89,2026-04-05 20:12:35,amazon Dcvoltage,true
872890000000,026-2372496-1874764,AMAZON,B09643CJ5N,,CRFF500BM+PHCH1BMRBM3PK+LSDO210BG3PK,1,31.93,,2026-04-05 20:33:03,amazon Dcvoltage,true
872900000000,202-0819822-4169132,AMAZON,B08VGP666V,,LSCY290WH+RPR44WH,1,15.79,15.79,2026-04-05 20:35:15,amazon Dcvoltage,true
872910000000,026-3313696-8320366,AMAZON,B0D44XWSWS,,PHSF2GDTFG+ICST64E27,1,13.89,13.89,2026-04-05 20:54:14,amazon Dcvoltage,true
872920000000,026-9054374-6195542,AMAZON,B093T3WNMZ,,LSCY290YE+RPR44WH,1,15.29,15.29,2026-04-05 07:09:47,amazon Ledsone,true
872930000000,203-1074110-9477907,AMAZON,B0F28YR5JN,,LSCY290NB+RPR44WH,1,15.99,15.99,2026-04-05 08:45:55,amazon Ledsone,true
872940000000,205-1719354-3705933,AMAZON,B0BBB4H59J,,CL3RGY5PK,1,14.79,14.79,2026-04-05 08:49:48,amazon Ledsone,true
872950000000,203-3365479-8673164,AMAZON,B0C2CXYHRL,,ENC1917,1,16.85,16.85,2026-04-05 09:52:54,amazon Ledsone,true
872960000000,202-1781016-0972368,AMAZON,B0D7S64HXG,,LSMS320BT+RPR44WH,1,14.99,14.99,2026-04-05 10:47:28,amazon Ledsone,true
872970000000,206-8421085-7787568,AMAZON,B0C2CXYHRK,,ENC1914,1,17.47,18.24,2026-04-05 13:07:29,amazon Ledsone,true
872980000000,206-9236287-3035547,AMAZON,B094DN1XL1,,PLADBC,1,49.99,49.99,2026-04-05 14:20:21,amazon Ledsone,true
872990000000,203-5174889-9561146,AMAZON,B0DB2FJY1T,,CL2THEAPK,1,21.19,21.19,2026-04-05 15:15:25,amazon Ledsone,true
873000000000,026-5195700-5015551,AMAZON,B0B4K4MVSK,,PSDS4BMRBU,1,14.07,14.07,2026-04-05 15:36:05,amazon Ledsone,true
873010000000,204-8245816-2742748,AMAZON,B07KW7TW1C,,2CRBKNWEpck5,1,17.59,17.59,2026-04-05 17:12:43,amazon Ledsone,true
873030000000,202-7771107-9040358,AMAZON,B0F28YNDZN,,LSCY290RO+RPR44WH,1,18.29,18.29,2026-04-05 19:04:15,amazon Ledsone,true
873050000000,206-9961692-0933142,AMAZON,B0BWYRD8SS,,CRSF100GS+WSWH135BM+LSHQ150PI,1,19.79,19.79,2026-04-05 20:17:50,amazon Ledsone,true
873060000000,206-6489677-6717166,AMAZON,B0B8VWLDFP,,LDSG125MUE2742PK,1,20.39,20.39,2026-04-05 22:33:23,amazon Ledsone,true
874330000000,203-9053946-9215504,AMAZON,B09643CJ5N,,CRFF500BM+PHCH1BMRBM3PK+LSDO210BG3PK,1,35.48,35.48,2026-04-06 04:33:17,amazon Dcvoltage,true
874340000000,205-3836937-1881161,AMAZON,B07QV1YKZW,,12RPIP45100,1,13.89,13.89,2026-04-06 10:13:28,amazon Dcvoltage,true
874350000000,202-2759906-2612315,AMAZON,B08Z7RZC6W,,CRSF100BM+PHUH1HETBM+LSHM400HE,1,33.89,33.89,2026-04-06 12:36:06,amazon Dcvoltage,true
874360000000,206-1880676-3287504,AMAZON,B0DBLN5KN6,,CL3RGD5PK,1,12.29,,2026-04-06 14:32:25,amazon Dcvoltage,true
874370000000,026-1956104-1134751,AMAZON,B0CTC7XPNX,,CRSF100BM+LHNSE27YB+SCRN70BM+LSFT220BG,1,18.99,18.99,2026-04-06 14:37:34,amazon Dcvoltage,true
874380000000,202-9464544-0603547,AMAZON,B08V8D1874,,CRSF100WH+LHNSE27WH+LSMS320OR,1,18.49,18.49,2026-04-06 14:47:32,amazon Dcvoltage,true
874390000000,203-4788716-4057930,AMAZON,B0CKWMJ9YL,,CL3RBW5PK,1,12.99,,2026-04-06 14:53:28,amazon Dcvoltage,true
874400000000,205-1754838-3269953,AMAZON,B0C171RYVR,,PSDS2RBM,2,23.58,,2026-04-06 15:28:12,amazon Dcvoltage,true
874410000000,206-8605253-6211528,AMAZON,B07PM6VXCG,,CL3TBK5PK,1,13.01,13.01,2026-04-06 15:32:57,amazon Dcvoltage,true
874420000000,026-0270257-5814707,AMAZON,B0CJCDZWRB,,LSSS300SN2PK+RPR44WH2PK,1,23.49,23.49,2026-04-06 15:34:25,amazon Dcvoltage,true
874430000000,202-0558164-3001113,AMAZON,B07L9V6L4Y,,CL3RGDAPK,1,22.99,22.99,2026-04-06 17:11:18,amazon Dcvoltage,true
874440000000,205-3173286-6728316,AMAZON,B07QV1YKZW,,12RPIP45100,1,13.89,,2026-04-06 17:22:40,amazon Dcvoltage,true
874450000000,026-2802516-8008341,AMAZON,B0CB7WP6YJ,,SPSDP2BM6PK,1,18.89,18.89,2026-04-06 19:17:19,amazon Dcvoltage,true
874460000000,204-9340641-7561129,AMAZON,B0DFHN3XPG,,LSCY290BL+RPR44WH,1,15.89,15.89,2026-04-06 19:33:47,amazon Dcvoltage,true
874470000000,204-2184994-4585119,AMAZON,B08V8C19VZ,,CRSF100BM+PHSH1PBRBM+LSMS320BT,1,18.79,18.79,2026-04-06 19:42:00,amazon Dcvoltage,true
874480000000,204-8282474-3857905,AMAZON,B0D56Z8CHY,,WCB6WH2PK+RPR44WH2PK,1,16.89,16.89,2026-04-06 21:08:38,amazon Dcvoltage,true
874490000000,205-8935605-7313969,AMAZON,B0C7C59JYH,,LSCY290CH+RPR44WH,1,16.79,,2026-04-06 21:11:17,amazon Dcvoltage,true
874500000000,206-0324285-0360313,AMAZON,B0BNVPDQS8,,LHC4E27WH5PK,1,15.69,15.69,2026-04-06 22:11:50,amazon Dcvoltage,true
874520000000,203-3235773-8253108,AMAZON,B0F28YR5JN,,LSCY290NB+RPR44WH,1,15.99,15.99,2026-04-06 01:20:54,amazon Ledsone,true
874530000000,202-4843074-9349944,AMAZON,B0C2VVSJYP,,CRSF100BM+WSLS155YB+SCRN70BM+LSFT220BGAM,1,14.89,,2026-04-06 06:15:12,amazon Ledsone,true
874540000000,204-6475841-8663552,AMAZON,B083TNFR73,,LDMST64E278pck3,1,14.79,14.79,2026-04-06 09:50:37,amazon Ledsone,true
874550000000,205-7465887-6719508,AMAZON,B094DN1XL1,,PLADBC,1,49.99,49.99,2026-04-06 11:27:43,amazon Ledsone,true
874560000000,203-1344350-3553145,AMAZON,B0F6V3GXXV,,PHUH1HETBM+LSHM400HE,2,65.38,65.38,2026-04-06 12:15:42,amazon Ledsone,true
874570000000,206-0482216-2126748,AMAZON,B0CGRQCV7Y,,CRSF100BM+PHRNWP2RBM+ICST64E27,1,13.79,13.79,2026-04-06 14:25:21,amazon Ledsone,true
874580000000,204-0444248-7373102,AMAZON,B0963P71QD,,CRFF500BM+PHRI1PBRCO3PK+LSOL220CO3PK,1,36.79,36.79,2026-04-06 15:26:48,amazon Ledsone,true
874590000000,203-3288436-0121919,AMAZON,B0DYTQMM9X,,RWWPSY1080YE,1,8.89,8.89,2026-04-06 16:21:23,amazon Ledsone,true
874600000000,206-7768789-9211541,AMAZON,B0CGRQCV7Y,,CRSF100BM+PHRNWP2RBM+ICST64E27,1,13.79,13.79,2026-04-06 16:23:29,amazon Ledsone,true
874610000000,026-6791971-5956348,AMAZON,B07CP4SFT5,,12IP6750,1,14.99,14.99,2026-04-06 17:59:54,amazon Ledsone,true
874620000000,026-1348119-2455515,AMAZON,B0DCNWF2D4,,PHSF2BMRBM2PK+SPSDP2BM2PK,1,29.79,,2026-04-06 18:41:16,amazon Ledsone,true
874630000000,204-6623124-2163513,AMAZON,B0BB3NVM9D,,CL2RGD5PK,1,13.89,13.89,2026-04-06 18:56:09,amazon Ledsone,true
874640000000,026-5786665-1721930,AMAZON,B0D298QXXM,,LSCY290GY2PK+RPR44WH2PK,2,54.58,,2026-04-06 19:41:52,amazon Ledsone,true
874650000000,205-3420753-6333106,AMAZON,B0C2CZPSMG,,ENC1915,1,22.89,22.89,2026-04-06 19:43:35,amazon Ledsone,true
874660000000,202-5327924-0426769,AMAZON,B07CPWC9PP,,dc12IP6780,1,15.69,,2026-04-06 20:19:21,amazon Ledsone,true
874670000000,206-6653390-8265159,AMAZON,B0CCHYD2JP,,SPSDP2BM3PK,1,12.89,,2026-04-06 20:25:36,amazon Ledsone,true
874680000000,206-2759449-2633101,AMAZON,B0B77GF35H,,CRFF108CH2PK+HK10CH2PK,1,11.79,11.79,2026-04-06 20:54:44,amazon Ledsone,true
875810000000,203-5718248-3282700,AMAZON,B0CXPRNXLT,,LSCY290OR2PK+RPR44WH2PK,1,24.89,24.89,2026-04-07 07:37:56,amazon Dcvoltage,true
875820000000,202-1975890-5235547,AMAZON,B08W9QJ9PV,,CRSF100BM+PHUH1HETBM+LSHM300HE,1,30.89,30.89,2026-04-07 09:59:43,amazon Dcvoltage,true
875830000000,203-9084173-1249910,AMAZON,B0CNZ21Z3Z,,ENC4304,1,32.89,32.89,2026-04-07 10:24:01,amazon Dcvoltage,true
875840000000,204-3026947-2580365,AMAZON,B0CBLXL9R1,,WCVCBC2PK+RPR44WH2PK,1,15.89,15.89,2026-04-07 11:09:31,amazon Dcvoltage,true
875850000000,026-4490261-5953129,AMAZON,B096FPKPNQ,,ENC685,1,54.89,54.89,2026-04-07 12:04:54,amazon Dcvoltage,true
875860000000,026-5016545-9234724,AMAZON,B0CXSS7XYX,,LSCY290WH2PK+RPR44WH2PK,1,25.89,25.89,2026-04-07 12:13:59,amazon Dcvoltage,true
875870000000,204-1224019-0173165,AMAZON,B08XNPKHZX,,LSSS300YE+RPR44WH,2,26.98,,2026-04-07 13:25:36,amazon Dcvoltage,true
875880000000,202-5010335-3070747,AMAZON,B0CXSS7XYX,,LSCY290WH2PK+RPR44WH2PK,3,77.67,77.67,2026-04-07 14:20:30,amazon Dcvoltage,true
875890000000,026-4210145-6301113,AMAZON,B0C9TTZBV7,,LSCY210BS+RPR44WH,1,13.89,13.89,2026-04-07 15:11:41,amazon Dcvoltage,true
875900000000,202-0099222-5119507,AMAZON,B07LFDY4D3,,CL3TBM5PK,1,19.88,14.89,2026-04-07 15:36:08,amazon Dcvoltage,true
875910000000,026-6670763-8914704,AMAZON,B0BY38BKBD,,ENC4428,1,26.89,26.89,2026-04-07 17:01:03,amazon Dcvoltage,true
875920000000,202-0425853-4360334,AMAZON,B08KGJT4DP,,CL3THE5PK,1,15.69,15.69,2026-04-07 17:28:18,amazon Dcvoltage,true
875930000000,205-4889069-8661950,AMAZON,B08W9BGDYY,,PHUH1HETBM+LSHM400HE,1,32.89,32.89,2026-04-07 18:52:20,amazon Dcvoltage,true
875940000000,204-3981762-0821939,AMAZON,B0BNVPMZ2X,,LHC6E27WH,1,6.09,6.09,2026-04-07 19:10:30,amazon Dcvoltage,true
875950000000,206-8103063-4143557,AMAZON,B08X9WZXK1,,PSDS4BMRBM,1,19.06,14.07,2026-04-07 19:19:00,amazon Dcvoltage,true
875960000000,202-6942273-3681920,AMAZON,B0CYZWJ7WJ,,LSCY290CH2PK+RPR44WH2PK,1,31.88,26.89,2026-04-07 19:42:04,amazon Dcvoltage,true
875970000000,026-5609292-6790715,AMAZON,B0D6B5DGFC,,SPSDP2BM3PK,1,12.49,,2026-04-07 21:22:39,amazon Dcvoltage,true
875980000000,204-7448739-6656300,AMAZON,B0DM61D265,,LSFT220BM3PK+RPR44WH3PK,1,19.89,,2026-04-07 21:29:25,amazon Dcvoltage,true
875990000000,205-4530553-1786769,AMAZON,B0BC1D19JG,,CL3RHEAPK,1,21.89,21.89,2026-04-07 03:50:03,amazon Ledsone,true
876000000000,026-2689474-7713937,AMAZON,B0CCHYTRLV,,SPSDP2WH6PK,1,20.79,20.79,2026-04-07 07:57:27,amazon Ledsone,true
876010000000,205-1004410-5381955,AMAZON,B0CCJ2GVV9,,SPSDP2SN6PK,1,20.09,20.09,2026-04-07 08:21:14,amazon Ledsone,true
876030000000,206-0289989-8374765,AMAZON,B0F7QZQS3Y,,CL2TWHAPK,1,18.29,,2026-04-07 08:56:37,amazon Ledsone,true
876040000000,202-5893234-8897161,AMAZON,B09HS9YS4G,,CL2TBW5PK,1,12.79,12.79,2026-04-07 09:33:02,amazon Ledsone,true
876050000000,026-5265631-6511540,AMAZON,B09HS8RX1P,,CL2TYE5PK,1,13.29,13.29,2026-04-07 10:23:30,amazon Ledsone,true
876060000000,204-3418688-6213140,AMAZON,B0C2CYBB2B,,ENC1907,1,15.89,15.89,2026-04-07 11:44:59,amazon Ledsone,true
876070000000,206-1964061-2172344,AMAZON,B09736QJQL,,amzn.gr.CRSF100BM_WSLS155YB_SC-rSS4a1-GD,1,14.89,14.89,2026-04-07 11:52:22,amazon Ledsone,true
876080000000,206-1964061-2172344,AMAZON,B09736QJQL,,amzn.gr.CRSF100BM_WSLS155YB_SC-HYyGFz-LN,1,13.89,13.89,2026-04-07 11:52:22,amazon Ledsone,true
876090000000,206-1964061-2172344,AMAZON,B09736QJQL,,amzn.gr.CRSF100BM_WSLS155YB_SC-2mrm5g-VG,1,13.82,13.82,2026-04-07 11:52:22,amazon Ledsone,true
876100000000,206-3724931-9905923,AMAZON,B0BB33PK6W,,CL2RBU5PK,1,14.89,14.89,2026-04-07 12:28:16,amazon Ledsone,true
876110000000,026-5256974-9942757,AMAZON,B0DC6VC5F6,,12IP67350,1,43.99,43.99,2026-04-07 13:24:19,amazon Ledsone,true
876120000000,026-3338540-7341918,AMAZON,B0D298RPWW,,LSCY290RE+RPR44WH,1,15.79,15.79,2026-04-07 13:45:08,amazon Ledsone,true
876130000000,026-1187902-3854749,AMAZON,B0B7SGF1HD,,PHSF1BMTBY,1,14.09,14.09,2026-04-07 14:19:59,amazon Ledsone,true
876140000000,206-4190060-9473145,AMAZON,B0CHRVWSBM,,CL3RBM5PK,1,11.99,11.99,2026-04-07 15:01:55,amazon Ledsone,true
876150000000,203-3702810-2634722,AMAZON,B0CCHYD2JP,,SPSDP2BM3PK,1,12.89,12.89,2026-04-07 15:04:14,amazon Ledsone,true
876160000000,202-7017894-8873966,AMAZON,B0BC1CMSVD,,CL3RGDAPK,1,19.99,19.99,2026-04-07 15:31:59,amazon Ledsone,true
876170000000,026-5505716-2753944,AMAZON,B0C2VVSJYP,,CRSF100BM+WSLS155YB+SCRN70BM+LSFT220BGAM,1,14.89,14.89,2026-04-07 16:51:52,amazon Ledsone,true
876180000000,203-1997174-4515548,AMAZON,B0BB3NVM9D,,CL2RGD5PK,1,13.89,,2026-04-07 17:12:37,amazon Ledsone,true
876190000000,026-7307550-6042714,AMAZON,B0DZF4KSNY,,CL2RCRAPK,1,16.99,16.99,2026-04-07 17:39:39,amazon Ledsone,true
876200000000,202-6505410-6106751,AMAZON,B0B77GPTQ7,,CRFF108WH2PK+HK10WH2PK,1,13.65,13.65,2026-04-07 18:18:58,amazon Ledsone,true
876210000000,206-8876699-7948330,AMAZON,B09B3VTSQG,,CRFF500BM+PHMU1PBRYB3PK+LSDM220YB3PK,1,34.99,34.99,2026-04-07 18:31:43,amazon Ledsone,true
876220000000,205-1818899-0685911,AMAZON,B0CCHX3S7L,,SPSDP2BM6PK,2,41.56,41.56,2026-04-07 18:55:06,amazon Ledsone,true
876230000000,202-1184770-8889132,AMAZON,B0DXQ8VVR7,,LSCY290WH2PK+RPR44WH2PK,1,25.79,,2026-04-07 19:07:49,amazon Ledsone,true
876240000000,204-5632336-7500355,AMAZON,B0CHFMLZWQ,,WCB5BM+RPR44WH,1,9.89,,2026-04-07 19:27:26,amazon Ledsone,true
876250000000,203-0665513-1325937,AMAZON,B0F21TXF2F,,WCWYBM2PK,1,11.98,,2026-04-07 19:31:15,amazon Ledsone,true
876260000000,203-9057563-3739540,AMAZON,B0B9Y9F73N,,CL3TIV5PK,1,13.89,13.89,2026-04-07 19:40:31,amazon Ledsone,true
876270000000,026-9921759-1727556,AMAZON,B0CV5D5D6G,,LDSSTRE2742PK,1,17.69,17.69,2026-04-07 19:47:22,amazon Ledsone,true
876280000000,026-9291691-5865110,AMAZON,B0G1TFR4YX,,CKA17ATC4446BM,1,14.49,14.49,2026-04-07 20:47:26,amazon Ledsone,true
877770000000,206-5935632-1453161,AMAZON,B0DBWY3P4Q,,CL2RBMAPK,1,18.39,18.39,2026-04-08 05:44:58,amazon Dcvoltage,true
877780000000,206-1330461-2721926,AMAZON,B07L8GPT85,,CL3TGY5PK,1,12.99,12.99,2026-04-08 06:38:49,amazon Dcvoltage,true
877790000000,206-4295319-3096362,AMAZON,B0CS9Q78XH,,LSCY210BG2PK+RPR44WH2PK,1,21.49,21.49,2026-04-08 07:42:19,amazon Dcvoltage,true
877800000000,202-4644537-3071514,AMAZON,B07PM4GDGP,,CL3TBM5PK,2,23.58,23.58,2026-04-08 08:40:00,amazon Dcvoltage,true
877810000000,203-3574432-6515512,AMAZON,B08XC1QT69,,CL3THEAPK,1,19.99,19.99,2026-04-08 09:43:53,amazon Dcvoltage,true
877820000000,203-4607886-0469148,AMAZON,B0CB7WP6YJ,,SPSDP2BM6PK,1,18.89,18.89,2026-04-08 09:49:03,amazon Dcvoltage,true
877830000000,202-3626259-3125128,AMAZON,B0CJCDZWRB,,LSSS300SN2PK+RPR44WH2PK,1,23.49,23.49,2026-04-08 09:56:47,amazon Dcvoltage,true
877840000000,204-7179902-2186718,AMAZON,B0C7C59JYH,,LSCY290CH+RPR44WH,1,16.79,16.79,2026-04-08 10:19:18,amazon Dcvoltage,true
877850000000,202-2275742-8060334,AMAZON,B08X4KB22H,,CRSF100BM+LHNSE27CO+SCRN70CO+LSFT220BC,1,17.49,17.49,2026-04-08 12:34:54,amazon Dcvoltage,true
877860000000,026-7983019-6809122,AMAZON,B0CXT2NJD9,,LSMS320YE2PK+RPR44WH2PK,1,25.89,,2026-04-08 14:56:37,amazon Dcvoltage,true
877870000000,026-8682808-2248321,AMAZON,B0DBWY3P4Q,,CL2RBMAPK,1,18.39,18.39,2026-04-08 15:38:08,amazon Dcvoltage,true
877880000000,203-4846082-6697946,AMAZON,B0DH9BSF4C,,CL3TBM5PK,1,14.09,14.09,2026-04-08 16:20:04,amazon Dcvoltage,true
877890000000,204-3583975-9268308,AMAZON,B08XC1QT69,,CL3THEAPK,1,19.99,19.99,2026-04-08 17:01:54,amazon Dcvoltage,true
877900000000,026-2062587-0633938,AMAZON,B0CB8D5MMC,,LSMS320GY+RPR44WH,1,14.99,,2026-04-08 17:03:15,amazon Dcvoltage,true
877910000000,026-6629929-3433168,AMAZON,B0D6B5DGFC,,SPSDP2BM3PK,1,12.49,12.49,2026-04-08 17:03:18,amazon Dcvoltage,true
877920000000,203-4886461-2274739,AMAZON,B0CBPQVC6K,,WCB4WH2PK+RPR44WH2PK,1,16.59,16.59,2026-04-08 17:04:01,amazon Dcvoltage,true
877930000000,206-8318663-9309956,AMAZON,B0CXSS7XYX,,LSCY290WH2PK+RPR44WH2PK,1,26.53,26.53,2026-04-08 17:17:48,amazon Dcvoltage,true
877940000000,203-7732715-2225110,AMAZON,B096FPKPNQ,,ENC685,1,54.89,54.89,2026-04-08 17:44:02,amazon Dcvoltage,true
877960000000,204-0311007-8739539,AMAZON,B08P1NX6SB,,CRFF500BM+PHHT1PBRBM3PK+WCDCBM3PKAM,1,32.89,,2026-04-08 18:14:12,amazon Dcvoltage,true
877970000000,203-9423895-5939514,AMAZON,B0CTSKY12R,,LSCO335BM2PK+RPR44WH2PK,1,28.88,23.89,2026-04-08 18:56:43,amazon Dcvoltage,true
877980000000,202-7814949-4929954,AMAZON,B0CYZWJ7WJ,,LSCY290CH2PK+RPR44WH2PK,1,26.89,,2026-04-08 19:41:53,amazon Dcvoltage,true
877990000000,202-8547063-2164351,AMAZON,B0DBWRBK6J,,CL2RBKAPK,1,17.79,17.79,2026-04-08 20:05:55,amazon Dcvoltage,true
878000000000,206-5282925-5350738,AMAZON,B0CKWLS9WR,,CL3RHE5PK,1,13.09,13.09,2026-04-08 20:29:07,amazon Dcvoltage,true
878010000000,206-9735115-5651504,AMAZON,B0B8VVQDZR,,LDSG125LOE2742PK,1,20.89,20.89,2026-04-08 05:44:34,amazon Ledsone,true
878020000000,203-9394557-2672318,AMAZON,B0CGRJ5PM4,,CRSF100BM+SPSPLBM+PHRNWP2RBM,1,13.59,13.59,2026-04-08 09:21:58,amazon Ledsone,true
878030000000,205-9305983-4321158,AMAZON,B0G1TKZTS4,,CKAN1937BM,1,14.99,14.99,2026-04-08 10:55:56,amazon Ledsone,true
878040000000,205-6516889-5579548,AMAZON,B0D7ZTRLBH,,LSCY290BM2PK+RPR44WH2PK,1,25.89,25.89,2026-04-08 11:13:31,amazon Ledsone,true
878060000000,205-9045618-6555538,AMAZON,B0B9Y5MRSK,,CL3TGD5PK,2,26.18,26.18,2026-04-08 13:38:13,amazon Ledsone,true
878070000000,205-5274206-5829147,AMAZON,B0C2VDBRDW,,CRSF100CO+LHNSE27CO+LSRP260CO,2,52.76,52.76,2026-04-08 14:45:41,amazon Ledsone,true
878080000000,206-8550237-3626742,AMAZON,B0F9WXH3SL,,CL2RBMAPK,1,18.79,18.79,2026-04-08 15:01:10,amazon Ledsone,true
878090000000,206-4395468-2147529,AMAZON,B0C3ZTR2VC,,LSCY290CH+RPR44WH,1,16.29,,2026-04-08 15:40:30,amazon Ledsone,true
878100000000,206-9187924-7742766,AMAZON,B0C3ZT3VR1,,LSCY290BD+RPR44WH,1,14.89,,2026-04-08 16:35:22,amazon Ledsone,true
878110000000,206-0716628-3969962,AMAZON,B0D7S1FK1Q,,LSMS320GR2PK+RPR44WH2PK,1,25.46,25.46,2026-04-08 17:17:01,amazon Ledsone,true
878120000000,206-9383571-2153137,AMAZON,B0BC1CYP2F,,CL3RBMAPK,1,25.89,25.89,2026-04-08 17:19:53,amazon Ledsone,true
878130000000,205-7059470-4457154,AMAZON,B0CBMQZ8P6,,PHSF2BMRBM+SPSDP2BM,1,13.89,13.89,2026-04-08 17:26:11,amazon Ledsone,true
878140000000,026-8880224-8870762,AMAZON,B0CCJ2NWRP,,SPSDP2BM5PK,1,17.89,17.89,2026-04-08 17:35:35,amazon Ledsone,true
878150000000,204-9785457-7207528,AMAZON,B0F1NBC76Q,,CL3RYE5PK,2,20.98,20.98,2026-04-08 18:28:35,amazon Ledsone,true
878160000000,026-8441205-2057929,AMAZON,B0D9QJNFWK,,CL2RAG5PK,1,12.29,12.29,2026-04-08 18:42:20,amazon Ledsone,true
878170000000,202-8957404-2605152,AMAZON,B0B9YBYDLP,,CL3TBD5PK,1,13.51,13.51,2026-04-08 18:44:50,amazon Ledsone,true
878180000000,026-6936560-6885960,AMAZON,B0CBMQZ8P6,,PHSF2BMRBM+SPSDP2BM,1,13.89,13.89,2026-04-08 18:55:04,amazon Ledsone,true
878190000000,202-8549626-9634716,AMAZON,B0B9Y5MRSK,,CL3TGD5PK,1,13.09,,2026-04-08 19:33:08,amazon Ledsone,true
878200000000,202-9136864-9962710,AMAZON,B091M812TL,,CL3TRW5PK,1,11.99,,2026-04-08 19:35:04,amazon Ledsone,true
878210000000,026-2678902-9622728,AMAZON,B0BBS3NXFM,,CL3TBRAPK,1,20.89,,2026-04-08 19:39:44,amazon Ledsone,true
878220000000,206-7553257-1995508,AMAZON,B0CHF49HKL,,amzn.gr.CRSF100BM_PHUH1HETBM_L-9va0VK-LN,1,26.15,26.15,2026-04-08 20:54:14,amazon Ledsone,true
878230000000,204-3317338-3149157,AMAZON,B0F9X36HX4,,CL3TIVAPK,1,19.99,,2026-04-08 22:05:43,amazon Ledsone,true
878240000000,202-6393842-3150716,AMAZON,B0F7QZQS3Y,,CL2TWHAPK,2,36.58,,2026-04-08 22:52:27,amazon Ledsone,true
878970000000,206-0716628-3969962,AMAZON,B0D7S1FK1Q,,LSMS320GR2PK+RPR44WH2PK,1,0.00,,2026-04-08 17:17:01,amazon Ledsone,true
879710000000,206-6902529-6739529,AMAZON,B0BBB5C64C,,CL3RWH5PK,1,12.69,12.69,2026-04-09 05:03:44,amazon Ledsone,true
879720000000,202-2736187-3112358,AMAZON,B0CCJ3MP82,,SPSDP2SN3PK,1,12.89,12.89,2026-04-09 07:12:38,amazon Ledsone,true
879730000000,204-0512411-5136346,AMAZON,B0D7ZTRLBH,,LSCY290BM2PK+RPR44WH2PK,1,25.89,25.89,2026-04-09 07:15:14,amazon Ledsone,true
879740000000,204-4325296-8320365,AMAZON,B0929BBD84,,PLWEBC,1,27.79,27.79,2026-04-09 08:17:49,amazon Ledsone,true
879750000000,202-1160208-2210758,AMAZON,B0BBBHFCPF,,CL3RPU5PK,1,12.79,12.79,2026-04-09 08:37:26,amazon Ledsone,true
879760000000,026-0760855-4265927,AMAZON,B0CDLTXBQV,,WLRPE27BM,1,21.79,,2026-04-09 09:34:38,amazon Ledsone,true
879770000000,204-0417095-1384346,AMAZON,B0BBS5YWRL,,CL3TGLAPK,1,21.69,21.69,2026-04-09 10:03:01,amazon Ledsone,true
879780000000,204-3948861-1913150,AMAZON,B0B8VWLDFP,,LDSG125MUE2742PK,1,16.39,16.39,2026-04-09 10:14:12,amazon Ledsone,true
879790000000,206-9845022-0764300,AMAZON,B0DBL9YWDM,,LSDO210YE2PK+RPR44WH2PK,1,12.79,,2026-04-09 11:10:27,amazon Ledsone,true
879800000000,026-5754511-5865903,AMAZON,B0BBS5YWRL,,CL3TGLAPK,1,21.69,21.69,2026-04-09 11:57:17,amazon Ledsone,true
879810000000,205-8962008-9069958,AMAZON,B07CPWC9PP,,dc12IP6780,1,15.69,15.69,2026-04-09 12:02:58,amazon Ledsone,true
879820000000,204-1934067-7165143,AMAZON,B0B9Y67S6V,,CL3TCR5PK,1,13.89,13.89,2026-04-09 13:46:31,amazon Ledsone,true
879830000000,204-2654152-5479548,AMAZON,B0C3ZT3VR1,,LSCY290BD+RPR44WH,1,14.89,,2026-04-09 13:52:51,amazon Ledsone,true
879840000000,204-5059679-5430745,AMAZON,B0CGZQV9Y7,,LSMCSPFLMC+RPR44WH,1,24.89,24.89,2026-04-09 13:59:01,amazon Ledsone,true
879850000000,204-5120623-7465166,AMAZON,B0C3ZTBRHZ,,LSCY290BM+RPR44WH,1,15.29,,2026-04-09 14:04:17,amazon Ledsone,true
879860000000,205-1335163-2509110,AMAZON,B0CW5RLSQL,,CRFF105GB2PK+HK10GB2PK,1,13.79,,2026-04-09 14:05:58,amazon Ledsone,true
879870000000,206-6828128-1202763,AMAZON,B0CCHXR4X2,,SPSDP2WH3PK,1,12.89,,2026-04-09 14:58:55,amazon Ledsone,true
879880000000,203-4438864-7376317,AMAZON,B0B7SJSZFR,,PHSF1BMTBM,1,11.89,11.89,2026-04-09 16:15:49,amazon Ledsone,true
879890000000,206-1221189-3149164,AMAZON,B0GLZ2SYN4,,PLTRBC,1,40.99,40.99,2026-04-09 16:31:59,amazon Ledsone,true
879900000000,203-1978172-6786742,AMAZON,B0DF2WV971,,LHC5E27WH2PK,1,12.09,12.09,2026-04-09 16:51:52,amazon Ledsone,true
879910000000,204-0568426-1308324,AMAZON,B093DJQC1W,,CL2TGDAPK,1,18.99,18.99,2026-04-09 19:03:28,amazon Ledsone,true
879920000000,205-8778179-9878701,AMAZON,B08V13B8G3,,ENC842,1,22.39,22.39,2026-04-09 19:07:34,amazon Ledsone,true
879930000000,206-4264810-4057934,AMAZON,B0BLZHCRGZ,,amzn.gr.LDMG95E2746PK-AMN-5WT_RWtsrJi-LN,1,18.59,,2026-04-09 20:16:43,amazon Ledsone,true
879950000000,206-3038374-5766738,AMAZON,B0DXQ8YFC6,,LSCY290RO2PK+RPR44WH2PK,1,29.79,,2026-04-09 22:00:51,amazon Ledsone,true
879960000000,205-4666717-2048311,AMAZON,B0CG5QLXR8,,amzn.gr.CL2ROR5PK-AM-7eL5ssnjMFHjLwdv-VG,1,8.69,,2026-04-09 22:34:20,amazon Ledsone,true
879970000000,206-7784389-1522767,AMAZON,B083TNFR73,,LDMST64E278pck3,1,14.79,,2026-04-09 23:04:35,amazon Ledsone,true
879980000000,202-4895899-1973941,AMAZON,B0BBB3V9M6,,CL3RBW5PK,1,13.01,13.01,2026-04-09 23:37:09,amazon Ledsone,true
880000000000,026-1958945-7615545,AMAZON,B0CPBX49HJ,,LSCY290GR+RPR44WH,1,15.89,15.89,2026-04-09 06:25:14,amazon Dcvoltage,true
880010000000,204-9852298-9125143,AMAZON,B08XC1QT69,,CL3THEAPK,1,19.99,19.99,2026-04-09 07:06:37,amazon Dcvoltage,true
880030000000,203-2694359-0405127,AMAZON,B08TX216Y4,,LSMS320BD+RPR44WH,1,14.99,14.99,2026-04-09 08:47:32,amazon Dcvoltage,true
880040000000,203-1486959-0004355,AMAZON,B07LFDY4D3,,CL3TBM5PK,1,14.89,14.89,2026-04-09 09:15:40,amazon Dcvoltage,true
880050000000,205-0360606-0113901,AMAZON,B08V916YN4,,CRSF100WH+LHNSE27WH+LSMS320RE,1,18.79,18.79,2026-04-09 09:22:32,amazon Dcvoltage,true
880060000000,202-9966410-6827553,AMAZON,B0DH9CY29Z,,CL3TGL5PK,1,14.89,14.89,2026-04-09 09:41:57,amazon Dcvoltage,true
880070000000,205-4247970-2207525,AMAZON,B08XB1QLTN,,PSDS2BMRBR,1,13.89,13.89,2026-04-09 11:42:45,amazon Dcvoltage,true
880080000000,206-6875786-4627563,AMAZON,B0DH67XKP9,,CL2TBRAPK,1,18.19,18.19,2026-04-09 12:12:17,amazon Dcvoltage,true
880090000000,204-8366192-6161923,AMAZON,B0DMDWM25D,,WCCYSP160WH2PK,1,27.56,,2026-04-09 12:33:06,amazon Dcvoltage,true
880100000000,026-5693664-8191559,AMAZON,B08KGJT4DP,,CL3THE5PK,1,15.69,15.69,2026-04-09 12:48:10,amazon Dcvoltage,true
880110000000,204-7670530-4689115,AMAZON,B08VGPPQ48,,LSCY290GY+RPR44WH,1,15.49,15.49,2026-04-09 13:07:45,amazon Dcvoltage,true
880120000000,203-1939877-7965957,AMAZON,B07CWFSGB3,,IP20 12V 360W,1,18.69,18.69,2026-04-09 13:44:20,amazon Dcvoltage,true
880130000000,202-3976936-8365903,AMAZON,B0GJT6PGJ2,,ENC7769,1,24.89,24.89,2026-04-09 13:51:35,amazon Dcvoltage,true
880140000000,202-7707394-6613931,AMAZON,B0DH9DJQKQ,,CL3THE5PK,1,11.99,11.99,2026-04-09 14:29:44,amazon Dcvoltage,true
880150000000,202-2181223-1667568,AMAZON,B0D56ZN8NP,,WCB7WH2PK+RPR44WH2PK,1,16.79,16.79,2026-04-09 14:30:51,amazon Dcvoltage,true
880160000000,202-0433800-4001920,AMAZON,B0CZ9FPLB7,,LSMS320GR2PK+RPR44WH2PK,1,25.09,25.09,2026-04-09 15:27:31,amazon Dcvoltage,true
880170000000,206-7168709-3697116,AMAZON,B0CNZ5N8L3,,CL3RWHAPK,1,19.99,19.99,2026-04-09 16:20:39,amazon Dcvoltage,true
880190000000,203-6470989-0532348,AMAZON,B0CXSQZ68C,,LSCY290BD2PK+RPR44WH2PK,1,25.89,,2026-04-09 16:56:19,amazon Dcvoltage,true
880200000000,203-3930577-6578769,AMAZON,B0CNZ21Z3Z,,ENC4304,1,30.59,32.89,2026-04-09 17:26:19,amazon Dcvoltage,true
880210000000,026-9114397-1864352,AMAZON,B0DH9CY29Z,,CL3TGL5PK,1,14.89,14.89,2026-04-09 17:42:24,amazon Dcvoltage,true
880220000000,202-4860557-3708329,AMAZON,B0D2TCJKT7,,LSCY290OR2PK+RPR44WH2PK,1,23.89,,2026-04-09 18:34:31,amazon Dcvoltage,true
880230000000,026-0768056-6645951,AMAZON,B08VGP666V,,LSCY290WH+RPR44WH,2,31.58,,2026-04-09 18:42:45,amazon Dcvoltage,true
880240000000,206-2502170-4928365,AMAZON,B08X9Z14CG,,PSDS4BMRGY,1,14.07,14.07,2026-04-09 20:40:24,amazon Dcvoltage,true
880250000000,206-6731650-1387526,AMAZON,B0D6B5DGFC,,SPSDP2BM3PK,1,12.49,,2026-04-09 20:45:00,amazon Dcvoltage,true
880260000000,206-7964437-2269936,AMAZON,B0CS9Q78XH,,LSCY210BG2PK+RPR44WH2PK,1,21.49,,2026-04-09 21:01:03,amazon Dcvoltage,true
880270000000,203-6679495-0206760,AMAZON,B07CVXRPPZ,,12IP67150,2,39.98,,2026-04-09 21:10:13,amazon Dcvoltage,true
880280000000,026-0532821-7673961,AMAZON,B0CH3BD4MP,,WSOSBDBM2PK,1,34.79,,2026-04-09 21:11:10,amazon Dcvoltage,true
880300000000,205-0578374-9634737,AMAZON,B0D6B5DGFC,,SPSDP2BM3PK,1,12.49,,2026-04-09 21:18:16,amazon Dcvoltage,true
880310000000,206-2946607-0841948,AMAZON,B07F9SH71F,,LDMG95E274,1,5.69,,2026-04-09 21:22:53,amazon Dcvoltage,true
880320000000,206-5801634-5721139,AMAZON,B0CJ4Q2DF3,,LSMCSPFLMC,1,24.79,24.79,2026-04-09 22:14:41,amazon Dcvoltage,true
880330000000,202-6325043-5702703,AMAZON,B0FHPM5GYP,,CRFF100CH2PK+LHNSE27CH2PK,1,24.89,,2026-04-09 22:22:09,amazon Dcvoltage,true
881890000000,026-6626219-1244359,AMAZON,B08X9WZXK1,,PSDS4BMRBM,1,14.07,14.07,2026-04-10 00:44:01,amazon Dcvoltage,true
881900000000,026-9553654-8733918,AMAZON,B0DH9CY29Z,,CL3TGL5PK,1,14.59,,2026-04-10 06:54:15,amazon Dcvoltage,true
881910000000,026-5569884-6742758,AMAZON,B0D5LSD942,,LSFT220BI2PK+RPR44WH2PK,1,17.99,17.99,2026-04-10 06:55:06,amazon Dcvoltage,true
881920000000,204-8952974-6594729,AMAZON,B0DH8Z6FLZ,,CL3TGDAPK,1,23.99,23.99,2026-04-10 09:36:16,amazon Dcvoltage,true
881930000000,204-4011709-9866730,AMAZON,B0C8TZ2GMQ,,PLADBS+LSDO210BS3PK,1,49.89,49.89,2026-04-10 11:04:10,amazon Dcvoltage,true
881940000000,026-6458352-4894711,AMAZON,B0CSNHHK98,,amzn.gr.ENC7630_AMD-6XiWKTSlGpzG2eKzd-LN,1,25.89,25.89,2026-04-10 11:05:31,amazon Dcvoltage,true
881950000000,026-2655966-3784319,AMAZON,B0F48LNB6J,,RWWPSY1080YE,1,7.56,8.89,2026-04-10 11:34:46,amazon Dcvoltage,true
881960000000,206-5638647-4273140,AMAZON,B07L8GPT85,,CL3TGY5PK,1,12.99,12.99,2026-04-10 12:09:53,amazon Dcvoltage,true
881970000000,204-6317471-6907543,AMAZON,B0CKWL1XT3,,amzn.gr.CL3RGL5PK-AMD-Hh5FhWSmJE4dJL--VG,1,9.79,9.79,2026-04-10 12:53:02,amazon Dcvoltage,true
881980000000,205-0219243-0668377,AMAZON,B0DFHMDZYQ,,LSCY290NB+RPR44WH,1,15.79,15.79,2026-04-10 13:57:48,amazon Dcvoltage,true
881990000000,206-6808998-1806719,AMAZON,B08VGPPQ48,,LSCY290GY+RPR44WH,1,15.49,15.49,2026-04-10 14:12:09,amazon Dcvoltage,true
882000000000,202-5281084-1533159,AMAZON,B0CNZ5N8L3,,CL3RWHAPK,1,19.99,19.99,2026-04-10 15:34:13,amazon Dcvoltage,true
882010000000,203-0094264-0305969,AMAZON,B08KGJT4DP,,CL3THE5PK,1,15.69,15.69,2026-04-10 15:57:27,amazon Dcvoltage,true
882020000000,204-1373810-9429105,AMAZON,B0CS9PS8J3,,LSCY210BG3PK+RPR44WH3PK,1,29.89,29.89,2026-04-10 16:34:50,amazon Dcvoltage,true
882030000000,205-7978778-1625946,AMAZON,B0GCZQVHRF,,CRFF100BM+LHNSE27BM+ICST64E27,1,16.99,,2026-04-10 16:37:26,amazon Dcvoltage,true
882040000000,205-8847671-6492353,AMAZON,B07CS22K8L,,12IP6720,1,10.19,10.19,2026-04-10 17:09:26,amazon Dcvoltage,true
882050000000,205-8470663-1466766,AMAZON,B0BWJWGXD4,,LSCY210BG+RPR44WH,1,12.49,,2026-04-10 18:32:18,amazon Dcvoltage,true
882060000000,204-8028521-2397119,AMAZON,B0D32YBFXP,,LSCY290RE2PK+RPR44WH2PK,1,25.79,,2026-04-10 19:26:27,amazon Dcvoltage,true
882070000000,202-6017050-8260345,AMAZON,B0BWJWGXD4,,LSCY210BG+RPR44WH,1,12.24,,2026-04-10 20:06:19,amazon Dcvoltage,true
882080000000,204-0356835-7210749,AMAZON,B0DH9CY29Z,,CL3TGL5PK,1,14.89,,2026-04-10 20:17:37,amazon Dcvoltage,true
882090000000,206-2902180-1461127,AMAZON,B07ZFWL5T1,,CRFF100GB+LHNSE27GB,1,13.89,13.89,2026-04-10 21:20:18,amazon Dcvoltage,true
882100000000,205-3562213-5989159,AMAZON,B0B8VRRDVM,,LDSG125MUE274,1,13.89,,2026-04-10 05:36:22,amazon Ledsone,true
882110000000,205-6244724-9594725,AMAZON,B0DX1C6274,,LHSHE27CO3PK,1,17.59,17.59,2026-04-10 07:18:23,amazon Ledsone,true
882130000000,202-3726509-1567504,AMAZON,B0DBTV74L3,,LSLT360BI2PK+RPR44WH2PK,1,20.89,20.89,2026-04-10 08:25:54,amazon Ledsone,true
882140000000,206-4509025-0073953,AMAZON,B0DCNWF2D4,,PHSF2BMRBM2PK+SPSDP2BM2PK,1,29.69,29.69,2026-04-10 08:47:29,amazon Ledsone,true
882150000000,206-4509025-0073953,AMAZON,B0CGRQZDWK,,CRSF100BM2PK+PHRYWP2RBM2PK,1,21.49,21.49,2026-04-10 08:47:29,amazon Ledsone,true
882160000000,202-0468472-9706734,AMAZON,B0CHRVWSBM,,CL3RBM5PK,1,11.99,11.99,2026-04-10 12:08:28,amazon Ledsone,true
882170000000,202-3950023-8614768,AMAZON,B0D7S17C9W,,LSMS320BU+RPR44WH,1,14.29,14.29,2026-04-10 12:37:41,amazon Ledsone,true
882180000000,203-0204592-2937918,AMAZON,B0F7QWMBLY,,CL3TGLAPK,2,39.38,,2026-04-10 15:34:30,amazon Ledsone,true
882190000000,204-0091658-5321941,AMAZON,B0CCHYTN4H,,SPSDP2YB6PK,1,19.79,,2026-04-10 15:43:50,amazon Ledsone,true
882200000000,204-0098187-8018717,AMAZON,B0CW5RLSQL,,CRFF105GB2PK+HK10GB2PK,1,13.79,13.79,2026-04-10 15:48:19,amazon Ledsone,true
882210000000,026-4554559-2639550,AMAZON,B0B7SGF1HD,,PHSF1BMTBY,1,14.09,14.09,2026-04-10 16:22:01,amazon Ledsone,true
882220000000,205-6572205-3068311,AMAZON,B0BB31YPDF,,CL2RGY5PK,1,13.89,13.89,2026-04-10 16:49:08,amazon Ledsone,true
882230000000,203-2496447-9573954,AMAZON,B0F7QPMBCH,,CL2TGLAPK,1,19.39,19.39,2026-04-10 17:28:37,amazon Ledsone,true
882240000000,202-6151863-6985911,AMAZON,B0CCHXR4X2,,SPSDP2WH3PK,1,12.59,,2026-04-10 17:34:20,amazon Ledsone,true
882250000000,202-8763471-0093942,AMAZON,B0CHDX9PTC,,CL3TPU5PK,1,12.49,12.49,2026-04-10 17:34:37,amazon Ledsone,true
882260000000,204-7541232-9446712,AMAZON,B0B4K4LN25,,PSDS4BMRBL,1,14.09,14.09,2026-04-10 18:38:00,amazon Ledsone,true
882270000000,026-2017349-9453969,AMAZON,B0C3ZTBRHZ,,LSCY290BM+RPR44WH,1,15.29,,2026-04-10 20:41:50,amazon Ledsone,true
883450000000,206-9217794-4420321,AMAZON,B07F9SH71F,,LDMG95E274,1,5.69,5.69,2026-04-11 05:59:40,amazon Dcvoltage,true
883460000000,204-1670901-7704360,AMAZON,B07F9SH71F,,LDMG95E274,1,5.69,5.69,2026-04-11 07:40:29,amazon Dcvoltage,true
883470000000,206-6632841-9556316,AMAZON,B0CZNPJGMM,,LSSS300RE2PK+RPR44WH2PK,2,39.58,39.58,2026-04-11 08:42:10,amazon Dcvoltage,true
883480000000,202-8849081-4904346,AMAZON,B0CNGGP2YF,,TPHTTN2PBRBM,1,19.89,19.89,2026-04-11 09:16:33,amazon Dcvoltage,true
883490000000,205-8586178-8932315,AMAZON,B08XB1Q8YP,,PSDS2BMRRE,1,11.30,11.89,2026-04-11 10:01:22,amazon Dcvoltage,true
883500000000,205-0772042-8317936,AMAZON,B07ZFWL5T1,,CRFF100GB+LHNSE27GB,4,222.24,55.56,2026-04-11 10:06:45,amazon Dcvoltage,true
883510000000,205-0772042-8317936,AMAZON,B0FHPNSB7S,,CRFF100GB2PK+LHNSE27GB2PK,2,93.96,46.98,2026-04-11 10:06:45,amazon Dcvoltage,true
883520000000,205-0238929-4177971,AMAZON,B0BWJWGXD4,,LSCY210BG+RPR44WH,1,12.49,,2026-04-11 11:19:29,amazon Dcvoltage,true
883530000000,026-4373650-5300324,AMAZON,B0C9TSHB33,,LSCY210BM+RPR44WH,1,13.79,13.79,2026-04-11 12:38:12,amazon Dcvoltage,true
883540000000,205-2646061-1484353,AMAZON,B08VGMNGYN,,LSCY290YB+RPR44WH,1,17.89,17.89,2026-04-11 12:59:50,amazon Dcvoltage,true
883550000000,205-5722101-6081917,AMAZON,B08VGMNGYN,,LSCY290YB+RPR44WH,1,17.89,17.89,2026-04-11 13:28:20,amazon Dcvoltage,true
883560000000,206-8663579-0243522,AMAZON,B0D5BFHKBN,,LSMS320GY2PK+RPR44WH2PK,1,25.39,25.39,2026-04-11 13:34:33,amazon Dcvoltage,true
883580000000,203-1229811-0750751,AMAZON,B0DH8Z6FLZ,,CL3TGDAPK,1,28.98,23.99,2026-04-11 15:29:47,amazon Dcvoltage,true
883610000000,202-7810902-1801939,AMAZON,B08VGPPQ48,,LSCY290GY+RPR44WH,1,0.00,,2026-04-11 18:24:06,amazon Dcvoltage,true
883620000000,202-7810902-1801939,AMAZON,B0CJ4Q2DF3,,LSMCSPFLMC,1,24.79,24.79,2026-04-11 18:24:06,amazon Dcvoltage,true
883630000000,203-8340724-3677915,AMAZON,B0CZLDKF3Z,,LSSS300GB2PK+RPR44WH2PK,1,23.99,23.99,2026-04-11 18:29:59,amazon Dcvoltage,true
883650000000,026-5290426-2471502,AMAZON,B0D56ZN8NP,,WCB7WH2PK+RPR44WH2PK,1,16.79,16.79,2026-04-11 19:40:12,amazon Dcvoltage,true
883660000000,202-5191269-3417143,AMAZON,B0D53FZ8GS,,WCB2WH2PK+RPR44WH2PK,1,15.89,15.89,2026-04-11 20:35:22,amazon Dcvoltage,true
883670000000,204-9851350-9283512,AMAZON,B09K7GSHQ9,,ENC2016Z,1,24.79,24.79,2026-04-11 21:34:21,amazon Dcvoltage,true
883680000000,202-6961061-8261915,AMAZON,B0B82W84F2,,PHSF1AGRGB,1,11.09,11.09,2026-04-11 06:42:12,amazon Ledsone,true
883690000000,026-3088402-2181904,AMAZON,B0B2K8F78C,,LHC6E27WH5PK,2,33.78,,2026-04-11 07:43:15,amazon Ledsone,true
883700000000,203-5550951-0445164,AMAZON,B0CF8RVSCL,,LSMS320BT+RPR44WH,1,14.99,14.99,2026-04-11 08:41:52,amazon Ledsone,true
883710000000,204-2671872-9650760,AMAZON,B0BBS6B82P,,CL3TBMAPK,2,43.78,43.78,2026-04-11 08:48:46,amazon Ledsone,true
883720000000,026-7715698-1055552,AMAZON,B0F2915RW5,,LSCY290CY+RPR44WH,1,15.89,15.89,2026-04-11 09:55:34,amazon Ledsone,true
883730000000,204-9830796-6965124,AMAZON,B0CGRJ5PM4,,CRSF100BM+SPSPLBM+PHRNWP2RBM,1,13.59,13.59,2026-04-11 10:42:35,amazon Ledsone,true
883740000000,206-9004728-7129956,AMAZON,B0BB31CP27,,CL2RWH5PK,1,13.99,13.99,2026-04-11 12:02:33,amazon Ledsone,true
883750000000,205-7427673-7138746,AMAZON,B093T4FQVW,,LSMS320GR+RPR44WH,1,14.79,14.79,2026-04-11 12:13:31,amazon Ledsone,true
883760000000,205-2055123-1981100,AMAZON,B0CBMQZ8P6,,PHSF2BMRBM+SPSDP2BM,1,13.89,13.89,2026-04-11 12:42:22,amazon Ledsone,true
883770000000,205-9471094-0543535,AMAZON,B0CCJ2GVV9,,SPSDP2SN6PK,1,20.09,,2026-04-11 14:19:58,amazon Ledsone,true
883780000000,026-6348623-6672314,AMAZON,B0CBMQZ8P6,,PHSF2BMRBM+SPSDP2BM,1,18.88,13.89,2026-04-11 14:39:13,amazon Ledsone,true
883790000000,202-5404705-4589163,AMAZON,B0CCL729S8,,ENC1313,2,41.78,,2026-04-11 15:11:26,amazon Ledsone,true
883800000000,202-7069529-7691547,AMAZON,B09JM3PHR3,,LDSG95DIE274,1,10.89,10.89,2026-04-11 15:34:52,amazon Ledsone,true
883810000000,204-5175672-3094738,AMAZON,B0G2L2T8YG,,ENC7763,1,21.69,21.69,2026-04-11 16:27:28,amazon Ledsone,true
883820000000,205-6200290-5537156,AMAZON,B0BB31CP27,,CL2RWH5PK,1,13.99,13.99,2026-04-11 17:20:50,amazon Ledsone,true
883830000000,205-5777539-9302712,AMAZON,B086385W3W,,PHSF1BRTCO2PK,1,16.89,16.89,2026-04-11 17:44:21,amazon Ledsone,true
883840000000,204-7646049-4732349,AMAZON,B0C2VJJMJ2,,CRSF100YB+LHNSE27YB+LSRP260YB,1,28.59,,2026-04-11 17:44:55,amazon Ledsone,true
883850000000,206-3471315-0266748,AMAZON,B0B4K4LN25,,PSDS4BMRBL,1,14.09,,2026-04-11 18:19:28,amazon Ledsone,true
883860000000,204-6065734-1168309,AMAZON,B08S44XNJF,,CRSF100BC+LHNSE27YB+SCRN70BC+LSWD360BC,1,26.84,,2026-04-11 18:29:55,amazon Ledsone,true
883870000000,206-0928742-7817956,AMAZON,B09JM3PLLH,,LDSG125LOE274,1,10.19,,2026-04-11 19:06:51,amazon Ledsone,true
883880000000,206-8051286-5206709,AMAZON,B0D794K9Y2,,WCB7BM2PK+RPR44WH2PK,1,16.19,16.19,2026-04-11 19:33:36,amazon Ledsone,true
883900000000,203-3824826-3695522,AMAZON,B0DB2FJY1T,,CL2THEAPK,1,21.19,21.19,2026-04-11 21:44:02,amazon Ledsone,true
883910000000,026-9212722-4894703,AMAZON,B0CCJ3CSB6,,SPSDP2YB3PK,1,12.59,,2026-04-11 22:27:03,amazon Ledsone,true
885330000000,202-6591016-4989137,AMAZON,B0CH3BD4MP,,WSOSBDBM2PK,1,34.79,34.79,2026-04-12 05:27:35,amazon Dcvoltage,true
885340000000,205-0497059-3764310,AMAZON,B096FPKPNQ,,ENC685,1,54.89,54.89,2026-04-12 06:07:35,amazon Dcvoltage,true
885350000000,203-9891269-3453106,AMAZON,B07CS22K8L,,12IP6720,1,10.44,10.44,2026-04-12 07:48:26,amazon Dcvoltage,true
885360000000,206-1322072-1929907,AMAZON,B0BWJWGXD4,,LSCY210BG+RPR44WH,1,12.49,12.49,2026-04-12 08:01:59,amazon Dcvoltage,true
885370000000,205-2705757-2908329,AMAZON,B0CNZ5N8L3,,CL3RWHAPK,1,19.99,19.99,2026-04-12 09:37:44,amazon Dcvoltage,true
885380000000,206-8485741-5022735,AMAZON,B0CS9PS8J3,,LSCY210BG3PK+RPR44WH3PK,1,29.89,29.89,2026-04-12 10:59:40,amazon Dcvoltage,true
885390000000,203-5303294-4473142,AMAZON,B0CSNHHK98,,ENC7630,1,30.89,30.89,2026-04-12 11:33:15,amazon Dcvoltage,true
885400000000,206-9054575-4342756,AMAZON,B0CKWMGD1M,,CL3RBR5PK,1,12.99,,2026-04-12 13:07:32,amazon Dcvoltage,true
885410000000,206-3980963-3488306,AMAZON,B09BV3Z3VZ,,PSDS2BMRGD,2,30.58,30.58,2026-04-12 13:42:23,amazon Dcvoltage,true
885420000000,205-1277548-0231535,AMAZON,B0CXSQZ68C,,LSCY290BD2PK+RPR44WH2PK,1,25.89,25.89,2026-04-12 14:08:56,amazon Dcvoltage,true
885450000000,204-0438953-1131526,AMAZON,B0DFHN3XPG,,LSCY290BL+RPR44WH,1,15.89,15.89,2026-04-12 14:51:30,amazon Dcvoltage,true
885460000000,202-4014774-5351526,AMAZON,B08TX2PF6H,,LSMS320BT+RPR44WH,1,14.99,14.99,2026-04-12 15:18:25,amazon Ledsone,true
885470000000,203-4900443-5852350,AMAZON,B0CH39MWRF,,WSOSBDBM,1,20.59,,2026-04-12 16:04:17,amazon Dcvoltage,true
885480000000,203-5113133-7658721,AMAZON,B0C7C59JYH,,LSCY290CH+RPR44WH,1,16.79,16.79,2026-04-12 16:31:43,amazon Dcvoltage,true
885490000000,205-4349211-1396343,AMAZON,B0D5BFHKBN,,LSMS320GY2PK+RPR44WH2PK,1,25.39,25.39,2026-04-12 16:32:59,amazon Dcvoltage,true
885500000000,026-0806023-7017115,AMAZON,B0DJH1K2T5,,PLPYBC2PK,3,69.90,,2026-04-12 16:53:48,amazon Dcvoltage,true
885510000000,204-4592452-9671507,AMAZON,B0DH66Z6JM,,CL2TBM5PK,1,13.99,13.99,2026-04-12 16:58:20,amazon Dcvoltage,true
885520000000,202-0843049-1888355,AMAZON,B0CTT4CH4C,,LSMS320GR+RPR44WH,1,16.65,14.99,2026-04-12 18:25:48,amazon Dcvoltage,true
885530000000,205-9556376-5718738,AMAZON,B07RWJR1D2,,PLPYBC,2,26.62,,2026-04-12 19:00:32,amazon Dcvoltage,true
885540000000,205-0677751-8722708,AMAZON,B0CXSXN4KX,,LSMS320BI2PK+RPR44WH2PK,1,25.59,25.59,2026-04-12 19:00:51,amazon Dcvoltage,true
885550000000,202-9354889-9157103,AMAZON,B0CTC7XPNX,,CRSF100BM+LHNSE27YB+SCRN70BM+LSFT220BG,1,18.99,,2026-04-12 19:45:04,amazon Dcvoltage,true
885560000000,206-4413333-5810733,AMAZON,B07PM4GDGP,,CL3TBM5PK,1,11.79,,2026-04-12 20:22:19,amazon Dcvoltage,true
885570000000,202-0203833-1069158,AMAZON,B0CBPBQK1X,,WCB2BC2PK+RPR44WH2PK,2,31.98,,2026-04-12 20:33:21,amazon Dcvoltage,true
885580000000,204-2217469-7329120,AMAZON,B0CXSS7XYX,,LSCY290WH2PK+RPR44WH2PK,1,26.53,,2026-04-12 21:22:47,amazon Dcvoltage,true
885590000000,203-3680227-6739559,AMAZON,B0GLZ2SYN4,,PLTRBC,1,40.99,40.99,2026-04-12 01:41:06,amazon Ledsone,true
885600000000,206-5331257-6739559,AMAZON,B0F2919THD,,LSCY290CO+RPR44WH,2,36.38,,2026-04-12 06:13:06,amazon Ledsone,true
885610000000,202-8565544-6518759,AMAZON,B0CHDZ8L2S,,CL3TBL5PK,1,10.39,10.39,2026-04-12 06:39:20,amazon Ledsone,true
885620000000,026-4200596-1710735,AMAZON,B0B9Y5MRSK,,CL3TGD5PK,1,13.09,13.09,2026-04-12 07:29:33,amazon Ledsone,true
885630000000,204-5653652-7283540,AMAZON,B0C2D1HNCJ,,ENC1919,1,16.89,16.89,2026-04-12 08:46:07,amazon Ledsone,true
885640000000,202-2387523-8442736,AMAZON,B0DXQB7T3C,,LSCY290GY2PK+RPR44WH2PK,1,26.29,26.29,2026-04-12 09:06:12,amazon Ledsone,true
885650000000,026-4846104-7634706,AMAZON,B0CCJ3MP82,,SPSDP2SN3PK,1,12.59,12.59,2026-04-12 09:18:23,amazon Ledsone,true
885660000000,203-2254777-4856316,AMAZON,B0CCJ3CSB6,,SPSDP2YB3PK,1,12.59,12.59,2026-04-12 09:21:34,amazon Ledsone,true
885670000000,202-8894107-5713922,AMAZON,B0CHRVWSBM,,CL3RBM5PK,1,11.99,11.99,2026-04-12 10:16:07,amazon Ledsone,true
885680000000,202-5203006-3399544,AMAZON,B0B77KX4P8,,CRFF108BM2PK+HK10BM2PK,1,13.59,13.59,2026-04-12 10:18:57,amazon Ledsone,true
885690000000,205-5143374-1797943,AMAZON,B0DK8TC7L3,,LHTOE27SN,1,10.09,10.09,2026-04-12 10:35:10,amazon Ledsone,true
885700000000,205-6740027-6132350,AMAZON,B0DBLB6ZSH,,LSDO210GR2PK+RPR44WH2PK,1,15.99,15.99,2026-04-12 11:19:23,amazon Ledsone,true
885710000000,206-2251491-4382711,AMAZON,B0B9Y67S6V,,CL3TCR5PK,1,13.89,13.89,2026-04-12 12:13:20,amazon Ledsone,true
885720000000,204-9944622-1880323,AMAZON,B09JM3PLLH,,LDSG125LOE274,1,10.19,10.19,2026-04-12 12:34:52,amazon Ledsone,true
885730000000,203-5675675-5782742,AMAZON,B0BBB3V9M6,,CL3RBW5PK,1,13.01,13.01,2026-04-12 14:10:05,amazon Ledsone,true
885740000000,202-0349477-2701137,AMAZON,B0D794K9Y2,,WCB7BM2PK+RPR44WH2PK,1,16.19,16.19,2026-04-12 14:59:57,amazon Ledsone,true
885750000000,202-4014774-5351526,AMAZON,B0D7S64HXG,,LSMS320BT+RPR44WH,1,14.99,14.99,2026-04-12 15:18:25,amazon Ledsone,true
885760000000,204-7090748-0657169,AMAZON,B0CHRVWSBM,,CL3RBM5PK,1,11.99,11.99,2026-04-12 15:33:13,amazon Ledsone,true
885770000000,206-7123572-0084325,AMAZON,B0B9Y5MRSK,,CL3TGD5PK,1,13.42,,2026-04-12 16:04:37,amazon Ledsone,true
885780000000,202-5486876-5702732,AMAZON,B0B9Y5MRSK,,CL3TGD5PK,1,15.58,,2026-04-12 16:30:17,amazon Ledsone,true
885790000000,204-3009373-8682711,AMAZON,B0D298RPWW,,LSCY290RE+RPR44WH,1,15.79,15.79,2026-04-12 17:01:14,amazon Ledsone,true
885800000000,206-1635146-8684301,AMAZON,B0CHRVWSBM,,CL3RBM5PK,1,11.99,11.99,2026-04-12 17:02:27,amazon Ledsone,true
885810000000,026-2686865-5710765,AMAZON,B086385W3W,,PHSF1BRTCO2PK,1,16.88,16.74,2026-04-12 18:04:16,amazon Ledsone,true
885820000000,205-8804392-8993120,AMAZON,B0C3ZTBRHZ,,LSCY290BM+RPR44WH,1,15.67,,2026-04-12 18:19:55,amazon Ledsone,true
885830000000,203-2702561-6106738,AMAZON,B094DC2GNJ,,CRFF500BM+PHMU1PBRRO3PK+LSDM220RO3PK,1,35.89,35.89,2026-04-12 18:58:34,amazon Ledsone,true
885840000000,203-9265634-0029150,AMAZON,B0D7S58RX5,,LSMS320CB+RPR44WH,1,14.99,14.99,2026-04-12 20:00:21,amazon Ledsone,true
885850000000,204-2597827-4245148,AMAZON,B0BLP1JSRK,,LDMST64E2786PK,1,20.39,20.39,2026-04-12 20:29:20,amazon Ledsone,true
885860000000,204-4017554-6463508,AMAZON,B0G2L3Q28C,,ENC4631,1,21.92,21.92,2026-04-12 21:11:24,amazon Ledsone,true
885870000000,026-5331007-0169953,AMAZON,B0CFHP2XX3,,LDMST64E278,1,6.19,,2026-04-12 21:35:48,amazon Ledsone,true
885880000000,205-2694485-1137147,AMAZON,B0B82Y8Q8N,,PHSF1GDRFG,2,29.98,29.98,2026-04-12 22:03:25,amazon Ledsone,true
887570000000,203-7439858-3716358,AMAZON,B07DJYLJ4C,,24IP20400,1,17.79,17.79,2026-04-13 05:34:34,amazon Dcvoltage,true
887580000000,203-7439858-3716358,AMAZON,B07DJYLJ4C,,24IP20400,1,17.79,17.79,2026-04-13 05:34:34,amazon Dcvoltage,true
887590000000,026-6237906-8195560,AMAZON,B0FR738SKW,,PHSF2BMTBM3PK+ICST64E273PK,1,40.89,40.89,2026-04-13 08:33:54,amazon Dcvoltage,true
887600000000,205-9602253-9336352,AMAZON,B0DKF3RBTL,,12IP20400,3,59.99,22.22,2026-04-13 09:23:10,amazon Dcvoltage,true
887610000000,202-3324096-5946715,AMAZON,B0DH9DJQKQ,,CL3THE5PK,2,23.98,23.98,2026-04-13 10:27:04,amazon Dcvoltage,true
887620000000,206-1944892-5357948,AMAZON,B08V916YN4,,CRSF100WH+LHNSE27WH+LSMS320RE,1,18.79,18.79,2026-04-13 13:23:56,amazon Dcvoltage,true
887630000000,204-7197008-3293948,AMAZON,B0CBPQVC6K,,WCB4WH2PK+RPR44WH2PK,1,16.59,,2026-04-13 13:47:59,amazon Dcvoltage,true
887640000000,202-7281312-6052317,AMAZON,B07CST825S,,CL2RBMAPK,1,0.00,,2026-04-13 14:24:03,amazon Ledsone,true
887650000000,205-9205313-8015506,AMAZON,B09643CJ5N,,amzn.gr.CRFF500BM_PHCH1BMRBM3P-anCSCY-LN,1,35.89,35.89,2026-04-13 15:47:36,amazon Dcvoltage,true
887660000000,206-7342775-0379512,AMAZON,B08XB1Q8YP,,PSDS2BMRRE,1,11.89,11.89,2026-04-13 16:09:20,amazon Dcvoltage,true
887670000000,202-8441062-3858764,AMAZON,B0CTC7XPNX,,CRSF100BM+LHNSE27YB+SCRN70BM+LSFT220BG,1,18.99,,2026-04-13 16:16:18,amazon Dcvoltage,true
887680000000,202-4083810-9069100,AMAZON,B09BV65JL2,,PSDS2BMRBW.1,2,22.12,23.78,2026-04-13 18:04:28,amazon Dcvoltage,true
887690000000,026-4955483-0151540,AMAZON,B0DH96KQ88,,CL3TOR5PK,1,11.89,11.89,2026-04-13 18:16:31,amazon Dcvoltage,true
887700000000,204-1616504-4679565,AMAZON,B08XC1QT69,,CL3THEAPK,1,19.99,,2026-04-13 18:32:52,amazon Dcvoltage,true
887710000000,203-0022686-7478754,AMAZON,B08W9BGDYY,,PHUH1HETBM+LSHM400HE,2,65.38,65.38,2026-04-13 18:37:18,amazon Dcvoltage,true
887720000000,206-8916467-3453946,AMAZON,B08TX216Y4,,LSMS320BD+RPR44WH,1,14.99,14.99,2026-04-13 18:53:11,amazon Dcvoltage,true
887730000000,205-3663440-9192319,AMAZON,B07CRTS1LD,,12IP67100,1,17.99,17.99,2026-04-13 19:04:37,amazon Dcvoltage,true
887740000000,202-7163760-6865164,AMAZON,B0965HZJGN,,ENC686,1,52.89,52.89,2026-04-13 19:13:07,amazon Dcvoltage,true
887750000000,206-6653179-1607526,AMAZON,B08XC1QT69,,CL3THEAPK,1,19.99,,2026-04-13 19:16:53,amazon Dcvoltage,true
887760000000,203-9606839-0896336,AMAZON,B0CBPQVC6K,,WCB4WH2PK+RPR44WH2PK,1,16.59,16.59,2026-04-13 19:55:31,amazon Dcvoltage,true
887770000000,205-8130368-6114708,AMAZON,B07LB4KZ9S,,CL3RAGAPK,1,21.49,,2026-04-13 22:08:06,amazon Dcvoltage,true
887780000000,205-5902692-9657149,AMAZON,B0CKWLFKR7,,CL3RGR5PK,1,12.89,12.89,2026-04-13 22:47:41,amazon Dcvoltage,true
887790000000,206-4224752-5141900,AMAZON,B0868DXK1B,,amzn.gr.CCBKNWE48_FBA-3NPV9Dt2rX2WikI-LN,1,7.94,7.94,2026-04-13 07:59:02,amazon Ledsone,true
887800000000,205-4954155-0969951,AMAZON,B0F9X36HX4,,CL3TIVAPK,1,19.99,19.99,2026-04-13 10:04:29,amazon Ledsone,true
887810000000,205-7139450-2524334,AMAZON,B0CCJ13D4W,,SPSDP2WH5PK,1,17.89,17.89,2026-04-13 11:40:08,amazon Ledsone,true
887820000000,204-1484875-0793139,AMAZON,B0B2K81GXH,,LHC5E27WH5PK,1,13.89,13.89,2026-04-13 12:03:11,amazon Ledsone,true
887830000000,203-0692441-5213169,AMAZON,B0CHDZXZGJ,,CL3TAG5PK,1,13.79,,2026-04-13 12:10:09,amazon Ledsone,true
887840000000,202-5620831-6449965,AMAZON,B0BLP1JSRK,,LDMST64E2786PK,1,20.39,20.39,2026-04-13 12:42:37,amazon Ledsone,true
887850000000,204-3037037-3787515,AMAZON,B0CGRQCV7Y,,CRSF100BM+PHRNWP2RBM+ICST64E27,1,18.78,13.79,2026-04-13 13:19:34,amazon Ledsone,true
887860000000,202-5224644-3898736,AMAZON,B0CHRVWSBM,,CL3RBM5PK,1,11.99,11.99,2026-04-13 13:31:08,amazon Ledsone,true
887870000000,202-7281312-6052317,AMAZON,B0CHDZXZGJ,,CL3TAG5PK,1,0.00,,2026-04-13 14:24:03,amazon Ledsone,true
887880000000,202-3231724-6013132,AMAZON,B0DXPFBTCK,,LSDO210BI2PK+RPR44WH2PK,1,17.79,,2026-04-13 15:18:08,amazon Ledsone,true
887890000000,026-4793469-0579506,AMAZON,B0CBCN1B9S,,CRFF500BM+PHCH1BMRBM3PK+LSCY210BG3PK+IC,1,39.99,,2026-04-13 15:21:27,amazon Ledsone,true
887900000000,206-9946075-6572353,AMAZON,B0B2K81GXH,,LHC5E27WH5PK,1,13.89,13.89,2026-04-13 15:40:27,amazon Ledsone,true
887910000000,202-4439382-3193918,AMAZON,B099FFBHBR,,CRSF100YB+LHNSE27YB+SCRN70YB+LSOL220YB,1,19.89,19.89,2026-04-13 16:42:41,amazon Ledsone,true
887920000000,205-6377428-2193961,AMAZON,B0BBS118NM,,CL3TBKAPK,1,21.89,,2026-04-13 17:40:52,amazon Ledsone,true
887930000000,205-0073294-5218749,AMAZON,B0CHRVWSBM,,CL3RBM5PK,1,11.99,11.99,2026-04-13 17:41:59,amazon Ledsone,true
887940000000,203-5340730-0309153,AMAZON,B0868DXK1B,,CCBKNWE48,1,10.59,10.59,2026-04-13 18:21:37,amazon Ledsone,true
887950000000,203-6582679-4307543,AMAZON,B094R3M2DC,,amzn.gr.PLADBM_S-yYdNV4orhJMYWXXPsmr8-LN,1,38.86,38.86,2026-04-13 18:34:37,amazon Ledsone,true
887960000000,205-3775718-6176366,AMAZON,B0DXQ7YWGJ,,LSCY290YB2PK+RPR44WH2PK,1,26.69,,2026-04-13 18:41:33,amazon Ledsone,true
887970000000,204-7550115-4701912,AMAZON,B09WJC8S2P,,CRFF140YB+WSNW170YB+LSOL220YB+ICST64E27,1,18.89,,2026-04-13 20:52:20,amazon Ledsone,true
887980000000,203-7715674-2069900,AMAZON,B0DXQ9WYPB,,LSCY290NB2PK+RPR44WH2PK,1,26.99,26.99,2026-04-13 21:18:14,amazon Ledsone,true
889290000000,204-6540243-4926719,AMAZON,B08XNPKHZX,,LSSS300YE+RPR44WH,1,13.49,13.49,2026-04-14 08:21:58,amazon Dcvoltage,true
889300000000,204-6410337-9653134,AMAZON,B0F48LNB6J,,RWWPSY1080YE,1,7.56,8.89,2026-04-14 09:03:33,amazon Dcvoltage,true
889310000000,202-9116753-4284330,AMAZON,B0965HZJGN,,ENC686,1,52.89,52.89,2026-04-14 09:50:14,amazon Dcvoltage,true
889320000000,205-4173941-0225940,AMAZON,B07PM4GDGP,,CL3TBM5PK,1,11.79,11.79,2026-04-14 10:33:02,amazon Dcvoltage,true
889330000000,026-9807460-5436357,AMAZON,B0CBLXL9R1,,WCVCBC2PK+RPR44WH2PK,1,15.89,15.89,2026-04-14 10:46:33,amazon Dcvoltage,true
889340000000,206-7718221-0462758,AMAZON,B0CKWMGD1M,,CL3RBR5PK,1,12.99,12.99,2026-04-14 11:51:07,amazon Dcvoltage,true
889350000000,206-7232275-4195542,AMAZON,B0CNZ5N8L3,,CL3RWHAPK,1,19.99,19.99,2026-04-14 12:17:31,amazon Dcvoltage,true
889360000000,202-5678027-9552338,AMAZON,B08TMBY3QM,,ENC771,1,16.79,16.79,2026-04-14 14:17:00,amazon Dcvoltage,true
889370000000,206-1891883-2479518,AMAZON,B08VGQMLYX,,LSCY290BL+RPR44WH,1,15.79,15.79,2026-04-14 14:53:21,amazon Dcvoltage,true
889380000000,206-7389172-7509104,AMAZON,B0D5BFHKBN,,LSMS320GY2PK+RPR44WH2PK,2,50.78,50.78,2026-04-14 15:22:30,amazon Dcvoltage,true
889390000000,206-6807145-3641161,AMAZON,B07CS22K8L,,12IP6720,1,10.19,10.19,2026-04-14 15:30:33,amazon Dcvoltage,true
889400000000,204-8229091-9297953,AMAZON,B08VGPPQ48,,LSCY290GY+RPR44WH,1,15.49,15.49,2026-04-14 16:38:22,amazon Dcvoltage,true
889420000000,204-8788741-8669148,AMAZON,B08VGQMLYX,,LSCY290BL+RPR44WH,1,15.79,15.79,2026-04-14 17:51:46,amazon Dcvoltage,true
889430000000,203-0132314-3009133,AMAZON,B0CGRJBVL2,,TPOSBDBM2PK,1,45.89,,2026-04-14 18:06:06,amazon Dcvoltage,true
889440000000,202-5758676-6517106,AMAZON,B0CB8D5MMC,,LSMS320GY+RPR44WH,1,14.99,,2026-04-14 18:11:31,amazon Dcvoltage,true
889450000000,026-2484448-3857953,AMAZON,B0D53FZ8GS,,WCB2WH2PK+RPR44WH2PK,1,15.89,15.89,2026-04-14 18:36:58,amazon Dcvoltage,true
889470000000,204-6134434-8625933,AMAZON,B0CXSXN4KX,,LSMS320BI2PK+RPR44WH2PK,1,25.59,25.59,2026-04-14 19:56:19,amazon Dcvoltage,true
889480000000,202-2048427-6522736,AMAZON,B0D56ZN8NP,,WCB7WH2PK+RPR44WH2PK,1,16.79,16.79,2026-04-14 20:31:36,amazon Dcvoltage,true
889490000000,204-2236533-0918737,AMAZON,B08Z7RZC6W,,CRSF100BM+PHUH1HETBM+LSHM400HE,2,61.00,67.78,2026-04-14 20:41:38,amazon Dcvoltage,true
889500000000,202-5738315-9932349,AMAZON,B07L8G7F2K,,CL3TBUAPK,1,22.53,,2026-04-14 21:06:26,amazon Dcvoltage,true
889510000000,205-7625796-7355553,AMAZON,B07LFDY4D3,,CL3TBM5PK,1,14.89,,2026-04-14 22:14:53,amazon Dcvoltage,true
889520000000,202-8835263-5156366,AMAZON,B0FZCRB2RS,,LSHM400HE+RPR44WH,1,28.49,28.49,2026-04-14 23:38:18,amazon Dcvoltage,true
889540000000,205-7669582-3191509,AMAZON,B0CCHXR4X2,,SPSDP2WH3PK,1,12.59,12.59,2026-04-14 06:40:38,amazon Ledsone,true
889550000000,026-6988956-4854739,AMAZON,B0BBS3NXFM,,CL3TBRAPK,1,20.89,20.89,2026-04-14 07:03:03,amazon Ledsone,true
889560000000,204-9911083-0266752,AMAZON,B0DH182H6J,,LSHQ180BM2PK++RPR44WH2PK,1,16.29,16.29,2026-04-14 08:23:56,amazon Ledsone,true
889570000000,204-1447450-5396353,AMAZON,B0CW5RLSQL,,CRFF105GB2PK+HK10GB2PK,1,13.79,13.79,2026-04-14 08:30:21,amazon Ledsone,true
889580000000,205-6579257-3030718,AMAZON,B0CBMQZ8P6,,PHSF2BMRBM+SPSDP2BM,1,13.89,13.89,2026-04-14 08:41:43,amazon Ledsone,true
889590000000,202-1807750-2447518,AMAZON,B093Y224LS,,CRSF100BM+PHHT1PBRBM+LSHM400HE,2,54.13,59.14,2026-04-14 10:22:47,amazon Ledsone,true
889600000000,202-3102807-2228307,AMAZON,B094R3M2DC,,PLADBM,1,45.89,45.89,2026-04-14 12:19:46,amazon Ledsone,true
889610000000,206-7808800-8826717,AMAZON,B0CBMQZ8P6,,PHSF2BMRBM+SPSDP2BM,1,13.89,,2026-04-14 12:44:56,amazon Ledsone,true
889620000000,206-4251157-1754743,AMAZON,B093Y224LS,,CRSF100BM+PHHT1PBRBM+LSHM400HE,1,30.07,30.07,2026-04-14 13:09:41,amazon Ledsone,true
889630000000,026-1973277-4147516,AMAZON,B0CW5X3HHV,,LSDO210GY2PK+RPR44WH2PK,1,18.89,18.89,2026-04-14 13:22:17,amazon Ledsone,true
889640000000,204-1873369-7853103,AMAZON,B09LR6Y4B2,,CRSF100GB+LHNSE27GB+SCRN70GB+LSTF40GB,1,15.59,15.59,2026-04-14 13:30:45,amazon Ledsone,true
889650000000,205-5104828-2360328,AMAZON,B0D794K9Y2,,WCB7BM2PK+RPR44WH2PK,1,16.19,16.19,2026-04-14 13:38:05,amazon Ledsone,true
889660000000,204-4874082-6025129,AMAZON,B0BBS6B82P,,CL3TBMAPK,1,21.89,21.89,2026-04-14 14:25:56,amazon Ledsone,true
889670000000,202-7314887-1785151,AMAZON,B094R3M2DC,,PLADBM,1,45.89,45.89,2026-04-14 15:35:18,amazon Ledsone,true
889680000000,203-5157060-4248360,AMAZON,B0868DXK1B,,CCBKNWE48,1,10.59,10.59,2026-04-14 16:13:48,amazon Ledsone,true
889700000000,026-5362645-3166735,AMAZON,B0B9K32R7K,,CL2THE5PK,1,14.39,14.39,2026-04-14 17:45:27,amazon Ledsone,true
889710000000,206-9043757-2105947,AMAZON,B092ZWZ8N9,,CRSF100CO+PHSH1PBRCO+LSSS300CO,1,25.79,25.79,2026-04-14 17:50:57,amazon Ledsone,true
889720000000,205-7201980-3825913,AMAZON,B094R3M2DC,,PLADBM,1,45.89,45.89,2026-04-14 18:16:48,amazon Ledsone,true
889730000000,206-2038983-5423568,AMAZON,B084C2T9QZ,,amzn.gr.WLWL-CS-WCGENCBCR-mgph8efOlkl-LN,1,20.79,20.79,2026-04-14 18:45:59,amazon Ledsone,true
889740000000,206-2038983-5423568,AMAZON,B084C2T9QZ,,PLWEBC+PHNW1RBC+LDMST64E274,1,22.89,22.89,2026-04-14 18:45:59,amazon Ledsone,true
889750000000,202-9465066-1991555,AMAZON,B09WJC8S2P,,CRFF140YB+WSNW170YB+LSOL220YB+ICST64E27,2,37.78,37.78,2026-04-14 19:48:26,amazon Ledsone,true
889760000000,026-4919507-3988368,AMAZON,B0D9692XN7,,PHSF1BWTWH3PK,2,54.70,,2026-04-14 20:57:12,amazon Ledsone,true
889770000000,026-5583720-5244356,AMAZON,B0CW5RLSQL,,CRFF105GB2PK+HK10GB2PK,1,13.79,,2026-04-14 21:58:29,amazon Ledsone,true
889780000000,206-4696315-6960304,AMAZON,B0CVL9NNFT,,LSTF400BM2PK+RPR44WH2PK,1,27.79,27.79,2026-04-14 22:01:19,amazon Ledsone,true
889790000000,205-2138819-4019511,AMAZON,B0CV5D5D6G,,LDSSTRE2742PK,1,17.69,,2026-04-14 22:57:55,amazon Ledsone,true
889800000000,202-1712446-3031509,AMAZON,B0C3ZT3VR1,,LSCY290BD+RPR44WH,1,14.89,,2026-04-14 23:34:08,amazon Ledsone,true
891370000000,206-6521659-3213962,AMAZON,B0CS9PS8J3,,LSCY210BG3PK+RPR44WH3PK,1,29.89,29.89,2026-04-15 00:56:22,amazon Dcvoltage,true
891380000000,026-5296726-3608321,AMAZON,B08W5DH1TX,,CRSF100BM+WSLS155YB+SCRN70BM+LSFT220YEZ,1,14.79,14.79,2026-04-15 01:08:59,amazon Dcvoltage,true
891390000000,206-4298056-6145913,AMAZON,B0C7C59JYH,,LSCY290CH+RPR44WH,1,17.21,17.21,2026-04-15 06:49:06,amazon Dcvoltage,true
891400000000,204-1204933-8117167,AMAZON,B0CXPT6W9C,,LSCY290RO2PK+RPR44WH2PK,1,26.89,26.89,2026-04-15 08:53:27,amazon Dcvoltage,true
891410000000,206-5174244-6797952,AMAZON,B08X9WZXK1,,PSDS4BMRBM,1,14.07,14.07,2026-04-15 09:21:11,amazon Dcvoltage,true
891420000000,202-4892561-3775539,AMAZON,B0CPBX49HJ,,LSCY290GR+RPR44WH,1,15.89,15.89,2026-04-15 09:30:15,amazon Dcvoltage,true
891430000000,202-9727771-4504347,AMAZON,B0C7C6LPRH,,LSCY290BU+RPR44WH,1,16.99,16.99,2026-04-15 09:38:01,amazon Dcvoltage,true
891440000000,026-9937816-7585910,AMAZON,B08XC1QT69,,CL3THEAPK,1,19.99,19.99,2026-04-15 10:19:20,amazon Dcvoltage,true
891450000000,204-9120311-9970717,AMAZON,B08XC1QT69,,CL3THEAPK,1,19.99,19.99,2026-04-15 11:07:23,amazon Dcvoltage,true
891460000000,206-7563943-7817166,AMAZON,B0CS9Q78XH,,amzn.gr.LSCY210BG2PK-ZghCuB6H4pIrBm34-LN,1,3.22,,2026-04-15 11:24:19,amazon Dcvoltage,true
891470000000,202-3575942-6837108,AMAZON,B08VRY5HL8,,CRSF100BC+LHNSE27YB+LSCY290BC,1,18.49,18.49,2026-04-15 11:32:25,amazon Dcvoltage,true
891480000000,026-7428474-9240360,AMAZON,B08KGJT4DP,,CL3THE5PK,1,15.69,15.69,2026-04-15 12:38:26,amazon Dcvoltage,true
891490000000,206-2887083-4345118,AMAZON,B08XC1QT69,,CL3THEAPK,1,19.99,19.99,2026-04-15 12:52:21,amazon Dcvoltage,true
891500000000,203-3495060-9176308,AMAZON,B0D5BFMF7Z,,LSMS320RE2PK+RPR44WH2PK,1,25.89,25.89,2026-04-15 14:40:18,amazon Dcvoltage,true
891510000000,203-6636184-1101102,AMAZON,B09643CJ5N,,CRFF500BM+PHCH1BMRBM3PK+LSDO210BG3PK,1,35.48,35.48,2026-04-15 14:51:42,amazon Dcvoltage,true
891520000000,204-4455779-5797113,AMAZON,B08Z7RZC6W,,CRSF100BM+PHUH1HETBM+LSHM400HE,1,33.89,33.89,2026-04-15 15:21:44,amazon Dcvoltage,true
891530000000,203-4990402-4993911,AMAZON,B0DFHMC949,,LSCY290BI+RPR44WH-,1,15.29,15.29,2026-04-15 16:05:23,amazon Dcvoltage,true
891540000000,026-8129120-0647519,AMAZON,B0CPBX49HJ,,LSCY290GR+RPR44WH,1,15.89,15.89,2026-04-15 16:23:51,amazon Dcvoltage,true
891550000000,203-9363127-0317930,AMAZON,B07QV1YKZW,,12RPIP45100,1,13.89,13.89,2026-04-15 16:24:57,amazon Dcvoltage,true
891560000000,206-2102157-9149129,AMAZON,B0CRZ4L8DQ,,LSCY290RE+RPR44WH,1,15.79,15.79,2026-04-15 16:43:56,amazon Dcvoltage,true
891570000000,204-9372185-1701945,AMAZON,B07L8HQG6Y,,CL3TGD5PK,1,13.99,13.99,2026-04-15 16:52:12,amazon Dcvoltage,true
891580000000,026-2048181-0994700,AMAZON,B08XB1Q8YP,,PSDS2BMRRE,1,11.89,11.89,2026-04-15 17:10:55,amazon Dcvoltage,true
891590000000,202-3314223-5850727,AMAZON,B0CS9Q78XH,,LSCY210BG2PK+RPR44WH2PK,1,21.49,,2026-04-15 17:11:30,amazon Dcvoltage,true
891600000000,026-9223213-5642738,AMAZON,B0CKWLFKR7,,CL3RGR5PK,1,12.89,12.89,2026-04-15 17:17:28,amazon Dcvoltage,true
891610000000,205-8288671-7162724,AMAZON,B07F9SH71F,,LDMG95E274,1,5.69,5.69,2026-04-15 17:58:03,amazon Dcvoltage,true
891620000000,205-6476884-6686721,AMAZON,B07PM5144C,,CL2RCR5PK,1,10.79,10.79,2026-04-15 18:08:44,amazon Dcvoltage,true
891630000000,203-0745986-0602750,AMAZON,B07L8GPT85,,CL3TGY5PK,1,12.99,,2026-04-15 18:39:43,amazon Dcvoltage,true
891640000000,204-0293368-9002779,AMAZON,B0CXSS7XYX,,LSCY290WH2PK+RPR44WH2PK,1,25.89,25.89,2026-04-15 19:01:33,amazon Dcvoltage,true
891650000000,202-7387146-0515518,AMAZON,B0G2YBJVW4,,ENC7844,3,48.30,53.67,2026-04-15 21:22:39,amazon Dcvoltage,true
891660000000,204-1396127-9080356,AMAZON,B0D56YL7CS,,WCB6BC2PK+RPR44WH2PK,1,15.26,15.26,2026-04-15 22:43:35,amazon Dcvoltage,true
891670000000,205-7950632-1480369,AMAZON,B0CTT9GB4R,,LSMS320WH+RPR44WH,1,14.99,14.99,2026-04-15 23:58:42,amazon Dcvoltage,true
891680000000,206-4410581-9987508,AMAZON,B094R3M2DC,,PLADBM,1,45.89,45.89,2026-04-15 06:09:22,amazon Ledsone,true
891690000000,203-0654986-0761136,AMAZON,B0BBB4H59J,,CL3RGY5PK,1,14.79,14.79,2026-04-15 06:27:01,amazon Ledsone,true
891700000000,206-4911018-7133934,AMAZON,B0B4BG19YY,,PSDS2BMRBM,3,35.67,35.67,2026-04-15 08:15:29,amazon Ledsone,true
891710000000,205-9171850-7297115,AMAZON,B0BBS1HPYD,,CL3TREAPK,1,20.89,20.89,2026-04-15 08:42:54,amazon Ledsone,true
891720000000,205-9171850-7297115,AMAZON,B0BBS3NXFM,,CL3TBRAPK,1,0.00,,2026-04-15 08:42:54,amazon Ledsone,true
891730000000,205-0740530-7041113,AMAZON,B0D7S28YVZ,,LSMS320OR2PK+RPR44WH2PK,1,24.89,24.89,2026-04-15 09:06:18,amazon Ledsone,true
891740000000,202-9722901-8660341,AMAZON,B0BC1CYP2F,,CL3RBMAPK,1,25.88,25.88,2026-04-15 09:15:26,amazon Ledsone,true
891750000000,202-1285022-5177949,AMAZON,B0B9K32R7K,,CL2THE5PK,1,14.39,14.39,2026-04-15 10:08:44,amazon Ledsone,true
891760000000,205-2507740-9870764,AMAZON,B0C3ZTBRHZ,,LSCY290BM+RPR44WH,1,15.29,,2026-04-15 11:14:37,amazon Ledsone,true
891770000000,204-2375681-6685109,AMAZON,B07KW7TW1C,,CL2RBWAPK,1,17.89,17.89,2026-04-15 11:51:51,amazon Ledsone,true
891780000000,202-9818072-9053140,AMAZON,B0CCJ13D4W,,SPSDP2WH5PK,1,17.89,17.89,2026-04-15 12:58:17,amazon Ledsone,true
891790000000,206-7100114-2751529,AMAZON,B0CGZQV9Y7,,LSMCSPFLMC+RPR44WH,1,24.89,24.89,2026-04-15 13:35:19,amazon Ledsone,true
891800000000,026-5215004-7243547,AMAZON,B0B9SF386M,,CL2TWH5PK,1,13.69,13.69,2026-04-15 14:48:40,amazon Ledsone,true
891810000000,202-6321693-0540367,AMAZON,B0D7964X6Y,,WCB4BS2PK,1,14.89,14.89,2026-04-15 15:11:29,amazon Ledsone,true
891820000000,203-6512607-0029953,AMAZON,B09LHV32SZ,,amzn.gr.CRSF1203WH_PHTT1PWR1WH-N8qXnY-LN,1,20.70,20.70,2026-04-15 16:58:28,amazon Ledsone,true
891830000000,203-2853659-2123560,AMAZON,B093HB4S7Y,,LSMS320BT+RPR44WH,2,27.98,27.98,2026-04-15 17:08:53,amazon Ledsone,true
891840000000,204-1259957-7495566,AMAZON,B0CCJQMZZ8,,LSCY290BC+RPR44WH,1,15.49,,2026-04-15 17:43:55,amazon Ledsone,true
891850000000,202-0448644-7625113,AMAZON,B0B4K4VWDZ,,PSDS4BMRGD,1,14.07,14.07,2026-04-15 18:18:37,amazon Ledsone,true
891860000000,026-3375392-5918725,AMAZON,B0F28YR5JN,,LSCY290NB+RPR44WH,1,15.99,,2026-04-15 18:24:31,amazon Ledsone,true
891870000000,204-5777805-2536322,AMAZON,B09479HV6W,,LDMG95E2783PK,1,14.09,14.09,2026-04-15 18:24:40,amazon Ledsone,true
891880000000,026-0045203-2221132,AMAZON,B0D298QXXM,,LSCY290GY2PK+RPR44WH2PK,1,27.29,,2026-04-15 18:43:05,amazon Ledsone,true
891890000000,205-9564537-8157136,AMAZON,B0BBS118NM,,CL3TBKAPK,1,21.89,,2026-04-15 19:11:54,amazon Ledsone,true
891900000000,205-5766883-3967555,AMAZON,B0DXQ9SDTK,,LSCY290OR2PK+RPR44WH2PK,1,23.79,23.79,2026-04-15 19:20:04,amazon Ledsone,true
891910000000,205-9643014-5725900,AMAZON,B0F2919THD,,LSCY290CO+RPR44WH,2,36.38,,2026-04-15 20:08:26,amazon Ledsone,true
891920000000,026-2829632-0542738,AMAZON,B0F28YR5JN,,LSCY290NB+RPR44WH,1,15.99,,2026-04-15 22:35:28,amazon Ledsone,true
893610000000,206-2697507-4787513,AMAZON,B0F48LNB6J,,RWWPSY1080YE,1,8.89,8.89,2026-04-16 07:16:28,amazon Dcvoltage,true
893620000000,026-9804881-6561907,AMAZON,B0CJ4R5796,,LSMCSQWYBL,1,21.89,21.89,2026-04-16 07:23:42,amazon Dcvoltage,true
893630000000,205-6843712-2890709,AMAZON,B08X4J2CSH,,CRSF100BM+LHNSE27CO+SCRN70CO+LSFT220RE,1,15.89,15.89,2026-04-16 08:25:16,amazon Dcvoltage,true
893640000000,203-9803615-0633110,AMAZON,B07F9SH71F,,LDMG95E274,1,5.69,5.69,2026-04-16 09:03:22,amazon Dcvoltage,true
893650000000,204-6908078-0888336,AMAZON,B0DFHMDZYQ,,LSCY290NB+RPR44WH,1,15.79,15.79,2026-04-16 09:10:17,amazon Dcvoltage,true
893660000000,202-0027634-8360348,AMAZON,B0D5BFMF7Z,,LSMS320RE2PK+RPR44WH2PK,1,25.89,25.89,2026-04-16 09:35:07,amazon Dcvoltage,true
893670000000,026-1924992-0048305,AMAZON,B0BNVPMZ2X,,LHC6E27WH,1,10.96,5.97,2026-04-16 12:15:30,amazon Dcvoltage,true
893680000000,203-7712474-8359564,AMAZON,B0CZNPP2K1,,LSSS300CH2PK+RPR44WH2PK,1,23.89,23.89,2026-04-16 12:31:56,amazon Dcvoltage,true
893690000000,203-7554948-2444310,AMAZON,B07PM4GDGP,,CL3TBM5PK,1,11.79,,2026-04-16 13:14:43,amazon Dcvoltage,true
893700000000,204-7116055-8079533,AMAZON,B08VGP666V,,LSCY290WH+RPR44WH,2,36.57,31.58,2026-04-16 13:31:54,amazon Dcvoltage,true
893710000000,202-5005260-0291568,AMAZON,B08TMBY3QM,,ENC771,1,16.79,16.79,2026-04-16 14:50:18,amazon Dcvoltage,true
893720000000,204-3812834-8878750,AMAZON,B08KGJT4DP,,CL3THE5PK,1,15.69,15.69,2026-04-16 15:41:59,amazon Dcvoltage,true
893730000000,202-4910546-6877914,AMAZON,B0CTTFPLLV,,LSMS320BI+RPR44WH,1,15.36,15.36,2026-04-16 17:45:34,amazon Dcvoltage,true
893740000000,205-7682682-1337166,AMAZON,B0DH629QP2,,CL2TGLAPK,1,18.29,18.29,2026-04-16 20:24:39,amazon Dcvoltage,true
893750000000,206-6142570-9441104,AMAZON,B0D53FZ8GS,,WCB2WH2PK+RPR44WH2PK,1,15.89,15.89,2026-04-16 21:09:04,amazon Dcvoltage,true
893760000000,205-0251577-4721919,AMAZON,B0D6B5DGFC,,SPSDP2BM3PK,1,12.49,12.49,2026-04-16 21:29:55,amazon Dcvoltage,true
893770000000,203-1649718-0721110,AMAZON,B0CZNJCBB6,,LSSS300BI2PK+RPR44WH2PK,1,22.79,,2026-04-16 22:56:06,amazon Dcvoltage,true
893780000000,206-5469234-9598745,AMAZON,B0C2CZ9WRZ,,amzn.gr.ENC1911_AM-jjIINsmrk7FYp4Qeze-VG,1,16.89,16.89,2026-04-16 06:39:42,amazon Ledsone,true
893790000000,202-0639351-1987530,AMAZON,B0F21TXF2F,,WCWYBM2PK,1,11.98,11.98,2026-04-16 07:58:48,amazon Ledsone,true
893800000000,206-0165537-8593977,AMAZON,B0F21TXF2F,,WCWYBM2PK,1,11.98,11.98,2026-04-16 08:45:47,amazon Ledsone,true
893810000000,205-5255686-9181904,AMAZON,B0B9Y9F73N,,CL3TIV5PK,1,13.89,13.89,2026-04-16 12:15:59,amazon Ledsone,true
893820000000,204-4438672-7501957,AMAZON,B0CCJ2GVV9,,SPSDP2SN6PK,1,20.09,20.09,2026-04-16 12:32:41,amazon Ledsone,true
893830000000,202-8940671-8649944,AMAZON,B0CGRQCV7Y,,CRSF100BM+PHRNWP2RBM+ICST64E27,1,13.79,13.79,2026-04-16 13:38:52,amazon Ledsone,true
893840000000,205-0751701-5824300,AMAZON,B0CFHMCP1L,,LDMST64E2783PK,1,18.30,,2026-04-16 15:42:39,amazon Ledsone,true
893850000000,203-5900507-6915518,AMAZON,B0DXQ7LC8N,,LSCY290GR2PK+RPR44WH2PK,1,24.89,24.89,2026-04-16 17:08:28,amazon Ledsone,true
893860000000,203-4064889-5784321,AMAZON,B0DXQ727KG,,LSCY290RE2PK+RPR44WH2PK,1,25.89,25.89,2026-04-16 17:37:33,amazon Ledsone,true
893880000000,204-5954440-6442704,AMAZON,B094R3M2DC,,amzn.gr.PLADBM_F-VALXMWAqQG8KA_-X6FyZ-VG,1,46.87,,2026-04-16 17:51:19,amazon Ledsone,true
893890000000,203-4652337-2537963,AMAZON,B0868DXK1B,,CCBKNWE48,1,10.59,10.59,2026-04-16 18:01:19,amazon Ledsone,true
893900000000,206-8898646-4904305,AMAZON,B0BBS2CKY5,,CL3TLGAPK,1,21.79,21.79,2026-04-16 18:16:37,amazon Ledsone,true
893910000000,205-1585745-6957166,AMAZON,B0CCHYTRLV,,SPSDP2WH6PK,1,19.88,19.88,2026-04-16 18:41:55,amazon Ledsone,true
893920000000,204-9234415-5232347,AMAZON,B0D7S17C9W,,LSMS320BU+RPR44WH,1,19.28,14.29,2026-04-16 19:00:00,amazon Ledsone,true
893930000000,203-8671788-8097162,AMAZON,B0CZXL6ZYG,,TPOSBDBM,1,24.69,,2026-04-16 19:55:27,amazon Ledsone,true
893940000000,206-1970011-5410768,AMAZON,B09479HV6W,,LDMG95E2783PK,1,14.09,14.09,2026-04-16 20:38:24,amazon Ledsone,true
893950000000,026-6128916-1260350,AMAZON,B0CG5QLXR8,,amzn.gr.CL2ROR5PK-AM-CKuE0lkIGfleEAZz-VG,1,8.69,8.69,2026-04-16 21:16:36,amazon Ledsone,true
893960000000,202-1519348-0717910,AMAZON,B0CZXL6ZYG,,TPOSBDBM,1,24.69,24.69,2026-04-16 21:44:26,amazon Ledsone,true
895050000000,202-3727689-3826752,AMAZON,B0DH9DJQKQ,,CL3THE5PK,1,11.99,11.99,2026-04-17 05:20:25,amazon Dcvoltage,true
895060000000,206-2567895-5798767,AMAZON,B08VRY5HL8,,CRSF100BC+LHNSE27YB+LSCY290BC,1,18.49,18.49,2026-04-17 05:53:51,amazon Dcvoltage,true
895070000000,206-6486122-6757113,AMAZON,B09643CJ5N,,CRFF500BM+PHCH1BMRBM3PK+LSDO210BG3PK,1,35.48,35.48,2026-04-17 08:06:49,amazon Dcvoltage,true
895080000000,026-4064412-0929168,AMAZON,B08VGMKHT7,,LSCY290BM+RPR44WH,1,15.89,15.89,2026-04-17 09:37:35,amazon Dcvoltage,true
895090000000,205-2537068-7207529,AMAZON,B0C7BZ5756,,LSCY290GC+RPR44WH,1,15.49,15.49,2026-04-17 09:46:29,amazon Dcvoltage,true
895100000000,203-3770574-4294716,AMAZON,B0DH9DJQKQ,,CL3THE5PK,1,11.99,11.99,2026-04-17 10:05:33,amazon Dcvoltage,true
895110000000,203-5320087-4641123,AMAZON,B08VGP666V,,LSCY290WH+RPR44WH,1,15.79,15.79,2026-04-17 11:03:48,amazon Dcvoltage,true
895120000000,202-5233246-5975524,AMAZON,B0CXSXN4KX,,LSMS320BI2PK+RPR44WH2PK,1,25.59,,2026-04-17 11:07:30,amazon Dcvoltage,true
895130000000,205-7938673-3611532,AMAZON,B0D53FZ8GS,,WCB2WH2PK+RPR44WH2PK,2,31.78,31.78,2026-04-17 11:16:39,amazon Dcvoltage,true
895140000000,026-1876933-0185926,AMAZON,B0F48LNB6J,,RWWPSY1080YE,1,7.56,8.89,2026-04-17 15:06:21,amazon Dcvoltage,true
895150000000,202-1543767-1896348,AMAZON,B07LFDY4D3,,CL3TBM5PK,1,14.89,14.89,2026-04-17 16:00:41,amazon Dcvoltage,true
895160000000,026-5744010-5316312,AMAZON,B0CXSQZ68C,,LSCY290BD2PK+RPR44WH2PK,1,25.89,,2026-04-17 18:25:02,amazon Dcvoltage,true
895170000000,203-5505823-5154767,AMAZON,B0DH629QP2,,CL2TGLAPK,1,18.29,,2026-04-17 18:50:36,amazon Dcvoltage,true
895180000000,203-0366266-8127526,AMAZON,B0C7CLVDHR,,LSCY290BI+RPR44WH,1,14.89,14.89,2026-04-17 19:08:58,amazon Dcvoltage,true
895190000000,202-0775268-9478748,AMAZON,B0CTTFPLLV,,LSMS320BI+RPR44WH,1,14.99,14.99,2026-04-17 19:50:56,amazon Dcvoltage,true
895200000000,026-7243634-8236338,AMAZON,B0CJ4R5796,,LSMCSQWYBL,1,21.89,,2026-04-17 19:52:41,amazon Dcvoltage,true
895210000000,204-3508095-4889133,AMAZON,B07L8GPT85,,CL3TGY5PK,1,12.99,12.99,2026-04-17 20:08:53,amazon Dcvoltage,true
895220000000,206-2746509-9209163,AMAZON,B0D5711PRY,,amzn.gr.WCB6BM2PK_RPR44WH2PK_A-6S_-df-LN,1,14.89,14.89,2026-04-17 20:49:01,amazon Dcvoltage,true
895230000000,203-1572113-3208309,AMAZON,B0CG5ZHJYF,,LSCY290BC2PK+RPR44WH2PK,1,27.79,,2026-04-17 20:54:32,amazon Dcvoltage,true
895240000000,204-1261259-8408360,AMAZON,B0D44XWSWS,,PHSF2GDTFG+ICST64E27,1,14.89,14.89,2026-04-17 22:40:36,amazon Dcvoltage,true
895250000000,205-2539512-3405105,AMAZON,B09479HV6W,,LDMG95E2783PK,3,42.27,42.27,2026-04-17 06:47:09,amazon Ledsone,true
895260000000,205-2010983-6850733,AMAZON,B0CCJQMZZ8,,LSCY290BC+RPR44WH,1,15.49,,2026-04-17 07:36:28,amazon Ledsone,true
895270000000,203-1818182-8083563,AMAZON,B0BC1CYP2F,,CL3RBMAPK,1,25.89,25.89,2026-04-17 08:40:17,amazon Ledsone,true
895280000000,026-3565938-3211534,AMAZON,B0BBS6BLHF,,CL3TROAPK,1,22.79,,2026-04-17 09:18:47,amazon Ledsone,true
895290000000,204-0279371-6726738,AMAZON,B0C3ZT3VR1,,LSCY290BD+RPR44WH,1,15.26,15.26,2026-04-17 11:10:26,amazon Ledsone,true
895300000000,203-9446774-0841109,AMAZON,B0C3ZT3VR1,,LSCY290BD+RPR44WH,1,15.26,,2026-04-17 11:47:36,amazon Ledsone,true
895310000000,206-7986385-7861129,AMAZON,B0CCJ3CSB6,,SPSDP2YB3PK,1,12.59,12.59,2026-04-17 12:40:21,amazon Ledsone,true
895320000000,026-3135614-8499510,AMAZON,B0CCHXR4X2,,SPSDP2WH3PK,1,17.58,12.59,2026-04-17 12:58:31,amazon Ledsone,true
895330000000,026-2736286-9425150,AMAZON,B0F28YNDZN,,LSCY290RO+RPR44WH,1,18.29,18.29,2026-04-17 13:09:37,amazon Ledsone,true
895340000000,202-2714336-5601133,AMAZON,B093Y224LS,,CRSF100BM+PHHT1PBRBM+LSHM400HE,1,30.07,30.07,2026-04-17 13:26:56,amazon Ledsone,true
895350000000,204-5293408-2377122,AMAZON,B0G1TFFZZH,,CKA18ATC4255BM,1,16.99,,2026-04-17 13:33:19,amazon Ledsone,true
895360000000,026-4782955-3093125,AMAZON,B0B4K4MVSK,,PSDS4BMRBU,1,14.07,14.07,2026-04-17 14:49:45,amazon Ledsone,true
895370000000,026-2266989-0385945,AMAZON,B0CGZQV9Y7,,LSMCSPFLMC+RPR44WH,1,24.89,24.89,2026-04-17 15:18:38,amazon Ledsone,true
895380000000,206-9580997-8431523,AMAZON,B0CCDKF18M,,WCB3B+RPR44WH,1,9.89,9.89,2026-04-17 15:49:08,amazon Ledsone,true
895390000000,204-1455564-0160346,AMAZON,B0F9WYMBRC,,CL3RHEAPK,1,20.79,20.79,2026-04-17 17:07:37,amazon Ledsone,true
895400000000,202-4976955-1413929,AMAZON,B0CBMQZ8P6,,PHSF2BMRBM+SPSDP2BM,1,13.89,13.89,2026-04-17 17:48:51,amazon Ledsone,true
895410000000,204-6731080-4609156,AMAZON,B0CCJ3MP82,,SPSDP2SN3PK,1,12.59,12.59,2026-04-17 18:38:10,amazon Ledsone,true
895420000000,026-5620049-2079556,AMAZON,B0D7ZTRLBH,,LSCY290BM2PK+RPR44WH2PK,1,25.89,25.89,2026-04-17 19:03:43,amazon Ledsone,true
895430000000,205-5371569-3898759,AMAZON,B0DKNPJ7Y6,,ENC7795,1,39.99,39.99,2026-04-17 20:06:08,amazon Ledsone,true
895440000000,202-7425855-6419512,AMAZON,B0BBB5C64C,,CL3RWH5PK,1,12.69,12.69,2026-04-17 20:25:01,amazon Ledsone,true
895450000000,203-8952261-3773942,AMAZON,B0CHRVWSBM,,CL3RBM5PK,1,11.99,11.99,2026-04-17 21:34:39,amazon Ledsone,true
895460000000,204-5353076-7132342,AMAZON,B0B4K4VWDZ,,PSDS4BMRGD,1,14.07,,2026-04-17 21:39:15,amazon Ledsone,true
895470000000,203-0185287-5085178,AMAZON,B0D9QJNFWK,,CL2RAG5PK,1,12.29,12.29,2026-04-17 21:44:51,amazon Ledsone,true
895480000000,205-6150555-1309124,AMAZON,B0F28YFTQ9,,LSCY290BU+RPR44WH,1,14.89,14.89,2026-04-17 23:26:39,amazon Ledsone,true
896810000000,204-8854151-4473961,AMAZON,B0CB7WP6YJ,,SPSDP2BM6PK,1,16.06,18.89,2026-04-18 06:45:20,amazon Dcvoltage,true
896820000000,202-8477880-8485147,AMAZON,B07L8HQG6Y,,CL3TGD5PK,1,13.99,13.99,2026-04-18 07:23:30,amazon Dcvoltage,true
896830000000,205-2752001-5921144,AMAZON,B07QV1YKZW,,12RPIP45100,1,13.89,13.89,2026-04-18 13:07:53,amazon Dcvoltage,true
896840000000,205-7968664-5061966,AMAZON,B0CH39MWRF,,WSOSBDBM,1,20.59,20.59,2026-04-18 13:44:27,amazon Dcvoltage,true
896850000000,205-9352803-2081960,AMAZON,B0CTC7XPNX,,CRSF100BM+LHNSE27YB+SCRN70BM+LSFT220BG,1,18.99,,2026-04-18 14:29:34,amazon Dcvoltage,true
896860000000,202-8914654-4643539,AMAZON,B0DH9DJQKQ,,CL3THE5PK,1,11.99,11.99,2026-04-18 14:56:04,amazon Dcvoltage,true
896870000000,202-4083500-5830719,AMAZON,B08X9WZXK1,,PSDS4BMRBM,1,14.07,14.07,2026-04-18 15:27:47,amazon Dcvoltage,true
896880000000,204-1219539-4237130,AMAZON,B08P1NX6SB,,CRFF500BM+PHHT1PBRBM3PK+WCDCBM3PKAM,1,32.89,32.89,2026-04-18 17:03:01,amazon Dcvoltage,true
896890000000,206-4721079-9913900,AMAZON,B0FHPNSB7S,,CRFF100GB2PK+LHNSE27GB2PK,1,23.99,23.99,2026-04-18 18:47:54,amazon Dcvoltage,true
896900000000,203-1605070-5082717,AMAZON,B0CH39MWRF,,WSOSBDBM,1,20.59,20.59,2026-04-18 18:56:00,amazon Dcvoltage,true
896910000000,203-6702612-1175551,AMAZON,B07PM5KN1T,,CL3TGL5PK,1,13.09,13.09,2026-04-18 19:12:08,amazon Dcvoltage,true
896920000000,026-4338991-1897155,AMAZON,B0D6B5DGFC,,SPSDP2BM3PK,1,12.49,12.49,2026-04-18 19:26:40,amazon Dcvoltage,true
896930000000,026-7841697-0653145,AMAZON,B07QV1YKZW,,12RPIP45100,1,13.89,13.89,2026-04-18 19:41:56,amazon Dcvoltage,true
896940000000,205-2035941-5848338,AMAZON,B0D5BFHKBN,,LSMS320GY2PK+RPR44WH2PK,1,25.39,,2026-04-18 19:50:16,amazon Dcvoltage,true
896950000000,026-8073049-2437959,AMAZON,B0CZNPJGMM,,LSSS300RE2PK+RPR44WH2PK,1,19.79,19.79,2026-04-18 20:43:26,amazon Dcvoltage,true
896960000000,206-9924010-9026723,AMAZON,B07PM5KN1T,,CL3TGL5PK,1,13.09,13.09,2026-04-18 22:42:07,amazon Dcvoltage,true
896970000000,202-4931659-2872323,AMAZON,B0863J112Z,,PHSF1BMTBM2PK,1,17.89,17.89,2026-04-18 06:29:59,amazon Ledsone,true
896980000000,205-5834780-0210709,AMAZON,B0B8VVQDZR,,LDSG125LOE2742PK,1,20.89,,2026-04-18 07:32:43,amazon Ledsone,true
896990000000,202-9975151-2768338,AMAZON,B0D297QW6M,,LSCY290CB+RPR44WH,1,14.89,14.89,2026-04-18 08:47:16,amazon Ledsone,true
897000000000,205-0634406-8218766,AMAZON,B09JM3PLLH,,LDSG125LOE274,1,10.19,,2026-04-18 09:17:22,amazon Ledsone,true
897010000000,203-9931745-9858758,AMAZON,B0BBS3NXFM,,CL3TBRAPK,1,20.89,20.89,2026-04-18 09:52:21,amazon Ledsone,true
897020000000,204-8570751-7305930,AMAZON,B0DYTN8YBR,,RWWPSY10120YE,1,10.89,10.89,2026-04-18 10:29:31,amazon Ledsone,true
897030000000,026-3966027-2665142,AMAZON,B0CCDKF18M,,WCB3B+RPR44WH,1,9.89,9.89,2026-04-18 10:44:12,amazon Ledsone,true
897040000000,206-6561456-8451528,AMAZON,B0B82WZ7H3,,PHSF1BWRSN,1,13.09,13.09,2026-04-18 11:35:44,amazon Ledsone,true
897050000000,026-7667214-0531541,AMAZON,B0BW9SGHDN,,LSLT360WH+RPR44WH,1,13.79,13.79,2026-04-18 11:40:20,amazon Ledsone,true
897060000000,206-3222406-6433939,AMAZON,B0B7SH5CPX,,amzn.gr.PHSF1BWTSN-qcXBYCM_pwj70pJAZd-LN,1,13.81,13.81,2026-04-18 11:48:24,amazon Ledsone,true
897070000000,206-3222406-6433939,AMAZON,B0B7SH5CPX,,PHSF1BWTSN,2,58.16,29.08,2026-04-18 11:48:24,amazon Ledsone,true
897080000000,026-4997388-7869910,AMAZON,B0863J112Z,,PHSF1BMTBM2PK,1,17.89,,2026-04-18 12:09:22,amazon Ledsone,true
897110000000,202-4954091-6358743,AMAZON,B07CQLS5VT,,12IP6750,1,11.59,11.59,2026-04-18 13:09:40,amazon Ledsone,true
897120000000,206-4042319-3697942,AMAZON,B0B9Y67S6V,,CL3TCR5PK,1,13.89,,2026-04-18 13:13:37,amazon Ledsone,true
897130000000,026-7791128-6718748,AMAZON,B09JM3PLLH,,LDSG125LOE274,1,10.19,10.19,2026-04-18 13:46:06,amazon Ledsone,true
897140000000,026-2490138-1475528,AMAZON,B0CHRVWSBM,,CL3RBM5PK,1,11.99,11.99,2026-04-18 13:46:17,amazon Ledsone,true
897150000000,203-0473248-2865160,AMAZON,B0DD3C2Z39,,LSDO210BS2PK+RPR44WH2PK,1,19.49,19.49,2026-04-18 14:30:15,amazon Ledsone,true
897160000000,205-3494934-8995540,AMAZON,B0CW5RLSQL,,CRFF105GB2PK+HK10GB2PK,2,27.58,,2026-04-18 14:54:47,amazon Ledsone,true
897170000000,202-3424797-2438751,AMAZON,B0DB2FJY1T,,CL2THEAPK,1,21.19,21.19,2026-04-18 15:14:53,amazon Ledsone,true
897180000000,205-0399861-8693138,AMAZON,B0BBS81CB8,,CL3TGYAPK,1,21.69,21.69,2026-04-18 15:18:12,amazon Ledsone,true
897190000000,204-1798665-4903540,AMAZON,B0CCHXR4X2,,SPSDP2WH3PK,1,12.59,12.59,2026-04-18 15:18:32,amazon Ledsone,true
897200000000,203-4910211-4468314,AMAZON,B0CFV9JG2H,,PSOS4BMTHE,1,17.59,17.59,2026-04-18 15:19:55,amazon Ledsone,true
897210000000,203-9871916-3033121,AMAZON,B0CBMQZ8P6,,PHSF2BMRBM+SPSDP2BM,1,13.89,13.89,2026-04-18 16:12:39,amazon Ledsone,true
897220000000,204-9907718-0292324,AMAZON,B0F28YR5JN,,LSCY290NB+RPR44WH,1,15.99,15.99,2026-04-18 16:27:50,amazon Ledsone,true
897230000000,203-2261903-1713936,AMAZON,B0963P71QD,,CRFF500BM+PHRI1PBRCO3PK+LSOL220CO3PK,1,36.79,36.79,2026-04-18 16:40:22,amazon Ledsone,true
897240000000,204-3890301-3530745,AMAZON,B099FFBHBR,,CRSF100YB+LHNSE27YB+SCRN70YB+LSOL220YB,2,39.78,39.78,2026-04-18 16:54:53,amazon Ledsone,true
897250000000,205-6360833-6122713,AMAZON,B0DBL9YWDM,,LSDO210YE2PK+RPR44WH2PK,1,12.79,,2026-04-18 16:57:55,amazon Ledsone,true
897260000000,203-5629971-7833134,AMAZON,B0CGZQV9Y7,,LSMCSPFLMC+RPR44WH,1,26.14,24.89,2026-04-18 17:08:21,amazon Ledsone,true
897270000000,203-5370333-9324331,AMAZON,B0BC1CYP2F,,CL3RBMAPK,1,25.89,25.89,2026-04-18 17:36:57,amazon Ledsone,true
897280000000,206-5261926-7189943,AMAZON,B0D7ZTRLBH,,LSCY290BM2PK+RPR44WH2PK,1,25.89,25.89,2026-04-18 17:55:03,amazon Ledsone,true
897290000000,203-6378759-2102764,AMAZON,B0CHRVWSBM,,CL3RBM5PK,1,11.99,,2026-04-18 18:14:28,amazon Ledsone,true
897300000000,205-6857599-7294748,AMAZON,B0BLZHCRGZ,,LDMG95E2746PK,1,23.59,23.59,2026-04-18 18:37:26,amazon Ledsone,true
897310000000,205-3904028-7671531,AMAZON,B0B9YBYDLP,,CL3TBD5PK,1,13.51,13.51,2026-04-18 19:15:17,amazon Ledsone,true
897320000000,202-9127936-8977141,AMAZON,B0DBLB6ZSH,,LSDO210GR2PK+RPR44WH2PK,1,15.99,,2026-04-18 20:42:36,amazon Ledsone,true
897330000000,203-1460333-6900334,AMAZON,B0F28YNDZN,,LSCY290RO+RPR44WH,1,18.29,18.29,2026-04-18 21:36:07,amazon Ledsone,true
897340000000,206-1347667-1519518,AMAZON,B0D296Z5B4,,LSCY290WH3PK+RPR44WH3PK,1,36.29,,2026-04-18 22:17:13,amazon Ledsone,true
897350000000,206-4107111-7962765,AMAZON,B09HS8XTXZ,,CL2TBU5PK,1,11.89,,2026-04-18 22:20:14,amazon Ledsone,true
897360000000,026-4759116-1431564,AMAZON,B0BW4H8KGV,,PLBXRR+PLWP120RR+LSUL220RR,1,17.89,17.89,2026-04-18 22:43:19,amazon Ledsone,true
899050000000,205-7441146-0269911,AMAZON,B0CTTFPLLV,,LSMS320BI+RPR44WH,2,29.98,29.98,2026-04-19 00:38:06,amazon Dcvoltage,true
899060000000,203-2137816-0138719,AMAZON,B0CH3BD4MP,,WSOSBDBM2PK,1,34.79,34.79,2026-04-19 01:16:16,amazon Dcvoltage,true
899070000000,204-7346210-6378735,AMAZON,B0D6B5DGFC,,SPSDP2BM3PK,1,12.49,,2026-04-19 06:44:55,amazon Dcvoltage,true
899080000000,026-5094289-1379510,AMAZON,B0CTC7XPNX,,CRSF100BM+LHNSE27YB+SCRN70BM+LSFT220BG,1,18.99,18.99,2026-04-19 07:37:51,amazon Dcvoltage,true
899090000000,026-8140579-7462727,AMAZON,B0D5BFHKBN,,LSMS320GY2PK+RPR44WH2PK,1,25.39,,2026-04-19 09:23:07,amazon Dcvoltage,true
899100000000,206-4199652-7125907,AMAZON,B0CJ4Q2DF3,,LSMCSPFLMC,1,24.79,,2026-04-19 09:25:32,amazon Dcvoltage,true
899110000000,206-8064320-3158768,AMAZON,B0DFHMC949,,LSCY290BI+RPR44WH-,1,15.29,15.29,2026-04-19 09:51:32,amazon Dcvoltage,true
899120000000,202-9165899-2957906,AMAZON,B07PM4GDGP,,CL3TBM5PK,1,11.79,,2026-04-19 09:59:45,amazon Dcvoltage,true
899130000000,205-7664769-1640323,AMAZON,B0DH9DJQKQ,,CL3THE5PK,1,11.99,,2026-04-19 11:24:22,amazon Dcvoltage,true
899140000000,202-9820556-4050730,AMAZON,B0D6B5DGFC,,SPSDP2BM3PK,2,24.98,24.98,2026-04-19 12:29:41,amazon Dcvoltage,true
899150000000,204-2603828-4396301,AMAZON,B096L57VV1,,LLSQWB22W,1,9.00,9.00,2026-04-19 12:34:43,amazon Dcvoltage,true
899160000000,204-8869676-0826728,AMAZON,B07ZFWL5T1,,CRFF100GB+LHNSE27GB,1,13.89,13.89,2026-04-19 14:37:53,amazon Dcvoltage,true
899170000000,206-5605523-3943551,AMAZON,B0D32YBFXP,,LSCY290RE2PK+RPR44WH2PK,1,25.79,25.79,2026-04-19 14:50:15,amazon Dcvoltage,true
899190000000,204-0000713-2225972,AMAZON,B0FL767CVP,,PHSF2GYTCH2PK+ICST64E272PK,1,28.89,28.89,2026-04-19 15:16:11,amazon Dcvoltage,true
899200000000,204-6542734-7746768,AMAZON,B07L8HQG6Y,,CL3TGD5PK,1,13.99,13.99,2026-04-19 15:44:32,amazon Dcvoltage,true
899210000000,202-6882841-1077110,AMAZON,B0DH9DJQKQ,,CL3THE5PK,1,11.99,,2026-04-19 16:12:29,amazon Dcvoltage,true
899220000000,203-0570030-9007517,AMAZON,B0D5BFGM4G,,LSMS320WH2PK+RPR44WH2PK,1,26.79,26.79,2026-04-19 16:16:35,amazon Dcvoltage,true
899230000000,205-1738644-0881114,AMAZON,B0CXSXN4KX,,LSMS320BI2PK+RPR44WH2PK,1,25.59,25.59,2026-04-19 17:01:03,amazon Dcvoltage,true
899240000000,203-6001499-7884354,AMAZON,B0BBGMC9HS,,CL2RBW5PK,1,12.89,12.89,2026-04-19 17:13:44,amazon Dcvoltage,true
899250000000,202-4316432-0157901,AMAZON,B0DP264BLC,,12UK3P10A,1,17.99,17.99,2026-04-19 17:52:31,amazon Dcvoltage,true
899260000000,204-8942250-8485945,AMAZON,B07PM4GDGP,,CL3TBM5PK,1,11.79,,2026-04-19 18:00:15,amazon Dcvoltage,true
899270000000,206-4506648-6841903,AMAZON,B0965HZJGN,,ENC686,1,52.89,52.89,2026-04-19 18:21:34,amazon Ledsone,true
899280000000,026-2272482-7689968,AMAZON,B0D5BFGM4G,,LSMS320WH2PK+RPR44WH2PK,2,53.58,53.58,2026-04-19 18:26:06,amazon Dcvoltage,true
899290000000,204-8903012-5113943,AMAZON,B07F9SH71F,,LDMG95E274,1,5.69,5.69,2026-04-19 18:51:54,amazon Dcvoltage,true
899300000000,205-0466930-8797139,AMAZON,B0DP264BLC,,12UK3P10A,1,17.99,17.99,2026-04-19 19:12:36,amazon Dcvoltage,true
899310000000,202-6311471-3409154,AMAZON,B0CXSS7XYX,,LSCY290WH2PK+RPR44WH2PK,1,26.53,26.53,2026-04-19 20:11:27,amazon Dcvoltage,true
899320000000,205-6930451-9932309,AMAZON,B0DH9CY29Z,,CL3TGL5PK,1,14.89,14.89,2026-04-19 20:17:45,amazon Dcvoltage,true
899330000000,202-6450098-0001967,AMAZON,B0D2TCJKT7,,LSCY290OR2PK+RPR44WH2PK,1,23.89,,2026-04-19 21:11:01,amazon Dcvoltage,true
899340000000,204-0179278-8567561,AMAZON,B07ZFWL5T1,,CRFF100GB+LHNSE27GB,1,13.89,13.89,2026-04-19 21:41:27,amazon Dcvoltage,true
899350000000,204-6849890-9645947,AMAZON,B08VGMKHT7,,LSCY290BM+RPR44WH,1,15.89,15.89,2026-04-19 22:46:05,amazon Dcvoltage,true
899360000000,202-9295572-3733126,AMAZON,B0B77GPTQ7,,CRFF108WH2PK+HK10WH2PK,1,13.65,13.65,2026-04-19 05:49:49,amazon Ledsone,true
899370000000,202-2609083-5604363,AMAZON,B0D7S64HXG,,LSMS320BT+RPR44WH,1,14.99,14.99,2026-04-19 06:05:10,amazon Ledsone,true
899380000000,202-0188400-6502731,AMAZON,B0CGZQV9Y7,,LSMCSPFLMC+RPR44WH,1,24.89,24.89,2026-04-19 07:17:22,amazon Ledsone,true
899390000000,026-6833869-1241923,AMAZON,B0CZXL6ZYG,,TPOSBDBM,1,24.69,24.69,2026-04-19 09:20:10,amazon Ledsone,true
899400000000,026-1492669-5437911,AMAZON,B0CW5RLSQL,,CRFF105GB2PK+HK10GB2PK,2,27.58,27.58,2026-04-19 09:37:16,amazon Ledsone,true
899410000000,205-0299020-0934773,AMAZON,B0CBMQZ8P6,,PHSF2BMRBM+SPSDP2BM,1,13.89,13.89,2026-04-19 10:28:48,amazon Ledsone,true
899420000000,203-6527642-3797169,AMAZON,B0CBMQZ8P6,,PHSF2BMRBM+SPSDP2BM,1,13.89,13.89,2026-04-19 10:31:26,amazon Ledsone,true
899430000000,202-5861429-0081923,AMAZON,B0CW5X3HHV,,LSDO210GY2PK+RPR44WH2PK,1,18.89,,2026-04-19 10:38:56,amazon Ledsone,true
899440000000,205-3476585-3347541,AMAZON,B09479HV6W,,LDMG95E2783PK,1,14.09,14.09,2026-04-19 11:10:06,amazon Ledsone,true
899450000000,203-5709670-4321139,AMAZON,B09C2G2Z9L,,ENC1281,1,21.79,21.79,2026-04-19 11:22:00,amazon Ledsone,true
899470000000,206-6129397-4493167,AMAZON,B0CBMQZ8P6,,PHSF2BMRBM+SPSDP2BM,1,13.89,,2026-04-19 13:55:41,amazon Ledsone,true
899480000000,204-3570229-4741138,AMAZON,B0CDWVF7VV,,PSHYOS4WRWH,1,19.08,14.09,2026-04-19 14:22:24,amazon Ledsone,true
899490000000,202-6951382-9418720,AMAZON,B0C3ZT3VR1,,LSCY290BD+RPR44WH,1,14.89,14.89,2026-04-19 14:35:18,amazon Ledsone,true
899500000000,026-6633767-5911552,AMAZON,B09479HV6W,,LDMG95E2783PK,1,14.09,14.09,2026-04-19 15:42:59,amazon Ledsone,true
899510000000,202-8446972-3305104,AMAZON,B0CCJ2NWRP,,SPSDP2BM5PK,1,17.89,17.89,2026-04-19 16:24:17,amazon Ledsone,true
899520000000,206-3262682-7773942,AMAZON,B0C3ZTBRHZ,,LSCY290BM+RPR44WH,1,15.29,15.29,2026-04-19 16:35:28,amazon Ledsone,true
899540000000,204-0150240-5824306,AMAZON,B0DBTV74L3,,LSLT360BI2PK+RPR44WH2PK,1,20.89,20.89,2026-04-19 17:33:02,amazon Ledsone,true
899550000000,206-9232986-9938715,AMAZON,B0BC1CMSVD,,CL3RGDAPK,1,19.99,,2026-04-19 18:04:34,amazon Ledsone,true
899560000000,204-5533341-7966761,AMAZON,B0DBTV74L3,,LSLT360BI2PK+RPR44WH2PK,1,20.89,,2026-04-19 18:14:31,amazon Ledsone,true
899570000000,206-4506648-6841903,AMAZON,B094DC2GNJ,,CRFF500BM+PHMU1PBRRO3PK+LSDM220RO3PK,2,59.82,29.91,2026-04-19 18:21:34,amazon Ledsone,true
899580000000,026-0215705-1937112,AMAZON,B094DN1XL1,,amzn.gr.PLADBC_M-LVlI5WlKaYGlA5VLJ9th-LN,1,47.37,47.37,2026-04-19 19:14:52,amazon Ledsone,true
899590000000,203-9884377-2826719,AMAZON,B0C2VDBRDW,,CRSF100CO+LHNSE27CO+LSRP260CO,2,54.38,,2026-04-19 19:23:52,amazon Ledsone,true
899600000000,026-6591545-4407547,AMAZON,B0CW5RLSQL,,CRFF105GB2PK+HK10GB2PK,1,13.79,13.79,2026-04-19 19:28:32,amazon Ledsone,true
899610000000,203-3059564-1612327,AMAZON,B0BBB539NS,,CL3RHE5PK,1,12.49,,2026-04-19 19:38:47,amazon Ledsone,true
899620000000,204-7164855-8469923,AMAZON,B0B2K81GXH,,LHC5E27WH5PK,1,13.89,13.89,2026-04-19 20:07:16,amazon Ledsone,true
899630000000,204-4331219-6614732,AMAZON,B0DCNWF2D4,,PHSF2BMRBM2PK+SPSDP2BM2PK,1,29.79,29.79,2026-04-19 21:13:34,amazon Ledsone,true
899640000000,206-9780613-7263514,AMAZON,B09JM3PLLH,,LDSG125LOE274,1,10.19,10.19,2026-04-19 22:08:57,amazon Ledsone,true
899650000000,204-2784789-4449137,AMAZON,B0BB31YPDF,,CL2RGY5PK,1,14.23,,2026-04-19 23:28:38,amazon Ledsone,true
899660000000,204-1975850-7244330,AMAZON,B0DCNWF2D4,,PHSF2BMRBM2PK+SPSDP2BM2PK,1,29.79,,2026-04-19 23:34:12,amazon Ledsone,true
901530000000,202-0981169-3761932,AMAZON,B08X9WZXK1,,PSDS4BMRBM,2,28.14,28.14,2026-04-20 05:59:37,amazon Dcvoltage,true
901540000000,026-7970002-7857153,AMAZON,B0CB8D5MMC,,LSMS320GY+RPR44WH,2,29.98,29.98,2026-04-20 07:10:10,amazon Dcvoltage,true
901550000000,206-8212888-0861147,AMAZON,B0D5BFMF7Z,,LSMS320RE2PK+RPR44WH2PK,2,106.12,53.06,2026-04-20 07:48:42,amazon Dcvoltage,true
901560000000,206-8212888-0861147,AMAZON,B0CTSVJKJ6,,LSMS320RE+RPR44WH,5,307.20,61.44,2026-04-20 07:48:42,amazon Dcvoltage,true
901570000000,202-1171582-8909127,AMAZON,B0CJ4Q2DF3,,LSMCSPFLMC,1,24.79,,2026-04-20 08:59:24,amazon Dcvoltage,true
901580000000,205-9505844-5247546,AMAZON,B0CBLXL9R1,,WCVCBC2PK+RPR44WH2PK,1,15.89,15.89,2026-04-20 10:36:55,amazon Dcvoltage,true
901590000000,206-9502974-1637118,AMAZON,B0CXSS7XYX,,LSCY290WH2PK+RPR44WH2PK,1,26.53,,2026-04-20 10:51:44,amazon Dcvoltage,true
901600000000,203-2581962-1226713,AMAZON,B08V8N6TGD,,CRSF100WH+LHNSE27WH+LSMS320YE,1,18.49,18.49,2026-04-20 11:30:49,amazon Dcvoltage,true
901610000000,203-0545104-5345956,AMAZON,B0CKWLS9WR,,CL3RHE5PK,1,13.09,13.09,2026-04-20 11:33:02,amazon Dcvoltage,true
901620000000,026-9039272-8132317,AMAZON,B0D2TCJKT7,,LSCY290OR2PK+RPR44WH2PK,1,23.89,23.89,2026-04-20 12:30:33,amazon Dcvoltage,true
901630000000,205-7293331-3413952,AMAZON,B0C7C6LPRH,,LSCY290BU+RPR44WH,2,33.98,33.98,2026-04-20 14:45:59,amazon Dcvoltage,true
901640000000,204-7525519-7837951,AMAZON,B0C7C8LWY9,,LSCY290NB+RPR44WH,1,15.79,15.79,2026-04-20 15:01:18,amazon Dcvoltage,true
901650000000,026-1108781-9664301,AMAZON,B0CJCDZWRB,,LSSS300SN2PK+RPR44WH2PK,1,23.49,23.49,2026-04-20 15:07:50,amazon Dcvoltage,true
901660000000,205-4051026-7706708,AMAZON,B07LB4KZ9S,,CL3RAGAPK,1,21.49,21.49,2026-04-20 17:48:41,amazon Dcvoltage,true
901670000000,204-2342954-4827565,AMAZON,B0DH9CY29Z,,CL3TGL5PK,1,14.89,14.89,2026-04-20 18:03:04,amazon Dcvoltage,true
901680000000,204-3997791-0521920,AMAZON,B0D2TCJKT7,,LSCY290OR2PK+RPR44WH2PK,1,23.89,23.89,2026-04-20 18:31:15,amazon Dcvoltage,true
901690000000,204-0229437-4571558,AMAZON,B08V5C7BXW,,CRSF100WH+PHCH1PWRSWH+LSCY290WH,1,18.89,,2026-04-20 19:47:11,amazon Dcvoltage,true
901710000000,205-7052044-5729158,AMAZON,B08TMBY3QM,,ENC771,1,16.79,,2026-04-20 21:57:19,amazon Dcvoltage,true
901720000000,203-1032892-9525909,AMAZON,B0FHPMM3WZ,,CRFF100CO2PK+LHNSE27CO2PK,1,23.89,,2026-04-20 23:47:15,amazon Dcvoltage,true
901730000000,205-7472896-0436322,AMAZON,B0C3ZTBRHZ,,LSCY290BM+RPR44WH,1,15.29,15.29,2026-04-20 06:23:42,amazon Ledsone,true
901740000000,204-6753439-0117121,AMAZON,B0F7QRPZY7,,CL3TBRAPK,1,19.89,19.89,2026-04-20 06:57:04,amazon Ledsone,true
901750000000,206-5972735-3649137,AMAZON,B0CCHXR4X2,,SPSDP2WH3PK,1,12.59,12.59,2026-04-20 09:06:43,amazon Ledsone,true
901760000000,203-2117258-2671501,AMAZON,B0CCJ3CSB6,,SPSDP2YB3PK,1,12.59,12.59,2026-04-20 09:20:35,amazon Ledsone,true
901770000000,026-6906632-8898719,AMAZON,B0DK8TC7L3,,LHTOE27SN,1,10.09,10.09,2026-04-20 09:29:46,amazon Ledsone,true
901780000000,202-0675790-2793133,AMAZON,B0BB32F8JN,,CL2RHE5PK,1,14.09,14.09,2026-04-20 11:42:25,amazon Ledsone,true
901790000000,204-8229691-6792307,AMAZON,B099FFBHBR,,CRSF100YB+LHNSE27YB+SCRN70YB+LSOL220YB,1,19.89,19.89,2026-04-20 11:44:19,amazon Ledsone,true
901800000000,202-9499710-2720348,AMAZON,B0D7ZTRLBH,,LSCY290BM2PK+RPR44WH2PK,1,25.89,25.89,2026-04-20 11:54:46,amazon Ledsone,true
901810000000,203-3837501-3977937,AMAZON,B0D7ZTRLBH,,LSCY290BM2PK+RPR44WH2PK,1,25.89,25.89,2026-04-20 12:14:42,amazon Ledsone,true
901820000000,202-4861579-7306719,AMAZON,B0D7ZTRLBH,,LSCY290BM2PK+RPR44WH2PK,1,30.88,25.89,2026-04-20 12:21:00,amazon Ledsone,true
901830000000,206-4072087-5841940,AMAZON,B0BBS1VR82,,CL3THEAPK,1,21.79,21.79,2026-04-20 12:24:55,amazon Ledsone,true
901840000000,202-8118544-3934709,AMAZON,B0CGZQV9Y7,,LSMCSPFLMC+RPR44WH,1,24.89,24.89,2026-04-20 12:40:32,amazon Ledsone,true
901850000000,026-3356745-5305925,AMAZON,B0D7S1FK1Q,,LSMS320GR2PK+RPR44WH2PK,1,25.89,25.89,2026-04-20 13:28:39,amazon Ledsone,true
901860000000,026-4399206-1667504,AMAZON,B0F9WXH3SL,,CL2RBMAPK,1,18.79,18.79,2026-04-20 13:47:18,amazon Ledsone,true
901870000000,206-1941160-8781146,AMAZON,B0DXQB7T3C,,LSCY290GY2PK+RPR44WH2PK,2,53.90,53.90,2026-04-20 14:41:48,amazon Ledsone,true
901880000000,204-6134575-8064331,AMAZON,B0D794K9Y2,,WCB7BM2PK+RPR44WH2PK,1,16.19,16.19,2026-04-20 15:37:34,amazon Ledsone,true
901890000000,026-1088760-4973920,AMAZON,B0B9K41YZ7,,CL3TBK5PK,1,13.49,13.49,2026-04-20 16:23:54,amazon Ledsone,true
901900000000,202-0200367-5753100,AMAZON,B07CM1B86W,,12IP67150,1,24.99,24.99,2026-04-20 17:29:49,amazon Ledsone,true
901910000000,205-3903899-4329909,AMAZON,B0CW5RLSQL,,CRFF105GB2PK+HK10GB2PK,1,13.79,13.79,2026-04-20 17:45:05,amazon Ledsone,true
901920000000,204-7842462-4080343,AMAZON,B0F7R4P38W,,CL2TGDAPK,1,21.29,21.29,2026-04-20 19:09:47,amazon Ledsone,true
901930000000,202-3217399-4778766,AMAZON,B0C3ZTBRHZ,,LSCY290BM+RPR44WH,1,15.29,15.29,2026-04-20 19:21:32,amazon Ledsone,true
901940000000,026-0975276-5260300,AMAZON,B0CV5CW477,,LDSHEAE2742PK,1,17.89,17.89,2026-04-20 19:28:11,amazon Ledsone,true
901950000000,026-7473533-9334756,AMAZON,B0D7ZTRLBH,,LSCY290BM2PK+RPR44WH2PK,1,25.89,25.89,2026-04-20 20:43:10,amazon Ledsone,true
901960000000,202-4422652-2334719,AMAZON,B07CP4SFT5,,12IP6750,1,14.99,14.99,2026-04-20 23:30:09,amazon Ledsone,true
903290000000,026-1118120-0291530,AMAZON,B07ZFWL5T1,,CRFF100GB+LHNSE27GB,1,13.89,13.89,2026-04-21 02:20:45,amazon Dcvoltage,true
903300000000,203-5222367-6308314,AMAZON,B0CGRJ1V8L,,TPOSBDBM,1,23.89,,2026-04-21 05:13:56,amazon Dcvoltage,true
903310000000,202-5485469-5054732,AMAZON,B0CXSS7XYX,,LSCY290WH2PK+RPR44WH2PK,1,25.89,25.89,2026-04-21 06:47:48,amazon Dcvoltage,true
903320000000,202-4799161-6763569,AMAZON,B0CYZWJ7WJ,,LSCY290CH2PK+RPR44WH2PK,1,26.89,26.89,2026-04-21 07:18:31,amazon Dcvoltage,true
903330000000,206-0939907-5742747,AMAZON,B08P1NX6SB,,CRFF500BM+PHHT1PBRBM3PK+WCDCBM3PKAM,1,32.89,32.89,2026-04-21 07:41:53,amazon Dcvoltage,true
903340000000,202-4554718-5775509,AMAZON,B0GCZQVHRF,,CRFF100BM+LHNSE27BM+ICST64E27,1,16.99,16.99,2026-04-21 08:53:36,amazon Dcvoltage,true
903350000000,206-6936963-7809160,AMAZON,B0CXSS7XYX,,LSCY290WH2PK+RPR44WH2PK,1,25.89,25.89,2026-04-21 09:15:26,amazon Dcvoltage,true
903360000000,203-1008550-5764320,AMAZON,B07F9SH71F,,LDMG95E274,1,5.69,5.69,2026-04-21 09:48:20,amazon Dcvoltage,true
903370000000,206-7916850-6901111,AMAZON,B0CNZ5QRHW,,CL3RYEAPK,1,17.89,17.89,2026-04-21 10:02:21,amazon Dcvoltage,true
903380000000,204-3915399-6552339,AMAZON,B0CJ4R5796,,LSMCSQWYBL,1,21.89,21.89,2026-04-21 10:51:57,amazon Dcvoltage,true
903390000000,026-4424205-7777157,AMAZON,B0D53FZ8GS,,WCB2WH2PK+RPR44WH2PK,1,15.89,15.89,2026-04-21 11:17:47,amazon Dcvoltage,true
903400000000,026-9983541-7029105,AMAZON,B0CNZ5QRHW,,CL3RYEAPK,1,17.89,17.89,2026-04-21 12:03:46,amazon Dcvoltage,true
903410000000,204-6137520-7536310,AMAZON,B07PM4GDGP,,CL3TBM5PK,1,11.79,11.79,2026-04-21 12:40:30,amazon Dcvoltage,true
903420000000,206-7229876-8989162,AMAZON,B0DBWY3P4Q,,CL2RBMAPK,2,36.78,36.78,2026-04-21 14:18:58,amazon Dcvoltage,true
903430000000,202-8142028-2704364,AMAZON,B0DH6FPVYK,,CL2TCRAPK,2,32.92,36.58,2026-04-21 14:33:33,amazon Dcvoltage,true
903440000000,026-9222744-5629934,AMAZON,B0DH9CY29Z,,CL3TGL5PK,1,14.89,14.89,2026-04-21 16:08:57,amazon Dcvoltage,true
903450000000,203-9370757-5828300,AMAZON,B0D5BFHKBN,,LSMS320GY2PK+RPR44WH2PK,1,25.39,,2026-04-21 17:24:31,amazon Dcvoltage,true
903460000000,204-2840081-8178708,AMAZON,B0D4YPCPPS,,LDMG80E2746PK,1,21.88,16.89,2026-04-21 18:58:53,amazon Dcvoltage,true
903470000000,204-7393324-7293138,AMAZON,B0D32YBFXP,,LSCY290RE2PK+RPR44WH2PK,1,25.79,25.79,2026-04-21 19:29:27,amazon Dcvoltage,true
903480000000,202-8763207-9694727,AMAZON,B0CB8D5MMC,,LSMS320GY+RPR44WH,1,14.99,,2026-04-21 20:05:59,amazon Dcvoltage,true
903490000000,026-1181663-2847504,AMAZON,B0D56Z8CHY,,WCB6WH2PK+RPR44WH2PK,1,16.89,16.89,2026-04-21 21:30:38,amazon Dcvoltage,true
903500000000,202-3823380-9485128,AMAZON,B0CS9PNL8L,,LSFT220BG3PK,1,31.98,,2026-04-21 21:41:49,amazon Dcvoltage,true
903510000000,205-4653871-4790740,AMAZON,B0CKWMGD1M,,CL3RBR5PK,1,12.99,12.99,2026-04-21 23:14:21,amazon Dcvoltage,true
903520000000,204-5444277-2650769,AMAZON,B0CNZ5N8L3,,CL3RWHAPK,1,19.99,19.99,2026-04-21 23:37:29,amazon Dcvoltage,true
903530000000,204-9230050-4865152,AMAZON,B0DYNFV1MQ,,CRFF100BM+LHNSE27BM+LSCY290BI,1,23.79,23.79,2026-04-21 06:03:47,amazon Ledsone,true
903540000000,206-1333337-6215561,AMAZON,B0BBS6BLHF,,CL3TROAPK,1,22.79,22.79,2026-04-21 07:19:10,amazon Ledsone,true
903550000000,202-6624239-1678750,AMAZON,B0D298RPWW,,LSCY290RE+RPR44WH,1,15.79,15.79,2026-04-21 09:07:13,amazon Ledsone,true
903560000000,205-2608182-1125112,AMAZON,B0G1TFR4YX,,CKA17ATC4446BM,1,14.49,14.49,2026-04-21 09:39:33,amazon Ledsone,true
903570000000,206-4087824-9517923,AMAZON,B0BLP1JSRK,,LDMST64E2786PK,1,24.45,19.46,2026-04-21 09:56:25,amazon Ledsone,true
903580000000,205-7501799-0429124,AMAZON,B0963P71QD,,CRFF500BM+PHRI1PBRCO3PK+LSOL220CO3PK,1,36.79,36.79,2026-04-21 11:27:13,amazon Ledsone,true
903590000000,206-6329010-5869135,AMAZON,B0F28YR5JN,,LSCY290NB+RPR44WH,2,31.04,31.04,2026-04-21 11:50:18,amazon Ledsone,true
903600000000,206-7462878-0229153,AMAZON,B0868DXK1B,,CCBKNWE48,1,15.58,10.59,2026-04-21 13:05:51,amazon Ledsone,true
903610000000,026-4268301-4813938,AMAZON,B0F2919THD,,LSCY290CO+RPR44WH,1,18.19,18.19,2026-04-21 13:12:08,amazon Ledsone,true
903620000000,206-0108377-5160337,AMAZON,B0BBB1P1GW,,CL3RBD5PK,1,13.09,13.09,2026-04-21 13:55:33,amazon Ledsone,true
903630000000,026-7844686-6069115,AMAZON,B0C2VLCW5G,,CRSF100RO+LHNSE27RO+LSCY290RO,1,24.79,24.79,2026-04-21 14:44:01,amazon Ledsone,true
903640000000,205-4607213-2391524,AMAZON,B0D298QXXM,,LSCY290GY2PK+RPR44WH2PK,1,27.29,27.29,2026-04-21 16:10:22,amazon Ledsone,true
903650000000,026-5761825-2502756,AMAZON,B0CGRJ5PM4,,CRSF100BM+SPSPLBM+PHRNWP2RBM,2,27.18,27.18,2026-04-21 16:31:02,amazon Ledsone,true
903660000000,205-7958985-5855552,AMAZON,B0F7QRS48B,,CL3TBMAPK,1,23.89,23.89,2026-04-21 16:39:14,amazon Ledsone,true
903670000000,202-4773102-3405165,AMAZON,B0CGRJ5PM4,,CRSF100BM+SPSPLBM+PHRNWP2RBM,2,27.18,27.18,2026-04-21 16:57:28,amazon Ledsone,true
903680000000,204-7700492-7803527,AMAZON,B0F28YR5JN,,LSCY290NB+RPR44WH,1,15.99,,2026-04-21 17:29:02,amazon Ledsone,true
903690000000,202-7686021-9161164,AMAZON,B0B82Y8Q8N,,PHSF1GDRFG,1,14.99,14.99,2026-04-21 18:01:28,amazon Ledsone,true
903700000000,203-4375809-5705156,AMAZON,B0CFVCM4Z5,,PSOS4BMTHE+ICST64E27,1,19.49,19.49,2026-04-21 18:27:10,amazon Ledsone,true
903710000000,206-0371790-2483563,AMAZON,B0BB31YPDF,,CL2RGY5PK,1,13.89,13.89,2026-04-21 18:31:14,amazon Ledsone,true
903720000000,203-0063741-2899547,AMAZON,B0B9Y59487,,CL3TBR5PK,1,13.49,13.49,2026-04-21 18:40:53,amazon Ledsone,true
903730000000,203-5957004-1869164,AMAZON,B0D7S58RX5,,LSMS320CB+RPR44WH,1,14.99,,2026-04-21 18:46:46,amazon Ledsone,true
903740000000,204-3124058-6503525,AMAZON,B0F7QWMBLY,,CL3TGLAPK,1,19.69,19.69,2026-04-21 18:54:26,amazon Ledsone,true
903750000000,202-7348607-1826710,AMAZON,B098138JF2,,12IP20720,1,46.99,46.99,2026-04-21 19:59:54,amazon Ledsone,true
903760000000,202-9934322-1598767,AMAZON,B09B3VTSQG,,CRFF500BM+PHMU1PBRYB3PK+LSDM220YB3PK,1,34.99,34.99,2026-04-21 21:49:26,amazon Ledsone,true
903770000000,203-3154845-6531505,AMAZON,B0D7ZTRLBH,,LSCY290BM2PK+RPR44WH2PK,1,25.89,,2026-04-21 23:20:16,amazon Ledsone,true
904760000000,204-2036234-9401943,AMAZON,B0BBGMC9HS,,CL2RBW5PK,1,12.89,12.89,2026-04-22 03:47:23,amazon Dcvoltage,true
904770000000,205-9389063-2337950,AMAZON,B0F7LTSVCK,,LSFT220SN2PK+RPR44WH2PK,1,19.89,19.89,2026-04-22 08:30:00,amazon Dcvoltage,true
904780000000,206-7202537-7714742,AMAZON,B08DKQP89H,,LSCY290GR+RPR44WH,1,17.79,17.79,2026-04-22 09:54:36,amazon Dcvoltage,true
904790000000,202-1590995-6174730,AMAZON,B0C6LV14PT,,12UK3P2A,1,7.59,7.59,2026-04-22 10:10:43,amazon Dcvoltage,true
904800000000,202-6048598-0047511,AMAZON,B095PQ4R9M,,LSCG185AR+SCRN70FG,2,30.22,,2026-04-22 10:19:23,amazon Dcvoltage,true
904810000000,205-1282444-4929901,AMAZON,B0CYZWJ7WJ,,LSCY290CH2PK+RPR44WH2PK,1,26.89,26.89,2026-04-22 10:35:21,amazon Dcvoltage,true
904820000000,205-5666710-8117917,AMAZON,B0CKWLFKR7,,CL3RGR5PK,1,12.89,12.89,2026-04-22 10:59:35,amazon Dcvoltage,true
904830000000,206-4005648-7781113,AMAZON,B07PM4GDGP,,CL3TBM5PK,1,11.79,11.79,2026-04-22 11:15:48,amazon Dcvoltage,true
904840000000,203-1650051-7197963,AMAZON,B0BZ4ZRNCC,,ENC1291,1,18.89,18.89,2026-04-22 11:42:59,amazon Dcvoltage,true
904850000000,204-0092101-5673969,AMAZON,B08XBZNV5C,,CL3TGDAPK,1,20.89,20.89,2026-04-22 11:46:13,amazon Dcvoltage,true
904860000000,205-1112179-1413928,AMAZON,B07F9SH71F,,LDMG95E274,1,5.69,5.69,2026-04-22 12:12:22,amazon Dcvoltage,true
904870000000,204-5112950-0432369,AMAZON,B0CZNPP2K1,,LSSS300CH2PK+RPR44WH2PK,1,24.49,24.49,2026-04-22 13:17:59,amazon Dcvoltage,true
904880000000,203-1967175-3989156,AMAZON,B08DKMMQS7,,LSCY290BI+RPR44WH_AMD 2,1,15.89,15.89,2026-04-22 13:56:56,amazon Dcvoltage,true
904890000000,202-4865587-3775503,AMAZON,B0CZ9FPLB7,,LSMS320GR2PK+RPR44WH2PK,2,50.18,50.18,2026-04-22 16:01:01,amazon Dcvoltage,true
904900000000,205-8934224-2221900,AMAZON,B07CS22K8L,,12IP6720,1,10.19,10.19,2026-04-22 16:18:49,amazon Dcvoltage,true
904910000000,204-0230887-0041917,AMAZON,B0DH9BSF4C,,CL3TBM5PK,1,14.09,14.09,2026-04-22 16:57:23,amazon Dcvoltage,true
904920000000,202-6370019-5651536,AMAZON,B0DFHMC949,,LSCY290BI+RPR44WH-,1,15.29,15.29,2026-04-22 16:59:41,amazon Dcvoltage,true
904930000000,205-5387944-3976343,AMAZON,B07F9SH71F,,LDMG95E274,1,5.69,5.69,2026-04-22 17:39:06,amazon Dcvoltage,true
904940000000,202-2815643-4137144,AMAZON,B0CYZWJ7WJ,,LSCY290CH2PK+RPR44WH2PK,1,26.89,26.89,2026-04-22 18:25:57,amazon Dcvoltage,true
904950000000,203-7345549-8390742,AMAZON,B0F48LNB6J,,RWWPSY1080YE,1,7.56,8.89,2026-04-22 19:24:51,amazon Dcvoltage,true
904960000000,026-1407366-0306766,AMAZON,B07F9SH71F,,LDMG95E274,1,5.69,5.69,2026-04-22 20:13:22,amazon Dcvoltage,true
904970000000,206-8201892-0651543,AMAZON,B07ZFWL5T1,,CRFF100GB+LHNSE27GB,2,27.78,27.78,2026-04-22 20:16:45,amazon Dcvoltage,true
904980000000,202-0885597-6107509,AMAZON,B07CS22K8L,,12IP6720,1,10.19,10.19,2026-04-22 20:20:46,amazon Dcvoltage,true
904990000000,202-2253563-4087517,AMAZON,B07CJHL38X,,12IP20360,1,17.99,17.99,2026-04-22 20:38:42,amazon Dcvoltage,true
905000000000,202-4746109-0257921,AMAZON,B0CYZWJ7WJ,,LSCY290CH2PK+RPR44WH2PK,1,26.89,,2026-04-22 20:41:56,amazon Dcvoltage,true
905010000000,206-6130202-3600364,AMAZON,B07F9SH71F,,LDMG95E274,1,5.69,,2026-04-22 21:21:37,amazon Dcvoltage,true
905020000000,026-9911662-7461152,AMAZON,B08TX216Y4,,LSMS320BD+RPR44WH,1,14.99,,2026-04-22 21:48:30,amazon Dcvoltage,true
905030000000,206-0616385-4705134,AMAZON,B08Z7RZC6W,,CRSF100BM+PHUH1HETBM+LSHM400HE,3,61.00,,2026-04-22 22:18:50,amazon Dcvoltage,true
905040000000,206-4252268-2866748,AMAZON,B07L8HQG6Y,,CL3TGD5PK,1,13.99,13.99,2026-04-22 22:18:59,amazon Dcvoltage,true
905050000000,206-5335930-4164318,AMAZON,B0CKWLQZ83,,CL3RBD5PK,1,12.89,12.89,2026-04-22 22:58:31,amazon Dcvoltage,true
905060000000,206-9432977-2418760,AMAZON,B0B82W84F2,,PHSF1AGRGB,1,13.89,13.89,2026-04-22 05:48:03,amazon Ledsone,true
905070000000,204-1746227-9173100,AMAZON,B0F28YR5JN,,LSCY290NB+RPR44WH,1,15.99,,2026-04-22 10:22:50,amazon Ledsone,true
905080000000,202-5170209-1282716,AMAZON,B0BB3NVM9D,,CL2RGD5PK,1,18.88,13.89,2026-04-22 10:54:13,amazon Ledsone,true
905090000000,203-7116253-6006750,AMAZON,B0DXQ8VVR7,,LSCY290WH2PK+RPR44WH2PK,2,51.58,51.58,2026-04-22 11:21:17,amazon Ledsone,true
905100000000,202-9649015-4643507,AMAZON,B0D298QXXM,,LSCY290GY2PK+RPR44WH2PK,1,27.29,,2026-04-22 11:22:41,amazon Ledsone,true
905110000000,203-5409821-8480345,AMAZON,B0CW5X3HHV,,LSDO210GY2PK+RPR44WH2PK,1,18.89,18.89,2026-04-22 11:46:51,amazon Ledsone,true
905120000000,205-8164476-7600302,AMAZON,B0B82W84F2,,PHSF1AGRGB,1,13.89,13.89,2026-04-22 11:53:00,amazon Ledsone,true
905130000000,206-4116354-5969123,AMAZON,B0C3ZTBRHZ,,LSCY290BM+RPR44WH,1,15.29,15.29,2026-04-22 12:18:49,amazon Ledsone,true
905140000000,206-2409718-3513135,AMAZON,B0CCDKF18M,,WCB3B+RPR44WH,1,9.89,9.89,2026-04-22 12:49:09,amazon Ledsone,true
905150000000,206-6196240-3257100,AMAZON,B0BBS6B82P,,CL3TBMAPK,1,21.89,,2026-04-22 12:52:46,amazon Ledsone,true
905160000000,204-3753570-6983538,AMAZON,B0B9Y59487,,CL3TBR5PK,1,13.49,13.49,2026-04-22 12:54:10,amazon Ledsone,true
905170000000,206-9319511-1325115,AMAZON,B0F7QQYMSM,,CL3TGDAPK,1,20.39,20.39,2026-04-22 13:27:02,amazon Ledsone,true
905180000000,205-9246757-1057100,AMAZON,B0CFHMCP1L,,LDMST64E2783PK,1,17.59,17.59,2026-04-22 13:31:22,amazon Ledsone,true
905190000000,202-8395909-7315541,AMAZON,B0D7S17C9W,,LSMS320BU+RPR44WH,2,28.58,28.58,2026-04-22 14:28:12,amazon Ledsone,true
905200000000,206-7192565-6909136,AMAZON,B093HB4S7Y,,LSMS320BT+RPR44WH,1,13.99,13.99,2026-04-22 15:02:32,amazon Ledsone,true
905210000000,026-6708594-9456359,AMAZON,B0B2K81GXH,,LHC5E27WH5PK,1,13.89,,2026-04-22 16:08:44,amazon Ledsone,true
905220000000,204-1799199-6227558,AMAZON,B0F9X1D46L,,CL3RBMAPK,1,22.89,,2026-04-22 16:16:13,amazon Ledsone,true
905230000000,202-1509813-6952300,AMAZON,B0F7R1VSQD,,CL3TWHAPK,1,19.39,19.39,2026-04-22 16:52:58,amazon Ledsone,true
905240000000,203-7173856-8397935,AMAZON,B083TNFR73,,LDMST64E278pck3,1,14.79,14.79,2026-04-22 17:09:04,amazon Ledsone,true
905250000000,206-3525405-7978702,AMAZON,B0D794K9Y2,,WCB7BM2PK+RPR44WH2PK,1,16.19,16.19,2026-04-22 17:35:48,amazon Ledsone,true
905260000000,202-0484318-5652347,AMAZON,B0DPQFRMCD,,ENC7893,1,41.79,41.79,2026-04-22 17:45:31,amazon Ledsone,true
905270000000,202-2738731-1932313,AMAZON,B0DF2WV971,,LHC5E27WH2PK,1,12.09,12.09,2026-04-22 19:05:40,amazon Ledsone,true
905280000000,026-5593937-4740366,AMAZON,B09WJC8S2P,,amzn.gr.CRFF140YB_WSNW170YB_LS-4_CYn5-LN,1,15.11,15.11,2026-04-22 19:52:04,amazon Ledsone,true
905290000000,204-7216324-9896309,AMAZON,B0B4K5THS1,,PSDS4BMRRO_MAN,1,14.07,14.07,2026-04-22 20:51:48,amazon Ledsone,true
905300000000,203-1285003-6215559,AMAZON,B0BB371NGW,,CL2RBM5PK,1,12.47,,2026-04-22 21:08:06,amazon Ledsone,true
905310000000,026-8328184-7134709,AMAZON,B0BBS6B82P,,CL3TBMAPK,1,21.89,21.89,2026-04-22 21:09:13,amazon Ledsone,true
905320000000,206-8609108-9122765,AMAZON,B0B7SLHW8H,,PHSF1GDTYB,2,30.38,30.38,2026-04-22 21:09:34,amazon Ledsone,true
905330000000,205-2994111-9373932,AMAZON,B0CCHYTN4H,,SPSDP2YB6PK,1,19.79,19.79,2026-04-22 21:37:07,amazon Ledsone,true
907080000000,204-5344766-4437145,AMAZON,B08KGJT4DP,,CL3THE5PK,1,15.69,15.69,2026-04-23 07:06:50,amazon Dcvoltage,true
907090000000,202-8392481-5425902,AMAZON,B08W5F4CTV,,CRSF100BM+WSLS155YB+SCRN70BM+LSFT220BC,1,14.89,14.89,2026-04-23 07:17:55,amazon Dcvoltage,true
907100000000,203-9635735-7115513,AMAZON,B0D5BFHKBN,,LSMS320GY2PK+RPR44WH2PK,1,25.39,25.39,2026-04-23 08:13:42,amazon Dcvoltage,true
907110000000,204-5550771-7601954,AMAZON,B08VGRJM38,,LSCY290BS+RPR44WH,1,17.89,15.39,2026-04-23 09:49:11,amazon Dcvoltage,true
907120000000,205-3243261-5752359,AMAZON,B0CBLXL9R1,,WCVCBC2PK+RPR44WH2PK,1,15.89,15.89,2026-04-23 10:32:06,amazon Dcvoltage,true
907130000000,203-7736192-6447563,AMAZON,B08V8T8R34,,CRSF100WH+LHNSE27WH+LSMS320BI,1,21.29,18.79,2026-04-23 10:46:52,amazon Dcvoltage,true
907140000000,026-0354893-1691510,AMAZON,B08TMBY3QM,,ENC771,1,16.79,16.79,2026-04-23 11:28:07,amazon Dcvoltage,true
907160000000,202-3978863-6730706,AMAZON,B0DTQ47GBY,,WCCYSP160GD2PK,1,26.89,26.89,2026-04-23 14:33:06,amazon Dcvoltage,true
907170000000,202-5700788-2508321,AMAZON,B0CS9QXNXQ,,LSDO210BG3PK+RPR44WH3PK,1,29.89,29.89,2026-04-23 15:35:10,amazon Dcvoltage,true
907180000000,204-6073756-9613901,AMAZON,B07F9SH71F,,LDMG95E274,1,5.69,5.69,2026-04-23 16:43:59,amazon Dcvoltage,true
907190000000,206-1132411-1557905,AMAZON,B0965HZJGN,,ENC686,1,52.89,,2026-04-23 16:48:11,amazon Dcvoltage,true
907200000000,202-4641779-4159544,AMAZON,B0D44XWSWS,,PHSF2GDTFG+ICST64E27,1,16.89,16.89,2026-04-23 17:31:49,amazon Dcvoltage,true
907210000000,026-1739908-7448367,AMAZON,B08V8C19VZ,,CRSF100BM+PHSH1PBRBM+LSMS320BT,1,18.79,18.79,2026-04-23 17:55:32,amazon Dcvoltage,true
907220000000,205-3416543-5230721,AMAZON,B0CNGGP2YF,,TPHTTN2PBRBM,1,17.90,17.90,2026-04-23 18:33:28,amazon Dcvoltage,true
907230000000,205-6400467-0473904,AMAZON,B0D5711PRY,,WCB6BM2PK+RPR44WH2PK,1,16.99,16.99,2026-04-23 18:37:12,amazon Dcvoltage,true
907240000000,206-8802206-0622756,AMAZON,B08X4KB22H,,CRSF100BM+LHNSE27CO+SCRN70CO+LSFT220BC,1,17.49,17.49,2026-04-23 19:00:11,amazon Dcvoltage,true
907250000000,202-1930590-0435511,AMAZON,B0CXSXN4KX,,LSMS320BI2PK+RPR44WH2PK,1,25.59,25.59,2026-04-23 19:12:56,amazon Dcvoltage,true
907260000000,206-6990819-5588323,AMAZON,B0D4XZMBW6,,LDMG80B2246PK,1,17.99,17.99,2026-04-23 19:14:47,amazon Dcvoltage,true
907270000000,202-7240529-0292356,AMAZON,B07CWFSGB3,,IP20 12V 360W,1,18.69,18.69,2026-04-23 19:43:59,amazon Dcvoltage,true
907280000000,202-5515011-5713923,AMAZON,B07F9SH71F,,LDMG95E274,1,5.69,,2026-04-23 20:34:40,amazon Dcvoltage,true
907290000000,204-5806355-3710748,AMAZON,B0CTT4CH4C,,LSMS320GR+RPR44WH,1,14.99,,2026-04-23 20:51:48,amazon Dcvoltage,true
907300000000,203-0346079-7606764,AMAZON,B0DH9BSF4C,,CL3TBM5PK,1,14.09,14.09,2026-04-23 21:09:07,amazon Dcvoltage,true
907310000000,203-4068269-1665964,AMAZON,B08XNPKHZX,,LSSS300YE+RPR44WH,1,13.49,13.49,2026-04-23 22:12:25,amazon Dcvoltage,true
907320000000,026-4162494-1060362,AMAZON,B0C9TSHB33,,LSCY210BM+RPR44WH,1,13.79,13.79,2026-04-23 23:26:54,amazon Dcvoltage,true
907330000000,204-9689876-6883533,AMAZON,B0F7QPMBCH,,CL2TGLAPK,1,19.39,19.39,2026-04-23 05:47:21,amazon Ledsone,true
907340000000,206-8683977-0492320,AMAZON,B0CW5RLSQL,,CRFF105GB2PK+HK10GB2PK,1,18.78,13.79,2026-04-23 06:41:52,amazon Ledsone,true
907360000000,026-9451228-6137900,AMAZON,B0CBMQZ8P6,,amzn.gr.PHSF2BMRBM_SPSDP2BM_T-3vOL-Ru-VG,1,10.42,10.42,2026-04-23 09:17:17,amazon Ledsone,true
907370000000,203-8926769-7995519,AMAZON,B0DXQ53JQF,,LSCY290CH2PK+RPR44WH2PK,1,26.89,26.89,2026-04-23 09:31:47,amazon Ledsone,true
907380000000,026-9257576-0605957,AMAZON,B0CVXG576R,,CRSF2003BM2PK,2,28.24,30.86,2026-04-23 09:35:01,amazon Ledsone,true
907390000000,026-5141529-1504338,AMAZON,B0CFVCM4Z5,,PSOS4BMTHE+ICST64E27,1,19.49,19.49,2026-04-23 09:46:01,amazon Ledsone,true
907400000000,202-8059914-4349965,AMAZON,B0CW5RLSQL,,CRFF105GB2PK+HK10GB2PK,2,27.58,27.58,2026-04-23 11:49:40,amazon Ledsone,true
907410000000,205-1911842-4717166,AMAZON,B0BBS118NM,,CL3TBKAPK,1,21.89,21.89,2026-04-23 13:12:41,amazon Ledsone,true
907420000000,202-5091722-7165158,AMAZON,B0CHRVWSBM,,CL3RBM5PK,1,11.57,11.57,2026-04-23 14:00:36,amazon Ledsone,true
907430000000,206-6854305-8458704,AMAZON,B0CCL729S8,,ENC1313,1,20.89,20.89,2026-04-23 14:02:11,amazon Ledsone,true
907440000000,202-0157734-8239574,AMAZON,B0BB371NGW,,CL2RBM5PK,1,12.00,12.00,2026-04-23 15:02:42,amazon Ledsone,true
907450000000,205-7183965-2547522,AMAZON,B0CBMQZ8P6,,PHSF2BMRBM+SPSDP2BM,2,27.78,27.78,2026-04-23 15:12:32,amazon Ledsone,true
907470000000,203-0939269-1487553,AMAZON,B0B4BG19YY,,PSDS2BMRBM,1,11.89,11.89,2026-04-23 16:18:30,amazon Ledsone,true
907480000000,026-3469860-6943514,AMAZON,B093DKVKM7,,CL2TROAPK,1,20.89,20.89,2026-04-23 17:28:41,amazon Ledsone,true
907490000000,026-9801865-5807528,AMAZON,B0F7QZQS3Y,,CL2TWHAPK,1,18.29,18.29,2026-04-23 17:36:33,amazon Ledsone,true
907500000000,206-2866220-0763516,AMAZON,B09HSB7NBL,,CL2TGD5PK,1,13.89,,2026-04-23 17:56:20,amazon Ledsone,true
907510000000,205-2959535-9721168,AMAZON,B0CGRJ5PM4,,CRSF100BM+SPSPLBM+PHRNWP2RBM,1,13.59,13.59,2026-04-23 18:52:47,amazon Ledsone,true
907520000000,203-2038694-4445955,AMAZON,B0946ZK6D8,,CRSF100CO+PHMU1PBRCO+LSDO210BC+ICST,1,21.15,21.15,2026-04-23 20:04:46,amazon Ledsone,true
907530000000,205-3917957-9961938,AMAZON,B0D299LXGP,,LSCY290RR+RPR44WH,1,15.89,15.89,2026-04-23 20:13:31,amazon Ledsone,true
907540000000,204-6397737-0181118,AMAZON,B0B9Y5MRSK,,CL3TGD5PK,1,13.09,,2026-04-23 21:49:48,amazon Ledsone,true
907550000000,202-1671121-7238706,AMAZON,B0CGRJ5PM4,,CRSF100BM+SPSPLBM+PHRNWP2RBM,1,13.59,,2026-04-23 22:52:54,amazon Ledsone,true
909000000000,026-9783986-1108309,AMAZON,B0C6LV14PT,,12UK3P2A,1,7.59,7.59,2026-04-24 06:40:18,amazon Dcvoltage,true
909010000000,202-6574993-4947553,AMAZON,B0GD51HL84,,ENC7770,1,29.19,29.19,2026-04-24 06:42:55,amazon Dcvoltage,true
909020000000,026-9603226-1686706,AMAZON,B0CTC7XPNX,,CRSF100BM+LHNSE27YB+SCRN70BM+LSFT220BG,3,56.97,56.97,2026-04-24 06:54:54,amazon Dcvoltage,true
909030000000,202-3683717-5321947,AMAZON,B07F9SH71F,,LDMG95E274,1,10.68,5.69,2026-04-24 07:04:19,amazon Dcvoltage,true
909040000000,205-3230302-3410715,AMAZON,B08XC1QT69,,CL3THEAPK,1,19.99,19.99,2026-04-24 07:23:57,amazon Dcvoltage,true
909050000000,202-6335172-6305909,AMAZON,B0G2YBJVW4,,ENC7844,1,20.39,20.39,2026-04-24 08:07:33,amazon Dcvoltage,true
909060000000,026-0258960-3270778,AMAZON,B07QV1YKZW,,12RPIP45100,1,13.89,13.89,2026-04-24 08:42:42,amazon Dcvoltage,true
909070000000,205-6506333-6287537,AMAZON,B0D2TF3H6H,,LSCY290CO2PK+RPR44WH2PK,1,32.49,32.49,2026-04-24 09:49:28,amazon Dcvoltage,true
909080000000,204-4248747-6895525,AMAZON,B0965HZJGN,,ENC686,1,52.89,52.89,2026-04-24 09:49:33,amazon Dcvoltage,true
909090000000,206-3719513-2458756,AMAZON,B0CTT9GB4R,,LSMS320WH+RPR44WH,2,29.98,29.98,2026-04-24 10:47:43,amazon Dcvoltage,true
909100000000,205-0334660-7224344,AMAZON,B08X9Z14CG,,PSDS4BMRGY,1,14.07,14.07,2026-04-24 11:42:21,amazon Dcvoltage,true
909110000000,026-9198009-8229924,AMAZON,B0CXSS7XYX,,LSCY290WH2PK+RPR44WH2PK,1,30.88,25.89,2026-04-24 12:21:09,amazon Dcvoltage,true
909120000000,203-3082774-1690746,AMAZON,B09643CJ5N,,CRFF500BM+PHCH1BMRBM3PK+LSDO210BG3PK,1,35.48,35.48,2026-04-24 12:54:39,amazon Dcvoltage,true
909130000000,026-1351536-9606717,AMAZON,B08XC1QT69,,CL3THEAPK,1,19.99,19.99,2026-04-24 13:12:03,amazon Dcvoltage,true
909140000000,203-0722390-8445154,AMAZON,B0DH9BSF4C,,CL3TBM5PK,1,14.09,,2026-04-24 13:51:52,amazon Dcvoltage,true
909150000000,202-0900205-7212320,AMAZON,B0BNXHF2BR,,CRSF100CO+PHSH1PBRCO+LSDO300CO,2,47.78,47.78,2026-04-24 18:10:57,amazon Dcvoltage,true
909160000000,205-5220955-4206717,AMAZON,B0CH39MWRF,,WSOSBDBM,1,20.59,20.59,2026-04-24 18:34:34,amazon Dcvoltage,true
909170000000,202-2081481-1953939,AMAZON,B0FVXQ6C2W,,WCFL180BM2PK,1,15.89,,2026-04-24 19:20:05,amazon Dcvoltage,true
909180000000,202-7296690-3785969,AMAZON,B0CTTFPLLV,,LSMS320BI+RPR44WH,1,14.99,14.99,2026-04-24 19:21:08,amazon Dcvoltage,true
909210000000,206-2469999-8584364,AMAZON,B0DH182H6J,,LSHQ180BM2PK++RPR44WH2PK,1,16.29,16.29,2026-04-24 06:21:05,amazon Ledsone,true
909220000000,203-0025994-3300328,AMAZON,B0868DXK1B,,CCBKNWE48,1,10.59,10.59,2026-04-24 06:57:03,amazon Ledsone,true
909230000000,205-4875703-5031538,AMAZON,B0B9Y5MRSK,,CL3TGD5PK,1,0.00,,2026-04-24 08:06:50,amazon Ledsone,true
909240000000,205-4875703-5031538,AMAZON,B09HS8NDLH,,CL2TAG5PK,1,0.00,,2026-04-24 08:06:50,amazon Ledsone,true
909250000000,203-5182358-4428339,AMAZON,B0B9Y5MRSK,,CL3TGD5PK,1,13.09,13.09,2026-04-24 09:11:52,amazon Ledsone,true
909260000000,203-7847284-4376333,AMAZON,B09HS8NDLH,,CL2TAG5PK,1,13.39,13.39,2026-04-24 09:29:41,amazon Ledsone,true
909270000000,206-2907642-3048310,AMAZON,B0CCHYTN4H,,SPSDP2YB6PK,1,19.79,19.79,2026-04-24 09:57:54,amazon Ledsone,true
909280000000,205-1979747-3557123,AMAZON,B0DB1Z9LFT,,PSDS2BMRBM2PK,1,22.79,22.79,2026-04-24 11:35:58,amazon Ledsone,true
909290000000,203-0670747-9925927,AMAZON,B07CPWC9PP,,dc12IP6780,1,15.68,,2026-04-24 12:01:44,amazon Ledsone,true
909300000000,204-0835507-6206763,AMAZON,B0BB3NVM9D,,CL2RGD5PK,1,13.89,13.89,2026-04-24 12:14:50,amazon Ledsone,true
909320000000,026-8289642-5172310,AMAZON,B0B2K913QC,,LHC4E27WH5PK,1,16.49,16.49,2026-04-24 12:52:56,amazon Ledsone,true
909330000000,026-1606072-0917100,AMAZON,B0B9Y9F73N,,CL3TIV5PK,1,13.89,13.89,2026-04-24 13:46:47,amazon Ledsone,true
909340000000,202-4906207-2149152,AMAZON,B0CHRVWSBM,,CL3RBM5PK,1,11.99,11.99,2026-04-24 14:54:50,amazon Ledsone,true
909350000000,026-3785825-0008316,AMAZON,B0C4PNFVK4,,CRSF2003BM+PHMU1PBRGS3PK+LSDM220GS3PKFBA,1,42.59,42.59,2026-04-24 16:34:10,amazon Ledsone,true
909360000000,204-5923808-7524312,AMAZON,B0B4K4VWDZ,,PSDS4BMRGD,1,14.07,14.07,2026-04-24 16:34:29,amazon Ledsone,true
909370000000,202-9389540-1174763,AMAZON,B0CBCN1B9S,,CRFF500BM+PHCH1BMRBM3PK+LSCY210BG3PK+IC,1,39.99,,2026-04-24 17:05:06,amazon Ledsone,true
909380000000,205-5657676-4004306,AMAZON,B0BBS118NM,,CL3TBKAPK,1,21.89,21.89,2026-04-24 17:34:52,amazon Ledsone,true
909390000000,205-8088305-6437925,AMAZON,B0CCHXR4X2,,SPSDP2WH3PK,1,12.49,12.49,2026-04-24 18:45:26,amazon Ledsone,true
909400000000,202-8736504-1413958,AMAZON,B0CCHYTN4H,,SPSDP2YB6PK,1,19.79,,2026-04-24 19:29:36,amazon Ledsone,true
909410000000,026-9257597-5997132,AMAZON,B0B4BG19YY,,PSDS2BMRBM,1,11.89,,2026-04-24 20:45:04,amazon Ledsone,true
909420000000,205-2516522-3548321,AMAZON,B0CBCN1B9S,,CRFF500BM+PHCH1BMRBM3PK+LSCY210BG3PK+IC,1,39.99,39.99,2026-04-24 20:50:39,amazon Ledsone,true
909430000000,202-9062090-1814713,AMAZON,B0946ZK6D8,,CRSF100CO+PHMU1PBRCO+LSDO210BC+ICST,1,21.15,,2026-04-24 21:05:12,amazon Ledsone,true
909440000000,206-1940390-1085948,AMAZON,B0CBMQZ8P6,,PHSF2BMRBM+SPSDP2BM,1,13.89,,2026-04-24 21:28:14,amazon Ledsone,true
910800000000,026-6399255-4324325,AMAZON,B07CWGNBBJ,,12IP20120,1,14.09,14.09,2026-04-25 00:41:18,amazon Dcvoltage,true
910810000000,206-7269882-4573133,AMAZON,B0G2YBJVW4,,ENC7844,1,20.39,,2026-04-25 08:26:04,amazon Dcvoltage,true
910820000000,026-6130822-0940309,AMAZON,B07LFDY4D3,,CL3TBM5PK,1,14.89,14.89,2026-04-25 09:04:35,amazon Dcvoltage,true
910830000000,204-8754449-6145943,AMAZON,B08V8MYCZR,,CRSF100BM+PHSH1PBRBM+LSMS320GR,1,20.38,20.38,2026-04-25 11:42:10,amazon Dcvoltage,true
910840000000,202-9409099-5445902,AMAZON,B0F48PQWQB,,RWWPSY1050YE,2,15.64,,2026-04-25 13:17:19,amazon Dcvoltage,true
910850000000,206-2540705-2189163,AMAZON,B0FQVFP61X,,CRFF108BM+PHRI1PBRBA+LSCY290BI,1,18.99,18.99,2026-04-25 13:30:00,amazon Dcvoltage,true
910860000000,206-4004739-0325952,AMAZON,B0CKWMGD1M,,CL3RBR5PK,1,12.99,12.99,2026-04-25 14:15:31,amazon Dcvoltage,true
910870000000,202-7130483-2533105,AMAZON,B08XC1QT69,,CL3THEAPK,1,19.99,19.99,2026-04-25 16:26:49,amazon Dcvoltage,true
910880000000,206-6550856-8263568,AMAZON,B0C7CLVDHR,,LSCY290BI+RPR44WH,1,14.89,,2026-04-25 16:39:11,amazon Dcvoltage,true
910890000000,026-3211451-1371516,AMAZON,B0CPBWRQKP,,LSCY290CO+RPR44WH,1,17.89,17.89,2026-04-25 17:30:43,amazon Dcvoltage,true
910900000000,204-4106040-1916334,AMAZON,B07CJHL38X,,12IP20360,1,18.99,18.99,2026-04-25 19:26:50,amazon Dcvoltage,true
910910000000,205-0283190-9201916,AMAZON,B0BZ4ZGKSS,,ENC1293,1,24.88,19.89,2026-04-25 20:49:10,amazon Dcvoltage,true
910920000000,026-7577888-0825943,AMAZON,B07CVXRPPZ,,12IP67150,1,18.59,,2026-04-25 21:21:43,amazon Dcvoltage,true
910930000000,206-8122181-3053167,AMAZON,B0FHPM5GYP,,CRFF100CH2PK+LHNSE27CH2PK,1,22.40,,2026-04-25 22:02:32,amazon Dcvoltage,true
910940000000,206-9058322-7423564,AMAZON,B07F9SH71F,,LDMG95E274,1,5.69,,2026-04-25 23:23:48,amazon Dcvoltage,true
910950000000,205-2201794-1536334,AMAZON,B0CJ4Q2DF3,,LSMCSPFLMC,1,24.79,,2026-04-25 23:58:30,amazon Dcvoltage,true
910960000000,203-2582294-5588322,AMAZON,B0D7ZTRLBH,,LSCY290BM2PK+RPR44WH2PK,1,25.89,25.89,2026-04-25 06:44:08,amazon Ledsone,true
910970000000,206-9065404-6809142,AMAZON,B09HSB7NBL,,CL2TGD5PK,1,18.88,,2026-04-25 06:44:38,amazon Ledsone,true
910980000000,206-6651192-7648357,AMAZON,B0B82Y8Q8N,,PHSF1GDRFG,1,14.99,14.99,2026-04-25 07:13:28,amazon Ledsone,true
910990000000,026-2231993-1936334,AMAZON,B0CBCN1B9S,,CRFF500BM+PHCH1BMRBM3PK+LSCY210BG3PK+IC,1,39.99,39.99,2026-04-25 07:47:26,amazon Ledsone,true
911000000000,204-7066201-9845965,AMAZON,B0CZXL6ZYG,,TPOSBDBM,1,23.89,23.89,2026-04-25 10:02:02,amazon Ledsone,true
911010000000,204-6358671-5840357,AMAZON,B0D7ZTRLBH,,LSCY290BM2PK+RPR44WH2PK,1,25.89,25.89,2026-04-25 10:29:46,amazon Ledsone,true
911030000000,205-0141639-7126760,AMAZON,B0BB371NGW,,CL2RBM5PK,1,12.47,12.47,2026-04-25 10:32:50,amazon Ledsone,true
911040000000,204-7542627-6223544,AMAZON,B07CPWC9PP,,dc12IP6780,1,15.69,15.69,2026-04-25 11:32:15,amazon Ledsone,true
911050000000,202-6375058-9754747,AMAZON,B09HS8VHK9,,CL2TGY5PK,1,14.89,14.89,2026-04-25 11:47:03,amazon Ledsone,true
911060000000,202-4685563-7261160,AMAZON,B0BBB3V9M6,,CL3RBW5PK,1,13.01,,2026-04-25 12:07:32,amazon Ledsone,true
911070000000,202-7192703-5538768,AMAZON,B0CHDZXZGJ,,CL3TAG5PK,1,13.79,13.79,2026-04-25 12:47:24,amazon Ledsone,true
911080000000,026-6253767-2917953,AMAZON,B0B77GF35H,,CRFF108CH2PK+HK10CH2PK,1,11.79,11.79,2026-04-25 14:06:22,amazon Ledsone,true
911090000000,026-6253767-2917953,AMAZON,B0C7CYPP79,,CNP1000CH3PK,1,13.89,13.89,2026-04-25 14:06:22,amazon Ledsone,true
911100000000,026-0661421-8421946,AMAZON,B0B77GWCPC,,CRFF108GB2PK+HK10GB2PK,1,13.79,13.79,2026-04-25 14:28:15,amazon Ledsone,true
911120000000,206-6168072-8871518,AMAZON,B0CCHXR4X2,,SPSDP2WH3PK,1,12.80,12.80,2026-04-25 15:12:56,amazon Ledsone,true
911130000000,205-2595760-1675548,AMAZON,B0DXQ8YFC6,,LSCY290RO2PK+RPR44WH2PK,1,29.79,29.79,2026-04-25 16:35:01,amazon Ledsone,true
911140000000,202-6435306-2043525,AMAZON,B093T4L68X,,LSCY290WH+RPR44WH,2,31.78,31.78,2026-04-25 17:22:35,amazon Ledsone,true
911160000000,206-4805143-7177921,AMAZON,B0C3ZTBRHZ,,LSCY290BM+RPR44WH,1,15.29,,2026-04-25 18:24:44,amazon Ledsone,true
911170000000,204-4342011-1031503,AMAZON,B0C2CXYHRL,,ENC1917,1,16.85,,2026-04-25 19:01:30,amazon Ledsone,true
912110000000,204-1853729-4849111,AMAZON,B08XBL5RJK,,PSDS4BMRBW,1,13.37,14.07,2026-04-26 07:51:01,amazon Dcvoltage,true
912120000000,026-9866443-1308316,AMAZON,B0DH9CY29Z,,CL3TGL5PK,1,14.89,14.89,2026-04-26 08:37:53,amazon Dcvoltage,true
912130000000,206-1084238-5173139,AMAZON,B07LFDY4D3,,CL3TBM5PK,1,14.89,14.89,2026-04-26 09:11:22,amazon Dcvoltage,true
912140000000,026-4494711-5644316,AMAZON,B0965HZJGN,,amzn.gr.ENC686-9uiWsMAc3J1PIDaC8Ij023-LN,1,7.93,,2026-04-26 10:02:49,amazon Dcvoltage,true
912150000000,206-4110207-5573153,AMAZON,B09643CJ5N,,CRFF500BM+PHCH1BMRBM3PK+LSDO210BG3PK,1,35.48,35.48,2026-04-26 12:16:35,amazon Dcvoltage,true
912160000000,203-1502123-7977932,AMAZON,B08X9WV762,,PSDS4BMRBU,1,14.89,14.89,2026-04-26 13:40:47,amazon Dcvoltage,true
912170000000,026-0578345-4713958,AMAZON,B08XC1QT69,,CL3THEAPK,1,24.98,19.99,2026-04-26 14:47:14,amazon Dcvoltage,true
912180000000,202-1759351-9274700,AMAZON,B0CG5YFN9X,,LSCY290BI2PK+RPR44WH2PK,1,26.79,26.79,2026-04-26 16:07:00,amazon Dcvoltage,true
912190000000,205-9913403-0013158,AMAZON,B0CBLXL9R1,,WCVCBC2PK+RPR44WH2PK,1,15.89,15.89,2026-04-26 16:48:48,amazon Dcvoltage,true
912200000000,026-1857794-3782760,AMAZON,B0D6B5DGFC,,SPSDP2BM3PK,1,12.49,12.49,2026-04-26 17:22:13,amazon Dcvoltage,true
912210000000,026-8768173-1962766,AMAZON,B07CVXRPPZ,,12IP67150,1,18.59,18.59,2026-04-26 17:59:15,amazon Dcvoltage,true
912220000000,202-9291058-2259550,AMAZON,B0CJ4R5796,,LSMCSQWYBL,1,21.89,,2026-04-26 17:59:19,amazon Dcvoltage,true
912240000000,205-6515542-9033124,AMAZON,B0GCZJ9XRB,,CRFF100SN2PK+LHNSE27SN2PK,1,24.89,24.89,2026-04-26 19:04:29,amazon Dcvoltage,true
912250000000,206-8577161-2794703,AMAZON,B0C171RYVR,,PSDS2RBM,1,11.79,11.79,2026-04-26 19:25:50,amazon Dcvoltage,true
912270000000,026-4206872-4421927,AMAZON,B08KGJT4DP,,CL3THE5PK,1,15.69,15.69,2026-04-26 21:37:11,amazon Dcvoltage,true
912280000000,206-8113221-2725940,AMAZON,B0BB371NGW,,CL2RBM5PK,1,12.47,12.47,2026-04-26 06:05:51,amazon Ledsone,true
912290000000,202-6770041-9572329,AMAZON,B0C3ZT3VR1,,LSCY290BD+RPR44WH,1,14.89,14.89,2026-04-26 08:23:12,amazon Ledsone,true
912300000000,202-1357154-3832366,AMAZON,B07CQLS5VT,,12IP6750,1,11.59,11.59,2026-04-26 12:30:44,amazon Ledsone,true
912310000000,026-7168988-6942722,AMAZON,B0DXQB7T3C,,LSCY290GY2PK+RPR44WH2PK,1,26.29,26.29,2026-04-26 12:32:53,amazon Ledsone,true
912320000000,206-0738771-2323504,AMAZON,B0CHRVWSBM,,CL3RBM5PK,1,11.99,,2026-04-26 12:43:56,amazon Ledsone,true
912330000000,205-6213284-6278761,AMAZON,B0G1TKZTS4,,CKAN1937BM,1,14.99,14.99,2026-04-26 12:53:22,amazon Ledsone,true
912350000000,205-0112285-5641161,AMAZON,B0B77KX4P8,,CRFF108BM2PK+HK10BM2PK,1,13.59,13.59,2026-04-26 15:13:43,amazon Ledsone,true
912360000000,204-8235383-6068315,AMAZON,B0BB371NGW,,CL2RBM5PK,1,12.47,12.47,2026-04-26 15:52:59,amazon Ledsone,true
912370000000,205-2299552-8175556,AMAZON,B0B82W84F2,,PHSF1AGRGB,1,13.89,,2026-04-26 18:08:49,amazon Ledsone,true
912380000000,202-7529039-4409967,AMAZON,B0D7ZTRLBH,,LSCY290BM2PK+RPR44WH2PK,1,25.89,,2026-04-26 19:45:31,amazon Ledsone,true
912390000000,202-1490630-0811544,AMAZON,B0C3ZTR2VC,,LSCY290CH+RPR44WH,1,16.29,,2026-04-26 21:27:21,amazon Ledsone,true
912400000000,205-3553607-6149917,AMAZON,B094R3M2DC,,amzn.gr.PLADBM_F-IqNhZbtC489DOjMsZ-w8-VG,1,46.87,46.87,2026-04-26 21:45:15,amazon Ledsone,true
912410000000,202-9897509-8942705,AMAZON,B0CHRVWSBM,,CL3RBM5PK,1,11.99,,2026-04-26 22:05:22,amazon Ledsone,true
913040000000,202-4131206-1597128,AMAZON,B0CS9PS8J3,,LSCY210BG3PK+RPR44WH3PK,1,29.89,29.89,2026-04-27 04:26:56,amazon Dcvoltage,true
913050000000,202-3811047-3253137,AMAZON,B07L8HQG6Y,,CL3TGD5PK,1,13.99,13.99,2026-04-27 06:11:03,amazon Dcvoltage,true
913060000000,205-4147557-8265940,AMAZON,B08VGMKHT7,,LSCY290BM+RPR44WH,1,15.89,15.89,2026-04-27 07:02:17,amazon Dcvoltage,true
913070000000,202-0134512-4551561,AMAZON,B0FHPMM3WZ,,CRFF100CO2PK+LHNSE27CO2PK,1,23.89,23.89,2026-04-27 08:03:12,amazon Dcvoltage,true
913080000000,026-3641244-6971556,AMAZON,B08X9Z14CG,,PSDS4BMRGY,1,14.07,14.07,2026-04-27 08:19:39,amazon Dcvoltage,true
913090000000,205-9121810-3705953,AMAZON,B07LB4KZ9S,,CL3RAGAPK,1,20.49,20.49,2026-04-27 08:42:21,amazon Dcvoltage,true
913100000000,203-5007258-6637106,AMAZON,B08X9WZXK1,,PSDS4BMRBM,1,13.79,13.79,2026-04-27 10:19:41,amazon Dcvoltage,true
913110000000,204-4973173-1293111,AMAZON,B0CBPBQK1X,,WCB2BC2PK+RPR44WH2PK,1,15.99,15.99,2026-04-27 11:04:11,amazon Dcvoltage,true
913120000000,202-5473092-1621134,AMAZON,B08V5RPGD1,,CRSF100BC+PHCH1PBRBC+LSCY290BC,2,37.78,37.78,2026-04-27 11:06:50,amazon Dcvoltage,true
913130000000,203-2049375-0301959,AMAZON,B0CG5ZHJYF,,LSCY290BC2PK+RPR44WH2PK,1,27.79,27.79,2026-04-27 11:54:20,amazon Dcvoltage,true
913140000000,202-9241702-3567505,AMAZON,B0BZ4ZRNCC,,ENC1291,1,18.89,18.89,2026-04-27 14:12:58,amazon Dcvoltage,true
913150000000,202-9590817-6385900,AMAZON,B0CL1K1T2T,,ENC5521,1,41.89,41.89,2026-04-27 15:45:06,amazon Dcvoltage,true
913160000000,205-0621988-1573936,AMAZON,B0CKWMGD1M,,CL3RBR5PK,1,12.99,12.99,2026-04-27 15:56:45,amazon Dcvoltage,true
913170000000,205-5135775-3865142,AMAZON,B0965HZJGN,,ENC686,1,49.49,49.49,2026-04-27 16:22:05,amazon Dcvoltage,true
913180000000,206-5925550-9581166,AMAZON,B0GCZQVHRF,,CRFF100BM+LHNSE27BM+ICST64E27,1,16.99,16.99,2026-04-27 16:55:39,amazon Dcvoltage,true
913190000000,203-6619266-2148314,AMAZON,B0CBPDLCLL,,WCB1BB2PK+RPR44WH2PK,1,13.89,13.89,2026-04-27 17:44:34,amazon Dcvoltage,true
913200000000,206-8616402-0317959,AMAZON,B07L9V6L4Y,,CL3RGDAPK,2,45.98,45.98,2026-04-27 18:02:54,amazon Dcvoltage,true
913210000000,203-6843184-7161904,AMAZON,B0C7C8LWY9,,LSCY290NB+RPR44WH,1,15.79,,2026-04-27 18:13:33,amazon Dcvoltage,true
913220000000,204-8722529-2497164,AMAZON,B08Z7RZC6W,,CRSF100BM+PHUH1HETBM+LSHM400HE,1,32.20,33.89,2026-04-27 18:49:47,amazon Dcvoltage,true
913240000000,205-3713789-0858733,AMAZON,B0GGDTRTN7,,CRFF100BM2PK+LHNSE27BM2PK+ICST64E272PK,1,28.89,28.89,2026-04-27 19:00:44,amazon Dcvoltage,true
913250000000,206-5200493-6245166,AMAZON,B07F9SH71F,,LDMG95E274,1,5.69,5.69,2026-04-27 19:48:07,amazon Dcvoltage,true
913260000000,026-3169960-3579553,AMAZON,B0DBLLNYRP,,CL3RHE5PK,1,13.39,13.39,2026-04-27 20:52:43,amazon Dcvoltage,true
913270000000,206-8208581-2458709,AMAZON,B0CSNHHK98,,ENC7630,1,35.88,30.89,2026-04-27 21:22:44,amazon Dcvoltage,true
913290000000,203-9299753-3631555,AMAZON,B0BB371NGW,,CL2RBM5PK,1,12.47,,2026-04-27 06:27:56,amazon Ledsone,true
913300000000,203-9468585-3893166,AMAZON,B0CCJ13D4W,,SPSDP2WH5PK,1,17.89,17.89,2026-04-27 07:07:21,amazon Ledsone,true
913310000000,203-9435676-7980310,AMAZON,B0DF2C5Y3T,,LHC5E27WH3PK,1,12.70,12.70,2026-04-27 08:40:00,amazon Ledsone,true
913320000000,203-9435676-7980310,AMAZON,B0DF2C5Y3T,,LHC5E27WH3PK,1,12.70,12.70,2026-04-27 08:40:00,amazon Ledsone,true
913330000000,202-1385914-4943553,AMAZON,B0D7ZTRLBH,,LSCY290BM2PK+RPR44WH2PK,1,25.89,25.89,2026-04-27 09:07:14,amazon Ledsone,true
913340000000,206-0375599-9129145,AMAZON,B0F21TXF2F,,WCWYBM2PK,1,11.29,11.29,2026-04-27 09:23:04,amazon Ledsone,true
913360000000,205-1247644-7354746,AMAZON,B0BBS6B82P,,CL3TBMAPK,1,21.89,,2026-04-27 11:02:56,amazon Ledsone,true
913370000000,205-2981555-2626715,AMAZON,B0CCJQMZZ8,,LSCY290BC+RPR44WH,1,15.49,15.49,2026-04-27 11:40:15,amazon Ledsone,true
913380000000,202-5818864-9145912,AMAZON,B0BW9R2WQ6,,LSLT360RE+RPR44WH,1,14.59,14.59,2026-04-27 12:23:36,amazon Ledsone,true
913390000000,206-9786452-3661118,AMAZON,B0CZXHLR1Q,,TPOSBDBM2PK,1,45.78,45.78,2026-04-27 12:37:42,amazon Ledsone,true
913400000000,202-1941946-6395507,AMAZON,B0DXQ8VVR7,,LSCY290WH2PK+RPR44WH2PK,1,25.79,25.79,2026-04-27 13:07:46,amazon Ledsone,true
913410000000,026-0111860-4961153,AMAZON,B09WJC8S2P,,CRFF140YB+WSNW170YB+LSOL220YB+ICST64E27,1,18.89,18.89,2026-04-27 13:57:30,amazon Ledsone,true
913420000000,205-4138730-1880305,AMAZON,B0DXQ7LC8N,,LSCY290GR2PK+RPR44WH2PK,1,24.89,24.89,2026-04-27 14:18:51,amazon Ledsone,true
913430000000,202-8712784-6658752,AMAZON,B0DXQ7LC8N,,LSCY290GR2PK+RPR44WH2PK,1,24.89,24.89,2026-04-27 15:34:30,amazon Ledsone,true
913440000000,026-7729888-5887511,AMAZON,B091M812TL,,CL3TRW5PK,1,11.99,11.99,2026-04-27 17:23:52,amazon Ledsone,true
913450000000,205-5137063-2603564,AMAZON,B0F28YFTQ9,,LSCY290BU+RPR44WH,1,14.89,14.89,2026-04-27 17:40:56,amazon Ledsone,true
913460000000,202-7994719-3288346,AMAZON,B0BBS1VR82,,amzn.gr.CL3THEAPK-AM-zlA7BElCz8C_3JSN-VG,1,17.99,17.99,2026-04-27 17:51:33,amazon Ledsone,true
913470000000,205-8784474-5461152,AMAZON,B0C3ZT3VR1,,LSCY290BD+RPR44WH,1,19.88,14.89,2026-04-27 17:55:01,amazon Ledsone,true
913480000000,204-4870879-5905139,AMAZON,B0963P71QD,,CRFF500BM+PHRI1PBRCO3PK+LSOL220CO3PK,1,36.79,,2026-04-27 18:44:35,amazon Ledsone,true
913490000000,202-8256667-3030720,AMAZON,B0F7QQYMSM,,CL3TGDAPK,1,20.39,20.39,2026-04-27 18:53:26,amazon Ledsone,true
913500000000,202-4383591-1187502,AMAZON,B0BBBHFCPF,,CL3RPU5PK,1,12.79,12.79,2026-04-27 19:22:51,amazon Ledsone,true
913520000000,203-2961153-0387511,AMAZON,B0C2D1P2K2,,ENC1908,2,32.58,,2026-04-27 19:52:37,amazon Ledsone,true
913530000000,026-0775161-2309115,AMAZON,B0DXQ8VVR7,,LSCY290WH2PK+RPR44WH2PK,1,25.79,25.79,2026-04-27 20:22:27,amazon Ledsone,true
915080000000,203-5203734-4465948,AMAZON,B0BZ4ZRNCC,,ENC1291,1,18.89,18.89,2026-04-28 04:44:23,amazon Dcvoltage,true
915090000000,206-1926114-8497960,AMAZON,B07F9SH71F,,LDMG95E274,1,5.69,5.69,2026-04-28 05:26:52,amazon Dcvoltage,true
915100000000,205-0296470-4330703,AMAZON,B07CS22K8L,,12IP6720,1,10.19,10.19,2026-04-28 09:03:08,amazon Dcvoltage,true
915110000000,205-4892389-3032335,AMAZON,B0CBPDLCLL,,WCB1BB2PK+RPR44WH2PK,1,13.89,13.89,2026-04-28 09:51:07,amazon Dcvoltage,true
915120000000,205-2586200-1069128,AMAZON,B0CBLXL9R1,,WCVCBC2PK+RPR44WH2PK,2,31.78,31.78,2026-04-28 10:30:50,amazon Dcvoltage,true
915130000000,206-4634026-5512361,AMAZON,B08KGJT4DP,,CL3THE5PK,1,15.69,15.69,2026-04-28 10:32:14,amazon Dcvoltage,true
915160000000,206-0596808-0701931,AMAZON,B0BWJWGXD4,,LSCY210BG+RPR44WH,2,24.98,24.98,2026-04-28 10:42:28,amazon Dcvoltage,true
915170000000,202-8901491-4978709,AMAZON,B0C6LV14PT,,12UK3P2A,1,6.99,6.99,2026-04-28 11:06:34,amazon Dcvoltage,true
915180000000,026-2026541-9857108,AMAZON,B08X9WZXK1,,PSDS4BMRBM,1,13.79,13.79,2026-04-28 11:44:20,amazon Dcvoltage,true
915190000000,203-5014609-2934755,AMAZON,B0DMDV1BF9,,WCCYSP160BM2PK,1,26.89,26.89,2026-04-28 12:24:50,amazon Dcvoltage,true
915200000000,203-2649600-9210718,AMAZON,B07PM4GDGP,,CL3TBM5PK,1,11.79,11.79,2026-04-28 13:29:35,amazon Dcvoltage,true
915210000000,026-2234632-7999510,AMAZON,B0DBLN5KN6,,CL3RGD5PK,1,11.68,12.29,2026-04-28 13:58:02,amazon Dcvoltage,true
915220000000,206-1369098-7491500,AMAZON,B0D56ZN8NP,,WCB7WH2PK+RPR44WH2PK,1,15.69,15.69,2026-04-28 15:13:27,amazon Dcvoltage,true
915230000000,026-7882428-6997117,AMAZON,B0DFHMC949,,LSCY290BI+RPR44WH-,1,15.29,15.29,2026-04-28 16:46:28,amazon Dcvoltage,true
915240000000,203-9636610-8773111,AMAZON,B0DH9BSF4C,,CL3TBM5PK,1,14.09,14.09,2026-04-28 16:49:42,amazon Dcvoltage,true
915250000000,202-4404001-5196356,AMAZON,B08V8N6TGD,,CRSF100WH+LHNSE27WH+LSMS320YE,1,18.49,,2026-04-28 17:08:37,amazon Dcvoltage,true
915260000000,202-5210727-1937935,AMAZON,B0965HZJGN,,ENC686,1,49.49,49.49,2026-04-28 17:20:16,amazon Dcvoltage,true
915270000000,203-7550646-3600335,AMAZON,B0DM61D265,,LSFT220BM3PK+RPR44WH3PK,1,19.89,19.89,2026-04-28 18:36:59,amazon Dcvoltage,true
915280000000,203-7550646-3600335,AMAZON,B0DM63L7J1,,LSFT220BM2PK+RPR44WH2PK,1,16.79,16.79,2026-04-28 18:36:59,amazon Dcvoltage,true
915290000000,204-8036905-1885950,AMAZON,B0DH96KQ88,,CL3TOR5PK,1,11.89,11.89,2026-04-28 18:49:43,amazon Dcvoltage,true
915300000000,026-3608857-6861129,AMAZON,B0CSNHHK98,,ENC7630,1,30.89,30.89,2026-04-28 21:16:25,amazon Dcvoltage,true
915310000000,205-4649720-7293959,AMAZON,B07F9SH71F,,LDMG95E274,1,5.69,,2026-04-28 21:25:35,amazon Dcvoltage,true
915320000000,202-8674447-9065165,AMAZON,B0CG5ZHJYF,,LSCY290BC2PK+RPR44WH2PK,1,28.49,,2026-04-28 22:32:19,amazon Dcvoltage,true
915330000000,202-0389533-3186763,AMAZON,B08X9WZXK1,,PSDS4BMRBM,1,14.07,,2026-04-28 22:54:23,amazon Dcvoltage,true
915340000000,026-1249296-0537917,AMAZON,B07QV1YKZW,,12RPIP45100,1,13.89,,2026-04-28 22:56:37,amazon Dcvoltage,true
915350000000,205-2321252-2694740,AMAZON,B0D6VLZXY4,,ENC7392,1,40.69,,2026-04-28 23:22:08,amazon Dcvoltage,true
915360000000,204-2058844-0613121,AMAZON,B0B82W84F2,,PHSF1AGRGB,1,13.89,13.89,2026-04-28 00:34:19,amazon Ledsone,true
915370000000,026-2478834-2076340,AMAZON,B0CZXL6ZYG,,TPOSBDBM,1,23.89,23.89,2026-04-28 03:39:34,amazon Ledsone,true
915380000000,202-3033792-6372340,AMAZON,B0C2D1P2K2,,ENC1908,1,16.29,16.29,2026-04-28 03:49:35,amazon Ledsone,true
915390000000,206-6564589-8237132,AMAZON,B0F7QRPZY7,,CL3TBRAPK,1,19.89,19.89,2026-04-28 07:29:14,amazon Ledsone,true
915400000000,203-9962777-6043517,AMAZON,B0CZXL6ZYG,,TPOSBDBM,1,23.89,23.89,2026-04-28 08:05:45,amazon Ledsone,true
915410000000,026-8287180-8991567,AMAZON,B0G1TKZTS4,,CKAN1937BM,1,14.99,14.99,2026-04-28 08:21:51,amazon Ledsone,true
915420000000,205-8377752-1198722,AMAZON,B0CZXHLR1Q,,TPOSBDBM2PK,1,45.78,45.78,2026-04-28 09:54:22,amazon Ledsone,true
915430000000,026-6498626-1825149,AMAZON,B0CCHYJ6PP,,SPSDP2YB5PK,1,17.79,17.79,2026-04-28 10:49:51,amazon Ledsone,true
915440000000,205-3353418-2088324,AMAZON,B0BBS1R9DM,,CL3TBDAPK,1,19.69,19.69,2026-04-28 11:32:28,amazon Ledsone,true
915450000000,204-7003830-9046700,AMAZON,B0B9Y614SR,,CL3TGR5PK,1,12.59,12.59,2026-04-28 12:15:36,amazon Ledsone,true
915460000000,205-1834675-3259501,AMAZON,B0CGRJ5PM4,,CRSF100BM+SPSPLBM+PHRNWP2RBM,1,13.29,13.29,2026-04-28 12:31:24,amazon Ledsone,true
915470000000,205-7474602-5987516,AMAZON,B0F43VK2KY,,LSCY290CO+RPR44WH,4,67.56,67.56,2026-04-28 13:18:10,amazon Ledsone,true
915480000000,026-1881942-4341108,AMAZON,B0BB371NGW,,CL2RBM5PK,1,12.47,12.47,2026-04-28 13:32:50,amazon Ledsone,true
915490000000,206-4670180-0963532,AMAZON,B0CCHX3S7L,,SPSDP2BM6PK,1,19.79,19.79,2026-04-28 14:52:51,amazon Ledsone,true
915510000000,206-5328989-8399565,AMAZON,B0CG5QLXR8,,CL2ROR5PK,2,24.78,24.78,2026-04-28 15:38:46,amazon Ledsone,true
915520000000,026-9670503-1665151,AMAZON,B0G1TFFZZH,,CKA18ATC4255BM,1,20.29,,2026-04-28 16:07:23,amazon Ledsone,true
915530000000,205-4289303-7139522,AMAZON,B0BB371NGW,,CL2RBM5PK,1,12.47,12.47,2026-04-28 16:14:10,amazon Ledsone,true
915540000000,205-3755510-7786740,AMAZON,B0DXQB7T3C,,LSCY290GY2PK+RPR44WH2PK,1,26.29,26.29,2026-04-28 17:13:03,amazon Ledsone,true
915550000000,206-3932552-6362718,AMAZON,B0CGZQV9Y7,,amzn.gr.LSMCSPFLMC_RPR44WH-cHrfQtlQ8g-LN,1,19.91,,2026-04-28 18:48:41,amazon Ledsone,true
915560000000,204-3741945-2078747,AMAZON,B0BBB3V9M6,,CL3RBW5PK,1,13.01,13.01,2026-04-28 19:35:59,amazon Ledsone,true
915570000000,203-6424957-6253154,AMAZON,B0CCJQMZZ8,,LSCY290BC+RPR44WH,1,15.49,,2026-04-28 19:41:01,amazon Ledsone,true
915580000000,204-9921093-3115512,AMAZON,B0F2919THD,,LSCY290CO+RPR44WH,1,18.19,18.19,2026-04-28 19:49:02,amazon Ledsone,true
915590000000,204-9538610-3238760,AMAZON,B0D8YHSBLV,,LSCY210BG2PK+RPR44WH2PK,1,20.89,20.89,2026-04-28 19:53:17,amazon Ledsone,true
915600000000,026-6204917-4677134,AMAZON,B0D794K9Y2,,WCB7BM2PK+RPR44WH2PK,1,16.19,16.19,2026-04-28 19:57:44,amazon Ledsone,true
915610000000,205-6604077-6245152,AMAZON,B0F7QWMBLY,,CL3TGLAPK,1,19.69,19.69,2026-04-28 21:53:15,amazon Ledsone,true
915620000000,206-9836207-3636306,AMAZON,B0CCJ13D4W,,SPSDP2WH5PK,1,17.89,,2026-04-28 22:20:53,amazon Ledsone,true
917280000000,204-3052394-7901102,AMAZON,B07ZFWL5T1,,CRFF100GB+LHNSE27GB,1,13.89,13.89,2026-04-29 06:25:06,amazon Dcvoltage,true
917290000000,202-9113427-1269156,AMAZON,B07F9SH71F,,LDMG95E274,1,5.69,5.69,2026-04-29 06:40:29,amazon Dcvoltage,true
917300000000,203-8916706-3167527,AMAZON,B07CS22K8L,,12IP6720,1,10.09,10.09,2026-04-29 07:09:34,amazon Dcvoltage,true
917310000000,203-2481763-6909923,AMAZON,B07PM6VXCG,,CL3TBK5PK,1,13.01,,2026-04-29 07:25:26,amazon Dcvoltage,true
917320000000,205-8206839-5987513,AMAZON,B0CZ9FPLB7,,LSMS320GR2PK+RPR44WH2PK,1,30.08,,2026-04-29 10:49:20,amazon Dcvoltage,true
917330000000,026-0655600-6511556,AMAZON,B08XNPKHZX,,LSSS300YE+RPR44WH,1,18.48,13.49,2026-04-29 11:07:24,amazon Dcvoltage,true
917340000000,205-3573349-6941958,AMAZON,B0D56YL7CS,,WCB6BC2PK+RPR44WH2PK,1,14.89,14.89,2026-04-29 12:09:46,amazon Dcvoltage,true
917350000000,206-8388340-2821154,AMAZON,B07L8HQG6Y,,CL3TGD5PK,1,13.89,13.89,2026-04-29 13:30:08,amazon Dcvoltage,true
917360000000,206-6475576-7709919,AMAZON,B08XBKHY6C,,PSDS4BMRBL,1,14.07,14.07,2026-04-29 13:42:53,amazon Dcvoltage,true
917370000000,205-3863927-5628330,AMAZON,B0DH66Z6JM,,CL2TBM5PK,1,13.99,13.99,2026-04-29 14:21:55,amazon Dcvoltage,true
917380000000,206-6727868-3317939,AMAZON,B0BBGMC9HS,,CL2RBW5PK,1,12.89,12.89,2026-04-29 14:44:53,amazon Dcvoltage,true
917390000000,202-3447987-7399530,AMAZON,B07F9SH71F,,LDMG95E274,1,5.69,5.69,2026-04-29 14:53:59,amazon Dcvoltage,true
917400000000,205-3814509-7340327,AMAZON,B08VGPPQ48,,LSCY290GY+RPR44WH,1,15.49,15.49,2026-04-29 16:18:31,amazon Dcvoltage,true
917420000000,204-3058511-2295505,AMAZON,B07CWGNBBJ,,12IP20120,1,17.08,12.09,2026-04-29 18:07:44,amazon Dcvoltage,true
917430000000,026-4750790-9348354,AMAZON,B0CYZVX28V,,LSCY290CO2PK+RPR44WH2PK,1,31.89,,2026-04-29 18:27:41,amazon Dcvoltage,true
917440000000,026-4345084-8525150,AMAZON,B0CGRJBVL2,,TPOSBDBM2PK,1,45.78,45.78,2026-04-29 18:34:21,amazon Dcvoltage,true
917450000000,026-4490150-2897146,AMAZON,B08KGJT4DP,,CL3THE5PK,2,31.38,31.38,2026-04-29 19:42:50,amazon Dcvoltage,true
917460000000,204-0224491-1666711,AMAZON,B0DH96KQ88,,CL3TOR5PK,1,11.89,,2026-04-29 20:03:04,amazon Dcvoltage,true
917470000000,202-2028726-2180348,AMAZON,B0F28YFTQ9,,LSCY290BU+RPR44WH,1,14.89,14.89,2026-04-29 04:27:45,amazon Ledsone,true
917480000000,203-5913111-3781138,AMAZON,B0B8VWLDFP,,LDSG125MUE2742PK,1,20.39,20.39,2026-04-29 05:25:28,amazon Ledsone,true
917500000000,206-3648592-7908327,AMAZON,B079Z8W7FF,,2 Core Twised Gold 10 Meters,1,20.49,20.49,2026-04-29 06:49:54,amazon Ledsone,true
917510000000,203-4487840-8479535,AMAZON,B0D7S64HXG,,LSMS320BT+RPR44WH,1,14.99,14.99,2026-04-29 06:54:49,amazon Ledsone,true
917520000000,205-2134702-4290728,AMAZON,B0B4K4LN25,,PSDS4BMRBL,1,14.09,14.09,2026-04-29 07:53:20,amazon Ledsone,true
917530000000,203-2459634-7142705,AMAZON,B0B4K4VWDZ,,PSDS4BMRGD,1,14.07,14.07,2026-04-29 10:02:51,amazon Ledsone,true
917540000000,202-3815222-3689167,AMAZON,B0B82W84F2,,PHSF1AGRGB,1,13.89,,2026-04-29 12:10:50,amazon Ledsone,true
917550000000,026-7233730-5629156,AMAZON,B0F9X1GLK8,,CL3THEAPK,1,19.99,19.99,2026-04-29 16:46:28,amazon Ledsone,true
917560000000,026-2441327-9787560,AMAZON,B0D794K9Y2,,WCB7BM2PK+RPR44WH2PK,1,16.19,16.19,2026-04-29 17:51:55,amazon Ledsone,true
917570000000,203-2447008-1502711,AMAZON,B0CGZQV9Y7,,LSMCSPFLMC+RPR44WH,1,24.89,24.89,2026-04-29 18:05:46,amazon Ledsone,true
917580000000,204-5285179-7550735,AMAZON,B0CZXHLR1Q,,TPOSBDBM2PK,1,45.78,45.78,2026-04-29 19:58:41,amazon Ledsone,true
917590000000,202-5731469-1574714,AMAZON,B0B82Y8Q8N,,PHSF1GDRFG,1,14.99,,2026-04-29 20:17:47,amazon Ledsone,true
917600000000,202-2901993-6849151,AMAZON,B07CM4KTJW,,12IP67100,2,35.98,35.98,2026-04-29 20:55:02,amazon Ledsone,true
917610000000,202-2234063-4633940,AMAZON,B0F2919THD,,LSCY290CO+RPR44WH,1,18.19,18.19,2026-04-29 21:11:45,amazon Ledsone,true
917620000000,202-7849785-9486735,AMAZON,B0D295CX3N,,LSCY290CO+RPR44WH,2,34.62,34.62,2026-04-29 21:22:21,amazon Ledsone,true
918520000000,203-2447008-1502711,AMAZON,B0CGZQV9Y7,,LSMCSPFLMC+RPR44WH,1,0.00,,2026-04-29 18:05:46,amazon Ledsone,true
918690000000,026-6619305-1270743,AMAZON,B0DFHMDZYQ,,LSCY290NB+RPR44WH,1,20.48,15.49,2026-04-30 06:26:19,amazon Dcvoltage,true
918700000000,026-8587530-1232323,AMAZON,B08XC1QT69,,CL3THEAPK,1,19.99,19.99,2026-04-30 09:39:49,amazon Dcvoltage,true
918710000000,202-5343865-2378738,AMAZON,B0C6LV14PT,,12UK3P2A,1,6.89,6.89,2026-04-30 14:45:40,amazon Dcvoltage,true
918720000000,203-0541062-8997132,AMAZON,B0CH39MWRF,,WSOSBDBM,1,21.25,19.59,2026-04-30 14:47:07,amazon Dcvoltage,true
918730000000,203-1921767-2768309,AMAZON,B0D53FZ8GS,,WCB2WH2PK+RPR44WH2PK,1,15.89,,2026-04-30 14:59:29,amazon Dcvoltage,true
918740000000,202-1987833-8889169,AMAZON,B0CZ9FPLB7,,LSMS320GR2PK+RPR44WH2PK,1,25.09,25.09,2026-04-30 15:18:45,amazon Dcvoltage,true
918750000000,204-3833509-9875503,AMAZON,B0DH9BSF4C,,CL3TBM5PK,1,14.09,14.09,2026-04-30 16:08:57,amazon Dcvoltage,true
918770000000,202-6224011-4299549,AMAZON,B0F3J892HH,,LLRO18W2PK,1,6.09,6.09,2026-04-30 19:13:09,amazon Dcvoltage,true
918780000000,204-1414071-8953160,AMAZON,B0DH96KQ88,,CL3TOR5PK,1,11.65,,2026-04-30 19:19:03,amazon Dcvoltage,true
918790000000,206-3022084-6455556,AMAZON,B0CGRJ1V8L,,TPOSBDBM,1,23.89,23.89,2026-04-30 19:52:03,amazon Dcvoltage,true
918800000000,026-0603968-1885916,AMAZON,B0D2TCJKT7,,LSCY290OR2PK+RPR44WH2PK,1,24.49,,2026-04-30 20:09:17,amazon Dcvoltage,true
918810000000,205-9409167-2281140,AMAZON,B0C6LV14PT,,12UK3P2A,1,6.89,6.89,2026-04-30 20:38:11,amazon Dcvoltage,true
918830000000,026-4652812-7152310,AMAZON,B0CDWVF7VV,,PSHYOS4WRWH,1,14.09,14.09,2026-04-30 04:54:58,amazon Ledsone,true
918840000000,204-9327233-2952316,AMAZON,B0CBKCDMKH,,amzn.gr.PHSF2GDRYB_SPSDP2YB_IC-W93zeH-VG,2,30.70,12.79,2026-04-30 07:53:42,amazon Ledsone,true
918850000000,026-6687543-6409969,AMAZON,B0B2K81GXH,,LHC5E27WH5PK,1,13.89,13.89,2026-04-30 16:37:54,amazon Ledsone,true
918860000000,204-5637437-7747520,AMAZON,B0B82Y8Q8N,,PHSF1GDRFG,1,14.99,14.99,2026-04-30 16:42:29,amazon Ledsone,true
918870000000,204-2407926-0615566,AMAZON,B0CGZQV9Y7,,LSMCSPFLMC+RPR44WH,1,24.89,24.89,2026-04-30 17:57:39,amazon Ledsone,true
918880000000,206-7544754-7775556,AMAZON,B0CCJQMZZ8,,LSCY290BC+RPR44WH,1,15.49,,2026-04-30 19:41:23,amazon Ledsone,true
918890000000,203-3280875-1689127,AMAZON,B0D298ZBH2,,LSCY290WH2PK+RPR44WH2PK,1,26.99,,2026-04-30 21:00:10,amazon Ledsone,true
918900000000,205-3386714-8703554,AMAZON,B0868DXK1B,,CCBKNWE48,2,20.58,,2026-04-30 22:10:25,amazon Ledsone,true
918910000000,204-5838901-7612361,AMAZON,B0CFV9JG2H,,PSOS4BMTHE,1,17.59,,2026-04-30 22:51:13,amazon Ledsone,true
