order_item_info,order_id,source_name,asin,item_id,sku,quantity,order_total,item_price,order_date,ss_name,fba_sales
1049050000000,205-8062046-6137134,AMAZON,B0C7Q6ZQ8T,,CRSF100BM+PHHT1PBRBM+LSHM400HE,1,33.12,33.12,2026-07-01 01:03:39,amazon Dcvoltage,true
1049060000000,026-8760444-5618759,AMAZON,B0915YM5YZ,,CRSF100BM+LHNSE27CO+SCRN70CO+LSFT220CHA,2,29.56,,2026-07-01 08:19:46,amazon Dcvoltage,true
1049070000000,206-0995087-0137102,AMAZON,B0CJCFL5GT,,LSSS300OR2PK+RPR44WH2PK,1,22.89,22.89,2026-07-01 09:19:09,amazon Dcvoltage,true
1049080000000,206-6684530-6793118,AMAZON,B0CB7VJNLD,,SPSDP2YB3PK,1,11.39,11.39,2026-07-01 09:49:40,amazon Dcvoltage,true
1049090000000,026-8200367-4441115,AMAZON,B096FPKPNQ,,ENC685,1,44.89,44.89,2026-07-01 10:16:18,amazon Dcvoltage,true
1049100000000,205-1318975-2427548,AMAZON,B0D53YC5HZ,,WCB2BM2PK+RPR44WH2PK,1,15.89,15.89,2026-07-01 11:30:38,amazon Dcvoltage,true
1049110000000,204-5184410-6278707,AMAZON,B08VGPPQ48,,LSCY290GY+RPR44WH,1,15.29,,2026-07-01 12:00:53,amazon Dcvoltage,true
1049120000000,206-9650370-4280312,AMAZON,B0DKF35RMQ,,12IP20300,1,16.39,16.39,2026-07-01 13:09:20,amazon Dcvoltage,true
1049130000000,026-8839308-9253965,AMAZON,B0FHPMM3WZ,,CRFF100CO2PK+LHNSE27CO2PK,1,23.89,,2026-07-01 13:44:22,amazon Dcvoltage,true
1049140000000,205-1999556-9685900,AMAZON,B0CBPQVC6K,,WCB4WH2PK+RPR44WH2PK,1,16.59,16.59,2026-07-01 13:57:18,amazon Dcvoltage,true
1049150000000,205-2972460-2171511,AMAZON,B07PM5KN1T,,CL3TGL5PK,1,12.99,12.99,2026-07-01 13:58:16,amazon Dcvoltage,true
1049160000000,205-6963126-6267567,AMAZON,B096FPKPNQ,,ENC685,1,54.89,54.89,2026-07-01 14:39:30,amazon Dcvoltage,true
1049170000000,205-8452268-2289940,AMAZON,B0DP264BLC,,12UK3P10A,1,17.89,17.89,2026-07-01 14:41:35,amazon Dcvoltage,true
1049180000000,203-2732382-3409103,AMAZON,B07LFDY4D3,,CL3TBM5PK,1,13.49,,2026-07-01 14:46:19,amazon Dcvoltage,true
1049190000000,204-4598657-9933967,AMAZON,B0DM61D265,,LSFT220BM3PK+RPR44WH3PK,1,19.89,19.89,2026-07-01 15:40:23,amazon Dcvoltage,true
1049200000000,206-2858613-2009102,AMAZON,B0BZ4ZRNCC,,ENC1291,2,35.14,37.78,2026-07-01 16:17:16,amazon Dcvoltage,true
1049210000000,204-7215724-3337151,AMAZON,B08X4J9CQ1,,CRSF100BM+LHNSE27CO+SCRN70CO+LSFT220ORAM,1,17.59,17.59,2026-07-01 17:14:39,amazon Dcvoltage,true
1049220000000,203-9728524-4856327,AMAZON,B08V5MK449,,CRSF100BM+PHCH1BMRBM+LSCY290BM,1,20.49,20.49,2026-07-01 18:12:49,amazon Dcvoltage,true
1049230000000,206-7040403-0453167,AMAZON,B08XBHQ8JJ,,PSDS2BMRGR,1,11.89,11.89,2026-07-01 18:14:27,amazon Dcvoltage,true
1049240000000,202-2194511-4417918,AMAZON,B08Z7W3SYL,,CRSF100BM+PHUH1HETBM+LSHM300HE,1,31.69,31.69,2026-07-01 18:52:56,amazon Dcvoltage,true
1049250000000,204-7744657-3905162,AMAZON,B0C7CLVDHR,,LSCY290BI+RPR44WH,1,14.89,14.89,2026-07-01 19:05:33,amazon Dcvoltage,true
1049260000000,206-5428069-4886753,AMAZON,B08XC25WCD,,CL3TBMAPK,1,20.99,20.99,2026-07-01 19:40:56,amazon Dcvoltage,true
1049270000000,203-6252199-5413928,AMAZON,B0DFHMC949,,LSCY290BI+RPR44WH-,1,15.29,15.29,2026-07-01 19:48:09,amazon Dcvoltage,true
1049280000000,026-4242947-3913945,AMAZON,B0CH3BD4MP,,WSOSBDBM2PK,1,34.79,34.79,2026-07-01 19:58:55,amazon Dcvoltage,true
1049290000000,204-4441128-3809905,AMAZON,B0CB4R32R6,,LSRP260CO+RPR44WH,1,18.49,18.49,2026-07-01 20:13:09,amazon Dcvoltage,true
1049300000000,204-4387771-1760329,AMAZON,B07F9SH71F,,LDMG95E274,1,5.69,,2026-07-01 20:21:54,amazon Dcvoltage,true
1049310000000,202-7986669-5031563,AMAZON,B08X4KB22H,,CRSF100BM+LHNSE27CO+SCRN70CO+LSFT220BC,1,17.49,17.49,2026-07-01 20:28:42,amazon Dcvoltage,true
1049320000000,206-0374561-4006742,AMAZON,B09643CJ5N,,CRFF500BM+PHCH1BMRBM3PK+LSDO210BG3PK,1,35.48,,2026-07-01 20:41:54,amazon Dcvoltage,true
1049330000000,026-4767777-4633122,AMAZON,B0CKWMGD1M,,CL3RBR5PK,1,12.99,,2026-07-01 20:45:58,amazon Dcvoltage,true
1049340000000,203-8273278-3592344,AMAZON,B0CXSQZ68C,,LSCY290BD2PK+RPR44WH2PK,1,26.53,26.53,2026-07-01 21:23:56,amazon Dcvoltage,true
1049350000000,204-8661492-4421953,AMAZON,B07F9SH71F,,LDMG95E274,1,5.69,,2026-07-01 21:34:16,amazon Dcvoltage,true
1049360000000,204-2172776-1950706,AMAZON,B0CRZ5GV66,,LSCY290YB+RPR44WH,1,16.89,,2026-07-01 21:41:56,amazon Dcvoltage,true
1049370000000,205-8144138-2271531,AMAZON,B0D56YL7CS,,WCB6BC2PK+RPR44WH2PK,1,14.89,14.89,2026-07-01 21:51:00,amazon Dcvoltage,true
1049380000000,202-8332426-0897138,AMAZON,B07ZFWL5T1,,CRFF100GB+LHNSE27GB,1,13.89,,2026-07-01 23:47:29,amazon Dcvoltage,true
1049390000000,026-9942168-8481124,AMAZON,B0F2919THD,,LSCY290CO+RPR44WH,2,36.38,36.38,2026-07-01 00:56:03,amazon Ledsone,true
1049400000000,203-9338699-4339562,AMAZON,B079Z8W7FF,,2 Core Twised Gold 10 Meters,1,19.99,19.99,2026-07-01 05:39:12,amazon Ledsone,true
1049410000000,205-4492170-9239510,AMAZON,B0CHRVWSBM,,CL3RBM5PK,1,11.16,11.85,2026-07-01 06:13:54,amazon Ledsone,true
1049420000000,205-7587364-5985134,AMAZON,B0B82Y8Q8N,,PHSF1GDRFG,1,14.99,,2026-07-01 06:24:54,amazon Ledsone,true
1049430000000,205-2226515-4002734,AMAZON,B0B2K8F78C,,LHC6E27WH5PK,1,13.89,13.89,2026-07-01 07:15:45,amazon Ledsone,true
1049440000000,204-4537870-7799510,AMAZON,B0D7S58RX5,,LSMS320CB+RPR44WH,1,14.99,14.99,2026-07-01 07:34:16,amazon Ledsone,true
1049450000000,204-6970054-5986751,AMAZON,B0B9YBYDLP,,CL3TBD5PK,1,13.51,13.51,2026-07-01 08:37:58,amazon Ledsone,true
1049460000000,204-4235894-5079542,AMAZON,B0F28YR5JN,,LSCY290NB+RPR44WH,1,15.99,15.99,2026-07-01 09:11:19,amazon Ledsone,true
1049470000000,205-7476627-5541963,AMAZON,B0B4K4MVSK,,PSDS4BMRBU,1,15.20,14.07,2026-07-01 09:16:52,amazon Ledsone,true
1049480000000,203-4682927-3536340,AMAZON,B0F9WXH3SL,,CL2RBMAPK,2,74.30,37.15,2026-07-01 09:47:05,amazon Ledsone,true
1049490000000,203-4682927-3536340,AMAZON,B07PSPC8GB,,CL2RBMAPK,2,71.12,35.56,2026-07-01 09:47:05,amazon Ledsone,true
1049500000000,205-4993547-1433163,AMAZON,B0CGRSQKF1,,amzn.gr.CRSF100BM_PHRYWP1RBM_I-zpJMg8-VG,1,9.22,9.22,2026-07-01 10:26:50,amazon Ledsone,true
1049520000000,206-8716491-4583543,AMAZON,B0B9Y5MRSK,,CL3TGD5PK,1,12.99,12.99,2026-07-01 10:32:57,amazon Ledsone,true
1049530000000,205-7436956-3546736,AMAZON,B0B2K9BY4J,,LHC1E27WH5PK,1,0.00,,2026-07-01 10:35:32,amazon Ledsone,true
1049540000000,205-7436956-3546736,AMAZON,B0B2K913QC,,LHC4E27WH5PK,1,0.00,,2026-07-01 10:35:32,amazon Ledsone,true
1049550000000,206-7198265-1575504,AMAZON,B0CGZQV9Y7,,LSMCSPFLMC+RPR44WH,1,24.89,24.89,2026-07-01 11:03:43,amazon Ledsone,true
1049560000000,203-6982726-7941117,AMAZON,B0F28YR5JN,,LSCY290NB+RPR44WH,1,15.99,15.99,2026-07-01 11:05:47,amazon Ledsone,true
1049570000000,203-1752817-8709969,AMAZON,B0BB34B2QY,,CL2RBR5PK,1,13.79,13.79,2026-07-01 12:42:44,amazon Ledsone,true
1049580000000,026-4128559-1281937,AMAZON,B0CDWS523Q,,PSHYOS4BRBM,1,14.19,14.19,2026-07-01 13:02:53,amazon Ledsone,true
1049590000000,026-9091041-1427564,AMAZON,B09KNVBJZW,,CRSF2003BM+PHRB1PBR40BM3PK+LSBS160GR3PKA,1,29.89,29.89,2026-07-01 13:03:26,amazon Ledsone,true
1049600000000,202-2929815-4565936,AMAZON,B0BBS118NM,,CL3TBKAPK,1,21.89,21.89,2026-07-01 13:44:53,amazon Ledsone,true
1049610000000,202-9916974-2693100,AMAZON,B0979H9NHS,,CNP1000FG,1,4.19,4.19,2026-07-01 14:33:56,amazon Ledsone,true
1049620000000,206-8410373-3367562,AMAZON,B093Y7ZZQF,,ENC1312,2,42.78,42.78,2026-07-01 16:00:09,amazon Ledsone,true
1049630000000,203-1669304-2270707,AMAZON,B0D6KRHHYL,,LSDM220CH2PK+RPR44WH2PK,1,20.09,20.09,2026-07-01 16:29:16,amazon Ledsone,true
1049640000000,205-8942439-7101951,AMAZON,B0CHRVWSBM,,CL3RBM5PK,1,11.99,11.99,2026-07-01 16:58:39,amazon Ledsone,true
1049650000000,202-6533720-8612349,AMAZON,B0CBMQZ8P6,,PHSF2BMRBM+SPSDP2BM,1,13.89,13.89,2026-07-01 18:02:41,amazon Ledsone,true
1049660000000,203-7317894-4733965,AMAZON,B0CGZQV9Y7,,LSMCSPFLMC+RPR44WH,1,24.89,24.89,2026-07-01 18:53:35,amazon Ledsone,true
1049670000000,205-3500614-1105937,AMAZON,B0CGZQV9Y7,,LSMCSPFLMC+RPR44WH,1,24.89,,2026-07-01 18:58:48,amazon Ledsone,true
1049680000000,203-2411197-1575561,AMAZON,B0B77GWCPC,,CRFF108GB2PK+HK10GB2PK,1,12.83,13.63,2026-07-01 18:59:36,amazon Ledsone,true
1049690000000,026-2564384-8981937,AMAZON,B0CFVCM4Z5,,PSOS4BMTHE+ICST64E27,1,17.59,,2026-07-01 20:59:25,amazon Ledsone,true
1049700000000,203-4518953-3411553,AMAZON,B0FKMDBX5K,,CRFF108WH2PK+LHTKE27WH2PK,1,18.29,18.29,2026-07-01 21:09:59,amazon Ledsone,true
1049710000000,206-9006309-7801115,AMAZON,B0CBMQZ8P6,,PHSF2BMRBM+SPSDP2BM,1,13.89,13.89,2026-07-01 21:24:08,amazon Ledsone,true
1049720000000,202-8853609-0194729,AMAZON,B09JM3PLLH,,LDSG125LOE274,1,10.19,,2026-07-01 21:26:23,amazon Ledsone,true
1049730000000,205-7791654-1764366,AMAZON,B0DXQ7YWGJ,,LSCY290YB2PK+RPR44WH2PK,1,26.69,26.69,2026-07-01 21:50:41,amazon Ledsone,true
1049750000000,205-2431290-9137918,AMAZON,B0DXQ7LC8N,,LSCY290GR2PK+RPR44WH2PK,1,24.89,,2026-07-01 22:10:13,amazon Ledsone,true
1049760000000,202-8301368-2100359,AMAZON,B0F9WYMBRC,,CL3RHEAPK,1,20.79,,2026-07-01 23:02:31,amazon Ledsone,true
1049770000000,204-1168751-2809937,AMAZON,B0CZXHLR1Q,,TPOSBDBM2PK,1,43.39,,2026-07-01 23:29:18,amazon Ledsone,true
1051980000000,202-1600196-1902711,AMAZON,B0D453YVGN,,PHSF2BMTBM+ICST64E27,2,25.84,27.78,2026-07-02 07:47:49,amazon Dcvoltage,true
1051990000000,205-2778503-1793962,AMAZON,B08XNPKHZX,,LSSS300YE+RPR44WH,1,13.49,,2026-07-02 07:50:22,amazon Dcvoltage,true
1052000000000,202-4405195-9384361,AMAZON,B0FZCRB2RS,,LSHM400HE+RPR44WH,1,28.29,,2026-07-02 09:04:52,amazon Dcvoltage,true
1052010000000,202-4777841-8872313,AMAZON,B07PM5KN1T,,CL3TGL5PK,1,12.99,12.99,2026-07-02 09:16:41,amazon Dcvoltage,true
1052020000000,205-4860061-6554710,AMAZON,B0CH39MWRF,,WSOSBDBM,1,19.59,19.59,2026-07-02 10:28:51,amazon Dcvoltage,true
1052030000000,202-5146627-5189965,AMAZON,B0FX2XDLT5,,LSCYRO200BM2PK+RPR44WH2PK,1,22.79,22.79,2026-07-02 10:29:17,amazon Dcvoltage,true
1052040000000,203-8799036-1347521,AMAZON,B0F48PQWQB,,RWWPSY1050YE,1,8.69,8.69,2026-07-02 11:01:57,amazon Dcvoltage,true
1052050000000,203-1752104-2898745,AMAZON,B07CRSLRRW,,12IP67300,1,38.99,38.99,2026-07-02 11:24:28,amazon Dcvoltage,true
1052060000000,205-5928482-2829917,AMAZON,B0FX2XDLT5,,LSCYRO200BM2PK+RPR44WH2PK,1,22.79,,2026-07-02 11:46:33,amazon Dcvoltage,true
1052070000000,202-8294685-6941153,AMAZON,B0FZCRB2RS,,LSHM400HE+RPR44WH,1,28.19,28.19,2026-07-02 11:58:32,amazon Dcvoltage,true
1052080000000,206-2341925-8071534,AMAZON,B0BNXHF2BR,,CRSF100CO+PHSH1PBRCO+LSDO300CO,1,20.99,20.99,2026-07-02 12:22:29,amazon Dcvoltage,true
1052090000000,204-4433115-5356340,AMAZON,B0C9TSHB33,,LSCY210BM+RPR44WH,1,13.79,13.79,2026-07-02 12:33:22,amazon Dcvoltage,true
1052100000000,203-4882351-6988349,AMAZON,B0BNVNVP9D,,LHC2E27WH5PK,1,16.29,,2026-07-02 12:57:23,amazon Dcvoltage,true
1052130000000,026-2294459-1078727,AMAZON,B08XC1QT69,,CL3THEAPK,1,19.99,19.99,2026-07-02 15:10:54,amazon Dcvoltage,true
1052140000000,203-0023359-1277943,AMAZON,B0C6LV14PT,,12UK3P2A,1,6.59,6.59,2026-07-02 16:34:52,amazon Dcvoltage,true
1052150000000,203-2739921-0884356,AMAZON,B09643CJ5N,,CRFF500BM+PHCH1BMRBM3PK+LSDO210BG3PK,1,35.48,35.48,2026-07-02 16:56:24,amazon Dcvoltage,true
1052160000000,204-8599893-4757965,AMAZON,B0CS9PS8J3,,LSCY210BG3PK+RPR44WH3PK,1,32.89,32.89,2026-07-02 17:51:22,amazon Dcvoltage,true
1052170000000,026-2479199-7781915,AMAZON,B0BZ4YPVXF,,ENC1292,1,20.89,,2026-07-02 19:08:08,amazon Dcvoltage,true
1052180000000,205-1553631-2134744,AMAZON,B0CG5YFN9X,,LSCY290BI2PK+RPR44WH2PK,1,26.79,,2026-07-02 19:13:58,amazon Dcvoltage,true
1052190000000,204-7540473-0235513,AMAZON,B0C9TSHB33,,LSCY210BM+RPR44WH,1,13.79,13.79,2026-07-02 19:50:59,amazon Dcvoltage,true
1052210000000,026-8533018-8321105,AMAZON,B07F9SH71F,,LDMG95E274,1,5.69,,2026-07-02 20:25:25,amazon Dcvoltage,true
1052220000000,206-0941226-8970710,AMAZON,B0G4QXYX5W,,CRSF100BM+PHHF1PBRBM+LSWD360BM,1,21.69,21.69,2026-07-02 20:46:40,amazon Dcvoltage,true
1052230000000,202-8271389-4245966,AMAZON,B0DH96KQ88,,CL3TOR5PK,1,11.89,11.89,2026-07-02 20:57:11,amazon Dcvoltage,true
1052240000000,203-4606839-7830756,AMAZON,B0G4QXV4B3,,CRSF100BC+PHHF1PBRBC+LSWD360BC,1,20.89,20.89,2026-07-02 23:38:03,amazon Dcvoltage,true
1052250000000,204-4208298-9710716,AMAZON,B0C3ZTBRHZ,,LSCY290BM+RPR44WH,1,14.89,14.89,2026-07-02 03:39:58,amazon Ledsone,true
1052260000000,205-6978184-2323522,AMAZON,B0CFVCM4Z5,,PSOS4BMTHE+ICST64E27,1,17.59,17.59,2026-07-02 04:51:21,amazon Ledsone,true
1052270000000,204-8638618-2975553,AMAZON,B0F2919CBQ,,LSCY290AA+RPR44WH,1,15.89,15.89,2026-07-02 05:34:08,amazon Ledsone,true
1052280000000,204-2063001-9965133,AMAZON,B09479HV6W,,LDMG95E2783PK,1,14.09,14.09,2026-07-02 06:10:27,amazon Ledsone,true
1052290000000,202-6987425-2573910,AMAZON,B0B9Y5MRSK,,CL3TGD5PK,1,12.99,12.99,2026-07-02 06:22:38,amazon Ledsone,true
1052300000000,026-7586529-5730756,AMAZON,B0C3ZTBRHZ,,LSCY290BM+RPR44WH,1,14.89,14.89,2026-07-02 06:36:00,amazon Ledsone,true
1052310000000,026-5708478-3484312,AMAZON,B0GMHQTBSQ,,LHXSHE27BM2PK,4,52.04,,2026-07-02 07:48:04,amazon Ledsone,true
1052320000000,203-7121111-1649169,AMAZON,B0CHF49HKL,,CRSF100BM+PHUH1HETBM+LSHM400HE,1,32.19,32.19,2026-07-02 09:39:37,amazon Ledsone,true
1052330000000,206-4736054-9549123,AMAZON,B0DBL9YWDM,,LSDO210YE2PK+RPR44WH2PK,1,12.79,,2026-07-02 09:59:36,amazon Ledsone,true
1052340000000,203-4469449-1367503,AMAZON,B0B77KX4P8,,CRFF108BM2PK+HK10BM2PK,1,13.39,13.39,2026-07-02 10:21:39,amazon Ledsone,true
1052350000000,205-0631347-8379513,AMAZON,B0C3ZTBRHZ,,LSCY290BM+RPR44WH,1,14.89,,2026-07-02 10:48:19,amazon Ledsone,true
1052360000000,205-2786436-4833112,AMAZON,B0F28YR5JN,,LSCY290NB+RPR44WH,1,15.99,15.99,2026-07-02 11:29:50,amazon Ledsone,true
1052370000000,203-0741883-8301938,AMAZON,B0BLP1JSRK,,LDMST64E2786PK,1,20.39,20.39,2026-07-02 13:08:56,amazon Ledsone,true
1052380000000,205-7766780-4563547,AMAZON,B0DBL9YWDM,,LSDO210YE2PK+RPR44WH2PK,1,12.79,,2026-07-02 13:38:24,amazon Ledsone,true
1052390000000,203-2990929-3770731,AMAZON,B0D297QW6M,,LSCY290CB+RPR44WH,1,14.89,14.89,2026-07-02 14:01:01,amazon Ledsone,true
1052400000000,026-6140263-4386713,AMAZON,B0CBCN1B9S,,CRFF500BM+PHCH1BMRBM3PK+LSCY210BG3PK+IC,1,37.89,37.89,2026-07-02 14:11:00,amazon Ledsone,true
1052410000000,203-5038367-7302729,AMAZON,B0BBS6B82P,,CL3TBMAPK,1,20.89,20.89,2026-07-02 14:12:52,amazon Ledsone,true
1052420000000,206-9475011-1962705,AMAZON,B0B9Y78BWX,,CL3TAG5PK,1,12.99,,2026-07-02 14:56:57,amazon Ledsone,true
1052430000000,204-0493319-8803530,AMAZON,B0BBS1VR82,,CL3THEAPK,1,20.79,20.79,2026-07-02 15:03:44,amazon Ledsone,true
1052440000000,026-9578951-3985930,AMAZON,B0G1TFFZZH,,CKA18ATC4255BM,1,16.99,16.99,2026-07-02 15:09:39,amazon Ledsone,true
1052450000000,206-1975314-0127526,AMAZON,B0B77GF35H,,CRFF108CH2PK+HK10CH2PK,1,11.79,11.79,2026-07-02 16:19:18,amazon Ledsone,true
1052460000000,203-1103724-4268324,AMAZON,B0B2K81GXH,,LHC5E27WH5PK,1,13.88,13.88,2026-07-02 16:37:20,amazon Ledsone,true
1052470000000,204-6349167-7963550,AMAZON,B0F7QRPZY7,,CL3TBRAPK,1,19.89,19.89,2026-07-02 17:36:21,amazon Ledsone,true
1052480000000,203-9566289-1992332,AMAZON,B0B9Y614SR,,CL3TGR5PK,1,12.59,12.59,2026-07-02 17:59:14,amazon Ledsone,true
1052490000000,206-0045909-3979507,AMAZON,B0F7QWMBLY,,CL3TGLAPK,1,19.69,19.69,2026-07-02 18:25:38,amazon Ledsone,true
1052500000000,026-3989489-8587554,AMAZON,B0CHRVWSBM,,CL3RBM5PK,1,11.99,11.99,2026-07-02 18:33:51,amazon Ledsone,true
1052510000000,204-2785944-5498766,AMAZON,B0FH6GTT5L,,SPSDP2BMY6PK,1,19.09,19.09,2026-07-02 18:43:07,amazon Ledsone,true
1052520000000,202-4829668-4459500,AMAZON,B0B9Y9F73N,,CL3TIV5PK,1,12.89,12.89,2026-07-02 19:12:01,amazon Ledsone,true
1052530000000,205-1672408-9165137,AMAZON,B0C3ZTBRHZ,,LSCY290BM+RPR44WH,1,14.89,14.89,2026-07-02 19:32:55,amazon Ledsone,true
1052540000000,203-4014206-6418729,AMAZON,B09JM3PLLH,,LDSG125LOE274,1,10.19,10.19,2026-07-02 20:07:06,amazon Ledsone,true
1052550000000,206-5371374-6086736,AMAZON,B09479HV6W,,LDMG95E2783PK,1,14.09,14.09,2026-07-02 20:32:45,amazon Ledsone,true
1052560000000,205-0165565-7916305,AMAZON,B0CHRVWSBM,,CL3RBM5PK,1,11.99,,2026-07-02 20:35:16,amazon Ledsone,true
1052570000000,206-0031491-9867568,AMAZON,B0B9Y78BWX,,CL3TAG5PK,2,24.68,,2026-07-02 20:56:41,amazon Ledsone,true
1052580000000,206-5559849-9189919,AMAZON,B0B77KX4P8,,CRFF108BM2PK+HK10BM2PK,1,13.39,13.39,2026-07-02 22:12:27,amazon Ledsone,true
1054450000000,026-6836864-6188350,AMAZON,B0GCZJ9XRB,,CRFF100SN2PK+LHNSE27SN2PK,2,60.71,,2026-07-03 07:21:03,amazon Dcvoltage,true
1054460000000,203-7958592-7553928,AMAZON,B08XC25WCD,,CL3TBMAPK,1,20.99,20.99,2026-07-03 07:43:33,amazon Dcvoltage,true
1054470000000,204-3521252-0865961,AMAZON,B0DP264BLC,,12UK3P10A,1,17.89,17.89,2026-07-03 09:29:01,amazon Dcvoltage,true
1054480000000,206-6406790-0860316,AMAZON,B0D4YPCPPS,,LDMG80E2746PK,2,33.78,33.78,2026-07-03 09:58:27,amazon Dcvoltage,true
1054490000000,205-9413145-3149111,AMAZON,B08B1MSFTT,,CLTGBS+LSFT4HGBS+SFCRGBS,1,17.89,17.89,2026-07-03 10:08:21,amazon Dcvoltage,true
1054500000000,204-5544061-0238752,AMAZON,B0D73JHB8R,,LDST185B2242PK,1,11.99,11.99,2026-07-03 10:23:35,amazon Dcvoltage,true
1054510000000,206-4504740-6009946,AMAZON,B0DH9CY29Z,,CL3TGL5PK,1,12.89,12.89,2026-07-03 11:11:23,amazon Dcvoltage,true
1054520000000,204-6098509-0318710,AMAZON,B0D53DFPS4,,WCB1BM2PK+RPR44WH2PK,1,15.89,15.89,2026-07-03 12:27:11,amazon Dcvoltage,true
1054530000000,205-3889519-6693105,AMAZON,B07L8GPT85,,CL3TGY5PK,1,12.99,12.99,2026-07-03 12:55:34,amazon Dcvoltage,true
1054540000000,206-3422450-4163506,AMAZON,B07CS22K8L,,12IP6720,1,10.00,10.00,2026-07-03 12:57:04,amazon Dcvoltage,true
1054550000000,026-9196764-9954707,AMAZON,B0CN4MHXGH,,PLPYBC,2,29.38,,2026-07-03 14:06:39,amazon Dcvoltage,true
1054560000000,202-6987869-2604367,AMAZON,B08KGJT4DP,,CL3THE5PK,1,13.69,13.69,2026-07-03 15:09:21,amazon Dcvoltage,true
1054570000000,206-2924683-1965964,AMAZON,B0CXPT6W9C,,LSCY290RO2PK+RPR44WH2PK,1,26.89,26.89,2026-07-03 15:12:32,amazon Ledsone,true
1054580000000,026-5023566-5941168,AMAZON,B0D56ZN8NP,,WCB7WH2PK+RPR44WH2PK,1,15.69,15.69,2026-07-03 16:58:45,amazon Dcvoltage,true
1054590000000,205-0207819-5856370,AMAZON,B0DFHMDZYQ,,LSCY290NB+RPR44WH,1,15.09,15.09,2026-07-03 17:15:07,amazon Dcvoltage,true
1054600000000,206-8515437-7733937,AMAZON,B07PM4GDGP,,CL3TBM5PK,1,11.79,,2026-07-03 17:19:13,amazon Dcvoltage,true
1054610000000,026-5530018-2069963,AMAZON,B0DTQ47GBY,,WCCYSP160GD2PK,1,31.34,26.35,2026-07-03 18:42:00,amazon Dcvoltage,true
1054620000000,205-8477395-4283565,AMAZON,B0D5711PRY,,WCB6BM2PK+RPR44WH2PK,1,15.49,15.49,2026-07-03 18:49:57,amazon Dcvoltage,true
1054630000000,026-8298515-7545153,AMAZON,B0CNGGP2YF,,TPHTTN2PBRBM,1,16.99,,2026-07-03 19:16:57,amazon Dcvoltage,true
1054640000000,026-1823045-1695527,AMAZON,B0CBLWLZ4W,,WCWDBM2PK+RPR44WH2PK,1,14.89,14.89,2026-07-03 19:36:17,amazon Dcvoltage,true
1054650000000,203-4261747-3353163,AMAZON,B0CGRJ1V8L,,TPOSBDBM,1,24.69,,2026-07-03 19:59:57,amazon Dcvoltage,true
1054660000000,205-9324620-9120330,AMAZON,B07L8HQG6Y,,CL3TGD5PK,1,13.99,,2026-07-03 20:15:59,amazon Dcvoltage,true
1054670000000,206-4326507-1935568,AMAZON,B0D56Z8CHY,,WCB6WH2PK+RPR44WH2PK,1,16.89,16.89,2026-07-03 20:45:46,amazon Dcvoltage,true
1054680000000,202-0502348-6837130,AMAZON,B0DP264BLC,,12UK3P10A,1,17.89,17.89,2026-07-03 21:05:22,amazon Dcvoltage,true
1054690000000,026-0254476-4055570,AMAZON,B094R3M2DC,,PLADBM,1,44.89,44.89,2026-07-03 04:29:09,amazon Ledsone,true
1054700000000,206-5002186-5517169,AMAZON,B0DRYSCF1X,,LHSHE27WH3PK,1,13.39,13.39,2026-07-03 06:52:38,amazon Ledsone,true
1054710000000,026-1215418-8765168,AMAZON,B0BC1CMSVD,,CL3RGDAPK,1,19.99,19.99,2026-07-03 07:22:15,amazon Ledsone,true
1054720000000,206-2940002-6121114,AMAZON,B09HSBKLHK,,CL2TRO5PK,1,13.49,13.49,2026-07-03 08:44:17,amazon Ledsone,true
1054730000000,202-8633968-1108304,AMAZON,B0CF8RVSCL,,LSMS320BT+RPR44WH,1,14.99,,2026-07-03 08:58:35,amazon Ledsone,true
1054740000000,026-4117316-3017961,AMAZON,B0CGZQV9Y7,,LSMCSPFLMC+RPR44WH,1,24.89,24.89,2026-07-03 09:08:29,amazon Ledsone,true
1054750000000,202-6757018-3867512,AMAZON,B0CVQFSV4Z,,RWT680YE,1,10.89,10.89,2026-07-03 09:13:54,amazon Ledsone,true
1054760000000,026-5778327-7432345,AMAZON,B0BWYVF5HJ,,CRSF100GS+WSWH135BM+LSHQ150GR,2,32.53,34.56,2026-07-03 09:57:25,amazon Ledsone,true
1054770000000,205-6029203-9865965,AMAZON,B0GDCN4LCW,,LDMT185E2736PK,1,17.14,,2026-07-03 10:58:12,amazon Ledsone,true
1054780000000,026-2778133-3919537,AMAZON,B0CZXHLR1Q,,TPOSBDBM2PK,1,43.39,43.39,2026-07-03 11:52:04,amazon Ledsone,true
1054790000000,204-7068644-4234720,AMAZON,B0B2K81GXH,,LHC5E27WH5PK,1,13.89,,2026-07-03 12:04:48,amazon Ledsone,true
1054800000000,202-2408226-0426708,AMAZON,B0BLP1JSRK,,LDMST64E2786PK,1,20.39,20.39,2026-07-03 12:15:55,amazon Ledsone,true
1054810000000,205-6004116-6765911,AMAZON,B0CZXHLR1Q,,TPOSBDBM2PK,1,43.39,43.39,2026-07-03 12:19:48,amazon Ledsone,true
1054820000000,205-6435296-7402726,AMAZON,B09L115HFJ,,12UK3P10A,1,16.99,16.99,2026-07-03 13:16:10,amazon Ledsone,true
1054830000000,204-7185495-6054729,AMAZON,B0CCHYTRLV,,SPSDP2WH6PK,1,19.79,,2026-07-03 14:10:29,amazon Ledsone,true
1054840000000,202-0810651-8091555,AMAZON,B094R3M2DC,,PLADBM,1,44.89,44.89,2026-07-03 14:28:50,amazon Ledsone,true
1054850000000,205-5222019-7544365,AMAZON,B0D8YHSBLV,,LSCY210BG2PK+RPR44WH2PK,1,21.41,,2026-07-03 15:12:25,amazon Ledsone,true
1054860000000,206-2924683-1965964,AMAZON,B0DCNWF2D4,,PHSF2BMRBM2PK+SPSDP2BM2PK,1,29.79,29.79,2026-07-03 15:12:32,amazon Ledsone,true
1054870000000,202-7885195-7337101,AMAZON,B0F2919THD,,LSCY290CO+RPR44WH,1,18.19,18.19,2026-07-03 17:17:00,amazon Ledsone,true
1054880000000,026-3171167-6232309,AMAZON,B094R3M2DC,,PLADBM,1,44.89,,2026-07-03 17:39:22,amazon Ledsone,true
1054890000000,206-7914844-7082738,AMAZON,B0BBS3NXFM,,CL3TBRAPK,1,19.99,19.99,2026-07-03 17:46:59,amazon Ledsone,true
1054900000000,205-5163180-0756353,AMAZON,B0F7QWMBLY,,CL3TGLAPK,1,19.69,19.69,2026-07-03 17:51:32,amazon Ledsone,true
1054910000000,026-6427590-7085922,AMAZON,B0BLZHCRGZ,,LDMG95E2746PK,1,18.59,18.59,2026-07-03 17:52:26,amazon Ledsone,true
1054920000000,205-5529440-9733160,AMAZON,B0CW5RLSQL,,CRFF105GB2PK+HK10GB2PK,1,13.79,13.79,2026-07-03 19:02:32,amazon Ledsone,true
1054930000000,026-6323036-6541104,AMAZON,B0B82W84F2,,PHSF1AGRGB,3,39.59,,2026-07-03 19:32:54,amazon Ledsone,true
1054940000000,202-9600782-5365142,AMAZON,B0F28YR5JN,,LSCY290NB+RPR44WH,1,15.99,15.99,2026-07-03 19:58:24,amazon Ledsone,true
1054950000000,203-9795174-7861961,AMAZON,B0D7ZTRLBH,,LSCY290BM2PK+RPR44WH2PK,1,25.89,25.89,2026-07-03 20:49:17,amazon Ledsone,true
1054960000000,026-7095096-6481954,AMAZON,B09MSHG25R,,CRFF500BM+PHCH1BMRBM3PK+LSCY210BG3PK,1,34.49,,2026-07-03 22:36:25,amazon Ledsone,true
1056530000000,206-7296877-0781908,AMAZON,B0D5BFHKBN,,LSMS320GY2PK+RPR44WH2PK,1,25.39,25.39,2026-07-04 05:45:47,amazon Dcvoltage,true
1056540000000,204-3350916-2949920,AMAZON,B0CXSS7XYX,,LSCY290WH2PK+RPR44WH2PK,1,25.89,25.89,2026-07-04 06:23:25,amazon Dcvoltage,true
1056550000000,204-3350916-2949920,AMAZON,B0CXPT6W9C,,LSCY290RO2PK+RPR44WH2PK,1,26.89,26.89,2026-07-04 06:23:25,amazon Dcvoltage,true
1056560000000,205-2688436-7933114,AMAZON,B08W5F4CTV,,CRSF100BM+WSLS155YB+SCRN70BM+LSFT220BC,2,28.29,29.78,2026-07-04 06:36:37,amazon Dcvoltage,true
1056570000000,026-2881170-8893155,AMAZON,B07ZFWL5T1,,CRFF100GB+LHNSE27GB,1,13.89,13.89,2026-07-04 07:34:02,amazon Dcvoltage,true
1056580000000,026-2624000-3125110,AMAZON,B08TX216Y4,,LSMS320BD+RPR44WH,1,14.99,14.99,2026-07-04 11:24:32,amazon Dcvoltage,true
1056590000000,026-7083801-7129148,AMAZON,B0D5711PRY,,WCB6BM2PK+RPR44WH2PK,2,30.98,30.98,2026-07-04 12:13:15,amazon Dcvoltage,true
1056600000000,206-3077504-4677142,AMAZON,B0CSPDC2PX,,ENC6087,1,26.89,26.89,2026-07-04 12:19:47,amazon Dcvoltage,true
1056610000000,206-9007331-8448305,AMAZON,B0BBGMC9HS,,CL2RBW5PK,1,11.89,11.89,2026-07-04 12:39:22,amazon Dcvoltage,true
1056620000000,202-3859549-1265968,AMAZON,B08VGPPQ48,,LSCY290GY+RPR44WH,1,15.29,15.29,2026-07-04 13:04:43,amazon Dcvoltage,true
1056630000000,026-3730216-3465937,AMAZON,B07PM4GDGP,,CL3TBM5PK,1,11.79,,2026-07-04 14:12:08,amazon Dcvoltage,true
1056640000000,205-3308330-4192346,AMAZON,B08KGJT4DP,,CL3THE5PK,1,13.69,13.69,2026-07-04 14:35:37,amazon Dcvoltage,true
1056650000000,205-4775922-9530707,AMAZON,B0CNZ5N8L3,,CL3RWHAPK,3,55.49,59.67,2026-07-04 14:35:46,amazon Dcvoltage,true
1056660000000,026-2021498-3708324,AMAZON,B08XC1QT69,,CL3THEAPK,1,19.99,19.99,2026-07-04 14:58:47,amazon Dcvoltage,true
1056670000000,203-6580559-6097921,AMAZON,B07ZFWL5T1,,CRFF100GB+LHNSE27GB,2,27.78,27.78,2026-07-04 15:30:25,amazon Dcvoltage,true
1056680000000,202-2870835-0745109,AMAZON,B0CPBX49HJ,,LSCY290GR+RPR44WH,2,31.78,31.78,2026-07-04 18:01:33,amazon Dcvoltage,true
1056690000000,204-5139094-8667516,AMAZON,B07PM5KN1T,,CL3TGL5PK,1,12.99,,2026-07-04 18:09:54,amazon Dcvoltage,true
1056700000000,202-0480937-6485157,AMAZON,B07CRSLRRW,,12IP67300,1,43.98,38.99,2026-07-04 18:21:20,amazon Dcvoltage,true
1056710000000,203-2949906-2281943,AMAZON,B0CTC7XPNX,,CRSF100BM+LHNSE27YB+SCRN70BM+LSFT220BG,1,18.99,18.99,2026-07-04 18:54:25,amazon Dcvoltage,true
1056720000000,203-2703174-1085116,AMAZON,B0GGDTRTN7,,CRFF100BM2PK+LHNSE27BM2PK+ICST64E272PK,1,28.89,28.89,2026-07-04 18:55:10,amazon Dcvoltage,true
1056730000000,206-5279957-9773160,AMAZON,B0CSPDC2PX,,ENC6087,1,26.89,26.89,2026-07-04 18:59:58,amazon Dcvoltage,true
1056740000000,026-9511676-0487504,AMAZON,B07CRTS1LD,,12IP67100,1,15.49,15.49,2026-07-04 19:35:51,amazon Dcvoltage,true
1056750000000,203-9952493-8801164,AMAZON,B0D4YDHJNZ,,LDMG80E2743PK,1,12.39,12.39,2026-07-04 20:15:36,amazon Dcvoltage,true
1056760000000,204-9348638-4181948,AMAZON,B09643CJ5N,,CRFF500BM+PHCH1BMRBM3PK+LSDO210BG3PK,1,35.48,35.48,2026-07-04 20:20:59,amazon Dcvoltage,true
1056770000000,202-7134745-5344322,AMAZON,B0DM61D265,,LSFT220BM3PK+RPR44WH3PK,1,19.89,19.89,2026-07-04 20:36:49,amazon Dcvoltage,true
1056780000000,204-1351122-9505904,AMAZON,B095PVFF8B,,LSGG200AR+SCRN70FG,1,29.48,24.49,2026-07-04 20:55:48,amazon Dcvoltage,true
1056800000000,202-2529683-0930745,AMAZON,B08TX2PF6H,,LSMS320BT+RPR44WH,1,14.99,14.99,2026-07-04 21:17:19,amazon Dcvoltage,true
1056810000000,205-1076428-6532353,AMAZON,B096FP59Q2,,ENC707,1,47.59,,2026-07-04 21:31:48,amazon Dcvoltage,true
1056820000000,204-2155759-6848344,AMAZON,B0BB34B2QY,,CL2RBR5PK,1,13.79,13.79,2026-07-04 08:06:20,amazon Ledsone,true
1056830000000,026-6265561-2424360,AMAZON,B0F9WZMGFS,,CL2RHEAPK,1,19.99,19.99,2026-07-04 09:32:42,amazon Ledsone,true
1056840000000,202-8610859-3812330,AMAZON,B0CW5RLSQL,,CRFF105GB2PK+HK10GB2PK,1,13.79,13.79,2026-07-04 09:58:29,amazon Ledsone,true
1056850000000,205-9844456-5785965,AMAZON,B07KW7TW1C,,2CRBKNWEpck5,1,17.59,17.59,2026-07-04 09:59:19,amazon Ledsone,true
1056860000000,026-8698796-0020318,AMAZON,B093T47DB9,,LSCY290BL+RPR44WH,2,29.98,29.98,2026-07-04 10:42:56,amazon Ledsone,true
1056870000000,204-9499128-2229100,AMAZON,B0F7QRPZY7,,CL3TBRAPK,1,19.89,19.89,2026-07-04 10:59:27,amazon Ledsone,true
1056880000000,026-0967572-9142707,AMAZON,B0CCHXR4X2,,SPSDP2WH3PK,1,13.89,13.89,2026-07-04 11:01:24,amazon Ledsone,true
1056900000000,204-7266924-9754740,AMAZON,B0DBPWGS2Y,,PHHR3DSTHE+ICST64E272PK,1,20.89,20.89,2026-07-04 11:47:19,amazon Ledsone,true
1056910000000,203-3687616-7746722,AMAZON,B0CBCN1B9S,,CRFF500BM+PHCH1BMRBM3PK+LSCY210BG3PK+IC,1,37.89,37.89,2026-07-04 11:52:38,amazon Ledsone,true
1056920000000,205-1302716-7542726,AMAZON,B094R3M2DC,,PLADBM,1,44.89,44.89,2026-07-04 11:54:40,amazon Ledsone,true
1056930000000,206-9725376-4762702,AMAZON,B0FY5TWHGH,,LDSG1007E27,1,12.89,,2026-07-04 13:17:40,amazon Ledsone,true
1056940000000,202-5306661-6117938,AMAZON,B0F7QPMBCH,,CL2TGLAPK,1,19.39,19.39,2026-07-04 13:51:48,amazon Ledsone,true
1056950000000,203-6356754-5163517,AMAZON,B09L115HFJ,,12UK3P10A,1,16.99,16.99,2026-07-04 14:38:03,amazon Ledsone,true
1056960000000,204-0213521-4540307,AMAZON,B0BBB3V9M6,,CL3RBW5PK,1,13.01,,2026-07-04 14:49:15,amazon Ledsone,true
1056970000000,204-9043980-1541117,AMAZON,B0CG5QLXR8,,CL2ROR5PK,1,12.39,12.39,2026-07-04 14:50:28,amazon Ledsone,true
1056980000000,206-4820431-3222734,AMAZON,B0F7QPMBCH,,CL2TGLAPK,1,19.39,19.39,2026-07-04 14:56:33,amazon Ledsone,true
1056990000000,205-3097154-9233122,AMAZON,B0DXQ7LC8N,,LSCY290GR2PK+RPR44WH2PK,1,24.89,24.89,2026-07-04 15:25:34,amazon Ledsone,true
1057000000000,026-8355771-5473900,AMAZON,B07CPWC9PP,,dc12IP6780,1,14.99,14.99,2026-07-04 15:50:27,amazon Ledsone,true
1057010000000,202-0525320-1404311,AMAZON,B0DXQ7LC8N,,LSCY290GR2PK+RPR44WH2PK,1,24.89,,2026-07-04 16:14:53,amazon Ledsone,true
1057020000000,204-9770418-4281167,AMAZON,B094R3M2DC,,PLADBM,1,44.89,,2026-07-04 16:21:00,amazon Ledsone,true
1057030000000,206-5458449-4469936,AMAZON,B093TBM9LD,,CRSF100BB+PHCH1PBRBB+LSCY290BB,1,22.29,22.29,2026-07-04 16:29:19,amazon Ledsone,true
1057040000000,202-7374678-5673114,AMAZON,B0CCL729S8,,ENC1313,2,41.78,,2026-07-04 17:58:17,amazon Ledsone,true
1057050000000,202-9117797-3041107,AMAZON,B0CBMQZ8P6,,PHSF2BMRBM+SPSDP2BM,1,13.89,13.89,2026-07-04 18:05:34,amazon Ledsone,true
1057060000000,203-3337493-0038738,AMAZON,B0CHDX9PTC,,CL3TPU5PK,1,12.49,12.49,2026-07-04 18:09:18,amazon Ledsone,true
1057070000000,203-2752031-1927516,AMAZON,B0CCF5KBJH,,LSCY290BM+RPR44WH,1,15.79,15.79,2026-07-04 19:02:11,amazon Ledsone,true
1057080000000,203-0779593-1019509,AMAZON,B094R3M2DC,,PLADBM,1,44.89,,2026-07-04 19:49:55,amazon Ledsone,true
1057090000000,203-8959523-6200348,AMAZON,B0B77KX4P8,,CRFF108BM2PK+HK10BM2PK,1,13.39,13.39,2026-07-04 20:14:00,amazon Ledsone,true
1057100000000,206-0409109-7411508,AMAZON,B07KW7TW1C,,CL2RBWAPK,1,17.89,17.89,2026-07-04 20:18:06,amazon Ledsone,true
1057110000000,204-3728504-2799546,AMAZON,B0B9Y5MRSK,,CL3TGD5PK,1,12.99,12.99,2026-07-04 20:25:55,amazon Ledsone,true
1057120000000,205-0058448-4255533,AMAZON,B0CZXHLR1Q,,TPOSBDBM2PK,1,43.39,43.39,2026-07-04 21:07:22,amazon Ledsone,true
1057130000000,202-6990932-5482737,AMAZON,B093Y7ZZQF,,amzn.gr.ENC1312_AMN-HRnoFDeGUTjnCL3Yd-VG,1,16.04,16.04,2026-07-04 21:21:03,amazon Ledsone,true
1058970000000,203-5352519-8049158,AMAZON,B0D4Y3Q9CR,,LDMG95B2243PK,1,10.39,10.39,2026-07-05 00:08:52,amazon Dcvoltage,true
1058980000000,202-4419172-2733914,AMAZON,B0DH9DJQKQ,,CL3THE5PK,1,11.99,11.99,2026-07-05 03:06:15,amazon Dcvoltage,true
1058990000000,026-2753215-9313938,AMAZON,B0DH6FPVYK,,CL2TCRAPK,1,18.29,18.29,2026-07-05 07:48:01,amazon Dcvoltage,true
1059000000000,202-7378700-6437965,AMAZON,B0CBLWLZ4W,,WCWDBM2PK+RPR44WH2PK,1,14.89,,2026-07-05 08:36:55,amazon Dcvoltage,true
1059010000000,204-1731555-1062727,AMAZON,B0CNGGP2YF,,TPHTTN2PBRBM,1,16.99,16.99,2026-07-05 08:46:34,amazon Dcvoltage,true
1059020000000,202-3433667-5745124,AMAZON,B0CKWLS9WR,,CL3RHE5PK,2,24.35,,2026-07-05 09:27:44,amazon Dcvoltage,true
1059030000000,026-5525705-3645963,AMAZON,B0BWJWGXD4,,LSCY210BG+RPR44WH,1,12.09,,2026-07-05 09:28:19,amazon Dcvoltage,true
1059040000000,206-1495234-0461900,AMAZON,B0CXSXN4KX,,LSMS320BI2PK+RPR44WH2PK,2,51.18,51.18,2026-07-05 09:50:31,amazon Dcvoltage,true
1059050000000,206-4657844-6652345,AMAZON,B07CWGNBBJ,,12IP20120,1,12.19,12.19,2026-07-05 11:04:14,amazon Dcvoltage,true
1059060000000,205-3215496-0567521,AMAZON,B08XC1QT69,,CL3THEAPK,1,19.99,19.99,2026-07-05 11:10:57,amazon Dcvoltage,true
1059070000000,203-7811987-7709949,AMAZON,B08VGPPQ48,,LSCY290GY+RPR44WH,1,15.29,15.29,2026-07-05 11:38:55,amazon Dcvoltage,true
1059080000000,202-8330894-5738705,AMAZON,B0CYZWJ7WJ,,LSCY290CH2PK+RPR44WH2PK,1,28.89,28.89,2026-07-05 11:52:42,amazon Dcvoltage,true
1059090000000,206-7795892-2244301,AMAZON,B07L8GPT85,,CL3TGY5PK,1,12.99,12.99,2026-07-05 12:35:42,amazon Dcvoltage,true
1059100000000,203-6511167-8893133,AMAZON,B0CBLXL9R1,,WCVCBC2PK+RPR44WH2PK,1,15.89,,2026-07-05 12:42:51,amazon Dcvoltage,true
1059110000000,026-2985836-8877165,AMAZON,B0CKBZ4V22,,CRSF100BM+LHNSE27CO+SCRN70CO+LSFT220BI,1,15.89,15.89,2026-07-05 12:45:35,amazon Dcvoltage,true
1059120000000,206-4064504-8001945,AMAZON,B0C7Q6ZQ8T,,CRSF100BM+PHHT1PBRBM+LSHM400HE,1,33.12,33.12,2026-07-05 12:57:18,amazon Dcvoltage,true
1059140000000,204-6257483-3881132,AMAZON,B08XC1QT69,,CL3THEAPK,1,19.99,19.99,2026-07-05 13:11:23,amazon Dcvoltage,true
1059150000000,026-1928360-6382739,AMAZON,B0DH9BSF4C,,CL3TBM5PK,1,13.09,13.09,2026-07-05 13:25:48,amazon Dcvoltage,true
1059160000000,203-3256280-0701930,AMAZON,B07ZFWL5T1,,CRFF100GB+LHNSE27GB,2,27.78,27.78,2026-07-05 13:51:32,amazon Dcvoltage,true
1059170000000,205-3115920-6869109,AMAZON,B09BV3Z3VZ,,PSDS2BMRGD,1,11.89,11.89,2026-07-05 14:55:01,amazon Dcvoltage,true
1059180000000,205-6885281-0561957,AMAZON,B0CL1K1T2T,,ENC5521,1,41.79,41.79,2026-07-05 15:32:01,amazon Dcvoltage,true
1059190000000,202-6223777-1577102,AMAZON,B0C86888D2,,CRSF100BC2PK+PHCH1PBRBC2PK+LSCY290BC2PKA,1,32.89,32.89,2026-07-05 15:32:07,amazon Dcvoltage,true
1059200000000,206-4921288-9154725,AMAZON,B0DFHMDZYQ,,LSCY290NB+RPR44WH,1,15.09,15.09,2026-07-05 15:49:29,amazon Dcvoltage,true
1059210000000,026-1754227-5134746,AMAZON,B07L8HQG6Y,,CL3TGD5PK,1,13.99,13.99,2026-07-05 16:17:35,amazon Dcvoltage,true
1059220000000,202-8408830-3301100,AMAZON,B0GW83X9F4,,LHSWPBB22GD,1,9.79,,2026-07-05 17:17:07,amazon Dcvoltage,true
1059230000000,203-1648456-4372338,AMAZON,B0D2TCJKT7,,LSCY290OR2PK+RPR44WH2PK,1,23.89,23.89,2026-07-05 18:07:52,amazon Dcvoltage,true
1059250000000,026-5613554-8810766,AMAZON,B0G4QXYX5W,,CRSF100BM+PHHF1PBRBM+LSWD360BM,2,20.17,,2026-07-05 18:37:07,amazon Dcvoltage,true
1059260000000,205-5665657-2973927,AMAZON,B0CKWLQZ83,,CL3RBD5PK,1,12.89,12.89,2026-07-05 18:42:12,amazon Dcvoltage,true
1059270000000,026-6849697-1689950,AMAZON,B0CBPBQK1X,,WCB2BC2PK+RPR44WH2PK,1,15.99,,2026-07-05 18:46:40,amazon Dcvoltage,true
1059280000000,026-2753603-6797916,AMAZON,B0CTC7XPNX,,CRSF100BM+LHNSE27YB+SCRN70BM+LSFT220BG,2,37.98,,2026-07-05 18:47:57,amazon Dcvoltage,true
1059290000000,204-0010177-9522763,AMAZON,B08TMKPGZL,,amzn.gr.ENC772_AM-w7g3jVQbUp0FGPTfygf-LN,1,14.89,,2026-07-05 19:58:12,amazon Dcvoltage,true
1059300000000,204-5006291-1878711,AMAZON,B07F9SH71F,,LDMG95E274,1,5.69,,2026-07-05 20:44:47,amazon Dcvoltage,true
1059310000000,026-0357596-0253952,AMAZON,B0FX2TFPZM,,LSCYRO120WH2PK+RPR44WH2PK,1,22.79,22.79,2026-07-05 21:04:23,amazon Dcvoltage,true
1059320000000,206-9295120-4977941,AMAZON,B0DH96KQ88,,CL3TOR5PK,1,11.89,,2026-07-05 21:21:56,amazon Dcvoltage,true
1059330000000,205-3444985-9252327,AMAZON,B08XC1QT69,,CL3THEAPK,1,19.99,,2026-07-05 22:45:47,amazon Dcvoltage,true
1059340000000,204-1106659-4105160,AMAZON,B0DH6FPVYK,,CL2TCRAPK,1,17.00,,2026-07-05 22:54:53,amazon Dcvoltage,true
1059350000000,205-0996796-2480313,AMAZON,B0C9TSHB33,,LSCY210BM+RPR44WH,1,13.79,,2026-07-05 22:59:55,amazon Dcvoltage,true
1059360000000,206-3265307-8991511,AMAZON,B07L8HQG6Y,,CL3TGD5PK,1,13.99,,2026-07-05 23:19:58,amazon Dcvoltage,true
1059370000000,203-5458036-4638767,AMAZON,B07F9SH71F,,LDMG95E274,3,17.07,,2026-07-05 23:48:03,amazon Dcvoltage,true
1059380000000,205-8820565-0291524,AMAZON,B0BLZHCRGZ,,LDMG95E2746PK,1,18.59,18.59,2026-07-05 07:56:15,amazon Ledsone,true
1059390000000,204-4429754-0622762,AMAZON,B0B7SGF1HD,,PHSF1BMTBY,1,14.09,14.09,2026-07-05 08:07:09,amazon Ledsone,true
1059400000000,205-4568157-0875524,AMAZON,B0BBS118NM,,CL3TBKAPK,1,21.89,21.89,2026-07-05 09:27:14,amazon Ledsone,true
1059420000000,206-6929533-0759542,AMAZON,B0DXQ53JQF,,LSCY290CH2PK+RPR44WH2PK,1,26.89,26.89,2026-07-05 09:41:24,amazon Ledsone,true
1059430000000,202-3893541-6739560,AMAZON,B0F2919THD,,LSCY290CO+RPR44WH,1,18.19,18.19,2026-07-05 09:51:42,amazon Ledsone,true
1059440000000,203-8992334-2288328,AMAZON,B08LW1H15F,,amzn.gr.CRFF500BM_PHMU1PBRSN3P-Au7Ui4-LN,1,32.23,32.23,2026-07-05 10:12:59,amazon Ledsone,true
1059450000000,205-7773794-1415530,AMAZON,B0B4BG19YY,,PSDS2BMRBM,1,11.89,11.89,2026-07-05 10:53:39,amazon Ledsone,true
1059460000000,026-9361099-8577157,AMAZON,B07CQ25M4K,,dc12IP67150,1,21.98,21.98,2026-07-05 11:31:50,amazon Ledsone,true
1059470000000,026-3298827-6186720,AMAZON,B0B4BG19YY,,PSDS2BMRBM,1,11.89,11.89,2026-07-05 11:52:22,amazon Ledsone,true
1059480000000,205-0327963-2033947,AMAZON,B0CZXL6ZYG,,TPOSBDBM,1,24.69,24.69,2026-07-05 11:53:43,amazon Ledsone,true
1059490000000,202-5135636-6093952,AMAZON,B0GLYWV3LG,,PLTRBM,1,43.89,43.89,2026-07-05 12:12:38,amazon Ledsone,true
1059500000000,205-8850214-6074755,AMAZON,B07CM4KTJW,,12IP67100,3,51.87,,2026-07-05 12:17:56,amazon Ledsone,true
1059510000000,202-0123792-4584336,AMAZON,B0CZXL6ZYG,,TPOSBDBM,1,24.69,24.69,2026-07-05 12:23:23,amazon Ledsone,true
1059520000000,205-8925155-8956300,AMAZON,B0D298QXXM,,LSCY290GY2PK+RPR44WH2PK,1,27.29,27.29,2026-07-05 12:32:20,amazon Ledsone,true
1059530000000,203-8521007-1048301,AMAZON,B083TNFR73,,LDMST64E278pck3,1,14.79,14.79,2026-07-05 13:55:24,amazon Ledsone,true
1059540000000,026-7313788-3285156,AMAZON,B0BLZHCRGZ,,LDMG95E2746PK,1,18.59,18.59,2026-07-05 15:07:56,amazon Ledsone,true
1059550000000,204-9801807-6384314,AMAZON,B0D7ZTRLBH,,LSCY290BM2PK+RPR44WH2PK,1,25.89,25.89,2026-07-05 16:22:12,amazon Ledsone,true
1059560000000,204-8185369-9972305,AMAZON,B0BBS3NXFM,,CL3TBRAPK,1,20.89,20.89,2026-07-05 16:23:58,amazon Ledsone,true
1059570000000,206-7781773-8753168,AMAZON,B0B9K41YZ7,,CL3TBK5PK,1,13.49,13.49,2026-07-05 18:34:17,amazon Ledsone,true
1059580000000,204-1778744-4117140,AMAZON,B09C2H97M6,,ENC1293,1,22.79,22.79,2026-07-05 19:10:09,amazon Ledsone,true
1059590000000,026-4683464-4181148,AMAZON,B09KNVBJZW,,CRSF2003BM+PHRB1PBR40BM3PK+LSBS160GR3PKA,1,29.89,29.89,2026-07-05 19:14:49,amazon Ledsone,true
1059600000000,026-5925373-9625917,AMAZON,B0B82Y8Q8N,,PHSF1GDRFG,1,14.99,14.99,2026-07-05 19:58:59,amazon Ledsone,true
1059620000000,206-5520598-1704309,AMAZON,B0G1TKZTS4,,CKAN1937BM,1,13.49,13.49,2026-07-05 20:31:39,amazon Ledsone,true
1059630000000,204-5170672-1552319,AMAZON,B0CCJ2NWRP,,SPSDP2BM5PK,1,17.79,,2026-07-05 21:02:14,amazon Ledsone,true
1059640000000,204-6554529-8833948,AMAZON,B0CZXL6ZYG,,TPOSBDBM,1,24.69,24.69,2026-07-05 21:04:02,amazon Ledsone,true
1059650000000,206-7420143-7794744,AMAZON,B0GMHQTBSQ,,LHXSHE27BM2PK,1,14.39,,2026-07-05 22:14:19,amazon Ledsone,true
1061810000000,204-0659939-8665942,AMAZON,B0DH9BSF4C,,CL3TBM5PK,1,13.09,13.09,2026-07-06 05:35:01,amazon Dcvoltage,true
1061820000000,202-6278334-7661968,AMAZON,B0D53FZ8GS,,WCB2WH2PK+RPR44WH2PK,1,15.89,15.89,2026-07-06 07:24:37,amazon Dcvoltage,true
1061830000000,203-5302813-0464334,AMAZON,B07F9SH71F,,LDMG95E274,1,5.69,5.69,2026-07-06 10:22:31,amazon Dcvoltage,true
1061840000000,204-4255649-7789907,AMAZON,B0D4YPCPPS,,LDMG80E2746PK,1,16.89,16.89,2026-07-06 10:48:27,amazon Dcvoltage,true
1061850000000,203-2697826-8879545,AMAZON,B08V5MK449,,CRSF100BM+PHCH1BMRBM+LSCY290BM,1,20.49,20.49,2026-07-06 12:45:29,amazon Dcvoltage,true
1061860000000,203-4802931-3521132,AMAZON,B0BWJWGXD4,,LSCY210BG+RPR44WH,1,12.09,12.09,2026-07-06 13:37:16,amazon Dcvoltage,true
1061870000000,205-3074941-7401138,AMAZON,B07L8GPT85,,CL3TGY5PK,1,12.99,,2026-07-06 13:43:16,amazon Dcvoltage,true
1061880000000,202-5999486-6339522,AMAZON,B07L8GPT85,,CL3TGY5PK,1,12.99,12.99,2026-07-06 14:25:00,amazon Dcvoltage,true
1061890000000,204-3387249-0538763,AMAZON,B0FZCRB2RS,,LSHM400HE+RPR44WH,2,56.38,,2026-07-06 14:37:53,amazon Dcvoltage,true
1061900000000,202-8080219-6194737,AMAZON,B0F48LNB6J,,RWWPSY1080YE,1,8.89,,2026-07-06 15:53:43,amazon Dcvoltage,true
1061910000000,205-1791248-2161922,AMAZON,B08VGPPQ48,,LSCY290GY+RPR44WH,1,15.29,15.29,2026-07-06 16:10:57,amazon Dcvoltage,true
1061920000000,206-8630564-7062740,AMAZON,B08VGMKHT7,,LSCY290BM+RPR44WH,1,15.49,15.49,2026-07-06 16:50:02,amazon Dcvoltage,true
1061930000000,203-2956619-7586764,AMAZON,B0CKWLFKR7,,CL3RGR5PK,1,12.89,12.89,2026-07-06 17:35:00,amazon Dcvoltage,true
1061940000000,026-1464565-1897962,AMAZON,B0G2YBCMRK,,ENC285,1,20.89,20.89,2026-07-06 18:42:04,amazon Dcvoltage,true
1061950000000,204-1263326-4814761,AMAZON,B096FPKPNQ,,ENC685,1,54.89,,2026-07-06 19:51:41,amazon Dcvoltage,true
1061960000000,203-6942888-8144366,AMAZON,B08XNPKHZX,,LSSS300YE+RPR44WH,1,13.49,,2026-07-06 20:01:36,amazon Dcvoltage,true
1061970000000,203-3942964-3394753,AMAZON,B08VGMKHT7,,LSCY290BM+RPR44WH,1,15.49,,2026-07-06 20:32:03,amazon Dcvoltage,true
1061980000000,202-1832857-1942748,AMAZON,B0FZCRB2RS,,LSHM400HE+RPR44WH,1,28.19,28.19,2026-07-06 21:32:39,amazon Dcvoltage,true
1061990000000,203-6212822-8028336,AMAZON,B09BV3X4MJ,,PSDS2BMRBM,1,14.89,,2026-07-06 23:56:14,amazon Dcvoltage,true
1062000000000,026-7152448-0004320,AMAZON,B0CW5RLSQL,,CRFF105GB2PK+HK10GB2PK,1,13.79,13.79,2026-07-06 07:54:38,amazon Ledsone,true
1062010000000,206-4066167-7700340,AMAZON,B0CCHYTRLV,,SPSDP2WH6PK,1,19.79,19.79,2026-07-06 10:26:17,amazon Ledsone,true
1062020000000,203-0268209-5804353,AMAZON,B08638WV4N,,amzn.gr.CS-SHHRGBST_SFCRGBS_pc-fOUFY2-LN,1,15.03,15.03,2026-07-06 10:26:22,amazon Ledsone,true
1062030000000,026-5799460-4130740,AMAZON,B0CVQFSV4Z,,RWT680YE,1,10.89,10.89,2026-07-06 10:40:26,amazon Ledsone,true
1062040000000,203-3564607-6523527,AMAZON,B0BBB4SC4Y,,CL3RBK5PK,1,14.69,14.69,2026-07-06 10:40:41,amazon Ledsone,true
1062050000000,206-7672609-3205167,AMAZON,B0F9X1GLK8,,CL3THEAPK,1,19.99,19.99,2026-07-06 10:44:23,amazon Ledsone,true
1062060000000,206-1666313-6415509,AMAZON,B0F7R4P38W,,CL2TGDAPK,1,19.29,,2026-07-06 10:49:09,amazon Ledsone,true
1062070000000,202-3060273-5513164,AMAZON,B0BBS118NM,,CL3TBKAPK,1,21.89,21.89,2026-07-06 10:57:30,amazon Ledsone,true
1062080000000,205-1584381-9440327,AMAZON,B0CFVCM4Z5,,PSOS4BMTHE+ICST64E27,1,17.59,17.59,2026-07-06 13:18:04,amazon Ledsone,true
1062090000000,026-8294711-5577909,AMAZON,B0DHGM5NP4,,LSCY290WH2PK+RPR44WH2PK,1,27.56,27.56,2026-07-06 13:52:48,amazon Ledsone,true
1062100000000,206-6199960-0149127,AMAZON,B0B9Y5MRSK,,CL3TGD5PK,1,12.99,12.99,2026-07-06 14:47:49,amazon Ledsone,true
1062110000000,204-6738100-1582724,AMAZON,B0D7S1FK1Q,,LSMS320GR2PK+RPR44WH2PK,1,25.79,25.79,2026-07-06 15:29:20,amazon Ledsone,true
1062120000000,202-6643032-2848309,AMAZON,B0CCHXR4X2,,SPSDP2WH3PK,1,13.89,13.89,2026-07-06 15:33:36,amazon Ledsone,true
1062130000000,205-1444793-7694727,AMAZON,B091M812TL,,CL3TRW5PK,1,11.99,11.99,2026-07-06 15:35:11,amazon Ledsone,true
1062140000000,203-5912280-3150742,AMAZON,B0F7QPMBCH,,CL2TGLAPK,1,19.39,19.39,2026-07-06 15:47:38,amazon Ledsone,true
1062150000000,026-6069295-9982768,AMAZON,B0BC1CYP2F,,CL3RBMAPK,1,22.89,22.89,2026-07-06 17:20:12,amazon Ledsone,true
1062160000000,026-6069295-9982768,AMAZON,B0BBS6B82P,,CL3TBMAPK,1,20.99,20.99,2026-07-06 17:20:12,amazon Ledsone,true
1062170000000,206-3036173-1734724,AMAZON,B0CHRVWSBM,,CL3RBM5PK,2,27.29,23.70,2026-07-06 17:38:28,amazon Ledsone,true
1062180000000,203-9025336-6112333,AMAZON,B0B4K4LN25,,amzn.gr.PSDS4BMRBL-dPTXASZD1wFPEyD9BI-VG,1,0.00,,2026-07-06 18:27:37,amazon Ledsone,true
1062190000000,203-9025336-6112333,AMAZON,B0B4K4MVSK,,amzn.gr.PSDS4BMRBU-v0vLE_QYgLv5oC36yi-VG,1,0.00,,2026-07-06 18:27:37,amazon Ledsone,true
1062200000000,205-9572045-1893124,AMAZON,B0D7ZTRLBH,,LSCY290BM2PK+RPR44WH2PK,1,25.89,25.89,2026-07-06 18:28:46,amazon Ledsone,true
1062210000000,026-0296339-1256306,AMAZON,B0B7SLHW8H,,amzn.gr.PHSF1GDTYB-AMN-0_yfN3eVnW4zLQ-LN,1,12.15,12.15,2026-07-06 18:58:27,amazon Ledsone,true
1062220000000,203-9000871-8854719,AMAZON,B0GNZLCX15,,amzn.gr.LHXSHE27BM3PK_AMN-GiZ-gfgQzuX-VG,1,10.34,10.34,2026-07-06 19:21:52,amazon Ledsone,true
1062230000000,206-2833494-2722734,AMAZON,B0C3ZTBRHZ,,LSCY290BM+RPR44WH,1,14.89,,2026-07-06 20:41:03,amazon Ledsone,true
1062240000000,026-5295023-2197967,AMAZON,B0963P71QD,,CRFF500BM+PHRI1PBRCO3PK+LSOL220CO3PK,1,34.56,34.56,2026-07-06 21:29:16,amazon Ledsone,true
1062250000000,202-1457239-7442702,AMAZON,B0DXQ8YFC6,,LSCY290RO2PK+RPR44WH2PK,1,29.79,,2026-07-06 23:02:10,amazon Ledsone,true
1063610000000,026-4417550-6449139,AMAZON,B08V5RPGD1,,CRSF100BC+PHCH1PBRBC+LSCY290BC,2,75.56,37.78,2026-07-07 05:14:25,amazon Dcvoltage,true
1063620000000,026-4417550-6449139,AMAZON,B08V5RPGD1,,CRSF100BC+PHCH1PBRBC+LSCY290BC,1,18.89,18.89,2026-07-07 05:14:25,amazon Dcvoltage,true
1063630000000,206-6250621-8393966,AMAZON,B08XC1QT69,,CL3THEAPK,1,19.99,,2026-07-07 07:24:20,amazon Dcvoltage,true
1063640000000,205-2244205-0835559,AMAZON,B0D5711PRY,,WCB6BM2PK+RPR44WH2PK,1,15.49,15.49,2026-07-07 09:40:15,amazon Dcvoltage,true
1063650000000,206-0477411-4129923,AMAZON,B0C9TSHB33,,LSCY210BM+RPR44WH,1,13.79,,2026-07-07 10:02:21,amazon Dcvoltage,true
1063660000000,206-1632360-7625124,AMAZON,B0CKWMGD1M,,CL3RBR5PK,1,12.99,12.99,2026-07-07 11:27:47,amazon Dcvoltage,true
1063670000000,206-2193934-0922700,AMAZON,B0BZ4YPVXF,,ENC1292,1,25.88,,2026-07-07 11:38:18,amazon Dcvoltage,true
1063680000000,202-4882038-6841130,AMAZON,B08V5MK449,,CRSF100BM+PHCH1BMRBM+LSCY290BM,1,20.49,20.49,2026-07-07 11:39:32,amazon Dcvoltage,true
1063690000000,026-7206052-6967511,AMAZON,B08KGJT4DP,,CL3THE5PK,1,13.69,13.69,2026-07-07 11:41:54,amazon Dcvoltage,true
1063700000000,204-3192032-6637108,AMAZON,B096FPKPNQ,,ENC685,1,54.89,54.89,2026-07-07 11:47:45,amazon Dcvoltage,true
1063710000000,203-3754166-0712319,AMAZON,B0DBWY3P4Q,,CL2RBMAPK,1,18.39,18.39,2026-07-07 12:39:43,amazon Dcvoltage,true
1063720000000,202-2849788-6829130,AMAZON,B0D5LV2NC3,,LSFT220BL2PK+RPR44WH2PK,1,16.89,16.89,2026-07-07 13:00:17,amazon Dcvoltage,true
1063730000000,203-7494760-0867522,AMAZON,B0915XVRMG,,CRSF100BM+LHNSE27CO+SCRN70CO+LSFT220YB,4,69.16,69.16,2026-07-07 13:01:54,amazon Dcvoltage,true
1063740000000,026-7382511-1072361,AMAZON,B0965HZJGN,,ENC686,1,49.49,49.49,2026-07-07 13:55:22,amazon Dcvoltage,true
1063750000000,203-7196248-2095533,AMAZON,B09643CJ5N,,CRFF500BM+PHCH1BMRBM3PK+LSDO210BG3PK,3,106.44,106.44,2026-07-07 16:17:40,amazon Dcvoltage,true
1063760000000,204-3353764-5899567,AMAZON,B08KGJT4DP,,CL3THE5PK,1,13.69,13.69,2026-07-07 16:21:29,amazon Dcvoltage,true
1063780000000,204-4032265-1029914,AMAZON,B0CBPQVC6K,,WCB4WH2PK+RPR44WH2PK,1,16.59,,2026-07-07 16:32:02,amazon Dcvoltage,true
1063790000000,026-5741223-1672367,AMAZON,B0CS9Q78XH,,LSCY210BG2PK+RPR44WH2PK,1,23.49,23.49,2026-07-07 16:33:03,amazon Dcvoltage,true
1063800000000,205-7923199-9060355,AMAZON,B096FPKPNQ,,ENC685,1,54.89,54.89,2026-07-07 16:56:16,amazon Dcvoltage,true
1063810000000,202-9579046-9348347,AMAZON,B0FHPMM3WZ,,CRFF100CO2PK+LHNSE27CO2PK,1,23.89,23.89,2026-07-07 17:19:37,amazon Dcvoltage,true
1063820000000,203-7142580-8985936,AMAZON,B0D53FZ8GS,,WCB2WH2PK+RPR44WH2PK,1,15.89,,2026-07-07 18:10:17,amazon Dcvoltage,true
1063830000000,203-4807438-7873964,AMAZON,B08XC25WCD,,CL3TBMAPK,1,20.99,20.99,2026-07-07 19:23:31,amazon Dcvoltage,true
1063840000000,026-7668533-3130705,AMAZON,B0FHPMM3WZ,,CRFF100CO2PK+LHNSE27CO2PK,1,23.89,23.89,2026-07-07 19:36:05,amazon Dcvoltage,true
1063850000000,202-0040106-5037939,AMAZON,B0CYZVX28V,,LSCY290CO2PK+RPR44WH2PK,1,31.89,31.89,2026-07-07 20:19:57,amazon Dcvoltage,true
1063860000000,205-4395303-0110769,AMAZON,B0FX2T3V9J,,LSCYRO200GD2PK+RPR44WH2PK,1,26.89,26.89,2026-07-07 20:58:37,amazon Dcvoltage,true
1063870000000,205-5925953-1593148,AMAZON,B0G2YBJVW4,,ENC7844,2,37.93,,2026-07-07 21:31:51,amazon Dcvoltage,true
1063880000000,204-5618430-5471540,AMAZON,B0BZ514CFP,,ENC1290,1,17.79,,2026-07-07 21:42:19,amazon Dcvoltage,true
1063890000000,203-9383628-6749965,AMAZON,B0B4K4MVSK,,PSDS4BMRBU,1,14.07,14.07,2026-07-07 03:51:22,amazon Ledsone,true
1063900000000,202-9688826-2081122,AMAZON,B0CHDZXZGJ,,CL3TAG5PK,1,13.79,13.79,2026-07-07 07:21:40,amazon Ledsone,true
1063910000000,206-4597818-4852304,AMAZON,B0BBS5YWRL,,CL3TGLAPK,1,20.99,20.99,2026-07-07 09:41:42,amazon Ledsone,true
1063920000000,026-7723344-6616357,AMAZON,B0946XHZF3,,CRSF100CO+PHMU1PBRCO+LSDO210BC,1,18.30,18.30,2026-07-07 10:37:37,amazon Ledsone,true
1063930000000,202-5972833-9609901,AMAZON,B0CHRVWSBM,,CL3RBM5PK,1,11.99,11.99,2026-07-07 10:53:32,amazon Ledsone,true
1063940000000,204-2584950-0448320,AMAZON,B09LR6MDYF,,CRSF100SN+LHNSE27SN+SCRN70BM+LSTF40SN,1,17.19,17.19,2026-07-07 12:55:44,amazon Ledsone,true
1063950000000,206-6217508-7786768,AMAZON,B0CZXL6ZYG,,TPOSBDBM,1,29.68,24.69,2026-07-07 12:56:40,amazon Ledsone,true
1063960000000,205-9082181-0109906,AMAZON,B0DBLB6ZSH,,amzn.gr.LSDO210GR2PK_RPR44WH2P-PM6BxN-LN,1,12.79,12.79,2026-07-07 13:26:08,amazon Ledsone,true
1063970000000,206-2937973-9851548,AMAZON,B0B9Y5MRSK,,CL3TGD5PK,1,12.99,12.99,2026-07-07 14:39:22,amazon Ledsone,true
1063980000000,026-2688376-1828329,AMAZON,B0BBS6B82P,,CL3TBMAPK,1,20.99,,2026-07-07 15:41:52,amazon Ledsone,true
1063990000000,204-8795444-1790752,AMAZON,B0CDWVF7VV,,PSHYOS4WRWH,1,19.08,14.09,2026-07-07 17:43:04,amazon Ledsone,true
1064000000000,203-3469015-6377921,AMAZON,B0DF2WV971,,LHC5E27WH2PK,1,12.09,12.09,2026-07-07 18:57:49,amazon Ledsone,true
1064010000000,204-1328625-9148311,AMAZON,B0DXQB7T3C,,LSCY290GY2PK+RPR44WH2PK,1,26.09,26.09,2026-07-07 19:19:22,amazon Ledsone,true
1064020000000,204-6191049-3503555,AMAZON,B0863J112Z,,PHSF1BMTBM2PK,1,19.29,19.29,2026-07-07 20:00:55,amazon Ledsone,true
1064030000000,204-7508221-5214721,AMAZON,B0CCJ2NWRP,,SPSDP2BM5PK,1,17.79,17.79,2026-07-07 21:32:42,amazon Ledsone,true
1064040000000,026-3012637-4134713,AMAZON,B0CWP19CDZ,,CRFF140SN+WSNW170SN+LSMS320BI,2,31.04,,2026-07-07 21:44:45,amazon Ledsone,true
1065370000000,204-1279397-0193132,AMAZON,B08WX7NWWL,,ENC899,1,25.88,20.89,2026-07-08 02:02:55,amazon Dcvoltage,true
1065380000000,202-4568379-0605908,AMAZON,B08VGPPQ48,,LSCY290GY+RPR44WH,1,15.29,,2026-07-08 04:45:21,amazon Dcvoltage,true
1065390000000,202-2961625-7017936,AMAZON,B0F48LNB6J,,RWWPSY1080YE,1,8.89,8.89,2026-07-08 07:53:22,amazon Dcvoltage,true
1065400000000,026-8467925-9743531,AMAZON,B0FHPNSB7S,,CRFF100GB2PK+LHNSE27GB2PK,1,23.99,23.99,2026-07-08 08:01:14,amazon Dcvoltage,true
1065410000000,202-2203791-0809966,AMAZON,B08XC25WCD,,CL3TBMAPK,1,20.99,20.99,2026-07-08 08:55:15,amazon Dcvoltage,true
1065420000000,206-8211467-1433111,AMAZON,B07PM5KN1T,,CL3TGL5PK,1,12.99,12.99,2026-07-08 09:13:29,amazon Dcvoltage,true
1065430000000,205-3595031-6857948,AMAZON,B0FHPM5GYP,,CRFF100CH2PK+LHNSE27CH2PK,1,24.89,24.89,2026-07-08 10:37:06,amazon Dcvoltage,true
1065440000000,204-1983051-6270755,AMAZON,B08WLZCF85,,CRSF100YB+WSNW170YB+SCRN70YB+LSFT220YB,2,31.78,31.78,2026-07-08 10:45:51,amazon Dcvoltage,true
1065450000000,205-6559812-1654738,AMAZON,B0D2TCJKT7,,LSCY290OR2PK+RPR44WH2PK,1,23.89,23.89,2026-07-08 11:22:54,amazon Dcvoltage,true
1065460000000,203-6077091-2727552,AMAZON,B0F3J892HH,,LLRO18W2PK,2,12.18,12.18,2026-07-08 11:59:45,amazon Dcvoltage,true
1065470000000,205-1794032-9156315,AMAZON,B07L8HQG6Y,,CL3TGD5PK,1,13.99,13.99,2026-07-08 12:13:10,amazon Dcvoltage,true
1065480000000,026-4396267-2220319,AMAZON,B0DFHMC949,,LSCY290BI+RPR44WH-,1,15.29,15.29,2026-07-08 12:29:57,amazon Dcvoltage,true
1065490000000,202-9776653-4365929,AMAZON,B0CZLDKF3Z,,LSSS300GB2PK+RPR44WH2PK,1,23.99,23.99,2026-07-08 12:43:47,amazon Dcvoltage,true
1065500000000,204-3882820-4155563,AMAZON,B0CJCDZWRB,,LSSS300SN2PK+RPR44WH2PK,1,23.49,,2026-07-08 13:12:02,amazon Dcvoltage,true
1065510000000,204-5660572-4905905,AMAZON,B0DP264BLC,,12UK3P10A,2,35.78,17.89,2026-07-08 13:36:46,amazon Dcvoltage,true
1065520000000,026-9409810-6497904,AMAZON,B0G4QXV4B3,,CRSF100BC+PHHF1PBRBC+LSWD360BC,2,38.86,,2026-07-08 14:25:36,amazon Dcvoltage,true
1065530000000,204-7398776-4064344,AMAZON,B0CKWLS9WR,,CL3RHE5PK,1,13.09,,2026-07-08 15:09:17,amazon Dcvoltage,true
1065540000000,203-7149091-2193104,AMAZON,B09BV65JL2,,PSDS2BMRBW.1,1,11.89,11.89,2026-07-08 15:13:39,amazon Dcvoltage,true
1065550000000,203-1944134-7959559,AMAZON,B0DKF3RBTL,,12IP20400,3,179.91,59.97,2026-07-08 15:39:10,amazon Ledsone,true
1065560000000,203-4898412-5380320,AMAZON,B0CKWMGD1M,,CL3RBR5PK,1,12.99,12.99,2026-07-08 15:52:22,amazon Dcvoltage,true
1065570000000,026-1950528-4928360,AMAZON,B0CJ4QZ15C,,LSMCSPSQMC+RPM40WH,1,22.89,22.89,2026-07-08 16:02:33,amazon Dcvoltage,true
1065580000000,204-0310208-2139508,AMAZON,B0F2HHRGLQ,,PLWLBC,1,12.89,12.89,2026-07-08 16:30:15,amazon Dcvoltage,true
1065590000000,026-9216133-4857116,AMAZON,B07QV1YKZW,,12RPIP45100,2,24.88,24.88,2026-07-08 18:23:54,amazon Dcvoltage,true
1065600000000,205-8337411-9186740,AMAZON,B07ZFWL5T1,,CRFF100GB+LHNSE27GB,1,13.89,13.89,2026-07-08 18:46:21,amazon Dcvoltage,true
1065610000000,206-7033962-7309952,AMAZON,B0CJ4QZ15C,,LSMCSPSQMC+RPM40WH,1,22.89,,2026-07-08 18:49:32,amazon Dcvoltage,true
1065620000000,026-3413027-5409942,AMAZON,B0FHPNSB7S,,CRFF100GB2PK+LHNSE27GB2PK,1,23.99,23.99,2026-07-08 19:24:22,amazon Dcvoltage,true
1065630000000,202-7674229-0107535,AMAZON,B0GW83X9F4,,LHSWPBB22GD,1,9.79,,2026-07-08 19:38:59,amazon Dcvoltage,true
1065640000000,206-8181336-2952314,AMAZON,B0FHPNSB7S,,CRFF100GB2PK+LHNSE27GB2PK,1,23.99,,2026-07-08 20:12:43,amazon Dcvoltage,true
1065650000000,206-6191461-7915509,AMAZON,B0D5BFHKBN,,LSMS320GY2PK+RPR44WH2PK,1,25.39,,2026-07-08 20:25:37,amazon Dcvoltage,true
1065660000000,205-3636108-4526733,AMAZON,B0D5BFGM4G,,LSMS320WH2PK+RPR44WH2PK,1,26.79,,2026-07-08 21:57:02,amazon Dcvoltage,true
1065670000000,203-9593608-7694748,AMAZON,B0D53YC5HZ,,WCB2BM2PK+RPR44WH2PK,1,15.89,15.89,2026-07-08 23:35:45,amazon Dcvoltage,true
1065680000000,204-5894218-7517912,AMAZON,B0868DXK1B,,CCBKNWE48,1,9.98,,2026-07-08 06:44:42,amazon Ledsone,true
1065690000000,026-5936947-5379547,AMAZON,B0B9Y5MRSK,,CL3TGD5PK,1,14.98,12.99,2026-07-08 07:01:57,amazon Ledsone,true
1065700000000,203-2875976-1571539,AMAZON,B0B9Y5MRSK,,CL3TGD5PK,1,12.99,12.99,2026-07-08 07:11:56,amazon Ledsone,true
1065720000000,203-8277154-9998745,AMAZON,B0DRYSCF1X,,LHSHE27WH3PK,1,13.39,,2026-07-08 07:24:44,amazon Ledsone,true
1065730000000,204-8555492-1469110,AMAZON,B0CCHXR4X2,,SPSDP2WH3PK,1,13.89,13.89,2026-07-08 07:26:36,amazon Ledsone,true
1065740000000,205-9800553-4013928,AMAZON,B09HS85K42,,CL2TBD5PK,1,14.29,14.29,2026-07-08 08:50:45,amazon Ledsone,true
1065750000000,203-3400770-5401160,AMAZON,B0CHRVWSBM,,CL3RBM5PK,1,11.99,11.99,2026-07-08 09:30:17,amazon Ledsone,true
1065760000000,026-2456141-9313968,AMAZON,B094DN1XL1,,PLADBC,1,45.99,45.99,2026-07-08 10:03:07,amazon Ledsone,true
1065770000000,205-6653257-7235527,AMAZON,B0B9Y5MRSK,,CL3TGD5PK,1,12.99,,2026-07-08 10:42:30,amazon Ledsone,true
1065780000000,206-5031518-6733148,AMAZON,B0868DXK1B,,CCBKNWE48,1,9.99,,2026-07-08 11:53:26,amazon Ledsone,true
1065790000000,205-9181505-7926766,AMAZON,B0B77GWCPC,,CRFF108GB2PK+HK10GB2PK,1,12.49,12.49,2026-07-08 12:13:52,amazon Ledsone,true
1065800000000,204-0170971-2305111,AMAZON,B0BB31YPDF,,CL2RGY5PK,1,11.24,,2026-07-08 12:54:21,amazon Ledsone,true
1065820000000,203-9961938-4473123,AMAZON,B0B77GF35H,,CRFF108CH2PK+HK10CH2PK,1,11.49,11.49,2026-07-08 13:33:21,amazon Ledsone,true
1065830000000,203-1944134-7959559,AMAZON,B07VFV228J,,12RPIP454002,2,100.40,50.20,2026-07-08 15:39:10,amazon Ledsone,true
1065840000000,026-7009685-5615567,AMAZON,B0CZXL6ZYG,,TPOSBDBM,1,23.99,23.99,2026-07-08 16:35:35,amazon Ledsone,true
1065850000000,203-0037879-4190707,AMAZON,B07CPWC9PP,,dc12IP6780,1,14.99,14.99,2026-07-08 16:52:42,amazon Ledsone,true
1065860000000,026-5539991-2016329,AMAZON,B0C9JFJGGH,,PHUH1HETBM+LSHM400HE,1,32.19,,2026-07-08 17:23:05,amazon Ledsone,true
1065870000000,202-8749596-6176331,AMAZON,B09HS8RX1P,,CL2TYE5PK,1,13.29,,2026-07-08 17:29:33,amazon Ledsone,true
1065880000000,206-8908595-7297127,AMAZON,B0F9WXH3SL,,CL2RBMAPK,1,18.79,18.79,2026-07-08 18:13:52,amazon Ledsone,true
1065890000000,204-7467212-7161144,AMAZON,B0F292MNGB,,LSCY290BG+RPR44WH,1,16.99,,2026-07-08 19:09:21,amazon Ledsone,true
1065900000000,203-9920907-7943566,AMAZON,B09L115HFJ,,12UK3P10A,1,16.99,,2026-07-08 19:14:43,amazon Ledsone,true
1065910000000,203-5641121-8997962,AMAZON,B0CHW3Q9VG,,CRSF100YB+PHCHPCRYB+LSCY290YB,1,23.09,,2026-07-08 19:19:18,amazon Ledsone,true
1065920000000,203-0276518-7516354,AMAZON,B0CZXL6ZYG,,TPOSBDBM,1,23.99,,2026-07-08 20:44:46,amazon Ledsone,true
1065930000000,202-6514106-0255562,AMAZON,B0D7ZTRLBH,,LSCY290BM2PK+RPR44WH2PK,2,51.78,,2026-07-08 21:04:36,amazon Ledsone,true
1065940000000,203-1841227-6552314,AMAZON,B0D7ZTRLBH,,LSCY290BM2PK+RPR44WH2PK,1,25.89,,2026-07-08 21:37:48,amazon Ledsone,true
1065950000000,026-9602094-2923544,AMAZON,B0CZXL6ZYG,,TPOSBDBM,1,23.99,23.99,2026-07-08 21:38:28,amazon Ledsone,true
1065960000000,202-4687696-2111568,AMAZON,B0CHRVWSBM,,CL3RBM5PK,1,11.99,,2026-07-08 22:46:50,amazon Ledsone,true
1067850000000,205-0862196-0938740,AMAZON,B0CZLDKF3Z,,LSSS300GB2PK+RPR44WH2PK,1,23.99,23.99,2026-07-09 00:08:49,amazon Dcvoltage,true
1067860000000,203-6498370-4333934,AMAZON,B0DMNS6SJ3,,LHCCE27BM,1,4.98,,2026-07-09 07:37:30,amazon Dcvoltage,true
1067870000000,202-7199422-3441953,AMAZON,B07CS22K8L,,12IP6720,1,9.99,9.99,2026-07-09 09:02:08,amazon Dcvoltage,true
1067880000000,204-4793490-6910741,AMAZON,B0CGRJ1V8L,,TPOSBDBM,1,24.69,24.69,2026-07-09 09:07:27,amazon Dcvoltage,true
1067890000000,203-7582940-5128359,AMAZON,B07PM6VXCG,,CL3TBK5PK,1,13.01,13.01,2026-07-09 10:33:01,amazon Dcvoltage,true
1067900000000,205-2738489-0784350,AMAZON,B0BNXHF2BR,,CRSF100CO+PHSH1PBRCO+LSDO300CO,1,18.99,18.99,2026-07-09 11:36:27,amazon Dcvoltage,true
1067910000000,206-8576228-8387510,AMAZON,B0CBLXL9R1,,WCVCBC2PK+RPR44WH2PK,1,15.89,15.89,2026-07-09 12:24:30,amazon Dcvoltage,true
1067920000000,026-9796979-7219562,AMAZON,B07L8HQG6Y,,CL3TGD5PK,1,13.99,13.99,2026-07-09 12:46:08,amazon Dcvoltage,true
1067930000000,204-1035797-3734736,AMAZON,B07ZFWL5T1,,CRFF100GB+LHNSE27GB,1,13.89,,2026-07-09 14:27:13,amazon Dcvoltage,true
1067940000000,204-5558966-4253146,AMAZON,B08XBYXQC6,,CL3TBRAPK,1,19.89,19.89,2026-07-09 15:04:51,amazon Dcvoltage,true
1067950000000,202-8473364-8808323,AMAZON,B0CYZVX28V,,LSCY290CO2PK+RPR44WH2PK,1,31.89,31.89,2026-07-09 15:32:53,amazon Dcvoltage,true
1067960000000,026-8532138-4461139,AMAZON,B0D5LRVWYD,,LSFT220BG2PK+RPR44WH2PK,1,21.49,21.49,2026-07-09 15:34:22,amazon Dcvoltage,true
1067970000000,204-3330294-3698757,AMAZON,B07L8HQG6Y,,CL3TGD5PK,1,13.99,,2026-07-09 16:43:55,amazon Dcvoltage,true
1067980000000,204-1666584-5181156,AMAZON,B0D53FZ8GS,,WCB2WH2PK+RPR44WH2PK,1,15.89,15.89,2026-07-09 18:05:55,amazon Dcvoltage,true
1067990000000,204-1254091-2894714,AMAZON,B07F9SH71F,,LDMG95E274,1,5.69,,2026-07-09 18:36:19,amazon Dcvoltage,true
1068000000000,202-6689329-3977108,AMAZON,B0DM61D265,,LSFT220BM3PK+RPR44WH3PK,1,19.89,19.89,2026-07-09 19:09:46,amazon Dcvoltage,true
1068010000000,202-4058547-6431556,AMAZON,B0DKF3RBTL,,12IP20400,1,19.99,19.99,2026-07-09 19:33:20,amazon Dcvoltage,true
1068020000000,026-3404687-8772324,AMAZON,B0CPBX49HJ,,LSCY290GR+RPR44WH,1,15.89,15.89,2026-07-09 19:42:06,amazon Dcvoltage,true
1068030000000,206-9322391-8809952,AMAZON,B0F2HHRGLQ,,PLWLBC,1,12.89,,2026-07-09 20:16:59,amazon Dcvoltage,true
1068040000000,203-2335306-2808315,AMAZON,B0FX2T3V9J,,LSCYRO200GD2PK+RPR44WH2PK,1,26.89,26.89,2026-07-09 20:33:48,amazon Dcvoltage,true
1068050000000,205-4174324-8479565,AMAZON,B0D56ZN8NP,,WCB7WH2PK+RPR44WH2PK,1,15.69,15.69,2026-07-09 20:39:38,amazon Dcvoltage,true
1068060000000,203-5669347-5272368,AMAZON,B08XBYXQC6,,CL3TBRAPK,1,19.89,,2026-07-09 21:01:45,amazon Dcvoltage,true
1068070000000,205-8074108-4009957,AMAZON,B08WX46R2X,,ENC905,1,17.89,,2026-07-09 23:01:19,amazon Dcvoltage,true
1068080000000,206-2439338-6178755,AMAZON,B0CW5X3HHV,,LSDO210GY2PK+RPR44WH2PK,1,18.89,18.89,2026-07-09 04:36:44,amazon Ledsone,true
1068090000000,206-2008017-0736356,AMAZON,B0CZXHLR1Q,,TPOSBDBM2PK,1,43.99,43.99,2026-07-09 08:53:05,amazon Ledsone,true
1068100000000,205-7323908-9309118,AMAZON,B0F9WXH3SL,,CL2RBMAPK,1,18.79,,2026-07-09 10:05:09,amazon Ledsone,true
1068110000000,204-4001607-2996345,AMAZON,B07CM1B86W,,12IP67150,2,37.18,39.52,2026-07-09 10:59:09,amazon Ledsone,true
1068120000000,026-4080130-3291536,AMAZON,B0F28YNDZN,,LSCY290RO+RPR44WH,1,19.79,,2026-07-09 12:34:48,amazon Ledsone,true
1068130000000,026-2056151-7421104,AMAZON,B09479HV6W,,LDMG95E2783PK,1,14.09,,2026-07-09 12:48:33,amazon Ledsone,true
1068140000000,026-6165911-0042727,AMAZON,B0CZXL6ZYG,,TPOSBDBM,1,23.99,23.99,2026-07-09 12:53:11,amazon Ledsone,true
1068150000000,202-5192141-5845158,AMAZON,B0DB2FJY1T,,CL2THEAPK,1,20.19,20.19,2026-07-09 12:56:06,amazon Ledsone,true
1068160000000,026-1428749-2090720,AMAZON,B0CZXL6ZYG,,TPOSBDBM,1,23.99,23.99,2026-07-09 14:46:27,amazon Ledsone,true
1068170000000,205-9231565-3522719,AMAZON,B0D298ZBH2,,LSCY290WH2PK+RPR44WH2PK,1,25.99,25.99,2026-07-09 14:57:40,amazon Ledsone,true
1068180000000,206-9399436-3857937,AMAZON,B0DXQ7LC8N,,LSCY290GR2PK+RPR44WH2PK,1,24.89,24.89,2026-07-09 15:17:10,amazon Ledsone,true
1068190000000,205-2101272-7243561,AMAZON,B0F28YR5JN,,LSCY290NB+RPR44WH,1,15.99,,2026-07-09 15:42:29,amazon Ledsone,true
1068200000000,205-5284234-5949112,AMAZON,B0CCJ2NWRP,,amzn.gr.SPSDP2BM5PK-GAgamICKAGksEHuzm-VG,1,13.34,13.34,2026-07-09 16:00:27,amazon Ledsone,true
1068220000000,026-6611865-8867547,AMAZON,B0CGRJ5PM4,,CRSF100BM+SPSPLBM+PHRNWP2RBM,1,13.29,13.29,2026-07-09 16:57:27,amazon Ledsone,true
1068230000000,205-1243574-6793121,AMAZON,B0B9Y9F73N,,CL3TIV5PK,1,15.38,12.89,2026-07-09 17:12:12,amazon Ledsone,true
1068240000000,206-6921172-7473969,AMAZON,B0CFV9JG2H,,PSOS4BMTHE,1,21.58,16.59,2026-07-09 17:28:51,amazon Ledsone,true
1068250000000,206-9892719-3457113,AMAZON,B0C3ZT3VR1,,LSCY290BD+RPR44WH,1,14.89,14.89,2026-07-09 19:59:11,amazon Ledsone,true
1068260000000,206-3086381-2205104,AMAZON,B0BWYR88X1,,CRSF100GS+WSWH135BM+LSHQ150BU,2,33.09,35.16,2026-07-09 20:38:38,amazon Ledsone,true
1068270000000,202-3931410-7915502,AMAZON,B0F28YNDZN,,LSCY290RO+RPR44WH,1,17.72,,2026-07-09 21:09:05,amazon Ledsone,true
1068280000000,203-7264638-3515534,AMAZON,B0C3ZTBRHZ,,LSCY290BM+RPR44WH,2,29.78,,2026-07-09 21:46:05,amazon Ledsone,true
1069610000000,026-8806538-2325910,AMAZON,B0CG5YFN9X,,LSCY290BI2PK+RPR44WH2PK,1,26.49,,2026-07-10 01:01:31,amazon Dcvoltage,true
1069620000000,202-2312714-0240323,AMAZON,B08V5RPGD1,,CRSF100BC+PHCH1PBRBC+LSCY290BC,1,18.89,18.89,2026-07-10 01:44:59,amazon Dcvoltage,true
1069630000000,204-4141246-4339525,AMAZON,B07F9SH71F,,LDMG95E274,1,5.69,5.69,2026-07-10 07:34:35,amazon Dcvoltage,true
1069640000000,204-4272622-7769912,AMAZON,B0CXSXN4KX,,amzn.gr.LSMS320BI2PK_RPR44WH2P-gVEEES-VG,1,20.47,20.47,2026-07-10 07:58:09,amazon Dcvoltage,true
1069650000000,206-8945537-1894704,AMAZON,B08XC1QT69,,CL3THEAPK,1,19.99,19.99,2026-07-10 08:53:28,amazon Dcvoltage,true
1069660000000,204-4978351-5407542,AMAZON,B0D6B5DGFC,,SPSDP2BM3PK,1,12.49,12.49,2026-07-10 09:42:59,amazon Dcvoltage,true
1069670000000,206-4996974-0065131,AMAZON,B0DH629QP2,,CL2TGLAPK,5,85.05,36.58,2026-07-10 09:44:59,amazon Dcvoltage,true
1069680000000,204-8560071-1761164,AMAZON,B07F9SH71F,,LDMG95E274,1,5.69,5.69,2026-07-10 09:50:55,amazon Dcvoltage,true
1069700000000,205-5665527-2971516,AMAZON,B0CKWMGD1M,,CL3RBR5PK,1,12.99,12.99,2026-07-10 10:42:35,amazon Dcvoltage,true
1069710000000,026-2394699-7301931,AMAZON,B0GQTS6GXY,,SPSDP2BM5PK,1,18.89,18.89,2026-07-10 11:45:37,amazon Dcvoltage,true
1069720000000,204-5188512-1514735,AMAZON,B07L8HQG6Y,,CL3TGD5PK,1,13.99,13.99,2026-07-10 12:54:53,amazon Dcvoltage,true
1069730000000,026-4999408-5672338,AMAZON,B08XBKHY6C,,PSDS4BMRBL,1,0.00,,2026-07-10 13:44:39,amazon Dcvoltage,true
1069740000000,026-4999408-5672338,AMAZON,B08X9WV762,,PSDS4BMRBU,1,0.00,,2026-07-10 13:44:39,amazon Dcvoltage,true
1069750000000,203-4799238-5232334,AMAZON,B0D4YDHJNZ,,LDMG80E2743PK,1,12.39,12.39,2026-07-10 13:50:17,amazon Dcvoltage,true
1069760000000,204-0389403-4368310,AMAZON,B0965HZJGN,,ENC686,1,49.49,,2026-07-10 13:59:02,amazon Dcvoltage,true
1069770000000,202-5839099-1801104,AMAZON,B0D453YVGN,,PHSF2BMTBM+ICST64E27,1,13.89,13.89,2026-07-10 14:22:35,amazon Dcvoltage,true
1069780000000,026-0752094-1333903,AMAZON,B0G4QXYX5W,,amzn.gr.CRSF100BM_PHHF1PBRBM_L-8RJXXY-LN,1,19.52,19.52,2026-07-10 15:09:35,amazon Dcvoltage,true
1069790000000,206-3080650-1158702,AMAZON,B08X9WV762,,PSDS4BMRBU,1,0.00,,2026-07-10 15:22:55,amazon Dcvoltage,true
1069800000000,206-3080650-1158702,AMAZON,B08XBKHY6C,,PSDS4BMRBL,1,0.00,,2026-07-10 15:22:55,amazon Dcvoltage,true
1069810000000,206-5076699-6534710,AMAZON,B0CB8D5MMC,,LSMS320GY+RPR44WH,2,29.98,,2026-07-10 15:43:14,amazon Dcvoltage,true
1069820000000,026-3420399-7625929,AMAZON,B08TMBY3QM,,amzn.gr.ENC771-vQAn_JQanjQx2P2VO3ueAr-VG,1,15.03,15.03,2026-07-10 16:21:19,amazon Dcvoltage,true
1069830000000,205-6601900-9449909,AMAZON,B08V5MK449,,CRSF100BM+PHCH1BMRBM+LSCY290BM,1,20.49,,2026-07-10 17:06:05,amazon Dcvoltage,true
1069840000000,205-4021011-2163546,AMAZON,B08V5MK449,,CRSF100BM+PHCH1BMRBM+LSCY290BM,1,20.49,,2026-07-10 17:07:14,amazon Dcvoltage,true
1069850000000,205-0786648-0021124,AMAZON,B08V5MK449,,CRSF100BM+PHCH1BMRBM+LSCY290BM,1,20.49,,2026-07-10 17:09:58,amazon Dcvoltage,true
1069860000000,203-2792056-9112359,AMAZON,B0G4QXV4B3,,CRSF100BC+PHHF1PBRBC+LSWD360BC,1,20.89,20.89,2026-07-10 17:37:33,amazon Dcvoltage,true
1069870000000,203-7314668-6239538,AMAZON,B08VGMKHT7,,LSCY290BM+RPR44WH,1,15.49,15.49,2026-07-10 20:00:09,amazon Dcvoltage,true
1069880000000,205-3233224-4579526,AMAZON,B0FX2TFPZM,,LSCYRO120WH2PK+RPR44WH2PK,1,22.79,22.79,2026-07-10 22:24:49,amazon Dcvoltage,true
1069890000000,206-1210826-0783508,AMAZON,B0C7BZ5756,,LSCY290GC+RPR44WH,2,30.98,15.49,2026-07-10 23:08:16,amazon Dcvoltage,true
1069900000000,202-6358157-6610739,AMAZON,B07RWJR1D2,,amzn.gr.WPWS-PNBS-0NJJyjji20IXXJw4MrU-LN,1,18.30,13.31,2026-07-10 23:39:36,amazon Dcvoltage,true
1069910000000,204-2196259-6170745,AMAZON,B0CGRJ5PM4,,CRSF100BM+SPSPLBM+PHRNWP2RBM,1,13.19,,2026-07-10 08:10:42,amazon Ledsone,true
1069920000000,203-9122499-5364335,AMAZON,B0CFVCM4Z5,,PSOS4BMTHE+ICST64E27,1,17.59,,2026-07-10 08:51:56,amazon Ledsone,true
1069930000000,206-9958893-6675501,AMAZON,B0868DXK1B,,CCBKNWE48,1,9.99,,2026-07-10 09:57:49,amazon Ledsone,true
1069940000000,202-3000913-1020321,AMAZON,B0B9Y7SRPV,,CL3TWH5PK,1,14.09,14.09,2026-07-10 11:21:16,amazon Ledsone,true
1069950000000,202-3516007-6517122,AMAZON,B0C4PNFVK4,,CRSF2003BM+PHMU1PBRGS3PK+LSDM220GS3PKFBA,1,52.59,52.59,2026-07-10 12:10:49,amazon Ledsone,true
1069960000000,202-6707280-7794766,AMAZON,B0B4KBGPV6,,PSDS4BMRBW,2,27.29,27.29,2026-07-10 12:30:40,amazon Ledsone,true
1069970000000,204-2985465-3769141,AMAZON,B09JM3PLLH,,LDSG125LOE274,1,10.19,10.19,2026-07-10 13:04:53,amazon Ledsone,true
1069980000000,202-1245559-1633904,AMAZON,B0B9Y614SR,,CL3TGR5PK,1,12.59,,2026-07-10 13:24:58,amazon Ledsone,true
1069990000000,204-0041432-4905119,AMAZON,B0BBB5YCJN,,CL3RCR5PK,1,13.79,13.79,2026-07-10 13:30:51,amazon Ledsone,true
1070000000000,206-2666918-7495526,AMAZON,B0C3ZTBRHZ,,LSCY290BM+RPR44WH,1,14.89,14.89,2026-07-10 13:36:16,amazon Ledsone,true
1070010000000,202-8478818-3281905,AMAZON,B0D9616XS6,,LSOL180BS2PK+RPR44WH2PK,1,18.49,,2026-07-10 13:36:30,amazon Ledsone,true
1070020000000,204-9484376-5813165,AMAZON,B0GW7VBY3J,,LHSWPBB22GD,1,9.69,,2026-07-10 14:27:59,amazon Ledsone,true
1070030000000,026-0908576-0746761,AMAZON,B0CHRVWSBM,,CL3RBM5PK,1,11.99,11.99,2026-07-10 14:42:58,amazon Ledsone,true
1070040000000,204-9012868-2037159,AMAZON,B0F28YNDZN,,LSCY290RO+RPR44WH,1,17.29,,2026-07-10 14:43:36,amazon Ledsone,true
1070050000000,202-5021073-9051548,AMAZON,B0B9Y67S6V,,CL3TCR5PK,1,13.89,,2026-07-10 16:31:31,amazon Ledsone,true
1070060000000,205-2435480-1641124,AMAZON,B0F7QZQS3Y,,CL2TWHAPK,2,34.02,36.15,2026-07-10 16:36:48,amazon Ledsone,true
1070070000000,203-2650348-2525927,AMAZON,B07CQLS5VT,,12IP6750,1,11.29,11.29,2026-07-10 16:56:38,amazon Ledsone,true
1070080000000,206-1005166-9043550,AMAZON,B0CBMQZ8P6,,PHSF2BMRBM+SPSDP2BM,1,13.89,,2026-07-10 17:10:34,amazon Ledsone,true
1070090000000,026-4245330-1454707,AMAZON,B0BBS3NXFM,,CL3TBRAPK,2,41.78,41.78,2026-07-10 17:20:45,amazon Ledsone,true
1070100000000,204-9703714-0426734,AMAZON,B0D7ZTRLBH,,LSCY290BM2PK+RPR44WH2PK,1,25.89,25.89,2026-07-10 19:48:25,amazon Ledsone,true
1070110000000,204-7928156-2967558,AMAZON,B0DCFXBYJG,,LDSG95DIE2745PK,1,25.99,25.99,2026-07-10 19:55:35,amazon Ledsone,true
1070120000000,204-4582033-2298760,AMAZON,B0B9Y9F73N,,CL3TIV5PK,1,12.89,,2026-07-10 20:02:08,amazon Ledsone,true
1070130000000,204-4144748-2663564,AMAZON,B094R3M2DC,,PLADBM,1,44.89,44.89,2026-07-10 20:25:14,amazon Ledsone,true
1070150000000,206-0365315-2213169,AMAZON,B0B4K4MVSK,,PSDS4BMRBU,1,14.07,14.07,2026-07-10 22:31:31,amazon Ledsone,true
1070160000000,203-9281770-9650713,AMAZON,B0CBMQZ8P6,,PHSF2BMRBM+SPSDP2BM,2,25.84,,2026-07-10 22:38:05,amazon Ledsone,true
1070170000000,205-5357312-7061931,AMAZON,B0B9K6TTT9,,CL2TBL5PK,1,12.49,,2026-07-10 23:08:13,amazon Ledsone,true
1070180000000,026-6611858-9695535,AMAZON,B0CHDZXZGJ,,CL3TAG5PK,1,13.79,13.79,2026-07-10 23:11:09,amazon Ledsone,true
1071930000000,202-2178774-5585138,AMAZON,B0CGRJ1V8L,,TPOSBDBM,1,23.09,23.09,2026-07-11 00:42:53,amazon Dcvoltage,true
1071940000000,203-9485514-8731565,AMAZON,B0CS9Q78XH,,LSCY210BG2PK+RPR44WH2PK,1,23.49,23.49,2026-07-11 07:30:36,amazon Dcvoltage,true
1071950000000,202-6766780-4102712,AMAZON,B08XC1QT69,,CL3THEAPK,1,19.99,,2026-07-11 07:43:14,amazon Dcvoltage,true
1071960000000,026-3791578-6901913,AMAZON,B08P1NX6SB,,CRFF500BM+PHHT1PBRBM3PK+WCDCBM3PKAM,1,32.89,32.89,2026-07-11 08:09:04,amazon Dcvoltage,true
1071970000000,026-6640338-5023552,AMAZON,B0CPBXJMSS,,LSCY290OR+RPR44WH,2,31.78,,2026-07-11 09:11:06,amazon Dcvoltage,true
1071980000000,206-7948001-1431503,AMAZON,B0CTSVJKJ6,,LSMS320RE+RPR44WH,1,14.99,14.99,2026-07-11 10:31:32,amazon Dcvoltage,true
1071990000000,205-7828117-9513969,AMAZON,B0CXSS7XYX,,LSCY290WH2PK+RPR44WH2PK,1,25.89,25.89,2026-07-11 10:53:23,amazon Dcvoltage,true
1072000000000,202-1051232-9686745,AMAZON,B0BNXHF2BR,,CRSF100CO+PHSH1PBRCO+LSDO300CO,1,18.99,18.99,2026-07-11 11:32:27,amazon Dcvoltage,true
1072010000000,203-4841095-6801141,AMAZON,B0CS9PS8J3,,LSCY210BG3PK+RPR44WH3PK,1,32.89,32.89,2026-07-11 12:29:25,amazon Dcvoltage,true
1072030000000,203-4516367-5015548,AMAZON,B0D53FZ8GS,,WCB2WH2PK+RPR44WH2PK,1,15.89,,2026-07-11 13:12:38,amazon Dcvoltage,true
1072040000000,205-8955761-3273929,AMAZON,B08P1NX6SB,,CRFF500BM+PHHT1PBRBM3PK+WCDCBM3PKAM,1,32.89,,2026-07-11 13:13:46,amazon Dcvoltage,true
1072050000000,204-2531140-1809147,AMAZON,B0FHPM5GYP,,CRFF100CH2PK+LHNSE27CH2PK,1,24.89,24.89,2026-07-11 13:34:21,amazon Dcvoltage,true
1072060000000,203-3522772-5706702,AMAZON,B0CP3CZ4TM,,CRFF100CH+PHUP1PCRCH+CNT900CH,1,16.89,16.89,2026-07-11 15:12:18,amazon Dcvoltage,true
1072070000000,206-7059096-6149166,AMAZON,B08TMBY3QM,,ENC771,1,18.79,18.79,2026-07-11 16:36:33,amazon Dcvoltage,true
1072090000000,206-1082717-9497136,AMAZON,B0CXSXN4KX,,LSMS320BI2PK+RPR44WH2PK,1,25.59,25.59,2026-07-11 17:15:45,amazon Dcvoltage,true
1072100000000,206-6591757-2187561,AMAZON,B0CXSXN4KX,,LSMS320BI2PK+RPR44WH2PK,1,25.59,25.59,2026-07-11 17:22:41,amazon Dcvoltage,true
1072110000000,205-9169842-9751539,AMAZON,B0D4Y3Q9CR,,LDMG95B2243PK,1,10.39,,2026-07-11 20:40:13,amazon Dcvoltage,true
1072120000000,205-1631877-4414706,AMAZON,B08X9WV762,,PSDS4BMRBU,1,14.29,14.29,2026-07-11 20:57:20,amazon Dcvoltage,true
1072130000000,203-2443781-4811557,AMAZON,B08VGMKHT7,,LSCY290BM+RPR44WH,1,15.49,,2026-07-11 21:08:09,amazon Dcvoltage,true
1072140000000,202-6122012-1765148,AMAZON,B0D32YBFXP,,LSCY290RE2PK+RPR44WH2PK,1,25.79,25.79,2026-07-11 21:39:20,amazon Dcvoltage,true
1072150000000,204-8303945-2844300,AMAZON,B0CGRJ1V8L,,TPOSBDBM,1,23.09,,2026-07-11 22:23:18,amazon Dcvoltage,true
1072160000000,206-4315775-8449168,AMAZON,B0B9Y5MRSK,,CL3TGD5PK,1,12.99,12.99,2026-07-11 00:22:42,amazon Ledsone,true
1072170000000,204-7772778-1145962,AMAZON,B094DN1XL1,,PLADBC,1,45.99,45.99,2026-07-11 02:08:51,amazon Ledsone,true
1072180000000,206-2576760-8387543,AMAZON,B0863J112Z,,PHSF1BMTBM2PK,1,19.29,19.29,2026-07-11 06:36:50,amazon Ledsone,true
1072190000000,202-1106732-6258726,AMAZON,B0B9Y5MRSK,,CL3TGD5PK,1,12.99,12.99,2026-07-11 07:53:15,amazon Ledsone,true
1072200000000,204-8062957-1560337,AMAZON,B0DX1C6274,,LHSHE27CO3PK,1,17.59,,2026-07-11 08:36:01,amazon Ledsone,true
1072210000000,204-1941369-2548355,AMAZON,B0F28YFTQ9,,LSCY290BU+RPR44WH,1,14.79,14.79,2026-07-11 08:41:59,amazon Ledsone,true
1072220000000,203-8730514-5370714,AMAZON,B0BW9SGHDN,,LSLT360WH+RPR44WH,1,13.20,,2026-07-11 08:42:08,amazon Ledsone,true
1072230000000,205-8322063-6651548,AMAZON,B0B9YBYDLP,,CL3TBD5PK,1,13.79,13.79,2026-07-11 09:10:02,amazon Ledsone,true
1072240000000,203-3191845-0893155,AMAZON,B093T4L68X,,LSCY290WH+RPR44WH,1,15.89,15.89,2026-07-11 09:18:44,amazon Ledsone,true
1072250000000,206-1028960-0938742,AMAZON,B0BB36H4D4,,CL2RAG5PK,1,11.06,11.06,2026-07-11 10:12:00,amazon Ledsone,true
1072270000000,026-9198301-5373115,AMAZON,B0DXQ85YB6,,LSCY290GB2PK+RPR44WH2PK,1,27.99,27.99,2026-07-11 10:29:57,amazon Ledsone,true
1072300000000,206-7648288-2763535,AMAZON,B0F9WG3RDB,,LSHQ180BG2PK+RPR44WH,1,16.49,16.49,2026-07-11 11:53:32,amazon Ledsone,true
1072310000000,204-3822492-7585147,AMAZON,B0CFVCM4Z5,,PSOS4BMTHE+ICST64E27,1,17.59,,2026-07-11 14:07:49,amazon Ledsone,true
1072320000000,202-3768131-1836323,AMAZON,B0DXQ9BPVH,,LSCY290BB2PK+RPR44WH2PK,3,83.67,83.67,2026-07-11 14:52:22,amazon Ledsone,true
1072330000000,206-7497055-4457908,AMAZON,B0D7ZTRLBH,,LSCY290BM2PK+RPR44WH2PK,1,25.89,25.89,2026-07-11 15:11:05,amazon Ledsone,true
1072350000000,203-9405880-8169962,AMAZON,B0B9Y5MRSK,,CL3TGD5PK,1,12.99,12.99,2026-07-11 15:35:52,amazon Ledsone,true
1072360000000,202-4483689-8665930,AMAZON,B0CCHX3S7L,,SPSDP2BM6PK,1,20.79,20.79,2026-07-11 16:27:22,amazon Ledsone,true
1072370000000,203-4005814-7995505,AMAZON,B0CDWVF7VV,,PSHYOS4WRWH,1,14.09,14.09,2026-07-11 17:02:39,amazon Ledsone,true
1072380000000,026-3000380-2229111,AMAZON,B0B9Y67S6V,,CL3TCR5PK,1,13.89,,2026-07-11 18:08:35,amazon Ledsone,true
1072390000000,202-2901459-9389966,AMAZON,B09479HV6W,,LDMG95E2783PK,1,14.09,14.09,2026-07-11 18:56:58,amazon Ledsone,true
1072400000000,203-2203085-6797960,AMAZON,B0DBL9YWDM,,LSDO210YE2PK+RPR44WH2PK,1,12.79,12.79,2026-07-11 19:07:29,amazon Ledsone,true
1072410000000,204-9842372-8578727,AMAZON,B0BBB3V9M6,,CL3RBW5PK,1,13.01,13.01,2026-07-11 19:29:15,amazon Ledsone,true
1072420000000,204-9172604-5151503,AMAZON,B0CBMQZ8P6,,PHSF2BMRBM+SPSDP2BM,1,13.89,13.89,2026-07-11 19:39:21,amazon Ledsone,true
1072430000000,203-5763510-9296365,AMAZON,B0C2VDBRDW,,CRSF100CO+LHNSE27CO+LSRP260CO,1,27.19,27.19,2026-07-11 20:12:07,amazon Ledsone,true
1072440000000,204-5320422-6813150,AMAZON,B0GW7VBY3J,,LHSWPBB22GD,1,9.69,,2026-07-11 20:14:00,amazon Ledsone,true
1072450000000,026-4105908-3168329,AMAZON,B0F28YR5JN,,LSCY290NB+RPR44WH,1,15.99,15.99,2026-07-11 20:42:30,amazon Ledsone,true
1072460000000,203-3868333-5017953,AMAZON,B0BBB4H59J,,CL3RGY5PK,1,14.79,14.79,2026-07-11 21:13:10,amazon Ledsone,true
1072470000000,205-4567141-7254740,AMAZON,B09HSBKLHK,,CL2TRO5PK,1,13.49,,2026-07-11 21:23:41,amazon Ledsone,true
1072480000000,202-1711518-9158768,AMAZON,B09JM3PLLH,,LDSG125LOE274,2,18.95,,2026-07-11 21:42:51,amazon Ledsone,true
1072490000000,206-0781991-6923514,AMAZON,B0BBB3V9M6,,amzn.gr.CL3RBW5PK-3tRFfC4xmILYbLMRmt1-VG,1,9.76,9.76,2026-07-11 23:44:33,amazon Ledsone,true
1072500000000,206-2449511-9848303,AMAZON,B0D7ZTRLBH,,LSCY290BM2PK+RPR44WH2PK,2,51.78,,2026-07-11 23:46:36,amazon Ledsone,true
1074250000000,204-0959811-6797165,AMAZON,B0CPBWRQKP,,LSCY290CO+RPR44WH,1,17.89,17.89,2026-07-12 01:16:19,amazon Dcvoltage,true
1074260000000,026-7796210-2298753,AMAZON,B07ZFWL5T1,,amzn.gr.CRFF100GB_LHNSE27GB_AM-9uFzrv-LN,1,12.89,12.89,2026-07-12 09:21:43,amazon Dcvoltage,true
1074270000000,204-5146659-3457130,AMAZON,B07CWFSGB3,,amzn.gr.IP20_12V_360W-ODdLWgxESXFNYpj-LN,1,20.60,20.60,2026-07-12 10:56:48,amazon Dcvoltage,true
1074280000000,205-1168794-5735510,AMAZON,B0D5BFGM4G,,LSMS320WH2PK+RPR44WH2PK,1,26.79,26.79,2026-07-12 11:12:47,amazon Dcvoltage,true
1074290000000,204-6994258-4753128,AMAZON,B0CSPDC2PX,,ENC6087,1,26.89,26.89,2026-07-12 13:40:56,amazon Dcvoltage,true
1074300000000,204-2639533-3777156,AMAZON,B0BWJWGXD4,,LSCY210BG+RPR44WH,1,12.09,12.09,2026-07-12 15:30:01,amazon Dcvoltage,true
1074310000000,203-8113310-7179540,AMAZON,B0GCZQVHRF,,CRFF100BM+LHNSE27BM+ICST64E27,1,16.99,16.99,2026-07-12 16:41:11,amazon Dcvoltage,true
1074320000000,206-9670346-5641126,AMAZON,B0D56YL7CS,,WCB6BC2PK+RPR44WH2PK,1,14.89,,2026-07-12 16:47:56,amazon Dcvoltage,true
1074330000000,205-2595091-1111547,AMAZON,B07F9SH71F,,LDMG95E274,2,11.38,,2026-07-12 17:40:55,amazon Dcvoltage,true
1074340000000,206-4402763-5872317,AMAZON,B0CXPT6W9C,,LSCY290RO2PK+RPR44WH2PK,2,53.78,,2026-07-12 18:29:36,amazon Dcvoltage,true
1074350000000,205-1600833-4346754,AMAZON,B0CG9G8PBV,,WCWODSBM+RPR44WH,3,32.67,,2026-07-12 18:29:43,amazon Dcvoltage,true
1074360000000,205-8222411-1684354,AMAZON,B07DKBSBG4,,LDMT185E274,1,6.19,,2026-07-12 19:16:17,amazon Dcvoltage,true
1074370000000,204-8309472-9407566,AMAZON,B0CL16BWS3,,ENC5523,1,41.89,41.89,2026-07-12 22:00:19,amazon Dcvoltage,true
1074380000000,202-9516507-1323559,AMAZON,B0DBL9YWDM,,LSDO210YE2PK+RPR44WH2PK,1,12.79,,2026-07-12 03:20:49,amazon Ledsone,true
1074390000000,203-6191036-4124366,AMAZON,B0D7S17C9W,,LSMS320BU+RPR44WH,2,28.58,,2026-07-12 06:23:29,amazon Ledsone,true
1074400000000,205-8527367-3561142,AMAZON,B0F2919THD,,LSCY290CO+RPR44WH,1,18.65,18.65,2026-07-12 08:05:47,amazon Ledsone,true
1074410000000,206-6450596-0097908,AMAZON,B0863J112Z,,PHSF1BMTBM2PK,1,19.29,19.29,2026-07-12 08:27:13,amazon Ledsone,true
1074420000000,203-0332788-5846701,AMAZON,B0GNZLCX15,,LHXSHE27BM3PK,1,13.79,,2026-07-12 09:02:07,amazon Ledsone,true
1074430000000,205-3314420-3367549,AMAZON,B0D299FZWX,,LSCY290RE2PK+RPR44WH2PK,1,27.56,27.56,2026-07-12 09:55:44,amazon Ledsone,true
1074440000000,202-2180188-9568347,AMAZON,B0DXQ8VVR7,,LSCY290WH2PK+RPR44WH2PK,1,25.79,25.79,2026-07-12 10:06:50,amazon Ledsone,true
1074450000000,202-3069013-8865941,AMAZON,B0D291QGY1,,LSCY290GR3PK+RPR44WH3PK,1,39.89,39.89,2026-07-12 10:39:27,amazon Ledsone,true
1074460000000,205-4135376-3597143,AMAZON,B0CHRVWSBM,,CL3RBM5PK,1,11.99,11.99,2026-07-12 11:10:28,amazon Ledsone,true
1074470000000,202-1618612-8097924,AMAZON,B0GMHQTBSQ,,LHXSHE27BM2PK,1,14.69,14.69,2026-07-12 11:35:28,amazon Ledsone,true
1074480000000,202-7194424-8163509,AMAZON,B0CCJ13D4W,,SPSDP2WH5PK,1,19.09,19.09,2026-07-12 14:24:22,amazon Ledsone,true
1074490000000,205-8139198-3581104,AMAZON,B0DHGLCQW2,,LSCY290WH+RPR44WH,2,31.78,31.78,2026-07-12 14:30:07,amazon Ledsone,true
1074500000000,203-6320049-9998755,AMAZON,B0BWK7RQ27,,PLTYRR+ICST64E27,1,19.49,19.49,2026-07-12 15:05:18,amazon Ledsone,true
1074510000000,026-3628686-0286758,AMAZON,B0CHRVWSBM,,CL3RBM5PK,1,11.99,11.99,2026-07-12 15:30:30,amazon Ledsone,true
1074520000000,206-8709467-1566752,AMAZON,B0BC1CYP2F,,CL3RBMAPK,1,22.89,22.89,2026-07-12 16:06:49,amazon Ledsone,true
1074530000000,206-8356704-0433131,AMAZON,B0CWPCJV6S,,WCWODSBM2PK+RPR44WH2PK,1,17.89,17.89,2026-07-12 17:16:05,amazon Ledsone,true
1074540000000,203-2349978-1041111,AMAZON,B0CBCN1B9S,,CRFF500BM+PHCH1BMRBM3PK+LSCY210BG3PK+IC,1,37.89,,2026-07-12 17:16:41,amazon Ledsone,true
1074550000000,206-7657876-1010715,AMAZON,B0B77GWCPC,,CRFF108GB2PK+HK10GB2PK,1,12.49,12.49,2026-07-12 17:26:28,amazon Ledsone,true
1074560000000,204-7823739-0378767,AMAZON,B0DRYSCF1X,,amzn.gr.LHSHE27WH3PK_AMN-T2KM5McfF2P5-LN,1,10.71,10.71,2026-07-12 17:52:59,amazon Ledsone,true
1074570000000,203-4799423-4373945,AMAZON,B0CCJ13D4W,,SPSDP2WH5PK,1,19.09,19.09,2026-07-12 18:18:41,amazon Ledsone,true
1074580000000,204-7755648-6902732,AMAZON,B0DBLB6ZSH,,LSDO210GR2PK+RPR44WH2PK,1,15.99,15.99,2026-07-12 19:01:43,amazon Ledsone,true
1074590000000,205-2155912-1922742,AMAZON,B0868DXK1B,,CCBKNWE48,1,9.99,,2026-07-12 20:53:35,amazon Ledsone,true
1074600000000,204-0440379-4329963,AMAZON,B0CFVCM4Z5,,PSOS4BMTHE+ICST64E27,2,35.18,,2026-07-12 21:29:28,amazon Ledsone,true
1074610000000,202-9434453-9049153,AMAZON,B0CBCN1B9S,,amzn.gr.CRFF500BM_PHCH1BMRBM3P-uyv6Dv-VG,1,28.42,28.42,2026-07-12 22:41:06,amazon Ledsone,true
1075730000000,205-5709166-0130753,AMAZON,B0CJ4Q2DF3,,LSMCSPFLMC,1,24.49,,2026-07-13 02:48:46,amazon Dcvoltage,true
1075740000000,205-3287989-3944323,AMAZON,B0FZCRB2RS,,LSHM400HE+RPR44WH,1,28.19,28.19,2026-07-13 09:42:44,amazon Dcvoltage,true
1075760000000,203-1389563-8241926,AMAZON,B0D6YF7VPY,,CCGNNWE48,1,9.79,9.79,2026-07-13 12:29:23,amazon Dcvoltage,true
1075770000000,026-9107843-2249144,AMAZON,B0CYZWJ7WJ,,LSCY290CH2PK+RPR44WH2PK,2,57.78,57.78,2026-07-13 13:04:19,amazon Dcvoltage,true
1075780000000,206-1880987-2613126,AMAZON,B0FR738SKW,,PHSF2BMTBM3PK+ICST64E273PK,1,40.89,40.89,2026-07-13 13:44:48,amazon Dcvoltage,true
1075790000000,026-7042069-1737903,AMAZON,B0965HZJGN,,ENC686,1,49.49,49.49,2026-07-13 14:01:07,amazon Dcvoltage,true
1075800000000,203-1735545-2828333,AMAZON,B096FP59Q2,,ENC707,1,47.59,47.59,2026-07-13 14:20:00,amazon Dcvoltage,true
1075810000000,202-4650080-5605168,AMAZON,B0GCZQVHRF,,CRFF100BM+LHNSE27BM+ICST64E27,1,16.99,,2026-07-13 14:31:55,amazon Dcvoltage,true
1075820000000,203-7153136-6146721,AMAZON,B09BV65JL2,,PSDS2BMRBW.1,1,11.89,11.89,2026-07-13 15:21:46,amazon Dcvoltage,true
1075830000000,202-6246617-6233128,AMAZON,B0C6LV14PT,,12UK3P2A,1,6.59,6.59,2026-07-13 16:10:53,amazon Dcvoltage,true
1075840000000,202-5017233-7734712,AMAZON,B0CPBXMLYW,,LSCY290CH+RPR44WH RAMZ,1,16.89,16.89,2026-07-13 16:11:37,amazon Dcvoltage,true
1075850000000,205-1398433-4505104,AMAZON,B0CXSS7XYX,,LSCY290WH2PK+RPR44WH2PK,1,26.28,26.28,2026-07-13 16:16:29,amazon Dcvoltage,true
1075860000000,205-1398433-4505104,AMAZON,B0CXSS7XYX,,LSCY290WH2PK+RPR44WH2PK,1,26.28,26.28,2026-07-13 16:16:29,amazon Dcvoltage,true
1075870000000,203-0882659-9709130,AMAZON,B0CBPDLCLL,,WCB1BB2PK+RPR44WH2PK,1,13.89,13.89,2026-07-13 16:47:45,amazon Dcvoltage,true
1075880000000,026-1756478-3708321,AMAZON,B0D453YVGN,,PHSF2BMTBM+ICST64E27,1,13.89,13.89,2026-07-13 16:49:28,amazon Dcvoltage,true
1075890000000,204-0745362-4187527,AMAZON,B0CGRJ1V8L,,TPOSBDBM,1,23.09,,2026-07-13 17:31:06,amazon Dcvoltage,true
1075900000000,204-3686729-4413901,AMAZON,B0DH96KQ88,,CL3TOR5PK,2,23.78,23.78,2026-07-13 18:15:36,amazon Dcvoltage,true
1075910000000,026-3345172-2033956,AMAZON,B07F9SH71F,,LDMG95E274,1,5.69,5.69,2026-07-13 18:34:33,amazon Dcvoltage,true
1075920000000,204-1097867-4032307,AMAZON,B08WWV5LLZ,,ENC684,1,20.89,20.89,2026-07-13 18:40:33,amazon Dcvoltage,true
1075930000000,026-3635790-6162760,AMAZON,B09643CJ5N,,CRFF500BM+PHCH1BMRBM3PK+LSDO210BG3PK,1,35.48,,2026-07-13 19:07:05,amazon Dcvoltage,true
1075940000000,205-8868194-5436316,AMAZON,B0965HZJGN,,ENC686,1,49.49,49.49,2026-07-13 19:25:30,amazon Dcvoltage,true
1075950000000,205-2798322-4137143,AMAZON,B08XC1QT69,,CL3THEAPK,1,19.99,19.99,2026-07-13 20:59:13,amazon Dcvoltage,true
1075960000000,205-3610071-6219512,AMAZON,B07F9SH71F,,LDMG95E274,1,5.69,5.69,2026-07-13 21:30:17,amazon Dcvoltage,true
1075970000000,026-8391340-5703531,AMAZON,B0CJ4R5796,,LSMCSQWYBL,1,21.89,21.89,2026-07-13 21:34:16,amazon Dcvoltage,true
1075980000000,203-4372291-5601158,AMAZON,B07F9SH71F,,LDMG95E274,1,5.69,5.69,2026-07-13 22:37:09,amazon Dcvoltage,true
1075990000000,026-1275054-4765931,AMAZON,B0DXPCJVCN,,LSDO210BM2PK+RPR44WH2PK,1,17.79,17.79,2026-07-13 00:59:23,amazon Ledsone,true
1076000000000,204-5841061-3917142,AMAZON,B0BWK7RQ27,,PLTYRR+ICST64E27,1,19.49,19.49,2026-07-13 05:27:38,amazon Ledsone,true
1076010000000,026-0095872-5127521,AMAZON,B0B9Y5MRSK,,CL3TGD5PK,1,12.99,,2026-07-13 06:00:17,amazon Ledsone,true
1076020000000,206-3672718-7732348,AMAZON,B0963P71QD,,CRFF500BM+PHRI1PBRCO3PK+LSOL220CO3PK,1,34.56,34.56,2026-07-13 08:23:40,amazon Ledsone,true
1076030000000,202-1230880-3988332,AMAZON,B0DCFXBYJG,,LDSG95DIE2745PK,1,25.99,25.99,2026-07-13 08:26:50,amazon Ledsone,true
1076040000000,202-7466159-0680362,AMAZON,B0CGRSQKF1,,amzn.gr.CRSF100BM_PHRYWP1RBM_I-zpJMg8-VG,1,9.22,9.22,2026-07-13 08:35:53,amazon Ledsone,true
1076050000000,204-7795745-4798751,AMAZON,B0CBCN1B9S,,CRFF500BM+PHCH1BMRBM3PK+LSCY210BG3PK+IC,1,37.89,37.89,2026-07-13 09:05:08,amazon Ledsone,true
1076060000000,202-2476087-8041906,AMAZON,B0B9Y5MRSK,,CL3TGD5PK,1,12.99,12.99,2026-07-13 10:02:58,amazon Ledsone,true
1076070000000,026-2332296-6341934,AMAZON,B0G1TKZTS4,,CKAN1937BM,1,13.49,13.49,2026-07-13 10:26:05,amazon Ledsone,true
1076080000000,206-4653948-7473954,AMAZON,B0GW7VBY3J,,LHSWPBB22GD,1,9.69,9.69,2026-07-13 10:31:22,amazon Ledsone,true
1076090000000,204-3104841-0543505,AMAZON,B094R3M2DC,,PLADBM,2,89.78,89.78,2026-07-13 11:12:17,amazon Ledsone,true
1076100000000,205-6996113-0729964,AMAZON,B094R3M2DC,,PLADBM,1,44.89,44.89,2026-07-13 12:36:32,amazon Ledsone,true
1076110000000,202-0089054-3597937,AMAZON,B0BBS3NXFM,,CL3TBRAPK,1,20.89,,2026-07-13 12:36:47,amazon Ledsone,true
1076120000000,205-7965935-2394700,AMAZON,B0C7CYPP79,,CNP1000CH3PK,1,11.89,11.89,2026-07-13 13:54:31,amazon Ledsone,true
1076130000000,203-5922911-3811504,AMAZON,B0D296Z5B4,,LSCY290WH3PK+RPR44WH3PK,1,36.29,36.29,2026-07-13 14:00:26,amazon Ledsone,true
1076140000000,203-7382362-2901140,AMAZON,B0GDDXRR5K,,LDMT185E2735PK,1,16.39,,2026-07-13 15:17:02,amazon Ledsone,true
1076150000000,026-0608804-8571566,AMAZON,B0D7ZTRLBH,,LSCY290BM2PK+RPR44WH2PK,1,25.89,,2026-07-13 15:26:14,amazon Ledsone,true
1076160000000,204-7632179-4825953,AMAZON,B0CBCN1B9S,,CRFF500BM+PHCH1BMRBM3PK+LSCY210BG3PK+IC,1,37.89,,2026-07-13 15:42:23,amazon Ledsone,true
1076170000000,202-2871020-4578768,AMAZON,B07CQ25M4K,,dc12IP67150,1,21.98,21.98,2026-07-13 15:52:19,amazon Ledsone,true
1076180000000,205-7443663-5389926,AMAZON,B0B9Y5MRSK,,CL3TGD5PK,1,12.89,,2026-07-13 15:52:59,amazon Ledsone,true
1076190000000,026-2033643-2173169,AMAZON,B0B9Y5MRSK,,CL3TGD5PK,1,12.99,,2026-07-13 16:04:20,amazon Ledsone,true
1076200000000,026-0167305-8689911,AMAZON,B0F28YR5JN,,LSCY290NB+RPR44WH,1,15.99,,2026-07-13 16:30:15,amazon Ledsone,true
1076210000000,203-8228867-0960339,AMAZON,B0F28YNDZN,,LSCY290RO+RPR44WH,1,17.29,,2026-07-13 16:32:22,amazon Ledsone,true
1076220000000,204-1363307-3078748,AMAZON,B0BWK6NJZL,,PLTYBS+ICST64E27,1,18.89,18.89,2026-07-13 17:16:09,amazon Ledsone,true
1076230000000,202-3412407-6172313,AMAZON,B0F7R1VSQD,,CL3TWHAPK,1,19.39,,2026-07-13 17:17:12,amazon Ledsone,true
1076240000000,203-9367937-1758721,AMAZON,B0G2L2T8YG,,ENC7763,1,26.39,26.39,2026-07-13 17:37:07,amazon Ledsone,true
1076250000000,026-2239795-2434701,AMAZON,B0CCHYJ6PP,,SPSDP2YB5PK,1,17.79,17.79,2026-07-13 17:38:07,amazon Ledsone,true
1076260000000,026-2239795-2434701,AMAZON,B0F7QQYMSM,,CL3TGDAPK,1,19.75,19.75,2026-07-13 17:38:07,amazon Ledsone,true
1076270000000,203-4208769-2505902,AMAZON,B094R3M2DC,,PLADBM,1,44.89,44.89,2026-07-13 17:44:22,amazon Ledsone,true
1076280000000,026-1914311-2928311,AMAZON,B0F1N8D5PR,,CL3RSI5PK,1,10.49,10.49,2026-07-13 19:04:36,amazon Ledsone,true
1076290000000,204-2888310-9213166,AMAZON,B0CGZQV9Y7,,LSMCSPFLMC+RPR44WH,1,24.89,24.89,2026-07-13 19:26:59,amazon Ledsone,true
1076300000000,205-6772406-2439564,AMAZON,B0CBMQZ8P6,,PHSF2BMRBM+SPSDP2BM,1,13.89,13.89,2026-07-13 19:42:36,amazon Ledsone,true
1076310000000,203-8413824-3775569,AMAZON,B094R3M2DC,,PLADBM,1,44.89,44.89,2026-07-13 20:08:15,amazon Ledsone,true
1076320000000,202-4400728-7248348,AMAZON,B0B9Y614SR,,CL3TGR5PK,1,12.59,12.59,2026-07-13 20:13:40,amazon Ledsone,true
1076330000000,026-7072307-6933954,AMAZON,B0CDWVF7VV,,PSHYOS4WRWH,1,14.09,14.09,2026-07-13 20:22:43,amazon Ledsone,true
1076340000000,203-7751272-6889152,AMAZON,B09479HV6W,,LDMG95E2783PK,1,14.09,,2026-07-13 21:02:00,amazon Ledsone,true
1076350000000,204-5843745-8937950,AMAZON,B0CBCN1B9S,,CRFF500BM+PHCH1BMRBM3PK+LSCY210BG3PK+IC,1,37.89,37.89,2026-07-13 21:34:14,amazon Ledsone,true
1076360000000,205-9826663-5913114,AMAZON,B093DKVKM7,,CL2TROAPK,1,20.89,,2026-07-13 22:14:17,amazon Ledsone,true
1076370000000,202-9290049-9479554,AMAZON,B0CGRSQKF1,,amzn.gr.CRSF100BM_PHRYWP1RBM_I-zpJMg8-VG,1,9.22,9.22,2026-07-13 23:33:48,amazon Ledsone,true
1077680000000,203-7153136-6146721,AMAZON,B09BV65JL2,,PSDS2BMRBW.1,1,11.89,11.89,2026-07-13 15:21:46,amazon Dcvoltage,true
1078340000000,202-1481198-5332351,AMAZON,B0DFHMDZYQ,,amzn.gr.LSCY290NB_RPR44WH_-AMD-ZGlq7K-GD,1,12.09,12.09,2026-07-14 02:20:54,amazon Dcvoltage,true
1078350000000,204-9850857-7843540,AMAZON,B0F48LNB6J,,RWWPSY1080YE,1,8.89,8.89,2026-07-14 04:48:48,amazon Dcvoltage,true
1078360000000,026-6698369-3947544,AMAZON,B07F9SH71F,,LDMG95E274,1,5.69,5.69,2026-07-14 06:25:15,amazon Dcvoltage,true
1078370000000,205-1574381-4357903,AMAZON,B0CXSS7XYX,,LSCY290WH2PK+RPR44WH2PK,1,25.89,25.89,2026-07-14 09:18:27,amazon Dcvoltage,true
1078380000000,206-6435645-3603532,AMAZON,B08V8X7LN8,,CRSF100BM+PHSH1PBRBM+LSMS320BD_ADM,1,23.58,18.59,2026-07-14 10:28:02,amazon Dcvoltage,true
1078390000000,204-8086194-5221927,AMAZON,B0C7CMT1PQ,,LSSS300BM+RPR44WH,1,13.69,13.69,2026-07-14 12:20:47,amazon Dcvoltage,true
1078400000000,204-6730130-1813958,AMAZON,B096FPKPNQ,,ENC685,1,54.89,,2026-07-14 12:57:55,amazon Dcvoltage,true
1078410000000,204-8695015-6279500,AMAZON,B096FPKPNQ,,ENC685,1,54.89,,2026-07-14 12:59:27,amazon Dcvoltage,true
1078420000000,202-7986666-9545912,AMAZON,B0D9RWB87Q,,ENC7499,1,47.89,47.89,2026-07-14 14:47:40,amazon Dcvoltage,true
1078430000000,205-5607220-5650725,AMAZON,B096FPKPNQ,,ENC685,1,54.89,,2026-07-14 15:12:19,amazon Dcvoltage,true
1078440000000,205-6134403-7896302,AMAZON,B0D6VKJJB3,,ENC7393,1,40.79,40.79,2026-07-14 15:16:46,amazon Dcvoltage,true
1078450000000,026-2110636-8793169,AMAZON,B0CBPBQK1X,,WCB2BC2PK+RPR44WH2PK,1,15.99,15.99,2026-07-14 15:19:35,amazon Dcvoltage,true
1078460000000,203-1796234-9629101,AMAZON,B07F9SH71F,,LDMG95E274,1,5.69,5.69,2026-07-14 15:58:30,amazon Dcvoltage,true
1078470000000,205-9220107-4614708,AMAZON,B0965HZJGN,,ENC686,1,49.49,49.49,2026-07-14 16:45:51,amazon Dcvoltage,true
1078480000000,202-2770804-0672369,AMAZON,B0D9RWB87Q,,ENC7499,1,47.89,47.89,2026-07-14 17:03:18,amazon Dcvoltage,true
1078500000000,203-5018433-7464346,AMAZON,B0D5BFMF7Z,,LSMS320RE2PK+RPR44WH2PK,1,25.79,25.79,2026-07-14 17:22:04,amazon Dcvoltage,true
1078510000000,204-2999331-2507545,AMAZON,B0D73JHB8R,,LDST185B2242PK,1,11.99,11.99,2026-07-14 20:02:46,amazon Dcvoltage,true
1078520000000,202-5294262-5869961,AMAZON,B0DH9CY29Z,,CL3TGL5PK,1,12.89,12.89,2026-07-14 20:25:54,amazon Dcvoltage,true
1078530000000,026-5529873-9513149,AMAZON,B0CS9PS8J3,,LSCY210BG3PK+RPR44WH3PK,1,32.89,32.89,2026-07-14 20:46:26,amazon Dcvoltage,true
1078540000000,203-3250834-7157144,AMAZON,B0C9TSHB33,,LSCY210BM+RPR44WH,1,13.79,13.79,2026-07-14 21:17:20,amazon Dcvoltage,true
1078550000000,026-1803515-6931545,AMAZON,B0BWJWGXD4,,LSCY210BG+RPR44WH,1,12.09,,2026-07-14 22:07:51,amazon Dcvoltage,true
1078560000000,026-8147283-7125133,AMAZON,B0B9Y78BWX,,CL3TAG5PK,1,12.99,12.99,2026-07-14 05:45:13,amazon Ledsone,true
1078570000000,026-2859737-1909158,AMAZON,B0BW9SGHDN,,LSLT360WH+RPR44WH,1,13.20,13.20,2026-07-14 06:45:49,amazon Ledsone,true
1078580000000,026-0856543-5761905,AMAZON,B0F28ZSNQ7,,LSCY290YB+RPR44WH,1,17.89,,2026-07-14 09:18:15,amazon Ledsone,true
1078590000000,203-2092391-9158709,AMAZON,B0GW7VBY3J,,LHSWPBB22GD,1,9.69,,2026-07-14 10:52:26,amazon Ledsone,true
1078600000000,203-2948453-9361109,AMAZON,B0DXQ8VVR7,,LSCY290WH2PK+RPR44WH2PK,1,25.79,25.79,2026-07-14 11:11:17,amazon Ledsone,true
1078610000000,205-9024950-5097152,AMAZON,B0B9Y5MRSK,,CL3TGD5PK,1,12.99,12.99,2026-07-14 11:26:54,amazon Ledsone,true
1078620000000,204-2523736-9320330,AMAZON,B0GNZLCX15,,LHXSHE27BM3PK,1,13.79,13.79,2026-07-14 11:36:36,amazon Ledsone,true
1078630000000,206-6040118-0483553,AMAZON,B0963P71QD,,CRFF500BM+PHRI1PBRCO3PK+LSOL220CO3PK,1,34.56,34.56,2026-07-14 11:54:17,amazon Ledsone,true
1078640000000,203-4422627-8936345,AMAZON,B098138JF2,,12IP20720,1,41.99,41.99,2026-07-14 13:02:35,amazon Ledsone,true
1078650000000,204-2669255-8419539,AMAZON,B09HS8VHK9,,CL2TGY5PK,1,13.89,13.89,2026-07-14 13:12:15,amazon Ledsone,true
1078660000000,026-6410333-1448334,AMAZON,B0GDDXRR5K,,LDMT185E2735PK,1,16.39,,2026-07-14 13:19:22,amazon Ledsone,true
1078670000000,203-9432959-5374765,AMAZON,B0CHRVWSBM,,CL3RBM5PK,1,11.99,11.99,2026-07-14 13:19:53,amazon Ledsone,true
1078680000000,203-5866145-5977929,AMAZON,B0DCNWF2D4,,PHSF2BMRBM2PK+SPSDP2BM2PK,2,54.91,57.31,2026-07-14 13:26:31,amazon Ledsone,true
1078690000000,203-3872992-7081118,AMAZON,B0B77KX4P8,,CRFF108BM2PK+HK10BM2PK,2,26.78,26.78,2026-07-14 14:14:15,amazon Ledsone,true
1078700000000,206-3232377-1709943,AMAZON,B099FFBHBR,,amzn.gr.CRSF100YB_LHNSE27YB_SC-uK97GZ-GD,1,16.72,16.72,2026-07-14 15:14:00,amazon Ledsone,true
1078710000000,204-9118411-6158754,AMAZON,B0F2919THD,,LSCY290CO+RPR44WH,1,23.18,18.19,2026-07-14 16:47:51,amazon Ledsone,true
1078720000000,203-3072522-7096347,AMAZON,B0CCJ3MP82,,SPSDP2SN3PK,1,12.89,12.89,2026-07-14 18:32:50,amazon Ledsone,true
1078730000000,202-2918406-5421107,AMAZON,B0BBS1VR82,,CL3THEAPK,1,20.79,,2026-07-14 18:43:27,amazon Ledsone,true
1078740000000,202-8273478-2802740,AMAZON,B0CCHYJ6PP,,SPSDP2YB5PK,1,17.79,17.79,2026-07-14 18:44:31,amazon Ledsone,true
1078750000000,026-4138014-1636311,AMAZON,B0B9Y5MRSK,,CL3TGD5PK,1,12.99,12.99,2026-07-14 19:12:27,amazon Ledsone,true
1078760000000,206-9852753-0624306,AMAZON,B0CGZQV9Y7,,LSMCSPFLMC+RPR44WH,1,24.89,24.89,2026-07-14 20:18:06,amazon Ledsone,true
1078770000000,202-7992543-3789957,AMAZON,B0CHRVWSBM,,CL3RBM5PK,1,16.98,11.99,2026-07-14 20:18:16,amazon Ledsone,true
1078780000000,205-9761755-7636306,AMAZON,B0C7D1NLQS,,CNP1000BM3PK,1,11.89,,2026-07-14 20:43:06,amazon Ledsone,true
1078790000000,204-0426441-7896341,AMAZON,B0CCJ3MP82,,SPSDP2SN3PK,1,12.89,,2026-07-14 20:53:47,amazon Ledsone,true
1078800000000,205-0322920-7143537,AMAZON,B0B9Y5MRSK,,CL3TGD5PK,1,12.99,12.99,2026-07-14 21:03:06,amazon Ledsone,true
1078810000000,026-0958811-2004312,AMAZON,B0CCHYD2JP,,SPSDP2BM3PK,1,12.49,12.49,2026-07-14 21:57:33,amazon Ledsone,true
1078820000000,205-8390687-8670726,AMAZON,B0957XC6K9,,ENC1312,1,22.49,,2026-07-14 22:53:44,amazon Ledsone,true
1080340000000,203-2140557-9001949,AMAZON,B08VGMKHT7,,LSCY290BM+RPR44WH,1,15.49,,2026-07-15 06:08:55,amazon Dcvoltage,true
1080350000000,202-1590941-0744350,AMAZON,B0D5BFHKBN,,LSMS320GY2PK+RPR44WH2PK,1,25.39,25.39,2026-07-15 08:31:15,amazon Dcvoltage,true
1080360000000,202-5412123-6544337,AMAZON,B08XC25WCD,,CL3TBMAPK,1,27.50,,2026-07-15 08:32:22,amazon Dcvoltage,true
1080370000000,026-4583618-8826726,AMAZON,B09CYWL67C,,CRSF100BM+LHNSE27BM+SCRN70YB+LSMS320GY,3,53.67,53.67,2026-07-15 09:10:18,amazon Dcvoltage,true
1080380000000,203-8255919-1501108,AMAZON,B0CJ4Q2DF3,,LSMCSPFLMC,1,24.49,24.49,2026-07-15 09:19:05,amazon Dcvoltage,true
1080390000000,205-1549994-0105946,AMAZON,B0DFHMDZYQ,,LSCY290NB+RPR44WH,1,15.09,15.09,2026-07-15 09:41:34,amazon Dcvoltage,true
1080400000000,026-4603978-9458735,AMAZON,B08XC1QT69,,CL3THEAPK,1,19.99,19.99,2026-07-15 09:58:01,amazon Dcvoltage,true
1080410000000,205-5771880-3754720,AMAZON,B08XC1QT69,,CL3THEAPK,1,19.99,19.99,2026-07-15 10:16:03,amazon Dcvoltage,true
1080420000000,026-0436808-8673956,AMAZON,B0CP3CZ4TM,,CRFF100CH+PHUP1PCRCH+CNT900CH,1,16.89,16.89,2026-07-15 11:35:32,amazon Dcvoltage,true
1080430000000,204-2112292-5650753,AMAZON,B0CTC7XPNX,,CRSF100BM+LHNSE27YB+SCRN70BM+LSFT220BG,1,18.99,18.99,2026-07-15 11:55:15,amazon Dcvoltage,true
1080440000000,202-9295268-9055506,AMAZON,B08VGMKHT7,,LSCY290BM+RPR44WH,1,15.49,15.49,2026-07-15 15:11:28,amazon Dcvoltage,true
1080450000000,202-7036975-1119541,AMAZON,B08P1NX6SB,,CRFF500BM+PHHT1PBRBM3PK+WCDCBM3PKAM,1,32.89,,2026-07-15 15:32:04,amazon Dcvoltage,true
1080460000000,205-2234303-0324316,AMAZON,B0CJ4R5796,,LSMCSQWYBL,2,40.72,43.78,2026-07-15 15:32:30,amazon Dcvoltage,true
1080470000000,205-3361116-6057131,AMAZON,B0CKWMGD1M,,CL3RBR5PK,1,12.99,12.99,2026-07-15 15:35:31,amazon Dcvoltage,true
1080480000000,203-7437411-2897115,AMAZON,B0C9TSHB33,,LSCY210BM+RPR44WH,1,13.79,13.79,2026-07-15 15:38:57,amazon Dcvoltage,true
1080490000000,205-2307968-0513923,AMAZON,B0D53FZ8GS,,WCB2WH2PK+RPR44WH2PK,1,15.89,,2026-07-15 16:12:23,amazon Dcvoltage,true
1080500000000,026-8921709-5067540,AMAZON,B0D5BFHKBN,,LSMS320GY2PK+RPR44WH2PK,1,25.39,,2026-07-15 16:22:37,amazon Dcvoltage,true
1080510000000,203-2862419-3549120,AMAZON,B0D2TCJKT7,,LSCY290OR2PK+RPR44WH2PK,1,23.89,23.89,2026-07-15 16:23:41,amazon Dcvoltage,true
1080520000000,206-2041226-4735519,AMAZON,B0G2YBCMRK,,ENC285,1,20.89,20.89,2026-07-15 19:03:54,amazon Dcvoltage,true
1080530000000,205-6809168-2099525,AMAZON,B0965HZJGN,,ENC686,1,49.49,,2026-07-15 19:18:13,amazon Dcvoltage,true
1080540000000,203-6816454-3599522,AMAZON,B0CYZWJ7WJ,,LSCY290CH2PK+RPR44WH2PK,1,28.89,,2026-07-15 20:22:32,amazon Dcvoltage,true
1080550000000,202-1657762-5341937,AMAZON,B0DTQ47GBY,,WCCYSP160GD2PK,1,26.89,26.89,2026-07-15 22:51:30,amazon Dcvoltage,true
1080560000000,204-8058856-9485141,AMAZON,B0CNGGP2YF,,TPHTTN2PBRBM,1,16.99,,2026-07-15 23:02:25,amazon Dcvoltage,true
1080580000000,206-1317018-4571569,AMAZON,B0D794K9Y2,,WCB7BM2PK+RPR44WH2PK,1,16.19,16.19,2026-07-15 07:05:50,amazon Ledsone,true
1080590000000,026-1550819-8450734,AMAZON,B0DXQB65RY,,LSCY290AA2PK+RPR44WH2PK,1,26.49,26.49,2026-07-15 07:16:08,amazon Ledsone,true
1080600000000,204-3820960-3285932,AMAZON,B0BB371NGW,,amzn.gr.CL2RBM5PK-s46eaqlW2t-sH4CQ1kJ-LN,1,9.96,9.96,2026-07-15 08:27:37,amazon Ledsone,true
1080610000000,026-0225131-4056369,AMAZON,B0F7QZQS3Y,,CL2TWHAPK,1,18.29,18.29,2026-07-15 08:32:48,amazon Ledsone,true
1080620000000,206-4517580-0283566,AMAZON,B0BBS6B82P,,CL3TBMAPK,1,20.99,20.99,2026-07-15 09:46:26,amazon Ledsone,true
1080630000000,026-4580073-4076332,AMAZON,B0DB2FJY1T,,CL2THEAPK,1,20.19,20.19,2026-07-15 09:58:01,amazon Ledsone,true
1080640000000,202-7860980-1629911,AMAZON,B09479HV6W,,LDMG95E2783PK,1,14.09,14.09,2026-07-15 10:29:19,amazon Ledsone,true
1080650000000,202-8847457-9797907,AMAZON,B0GW7VBY3J,,LHSWPBB22GD,1,9.69,,2026-07-15 11:12:53,amazon Ledsone,true
1080660000000,206-9270607-8782711,AMAZON,B0C2VWXNZ2,,CRSF100BM+WSLS155YB+SCRN70BM+LSFT220GYAM,1,15.19,15.19,2026-07-15 12:48:54,amazon Ledsone,true
1080670000000,026-2590385-8680314,AMAZON,B0CVQFSV4Z,,RWT680YE,1,10.89,,2026-07-15 12:51:52,amazon Ledsone,true
1080680000000,205-8671996-0223530,AMAZON,B0BLP1JSRK,,LDMST64E2786PK,2,36.22,38.48,2026-07-15 15:12:58,amazon Ledsone,true
1080690000000,026-8575438-8751544,AMAZON,B0CGRJ5PM4,,CRSF100BM+SPSPLBM+PHRNWP2RBM,2,24.53,26.07,2026-07-15 15:35:57,amazon Ledsone,true
1080700000000,205-0528982-8513920,AMAZON,B0GW8313KY,,LHSWPBB22CH,1,9.79,,2026-07-15 18:18:20,amazon Ledsone,true
1080710000000,205-2254701-4492344,AMAZON,B0GMHQTBSQ,,LHXSHE27BM2PK,1,14.69,14.69,2026-07-15 18:43:56,amazon Ledsone,true
1080720000000,026-1073170-3303505,AMAZON,B0F6SLG78J,,PHUH1HETBM,1,11.89,,2026-07-15 19:02:37,amazon Ledsone,true
1080730000000,206-2684161-0516314,AMAZON,B0B82Y8Q8N,,PHSF1GDRFG,1,14.99,14.99,2026-07-15 19:27:56,amazon Ledsone,true
1080740000000,203-0047458-3307516,AMAZON,B0C1T64M5F,,ENC678,1,22.99,22.99,2026-07-15 19:55:49,amazon Ledsone,true
1080750000000,026-2524053-1229914,AMAZON,B09ZQH9GSB,,LHCCE27WH4PK,1,18.19,,2026-07-15 21:24:20,amazon Ledsone,true
1080760000000,203-0677482-6793944,AMAZON,B0B77GWCPC,,CRFF108GB2PK+HK10GB2PK,1,12.49,,2026-07-15 22:17:38,amazon Ledsone,true
1080770000000,203-4786244-6921103,AMAZON,B0CCHXR4X2,,amzn.gr.SPSDP2WH3PK-AMN-PiWPUhhW4MlO2-GD,1,9.72,,2026-07-15 22:55:12,amazon Ledsone,true
1080780000000,202-8107514-9299530,AMAZON,B0CGZQV9Y7,,LSMCSPFLMC+RPR44WH,1,29.88,24.89,2026-07-15 23:25:27,amazon Ledsone,true
1081480000000,203-0047458-3307516,AMAZON,B0C1T64M5F,,ENC678,1,0.00,,2026-07-15 19:55:49,amazon Ledsone,true
1082160000000,026-0198182-3295503,AMAZON,B0D56YL7CS,,WCB6BC2PK+RPR44WH2PK,1,14.89,,2026-07-16 01:31:46,amazon Dcvoltage,true
1082170000000,202-8916813-2941945,AMAZON,B0CKWLFKR7,,CL3RGR5PK,1,12.89,12.89,2026-07-16 10:21:54,amazon Dcvoltage,true
1082180000000,203-0627981-0994710,AMAZON,B0CPBX49HJ,,LSCY290GR+RPR44WH,1,15.89,15.89,2026-07-16 10:51:25,amazon Dcvoltage,true
1082190000000,202-9047684-2877968,AMAZON,B07L8HQG6Y,,CL3TGD5PK,1,14.34,,2026-07-16 11:21:54,amazon Dcvoltage,true
1082200000000,026-4728138-0602739,AMAZON,B0CKWLS9WR,,CL3RHE5PK,1,18.08,13.09,2026-07-16 12:15:59,amazon Dcvoltage,true
1082210000000,202-4867345-4646713,AMAZON,B08V5MK449,,CRSF100BM+PHCH1BMRBM+LSCY290BM,1,20.49,20.49,2026-07-16 13:45:07,amazon Dcvoltage,true
1082220000000,203-0678483-5847518,AMAZON,B0CS9PS8J3,,amzn.gr.LSCY210BG3PK-drwrMGuY6oqUgrk7-LN,1,29.60,29.60,2026-07-16 14:59:40,amazon Dcvoltage,true
1082230000000,205-6521330-9844331,AMAZON,B0965HZJGN,,ENC686,4,0.00,,2026-07-16 15:44:55,amazon Dcvoltage,true
1082240000000,205-6521330-9844331,AMAZON,B08V8XSXKB,,CRSF100BM+PHSH1PBRBM+LSMS320BI,3,0.00,,2026-07-16 15:44:55,amazon Dcvoltage,true
1082250000000,202-8253947-0537102,AMAZON,B08XC1QT69,,CL3THEAPK,1,19.99,19.99,2026-07-16 16:16:08,amazon Dcvoltage,true
1082260000000,205-9729435-2857158,AMAZON,B08KGJT4DP,,CL3THE5PK,1,13.69,13.69,2026-07-16 18:29:26,amazon Dcvoltage,true
1082270000000,205-9677367-6557918,AMAZON,B0CKWK8TNJ,,CL3RCR5PK,1,12.49,12.49,2026-07-16 18:36:18,amazon Dcvoltage,true
1082280000000,203-4764981-9489169,AMAZON,B0CYZVX28V,,LSCY290CO2PK+RPR44WH2PK,1,31.79,,2026-07-16 19:43:06,amazon Dcvoltage,true
1082290000000,206-6214089-3731567,AMAZON,B0CZ9FPLB7,,LSMS320GR2PK+RPR44WH2PK,1,25.09,25.09,2026-07-16 20:08:05,amazon Dcvoltage,true
1082300000000,204-7766180-6054735,AMAZON,B0DFHMDZYQ,,LSCY290NB+RPR44WH,1,15.09,15.09,2026-07-16 20:14:16,amazon Dcvoltage,true
1082310000000,026-6796419-8485119,AMAZON,B07CRTS1LD,,12IP67100,1,14.49,14.49,2026-07-16 20:41:31,amazon Dcvoltage,true
1082320000000,203-4156511-4029135,AMAZON,B0DFHN3XPG,,LSCY290BL+RPR44WH,1,15.89,15.89,2026-07-16 20:56:11,amazon Dcvoltage,true
1082330000000,205-5543223-7658734,AMAZON,B0C7BZ5756,,LSCY290GC+RPR44WH,1,15.49,15.49,2026-07-16 22:26:50,amazon Dcvoltage,true
1082340000000,205-5688505-1301955,AMAZON,B095PVFF8B,,LSGG200AR+SCRN70FG,1,24.49,24.49,2026-07-16 22:33:20,amazon Dcvoltage,true
1082350000000,202-5265625-3510743,AMAZON,B0G2YBCMRK,,ENC285,1,20.89,,2026-07-16 23:11:07,amazon Dcvoltage,true
1082360000000,206-9166203-6232359,AMAZON,B0C2VDBRDW,,CRSF100CO+LHNSE27CO+LSRP260CO,1,27.19,27.19,2026-07-16 09:10:36,amazon Ledsone,true
1082370000000,202-7891272-8348340,AMAZON,B091M812TL,,CL3TRW5PK,1,11.99,11.99,2026-07-16 09:30:26,amazon Ledsone,true
1082380000000,202-7891272-8348340,AMAZON,B0B9Y5MRSK,,CL3TGD5PK,1,0.00,,2026-07-16 09:30:26,amazon Ledsone,true
1082390000000,206-3109768-0613931,AMAZON,B0CGZQV9Y7,,LSMCSPFLMC+RPR44WH,1,24.89,24.89,2026-07-16 09:33:14,amazon Ledsone,true
1082400000000,203-5211748-5121115,AMAZON,B0F28YR5JN,,LSCY290NB+RPR44WH,1,15.99,15.99,2026-07-16 09:36:42,amazon Ledsone,true
1082420000000,202-2831625-4941113,AMAZON,B093DK8NZW,,CL2TORAPK,1,20.31,19.89,2026-07-16 10:41:57,amazon Ledsone,true
1082430000000,206-8162381-6007509,AMAZON,B0GDCN4LCW,,LDMT185E2736PK,1,16.99,16.99,2026-07-16 11:47:50,amazon Ledsone,true
1082440000000,203-8790614-1974703,AMAZON,B0G1TKZTS4,,CKAN1937BM,1,12.74,12.74,2026-07-16 11:59:58,amazon Ledsone,true
1082450000000,204-2456575-3014751,AMAZON,B0GW7VBY3J,,LHSWPBB22GD,1,9.69,9.69,2026-07-16 12:38:00,amazon Ledsone,true
1082460000000,202-3206236-6209169,AMAZON,B0DCNNVB21,,LHC6E27WH4PK,1,12.89,,2026-07-16 12:45:13,amazon Ledsone,true
1082470000000,204-0881222-1554759,AMAZON,B0DB2FJY1T,,CL2THEAPK,1,20.19,20.19,2026-07-16 13:07:22,amazon Ledsone,true
1082480000000,202-3771302-6404365,AMAZON,B0CCHX3S7L,,SPSDP2BM6PK,1,19.09,19.09,2026-07-16 13:19:59,amazon Ledsone,true
1082490000000,205-2116394-2577109,AMAZON,B0F28Z2V3F,,LSCY290GY+RPR44WH,2,29.98,29.98,2026-07-16 13:35:29,amazon Ledsone,true
1082500000000,205-0633997-8257109,AMAZON,B0CGRJ5PM4,,CRSF100BM+SPSPLBM+PHRNWP2RBM,1,13.19,13.19,2026-07-16 14:12:49,amazon Ledsone,true
1082510000000,206-0281489-8717948,AMAZON,B0B9Y5MRSK,,CL3TGD5PK,1,12.99,12.99,2026-07-16 14:19:06,amazon Ledsone,true
1082520000000,026-8318511-6391536,AMAZON,B0CHRVWSBM,,CL3RBM5PK,1,11.99,11.99,2026-07-16 15:02:37,amazon Ledsone,true
1082530000000,203-7710328-5032344,AMAZON,B07B26JKDT,,12IP67250,1,37.98,32.99,2026-07-16 15:11:22,amazon Ledsone,true
1082540000000,202-7335517-0295502,AMAZON,B0DXQ8VVR7,,LSCY290WH2PK+RPR44WH2PK,1,25.79,25.79,2026-07-16 15:14:21,amazon Ledsone,true
1082550000000,202-3826728-9497132,AMAZON,B0CBCN1B9S,,CRFF500BM+PHCH1BMRBM3PK+LSCY210BG3PK+IC,1,37.89,37.89,2026-07-16 15:42:44,amazon Ledsone,true
1082560000000,205-0354696-2451527,AMAZON,B0C3ZTBRHZ,,LSCY290BM+RPR44WH,1,14.89,,2026-07-16 16:23:17,amazon Ledsone,true
1082570000000,026-4399746-9812351,AMAZON,B0B9K32R7K,,CL2THE5PK,1,13.39,13.39,2026-07-16 16:47:51,amazon Ledsone,true
1082580000000,026-2499121-1509960,AMAZON,B09B3VTSQG,,amzn.gr.CRFF500BM_PHMU1PBRYB3P-hfVpRE-VG,1,26.24,26.24,2026-07-16 16:51:59,amazon Ledsone,true
1082590000000,206-7779828-7013109,AMAZON,B0GNZLCX15,,LHXSHE27BM3PK,1,13.79,13.79,2026-07-16 16:56:43,amazon Ledsone,true
1082600000000,203-3710687-5462705,AMAZON,B0B9Y5MRSK,,CL3TGD5PK,1,12.99,12.99,2026-07-16 16:58:57,amazon Ledsone,true
1082610000000,206-5944351-1810709,AMAZON,B0F292MNGB,,LSCY290BG+RPR44WH,1,16.99,,2026-07-16 17:33:43,amazon Ledsone,true
1082620000000,026-9884338-8924318,AMAZON,B0C3ZTBRHZ,,LSCY290BM+RPR44WH,1,14.89,14.89,2026-07-16 19:13:59,amazon Ledsone,true
1082630000000,026-9884338-8924318,AMAZON,B0F28YFTQ9,,LSCY290BU+RPR44WH,1,14.79,14.79,2026-07-16 19:13:59,amazon Ledsone,true
1082640000000,205-8901791-4185133,AMAZON,B0CVQFSV4Z,,RWT680YE,1,10.89,,2026-07-16 19:43:01,amazon Ledsone,true
1082650000000,026-5983901-1354759,AMAZON,B0B77GWCPC,,CRFF108GB2PK+HK10GB2PK,1,12.49,12.49,2026-07-16 19:49:31,amazon Ledsone,true
1082660000000,203-6585799-7219510,AMAZON,B0868DXK1B,,CCBKNWE48,1,9.99,9.99,2026-07-16 19:59:00,amazon Ledsone,true
1082680000000,026-3761132-7294702,AMAZON,B094DN1XL1,,PLADBC,1,45.99,45.99,2026-07-16 20:41:13,amazon Ledsone,true
1082690000000,203-3692688-2562741,AMAZON,B0DZ1VPNYY,,amzn.gr.RWWPSY1080YE2PK-U-kF0_I6y4Vts-LN,1,13.51,13.51,2026-07-16 20:50:41,amazon Ledsone,true
1082700000000,206-4623528-9432314,AMAZON,B0CGRJ5PM4,,CRSF100BM+SPSPLBM+PHRNWP2RBM,1,13.19,,2026-07-16 21:19:11,amazon Ledsone,true
1082710000000,204-1456041-6313913,AMAZON,B0BWK7RQ27,,PLTYRR+ICST64E27,1,19.49,19.49,2026-07-16 22:29:18,amazon Ledsone,true
1082720000000,206-2021294-8044354,AMAZON,B0F8ML4W33,,ENC8743,1,29.89,29.89,2026-07-16 23:15:21,amazon Ledsone,true
1084440000000,206-6694614-7063549,AMAZON,B0CYZWJ7WJ,,LSCY290CH2PK+RPR44WH2PK,1,28.89,28.89,2026-07-17 01:16:14,amazon Dcvoltage,true
1084450000000,204-7617710-7816303,AMAZON,B0D2TF3H6H,,LSCY290CO2PK+RPR44WH2PK,1,32.49,32.49,2026-07-17 07:20:22,amazon Dcvoltage,true
1084460000000,203-0115811-1249105,AMAZON,B0CGRJ1V8L,,TPOSBDBM,1,23.69,23.69,2026-07-17 08:13:29,amazon Dcvoltage,true
1084470000000,205-1096684-1370727,AMAZON,B0CS9PS8J3,,LSCY210BG3PK+RPR44WH3PK,1,32.89,32.89,2026-07-17 10:07:28,amazon Dcvoltage,true
1084480000000,205-6286867-4333968,AMAZON,B09M42QJCS,,LDMG125E2785PK,1,23.19,23.19,2026-07-17 10:08:03,amazon Dcvoltage,true
1084490000000,206-4506281-3712317,AMAZON,B09643CJ5N,,CRFF500BM+PHCH1BMRBM3PK+LSDO210BG3PK,1,35.48,35.48,2026-07-17 12:35:52,amazon Dcvoltage,true
1084500000000,205-3978414-9944343,AMAZON,B0965HZJGN,,ENC686,1,49.49,49.49,2026-07-17 13:35:21,amazon Dcvoltage,true
1084510000000,203-4781547-3066737,AMAZON,B0CNZ5QRHW,,CL3RYEAPK,2,32.53,34.98,2026-07-17 13:59:02,amazon Dcvoltage,true
1084520000000,205-2193957-2330738,AMAZON,B0CBLXL9R1,,WCVCBC2PK+RPR44WH2PK,1,15.89,15.89,2026-07-17 14:09:52,amazon Dcvoltage,true
1084530000000,206-7370898-6774722,AMAZON,B096FPKPNQ,,ENC685,1,54.89,54.89,2026-07-17 14:37:12,amazon Dcvoltage,true
1084540000000,202-0240820-2205908,AMAZON,B08VGPPQ48,,LSCY290GY+RPR44WH,1,15.29,15.29,2026-07-17 15:02:43,amazon Dcvoltage,true
1084550000000,203-8925620-9666745,AMAZON,B0CXSQZ68C,,LSCY290BD2PK+RPR44WH2PK,1,26.53,26.53,2026-07-17 15:24:22,amazon Dcvoltage,true
1084560000000,203-8925620-9666745,AMAZON,B0D2TCJKT7,,LSCY290OR2PK+RPR44WH2PK,1,24.49,24.49,2026-07-17 15:24:22,amazon Dcvoltage,true
1084570000000,204-8223341-4149937,AMAZON,B0FHPPQ21C,,CRFF100BM2PK+LHNSE27BM2PK,1,24.47,19.48,2026-07-17 15:31:00,amazon Dcvoltage,true
1084580000000,205-1477989-4682705,AMAZON,B0DFHN3XPG,,LSCY290BL+RPR44WH,1,15.89,15.89,2026-07-17 16:43:10,amazon Dcvoltage,true
1084590000000,205-9824830-3557149,AMAZON,B0CH39MWRF,,WSOSBDBM,1,19.59,19.59,2026-07-17 17:07:51,amazon Dcvoltage,true
1084600000000,204-4768098-7391554,AMAZON,B0GCZQVHRF,,CRFF100BM+LHNSE27BM+ICST64E27,1,16.99,,2026-07-17 17:12:09,amazon Dcvoltage,true
1084610000000,203-6577686-3215543,AMAZON,B08XC1QT69,,CL3THEAPK,1,19.99,,2026-07-17 17:22:55,amazon Dcvoltage,true
1084620000000,026-9452832-2385937,AMAZON,B0965HZJGN,,ENC686,1,49.49,,2026-07-17 19:10:13,amazon Dcvoltage,true
1084630000000,205-4280436-2413904,AMAZON,B0CYZVX28V,,LSCY290CO2PK+RPR44WH2PK,1,31.79,31.79,2026-07-17 19:35:41,amazon Dcvoltage,true
1084640000000,026-1670125-8017966,AMAZON,B0DFHMC949,,LSCY290BI+RPR44WH-,1,15.29,15.29,2026-07-17 20:30:07,amazon Dcvoltage,true
1084650000000,204-1760125-0853931,AMAZON,B0D53FZ8GS,,WCB2WH2PK+RPR44WH2PK,1,15.89,15.89,2026-07-17 22:14:00,amazon Dcvoltage,true
1084660000000,026-3384840-5005134,AMAZON,B0D5BFHKBN,,LSMS320GY2PK+RPR44WH2PK,2,50.78,,2026-07-17 23:18:56,amazon Dcvoltage,true
1084670000000,206-6059004-9340311,AMAZON,B0CGZQV9Y7,,LSMCSPFLMC+RPR44WH,1,24.89,24.89,2026-07-17 04:55:41,amazon Ledsone,true
1084680000000,206-0878340-6595569,AMAZON,B0B77KX4P8,,CRFF108BM2PK+HK10BM2PK,1,13.39,13.39,2026-07-17 06:48:39,amazon Ledsone,true
1084690000000,203-7833729-5490713,AMAZON,B09WJC8S2P,,CRFF140YB+WSNW170YB+LSOL220YB+ICST64E27,2,41.78,41.78,2026-07-17 07:02:27,amazon Ledsone,true
1084700000000,202-3509370-9501110,AMAZON,B094R3M2DC,,PLADBM,2,89.78,89.78,2026-07-17 07:13:48,amazon Ledsone,true
1084710000000,026-1637803-1469937,AMAZON,B0F9X1G8Y2,,CL3TGDAPK,1,20.89,20.89,2026-07-17 09:03:32,amazon Ledsone,true
1084720000000,206-9967068-7653902,AMAZON,B0F7QZQS3Y,,CL2TWHAPK,1,18.29,,2026-07-17 09:22:08,amazon Ledsone,true
1084730000000,203-8879201-4252354,AMAZON,B0CCJ2NWRP,,SPSDP2BM5PK,1,17.79,17.79,2026-07-17 10:40:50,amazon Ledsone,true
1084740000000,026-3063729-7775564,AMAZON,B0B4K4LN25,,PSDS4BMRBL,1,14.09,14.09,2026-07-17 11:03:30,amazon Ledsone,true
1084750000000,026-9252621-9131542,AMAZON,B0F2915RW5,,LSCY290CY+RPR44WH,1,15.89,,2026-07-17 11:36:33,amazon Ledsone,true
1084760000000,026-5410792-0769945,AMAZON,B0GDCN4LCW,,LDMT185E2736PK,2,31.60,,2026-07-17 13:08:18,amazon Ledsone,true
1084770000000,206-0031955-2023572,AMAZON,B0F2915RW5,,LSCY290CY+RPR44WH,1,15.89,15.89,2026-07-17 13:23:54,amazon Ledsone,true
1084780000000,026-9831586-4084308,AMAZON,B0D7ZTRLBH,,LSCY290BM2PK+RPR44WH2PK,1,25.89,,2026-07-17 13:26:28,amazon Ledsone,true
1084790000000,202-4282668-1818736,AMAZON,B0CGZQV9Y7,,LSMCSPFLMC+RPR44WH,1,24.89,24.89,2026-07-17 13:32:55,amazon Ledsone,true
1084800000000,204-3522141-3485902,AMAZON,B0GW7VBY3J,,LHSWPBB22GD,1,9.69,,2026-07-17 13:38:06,amazon Ledsone,true
1084810000000,026-2501318-3085906,AMAZON,B0F28YR5JN,,LSCY290NB+RPR44WH,1,15.99,15.99,2026-07-17 13:50:02,amazon Ledsone,true
1084820000000,203-6890623-1081919,AMAZON,B0F7QWMBLY,,CL3TGLAPK,1,19.69,19.69,2026-07-17 14:02:52,amazon Ledsone,true
1084830000000,203-4755836-7845154,AMAZON,B0C3ZTBRHZ,,LSCY290BM+RPR44WH,1,14.89,14.89,2026-07-17 17:22:54,amazon Ledsone,true
1084840000000,202-0387620-5928344,AMAZON,B0GNZLCX15,,LHXSHE27BM3PK,1,13.79,13.79,2026-07-17 18:21:52,amazon Ledsone,true
1084850000000,026-2596716-7859565,AMAZON,B0CZXHLR1Q,,TPOSBDBM2PK,1,42.99,42.99,2026-07-17 19:01:36,amazon Ledsone,true
1084860000000,205-3510410-3574760,AMAZON,B0CGRJ5PM4,,CRSF100BM+SPSPLBM+PHRNWP2RBM,1,13.19,,2026-07-17 19:51:55,amazon Ledsone,true
1084870000000,203-9754546-7920331,AMAZON,B0F292MNGB,,LSCY290BG+RPR44WH,1,16.99,,2026-07-17 19:55:45,amazon Ledsone,true
1084880000000,026-3300258-1077147,AMAZON,B0DXQB7T3C,,LSCY290GY2PK+RPR44WH2PK,1,26.09,,2026-07-17 19:59:04,amazon Ledsone,true
1084890000000,203-0629141-6046718,AMAZON,B0CCJ13D4W,,SPSDP2WH5PK,1,17.79,17.79,2026-07-17 20:00:27,amazon Ledsone,true
1084900000000,204-4338220-2127507,AMAZON,B093DKF852,,CL2TBKAPK,1,20.99,20.99,2026-07-17 20:15:32,amazon Ledsone,true
1084910000000,202-7188750-9012348,AMAZON,B0GDCN4LCW,,LDMT185E2736PK,1,16.99,16.99,2026-07-17 21:52:37,amazon Ledsone,true
1084920000000,206-9183509-3568315,AMAZON,B0BBS6B82P,,CL3TBMAPK,2,39.04,,2026-07-17 21:55:53,amazon Ledsone,true
1084930000000,203-9642576-2070708,AMAZON,B0CHRVWSBM,,CL3RBM5PK,1,11.99,11.99,2026-07-17 23:05:43,amazon Ledsone,true
1086180000000,204-0957232-4485921,AMAZON,B0CGRJ1V8L,,TPOSBDBM,1,23.69,23.69,2026-07-18 06:54:47,amazon Dcvoltage,true
1086190000000,206-7228975-0353153,AMAZON,B0CKWLS9WR,,CL3RHE5PK,2,24.35,26.18,2026-07-18 08:10:00,amazon Dcvoltage,true
1086200000000,204-2095106-0481962,AMAZON,B08VGPPQ48,,LSCY290GY+RPR44WH,1,15.29,15.29,2026-07-18 08:19:49,amazon Dcvoltage,true
1086210000000,206-6375606-5929911,AMAZON,B0CXSXN4KX,,LSMS320BI2PK+RPR44WH2PK,1,25.59,25.59,2026-07-18 08:29:29,amazon Dcvoltage,true
1086220000000,204-0631735-2329161,AMAZON,B096FPKPNQ,,ENC685,1,54.89,54.89,2026-07-18 08:49:28,amazon Dcvoltage,true
1086230000000,026-0726963-9072335,AMAZON,B08VGMKHT7,,LSCY290BM+RPR44WH,2,30.98,30.98,2026-07-18 09:37:27,amazon Dcvoltage,true
1086240000000,205-0065713-2325959,AMAZON,B0DH9BSF4C,,CL3TBM5PK,1,13.09,13.09,2026-07-18 10:18:02,amazon Dcvoltage,true
1086260000000,205-5588435-7494730,AMAZON,B0CNGGP2YF,,TPHTTN2PBRBM,2,31.60,33.98,2026-07-18 10:54:43,amazon Dcvoltage,true
1086270000000,203-2812471-7016315,AMAZON,B0DBLLNYRP,,CL3RHE5PK,2,24.91,26.78,2026-07-18 11:11:23,amazon Dcvoltage,true
1086280000000,202-5251142-2014734,AMAZON,B0C6LV14PT,,12UK3P2A,1,6.59,6.59,2026-07-18 11:22:37,amazon Dcvoltage,true
1086290000000,205-2369895-6089940,AMAZON,B0965HZJGN,,ENC686,1,49.49,,2026-07-18 11:30:55,amazon Dcvoltage,true
1086300000000,026-0829467-1753963,AMAZON,B0DH9CY29Z,,CL3TGL5PK,1,12.89,12.89,2026-07-18 12:07:55,amazon Dcvoltage,true
1086310000000,202-0900856-1809163,AMAZON,B07L8HQG6Y,,CL3TGD5PK,1,13.99,,2026-07-18 12:11:33,amazon Dcvoltage,true
1086320000000,203-8089710-0661915,AMAZON,B08V5MK449,,CRSF100BM+PHCH1BMRBM+LSCY290BM,2,40.98,40.98,2026-07-18 12:29:51,amazon Dcvoltage,true
1086330000000,205-6034173-3418710,AMAZON,B0GCZJ9XRB,,CRFF100SN2PK+LHNSE27SN2PK,1,24.89,24.89,2026-07-18 12:40:18,amazon Dcvoltage,true
1086340000000,203-1196355-6781927,AMAZON,B0D44XWSWS,,PHSF2GDTFG+ICST64E27,1,16.89,16.89,2026-07-18 13:03:29,amazon Ledsone,true
1086350000000,026-7380689-4040334,AMAZON,B0BNW14HRC,,ENC785,1,27.89,27.89,2026-07-18 13:15:29,amazon Dcvoltage,true
1086360000000,202-2045091-1746725,AMAZON,B0CTC7XPNX,,CRSF100BM+LHNSE27YB+SCRN70BM+LSFT220BG,1,18.99,,2026-07-18 13:38:31,amazon Dcvoltage,true
1086370000000,203-6974842-7345129,AMAZON,B0DP264BLC,,12UK3P10A,1,17.89,17.89,2026-07-18 13:40:25,amazon Dcvoltage,true
1086380000000,205-5625666-9907538,AMAZON,B0F48LNB6J,,RWWPSY1080YE,1,8.89,8.89,2026-07-18 13:41:47,amazon Dcvoltage,true
1086390000000,204-5788780-4806739,AMAZON,B0F48LNB6J,,RWWPSY1080YE,1,8.89,8.89,2026-07-18 14:08:55,amazon Dcvoltage,true
1086400000000,203-1778950-3465909,AMAZON,B08V5MK449,,CRSF100BM+PHCH1BMRBM+LSCY290BM,1,20.49,20.49,2026-07-18 14:38:41,amazon Dcvoltage,true
1086410000000,202-7206978-8175540,AMAZON,B08TX2PF6H,,LSMS320BT+RPR44WH,1,14.99,14.99,2026-07-18 15:37:06,amazon Dcvoltage,true
1086420000000,205-4042124-5246753,AMAZON,B0D5BFHKBN,,LSMS320GY2PK+RPR44WH2PK,1,25.39,25.39,2026-07-18 16:07:22,amazon Dcvoltage,true
1086430000000,026-8557647-5265961,AMAZON,B0CB7VJNLD,,SPSDP2YB3PK,2,21.19,,2026-07-18 16:27:52,amazon Dcvoltage,true
1086440000000,204-1328021-2530760,AMAZON,B0BZ4YPVXF,,ENC1292,2,41.78,,2026-07-18 16:46:23,amazon Dcvoltage,true
1086450000000,205-9217313-6861910,AMAZON,B08X4KB22H,,CRSF100BM+LHNSE27CO+SCRN70CO+LSFT220BC,2,32.53,34.98,2026-07-18 16:50:58,amazon Dcvoltage,true
1086460000000,205-8361229-6521163,AMAZON,B0CTT4CH4C,,LSMS320GR+RPR44WH,1,14.99,14.99,2026-07-18 17:26:58,amazon Dcvoltage,true
1086470000000,203-7229472-8555567,AMAZON,B0CL1K1T2T,,ENC5521,1,41.09,41.09,2026-07-18 17:31:22,amazon Dcvoltage,true
1086480000000,202-4745508-6847562,AMAZON,B08V5MK449,,CRSF100BM+PHCH1BMRBM+LSCY290BM,1,19.06,20.49,2026-07-18 17:45:18,amazon Dcvoltage,true
1086490000000,202-7634684-7694749,AMAZON,B0GGDTRTN7,,CRFF100BM2PK+LHNSE27BM2PK+ICST64E272PK,1,28.89,28.89,2026-07-18 18:42:04,amazon Dcvoltage,true
1086500000000,202-5657527-1992347,AMAZON,B0BZ4Y4X94,,ENC1282,1,22.89,22.89,2026-07-18 18:54:33,amazon Dcvoltage,true
1086520000000,205-5955724-6259540,AMAZON,B0F292MNGB,,LSCY290BG+RPR44WH,1,16.99,,2026-07-18 06:40:28,amazon Ledsone,true
1086530000000,203-9729239-6793115,AMAZON,B0F291K6SL,,LSCY290YE+RPR44WH,2,31.78,31.78,2026-07-18 06:49:40,amazon Ledsone,true
1086540000000,202-0907069-8148348,AMAZON,B0B9Y9F73N,,CL3TIV5PK,1,12.89,12.89,2026-07-18 07:14:17,amazon Ledsone,true
1086550000000,205-5060968-5862765,AMAZON,B0F292MNGB,,LSCY290BG+RPR44WH,1,16.99,,2026-07-18 07:24:11,amazon Ledsone,true
1086560000000,203-0808317-9033158,AMAZON,B0CZXHLR1Q,,TPOSBDBM2PK,1,44.24,42.99,2026-07-18 07:49:24,amazon Ledsone,true
1086570000000,202-3705574-6403538,AMAZON,B0CFVDH4FK,,PSOS4BMTHE2PK+ICST64E272PK,1,36.79,36.79,2026-07-18 08:05:02,amazon Ledsone,true
1086580000000,202-1051453-5919507,AMAZON,B09479HV6W,,LDMG95E2783PK,2,26.77,27.94,2026-07-18 08:48:04,amazon Ledsone,true
1086590000000,205-8673730-9450744,AMAZON,B0DXQ8VVR7,,LSCY290WH2PK+RPR44WH2PK,1,25.79,25.79,2026-07-18 08:54:18,amazon Ledsone,true
1086600000000,203-6684267-2361904,AMAZON,B0F28YNDZN,,LSCY290RO+RPR44WH,1,17.29,17.29,2026-07-18 10:21:14,amazon Ledsone,true
1086610000000,206-6377560-4265904,AMAZON,B0DBL9YWDM,,LSDO210YE2PK+RPR44WH2PK,1,12.79,12.79,2026-07-18 10:22:04,amazon Ledsone,true
1086620000000,206-6377560-4265904,AMAZON,B0CW9SBJBD,,LSDO210OR2PK+RPR44WH2PK,1,18.89,18.89,2026-07-18 10:22:04,amazon Ledsone,true
1086630000000,206-6377560-4265904,AMAZON,B0DBLB6ZSH,,LSDO210GR2PK+RPR44WH2PK,1,15.99,15.99,2026-07-18 10:22:04,amazon Ledsone,true
1086640000000,203-3618603-4877103,AMAZON,B0D298RPWW,,LSCY290RE+RPR44WH,1,18.28,15.79,2026-07-18 10:33:57,amazon Ledsone,true
1086650000000,204-8060900-9231519,AMAZON,B07CM4KTJW,,12IP67100,1,18.59,18.59,2026-07-18 11:37:06,amazon Ledsone,true
1086660000000,205-3035511-6424362,AMAZON,B0BBB5C64C,,CL3RWH5PK,1,12.69,12.69,2026-07-18 11:39:57,amazon Ledsone,true
1086670000000,202-5793926-1828369,AMAZON,B0CW5RLSQL,,CRFF105GB2PK+HK10GB2PK,1,13.79,13.79,2026-07-18 11:41:32,amazon Ledsone,true
1086680000000,202-5131442-2768302,AMAZON,B0D93LH1YN,,amzn.gr.ENC7472-Wgh52l69YUGXJUyp-oig7-VG,1,22.42,22.42,2026-07-18 11:56:34,amazon Ledsone,true
1086690000000,204-3220941-5834712,AMAZON,B0CGRQCV7Y,,CRSF100BM+PHRNWP2RBM+ICST64E27,1,13.79,13.79,2026-07-18 12:10:54,amazon Ledsone,true
1086700000000,205-4842965-3404359,AMAZON,B0CFV9JG2H,,PSOS4BMTHE,1,16.59,16.59,2026-07-18 12:31:42,amazon Ledsone,true
1086710000000,204-2706831-7062701,AMAZON,B0DXPGH41F,,LSDO210NB2PK+RPR44WH2PK,1,17.89,17.89,2026-07-18 12:54:40,amazon Ledsone,true
1086720000000,203-1196355-6781927,AMAZON,B0B82Y8Q8N,,PHSF1GDRFG,1,14.99,14.99,2026-07-18 13:03:29,amazon Ledsone,true
1086730000000,205-9192625-4041924,AMAZON,B0CGZQV9Y7,,amzn.gr.LSMCSPFLMC_RPR44WH-3adM0FhArd-GD,1,17.42,17.42,2026-07-18 13:45:36,amazon Ledsone,true
1086740000000,205-7714855-2261950,AMAZON,B094R3M2DC,,PLADBM,1,44.89,44.89,2026-07-18 13:52:51,amazon Ledsone,true
1086750000000,206-1800900-1171508,AMAZON,B0GNZLCX15,,amzn.gr.LHXSHE27BM3PK_AMN-MFBJ_7yvNqB-VG,1,10.34,10.34,2026-07-18 14:18:21,amazon Ledsone,true
1086760000000,203-8592830-8814717,AMAZON,B0B77GWCPC,,CRFF108GB2PK+HK10GB2PK,1,12.49,,2026-07-18 14:32:34,amazon Ledsone,true
1086770000000,202-6060333-4657913,AMAZON,B0GMHQTBSQ,,LHXSHE27BM2PK,1,14.69,,2026-07-18 14:42:05,amazon Ledsone,true
1086780000000,203-3455930-4409947,AMAZON,B07CM1B86W,,12IP67150,1,19.99,19.99,2026-07-18 15:06:49,amazon Ledsone,true
1086790000000,203-0086600-1059501,AMAZON,B0CW5MDQG4,,CRSF100BM+PHHT1PBRBM+LSFT320BM,1,20.50,20.50,2026-07-18 15:08:51,amazon Ledsone,true
1086800000000,202-0212475-0728311,AMAZON,B0C3ZTBRHZ,,LSCY290BM+RPR44WH,1,14.89,,2026-07-18 15:12:42,amazon Ledsone,true
1086810000000,205-5201038-1227512,AMAZON,B0F7R4P38W,,CL2TGDAPK,1,19.29,19.29,2026-07-18 15:48:13,amazon Ledsone,true
1086820000000,026-2606079-7941958,AMAZON,B0B9Y9F73N,,amzn.gr.CL3TIV5PK-izps_qTbRvbgx3xvaja-VG,1,9.67,9.67,2026-07-18 15:51:00,amazon Ledsone,true
1086830000000,203-5633828-9922702,AMAZON,B09JM3PLLH,,LDSG125LOE274,1,10.19,10.19,2026-07-18 16:28:34,amazon Ledsone,true
1086840000000,026-1287007-2705110,AMAZON,B0B3NDDFM7,,PLHWBM,1,17.29,17.29,2026-07-18 16:49:12,amazon Ledsone,true
1086850000000,206-8992345-3527556,AMAZON,B0CHW3Q9VG,,CRSF100YB+PHCHPCRYB+LSCY290YB,2,46.18,46.18,2026-07-18 17:34:49,amazon Ledsone,true
1086860000000,203-6633199-9807541,AMAZON,B07CPWC9PP,,dc12IP6780,1,14.99,14.99,2026-07-18 17:58:19,amazon Ledsone,true
1086870000000,202-5743238-8895559,AMAZON,B0C3ZTBRHZ,,LSCY290BM+RPR44WH,1,14.89,14.89,2026-07-18 19:14:51,amazon Ledsone,true
1086880000000,202-8127824-1021939,AMAZON,B093H8YG8Z,,LSMS320GY+RPR44WH,1,14.99,,2026-07-18 20:45:32,amazon Ledsone,true
1088310000000,026-4512370-4437158,AMAZON,B0BWJWGXD4,,LSCY210BG+RPR44WH,2,24.18,24.18,2026-07-19 06:23:31,amazon Dcvoltage,true
1088320000000,204-7597534-9563564,AMAZON,B08V5MK449,,CRSF100BM+PHCH1BMRBM+LSCY290BM,1,19.53,20.72,2026-07-19 09:59:34,amazon Dcvoltage,true
1088330000000,026-4909878-6346728,AMAZON,B0CG5YFN9X,,LSCY290BI2PK+RPR44WH2PK,1,26.49,,2026-07-19 10:53:44,amazon Dcvoltage,true
1088340000000,204-5628926-5285923,AMAZON,B0CRZ5GV66,,LSCY290YB+RPR44WH,1,16.89,16.89,2026-07-19 10:57:18,amazon Dcvoltage,true
1088350000000,202-5040477-8880369,AMAZON,B0CRZ25PXP,,LSCY290BC,1,15.89,,2026-07-19 12:25:52,amazon Dcvoltage,true
1088360000000,204-4241448-0403531,AMAZON,B0C7C8LWY9,,LSCY290NB+RPR44WH,1,15.79,15.79,2026-07-19 12:55:21,amazon Dcvoltage,true
1088370000000,204-5287114-4129108,AMAZON,B0F48PQWQB,,RWWPSY1050YE,1,7.82,8.69,2026-07-19 13:21:20,amazon Dcvoltage,true
1088380000000,026-0874358-0844332,AMAZON,B08VGMKHT7,,LSCY290BM+RPR44WH,2,30.98,30.98,2026-07-19 15:16:52,amazon Dcvoltage,true
1088390000000,206-8811330-2453116,AMAZON,B07PM4GDGP,,CL3TBM5PK,1,11.79,11.79,2026-07-19 15:21:29,amazon Dcvoltage,true
1088400000000,203-7946531-6937948,AMAZON,B08XC1QT69,,CL3THEAPK,1,19.99,19.99,2026-07-19 16:17:03,amazon Dcvoltage,true
1088410000000,205-7352876-2717135,AMAZON,B0CTC7XPNX,,CRSF100BM+LHNSE27YB+SCRN70BM+LSFT220BG,1,18.99,18.99,2026-07-19 16:23:11,amazon Dcvoltage,true
1088420000000,026-3258133-4131565,AMAZON,B08X4J2CSH,,CRSF100BM+LHNSE27CO+SCRN70CO+LSFT220RE,1,15.89,15.89,2026-07-19 16:33:08,amazon Dcvoltage,true
1088430000000,205-7378417-2129943,AMAZON,B0BNVNVP9D,,LHC2E27WH5PK,1,15.89,15.89,2026-07-19 16:41:45,amazon Dcvoltage,true
1088440000000,203-4673823-6127544,AMAZON,B07PM4GDGP,,CL3TBM5PK,1,11.79,,2026-07-19 16:43:54,amazon Dcvoltage,true
1088450000000,205-8150837-1897139,AMAZON,B0DP264BLC,,12UK3P10A,1,17.89,17.89,2026-07-19 16:45:42,amazon Dcvoltage,true
1088460000000,026-2164907-4693905,AMAZON,B0CGRJBVL2,,TPOSBDBM2PK,1,42.99,42.99,2026-07-19 18:17:43,amazon Dcvoltage,true
1088470000000,204-2473863-4712337,AMAZON,B0CXSS7XYX,,LSCY290WH2PK+RPR44WH2PK,2,49.19,51.78,2026-07-19 18:24:11,amazon Dcvoltage,true
1088480000000,205-6181508-3476342,AMAZON,B08X4K83DM,,CRSF100BM+LHNSE27CO+SCRN70CO+LSFT220WH,1,19.89,19.89,2026-07-19 18:43:24,amazon Dcvoltage,true
1088490000000,203-0438705-7403525,AMAZON,B08XNPKHZX,,LSSS300YE+RPR44WH,1,13.49,13.49,2026-07-19 19:00:55,amazon Dcvoltage,true
1088500000000,205-2046055-1054704,AMAZON,B0DFHMDZYQ,,LSCY290NB+RPR44WH,1,15.09,15.09,2026-07-19 19:21:19,amazon Dcvoltage,true
1088510000000,204-2694443-0931557,AMAZON,B08P1NX6SB,,CRFF500BM+PHHT1PBRBM3PK+WCDCBM3PKAM,1,30.59,32.89,2026-07-19 21:03:25,amazon Dcvoltage,true
1088520000000,205-5889953-3957162,AMAZON,B0CJCDZWRB,,LSSS300SN2PK+RPR44WH2PK,1,23.49,23.49,2026-07-19 21:07:06,amazon Dcvoltage,true
1088530000000,204-3273192-9997169,AMAZON,B08XNPKHZX,,LSSS300YE+RPR44WH,1,13.49,,2026-07-19 21:32:55,amazon Dcvoltage,true
1088540000000,204-2369691-8833946,AMAZON,B09643CJ5N,,CRFF500BM+PHCH1BMRBM3PK+LSDO210BG3PK,1,35.48,35.48,2026-07-19 21:43:28,amazon Dcvoltage,true
1088550000000,206-3341743-2837921,AMAZON,B0D6B5DGFC,,SPSDP2BM3PK,1,12.49,,2026-07-19 21:49:38,amazon Dcvoltage,true
1088560000000,205-0864759-5698727,AMAZON,B08VGPPQ48,,LSCY290GY+RPR44WH,1,15.29,15.29,2026-07-19 23:22:40,amazon Dcvoltage,true
1088570000000,206-3182310-8245101,AMAZON,B0CZXL6ZYG,,amzn.gr.TPOSBDBM-87P0SJqtG2g1zCHyzPHJ-LN,1,17.59,17.59,2026-07-19 01:57:21,amazon Ledsone,true
1088580000000,204-9285322-0813964,AMAZON,B0CHRVWSBM,,CL3RBM5PK,1,11.99,11.99,2026-07-19 05:41:34,amazon Ledsone,true
1088590000000,202-8791105-9759529,AMAZON,B0868DXK1B,,CCBKNWE48,2,18.58,19.75,2026-07-19 07:38:54,amazon Ledsone,true
1088600000000,203-3602225-4060359,AMAZON,B0CVL3H63B,,LSEL400OR2PK+RPR44WH2PK,1,31.79,31.79,2026-07-19 09:29:04,amazon Ledsone,true
1088610000000,206-7593149-9005964,AMAZON,B0D7ZTRLBH,,LSCY290BM2PK+RPR44WH2PK,1,25.89,,2026-07-19 09:34:13,amazon Ledsone,true
1088620000000,203-1542034-4552333,AMAZON,B094DN1XL1,,PLADBC,1,45.99,45.99,2026-07-19 10:01:36,amazon Ledsone,true
1088630000000,202-3034642-4339551,AMAZON,B0DBL9YWDM,,LSDO210YE2PK+RPR44WH2PK,1,12.79,12.79,2026-07-19 11:55:05,amazon Ledsone,true
1088640000000,205-1434390-4701929,AMAZON,B0CZXHLR1Q,,TPOSBDBM2PK,1,42.99,,2026-07-19 12:46:02,amazon Ledsone,true
1088650000000,203-0709599-1830718,AMAZON,B094R3M2DC,,PLADBM,1,44.89,44.89,2026-07-19 12:59:12,amazon Ledsone,true
1088660000000,202-8445190-4135541,AMAZON,B0D3X4WHGV,,CCBKNWE482PK,1,15.99,15.99,2026-07-19 13:14:00,amazon Ledsone,true
1088670000000,202-4581334-2717951,AMAZON,B0CBMQZ8P6,,PHSF2BMRBM+SPSDP2BM,1,13.89,13.89,2026-07-19 13:15:25,amazon Ledsone,true
1088680000000,026-7325078-9685137,AMAZON,B0B8VVQDZR,,LDSG125LOE2742PK,1,15.29,,2026-07-19 14:01:32,amazon Ledsone,true
1088690000000,205-6166708-2341914,AMAZON,B0B77KX4P8,,CRFF108BM2PK+HK10BM2PK,1,13.39,13.39,2026-07-19 14:04:21,amazon Ledsone,true
1088700000000,204-0420608-2724366,AMAZON,B0CZXL6ZYG,,TPOSBDBM,1,24.98,21.99,2026-07-19 14:20:27,amazon Ledsone,true
1088710000000,204-9610537-9418768,AMAZON,B0BBS3NXFM,,CL3TBRAPK,1,20.89,20.89,2026-07-19 14:31:15,amazon Ledsone,true
1088720000000,204-6603253-5978734,AMAZON,B07B2WVRJ5,,12IP6715,1,7.59,,2026-07-19 15:58:56,amazon Ledsone,true
1088730000000,202-8749543-6329962,AMAZON,B083TNFR73,,LDMST64E278pck3,1,14.79,14.79,2026-07-19 16:19:57,amazon Ledsone,true
1088740000000,204-3587442-1640364,AMAZON,B0BBS6B82P,,CL3TBMAPK,1,20.99,20.99,2026-07-19 16:33:31,amazon Ledsone,true
1088750000000,206-6829216-4225951,AMAZON,B094R3M2DC,,PLADBM,2,94.77,89.78,2026-07-19 16:52:45,amazon Ledsone,true
1088760000000,202-8629839-1666711,AMAZON,B0CCL729S8,,ENC1313,2,41.78,41.78,2026-07-19 17:34:19,amazon Ledsone,true
1088770000000,204-2318949-1874722,AMAZON,B0CZXHLR1Q,,TPOSBDBM2PK,1,42.99,42.99,2026-07-19 17:43:05,amazon Ledsone,true
1088780000000,026-1761776-7710737,AMAZON,B0CZXL6ZYG,,TPOSBDBM,1,21.99,21.99,2026-07-19 17:47:24,amazon Ledsone,true
1088790000000,206-9325399-1905914,AMAZON,B0DBL9YWDM,,LSDO210YE2PK+RPR44WH2PK,1,15.29,12.79,2026-07-19 19:04:56,amazon Ledsone,true
1088800000000,204-1029411-1897940,AMAZON,B0GW8313KY,,LHSWPBB22CH,1,9.79,9.79,2026-07-19 19:16:30,amazon Ledsone,true
1088810000000,203-4946913-8837901,AMAZON,B0BLP1JSRK,,amzn.gr.LDMST64E2786PK-B1-60H9yWgQhY6-LN,1,16.31,16.31,2026-07-19 19:20:26,amazon Ledsone,true
1088820000000,203-5936232-0581927,AMAZON,B0CHRVWSBM,,CL3RBM5PK,1,11.99,11.99,2026-07-19 19:34:59,amazon Ledsone,true
1088830000000,206-4706882-1717114,AMAZON,B0GMHQTBSQ,,LHXSHE27BM2PK,1,14.69,14.69,2026-07-19 20:50:49,amazon Ledsone,true
1088840000000,026-9354387-4118748,AMAZON,B0CCF5KBJH,,LSCY290BM+RPR44WH,1,15.79,,2026-07-19 21:21:05,amazon Ledsone,true
1088850000000,204-8731262-5165953,AMAZON,B0CZXL6ZYG,,TPOSBDBM,1,21.99,,2026-07-19 22:28:29,amazon Ledsone,true
1088860000000,203-6173571-9597929,AMAZON,B0CZXL6ZYG,,TPOSBDBM,1,21.99,,2026-07-19 23:01:11,amazon Ledsone,true
1088870000000,204-0218178-7263501,AMAZON,B0D296Z5B4,,LSCY290WH3PK+RPR44WH3PK,1,36.29,36.29,2026-07-19 23:22:47,amazon Ledsone,true
1088880000000,202-8037777-6117907,AMAZON,B0C3ZTBRHZ,,LSCY290BM+RPR44WH,1,17.38,14.89,2026-07-19 23:42:15,amazon Ledsone,true
1088890000000,206-7822169-3995535,AMAZON,B0CCHYD2JP,,SPSDP2BM3PK,1,12.49,,2026-07-19 23:54:47,amazon Ledsone,true
1090670000000,205-4584114-6741954,AMAZON,B0CTC7XPNX,,CRSF100BM+LHNSE27YB+SCRN70BM+LSFT220BG,2,37.98,37.98,2026-07-20 06:04:02,amazon Dcvoltage,true
1090680000000,205-8456525-9274769,AMAZON,B0CXSXN4KX,,LSMS320BI2PK+RPR44WH2PK,1,25.59,25.59,2026-07-20 06:33:27,amazon Dcvoltage,true
1090690000000,204-1937480-6502758,AMAZON,B08VGPPQ48,,LSCY290GY+RPR44WH,1,15.29,15.29,2026-07-20 07:02:30,amazon Dcvoltage,true
1090700000000,204-2276400-8601108,AMAZON,B08XC1QT69,,CL3THEAPK,1,19.99,19.99,2026-07-20 08:31:23,amazon Dcvoltage,true
1090710000000,204-1477531-6482744,AMAZON,B08V5MK449,,CRSF100BM+PHCH1BMRBM+LSCY290BM,1,19.06,20.49,2026-07-20 09:16:59,amazon Dcvoltage,true
1090720000000,205-9154810-1943517,AMAZON,B0D2TCJKT7,,LSCY290OR2PK+RPR44WH2PK,1,23.89,23.89,2026-07-20 09:53:46,amazon Dcvoltage,true
1090730000000,026-2934827-9037142,AMAZON,B0BWJWGXD4,,LSCY210BG+RPR44WH,1,12.09,12.09,2026-07-20 11:04:41,amazon Dcvoltage,true
1090740000000,202-4864885-7837949,AMAZON,B08VGPPQ48,,LSCY290GY+RPR44WH,3,45.87,45.87,2026-07-20 11:08:24,amazon Dcvoltage,true
1090750000000,203-9867497-9963524,AMAZON,B096FPKPNQ,,ENC685,1,54.89,54.89,2026-07-20 14:18:00,amazon Dcvoltage,true
1090760000000,204-8337777-2861901,AMAZON,B0C9TSHB33,,LSCY210BM+RPR44WH,1,13.79,,2026-07-20 15:31:31,amazon Dcvoltage,true
1090780000000,204-8185404-0165134,AMAZON,B0D5BFHKBN,,LSMS320GY2PK+RPR44WH2PK,1,25.39,25.39,2026-07-20 15:51:22,amazon Dcvoltage,true
1090790000000,203-2044365-8750746,AMAZON,B0CKWMGD1M,,CL3RBR5PK,1,12.99,12.99,2026-07-20 16:54:48,amazon Dcvoltage,true
1090800000000,204-8230471-7264336,AMAZON,B08V8D1874,,CRSF100WH+LHNSE27WH+LSMS320OR,1,18.49,18.49,2026-07-20 17:21:07,amazon Dcvoltage,true
1090810000000,204-1153747-7027514,AMAZON,B0F48PQWQB,,RWWPSY1050YE,1,8.69,8.69,2026-07-20 18:11:09,amazon Dcvoltage,true
1090820000000,026-8126958-4773938,AMAZON,B09643CJ5N,,CRFF500BM+PHCH1BMRBM3PK+LSDO210BG3PK,1,35.48,35.48,2026-07-20 18:12:41,amazon Dcvoltage,true
1090830000000,206-5898439-4731517,AMAZON,B08XC1QT69,,CL3THEAPK,1,19.99,19.99,2026-07-20 18:24:40,amazon Dcvoltage,true
1090840000000,203-9910156-9902722,AMAZON,B0CXSQZ68C,,LSCY290BD2PK+RPR44WH2PK,1,25.89,25.89,2026-07-20 18:46:13,amazon Dcvoltage,true
1090850000000,202-3707909-3473121,AMAZON,B07L8HQG6Y,,CL3TGD5PK,1,13.99,,2026-07-20 18:49:59,amazon Dcvoltage,true
1090870000000,203-6172502-1325115,AMAZON,B08P1NX6SB,,CRFF500BM+PHHT1PBRBM3PK+WCDCBM3PKAM,1,32.89,32.89,2026-07-20 21:05:51,amazon Dcvoltage,true
1090880000000,205-8850769-9567562,AMAZON,B0BZ514CFP,,ENC1290,1,17.79,17.79,2026-07-20 21:17:22,amazon Dcvoltage,true
1090890000000,026-1329134-7292342,AMAZON,B07F9SH71F,,LDMG95E274,2,11.38,,2026-07-20 21:22:55,amazon Dcvoltage,true
1090910000000,204-3200991-5529954,AMAZON,B0DTQ47GBY,,WCCYSP160GD2PK,1,26.89,26.89,2026-07-20 22:28:06,amazon Dcvoltage,true
1090920000000,026-4948393-4339567,AMAZON,B0F28YR5JN,,LSCY290NB+RPR44WH,1,15.99,,2026-07-20 00:08:22,amazon Ledsone,true
1090930000000,205-4045484-9681920,AMAZON,B0CDWVF7VV,,PSHYOS4WRWH,1,14.09,14.09,2026-07-20 06:00:13,amazon Ledsone,true
1090940000000,026-1805014-1316354,AMAZON,B0C3ZTBRHZ,,LSCY290BM+RPR44WH,1,14.89,14.89,2026-07-20 07:37:43,amazon Ledsone,true
1090950000000,204-8302163-0587511,AMAZON,B0D7ZTRLBH,,LSCY290BM2PK+RPR44WH2PK,1,25.89,25.89,2026-07-20 08:19:19,amazon Ledsone,true
1090960000000,205-3036278-9536309,AMAZON,B0F9WXH3SL,,CL2RBMAPK,1,18.79,,2026-07-20 08:49:05,amazon Ledsone,true
1090970000000,204-6450223-4515520,AMAZON,B09HS8RX1P,,CL2TYE5PK,1,13.29,13.29,2026-07-20 09:02:23,amazon Ledsone,true
1090980000000,026-8490651-9250720,AMAZON,B0BC1CMSVD,,CL3RGDAPK,1,19.99,19.99,2026-07-20 09:25:29,amazon Ledsone,true
1090990000000,206-9676253-5169918,AMAZON,B0GL6HBFGC,,ENC78,1,18.89,18.89,2026-07-20 10:07:42,amazon Ledsone,true
1091000000000,203-6702986-1447551,AMAZON,B093Y224LS,,CRSF100BM+PHHT1PBRBM+LSHM400HE,1,30.59,30.59,2026-07-20 10:32:30,amazon Ledsone,true
1091020000000,205-3571129-9280362,AMAZON,B0CW5RLSQL,,CRFF105GB2PK+HK10GB2PK,1,13.79,13.79,2026-07-20 11:05:15,amazon Ledsone,true
1091030000000,203-9532564-5831500,AMAZON,B0GDCN4LCW,,LDMT185E2736PK,1,16.99,16.99,2026-07-20 11:33:22,amazon Ledsone,true
1091040000000,026-8074133-2409124,AMAZON,B0CHRVWSBM,,CL3RBM5PK,1,11.99,11.99,2026-07-20 11:39:53,amazon Ledsone,true
1091050000000,206-5356653-9879518,AMAZON,B094R3M2DC,,PLADBM,1,44.82,44.82,2026-07-20 12:36:41,amazon Ledsone,true
1091060000000,026-2397095-2133932,AMAZON,B0DH221ZSY,,LSHQ180BS2PK+RPR44WH,1,18.99,16.49,2026-07-20 12:45:48,amazon Ledsone,true
1091070000000,203-5518328-9797113,AMAZON,B086385W3W,,amzn.gr.CS-SHHRCRT_SFCRCR_pck2-Svsds9-LN,1,16.71,16.71,2026-07-20 13:54:13,amazon Ledsone,true
1091080000000,202-2970003-4806766,AMAZON,B0BB32F8JN,,CL2RHE5PK,2,27.38,27.38,2026-07-20 13:57:40,amazon Ledsone,true
1091090000000,206-5578038-7686708,AMAZON,B0F7R4P38W,,CL2TGDAPK,1,19.29,19.29,2026-07-20 14:54:58,amazon Ledsone,true
1091100000000,205-4176239-1440337,AMAZON,B0CVQFSV4Z,,RWT680YE,1,10.89,10.89,2026-07-20 16:59:44,amazon Ledsone,true
1091110000000,202-2807315-6970726,AMAZON,B0D7VWLG54,,LSMS320GR2PK+RPR44WH2PK,1,25.89,25.89,2026-07-20 17:13:18,amazon Ledsone,true
1091120000000,206-1321591-7737916,AMAZON,B0BB31CP27,,CL2RWH5PK,1,13.99,13.99,2026-07-20 17:27:31,amazon Ledsone,true
1091130000000,204-7486431-6804329,AMAZON,B0CCJ3CSB6,,SPSDP2YB3PK,1,12.49,12.49,2026-07-20 18:35:31,amazon Ledsone,true
1091140000000,202-2707573-3281911,AMAZON,B093T4FQVW,,LSMS320GR+RPR44WH,1,14.79,14.79,2026-07-20 19:30:55,amazon Ledsone,true
1091150000000,204-4358054-2517121,AMAZON,B0CBCN1B9S,,CRFF500BM+PHCH1BMRBM3PK+LSCY210BG3PK+IC,1,37.89,,2026-07-20 19:43:40,amazon Ledsone,true
1091160000000,026-9340946-6764333,AMAZON,B0B82Y8Q8N,,PHSF1GDRFG,1,14.99,14.99,2026-07-20 20:36:14,amazon Ledsone,true
1091170000000,203-0744278-0281112,AMAZON,B0F2919THD,,LSCY290CO+RPR44WH,1,18.19,18.19,2026-07-20 20:47:13,amazon Ledsone,true
1091180000000,204-9281021-9332361,AMAZON,B0GMHQTBSQ,,LHXSHE27BM2PK,1,14.69,,2026-07-20 20:50:10,amazon Ledsone,true
1091190000000,204-5809757-6167563,AMAZON,B0B77GWCPC,,CRFF108GB2PK+HK10GB2PK,1,12.49,12.49,2026-07-20 21:21:48,amazon Ledsone,true
1091200000000,202-1897001-9318748,AMAZON,B0CCJ46SZT,,SPSDP3YB6PK,1,13.09,,2026-07-20 23:03:01,amazon Ledsone,true
1092260000000,203-6089846-8257940,AMAZON,B0D56ZN8NP,,WCB7WH2PK+RPR44WH2PK,1,15.69,15.69,2026-07-21 06:41:18,amazon Dcvoltage,true
1092270000000,206-2938540-6914764,AMAZON,B0CPBX49HJ,,LSCY290GR+RPR44WH,1,16.29,16.29,2026-07-21 07:41:21,amazon Dcvoltage,true
1092280000000,206-7004981-8149964,AMAZON,B07PM6VXCG,,CL3TBK5PK,1,13.01,13.01,2026-07-21 10:03:30,amazon Dcvoltage,true
1092290000000,202-7709357-7055548,AMAZON,B0C9TSHB33,,LSCY210BM+RPR44WH,1,13.79,13.79,2026-07-21 10:07:34,amazon Dcvoltage,true
1092300000000,202-7124010-8709108,AMAZON,B07L8JDCQL,,CL3TBRAPK,1,0.00,,2026-07-21 11:29:18,amazon Dcvoltage,true
1092310000000,202-7124010-8709108,AMAZON,B07L8HQG6Y,,CL3TGD5PK,1,0.00,,2026-07-21 11:29:18,amazon Dcvoltage,true
1092320000000,202-9909420-6561103,AMAZON,B0GW83X9F4,,LHSWPBB22GD,1,9.79,9.79,2026-07-21 12:02:17,amazon Dcvoltage,true
1092330000000,205-1056578-3957967,AMAZON,B0D5BFHKBN,,LSMS320GY2PK+RPR44WH2PK,1,25.39,25.39,2026-07-21 12:45:10,amazon Dcvoltage,true
1092340000000,206-2983778-6938732,AMAZON,B08VGPPQ48,,LSCY290GY+RPR44WH,1,15.29,15.29,2026-07-21 12:47:29,amazon Dcvoltage,true
1092350000000,205-3338365-0551540,AMAZON,B0FZCRB2RS,,LSHM400HE+RPR44WH,1,23.80,23.80,2026-07-21 13:01:06,amazon Dcvoltage,true
1092360000000,203-0731771-8025123,AMAZON,B0C7C8LWY9,,LSCY290NB+RPR44WH,1,15.79,15.79,2026-07-21 13:44:28,amazon Dcvoltage,true
1092370000000,026-6809340-5969950,AMAZON,B0DH629QP2,,CL2TGLAPK,2,34.02,,2026-07-21 13:50:18,amazon Dcvoltage,true
1092380000000,202-3072293-5065939,AMAZON,B08XC25WCD,,CL3TBMAPK,1,20.99,20.99,2026-07-21 14:03:39,amazon Dcvoltage,true
1092390000000,202-6337659-3376338,AMAZON,B0DBWRBK6J,,CL2RBKAPK,1,17.79,17.79,2026-07-21 14:12:28,amazon Dcvoltage,true
1092400000000,026-3916837-1405118,AMAZON,B0CTC7XPNX,,CRSF100BM+LHNSE27YB+SCRN70BM+LSFT220BG,1,18.99,18.99,2026-07-21 15:04:52,amazon Dcvoltage,true
1092410000000,205-2811441-1947527,AMAZON,B096FPKPNQ,,ENC685,1,54.89,54.89,2026-07-21 15:16:27,amazon Dcvoltage,true
1092420000000,205-9881435-0268358,AMAZON,B0CBLWLZ4W,,WCWDBM2PK+RPR44WH2PK,1,14.89,14.89,2026-07-21 16:32:02,amazon Dcvoltage,true
1092430000000,026-7729456-6244302,AMAZON,B0CTC7XPNX,,CRSF100BM+LHNSE27YB+SCRN70BM+LSFT220BG,2,37.98,,2026-07-21 17:38:39,amazon Dcvoltage,true
1092440000000,203-4222896-8697122,AMAZON,B08XBYXQC6,,CL3TBRAPK,1,19.89,19.89,2026-07-21 17:43:18,amazon Dcvoltage,true
1092450000000,203-5482939-2727544,AMAZON,B0CPBXMLYW,,LSCY290CH+RPR44WH RAMZ,1,16.89,16.89,2026-07-21 18:01:49,amazon Dcvoltage,true
1092460000000,203-6029097-6372310,AMAZON,B08TX216Y4,,LSMS320BD+RPR44WH,1,14.99,14.99,2026-07-21 18:14:04,amazon Dcvoltage,true
1092470000000,026-8672135-6710743,AMAZON,B0CBLWLZ4W,,WCWDBM2PK+RPR44WH2PK,1,14.89,,2026-07-21 18:21:45,amazon Dcvoltage,true
1092480000000,202-2476966-9196353,AMAZON,B0C7C8LWY9,,LSCY290NB+RPR44WH,1,15.79,15.79,2026-07-21 18:54:13,amazon Dcvoltage,true
1092490000000,204-6837796-5073965,AMAZON,B0BZ514CFP,,ENC1290,1,17.79,,2026-07-21 19:05:55,amazon Dcvoltage,true
1092500000000,026-9293239-1705907,AMAZON,B0BNVPMZ2X,,LHC6E27WH,1,5.79,5.79,2026-07-21 19:30:13,amazon Dcvoltage,true
1092510000000,203-5018047-1101118,AMAZON,B0CYZVX28V,,LSCY290CO2PK+RPR44WH2PK,1,31.79,,2026-07-21 20:12:49,amazon Dcvoltage,true
1092520000000,206-4125792-4247516,AMAZON,B08VGPPQ48,,LSCY290GY+RPR44WH,1,15.29,15.29,2026-07-21 21:24:05,amazon Dcvoltage,true
1092530000000,204-4312619-2584337,AMAZON,B0DFHMC949,,LSCY290BI+RPR44WH-,1,15.29,15.29,2026-07-21 22:09:33,amazon Dcvoltage,true
1092540000000,203-5562664-0179527,AMAZON,B0CDWVF7VV,,PSHYOS4WRWH,1,14.09,14.09,2026-07-21 01:34:55,amazon Ledsone,true
1092550000000,206-8295206-0639542,AMAZON,B08S44XNJF,,CRSF100BC+LHNSE27YB+SCRN70BC+LSWD360BC,2,52.38,52.38,2026-07-21 07:41:13,amazon Ledsone,true
1092560000000,206-8665414-5874727,AMAZON,B0CCL729S8,,ENC1313,1,21.41,21.41,2026-07-21 09:11:30,amazon Ledsone,true
1092570000000,202-5093567-6765957,AMAZON,B0BB34G298,,CL2RBK5PK,1,12.09,,2026-07-21 09:50:20,amazon Ledsone,true
1092580000000,206-7122901-4454717,AMAZON,B084C3LZ91,,PLWEFBM+LDMST64E274,1,24.89,24.89,2026-07-21 09:57:32,amazon Ledsone,true
1092590000000,202-4820425-0765161,AMAZON,B0F2919THD,,LSCY290CO+RPR44WH,1,18.19,,2026-07-21 10:28:40,amazon Ledsone,true
1092600000000,205-2475471-3500349,AMAZON,B0CW5RLSQL,,CRFF105GB2PK+HK10GB2PK,1,13.79,13.79,2026-07-21 11:42:56,amazon Ledsone,true
1092610000000,204-1500914-7114712,AMAZON,B0D7ZTRLBH,,LSCY290BM2PK+RPR44WH2PK,3,77.67,77.67,2026-07-21 11:53:38,amazon Ledsone,true
1092620000000,206-1037644-7025109,AMAZON,B0F1NBC76Q,,CL3RYE5PK,1,10.49,10.49,2026-07-21 12:36:11,amazon Ledsone,true
1092630000000,205-3414798-0011541,AMAZON,B0BC1CYP2F,,CL3RBMAPK,1,22.88,,2026-07-21 12:39:41,amazon Ledsone,true
1092640000000,203-4861500-0820337,AMAZON,B094R3M2DC,,PLADBM,1,44.89,44.89,2026-07-21 13:39:42,amazon Ledsone,true
1092650000000,026-0230941-1233960,AMAZON,B0B8VWLDFP,,LDSG125MUE2742PK,2,38.74,40.44,2026-07-21 15:07:13,amazon Ledsone,true
1092660000000,204-2824116-5455513,AMAZON,B0FKMB9NWG,,CRFF108BM2PK+LHTKE27BA2PK,1,18.29,,2026-07-21 15:08:03,amazon Ledsone,true
1092670000000,204-3865928-6614705,AMAZON,B0C7CXWH4S,,CNP1000CO3PK,1,11.79,11.79,2026-07-21 16:05:30,amazon Ledsone,true
1092680000000,203-4348986-3880369,AMAZON,B0D7S1FK1Q,,LSMS320GR2PK+RPR44WH2PK,1,25.79,,2026-07-21 16:31:31,amazon Ledsone,true
1092690000000,206-8200963-9261120,AMAZON,B0CGZQV9Y7,,LSMCSPFLMC+RPR44WH,1,24.89,24.89,2026-07-21 16:57:33,amazon Ledsone,true
1092710000000,206-0003803-9781929,AMAZON,B0DF2WV971,,LHC5E27WH2PK,1,12.08,12.08,2026-07-21 17:20:08,amazon Ledsone,true
1092720000000,206-8201161-9242756,AMAZON,B0CCJ2NWRP,,SPSDP2BM5PK,1,17.79,,2026-07-21 18:54:53,amazon Ledsone,true
1092730000000,204-9646579-5705934,AMAZON,B0B9SF386M,,CL2TWH5PK,1,13.69,13.69,2026-07-21 19:04:10,amazon Ledsone,true
1092740000000,206-5109007-2135568,AMAZON,B0B8VVQDZR,,LDSG125LOE2742PK,1,15.29,,2026-07-21 19:08:10,amazon Ledsone,true
1092750000000,206-9392316-3158749,AMAZON,B0B82Y8Q8N,,PHSF1GDRFG,2,27.88,29.62,2026-07-21 19:31:46,amazon Ledsone,true
1092760000000,026-7860815-2458758,AMAZON,B0DCDSZ719,,LDSG95DIE2743PK,1,22.99,,2026-07-21 19:54:14,amazon Ledsone,true
1092770000000,203-5492040-9884310,AMAZON,B0CBMQZ8P6,,PHSF2BMRBM+SPSDP2BM,1,13.89,13.89,2026-07-21 20:16:16,amazon Ledsone,true
1092780000000,203-1012998-5326709,AMAZON,B0C3ZT3VR1,,LSCY290BD+RPR44WH,1,14.89,14.89,2026-07-21 20:22:32,amazon Ledsone,true
1092790000000,202-4682331-0635539,AMAZON,B0BLZHCRGZ,,LDMG95E2746PK,1,18.59,,2026-07-21 20:29:22,amazon Ledsone,true
1092810000000,204-1657906-4287508,AMAZON,B0B7SLHYYK,,amzn.gr.PHSF1ROTRO-xSZwNI6Cgw7YqNmsG--LN,1,11.43,,2026-07-21 22:13:31,amazon Ledsone,true
1092820000000,202-2708753-1849148,AMAZON,B0CW5RLSQL,,CRFF105GB2PK+HK10GB2PK,1,13.79,13.79,2026-07-21 22:39:06,amazon Ledsone,true
1093970000000,205-3338365-0551540,AMAZON,B0FZCRB2RS,,LSHM400HE+RPR44WH,5,595.00,119.00,2026-07-21 13:01:06,amazon Dcvoltage,true
1094550000000,026-3936197-8897114,AMAZON,B096FPKPNQ,,ENC685,1,44.89,44.89,2026-07-22 06:22:28,amazon Dcvoltage,true
1094560000000,205-0015506-2166715,AMAZON,B0DBWY3P4Q,,CL2RBMAPK,2,34.21,36.78,2026-07-22 06:49:36,amazon Dcvoltage,true
1094580000000,203-3029225-9674753,AMAZON,B0CL1BB5GB,,ENC5535,2,83.78,,2026-07-22 07:21:00,amazon Dcvoltage,true
1094590000000,204-2087445-8831506,AMAZON,B0CB8D5MMC,,LSMS320GY+RPR44WH,1,14.99,,2026-07-22 08:21:27,amazon Dcvoltage,true
1094600000000,203-5859806-4167533,AMAZON,B0DH96KQ88,,CL3TOR5PK,1,11.89,11.89,2026-07-22 08:58:42,amazon Dcvoltage,true
1094610000000,205-4534023-0076316,AMAZON,B0DFHMDZYQ,,LSCY290NB+RPR44WH,1,15.09,15.09,2026-07-22 09:00:50,amazon Dcvoltage,true
1094620000000,204-9262589-4633925,AMAZON,B0CRZ25PXP,,LSCY290BC,1,15.89,15.89,2026-07-22 09:16:15,amazon Dcvoltage,true
1094630000000,204-9509465-2382701,AMAZON,B08VGPPQ48,,LSCY290GY+RPR44WH,1,15.29,15.29,2026-07-22 12:47:59,amazon Dcvoltage,true
1094640000000,206-4388819-9117913,AMAZON,B08X4J9CQ1,,CRSF100BM+LHNSE27CO+SCRN70CO+LSFT220ORAM,2,32.72,,2026-07-22 13:15:16,amazon Dcvoltage,true
1094650000000,026-2449652-6671544,AMAZON,B08V5MK449,,CRSF100BM+PHCH1BMRBM+LSCY290BM,1,19.06,20.49,2026-07-22 13:21:15,amazon Dcvoltage,true
1094660000000,204-2019895-8065937,AMAZON,B0CPBX49HJ,,LSCY290GR+RPR44WH,1,15.89,,2026-07-22 14:23:08,amazon Dcvoltage,true
1094670000000,026-8029806-0494753,AMAZON,B08XC25WCD,,CL3TBMAPK,1,20.99,,2026-07-22 14:55:50,amazon Dcvoltage,true
1094680000000,026-8076484-8761157,AMAZON,B0FX2Q2VVY,,LSCYRO120GD2PK+RPR44WH2PK,1,21.29,,2026-07-22 15:48:30,amazon Dcvoltage,true
1094690000000,205-1699228-7187538,AMAZON,B0CS9QXNXQ,,LSDO210BG3PK+RPR44WH3PK,1,29.89,29.89,2026-07-22 15:51:15,amazon Dcvoltage,true
1094710000000,203-8660048-1712345,AMAZON,B0GCZQVHRF,,CRFF100BM+LHNSE27BM+ICST64E27,1,16.99,16.99,2026-07-22 17:13:36,amazon Dcvoltage,true
1094720000000,203-7940493-6428309,AMAZON,B0BNXHF2BR,,CRSF100CO+PHSH1PBRCO+LSDO300CO,1,17.99,,2026-07-22 17:42:27,amazon Dcvoltage,true
1094730000000,206-4460070-0270768,AMAZON,B0CKWMGD1M,,CL3RBR5PK,1,12.99,12.99,2026-07-22 18:02:05,amazon Dcvoltage,true
1094740000000,202-6421008-1265111,AMAZON,B0D6YF7VPY,,CCGNNWE48,1,9.79,9.79,2026-07-22 18:05:47,amazon Dcvoltage,true
1094750000000,204-0691993-3582702,AMAZON,B0BZ4ZRNCC,,ENC1291,1,18.89,18.89,2026-07-22 18:12:40,amazon Dcvoltage,true
1094760000000,203-4713424-8703535,AMAZON,B0CRZ5GV66,,LSCY290YB+RPR44WH,1,21.88,,2026-07-22 20:38:48,amazon Dcvoltage,true
1094770000000,026-3930471-5291524,AMAZON,B0FZCRB2RS,,LSHM400HE+RPR44WH,1,32.98,27.99,2026-07-22 20:55:36,amazon Dcvoltage,true
1094800000000,206-6290145-4048312,AMAZON,B0CBMQZ8P6,,PHSF2BMRBM+SPSDP2BM,1,20.04,,2026-07-22 00:14:58,amazon Ledsone,true
1094810000000,202-9866636-3329924,AMAZON,B0BBS3RDGZ,,CL3TLBAPK,1,21.69,21.69,2026-07-22 08:50:52,amazon Ledsone,true
1094820000000,204-0727712-4000364,AMAZON,B0D299LXGP,,LSCY290RR+RPR44WH,1,15.89,15.89,2026-07-22 09:04:22,amazon Ledsone,true
1094830000000,026-0834804-5908364,AMAZON,B0CHRVWSBM,,CL3RBM5PK,1,11.99,11.99,2026-07-22 09:55:22,amazon Ledsone,true
1094840000000,026-3242290-6307526,AMAZON,B0D3X4WHGV,,CCBKNWE482PK,3,44.61,47.40,2026-07-22 10:21:03,amazon Ledsone,true
1094850000000,205-4269306-6204315,AMAZON,B0CHRVWSBM,,CL3RBM5PK,1,11.99,11.99,2026-07-22 12:15:54,amazon Ledsone,true
1094860000000,205-8778417-3117163,AMAZON,B0CBMQZ8P6,,PHSF2BMRBM+SPSDP2BM,1,13.89,13.89,2026-07-22 13:00:21,amazon Ledsone,true
1094870000000,206-6584011-8565123,AMAZON,B0F2919THD,,LSCY290CO+RPR44WH,1,18.19,18.19,2026-07-22 13:10:48,amazon Ledsone,true
1094880000000,203-3819897-5930732,AMAZON,B093Y224LS,,CRSF100BM+PHHT1PBRBM+LSHM400HE,2,58.33,,2026-07-22 13:43:27,amazon Ledsone,true
1094890000000,026-9985700-9677167,AMAZON,B0DXQ7YWGJ,,LSCY290YB2PK+RPR44WH2PK,1,26.69,26.69,2026-07-22 13:47:14,amazon Ledsone,true
1094900000000,204-7004737-6673136,AMAZON,B0F7QWMBLY,,CL3TGLAPK,1,19.69,,2026-07-22 13:47:54,amazon Ledsone,true
1094910000000,206-8617746-4488354,AMAZON,B0CZXL6ZYG,,TPOSBDBM,1,22.99,22.99,2026-07-22 13:56:37,amazon Ledsone,true
1094920000000,205-9102003-8970725,AMAZON,B0CHRVWSBM,,CL3RBM5PK,1,11.99,,2026-07-22 15:57:12,amazon Ledsone,true
1094930000000,204-7732011-0733165,AMAZON,B0BB34B2QY,,CL2RBR5PK,2,27.58,,2026-07-22 16:07:41,amazon Ledsone,true
1094940000000,203-1574803-1909140,AMAZON,B0DXQ53JQF,,LSCY290CH2PK+RPR44WH2PK,1,26.89,26.89,2026-07-22 16:22:52,amazon Ledsone,true
1094950000000,204-5568025-7097109,AMAZON,B0F2919THD,,LSCY290CO+RPR44WH,2,36.38,36.38,2026-07-22 16:42:50,amazon Ledsone,true
1094960000000,026-5462459-1429903,AMAZON,B0B9Y5MRSK,,CL3TGD5PK,1,12.99,,2026-07-22 17:58:34,amazon Ledsone,true
1094970000000,203-2027658-5877128,AMAZON,B0GMHQTBSQ,,LHXSHE27BM2PK,1,14.69,14.69,2026-07-22 18:23:54,amazon Ledsone,true
1094980000000,026-9795865-3201926,AMAZON,B0F9YXR763,,PSFW4RBW,1,11.79,11.79,2026-07-22 19:29:11,amazon Ledsone,true
1094990000000,204-5761697-1878737,AMAZON,B09WJC8S2P,,CRFF140YB+WSNW170YB+LSOL220YB+ICST64E27,1,20.89,20.89,2026-07-22 20:19:28,amazon Ledsone,true
1095000000000,202-9257776-3893905,AMAZON,B0BWNQVZTJ,,PLTABC,2,36.81,39.12,2026-07-22 20:40:25,amazon Ledsone,true
1095010000000,205-2051227-9324333,AMAZON,B0BBS1VR82,,CL3THEAPK,1,20.79,20.79,2026-07-22 20:46:49,amazon Ledsone,true
1095020000000,205-4310638-7617144,AMAZON,B0CHRVWSBM,,CL3RBM5PK,1,11.99,11.99,2026-07-22 20:51:10,amazon Ledsone,true
1095030000000,205-5828598-0985122,AMAZON,B0BBS6B82P,,CL3TBMAPK,1,20.99,20.99,2026-07-22 21:05:59,amazon Ledsone,true
1095040000000,206-2635768-9013127,AMAZON,B07CM1B86W,,12IP67150,1,19.99,,2026-07-22 23:43:35,amazon Ledsone,true
1096550000000,205-8367487-6837129,AMAZON,B07L8GPT85,,CL3TGY5PK,1,12.99,12.99,2026-07-23 08:07:23,amazon Dcvoltage,true
1096560000000,202-3399105-1230721,AMAZON,B0D9RWB87Q,,ENC7499,1,47.89,47.89,2026-07-23 08:24:06,amazon Dcvoltage,true
1096570000000,026-6114334-4775506,AMAZON,B0CXSS7XYX,,amzn.gr.LSCY290WH2PK_RPR44WH2P-g7RX4I-VG,1,23.21,20.71,2026-07-23 09:25:19,amazon Dcvoltage,true
1096580000000,206-4366400-8629164,AMAZON,B0915XVRMG,,CRSF100BM+LHNSE27CO+SCRN70CO+LSFT220YB,1,17.29,17.29,2026-07-23 10:09:18,amazon Dcvoltage,true
1096590000000,202-8168115-5640331,AMAZON,B08VGMKHT7,,LSCY290BM+RPR44WH,1,17.15,15.49,2026-07-23 10:30:35,amazon Dcvoltage,true
1096600000000,203-4455365-4697902,AMAZON,B08VGHVH8R,,LSCY290BC+RPR44WH,1,15.89,15.89,2026-07-23 10:37:12,amazon Dcvoltage,true
1096610000000,026-8373803-4047522,AMAZON,B07L8HQG6Y,,CL3TGD5PK,1,13.99,13.99,2026-07-23 11:49:24,amazon Dcvoltage,true
1096620000000,205-2890739-2705154,AMAZON,B0DH9BSF4C,,CL3TBM5PK,1,13.09,13.09,2026-07-23 12:29:45,amazon Dcvoltage,true
1096630000000,205-2256280-1794764,AMAZON,B0C6LV14PT,,12UK3P2A,1,11.58,6.59,2026-07-23 12:58:53,amazon Dcvoltage,true
1096650000000,202-5843883-1814715,AMAZON,B0D2TCJKT7,,LSCY290OR2PK+RPR44WH2PK,1,23.89,23.89,2026-07-23 15:00:53,amazon Dcvoltage,true
1096660000000,203-8159188-7738759,AMAZON,B0D53FZ8GS,,WCB2WH2PK+RPR44WH2PK,1,15.89,15.89,2026-07-23 15:11:18,amazon Dcvoltage,true
1096670000000,203-0762178-0706731,AMAZON,B08XBYXQC6,,CL3TBRAPK,1,19.89,,2026-07-23 15:31:32,amazon Dcvoltage,true
1096680000000,203-5502708-3469911,AMAZON,B08VGRJM38,,LSCY290BS+RPR44WH,1,15.39,15.39,2026-07-23 15:40:46,amazon Dcvoltage,true
1096690000000,205-8169530-1365113,AMAZON,B07F9SH71F,,LDMG95E274,1,5.69,,2026-07-23 15:47:47,amazon Dcvoltage,true
1096700000000,204-9281594-4779521,AMAZON,B0C6LV14PT,,12UK3P2A,1,11.58,6.59,2026-07-23 16:10:54,amazon Dcvoltage,true
1096710000000,203-3810370-6230710,AMAZON,B0C6LV14PT,,12UK3P2A,1,6.59,6.59,2026-07-23 16:12:42,amazon Dcvoltage,true
1096720000000,202-0640111-7876317,AMAZON,B0BWJWGXD4,,LSCY210BG+RPR44WH,1,12.09,12.09,2026-07-23 16:15:06,amazon Dcvoltage,true
1096730000000,202-0640111-7876317,AMAZON,B0BWJWGXD4,,amzn.gr.LSCY210BG_RPR44WH_X-PdcugXqko-VG,1,9.67,9.67,2026-07-23 16:15:06,amazon Dcvoltage,true
1096740000000,202-9926935-0276304,AMAZON,B08XC25WCD,,CL3TBMAPK,1,20.99,20.99,2026-07-23 17:33:29,amazon Dcvoltage,true
1096750000000,205-8425149-2035539,AMAZON,B0C6LV14PT,,12UK3P2A,2,12.26,,2026-07-23 18:40:26,amazon Dcvoltage,true
1096760000000,206-0739618-5748365,AMAZON,B08V5MK449,,CRSF100BM+PHCH1BMRBM+LSCY290BM,1,19.06,20.49,2026-07-23 19:25:28,amazon Dcvoltage,true
1096770000000,203-6046087-9136312,AMAZON,B0965HZJGN,,ENC686,2,98.98,,2026-07-23 19:54:49,amazon Dcvoltage,true
1096780000000,202-8991677-0298767,AMAZON,B08VGMKHT7,,LSCY290BM+RPR44WH,1,15.49,,2026-07-23 20:08:48,amazon Dcvoltage,true
1096790000000,026-7167752-7555529,AMAZON,B0F48LNB6J,,RWWPSY1080YE,1,8.89,8.89,2026-07-23 20:09:31,amazon Dcvoltage,true
1096800000000,205-7977636-5467549,AMAZON,B0CPBXJMSS,,LSCY290OR+RPR44WH,1,15.89,,2026-07-23 21:43:44,amazon Dcvoltage,true
1096810000000,206-4031352-6253934,AMAZON,B08TX2837H,,LSMS320BI+RPR44WH,1,14.89,,2026-07-23 22:10:47,amazon Dcvoltage,true
1096830000000,203-6074578-9167539,AMAZON,B0CBMQZ8P6,,PHSF2BMRBM+SPSDP2BM,1,13.89,13.89,2026-07-23 09:27:49,amazon Ledsone,true
1096840000000,202-8389383-2805950,AMAZON,B0F9X1GLK8,,CL3THEAPK,1,19.99,19.99,2026-07-23 09:38:38,amazon Ledsone,true
1096850000000,204-4934269-9401154,AMAZON,B07CQ1JXSP,,dc12IP6760,1,14.99,14.99,2026-07-23 11:51:07,amazon Ledsone,true
1096860000000,026-9402851-7168368,AMAZON,B09M78BQYX,,CRSF100BC+PHCH1PBRBC+LSCY290BC,2,35.78,,2026-07-23 13:12:18,amazon Ledsone,true
1096870000000,202-6992185-9333931,AMAZON,B0GMHQTBSQ,,LHXSHE27BM2PK,1,14.69,14.69,2026-07-23 13:26:43,amazon Ledsone,true
1096880000000,205-8715768-6929123,AMAZON,B0C3ZTBRHZ,,LSCY290BM+RPR44WH,1,14.89,14.89,2026-07-23 13:48:24,amazon Ledsone,true
1096890000000,202-4623988-5581147,AMAZON,B0B9Y5MRSK,,CL3TGD5PK,1,15.38,,2026-07-23 14:21:29,amazon Ledsone,true
1096900000000,204-4675530-1272334,AMAZON,B0C3ZTR2VC,,LSCY290CH+RPR44WH,1,16.29,16.29,2026-07-23 15:02:48,amazon Ledsone,true
1096910000000,204-1950671-2633138,AMAZON,B093T37BQ8,,LSMS320OR+RPR44WH,1,14.99,14.99,2026-07-23 15:47:38,amazon Ledsone,true
1096920000000,206-6003395-1555501,AMAZON,B0CHW3Q9VG,,CRSF100YB+PHCHPCRYB+LSCY290YB,1,23.09,23.09,2026-07-23 17:20:35,amazon Ledsone,true
1096930000000,206-6217719-8768305,AMAZON,B0C3ZTBRHZ,,LSCY290BM+RPR44WH,1,14.89,14.89,2026-07-23 17:21:29,amazon Ledsone,true
1096940000000,202-2195851-6917914,AMAZON,B0D3X4WHGV,,CCBKNWE482PK,1,15.99,15.99,2026-07-23 17:40:08,amazon Ledsone,true
1096950000000,204-1950911-9612327,AMAZON,B0FY5PN96J,,PHUH2HETBM,1,18.29,18.29,2026-07-23 17:40:18,amazon Ledsone,true
1096960000000,203-5036081-6712329,AMAZON,B0979H9NHS,,CNP1000FG,1,4.09,,2026-07-23 17:54:13,amazon Ledsone,true
1096970000000,206-7427643-5163513,AMAZON,B0CW5RLSQL,,CRFF105GB2PK+HK10GB2PK,2,26.20,27.35,2026-07-23 18:01:37,amazon Ledsone,true
1096980000000,026-7705274-6352355,AMAZON,B0B9Y5MRSK,,CL3TGD5PK,1,12.99,,2026-07-23 18:33:53,amazon Ledsone,true
1096990000000,202-9606061-1796358,AMAZON,B0BB3NVM9D,,CL2RGD5PK,1,13.79,13.79,2026-07-23 20:44:07,amazon Ledsone,true
1097000000000,026-4111875-7440330,AMAZON,B0DXQ727KG,,LSCY290RE2PK+RPR44WH2PK,1,25.89,25.89,2026-07-23 22:57:08,amazon Ledsone,true
1098390000000,206-2072536-8937113,AMAZON,B0CH39MWRF,,WSOSBDBM,1,19.59,19.59,2026-07-24 00:18:19,amazon Dcvoltage,true
1098400000000,202-1629438-7917101,AMAZON,B0CTC7XPNX,,CRSF100BM+LHNSE27YB+SCRN70BM+LSFT220BG,1,18.99,18.99,2026-07-24 07:01:48,amazon Dcvoltage,true
1098410000000,206-2412195-6818723,AMAZON,B0BWJWGXD4,,LSCY210BG+RPR44WH,2,24.18,24.18,2026-07-24 08:35:15,amazon Dcvoltage,true
1098420000000,026-0875774-8132327,AMAZON,B0CZNRG7H7,,LSSS300CO2PK+RPR44WH2PK,1,24.89,,2026-07-24 08:39:50,amazon Dcvoltage,true
1098430000000,026-9670984-7530752,AMAZON,B0BNVPMZ2X,,LHC6E27WH,1,5.79,5.79,2026-07-24 10:21:56,amazon Dcvoltage,true
1098440000000,026-5325662-2706767,AMAZON,B0C9TSHB33,,amzn.gr.LSCY210BM_RPR44WH_G-VGYm9Ah4B-VG,1,11.03,11.03,2026-07-24 12:11:17,amazon Dcvoltage,true
1098450000000,203-0606937-0598715,AMAZON,B0D5BFMF7Z,,LSMS320RE2PK+RPR44WH2PK,2,47.97,,2026-07-24 13:30:05,amazon Dcvoltage,true
1098460000000,204-4609576-7284322,AMAZON,B0G4QXV4B3,,CRSF100BC+PHHF1PBRBC+LSWD360BC,1,20.89,,2026-07-24 14:28:20,amazon Dcvoltage,true
1098470000000,203-1123264-4661913,AMAZON,B08X9WV762,,PSDS4BMRBU,1,14.29,14.29,2026-07-24 14:35:36,amazon Dcvoltage,true
1098490000000,206-5955295-6972354,AMAZON,B0FX2TFPZM,,LSCYRO120WH2PK+RPR44WH2PK,1,22.79,22.79,2026-07-24 16:23:17,amazon Dcvoltage,true
1098500000000,206-4997064-6319565,AMAZON,B0DH96KQ88,,CL3TOR5PK,1,11.89,11.89,2026-07-24 16:51:39,amazon Dcvoltage,true
1098510000000,202-8804193-3494715,AMAZON,B08VGMKHT7,,LSCY290BM+RPR44WH,1,15.49,15.49,2026-07-24 17:01:49,amazon Dcvoltage,true
1098520000000,203-5389366-3230718,AMAZON,B0FQVFP61X,,CRFF108BM+PHRI1PBRBA+LSCY290BI,2,34.02,36.58,2026-07-24 18:52:05,amazon Dcvoltage,true
1098530000000,204-6026291-3556330,AMAZON,B0CYZVX28V,,amzn.gr.LSCY290CO2PK_RPR44WH2P-UGsgBc-VG,1,30.42,,2026-07-24 19:32:40,amazon Dcvoltage,true
1098540000000,206-5466244-5237910,AMAZON,B096FPKPNQ,,ENC685,1,54.89,54.89,2026-07-24 19:40:14,amazon Dcvoltage,true
1098550000000,204-0188143-0251516,AMAZON,B0CYZVX28V,,LSCY290CO2PK+RPR44WH2PK,1,31.79,,2026-07-24 20:26:56,amazon Dcvoltage,true
1098560000000,205-2059444-1929926,AMAZON,B0BBB5C64C,,CL3RWH5PK,1,12.69,12.69,2026-07-24 05:35:04,amazon Ledsone,true
1098570000000,026-4959697-6963556,AMAZON,B0CV5D2N3N,,LDSG95DIE2742PK,1,15.89,15.89,2026-07-24 06:36:55,amazon Ledsone,true
1098580000000,202-7904710-2159564,AMAZON,B0F2FQNWTJ,,LPSQ5W6PK,1,25.48,20.49,2026-07-24 06:53:02,amazon Ledsone,true
1098590000000,205-7482702-0161942,AMAZON,B099FFBHBR,,amzn.gr.CRSF100YB_LHNSE27YB_SC-dMftMt-VG,1,17.92,17.92,2026-07-24 07:48:27,amazon Ledsone,true
1098600000000,026-8007045-4851529,AMAZON,B0963P71QD,,CRFF500BM+PHRI1PBRCO3PK+LSOL220CO3PK,1,34.56,34.56,2026-07-24 07:51:49,amazon Ledsone,true
1098610000000,203-1521125-1313164,AMAZON,B0C2CXYHRL,,amzn.gr.ENC1917_AM-gM6q0htzGmdD2o-UU9-LN,1,13.48,,2026-07-24 09:13:50,amazon Ledsone,true
1098620000000,203-7620249-2366743,AMAZON,B0F9WZLZDH,,CL2TBMAPK,1,19.99,19.99,2026-07-24 11:10:10,amazon Ledsone,true
1098630000000,202-6003864-3953153,AMAZON,B094DN1XL1,,PLADBC,1,45.99,45.99,2026-07-24 11:10:44,amazon Ledsone,true
1098640000000,206-4245454-1086714,AMAZON,B0BBS3RDGZ,,CL3TLBAPK,1,22.23,22.23,2026-07-24 11:41:51,amazon Ledsone,true
1098650000000,206-4611321-5172366,AMAZON,B0GW7VBY3J,,LHSWPBB22GD,1,9.69,,2026-07-24 11:49:54,amazon Ledsone,true
1098660000000,205-7890470-4095515,AMAZON,B0CW5RLSQL,,CRFF105GB2PK+HK10GB2PK,1,13.79,13.79,2026-07-24 11:54:33,amazon Ledsone,true
1098670000000,206-9075537-0842702,AMAZON,B0GDDXRR5K,,LDMT185E2735PK,2,31.80,,2026-07-24 12:12:46,amazon Ledsone,true
1098680000000,205-4164386-5125911,AMAZON,B0CV5D2N3N,,LDSG95DIE2742PK,1,15.89,15.89,2026-07-24 12:37:02,amazon Ledsone,true
1098700000000,205-3181250-6596320,AMAZON,B095Z3GZFK,,amzn.gr.CRFF500BM_PHRI1PBRYB3P-byaIOG-LN,1,26.23,26.23,2026-07-24 14:26:57,amazon Ledsone,true
1098710000000,205-0687181-7092330,AMAZON,B0GW84WQXL,,LHSWPBB22SN,1,9.59,9.59,2026-07-24 14:44:06,amazon Ledsone,true
1098720000000,202-0185855-5362759,AMAZON,B0B9Y5MRSK,,CL3TGD5PK,1,12.99,,2026-07-24 15:04:03,amazon Ledsone,true
1098730000000,204-1927226-1147524,AMAZON,B0B2K8J9W5,,LHC3E27WH5PK,1,13.89,13.89,2026-07-24 15:30:04,amazon Ledsone,true
1098740000000,206-0807878-8168368,AMAZON,B0F9WZZ52L,,CL3TBMAPK,1,20.99,,2026-07-24 16:40:51,amazon Ledsone,true
1098750000000,202-0358396-0402764,AMAZON,B09479HV6W,,LDMG95E2783PK,1,14.09,14.09,2026-07-24 17:36:19,amazon Ledsone,true
1098760000000,206-8463345-2970768,AMAZON,B0GZND9ZR6,,LHSWPBB22GD2PK,2,29.38,,2026-07-24 17:38:37,amazon Ledsone,true
1098770000000,026-4904768-5806724,AMAZON,B0GW7VBY3J,,LHSWPBB22GD,1,9.69,,2026-07-24 19:05:13,amazon Ledsone,true
1098780000000,204-6265172-9068301,AMAZON,B0B82Y8Q8N,,PHSF1GDRFG,1,14.99,14.99,2026-07-24 19:59:19,amazon Ledsone,true
1098790000000,202-5473949-0961169,AMAZON,B0DCNWF2D4,,PHSF2BMRBM2PK+SPSDP2BM2PK,1,29.79,29.79,2026-07-24 20:53:57,amazon Ledsone,true
1098800000000,202-9506746-4505951,AMAZON,B0C3ZTBRHZ,,LSCY290BM+RPR44WH,2,29.78,,2026-07-24 23:54:35,amazon Ledsone,true
1098810000000,204-5346694-8874756,AMAZON,B0D7S58RX5,,LSMS320CB+RPR44WH,1,14.99,,2026-07-24 23:55:18,amazon Ledsone,true
1100120000000,026-7979974-3668304,AMAZON,B07F9SH71F,,LDMG95E274,1,5.69,,2026-07-25 05:16:43,amazon Dcvoltage,true
1100130000000,206-1652007-0679506,AMAZON,B0FHPMM3WZ,,CRFF100CO2PK+LHNSE27CO2PK,1,23.89,23.89,2026-07-25 07:31:18,amazon Dcvoltage,true
1100140000000,204-3529489-0120347,AMAZON,B0DP264BLC,,12UK3P10A,1,17.89,17.89,2026-07-25 08:57:50,amazon Dcvoltage,true
1100150000000,204-0314532-6721911,AMAZON,B08VGMKHT7,,LSCY290BM+RPR44WH,1,15.49,,2026-07-25 09:47:58,amazon Dcvoltage,true
1100160000000,206-1982136-7036349,AMAZON,B0CZNJPQMW,,amzn.gr.LSSS300BL2PK_RPR44WH2P-TZpzJU-VG,1,19.11,,2026-07-25 09:49:25,amazon Dcvoltage,true
1100170000000,205-9867561-9257932,AMAZON,B0CXSQZ68C,,LSCY290BD2PK+RPR44WH2PK,1,25.89,25.89,2026-07-25 10:13:00,amazon Dcvoltage,true
1100180000000,205-0623659-6644334,AMAZON,B07L8HQG6Y,,CL3TGD5PK,1,13.99,13.99,2026-07-25 10:23:37,amazon Dcvoltage,true
1100190000000,026-8101766-6017169,AMAZON,B0BNVPMZ2X,,LHC6E27WH,1,5.79,5.79,2026-07-25 10:51:10,amazon Dcvoltage,true
1100200000000,204-6536553-0996347,AMAZON,B08V5MK449,,CRSF100BM+PHCH1BMRBM+LSCY290BM,1,19.06,20.49,2026-07-25 12:01:08,amazon Dcvoltage,true
1100210000000,204-1368523-7007563,AMAZON,B07CRTS1LD,,12IP67100,1,14.49,14.49,2026-07-25 12:31:29,amazon Dcvoltage,true
1100220000000,202-5483779-7523558,AMAZON,B0CS9PS8J3,,LSCY210BG3PK+RPR44WH3PK,3,98.67,32.89,2026-07-25 13:48:31,amazon Dcvoltage,true
1100230000000,205-0695401-0352307,AMAZON,B07F9SH71F,,LDMG95E274,1,5.69,,2026-07-25 14:45:45,amazon Dcvoltage,true
1100240000000,202-9331305-1886702,AMAZON,B0CH39MWRF,,WSOSBDBM,1,19.59,19.59,2026-07-25 15:05:56,amazon Dcvoltage,true
1100250000000,205-6613017-0713102,AMAZON,B0DFHMDZYQ,,LSCY290NB+RPR44WH,1,15.09,15.09,2026-07-25 15:33:09,amazon Dcvoltage,true
1100260000000,206-7258276-0214761,AMAZON,B0GW83X9F4,,LHSWPBB22GD,1,9.79,,2026-07-25 17:17:15,amazon Dcvoltage,true
1100270000000,203-3198033-7440358,AMAZON,B0CXT2NJD9,,LSMS320YE2PK+RPR44WH2PK,1,0.00,,2026-07-25 17:27:56,amazon Dcvoltage,true
1100280000000,203-3198033-7440358,AMAZON,B0D5BFGM4G,,LSMS320WH2PK+RPR44WH2PK,1,26.79,26.79,2026-07-25 17:27:56,amazon Dcvoltage,true
1100290000000,205-4436659-1113109,AMAZON,B07L8HQG6Y,,CL3TGD5PK,1,15.66,13.99,2026-07-25 17:50:39,amazon Dcvoltage,true
1100300000000,026-5555804-1285931,AMAZON,B08XBL5RJK,,PSDS4BMRBW,1,0.00,,2026-07-25 18:00:53,amazon Dcvoltage,true
1100310000000,026-5555804-1285931,AMAZON,B08XBL5RJK,,PSDS4BMRBW,1,14.07,14.07,2026-07-25 18:00:53,amazon Dcvoltage,true
1100320000000,026-3085732-1537141,AMAZON,B08X9Z14CG,,PSDS4BMRGY,1,14.07,14.07,2026-07-25 19:35:15,amazon Dcvoltage,true
1100330000000,206-9502681-4007502,AMAZON,B0C7CLVDHR,,LSCY290BI+RPR44WH,1,14.89,14.89,2026-07-25 20:01:21,amazon Dcvoltage,true
1100340000000,204-6140321-8829944,AMAZON,B0CTSVJKJ6,,LSMS320RE+RPR44WH,1,13.94,,2026-07-25 20:48:18,amazon Dcvoltage,true
1100360000000,204-6341862-9314721,AMAZON,B0CCHXR4X2,,SPSDP2WH3PK,1,13.89,13.89,2026-07-25 03:10:46,amazon Ledsone,true
1100370000000,206-1052800-2645911,AMAZON,B08S44XNJF,,amzn.gr.CRSF100BC_LHNSE27YB_SC-5pxvl9-VG,1,19.64,19.64,2026-07-25 05:17:23,amazon Ledsone,true
1100380000000,202-6869425-9173921,AMAZON,B0CHW3Q9VG,,CRSF100YB+PHCHPCRYB+LSCY290YB,1,23.09,,2026-07-25 06:06:51,amazon Ledsone,true
1100390000000,203-1434006-2905960,AMAZON,B0DP2RQWTH,,CRSF100BM+PHSH1PBRBM+LSCY290BC,1,23.89,23.89,2026-07-25 06:10:01,amazon Ledsone,true
1100400000000,206-1701566-4548357,AMAZON,B0BBS3NXFM,,CL3TBRAPK,2,41.78,,2026-07-25 07:09:33,amazon Ledsone,true
1100410000000,026-5412077-3658734,AMAZON,B094R3M2DC,,PLADBM,1,44.89,44.89,2026-07-25 08:57:03,amazon Ledsone,true
1100420000000,026-0772749-4644360,AMAZON,B0GDDXRR5K,,LDMT185E2735PK,1,16.39,16.39,2026-07-25 10:01:05,amazon Ledsone,true
1100430000000,206-5373346-4831533,AMAZON,B0C7CYXB9Y,,CNP1000GB3PK,1,11.69,,2026-07-25 10:33:29,amazon Ledsone,true
1100440000000,203-9584287-2926708,AMAZON,B094R3M2DC,,PLADBM,1,44.89,,2026-07-25 11:20:00,amazon Ledsone,true
1100450000000,026-7400602-9889945,AMAZON,B0963P71QD,,CRFF500BM+PHRI1PBRCO3PK+LSOL220CO3PK,1,34.56,34.56,2026-07-25 11:55:04,amazon Ledsone,true
1100460000000,203-6891873-5290746,AMAZON,B0CGZQV9Y7,,LSMCSPFLMC+RPR44WH,1,24.89,24.89,2026-07-25 12:07:28,amazon Ledsone,true
1100470000000,202-4260708-1299526,AMAZON,B0FKMB9NWG,,CRFF108BM2PK+LHTKE27BA2PK,1,18.29,18.29,2026-07-25 14:05:10,amazon Ledsone,true
1100480000000,203-7665089-3310748,AMAZON,B0BBS6B82P,,CL3TBMAPK,1,20.99,20.99,2026-07-25 14:12:18,amazon Ledsone,true
1100490000000,202-3221089-9473136,AMAZON,B0CCJ13D4W,,SPSDP2WH5PK,1,17.79,17.79,2026-07-25 14:13:52,amazon Ledsone,true
1100500000000,204-5251966-3194723,AMAZON,B0CW5RLSQL,,CRFF105GB2PK+HK10GB2PK,1,13.79,13.79,2026-07-25 14:24:45,amazon Ledsone,true
1100510000000,026-3653536-2196316,AMAZON,B094R3M2DC,,PLADBM,1,44.89,44.89,2026-07-25 14:33:52,amazon Ledsone,true
1100520000000,203-8215394-1731554,AMAZON,B0F28YFTQ9,,LSCY290BU+RPR44WH,1,14.79,14.79,2026-07-25 14:51:03,amazon Ledsone,true
1100530000000,202-0300562-9995554,AMAZON,B0BB32F8JN,,CL2RHE5PK,1,11.98,,2026-07-25 16:51:33,amazon Ledsone,true
1100540000000,206-5853007-5773116,AMAZON,B094R3M2DC,,PLADBM,1,44.89,44.89,2026-07-25 17:01:17,amazon Ledsone,true
1100550000000,204-7138198-2967514,AMAZON,B0CHW3Q9VG,,CRSF100YB+PHCHPCRYB+LSCY290YB,1,23.09,,2026-07-25 19:20:17,amazon Ledsone,true
1100560000000,204-5745224-2057957,AMAZON,B07CQLS5VT,,12IP6750,1,11.29,11.29,2026-07-25 20:46:58,amazon Ledsone,true
1100570000000,206-5690500-1030745,AMAZON,B09ZQH9GSB,,LHCCE27WH4PK,1,18.19,,2026-07-25 21:16:37,amazon Ledsone,true
1100580000000,202-5137785-5329964,AMAZON,B0BLZHCRGZ,,LDMG95E2746PK,1,18.59,18.59,2026-07-25 23:35:49,amazon Ledsone,true
1102030000000,205-4793399-4202739,AMAZON,B0BZ4YPVXF,,ENC1292,1,20.89,20.89,2026-07-26 06:41:39,amazon Dcvoltage,true
1102040000000,202-0062901-9038718,AMAZON,B08TX2837H,,LSMS320BI+RPR44WH,1,14.89,14.89,2026-07-26 08:08:28,amazon Dcvoltage,true
1102050000000,202-2505175-2923515,AMAZON,B0DBWRBK6J,,CL2RBKAPK,1,17.79,17.79,2026-07-26 09:26:38,amazon Dcvoltage,true
1102060000000,202-1445811-3621101,AMAZON,B0FZCRB2RS,,LSHM400HE+RPR44WH,1,27.99,27.99,2026-07-26 09:29:15,amazon Dcvoltage,true
1102070000000,204-2706919-2860355,AMAZON,B0CP3CZ4TM,,CRFF100CH+PHUP1PCRCH+CNT900CH,2,31.42,33.78,2026-07-26 09:33:28,amazon Dcvoltage,true
1102080000000,205-3996742-9847563,AMAZON,B07F9SH71F,,LDMG95E274,1,5.69,,2026-07-26 09:36:57,amazon Dcvoltage,true
1102090000000,203-4347818-5228338,AMAZON,B0CJ4Q2DF3,,LSMCSPFLMC,1,24.49,,2026-07-26 09:39:59,amazon Dcvoltage,true
1102100000000,203-2423804-2265946,AMAZON,B0CXSS7XYX,,LSCY290WH2PK+RPR44WH2PK,1,25.89,25.89,2026-07-26 10:27:38,amazon Dcvoltage,true
1102110000000,205-0799765-4009126,AMAZON,B0C7BZ5756,,LSCY290GC+RPR44WH,1,15.49,15.49,2026-07-26 11:39:07,amazon Dcvoltage,true
1102120000000,202-1589904-8397131,AMAZON,B0CXSXN4KX,,LSMS320BI2PK+RPR44WH2PK,1,25.59,25.59,2026-07-26 12:28:06,amazon Dcvoltage,true
1102130000000,205-2276288-5792340,AMAZON,B07L8JDCQL,,CL3TBRAPK,1,23.05,25.13,2026-07-26 13:21:01,amazon Dcvoltage,true
1102140000000,205-7269694-1280336,AMAZON,B0C6LV14PT,,12UK3P2A,1,6.59,,2026-07-26 13:57:24,amazon Dcvoltage,true
1102150000000,205-9287393-2685128,AMAZON,B0CSNHHK98,,ENC7630,2,57.46,,2026-07-26 14:03:28,amazon Dcvoltage,true
1102160000000,203-6572027-8705920,AMAZON,B0D4YPCPPS,,LDMG80E2746PK,1,16.89,16.89,2026-07-26 15:00:25,amazon Dcvoltage,true
1102170000000,026-2924964-5397932,AMAZON,B08XC25WCD,,CL3TBMAPK,1,20.99,20.99,2026-07-26 15:43:09,amazon Dcvoltage,true
1102180000000,206-9117072-7924339,AMAZON,B0F48LNB6J,,RWWPSY1080YE,1,8.89,8.89,2026-07-26 15:56:30,amazon Dcvoltage,true
1102190000000,204-8442287-7248350,AMAZON,B0DH9CY29Z,,CL3TGL5PK,1,12.89,,2026-07-26 16:39:45,amazon Dcvoltage,true
1102200000000,202-1066796-9103502,AMAZON,B0D73JHB8R,,LDST185B2242PK,1,11.99,,2026-07-26 16:48:05,amazon Dcvoltage,true
1102210000000,205-0496672-6015544,AMAZON,B0DP264BLC,,12UK3P10A,1,17.89,17.89,2026-07-26 16:52:33,amazon Dcvoltage,true
1102220000000,203-8731528-7449117,AMAZON,B07PM5KN1T,,CL3TGL5PK,1,12.99,,2026-07-26 18:10:44,amazon Dcvoltage,true
1102230000000,206-5529520-1710717,AMAZON,B0DFHMC949,,LSCY290BI+RPR44WH-,1,15.29,15.29,2026-07-26 18:52:32,amazon Dcvoltage,true
1102240000000,204-1150097-7530752,AMAZON,B08VGMKHT7,,LSCY290BM+RPR44WH,1,15.49,,2026-07-26 18:58:15,amazon Dcvoltage,true
1102250000000,203-4483500-0420336,AMAZON,B0CL16BWS3,,ENC5523,1,41.89,,2026-07-26 19:11:18,amazon Dcvoltage,true
1102260000000,206-9259339-9824303,AMAZON,B0CXT2NJD9,,LSMS320YE2PK+RPR44WH2PK,1,23.71,25.49,2026-07-26 20:16:10,amazon Dcvoltage,true
1102270000000,206-6813273-2685939,AMAZON,B07F9SH71F,,LDMG95E274,1,5.69,,2026-07-26 20:31:17,amazon Dcvoltage,true
1102280000000,026-3294465-8506715,AMAZON,B08XB1QLTN,,PSDS2BMRBR,2,25.84,,2026-07-26 21:14:31,amazon Dcvoltage,true
1102290000000,206-2689993-3841133,AMAZON,B07F9SH71F,,LDMG95E274,1,7.35,,2026-07-26 22:10:23,amazon Dcvoltage,true
1102310000000,026-3191826-0900315,AMAZON,B0B77KX4P8,,CRFF108BM2PK+HK10BM2PK,1,13.39,13.39,2026-07-26 00:33:11,amazon Ledsone,true
1102320000000,203-2974862-5792365,AMAZON,B0BLP1JSRK,,LDMST64E2786PK,1,20.39,20.39,2026-07-26 00:54:47,amazon Ledsone,true
1102330000000,205-2398989-4289901,AMAZON,B0CGZQV9Y7,,LSMCSPFLMC+RPR44WH,1,24.89,24.89,2026-07-26 06:41:45,amazon Ledsone,true
1102340000000,204-9322967-2036352,AMAZON,B0BBB3CF25,,CL3RBT5PK,1,12.79,12.79,2026-07-26 07:32:38,amazon Ledsone,true
1102350000000,204-3372026-0878759,AMAZON,B0CVXG576R,,CRSF2003BM2PK,1,13.85,14.73,2026-07-26 08:15:29,amazon Ledsone,true
1102360000000,202-6589955-2993141,AMAZON,B0BWK6NJZL,,PLTYBS+ICST64E27,1,18.89,,2026-07-26 09:58:25,amazon Ledsone,true
1102370000000,202-8213911-4815512,AMAZON,B0CFVDH4FK,,PSOS4BMTHE2PK+ICST64E272PK,1,36.79,36.79,2026-07-26 10:14:30,amazon Ledsone,true
1102380000000,203-9062955-4003536,AMAZON,B099FFBHBR,,CRSF100YB+LHNSE27YB+SCRN70YB+LSOL220YB,1,23.89,23.89,2026-07-26 12:22:39,amazon Ledsone,true
1102390000000,204-9346689-0133928,AMAZON,B09HS8XTXZ,,CL2TBU5PK,1,11.89,11.89,2026-07-26 12:24:03,amazon Ledsone,true
1102400000000,202-9935831-6949927,AMAZON,B0FY5TWHGH,,LDSG1007E27,1,12.89,,2026-07-26 13:05:13,amazon Ledsone,true
1102410000000,202-1426292-2056351,AMAZON,B0BLZHCRGZ,,LDMG95E2746PK,1,18.59,18.59,2026-07-26 13:07:38,amazon Ledsone,true
1102420000000,205-6725553-9005910,AMAZON,B09HSB7NBL,,CL2TGD5PK,1,13.19,13.19,2026-07-26 13:12:51,amazon Ledsone,true
1102430000000,206-8939414-1394701,AMAZON,B0B82Y8Q8N,,PHSF1GDRFG,1,14.99,14.99,2026-07-26 13:50:40,amazon Ledsone,true
1102440000000,206-7533446-4993921,AMAZON,B0D794K9Y2,,WCB7BM2PK+RPR44WH2PK,1,16.19,,2026-07-26 13:54:49,amazon Ledsone,true
1102450000000,202-7503745-4151544,AMAZON,B0B77KX4P8,,CRFF108BM2PK+HK10BM2PK,1,13.39,,2026-07-26 13:59:06,amazon Ledsone,true
1102460000000,203-9958567-0621127,AMAZON,B0DHGLCQW2,,LSCY290WH+RPR44WH,1,15.89,15.89,2026-07-26 14:07:41,amazon Ledsone,true
1102470000000,205-4107599-0113953,AMAZON,B0F6SLG78J,,PHUH1HETBM,1,11.89,11.89,2026-07-26 15:26:25,amazon Ledsone,true
1102480000000,205-8962246-2501140,AMAZON,B0DXQB7T3C,,LSCY290GY2PK+RPR44WH2PK,1,26.09,26.09,2026-07-26 15:46:40,amazon Ledsone,true
1102490000000,204-4212778-3264328,AMAZON,B0DP2RQWTH,,CRSF100BM+PHSH1PBRBM+LSCY290BC,1,28.88,,2026-07-26 16:37:33,amazon Ledsone,true
1102500000000,205-5616178-3112349,AMAZON,B0CGZQV9Y7,,LSMCSPFLMC+RPR44WH,1,24.89,,2026-07-26 17:03:42,amazon Ledsone,true
1102510000000,026-9523927-4290718,AMAZON,B0B4K4LN25,,PSDS4BMRBL,1,14.09,14.09,2026-07-26 17:12:11,amazon Ledsone,true
1102520000000,202-8690288-7941930,AMAZON,B0D9QHCGWF,,CL2RCR5PK,1,12.29,12.29,2026-07-26 17:24:23,amazon Ledsone,true
1102530000000,203-1152526-5927564,AMAZON,B09LHGT1NK,,CRSF100BM+PHCH1BMRBM+LSSS300GR,1,20.98,19.65,2026-07-26 18:17:28,amazon Ledsone,true
1102540000000,206-6348670-8589104,AMAZON,B0B77KX4P8,,CRFF108BM2PK+HK10BM2PK,1,13.73,,2026-07-26 19:02:59,amazon Ledsone,true
1102550000000,203-1930278-3914721,AMAZON,B07CQ25M4K,,dc12IP67150,1,21.98,,2026-07-26 19:12:43,amazon Ledsone,true
1102560000000,202-0930515-5713936,AMAZON,B09479HV6W,,LDMG95E2783PK,1,14.09,,2026-07-26 20:10:21,amazon Ledsone,true
1102570000000,205-5529684-8607517,AMAZON,B0CCHX3S7L,,SPSDP2BM6PK,1,19.09,,2026-07-26 20:31:53,amazon Ledsone,true
1102580000000,205-0934897-6437134,AMAZON,B0DB1Z9LFT,,PSDS2BMRBM2PK,1,22.79,22.79,2026-07-26 20:52:34,amazon Ledsone,true
1102590000000,202-7713788-5349903,AMAZON,B0CCHX3S7L,,SPSDP2BM6PK,1,19.09,,2026-07-26 21:14:12,amazon Ledsone,true
1102600000000,026-7966134-7031514,AMAZON,B07B26JKDT,,12IP67250,1,32.99,,2026-07-26 22:27:07,amazon Ledsone,true
1104350000000,026-6629424-2894721,AMAZON,B0D6VKJJB3,,ENC7393,1,40.79,40.79,2026-07-27 00:01:57,amazon Dcvoltage,true
1104360000000,205-1887853-5968343,AMAZON,B0DP264BLC,,12UK3P10A,1,17.89,,2026-07-27 00:07:20,amazon Dcvoltage,true
1104370000000,204-8660853-7858717,AMAZON,B08X9Z14CG,,PSDS4BMRGY,1,14.07,14.07,2026-07-27 09:52:43,amazon Dcvoltage,true
1104380000000,204-4813430-8081157,AMAZON,B0FHPPQ21C,,CRFF100BM2PK+LHNSE27BM2PK,1,19.48,19.48,2026-07-27 10:35:59,amazon Dcvoltage,true
1104390000000,206-0135892-0453133,AMAZON,B096FPKPNQ,,ENC685,1,54.89,54.89,2026-07-27 12:08:37,amazon Dcvoltage,true
1104400000000,203-8468564-8413104,AMAZON,B07LFDY4D3,,CL3TBM5PK,1,13.49,13.49,2026-07-27 12:20:02,amazon Dcvoltage,true
1104410000000,205-6862103-1868327,AMAZON,B08V5MK449,,CRSF100BM+PHCH1BMRBM+LSCY290BM,1,19.06,20.49,2026-07-27 12:36:40,amazon Dcvoltage,true
1104420000000,205-6582846-4324313,AMAZON,B08X9WV762,,PSDS4BMRBU,2,26.58,,2026-07-27 12:41:31,amazon Dcvoltage,true
1104430000000,206-8017696-4050719,AMAZON,B0FX2Q2VVY,,LSCYRO120GD2PK+RPR44WH2PK,1,26.28,,2026-07-27 14:47:32,amazon Dcvoltage,true
1104440000000,202-8949232-6804344,AMAZON,B0D5BFGM4G,,LSMS320WH2PK+RPR44WH2PK,1,24.91,26.79,2026-07-27 15:42:22,amazon Dcvoltage,true
1104450000000,202-9343395-8159509,AMAZON,B08XBYXQC6,,CL3TBRAPK,1,19.89,,2026-07-27 17:06:18,amazon Dcvoltage,true
1104460000000,202-8337172-4097148,AMAZON,B0DH9CY29Z,,CL3TGL5PK,1,12.89,12.89,2026-07-27 17:22:10,amazon Dcvoltage,true
1104470000000,026-6617233-5464341,AMAZON,B0FX2Q2VVY,,LSCYRO120GD2PK+RPR44WH2PK,1,21.29,21.29,2026-07-27 17:36:51,amazon Dcvoltage,true
1104480000000,203-0924121-0873962,AMAZON,B0CPBXMLYW,,LSCY290CH+RPR44WH RAMZ,1,16.89,,2026-07-27 18:16:31,amazon Dcvoltage,true
1104490000000,205-6637454-4261141,AMAZON,B0D32YBFXP,,LSCY290RE2PK+RPR44WH2PK,1,25.79,25.79,2026-07-27 18:19:55,amazon Dcvoltage,true
1104500000000,203-3073460-2315569,AMAZON,B07F9SH71F,,LDMG95E274,1,5.69,,2026-07-27 21:22:04,amazon Dcvoltage,true
1104520000000,205-9321323-8865138,AMAZON,B0DFHMC949,,LSCY290BI+RPR44WH-,1,15.29,15.29,2026-07-27 21:58:43,amazon Dcvoltage,true
1104530000000,206-3086560-7832329,AMAZON,B08Z795F3H,,CRSF100BM+PHUH2HETBM+LSHM300HE,1,29.06,32.29,2026-07-27 23:00:50,amazon Dcvoltage,true
1104540000000,205-7738094-8592345,AMAZON,B0B77GWCPC,,CRFF108GB2PK+HK10GB2PK,1,12.49,,2026-07-27 06:05:05,amazon Ledsone,true
1104550000000,205-6791267-7469100,AMAZON,B0F28YFTQ9,,LSCY290BU+RPR44WH,1,14.79,14.79,2026-07-27 06:14:22,amazon Ledsone,true
1104560000000,026-9993294-7701901,AMAZON,B093T37BQ8,,LSMS320OR+RPR44WH,2,34.97,29.98,2026-07-27 08:00:08,amazon Ledsone,true
1104570000000,205-2921498-7959515,AMAZON,B0B82XR5Y1,,PHSF1GDRYB,1,13.69,13.69,2026-07-27 08:28:10,amazon Ledsone,true
1104580000000,204-8414248-4261929,AMAZON,B0F7QRPZY7,,CL3TBRAPK,1,19.88,19.88,2026-07-27 09:37:37,amazon Ledsone,true
1104590000000,202-9067648-1741146,AMAZON,B0CCHXR4X2,,SPSDP2WH3PK,1,13.89,13.89,2026-07-27 10:00:38,amazon Ledsone,true
1104600000000,202-8441059-7457961,AMAZON,B0CGZQV9Y7,,LSMCSPFLMC+RPR44WH,1,24.89,,2026-07-27 10:36:38,amazon Ledsone,true
1104610000000,203-1571934-9961125,AMAZON,B0GW84WQXL,,LHSWPBB22SN,2,19.18,19.18,2026-07-27 11:56:45,amazon Ledsone,true
1104620000000,206-1366551-6209123,AMAZON,B0F9YTQV7N,,PSFW4RGD,1,11.79,11.79,2026-07-27 12:20:02,amazon Ledsone,true
1104630000000,204-6747229-2904310,AMAZON,B0BB34G298,,CL2RBK5PK,1,12.09,12.09,2026-07-27 12:43:59,amazon Ledsone,true
1104640000000,202-2142107-1001116,AMAZON,B0B9Y5MRSK,,CL3TGD5PK,1,12.99,,2026-07-27 12:48:22,amazon Ledsone,true
1104650000000,205-5339779-1627524,AMAZON,B0B9Y9F73N,,CL3TIV5PK,1,12.89,12.89,2026-07-27 13:31:48,amazon Ledsone,true
1104660000000,206-0691564-9501122,AMAZON,B0DXQ7LC8N,,LSCY290GR2PK+RPR44WH2PK,1,24.89,,2026-07-27 15:34:12,amazon Ledsone,true
1104670000000,203-0549460-2370735,AMAZON,B0D298RPWW,,LSCY290RE+RPR44WH,1,15.79,,2026-07-27 16:25:26,amazon Ledsone,true
1104680000000,203-9014533-8804363,AMAZON,B0B9Y5MRSK,,CL3TGD5PK,1,12.99,,2026-07-27 16:44:45,amazon Ledsone,true
1104690000000,206-0995856-1463530,AMAZON,B099FFBHBR,,CRSF100YB+LHNSE27YB+SCRN70YB+LSOL220YB,1,19.88,19.88,2026-07-27 17:04:34,amazon Ledsone,true
1104700000000,202-5103209-8200333,AMAZON,B0BLZHCRGZ,,LDMG95E2746PK,1,18.59,18.59,2026-07-27 17:39:43,amazon Ledsone,true
1104710000000,204-5974852-2613926,AMAZON,B093DKF852,,CL2TBKAPK,1,20.99,20.99,2026-07-27 17:46:12,amazon Ledsone,true
1104720000000,204-6503828-0151518,AMAZON,B093DKVKM7,,CL2TROAPK,1,20.89,,2026-07-27 18:13:10,amazon Ledsone,true
1104730000000,202-3859267-9933955,AMAZON,B09479HV6W,,LDMG95E2783PK,1,14.09,,2026-07-27 18:58:57,amazon Ledsone,true
1104740000000,202-7845668-4626701,AMAZON,B0FY2HP9LJ,,PHUH0.5HETBM,1,9.99,,2026-07-27 19:00:17,amazon Ledsone,true
1104750000000,026-1726233-7767504,AMAZON,B0B8VRRDVM,,LDSG125MUE274,1,13.89,13.89,2026-07-27 20:19:10,amazon Ledsone,true
1104760000000,202-0240290-1136364,AMAZON,B0B9Y67S6V,,CL3TCR5PK,1,13.89,13.89,2026-07-27 20:51:06,amazon Ledsone,true
1104770000000,202-6461624-8882744,AMAZON,B0B9Y67S6V,,CL3TCR5PK,1,13.89,13.89,2026-07-27 20:53:44,amazon Ledsone,true
1104780000000,204-5871329-5525916,AMAZON,B0B4K4LN25,,PSDS4BMRBL,1,14.09,14.09,2026-07-27 21:02:58,amazon Ledsone,true
1104790000000,205-1053437-6041151,AMAZON,B0FY2HP9LJ,,PHUH0.5HETBM,1,9.99,,2026-07-27 21:08:33,amazon Ledsone,true
1104800000000,202-1436287-6697117,AMAZON,B0DF2WV971,,LHC5E27WH2PK,1,12.09,12.09,2026-07-27 21:11:22,amazon Ledsone,true
1104810000000,206-8239340-2379545,AMAZON,B0B9Y9F73N,,CL3TIV5PK,1,12.89,,2026-07-27 21:27:31,amazon Ledsone,true
1104820000000,203-2254264-6224364,AMAZON,B0BBS1VR82,,CL3THEAPK,1,20.79,20.79,2026-07-27 22:03:45,amazon Ledsone,true
1104830000000,203-2258205-7375552,AMAZON,B0D298QXXM,,LSCY290GY2PK+RPR44WH2PK,1,27.29,27.29,2026-07-27 23:33:06,amazon Ledsone,true
1106320000000,206-4818754-6116323,AMAZON,B0CYZVX28V,,LSCY290CO2PK+RPR44WH2PK,1,32.89,32.89,2026-07-28 05:46:22,amazon Dcvoltage,true
1106330000000,202-5331909-5577135,AMAZON,B0CB7VJNLD,,SPSDP2YB3PK,1,11.39,11.39,2026-07-28 05:56:32,amazon Dcvoltage,true
1106340000000,202-7970860-7187567,AMAZON,B0DFHMC949,,LSCY290BI+RPR44WH-,2,30.58,30.58,2026-07-28 08:41:40,amazon Dcvoltage,true
1106350000000,203-0973735-8932328,AMAZON,B0D5BFHKBN,,LSMS320GY2PK+RPR44WH2PK,1,25.39,25.39,2026-07-28 09:16:34,amazon Dcvoltage,true
1106360000000,204-5901030-4407564,AMAZON,B096FPKPNQ,,ENC685,1,54.89,54.89,2026-07-28 09:36:50,amazon Dcvoltage,true
1106370000000,206-3706757-0113124,AMAZON,B07F9SH71F,,LDMG95E274,1,5.69,,2026-07-28 10:05:47,amazon Dcvoltage,true
1106380000000,204-3167446-1566733,AMAZON,B08V8X7LN8,,CRSF100BM+PHSH1PBRBM+LSMS320BD_ADM,1,18.59,18.59,2026-07-28 11:59:49,amazon Dcvoltage,true
1106390000000,202-0427487-0525149,AMAZON,B07L8HQG6Y,,CL3TGD5PK,1,13.99,,2026-07-28 12:35:12,amazon Dcvoltage,true
1106400000000,206-7421357-0365117,AMAZON,B09643CJ5N,,CRFF500BM+PHCH1BMRBM3PK+LSDO210BG3PK,1,35.48,,2026-07-28 13:45:21,amazon Dcvoltage,true
1106410000000,203-7735741-4394758,AMAZON,B07F9SH71F,,LDMG95E274,1,8.18,,2026-07-28 14:28:48,amazon Dcvoltage,true
1106420000000,202-5289420-2930727,AMAZON,B0CBLWLZ4W,,WCWDBM2PK+RPR44WH2PK,1,14.89,,2026-07-28 14:46:41,amazon Dcvoltage,true
1106430000000,203-2742433-2633940,AMAZON,B0CGRJ1V8L,,TPOSBDBM,1,23.69,23.69,2026-07-28 15:56:21,amazon Dcvoltage,true
1106440000000,205-4170040-3137924,AMAZON,B0FX2TFPZM,,LSCYRO120WH2PK+RPR44WH2PK,1,22.79,22.79,2026-07-28 16:07:48,amazon Dcvoltage,true
1106460000000,026-8634995-7164304,AMAZON,B0GCZQVHRF,,CRFF100BM+LHNSE27BM+ICST64E27,1,16.99,16.99,2026-07-28 17:29:18,amazon Dcvoltage,true
1106470000000,205-5671239-3025132,AMAZON,B0FX2TFPZM,,LSCYRO120WH2PK+RPR44WH2PK,1,22.79,22.79,2026-07-28 17:48:47,amazon Dcvoltage,true
1106480000000,205-8968890-6624343,AMAZON,B0CH39MWRF,,WSOSBDBM,1,18.22,19.59,2026-07-28 19:21:19,amazon Dcvoltage,true
1106490000000,204-2326285-9193941,AMAZON,B08V8MYCZR,,CRSF100BM+PHSH1PBRBM+LSMS320GR,1,19.89,,2026-07-28 19:56:14,amazon Dcvoltage,true
1106500000000,202-7941394-5633912,AMAZON,B0CTC7XPNX,,CRSF100BM+LHNSE27YB+SCRN70BM+LSFT220BG,1,18.99,,2026-07-28 20:10:08,amazon Dcvoltage,true
1106510000000,206-9467137-7123527,AMAZON,B07F9SH71F,,LDMG95E274,1,5.69,,2026-07-28 20:37:27,amazon Dcvoltage,true
1106520000000,205-6730101-5677144,AMAZON,B08X4J2CSH,,CRSF100BM+LHNSE27CO+SCRN70CO+LSFT220RE,1,20.88,15.89,2026-07-28 20:48:58,amazon Dcvoltage,true
1106530000000,206-8018044-7369121,AMAZON,B09643CJ5N,,CRFF500BM+PHCH1BMRBM3PK+LSDO210BG3PK,1,35.48,,2026-07-28 23:16:11,amazon Dcvoltage,true
1106540000000,203-3382688-3157952,AMAZON,B0FY5TWHGH,,LDSG1007E27,1,12.89,12.89,2026-07-28 00:15:25,amazon Ledsone,true
1106550000000,026-8638836-8141901,AMAZON,B0GMHQTBSQ,,LHXSHE27BM2PK,1,14.69,14.69,2026-07-28 02:40:50,amazon Ledsone,true
1106560000000,205-6515818-7491537,AMAZON,B0CCDKF18M,,amzn.gr.WCB3B_RPR44WH-wLav5DSMNlaJlKa-VG,2,15.74,15.74,2026-07-28 07:22:28,amazon Ledsone,true
1106570000000,205-6793789-4886762,AMAZON,B0CGRQCV7Y,,CRSF100BM+PHRNWP2RBM+ICST64E27,3,36.32,39.10,2026-07-28 08:00:52,amazon Ledsone,true
1106580000000,204-3877609-3853913,AMAZON,B0CCJ3CSB6,,SPSDP2YB3PK,1,12.49,,2026-07-28 08:03:13,amazon Ledsone,true
1106590000000,205-4920860-5810740,AMAZON,B0BBS1VR82,,CL3THEAPK,1,21.30,21.30,2026-07-28 10:50:54,amazon Ledsone,true
1106600000000,026-2109549-4273956,AMAZON,B0CW5RLSQL,,CRFF105GB2PK+HK10GB2PK,1,15.78,13.79,2026-07-28 10:51:40,amazon Ledsone,true
1106610000000,026-2389251-8606727,AMAZON,B09KNVBJZW,,CRSF2003BM+PHRB1PBR40BM3PK+LSBS160GR3PKA,1,29.89,,2026-07-28 11:24:42,amazon Ledsone,true
1106620000000,203-9324244-0921960,AMAZON,B0CBCN1B9S,,CRFF500BM+PHCH1BMRBM3PK+LSCY210BG3PK+IC,1,37.89,,2026-07-28 12:20:42,amazon Ledsone,true
1106630000000,204-6868238-1450734,AMAZON,B0GDCN4LCW,,LDMT185E2736PK,1,16.99,16.99,2026-07-28 13:32:07,amazon Ledsone,true
1106640000000,202-1055361-6929140,AMAZON,B0F2919THD,,LSCY290CO+RPR44WH,1,18.19,18.19,2026-07-28 13:42:22,amazon Ledsone,true
1106650000000,205-8909227-5165124,AMAZON,B0868DXK1B,,CCBKNWE48,1,14.98,,2026-07-28 14:53:34,amazon Ledsone,true
1106660000000,202-4668092-5677115,AMAZON,B094DN1XL1,,PLADBC,1,48.99,48.99,2026-07-28 15:08:41,amazon Ledsone,true
1106670000000,204-7667143-9957169,AMAZON,B0CCF5KBJH,,LSCY290BM+RPR44WH,1,15.79,15.79,2026-07-28 15:20:15,amazon Ledsone,true
1106680000000,205-6366116-1995567,AMAZON,B0BLP1JSRK,,LDMST64E2786PK,1,20.39,20.39,2026-07-28 15:42:49,amazon Ledsone,true
1106690000000,206-0927592-3549102,AMAZON,B0CW5RLSQL,,CRFF105GB2PK+HK10GB2PK,2,26.20,,2026-07-28 15:45:44,amazon Ledsone,true
1106700000000,206-8679402-3509935,AMAZON,B0F28YNDZN,,LSCY290RO+RPR44WH,1,17.72,,2026-07-28 15:59:54,amazon Ledsone,true
1106710000000,205-3273960-2163527,AMAZON,B093Y7ZZQF,,ENC1312,1,21.39,21.39,2026-07-28 16:31:33,amazon Ledsone,true
1106720000000,202-0348219-6100306,AMAZON,B0G2L2T8YG,,ENC7763,1,26.39,26.39,2026-07-28 16:37:45,amazon Ledsone,true
1106730000000,206-9213614-9572341,AMAZON,B0C3ZTBRHZ,,LSCY290BM+RPR44WH,1,14.89,14.89,2026-07-28 17:49:54,amazon Ledsone,true
1106740000000,204-6654588-6173943,AMAZON,B0D2977G11,,LSCY290YB3PK+RPR44WH3PK,1,39.89,39.89,2026-07-28 18:42:20,amazon Ledsone,true
1106750000000,202-2281467-0402722,AMAZON,B083TNFR73,,LDMST64E278pck3,1,14.79,14.79,2026-07-28 18:42:27,amazon Ledsone,true
1106770000000,204-3018694-7638752,AMAZON,B0979H9NHS,,CNP1000FG,1,4.09,4.09,2026-07-28 20:42:54,amazon Ledsone,true
1106780000000,206-9355834-3219532,AMAZON,B0F2919THD,,LSCY290CO+RPR44WH,2,36.38,,2026-07-28 21:03:39,amazon Ledsone,true
1106790000000,026-1967451-1743525,AMAZON,B0CGZQV9Y7,,LSMCSPFLMC+RPR44WH,1,24.89,,2026-07-28 21:07:47,amazon Ledsone,true
1106800000000,203-7051254-6774743,AMAZON,B0B77KX4P8,,CRFF108BM2PK+HK10BM2PK,1,13.39,,2026-07-28 21:14:15,amazon Ledsone,true
1106810000000,203-3859536-0275522,AMAZON,B0F9YNBRZD,,LSMS320BG+RPR44WH,2,33.58,,2026-07-28 21:19:10,amazon Ledsone,true
1106820000000,204-9387829-8631520,AMAZON,B0BBS118NM,,CL3TBKAPK,1,21.89,,2026-07-28 21:19:44,amazon Ledsone,true
1106830000000,026-4506884-3540317,AMAZON,B0B4K4MVSK,,PSDS4BMRBU,1,14.07,14.07,2026-07-28 21:35:48,amazon Ledsone,true
1108430000000,205-6298721-6922734,AMAZON,B0GGDTRTN7,,CRFF100BM2PK+LHNSE27BM2PK+ICST64E272PK,1,28.89,28.89,2026-07-29 00:13:44,amazon Dcvoltage,true
1108440000000,206-8801019-4955519,AMAZON,B0DP264BLC,,12UK3P10A,1,17.89,17.89,2026-07-29 00:21:02,amazon Dcvoltage,true
1108450000000,206-8304097-6557907,AMAZON,B0CPBXJMSS,,LSCY290OR+RPR44WH,1,15.89,15.89,2026-07-29 07:35:55,amazon Dcvoltage,true
1108460000000,206-4928754-1826741,AMAZON,B0C9TSHB33,,LSCY210BM+RPR44WH,1,13.79,,2026-07-29 10:28:32,amazon Dcvoltage,true
1108470000000,205-4178459-8989103,AMAZON,B0CBLWLZ4W,,WCWDBM2PK+RPR44WH2PK,1,14.89,,2026-07-29 10:33:37,amazon Dcvoltage,true
1108480000000,202-1593081-7141954,AMAZON,B0D453YVGN,,PHSF2BMTBM+ICST64E27,1,13.89,13.89,2026-07-29 12:35:45,amazon Dcvoltage,true
1108500000000,205-4600130-0909158,AMAZON,B08VGHVH8R,,LSCY290BC+RPR44WH,1,15.89,15.89,2026-07-29 13:08:23,amazon Dcvoltage,true
1108510000000,206-4571157-6727535,AMAZON,B0BWJWGXD4,,LSCY210BG+RPR44WH,1,12.09,12.09,2026-07-29 13:32:22,amazon Dcvoltage,true
1108530000000,204-3639649-0369918,AMAZON,B0CJ4Q2DF3,,amzn.gr.LSMCSPFLMC-cBIzOvg_viBl6YBLIM-LN,1,20.89,20.89,2026-07-29 14:08:23,amazon Dcvoltage,true
1108540000000,206-5756264-9573109,AMAZON,B0D5711PRY,,WCB6BM2PK+RPR44WH2PK,1,15.49,,2026-07-29 14:13:07,amazon Dcvoltage,true
1108550000000,203-8615209-2657156,AMAZON,B0965HZJGN,,ENC686,1,49.49,49.49,2026-07-29 14:25:59,amazon Dcvoltage,true
1108560000000,205-5920499-4109900,AMAZON,B0C6LV14PT,,12UK3P2A,1,6.59,6.59,2026-07-29 15:21:01,amazon Dcvoltage,true
1108570000000,203-9792634-4631543,AMAZON,B08XC1QT69,,CL3THEAPK,1,19.99,19.99,2026-07-29 15:52:44,amazon Dcvoltage,true
1108580000000,026-4689836-0475567,AMAZON,B08P1NX6SB,,CRFF500BM+PHHT1PBRBM3PK+WCDCBM3PKAM,1,32.89,32.89,2026-07-29 16:05:19,amazon Dcvoltage,true
1108590000000,203-2453982-9224309,AMAZON,B08TX216Y4,,LSMS320BD+RPR44WH,1,14.99,14.99,2026-07-29 17:10:16,amazon Dcvoltage,true
1108600000000,206-7048199-0843547,AMAZON,B07F9SH71F,,LDMG95E274,1,5.69,,2026-07-29 17:43:53,amazon Dcvoltage,true
1108610000000,204-7907325-1656315,AMAZON,B0D5BFHKBN,,LSMS320GY2PK+RPR44WH2PK,1,28.60,25.39,2026-07-29 18:28:50,amazon Dcvoltage,true
1108620000000,202-1100892-7554764,AMAZON,B0CGRJ1V8L,,TPOSBDBM,1,26.18,23.69,2026-07-29 19:22:58,amazon Dcvoltage,true
1108630000000,206-7666822-8351525,AMAZON,B0D44XWSWS,,amzn.gr.PHSF2GDTFG_ICST64E27-kIDgl6hb-VG,1,13.51,13.51,2026-07-29 19:33:25,amazon Dcvoltage,true
1108640000000,206-3961187-1031522,AMAZON,B0FQVFP61X,,CRFF108BM+PHRI1PBRBA+LSCY290BI,1,23.28,18.29,2026-07-29 21:08:10,amazon Dcvoltage,true
1108650000000,206-0393480-2786719,AMAZON,B0CH3BD4MP,,WSOSBDBM2PK,1,34.79,34.79,2026-07-29 21:37:53,amazon Dcvoltage,true
1108660000000,026-9137540-5951520,AMAZON,B0CNZ5N8L3,,CL3RWHAPK,1,19.89,19.89,2026-07-29 22:22:27,amazon Ledsone,true
1108680000000,204-1269301-1957957,AMAZON,B0CCHXR4X2,,SPSDP2WH3PK,1,13.89,13.89,2026-07-29 07:24:58,amazon Ledsone,true
1108690000000,204-6819640-4842767,AMAZON,B0GW84WQXL,,LHSWPBB22SN,1,9.59,9.59,2026-07-29 07:51:13,amazon Ledsone,true
1108700000000,203-9277062-8939540,AMAZON,B0CHRVWSBM,,CL3RBM5PK,2,22.30,,2026-07-29 11:11:28,amazon Ledsone,true
1108710000000,205-1477989-6316368,AMAZON,B0B9Y5MRSK,,CL3TGD5PK,1,12.99,12.99,2026-07-29 11:54:38,amazon Ledsone,true
1108720000000,206-6098994-2363512,AMAZON,B0C3ZTBRHZ,,LSCY290BM+RPR44WH,1,14.89,14.89,2026-07-29 11:58:20,amazon Ledsone,true
1108730000000,204-4757057-8394750,AMAZON,B0C3ZT3VR1,,LSCY290BD+RPR44WH,1,14.45,14.45,2026-07-29 12:18:50,amazon Ledsone,true
1108740000000,203-7851270-6828327,AMAZON,B0CW5RLSQL,,CRFF105GB2PK+HK10GB2PK,1,13.79,13.79,2026-07-29 13:05:12,amazon Ledsone,true
1108750000000,204-8796465-7024301,AMAZON,B0CW5RLSQL,,CRFF105GB2PK+HK10GB2PK,1,13.79,13.79,2026-07-29 13:29:20,amazon Ledsone,true
1108760000000,204-3438379-5812354,AMAZON,B0DXQ8VVR7,,LSCY290WH2PK+RPR44WH2PK,1,25.79,25.79,2026-07-29 17:00:15,amazon Ledsone,true
1108770000000,203-6745054-1080308,AMAZON,B0DXQ9SDTK,,LSCY290OR2PK+RPR44WH2PK,1,23.79,23.79,2026-07-29 17:38:01,amazon Ledsone,true
1108780000000,204-7421138-6324331,AMAZON,B0B82W84F2,,PHSF1AGRGB,1,13.89,13.89,2026-07-29 18:05:48,amazon Ledsone,true
1108790000000,203-7527462-6617911,AMAZON,B0DB2B9NYZ,,CRFF75GB2PK,1,11.39,11.39,2026-07-29 20:33:43,amazon Ledsone,true
1108800000000,026-9137540-5951520,AMAZON,B0B77GPTQ7,,CRFF108WH2PK+HK10WH2PK,1,0.00,,2026-07-29 22:22:27,amazon Ledsone,true
1109850000000,204-4757057-8394750,AMAZON,B0C3ZT3VR1,,LSCY290BD+RPR44WH,3,0.00,,2026-07-29 12:18:50,amazon Ledsone,true
1110000000000,204-6230521-4930710,AMAZON,B07PM4GDGP,,CL3TBM5PK,1,11.79,11.79,2026-07-30 00:18:54,amazon Dcvoltage,true
1110010000000,026-3960270-5957949,AMAZON,B0DH9CY29Z,,CL3TGL5PK,1,12.89,12.89,2026-07-30 05:04:29,amazon Dcvoltage,true
1110020000000,206-8776221-2191543,AMAZON,B0DH66Z6JM,,CL2TBM5PK,1,13.99,,2026-07-30 07:35:03,amazon Dcvoltage,true
1110030000000,204-7585344-6047500,AMAZON,B08V8XSXKB,,CRSF100BM+PHSH1PBRBM+LSMS320BI,1,18.99,18.99,2026-07-30 09:52:35,amazon Dcvoltage,true
1110040000000,202-2345231-7325169,AMAZON,B0CKBZ4V22,,CRSF100BM+LHNSE27CO+SCRN70CO+LSFT220BI,2,31.78,31.78,2026-07-30 11:09:55,amazon Dcvoltage,true
1110050000000,204-7827430-6869963,AMAZON,B0GD51HL84,,ENC7770,1,30.19,30.19,2026-07-30 12:13:14,amazon Dcvoltage,true
1110060000000,026-1930142-4108357,AMAZON,B0CS9PS8J3,,LSCY210BG3PK+RPR44WH3PK,1,32.89,32.89,2026-07-30 12:48:32,amazon Dcvoltage,true
1110070000000,206-5244710-9307567,AMAZON,B0965HZJGN,,ENC686,1,46.44,46.44,2026-07-30 15:04:10,amazon Dcvoltage,true
1110080000000,203-4747215-9137932,AMAZON,B0CXPT6W9C,,LSCY290RO2PK+RPR44WH2PK,1,26.89,,2026-07-30 15:28:58,amazon Dcvoltage,true
1110090000000,203-0494738-7058713,AMAZON,B0D56ZN8NP,,WCB7WH2PK+RPR44WH2PK,2,31.38,,2026-07-30 16:03:55,amazon Dcvoltage,true
1110100000000,026-0436724-8901151,AMAZON,B0D32YBFXP,,LSCY290RE2PK+RPR44WH2PK,1,26.43,26.43,2026-07-30 18:40:57,amazon Dcvoltage,true
1110110000000,026-2451301-9219548,AMAZON,B07QV1YKZW,,12RPIP45100,1,12.69,,2026-07-30 18:55:12,amazon Dcvoltage,true
1110120000000,204-1309309-9097111,AMAZON,B0D4YPCPPS,,LDMG80E2746PK,1,16.89,16.89,2026-07-30 20:11:33,amazon Dcvoltage,true
1110130000000,026-7350423-5118714,AMAZON,B0CS9Q78XH,,LSCY210BG2PK+RPR44WH2PK,1,23.49,23.49,2026-07-30 20:15:09,amazon Dcvoltage,true
1110140000000,206-0700966-2900338,AMAZON,B0CYZVX28V,,LSCY290CO2PK+RPR44WH2PK,1,32.89,32.89,2026-07-30 20:38:03,amazon Dcvoltage,true
1110150000000,205-6813208-8121132,AMAZON,B0GGDTRTN7,,CRFF100BM2PK+LHNSE27BM2PK+ICST64E272PK,1,28.89,28.89,2026-07-30 21:35:35,amazon Dcvoltage,true
1110160000000,203-4448279-0120310,AMAZON,B0CGRJ1V8L,,TPOSBDBM,1,23.30,23.30,2026-07-30 21:50:37,amazon Dcvoltage,true
1110170000000,205-2679867-8493106,AMAZON,B0CH39MWRF,,WSOSBDBM,1,19.59,19.59,2026-07-30 22:15:32,amazon Dcvoltage,true
1110180000000,203-5686241-5347537,AMAZON,B0CGZQV9Y7,,LSMCSPFLMC+RPR44WH,1,29.88,,2026-07-30 05:40:17,amazon Ledsone,true
1110190000000,026-5549504-7581956,AMAZON,B0BBS6B82P,,CL3TBMAPK,1,20.99,20.99,2026-07-30 07:02:05,amazon Ledsone,true
1110200000000,202-1703852-1550713,AMAZON,B0C9JFJGGH,,PHUH1HETBM+LSHM400HE,1,32.19,32.19,2026-07-30 07:33:36,amazon Ledsone,true
1110220000000,026-5796406-4803531,AMAZON,B093T4FQVW,,LSMS320GR+RPR44WH,1,14.79,14.79,2026-07-30 09:51:25,amazon Ledsone,true
1110230000000,202-3655700-8424339,AMAZON,B0BB371NGW,,CL2RBM5PK,1,12.45,12.45,2026-07-30 11:47:39,amazon Ledsone,true
1110240000000,026-6103109-8985946,AMAZON,B0B9Y5MRSK,,CL3TGD5PK,1,12.99,12.99,2026-07-30 13:07:27,amazon Ledsone,true
1110250000000,202-5852667-7559533,AMAZON,B0D296Z5B4,,LSCY290WH3PK+RPR44WH3PK,1,36.29,,2026-07-30 13:25:05,amazon Ledsone,true
1110260000000,203-2463295-4249128,AMAZON,B0BB31CP27,,CL2RWH5PK,1,13.99,13.99,2026-07-30 13:33:23,amazon Ledsone,true
1110270000000,203-7638522-9721135,AMAZON,B0DPQFRMCD,,ENC7893,1,41.79,41.79,2026-07-30 14:01:39,amazon Ledsone,true
1110280000000,202-4706167-0206729,AMAZON,B0BBB4SC4Y,,CL3RBK5PK,1,14.69,14.69,2026-07-30 14:42:00,amazon Ledsone,true
1110290000000,203-7061245-6886703,AMAZON,B0BBS6B82P,,CL3TBMAPK,1,20.99,20.99,2026-07-30 15:08:23,amazon Ledsone,true
1110300000000,026-4385704-8553149,AMAZON,B0CHRVWSBM,,CL3RBM5PK,1,11.99,11.99,2026-07-30 15:32:49,amazon Ledsone,true
1110310000000,204-8054964-0326711,AMAZON,B0B9Y5MRSK,,CL3TGD5PK,1,12.99,,2026-07-30 15:43:32,amazon Ledsone,true
1110320000000,205-0240471-0576365,AMAZON,B0BBB5YCJN,,CL3RCR5PK,1,13.79,13.79,2026-07-30 16:16:08,amazon Ledsone,true
1110330000000,204-5904618-9826743,AMAZON,B0BB371NGW,,CL2RBM5PK,1,12.45,12.45,2026-07-30 17:03:10,amazon Ledsone,true
1110340000000,204-4871479-3388321,AMAZON,B07CPWC9PP,,dc12IP6780,1,14.99,14.99,2026-07-30 18:12:42,amazon Ledsone,true
1110350000000,202-3294597-3791539,AMAZON,B0BB31CP27,,CL2RWH5PK,1,14.34,14.34,2026-07-30 18:45:05,amazon Ledsone,true
1110360000000,205-1137058-5932317,AMAZON,B09L115HFJ,,12UK3P10A,1,16.99,16.99,2026-07-30 18:55:32,amazon Ledsone,true
1110370000000,206-4347200-8328359,AMAZON,B0CCHXR4X2,,SPSDP2WH3PK,1,13.89,13.89,2026-07-30 19:20:15,amazon Ledsone,true
1110380000000,203-2237050-9294701,AMAZON,B0DXQ8WPCG,,LSCY290SN2PK+RPR44WH2PK,1,28.89,,2026-07-30 19:26:02,amazon Ledsone,true
1110390000000,204-8584935-9365157,AMAZON,B0DBLB6ZSH,,LSDO210GR2PK+RPR44WH2PK,1,15.99,,2026-07-30 19:44:01,amazon Ledsone,true
1110410000000,204-9195550-1107507,AMAZON,B0957XC6K9,,ENC1312,1,23.05,23.05,2026-07-30 20:41:06,amazon Ledsone,true
1110420000000,204-5071298-1770755,AMAZON,B0F2919THD,,LSCY290CO+RPR44WH,1,19.89,19.89,2026-07-30 21:07:08,amazon Ledsone,true
1110430000000,203-3046285-9801928,AMAZON,B0BC1CYP2F,,CL3RBMAPK,1,22.89,22.89,2026-07-30 21:40:17,amazon Ledsone,true
1110440000000,205-2313846-2952306,AMAZON,B0GDDXRR5K,,LDMT185E2735PK,1,16.39,16.39,2026-07-30 22:36:55,amazon Ledsone,true
1111800000000,205-6613424-8729950,AMAZON,B08XC1QT69,,CL3THEAPK,1,19.99,19.99,2026-07-31 05:41:04,amazon Dcvoltage,true
1111810000000,205-4169106-7289949,AMAZON,B0CRZ5GV66,,LSCY290YB+RPR44WH,1,16.89,16.89,2026-07-31 07:44:55,amazon Dcvoltage,true
1111820000000,204-4611531-8756318,AMAZON,B08XBHQ8JJ,,PSDS2BMRGR,1,11.89,11.89,2026-07-31 08:34:47,amazon Dcvoltage,true
1111830000000,203-5086370-0110730,AMAZON,B0D56ZN8NP,,WCB7WH2PK+RPR44WH2PK,1,15.69,15.69,2026-07-31 08:43:02,amazon Dcvoltage,true
1111840000000,206-1818501-4451532,AMAZON,B0G2YBCMRK,,ENC285,1,20.89,20.89,2026-07-31 09:26:03,amazon Dcvoltage,true
1111850000000,026-5301620-4802723,AMAZON,B0D4YDHJNZ,,LDMG80E2743PK,1,12.39,12.39,2026-07-31 09:31:08,amazon Dcvoltage,true
1111860000000,202-4457271-9981918,AMAZON,B0DFHMC949,,LSCY290BI+RPR44WH-,1,15.29,15.29,2026-07-31 10:00:15,amazon Dcvoltage,true
1111870000000,203-2299559-8583563,AMAZON,B08V5MK449,,CRSF100BM+PHCH1BMRBM+LSCY290BM,1,20.49,20.49,2026-07-31 11:17:35,amazon Dcvoltage,true
1111880000000,206-5611346-1058764,AMAZON,B0BZ4YPVXF,,ENC1292,2,41.78,,2026-07-31 17:16:17,amazon Dcvoltage,true
1111890000000,202-1024441-8933939,AMAZON,B0CXT2NJD9,,LSMS320YE2PK+RPR44WH2PK,1,30.48,25.49,2026-07-31 17:40:51,amazon Dcvoltage,true
1111900000000,203-6564015-0768337,AMAZON,B0C7BZ5756,,LSCY290GC+RPR44WH,1,15.49,,2026-07-31 17:58:42,amazon Dcvoltage,true
1111910000000,205-9302913-2654706,AMAZON,B0D56YL7CS,,WCB6BC2PK+RPR44WH2PK,1,14.89,14.89,2026-07-31 19:15:20,amazon Dcvoltage,true
1111920000000,206-7704854-5406755,AMAZON,B08XC1QT69,,CL3THEAPK,1,19.99,19.99,2026-07-31 19:19:03,amazon Dcvoltage,true
1111930000000,206-8223923-8524352,AMAZON,B08TX2PF6H,,LSMS320BT+RPR44WH,1,14.99,,2026-07-31 19:25:03,amazon Dcvoltage,true
1111940000000,204-3033471-0477963,AMAZON,B0DTQ47GBY,,WCCYSP160GD2PK,1,26.89,26.89,2026-07-31 19:46:39,amazon Dcvoltage,true
1111950000000,205-1583306-9512321,AMAZON,B07CRTS1LD,,12IP67100,1,14.49,,2026-07-31 19:59:08,amazon Dcvoltage,true
1111960000000,026-7304019-4184314,AMAZON,B0CGRJ1V8L,,TPOSBDBM,1,23.30,,2026-07-31 20:43:25,amazon Dcvoltage,true
1111970000000,203-2256435-1154752,AMAZON,B0CPBX86K6,,LSCY290NB+RPR44WH,1,15.49,15.49,2026-07-31 21:09:00,amazon Dcvoltage,true
1111980000000,203-6717903-6422731,AMAZON,B0DH9CY29Z,,CL3TGL5PK,2,23.98,,2026-07-31 21:58:06,amazon Dcvoltage,true
1111990000000,204-1986336-6442746,AMAZON,B0BB371NGW,,CL2RBM5PK,1,13.47,12.47,2026-07-31 03:45:49,amazon Ledsone,true
1112000000000,202-6593068-3753942,AMAZON,B0D8YHSBLV,,LSCY210BG2PK+RPR44WH2PK,1,20.89,20.89,2026-07-31 07:41:49,amazon Ledsone,true
1112010000000,205-5495490-4516334,AMAZON,B0CBCN1B9S,,CRFF500BM+PHCH1BMRBM3PK+LSCY210BG3PK+IC,1,37.89,37.89,2026-07-31 08:48:54,amazon Ledsone,true
1112020000000,206-2577095-6881121,AMAZON,B0BB3NVM9D,,CL2RGD5PK,1,13.79,13.79,2026-07-31 10:17:12,amazon Ledsone,true
1112030000000,204-7971225-6621950,AMAZON,B0868DXK1B,,CCBKNWE48,2,19.98,,2026-07-31 10:26:01,amazon Ledsone,true
1112040000000,206-0151058-0693962,AMAZON,B09HSBKLHK,,CL2TRO5PK,1,13.49,13.49,2026-07-31 11:01:25,amazon Ledsone,true
1112050000000,203-4849065-9594709,AMAZON,B0F28YFTQ9,,LSCY290BU+RPR44WH,1,14.79,14.79,2026-07-31 11:28:32,amazon Ledsone,true
1112060000000,202-1938491-8254706,AMAZON,B0CF8RVSCL,,LSMS320BT+RPR44WH,1,14.99,,2026-07-31 11:43:10,amazon Ledsone,true
1112070000000,205-8004021-2924359,AMAZON,B09479HV6W,,LDMG95E2783PK,1,14.09,,2026-07-31 12:03:33,amazon Ledsone,true
1112080000000,026-3160870-1352322,AMAZON,B0BB31CP27,,CL2RWH5PK,1,13.99,13.99,2026-07-31 12:54:38,amazon Ledsone,true
1112090000000,203-6099257-8737953,AMAZON,B0F6SLG78J,,PHUH1HETBM,3,33.17,35.25,2026-07-31 14:49:30,amazon Ledsone,true
1112100000000,205-8795899-9294759,AMAZON,B0DXQ53JQF,,LSCY290CH2PK+RPR44WH2PK,1,26.89,26.89,2026-07-31 16:28:18,amazon Ledsone,true
1112110000000,204-5375705-7077961,AMAZON,B099FFBHBR,,amzn.gr.CRSF100YB_LHNSE27YB_SC-XhEwan-LN,2,38.22,38.22,2026-07-31 16:48:25,amazon Ledsone,true
1112120000000,204-8574454-6922711,AMAZON,B0F2915RW5,,LSCY290CY+RPR44WH,1,15.49,15.49,2026-07-31 17:40:12,amazon Ledsone,true
1112130000000,204-4238894-2064328,AMAZON,B0F43VK2KY,,LSCY290CO+RPR44WH,2,69.24,34.62,2026-07-31 18:21:55,amazon Ledsone,true
1112140000000,204-4238894-2064328,AMAZON,B0FPWTHD66,,LSOL180BC2PK+RPR44WH2PK,1,17.31,17.31,2026-07-31 18:21:55,amazon Ledsone,true
1112150000000,202-6176694-2629158,AMAZON,B095Z3GZFK,,CRFF500BM+PHRI1PBRYB3PK+LSFT220BM3PK,1,32.79,32.79,2026-07-31 18:22:16,amazon Ledsone,true
1112160000000,026-4871259-7229121,AMAZON,B0DR94W3SS,,PSOS4BMTHE+ICST64E27,1,14.89,,2026-07-31 19:41:56,amazon Ledsone,true
1112170000000,206-8062766-4800365,AMAZON,B0BW9SGHDN,,LSLT360WH+RPR44WH,1,12.20,,2026-07-31 20:18:32,amazon Ledsone,true
1112180000000,204-1927936-8776346,AMAZON,B0C3ZT3VR1,,LSCY290BD+RPR44WH,1,14.89,14.89,2026-07-31 20:54:43,amazon Ledsone,true
1112190000000,202-4541296-2478732,AMAZON,B0CDWVF7VV,,PSHYOS4WRWH,1,14.09,14.09,2026-07-31 21:11:31,amazon Ledsone,true
1194361,026-3585953-4976365,AMAZON,B0CZXL6ZYG,,TPOSBDBM,1,24.99,20.82,2026-07-01 00:03:24,amazon Ledsone,false
1194362,203-2189622-3576325,AMAZON,B0DBLNDY2B,,CL3RIV5PK,1,13.49,13.49,2026-07-01 00:11:41,amazon Dcvoltage,false
1194364,026-8701848-0707560,AMAZON,B0G39VRZ29,,LSGG200AR+SCRN70FG,1,23.99,19.99,2026-07-01 00:47:09,amazon Ledsone,false
1194366,202-9634145-3225111,AMAZON,B0FY2HP9LJ,,PHUH0.5HETBM,2,20.44,9.16,2026-07-01 00:55:46,amazon Ledsone,false
1194367,206-9691966-2934728,AMAZON,B0DKNBKTGR,,LHCCE27WH,1,8.08,5.19,2026-07-01 01:09:31,amazon Dcvoltage,false
1194370,202-7987032-9857134,AMAZON,B0DH8XPJC1,,CL3TRE2PK,1,9.28,5.99,2026-07-01 02:06:32,amazon Dcvoltage,false
1194372,026-8231359-8402764,AMAZON,B0GTYJBGDD,,LDST185E2746PK,1,17.89,14.91,2026-07-01 02:28:15,amazon Ledsone,false
1194405,204-6680382-4595509,AMAZON,B0CV19Q3RR,,CKCP38383,1,29.99,29.99,2026-07-01 04:33:01,amazon Dcvoltage,false
1194414,026-4356105-1189161,AMAZON,B0DVLPPMXL,,PHSHF1PBRYB+LSCY290BG+ICST64E27,1,21.99,18.32,2026-07-01 06:11:19,amazon Ledsone,false
1194416,204-2515099-2674711,AMAZON,B0CS3LSTMS,,WCB7BS+RPR44WH,2,21.78,10.89,2026-07-01 06:31:32,amazon Dcvoltage,false
1194420,203-5236471-5448335,AMAZON,B0BB335TJ3,,CL2RGL5PK,1,13.89,11.57,2026-07-01 06:46:03,amazon Ledsone,false
1194434,204-6842443-3797153,AMAZON,B08XWSBPHW,,WCB1BM+RPR44WH,1,9.99,9.99,2026-07-01 00:17:47,amazon Dcvoltage,false
1194443,026-6346950-1399537,AMAZON,B07ZQ38MKQ,,HRE2738BM2PK,1,6.78,3.24,2026-07-01 07:47:05,amazon Ledsone,false
1194448,204-3316423-5892346,AMAZON,B0CCJ5YGRJ,,SPSDP3WH6PK,1,14.09,11.74,2026-07-01 07:54:17,amazon Ledsone,false
1194451,202-6907400-0510751,AMAZON,B0D296W2FG,,LSCY290GY3PK+RPR44WH3PK,2,80.98,33.74,2026-07-01 08:02:22,amazon Ledsone,false
1194472,206-3881767-8239539,AMAZON,B07ZFWR48Y,,CRFF100BM+LHNSE27BM,1,13.89,13.89,2026-07-01 08:54:59,amazon Dcvoltage,false
1194476,204-0437823-4748369,AMAZON,B0CNLZKBMR,,ENC1831,1,21.89,18.24,2026-07-01 08:59:19,amazon Ledsone,false
1194486,205-3509621-5299533,AMAZON,B0F1N8R9NP,,CL3RGD5PK,1,10.03,8.99,2026-07-01 07:13:54,amazon Ledsone,false
1194500,204-6659119-2176325,AMAZON,B07CM4KTJW,,12IP67100,1,19.99,16.66,2026-07-01 09:44:44,amazon Ledsone,false
1194501,202-6350789-3300334,AMAZON,B0BLP1JSRK,,LDMST64E2786PK,1,20.39,16.99,2026-07-01 09:44:41,amazon Ledsone,false
1194503,203-2881080-5113909,AMAZON,B0DHVL2X3W,,LHSHE27FG,3,23.67,7.89,2026-07-01 09:41:41,amazon Dcvoltage,false
1194512,202-1659353-2465934,AMAZON,B08PYZLJCK,,12IP6745,1,15.89,13.24,2026-07-01 09:57:20,amazon Ledsone,false
1194516,026-4282677-6469904,AMAZON,B0C4DRYJ5T,,CRSF2003BM+WCRN3CBM3PK,1,38.89,38.89,2026-07-01 10:12:21,amazon Dcvoltage,false
1194517,205-6519096-9186718,AMAZON,B0BX4CCRYC,,LSMS320RE+RPR44WH,1,15.89,15.89,2026-07-01 10:10:40,amazon Dcvoltage,false
1194519,026-3366574-3789915,AMAZON,B07R181VCV,,12IP6750,4,52.04,11.66,2026-07-01 10:10:17,amazon Ledsone,false
1194520,026-5936990-2301909,AMAZON,B0CGZQV9Y7,,LSMCSPFLMC+RPM40WH,1,24.89,20.74,2026-07-01 10:10:54,amazon Ledsone,false
1194521,203-7985514-7731517,AMAZON,B0DTYBJRF8,,LSCY290BC2PK+RPR44WH2PK,1,30.79,25.66,2026-07-01 10:14:24,amazon Ledsone,false
1194525,202-7740958-6269969,AMAZON,B0FX2SP39V,,LSCYRO200WH2PK+RPR44WH2PK,1,24.89,24.89,2026-07-01 10:19:44,amazon Dcvoltage,false
1194530,026-3907978-2379507,AMAZON,B0DF7BD73R,,CRSF100BM+PHRYWP1RBM,2,21.37,9.58,2026-07-01 10:35:04,amazon Ledsone,false
1194531,206-5128955-7493956,AMAZON,B0FW514SS5,,LSCYRO300BM+RPR44WH,1,19.89,19.89,2026-07-01 10:38:57,amazon Dcvoltage,false
1194536,204-7290427-4858729,AMAZON,B0GCZG4XFD,,CRSF120WH,2,13.85,4.91,2026-07-01 10:47:22,amazon Ledsone,false
1194543,203-8107829-3257966,AMAZON,B0CL42QSFG,,CRSF1205RO+PHBK1PBRRO5PK+ICST64E275PK,1,52.69,43.91,2026-07-01 10:50:24,amazon Ledsone,false
1194544,203-7603033-2798711,AMAZON,B09KZZDFV2,,12UK3P1A,2,14.40,5.16,2026-07-01 10:55:14,amazon Ledsone,false
1194545,026-4496259-4759550,AMAZON,B0D93YCRZS,,CRSF100BM2PK+PHRYWP1RBM2PK,1,18.19,18.19,2026-07-01 10:52:22,amazon Dcvoltage,false
1194552,206-0492040-2097912,AMAZON,B08SJ2MW2R,,CRFF100WH+PHUP1PWRWH+CNT900WH,1,18.57,18.57,2026-07-01 11:08:07,amazon Dcvoltage,false
1194559,202-6965419-4199564,AMAZON,B093T4C95B,,LSMS320CB+RPR44WH,1,13.99,11.66,2026-07-01 11:14:27,amazon Ledsone,false
1194560,206-1816493-9976309,AMAZON,B0F7QRS48B,,CL3TBMAPK,5,103.28,18.51,2026-07-01 11:17:53,amazon Ledsone,false
1194561,206-8681427-2810769,AMAZON,B0GLNHSJZ8,,PL4HBM,1,37.89,31.57,2026-07-01 11:18:17,amazon Ledsone,false
1194567,205-0625638-1938758,AMAZON,B07CSVGZMV,,CL3TBUAPK,1,19.99,19.99,2026-07-01 11:34:24,amazon Dcvoltage,false
1194568,203-1864071-2031524,AMAZON,B0GR8NP493,,SPPGUK3PWH2PK,1,8.38,4.57,2026-07-01 11:31:50,amazon Ledsone,false
1194571,206-3548719-3235537,AMAZON,B0GNZLCX15,,LHXSHE27BM3PK,1,13.89,11.57,2026-07-01 11:47:26,amazon Ledsone,false
1194572,206-0276069-1275503,AMAZON,B08XBXG4DR,,CRSF100WH+LHTTE27WH,1,10.89,10.89,2026-07-01 11:41:43,amazon Dcvoltage,false
1194578,203-2250145-8694725,AMAZON,B0BJ327RRV,,LDMG80E2745PK,1,18.89,15.74,2026-07-01 11:57:08,amazon Ledsone,false
1194579,206-6240281-1260343,AMAZON,B08WRLCTQK,,PHCT1BMRBM+PHBA1BMRBM+LSYG410GY,2,62.78,31.39,2026-07-01 11:50:11,amazon Dcvoltage,false
1194581,204-9135966-9766701,AMAZON,B0BL82M8SB,,LDMT185E274,3,24.50,5.82,2026-07-01 12:03:50,amazon Ledsone,false
1194582,206-0546539-2308368,AMAZON,B0CZXL6ZYG,,TPOSBDBM,1,25.89,21.57,2026-07-01 12:06:25,amazon Ledsone,false
1194588,206-6415220-7296347,AMAZON,B0F79KK8R4,,CTBOP20L+CTBOP11L+CTBOP27L,1,14.89,14.89,2026-07-01 12:16:38,amazon Dcvoltage,false
1194592,205-9407810-4458705,AMAZON,B0845YS5ZR,,LDMG95B224,1,6.08,5.07,2026-07-01 12:22:50,amazon Ledsone,false
1194598,204-5789942-3597161,AMAZON,B0DG29SP2H,,LDMA60E274WW2PK,1,10.88,6.66,2026-07-01 12:31:47,amazon Ledsone,false
1194599,205-5381342-8680367,AMAZON,B0D35T7XRC,,LDCCE27153PK,1,12.49,10.41,2026-07-01 12:33:00,amazon Ledsone,false
1194602,205-0084921-4763551,AMAZON,B0DHVL2X3W,,LHSHE27FG,1,10.78,7.89,2026-07-01 11:35:32,amazon Dcvoltage,false
1194603,206-4329886-4034704,AMAZON,B0F79KK8R4,,CTBOP20L+CTBOP11L+CTBOP27L,1,14.89,14.89,2026-07-01 12:31:49,amazon Dcvoltage,false
1194605,205-0665815-3752314,AMAZON,B09M43YSGW,,CRSF100YB+WSLS170YB+LSFT220YB,4,95.96,19.99,2026-07-01 12:46:13,amazon Ledsone,false
1194612,026-5447837-0626766,AMAZON,B084RNDPPW,,WCB4BB+RPR44WH,1,12.78,8.24,2026-07-01 12:53:35,amazon Ledsone,false
1194613,204-3215803-6908321,AMAZON,B0DB2B9NYZ,,CRFF75GB2PK,2,21.37,9.58,2026-07-01 12:54:12,amazon Ledsone,false
1194614,206-6590451-6557100,AMAZON,B0CDPZ5R1B,,WCCYSQCH2PK+LDMT45E2742PK,1,43.89,36.57,2026-07-01 12:56:38,amazon Ledsone,false
1194615,205-7723694-5714736,AMAZON,B0DH98J2L2,,CL3TBU5PK,1,12.28,8.99,2026-07-01 12:52:55,amazon Dcvoltage,false
1194618,202-5648715-4153957,AMAZON,B0CNQ1Q3BJ,,LDMG125E278,1,8.19,8.19,2026-07-01 13:02:31,amazon Dcvoltage,false
1194619,206-8817210-8209105,AMAZON,B08XBXG4DR,,CRSF100WH+LHTTE27WH,1,10.89,10.89,2026-07-01 13:03:19,amazon Dcvoltage,false
1194620,204-6229635-8923544,AMAZON,B0DW3V3Q35,,PHSHF1PBRYB+LSHH240BG,3,64.77,17.99,2026-07-01 13:00:34,amazon Ledsone,false
1194621,026-8201394-1393157,AMAZON,B0F1CPHYXH,,CRFF4002BM2PK,1,18.89,15.74,2026-07-01 13:02:19,amazon Ledsone,false
1194622,026-2675840-5817952,AMAZON,B0DP2VNVVF,,CRSF100SN+PHCHPCRSN+LSCY290SN,2,52.78,19.91,2026-07-01 13:06:00,amazon Ledsone,false
1194628,203-5835428-6977914,AMAZON,B0CB7TLJ6W,,SPSDP3WH2PK,1,9.08,6.19,2026-07-01 13:12:57,amazon Dcvoltage,false
1194637,203-9889854-1983557,AMAZON,B08XB16LF5,,PSDS4BMRRE,1,14.17,14.17,2026-07-01 13:19:07,amazon Dcvoltage,false
1194640,206-0280176-9577945,AMAZON,B0FVM8M13L,,CERU72350YE,4,26.29,5.24,2026-07-01 13:33:29,amazon Ledsone,false
1194647,204-9772113-9400340,AMAZON,B0F43P8JTW,,CENU1001200WH,1,25.99,25.99,2026-07-01 13:40:54,amazon Dcvoltage,false
1194648,202-4704870-3811517,AMAZON,B0DB5QGWLF,,LSEL400BM+RPR44WH,1,17.49,17.49,2026-07-01 13:50:04,amazon Dcvoltage,false
1194652,204-0923061-7700308,AMAZON,B0D2Y2RWYG,,APSPBRW2PK,2,19.58,9.79,2026-07-01 13:49:05,amazon Dcvoltage,false
1194653,203-8041326-6627552,AMAZON,B0FX2TFPZM,,LSCYRO120WH2PK+RPR44WH2PK,1,22.89,22.89,2026-07-01 13:51:50,amazon Dcvoltage,false
1194655,202-5037914-0146769,AMAZON,B08PC5CFNC,,LHSHE27YB,1,11.38,7.07,2026-07-01 13:53:02,amazon Ledsone,false
1194656,206-6110200-6580337,AMAZON,B0BLP2VGSC,,LDMST64E278APK,1,29.99,24.99,2026-07-01 13:21:30,amazon Ledsone,false
1194659,205-2207730-9884306,AMAZON,B0DF7BD73R,,CRSF100BM+PHRYWP1RBM,2,21.37,9.58,2026-07-01 14:14:20,amazon Ledsone,false
1194661,206-5672432-2609121,AMAZON,B0CQNL93QC,,PLTTBC+WCBNBC,1,22.89,22.89,2026-07-01 14:15:30,amazon Dcvoltage,false
1194663,204-8927114-5413956,AMAZON,B0CJ4RX6S2,,LSMCSPMSMC+RPM40WH,1,25.99,25.99,2026-07-01 14:20:43,amazon Dcvoltage,false
1194666,204-3608167-3077919,AMAZON,B0F28VGDSJ,,CERU36200BL,1,4.86,1.89,2026-07-01 14:18:57,amazon Dcvoltage,false
1194672,203-1125410-2706704,AMAZON,B0FB3Y2GWC,,LDMC35E144,1,5.99,4.99,2026-07-01 14:30:07,amazon Ledsone,false
1194673,204-5968406-4542732,AMAZON,B0DH4KYFPD,,WCDTBM2PK+RPR44WH2PK,1,18.29,15.24,2026-07-01 14:32:54,amazon Ledsone,false
1194674,203-3384958-4862714,AMAZON,B0DCKGXY3N,,STFG4845WH2PK,1,7.58,3.91,2026-07-01 14:32:33,amazon Ledsone,false
1194676,206-8889847-1271532,AMAZON,B0BNNW7P95,,LDMG125B228,1,8.19,6.82,2026-07-01 14:41:28,amazon Ledsone,false
1194677,026-6615619-1700334,AMAZON,B0B7196F29,,CRSF100CH,1,8.88,4.99,2026-07-01 14:44:02,amazon Ledsone,false
1194683,204-2211253-1278729,AMAZON,B0CNQ1Q3BJ,,LDMG125E278,1,8.19,8.19,2026-07-01 14:52:19,amazon Dcvoltage,false
1194691,026-3365010-2209946,AMAZON,B09V8BWNFZ,,CRSF2003BM+PHHN1PBRGD3PK+LSDO210NB3PK,1,38.89,32.41,2026-07-01 15:00:46,amazon Ledsone,false
1194694,203-3657213-2108365,AMAZON,B09ZVH3JKY,,CCBKNWE18,1,9.88,5.82,2026-07-01 15:16:47,amazon Ledsone,false
1194701,026-5886743-0032318,AMAZON,B0DH9BRNQ7,,CL3THE3PK,1,11.28,7.99,2026-07-01 15:23:35,amazon Dcvoltage,false
1194706,026-5107190-4512347,AMAZON,B0DDCPC539,,RWWPSN60YE,1,5.68,2.32,2026-07-01 15:40:52,amazon Ledsone,false
1194711,206-4218312-5743524,AMAZON,B0H393YSKV,,LSGL9015GY3PK+RPM40WH3PK,1,28.89,28.89,2026-07-01 16:04:58,amazon Dcvoltage,false
1194713,202-5221174-7118725,AMAZON,B0F292MNGB,,LSCY290BG+RPR44WH,2,34.98,14.58,2026-07-01 16:11:20,amazon Ledsone,false
1194719,026-2812789-1803545,AMAZON,B08DHD5LC8,,RPM40BM2PK,1,2.99,2.99,2026-07-01 16:23:38,amazon Dcvoltage,false
1194720,026-2812789-1803545,AMAZON,B08DHZG9VQ,,RPR44WH2PK,1,2.99,2.99,2026-07-01 16:23:38,amazon Dcvoltage,false
1194721,205-9123005-9794751,AMAZON,B0CKWL49NX,,CL3RBU5PK,1,13.89,13.89,2026-07-01 16:25:13,amazon Dcvoltage,false
1194729,206-9570171-2075558,AMAZON,B08P1HMKPK,,LSRP260SN+RPR44WH,1,18.89,18.89,2026-07-01 16:35:33,amazon Dcvoltage,false
1194737,026-8736263-2763553,AMAZON,B0DBLNDY2B,,CL3RIV5PK,1,13.49,13.49,2026-07-01 16:40:29,amazon Dcvoltage,false
1194745,204-8667883-8943538,AMAZON,B08RYTP5WV,,HRE2738WH2PK,2,4.71,0.91,2026-07-01 16:50:32,amazon SRM Amazon,false
1194750,203-1905078-8948320,AMAZON,B0CZNNRGMB,,LSSS300GR2PK+RPR44WH2PK,1,23.49,23.49,2026-07-01 17:07:52,amazon Dcvoltage,false
1194758,206-8642817-0917105,AMAZON,B0CBCN1B9S,,CRFF500BM+PHCH1BMRBM3PK+LSCY210BG3PK+ICST64E273PK,1,37.89,31.57,2026-07-01 17:14:35,amazon Ledsone,false
1194759,206-2971419-1733162,AMAZON,B08DRPFFTH,,CRSF100RO+PHCHPBRRO,1,10.99,10.99,2026-07-01 17:17:49,amazon SRM Amazon,false
1194760,202-7158131-4827556,AMAZON,B0FVXMYKCV,,WCIR300BM2PK+RPR44WH2PK,1,25.19,25.19,2026-07-01 17:19:57,amazon Dcvoltage,false
1194764,206-1508155-4834714,AMAZON,B0F2FDYS4Q,,LSMS320OR+RPR44WH,1,14.99,12.49,2026-07-01 17:19:19,amazon Ledsone,false
1194765,205-8660546-9670747,AMAZON,B0B71MJFDZ,,CRSF100BM,1,8.88,4.99,2026-07-01 17:24:41,amazon Ledsone,false
1194775,026-3831372-1849929,AMAZON,B0C948Q2C2,,PLTYBC+WCBNBC+LDMT130E274,1,18.89,18.89,2026-07-01 17:46:05,amazon Dcvoltage,false
1194777,206-9810149-4929117,AMAZON,B0GQ9FTQYJ,,LHXCCE27WH5PK,1,14.89,12.41,2026-07-01 17:48:42,amazon Ledsone,false
1194784,026-1532624-3469937,AMAZON,B0CN8SFP4G,,CRFF500BM+PHCH1BMRBM3PK+WCB6BM3PK,1,50.89,50.89,2026-07-01 17:57:50,amazon Dcvoltage,false
1194785,204-0186351-2022746,AMAZON,B083XMSFQF,,CL2RGL3PK,1,9.28,4.99,2026-07-01 17:49:01,amazon Ledsone,false
1194789,026-5082506-5987568,AMAZON,B0GVT5JPGR,,WCBTC100FG2PK+RPR44WH2PK,1,17.89,14.91,2026-07-01 18:04:13,amazon Ledsone,false
1194790,205-6898286-7025939,AMAZON,B083XJMVNB,,CL2TBL3PK,1,7.98,4.24,2026-07-01 18:04:39,amazon Ledsone,false
1194791,202-0736663-6071510,AMAZON,B0D5QZ5D6Y,,LSMCSQWYRE2PK+RPM40WH2PK,1,36.89,36.89,2026-07-01 18:05:47,amazon Dcvoltage,false
1194792,203-8870838-4746742,AMAZON,B08P1JKCZX,,LSRP260YB+RPR44WH,2,37.78,18.89,2026-07-01 18:06:02,amazon Dcvoltage,false
1194793,202-3335530-3124329,AMAZON,B0D4Y4SPFR,,CRFF140BM+WSWH135BM+LSDO210BC,3,50.07,16.69,2026-07-01 18:09:07,amazon Dcvoltage,false
1194794,203-9953937-2625120,AMAZON,B0D83PFMTP,,WCDCBM3PK+RPR44WH3PK,3,69.23,24.29,2026-07-01 18:16:57,amazon Dcvoltage,false
1194801,026-8534746-1621909,AMAZON,B0FX2SHBL5,,LSCYRO120BM2PK+RPR44WH2PK,1,21.89,21.89,2026-07-01 18:20:33,amazon Dcvoltage,false
1194807,202-0914124-6225124,AMAZON,B0DTYYYWYG,,LSSS300BG+RPR44WH,2,29.98,12.49,2026-07-01 18:39:30,amazon Ledsone,false
1194808,203-8574342-7089111,AMAZON,B0DTHKSNFS,,WCB6BM3PK+RPR44WH3PK,1,22.29,22.29,2026-07-01 18:49:26,amazon Dcvoltage,false
1194811,202-6301394-9939505,AMAZON,B0DVLPPMXL,,PHSHF1PBRYB+LSCY290BG+ICST64E27,1,21.99,18.32,2026-07-01 18:48:25,amazon Ledsone,false
1194812,206-4868540-4397946,AMAZON,B0DG29SP2H,,LDMA60E274WW2PK,1,10.88,6.66,2026-07-01 18:54:08,amazon Ledsone,false
1194816,203-9633676-4136315,AMAZON,B07F9HBHVY,,LDMT45E274,1,5.89,5.89,2026-07-01 18:59:19,amazon Dcvoltage,false
1194820,204-9899116-1018767,AMAZON,B0FMRL88RP,,CRSF100WH2PK+LHTTE27WH2PK,1,18.89,18.89,2026-07-01 19:10:02,amazon Dcvoltage,false
1194822,205-9684036-9508316,AMAZON,B0GDDFC6TS,,LDMT185E2733PK,1,13.39,11.16,2026-07-01 19:13:45,amazon Ledsone,false
1194830,026-3548419-5679559,AMAZON,B07L6T9P7B,,CRSF100GB,1,8.89,8.89,2026-07-01 19:39:55,amazon Dcvoltage,false
1194831,205-3507020-4175541,AMAZON,B0CS3LSTMS,,WCB7BS+RPR44WH,1,10.89,10.89,2026-07-01 19:44:12,amazon Dcvoltage,false
1194832,204-4403543-3393902,AMAZON,B0C2KVH4C9,,LSCP150BA+RPR44WH,1,11.89,9.91,2026-07-01 19:47:31,amazon Ledsone,false
1194845,203-8189427-2314733,AMAZON,B07BB324Q1,,CRFF108GB+HK10GB,1,8.92,5.41,2026-07-01 19:59:36,amazon Ledsone,false
1194846,206-4602883-7641104,AMAZON,B07CSTF1SR,,CL3TROAPK,1,21.99,21.99,2026-07-01 20:03:00,amazon Dcvoltage,false
1194847,206-7591957-0414726,AMAZON,B08P4S3ZTN,,HRE2738BM2PK,1,7.98,5.09,2026-07-01 20:03:24,amazon SRM Amazon,false
1194852,204-1321271-6327561,AMAZON,B0FB3ZFXY1,,LDMC35E1443PK,1,13.19,10.99,2026-07-01 20:11:07,amazon Ledsone,false
1194859,205-3913261-2046769,AMAZON,B0DX6BP7GV,,CENU46450WH,1,7.18,3.24,2026-07-01 20:27:33,amazon Ledsone,false
1194860,203-5358618-2612318,AMAZON,B0GXB4FPPR,,WCBTC140FG2PK+RPR44WH2PK,1,22.89,19.07,2026-07-01 20:26:20,amazon Ledsone,false
1194861,202-4585824-1081951,AMAZON,B0BL7LZR24,,LDMT45E2746PK,1,20.79,17.32,2026-07-01 20:26:57,amazon Ledsone,false
1194863,204-8567904-3261114,AMAZON,B0CGRPTT6W,,CRSF100BM+PHRYWP2RBM,4,42.00,9.41,2026-07-01 20:27:40,amazon Ledsone,false
1194869,026-0134670-3005106,AMAZON,B0FX2Q2VVY,,LSCYRO120GD2PK+RPR44WH2PK,1,21.29,21.29,2026-07-01 20:33:39,amazon Dcvoltage,false
1194870,204-3746904-9876365,AMAZON,B0G499DJQL,,WCCYSP180WH2PK+RPR44WH2PK,1,23.89,23.89,2026-07-01 20:32:52,amazon Dcvoltage,false
1194871,203-5296687-4445901,AMAZON,B08V8MYCZR,,CRSF100BM+PHSH1PBRBM+LSMS320GR,3,59.67,19.89,2026-07-01 20:00:54,amazon Dcvoltage,false
1194876,203-8469342-8069113,AMAZON,B0D4QLS2BR,,CSBEB6LG+CSBEB6PI,1,10.96,8.07,2026-07-01 20:40:52,amazon Dcvoltage,false
1194877,026-6882390-4194718,AMAZON,B08SHV91ZW,,CRFF100GB+PHUP1PBRGB+CNT900GB,3,33.45,11.99,2026-07-01 20:44:30,amazon Dcvoltage,false
1194878,202-6629373-0799536,AMAZON,B0D9Q69R2Z,,PLWSBM+ICST64E272PK,3,72.57,24.19,2026-07-01 20:46:45,amazon Dcvoltage,false
1194880,202-4465525-5381920,AMAZON,B08NTKB1DM,,CRFF500BM+PHCH1BMRBM3PK+LSCY210BG3PK,1,38.79,32.32,2026-07-01 20:41:47,amazon Ledsone,false
1194881,026-2738750-6716366,AMAZON,B09KNR8L6C,,CRSF2003BM+PHRB1PBR40BM3PK+LSBS160YE3PK,1,35.89,29.91,2026-07-01 20:43:53,amazon Ledsone,false
1194882,203-5133806-4797139,AMAZON,B0CHRK9GH7,,WCVCBC2PK+RPR44WH2PK,1,13.07,13.07,2026-07-01 20:47:52,amazon Ledsone,false
1194883,203-5133806-4797139,AMAZON,B0CCDR7C3Y,,WCVCBS2PK+RPR44WH2PK,1,12.91,12.91,2026-07-01 20:47:52,amazon Ledsone,false
1194890,205-5459118-9575509,AMAZON,B0FXGSY978,,PLADBC2PK,1,94.89,94.89,2026-07-01 20:56:07,amazon Dcvoltage,false
1194891,203-4362317-0451569,AMAZON,B0CN93TRBG,,LSMCP1ULMC+ICST64E27,1,43.79,36.49,2026-07-01 20:52:49,amazon Ledsone,false
1194896,203-2275008-0578704,AMAZON,B0DX19J4S2,,LHSHE27CO2PK,1,10.89,9.07,2026-07-01 21:00:56,amazon Ledsone,false
1194898,204-2402835-8536362,AMAZON,B0BBB6LRDT,,CL3ROR5PK,1,15.79,13.16,2026-07-01 21:08:50,amazon Ledsone,false
1194908,202-1374386-2618734,AMAZON,B0GQ9FTQYJ,,LHXCCE27WH5PK,1,14.89,12.41,2026-07-01 21:19:09,amazon Ledsone,false
1194909,206-9060288-8725157,AMAZON,B0BL82M8SB,,LDMT185E274,1,6.99,5.82,2026-07-01 21:27:39,amazon Ledsone,false
1194912,202-4793060-9660305,AMAZON,B08XBXG4DR,,CRSF100WH+LHTTE27WH,2,21.78,10.89,2026-07-01 21:29:02,amazon Dcvoltage,false
1194913,206-4546525-7471562,AMAZON,B08TRHH7G7,,CRSF100BM+LHNSE27YB+SCRN70BM+LSWD360BM,1,30.29,30.29,2026-07-01 21:25:46,amazon Dcvoltage,false
1194914,204-0347517-8099519,AMAZON,B0C9TWTCZ8,,LSCY210BG+RPR44WH,4,49.96,12.49,2026-07-01 21:31:50,amazon Dcvoltage,false
1194915,203-4916458-6738720,AMAZON,B0FMRL88RP,,CRSF100WH2PK+LHTTE27WH2PK,2,37.78,18.89,2026-07-01 21:34:43,amazon Dcvoltage,false
1194919,206-0112416-0340315,AMAZON,B0GYPHS75M,,BS6S8033BM,1,25.89,17.41,2026-07-01 21:35:52,amazon Ledsone,false
1194920,203-9651403-7853968,AMAZON,B0FW56DW8T,,LSCYRO200WH+RPR44WH,2,27.70,14.89,2026-07-01 21:44:04,amazon Dcvoltage,false
1194926,206-5671155-7681104,AMAZON,B0FW4PD16T,,LSCYRO300GD+RPR44WH,1,18.89,15.74,2026-07-01 22:05:00,amazon Ledsone,false
1194927,202-0647085-1376365,AMAZON,B0GRGDVM2Y,,IMRGCPK,2,14.76,5.32,2026-07-01 22:06:59,amazon Ledsone,false
1194929,026-8639569-0329159,AMAZON,B0FPWZ7H6Z,,LDCWA95B22226PK,1,11.89,9.91,2026-07-01 22:08:40,amazon Ledsone,false
1194931,204-0786356-4874723,AMAZON,B0BNW15F5T,,CRSF100BM+LHNSE27YB+SCRN70BM+LSWD360BM,1,28.29,28.29,2026-07-01 22:09:20,amazon Dcvoltage,false
1194935,203-6402390-4963535,AMAZON,B0D97YV7TB,,WCWDBM2PK+RPR44WH2PK,1,15.29,12.74,2026-07-01 22:28:09,amazon Ledsone,false
1194938,204-3977045-8374715,AMAZON,B0DX6WHN2Q,,CENU50300WH,1,6.38,2.57,2026-07-01 22:38:14,amazon Ledsone,false
1194940,206-0810125-0455523,AMAZON,B09JVQ6VXT,,LDSG95DIE2743PK,1,19.89,19.89,2026-07-01 22:39:00,amazon Dcvoltage,false
1194944,202-5494697-2026723,AMAZON,B0FPWXQWQD,,LDCWA60HB2296PK,1,9.98,6.24,2026-07-01 22:53:58,amazon Ledsone,false
1194945,204-3667772-6582722,AMAZON,B0H1CVKTBL,,PHSF1GDTYB+ICST64E27,1,18.19,15.16,2026-07-01 22:57:45,amazon Ledsone,false
1194946,026-2882819-4085105,AMAZON,B0C7H3C8L8,,LSFT220BS+RPR44WH,1,10.79,10.79,2026-07-01 22:53:13,amazon Dcvoltage,false
1194947,202-6895372-0974720,AMAZON,B0D56WV9GR,,WCB7BS2PK+RPR44WH2PK,1,17.79,17.79,2026-07-01 22:56:07,amazon Dcvoltage,false
1194948,202-7105996-5144308,AMAZON,B08NXN2VD3,,LSDO300YB+RPR44WH,1,18.89,18.89,2026-07-01 22:52:07,amazon SRM Amazon,false
1194953,206-8027126-9942761,AMAZON,B0FTGC8P44,,WCFL180RO+RPR44WH,1,14.89,14.89,2026-07-01 22:58:07,amazon Dcvoltage,false
1194954,204-4965233-4997947,AMAZON,B0CNRQLK6B,,LDMT185B224,1,7.19,7.19,2026-07-01 23:09:30,amazon Dcvoltage,false
1194961,205-8453653-0093151,AMAZON,B0DXQ7YWGJ,,LSCY290YB2PK+RPR44WH2PK,1,27.89,23.24,2026-07-01 23:10:13,amazon Ledsone,false
1194962,203-6093271-8054739,AMAZON,B0DBLBTWQT,,LSDO210RE2PK+RPR44WH2PK,1,16.99,14.16,2026-07-01 23:12:51,amazon Ledsone,false
1194964,204-8733137-7520330,AMAZON,B0CY5JHM67,,ENC6484,1,29.49,29.49,2026-07-01 23:09:10,amazon Dcvoltage,false
1194965,204-4513224-7037938,AMAZON,B0D7VGY4P7,,SPSDP2SNAPK,1,16.88,14.07,2026-07-01 23:28:18,amazon Ledsone,false
1194966,203-3606737-1565930,AMAZON,B0FMRL88RP,,CRSF100WH2PK+LHTTE27WH2PK,1,18.89,18.89,2026-07-01 23:25:51,amazon Dcvoltage,false
1194967,203-2517121-6888307,AMAZON,B0G499DJQL,,WCCYSP180WH2PK+RPR44WH2PK,1,23.89,23.89,2026-07-01 23:31:01,amazon Dcvoltage,false
1194976,206-7010571-7177158,AMAZON,B0FW514SS5,,LSCYRO300BM+RPR44WH,1,19.89,19.89,2026-07-01 23:48:55,amazon Dcvoltage,false
1194979,026-6977684-1533148,AMAZON,B0CTT9MRNT,,LSMS320CB+RPR44WH,1,14.99,14.99,2026-07-02 00:17:34,amazon Dcvoltage,false
1194982,206-6841127-7459554,AMAZON,B0FT2F3573,,PHSF1PWR40WH+LSBS160BU,3,52.70,18.89,2026-07-02 00:24:20,amazon Dcvoltage,false
1194985,204-2652969-2681959,AMAZON,B0D8SVLVW2,,LCFM4C,5,11.68,1.46,2026-07-02 01:46:24,amazon Ledsone,false
1194987,202-0020112-8963527,AMAZON,B09V89M92G,,CRSF2003BM+PHHN1PBRGD3PK+LSDO210RE3PK,1,38.89,32.41,2026-07-02 02:05:42,amazon Ledsone,false
1195017,202-4203908-2735500,AMAZON,B0GTMJFSTP,,LSGL15014CL2PK+RPM40WH2PK,1,13.89,11.57,2026-07-02 05:17:06,amazon Ledsone,false
1195019,206-0821956-1737912,AMAZON,B0FX2TFPZM,,LSCYRO120WH2PK+RPR44WH2PK,1,22.89,22.89,2026-07-02 05:27:21,amazon Dcvoltage,false
1195027,205-7714887-1789923,AMAZON,B0FXFMGXK7,,WCBCFRO2PK+RPR44WH2PK,1,20.29,16.91,2026-07-02 06:02:04,amazon Ledsone,false
1195035,202-7059887-4772325,AMAZON,B0DMSD8DPD,,CCGNNWE60,4,33.96,8.49,2026-07-02 06:44:07,amazon Dcvoltage,false
1195036,206-5289430-2925918,AMAZON,B0D7S387C4,,LSMS320GR3PK+RPR44WH3PK,1,35.89,29.91,2026-07-02 06:39:05,amazon Ledsone,false
1195050,202-5335630-3323563,AMAZON,B0CDWS1SZP,,PSHNOS2BRBM,1,12.38,7.91,2026-07-02 07:37:34,amazon Ledsone,false
1195063,206-2312203-0421958,AMAZON,B0DG29SP2H,,LDMA60E274WW2PK,1,10.88,6.66,2026-07-02 08:00:16,amazon Ledsone,false
1195066,026-4054274-2467544,AMAZON,B0GR8XKW5B,,SPPGUK3PBM2PK,1,8.38,4.57,2026-07-02 08:23:27,amazon Ledsone,false
1195072,202-3714114-0176319,AMAZON,B0CCYY9W4J,,ENC4625,1,38.99,32.49,2026-07-02 08:38:07,amazon Ledsone,false
1195078,203-5793030-5414748,AMAZON,B0B8VVQSNV,,LDSG125LOE274,1,13.99,7.49,2026-07-02 08:43:42,amazon Ledsone,false
1195079,026-2744401-1535508,AMAZON,B098QLN1W3,,CCBC7,1,8.78,4.91,2026-07-02 08:45:38,amazon Ledsone,false
1195081,205-0623400-8363521,AMAZON,B0FMRQ4P8S,,CRSF100GY2PK+LHTTE27GY2PK,1,18.89,18.89,2026-07-02 08:41:37,amazon Dcvoltage,false
1195084,206-2595217-7896342,AMAZON,B0D8HYXLNQ,,ENC3535,1,23.89,23.89,2026-07-02 08:50:21,amazon Dcvoltage,false
1195087,206-3575436-7276358,AMAZON,B0CV5FGN5Z,,LDST185E2742PK,1,13.79,11.49,2026-07-02 09:00:24,amazon Ledsone,false
1195094,203-6746458-2693929,AMAZON,B0DL5FKLS7,,CKCP38385,1,17.49,14.57,2026-07-02 09:25:11,amazon Ledsone,false
1195095,206-0750952-4453930,AMAZON,B0C7CJHCB3,,LSCY290CB+RPR44WH,2,31.78,15.89,2026-07-02 09:29:25,amazon Dcvoltage,false
1195098,206-5615957-8013131,AMAZON,B0CNXLGT97,,CL3TCR3PK,3,16.76,4.49,2026-07-02 09:33:20,amazon Dcvoltage,false
1195100,026-9466882-5185119,AMAZON,B0CZXL6ZYG,,TPOSBDBM,1,25.89,21.57,2026-07-02 09:39:00,amazon Ledsone,false
1195103,202-4353611-1237147,AMAZON,B09D8FCGFC,,CRFF100CH+LHNSE27CH+LSLR260GR,1,21.89,21.89,2026-07-02 09:46:38,amazon Dcvoltage,false
1195113,206-0182577-3945950,AMAZON,B0CLGXC7ZP,,PHSF2GDTYB,1,14.89,12.41,2026-07-02 10:13:38,amazon Ledsone,false
1195114,203-8926424-3413926,AMAZON,B0D59Q2DL8,,WCB6BC2PK+RPR44WH2PK,1,16.29,16.29,2026-07-02 10:17:47,amazon Dcvoltage,false
1195119,205-9135062-5401900,AMAZON,B0DZNQCJX5,,RWWPSY08GY,1,1.58,1.58,2026-07-02 10:17:42,amazon Ledsone,false
1195120,205-9135062-5401900,AMAZON,B0DZNJDHCQ,,RWWPSY12GY,1,1.74,1.74,2026-07-02 10:17:42,amazon Ledsone,false
1195127,202-5202450-4557929,AMAZON,B0FN7GZ1FJ,,CRSF100WH+LHNSE27WH,1,14.28,11.99,2026-07-02 10:25:35,amazon SRM Amazon,false
1195133,203-4882594-1143568,AMAZON,B0FN4CNSPS,,PLHCBS+LSDO210BS3PK,1,47.83,39.86,2026-07-02 10:46:02,amazon Ledsone,false
1195134,026-4592540-6708363,AMAZON,B0DCZ22X2R,,WCFWROCO2PK+RPR44WH2PK,1,21.79,18.16,2026-07-02 10:48:16,amazon Ledsone,false
1195138,026-3371360-2517161,AMAZON,B07L5F8JPP,,WCVCBC+RPR44WH,1,8.89,8.89,2026-07-02 10:48:16,amazon Dcvoltage,false
1195147,205-9448825-2484315,AMAZON,B0GQ48BNBZ,,LSGLSC115AR+RPM40WH,1,11.89,11.89,2026-07-02 11:11:14,amazon Dcvoltage,false
1195148,206-5623749-1774711,AMAZON,B0D3LY29Z9,,CSBEB6LG+CSBEB6PI,1,12.58,8.07,2026-07-02 11:12:26,amazon Ledsone,false
1195149,203-6700484-8865901,AMAZON,B0CMCP8X1X,,CRFF500CH+WCCY1ROCH3PK,1,52.99,44.16,2026-07-02 11:17:14,amazon Ledsone,false
1195168,206-9645043-7012339,AMAZON,B0DF7BD73R,,CRSF100BM+PHRYWP1RBM,1,11.49,9.57,2026-07-02 11:39:58,amazon Ledsone,false
1195169,205-1892485-7516304,AMAZON,B0CMCRFFPW,,ENC5664,1,21.89,18.24,2026-07-02 11:48:02,amazon Ledsone,false
1195174,026-8970111-4504301,AMAZON,B0CGDW8WRR,,CRSF100WH+PHRN1PCRWH,1,11.19,9.32,2026-07-02 12:01:48,amazon Ledsone,false
1195175,026-7053588-4825152,AMAZON,B07JJ89FBC,,CRSF120CH+PHUP1PCRCH,1,8.59,8.59,2026-07-02 12:12:37,amazon Dcvoltage,false
1195186,203-8159196-9936332,AMAZON,B0CVHDJ4DQ,,CENU46450WH,1,6.78,3.24,2026-07-02 12:38:35,amazon Ledsone,false
1195187,202-3403098-1845147,AMAZON,B0BBGR52XK,,CL2RBD5PK,1,15.89,15.89,2026-07-02 12:25:11,amazon Dcvoltage,false
1195191,206-0836054-5036341,AMAZON,B08SHXTWQ3,,LSLC180BM+RPR44WH,1,10.69,10.69,2026-07-02 12:43:14,amazon SRM Amazon,false
1195193,205-7018750-0764333,AMAZON,B093H8YG8Z,,LSMS320GY+RPR44WH,1,14.99,12.49,2026-07-02 12:46:22,amazon Ledsone,false
1195195,206-5591376-5933139,AMAZON,B0DKX6GLKJ,,CRSF100BM,2,16.67,6.89,2026-07-02 12:39:32,amazon Dcvoltage,false
1195196,204-9647303-8645168,AMAZON,B0D6NBRV3X,,COY9ABM3PK,1,18.19,18.19,2026-07-02 12:40:43,amazon Dcvoltage,false
1195199,206-9761625-5764313,AMAZON,B0FFB3XJ7G,,BS6S8033GY,1,20.89,17.41,2026-07-02 12:49:46,amazon Ledsone,false
1195200,206-3514369-3277127,AMAZON,B0C4LWJMCS,,LSLC180BM+RPR44WH,1,11.89,9.91,2026-07-02 12:54:51,amazon Ledsone,false
1195201,203-5042647-2924331,AMAZON,B0CP7MN8ZP,,LHC6E27WH,1,4.99,4.99,2026-07-02 12:54:57,amazon Dcvoltage,false
1195202,203-5042647-2924331,AMAZON,B0CP7P4T9Y,,LHC5E27WH,1,4.98,4.98,2026-07-02 12:54:57,amazon Dcvoltage,false
1195207,205-4047062-3351536,AMAZON,B09N1PLYST,,ENC2238,1,29.89,24.91,2026-07-02 13:08:17,amazon Ledsone,false
1195208,203-0868741-6139515,AMAZON,B0FX2SP39V,,LSCYRO200WH2PK+RPR44WH2PK,1,24.89,24.89,2026-07-02 13:05:13,amazon Dcvoltage,false
1195209,206-7644300-5406722,AMAZON,B0C9TJPM1H,,ENC1911,1,18.89,18.89,2026-07-02 13:06:23,amazon Dcvoltage,false
1195211,026-3953053-9625162,AMAZON,B0CF5K9JQD,,CRSF100BM+PHCHPBRRO+LSCY290RO,2,47.78,19.91,2026-07-02 13:08:38,amazon Ledsone,false
1195212,202-2754518-2550709,AMAZON,B0CZXL6ZYG,,TPOSBDBM,1,25.89,21.57,2026-07-02 13:15:05,amazon Ledsone,false
1195213,203-6684272-6546767,AMAZON,B08P1SB13V,,CRFF500BM+PHHT1PBRBM3PK+WCDCBM3PK,1,33.89,33.89,2026-07-02 13:16:23,amazon Dcvoltage,false
1195221,203-5849872-2053913,AMAZON,B0D28TWPYD,,LSCY290BC2PK+RPR44WH2PK,2,51.58,21.49,2026-07-02 13:24:25,amazon Ledsone,false
1195222,203-1418621-9301166,AMAZON,B0C6R1T87Q,,PHDH1HETHE+ICST64E272PK,1,19.46,16.22,2026-07-02 13:26:37,amazon Ledsone,false
1195225,205-8489187-9427521,AMAZON,B07CWCH2YP,,12IP67150,1,32.19,32.19,2026-07-02 13:37:15,amazon Dcvoltage,false
1195226,203-5117837-8359519,AMAZON,B0DBLLCT9Y,,CL3RYT5PK,1,10.49,10.49,2026-07-02 13:37:44,amazon Dcvoltage,false
1195229,202-5965795-2354754,AMAZON,B0B9SJBJ7W,,CL2TGY5PK,1,12.49,10.41,2026-07-02 13:37:29,amazon Ledsone,false
1195233,206-5932858-2073903,AMAZON,B0CK42P67J,,LSMCSPSQMC2PK+RPM40WH2PK,1,41.89,34.91,2026-07-02 13:41:53,amazon Ledsone,false
1195234,205-5346691-9853135,AMAZON,B0F29P1SH6,,CERU36150GR,6,12.32,1.41,2026-07-02 13:47:29,amazon Ledsone,false
1195238,202-7229181-3876318,AMAZON,B0F28YNDZN,,LSCY290RO+RPR44WH,1,18.29,15.24,2026-07-02 13:49:10,amazon Ledsone,false
1195239,203-7830810-9282723,AMAZON,B0BYSPXBBX,,ENC8966,2,47.78,19.91,2026-07-02 13:51:31,amazon Ledsone,false
1195240,205-5901334-2543556,AMAZON,B0FY3FMG2G,,WCIR300BM3PK+RPR44WH3PK,1,35.17,35.17,2026-07-02 13:50:34,amazon Dcvoltage,false
1195245,204-7630685-0755523,AMAZON,B0DH9H89G1,,CL3TGLAPK,1,20.99,20.99,2026-07-02 14:00:46,amazon Dcvoltage,false
1195246,202-2628664-1780363,AMAZON,B0CN4NXPG7,,PLHLBC,2,36.98,18.49,2026-07-02 14:02:37,amazon Dcvoltage,false
1195247,202-2628664-1780363,AMAZON,B0CN4LSNC4,,PLWLRR,4,75.56,18.89,2026-07-02 14:02:37,amazon Dcvoltage,false
1195248,026-7970448-5110716,AMAZON,B07MBLMGLL,,CCBKNWE12,1,9.28,6.39,2026-07-02 14:16:22,amazon Dcvoltage,false
1195252,203-8188761-9369129,AMAZON,B0DSBP4962,,PLTTBC+LSFT220BC,1,21.79,21.79,2026-07-02 14:17:34,amazon Dcvoltage,false
1195258,204-8006973-3060364,AMAZON,B0GXB4FPPR,,WCBTC140FG2PK+RPR44WH2PK,1,22.89,19.07,2026-07-02 14:24:17,amazon Ledsone,false
1195259,202-3671052-9363530,AMAZON,B0F28YR5JN,,LSCY290NB+RPR44WH,1,15.99,13.32,2026-07-02 14:25:34,amazon Ledsone,false
1195270,202-5693064-6429953,AMAZON,B0DH8Z6FM1,,CL3TBKAPK,1,20.99,20.99,2026-07-02 14:44:35,amazon Dcvoltage,false
1195271,203-0795329-4228347,AMAZON,B09LR5JQ7S,,CRFF500BM+PHSH1PBRYB3PK+WCWDBM3PK,1,41.89,34.91,2026-07-02 14:44:32,amazon Ledsone,false
1195283,203-3499166-3798729,AMAZON,B0FHBB73DZ,,CRSF2003WH+PHUM1PCRCH3PK+WCRWRE3PK,3,93.36,31.12,2026-07-02 15:01:02,amazon Ledsone,false
1195284,203-3499166-3798729,AMAZON,B0FHBB5LTR,,CRSF2003WH+PHUM1PCRCH3PK+WCRWYE3PK,3,93.36,31.12,2026-07-02 15:01:02,amazon Ledsone,false
1195285,203-7517441-6329138,AMAZON,B0CW1TB57F,,RWWPSY0660YE,1,5.78,2.41,2026-07-02 15:05:40,amazon Ledsone,false
1195287,203-0885178-6739502,AMAZON,B08NDBQLMZ,,WCDTBM+RPR44WH,1,10.59,10.59,2026-07-02 15:05:24,amazon Dcvoltage,false
1195288,203-0078304-0552371,AMAZON,B08XBYXQC6,,CL3TBRAPK,1,19.99,19.99,2026-07-02 15:12:52,amazon Dcvoltage,false
1195292,026-7164222-7816334,AMAZON,B0F6775Q2J,,LSMCSQWYRE+RPM40WH,2,41.58,17.33,2026-07-02 15:24:49,amazon Ledsone,false
1195293,026-9176903-9783537,AMAZON,B0FN7GVTJC,,CRSF100BM+LHNSE27BM+ICST64E27,2,31.98,15.99,2026-07-02 15:21:46,amazon SRM Amazon,false
1195299,204-8187487-5298730,AMAZON,B0DTPHMRW8,,WCB2WH3PK+RPR44WH3PK,1,22.89,19.07,2026-07-02 15:37:36,amazon Ledsone,false
1195300,203-1744261-8308357,AMAZON,B0B97Z4ZDD,,ENC3550,1,89.89,74.91,2026-07-02 15:38:31,amazon Ledsone,false
1195305,203-9870887-5038727,AMAZON,B0BGPQGL3C,,12UK3P8A,1,13.89,11.57,2026-07-02 15:43:07,amazon Ledsone,false
1195306,206-2656548-9889159,AMAZON,B0FX2XDLT5,,LSCYRO200BM2PK+RPR44WH2PK,1,26.89,26.89,2026-07-02 15:41:48,amazon Dcvoltage,false
1195307,203-3625704-4895507,AMAZON,B0BYKC8W3M,,ENC4563,1,53.89,53.89,2026-07-02 15:38:31,amazon Dcvoltage,false
1195314,205-7751813-5562766,AMAZON,B0CQNKNK7T,,PLTTBC+LSTF40BC,1,23.89,23.89,2026-07-02 15:55:09,amazon Dcvoltage,false
1195322,203-2505901-3426729,AMAZON,B084VPLPS5,,CRSF2003YB,6,57.54,7.99,2026-07-02 16:02:41,amazon Ledsone,false
1195325,205-0158459-5145925,AMAZON,B0D571H8X3,,WCB7BB2PK+RPR44WH2PK,1,15.89,15.89,2026-07-02 16:10:37,amazon Dcvoltage,false
1195326,206-2245885-2102739,AMAZON,B08W5CZ4HH,,WSFS1BMYB+SCRN70BM+LSFT220BM,3,52.67,15.89,2026-07-02 16:11:51,amazon Dcvoltage,false
1195329,026-2867978-7331505,AMAZON,B0DRYRJLML,,LHSHE27SN3PK,1,17.69,17.69,2026-07-02 16:23:22,amazon SRM Amazon,false
1195330,026-2867978-7331505,AMAZON,B08CZD446J,,PSDS2RBM,2,21.78,10.89,2026-07-02 16:23:22,amazon SRM Amazon,false
1195332,203-6455839-1078713,AMAZON,B0FX2SHBL5,,LSCYRO120BM2PK+RPR44WH2PK,1,21.89,21.89,2026-07-02 16:27:37,amazon Dcvoltage,false
1195342,203-1430879-1109150,AMAZON,B09Z6P8H29,,LDCWA60HB227,1,4.09,3.41,2026-07-02 16:57:45,amazon Ledsone,false
1195343,205-4339720-0849937,AMAZON,B0F946TBSV,,CL3TLG3PK,2,14.87,4.99,2026-07-02 17:03:41,amazon Ledsone,false
1195346,203-7175592-5317940,AMAZON,B0CSDPYCLM,,STBFT50M48EWH,1,5.65,2.30,2026-07-02 17:18:07,amazon Ledsone,false
1195355,204-1239043-2395505,AMAZON,B0B9HDN3XQ,,CL2RGD,2,11.27,3.33,2026-07-02 17:23:38,amazon Ledsone,false
1195363,203-5668063-2565928,AMAZON,B07Q8KHSCQ,,24IP67120,1,25.88,21.99,2026-07-02 17:30:35,amazon Dcvoltage,false
1195365,204-8588727-4426764,AMAZON,B0CKFD2MTJ,,PLTYBM+ICST64E27,1,18.89,15.74,2026-07-02 17:31:41,amazon Ledsone,false
1195366,202-2086410-0560344,AMAZON,B0DJ18XMS6,,12IP6715,1,8.18,4.41,2026-07-02 17:25:15,amazon Ledsone,false
1195384,026-4815843-1993125,AMAZON,B0CVGQ9F74,,CENU25200WH,1,1.24,1.24,2026-07-02 18:10:56,amazon Ledsone,false
1195385,026-4815843-1993125,AMAZON,B0CVGQ43PB,,CENU19150WH,1,0.91,0.91,2026-07-02 18:10:56,amazon Ledsone,false
1195387,203-2633085-3405934,AMAZON,B0CPBX28RC,,LSCY290BI+RPR44WH,2,31.78,15.89,2026-07-02 18:18:15,amazon Dcvoltage,false
1195390,202-8832585-9066764,AMAZON,B0DTTT57SD,,PHSF2GDTFG+SPSDP2YB+ICST64E27,1,17.69,17.69,2026-07-02 18:24:43,amazon SRM Amazon,false
1195391,026-3069848-7953909,AMAZON,B0F1D3FS5C,,RWWPSY0660YE,4,14.85,2.99,2026-07-02 18:20:39,amazon Dcvoltage,false
1195398,202-9845248-6697130,AMAZON,B0CK42P67J,,LSMCSPSQMC2PK+RPM40WH2PK,1,41.89,34.91,2026-07-02 18:47:15,amazon Ledsone,false
1195403,202-4039351-1885133,AMAZON,B079ZV5MZL,,12IP6710,3,23.67,6.57,2026-07-02 18:51:27,amazon Ledsone,false
1195406,203-5045612-8199502,AMAZON,B0CNRL871B,,LDMST64E274,1,6.89,6.89,2026-07-02 18:57:49,amazon Dcvoltage,false
1195412,203-8418359-6069168,AMAZON,B0743GYD52,,CO332AORAPK,1,5.78,2.41,2026-07-02 19:08:03,amazon Ledsone,false
1195416,204-2134785-4011540,AMAZON,B0B9K2RCT6,,CL2TOR5PK,1,12.49,10.41,2026-07-02 19:21:22,amazon Ledsone,false
1195423,026-6120228-7310710,AMAZON,B0BZDT6P5Q,,CRSF100BM+PHTT1PBR105BM+WCDRBM,3,65.67,21.89,2026-07-02 19:37:52,amazon Dcvoltage,false
1195424,206-3573152-1449119,AMAZON,B0GDDXB14R,,LDMT185E2732PK,1,10.99,9.16,2026-07-02 19:32:26,amazon Ledsone,false
1195425,026-5529670-2992350,AMAZON,B0BL7LZR24,,LDMT45E2746PK,1,20.79,17.32,2026-07-02 19:30:25,amazon Ledsone,false
1195432,204-1912974-3717146,AMAZON,B0GZNDPF7D,,LHSWPBB22SN,2,14.69,6.12,2026-07-02 19:44:36,amazon Ledsone,false
1195433,204-4583601-7947519,AMAZON,B0GCZQVHRF,,CRFF100BM+LHNSE27BM+ICST64E27,1,16.99,16.99,2026-07-02 19:41:26,amazon Dcvoltage,false
1195436,203-0050333-4325945,AMAZON,B0DH98XLXH,,CL3TBM3PK,1,9.99,9.99,2026-07-02 19:56:40,amazon Dcvoltage,false
1195440,203-3090575-2685114,AMAZON,B0CGRQ5Z4T,,CRSF100BM2PK+PHRYWP1RBM2PK,1,20.69,17.24,2026-07-02 20:02:20,amazon Ledsone,false
1195441,026-8980152-6699540,AMAZON,B0C9TN8TKQ,,CNP1000BM,1,7.98,5.09,2026-07-02 20:00:29,amazon Dcvoltage,false
1195445,202-6460602-5502702,AMAZON,B07L8FYSD3,,CL3TRO5PK,1,15.99,15.99,2026-07-02 20:13:10,amazon Dcvoltage,false
1195456,206-9402703-8104311,AMAZON,B0F7Q77D8Q,,ENC7472,1,30.89,25.74,2026-07-02 20:20:22,amazon Ledsone,false
1195457,206-6347260-9839542,AMAZON,B0BLP2VGSC,,LDMST64E278APK,1,30.89,25.74,2026-07-02 20:27:12,amazon Ledsone,false
1195462,203-2740369-3589919,AMAZON,B0CNT2ML5D,,PLADBC,1,47.49,47.49,2026-07-02 20:30:51,amazon Dcvoltage,false
1195463,204-0611772-7718725,AMAZON,B0BY57G4PR,,LSMS320BG+RPR44WH,1,16.79,16.79,2026-07-02 20:38:55,amazon Dcvoltage,false
1195464,203-9219370-1764328,AMAZON,B0FX2XDLT5,,LSCYRO200BM2PK+RPR44WH2PK,1,26.89,26.89,2026-07-02 20:36:41,amazon Dcvoltage,false
1195473,026-7086758-9177161,AMAZON,B0CNCVVNH9,,WLWOFTBM5PK,1,36.39,36.39,2026-07-02 20:54:23,amazon Dcvoltage,false
1195474,202-3219151-6321156,AMAZON,B0DH4KYFPD,,WCDTBM2PK+RPR44WH2PK,2,36.58,15.24,2026-07-02 20:54:19,amazon Ledsone,false
1195482,205-3060307-1127542,AMAZON,B0CVHD9D3V,,CENU25200BM,1,4.78,1.24,2026-07-02 21:10:49,amazon Ledsone,false
1195483,203-3032051-5457145,AMAZON,B0F1D23NFW,,RWWPSY0640YE,1,9.38,6.49,2026-07-02 21:09:46,amazon Dcvoltage,false
1195484,204-4449494-5335554,AMAZON,B07FDVJPTV,,CCBC12,1,6.39,6.39,2026-07-02 21:15:59,amazon Dcvoltage,false
1195488,204-6318273-1707522,AMAZON,B0FBWGR8SP,,CRSF2003BC+PHNW1RBC3PK,4,85.15,22.89,2026-07-02 21:23:32,amazon Dcvoltage,false
1195489,206-8763437-8725960,AMAZON,B0CPBYMBNK,,LSCY290BM+RPR44WH,1,15.89,15.89,2026-07-02 21:23:31,amazon Dcvoltage,false
1195490,205-0877206-1124367,AMAZON,B0BX4GWZK3,,LSMS320GY+RPR44WH,1,14.99,14.99,2026-07-02 21:31:25,amazon Dcvoltage,false
1195494,206-0842101-2331566,AMAZON,B0CQNKNK7T,,PLTTBC+LSTF40BC,1,23.89,23.89,2026-07-02 21:35:31,amazon Dcvoltage,false
1195495,203-0500960-4578735,AMAZON,B0CL7QHP1R,,ENC5582,1,56.89,56.89,2026-07-02 21:34:03,amazon Dcvoltage,false
1195496,026-5262068-6265935,AMAZON,B0GY3TN68T,,LSGL1275CL2PK+RPM40WH2PK,1,17.89,12.89,2026-07-02 21:37:16,amazon Dcvoltage,false
1195500,206-1088842-9013132,AMAZON,B0979CLWN9,,CNP1000BM,1,7.48,3.82,2026-07-02 21:48:18,amazon Ledsone,false
1195504,203-6670717-7366700,AMAZON,B0FB3ZFXY1,,LDMC35E1443PK,1,13.19,10.99,2026-07-02 21:55:47,amazon Ledsone,false
1195505,204-3769327-2441948,AMAZON,B0D943K5SJ,,CRSF100BM+PHRYWP1RBM+ICST64E27,1,13.99,13.99,2026-07-02 21:52:41,amazon Dcvoltage,false
1195510,206-3128724-8922736,AMAZON,B0DGGKGSZL,,IMWW FPK,1,30.42,26.53,2026-07-02 22:12:20,amazon Dcvoltage,false
1195511,206-4737655-0977133,AMAZON,B0C9TLL8GW,,ENC1919,3,53.67,17.89,2026-07-02 22:18:51,amazon Dcvoltage,false
1195515,202-7440500-2154748,AMAZON,B0CBMHYBWD,,PHUH2HETBM+LSHM300HE,1,33.89,28.24,2026-07-02 22:21:00,amazon Ledsone,false
1195516,206-2451766-6213906,AMAZON,B09479HV6W,,LDMG95E2783PK,1,17.19,14.32,2026-07-02 22:21:27,amazon Ledsone,false
1195519,205-1995121-0773118,AMAZON,B09B45XPFC,,LSFT220BL+RPR44WH,1,10.79,10.79,2026-07-02 22:36:52,amazon Dcvoltage,false
1195520,205-8220045-9344344,AMAZON,B0CNT1QNSN,,PLADBM,1,47.49,47.49,2026-07-02 22:50:03,amazon Dcvoltage,false
1195521,202-3699258-6353930,AMAZON,B086228MDF,,LDMST64B2286PK,1,17.99,14.99,2026-07-02 22:55:50,amazon Ledsone,false
1195522,203-9660523-0759545,AMAZON,B0B7KCXV72,,CRFF105GB,1,11.68,7.32,2026-07-02 22:57:08,amazon Ledsone,false
1195523,203-2465006-0170718,AMAZON,B0DH982ML4,,CL3TBM2PK,1,6.99,6.99,2026-07-02 22:57:08,amazon Dcvoltage,false
1195526,203-0871324-2620350,AMAZON,B0CHY983F4,,LHCCE27GR4PK+CGMLGR4PK,1,18.29,15.24,2026-07-02 23:05:11,amazon Ledsone,false
1195527,026-4416573-5011524,AMAZON,B096FPKPNQ,,ENC685,1,56.89,56.89,2026-07-02 23:04:14,amazon Dcvoltage,false
1195528,203-2150457-4099560,AMAZON,B0CS9QXNXQ,,LSDO210BG3PK+RPR44WH3PK,1,29.89,29.89,2026-07-02 23:05:56,amazon Dcvoltage,false
1195529,204-9786410-0471502,AMAZON,B0BWNHGMN2,,PLWLBC+ICST64E27,1,15.25,15.25,2026-07-02 23:14:02,amazon Ledsone,false
1195530,204-9786410-0471502,AMAZON,B0DTYWPKVB,,PLWTBC+ICST64E272PK,2,41.48,20.74,2026-07-02 23:14:02,amazon Ledsone,false
1195531,205-9435608-9777144,AMAZON,B0CM6J8FWV,,CRSF100BM+PHOP1PBRBM+LSDO300RE,1,21.89,18.24,2026-07-02 23:24:59,amazon Ledsone,false
1195532,202-6942946-3100348,AMAZON,B0D6G8RNZX,,CSBEB9NB+CSBEB9GY,1,10.09,10.09,2026-07-02 23:23:00,amazon Dcvoltage,false
1195534,203-8103465-5134710,AMAZON,B0FN7GZ1FJ,,CRSF100WH+LHNSE27WH,1,14.28,11.99,2026-07-02 23:35:36,amazon SRM Amazon,false
1195539,026-2185566-9017108,AMAZON,B08VGMS6BF,,LSDO300YB+RPR44WH,1,16.89,16.89,2026-07-02 23:53:20,amazon Dcvoltage,false
1195541,206-5028446-0379533,AMAZON,B08X4VXZ38,,CRSF100AA+PHCH1PBRAA+LSCY290AA,1,18.89,15.74,2026-07-03 00:05:36,amazon Ledsone,false
1195543,026-9018274-1373118,AMAZON,B08PZ89ZHW,,WCB4BC+RPR44WH,2,19.78,9.89,2026-07-03 00:13:48,amazon SRM Amazon,false
1195544,205-2851387-1296349,AMAZON,B0DG29SP2H,,LDMA60E274WW2PK,1,10.88,6.66,2026-07-03 00:16:03,amazon Ledsone,false
1195548,205-0574469-9974704,AMAZON,B0FPWVFF9W,,LDCWA60HE27126PK,1,10.38,6.24,2026-07-03 01:06:52,amazon Ledsone,false
1195549,205-6483459-3069110,AMAZON,B08XWSBPHW,,WCB1BM+RPR44WH,2,19.98,9.99,2026-07-03 01:36:47,amazon Dcvoltage,false
1195578,204-0627972-5557122,AMAZON,B0DZ1VPNYY,,RWWPSY1080YE2PK,1,16.89,14.07,2026-07-03 05:08:36,amazon Ledsone,false
1195582,203-0498203-6625947,AMAZON,B0BWJWGXD4,,LSCY210BG+RPR44WH,1,13.89,13.89,2026-07-03 05:42:20,amazon Dcvoltage,false
1195586,026-7532035-4274730,AMAZON,B0D7944QDY,,WCB6BM2PK+RPR44WH2PK,1,21.49,13.74,2026-07-02 07:20:29,amazon Ledsone,false
1195587,204-0997627-5415513,AMAZON,B0F1D3FS5C,,RWWPSY0660YE,1,5.88,2.99,2026-07-03 05:57:28,amazon Dcvoltage,false
1195590,204-1616381-2535547,AMAZON,B0DTTKL6KX,,WCVCBM3PK+RPR44WH3PK,1,23.99,23.99,2026-07-03 06:17:08,amazon Dcvoltage,false
1195593,206-4879571-2881103,AMAZON,B0G1S1XY23,,BSFCDRSIPI,1,21.99,18.32,2026-07-03 06:48:02,amazon Ledsone,false
1195594,202-6507881-0156364,AMAZON,B0B4G9H4RN,,CNT900CH,1,7.68,3.99,2026-07-03 06:43:36,amazon Ledsone,false
1195595,204-3879318-9385158,AMAZON,B0DH4KYFPD,,WCDTBM2PK+RPR44WH2PK,1,18.29,15.24,2026-07-03 06:47:08,amazon Ledsone,false
1195604,026-6057933-6936329,AMAZON,B0DH4F6LTK,,LSTF40GB2PK+RPR44WH2PK,1,18.99,18.99,2026-07-03 07:13:43,amazon Dcvoltage,false
1195605,204-7594854-6947521,AMAZON,B0DQTF5T69,,LHTTAGU10WH+LDGU10WW5,1,10.89,9.07,2026-07-03 07:25:34,amazon Ledsone,false
1195612,202-0723127-8958738,AMAZON,B09HL56P6W,,CRSF100GY+PHRB1PWRPW+CGWDWO+LSWE315GY,1,19.89,16.57,2026-07-03 07:50:50,amazon Ledsone,false
1195613,202-1379592-3097949,AMAZON,B0GP77P5Z5,,LHPVHRE27WH5PK,1,11.65,11.65,2026-07-02 15:12:55,amazon Dcvoltage,false
1195618,202-0169529-0021144,AMAZON,B0GP771MFX,,LHPVHRE27WH2PK,1,9.88,5.82,2026-07-03 08:03:14,amazon Ledsone,false
1195628,203-7118873-6653926,AMAZON,B0C9X2D3C5,,LSOL180BG+RPR44WH,1,10.89,10.89,2026-07-03 08:33:32,amazon Dcvoltage,false
1195634,205-3797929-3358768,AMAZON,B0BL7LZR24,,LDMT45E2746PK,1,20.79,17.32,2026-07-03 08:57:17,amazon Ledsone,false
1195643,202-0245020-5991513,AMAZON,B0DVLPPMXL,,PHSHF1PBRYB+LSCY290BG+ICST64E27,2,43.98,18.33,2026-07-03 09:28:25,amazon Ledsone,false
1195651,204-3931764-2957907,AMAZON,B0CFR1D4ZS,,WLFSWWHE2PK+ICST64E272PK,2,74.20,33.24,2026-07-03 09:56:54,amazon Ledsone,false
1195652,205-2478971-8893948,AMAZON,B0DR954YJT,,PSOS4BMTHE+CBMP140BM+ICST64E27,2,35.78,14.91,2026-07-03 09:57:03,amazon Ledsone,false
1195653,204-0346796-9069949,AMAZON,B0CPBWDFRG,,LSCY290YB+RPR44WH,1,17.89,17.89,2026-07-03 09:52:37,amazon Dcvoltage,false
1195661,204-4507157-2497953,AMAZON,B0FX2T3V9J,,LSCYRO200GD2PK+RPR44WH2PK,1,26.89,26.89,2026-07-03 10:14:14,amazon Dcvoltage,false
1195669,026-4107812-1714745,AMAZON,B0GC5MC7HV,,LSH3325HE+RPR44WH,1,16.89,16.89,2026-07-03 10:27:08,amazon Dcvoltage,false
1195675,206-6003750-4577130,AMAZON,B0DH5XYHJJ,,CL2TCR3PK,1,11.28,7.99,2026-07-03 10:33:02,amazon Dcvoltage,false
1195677,206-2770140-6245942,AMAZON,B0B4BHTRT2,,PSDS2BMRBU,1,11.99,9.99,2026-07-03 10:40:30,amazon Ledsone,false
1195687,205-8050199-8598741,AMAZON,B0GHWNXJJ2,,ENC642,2,46.30,20.74,2026-07-03 10:55:43,amazon Ledsone,false
1195689,203-5748172-4408364,AMAZON,B09479HV6W,,LDMG95E2783PK,1,17.19,14.32,2026-07-03 10:57:28,amazon Ledsone,false
1195690,205-9510748-6386716,AMAZON,B0DCKQW2PW,,STFG4845WH3PK,1,8.88,4.99,2026-07-03 10:57:57,amazon Ledsone,false
1195695,202-0636501-1148312,AMAZON,B0FN7GZ1FJ,,CRSF100WH+LHNSE27WH,1,14.28,11.99,2026-07-03 11:18:16,amazon SRM Amazon,false
1195730,026-9053498-9682739,AMAZON,B0CN3DXY74,,WCBLBC+RPR44WH,1,11.89,11.89,2026-07-03 11:40:39,amazon Dcvoltage,false
1195738,203-3452499-5653148,AMAZON,B0CFVCM4Z5,,PSOS4BMTHE+ICST64E27,1,18.59,15.49,2026-07-03 11:54:54,amazon Ledsone,false
1195743,202-2953582-0876346,AMAZON,B0DTHW3V7H,,CRFF140SN2PK,2,24.98,12.49,2026-07-03 12:03:28,amazon SRM Amazon,false
1195751,205-9807809-8641163,AMAZON,B0FJ2DGLKG,,STPVC17AWH6PK,1,6.88,3.99,2026-07-03 12:22:06,amazon Dcvoltage,false
1195752,026-1701609-2638756,AMAZON,B08Q4DNN6C,,24IP67150,1,29.99,24.99,2026-07-03 12:22:52,amazon Ledsone,false
1195759,203-9751383-7614749,AMAZON,B09YVLX4MG,,LHCCE27WH4PK,1,17.89,17.89,2026-07-03 12:33:49,amazon Dcvoltage,false
1195760,204-3513831-1607555,AMAZON,B0CWNZPC49,,CRFF140SN+WSNW170SN+LSMS320GY,1,19.69,16.41,2026-07-03 12:30:52,amazon Ledsone,false
1195761,206-8640658-5330717,AMAZON,B0D293PM6V,,LSCY290BC3PK+RPR44WH3PK,1,40.99,34.16,2026-07-03 12:37:53,amazon Ledsone,false
1195772,203-1979575-1740336,AMAZON,B0C2KV6F4Y,,LSCP150OR+RPR44WH,1,11.89,9.91,2026-07-03 12:52:05,amazon Ledsone,false
1195775,204-4067232-5157117,AMAZON,B0FMRL3D3P,,CRSF100BM2PK+LHTTE27BM2PK,2,37.78,18.89,2026-07-03 12:49:52,amazon Dcvoltage,false
1195776,203-4086139-3971553,AMAZON,B0C949416V,,PLTYBM+WCBNBM+LDMT130E274,1,22.89,22.89,2026-07-03 12:51:15,amazon Dcvoltage,false
1195788,203-1079171-5160369,AMAZON,B09KNTHHN1,,CRSF2003BM+PHRB1PBR40BM3PK+LSBS160OR3PK,1,33.99,28.32,2026-07-03 13:22:02,amazon Ledsone,false
1195793,205-9121017-2222706,AMAZON,B0FX53HC81,,LSCYRO300WH2PK+RPR44WH2PK,4,121.42,32.64,2026-07-03 13:39:08,amazon Dcvoltage,false
1195797,206-5597803-3013943,AMAZON,B093Y7ZZQF,,ENC1312,2,42.78,17.83,2026-07-03 13:11:55,amazon Ledsone,false
1195798,204-7669302-5589956,AMAZON,B07F9R3GVS,,LDMG95E278,1,8.19,8.19,2026-07-03 13:53:41,amazon Dcvoltage,false
1195800,026-1509050-6559527,AMAZON,B0DCFXBYJG,,LDSG95DIE2745PK,1,26.89,22.41,2026-07-03 14:02:07,amazon Ledsone,false
1195804,205-8572588-8111556,AMAZON,B0DRP6CWSD,,LHSHE27BY2PK,1,10.49,8.74,2026-07-03 14:12:31,amazon Ledsone,false
1195805,203-9065139-5670753,AMAZON,B0B575CRQN,,CO1210ACLCPK,1,10.99,9.16,2026-07-03 14:13:28,amazon Ledsone,false
1195813,026-7504370-2400330,AMAZON,B094VJWCF5,,PLADBC,1,50.89,42.41,2026-07-03 14:27:43,amazon Ledsone,false
1195815,202-9753726-6697963,AMAZON,B08BZKNC4L,,CBSF295,1,7.49,7.49,2026-07-03 14:22:55,amazon SRM Amazon,false
1195816,205-5293681-1544305,AMAZON,B0DYJB2YL4,,RWWPSN60YE,1,11.68,8.79,2026-07-03 14:29:03,amazon SRM Amazon,false
1195817,206-6181192-8557908,AMAZON,B08V5MK449,,CRSF100BM+PHCH1BMRBM+LSCY290BM,2,43.78,21.89,2026-07-03 14:31:35,amazon Dcvoltage,false
1195824,205-1912821-8097109,AMAZON,B0CQNKMFJH,,PLTFRR+ICST64E2740,2,43.98,21.99,2026-07-03 14:32:17,amazon Dcvoltage,false
1195825,205-6308112-5817929,AMAZON,B0CPDPWLV4,,WJB2,1,5.78,2.89,2026-07-03 14:38:06,amazon Dcvoltage,false
1195826,026-4308642-3888307,AMAZON,B08XW91G7T,,WCB7WH+RPR44WH,1,10.09,10.09,2026-07-03 14:36:54,amazon Dcvoltage,false
1195831,202-4483753-7792339,AMAZON,B0DTHKKQV6,,WCB7BM3PK+RPR44WH3PK,1,22.09,22.09,2026-07-01 16:04:35,amazon Dcvoltage,false
1195832,203-4486762-0757936,AMAZON,B0F32VG78J,,RWWPSN10GY,1,5.68,2.32,2026-07-03 14:41:11,amazon Ledsone,false
1195836,206-9714861-6064343,AMAZON,B0F292MNGB,,LSCY290BG+RPR44WH,1,17.49,14.57,2026-07-03 14:54:27,amazon Ledsone,false
1195837,206-6005017-0697139,AMAZON,B0GCZG4XFD,,CRSF120WH,1,8.78,4.91,2026-07-03 14:55:20,amazon Ledsone,false
1195847,205-3475687-7055535,AMAZON,B0C43L42DK,,WCDTRE+RPR44WH,1,10.49,8.74,2026-07-03 15:13:14,amazon Ledsone,false
1195848,203-3977340-4306706,AMAZON,B0D59SHLCD,,WCB1WH2PK+RPR44WH2PK,1,15.49,15.49,2026-07-03 15:09:18,amazon Dcvoltage,false
1195849,026-8016033-7178765,AMAZON,B0CNQ1Q3BJ,,LDMG125E278,2,16.38,8.19,2026-07-03 15:14:48,amazon Dcvoltage,false
1195850,026-8016033-7178765,AMAZON,B07ZFWR48Y,,CRFF100BM+LHNSE27BM,1,13.89,13.89,2026-07-03 15:14:48,amazon Dcvoltage,false
1195852,203-7145025-1118727,AMAZON,B0CC8QX5QJ,,CRSF100BM+WSSS70BM+LSWD360BM+ICST64E27,1,29.49,29.49,2026-07-03 15:24:13,amazon Dcvoltage,false
1195853,204-1730226-2572367,AMAZON,B0CNLZLJZT,,WCB2BM+RPR44WH,1,10.49,10.49,2026-07-03 15:28:23,amazon Dcvoltage,false
1195859,205-7526680-7650714,AMAZON,B0DDTTHTG6,,LSMS320GY+RPR44WH,1,14.99,14.99,2026-07-03 15:42:29,amazon Dcvoltage,false
1195860,206-0334356-3093922,AMAZON,B0FJM1F3NP,,PLTTRR+LSDO210RR,1,20.29,16.91,2026-07-03 13:37:10,amazon Ledsone,false
1195867,202-7325644-6399501,AMAZON,B0FTG9DY12,,WCIR300BM+RPR44WH,2,33.78,16.89,2026-07-03 16:03:35,amazon Dcvoltage,false
1195868,206-0974548-0988345,AMAZON,B0CPBXBX8H,,LSCY290RE+RPR44WH,2,31.78,15.89,2026-07-03 16:03:21,amazon Dcvoltage,false
1195875,206-1001632-6456355,AMAZON,B0FX2T3V9J,,LSCYRO200GD2PK+RPR44WH2PK,1,26.89,26.89,2026-07-03 16:16:59,amazon Dcvoltage,false
1195878,204-1365119-5871511,AMAZON,B093T4C95B,,LSMS320CB+RPR44WH,1,13.99,11.66,2026-07-03 16:18:52,amazon Ledsone,false
1195879,026-0417552-2612316,AMAZON,B0C6R1T87Q,,PHDH1HETHE+ICST64E272PK,2,35.87,15.73,2026-07-03 16:27:01,amazon Ledsone,false
1195880,026-4614361-0204327,AMAZON,B0GLHFR7KV,,LDMT185E2742PK,1,12.99,12.99,2026-07-03 16:22:55,amazon Dcvoltage,false
1195891,204-7800682-6465110,AMAZON,B0FQVFP61X,,CRFF108BM+PHRI1PBRBA+LSCY290BI,3,61.07,21.89,2026-07-03 16:49:13,amazon Dcvoltage,false
1195892,203-1957156-5547562,AMAZON,B0CP9CV6W1,,WCFRBM+ICST64E2740,1,22.99,22.99,2026-07-03 16:52:43,amazon Dcvoltage,false
1195893,206-2070168-0829967,AMAZON,B07WH2551R,,CRSF1205BM,1,12.78,9.89,2026-07-03 16:53:15,amazon Dcvoltage,false
1195897,204-3308362-4429129,AMAZON,B09Z6P8H29,,LDCWA60HB227,20,76.07,3.41,2026-07-03 17:07:12,amazon Ledsone,false
1195900,206-2278283-6625937,AMAZON,B0CC9G4XKH,,LSDM220GB+RPR44WH,1,11.89,11.89,2026-07-03 17:20:20,amazon Dcvoltage,false
1195901,203-0792122-2463548,AMAZON,B08X6KMXTC,,PLTEBM,2,41.98,20.99,2026-07-03 17:21:57,amazon Dcvoltage,false
1195922,203-6607301-9654716,AMAZON,B0FTZGVD1Y,,WCIR300BM+RPR44WH,1,15.89,13.24,2026-07-03 18:15:21,amazon Ledsone,false
1195930,205-8772991-0363521,AMAZON,B0F5B48F9L,,WCVCBM5PK+RPR44WH5PK,1,30.99,25.82,2026-07-03 18:28:12,amazon Ledsone,false
1195940,206-4749911-1910753,AMAZON,B0DH8Z6FM1,,CL3TBKAPK,1,20.99,20.99,2026-07-03 18:46:33,amazon Dcvoltage,false
1195941,202-2133335-6187507,AMAZON,B0FNQZKZRN,,BSFCDRWHPI,1,21.99,18.32,2026-07-03 18:55:56,amazon Ledsone,false
1195945,202-9852567-8474714,AMAZON,B0GW8313KY,,LHSWPBB22CH,1,12.78,8.24,2026-07-03 19:06:37,amazon Ledsone,false
1195949,203-8634756-2687519,AMAZON,B08BZKNC4L,,CBSF295,1,7.49,7.49,2026-07-03 19:10:53,amazon SRM Amazon,false
1195957,202-6781920-6919552,AMAZON,B0DNQL2H1F,,PLTYBC2PK+ICST64E272PK,1,40.78,33.98,2026-07-03 19:33:35,amazon Ledsone,false
1195963,026-3021268-5081902,AMAZON,B0FXFGWCNL,,WCIR300BM2PK+RPR44WH2PK,1,25.89,21.57,2026-07-03 19:41:42,amazon Ledsone,false
1195965,205-2574411-6974736,AMAZON,B0DB2B9NYZ,,CRFF75GB2PK,3,32.06,9.57,2026-07-03 19:48:57,amazon Ledsone,false
1195970,206-3333022-6171564,AMAZON,B0B7KCXV72,,CRFF105GB,1,11.68,7.32,2026-07-03 20:03:35,amazon Ledsone,false
1195977,026-3780615-7209137,AMAZON,B07MF6MSMS,,CCBKNWE36,1,12.77,9.88,2026-07-03 20:11:24,amazon Dcvoltage,false
1195978,204-9605652-8089140,AMAZON,B0F79CP12G,,CTBOP21XL+CTBOP20XL+CTBOP19XL,1,14.89,14.89,2026-07-03 20:16:01,amazon Dcvoltage,false
1195981,206-2245284-5405132,AMAZON,B0CVGQ43PB,,CENU19150WH,1,4.38,0.91,2026-07-03 20:16:15,amazon Ledsone,false
1195989,203-4756282-2765138,AMAZON,B0CGDW8WRR,,CRSF100WH+PHRN1PCRWH,1,11.19,9.32,2026-07-03 20:21:48,amazon Ledsone,false
1195993,204-7596345-1277953,AMAZON,B093H8YG8Z,,LSMS320GY+RPR44WH,1,14.99,12.49,2026-07-03 20:35:29,amazon Ledsone,false
1195994,203-7352350-1421954,AMAZON,B0H5KN5G7V,,CRSFM210080BM,1,11.64,6.32,2026-07-03 20:38:18,amazon Ledsone,false
1195995,204-9688101-1514749,AMAZON,B0FR8S2WJF,,LSCY290BG+RPR44WH,3,48.81,16.27,2026-07-03 20:32:54,amazon Dcvoltage,false
1195998,205-5664280-4953129,AMAZON,B0DBVQ3L6Z,,ENC7537,2,57.58,23.99,2026-07-03 20:43:56,amazon Ledsone,false
1195999,026-7966443-6997147,AMAZON,B0C5CTR1JC,,CRSF100BM+WSHR135BM+LSFT220BC+ICST64E27,1,19.89,16.57,2026-07-03 20:44:35,amazon Ledsone,false
1196000,205-7812606-2195547,AMAZON,B0933HJV1L,,CRSF100BM+PHRB1PBR40BM+LSBS160BM,1,18.89,15.74,2026-07-03 20:43:56,amazon Ledsone,false
1196001,203-6265219-1614742,AMAZON,B0GR8S6J1K,,SPPGUK3PTR6PK,1,15.48,10.49,2026-07-03 20:50:14,amazon Ledsone,false
1196002,203-2908765-5125131,AMAZON,B0F29P1SH6,,CERU36150GR,1,4.58,1.41,2026-07-03 20:58:18,amazon Ledsone,false
1196003,206-7295787-6123537,AMAZON,B08VGQN6XT,,WCDTYE+RPR44WH,1,12.38,9.49,2026-07-03 20:53:40,amazon Dcvoltage,false
1196004,205-9370477-1213106,AMAZON,B0GZHF9J9F,,LSMCP1ULMC2PK+ICST64E272PK,1,84.58,84.58,2026-07-03 20:58:20,amazon Dcvoltage,false
1196008,203-2015623-2309102,AMAZON,B0CS3K4LTZ,,WCB7BM+RPR44WH,1,10.89,10.89,2026-07-03 21:15:57,amazon Dcvoltage,false
1196013,206-1942473-3693935,AMAZON,B0CNTGP2CP,,WCB6RR+RPR44WH,1,10.49,10.49,2026-07-03 21:20:15,amazon Dcvoltage,false
1196019,026-5326357-5317169,AMAZON,B0DHVHRHRF,,LHSHE27BY,1,10.38,7.49,2026-07-03 21:33:22,amazon Dcvoltage,false
1196024,202-6700255-3623506,AMAZON,B0CD7KYZ1N,,ENC590,1,42.89,35.74,2026-07-03 21:52:28,amazon Ledsone,false
1196027,026-6094230-3648354,AMAZON,B0F6NLP99K,,CGSRYB3PK,1,4.04,1.15,2026-07-03 22:01:37,amazon SRM Amazon,false
1196030,204-7436871-3937957,AMAZON,B0CPBX49HJ,,LSCY290GR+RPR44WH,2,29.98,14.99,2026-07-03 22:18:50,amazon Dcvoltage,false
1196034,026-1510346-2041111,AMAZON,B0BL82M8SB,,LDMT185E274,4,26.00,5.83,2026-07-03 22:25:54,amazon Ledsone,false
1196036,203-5988785-6698714,AMAZON,B0CPBXFL7C,,LSCY290YE+RPR44WH,1,15.89,15.89,2026-07-03 22:28:54,amazon Dcvoltage,false
1196037,202-2342413-8286721,AMAZON,B0D45CSM77,,PHSF2BWTSN+ICST64E27,3,56.07,18.69,2026-07-03 22:37:52,amazon Dcvoltage,false
1196043,203-8160400-0450714,AMAZON,B0CP7MN8ZP,,LHC6E27WH,1,7.88,4.99,2026-07-03 22:50:17,amazon Dcvoltage,false
1196046,206-3213729-0338708,AMAZON,B0FPWXQWQD,,LDCWA60HB2296PK,1,9.98,6.24,2026-07-03 23:06:36,amazon Ledsone,false
1196047,026-5119804-5664336,AMAZON,B0BL7LQC5P,,LDMT45E2743PK,1,16.89,14.07,2026-07-03 23:15:10,amazon Ledsone,false
1196048,203-0222229-1582746,AMAZON,B0CNQ1Q3BJ,,LDMG125E278,1,8.19,8.19,2026-07-03 23:13:22,amazon Dcvoltage,false
1196050,202-7657143-0394712,AMAZON,B0FY2HP9LJ,,PHUH0.5HETBM,2,20.44,9.16,2026-07-03 23:22:40,amazon Ledsone,false
1196051,203-0895304-6945110,AMAZON,B0CL7HDVC6,,LDCCB2210,1,5.99,5.99,2026-07-03 23:21:23,amazon Dcvoltage,false
1196052,203-0895304-6945110,AMAZON,B0CL6XXS9Y,,LDCCB22102PK,1,12.89,12.89,2026-07-03 23:21:23,amazon Dcvoltage,false
1196054,204-1066640-0640363,AMAZON,B0FPWXLWRK,,LDCWA65HB22156PK,1,9.78,6.07,2026-07-03 23:32:52,amazon Ledsone,false
1196055,206-8562459-4364310,AMAZON,B096FZDG9B,,CRSF100BM+PHCHPBRGB+LSCY290GB,5,124.45,24.89,2026-07-03 23:43:01,amazon Dcvoltage,false
1196057,026-4462037-7359562,AMAZON,B0D7944QDY,,WCB6BM2PK+RPR44WH2PK,1,16.49,13.74,2026-07-04 00:14:29,amazon Ledsone,false
1196059,206-9024994-3194712,AMAZON,B0FTZFHVV1,,WCFL180RO+RPR44WH,1,14.09,11.74,2026-07-04 00:34:14,amazon Ledsone,false
1196063,206-2225754-0645930,AMAZON,B0GWCZ6Y61,,CRFF500BM+PHHT1PBRBM3PK+WCCYSP180BM3PK,1,44.89,39.89,2026-07-03 22:37:00,amazon Dcvoltage,false
1196064,202-2983429-6086740,AMAZON,B0CFVCM4Z5,,PSOS4BMTHE+ICST64E27,1,18.59,15.49,2026-07-04 02:05:14,amazon Ledsone,false
1196067,205-8798166-2493158,AMAZON,B08XWSBPHW,,WCB1BM+RPR44WH,1,9.99,9.99,2026-07-04 05:17:39,amazon Dcvoltage,false
1196078,206-5720911-4986714,AMAZON,B0GLHFR7KV,,LDMT185E2742PK,1,12.99,12.99,2026-07-04 06:58:39,amazon Dcvoltage,false
1196087,205-7002993-5529944,AMAZON,B0F4KN3FGH,,ENC1276,1,55.09,45.91,2026-07-04 07:36:37,amazon Ledsone,false
1196093,204-5272983-9873959,AMAZON,B0B4G7M44G,,CNT900GB,2,11.61,3.91,2026-07-04 07:55:43,amazon Ledsone,false
1196095,026-1598743-8073908,AMAZON,B0D4YNKTQH,,CRFF140BM+WSWH135BM+LSDO210BG,1,16.69,16.69,2026-07-04 08:06:54,amazon Dcvoltage,false
1196096,202-5722130-0804303,AMAZON,B0DZX4X6F7,,CGROYB3PK,1,4.44,0.96,2026-07-04 08:01:18,amazon Ledsone,false
1196098,204-7367222-3186755,AMAZON,B0B8DWXLQ2,,CRSF1202BM,2,15.33,5.58,2026-07-04 08:15:26,amazon Ledsone,false
1196108,202-9536320-0692366,AMAZON,B0CNQ1Q3BJ,,LDMG125E278,1,8.19,8.19,2026-07-04 08:27:12,amazon Dcvoltage,false
1196114,204-2879935-8529963,AMAZON,B0FY2HP9LJ,,PHUH0.5HETBM,2,20.44,9.16,2026-07-04 08:37:40,amazon Ledsone,false
1196121,204-1072856-8526720,AMAZON,B0C2ZBKY8S,,PHUH1HETBM+LSHM400HE,1,33.79,28.16,2026-07-04 09:03:42,amazon Ledsone,false
1196122,205-3106071-6017102,AMAZON,B0FB3ZBZP1,,LDMC35E144APK,1,25.19,20.99,2026-07-04 09:10:42,amazon Ledsone,false
1196123,206-1573018-5002721,AMAZON,B0CZXL6ZYG,,TPOSBDBM,1,24.69,20.57,2026-07-04 09:18:54,amazon Ledsone,false
1196128,203-9795179-2837127,AMAZON,B0D9454C33,,WCB6BM3PK+RPR44WH3PK,1,22.29,18.57,2026-07-04 09:22:35,amazon Ledsone,false
1196133,205-7610673-9936317,AMAZON,B0CBRL28PQ,,PHDH1HETHE,1,18.89,18.89,2026-07-04 09:38:17,amazon Dcvoltage,false
1196134,204-7158323-0396307,AMAZON,B0979FV5QC,,CNP1000CH,1,4.68,3.90,2026-07-04 09:32:56,amazon Ledsone,false
1196140,202-4090116-0105926,AMAZON,B0CZXL6ZYG,,TPOSBDBM,1,24.69,20.57,2026-07-04 09:49:42,amazon Ledsone,false
1196144,203-5092071-2807509,AMAZON,B0FW4NQ5X6,,LSCYRO300WH+RPR44WH,1,18.89,15.74,2026-07-04 09:54:05,amazon Ledsone,false
1196149,205-0740583-4429150,AMAZON,B0D59MHSXN,,WCB3WH2PK+RPR44WH2PK,1,16.09,16.09,2026-07-04 09:56:05,amazon Dcvoltage,false
1196153,205-3427326-6469151,AMAZON,B0FN7GZ1FJ,,CRSF100WH+LHNSE27WH,4,50.25,11.99,2026-07-04 10:14:34,amazon SRM Amazon,false
1196156,202-7554152-2963520,AMAZON,B0FPWXQWQD,,LDCWA60HB2296PK,2,16.42,6.24,2026-07-04 10:22:07,amazon Ledsone,false
1196157,204-4801890-2856310,AMAZON,B0DZDW7B3D,,CL2RBW2PK,1,7.88,4.16,2026-07-04 10:22:27,amazon Ledsone,false
1196168,206-7675745-2136341,AMAZON,B0GSRQM519,,LSGLULCL2PK+RPM40WH2PK,2,39.78,16.58,2026-07-04 10:47:58,amazon Ledsone,false
1196169,026-6440368-0573109,AMAZON,B07CVBX8L5,,LDMG95B224,1,6.99,6.99,2026-07-04 10:43:43,amazon Dcvoltage,false
1196176,202-9853442-4418708,AMAZON,B0FPWXLWRK,,LDCWA65HB22156PK,1,9.78,6.07,2026-07-04 11:01:08,amazon Ledsone,false
1196177,203-1601370-7264327,AMAZON,B09LVDW1J7,,PHCT1BMRBM+PHDO1PBRBM+LSCY290YB,1,30.27,25.22,2026-07-04 11:05:47,amazon Ledsone,false
1196180,205-3095309-8857930,AMAZON,B0DX6NBT9P,,CENU19150WH,1,4.38,0.91,2026-07-04 11:15:48,amazon Ledsone,false
1196184,202-5408262-3908321,AMAZON,B0GYPHS1FD,,BS6S6628BM,1,20.89,17.41,2026-07-04 11:24:12,amazon Ledsone,false
1196186,206-1244989-6686736,AMAZON,B0743GYD52,,CO332AORAPK,1,5.28,1.99,2026-07-04 11:27:58,amazon Ledsone,false
1196187,205-5828930-6650748,AMAZON,B0BP2SCSX9,,LHSBE27BM6PK,1,36.99,36.99,2026-07-04 11:34:35,amazon Dcvoltage,false
1196188,205-9786343-0588367,AMAZON,B0BLZFGY38,,LDMG95E274APK,1,27.89,23.24,2026-07-04 11:38:36,amazon Ledsone,false
1196191,202-7454441-0081947,AMAZON,B0DCFXBYJG,,LDSG95DIE2745PK,1,26.89,22.41,2026-07-04 11:36:01,amazon Ledsone,false
1196192,206-0627166-9102737,AMAZON,B0DHLDX34K,,LSCO335WH+RPR44WH,1,16.49,13.74,2026-07-04 11:45:15,amazon Ledsone,false
1196196,205-2269057-9631551,AMAZON,B0B9Y67S6Z,,CL3TRO5PK,1,13.89,11.57,2026-07-04 11:56:34,amazon Ledsone,false
1196197,202-2438695-7808313,AMAZON,B0B7196F29,,CRSF100CH,1,8.88,4.99,2026-07-04 11:56:09,amazon Ledsone,false
1196198,205-9919687-0050710,AMAZON,B0FN7GZ1FJ,,CRSF100WH+LHNSE27WH,2,26.27,11.99,2026-07-04 11:55:28,amazon SRM Amazon,false
1196202,203-2495074-2574715,AMAZON,B0D59SFQQL,,WCB6BM2PK+RPR44WH2PK,1,15.69,15.69,2026-07-04 12:08:06,amazon Dcvoltage,false
1196203,026-6095106-4630709,AMAZON,B0BW9RG9QK,,LSLT360BI+RPR44WH,1,13.50,11.25,2026-07-04 12:03:24,amazon Ledsone,false
1196204,205-9410367-2183515,AMAZON,B0FVMD8CKN,,CERU72450GR,1,10.78,6.57,2026-07-04 12:07:01,amazon Ledsone,false
1196210,203-8599064-1133139,AMAZON,B0C9WZSBGH,,LSDO210RR+RPR44WH,1,11.89,11.89,2026-07-04 12:09:22,amazon Dcvoltage,false
1196212,206-6396393-5218701,AMAZON,B07YV66L3P,,CRSF100BM2PK+PHCH1BMRBM2PK+LSCY290BM2PK,1,36.99,36.99,2026-07-04 12:17:38,amazon Dcvoltage,false
1196221,206-1570675-8781108,AMAZON,B0CH39MWRF,,WSOSBDBM,1,21.59,21.59,2026-07-04 12:29:12,amazon Dcvoltage,false
1196233,202-3847883-6531519,AMAZON,B0BWJWGXD4,,LSCY210BG+RPR44WH,1,13.89,13.89,2026-07-04 12:49:45,amazon Dcvoltage,false
1196244,205-5105166-9031546,AMAZON,B0DDTT9HBV,,LSDO210GY+RPR44WH,2,23.78,11.89,2026-07-04 13:10:23,amazon Dcvoltage,false
1196253,203-6732267-1804368,AMAZON,B0GP7M293K,,LHPVHRE27WH3PK,1,11.18,6.91,2026-07-04 13:20:39,amazon Ledsone,false
1196254,202-9490126-6479554,AMAZON,B0F2YG2YH2,,RWWPSN12GY,1,4.88,1.99,2026-07-04 13:21:18,amazon Dcvoltage,false
1196257,202-0228465-6129924,AMAZON,B0F53K2JQZ,,PLWPBM,1,13.49,13.49,2026-07-04 13:36:06,amazon Dcvoltage,false
1196258,205-5686423-7783566,AMAZON,B08ZHQRX88,,CRSF2003BM+PHRI1PBRBY3PK+LSDO210BG3PK,1,38.89,38.89,2026-07-04 13:37:19,amazon Dcvoltage,false
1196262,204-3711370-0823500,AMAZON,B0CJ4RX6S2,,LSMCSPMSMC+RPM40WH,2,51.98,25.99,2026-07-04 13:42:39,amazon Dcvoltage,false
1196270,205-0523396-5953954,AMAZON,B0DTHVDTH7,,WCDTWH+RPR44WH,1,10.79,8.99,2026-07-04 13:51:32,amazon Ledsone,false
1196276,026-9202760-2717123,AMAZON,B0CZXL6ZYG,,TPOSBDBM,1,24.69,20.57,2026-07-04 14:08:07,amazon Ledsone,false
1196277,205-2866553-6907512,AMAZON,B08V5MK449,,CRSF100BM+PHCH1BMRBM+LSCY290BM,2,43.78,21.89,2026-07-04 14:01:33,amazon Dcvoltage,false
1196279,202-9763623-7351533,AMAZON,B0D97RKT3N,,ENC7486,1,31.69,26.41,2026-07-04 14:12:01,amazon Ledsone,false
1196285,206-1917816-0972353,AMAZON,B0F1TMC6HP,,CENU25200BM,1,4.48,1.48,2026-07-04 14:23:14,amazon Dcvoltage,false
1196287,202-0272792-8752352,AMAZON,B0F28YNDZN,,LSCY290RO+RPR44WH,1,18.29,15.24,2026-07-04 14:30:36,amazon Ledsone,false
1196292,203-4244527-1001946,AMAZON,B09KNTHHN1,,CRSF2003BM+PHRB1PBR40BM3PK+LSBS160OR3PK,1,33.99,28.32,2026-07-04 14:30:39,amazon Ledsone,false
1196293,202-2067286-6214717,AMAZON,B0FFB3XJ7G,,BS6S8033GY,1,20.89,17.41,2026-07-04 14:30:22,amazon Ledsone,false
1196294,026-1177405-7405147,AMAZON,B0DCDSZ719,,LDSG95DIE2743PK,1,21.89,18.24,2026-07-04 14:28:33,amazon Ledsone,false
1196299,205-6210253-0591545,AMAZON,B07RP8JC1Z,,WCBNBC+RPR44WH,1,10.29,8.57,2026-07-04 14:55:57,amazon Ledsone,false
1196300,206-4142432-4919537,AMAZON,B0DHVLPH2M,,LHSHE27CO,5,36.69,7.89,2026-07-04 14:49:01,amazon Dcvoltage,false
1196301,026-0950140-1492329,AMAZON,B0C9DPGRGD,,SPSDP2BM,1,5.87,2.98,2026-07-04 14:51:50,amazon Dcvoltage,false
1196306,204-0290341-4312364,AMAZON,B0GW7T9WPD,,CRSF1202WH,1,9.58,5.57,2026-07-04 15:01:35,amazon Ledsone,false
1196308,203-2197111-0716332,AMAZON,B0F1D3FS5C,,RWWPSY0660YE,1,5.88,2.99,2026-07-04 15:10:32,amazon Dcvoltage,false
1196311,026-4900357-0232324,AMAZON,B0DXQ7YWGJ,,LSCY290YB2PK+RPR44WH2PK,1,27.89,23.24,2026-07-04 15:09:52,amazon Ledsone,false
1196312,204-3752221-9180347,AMAZON,B0CVN6PYHV,,CENU19150BM,6,7.39,0.69,2026-07-04 15:13:32,amazon Dcvoltage,false
1196315,205-4396076-2741966,AMAZON,B0FPWV2SHR,,LDCWT75B22126PK,1,18.19,15.16,2026-07-04 15:18:17,amazon Ledsone,false
1196326,206-7266678-5585146,AMAZON,B09L8KTBJS,,CRSF100BM+PHCH1BMRBM+LSDO400GY,1,18.25,18.25,2026-07-04 15:47:51,amazon Ledsone,false
1196327,206-7266678-5585146,AMAZON,B09L8KS17V,,CRSF100BM+PHCH1BMRBM+LSDO400BI,1,18.07,18.07,2026-07-04 15:47:51,amazon Ledsone,false
1196329,026-2524718-6569903,AMAZON,B07QL5B1TY,,WCBNBM+RPR44WH,1,10.69,10.69,2026-07-04 15:43:24,amazon Dcvoltage,false
1196332,206-8618362-7581133,AMAZON,B0DBZ8NT3P,,ENC7393,1,42.89,35.74,2026-07-04 15:53:52,amazon Ledsone,false
1196333,203-7942671-4583532,AMAZON,B0F43P99NL,,CENU46450WH,1,7.49,4.49,2026-07-04 15:58:40,amazon Dcvoltage,false
1196339,204-6311110-8653946,AMAZON,B0BVMN1JXB,,WCFRBM,1,19.89,16.57,2026-07-04 16:03:15,amazon Ledsone,false
1196340,205-1162458-1187516,AMAZON,B07DH89GTY,,12UK3P2A,1,8.88,4.99,2026-07-04 16:04:05,amazon Ledsone,false
1196341,204-4099392-6725142,AMAZON,B0CGD98GVG,,CRSF100WH+PHRY2PCRWH,1,14.17,11.81,2026-07-04 16:09:21,amazon Ledsone,false
1196347,026-0614006-0978755,AMAZON,B0CBKFJ1FB,,PHSF2GDTFG+SPSDP2YB,1,15.19,12.66,2026-07-04 16:13:58,amazon Ledsone,false
1196348,204-4375916-6230700,AMAZON,B0BL7MTN3J,,LDMT45E2745PK,1,22.69,18.91,2026-07-04 16:14:13,amazon Ledsone,false
1196352,205-4308170-2319532,AMAZON,B0GR6FKHN1,,ENC9458,1,25.89,21.57,2026-07-04 16:29:21,amazon Ledsone,false
1196353,204-5103985-8609934,AMAZON,B0DH5ZBL7M,,CL2TLG3PK,1,7.99,7.99,2026-07-04 16:18:33,amazon Dcvoltage,false
1196354,204-2022950-4603527,AMAZON,B0FX2XDLT5,,LSCYRO200BM2PK+RPR44WH2PK,1,26.89,26.89,2026-07-04 16:28:57,amazon Dcvoltage,false
1196355,206-2155837-4228340,AMAZON,B08V36R3VR,,CRSF100GY+PHCH1PWRSGY+LSCY290GY,2,40.72,21.89,2026-07-04 16:39:06,amazon Dcvoltage,false
1196361,203-7353429-9375569,AMAZON,B0CS3K4LTZ,,WCB7BM+RPR44WH,1,10.89,10.89,2026-07-04 16:44:09,amazon Dcvoltage,false
1196362,205-0112211-6678729,AMAZON,B084RP9PZ7,,WCB4BS+RPR44WH,1,9.89,8.24,2026-07-04 16:42:20,amazon Ledsone,false
1196367,205-3658964-6533159,AMAZON,B0DTYYYWYG,,LSSS300BG+RPR44WH,1,14.99,12.49,2026-07-04 16:54:52,amazon Ledsone,false
1196369,203-1503416-4713153,AMAZON,B0FB3ZFXY1,,LDMC35E1443PK,1,13.19,10.99,2026-07-04 16:58:15,amazon Ledsone,false
1196370,026-3576585-9349104,AMAZON,B0FX2T3V9J,,LSCYRO200GD2PK+RPR44WH2PK,1,26.89,26.89,2026-07-04 16:53:11,amazon Dcvoltage,false
1196372,206-5365375-0644346,AMAZON,B0FPWXQWQD,,LDCWA60HB2296PK,1,9.98,6.24,2026-07-04 17:01:09,amazon Ledsone,false
1196373,205-7330511-1631543,AMAZON,B0CDLTXBQV,,WLRPE27BM,2,40.53,18.16,2026-07-04 17:06:00,amazon Ledsone,false
1196374,205-8575812-2629950,AMAZON,B0DH4CYJNX,,WCMSBC+RPR44WH,1,9.99,8.32,2026-07-04 17:04:30,amazon Ledsone,false
1196375,204-4051106-4199539,AMAZON,B08XVT2VKW,,WCB6WH+RPR44WH,1,10.49,10.49,2026-07-04 17:02:49,amazon Dcvoltage,false
1196376,202-2290276-8611545,AMAZON,B0DH926QQZ,,CL3TTB5PK,1,16.99,11.99,2026-07-04 17:11:23,amazon Dcvoltage,false
1196377,026-6634857-0803526,AMAZON,B09YYSLDWP,,PLADBM+LSDO210BG3PK+ICST64E273PK,1,56.89,56.89,2026-07-04 17:12:43,amazon Dcvoltage,false
1196382,202-2187322-2981932,AMAZON,B0D8HZLL1S,,ENC3538,1,34.09,34.09,2026-07-04 17:18:11,amazon Dcvoltage,false
1196392,205-5760047-7141148,AMAZON,B0CGRPTT6W,,CRSF100BM+PHRYWP2RBM,1,11.29,9.41,2026-07-04 17:44:50,amazon Ledsone,false
1196393,202-9807882-8401122,AMAZON,B0D6B24H6L,,SPSDP2WH3PK,1,14.09,14.09,2026-07-04 17:43:11,amazon Dcvoltage,false
1196398,205-0674349-6545111,AMAZON,B0C4HFC7HT,,CRFF500BM+PHSW1PBRBM3PK+LSFT220GS3PK,1,41.89,41.89,2026-07-04 17:58:32,amazon Dcvoltage,false
1196399,204-5999390-6204353,AMAZON,B0C9TWTCZ8,,LSCY210BG+RPR44WH,1,12.49,12.49,2026-07-04 17:59:11,amazon Dcvoltage,false
1196408,203-8598252-9627525,AMAZON,B0FH6KZ6V4,,SPSDP2BMYAPK,1,39.09,32.57,2026-07-04 18:03:22,amazon Ledsone,false
1196409,204-5527945-4612312,AMAZON,B0CVL9XQ1L,,LSEL400YE+RPR44WH,1,14.94,12.45,2026-07-04 18:06:18,amazon Ledsone,false
1196411,202-3912143-1109142,AMAZON,B0GCZJ9XRB,,CRFF100SN2PK+LHNSE27SN2PK,1,24.89,24.89,2026-07-04 18:11:02,amazon Dcvoltage,false
1196412,204-9962336-3104338,AMAZON,B0D87B2KSZ,,CO532AGYDPK,1,9.51,5.52,2026-07-04 18:10:12,amazon Ledsone,false
1196413,203-1854971-7095543,AMAZON,B0BLZGY3D7,,LDMG95E2742PK,1,12.89,10.74,2026-07-04 18:14:19,amazon Ledsone,false
1196422,205-8327430-7128315,AMAZON,B09477YHK7,,LDMG95E278APK,1,34.88,29.07,2026-07-04 18:25:42,amazon Ledsone,false
1196423,206-0516800-5601105,AMAZON,B0BTP3G72C,,PHSH1HETYB+LSCY290YB,1,27.99,27.99,2026-07-04 18:27:17,amazon Dcvoltage,false
1196428,026-8423406-3185959,AMAZON,B0BBS3RDGZ,,CL3TLBAPK,1,21.89,18.24,2026-07-04 18:40:30,amazon Ledsone,false
1196429,026-9581467-6408346,AMAZON,B0DQD9LY98,,PHSF1AGTGB3PK,1,30.29,25.24,2026-07-04 18:40:35,amazon Ledsone,false
1196431,206-2421867-2362739,AMAZON,B0GLNBSJMP,,PL4HRR,2,77.38,32.24,2026-07-04 18:41:27,amazon Ledsone,false
1196433,206-7478512-8895506,AMAZON,B09D3YTMG9,,PLDMRR+LDMST64E274,1,25.89,25.89,2026-07-04 18:41:27,amazon Dcvoltage,false
1196437,204-7549002-8412364,AMAZON,B0BY35XHVG,,SCRN70BM2PK,1,7.58,3.91,2026-07-04 18:52:52,amazon Ledsone,false
1196447,202-3445543-2800340,AMAZON,B0DSC67GJ4,,PHSF1PBR20WH+LSWE315BY,1,17.89,14.91,2026-07-04 19:05:31,amazon Ledsone,false
1196448,202-4837915-4150710,AMAZON,B0CN376GSP,,CRSF1202BM+PHHT2PBRBM2PK+SPUPBM2PK,1,19.89,16.57,2026-07-04 19:07:46,amazon Ledsone,false
1196449,205-7832774-3898709,AMAZON,B08WC558NJ,,CRFF500BM+WCBCBC3PK,1,28.99,28.99,2026-07-04 19:02:28,amazon Dcvoltage,false
1196454,203-4904222-9774760,AMAZON,B0F29P1SH6,,CERU36150GR,1,4.58,1.41,2026-07-04 19:27:16,amazon Ledsone,false
1196457,206-7585151-3734755,AMAZON,B08XBQ6VPT,,PSDS4BMRBR,1,14.17,14.17,2026-07-04 19:34:33,amazon Dcvoltage,false
1196460,205-3462062-7490722,AMAZON,B0CPBXK43C,,LSCY290NB+RPR44WH,1,15.89,15.89,2026-07-04 19:40:46,amazon Dcvoltage,false
1196461,202-9352365-7613135,AMAZON,B0C9TWTCZ8,,LSCY210BG+RPR44WH,2,24.98,12.49,2026-07-04 19:43:55,amazon Dcvoltage,false
1196462,202-2543252-4410704,AMAZON,B0839FTSKN,,CBSF125,1,6.77,3.88,2026-07-04 19:43:57,amazon Dcvoltage,false
1196463,026-8523321-1443504,AMAZON,B0CBMQZ8P6,,PHSF2BMRBM+SPSDP2BM,1,15.19,12.66,2026-07-04 19:46:10,amazon Ledsone,false
1196467,026-9981591-9858734,AMAZON,B0BW9RG9QK,,LSLT360BI+RPR44WH,2,27.00,11.25,2026-07-04 19:53:08,amazon Ledsone,false
1196468,026-1690354-9273966,AMAZON,B0G49D2BKG,,WCCYSP180BM2PK+RPR44WH2PK,1,23.89,23.89,2026-07-04 19:58:59,amazon Dcvoltage,false
1196469,203-1272291-3698746,AMAZON,B0GVT5JPGR,,WCBTC100FG2PK+RPR44WH2PK,1,17.89,14.91,2026-07-04 20:06:46,amazon Ledsone,false
1196470,205-2777314-4752307,AMAZON,B08NDBQLMZ,,WCDTBM+RPR44WH,1,10.59,10.59,2026-07-04 20:01:44,amazon Dcvoltage,false
1196475,203-5567393-7270717,AMAZON,B0BWJWGXD4,,LSCY210BG+RPR44WH,1,13.89,13.89,2026-07-04 20:24:19,amazon Dcvoltage,false
1196482,202-2632588-3305929,AMAZON,B0G2L35YZ5,,ENC7764,1,28.89,24.07,2026-07-04 20:29:18,amazon Ledsone,false
1196484,206-3401899-9268351,AMAZON,B0C9TWTCZ8,,LSCY210BG+RPR44WH,1,12.49,12.49,2026-07-04 20:32:41,amazon Dcvoltage,false
1196485,204-7230553-1169117,AMAZON,B08NDF5WD2,,WCDTWH+RPR44WH,3,40.17,8.85,2026-07-04 20:33:18,amazon Dcvoltage,false
1196492,026-8940088-6607548,AMAZON,B0CNQ1Q3BJ,,LDMG125E278,1,8.19,8.19,2026-07-04 20:56:56,amazon Dcvoltage,false
1196496,026-1162912-1477903,AMAZON,B0CNPV5SC5,,LDMG95B228,1,6.79,6.79,2026-07-04 21:03:29,amazon Dcvoltage,false
1196497,202-5740893-5713915,AMAZON,B0GDCN4LCW,,LDMT185E2736PK,1,17.19,14.32,2026-07-04 20:59:01,amazon Ledsone,false
1196498,206-1596450-8914766,AMAZON,B0GZNJ8733,,LHSWPBB22CH2PK,1,14.79,12.32,2026-07-04 20:59:34,amazon Ledsone,false
1196500,202-1496485-3049961,AMAZON,B0GVT5JPGR,,WCBTC100FG2PK+RPR44WH2PK,1,17.89,14.91,2026-07-04 21:16:39,amazon Ledsone,false
1196508,203-7503378-1655528,AMAZON,B0BC1BPPZG,,CL3RBKAPK,1,22.89,19.07,2026-07-04 21:20:58,amazon Ledsone,false
1196509,202-5903210-5276336,AMAZON,B0DH99TL7C,,CL3TGRAPK,1,20.99,20.99,2026-07-04 21:29:42,amazon Dcvoltage,false
1196516,202-4431208-6565130,AMAZON,B0DMDVX4S7,,ENC9313,1,27.89,23.24,2026-07-04 21:47:17,amazon Ledsone,false
1196517,206-8186772-0943504,AMAZON,B0DTHKSHFY,,WCB7BS3PK+RPR44WH3PK,1,23.29,23.29,2026-07-04 21:43:49,amazon Dcvoltage,false
1196519,204-4359841-2561920,AMAZON,B0GQ48BNBZ,,LSGLSC115AR+RPM40WH,1,11.89,11.89,2026-07-04 21:54:18,amazon Dcvoltage,false
1196520,202-2602920-4092336,AMAZON,B09L54SH5V,,PLHARR+LSOL180RR,3,60.52,18.07,2026-07-04 21:51:52,amazon Ledsone,false
1196521,204-0309307-3372379,AMAZON,B0C8TZ2GMQ,,PLADBS+LSDO210BS3PK,1,50.89,50.89,2026-07-04 22:08:02,amazon Dcvoltage,false
1196522,026-1073250-4124348,AMAZON,B0DTHKSHFY,,WCB7BS3PK+RPR44WH3PK,1,23.29,23.29,2026-07-04 22:08:10,amazon Dcvoltage,false
1196527,026-3812623-3124353,AMAZON,B0CG61V914,,LSCY290RR2PK+RPR44WH2PK,1,28.89,28.89,2026-07-04 22:13:13,amazon Dcvoltage,false
1196532,202-0826447-5235543,AMAZON,B0743GYD52,,CO332AORAPK,1,5.78,2.41,2026-07-04 22:19:57,amazon Ledsone,false
1196533,202-0829351-3899502,AMAZON,B09MWJZ9NQ,,ENC2232,2,71.78,29.91,2026-07-04 22:21:03,amazon Ledsone,false
1196534,206-1966909-1457134,AMAZON,B0D7BZ726S,,LDSG125E274,1,14.99,12.49,2026-07-04 22:21:38,amazon Ledsone,false
1196535,202-4215299-5977153,AMAZON,B0BZSKF992,,ENC978,2,43.58,18.16,2026-07-04 22:21:03,amazon Ledsone,false
1196542,204-0732978-1939511,AMAZON,B0CS6QWT5C,,FCBRBA5LGGPK,1,12.89,10.74,2026-07-04 22:55:24,amazon Ledsone,false
1196543,204-7646016-8774716,AMAZON,B0GLNBSJMP,,PL4HRR,1,38.69,32.24,2026-07-04 23:01:58,amazon Ledsone,false
1196544,026-1022044-1998717,AMAZON,B08RYTP5WV,,HRE2738WH2PK,1,3.80,0.91,2026-07-04 23:06:32,amazon SRM Amazon,false
1196549,204-0562120-1973136,AMAZON,B0FHHH5CWQ,,TPOSBDBM,1,25.89,25.89,2026-07-04 23:19:05,amazon SRM Amazon,false
1196556,204-7752707-2260348,AMAZON,B0DH4KYFPD,,WCDTBM2PK+RPR44WH2PK,1,18.29,15.24,2026-07-05 00:32:12,amazon Ledsone,false
1196557,202-3683774-3956306,AMAZON,B0D3LZDG7G,,CSBEB6PI+CSBEB6WH,1,12.58,8.07,2026-07-05 00:52:48,amazon Ledsone,false
1196558,026-7589600-4882754,AMAZON,B0FPWV2SHR,,LDCWT75B22126PK,1,18.19,15.16,2026-07-05 00:59:52,amazon Ledsone,false
1196559,026-5993733-0605144,AMAZON,B0G39VRZ29,,LSGG200AR+SCRN70FG,1,23.99,19.99,2026-07-05 02:03:22,amazon Ledsone,false
1196560,204-5534723-3713102,AMAZON,B0CGZSD2RV,,LSMCSPFLMC2PK+RPM40WH2PK,1,45.89,38.24,2026-07-05 02:33:21,amazon Ledsone,false
1196606,203-9089945-6913140,AMAZON,B08V5MK449,,CRSF100BM+PHCH1BMRBM+LSCY290BM,6,109.44,18.24,2026-07-05 06:44:37,amazon Dcvoltage,false
1196610,203-2210052-1399568,AMAZON,B0GJ4S9WLJ,,LLSQWB5W3PK,1,12.29,12.29,2026-07-05 06:53:36,amazon Dcvoltage,false
1196618,206-3619152-3213100,AMAZON,B08Z7RZC6W,,PHUH1HETBM+LSHM400HE,1,35.89,35.89,2026-07-05 08:00:16,amazon Dcvoltage,false
1196627,026-0619364-8553112,AMAZON,B0G7CBNVMV,,12UK3P5A+SLW8,1,13.17,13.17,2026-07-05 08:16:00,amazon Dcvoltage,false
1196635,026-1534754-3051537,AMAZON,B0DMDWM25D,,ENC9314,1,27.19,27.19,2026-07-05 08:56:31,amazon Dcvoltage,false
1196648,203-2175451-6596321,AMAZON,B0CVL8HRBS,,RWWPSY0660YE2PK,1,8.78,4.91,2026-07-05 09:09:50,amazon Ledsone,false
1196652,205-1645193-1010703,AMAZON,B0CQT71ZJ1,,LSDO210GR+RPR44WH,1,11.89,11.89,2026-07-05 09:26:16,amazon Dcvoltage,false
1196656,205-4520570-5462752,AMAZON,B0C6LV14PT,,12UK3P2A,1,10.78,7.89,2026-07-05 09:38:31,amazon Dcvoltage,false
1196659,202-9199821-0662741,AMAZON,B0F1D3FS5C,,RWWPSY0660YE,1,5.88,2.99,2026-07-05 09:39:21,amazon Dcvoltage,false
1196660,202-1779383-3987532,AMAZON,B083XHSX6F,,CL2TGD3PK,1,7.98,4.24,2026-07-05 09:39:07,amazon Ledsone,false
1196669,205-9687328-5361964,AMAZON,B0CSNHB4KG,,ENC8625,1,30.89,30.89,2026-07-05 10:03:37,amazon Dcvoltage,false
1196673,202-7150756-4111538,AMAZON,B0CG3GTY9C,,WSOSBDBM,1,21.09,17.57,2026-07-05 10:15:42,amazon Ledsone,false
1196680,203-1858246-3537940,AMAZON,B0GP73VLM8,,LHPVHRE27WH,1,7.78,4.07,2026-07-05 10:32:08,amazon Ledsone,false
1196682,203-7629519-1047529,AMAZON,B0FS1CS8H4,,CRSF100WH+LHTPE27JWH,1,11.89,11.89,2026-07-05 10:31:12,amazon SRM Amazon,false
1196689,205-2435394-4788357,AMAZON,B0FW54NQDQ,,LSCYRO200GD+RPR44WH,1,15.89,15.89,2026-07-05 10:43:17,amazon Dcvoltage,false
1196690,203-4906716-4269148,AMAZON,B094NJVJWZ,,CRFF500BM+WCSN1BM3PK+LDST45E2743PK,1,37.89,37.89,2026-07-05 10:43:07,amazon Dcvoltage,false
1196691,202-2106866-6725930,AMAZON,B08636QXG5,,PHSF1ROTRO,2,27.70,12.41,2026-07-05 10:40:30,amazon Ledsone,false
1196705,026-4332451-0793918,AMAZON,B09HS9HMDJ,,CL2TBT5PK,2,25.78,10.74,2026-07-05 11:01:35,amazon Ledsone,false
1196706,026-7239295-4533908,AMAZON,B0847N9BDY,,CBSF100,1,6.78,3.24,2026-07-05 11:07:13,amazon Ledsone,false
1196710,026-2873445-2173931,AMAZON,B0C9TWTCZ8,,LSCY210BG+RPR44WH,1,12.49,12.49,2026-07-05 11:09:57,amazon Dcvoltage,false
1196711,204-3737305-7247557,AMAZON,B0CCJ55N88,,SPSDP3YB3PK,1,10.09,8.41,2026-07-05 11:12:02,amazon Ledsone,false
1196713,204-9769553-0265138,AMAZON,B0GXVB8BL6,,CNP1000RO3PK,1,14.89,12.41,2026-07-05 11:13:15,amazon Ledsone,false
1196714,206-0561017-9097104,AMAZON,B0DFYC7TCL,,LSMS320OR2PK+RPR44WH2PK,1,24.89,20.74,2026-07-05 11:16:59,amazon Ledsone,false
1196721,203-1932391-2467538,AMAZON,B0C9TWTCZ8,,LSCY210BG+RPR44WH,1,12.49,12.49,2026-07-05 11:28:21,amazon Dcvoltage,false
1196722,205-5425645-7358744,AMAZON,B0DSBP4962,,PLTTBC+LSFT220BC,1,21.79,21.79,2026-07-05 11:28:03,amazon Dcvoltage,false
1196723,204-9866213-5234757,AMAZON,B0FX2XDLT5,,LSCYRO200BM2PK+RPR44WH2PK,1,26.89,26.89,2026-07-05 11:28:37,amazon Dcvoltage,false
1196728,206-7743077-2068337,AMAZON,B07HRGXZJD,,CCBKNWE18,1,6.99,6.99,2026-07-05 11:34:57,amazon Dcvoltage,false
1196729,205-5048377-6732346,AMAZON,B0FVMCY494,,CERU36150YE,1,4.38,1.24,2026-07-05 11:31:09,amazon Ledsone,false
1196731,204-4033158-6665908,AMAZON,B09XBCV8ZM,,CRFF500BM+PHHN1PBRCO3PK+LSDO210BI3PK,1,34.59,28.82,2026-07-05 11:35:50,amazon Ledsone,false
1196733,206-2723583-0765909,AMAZON,B0G1S1XY23,,BSFCDRSIPI,1,21.99,18.32,2026-07-05 01:31:33,amazon Ledsone,false
1196734,205-9121072-5515563,AMAZON,B0D7944QDY,,WCB6BM2PK+RPR44WH2PK,1,16.49,13.74,2026-07-05 11:47:54,amazon Ledsone,false
1196743,206-1122378-4472361,AMAZON,B0GP139NG9,,LHXWPE27PPWH2PK,1,12.68,8.16,2026-07-05 11:54:39,amazon Ledsone,false
1196744,026-6663119-0357939,AMAZON,B0DSBP4962,,PLTTBC+LSFT220BC,1,21.79,21.79,2026-07-05 11:49:31,amazon Dcvoltage,false
1196748,026-0706210-9961162,AMAZON,B0C6LV14PT,,12UK3P2A,1,10.78,7.89,2026-07-05 12:00:24,amazon Dcvoltage,false
1196749,206-6181001-3840341,AMAZON,B0FX2SHBL5,,LSCYRO120BM2PK+RPR44WH2PK,1,21.89,21.89,2026-07-05 12:00:57,amazon Dcvoltage,false
1196750,026-3324265-1923540,AMAZON,B081FBSJX8,,CNP1000WH,1,7.69,7.69,2026-07-05 12:08:13,amazon Dcvoltage,false
1196765,204-2515114-7336325,AMAZON,B0F1D3FS5C,,RWWPSY0660YE,1,5.88,2.99,2026-07-05 12:28:08,amazon Dcvoltage,false
1196782,205-7974026-1527537,AMAZON,B0BW9RT5C9,,LSLT360OR+RPR44WH,1,13.48,11.23,2026-07-05 12:44:24,amazon Ledsone,false
1196784,205-4954330-4605129,AMAZON,B0FX2SP39V,,LSCYRO200WH2PK+RPR44WH2PK,1,24.89,24.89,2026-07-05 12:49:48,amazon Dcvoltage,false
1196790,202-9139118-5378730,AMAZON,B0C9X67GZJ,,LSWD360BC+RPR44WH,1,18.89,18.89,2026-07-05 12:57:42,amazon Dcvoltage,false
1196791,202-4469080-3288332,AMAZON,B0CVH4QJ7R,,RWWPSY0660YE2PK,1,7.88,4.99,2026-07-05 12:58:33,amazon Dcvoltage,false
1196792,026-7039733-5732302,AMAZON,B0DZNQCJX5,,RWWPSY08GY,1,4.78,1.57,2026-07-05 12:49:37,amazon Ledsone,false
1196794,206-5529099-4643540,AMAZON,B0979FV5QC,,CNP1000CH,1,4.68,3.90,2026-07-05 12:54:24,amazon Ledsone,false
1196795,026-2980742-9613902,AMAZON,B0D794M7PJ,,WCB4BC2PK+RPR44WH2PK,1,15.89,13.24,2026-07-05 12:59:02,amazon Ledsone,false
1196797,202-6463385-0762707,AMAZON,B0CZ9CH465,,LSMS320BT2PK+RPR44WH2PK,1,26.59,26.59,2026-07-05 13:07:53,amazon Dcvoltage,false
1196798,205-7086838-7550761,AMAZON,B0CV5CW477,,LDSHEAE2742PK,1,16.89,14.07,2026-07-05 13:01:44,amazon Ledsone,false
1196799,206-0397486-6240352,AMAZON,B0FPWXQWQD,,LDCWA60HB2296PK,2,16.42,6.24,2026-07-05 12:54:13,amazon Ledsone,false
1196802,203-1910801-2107516,AMAZON,B0DCDSZ719,,LDSG95DIE2743PK,1,21.89,18.24,2026-07-05 13:18:42,amazon Ledsone,false
1196806,203-5569232-4298721,AMAZON,B0CW3DNTRP,,LDSG125E274,1,9.89,9.89,2026-07-05 13:19:53,amazon Dcvoltage,false
1196807,203-5997625-8816348,AMAZON,B09JVQ6VXT,,LDSG95DIE2743PK,1,19.89,19.89,2026-07-05 13:20:12,amazon Dcvoltage,false
1196808,205-9554414-7513936,AMAZON,B0FW54PMWP,,LSCYRO120WH+RPR44WH,1,14.99,14.99,2026-07-05 13:19:59,amazon Dcvoltage,false
1196809,205-2331203-8433925,AMAZON,B0FW4R1JC8,,LSCYRO200WH+RPR44WH,1,16.89,14.07,2026-07-05 13:19:59,amazon Ledsone,false
1196811,203-3333730-3620308,AMAZON,B0DZNLF6LK,,RWWPSY10GY,1,5.38,2.07,2026-07-05 13:22:13,amazon Ledsone,false
1196813,202-8553878-4332343,AMAZON,B084THNQKC,,LSRP260CO+RPR44WH,1,18.89,15.74,2026-07-05 13:38:19,amazon Ledsone,false
1196814,026-4059559-9977118,AMAZON,B0FX2T3V9J,,LSCYRO200GD2PK+RPR44WH2PK,1,26.89,26.89,2026-07-05 13:36:13,amazon Dcvoltage,false
1196822,203-0648789-0625936,AMAZON,B0G616NMFD,,CRSF100BM+PHNW1RBM,2,21.78,9.08,2026-07-05 13:44:22,amazon Ledsone,false
1196823,205-7342312-4434741,AMAZON,B0CHF49HKL,,PHUH1HETBM+LSHM400HE,1,32.19,26.82,2026-07-05 13:46:20,amazon Ledsone,false
1196825,026-8576720-3792356,AMAZON,B0CSNHB4KG,,ENC8625,1,30.89,30.89,2026-07-05 13:45:35,amazon Dcvoltage,false
1196837,026-3786338-7031557,AMAZON,B0DTPHMRW8,,WCB2WH3PK+RPR44WH3PK,1,22.89,19.07,2026-07-05 14:00:11,amazon Ledsone,false
1196838,026-6097545-1327533,AMAZON,B0CY5JHM67,,ENC6484,1,29.49,29.49,2026-07-05 14:02:09,amazon Dcvoltage,false
1196839,202-9604862-9588362,AMAZON,B0CBPSSXC3,,WCB6BB2PK+RPR44WH2PK,1,15.89,15.89,2026-07-05 14:03:21,amazon Dcvoltage,false
1196844,205-0722062-2989930,AMAZON,B0CDPSB5GC,,WCCYROCH2PK+LDMT45E2742PK,1,48.89,40.74,2026-07-05 14:10:54,amazon Ledsone,false
1196845,204-0496933-1600335,AMAZON,B0DX19J4S2,,LHSHE27CO2PK,2,20.26,9.08,2026-07-05 14:11:23,amazon Ledsone,false
1196846,202-7710635-9212329,AMAZON,B0FY5NVS4S,,LDSG1007E272PK,2,39.04,17.49,2026-07-05 14:14:03,amazon Ledsone,false
1196847,204-1269009-9787501,AMAZON,B0FY5NVS4S,,LDSG1007E272PK,1,20.99,17.49,2026-07-05 14:17:58,amazon Ledsone,false
1196848,204-4178144-1377115,AMAZON,B0BLP1JSRK,,LDMST64E2786PK,1,20.39,16.99,2026-07-05 14:17:41,amazon Ledsone,false
1196849,204-7341409-4809903,AMAZON,B0CVKZP3W2,,LSTF400BM+RPR44WH,1,16.39,16.39,2026-07-05 14:16:28,amazon Dcvoltage,false
1196859,026-2265607-9561959,AMAZON,B0DTHZ1JX5,,WCDCBM4PK+RPR44WH4PK,1,29.49,24.57,2026-07-05 14:21:10,amazon Ledsone,false
1196861,206-9602216-0857919,AMAZON,B0CZXL6ZYG,,TPOSBDBM,1,24.69,20.57,2026-07-05 14:27:00,amazon Ledsone,false
1196865,203-3195511-9855537,AMAZON,B0F1D23NFW,,RWWPSY0640YE,1,9.38,6.49,2026-07-05 14:34:40,amazon Dcvoltage,false
1196869,204-2827569-9284343,AMAZON,B0F29P1SH6,,CERU36150GR,1,4.58,1.41,2026-07-05 14:40:00,amazon Ledsone,false
1196870,204-4253446-2851551,AMAZON,B0CV5DK5NC,,LDSG125LOE2742PK,1,17.89,14.91,2026-07-05 14:42:53,amazon Ledsone,false
1196871,204-3397283-0761158,AMAZON,B0C9TMW8FQ,,ENC1910,1,22.89,22.89,2026-07-05 14:42:21,amazon Dcvoltage,false
1196877,206-9738587-4640308,AMAZON,B07RQL8NWH,,HLRK35BM,1,2.68,2.68,2026-07-05 15:04:26,amazon Ledsone,false
1196878,206-9738587-4640308,AMAZON,B0DJBT1NQ6,,HLRK45BM3PK,1,5.74,5.74,2026-07-05 15:04:26,amazon Ledsone,false
1196879,204-2444458-6132331,AMAZON,B083XHD63Q,,CL2RYE3PK,1,9.28,4.99,2026-07-05 15:06:02,amazon Ledsone,false
1196880,206-4414350-8531524,AMAZON,B0FNN5WTXR,,CRSF1203BM+PHRN2PCRBM3PK+LDMG95E2743PK,1,33.49,27.91,2026-07-05 15:08:01,amazon Ledsone,false
1196898,204-6989315-5916358,AMAZON,B0GZND9ZR6,,LHSWPBB22GD2PK,1,14.79,12.32,2026-07-05 15:20:13,amazon Ledsone,false
1196899,026-2874989-0357908,AMAZON,B0GDCN4LCW,,LDMT185E2736PK,1,17.19,14.32,2026-07-05 15:20:37,amazon Ledsone,false
1196900,205-4784946-2797150,AMAZON,B0DSC26NGS,,ENC5267,1,18.59,18.59,2026-07-05 15:23:04,amazon SRM Amazon,false
1196901,205-7469740-5246734,AMAZON,B0CPBY28LB,,LSCY290GY+RPR44WH,1,16.09,16.09,2026-07-05 15:39:34,amazon Dcvoltage,false
1196906,204-4883459-8851523,AMAZON,B0C7VC4PDX,,CRSF100BM+PHUP1PBRBM+LSH3325HE,1,23.89,23.89,2026-07-05 15:47:46,amazon Dcvoltage,false
1196907,202-2999302-1846756,AMAZON,B09KNTHHN1,,CRSF2003BM+PHRB1PBR40BM3PK+LSBS160OR3PK,1,33.99,28.32,2026-07-05 15:42:09,amazon Ledsone,false
1196908,026-4009416-5901154,AMAZON,B0D28TWPYD,,LSCY290BC2PK+RPR44WH2PK,1,25.79,21.49,2026-07-05 15:43:45,amazon Ledsone,false
1196918,204-3369089-2105160,AMAZON,B0FPFYZ5D1,,CRSF100BM+PHRNWP1RBM,1,12.19,10.16,2026-07-05 15:51:56,amazon Ledsone,false
1196919,026-1787763-7556301,AMAZON,B0FX2XDLT5,,LSCYRO200BM2PK+RPR44WH2PK,1,26.89,26.89,2026-07-05 15:52:20,amazon Dcvoltage,false
1196920,205-8782148-2689169,AMAZON,B0FX2T3V9J,,LSCYRO200GD2PK+RPR44WH2PK,1,26.89,26.89,2026-07-05 15:57:07,amazon Dcvoltage,false
1196927,203-9976523-5632346,AMAZON,B0FN7GZ1FJ,,CRSF100WH+LHNSE27WH,2,26.27,11.99,2026-07-05 16:04:54,amazon SRM Amazon,false
1196934,026-4969021-7533934,AMAZON,B0GZND9ZR6,,LHSWPBB22GD2PK,1,14.79,12.32,2026-07-05 16:11:19,amazon Ledsone,false
1196935,205-5240998-6953126,AMAZON,B0CKFD2MTJ,,PLTYBM+ICST64E27,1,18.89,15.74,2026-07-05 16:13:19,amazon Ledsone,false
1196939,203-3539504-0902759,AMAZON,B07DH89GTY,,12UK3P2A,1,8.88,4.99,2026-07-05 16:19:07,amazon Ledsone,false
1196941,206-5123899-0213938,AMAZON,B0DP2CQ86C,,PHUH1HETBM2PK+LSHM400HE2PK,1,69.99,58.32,2026-07-05 16:25:21,amazon Ledsone,false
1196946,202-0428161-0669911,AMAZON,B0D28VPVKD,,LSCY290BI2PK+RPR44WH2PK,1,26.89,22.41,2026-07-05 16:34:13,amazon Ledsone,false
1196949,204-8884174-2240312,AMAZON,B0BTP2GMY9,,PHSH1HETYB+LSCY290BS,1,18.99,18.99,2026-07-05 16:46:28,amazon Dcvoltage,false
1196950,203-8129826-7061958,AMAZON,B0F2919THD,,LSCY290CO+RPR44WH,2,37.78,15.74,2026-07-05 16:44:27,amazon Ledsone,false
1196958,206-5751808-7249914,AMAZON,B0D56Z8CHY,,WCB6WH2PK+RPR44WH2PK,1,16.29,16.29,2026-07-05 16:53:36,amazon Dcvoltage,false
1196959,204-3211414-9709924,AMAZON,B0CB89662N,,LSSS300CH+RPR44WH,2,38.78,16.89,2026-07-05 16:54:26,amazon Dcvoltage,false
1196960,205-0092459-0318774,AMAZON,B0CB89662N,,LSSS300CH+RPR44WH,1,16.89,16.89,2026-07-05 16:57:14,amazon Dcvoltage,false
1196961,202-8308236-5117107,AMAZON,B09Z6P8H29,,LDCWA60HB227,1,4.09,3.41,2026-07-05 16:51:12,amazon Ledsone,false
1196962,206-8688979-1829958,AMAZON,B0FPWV2SHR,,LDCWT75B22126PK,1,18.19,15.16,2026-07-05 16:55:18,amazon Ledsone,false
1196963,206-9290985-2529131,AMAZON,B083XRKRP4,,CL2TBM3PK,4,18.64,4.18,2026-07-05 16:57:12,amazon Ledsone,false
1196964,206-7198483-2317116,AMAZON,B0C3GY929H,,LSDO210GR+RPR44WH,1,11.89,9.91,2026-07-05 16:57:04,amazon Ledsone,false
1196970,203-3106648-7669126,AMAZON,B0BWS7PZ92,,LSDO210WH+RPR44WH,1,11.89,11.89,2026-07-05 17:08:40,amazon Dcvoltage,false
1196977,203-7778220-1328359,AMAZON,B0DTTSW3WR,,PHSF2GDRYB+SPSDP2YB+ICST64E27,1,17.69,17.69,2026-07-05 17:13:51,amazon SRM Amazon,false
1196992,204-4987225-8977154,AMAZON,B0CNRL871B,,LDMST64E274,8,52.36,6.89,2026-07-05 17:22:27,amazon Dcvoltage,false
1196993,206-9106927-1438725,AMAZON,B0F53HCJBN,,PLWLBC,1,17.49,17.49,2026-07-05 17:26:16,amazon Dcvoltage,false
1196994,203-9107302-1857946,AMAZON,B0CMTS3KY6,,LDG4D28C32PK,1,5.69,5.69,2026-07-05 17:26:15,amazon Dcvoltage,false
1196999,205-7437489-0165109,AMAZON,B0DP2VNVVF,,CRSF100SN+PHCHPCRSN+LSCY290SN,1,22.89,19.07,2026-07-05 17:37:38,amazon Ledsone,false
1197001,205-9069775-7708359,AMAZON,B0BZDSH4D9,,CRFF105CH,1,11.78,7.41,2026-07-05 17:38:41,amazon Ledsone,false
1197002,203-3697069-5735521,AMAZON,B0CVH4QJ7R,,RWWPSY0660YE2PK,1,7.88,4.99,2026-07-05 17:30:31,amazon Dcvoltage,false
1197005,206-0112404-0084353,AMAZON,B0DZNLF6LK,,RWWPSY10GY,1,5.38,2.07,2026-07-05 17:41:38,amazon Ledsone,false
1197006,205-4014425-2664337,AMAZON,B0D6W7T344,,FWS33839BL,1,6.09,6.09,2026-07-05 17:45:38,amazon SRM Amazon,false
1197013,204-3840708-7593916,AMAZON,B08WLZZC5C,,CRSF100CO+PHMU1PBRCO+LSDM220CO,1,24.99,24.99,2026-07-05 17:52:25,amazon Dcvoltage,false
1197014,203-1802852-3760342,AMAZON,B0CBPT4SV4,,WCB7BS2PK+RPR44WH2PK,1,15.89,15.89,2026-07-05 17:57:31,amazon Dcvoltage,false
1197015,206-8488305-1584349,AMAZON,B0DK4VWKRW,,SPWL43BM3PK,1,18.99,15.82,2026-07-05 17:51:49,amazon Ledsone,false
1197016,202-7190764-9585932,AMAZON,B0DJVSWSR7,,ENC7758,1,41.89,34.91,2026-07-05 17:52:39,amazon Ledsone,false
1197017,026-3269156-8415501,AMAZON,B093H8YG8Z,,LSMS320GY+RPR44WH,1,14.99,12.49,2026-07-05 17:55:55,amazon Ledsone,false
1197018,202-9686901-7997113,AMAZON,B0GVT5JPGR,,WCBTC100FG2PK+RPR44WH2PK,1,17.89,14.91,2026-07-05 17:58:29,amazon Ledsone,false
1197024,026-9378464-1673965,AMAZON,B0FZTGKXZY,,CRSF100BM+LHNSE27BM+LSSS300BM+ICST64E27,2,35.14,15.74,2026-07-05 18:04:12,amazon Ledsone,false
1197028,206-0935406-8924326,AMAZON,B0CPBWDFRG,,LSCY290YB+RPR44WH,1,17.89,17.89,2026-07-05 18:12:51,amazon Dcvoltage,false
1197029,204-4252435-2019533,AMAZON,B0BNVNVP9D,,LHC2E27WH5PK,1,16.89,16.89,2026-07-05 18:17:19,amazon Dcvoltage,false
1197030,203-5755131-0601957,AMAZON,B0FN7GZ1FJ,,CRSF100WH+LHNSE27WH,1,14.28,11.99,2026-07-05 18:12:12,amazon SRM Amazon,false
1197032,202-2485717-6584351,AMAZON,B0GW83X9F4,,LHSWPBB22GD,1,12.79,9.90,2026-07-05 18:18:22,amazon Dcvoltage,false
1197033,206-1887877-8655546,AMAZON,B08NDGWQ8C,,WCDTGR+RPR44WH,1,10.69,10.69,2026-07-05 18:19:05,amazon Dcvoltage,false
1197035,202-5625368-9155546,AMAZON,B0F1D3FS5C,,RWWPSY0660YE,1,2.99,2.99,2026-07-05 18:16:54,amazon Dcvoltage,false
1197036,202-5625368-9155546,AMAZON,B0F1D1YCKQ,,RWWPSY0630YE,1,1.49,1.49,2026-07-05 18:16:54,amazon Dcvoltage,false
1197038,205-2983385-4441962,AMAZON,B0GP771MFX,,LHPVHRE27WH2PK,1,9.88,5.82,2026-07-05 18:30:51,amazon Ledsone,false
1197040,203-3898667-9072353,AMAZON,B0C3ZT8HVF,,LSCY290BI+RPR44WH,2,31.78,13.24,2026-07-05 18:37:21,amazon Ledsone,false
1197043,202-9470810-4250711,AMAZON,B0917RQ9PM,,PLHCBC+LSDO210BC3PK,1,47.09,39.24,2026-07-05 18:41:25,amazon Ledsone,false
1197044,206-6997664-9926746,AMAZON,B0B7SJYY45,,PHSF1GYTCH,2,27.88,12.49,2026-07-05 18:42:34,amazon Ledsone,false
1197045,203-4076984-1756316,AMAZON,B0CZXL6ZYG,,TPOSBDBM,1,24.69,20.57,2026-07-05 18:46:20,amazon Ledsone,false
1197051,205-2334562-2632335,AMAZON,B0BNVN6G3X,,LHC3E27WH,1,7.18,4.29,2026-07-05 18:57:49,amazon Dcvoltage,false
1197052,202-9452519-5772318,AMAZON,B0FN7GZ1FJ,,CRSF100WH+LHNSE27WH,1,14.28,11.99,2026-07-05 18:58:01,amazon SRM Amazon,false
1197059,026-0597154-6013911,AMAZON,B0F1D3FS5C,,RWWPSY0660YE,1,5.88,2.99,2026-07-05 19:10:35,amazon Dcvoltage,false
1197060,204-8777007-9233937,AMAZON,B0FX53HC81,,LSCYRO300WH2PK+RPR44WH2PK,1,35.09,35.09,2026-07-05 19:13:46,amazon Dcvoltage,false
1197072,206-9115349-4372324,AMAZON,B09YYSLDWP,,PLADBM+LSDO210BG3PK+ICST64E273PK,1,56.89,56.89,2026-07-05 19:44:46,amazon Dcvoltage,false
1197073,206-1103202-8446766,AMAZON,B0BLZHCRGZ,,LDMG95E2746PK,1,19.59,16.32,2026-07-05 19:40:07,amazon Ledsone,false
1197075,202-7324426-2316352,AMAZON,B0GW7T9WPD,,CRSF1202WH,1,9.58,5.57,2026-07-05 19:46:06,amazon Ledsone,false
1197076,205-9859942-8800359,AMAZON,B0CF5NMTQX,,CRSF100CO+PHCHPBRCO+LSCY290CO,1,26.89,22.41,2026-07-05 19:47:30,amazon Ledsone,false
1197083,204-4429751-4851546,AMAZON,B0CCJ4Q33H,,SPSDP3BM5PK,1,12.09,10.07,2026-07-05 19:51:07,amazon Ledsone,false
1197088,204-5178532-4846751,AMAZON,B0G25RSSX8,,ENC5872,2,40.72,18.24,2026-07-05 19:58:29,amazon Ledsone,false
1197095,026-6579597-6195506,AMAZON,B0B4K5THS1,,PSDS4BMRRO,1,14.17,11.81,2026-07-05 20:09:55,amazon Ledsone,false
1197096,206-3360129-3365134,AMAZON,B0CVL9XQ1L,,LSEL400YE+RPR44WH,1,14.94,12.45,2026-07-05 20:10:48,amazon Ledsone,false
1197097,204-0187789-9777121,AMAZON,B0D7944QDY,,WCB6BM2PK+RPR44WH2PK,2,32.98,13.74,2026-07-05 20:15:21,amazon Ledsone,false
1197098,202-0555108-8034708,AMAZON,B0CBKCDMKH,,PHSF2GDRYB+SPSDP2YB+ICST64E27,1,20.04,14.32,2026-07-05 20:17:21,amazon Ledsone,false
1197099,202-5091104-8917926,AMAZON,B0C8TZ2GMQ,,PLADBS+LSDO210BS3PK,1,50.89,50.89,2026-07-05 20:06:50,amazon Dcvoltage,false
1197104,206-4093756-9302767,AMAZON,B0C9TY8GWK,,LSCY210BC+RPR44WH,1,10.89,10.89,2026-07-05 20:23:26,amazon Dcvoltage,false
1197114,204-5037175-7087523,AMAZON,B09L54SH5V,,PLHARR+LSOL180RR,2,40.34,18.08,2026-07-05 20:36:21,amazon Ledsone,false
1197118,205-5463009-5148337,AMAZON,B0F9VDWTYX,,CL3RBM3PK,1,8.79,7.32,2026-07-05 20:39:29,amazon Ledsone,false
1197120,203-7949553-7430704,AMAZON,B0F1D3FS5C,,RWWPSY0660YE,1,5.88,2.99,2026-07-05 20:44:29,amazon Dcvoltage,false
1197126,206-4161463-0131545,AMAZON,B0DKNBKTGR,,LHCCE27WH,1,8.08,5.19,2026-07-05 20:49:33,amazon Dcvoltage,false
1197127,205-4576668-7731537,AMAZON,B09JZ313P8,,LDST45E274APK,1,35.99,35.99,2026-07-05 20:57:46,amazon Dcvoltage,false
1197131,202-2259299-7682723,AMAZON,B0C7QYQ25P,,CRSF2003BM+WCRN3CBM3PK,2,83.39,43.89,2026-07-05 21:02:37,amazon Dcvoltage,false
1197132,204-5054129-8535527,AMAZON,B0CZ9CH465,,LSMS320BT2PK+RPR44WH2PK,6,159.54,26.59,2026-07-05 21:04:17,amazon Dcvoltage,false
1197133,206-8778170-8324331,AMAZON,B0CNTD1PTQ,,WCB6BB+RPR44WH,3,30.27,10.09,2026-07-05 21:09:05,amazon Dcvoltage,false
1197136,205-2249233-6189967,AMAZON,B0CXXDTB9L,,ENC6508,2,67.98,33.99,2026-07-05 21:19:02,amazon Dcvoltage,false
1197140,205-0534277-6993168,AMAZON,B08XNV9B1M,,LSCY290BM+RPR44WH,1,15.89,15.89,2026-07-05 21:21:51,amazon Dcvoltage,false
1197141,205-0452097-3851564,AMAZON,B0CNPZHQPW,,LDMG80B224,1,6.99,6.99,2026-07-05 21:26:56,amazon Dcvoltage,false
1197147,202-1568957-0393139,AMAZON,B0GLGB3M6Q,,LSGLFP245PU+RPM40WH,1,15.89,15.89,2026-07-05 21:32:00,amazon Dcvoltage,false
1197148,206-8430203-3300302,AMAZON,B0C9DPGRGD,,SPSDP2BM,1,5.87,2.98,2026-07-05 21:32:51,amazon Dcvoltage,false
1197149,026-0748080-6821136,AMAZON,B0C7GP6MFD,,ENC5169,1,28.49,28.49,2026-07-05 21:33:34,amazon Dcvoltage,false
1197150,026-0748080-6821136,AMAZON,B08ZHQRX88,,CRSF2003BM+PHRI1PBRBY3PK+LSDO210BG3PK,1,38.89,38.89,2026-07-05 21:33:34,amazon Dcvoltage,false
1197151,026-0748080-6821136,AMAZON,B08WRBVLN9,,PHCT1BMRBM+PHBA1BMRBM+LSYG410YE,3,95.64,31.88,2026-07-05 21:33:34,amazon Dcvoltage,false
1197152,026-1384111-2591554,AMAZON,B0D8L3Z3P7,,RWWPSY0640YE,1,9.87,6.89,2026-07-05 21:38:24,amazon Dcvoltage,false
1197156,204-9094471-8549157,AMAZON,B0CLDB683B,,CRSF108BM2PK+WSST70BM2PK+ICST64E272PK,1,24.89,20.74,2026-07-05 21:45:00,amazon Ledsone,false
1197158,203-5481203-8339556,AMAZON,B0G64CVN8T,,ENC9239,1,19.39,19.39,2026-07-05 21:49:12,amazon Dcvoltage,false
1197163,206-1818243-3987550,AMAZON,B0CBVDKMJK,,CRSF2003BM+PHRB1PBR40BM3PK+LSBS160BM3PK,1,41.89,34.91,2026-07-05 22:00:01,amazon Ledsone,false
1197166,205-3858032-5258761,AMAZON,B0GZK2PMGP,,IMWWNPK,1,59.09,49.24,2026-07-05 21:58:34,amazon Ledsone,false
1197176,203-8077537-4401928,AMAZON,B07LB3VQW7,,CL3RRO5PK,1,13.89,13.89,2026-07-05 22:13:27,amazon Dcvoltage,false
1197178,204-4402506-9661155,AMAZON,B0CCJ57823,,SPSDP3BM3PK,1,10.09,8.41,2026-07-05 22:16:14,amazon Ledsone,false
1197183,205-0514339-3579552,AMAZON,B0D2N2MJRP,,CRFF500BM,1,11.89,9.91,2026-07-05 22:21:21,amazon Ledsone,false
1197185,204-8660961-5957938,AMAZON,B0F6SLG78J,,PHUH1HETBM,1,12.08,10.07,2026-07-05 22:35:08,amazon Ledsone,false
1197186,203-9043639-2185925,AMAZON,B0GDCN4LCW,,LDMT185E2736PK,1,17.19,14.32,2026-07-05 22:35:56,amazon Ledsone,false
1197187,205-8925328-6433930,AMAZON,B0F6775Q2J,,LSMCSQWYRE+RPM40WH,1,20.79,17.32,2026-07-05 22:36:00,amazon Ledsone,false
1197191,205-9116022-2708349,AMAZON,B0CPBXK43C,,LSCY290NB+RPR44WH,1,15.89,15.89,2026-07-05 22:44:52,amazon Dcvoltage,false
1197195,203-0895240-4309149,AMAZON,B09479HV6W,,LDMG95E2783PK,1,17.19,14.32,2026-07-05 22:54:00,amazon Ledsone,false
1197199,202-6601427-7111543,AMAZON,B0C9TWTCZ8,,LSCY210BG+RPR44WH,1,12.49,12.49,2026-07-05 23:09:34,amazon Dcvoltage,false
1197200,026-5191899-4175525,AMAZON,B0GYP9Q11N,,BS6S8033WH,1,20.89,17.41,2026-07-05 23:12:38,amazon Ledsone,false
1197201,204-6994159-0753128,AMAZON,B0FS1CS8H4,,CRSF100WH+LHTPE27JWH,1,11.89,11.89,2026-07-05 23:13:06,amazon SRM Amazon,false
1197202,202-2045045-7405109,AMAZON,B0DY7NXLY4,,RWWPSY0640YE,1,9.38,6.49,2026-07-05 23:18:14,amazon SRM Amazon,false
1197207,026-1493150-3974740,AMAZON,B0DRP6F5D8,,LHSHE27RO2PK,1,10.28,8.57,2026-07-05 23:40:37,amazon Ledsone,false
1197210,205-3635471-7815521,AMAZON,B09JVY8KR9,,LDSG95DIE274,1,9.89,9.89,2026-07-05 23:48:19,amazon Dcvoltage,false
1197212,204-7807469-2566736,AMAZON,B0DH9H89G1,,CL3TGLAPK,1,18.60,19.99,2026-07-05 23:54:53,amazon Dcvoltage,false
1197215,205-3024514-5401145,AMAZON,B0DSPPQHKS,,CBFF200BM2PK,1,11.09,9.24,2026-07-06 00:00:36,amazon Ledsone,false
1197217,205-3725100-1561131,AMAZON,B0C9X2SN8P,,LSOL180BM+RPR44WH,1,11.89,11.89,2026-07-05 23:59:55,amazon Dcvoltage,false
1197218,205-3725100-1561131,AMAZON,B0C9X8DFVX,,LSLC180BM+RPR44WH,2,29.78,14.89,2026-07-05 23:59:55,amazon Dcvoltage,false
1197219,202-8858009-1920312,AMAZON,B0CGRPTT6W,,CRSF100BM+PHRYWP2RBM,2,21.00,9.41,2026-07-06 00:16:36,amazon Ledsone,false
1197224,203-3767568-7301103,AMAZON,B0GSRTTR6R,,LHXBTF40E27BM3PK,1,12.18,9.29,2026-07-06 00:34:49,amazon Dcvoltage,false
1197225,205-1058568-1090750,AMAZON,B09477YHK7,,LDMG95E278APK,1,35.19,29.32,2026-07-06 00:48:40,amazon Ledsone,false
1197226,204-4415889-1792325,AMAZON,B0C3GY929H,,LSDO210GR+RPR44WH,1,11.89,9.91,2026-07-06 00:49:23,amazon Ledsone,false
1197227,202-0308788-5876301,AMAZON,B0GVT5JPGR,,WCBTC100FG2PK+RPR44WH2PK,1,17.89,14.91,2026-07-06 00:48:58,amazon Ledsone,false
1197228,204-0208353-4373951,AMAZON,B0DD6XX3XM,,WCDEBM2PK,1,16.92,15.16,2026-07-06 00:58:06,amazon Ledsone,false
1197229,204-2313324-9313130,AMAZON,B0GVT5JPGR,,WCBTC100FG2PK+RPR44WH2PK,1,17.89,14.91,2026-07-06 00:58:37,amazon Ledsone,false
1197230,204-0309148-2274708,AMAZON,B0DD71BYJW,,WCDEBM,1,9.38,8.41,2026-07-06 00:58:06,amazon Ledsone,false
1197231,206-1006342-0615529,AMAZON,B0DSBJ5QJ7,,PLWSBC+ICST64E272PK,6,145.14,24.19,2026-07-06 01:09:10,amazon Dcvoltage,false
1197232,206-9337466-7780360,AMAZON,B09D3YMR65,,PLDMBC+ICST64E27,2,46.18,23.09,2026-07-06 01:10:18,amazon Dcvoltage,false
1197233,202-8779540-3701937,AMAZON,B0CGZQV9Y7,,LSMCSPFLMC+RPM40WH,1,25.89,21.57,2026-07-06 01:16:57,amazon Ledsone,false
1197278,202-1324553-4652314,AMAZON,B0DX6WHN2Q,,CENU50300WH,1,6.38,2.57,2026-07-06 05:22:15,amazon Ledsone,false
1197280,026-8499556-3264352,AMAZON,B0DDXXQLQG,,RPM40BMAPK,1,10.09,8.41,2026-07-06 05:46:56,amazon Ledsone,false
1197283,202-4667464-8413155,AMAZON,B0CRZ39GPD,,LSCY290GB+RPR44WH,1,17.89,17.89,2026-07-06 06:22:35,amazon Dcvoltage,false
1197284,202-4667464-8413155,AMAZON,B0CRZ4NYHV,,LSCY290CB+RPR44WH,1,15.89,15.89,2026-07-06 06:22:35,amazon Dcvoltage,false
1197286,202-3142057-5550714,AMAZON,B0CRZ4H3HM,,LSCY290RO+RPR44WH,1,17.89,17.89,2026-07-06 06:22:35,amazon Dcvoltage,false
1197291,205-7918465-9206738,AMAZON,B0FL78WQVD,,PHSF2BMTBM2PK+ICST64E272PK,1,28.89,28.89,2026-07-06 07:13:14,amazon Dcvoltage,false
1197303,204-1424811-0332318,AMAZON,B08Z7RZC6W,,PHUH1HETBM+LSHM400HE,1,35.89,35.89,2026-07-06 08:23:24,amazon Dcvoltage,false
1197304,203-7497998-2118749,AMAZON,B09L11514G,,12UK3P5A,4,47.95,10.74,2026-07-06 08:25:42,amazon Ledsone,false
1197306,206-8723984-6487542,AMAZON,B0DH9CFGZ1,,CL3TCR2PK,1,9.28,5.99,2026-07-06 08:43:28,amazon Dcvoltage,false
1197311,202-6025462-9169914,AMAZON,B0DH9B4NSC,,CL3TIV3PK,1,11.28,7.99,2026-07-06 08:35:25,amazon Dcvoltage,false
1197317,204-3763114-3694765,AMAZON,B07K1XMZ35,,LHCCE27GR+CGMLGR,1,6.54,6.54,2026-07-06 08:52:14,amazon Dcvoltage,false
1197318,026-0761867-9841157,AMAZON,B0D5R1HHGH,,LSMCSQWYBL2PK+RPM40WH2PK,1,43.09,43.09,2026-07-06 08:52:10,amazon Dcvoltage,false
1197337,203-9094023-7089934,AMAZON,B093H9BJWL,,LSMS320RE+RPR44WH,1,15.89,13.24,2026-07-06 09:26:23,amazon Ledsone,false
1197338,206-7491113-5492358,AMAZON,B0DBWYGLKG,,CL2RGLAPK,1,18.49,18.49,2026-07-06 09:26:43,amazon Dcvoltage,false
1197340,204-0515480-0068349,AMAZON,B0DBVQ3L6Z,,ENC7537,1,28.79,23.99,2026-07-06 09:28:43,amazon Ledsone,false
1197342,026-3517380-4176353,AMAZON,B086XBYS87,,LHC3E27WH,1,8.68,4.82,2026-07-06 09:32:48,amazon Ledsone,false
1197356,026-2541579-5045961,AMAZON,B09JZ313P8,,LDST45E274APK,1,35.99,35.99,2026-07-06 10:16:16,amazon Dcvoltage,false
1197357,204-2568475-3722716,AMAZON,B0CVL8TQ73,,LSTF400WH2PK+RPR44WH2PK,1,31.98,26.65,2026-07-06 10:20:57,amazon Ledsone,false
1197363,202-9696013-5105160,AMAZON,B0DKP4DC7Y,,LHTRE27RO,1,10.98,8.09,2026-07-06 10:28:35,amazon Dcvoltage,false
1197366,204-7088189-1149918,AMAZON,B0DVLPPMXL,,PHSHF1PBRYB+LSCY290BG+ICST64E27,2,43.98,18.33,2026-07-06 10:35:18,amazon Ledsone,false
1197369,202-9025781-0177162,AMAZON,B0CZXL6ZYG,,TPOSBDBM,1,24.69,20.57,2026-07-06 10:31:22,amazon Ledsone,false
1197371,203-7273516-1412315,AMAZON,B0FNQZKZRN,,BSFCDRWHPI,1,21.99,18.32,2026-07-06 10:38:46,amazon Ledsone,false
1197372,026-3493137-2392303,AMAZON,B0GTZJ9GYR,,SWHBSP1OSWH,4,17.32,3.23,2026-07-06 10:39:32,amazon Ledsone,false
1197381,206-9487098-2175517,AMAZON,B0C7H1M3JD,,LSFT220BG+RPR44WH,1,12.89,12.89,2026-07-06 10:39:16,amazon Dcvoltage,false
1197382,202-4086986-6865907,AMAZON,B0CSK4C4MT,,STBFT50M48EWH,1,6.38,3.49,2026-07-06 10:46:34,amazon Dcvoltage,false
1197389,204-3274972-8758719,AMAZON,B0FN7GZ1FJ,,CRSF100WH+LHNSE27WH,1,14.28,11.99,2026-07-06 10:49:55,amazon SRM Amazon,false
1197404,202-6287150-4032321,AMAZON,B08WRCVRRD,,PHCT1BMRBM+PHBA1BMRBM+LSDO300SN,1,31.09,31.09,2026-07-06 11:07:09,amazon Dcvoltage,false
1197405,206-6800450-9685901,AMAZON,B0DYT8NSY9,,RWWPSY0660YE,1,5.78,2.41,2026-07-06 11:00:11,amazon Ledsone,false
1197406,206-8728244-7629919,AMAZON,B0BLP1JSRK,,LDMST64E2786PK,1,20.39,16.99,2026-07-06 11:01:44,amazon Ledsone,false
1197407,026-3242321-7082707,AMAZON,B0FDQYNDNH,,CERU36200WH,1,5.28,1.66,2026-07-06 11:05:57,amazon Ledsone,false
1197413,026-2123395-8975509,AMAZON,B08W8R28RD,,LSRP260CO+RPR44WH,3,56.67,18.89,2026-07-06 11:23:25,amazon Dcvoltage,false
1197421,205-0200068-3773928,AMAZON,B0GTV8G1ZG,,LDMT185B2242PK,1,10.99,9.16,2026-07-06 11:31:46,amazon Ledsone,false
1197433,204-2702573-4042756,AMAZON,B0CBQ1WG3C,,LSOL180BG+RPR44WH,6,50.88,7.07,2026-07-06 11:42:08,amazon Ledsone,false
1197434,206-7548457-8378737,AMAZON,B0DH92M1HX,,CL3TIV5PK,1,16.99,11.99,2026-07-06 11:43:23,amazon Dcvoltage,false
1197450,203-2429309-5480325,AMAZON,B083XST3WZ,,CL2TBR3PK,1,8.98,5.07,2026-07-06 12:06:28,amazon Ledsone,false
1197459,205-2503460-2936353,AMAZON,B0D632W78W,,LLSQWB9W,5,42.39,7.90,2026-07-06 12:21:00,amazon SRM Amazon,false
1197470,202-3716464-3270736,AMAZON,B0BYZ7JX36,,ENC2714,1,37.69,31.41,2026-07-06 12:41:49,amazon Ledsone,false
1197471,205-4956666-3763514,AMAZON,B0CW3G3ZNR,,LDSSTRE274,1,8.19,8.19,2026-07-06 12:43:01,amazon Dcvoltage,false
1197472,202-7067197-5649141,AMAZON,B0D4TW1GN7,,WLFS220BM2PK,1,24.89,24.89,2026-07-06 12:41:49,amazon Dcvoltage,false
1197473,203-3905561-2229903,AMAZON,B0CNT2ML5D,,PLADBC,1,47.49,47.49,2026-07-06 12:48:37,amazon Dcvoltage,false
1197474,203-3905561-2229903,AMAZON,B095T27H31,,CRSF100BM+PHRI1PBRCO+LSOL220CO,3,59.97,19.99,2026-07-06 12:48:37,amazon Dcvoltage,false
1197480,206-3963538-4007565,AMAZON,B0D295XS3F,,LSCY290CB2PK+RPR44WH2PK,1,27.89,23.24,2026-07-06 12:54:16,amazon Ledsone,false
1197484,206-3436875-4027563,AMAZON,B0FPWRK1N5,,LSOL180BM2PK+RPR44WH2PK,1,17.89,14.91,2026-07-06 13:04:58,amazon Ledsone,false
1197485,202-3224026-0377921,AMAZON,B0C3ZT8HVF,,LSCY290BI+RPR44WH,2,31.78,13.24,2026-07-06 13:07:05,amazon Ledsone,false
1197486,203-7200829-9274751,AMAZON,B0DH63TD9T,,CL2TBK5PK,1,11.99,11.99,2026-07-06 12:59:15,amazon Dcvoltage,false
1197489,206-0983816-9897927,AMAZON,B08XNPN8YG,,LSSS300BI+RPR44WH,1,13.49,13.49,2026-07-06 13:17:52,amazon Dcvoltage,false
1197497,026-6776428-5972305,AMAZON,B0D6KMPC9W,,LSCY290GB2PK+RPR44WH2PK,2,62.18,31.09,2026-07-06 13:20:38,amazon Dcvoltage,false
1197504,204-4087793-4226712,AMAZON,B0GNZLCX15,,LHXSHE27BM3PK,1,13.89,11.57,2026-07-06 13:45:13,amazon Ledsone,false
1197512,204-8872118-6631500,AMAZON,B0GDDXRR5K,,LDMT185E2735PK,1,17.19,14.32,2026-07-06 13:55:36,amazon Ledsone,false
1197513,026-3574938-8324347,AMAZON,B0DBVSYJ7Q,,ENC7542,1,28.79,23.99,2026-07-06 13:55:08,amazon Ledsone,false
1197514,204-7190854-7053943,AMAZON,B08X9WV762,,PSDS4BMRBU,1,14.17,14.17,2026-07-06 13:50:55,amazon Dcvoltage,false
1197515,206-7240966-9711552,AMAZON,B0FW53N4JZ,,LSCYRO200BM+RPR44WH,1,14.89,14.89,2026-07-06 13:53:07,amazon Dcvoltage,false
1197516,026-6714423-5583558,AMAZON,B08XWSBPHW,,WCB1BM+RPR44WH,1,9.99,9.99,2026-07-06 13:58:20,amazon Dcvoltage,false
1197523,205-3676604-0069967,AMAZON,B0DPZZDXJ1,,PHSF2BMRBM2PK+SPSDP2BM2PK+ICST64E272PK,1,32.79,27.32,2026-07-06 14:07:38,amazon Ledsone,false
1197528,203-1815567-6643519,AMAZON,B0CZXL6ZYG,,TPOSBDBM,1,24.69,20.57,2026-07-06 14:11:27,amazon Ledsone,false
1197529,026-1770420-8378758,AMAZON,B0H1CVKTBL,,PHSF1GDTYB+ICST64E27,1,18.19,15.16,2026-07-06 14:14:09,amazon Ledsone,false
1197538,202-5271279-2805941,AMAZON,B0CFVCM4Z5,,PSOS4BMTHE+ICST64E27,1,18.59,15.49,2026-07-06 14:27:41,amazon Ledsone,false
1197540,206-4415733-4797947,AMAZON,B0B8J3N76X,,CRSF1203CO,1,10.38,6.24,2026-07-06 14:30:24,amazon Ledsone,false
1197541,026-4470022-2965161,AMAZON,B0FPQVSMFT,,LDCWT75B2212,1,8.79,7.32,2026-07-06 14:36:58,amazon Ledsone,false
1197546,203-0374618-3217961,AMAZON,B09YMGG8MY,,HK10BM5PK,2,17.19,6.41,2026-07-06 14:53:17,amazon Ledsone,false
1197551,026-7263646-3469143,AMAZON,B0F944BWSZ,,CL3TBM3PK,1,9.49,7.91,2026-07-06 14:56:12,amazon Ledsone,false
1197552,204-2834469-9569123,AMAZON,B09ZVH3JKY,,CCBKNWE18,3,19.50,5.82,2026-07-06 14:57:34,amazon Ledsone,false
1197557,202-2105087-3252341,AMAZON,B0CTC7XPNX,,CRSF100BM+LHNSE27YB+SCRN70BM+LSFT220BG,1,18.89,18.89,2026-07-06 15:02:57,amazon Dcvoltage,false
1197567,026-6664440-2920366,AMAZON,B0F943B8VZ,,CL3TBR3PK,1,7.99,6.66,2026-07-06 15:11:46,amazon Ledsone,false
1197568,203-1086635-6064338,AMAZON,B0H1MS8KF4,,LDCWA60HE2776PK,1,9.08,5.16,2026-07-06 15:17:37,amazon Ledsone,false
1197573,202-7174514-2210725,AMAZON,B0DH9FC86W,,CL3TRE3PK,1,11.28,7.99,2026-07-06 15:22:59,amazon Dcvoltage,false
1197575,204-9407288-7426730,AMAZON,B0FVXMYKCV,,WCIR300BM2PK+RPR44WH2PK,1,25.19,25.19,2026-07-06 15:33:33,amazon Dcvoltage,false
1197580,205-5475043-5672350,AMAZON,B0FW52B2N5,,LSCYRO300WH+RPR44WH,1,21.89,21.89,2026-07-06 15:50:28,amazon Dcvoltage,false
1197581,206-9976151-4213941,AMAZON,B08VGQN6XT,,WCDTYE+RPR44WH,1,12.38,9.49,2026-07-06 15:47:52,amazon Dcvoltage,false
1197589,204-2152847-7269956,AMAZON,B0CRZ5BVRY,,LSCY290OR+RPR44WH,1,15.89,15.89,2026-07-06 15:55:16,amazon Dcvoltage,false
1197597,205-3140688-4986724,AMAZON,B0B4K6KG4F,,PSDS4BMRBR,1,14.17,11.81,2026-07-06 16:06:35,amazon Ledsone,false
1197598,205-0611724-5458755,AMAZON,B08KPVBJG1,,12IP20600,1,43.68,39.79,2026-07-06 16:00:00,amazon Dcvoltage,false
1197600,204-2437032-3836320,AMAZON,B0D8L1HQXM,,RWWPSY0660YE,1,5.97,2.99,2026-07-06 16:07:19,amazon Dcvoltage,false
1197604,206-1911565-1384302,AMAZON,B0DXF6Z2WC,,PCDS20SL5PK,1,4.99,4.99,2026-07-06 16:06:00,amazon Ledsone,false
1197605,206-1911565-1384302,AMAZON,B0DJ99BJ95,,PCFT800BA,1,6.41,6.41,2026-07-06 16:06:00,amazon Ledsone,false
1197607,205-6565098-6414720,AMAZON,B0CKSTLS8P,,CRFF75SN,1,9.78,5.74,2026-07-06 16:18:51,amazon Ledsone,false
1197608,203-3674938-3946706,AMAZON,B0DKP87147,,LHTRE27YB,1,10.78,7.89,2026-07-06 16:13:08,amazon Dcvoltage,false
1197609,202-4303277-4585135,AMAZON,B0BWYGBNS7,,LSDO400WH+RPR44WH,2,37.78,18.89,2026-07-06 16:14:28,amazon Dcvoltage,false
1197632,026-8155317-0251527,AMAZON,B0B9Y59487,,CL3TBR5PK,1,13.79,11.49,2026-07-06 16:40:44,amazon Ledsone,false
1197636,206-4500064-3466739,AMAZON,B0D4T8G1Q4,,WLFS220BM3PK,1,45.59,45.59,2026-07-06 16:55:57,amazon Dcvoltage,false
1197637,206-6420111-6313946,AMAZON,B0FPWQN4RL,,LSOL180BS+RPR44WH,3,32.07,8.91,2026-07-06 16:51:43,amazon Ledsone,false
1197638,204-1488672-2464349,AMAZON,B0DBZGHLSR,,LDSHEAE2743PK,1,21.89,18.24,2026-07-06 16:48:58,amazon Ledsone,false
1197639,206-9801958-2249917,AMAZON,B0F28YNDZN,,LSCY290RO+RPR44WH,2,36.58,15.24,2026-07-06 16:51:43,amazon Ledsone,false
1197640,026-1969802-8334745,AMAZON,B0D9QHCGWF,,CL2RCR5PK,1,12.49,10.41,2026-07-06 16:56:12,amazon Ledsone,false
1197652,202-0070527-8566752,AMAZON,B0DKF35RMQ,,12IP20300,1,17.50,17.50,2026-07-06 17:05:08,amazon Dcvoltage,false
1197653,204-4555133-2285929,AMAZON,B0FJ27683H,,STPVC17AWH,1,4.98,2.09,2026-07-06 17:14:03,amazon Dcvoltage,false
1197654,206-0120306-0433913,AMAZON,B0FB2NN54R,,PHSF1BMRBM,1,13.89,11.57,2026-07-06 17:09:15,amazon Ledsone,false
1197665,206-6587371-5615557,AMAZON,B0CK7ZQFXV,,CRFF500BM+PHBK1PBRBA3PK+ICST64E273PK,1,35.99,29.99,2026-07-06 17:20:34,amazon Ledsone,false
1197666,026-2778505-9741924,AMAZON,B0CV5CYJFJ,,LDSG125MUE2742PK,1,17.89,14.91,2026-07-06 17:23:52,amazon Ledsone,false
1197667,204-6258012-2295553,AMAZON,B0D8Y7927J,,LSRP260CO2PK+RPR44WH2PK,1,35.88,29.90,2026-07-06 17:25:46,amazon Ledsone,false
1197668,202-6914535-9251506,AMAZON,B0DY7PGS51,,RWWPSY0680YE,1,9.98,7.09,2026-07-06 17:24:32,amazon SRM Amazon,false
1197669,026-7551854-7792305,AMAZON,B0FXFP656V,,WCFRBM2PK+ICST64E27602PK,1,41.69,41.69,2026-07-06 17:26:43,amazon Dcvoltage,false
1197671,205-2120501-1499558,AMAZON,B0BWNHGMN2,,PLWLBC+ICST64E27,3,51.03,15.24,2026-07-06 17:40:58,amazon Ledsone,false
1197680,206-2487719-9209905,AMAZON,B0CPBY28LB,,LSCY290GY+RPR44WH,1,16.09,16.09,2026-07-06 17:53:53,amazon Dcvoltage,false
1197690,206-4530941-1062725,AMAZON,B0B8VVQSNV,,LDSG125LOE274,1,8.99,7.49,2026-07-06 18:27:25,amazon Ledsone,false
1197702,203-3814283-9853156,AMAZON,B0F2SG9G6Z,,SPSDP2BMY,1,6.49,6.49,2026-07-06 18:35:14,amazon SRM Amazon,false
1197709,202-4346533-5373122,AMAZON,B096G8PC4S,,CRSF100GB+PHCHPBRGB+LSCY290GB,1,24.49,20.41,2026-07-06 18:43:17,amazon Ledsone,false
1197716,205-8845291-5721937,AMAZON,B07S9S34B2,,CRSF2003YB,1,11.89,11.89,2026-07-06 18:47:56,amazon Dcvoltage,false
1197717,205-1011400-7354734,AMAZON,B0DL9VZVCX,,CL3RBMAPK,1,25.89,25.89,2026-07-06 18:47:56,amazon Dcvoltage,false
1197719,205-6513822-6525106,AMAZON,B0979CLWN9,,CNP1000BM,1,7.48,3.82,2026-07-06 18:53:26,amazon Ledsone,false
1197725,203-7143241-4719520,AMAZON,B0GY423LQJ,,LSGL9015CL2PK+RPM40WH2PK,1,12.89,12.89,2026-07-06 19:03:42,amazon Dcvoltage,false
1197726,205-4459140-3452337,AMAZON,B094NJ34NS,,ENC866,1,37.89,37.89,2026-07-06 19:09:49,amazon Dcvoltage,false
1197733,026-8982943-8257111,AMAZON,B0D56XVPSY,,WCB6BS2PK+RPR44WH2PK,1,20.29,20.29,2026-07-06 19:17:25,amazon Dcvoltage,false
1197734,204-1720100-4917137,AMAZON,B0FN4BQ4N5,,PLHCRR+LSDO210RR3PK,1,47.83,39.86,2026-07-06 19:09:43,amazon Ledsone,false
1197735,206-3547246-2761909,AMAZON,B0F29GB76Y,,SPSD78SN2PK,1,10.48,6.32,2026-07-06 19:10:06,amazon Ledsone,false
1197740,205-3717948-1692349,AMAZON,B0DNK2H74S,,ENC10078,1,29.89,24.91,2026-07-06 19:28:39,amazon Ledsone,false
1197741,202-3460377-7350711,AMAZON,B0B9K3BXFX,,CL2RAG,1,5.34,1.99,2026-07-06 19:25:45,amazon Dcvoltage,false
1197746,205-0192659-0639520,AMAZON,B0D6NCB51Z,,COY9ABM2PK,1,12.19,12.19,2026-07-06 19:37:23,amazon Dcvoltage,false
1197748,205-4022234-2877961,AMAZON,B0C14R3L86,,LHRTE27WH,1,8.28,4.49,2026-07-06 19:39:20,amazon Ledsone,false
1197750,205-2640369-9589922,AMAZON,B0D9S3XJ6T,,WLWOCPBM2PK,1,30.89,30.89,2026-07-06 19:40:57,amazon Dcvoltage,false
1197752,202-9680434-1480363,AMAZON,B0CSDPYCLM,,STBFT50M48EWH,1,5.65,2.30,2026-07-06 19:43:10,amazon Ledsone,false
1197756,026-6593853-7615514,AMAZON,B0D8Y6WH46,,LSRP260CO+RPR44WH,1,18.99,15.82,2026-07-06 19:53:19,amazon Ledsone,false
1197757,204-3718836-3325901,AMAZON,B0B7799FKL,,CRFF108GB+HK10GB,1,8.49,7.07,2026-07-06 19:55:16,amazon Ledsone,false
1197785,202-7473180-8353958,AMAZON,B0FY5NVS4S,,LDSG1007E272PK,1,20.99,17.49,2026-07-06 20:26:17,amazon Ledsone,false
1197786,204-5842007-9977117,AMAZON,B0GR8NMC3B,,SPPGUK3PTR4PK,1,11.33,7.03,2026-07-06 20:26:50,amazon Ledsone,false
1197788,206-7944886-3336359,AMAZON,B0BTP3G72C,,PHSH1HETYB+LSCY290YB,4,111.96,27.99,2026-07-06 20:33:38,amazon Dcvoltage,false
1197789,206-5425898-1049960,AMAZON,B0C9DPGRGD,,SPSDP2BM,2,8.85,2.98,2026-07-06 20:36:34,amazon Dcvoltage,false
1197790,206-3794193-7292366,AMAZON,B0G2L5PHNG,,ENC7766,2,63.38,26.41,2026-07-06 20:33:38,amazon Ledsone,false
1197791,205-9707029-8726722,AMAZON,B0FPWXQWQD,,LDCWA60HB2296PK,1,9.98,6.24,2026-07-06 20:37:12,amazon Ledsone,false
1197792,204-8428683-7486724,AMAZON,B0FN7GZ1FJ,,CRSF100WH+LHNSE27WH,1,14.28,11.99,2026-07-06 20:37:51,amazon SRM Amazon,false
1197793,203-0925192-7950750,AMAZON,B08BZKNC4L,,CBSF295,1,7.49,7.49,2026-07-06 20:36:29,amazon SRM Amazon,false
1197798,206-2777860-5233153,AMAZON,B0CBPSWQ16,,WCB6WH2PK+RPR44WH2PK,1,17.99,17.99,2026-07-06 20:44:19,amazon Dcvoltage,false
1197802,203-7184166-8248305,AMAZON,B0FXFGWCNL,,WCIR300BM2PK+RPR44WH2PK,8,207.12,21.57,2026-07-06 20:46:26,amazon Ledsone,false
1197808,203-3297767-9874707,AMAZON,B0FRG4G5RJ,,LSSS300BG+RPR44WH,1,14.99,14.99,2026-07-06 21:01:36,amazon Dcvoltage,false
1197809,203-5394202-3871546,AMAZON,B0FPWXQWQD,,LDCWA60HB2296PK,1,9.98,6.24,2026-07-06 21:00:17,amazon Ledsone,false
1197810,204-7645634-9429906,AMAZON,B0CVKXQMNQ,,RWWPSY1050YE2PK,1,11.28,6.99,2026-07-06 21:04:28,amazon Ledsone,false
1197811,202-2563434-2776344,AMAZON,B0B8P4R7WF,,LDMA60E278WW2PK,1,7.29,6.07,2026-07-06 21:04:49,amazon Ledsone,false
1197814,204-8249447-5630738,AMAZON,B0FTZGVD1Y,,WCIR300BM+RPR44WH,1,15.89,13.24,2026-07-06 21:05:19,amazon Ledsone,false
1197817,203-9898255-9589942,AMAZON,B0H6B4745P,,LSGL6016CL3PK+RPM40WH3PK,1,22.89,19.07,2026-07-06 21:09:04,amazon Ledsone,false
1197818,205-9758302-6715569,AMAZON,B0FPQVSMFT,,LDCWT75B2212,1,8.79,7.32,2026-07-06 21:13:18,amazon Ledsone,false
1197819,203-6586830-1783523,AMAZON,B0DNQMTPBP,,PLTYBS2PK+ICST64E272PK,1,40.78,33.98,2026-07-06 21:21:00,amazon Ledsone,false
1197820,203-9607063-6440308,AMAZON,B0DC471B8B,,WLFSWDBM,1,29.29,29.29,2026-07-06 21:15:58,amazon Dcvoltage,false
1197826,205-2355228-7420303,AMAZON,B07L6T9P7B,,CRSF100GB,2,17.78,8.89,2026-07-06 21:24:45,amazon Dcvoltage,false
1197835,203-0524902-1210742,AMAZON,B0DX6WMCT6,,CENU19150BM,1,3.98,0.91,2026-07-06 21:23:37,amazon Ledsone,false
1197836,205-3086663-2824314,AMAZON,B0BJ2XSYKT,,LDMG80E274APK,1,27.99,23.32,2026-07-06 21:32:09,amazon Ledsone,false
1197842,205-7394423-7120362,AMAZON,B08XBHQ8JJ,,PSDS2BMRGR,1,11.99,11.99,2026-07-06 21:53:01,amazon Dcvoltage,false
1197843,202-3407688-3441955,AMAZON,B0D5R1HHGH,,LSMCSQWYBL2PK+RPM40WH2PK,4,160.29,43.09,2026-07-06 22:04:48,amazon Dcvoltage,false
1197844,204-7294374-4681914,AMAZON,B08XB1Q8YP,,PSDS2BMRRE,1,11.99,11.99,2026-07-06 21:44:34,amazon Dcvoltage,false
1197845,202-7881378-7829106,AMAZON,B0CBVDKMJK,,CRSF2003BM+PHRB1PBR40BM3PK+LSBS160BM3PK,1,41.89,34.91,2026-07-06 21:41:39,amazon Ledsone,false
1197846,204-2081879-8142726,AMAZON,B0DNJF99S5,,PCBSM2FBM,1,7.77,4.07,2026-07-06 21:11:52,amazon Ledsone,false
1197853,026-3728716-2307516,AMAZON,B08XC4QHHG,,CL3TAGAPK,1,19.99,19.99,2026-07-06 22:07:18,amazon Dcvoltage,false
1197854,026-5289927-2988320,AMAZON,B086X973M2,,LHC2E27WH,2,8.67,2.41,2026-07-06 22:01:47,amazon Ledsone,false
1197855,026-9799407-9988301,AMAZON,B0F28YFTQ9,,LSCY290BU+RPR44WH,1,15.89,13.24,2026-07-06 22:05:12,amazon Ledsone,false
1197857,026-0483534-9421163,AMAZON,B0DH8WCL96,,CL3TWH3PK,1,8.49,8.49,2026-07-06 22:07:18,amazon Dcvoltage,false
1197858,206-5922689-5816312,AMAZON,B0CPDPQ619,,WJB2APK,1,30.89,30.89,2026-07-06 22:11:24,amazon Dcvoltage,false
1197860,202-8526961-2780367,AMAZON,B0BL82M8SB,,LDMT185E274,2,13.00,5.83,2026-07-06 22:14:12,amazon Ledsone,false
1197861,203-3128906-7541911,AMAZON,B097DVCGSY,,CBSF90,1,6.18,2.74,2026-07-06 22:18:49,amazon Ledsone,false
1197862,204-1414547-1139563,AMAZON,B0FN7GZ1FJ,,CRSF100WH+LHNSE27WH,1,14.28,11.99,2026-07-06 22:14:37,amazon SRM Amazon,false
1197870,205-1438328-6255565,AMAZON,B0DBQX2SRN,,LDSG95DIE274,1,10.89,9.07,2026-07-06 22:21:18,amazon Ledsone,false
1197873,204-0198797-9414756,AMAZON,B0FN7GS5QJ,,CRSF100YB+LHNSE27YB,1,14.28,11.99,2026-07-06 22:47:20,amazon SRM Amazon,false
1197874,206-6981398-9565950,AMAZON,B0BL7LC2XW,,LDMT45E274APK,1,30.99,25.82,2026-07-06 22:43:03,amazon Ledsone,false
1197877,205-2618352-8563559,AMAZON,B095P8K2TV,,CRSF100YB+WSNW170YB+LSUL220BB,1,17.89,14.91,2026-07-06 22:44:05,amazon Ledsone,false
1197883,204-7893569-1626769,AMAZON,B0D59MHSXN,,WCB3WH2PK+RPR44WH2PK,1,16.09,16.09,2026-07-06 23:08:06,amazon Dcvoltage,false
1197888,206-5800465-1946714,AMAZON,B0DX6NBT9P,,CENU19150WH,2,5.32,0.91,2026-07-07 00:17:28,amazon Ledsone,false
1197896,204-0503123-4277951,AMAZON,B0D8YMGWWP,,CRSF100BM+WSCH135BM+LSDO210BG,6,107.94,14.99,2026-07-07 04:03:46,amazon Ledsone,false
1197937,203-4112318-7740320,AMAZON,B0CMCP8X1X,,CRFF500CH+WCCY1ROCH3PK,1,52.99,44.16,2026-07-07 06:36:15,amazon Ledsone,false
1197942,203-1178870-2543557,AMAZON,B0D5B63S7G,,WCDTBM2PK+RPR44WH2PK,1,18.49,18.49,2026-07-07 06:52:13,amazon Dcvoltage,false
1197946,206-0196946-7033157,AMAZON,B0DLW345B7,,CL2TBKAPK,3,52.70,18.89,2026-07-07 07:14:31,amazon Dcvoltage,false
1197952,204-9748255-1233957,AMAZON,B0FX2XDLT5,,LSCYRO200BM2PK+RPR44WH2PK,1,26.89,26.89,2026-07-07 07:22:32,amazon Dcvoltage,false
1197956,205-2356425-1677142,AMAZON,B0FX2SHBL5,,LSCYRO120BM2PK+RPR44WH2PK,1,21.89,21.89,2026-07-07 07:41:28,amazon Dcvoltage,false
1197960,205-1101747-3045113,AMAZON,B0FNN5WTXR,,CRSF1203BM+PHRN2PCRBM3PK+LDMG95E2743PK,1,32.99,27.49,2026-07-07 08:01:41,amazon Ledsone,false
1197966,206-7755846-3374731,AMAZON,B0D7S4GRV9,,LSMS320RE+RPR44WH,1,15.89,13.24,2026-07-07 08:27:26,amazon Ledsone,false
1197971,204-1292499-2266739,AMAZON,B0CR93P1KG,,CKB2401WH,1,11.89,11.89,2026-07-07 08:45:52,amazon Dcvoltage,false
1197972,202-0659327-4082738,AMAZON,B0BC1C8DL3,,CL3RAGAPK,1,22.89,19.07,2026-07-07 08:40:12,amazon Ledsone,false
1197974,026-1611361-5136330,AMAZON,B08XVT2VKW,,WCB6WH+RPR44WH,2,20.98,10.49,2026-07-07 08:56:47,amazon Dcvoltage,false
1197980,202-6817787-7040307,AMAZON,B07L8HNZF8,,CL3TBR5PK,1,14.99,14.99,2026-07-07 09:05:31,amazon Dcvoltage,false
1197984,205-7195222-4625153,AMAZON,B0CV5FWP8Z,,CRSF100BM2PK,1,11.49,9.57,2026-07-07 09:12:45,amazon Ledsone,false
1197985,202-3040182-4123530,AMAZON,B0CZXL6ZYG,,TPOSBDBM,1,24.69,20.57,2026-07-07 09:18:18,amazon Ledsone,false
1197987,026-9775881-4873164,AMAZON,B0F1D3FS5C,,RWWPSY0660YE,1,5.88,2.99,2026-07-07 09:16:23,amazon Dcvoltage,false
1197991,202-8333953-1057157,AMAZON,B0B82XZBH1,,PHSF1BWRWH,1,13.19,10.99,2026-07-07 09:25:11,amazon Ledsone,false
1197992,206-9797457-0498728,AMAZON,B0BZ4YPVXF,,ENC8881,1,20.89,20.89,2026-07-07 09:28:00,amazon Dcvoltage,false
1197993,203-7489578-8169908,AMAZON,B0CNQ1Q3BJ,,LDMG125E278,1,8.19,8.19,2026-07-07 09:34:07,amazon Dcvoltage,false
1197995,203-8445895-7237108,AMAZON,B0CP7P4T9Y,,LHC5E27WH,1,7.87,4.98,2026-07-07 09:45:30,amazon Dcvoltage,false
1197999,202-6907351-2625162,AMAZON,B0C7KP7KHF,,ENC2002,1,90.89,90.89,2026-07-07 09:49:42,amazon Dcvoltage,false
1198000,026-1908592-6973136,AMAZON,B0FX2SHBL5,,LSCYRO120BM2PK+RPR44WH2PK,1,21.89,21.89,2026-07-07 09:56:04,amazon Dcvoltage,false
1198002,206-0464800-6544324,AMAZON,B0DZ1Z3277,,RWWPSY0640YE2PK,1,10.98,9.15,2026-07-07 09:58:21,amazon Ledsone,false
1198013,204-7267209-8765158,AMAZON,B0CNXJD9GN,,CL3TBM3PK,1,7.78,4.49,2026-07-07 10:12:19,amazon Dcvoltage,false
1198014,026-1915290-2639534,AMAZON,B0CKFD2MTJ,,PLTYBM+ICST64E27,1,18.89,15.74,2026-07-07 10:11:35,amazon Ledsone,false
1198015,202-1133832-9157954,AMAZON,B0CV5FGN5Z,,LDST185E2742PK,1,13.79,11.49,2026-07-06 22:05:31,amazon Ledsone,false
1198022,204-2326003-1270710,AMAZON,B0F28YFTQ9,,LSCY290BU+RPR44WH,1,15.89,13.24,2026-07-07 10:22:47,amazon Ledsone,false
1198030,205-7708057-0769151,AMAZON,B0DGPZ76JC,,LDMG95B2286PK,1,17.49,17.49,2026-07-07 10:30:09,amazon Dcvoltage,false
1198034,202-7171141-3185157,AMAZON,B0CZXL6ZYG,,TPOSBDBM,1,24.69,20.57,2026-07-07 10:46:10,amazon Ledsone,false
1198041,204-9826197-2673949,AMAZON,B0FY2HP9LJ,,PHUH0.5HETBM,2,18.84,8.44,2026-07-07 10:51:33,amazon Ledsone,false
1198046,203-1450021-6412362,AMAZON,B0CPBXFL7C,,LSCY290YE+RPR44WH,1,15.89,15.89,2026-07-07 11:05:12,amazon Dcvoltage,false
1198050,205-0996983-4900355,AMAZON,B0743GYD52,,CO332AORAPK,1,5.78,2.41,2026-07-07 11:09:47,amazon Ledsone,false
1198055,026-8770778-7966705,AMAZON,B07CVBX8L5,,LDMG95B224,1,6.99,6.99,2026-07-07 11:21:55,amazon Dcvoltage,false
1198058,206-1564675-4307563,AMAZON,B0DPMPRB94,,CRSF100CO2PK+LHNSE27CO2PK+LSSS300CO2PK,1,49.99,49.99,2026-07-07 11:34:47,amazon SRM Amazon,false
1198059,202-1681701-4312360,AMAZON,B0F4K4L44D,,RWWPSN80YE,2,8.67,2.89,2026-07-07 11:38:22,amazon SRM Amazon,false
1198060,206-1796044-6937121,AMAZON,B0GD5FP27N,,ENC7768,1,30.69,30.69,2026-07-07 11:40:57,amazon Dcvoltage,false
1198072,205-1513781-7988336,AMAZON,B09KZZDFV2,,12UK3P1A,1,8.89,5.00,2026-07-07 09:01:30,amazon Ledsone,false
1198073,203-7126650-9718759,AMAZON,B07WZTXD29,,CRSF100YB,4,27.56,6.89,2026-07-07 11:40:49,amazon Dcvoltage,false
1198074,203-7126650-9718759,AMAZON,B07X5Z7YLB,,CRSF100GB,4,27.56,6.89,2026-07-07 11:40:49,amazon Dcvoltage,false
1198078,206-0057942-8300353,AMAZON,B0CTC7XPNX,,CRSF100BM+LHNSE27YB+SCRN70BM+LSFT220BG,1,23.89,18.89,2026-07-07 11:52:28,amazon Dcvoltage,false
1198079,206-7994707-4725902,AMAZON,B0CTC7XPNX,,CRSF100BM+LHNSE27YB+SCRN70BM+LSFT220BG,1,18.89,18.89,2026-07-07 11:52:17,amazon Dcvoltage,false
1198080,203-7595461-4781916,AMAZON,B0F43P9RF4,,CENU70450BM,2,17.96,6.89,2026-07-07 11:57:20,amazon Dcvoltage,false
1198083,204-6772346-5741140,AMAZON,B08SHV91ZW,,CRFF100GB+PHUP1PBRGB+CNT900GB,1,11.99,11.99,2026-07-07 12:00:28,amazon Dcvoltage,false
1198084,202-6713280-4279563,AMAZON,B0DH98XLXH,,CL3TBM3PK,1,9.99,9.99,2026-07-07 12:01:00,amazon Dcvoltage,false
1198087,205-5455166-6645137,AMAZON,B0GHWNXJJ2,,ENC642,1,24.89,20.74,2026-07-07 12:18:01,amazon Ledsone,false
1198092,206-5944842-2268340,AMAZON,B0FW4P3H8Z,,LSCYRO200BM,2,33.78,14.08,2026-07-07 12:29:29,amazon Ledsone,false
1198094,026-1061596-3255538,AMAZON,B0CBPSWQ16,,WCB6WH2PK+RPR44WH2PK,2,35.98,17.99,2026-07-07 12:30:40,amazon Dcvoltage,false
1198104,206-3393880-9823543,AMAZON,B0G1MLJRZK,,SPWL50BM3PK,1,18.99,15.82,2026-07-07 12:41:18,amazon Ledsone,false
1198107,206-0869755-9221164,AMAZON,B0FNMHW1Y3,,LSMCP1ULMC,1,40.89,34.07,2026-07-07 12:51:52,amazon Ledsone,false
1198108,202-6252883-0541905,AMAZON,B0CBBYF5QX,,LSMS320CB+RPR44WH,1,14.99,14.99,2026-07-07 12:48:34,amazon Dcvoltage,false
1198116,206-9881233-6691547,AMAZON,B0G39VRZ29,,LSGG200AR+SCRN70FG,2,44.62,19.99,2026-07-07 12:50:34,amazon Ledsone,false
1198122,026-9006860-3723554,AMAZON,B0BW9Q7F6W,,LSLT360GR+RPR44WH,1,13.49,11.24,2026-07-07 13:07:23,amazon Ledsone,false
1198123,202-5833366-9001156,AMAZON,B0CVKXQMNQ,,RWWPSY1050YE2PK,1,11.28,6.99,2026-07-03 11:48:44,amazon Ledsone,false
1198124,206-9679993-2355512,AMAZON,B08V5MK449,,CRSF100BM+PHCH1BMRBM+LSCY290BM,2,43.78,21.89,2026-07-07 13:10:26,amazon Dcvoltage,false
1198125,206-7600945-2789907,AMAZON,B0CNXK6Y1G,,CL3RHE3PK,1,8.78,5.49,2026-07-07 13:18:11,amazon Dcvoltage,false
1198126,204-1019619-4599552,AMAZON,B09477VMYH,,LDMG95E2785PK,1,20.89,17.41,2026-07-07 13:09:44,amazon Ledsone,false
1198128,204-6471921-6505928,AMAZON,B0C14QKFZC,,LHRTE27WH5PK,1,23.19,19.32,2026-07-07 13:14:06,amazon Ledsone,false
1198129,204-2005890-9630741,AMAZON,B0C14QKFZC,,LHRTE27WH5PK,1,23.19,19.32,2026-07-07 13:14:32,amazon Ledsone,false
1198130,203-7465492-8855559,AMAZON,B093T4C95B,,LSMS320CB+RPR44WH,3,41.97,11.66,2026-07-07 13:16:08,amazon Ledsone,false
1198136,205-9512041-7531558,AMAZON,B07CVCT7XN,,LDMG95E278,1,6.99,6.99,2026-07-07 13:24:10,amazon Dcvoltage,false
1198143,026-4731428-9359550,AMAZON,B0GR6FKHN1,,ENC9458,1,25.89,21.57,2026-07-07 13:36:11,amazon Ledsone,false
1198147,026-0532023-7531545,AMAZON,B0F946ZJDH,,CL3TGD3PK,1,9.89,8.24,2026-07-07 13:47:44,amazon Ledsone,false
1198148,205-3549056-2460348,AMAZON,B0CNPV5SC5,,LDMG95B228,1,6.79,6.79,2026-07-07 13:44:31,amazon Dcvoltage,false
1198152,206-3047147-1375508,AMAZON,B08W5BR14D,,CRSF100BM+WSLS155YB+SCRN70BM+LSFT220WH,3,44.33,15.89,2026-07-07 13:55:29,amazon Dcvoltage,false
1198153,204-1048903-2593959,AMAZON,B0CNJX1DV8,,WCB7WH+RPR44WH,1,10.89,10.89,2026-07-07 13:54:46,amazon Dcvoltage,false
1198156,203-6103609-8928324,AMAZON,B0CZXL6ZYG,,TPOSBDBM,1,24.69,20.57,2026-07-07 14:08:45,amazon Ledsone,false
1198157,203-0832273-7997108,AMAZON,B096FZ186B,,CRSF100BM+PHCHPCRYB+LSCY290YB+ICST64E27,4,118.76,29.69,2026-07-07 14:01:54,amazon Dcvoltage,false
1198158,203-8982319-0251529,AMAZON,B0FRMWWH4C,,CRSF100RO+WS2LHRO,1,17.89,17.89,2026-07-07 14:05:59,amazon Dcvoltage,false
1198161,203-4933484-1261911,AMAZON,B0D6NBRV3X,,COY9ABM3PK,1,18.19,18.19,2026-07-07 14:09:35,amazon Dcvoltage,false
1198162,204-2920323-4549166,AMAZON,B0CPBXFL7C,,LSCY290YE+RPR44WH,1,15.89,15.89,2026-07-07 14:10:06,amazon Dcvoltage,false
1198177,026-4074978-3864368,AMAZON,B0FW4P3H8Z,,LSCYRO200BM+RPR44WH,3,50.67,14.07,2026-07-07 14:40:23,amazon Ledsone,false
1198179,202-0116984-8718714,AMAZON,B0CL7DWZ3H,,ENC5585,1,58.69,58.69,2026-07-07 14:50:01,amazon Dcvoltage,false
1198180,026-7375139-1025945,AMAZON,B08XBWRRWY,,CRSF100GY+LHTTE27GY,1,12.78,9.89,2026-07-07 14:41:02,amazon Dcvoltage,false
1198181,026-0307013-4646710,AMAZON,B0FX2XDLT5,,LSCYRO200BM2PK+RPR44WH2PK,1,30.78,26.89,2026-07-07 14:46:54,amazon Dcvoltage,false
1198190,206-0103546-1661953,AMAZON,B0C6TL1D8N,,ENC1291,1,23.49,19.57,2026-07-07 12:44:10,amazon Ledsone,false
1198196,205-7066502-7608300,AMAZON,B0DTZ1D4QX,,LSTL260BG+RPR44WH,1,18.09,10.91,2026-07-07 15:19:14,amazon Ledsone,false
1198199,206-4410004-7007503,AMAZON,B0GLH8N2MN,,LDMT185E2736PK,1,20.99,20.99,2026-07-07 15:27:46,amazon Dcvoltage,false
1198201,204-0754106-8213118,AMAZON,B0DZNLF6LK,,RWWPSY10GY,1,5.38,2.07,2026-07-07 15:33:06,amazon Ledsone,false
1198203,206-5900066-0949927,AMAZON,B0GP771MFX,,LHPVHRE27WH2PK,1,9.88,5.82,2026-07-07 15:38:06,amazon Ledsone,false
1198204,203-6112178-6162742,AMAZON,B0CPBX9LYX,,LSCY290BC+RPR44WH,2,31.78,15.89,2026-07-07 15:35:12,amazon Dcvoltage,false
1198216,204-3976335-3165947,AMAZON,B0FY2HP9LJ,,PHUH0.5HETBM,1,10.89,9.07,2026-07-07 15:52:08,amazon Ledsone,false
1198217,202-8944262-9930750,AMAZON,B0DF7BD73R,,CRSF100BM+PHRYWP1RBM,36,384.69,9.58,2026-07-07 15:53:16,amazon Ledsone,false
1198218,026-2978923-5459514,AMAZON,B0DB29BF1T,,CRFF75YB2PK,10,108.80,9.07,2026-07-07 15:58:07,amazon Ledsone,false
1198226,026-5641471-1378735,AMAZON,B0DX6TP9TZ,,CENU36300WH,1,5.78,2.07,2026-07-07 16:09:18,amazon Ledsone,false
1198228,026-8593909-3488307,AMAZON,B08Z7RZC6W,,PHUH1HETBM+LSHM400HE,2,73.67,34.89,2026-07-07 16:11:17,amazon Dcvoltage,false
1198231,206-4063526-8480334,AMAZON,B0DH4KYFPD,,WCDTBM2PK+RPR44WH2PK,1,18.29,15.24,2026-07-07 16:14:18,amazon Ledsone,false
1198239,205-4709903-3942752,AMAZON,B0F1D3FS5C,,RWWPSY0660YE,1,5.88,2.99,2026-07-07 16:28:07,amazon Dcvoltage,false
1198246,206-2645033-7752324,AMAZON,B0979H9NHS,,CNP1000FG,1,4.09,3.41,2026-07-07 16:33:22,amazon Ledsone,false
1198247,205-9928200-9857965,AMAZON,B0DBWF1S92,,CL2RORAPK,2,34.39,18.49,2026-07-07 16:31:08,amazon Dcvoltage,false
1198249,206-9730673-6740344,AMAZON,B08PYZZP4Q,,12IP6736,1,9.23,9.23,2026-07-07 12:14:59,amazon SRM Amazon,false
1198251,205-2071213-7282768,AMAZON,B09KNVBJZW,,CRSF2003BM+PHRB1PBR40BM3PK+LSBS160GR3PK,1,35.89,29.91,2026-07-07 16:41:46,amazon Ledsone,false
1198253,026-6043128-4961933,AMAZON,B0GTZJ9GYR,,SWHBSP1OSWH,2,10.31,3.33,2026-07-07 16:43:06,amazon Ledsone,false
1198257,205-8029324-2230729,AMAZON,B09B7T6173,,LSTF40BM+RPR44WH,1,10.89,10.89,2026-07-07 16:49:45,amazon Dcvoltage,false
1198269,203-8194513-7915531,AMAZON,B0GYP7VWPW,,BS6S6628WH,1,20.89,17.41,2026-07-07 17:11:42,amazon Ledsone,false
1198270,026-8458678-5544305,AMAZON,B0CBSP6SC2,,LSMS320BI+RPR44WH,1,14.99,12.49,2026-07-07 17:09:47,amazon Ledsone,false
1198271,026-4290757-4305951,AMAZON,B0BL7LZR24,,LDMT45E2746PK,1,20.79,17.32,2026-07-07 17:13:04,amazon Ledsone,false
1198273,202-7627890-9224332,AMAZON,B0FN7GZ1FJ,,CRSF100WH+LHNSE27WH,1,14.28,11.99,2026-07-07 17:11:43,amazon SRM Amazon,false
1198278,202-3885193-8077936,AMAZON,B0B9HD1TBZ,,CL2RGL,2,10.71,3.33,2026-07-07 17:26:48,amazon Ledsone,false
1198284,203-7773988-0620328,AMAZON,B0D8L1HQXM,,RWWPSY0660YE,1,5.97,2.99,2026-07-07 17:37:01,amazon Dcvoltage,false
1198285,202-4995643-3825955,AMAZON,B0FNWFF268,,LSWD360BG+RPR44WH,1,19.69,16.41,2026-07-07 17:30:08,amazon Ledsone,false
1198292,202-7814456-7914754,AMAZON,B0FVMCY494,,CERU36150YE,2,5.66,1.24,2026-07-07 17:47:21,amazon Ledsone,false
1198296,026-7913204-8330762,AMAZON,B083XHSX6F,,CL2TGD3PK,1,7.98,4.24,2026-07-07 17:50:41,amazon Ledsone,false
1198304,205-1025017-0854716,AMAZON,B093T4C95B,,LSMS320CB+RPR44WH,1,13.99,11.66,2026-07-07 18:02:14,amazon Ledsone,false
1198308,205-4158756-5661967,AMAZON,B08XB16LF5,,PSDS4BMRRE,1,14.17,14.17,2026-07-07 18:19:19,amazon Dcvoltage,false
1198312,206-3807805-9784363,AMAZON,B08RYTP5WV,,HRE2738WH2PK,1,3.80,0.91,2026-07-07 18:33:49,amazon SRM Amazon,false
1198313,202-0011099-3853905,AMAZON,B0FB428PD7,,ENC3489,1,52.59,43.82,2026-07-07 18:32:04,amazon Ledsone,false
1198314,026-1791948-9229909,AMAZON,B0CF5K9JQD,,CRSF100BM+PHCHPBRRO+LSCY290RO,1,23.89,19.91,2026-07-07 18:27:21,amazon Ledsone,false
1198319,204-6404621-9114709,AMAZON,B093T4C95B,,LSMS320CB+RPR44WH,1,13.99,11.66,2026-07-07 18:51:27,amazon Ledsone,false
1198320,205-3746798-6183538,AMAZON,B0CKVYXH3S,,TPHTTF2PBRBM+LSMCSPFLMC,1,32.89,27.41,2026-07-07 18:48:27,amazon Ledsone,false
1198325,026-5634305-2687533,AMAZON,B0DTTSLNMG,,PHSF2GDRYB+SPSDP2YB,2,31.38,15.69,2026-07-07 18:57:43,amazon SRM Amazon,false
1198336,026-9583653-1524364,AMAZON,B0F1CL86YS,,CRFF4002BM,1,10.19,8.49,2026-07-07 19:20:32,amazon Ledsone,false
1198337,206-6445726-7681157,AMAZON,B0FY2HP9LJ,,PHUH0.5HETBM,1,9.07,9.07,2026-07-07 19:25:35,amazon Ledsone,false
1198338,206-6445726-7681157,AMAZON,B0F6SLG78J,,PHUH1HETBM,2,20.14,10.07,2026-07-07 19:25:35,amazon Ledsone,false
1198339,206-3664627-1341943,AMAZON,B084RP9PZ7,,WCB4BS+RPR44WH,1,9.89,8.24,2026-07-07 19:25:41,amazon Ledsone,false
1198341,203-0968685-1625911,AMAZON,B0FY2HP9LJ,,PHUH0.5HETBM,1,10.89,9.07,2026-07-07 19:32:07,amazon Ledsone,false
1198346,202-5960588-1707537,AMAZON,B0F7942PGH,,CTBOP19L+CTBOP15L+CTBOP14L,1,14.89,14.89,2026-07-07 19:40:29,amazon Dcvoltage,false
1198347,026-1261699-3708362,AMAZON,B09CZ25GZ8,,ENC1815,1,21.89,21.89,2026-07-07 19:47:07,amazon Dcvoltage,false
1198352,202-3358947-6369903,AMAZON,B0F1D3FS5C,,RWWPSY0660YE,3,11.86,2.99,2026-07-07 19:56:04,amazon Dcvoltage,false
1198360,202-6440141-5374760,AMAZON,B0GLGB3M6Q,,LSGLFP245PU+RPM40WH,1,15.89,15.89,2026-07-07 20:03:35,amazon Dcvoltage,false
1198361,202-8953975-1929937,AMAZON,B0CRZ5BVRY,,LSCY290OR+RPR44WH,1,15.89,15.89,2026-07-07 20:09:22,amazon Dcvoltage,false
1198362,202-9881284-2482757,AMAZON,B0CKSV67CC,,CRFF75GB,1,9.48,5.49,2026-07-07 20:02:58,amazon Ledsone,false
1198363,206-6050929-9261123,AMAZON,B0CLGXC7ZP,,PHSF2GDTYB,1,14.89,12.41,2026-07-07 20:05:02,amazon Ledsone,false
1198364,202-9995783-8115527,AMAZON,B0G39VRZ29,,LSGG200AR+SCRN70FG,1,23.99,19.99,2026-07-07 20:08:26,amazon Ledsone,false
1198371,203-4794929-5373134,AMAZON,B0CKSV67CC,,CRFF75GB,1,9.48,5.49,2026-07-07 20:11:21,amazon Ledsone,false
1198373,203-2634297-6971557,AMAZON,B0BW9RG9QK,,LSLT360BI+RPR44WH,1,13.89,11.57,2026-07-07 20:14:56,amazon Ledsone,false
1198382,206-6990704-4392309,AMAZON,B0F1D3FS5C,,RWWPSY0660YE,1,5.88,2.99,2026-07-07 20:26:01,amazon Dcvoltage,false
1198388,204-1152515-1677128,AMAZON,B0DH4KYFPD,,WCDTBM2PK+RPR44WH2PK,1,18.29,15.24,2026-07-07 20:34:27,amazon Ledsone,false
1198398,202-0296795-4398708,AMAZON,B0CZ9DVYSG,,LSMS320NB2PK+RPR44WH2PK,1,25.89,25.89,2026-07-07 20:58:22,amazon Dcvoltage,false
1198400,203-5932785-6321939,AMAZON,B0F43Y2QZJ,,LSCY290GB+RPR44WH,1,17.89,14.91,2026-07-07 20:58:34,amazon Ledsone,false
1198405,202-7448497-0238709,AMAZON,B0FR8R5JRG,,PHUH1HETBM2PK+LSHM300HE2PK,1,58.89,58.89,2026-07-07 21:05:23,amazon Dcvoltage,false
1198406,203-8164511-1371541,AMAZON,B0C7H5VQW8,,LSFT220BB+RPR44WH,1,10.79,10.79,2026-07-07 21:08:35,amazon Dcvoltage,false
1198407,204-1368956-4216356,AMAZON,B0F7L44J4K,,TSTS40WH,1,4.38,1.24,2026-07-07 20:59:55,amazon Ledsone,false
1198408,203-7263684-6073108,AMAZON,B084C2T9QZ,,PLWEBC+PHNW1RBC+LDMST64E274,4,103.96,21.66,2026-07-07 21:07:58,amazon Ledsone,false
1198414,202-6511013-0101954,AMAZON,B0DSPLRG5X,,CBFF200WH2PK,1,11.09,9.24,2026-07-07 21:14:52,amazon Ledsone,false
1198415,206-4013128-2717167,AMAZON,B0D94BBX3G,,ENC7476,1,32.69,27.24,2026-07-07 21:18:25,amazon Ledsone,false
1198425,204-2745455-4597947,AMAZON,B0D73JL1KR,,LDMT185B2243PK,1,13.89,13.89,2026-07-07 21:19:21,amazon Dcvoltage,false
1198430,203-4933754-6908329,AMAZON,B0CZXL6ZYG,,TPOSBDBM,1,24.69,20.57,2026-07-07 21:30:29,amazon Ledsone,false
1198440,204-1447744-2907569,AMAZON,B0G1TKRMCL,,CKA15STC425WH,1,14.99,12.49,2026-07-07 21:44:52,amazon Ledsone,false
1198443,203-3477537-5985165,AMAZON,B0DTHKSNFS,,WCB6BM3PK+RPR44WH3PK,1,22.09,22.09,2026-07-07 21:57:30,amazon Dcvoltage,false
1198444,202-8954866-5410761,AMAZON,B0CC62QM7Y,,LSMS320BU+RPR44WH,1,14.99,14.99,2026-07-07 21:57:57,amazon Dcvoltage,false
1198446,205-9738325-2461135,AMAZON,B09477YHK7,,LDMG95E278APK,1,35.19,29.32,2026-07-07 22:03:41,amazon Ledsone,false
1198447,205-7243391-3126742,AMAZON,B0CXTJ4Z4Z,,ENC6535,1,18.79,18.79,2026-07-07 22:07:43,amazon Dcvoltage,false
1198451,204-8093179-7553124,AMAZON,B0CSYVLDV9,,CKVOBC,1,12.38,7.91,2026-07-07 22:14:09,amazon Ledsone,false
1198452,202-3512039-4767536,AMAZON,B0FN7GZ1FJ,,CRSF100WH+LHNSE27WH,1,14.28,11.99,2026-07-07 22:16:07,amazon SRM Amazon,false
1198454,202-1948157-2450736,AMAZON,B0F32XTV5C,,RWWPSN08GY,1,5.78,2.41,2026-07-07 22:26:54,amazon Ledsone,false
1198455,204-3570472-9105163,AMAZON,B0DQD9LY98,,PHSF1AGTGB3PK,1,30.29,25.24,2026-07-07 22:27:13,amazon Ledsone,false
1198457,204-1900065-4542745,AMAZON,B07CVCT7XN,,LDMG95E278,2,13.28,6.99,2026-07-07 22:26:29,amazon Dcvoltage,false
1198458,202-1099303-3861913,AMAZON,B0C9DPGRGD,,SPSDP2BM,1,5.87,2.98,2026-07-07 22:29:57,amazon Dcvoltage,false
1198459,205-7766345-3969901,AMAZON,B0CNCT6LR5,,WLWOFTBM2PK,1,15.59,15.59,2026-07-07 22:32:56,amazon Dcvoltage,false
1198460,026-7423603-9481942,AMAZON,B0D83PFMTP,,WCDCBM3PK+RPR44WH3PK,1,24.09,24.09,2026-07-07 22:35:28,amazon Dcvoltage,false
1198463,204-1637066-4340354,AMAZON,B0DQD9LY98,,PHSF1AGTGB3PK,1,30.29,25.24,2026-07-07 22:32:34,amazon Ledsone,false
1198469,026-0472115-4216312,AMAZON,B08SW2WJ87,,PLDMBM,2,44.98,22.49,2026-07-07 22:43:58,amazon Dcvoltage,false
1198470,204-9494438-9585108,AMAZON,B0F945Z6H2,,CL3TAG3PK,1,7.99,6.66,2026-07-07 22:45:14,amazon Ledsone,false
1198473,026-3160623-7227533,AMAZON,B0DKNLNC5G,,ENC7794,1,41.89,34.91,2026-07-07 22:52:43,amazon Ledsone,false
1198479,202-3103950-7357128,AMAZON,B0B7SJYY45,,PHSF1GYTCH,1,14.99,12.49,2026-07-07 23:16:05,amazon Ledsone,false
1198484,204-8088192-2121917,AMAZON,B0F7QRPZY7,,CL3TBRAPK,1,19.99,16.66,2026-07-07 23:26:27,amazon Ledsone,false
1198485,205-3781782-0849933,AMAZON,B0CPDPWLV4,,WJB2,1,5.78,2.89,2026-07-07 23:24:26,amazon Dcvoltage,false
1198486,202-1662209-3038737,AMAZON,B09M43YSGW,,CRSF100YB+WSLS170YB+LSFT220YB,2,47.98,19.99,2026-07-07 23:38:53,amazon Ledsone,false
1198487,204-5362727-3312353,AMAZON,B0GSRFYV81,,LHXBTF40E27WH,1,3.09,3.09,2026-07-07 23:41:57,amazon Dcvoltage,false
1198488,205-3330350-9297905,AMAZON,B0CTC7XPNX,,CRSF100BM+LHNSE27YB+SCRN70BM+LSFT220BG,2,37.78,18.89,2026-07-07 23:48:37,amazon Dcvoltage,false
1198489,202-8238573-5386711,AMAZON,B0B9H8Y7N8,,CL2RBL2PK,1,6.28,2.49,2026-07-07 23:57:03,amazon Ledsone,false
1198495,204-2792813-6353156,AMAZON,B09CYWF9P3,,ENC1810,1,21.89,21.89,2026-07-08 00:24:52,amazon Dcvoltage,false
1198496,204-5556795-5845939,AMAZON,B0F29P1SH6,,CERU36150GR,1,4.58,1.41,2026-07-08 00:21:31,amazon Ledsone,false
1198499,026-1911211-1588313,AMAZON,B096B62LH5,,CRFF500BM+PHSH1PBRYB3PK+WCVCBM3PK,1,46.89,46.89,2026-07-08 00:52:33,amazon Dcvoltage,false
1198500,206-2467699-4061106,AMAZON,B0CTTB5FC2,,LSCO335WH2PK+RPR44WH2PK,1,27.89,27.89,2026-07-08 00:54:51,amazon Dcvoltage,false
1198501,026-2811753-9147535,AMAZON,B0B7196F29,,CRSF100CH,1,8.88,4.99,2026-07-08 01:02:55,amazon Ledsone,false
1198502,202-7290007-8529120,AMAZON,B09JM3PLLH,,LDSG125LOE274,1,10.19,8.49,2026-07-08 01:03:38,amazon Ledsone,false
1198506,206-0156975-9704373,AMAZON,B0BT7R43K3,,ENC4314,1,38.11,38.11,2026-07-08 02:02:27,amazon Dcvoltage,false
1198507,202-1043978-9346730,AMAZON,B0FFB3XJ7G,,BS6S8033GY,1,20.89,17.41,2026-07-08 02:32:48,amazon Ledsone,false
1198508,205-6356981-8713143,AMAZON,B0C7VC4PDX,,CRSF100BM+PHUP1PBRBM+LSH3325HE,1,23.89,23.89,2026-07-08 02:50:50,amazon Dcvoltage,false
1198536,206-7913799-6357130,AMAZON,B0FRML5GMP,,PLMJBC,2,53.38,22.24,2026-07-08 05:58:47,amazon Ledsone,false
1198541,026-7616090-6077103,AMAZON,B0D298HNWF,,LSCY290RO2PK+RPR44WH2PK,1,29.79,24.82,2026-07-08 06:28:01,amazon Ledsone,false
1198544,203-6448328-2419547,AMAZON,B0D6G8YGC2,,CSBEB9NB+CSBEB9AG,1,10.09,10.09,2026-07-08 06:39:36,amazon Dcvoltage,false
1198545,202-7237677-8536368,AMAZON,B0D8L1HQXM,,RWWPSY0660YE,1,5.97,2.99,2026-07-08 06:48:13,amazon Dcvoltage,false
1198549,205-8324667-2820343,AMAZON,B0FXWRN6SM,,CRFF100SN2PK+LHNSE27SN2PK,1,20.89,17.41,2026-07-08 06:58:38,amazon Ledsone,false
1198552,203-6545291-2173947,AMAZON,B0DTHKSHFY,,WCB7BS3PK+RPR44WH3PK,1,22.89,22.89,2026-07-08 07:10:28,amazon Dcvoltage,false
1198555,026-0307949-1357123,AMAZON,B0FPWYRDQT,,LDCWA55B2256PK,1,9.68,5.99,2026-07-08 07:23:21,amazon Ledsone,false
1198570,203-2439970-5273149,AMAZON,B0BL7LZR24,,LDMT45E2746PK,2,39.76,16.57,2026-07-08 08:36:05,amazon Ledsone,false
1198571,203-7678109-6153116,AMAZON,B0CVLC55W4,,LSTF400GY+RPR44WH,1,17.39,17.39,2026-07-08 08:36:14,amazon Dcvoltage,false
1198573,203-9069968-8205962,AMAZON,B0CVL9FRMG,,LSTF400GY2PK+RPR44WH2PK,1,29.69,29.69,2026-07-08 08:36:14,amazon Dcvoltage,false
1198574,204-6407908-4138762,AMAZON,B0FLXTPL92,,CRSF100YB+PHMH1HERYB,1,8.99,8.99,2026-07-08 08:39:26,amazon SRM Amazon,false
1198581,205-6619899-8077960,AMAZON,B0C9TLK7HM,,ENC1914,1,18.89,18.89,2026-07-08 09:01:56,amazon Dcvoltage,false
1198582,205-7750573-1866715,AMAZON,B08RQJK8LH,,WCB1WH+RPR44WH,1,10.29,10.29,2026-07-08 09:02:46,amazon SRM Amazon,false
1198585,205-5450248-6132353,AMAZON,B0FY3FMG2G,,WCIR300BM3PK+RPR44WH3PK,2,71.78,35.89,2026-07-08 09:03:38,amazon Dcvoltage,false
1198586,203-2047959-3081944,AMAZON,B0FX2SHBL5,,LSCYRO120BM2PK+RPR44WH2PK,1,21.89,21.89,2026-07-08 09:13:58,amazon Dcvoltage,false
1198587,206-2232335-4456369,AMAZON,B0BWTX6NJ8,,LSCP150BD+RPR44WH,2,23.78,11.89,2026-07-08 09:14:07,amazon Dcvoltage,false
1198600,206-1288363-9473167,AMAZON,B0FN7GZ1FJ,,CRSF100WH+LHNSE27WH,1,14.28,11.99,2026-07-08 09:35:10,amazon SRM Amazon,false
1198601,206-8669444-9605963,AMAZON,B0CFVCM4Z5,,PSOS4BMTHE+ICST64E27,1,18.59,15.49,2026-07-08 09:26:41,amazon Ledsone,false
1198602,026-1664139-9541937,AMAZON,B0F29P1SH6,,CERU36150GR,1,4.58,1.41,2026-07-08 09:40:05,amazon Ledsone,false
1198605,026-5072029-0053915,AMAZON,B07FNP5GYB,,CL3TGD5PK,1,12.59,12.59,2026-07-08 09:48:48,amazon Dcvoltage,false
1198620,203-7106745-1067516,AMAZON,B0CV7K4PZC,,RWGS1342WH,2,10.10,3.59,2026-07-08 10:12:10,amazon Dcvoltage,false
1198629,202-0219523-1039512,AMAZON,B094JTGRNG,,ENC100,1,34.79,34.79,2026-07-08 10:56:47,amazon Dcvoltage,false
1198638,205-6306963-1709917,AMAZON,B0FY3FMG2G,,WCIR300BM3PK+RPR44WH3PK,1,35.89,35.89,2026-07-08 10:35:48,amazon Dcvoltage,false
1198639,205-1013695-9463533,AMAZON,B0DYTPN1NZ,,RWWPSY0640YE,1,9.38,5.41,2026-07-08 10:37:55,amazon Ledsone,false
1198644,026-9705003-3194764,AMAZON,B0DSBP4962,,PLTTBC+LSFT220BC,2,43.58,21.79,2026-07-08 10:44:35,amazon Dcvoltage,false
1198650,206-8447504-5468362,AMAZON,B0CNRL871B,,LDMST64E274,1,6.89,6.89,2026-07-08 11:08:51,amazon Dcvoltage,false
1198655,203-8582736-8221127,AMAZON,B0917RQ9PM,,PLHCBC+LSDO210BC3PK,3,137.66,38.24,2026-07-08 11:12:50,amazon Ledsone,false
1198663,205-4476726-5615547,AMAZON,B0C3ZT8HVF,,LSCY290BI+RPR44WH,2,31.78,13.24,2026-07-08 11:21:04,amazon Ledsone,false
1198664,205-0951311-1456323,AMAZON,B0CV5FGN5Z,,LDST185E2742PK,1,13.79,11.49,2026-07-08 11:25:24,amazon Ledsone,false
1198668,204-6305828-7641124,AMAZON,B0B71KX4H3,,CRSF100WH,3,19.60,4.99,2026-07-08 11:36:19,amazon Ledsone,false
1198679,202-5514129-3140305,AMAZON,B0FX2T3V9J,,LSCYRO200GD2PK+RPR44WH2PK,1,26.89,26.89,2026-07-08 11:40:22,amazon Dcvoltage,false
1198680,204-9033908-0353950,AMAZON,B0CVH4CM39,,RWWPSY0660YE,1,5.88,2.99,2026-07-08 11:45:51,amazon Dcvoltage,false
1198689,205-9061959-1631553,AMAZON,B0D56Z8CHY,,WCB6WH2PK+RPR44WH2PK,1,16.89,16.89,2026-07-08 11:54:36,amazon Dcvoltage,false
1198690,204-1132008-5908344,AMAZON,B0CZXL6ZYG,,TPOSBDBM,1,24.69,20.57,2026-07-08 11:56:30,amazon Ledsone,false
1198693,206-0982033-1205132,AMAZON,B0DTJ1SGZP,,WCDTGR+RPR44WH,1,10.09,8.41,2026-07-08 11:59:12,amazon Ledsone,false
1198700,202-1398788-4444321,AMAZON,B0D9RW35SF,,ENC7500,3,139.32,46.44,2026-07-08 12:19:38,amazon Dcvoltage,false
1198701,202-1398788-4444321,AMAZON,B0D9RWB87Q,,ENC7499,1,46.44,46.44,2026-07-08 12:19:38,amazon Dcvoltage,false
1198702,204-6907233-3740329,AMAZON,B0DH64T3YC,,CL2TIVAPK,1,19.99,19.99,2026-07-08 12:20:05,amazon Dcvoltage,false
1198703,203-1919418-4377928,AMAZON,B0FX2SHBL5,,LSCYRO120BM2PK+RPR44WH2PK,1,21.89,21.89,2026-07-08 12:26:37,amazon Dcvoltage,false
1198705,205-9055594-4223511,AMAZON,B0C14R3L86,,LHRTE27WH,1,8.28,4.49,2026-07-08 12:28:23,amazon Ledsone,false
1198710,202-8468963-2633117,AMAZON,B0B7KCXV72,,CRFF105GB,2,19.59,7.33,2026-07-08 12:34:02,amazon Ledsone,false
1198715,203-7304817-7577124,AMAZON,B0DH8XKTL8,,CL3TBK3PK,1,8.99,8.99,2026-07-08 12:47:30,amazon Dcvoltage,false
1198719,026-7949240-6009131,AMAZON,B0DH937VLZ,,CL3TCR3PK,1,12.28,8.99,2026-07-08 12:53:21,amazon Dcvoltage,false
1198720,026-7568716-7298733,AMAZON,B0DX75TBKB,,CERU72450GR,1,10.28,6.16,2026-07-08 12:54:10,amazon Ledsone,false
1198725,203-1186752-5348358,AMAZON,B0CZXL6ZYG,,TPOSBDBM,1,24.99,20.82,2026-07-08 13:01:06,amazon Ledsone,false
1198726,202-0600461-5610715,AMAZON,B08QR6YKFV,,ENC614,1,39.89,39.89,2026-07-08 12:59:18,amazon Dcvoltage,false
1198727,204-9907845-3375552,AMAZON,B0CRZ5TGDM,,LSCY290BU+RPR44WH,3,47.67,15.89,2026-07-08 13:02:41,amazon Dcvoltage,false
1198728,026-3067490-1877909,AMAZON,B0C7GCTVP5,,LSFT220RR+RPR44WH,1,10.79,10.79,2026-07-08 13:04:37,amazon Dcvoltage,false
1198729,026-6673423-8699515,AMAZON,B0F1D3FS5C,,RWWPSY0660YE,1,5.88,2.99,2026-07-08 13:04:38,amazon Dcvoltage,false
1198731,205-9592578-7653953,AMAZON,B07L6T9P7B,,CRSF100GB,2,17.78,8.89,2026-07-08 13:15:13,amazon Dcvoltage,false
1198739,203-1609100-3011553,AMAZON,B0CB3NWT95,,LSTF40BS+RPR44WH,1,15.89,10.89,2026-07-08 13:19:50,amazon Dcvoltage,false
1198741,204-5212093-0107537,AMAZON,B093H8YG8Z,,LSMS320GY+RPR44WH,1,13.99,11.66,2026-07-08 13:29:17,amazon Ledsone,false
1198747,203-7540787-9381169,AMAZON,B0CB7SWGD3,,SPSDP2WH2PK,1,11.09,11.09,2026-07-08 13:41:57,amazon Dcvoltage,false
1198756,202-6884398-6490719,AMAZON,B0BBB4SC4Y,,CL3RBK5PK,1,15.79,13.16,2026-07-08 13:54:19,amazon Ledsone,false
1198760,206-4843204-8433152,AMAZON,B0F29H2VST,,SPSD78SN5PK,1,15.39,12.82,2026-07-08 14:03:04,amazon Ledsone,false
1198761,202-2713331-1549116,AMAZON,B0DH9B4NSC,,CL3TIV3PK,2,18.15,7.99,2026-07-08 14:03:18,amazon Dcvoltage,false
1198762,205-8566468-7865100,AMAZON,B0DPMRRK56,,12IP67102PK,5,36.24,6.67,2026-07-08 13:59:13,amazon SRM Amazon,false
1198773,026-6537146-4167550,AMAZON,B0CR63749Q,,CKB6820PCWH,1,30.99,25.82,2026-07-08 14:27:17,amazon Ledsone,false
1198774,204-5122264-5306721,AMAZON,B0CS9QXNXQ,,LSDO210BG3PK+RPR44WH3PK,1,29.89,29.89,2026-07-08 14:22:57,amazon Dcvoltage,false
1198779,205-6536140-5634759,AMAZON,B08VGLZVBD,,LSCY290YE+RPR44WH,1,15.89,15.89,2026-07-08 14:30:24,amazon Dcvoltage,false
1198787,026-9964036-4024361,AMAZON,B0G7CBNVMV,,12UK3P5A+SLW8,1,13.00,13.00,2026-07-08 14:45:18,amazon Dcvoltage,false
1198788,204-7959963-8945121,AMAZON,B0GXV8L7QW,,CNP1000YB3PK,1,14.89,12.41,2026-07-08 14:49:54,amazon Ledsone,false
1198795,203-3298450-9780347,AMAZON,B0B9Y5MRSK,,CL3TGD5PK,1,13.79,11.49,2026-07-08 15:12:32,amazon Ledsone,false
1198796,206-1041348-0557929,AMAZON,B096FPKPNQ,,ENC685,1,56.89,56.89,2026-07-08 15:17:39,amazon Dcvoltage,false
1198803,202-7117946-0555520,AMAZON,B0FPFYZ5D1,,CRSF100BM+PHRNWP1RBM,4,45.35,10.16,2026-07-08 15:27:12,amazon Ledsone,false
1198805,203-5499548-4955561,AMAZON,B08JZ16VMZ,,PSDS2BMRBL,1,11.99,11.99,2026-07-08 15:37:41,amazon SRM Amazon,false
1198806,205-2709700-7529151,AMAZON,B08XXWBD15,,WCB3BM+RPR44WH,1,10.29,10.29,2026-07-08 15:28:56,amazon Dcvoltage,false
1198815,026-8750847-5945942,AMAZON,B0CG8MKK56,,LSCY290OR+RPR44WH,1,16.09,13.41,2026-07-08 15:54:24,amazon Ledsone,false
1198817,204-8506287-5261121,AMAZON,B094D9PTHN,,CRFF500BM+PHRI1PCRSN3PK+LSDM220SN3PK,1,34.96,29.13,2026-07-08 15:56:28,amazon Ledsone,false
1198822,202-4335725-3722709,AMAZON,B0DX6WMCT6,,CENU19150BM,1,3.98,0.91,2026-07-08 16:05:57,amazon Ledsone,false
1198823,204-5379038-9451528,AMAZON,B0DTPHMRW8,,WCB2WH3PK+RPR44WH3PK,1,22.88,19.07,2026-07-08 16:07:30,amazon Ledsone,false
1198827,202-8492918-3841143,AMAZON,B0C43LY8DB,,WCDTYE+RPR44WH,1,8.24,8.24,2026-07-08 16:13:16,amazon Ledsone,false
1198828,202-8492918-3841143,AMAZON,B0C43MJXYS,,WCDTGR+RPR44WH,1,8.58,8.58,2026-07-08 16:13:16,amazon Ledsone,false
1198829,203-2485313-5284336,AMAZON,B0GTV48J5T,,LDMT185B224,1,5.99,4.99,2026-07-08 16:17:50,amazon Ledsone,false
1198830,205-2941771-6073123,AMAZON,B0FPWXVXNQ,,LDCWA60HB2276PK,1,11.78,7.41,2026-07-08 16:16:20,amazon Ledsone,false
1198831,026-6342226-8521910,AMAZON,B0CR63FXY6,,CKB6820PCBM,1,31.69,26.41,2026-07-08 16:16:22,amazon Ledsone,false
1198832,202-6888602-6594754,AMAZON,B0FWBXBD9G,,PHHR3DSTHE,2,25.84,13.89,2026-07-08 16:12:15,amazon Dcvoltage,false
1198833,203-6036402-5458708,AMAZON,B09BV3NXPB,,PSDS2BMRBL,1,11.99,11.99,2026-07-08 16:13:39,amazon Dcvoltage,false
1198840,203-0489929-8671510,AMAZON,B0GFCSJ289,,ENC394,1,35.89,29.91,2026-07-08 16:37:49,amazon Ledsone,false
1198848,026-6370681-2156333,AMAZON,B0DK4TF9X2,,SPWL43BM2PK,1,13.59,11.32,2026-07-08 16:54:57,amazon Ledsone,false
1198849,205-3079253-2862762,AMAZON,B083YRJCMX,,CRFF100FG+LHNSE27FG+SCRN70FG+LSFT220FG,1,24.89,24.89,2026-07-08 16:55:18,amazon Dcvoltage,false
1198862,205-9636221-1019508,AMAZON,B0FX2T3V9J,,LSCYRO200GD2PK+RPR44WH2PK,1,26.89,26.89,2026-07-08 17:22:22,amazon Dcvoltage,false
1198863,204-0119969-1852339,AMAZON,B0CN12CQ9D,,CRFF500BM+PHTT1PBRBM3PK+WCBCBB3PK,1,29.99,29.99,2026-07-08 17:17:16,amazon Dcvoltage,false
1198864,206-0722727-8177106,AMAZON,B0FRFPQM48,,CGSPCL5PK,1,8.48,5.59,2026-07-08 17:24:46,amazon SRM Amazon,false
1198867,204-2679983-0228368,AMAZON,B0GRGDFKXK,,IMBLCPK,1,7.77,4.07,2026-07-08 17:44:30,amazon Ledsone,false
1198872,203-4901065-5080315,AMAZON,B07PM4GDGP,,CL3TBM5PK,1,13.79,13.79,2026-07-08 17:53:58,amazon Dcvoltage,false
1198873,205-4520711-6317902,AMAZON,B0743GYD52,,CO332AORAPK,1,5.78,2.41,2026-07-08 17:55:36,amazon Ledsone,false
1198880,203-1967034-1045910,AMAZON,B0G1TGXFF7,,CKKLBY,1,13.99,11.66,2026-07-08 18:08:59,amazon Ledsone,false
1198889,026-7630170-5437927,AMAZON,B08V5BWBQT,,CRSF100RR+PHCH1PBRRR+LSCY290RR,1,21.79,21.79,2026-07-08 18:42:29,amazon Dcvoltage,false
1198893,204-8119070-1645956,AMAZON,B0F28YNDZN,,LSCY290RO+RPR44WH,1,18.29,15.24,2026-07-08 18:54:11,amazon Ledsone,false
1198894,202-3976961-0400315,AMAZON,B0DCFP1CX8,,LDSG95DIE2746PK,1,35.19,29.32,2026-07-08 18:54:16,amazon Ledsone,false
1198908,205-2057149-8353153,AMAZON,B083XHSX6F,,CL2TGD3PK,1,7.98,4.24,2026-07-08 19:11:58,amazon Ledsone,false
1198914,203-6011011-1668318,AMAZON,B0CKXJJGCD,,CRSF1202WH+PHBK1PWRWH2PK,1,12.74,12.74,2026-07-08 19:26:21,amazon Ledsone,false
1198915,203-6011011-1668318,AMAZON,B0DB29XL8T,,CRFF75WH2PK+HK10WH2PK,1,9.58,9.58,2026-07-08 19:26:21,amazon Ledsone,false
1198916,205-6862327-9121938,AMAZON,B07PM4RK27,,CL3TWH5PK,1,11.79,11.79,2026-07-08 19:24:08,amazon Dcvoltage,false
1198917,205-6862327-9121938,AMAZON,B0DHVPBKTW,,LHSHE27CH,1,7.89,7.89,2026-07-08 19:24:08,amazon Dcvoltage,false
1198918,026-1807919-6993917,AMAZON,B08V894WYF,,WCB7BB+RPR44WH,1,10.09,10.09,2026-07-08 19:26:19,amazon Dcvoltage,false
1198919,026-0104125-2231560,AMAZON,B07QW1KPCD,,12RPIP454002,1,26.45,26.45,2026-07-08 19:23:54,amazon Dcvoltage,false
1198927,202-8905784-2978737,AMAZON,B0F9VFMBHN,,CL3RBD3PK,1,9.68,5.66,2026-07-08 19:40:25,amazon Ledsone,false
1198928,202-3836438-7431530,AMAZON,B0DS2HZB1F,,COM20BM5PK,1,5.78,2.41,2026-07-08 19:41:58,amazon Ledsone,false
1198929,202-0020427-3253169,AMAZON,B0F2DLJ3TC,,LSFS230BM,1,23.49,19.57,2026-07-08 19:46:07,amazon Ledsone,false
1198930,026-2001270-0140320,AMAZON,B0CZLCKY5W,,LSSS300GY2PK+RPR44WH2PK,1,23.89,23.89,2026-07-08 19:46:34,amazon Dcvoltage,false
1198940,204-1083625-1715531,AMAZON,B0GSRFYV81,,LHXBTF40E27WH,1,3.09,3.09,2026-07-08 19:54:21,amazon Dcvoltage,false
1198945,205-2053166-1911500,AMAZON,B0DX6NBT9P,,CENU19150WH,1,4.38,0.91,2026-07-08 20:16:55,amazon Ledsone,false
1198947,206-1439035-6647557,AMAZON,B0D9Q6LNXC,,LSGLBP120BM+RPM40WH,1,10.49,10.49,2026-07-08 20:18:44,amazon Dcvoltage,false
1198963,206-3490096-8910760,AMAZON,B0FW4R1JC8,,LSCYRO200WH+RPR44WH,1,16.89,14.07,2026-07-08 20:40:20,amazon Ledsone,false
1198968,205-6857758-7956342,AMAZON,B0GW83X9F4,,LHSWPBB22GD,1,12.59,9.70,2026-07-08 20:59:34,amazon Dcvoltage,false
1198970,206-7805435-8702736,AMAZON,B0DSC36PBB,,CRFF140YB+PHAH2RYBGD+SPSDP2YB,1,15.29,15.29,2026-07-08 21:00:44,amazon SRM Amazon,false
1198980,202-8450703-8396342,AMAZON,B09WJFXSD9,,CRFF140SN+WSNW170SN+LSOL220SN,2,45.78,19.08,2026-07-08 21:19:35,amazon Ledsone,false
1198981,202-8143768-5049959,AMAZON,B0DZ1Z3277,,RWWPSY0640YE2PK,1,10.98,9.15,2026-07-08 21:31:26,amazon Ledsone,false
1198982,206-8796603-9533937,AMAZON,B0847N9BDY,,CBSF100,6,21.71,3.24,2026-07-08 21:34:34,amazon Ledsone,false
1198983,205-2275389-9172320,AMAZON,B0DCKWL469,,STFG4845WH,1,6.38,2.91,2026-07-08 21:34:29,amazon Ledsone,false
1198984,202-3533766-9509921,AMAZON,B0F292MNGB,,LSCY290BG+RPR44WH,1,17.49,14.57,2026-07-08 21:37:00,amazon Ledsone,false
1198987,206-5972660-3731516,AMAZON,B0DX6VQMFH,,CENU46450BM,1,6.78,3.24,2026-07-08 21:40:30,amazon Ledsone,false
1198988,203-5564288-5951556,AMAZON,B0DVLLW8H8,,PHSHF1PBRYB+LSSS300BG+ICST64E27,3,68.97,19.16,2026-07-08 21:41:39,amazon Ledsone,false
1198989,204-9955402-0257103,AMAZON,B0FRML5GMP,,PLMJBC,1,26.69,22.24,2026-07-08 21:53:03,amazon Ledsone,false
1198990,203-3260512-8815511,AMAZON,B09XBCV8ZM,,CRFF500BM+PHHN1PBRCO3PK+LSDO210BI3PK,1,34.59,28.82,2026-07-08 21:56:12,amazon Ledsone,false
1198991,206-9020117-3620316,AMAZON,B08V5MK449,,CRSF100BM+PHCH1BMRBM+LSCY290BM,1,21.89,21.89,2026-07-08 21:53:42,amazon Dcvoltage,false
1199000,204-5379305-4437957,AMAZON,B0CBXBG2FC,,PLPYBM+ICST64E27,1,18.89,15.74,2026-07-08 22:00:31,amazon Ledsone,false
1199002,204-0188269-9720354,AMAZON,B07MBLMGLL,,CCBKNWE12,1,9.28,6.39,2026-07-08 22:03:45,amazon Dcvoltage,false
1199007,205-1513660-7634729,AMAZON,B0GYPHS75M,,BS6S8033BM,1,20.89,17.41,2026-07-08 22:09:59,amazon Ledsone,false
1199008,204-8337795-4644316,AMAZON,B0G8DWCDYF,,CRFF108CO+LHTKE27CO+ICST64E27,1,14.19,11.82,2026-07-08 22:14:25,amazon Ledsone,false
1199011,026-3482263-7296302,AMAZON,B0F29P1SH6,,CERU36150GR,1,4.58,1.41,2026-07-08 22:23:19,amazon Ledsone,false
1199027,206-7600658-4195550,AMAZON,B0CV5FGN5Z,,LDST185E2742PK,1,13.79,11.49,2026-07-08 22:40:35,amazon Ledsone,false
1199028,202-5487976-3217142,AMAZON,B0DY7NXLY4,,RWWPSY0640YE,1,9.38,6.49,2026-07-08 22:38:49,amazon SRM Amazon,false
1199034,204-2366357-1769139,AMAZON,B0CNT2ML5D,,PLADBC,1,47.49,47.49,2026-07-08 22:48:45,amazon Dcvoltage,false
1199035,026-9167847-2092309,AMAZON,B07JM8XFLN,,CL3TRH,2,10.18,5.09,2026-07-08 22:57:41,amazon Dcvoltage,false
1199037,205-9077908-8565934,AMAZON,B0F7942PGH,,CTBOP19L+CTBOP15L+CTBOP14L,1,14.89,14.89,2026-07-08 23:15:45,amazon Dcvoltage,false
1199039,203-0238811-4002735,AMAZON,B0DCJWRRPD,,SPSDP3BM2PK,1,5.08,5.08,2026-07-08 23:17:52,amazon Ledsone,false
1199040,203-0238811-4002735,AMAZON,B0CCJ5NB8Z,,SPSDP3BM6PK,1,12.57,12.57,2026-07-08 23:17:52,amazon Ledsone,false
1199041,203-4763293-4470765,AMAZON,B0FN7GZ1FJ,,CRSF100WH+LHNSE27WH,2,26.27,11.99,2026-07-08 23:11:25,amazon SRM Amazon,false
1199043,206-6499847-2613920,AMAZON,B0DTPG9D8M,,WCB2BM4PK+RPR44WH4PK,1,26.49,22.07,2026-07-08 23:36:57,amazon Ledsone,false
1199044,026-0752832-3960362,AMAZON,B0FN7F1LD2,,CRSF100WH+LHNSE27WH+ICST64E27,1,15.99,15.99,2026-07-08 23:42:51,amazon SRM Amazon,false
1199048,026-3669235-1155568,AMAZON,B0B71KMCX4,,CRSF100GB,1,8.88,4.99,2026-07-09 00:07:07,amazon Ledsone,false
1199050,026-3351546-7441915,AMAZON,B0C172YRQM,,PSDS2RBW,2,21.47,9.99,2026-07-09 00:25:08,amazon Dcvoltage,false
1199051,203-4299356-5859561,AMAZON,B0FX2T3V9J,,LSCYRO200GD2PK+RPR44WH2PK,2,53.78,26.89,2026-07-09 00:48:03,amazon Dcvoltage,false
1199055,203-7333289-2795562,AMAZON,B0DX6WRK79,,CENU25200BM,1,4.38,1.24,2026-07-09 02:06:28,amazon Ledsone,false
1199057,204-5596505-7454733,AMAZON,B0BBB4SC4Y,,CL3RBK5PK,1,15.79,13.16,2026-07-09 02:34:20,amazon Ledsone,false
1199074,204-7978429-5913904,AMAZON,B0D6NBRV3X,,COY9ABM3PK,1,18.19,18.19,2026-07-09 04:29:03,amazon Dcvoltage,false
1199077,204-5896908-1485963,AMAZON,B0C9TWTCZ8,,LSCY210BG+RPR44WH,1,12.49,12.49,2026-07-09 05:01:58,amazon Dcvoltage,false
1199089,205-2969075-0055524,AMAZON,B0D4YG1QFJ,,LDMG95E2783PK,1,12.19,12.19,2026-07-09 06:15:58,amazon Dcvoltage,false
1199099,206-1708620-4587510,AMAZON,B0CBC347LB,,LSDO210BL+RPR44WH,1,11.89,11.89,2026-07-09 07:25:38,amazon Dcvoltage,false
1199106,203-3963740-5040318,AMAZON,B0CV5D5D6G,,LDSSTRE2742PK,1,16.19,13.49,2026-07-09 07:33:40,amazon Ledsone,false
1199110,204-0375450-0129168,AMAZON,B0DX6TP9TZ,,CENU36300WH,1,5.78,2.07,2026-07-09 07:51:56,amazon Ledsone,false
1199117,202-1221956-4768360,AMAZON,B0CV5DK5NC,,LDSG125LOE2742PK,1,17.89,14.91,2026-07-09 08:04:42,amazon Ledsone,false
1199118,026-7944967-5808332,AMAZON,B0DH6B1F93,,CL2TBLAPK,1,18.29,18.29,2026-07-09 08:02:05,amazon Dcvoltage,false
1199119,026-7944967-5808332,AMAZON,B0DH5YB6SW,,CL2TBDAPK,1,18.29,18.29,2026-07-09 08:02:05,amazon Dcvoltage,false
1199129,026-6698666-5295518,AMAZON,B0GVT5JPGR,,WCBTC100FG2PK+RPR44WH2PK,1,22.89,14.91,2026-07-09 08:23:42,amazon Ledsone,false
1199131,206-4780774-1510712,AMAZON,B093HBYFJQ,,LSSS300BL+RPR44WH,1,14.99,12.49,2026-07-09 08:34:50,amazon Ledsone,false
1199134,206-0414311-3699509,AMAZON,B07DK5R68L,,5IP20200,5,97.14,20.89,2026-07-09 08:42:10,amazon Dcvoltage,false
1199149,026-3950281-0144332,AMAZON,B0FW4P3H8Z,,LSCYRO200BM+RPR44WH,1,17.89,14.91,2026-07-09 09:21:53,amazon Ledsone,false
1199150,026-5781036-8328328,AMAZON,B0FX2SHBL5,,LSCYRO120BM2PK+RPR44WH2PK,2,43.78,21.89,2026-07-09 09:21:53,amazon Dcvoltage,false
1199153,206-3985669-1459516,AMAZON,B0CG21CP4J,,CRFF108BM+LHTTE27BM,1,11.99,9.99,2026-07-09 09:33:13,amazon Ledsone,false
1199154,026-4748359-2106720,AMAZON,B0BX422224,,LSSS300PI+RPR44WH,1,14.99,12.49,2026-07-09 09:33:36,amazon Ledsone,false
1199157,206-6047252-1587543,AMAZON,B0DH4KYFPD,,WCDTBM2PK+RPR44WH2PK,2,36.58,15.24,2026-07-09 09:34:22,amazon Ledsone,false
1199161,203-2216973-4376357,AMAZON,B0DV5DF7H5,,ENC8216,1,38.99,32.49,2026-07-09 10:05:22,amazon Ledsone,false
1199166,202-0208943-1181175,AMAZON,B0DQDBNJQ8,,PHSF1ROTRO3PK,1,34.71,28.92,2026-07-09 10:22:49,amazon Ledsone,false
1199174,026-9017357-0528349,AMAZON,B0FPQVSMFT,,LDCWT75B2212,1,8.79,7.32,2026-07-09 10:34:09,amazon Ledsone,false
1199176,203-1052110-4475504,AMAZON,B0B77G7BXG,,CRFF108CH+HK10CH,1,7.32,7.32,2026-07-09 10:55:24,amazon Ledsone,false
1199177,203-1052110-4475504,AMAZON,B0DB28W17N,,CRFF75CH2PK,1,9.58,9.58,2026-07-09 10:55:24,amazon Ledsone,false
1199178,202-5972429-7669157,AMAZON,B0DKNHJS78,,LHCCE27GR+CGMLGR,1,8.98,6.09,2026-07-09 10:51:29,amazon Dcvoltage,false
1199187,026-3029350-4905141,AMAZON,B0FW4R1JC8,,LSCYRO200WH+RPR44WH,1,16.89,14.07,2026-07-09 11:18:32,amazon Ledsone,false
1199202,203-1269596-8839505,AMAZON,B0FX2SHBL5,,LSCYRO120BM2PK+RPR44WH2PK,1,21.89,21.89,2026-07-09 11:30:42,amazon Dcvoltage,false
1199206,202-9375122-2107503,AMAZON,B0F29N25PN,,CERU72350GR,1,9.18,5.24,2026-07-09 11:48:05,amazon Ledsone,false
1199207,026-5681097-9869943,AMAZON,B08WC558NJ,,CRFF500BM+WCBCBC3PK,1,28.99,28.99,2026-07-09 11:45:53,amazon Dcvoltage,false
1199214,202-8927849-9934701,AMAZON,B08PYZLJCK,,12IP6745,1,15.68,13.07,2026-07-09 11:49:10,amazon Ledsone,false
1199215,026-8265625-0181118,AMAZON,B0FVMD8CKN,,CERU72450GR,1,10.78,6.57,2026-07-09 11:51:37,amazon Ledsone,false
1199224,026-4473177-0202760,AMAZON,B0GDCN4LCW,,LDMT185E2736PK,1,17.19,14.32,2026-07-09 12:11:34,amazon Ledsone,false
1199236,026-9862346-5548366,AMAZON,B0D296W2FG,,LSCY290GY3PK+RPR44WH3PK,1,40.49,33.74,2026-07-09 11:12:35,amazon Ledsone,false
1199237,205-8513006-1500310,AMAZON,B0DH952KYG,,CL3TBU5PK,1,11.99,11.99,2026-07-09 12:21:46,amazon Dcvoltage,false
1199241,026-7692346-7659554,AMAZON,B0DH9K22DP,,CL3TRE5PK,1,16.99,11.99,2026-07-08 19:14:52,amazon Dcvoltage,false
1199242,202-7715493-5773915,AMAZON,B07DH89GTY,,12UK3P2A,1,8.88,4.99,2026-07-09 12:32:18,amazon Ledsone,false
1199249,206-1042610-1833959,AMAZON,B07HRGXZJD,,CCBKNWE18,2,13.00,6.99,2026-07-09 12:48:50,amazon Dcvoltage,false
1199253,203-6417505-3134762,AMAZON,B0DH8XKTL8,,CL3TBK3PK,5,41.80,8.99,2026-07-09 12:52:07,amazon Dcvoltage,false
1199254,203-9466287-4047568,AMAZON,B07FDXJG55,,CCBC36,1,8.79,8.79,2026-07-09 12:58:30,amazon Dcvoltage,false
1199267,202-2731688-7938750,AMAZON,B08TX35XSK,,LSMS320GY+RPR44WH,1,14.24,14.24,2026-07-09 13:06:05,amazon Dcvoltage,false
1199268,202-5949845-3284303,AMAZON,B0CMCSXRHS,,WLWOCPBM2PK,1,31.49,26.24,2026-07-09 13:12:47,amazon Ledsone,false
1199269,202-9430508-6313168,AMAZON,B0DYT8NSY9,,RWWPSY0660YE,1,5.78,2.41,2026-07-09 13:14:57,amazon Ledsone,false
1199279,203-8800741-4907503,AMAZON,B0DTYDVSM4,,LSCY290BL2PK+RPR44WH2PK,3,76.98,25.66,2026-07-09 13:16:51,amazon Ledsone,false
1199280,203-8800741-4907503,AMAZON,B0CGRQ5Z4T,,CRSF100BM2PK+PHRYWP1RBM2PK,3,51.72,17.24,2026-07-09 13:16:51,amazon Ledsone,false
1199281,205-8658784-8065151,AMAZON,B07JK9FCRZ,,LHC2E27WH,1,9.08,6.19,2026-07-09 13:37:33,amazon Dcvoltage,false
1199290,205-0331640-1250768,AMAZON,B09GVPQB5S,,CRSF100BM+WSHR135BM+LSDM220YB+ICST64E27,2,43.78,21.89,2026-07-09 13:28:58,amazon Dcvoltage,false
1199293,026-3828686-4376320,AMAZON,B0CKLM52VJ,,LSDO210BS+RPR44WH,1,11.89,9.91,2026-07-09 13:39:11,amazon Ledsone,false
1199299,206-0411073-8322762,AMAZON,B08V5MK449,,CRSF100BM+PHCH1BMRBM+LSCY290BM,5,109.45,21.89,2026-07-09 13:58:11,amazon Dcvoltage,false
1199301,206-5005140-8488343,AMAZON,B0FXGSYMYF,,PLADRR,2,99.89,49.94,2026-07-09 14:09:54,amazon Dcvoltage,false
1199306,206-8998613-4948369,AMAZON,B0FPWXQWQD,,LDCWA60HB2296PK,1,9.98,6.24,2026-07-09 14:16:50,amazon Ledsone,false
1199311,206-2043673-6001905,AMAZON,B0FPWVFF9W,,LDCWA60HE27126PK,1,9.98,6.24,2026-07-09 14:25:33,amazon Ledsone,false
1199313,206-7374899-4872347,AMAZON,B0CNJSDYVG,,WCB2WH+RPR44WH,1,11.87,8.98,2026-07-09 14:19:10,amazon Dcvoltage,false
1199318,204-4786976-3625119,AMAZON,B07K1XMZ35,,LHCCE27GR+CGMLGR,1,6.54,6.54,2026-07-09 14:40:42,amazon Dcvoltage,false
1199322,026-4404106-5023508,AMAZON,B0DTZ24CTF,,LSMS320BG+RPR44WH,3,49.77,13.82,2026-07-09 14:53:56,amazon Ledsone,false
1199327,202-2432288-5177924,AMAZON,B0CV5D5D6G,,LDSSTRE2742PK,1,16.19,13.49,2026-07-09 14:49:41,amazon Ledsone,false
1199334,203-9487311-5133104,AMAZON,B0B9Y59487,,CL3TBR5PK,1,13.79,11.49,2026-07-09 15:03:52,amazon Ledsone,false
1199335,026-6015387-9494702,AMAZON,B0FX2SP39V,,LSCYRO200WH2PK+RPR44WH2PK,1,26.89,26.89,2026-07-09 15:01:43,amazon Dcvoltage,false
1199340,202-1357022-3924319,AMAZON,B0GDDXB14R,,LDMT185E2732PK,1,10.99,9.16,2026-07-09 15:17:00,amazon Ledsone,false
1199345,203-4052391-1124305,AMAZON,B07QV1YKZW,,12RPIP45100,1,13.97,13.97,2026-07-09 15:21:08,amazon Dcvoltage,false
1199349,203-4388384-5660329,AMAZON,B09WJCQ6WT,,CRFF140CH+WSNW170CH+LSOL220CH,2,39.78,16.58,2026-07-09 15:32:43,amazon Ledsone,false
1199350,206-3277609-4683502,AMAZON,B0DCHK8LQ2,,STND182WH,3,11.48,3.19,2026-07-09 15:36:29,amazon Ledsone,false
1199355,204-5575707-9018739,AMAZON,B0B97Z4ZDD,,ENC3550,1,89.89,74.91,2026-07-09 15:44:28,amazon Ledsone,false
1199357,203-4791991-8854738,AMAZON,B0F5B48F9L,,WCVCBM5PK+RPR44WH5PK,1,30.99,25.82,2026-07-09 15:50:27,amazon Ledsone,false
1199358,205-2372250-2226741,AMAZON,B0FN7GZ1FJ,,CRSF100WH+LHNSE27WH,1,14.28,11.99,2026-07-09 15:55:42,amazon SRM Amazon,false
1199359,203-5799815-5203565,AMAZON,B0DFGGMPS6,,WCDTBM5PK+RPR44WH5PK,1,41.38,37.49,2026-07-09 15:55:06,amazon Dcvoltage,false
1199364,205-3511247-9419506,AMAZON,B0D2975QTC,,LSCY290OR2PK+RPR44WH2PK,1,21.57,21.57,2026-07-09 15:57:40,amazon Ledsone,false
1199365,205-3511247-9419506,AMAZON,B0D28TWPYD,,LSCY290BC2PK+RPR44WH2PK,1,21.50,21.50,2026-07-09 15:57:40,amazon Ledsone,false
1199366,026-5196044-9945105,AMAZON,B0CVLC8XKT,,LSTF400GR2PK+RPR44WH2PK,1,27.89,23.24,2026-07-09 16:06:53,amazon Ledsone,false
1199367,026-7418621-8601120,AMAZON,B0CVL5VZ1Y,,LSTF400GR+RPR44WH,1,16.39,13.66,2026-07-09 16:06:53,amazon Ledsone,false
1199372,026-5840186-6102762,AMAZON,B0CVN2WG4R,,CENU88700WH,3,35.97,11.99,2026-07-09 16:10:54,amazon Dcvoltage,false
1199373,202-8819610-4301106,AMAZON,B0DH937GL5,,CL3TCR5PK,2,22.30,11.99,2026-07-09 16:21:28,amazon Dcvoltage,false
1199375,204-2480223-1765118,AMAZON,B0GNYRK2GT,,LHXSHE27BM5PK,1,28.79,23.99,2026-07-09 16:33:51,amazon Ledsone,false
1199377,205-4315229-8505966,AMAZON,B0DTHZ1JX5,,WCDCBM4PK+RPR44WH4PK,1,29.49,24.57,2026-07-09 16:34:28,amazon Ledsone,false
1199379,204-1364918-5757935,AMAZON,B0CCHYD2JP,,SPSDP2BM3PK,1,12.69,10.57,2026-07-09 16:43:43,amazon Ledsone,false
1199382,204-4867798-9656304,AMAZON,B096FZK8N9,,CRSF100BM+PHCHPCRYB+LSCY290YB,1,24.89,24.89,2026-07-09 16:43:20,amazon Dcvoltage,false
1199387,203-1144418-1843546,AMAZON,B0G1TC8PWQ,,CKCSBY,1,10.99,10.99,2026-07-09 16:56:49,amazon Dcvoltage,false
1199388,204-3006295-8405924,AMAZON,B0G1MW67PN,,SPWL50BM5PK,1,26.99,22.49,2026-07-09 16:49:37,amazon Ledsone,false
1199389,205-2733249-9659507,AMAZON,B0F299KVDX,,CERU36300BL,2,7.89,2.24,2026-07-09 16:53:47,amazon Ledsone,false
1199395,026-6963580-5237123,AMAZON,B0CNZ21Z3Z,,ENC4304,1,47.89,47.89,2026-07-09 17:07:27,amazon Dcvoltage,false
1199398,204-4236588-4503516,AMAZON,B0FY5TWHGH,,LDSG1007E27,1,12.99,10.82,2026-07-09 17:09:01,amazon Ledsone,false
1199400,206-8819147-2188359,AMAZON,B0DVLPPMXL,,PHSHF1PBRYB+LSCY290BG+ICST64E27,1,21.99,18.32,2026-07-09 17:17:58,amazon Ledsone,false
1199410,206-9430520-5889932,AMAZON,B0DH5XYHJJ,,CL2TCR3PK,1,11.28,7.99,2026-07-09 17:28:15,amazon Dcvoltage,false
1199417,203-5038860-5897140,AMAZON,B08KJJWJKK,,CRFF500BM+PHHT1PBRBM3PK+WCDCBM3PK,1,36.99,30.82,2026-07-09 17:50:07,amazon Ledsone,false
1199419,202-5370672-8619510,AMAZON,B0D9RWZ7H8,,CRSF100SN3PK,1,15.89,13.24,2026-07-09 17:53:02,amazon Ledsone,false
1199420,205-0126380-4378713,AMAZON,B0GXB6JVLM,,WCBTC140FG+RPR44WH,1,14.89,12.41,2026-07-09 18:00:13,amazon Ledsone,false
1199422,203-7557629-4716353,AMAZON,B0CS3LSTMS,,WCB7BS+RPR44WH,1,10.29,10.29,2026-07-09 18:03:41,amazon Dcvoltage,false
1199425,026-0938297-2391567,AMAZON,B0DQD74HVG,,PHSF1BMTYB3PK,1,31.09,25.91,2026-07-09 18:14:01,amazon Ledsone,false
1199431,206-0351982-9965103,AMAZON,B08JJ7TPVD,,12IP6736,1,11.89,11.89,2026-07-09 18:27:39,amazon SRM Amazon,false
1199438,205-4951849-7373128,AMAZON,B08XWFCLFB,,WCB2BM+RPR44WH,1,9.41,9.41,2026-07-09 18:35:14,amazon Dcvoltage,false
1199447,204-6104908-3681924,AMAZON,B0DLW3NSFT,,CL2TAGAPK,1,18.89,18.89,2026-07-09 19:01:33,amazon Dcvoltage,false
1199448,204-9321018-5629135,AMAZON,B0FG2YH42V,,ENC8743,1,31.69,26.41,2026-07-09 19:00:05,amazon Ledsone,false
1199449,026-3829502-9547550,AMAZON,B0GP771MFX,,LHPVHRE27WH2PK,2,15.89,5.83,2026-07-09 19:08:51,amazon Ledsone,false
1199453,026-2262771-5248342,AMAZON,B0GGHCW9TP,,CRFF100CH2PK+LHNSE27CH2PK+ICST64E272PK,1,27.89,27.89,2026-07-09 19:10:09,amazon Dcvoltage,false
1199464,026-7752376-7182732,AMAZON,B09JVSRK4Y,,LDSG95DIE274APK,1,38.89,38.89,2026-07-09 19:31:43,amazon Dcvoltage,false
1199465,202-9371490-0930740,AMAZON,B0F9X1D46L,,CL3RBMAPK,1,22.99,19.16,2026-07-09 19:30:12,amazon Ledsone,false
1199468,206-1569134-7895545,AMAZON,B0B8VVQSNV,,LDSG125LOE274,1,8.99,7.49,2026-07-09 19:37:55,amazon Ledsone,false
1199471,026-1074229-5760345,AMAZON,B0CNXKLKWH,,CL3TBK3PK,1,7.78,4.49,2026-07-09 19:39:44,amazon Dcvoltage,false
1199472,204-4953106-3455566,AMAZON,B0DKP87147,,LHTRE27YB,1,7.89,7.89,2026-07-09 19:39:55,amazon Dcvoltage,false
1199473,026-4673633-9093165,AMAZON,B0DCK527TN,,STBFT50M48EWH,1,6.38,3.49,2026-07-09 19:40:39,amazon Dcvoltage,false
1199474,204-6908701-6913133,AMAZON,B0CG3GTY9C,,WSOSBDBM,1,21.09,17.57,2026-07-09 19:39:15,amazon Ledsone,false
1199475,026-6653998-9227532,AMAZON,B0GXB6JVLM,,WCBTC140FG+RPR44WH,2,29.78,12.41,2026-07-09 19:39:57,amazon Ledsone,false
1199476,205-5215942-0717167,AMAZON,B07B4RXHH5,,12IP6724,1,10.79,8.99,2026-07-09 19:42:17,amazon Ledsone,false
1199481,026-0633298-6981911,AMAZON,B0DH5XPZRS,,CL2TBT3PK,1,7.99,7.99,2026-07-09 19:58:55,amazon Dcvoltage,false
1199483,204-7242425-8760339,AMAZON,B08XMVGF2V,,WCB7RR+RPR44WH,1,11.89,11.89,2026-07-09 20:08:32,amazon Dcvoltage,false
1199486,026-6018191-0933962,AMAZON,B0GXB7RGZK,,WCBSF90FG2PK+RPR44WH2PK,1,20.89,17.41,2026-07-09 20:15:04,amazon Ledsone,false
1199487,206-1439610-4400320,AMAZON,B0BLZGY3D7,,LDMG95E2742PK,1,12.89,10.74,2026-07-09 20:13:16,amazon Ledsone,false
1199491,203-6902871-8934721,AMAZON,B07CR174H2,,CL3TGR5PK,1,11.89,9.91,2026-07-09 20:19:28,amazon Ledsone,false
1199506,206-9616834-8396306,AMAZON,B0GLQ764TQ,,ENC8910,1,52.09,43.41,2026-07-09 20:47:47,amazon Ledsone,false
1199508,202-7404947-1214727,AMAZON,B0FX2SHBL5,,LSCYRO120BM2PK+RPR44WH2PK,1,21.89,21.89,2026-07-09 20:58:37,amazon Dcvoltage,false
1199515,206-3420236-7784350,AMAZON,B0GRGNHTTC,,PLHNBC+ICST64E27,1,16.89,14.07,2026-07-09 21:16:33,amazon Ledsone,false
1199518,026-4437604-5496317,AMAZON,B0CVLC55W4,,LSTF400GY+RPR44WH,1,17.39,17.39,2026-07-09 21:19:57,amazon Dcvoltage,false
1199527,205-3681501-4500369,AMAZON,B0FS19SMZ1,,TSSTYF8012GY,9,325.51,38.89,2026-07-09 21:29:43,amazon Dcvoltage,false
1199528,206-3737562-6685900,AMAZON,B08WWH8HWK,,ENC903,1,21.89,21.89,2026-07-09 21:30:09,amazon Dcvoltage,false
1199532,203-7386716-8056367,AMAZON,B0B9NDPHSC,,CL2THE5PK,1,11.49,11.49,2026-07-09 21:56:16,amazon Dcvoltage,false
1199538,205-3708386-6693900,AMAZON,B09MWJMZDV,,ENC2226,1,32.89,27.41,2026-07-09 22:02:40,amazon Ledsone,false
1199539,026-1672913-0922739,AMAZON,B0CNTG9QQ4,,WCB2WH+RPR44WH,1,10.09,10.09,2026-07-09 22:02:01,amazon Dcvoltage,false
1199540,026-8401412-2224369,AMAZON,B07CVCT7XN,,LDMG95E278,1,6.99,6.99,2026-07-09 22:08:11,amazon Dcvoltage,false
1199544,026-1526557-6789139,AMAZON,B084RP9PZ7,,WCB4BS+RPR44WH,1,9.89,8.24,2026-07-09 22:16:26,amazon Ledsone,false
1199555,205-5391358-8414765,AMAZON,B09KNR8L6C,,CRSF2003BM+PHRB1PBR40BM3PK+LSBS160YE3PK,1,35.89,29.91,2026-07-09 22:52:18,amazon Ledsone,false
1199556,206-0277773-2363563,AMAZON,B0B8DV248K,,CRSF1203BM,1,10.38,6.24,2026-07-09 22:52:30,amazon Ledsone,false
1199557,204-3261507-7444357,AMAZON,B0DZNJDHCQ,,RWWPSY12GY,1,4.98,1.74,2026-07-09 22:56:45,amazon Ledsone,false
1199561,205-3998393-8428310,AMAZON,B0F9X1QLFW,,CL2RIVAPK,1,20.99,17.49,2026-07-09 23:14:20,amazon Ledsone,false
1199562,204-5310941-4893946,AMAZON,B0DH9D59PT,,CL3TAG5PK,1,11.99,11.99,2026-07-09 23:09:00,amazon Dcvoltage,false
1199564,206-0098896-4766761,AMAZON,B0CNXL52CF,,CL3RBM3PK,1,7.78,4.49,2026-07-09 23:25:33,amazon Dcvoltage,false
1199567,206-8302621-3379508,AMAZON,B0CKFCBD41,,PLTYRR+ICST64E27,1,19.89,19.89,2026-07-09 23:54:55,amazon SRM Amazon,false
1199568,205-7737504-0845926,AMAZON,B0FFS8BF7Q,,STIX245GR,1,5.38,2.07,2026-07-09 23:31:53,amazon Ledsone,false
1199569,202-1258098-7529134,AMAZON,B0FW4P3H8Z,,LSCYRO200BM+RPR44WH,1,22.89,14.91,2026-07-09 23:32:45,amazon Ledsone,false
1199570,026-4812127-9160321,AMAZON,B0DH97LF88,,CL3TBP5PK,1,10.39,10.39,2026-07-09 23:33:09,amazon Dcvoltage,false
1199571,026-5085447-2433111,AMAZON,B0C7KHY6DV,,ENC5034,1,86.89,86.89,2026-07-09 23:48:41,amazon Dcvoltage,false
1199575,206-4122541-6549106,AMAZON,B07CSSJD3X,,CL3RBUAPK,1,19.99,19.99,2026-07-10 00:23:59,amazon Dcvoltage,false
1199576,204-0352155-1169904,AMAZON,B0933HJV1L,,CRSF100BM+PHRB1PBR40BM+LSBS160BM,1,18.89,15.74,2026-07-10 00:28:01,amazon Ledsone,false
1199581,026-4087082-5753949,AMAZON,B0BT81JJFK,,LSFT220BI+RPR44WH,3,40.17,8.85,2026-07-10 02:01:31,amazon Ledsone,false
1199584,204-4111188-9021965,AMAZON,B08XW91G7T,,WCB7WH+RPR44WH,1,10.09,10.09,2026-07-10 02:01:04,amazon Dcvoltage,false
1199585,202-7550545-6001127,AMAZON,B0CP933MXR,,CRSF100BB2PK+PHCH1PBRBB2PK+LSCY290BB2PK,3,110.67,36.89,2026-07-10 02:44:59,amazon Dcvoltage,false
1199606,204-1308813-8644339,AMAZON,B0FX53HC81,,LSCYRO300WH2PK+RPR44WH2PK,1,35.09,35.09,2026-07-10 05:36:38,amazon Dcvoltage,false
1199607,026-1139487-2596336,AMAZON,B0GVT5JPGR,,WCBTC100FG2PK+RPR44WH2PK,1,17.89,14.91,2026-07-10 05:35:41,amazon Ledsone,false
1199621,204-8697777-8461151,AMAZON,B0DTHKSHFY,,WCB7BS3PK+RPR44WH3PK,1,22.89,22.89,2026-07-10 07:26:19,amazon Dcvoltage,false
1199631,206-3284508-3387566,AMAZON,B0GD5FP27N,,ENC7768,1,30.69,30.69,2026-07-10 07:46:01,amazon Dcvoltage,false
1199649,202-5838914-9545140,AMAZON,B0G1S1XY23,,BSFCDRSIPI,1,21.99,18.32,2026-07-10 08:25:04,amazon Ledsone,false
1199662,203-7254169-9497158,AMAZON,B0GSRQM519,,LSGLULCL2PK+RPM40WH2PK,1,19.89,16.57,2026-07-10 08:54:29,amazon Ledsone,false
1199672,206-6758742-0353123,AMAZON,B0F945Z6H2,,CL3TAG3PK,2,14.86,6.66,2026-07-10 09:15:12,amazon Ledsone,false
1199684,206-9902240-8507544,AMAZON,B0CCJ2TRB2,,SPSDP3WH3PK,1,10.09,8.41,2026-07-10 10:08:06,amazon Ledsone,false
1199697,205-5551688-8783515,AMAZON,B0C9DPGRGD,,SPSDP2BM,1,6.87,3.98,2026-07-10 10:35:14,amazon Dcvoltage,false
1199702,206-4060106-6718708,AMAZON,B0C3ZT8HVF,,LSCY290BI+RPR44WH,1,15.89,13.24,2026-07-10 10:38:51,amazon Ledsone,false
1199703,026-0683970-2837123,AMAZON,B0DJBT1NQ6,,HLRK45BM3PK,1,6.89,5.74,2026-07-10 10:40:44,amazon Ledsone,false
1199704,202-8388317-2028304,AMAZON,B0D7W2R3V1,,LSCP150WH2PK+RPR44WH2PK,1,21.79,18.16,2026-07-10 10:42:41,amazon Ledsone,false
1199715,205-2194668-9339503,AMAZON,B0DK98XPXQ,,CRFF100FG,2,20.67,8.89,2026-07-10 11:04:06,amazon Dcvoltage,false
1199719,203-4692670-2791568,AMAZON,B0CNW6PMJS,,ENC4310,1,47.89,47.89,2026-07-10 11:03:47,amazon Dcvoltage,false
1199720,026-5473642-8969945,AMAZON,B0DXKT4DTQ,,PLTTBS+LSTF40BS,1,20.89,17.41,2026-07-10 11:15:35,amazon Ledsone,false
1199741,202-3200153-0575545,AMAZON,B0GP77P5Z5,,LHPVHRE27WH5PK,1,11.89,11.89,2026-07-10 11:37:41,amazon Dcvoltage,false
1199742,205-7745359-5902723,AMAZON,B0C6LY8XZG,,12UK3P1A,1,8.88,5.99,2026-07-10 11:37:55,amazon Dcvoltage,false
1199749,026-0136741-2378772,AMAZON,B0F946K2LJ,,CL3TLB3PK,1,7.99,6.66,2026-07-10 11:51:13,amazon Ledsone,false
1199751,205-9950872-9309917,AMAZON,B0CDWS523Q,,PSHYOS4BRBM,1,14.29,11.91,2026-07-10 12:07:51,amazon Ledsone,false
1199752,206-9191180-1261946,AMAZON,B0C6R1T87Q,,PHDH1HETHE+ICST64E272PK,1,20.49,17.07,2026-07-10 12:08:56,amazon Ledsone,false
1199757,203-9861973-7463513,AMAZON,B0B8DV248K,,CRSF1203BM,1,10.38,6.24,2026-07-10 12:18:54,amazon Ledsone,false
1199760,204-7990009-3886704,AMAZON,B0CBK9X19J,,PHSF2GDRYB+SPSDP2YB,2,28.86,12.66,2026-07-10 12:21:10,amazon Ledsone,false
1199761,203-2099066-5863537,AMAZON,B0GZNJ8733,,LHSWPBB22CH2PK,1,14.79,12.32,2026-07-10 12:25:18,amazon Ledsone,false
1199766,206-0281232-3415574,AMAZON,B0FPWYRDQT,,LDCWA55B2256PK,1,9.68,5.99,2026-07-10 12:44:20,amazon Ledsone,false
1199768,203-2555473-3445953,AMAZON,B09M42FP91,,LDMG125E2783PK,1,20.49,20.49,2026-07-10 12:48:32,amazon Dcvoltage,false
1199774,206-6751029-0468312,AMAZON,B0DBW8HD94,,CL2RBK5PK,1,11.49,11.49,2026-07-10 12:59:42,amazon Dcvoltage,false
1199775,205-2731176-6931534,AMAZON,B08XXY3P8R,,WCB3BS+RPR44WH,2,19.98,9.99,2026-07-11 16:13:38,amazon Dcvoltage,false
1199777,202-0640614-9135512,AMAZON,B0DV5DF7H5,,ENC8216,1,38.99,32.49,2026-07-10 13:07:48,amazon Ledsone,false
1199799,206-7370899-7531563,AMAZON,B0CPBXF168,,LSCY290BU+RPR44WH,1,15.89,15.89,2026-07-10 14:04:06,amazon Dcvoltage,false
1199804,026-0690828-4635546,AMAZON,B0DH8XKTL8,,CL3TBK3PK,1,8.99,8.99,2026-07-10 14:15:33,amazon Dcvoltage,false
1199805,202-8595533-3818713,AMAZON,B09HL56P6W,,CRSF100GY+PHRB1PWRPW+CGWDWO+LSWE315GY,5,76.54,13.72,2026-07-10 14:10:37,amazon Ledsone,false
1199810,203-8535956-8879509,AMAZON,B0GLYWV3LG,,PLTRBM,1,45.89,38.24,2026-07-10 14:23:15,amazon Ledsone,false
1199811,206-2006986-4917943,AMAZON,B08PYZZP4Q,,12IP6736,2,18.46,9.23,2026-07-10 14:32:29,amazon SRM Amazon,false
1199812,202-8296464-3906709,AMAZON,B0B9K3BXFX,,CL2RAG,2,7.11,1.99,2026-07-10 14:29:25,amazon Dcvoltage,false
1199813,205-0475592-7869139,AMAZON,B093H8YG8Z,,LSMS320GY+RPR44WH,3,44.97,12.49,2026-07-10 14:28:58,amazon Ledsone,false
1199814,202-4799433-2370753,AMAZON,B0GYPHS1FD,,BS6S6628BM,1,20.89,17.41,2026-07-10 14:25:05,amazon Ledsone,false
1199815,206-4606961-6184311,AMAZON,B0FPWXQWQD,,LDCWA60HB2296PK,1,9.98,6.24,2026-07-10 14:33:03,amazon Ledsone,false
1199820,205-7351775-2120327,AMAZON,B0F21TXF2F,,WCWYBM2PK,1,10.88,9.07,2026-07-10 14:49:58,amazon Ledsone,false
1199828,026-7354442-6113155,AMAZON,B09B7SGZK7,,LSTF40SN+RPR44WH,1,10.99,10.99,2026-07-10 14:57:39,amazon Dcvoltage,false
1199829,026-7354442-6113155,AMAZON,B09B7T6173,,LSTF40BM+RPR44WH,1,10.89,10.89,2026-07-10 14:57:39,amazon Dcvoltage,false
1199834,206-2851915-2653921,AMAZON,B0F4XH3GTJ,,SDP80RL3PK,1,5.91,2.52,2026-07-10 15:08:49,amazon Ledsone,false
1199839,205-5757058-3478752,AMAZON,B0CNQ1Q3BJ,,LDMG125E278,1,8.19,8.19,2026-07-10 15:08:29,amazon Dcvoltage,false
1199844,202-9224466-0303551,AMAZON,B07FDVMYJ8,,CCBC9,1,10.09,10.09,2026-07-10 15:27:59,amazon Dcvoltage,false
1199845,202-8113187-7046733,AMAZON,B0DTYWPKVB,,PLWTBC+ICST64E272PK,2,46.30,20.74,2026-07-10 15:25:11,amazon Ledsone,false
1199846,202-0006904-5435514,AMAZON,B0F2919CBQ,,LSCY290AA+RPR44WH,1,15.09,12.57,2026-07-10 15:27:31,amazon Ledsone,false
1199847,026-7670543-5229141,AMAZON,B093TBM9LD,,CRSF100BB+PHCH1PBRBB+LSCY290BB,1,24.89,20.74,2026-07-10 15:28:41,amazon Ledsone,false
1199856,204-4383748-3903533,AMAZON,B0929BBD84,,PLWEBC+PHNW1RBC,2,57.78,24.08,2026-07-10 15:38:08,amazon Ledsone,false
1199857,206-2372998-8126719,AMAZON,B0GYPFYJFN,,BS6S66609GY,1,20.89,17.41,2026-07-10 15:26:32,amazon Ledsone,false
1199858,202-9643956-8254726,AMAZON,B0GZND9ZR6,,LHSWPBB22GD2PK,2,29.58,12.33,2026-07-10 15:41:25,amazon Ledsone,false
1199870,203-5652743-1631530,AMAZON,B0FN7GZ1FJ,,CRSF100WH+LHNSE27WH,2,26.27,11.99,2026-07-10 16:04:01,amazon SRM Amazon,false
1199871,203-2106116-6718712,AMAZON,B0DG2ZDQY5,,RPM40BMAPK,1,10.09,10.09,2026-07-10 16:02:24,amazon Dcvoltage,false
1199881,205-2340866-9303517,AMAZON,B07HRGXZJD,,CCBKNWE18,1,6.99,6.99,2026-07-10 16:15:54,amazon Dcvoltage,false
1199882,206-6320815-5619533,AMAZON,B0DH936YBS,,CL3TAGAPK,1,20.99,20.99,2026-07-10 16:16:08,amazon Dcvoltage,false
1199883,205-4978217-2493111,AMAZON,B0BL82M8SB,,LDMT185E274,1,6.99,5.82,2026-07-10 16:14:55,amazon Ledsone,false
1199887,206-1322144-0413157,AMAZON,B08XBF9C5P,,PSDS4BMRGR,1,14.17,14.17,2026-07-10 16:22:55,amazon Dcvoltage,false
1199888,206-1322144-0413157,AMAZON,B08XB16LF5,,PSDS4BMRRE,1,14.17,14.17,2026-07-10 16:22:55,amazon Dcvoltage,false
1199891,206-7299127-5441907,AMAZON,B0FN7GZ1FJ,,CRSF100WH+LHNSE27WH,1,14.28,11.99,2026-07-10 16:48:15,amazon SRM Amazon,false
1199896,206-8483459-4541107,AMAZON,B0CP9G3MRC,,ENC8894,1,27.89,27.89,2026-07-10 16:48:15,amazon Dcvoltage,false
1199900,205-9971901-4973951,AMAZON,B0CJ4RX6S2,,LSMCSPMSMC+RPM40WH,2,51.98,25.99,2026-07-10 17:05:46,amazon Dcvoltage,false
1199901,026-0725224-6342721,AMAZON,B0B7799FKL,,CRFF108GB+HK10GB,1,8.49,7.07,2026-07-10 17:00:38,amazon Ledsone,false
1199902,204-2709691-9957163,AMAZON,B0CZXL6ZYG,,TPOSBDBM,1,24.99,20.82,2026-07-10 17:06:57,amazon Ledsone,false
1199909,026-9876978-7543512,AMAZON,B0CNQ1Q3BJ,,LDMG125E278,3,22.85,8.19,2026-07-10 17:21:20,amazon Dcvoltage,false
1199910,026-2665543-3574745,AMAZON,B0DBHQ5THB,,CRSF100BM+PHRYWP1RBM+ICST64E27,1,12.19,12.19,2026-07-10 17:18:49,amazon Dcvoltage,false
1199918,204-0522426-3778754,AMAZON,B0D8VRS5K2,,HLSC96BM,1,6.39,6.39,2026-07-10 17:34:38,amazon Dcvoltage,false
1199919,205-7233462-9275568,AMAZON,B0BX4GWZK3,,LSMS320GY+RPR44WH,1,14.99,14.99,2026-07-10 17:37:17,amazon Dcvoltage,false
1199920,205-9375623-1698715,AMAZON,B09HN38SMR,,CRSF100RE+PHRB1PWR40WH+CGWDWO+LSBS160RE,2,37.78,15.74,2026-07-10 17:35:59,amazon Ledsone,false
1199922,205-9917451-5563519,AMAZON,B0CTC7XPNX,,CRSF100BM+LHNSE27YB+SCRN70BM+LSFT220BG,1,18.89,18.89,2026-07-10 17:44:14,amazon Dcvoltage,false
1199924,026-3478104-1762713,AMAZON,B093ST24PN,,LDMT185E274,1,5.99,5.99,2026-07-10 17:46:21,amazon Dcvoltage,false
1199925,203-5315572-5417110,AMAZON,B0DCJYBYG4,,CRSF100BM2PK+PHCH1BMRBM2PK+LSCY290YE2PK,1,36.99,30.82,2026-07-10 17:55:33,amazon Ledsone,false
1199928,026-0318372-1457117,AMAZON,B09LVDG5GL,,PHCT1BMRBM+PHDO1PBRBM+LSCY290SN,2,53.72,22.38,2026-07-10 18:06:38,amazon Ledsone,false
1199936,205-9604735-2853929,AMAZON,B0GY423LQJ,,LSGL9015CL2PK+RPM40WH2PK,1,12.89,12.89,2026-07-10 18:16:54,amazon Dcvoltage,false
1199940,205-6548332-4712363,AMAZON,B07ZFWL5T1,,CRSF100GB+LHNSE27GB,1,13.89,13.89,2026-07-10 18:20:52,amazon Dcvoltage,false
1199948,203-5077661-3493938,AMAZON,B0CNPZHQPW,,LDMG80B224,1,6.99,6.99,2026-07-10 19:10:58,amazon Dcvoltage,false
1199956,204-4306045-6466730,AMAZON,B0CNKF2YKS,,ENC6494,1,69.89,58.24,2026-07-10 19:33:22,amazon Ledsone,false
1199957,203-7175665-5813915,AMAZON,B0G2L35YZ5,,ENC7764,1,28.89,24.07,2026-07-10 19:35:24,amazon Ledsone,false
1199961,204-7241343-3912343,AMAZON,B0FW4P3H8Z,,LSCYRO200BM+RPR44WH,1,17.89,14.91,2026-07-10 19:36:55,amazon Ledsone,false
1199962,204-4450247-8732330,AMAZON,B0B8VVQSNV,,LDSG125LOE274,1,8.99,7.49,2026-07-10 19:39:05,amazon Ledsone,false
1199963,206-2374495-8043537,AMAZON,B0CN12CQ9D,,CRFF500BM+PHTT1PBRBM3PK+WCBCBB3PK,1,29.99,29.99,2026-07-10 19:38:36,amazon Dcvoltage,false
1199964,203-5838491-6095508,AMAZON,B08B1N1LJT,,CRSF100CO+LHNSE27CO+SCRN70CO+LSTF40CO,1,19.89,19.89,2026-07-10 19:43:00,amazon Dcvoltage,false
1199966,206-3158537-4155518,AMAZON,B083ZS9PGC,,LHAHE27CH,1,8.98,5.07,2026-07-10 19:57:26,amazon Ledsone,false
1199967,206-6676957-4858751,AMAZON,B0BLZFGY38,,LDMG95E274APK,1,27.89,23.24,2026-07-10 20:05:30,amazon Ledsone,false
1199973,205-0441268-0858748,AMAZON,B08N11838L,,LSWE315WH,1,17.19,17.19,2026-07-10 20:08:16,amazon Dcvoltage,false
1199974,203-8158438-7451503,AMAZON,B07L87G8RK,,CL3TWH5PK,1,12.99,12.99,2026-07-10 20:21:36,amazon Dcvoltage,false
1199980,203-3107380-8734762,AMAZON,B0DH97LF88,,CL3TBP5PK,1,10.39,10.39,2026-07-10 20:34:09,amazon Dcvoltage,false
1199991,205-4684685-3709105,AMAZON,B0CPDPWLV4,,WJB2,2,8.27,2.89,2026-07-10 21:08:21,amazon Dcvoltage,false
1199996,202-6865948-7097942,AMAZON,B0FN7GZ1FJ,,CRSF100WH+LHNSE27WH,1,14.28,11.99,2026-07-10 21:12:19,amazon SRM Amazon,false
1199997,204-5065616-4169144,AMAZON,B0D7944QDY,,WCB6BM2PK+RPR44WH2PK,1,16.49,13.74,2026-07-10 21:15:18,amazon Ledsone,false
1199998,205-9491511-1097110,AMAZON,B094D9PTHN,,CRFF500BM+PHRI1PCRSN3PK+LSDM220SN3PK,1,34.96,29.13,2026-07-10 21:17:24,amazon Ledsone,false
1200000,203-9103698-4321101,AMAZON,B0F1CX9BKB,,RWWPSY10100YE,1,9.88,6.99,2026-07-10 21:20:49,amazon Dcvoltage,false
1200003,203-9837760-8432346,AMAZON,B0DW3V3Q35,,PHSHF1PBRYB+LSHH240BG,2,43.18,17.99,2026-07-10 21:38:02,amazon Ledsone,false
1200004,203-0399545-2899501,AMAZON,B0CVL9FRMJ,,LSTF400YE+RPR44WH,1,16.39,16.39,2026-07-10 21:31:50,amazon Dcvoltage,false
1200011,204-1719190-0626714,AMAZON,B0FN7GZ1FJ,,CRSF100WH+LHNSE27WH,1,14.28,11.99,2026-07-10 21:46:15,amazon SRM Amazon,false
1200013,206-5674882-2026700,AMAZON,B08KJJWJKK,,CRFF500BM+PHHT1PBRBM3PK+WCDCBM3PK,2,73.98,30.83,2026-07-10 21:58:44,amazon Ledsone,false
1200014,203-6108409-5046727,AMAZON,B0CP92XWPM,,CRSF100BS2PK+PHCH1PBRBS2PK+LSCY290BS2PK,1,36.89,36.89,2026-07-10 21:55:23,amazon Dcvoltage,false
1200017,206-6872415-7344341,AMAZON,B0BL7LZR24,,LDMT45E2746PK,1,20.79,17.32,2026-07-10 21:59:12,amazon Ledsone,false
1200018,203-7464549-1480336,AMAZON,B09L11514G,,12UK3P5A,2,23.98,10.74,2026-07-10 22:05:06,amazon Ledsone,false
1200019,026-2137893-7352361,AMAZON,B0DSBJ5QJ7,,PLWSBC+ICST64E272PK,2,48.38,24.19,2026-07-10 22:06:33,amazon Dcvoltage,false
1200031,203-0261374-8998746,AMAZON,B084RP9PZ7,,WCB4BS+RPR44WH,1,9.89,8.24,2026-07-10 22:37:58,amazon Ledsone,false
1200034,204-4449902-8329967,AMAZON,B0FW4R1JC8,,LSCYRO200WH+RPR44WH,1,16.89,14.07,2026-07-10 22:41:02,amazon Ledsone,false
1200040,203-8641258-7457930,AMAZON,B08KGFV8HQ,,CL2THEAPK,1,20.79,20.79,2026-07-10 23:16:45,amazon Dcvoltage,false
1200042,204-1277930-4013959,AMAZON,B0CBMNDNVX,,LSCY290BL+RPR44WH,1,15.89,13.24,2026-07-10 23:46:03,amazon Ledsone,false
1200043,205-0048245-7482714,AMAZON,B096B62JKB,,CRFF500BM+PHNW1RBM3PK,1,46.89,46.89,2026-07-10 23:48:12,amazon Dcvoltage,false
1200050,203-7952512-2993149,AMAZON,B0GLH2P3BJ,,LDMT185E2733PK,1,14.99,14.99,2026-07-11 01:17:27,amazon Dcvoltage,false
1200059,203-7342254-0241141,AMAZON,B0BGPQGL3C,,12UK3P8A,1,13.89,11.57,2026-07-11 05:14:36,amazon Ledsone,false
1200062,202-9913402-1528364,AMAZON,B0D7S1F6FQ,,LSMS320WH3PK+RPR44WH3PK,1,39.19,32.66,2026-07-11 05:31:47,amazon Ledsone,false
1200071,203-3221280-1906743,AMAZON,B0CXPV77DK,,LSCY290BL2PK+RPR44WH2PK,1,25.89,25.89,2026-07-11 06:58:28,amazon Dcvoltage,false
1200072,202-5073894-1301148,AMAZON,B0CNRL871B,,LDMST64E274,1,6.89,6.89,2026-07-11 07:05:25,amazon Dcvoltage,false
1200075,205-3498618-0775538,AMAZON,B0CHJ25K75,,CRSF100BM+LHNSE27CO+SCRN70CO+LSFT220BI,1,17.89,14.91,2026-07-11 07:22:14,amazon Ledsone,false
1200095,203-5444776-4824305,AMAZON,B0GY3YW6T7,,LSGL9015CL3PK+RPM40WH3PK,1,22.89,22.89,2026-07-11 08:42:48,amazon Dcvoltage,false
1200096,206-9548147-9952356,AMAZON,B0F53HCJBN,,PLWLBC,1,17.49,17.49,2026-07-11 08:45:15,amazon Dcvoltage,false
1200097,202-5462026-3179506,AMAZON,B0F9467GTW,,CL3TCR3PK,1,7.99,6.66,2026-07-11 08:43:14,amazon Ledsone,false
1200101,202-8188437-4297119,AMAZON,B0BNVVH3N6,,ENC4111,1,29.99,29.99,2026-07-11 08:55:47,amazon Dcvoltage,false
1200105,204-2361697-8808349,AMAZON,B0GXB6VRXQ,,WCBTC100FG2PK+RPR44WH2PK,1,17.89,14.91,2026-07-11 09:24:13,amazon Ledsone,false
1200108,202-1756678-8858720,AMAZON,B0FN7GGJYC,,CRSF100SN+LHNSE27SN,1,15.78,15.78,2026-07-11 09:26:40,amazon SRM Amazon,false
1200109,206-0888487-4776350,AMAZON,B0CJCDJVLN,,LSSS300BC2PK+RPR44WH2PK,1,25.78,25.78,2026-07-11 09:20:39,amazon Dcvoltage,false
1200113,026-8637619-8028320,AMAZON,B0D2J39LKX,,ENC7096,1,67.89,67.89,2026-07-11 09:33:01,amazon Dcvoltage,false
1200120,204-7238300-8165167,AMAZON,B0DH8WCL96,,CL3TWH3PK,2,21.98,8.49,2026-07-11 10:09:50,amazon Dcvoltage,false
1200122,202-0050928-1329123,AMAZON,B0B9Y59487,,CL3TBR5PK,1,13.79,11.49,2026-07-11 10:14:36,amazon Ledsone,false
1200126,204-1387167-9820349,AMAZON,B0CGDXKXNT,,CRSF100WH+PHRN2PCRWH,1,14.17,11.81,2026-07-11 10:26:41,amazon Ledsone,false
1200128,205-9900246-9114756,AMAZON,B0DTPHMRW8,,WCB2WH3PK+RPR44WH3PK,1,21.89,18.24,2026-07-11 10:34:17,amazon Ledsone,false
1200129,026-1616154-3146733,AMAZON,B097DXKBS3,,CBSF145,1,6.48,2.99,2026-07-11 10:38:09,amazon Ledsone,false
1200142,026-4116652-8980303,AMAZON,B0GWLHXMQ5,,LSGLWB125TN2PK+SCRN70YB2PK,1,18.89,15.74,2026-07-11 10:56:44,amazon Ledsone,false
1200148,203-7471654-2536338,AMAZON,B0CB1D19PN,,CRSF100BM+LHNSE27YB+SCRN70BM+LSTF40BM,1,14.29,11.91,2026-07-11 11:16:01,amazon Ledsone,false
1200150,205-2031001-4726731,AMAZON,B0B18NDGCQ,,RPM40BM2PK,1,5.98,3.09,2026-07-11 11:17:02,amazon Dcvoltage,false
1200155,203-9401523-4706733,AMAZON,B097DW1XLG,,CBSF40,1,6.18,2.74,2026-07-11 11:45:36,amazon Ledsone,false
1200156,202-3400394-5789900,AMAZON,B0FPWXQWQD,,LDCWA60HB2296PK,1,9.98,6.24,2026-07-11 11:44:11,amazon Ledsone,false
1200157,205-1872340-4586748,AMAZON,B08WRLCTQK,,PHCT1BMRBM+PHBA1BMRBM+LSYG410GY,2,62.18,31.09,2026-07-11 11:39:11,amazon Dcvoltage,false
1200161,203-3478306-5089137,AMAZON,B0DH5MWGZ2,,CL2TGD3PK,1,11.28,7.99,2026-07-11 11:51:06,amazon Dcvoltage,false
1200164,026-0428241-0627518,AMAZON,B0BPMPV9LN,,CRSF100GY,1,8.88,5.99,2026-07-11 12:03:35,amazon Dcvoltage,false
1200170,026-6385190-1990728,AMAZON,B0DBV9CLPW,,LDSG125MUE274,1,10.49,8.74,2026-07-11 12:15:34,amazon Ledsone,false
1200179,205-1911440-6867547,AMAZON,B0GXB6VRXQ,,WCBTC100FG2PK+RPR44WH2PK,1,17.89,14.91,2026-07-11 12:25:40,amazon Ledsone,false
1200189,205-5129818-1924360,AMAZON,B0GY4XVFX3,,SPCC320BM,1,7.78,4.07,2026-07-11 12:41:51,amazon Ledsone,false
1200190,204-2967630-9014738,AMAZON,B0D2N2MJRP,,CRFF500BM,1,11.89,9.91,2026-07-11 12:41:08,amazon Ledsone,false
1200198,203-4883846-9006750,AMAZON,B0C14QKFZC,,LHRTE27WH5PK,1,23.18,19.32,2026-07-11 12:54:00,amazon Ledsone,false
1200202,206-3377371-3149908,AMAZON,B0H1CVKTBL,,PHSF1GDTYB+ICST64E27,1,18.19,15.16,2026-07-11 13:09:17,amazon Ledsone,false
1200207,202-9745875-7585963,AMAZON,B0DX6W8MTS,,CENU25200WH,1,4.78,1.24,2026-07-11 13:10:51,amazon Ledsone,false
1200214,204-7089079-4725919,AMAZON,B0822WNLBH,,CL3RCR,2,9.98,4.99,2026-07-11 13:24:12,amazon Dcvoltage,false
1200219,202-7250476-9350743,AMAZON,B08PC5CFNC,,LHSHE27YB,1,11.38,7.07,2026-07-11 13:25:59,amazon Ledsone,false
1200228,203-8710939-3419503,AMAZON,B0FN7GZ1FJ,,CRSF100WH+LHNSE27WH,1,14.28,11.99,2026-07-11 13:39:14,amazon SRM Amazon,false
1200232,206-5596658-9491538,AMAZON,B0CQNHPKT7,,PLTTBM+LSFT220BM,1,20.89,20.89,2026-07-11 13:53:41,amazon Dcvoltage,false
1200233,203-7161705-5480321,AMAZON,B0BNVVH3N6,,ENC4111,1,29.99,29.99,2026-07-11 13:57:54,amazon Dcvoltage,false
1200234,206-7341535-5209132,AMAZON,B0DQD9LY98,,PHSF1AGTGB3PK,2,60.58,25.24,2026-07-11 13:54:42,amazon Ledsone,false
1200245,026-2648046-7960311,AMAZON,B0C43N2F3D,,WCDTWH+RPR44WH,1,10.25,8.54,2026-07-11 14:02:14,amazon Ledsone,false
1200254,026-0929364-6848344,AMAZON,B0B9Y59487,,CL3TBR5PK,1,13.79,11.49,2026-07-11 14:15:09,amazon Ledsone,false
1200257,204-0131212-1669953,AMAZON,B0FQVK88R8,,ENC9103,1,23.89,23.89,2026-07-11 14:24:15,amazon Dcvoltage,false
1200262,206-7414997-1843513,AMAZON,B0CQNLH4N3,,PLTTBM+WCBNBM,1,20.89,20.89,2026-07-11 14:33:19,amazon Dcvoltage,false
1200283,204-3367843-1322762,AMAZON,B0DCJZ9H8Y,,SPSDP3YB2PK,1,8.67,4.82,2026-07-11 15:04:38,amazon Ledsone,false
1200288,204-8424070-0553134,AMAZON,B0FPWYRDQT,,LDCWA55B2256PK,1,9.68,5.99,2026-07-11 15:16:24,amazon Ledsone,false
1200292,204-4087997-9044304,AMAZON,B0839GDWNK,,CBSF90,2,9.47,3.29,2026-07-11 15:28:21,amazon Dcvoltage,false
1200293,206-0042761-1735501,AMAZON,B0CNGSBCSM,,ENC5774,1,19.89,16.57,2026-07-11 15:21:28,amazon Ledsone,false
1200298,203-0710359-5065953,AMAZON,B08YK34HVV,,CRSF2003WH+PHLSDG220WI3PK,1,54.09,54.09,2026-07-11 15:41:14,amazon Dcvoltage,false
1200299,203-5688962-8713152,AMAZON,B09MLXZC42,,LHCCE27YE+CGMLBM,1,12.78,9.89,2026-07-11 15:46:26,amazon Dcvoltage,false
1200307,205-4948152-5233920,AMAZON,B0F1D3FS5C,,RWWPSY0660YE,1,5.88,2.99,2026-07-11 15:49:49,amazon Dcvoltage,false
1200309,204-2280836-2103512,AMAZON,B09HV84TXK,,ENC588,1,38.79,32.32,2026-07-11 15:59:51,amazon Ledsone,false
1200312,203-5836322-7456321,AMAZON,B0BX4B6F3W,,LSMS320GR+RPR44WH,1,14.99,14.99,2026-07-11 16:07:00,amazon Dcvoltage,false
1200313,206-4268021-7117151,AMAZON,B0G499DJQL,,WCCYSP180WH2PK+RPR44WH2PK,1,23.89,23.89,2026-07-11 16:07:52,amazon Dcvoltage,false
1200323,205-2731176-6931534,AMAZON,B08XXY3P8R,,WCB3BS+RPR44WH,2,19.98,9.99,2026-07-11 16:13:38,amazon Dcvoltage,false
1200330,205-8568742-8441936,AMAZON,B0D83PFMTP,,WCDCBM3PK+RPR44WH3PK,1,24.09,24.09,2026-07-11 16:33:40,amazon Dcvoltage,false
1200331,205-8568742-8441936,AMAZON,B0DTT7FGYZ,,WCVCBS3PK+RPR44WH3PK,1,20.79,20.79,2026-07-11 16:33:40,amazon Dcvoltage,false
1200334,206-7701000-2823544,AMAZON,B0GC5MC7HV,,LSH3325HE+RPR44WH,4,62.84,15.71,2026-07-11 16:47:43,amazon Dcvoltage,false
1200336,204-8440063-1567561,AMAZON,B0GDDXB14R,,LDMT185E2732PK,1,10.99,9.16,2026-07-11 16:44:16,amazon Ledsone,false
1200338,203-1769025-2487526,AMAZON,B0F94688R6,,CL3TBD3PK,1,7.99,6.66,2026-07-11 16:50:30,amazon Ledsone,false
1200339,026-4160987-0958707,AMAZON,B0CGRPTT6W,,CRSF100BM+PHRYWP2RBM,1,11.29,9.41,2026-07-11 17:03:52,amazon Ledsone,false
1200340,203-2503741-5765919,AMAZON,B0CB1Q1X9G,,LSCY290YE+RPR44WH,1,15.89,13.24,2026-07-11 16:55:18,amazon Ledsone,false
1200345,026-7257600-6913918,AMAZON,B0DQ4BNPT3,,PCBS16T10BM3PK,1,10.48,6.32,2026-07-11 17:10:31,amazon Ledsone,false
1200346,202-9767941-0225108,AMAZON,B0CPBW3J4P,,LSCY290RO+RPR44WH,1,17.89,17.89,2026-07-11 17:09:48,amazon Dcvoltage,false
1200349,204-0363926-5928364,AMAZON,B0GLX9XYVR,,ENC9431,1,31.89,31.89,2026-07-11 17:25:55,amazon Dcvoltage,false
1200354,206-9474214-8078762,AMAZON,B0979GW1YC,,CNP1000CO,1,4.07,4.07,2026-07-11 17:32:29,amazon Ledsone,false
1200355,206-9474214-8078762,AMAZON,B0DB28J5NQ,,CRFF75CO3PK+HK10CO3PK,1,14.75,14.75,2026-07-11 17:32:29,amazon Ledsone,false
1200356,206-6855462-1801927,AMAZON,B0F29P1SH6,,CERU36150GR,1,4.58,1.41,2026-07-11 17:32:53,amazon Ledsone,false
1200357,206-8731528-6353117,AMAZON,B09LMCY4PZ,,CRFF140BM+LHNSE27YB+SCRN70BM+LSUL220BB,1,18.59,15.49,2026-07-11 17:36:33,amazon Ledsone,false
1200358,202-6542963-2948347,AMAZON,B096Y9F455,,PHDH1HETHE,1,13.07,13.07,2026-07-11 17:32:39,amazon Ledsone,false
1200359,202-6542963-2948347,AMAZON,B0CDPX4PJM,,PHHR1DSTHE,3,38.22,12.74,2026-07-11 17:32:39,amazon Ledsone,false
1200361,202-6242343-9225925,AMAZON,B0CN8SFP4G,,CRFF500BM+PHCH1BMRBM3PK+WCB6BM3PK,1,50.89,50.89,2026-07-11 17:32:39,amazon Dcvoltage,false
1200362,205-3759360-8537903,AMAZON,B0FX53HC81,,LSCYRO300WH2PK+RPR44WH2PK,1,35.09,35.09,2026-07-11 17:37:11,amazon Dcvoltage,false
1200370,203-8011872-5597152,AMAZON,B0BY35XHVG,,SCRN70BM2PK,1,7.58,3.91,2026-07-11 17:55:48,amazon Ledsone,false
1200373,202-3846399-8330730,AMAZON,B0DTHKSHFY,,WCB7BS3PK+RPR44WH3PK,1,22.89,22.89,2026-07-11 18:06:19,amazon Dcvoltage,false
1200375,203-0968144-6496340,AMAZON,B09643CJ5N,,CRFF500BM+PHCH1BMRBM3PK+LSDO210BG3PK,1,41.89,41.89,2026-07-11 18:18:33,amazon Dcvoltage,false
1200376,205-3114223-8757933,AMAZON,B0BLZGY3D7,,LDMG95E2742PK,1,17.89,10.74,2026-07-11 17:58:44,amazon Ledsone,false
1200379,026-1264907-4341965,AMAZON,B08NTKB1DM,,CRFF500BM+PHCH1BMRBM3PK+LSCY210BG3PK,1,38.79,32.32,2026-07-11 18:10:08,amazon Ledsone,false
1200380,206-3402989-5432352,AMAZON,B08TX2837H,,LSMS320BI+RPR44WH,1,14.99,14.99,2026-07-11 18:15:45,amazon Dcvoltage,false
1200384,026-9044753-0566731,AMAZON,B0C866YW4W,,CRSF100BM2PK+PHSH1PBRYB2PK+LSCY290BU2PK,1,38.19,38.19,2026-07-11 18:23:28,amazon Dcvoltage,false
1200385,202-2504793-9319545,AMAZON,B08XVT2VKW,,WCB6WH+RPR44WH,1,10.49,10.49,2026-07-11 18:24:34,amazon Dcvoltage,false
1200387,202-9861577-9533908,AMAZON,B0DTTF5GWY,,WCB6WH3PK+RPR44WH3PK,2,44.18,22.09,2026-07-11 18:24:34,amazon Dcvoltage,false
1200388,206-2403338-5845950,AMAZON,B0CJ4RX6S2,,LSMCSPMSMC+RPM40WH,1,25.99,25.99,2026-07-11 18:34:10,amazon Dcvoltage,false
1200390,204-4147721-3868349,AMAZON,B0DMDVX4S7,,WCCYSP160GD2PK+RPR44WH2PK+LDMA60E274WW2PK,1,27.89,23.24,2026-07-11 18:35:10,amazon Ledsone,false
1200391,205-5574299-4830741,AMAZON,B0CVN3GCBM,,RWWPSY12GY,1,4.88,1.66,2026-07-11 18:36:54,amazon Ledsone,false
1200394,204-9632651-2294734,AMAZON,B08XC363RP,,CL3TROAPK,1,17.49,16.66,2026-07-11 18:43:29,amazon Dcvoltage,false
1200404,205-3871173-1106748,AMAZON,B0GGHGNBQY,,CRFF100CH+LHNSE27CH+ICST64E27,1,16.89,16.89,2026-07-11 19:25:00,amazon Dcvoltage,false
1200406,026-6623656-2837120,AMAZON,B0G2L5PHNG,,ENC7766,1,31.69,26.41,2026-07-11 19:22:10,amazon Ledsone,false
1200408,206-8562738-7720324,AMAZON,B0CNJX1DV8,,WCB7WH+RPR44WH,2,21.78,10.89,2026-07-11 19:30:06,amazon Dcvoltage,false
1200420,202-2513564-1152368,AMAZON,B0CNPV5SC5,,LDMG95B228,1,6.79,6.79,2026-07-11 19:51:46,amazon Dcvoltage,false
1200421,202-1275287-7555515,AMAZON,B09477YHK7,,LDMG95E278APK,1,35.19,29.32,2026-07-11 19:56:58,amazon Ledsone,false
1200426,205-9380851-0179562,AMAZON,B0DTTT57SD,,PHSF2GDTFG+SPSDP2YB+ICST64E27,1,17.69,17.69,2026-07-11 20:10:03,amazon SRM Amazon,false
1200428,204-2717337-4441952,AMAZON,B08VGPWXG1,,LSCY290OR+RPR44WH,1,15.49,15.49,2026-07-11 20:19:12,amazon Dcvoltage,false
1200429,204-4221398-7387505,AMAZON,B0FX2TFPZM,,LSCYRO120WH2PK+RPR44WH2PK,1,22.89,22.89,2026-07-11 20:32:28,amazon Dcvoltage,false
1200435,204-7460611-8463549,AMAZON,B0DTKHJMSH,,WCB5BM3PK+RPR44WH3PK,1,21.49,21.49,2026-07-11 20:43:24,amazon Dcvoltage,false
1200436,206-8428722-9481128,AMAZON,B07L8HNZF8,,CL3TBR5PK,1,14.99,14.99,2026-07-11 20:46:47,amazon Dcvoltage,false
1200445,026-7056121-1666716,AMAZON,B0BJ2XSYKT,,LDMG80E274APK,1,26.89,22.41,2026-07-11 21:07:19,amazon Ledsone,false
1200452,203-5468803-7869156,AMAZON,B0979GW1YC,,CNP1000CO,1,4.89,4.07,2026-07-11 21:35:49,amazon Ledsone,false
1200459,206-4298440-1852301,AMAZON,B0CVL9XQ1L,,LSEL400YE+RPR44WH,1,14.94,12.45,2026-07-11 21:55:04,amazon Ledsone,false
1200461,026-6435995-4158752,AMAZON,B0DDCPC539,,RWWPSN60YE,1,5.68,2.32,2026-07-11 22:01:10,amazon Ledsone,false
1200462,203-3483641-1915540,AMAZON,B0F3XQTLRD,,TSTS20WH,1,3.78,0.74,2026-07-11 22:02:27,amazon Ledsone,false
1200467,204-3067917-8673148,AMAZON,B0CNQ1Q3BJ,,LDMG125E278,2,15.23,8.19,2026-07-11 22:11:23,amazon Dcvoltage,false
1200468,026-7927697-3722754,AMAZON,B0DX6WHN2Q,,CENU50300WH,1,6.38,2.57,2026-07-11 22:19:46,amazon Ledsone,false
1200470,206-1131029-1756314,AMAZON,B0FNWFF268,,LSWD360BG+RPR44WH,2,39.38,16.41,2026-07-11 22:29:39,amazon Ledsone,false
1200471,026-3193998-2344334,AMAZON,B0FBMCGDCY,,CRSF100CO+WSST70CO+WCBNRR+LDMT130E274,2,39.52,17.71,2026-07-11 22:34:51,amazon Ledsone,false
1200472,205-9652242-8635555,AMAZON,B0CMM38DQ1,,LDDTCB2212,2,17.65,9.49,2026-07-11 22:32:43,amazon Dcvoltage,false
1200479,202-2357822-4800367,AMAZON,B0CVL8HRBS,,RWWPSY0660YE2PK,1,8.78,4.91,2026-07-11 22:46:05,amazon Ledsone,false
1200485,202-1137803-0442763,AMAZON,B0C3ZT8HVF,,LSCY290BI+RPR44WH,1,13.24,13.24,2026-07-11 23:45:32,amazon Ledsone,false
1200486,202-1137803-0442763,AMAZON,B0C4LX1VXL,,LSLC180BC+RPR44WH,1,8.33,8.33,2026-07-11 23:45:32,amazon Ledsone,false
1200487,204-9415104-4309138,AMAZON,B0FX53HC81,,LSCYRO300WH2PK+RPR44WH2PK,2,65.27,35.09,2026-07-12 00:06:12,amazon Dcvoltage,false
1200500,204-1725107-7598766,AMAZON,B0FMRQ4P8S,,CRSF100GY2PK+LHTTE27GY2PK,1,18.89,18.89,2026-07-12 01:02:44,amazon Dcvoltage,false
1200505,205-2029409-8809942,AMAZON,B0BLZFGY38,,LDMG95E274APK,5,129.69,23.24,2026-07-12 02:07:36,amazon Ledsone,false
1200506,205-1209980-5733929,AMAZON,B0GYPHS75M,,BS6S8033BM,1,20.89,17.41,2026-07-12 02:17:56,amazon Ledsone,false
1200509,204-2319401-6341918,AMAZON,B0CDQ447G4,,WCCYSQGD2PK+LDMT45E2742PK,1,41.89,34.91,2026-07-12 04:12:56,amazon Ledsone,false
1200536,205-2939214-7474727,AMAZON,B0DVLPPMXL,,PHSHF1PBRYB+LSCY290BG+ICST64E27,3,65.97,18.32,2026-07-12 06:42:25,amazon Ledsone,false
1200540,203-4089592-6955519,AMAZON,B0CN376GSP,,CRSF1202BM+PHHT2PBRBM2PK+SPUPBM2PK,1,19.89,16.57,2026-07-12 07:27:13,amazon Ledsone,false
1200549,202-6309684-1861145,AMAZON,B0CNQ1Q3BJ,,LDMG125E278,2,15.23,8.19,2026-07-12 08:15:31,amazon Dcvoltage,false
1200562,205-0587429-8317968,AMAZON,B095M2DSYV,,WCVCBM+RPR44WH,1,13.68,8.99,2026-07-12 08:53:37,amazon Ledsone,false
1200568,203-1248058-7605923,AMAZON,B084RP9PZ7,,WCB4BS+RPR44WH,2,19.78,8.24,2026-07-12 09:24:02,amazon Ledsone,false
1200573,203-2780828-8518739,AMAZON,B08XW91G7T,,WCB7WH+RPR44WH,2,20.18,10.09,2026-07-12 09:24:02,amazon Dcvoltage,false
1200589,202-9311712-5356312,AMAZON,B0FVMD24HC,,CERU72350GR,1,9.18,5.24,2026-07-12 10:10:44,amazon Ledsone,false
1200590,204-7662504-8977942,AMAZON,B0FXGSY978,,PLADBC2PK,1,94.89,94.89,2026-07-12 10:10:00,amazon Dcvoltage,false
1200591,026-8988290-2253106,AMAZON,B0BWYGL5JL,,LSDO400RE+RPR44WH,2,40.98,20.49,2026-07-12 10:17:58,amazon Dcvoltage,false
1200592,026-8988290-2253106,AMAZON,B0BWYGFPSN,,LSDO400BM+RPR44WH,2,38.58,19.29,2026-07-12 10:17:58,amazon Dcvoltage,false
1200599,026-0319755-2509970,AMAZON,B0D59PJ89M,,WCB2BS2PK+RPR44WH2PK,1,15.29,15.29,2026-07-12 10:27:13,amazon Dcvoltage,false
1200608,204-1303025-5230712,AMAZON,B0D6NCB51Z,,COY9ABM2PK,1,12.19,12.19,2026-07-12 10:39:58,amazon Dcvoltage,false
1200613,203-1818807-2618729,AMAZON,B0DX6TP9TZ,,CENU36300WH,1,2.07,2.07,2026-07-12 11:14:05,amazon Ledsone,false
1200614,203-1818807-2618729,AMAZON,B0DX6NBT9P,,CENU19150WH,1,0.91,0.91,2026-07-12 11:14:05,amazon Ledsone,false
1200615,203-1818807-2618729,AMAZON,B0DX6W8MTS,,CENU25200WH,1,1.24,1.24,2026-07-12 11:14:05,amazon Ledsone,false
1200621,026-7101591-4686745,AMAZON,B0C3ZT8HVF,,LSCY290BI+RPR44WH,1,15.89,13.24,2026-07-12 11:19:01,amazon Ledsone,false
1200623,205-5407572-3869164,AMAZON,B0DQTF5T69,,LHTTAGU10WH+LDGU10WW5,1,10.89,9.07,2026-07-12 11:19:26,amazon Ledsone,false
1200626,205-2011845-4934758,AMAZON,B08NTKB1DM,,CRFF500BM+PHCH1BMRBM3PK+LSCY210BG3PK,1,38.79,32.32,2026-07-12 11:36:14,amazon Ledsone,false
1200630,204-6309871-5605949,AMAZON,B0DZNQCJX5,,RWWPSY08GY,1,4.78,1.57,2026-07-12 11:44:05,amazon Ledsone,false
1200635,205-2519585-4331515,AMAZON,B0FRML5GMP,,PLMJBC,2,53.38,22.24,2026-07-12 11:54:34,amazon Ledsone,false
1200639,202-5953337-2075501,AMAZON,B0F28Z2V3F,,LSCY290GY+RPR44WH,1,14.99,12.49,2026-07-12 12:06:13,amazon Ledsone,false
1200655,202-8972053-9953148,AMAZON,B08XBL5RJK,,PSDS4BMRBW,1,14.17,14.17,2026-07-12 12:24:45,amazon Dcvoltage,false
1200656,204-4875968-0728308,AMAZON,B0BNVNVQJH,,LHC4E27WHAPK,2,48.71,26.19,2026-07-12 12:29:04,amazon Dcvoltage,false
1200657,206-3375822-3836316,AMAZON,B0FN7GZ1FJ,,CRSF100WH+LHNSE27WH,1,14.28,11.99,2026-07-12 12:26:43,amazon SRM Amazon,false
1200658,202-9616160-6861105,AMAZON,B0G39VRZ29,,LSGG200AR+SCRN70FG,1,23.99,19.99,2026-07-12 12:25:11,amazon Ledsone,false
1200661,205-0444287-0047531,AMAZON,B07ZFWL5T1,,CRSF100GB+LHNSE27GB,3,41.67,13.89,2026-07-12 12:29:39,amazon Dcvoltage,false
1200664,206-7831321-7153138,AMAZON,B0F9VGDBB8,,CL3RBW3PK,1,7.79,6.49,2026-07-12 12:43:26,amazon Ledsone,false
1200665,206-7074376-3589921,AMAZON,B0DBWN6X75,,CL2RCRAPK,1,15.99,15.99,2026-07-12 12:39:12,amazon Dcvoltage,false
1200676,203-8763267-6542746,AMAZON,B0CZXHLR1Q,,TPOSBDBM2PK,1,44.54,37.12,2026-07-12 12:52:03,amazon Ledsone,false
1200678,205-1297892-6091539,AMAZON,B0C2KVH4C9,,LSCP150BA+RPR44WH,1,11.89,9.91,2026-07-12 12:54:49,amazon Ledsone,false
1200680,205-2501249-9344334,AMAZON,B0DTHJYV3K,,WCB6BC3PK+RPR44WH3PK,1,22.09,22.09,2026-07-12 12:57:49,amazon Dcvoltage,false
1200688,206-7963410-6969100,AMAZON,B0F53HPRC4,,PLWPBS,2,26.98,13.49,2026-07-12 13:11:25,amazon Dcvoltage,false
1200695,026-6350799-6785131,AMAZON,B0CV5DK5NC,,LDSG125LOE2742PK,1,17.89,14.91,2026-07-12 13:23:39,amazon Ledsone,false
1200700,202-7681853-7672328,AMAZON,B0G1TFR4YX,,CKA17ATC4446BM,1,17.99,17.99,2026-07-12 13:29:21,amazon Ledsone,false
1200704,202-8425843-5732357,AMAZON,B0FX53HC81,,LSCYRO300WH2PK+RPR44WH2PK,1,35.09,35.09,2026-07-12 13:40:05,amazon Dcvoltage,false
1200705,026-9159117-2344323,AMAZON,B07FDXJG55,,CCBC36,1,8.79,8.79,2026-07-12 13:47:19,amazon Dcvoltage,false
1200706,205-1570160-5772333,AMAZON,B0F1N8R9NP,,CL3RGD5PK,1,10.79,8.99,2026-07-12 13:40:16,amazon Ledsone,false
1200722,206-7366052-2209156,AMAZON,B09WJD9ZR5,,CRFF140CO+WSNW170CO+LSOL220CO,1,19.89,16.57,2026-07-12 14:04:02,amazon Ledsone,false
1200724,206-9715280-3715503,AMAZON,B0F2HCS7D2,,RWT5120YE,1,15.39,15.39,2026-07-12 14:05:54,amazon Dcvoltage,false
1200728,202-3531508-2760352,AMAZON,B0DVLPPMXL,,PHSHF1PBRYB+LSCY290BG+ICST64E27,1,21.99,18.32,2026-07-12 14:16:58,amazon Ledsone,false
1200729,202-9637299-9697101,AMAZON,B08NDF8WJX,,WCDTYE+RPR44WH,1,11.09,11.09,2026-07-12 14:10:38,amazon Dcvoltage,false
1200731,205-0685152-1321944,AMAZON,B0CW5WC8KF,,ENC6341,1,23.08,19.23,2026-07-12 14:25:20,amazon Ledsone,false
1200732,202-8327536-3237114,AMAZON,B0F32VG78J,,RWWPSN10GY,1,5.68,2.32,2026-07-12 14:26:43,amazon Ledsone,false
1200733,026-8918164-2637916,AMAZON,B0FX2SHBL5,,LSCYRO120BM2PK+RPR44WH2PK,1,21.89,21.89,2026-07-12 14:22:38,amazon Dcvoltage,false
1200734,026-8124284-2484331,AMAZON,B08XW91G7T,,WCB7WH+RPR44WH,1,10.09,10.09,2026-07-12 14:18:12,amazon Dcvoltage,false
1200743,026-9694903-8788347,AMAZON,B0BWTX5K2W,,LSCP150YE+RPR44WH,1,11.89,11.89,2026-07-12 14:31:33,amazon Dcvoltage,false
1200744,202-5127695-6924363,AMAZON,B0D5QZ5D6Y,,LSMCSQWYRE2PK+RPM40WH2PK,1,36.89,36.89,2026-07-12 14:38:26,amazon Dcvoltage,false
1200745,203-8562630-9503565,AMAZON,B0DS2H4P3J,,COM16BMAPK,1,5.88,2.49,2026-07-12 14:33:24,amazon Ledsone,false
1200756,205-7553181-9232341,AMAZON,B0DZNLF6LK,,RWWPSY10GY,1,5.38,2.07,2026-07-12 14:58:45,amazon Ledsone,false
1200758,203-8066847-0844346,AMAZON,B0F1N8R9NP,,CL3RGD5PK,1,10.79,8.99,2026-07-12 15:01:57,amazon Ledsone,false
1200766,204-3435348-9387524,AMAZON,B08V5MK449,,CRSF100BM+PHCH1BMRBM+LSCY290BM,1,21.89,21.89,2026-07-12 15:14:51,amazon Dcvoltage,false
1200768,206-8980971-6841943,AMAZON,B0F9VFYCXZ,,CL3RCR3PK,1,7.99,6.66,2026-07-12 15:09:15,amazon Ledsone,false
1200772,026-1842469-3351564,AMAZON,B09L11514G,,12UK3P5A,1,12.89,10.74,2026-07-12 15:24:39,amazon Ledsone,false
1200773,205-1634315-5901105,AMAZON,B0CPBXBX8H,,LSCY290RE+RPR44WH,2,31.78,15.89,2026-07-12 15:30:07,amazon Dcvoltage,false
1200780,202-2907918-7785111,AMAZON,B0979GW1YC,,CNP1000CO,1,4.89,4.07,2026-07-12 15:30:39,amazon Ledsone,false
1200789,204-8058873-7307508,AMAZON,B0F1D3FS5C,,RWWPSY0660YE,1,5.88,2.99,2026-07-12 15:47:55,amazon Dcvoltage,false
1200797,204-3369285-5072328,AMAZON,B0839GDWNK,,CBSF90,2,9.47,3.29,2026-07-12 15:53:59,amazon Dcvoltage,false
1200798,203-5194930-8954744,AMAZON,B0743GYD52,,CO332AORAPK,1,5.68,2.32,2026-07-12 15:49:53,amazon Ledsone,false
1200799,026-3229781-5956319,AMAZON,B0DBKTSQM4,,CL2TBMAPK,1,21.19,17.66,2026-07-12 15:54:29,amazon Ledsone,false
1200813,204-2773682-3557934,AMAZON,B0F2GJSFHD,,RWT6100YE,1,12.29,10.24,2026-07-12 16:18:49,amazon Ledsone,false
1200826,026-1770338-5327555,AMAZON,B0GCZJRYYD,,CRFF100YB2PK+LHNSE27YB2PK,1,24.89,24.89,2026-07-12 16:31:35,amazon Dcvoltage,false
1200828,206-1235980-9490756,AMAZON,B0CVH4KSZV,,CENU50300WH,1,5.98,2.57,2026-07-12 16:32:07,amazon Ledsone,false
1200833,202-3312069-3848360,AMAZON,B0DH9H7ZCM,,CL3TGL3PK,1,8.99,8.99,2026-07-12 16:48:12,amazon Dcvoltage,false
1200834,202-3312069-3848360,AMAZON,B07WK7B3L2,,CRSF1202YB,1,9.89,9.89,2026-07-12 16:48:12,amazon Dcvoltage,false
1200835,202-3312069-3848360,AMAZON,B07WK7ZJ12,,CRSF120YB,1,7.89,7.89,2026-07-12 16:48:12,amazon Dcvoltage,false
1200840,202-8953845-5218741,AMAZON,B0DRYRSNXG,,LHSHE27YB3PK,1,12.99,12.99,2026-07-12 16:48:12,amazon Ledsone,false
1200841,202-8953845-5218741,AMAZON,B0CCJ3CSB6,,SPSDP2YB3PK,1,12.41,12.41,2026-07-12 16:48:12,amazon Ledsone,false
1200846,202-3955426-6437110,AMAZON,B0DF7BD73R,,CRSF100BM+PHRYWP1RBM,1,11.49,9.57,2026-07-12 17:05:13,amazon Ledsone,false
1200850,202-4878728-6007529,AMAZON,B0DG29SP2H,,LDMA60E274WW2PK,1,7.99,6.66,2026-07-12 17:11:13,amazon Ledsone,false
1200851,204-2679342-1578742,AMAZON,B0FN7GZ1FJ,,CRSF100WH+LHNSE27WH,1,14.28,11.99,2026-07-12 17:18:47,amazon SRM Amazon,false
1200857,202-0888120-4079547,AMAZON,B0BWJVXGT6,,LSCY210BC+RPR44WH,2,21.78,10.89,2026-07-12 17:21:10,amazon Dcvoltage,false
1200863,026-5788416-1402703,AMAZON,B07CS22K8L,,12IP6720,1,11.19,11.19,2026-07-12 17:32:57,amazon Dcvoltage,false
1200864,026-5687545-5078736,AMAZON,B0DJW1KWCF,,TCTEGRS5RW,1,10.78,7.89,2026-07-12 17:36:09,amazon Dcvoltage,false
1200874,203-7774249-5001163,AMAZON,B0FJ2JF399,,STPVC17ABLAPK,1,7.58,4.69,2026-07-12 17:49:57,amazon Dcvoltage,false
1200875,202-5297266-0050749,AMAZON,B0FW56DW8T,,LSCYRO200WH+RPR44WH,2,31.42,16.89,2026-07-12 17:57:43,amazon Dcvoltage,false
1200879,202-6592037-2347546,AMAZON,B0B2K92XQG,,LHC2E27WH3PK,1,12.69,10.57,2026-07-12 18:04:00,amazon Ledsone,false
1200880,206-7182520-2671524,AMAZON,B0DF7BD73R,,CRSF100BM+PHRYWP1RBM,1,11.49,9.57,2026-07-12 17:59:34,amazon Ledsone,false
1200881,202-3278716-4735521,AMAZON,B094Y87SPY,,ENC614,1,38.09,31.74,2026-07-12 18:06:27,amazon Ledsone,false
1200882,206-1269461-6702724,AMAZON,B0CNJX1DV8,,WCB7WH+RPR44WH,1,10.89,10.89,2026-07-12 18:00:03,amazon Dcvoltage,false
1200888,205-8072446-6138715,AMAZON,B0DTTMBSC4,,WCVCBC3PK+RPR44WH3PK,1,21.39,21.39,2026-07-12 18:11:37,amazon Dcvoltage,false
1200889,026-2577036-5301130,AMAZON,B0B9K41YZ7,,CL3TBK5PK,1,13.79,11.49,2026-07-12 18:09:12,amazon Ledsone,false
1200890,026-4456929-3709102,AMAZON,B0DTYDJT7P,,WCVCRE3PK+RPR44WH3PK,1,20.19,16.82,2026-07-12 18:16:14,amazon Ledsone,false
1200893,205-2829605-7292347,AMAZON,B0F4D16W7H,,CERU72450GR,1,10.28,7.39,2026-07-12 18:23:19,amazon SRM Amazon,false
1200894,205-7934024-8171539,AMAZON,B0DRP87NC8,,LHSHE27GB2PK,1,10.89,10.89,2026-07-12 18:25:21,amazon SRM Amazon,false
1200897,203-0534510-5803507,AMAZON,B0F8MX1L71,,CRFF140BM+LHLFE27BM+LSSS300BI,1,19.99,19.99,2026-07-12 18:18:58,amazon Dcvoltage,false
1200902,026-9030340-3953912,AMAZON,B0FKMDBGNQ,,ENC8672,2,48.58,24.29,2026-07-12 18:32:03,amazon Dcvoltage,false
1200903,206-4430340-2590763,AMAZON,B0C3ZTBRHZ,,LSCY290BM+RPR44WH,2,31.78,13.24,2026-07-12 18:38:09,amazon Ledsone,false
1200908,026-8553065-5556311,AMAZON,B096FR3CD5,,PLADBC+ICST64E273PK,1,53.89,53.89,2026-07-12 18:45:35,amazon Dcvoltage,false
1200909,205-7415374-7139511,AMAZON,B08X4JDMTK,,CRSF100BM+LHNSE27CO+SCRN70CO+LSFT220GY,2,32.47,17.09,2026-07-12 18:45:35,amazon Dcvoltage,false
1200910,202-3069440-4165146,AMAZON,B0DH9BGQYM,,CL3TBP2PK,1,9.28,5.99,2026-07-12 18:43:27,amazon Dcvoltage,false
1200911,204-6750510-8265944,AMAZON,B0DTTT57SD,,PHSF2GDTFG+SPSDP2YB+ICST64E27,1,17.69,17.69,2026-07-12 18:38:51,amazon SRM Amazon,false
1200916,026-2727409-2726708,AMAZON,B0C174KF9T,,PSDS2RBR,1,12.88,9.99,2026-07-12 18:53:24,amazon Dcvoltage,false
1200917,026-1495043-6204362,AMAZON,B0DM5YRWV8,,LDMT45E274,1,10.29,8.57,2026-07-12 18:56:34,amazon Ledsone,false
1200921,206-8706064-1085110,AMAZON,B07PM469HP,,CL3TCRAPK,1,19.89,19.89,2026-07-12 19:04:15,amazon Dcvoltage,false
1200922,026-9911336-0543540,AMAZON,B0DX6NBT9P,,CENU19150WH,1,4.38,0.91,2026-07-12 19:04:52,amazon Ledsone,false
1200931,202-8191102-7003500,AMAZON,B0DZNJDHCQ,,RWWPSY12GY,1,4.98,1.74,2026-07-12 19:12:43,amazon Ledsone,false
1200933,202-3662533-6549105,AMAZON,B0DH5YFWM8,,CL2THE3PK,1,9.19,9.19,2026-07-12 19:10:16,amazon Dcvoltage,false
1200934,202-9513498-7335546,AMAZON,B08VGPWXG1,,LSCY290OR+RPR44WH,1,15.49,15.49,2026-07-12 19:07:33,amazon Dcvoltage,false
1200946,205-8474571-2844312,AMAZON,B0FTZGVD1Y,,WCIR300BM+RPR44WH,1,15.89,13.24,2026-07-12 19:34:42,amazon Ledsone,false
1200950,203-0212757-1330709,AMAZON,B0CVQFSV4Z,,RWT680YE,1,10.89,9.07,2026-07-12 19:47:04,amazon Ledsone,false
1200964,026-5452450-4104367,AMAZON,B0845SJ14T,,LDMG125B228,1,8.19,6.82,2026-07-12 20:05:51,amazon Ledsone,false
1200972,205-9902571-3646723,AMAZON,B0GYPHS1FD,,BS6S6628BM,1,20.89,17.41,2026-07-12 20:14:44,amazon Ledsone,false
1200973,206-8942619-7249125,AMAZON,B093HCCL5S,,LSMS320CB+RPR44WH,1,14.99,12.49,2026-07-12 20:12:32,amazon Ledsone,false
1200974,202-7399431-0057139,AMAZON,B0CQNKKQTK,,PLTTBS+LSFT220BS,1,20.89,20.89,2026-07-12 20:08:36,amazon Dcvoltage,false
1200975,202-8715340-2913139,AMAZON,B0BP2QL4FJ,,LHRIE14WH3PK,1,23.09,23.09,2026-07-12 20:14:28,amazon Dcvoltage,false
1200976,203-1364189-5186712,AMAZON,B0CJCDJVLN,,LSSS300BC2PK+RPR44WH2PK,1,25.78,25.78,2026-07-12 20:18:11,amazon Dcvoltage,false
1200978,026-1300502-6853105,AMAZON,B0BWYSZWDY,,CRSF100GS+WSWH135BM+LSHQ150BM,2,37.03,16.24,2026-07-12 20:19:52,amazon Ledsone,false
1200979,205-7672128-0456360,AMAZON,B0FY5NVS4S,,LDSG1007E272PK,2,39.04,17.49,2026-07-12 20:22:15,amazon Ledsone,false
1200982,206-4186147-5561146,AMAZON,B093Y7ZZQF,,ENC1312,1,21.39,17.82,2026-07-12 20:24:58,amazon Ledsone,false
1200984,206-3322169-8539560,AMAZON,B0FXGSYMYF,,PLADRR,1,99.89,99.89,2026-07-12 16:25:40,amazon Dcvoltage,false
1200985,206-0244420-6583576,AMAZON,B08Z7RZC6W,,PHUH1HETBM+LSHM400HE,3,104.67,34.89,2026-07-12 20:25:51,amazon Dcvoltage,false
1200986,202-0432910-5921157,AMAZON,B0FTG9DY12,,WCIR300BM+RPR44WH,2,33.78,16.89,2026-07-12 20:25:34,amazon Dcvoltage,false
1200996,205-0889689-4869924,AMAZON,B0D8L3Z3P7,,RWWPSY0640YE,2,15.90,6.89,2026-07-12 20:39:29,amazon Dcvoltage,false
1201000,205-8948240-3946768,AMAZON,B0D56ZN8NP,,WCB7WH2PK+RPR44WH2PK,1,16.89,16.89,2026-07-12 20:55:24,amazon Dcvoltage,false
1201001,204-5131062-7794765,AMAZON,B0FPR1ZN7G,,ENC6168,1,19.69,16.41,2026-07-12 20:49:26,amazon Ledsone,false
1201003,202-4993902-9633133,AMAZON,B0CV5CYJFJ,,LDSG125MUE2742PK,1,14.91,14.91,2026-07-12 20:54:29,amazon Ledsone,false
1201004,202-4993902-9633133,AMAZON,B0CV5DK5NC,,LDSG125LOE2742PK,1,14.91,14.91,2026-07-12 20:54:29,amazon Ledsone,false
1201012,204-0113257-7480343,AMAZON,B0DPM9QV89,,LHCTOYB,1,12.78,8.24,2026-07-12 21:05:43,amazon Ledsone,false
1201013,206-4575464-7280303,AMAZON,B0FPWXQWQD,,LDCWA60HB2296PK,1,9.98,6.24,2026-07-12 21:06:36,amazon Ledsone,false
1201014,206-7557101-5637942,AMAZON,B0CVL8HRBS,,RWWPSY0660YE2PK,1,8.78,4.91,2026-07-12 21:09:31,amazon Ledsone,false
1201023,026-3156882-0846764,AMAZON,B0DNJFD3CJ,,PCBSF2MCH,1,8.07,4.32,2026-07-12 21:13:55,amazon Ledsone,false
1201024,205-3281034-3469139,AMAZON,B08XWSBPHW,,WCB1BM+RPR44WH,1,9.99,9.99,2026-07-12 21:11:37,amazon Dcvoltage,false
1201034,026-8633912-5773132,AMAZON,B07F9R3GVS,,LDMG95E278,1,8.19,8.19,2026-07-12 21:23:58,amazon Dcvoltage,false
1201036,203-9686787-2387501,AMAZON,B0B7SKH4XQ,,PHSF1BRTCO,3,43.78,13.07,2026-07-12 21:30:55,amazon Ledsone,false
1201037,203-5959178-9513147,AMAZON,B0CVGS16QG,,CENU70450WH,1,9.78,5.74,2026-07-12 21:33:04,amazon Ledsone,false
1201038,026-2579582-6867546,AMAZON,B07CVBX8L5,,LDMG95B224,1,6.99,6.99,2026-07-12 21:36:49,amazon Dcvoltage,false
1201039,203-8213419-2396358,AMAZON,B0BWTX5K2W,,LSCP150YE+RPR44WH,1,11.89,11.89,2026-07-12 21:38:20,amazon Dcvoltage,false
1201044,026-1273776-4585158,AMAZON,B07ZFWL5T1,,CRSF100GB+LHNSE27GB,3,41.67,13.89,2026-07-12 21:48:40,amazon Dcvoltage,false
1201053,203-5877762-0818766,AMAZON,B0F1D3FS5C,,RWWPSY0660YE,1,5.88,2.99,2026-07-12 22:04:42,amazon Dcvoltage,false
1201061,026-5573175-0665166,AMAZON,B0DH8Z5RGR,,CL3TBW3PK,1,7.99,7.99,2026-07-12 22:15:27,amazon Dcvoltage,false
1201062,203-3410071-8457142,AMAZON,B0C3QVPKYF,,ENC3549,2,152.38,63.49,2026-07-12 22:23:05,amazon Ledsone,false
1201065,202-3715847-8837901,AMAZON,B0D45236MW,,PHSF2GDTYB+ICST64E27,1,18.69,18.69,2026-07-12 22:35:42,amazon Dcvoltage,false
1201066,202-0525692-4437968,AMAZON,B0FPWXQWQD,,LDCWA60HB2296PK,1,9.98,6.24,2026-07-12 22:31:18,amazon Ledsone,false
1201067,202-3864579-4679551,AMAZON,B0CGRPTT6W,,CRSF100BM+PHRYWP2RBM,1,11.29,9.41,2026-07-12 22:35:49,amazon Ledsone,false
1201070,206-9110505-3545129,AMAZON,B0FDQYNDNH,,CERU36200WH,1,5.28,1.66,2026-07-12 22:52:27,amazon Ledsone,false
1201071,026-5471906-3719558,AMAZON,B0G49D2BKG,,WCCYSP180BM2PK+RPR44WH2PK,1,23.89,23.89,2026-07-12 23:01:19,amazon Dcvoltage,false
1201073,205-7578980-8153148,AMAZON,B07CWS93WM,,LDMG95B224,1,6.99,6.99,2026-07-12 23:17:16,amazon Dcvoltage,false
1201081,203-2077758-6248345,AMAZON,B08XXWBD15,,WCB3BM+RPR44WH,1,10.29,10.29,2026-07-12 23:58:41,amazon Dcvoltage,false
1201087,203-6494583-1158764,AMAZON,B0D7BZ726S,,LDSG125E274,1,12.99,10.82,2026-07-13 00:50:58,amazon Ledsone,false
1201091,202-7602737-4485922,AMAZON,B0F4XFXB3W,,SDP80RLAPK,1,8.68,4.82,2026-07-13 03:05:45,amazon Ledsone,false
1201110,206-0328339-6873179,AMAZON,B0F2919CBQ,,LSCY290AA+RPR44WH,1,15.09,12.57,2026-07-13 04:46:40,amazon Ledsone,false
1201115,026-5631118-4160329,AMAZON,B09MWKY7T6,,ENC2218,1,29.69,24.74,2026-07-13 06:46:41,amazon Ledsone,false
1201128,206-2595385-7789124,AMAZON,B0CCJ34CZ6,,SPSDP3SN,1,7.34,3.71,2026-07-12 16:16:29,amazon Ledsone,false
1201129,026-9386699-5842765,AMAZON,B096FR3CD5,,PLADBC+ICST64E273PK,1,53.89,53.89,2026-07-12 18:43:03,amazon Dcvoltage,false
1201132,202-8542623-8444328,AMAZON,B0C7VPMF22,,ENC4429,1,31.89,26.57,2026-07-13 07:34:40,amazon Ledsone,false
1201135,204-9278509-5935568,AMAZON,B0DVLLVNJ5,,PHSHF1PBRYB+LSMS320BG,2,39.38,16.41,2026-07-13 07:58:02,amazon Ledsone,false
1201139,205-5982192-0362752,AMAZON,B0DSC67GJ4,,PHSF1PBR20WH+LSWE315BY,3,59.67,16.57,2026-07-13 08:01:35,amazon Ledsone,false
1201158,202-0473322-5937149,AMAZON,B08QJQS6VP,,PHTT1PBR3BM+LSWT300BM,2,49.78,20.74,2026-07-13 08:37:20,amazon Ledsone,false
1201164,205-3954838-9208315,AMAZON,B07ZFWR48Y,,CRFF100BM+LHNSE27BM,1,13.89,13.89,2026-07-13 08:58:35,amazon Dcvoltage,false
1201167,204-1475419-4353969,AMAZON,B0CXPT6W9C,,LSCY290RO2PK+RPR44WH2PK,1,28.89,28.89,2026-07-13 09:01:59,amazon Dcvoltage,false
1201168,205-2339747-5267535,AMAZON,B0CZ9CH465,,LSMS320BT2PK+RPR44WH2PK,1,26.59,26.59,2026-07-13 09:04:36,amazon Dcvoltage,false
1201169,206-7778552-4282704,AMAZON,B098121LCN,,PHCT1BMRBM+PHDO1PBRBM+LSMS320GR+LDWWE279,1,25.99,25.99,2026-07-13 09:05:59,amazon Dcvoltage,false
1201174,206-4904588-8312319,AMAZON,B0BY35XHVG,,SCRN70BM2PK,1,7.58,3.91,2026-07-13 09:13:20,amazon Ledsone,false
1201178,205-5157520-7982705,AMAZON,B08XB1QLTN,,PSDS2BMRBR,2,33.52,11.19,2026-07-13 09:28:14,amazon Dcvoltage,false
1201179,203-9818079-0812311,AMAZON,B0FX2SHBL5,,LSCYRO120BM2PK+RPR44WH2PK,1,21.89,21.89,2026-07-13 09:27:36,amazon Dcvoltage,false
1201180,206-9891325-9497168,AMAZON,B0DZNQCJX5,,RWWPSY08GY,1,4.78,1.57,2026-07-13 09:20:05,amazon Ledsone,false
1201191,026-4749551-2147500,AMAZON,B0DTJ1QZ5F,,WCDTWH3PK+RPR44WH3PK,1,23.19,19.32,2026-07-13 09:54:47,amazon Ledsone,false
1201192,204-0408679-5146739,AMAZON,B083XHSX6F,,CL2TGD3PK,1,7.98,4.24,2026-07-12 20:20:48,amazon Ledsone,false
1201193,205-7945739-7029149,AMAZON,B0DHC3KS21,,LDCWE27255PK,1,15.89,15.89,2026-07-13 09:55:07,amazon Dcvoltage,false
1201196,205-2370764-2234713,AMAZON,B08SWFSFYW,,CCBKNWE7,6,33.54,5.59,2026-07-13 10:08:05,amazon Dcvoltage,false
1201207,026-8214497-1647550,AMAZON,B0CVN6F67B,,RWWPSY10GY,1,5.38,2.07,2026-07-13 10:23:57,amazon Ledsone,false
1201215,206-8620554-3278765,AMAZON,B0DNK1NCSR,,WSFS2BMYB+SCRN70BM2PK+LSFT220WH2PK,1,29.89,24.91,2026-07-13 10:34:24,amazon Ledsone,false
1201225,203-8071243-6167532,AMAZON,B08P1H5JLL,,LSRP260CO+RPR44WH,2,37.78,18.89,2026-07-13 10:49:33,amazon Dcvoltage,false
1201228,204-8420359-0048322,AMAZON,B07QW1KPCD,,12RPIP454002,1,26.99,26.99,2026-07-13 11:01:20,amazon Dcvoltage,false
1201229,203-7209548-5405903,AMAZON,B0FX2T3V9J,,LSCYRO200GD2PK+RPR44WH2PK,1,28.89,28.89,2026-07-13 10:54:05,amazon Dcvoltage,false
1201234,026-7456345-4681101,AMAZON,B0DTHJYV3K,,WCB6BC3PK+RPR44WH3PK,1,22.09,22.09,2026-07-13 11:13:06,amazon Dcvoltage,false
1201235,026-8510297-4892333,AMAZON,B0DSBP4962,,PLTTBC+LSFT220BC,1,21.79,21.79,2026-07-13 11:14:02,amazon Dcvoltage,false
1201236,206-0054208-4164362,AMAZON,B0DDCGBPQJ,,LDMG125B228,1,10.89,10.89,2026-07-13 11:18:29,amazon SRM Amazon,false
1201241,206-3809651-3602735,AMAZON,B0DVGQ852R,,LSCY290BM3PK+RPR44WH3PK,1,39.89,39.89,2026-07-13 11:22:03,amazon Dcvoltage,false
1201242,205-0967413-5409917,AMAZON,B07D3Q8SQ9,,12IP67150,1,18.69,15.57,2026-07-13 11:22:24,amazon Ledsone,false
1201243,204-3607579-6360324,AMAZON,B0CZXHLR1Q,,TPOSBDBM2PK,1,44.54,37.12,2026-07-11 17:59:38,amazon Ledsone,false
1201250,026-2106562-3193140,AMAZON,B0CW5WC8KF,,ENC6341,2,42.93,19.24,2026-07-13 11:36:13,amazon Ledsone,false
1201263,204-6600007-2833956,AMAZON,B0DZNLF6LK,,RWWPSY10GY,2,7.62,2.08,2026-07-13 11:42:04,amazon Ledsone,false
1201265,026-3332322-9942737,AMAZON,B0B9Y9F73N,,CL3TIV5PK,1,13.89,11.57,2026-07-13 11:40:44,amazon Ledsone,false
1201266,203-8918591-7575552,AMAZON,B0DBTXJRDJ,,LSMCP1ULMC2PK+ICST64E272PK,1,87.89,73.24,2026-07-13 11:43:32,amazon Ledsone,false
1201269,026-4333580-0072356,AMAZON,B0DHV3MDL3,,LDWWE27122PK,1,9.99,9.99,2026-07-13 11:54:54,amazon Dcvoltage,false
1201270,026-0984278-5454763,AMAZON,B08V5MK449,,CRSF100BM+PHCH1BMRBM+LSCY290BM,1,21.89,21.89,2026-07-13 11:58:45,amazon Dcvoltage,false
1201278,205-3381391-6249133,AMAZON,B0CNQ1Q3BJ,,LDMG125E278,1,8.19,8.19,2026-07-13 11:58:26,amazon Dcvoltage,false
1201279,204-0972851-4333109,AMAZON,B0DZNJDHCQ,,RWWPSY12GY,1,1.74,1.74,2026-07-13 12:03:31,amazon Ledsone,false
1201280,204-0972851-4333109,AMAZON,B0DZNLF6LK,,RWWPSY10GY,1,2.08,2.08,2026-07-13 12:03:31,amazon Ledsone,false
1201283,206-7820914-4510762,AMAZON,B0F29P1SH6,,CERU36150GR,1,4.58,1.41,2026-07-13 12:12:21,amazon Ledsone,false
1201284,202-7473446-7285914,AMAZON,B094QTSX8Y,,ENC1527,1,44.09,36.74,2026-07-13 12:18:17,amazon Ledsone,false
1201295,202-3851737-4621108,AMAZON,B0BTP3BCH7,,CRSF100BM+PHSH1HETYB+LSCY290BC,1,20.09,20.09,2026-07-13 12:29:30,amazon Dcvoltage,false
1201296,206-3191998-0916349,AMAZON,B07FDTMWHC,,CCBC24,2,11.99,4.89,2026-07-13 12:29:29,amazon Dcvoltage,false
1201300,204-9282485-0148340,AMAZON,B09MWHZ3LC,,ENC2230,1,35.89,29.91,2026-07-13 12:43:49,amazon Ledsone,false
1201305,206-0501371-0323520,AMAZON,B095P8K2TV,,CRSF100YB+WSNW170YB+LSUL220BB,2,35.78,14.91,2026-07-13 12:53:57,amazon Ledsone,false
1201306,203-8864527-8145104,AMAZON,B0DG29SP2H,,LDMA60E274WW2PK,1,7.99,6.66,2026-07-13 12:54:08,amazon Ledsone,false
1201320,204-7246984-5746715,AMAZON,B07CWS93WM,,LDMG95B224,1,6.99,6.99,2026-07-13 13:12:40,amazon Dcvoltage,false
1201321,026-9009757-5573156,AMAZON,B0BL82M8SB,,LDMT185E274,2,13.00,5.83,2026-07-13 13:13:15,amazon Ledsone,false
1201323,026-9133103-2125110,AMAZON,B0BL82M8SB,,LDMT185E274,1,6.99,5.82,2026-07-13 13:21:40,amazon Ledsone,false
1201324,203-8867796-5761117,AMAZON,B0DGG631Z2,,LDMST64B224APK,1,22.99,19.16,2026-07-13 13:23:36,amazon Ledsone,false
1201325,203-3745599-8981123,AMAZON,B0CV5FWP8Z,,CRSF100BM2PK,1,11.49,9.57,2026-07-13 13:24:21,amazon Ledsone,false
1201332,203-4339799-8531523,AMAZON,B0CB4P4XND,,LSCY290CH+RPR44WH,1,18.29,18.29,2026-07-13 13:28:31,amazon Dcvoltage,false
1201333,203-5883881-3886726,AMAZON,B0CPBX8MV5,,LSCY290YB+RPR44WH,2,35.78,17.89,2026-07-13 13:28:31,amazon Dcvoltage,false
1201334,203-5101664-3504336,AMAZON,B0D4QN1Q6W,,CSBEB6OR+CSBEB6PI,1,10.48,7.59,2026-07-13 13:27:25,amazon Dcvoltage,false
1201335,026-4214548-7278767,AMAZON,B0F944BWSZ,,CL3TBM3PK,1,8.99,7.49,2026-07-13 13:37:59,amazon Ledsone,false
1201336,203-1952309-1328303,AMAZON,B0D5QRDBL7,,WCWDCH+RPR44WH,1,10.89,10.89,2026-07-13 13:37:25,amazon SRM Amazon,false
1201345,202-4704325-2535550,AMAZON,B0DH9BZVRP,,CL3TBR5PK,1,11.99,11.99,2026-07-13 13:43:10,amazon Dcvoltage,false
1201346,205-5572705-4314769,AMAZON,B0F844J7JN,,CRSF100BM2PK+PHRYWP1RBM2PK,2,43.13,19.33,2026-07-13 13:39:44,amazon Ledsone,false
1201349,202-9824112-5575543,AMAZON,B0D5BDGF22,,LSMS320OR2PK+RPR44WH2PK,1,27.09,27.09,2026-07-13 13:54:27,amazon Dcvoltage,false
1201353,206-3188559-9666735,AMAZON,B0DYT8NSY9,,RWWPSY0660YE,1,5.78,2.41,2026-07-13 14:08:48,amazon Ledsone,false
1201354,026-9889578-2091525,AMAZON,B0GD5QMBC4,,ENC7766,1,30.69,30.69,2026-07-13 14:07:43,amazon Dcvoltage,false
1201355,205-7378782-6337919,AMAZON,B0DTT4PKCH,,WCVCWH3PK+RPR44WH3PK,1,21.49,21.49,2026-07-13 14:11:44,amazon Dcvoltage,false
1201360,026-7936499-3090708,AMAZON,B0FPWYRQ8V,,LSOL180RR+RPR44WH,1,10.69,8.91,2026-07-13 14:11:15,amazon Ledsone,false
1201361,205-3840211-0482743,AMAZON,B0F7LV7D9R,,LSFT220OR2PK+RPR44WH2PK,1,20.09,20.09,2026-07-13 14:20:01,amazon Dcvoltage,false
1201362,204-5584943-4283527,AMAZON,B07QW1KPCD,,12RPIP454002,1,26.99,26.99,2026-07-13 14:20:27,amazon Dcvoltage,false
1201365,204-1477248-3243501,AMAZON,B08V5MK449,,CRSF100BM+PHCH1BMRBM+LSCY290BM,1,21.89,21.89,2026-07-13 14:24:42,amazon Dcvoltage,false
1201371,203-6117247-0939542,AMAZON,B0FVMCY494,,CERU36150YE,1,4.38,1.24,2026-07-13 14:24:42,amazon Ledsone,false
1201374,206-0978347-5114762,AMAZON,B0CGZSD2RV,,LSMCSPFLMC2PK+RPM40WH2PK,1,45.89,38.24,2026-07-13 14:30:38,amazon Ledsone,false
1201382,202-0393185-3417915,AMAZON,B0GLNHSJZ8,,PL4HBM,1,37.89,31.57,2026-07-13 14:36:22,amazon Ledsone,false
1201389,026-5106557-9653900,AMAZON,B0FW4P3H8Z,,LSCYRO200BM+RPR44WH,1,17.89,14.91,2026-07-13 14:50:08,amazon Ledsone,false
1201390,204-8775169-6314751,AMAZON,B0CKSRCVKQ,,CRFF75CH,1,9.78,5.74,2026-07-13 14:52:03,amazon Ledsone,false
1201391,203-7198025-2353957,AMAZON,B0D59PJ89M,,WCB2BS2PK+RPR44WH2PK,1,15.29,15.29,2026-07-13 14:56:27,amazon Dcvoltage,false
1201392,026-5476094-1069928,AMAZON,B095PRHY6W,,LSBG136AR+SCRN70FG,1,16.89,16.89,2026-07-13 14:58:22,amazon Dcvoltage,false
1201399,205-4504156-6637124,AMAZON,B0DMF2KF74,,ENC10225,1,27.29,22.74,2026-07-13 15:13:57,amazon Ledsone,false
1201400,204-8654682-3770742,AMAZON,B0DSC1QVN6,,LSDO400BI2PK+RPR44WH2PK,1,38.89,38.89,2026-07-13 15:11:04,amazon Dcvoltage,false
1201408,203-0333735-9371558,AMAZON,B0F6NGRC7R,,CGROYB5PK,1,4.18,1.89,2026-07-13 15:23:47,amazon SRM Amazon,false
1201418,206-7842199-7414735,AMAZON,B08WRTD7YP,,PHCT1BMRBM+PHBA1BMRBM+LSYG410BI,2,59.32,31.89,2026-07-13 15:42:22,amazon Dcvoltage,false
1201419,026-3639235-1076350,AMAZON,B0B9NDPHSC,,CL2THE5PK,1,11.49,11.49,2026-07-13 15:46:08,amazon Dcvoltage,false
1201423,026-3164338-3957969,AMAZON,B0F2YG2YH2,,RWWPSN12GY,1,4.88,1.99,2026-07-13 15:58:37,amazon Dcvoltage,false
1201431,206-1430260-8722736,AMAZON,B0CD7WYQ1X,,WCCY1SQCH+LDMA60E278WW,1,26.29,21.91,2026-07-13 16:00:44,amazon Ledsone,false
1201433,026-4952600-2341110,AMAZON,B0F32VG78J,,RWWPSN10GY,1,5.68,2.32,2026-07-13 15:58:37,amazon Ledsone,false
1201434,206-4111043-1921947,AMAZON,B0GGS4DFB1,,CRFF100BM+PHUP1PBRBM+CNT900BM,1,18.20,18.20,2026-07-13 16:07:44,amazon Dcvoltage,false
1201435,202-2352485-6802730,AMAZON,B08XXLR7YZ,,WCBNBM+RPR44WH,3,26.67,8.89,2026-07-13 16:08:12,amazon Dcvoltage,false
1201439,206-7194925-8070756,AMAZON,B0F1D3FS5C,,RWWPSY0660YE,1,5.88,2.99,2026-07-13 16:17:44,amazon Dcvoltage,false
1201441,203-7503688-2467543,AMAZON,B09BV22L3N,,PSDS2BMRRE,1,13.99,13.99,2026-07-13 16:21:46,amazon Dcvoltage,false
1201442,204-1976529-7214764,AMAZON,B0CRZ491LZ,,LSCY290GY+RPR44WH,1,15.89,15.89,2026-07-13 16:24:28,amazon Dcvoltage,false
1201447,203-6958131-8696323,AMAZON,B0D943K5SJ,,CRSF100BM+PHRYWP1RBM+ICST64E27,1,13.99,13.99,2026-07-13 16:29:36,amazon Dcvoltage,false
1201448,202-3782281-2251545,AMAZON,B0839GDWNK,,CBSF90,1,6.18,3.29,2026-07-13 16:29:59,amazon Dcvoltage,false
1201449,204-3861079-4232335,AMAZON,B0F2F96Q8R,,LSMS320NB+RPR44WH,1,14.99,12.49,2026-07-13 16:32:55,amazon Ledsone,false
1201450,204-9129846-0753939,AMAZON,B0DX6NBT9P,,CENU19150WH,1,4.37,0.90,2026-07-13 16:36:54,amazon Ledsone,false
1201453,026-9309002-0113153,AMAZON,B0DH67R315,,CL2TIV3PK,1,11.28,7.99,2026-07-13 16:46:35,amazon Dcvoltage,false
1201454,206-2977907-0205902,AMAZON,B0CSNHB4KG,,ENC8625,1,30.89,30.89,2026-07-13 16:46:51,amazon Dcvoltage,false
1201457,206-4535626-4435540,AMAZON,B0BV37VR12,,PLOTBM,3,47.97,13.32,2026-07-13 16:41:34,amazon Ledsone,false
1201458,202-5405745-5009134,AMAZON,B0DBV9CLPW,,LDSG125MUE274,1,10.49,8.74,2026-07-13 16:46:31,amazon Ledsone,false
1201461,026-4382921-6249911,AMAZON,B0GYPHS1FD,,BS6S6628BM,1,25.89,17.41,2026-07-13 16:49:03,amazon Ledsone,false
1201473,205-9980351-8407504,AMAZON,B0GLQTHFPB,,LSCY290DGY+RPR44WH,1,15.89,15.89,2026-07-13 17:11:43,amazon Dcvoltage,false
1201477,026-4746707-4038739,AMAZON,B08XW91G7T,,WCB7WH+RPR44WH,1,10.09,10.09,2026-07-13 17:22:57,amazon Dcvoltage,false
1201478,202-3111598-6406705,AMAZON,B0GW7T9WPD,,CRSF1202WH,1,9.58,5.57,2026-07-13 17:28:27,amazon Ledsone,false
1201481,204-9815884-9522718,AMAZON,B0BZSHKTG5,,CRSF100SN+WSNW170SN+SCRN70SN+LSFT220SN,2,37.58,15.66,2026-07-13 17:35:52,amazon Ledsone,false
1201482,205-8898436-2669937,AMAZON,B086224FLH,,LDMST64B2246PK,1,18.89,15.74,2026-07-13 17:38:20,amazon Ledsone,false
1201484,204-8914302-8561968,AMAZON,B0BC48V4V4,,CL3RAG5PK,2,28.78,14.39,2026-07-13 17:33:45,amazon SRM Amazon,false
1201485,026-0779583-0818749,AMAZON,B0CQNL93QC,,PLTTBC+WCBNBC,1,22.89,22.89,2026-07-13 17:32:22,amazon Dcvoltage,false
1201488,204-8885688-7374756,AMAZON,B0GR8S6J1K,,SPPGUK3PTR6PK,1,15.48,10.49,2026-07-13 17:43:25,amazon Ledsone,false
1201497,205-8272131-1341154,AMAZON,B0CGDW8WRR,,CRSF100WH+PHRN1PCRWH,1,11.19,9.32,2026-07-13 17:50:10,amazon Ledsone,false
1201498,206-4531976-5246764,AMAZON,B0839FW4ZK,,CBSF100,1,6.78,3.89,2026-07-13 17:52:14,amazon Dcvoltage,false
1201504,202-9361498-8610716,AMAZON,B09LML4ZW9,,CRSF100BM+LHNSE27BM+SCRN70YB+LSMS320BT,1,19.89,16.57,2026-07-13 18:03:40,amazon Ledsone,false
1201509,203-0648421-9425902,AMAZON,B0CPBWXLWY,,LSCY290CB+RPR44WH,1,15.89,15.89,2026-07-13 18:11:22,amazon Dcvoltage,false
1201517,206-8937800-2870715,AMAZON,B0DCLQH97K,,STMT18FWH,1,5.08,1.82,2026-07-13 18:30:17,amazon Ledsone,false
1201522,026-3549268-3058742,AMAZON,B0D7VKHW8W,,SPSDP3YBAPK,1,20.55,18.41,2026-07-13 18:38:07,amazon Ledsone,false
1201523,204-0389804-0226725,AMAZON,B0H38YJTN8,,LSGL9015GY2PK+RPM40WH2PK,1,18.89,18.89,2026-07-13 18:32:05,amazon Dcvoltage,false
1201524,026-5526030-2765130,AMAZON,B0FX2SHBL5,,LSCYRO120BM2PK+RPR44WH2PK,1,21.89,21.89,2026-07-13 18:33:56,amazon Dcvoltage,false
1201525,026-5655293-8453126,AMAZON,B07WK7B3L2,,CRSF1202YB,1,9.89,9.89,2026-07-13 18:38:07,amazon Dcvoltage,false
1201526,026-5655293-8453126,AMAZON,B0C9TMW8FQ,,ENC1910,1,22.89,22.89,2026-07-13 18:38:07,amazon Dcvoltage,false
1201531,026-8843094-9221101,AMAZON,B084VP9518,,CRSF2003GB,1,10.04,6.41,2026-07-13 18:38:07,amazon Ledsone,false
1201532,202-7463188-9425158,AMAZON,B0DCKWL469,,STFG4845WH,1,6.38,2.91,2026-07-13 18:46:52,amazon Ledsone,false
1201533,026-2258591-3485938,AMAZON,B08XBYXQC6,,CL3TBRAPK,1,19.99,19.99,2026-07-13 18:38:07,amazon Dcvoltage,false
1201534,026-2258591-3485938,AMAZON,B08XC4QHHG,,CL3TAGAPK,1,19.99,19.99,2026-07-13 18:38:07,amazon Dcvoltage,false
1201535,026-2258591-3485938,AMAZON,B07CSVGZMV,,CL3TBUAPK,1,19.99,19.99,2026-07-13 18:38:07,amazon Dcvoltage,false
1201536,026-2258591-3485938,AMAZON,B08KG9554K,,CL2RHEAPK,1,17.89,17.89,2026-07-13 18:38:07,amazon Dcvoltage,false
1201537,026-9342075-4978718,AMAZON,B0C948Q2C2,,PLTYBC+WCBNBC+LDMT130E274,1,18.89,18.89,2026-07-13 18:43:37,amazon Dcvoltage,false
1201544,205-0931857-3412303,AMAZON,B08RQJK8LH,,WCB1WH+RPR44WH,1,10.29,10.29,2026-07-13 18:53:36,amazon SRM Amazon,false
1201558,202-5822585-9134763,AMAZON,B0GS9J7ZYR,,SPPGUK3PTR6PK,1,16.48,13.59,2026-07-13 19:03:39,amazon Dcvoltage,false
1201564,026-2082845-4363535,AMAZON,B0CNT2ML5D,,PLADBC,1,47.49,47.49,2026-07-13 19:18:21,amazon Dcvoltage,false
1201574,202-8540329-5252348,AMAZON,B0D28V7VZD,,LSCY290BI3PK+RPR44WH3PK,1,47.69,39.74,2026-07-13 19:30:47,amazon Ledsone,false
1201575,026-4073645-2441106,AMAZON,B0GP139NG9,,LHXWPE27PPWH2PK,1,12.68,8.16,2026-07-13 19:30:59,amazon Ledsone,false
1201577,026-7525146-5532353,AMAZON,B0GXB6JVLM,,WCBTC140FG+RPR44WH,1,14.89,12.41,2026-07-13 19:33:39,amazon Ledsone,false
1201586,202-4691378-7409948,AMAZON,B09M43YSGW,,CRSF100YB+WSLS170YB+LSFT220YB,2,47.98,19.99,2026-07-13 19:42:26,amazon Ledsone,false
1201602,205-1730164-5623534,AMAZON,B0917RQ9PM,,PLHCBC+LSDO210BC3PK,2,94.18,39.24,2026-07-13 20:04:09,amazon Ledsone,false
1201606,026-2926614-5221161,AMAZON,B0D56WV9GR,,WCB7BS2PK+RPR44WH2PK,1,17.79,17.79,2026-07-13 20:15:59,amazon Dcvoltage,false
1201607,202-7569150-4411556,AMAZON,B0GMHCM3ND,,LHXSHE27WH2PK,1,16.69,13.91,2026-07-13 20:09:03,amazon Ledsone,false
1201609,204-7311375-7959510,AMAZON,B0G1TFLVHH,,CKA17ATC4086BM,1,14.39,11.99,2026-07-13 20:17:13,amazon Ledsone,false
1201616,205-1805112-0958713,AMAZON,B0DH98XLXH,,CL3TBM3PK,1,9.99,9.99,2026-07-13 20:21:30,amazon Dcvoltage,false
1201620,205-9775821-6245169,AMAZON,B09CMPFFBT,,CRSF2003BM+PHHT1PBRRO3PK+WCWDRO3PK,1,38.88,32.40,2026-07-13 20:29:23,amazon Ledsone,false
1201622,205-7952140-6210713,AMAZON,B0CTC7XPNX,,CRSF100BM+LHNSE27YB+SCRN70BM+LSFT220BG,1,18.89,18.89,2026-07-13 20:35:59,amazon Dcvoltage,false
1201624,026-7117790-5385928,AMAZON,B0DCFXBYJG,,LDSG95DIE2745PK,1,26.89,22.41,2026-07-13 20:45:33,amazon Ledsone,false
1201625,206-0156203-7729158,AMAZON,B07ZFWL5T1,,CRSF100GB+LHNSE27GB,1,13.89,13.89,2026-07-13 20:43:02,amazon Dcvoltage,false
1201626,205-5838424-0181148,AMAZON,B096FZK8N9,,CRSF100BM+PHCHPCRYB+LSCY290YB,1,24.89,24.89,2026-07-13 20:45:31,amazon Dcvoltage,false
1201627,026-5043955-8973900,AMAZON,B08PC415TL,,LHSHE27BA,1,7.99,7.99,2026-07-13 20:39:30,amazon SRM Amazon,false
1201628,202-6249929-0722731,AMAZON,B0FN7GZ1FJ,,CRSF100WH+LHNSE27WH,2,26.27,11.99,2026-07-13 20:41:05,amazon SRM Amazon,false
1201632,204-1089294-3259539,AMAZON,B0F8Q9RWCH,,CERU80300WH,1,7.88,4.16,2026-07-13 20:54:18,amazon Ledsone,false
1201633,203-6468435-2003536,AMAZON,B09MWJW3WN,,ENC2234,1,35.89,29.91,2026-07-13 21:00:08,amazon Ledsone,false
1201635,206-2611721-4780344,AMAZON,B0DH629QP2,,CL2TGLAPK,3,51.03,18.29,2026-07-13 21:14:23,amazon Dcvoltage,false
1201636,026-2546302-2840331,AMAZON,B0F9WYKMF1,,LSFT220BG+RPR44WH,1,11.89,9.91,2026-07-13 21:14:07,amazon Ledsone,false
1201640,026-6973295-1828358,AMAZON,B07Q5Z23V7,,24IP20360,1,25.18,25.18,2026-07-13 21:21:54,amazon Dcvoltage,false
1201641,204-3187159-7831505,AMAZON,B0FTS9Y6NR,,12IP6710,1,10.78,6.57,2026-07-13 21:24:54,amazon Ledsone,false
1201642,206-4700208-1009936,AMAZON,B0CGRNLLPR,,CRSF100BM+PHRYWP1RBM,1,11.19,9.32,2026-07-13 21:27:05,amazon Ledsone,false
1201643,205-7708667-1919529,AMAZON,B0GYPFYJFN,,BS6S66609GY,1,23.28,17.41,2026-07-13 21:28:52,amazon Ledsone,false
1201650,204-4566166-7891525,AMAZON,B0DQD9LY98,,PHSF1AGTGB3PK,1,30.29,25.24,2026-07-13 21:34:07,amazon Ledsone,false
1201654,203-0087856-9965919,AMAZON,B0FB3ZBZP1,,LDMC35E144APK,3,70.28,20.99,2026-07-13 21:47:57,amazon Ledsone,false
1201663,026-0439609-3181119,AMAZON,B0CTCPBH5L,,CRSF100SN+CL3TGY+LHSHE27SN,2,24.98,10.41,2026-07-13 21:50:54,amazon Ledsone,false
1201664,205-1804512-6444337,AMAZON,B0C6GYZZQB,,WCCEBM,1,10.09,8.41,2026-07-13 21:51:50,amazon Ledsone,false
1201665,205-2694625-4437153,AMAZON,B0FY2HP9LJ,,PHUH0.5HETBM,1,10.89,9.07,2026-07-13 21:52:03,amazon Ledsone,false
1201666,026-3192221-8345950,AMAZON,B0DH97LF88,,CL3TBP5PK,1,10.39,10.39,2026-07-13 21:51:46,amazon Dcvoltage,false
1201669,206-4294992-5888303,AMAZON,B0863J112Z,,PHSF1BMTBM2PK,1,19.89,16.57,2026-07-13 22:02:27,amazon Ledsone,false
1201670,206-9755276-9203541,AMAZON,B0B8VVQSNV,,LDSG125LOE274,1,8.99,7.49,2026-07-13 22:05:16,amazon Ledsone,false
1201671,202-9564884-7292339,AMAZON,B0C9TWTCZ8,,LSCY210BG+RPR44WH,1,12.49,12.49,2026-07-13 22:08:14,amazon Dcvoltage,false
1201672,202-9706030-1506719,AMAZON,B08PYXC9K6,,12IP6710,1,7.89,7.89,2026-07-13 22:01:52,amazon SRM Amazon,false
1201674,202-5503880-8100361,AMAZON,B0D8L3Z3P7,,RWWPSY0640YE,1,9.87,6.89,2026-07-13 22:16:40,amazon Dcvoltage,false
1201681,203-5661043-5457952,AMAZON,B0FX2SHBL5,,LSCYRO120BM2PK+RPR44WH2PK,1,21.89,21.89,2026-07-13 22:24:04,amazon Dcvoltage,false
1201682,026-9273930-3359540,AMAZON,B083XGYZGT,,CL2TGR3PK,1,8.30,4.17,2026-07-13 22:25:34,amazon Ledsone,false
1201691,205-5364873-6243523,AMAZON,B0CXSYCZMR,,RWT6120YE,1,14.19,14.19,2026-07-13 23:00:39,amazon Dcvoltage,false
1201698,026-5293202-9120363,AMAZON,B0CNT1QNSN,,PLADBM,1,47.49,47.49,2026-07-13 23:13:39,amazon Dcvoltage,false
1201701,203-8433191-2889165,AMAZON,B0CLZYFPLL,,CRSF100GB+PHCHPBRGB+LSCY290GB,1,24.89,20.74,2026-07-13 23:30:21,amazon Ledsone,false
1201702,026-7879608-9797162,AMAZON,B0CBRL28PQ,,PHDH1HETHE,1,18.79,18.79,2026-07-13 23:22:14,amazon Dcvoltage,false
1201704,203-1057293-6281918,AMAZON,B0CNLYM2P9,,WCB1WH+RPR44WH,1,10.29,10.29,2026-07-13 23:30:29,amazon Dcvoltage,false
1201705,206-8011592-7492351,AMAZON,B0BNXL9T31,,CRSF100SN+PHRI1PCRSN+LSSS300SN+ICST64E27,1,24.89,24.89,2026-07-13 23:33:34,amazon Dcvoltage,false
1201706,202-3799927-8705927,AMAZON,B0C7H5VQW8,,LSFT220BB+RPR44WH,1,10.79,10.79,2026-07-13 23:45:47,amazon Dcvoltage,false
1201712,202-0613523-0827542,AMAZON,B0GTZJ9GYR,,SWHBSP1OSWH,1,6.88,3.32,2026-07-14 00:39:56,amazon Ledsone,false
1201714,204-2339345-1615557,AMAZON,B084RNDPPW,,WCB4BB+RPR44WH,1,12.78,8.24,2026-07-14 00:34:51,amazon Ledsone,false
1201718,205-9326660-3928305,AMAZON,B0DNSP5MMW,,LSSS300NB+RPR44WH,2,28.98,14.49,2026-07-14 01:13:08,amazon Dcvoltage,false
1201719,026-1351075-2120322,AMAZON,B0CGRJ1V8L,,TPOSBDBM,1,23.69,23.69,2026-07-14 01:14:32,amazon Dcvoltage,false
1201721,206-4889947-2797951,AMAZON,B0FX2T3V9J,,LSCYRO200GD2PK+RPR44WH2PK,1,28.89,28.89,2026-07-14 01:51:06,amazon Dcvoltage,false
1201722,204-6674727-9537162,AMAZON,B0FX2T3V9J,,LSCYRO200GD2PK+RPR44WH2PK,1,28.89,28.89,2026-07-14 02:07:43,amazon Dcvoltage,false
1201752,204-0472280-0575504,AMAZON,B0FW4P3H8Z,,LSCYRO200BM+RPR44WH,2,35.78,14.91,2026-07-14 05:00:13,amazon Ledsone,false
1201761,204-8862908-0641107,AMAZON,B0D53YC5HZ,,WCB2BM2PK+RPR44WH2PK,1,16.49,16.49,2026-07-14 06:20:06,amazon Dcvoltage,false
1201775,205-5032729-7021138,AMAZON,B0F2HDTJ1L,,PLWLBC,1,17.89,17.89,2026-07-14 06:48:51,amazon Dcvoltage,false
1201779,203-9054918-7275514,AMAZON,B08SHV91ZW,,CRFF100BM+PHUP1PBRBM+CNT900BM,3,33.45,11.99,2026-07-14 07:02:30,amazon Dcvoltage,false
1201780,203-2625193-3029152,AMAZON,B0DBTYDM4M,,LSMCP1ULMC3PK+ICST64E273PK,1,104.91,87.42,2026-07-14 07:02:30,amazon Ledsone,false
1201781,202-7574983-9799566,AMAZON,B0D6YW8QH3,,CBSF802PK,1,9.48,5.49,2026-07-14 07:10:38,amazon Ledsone,false
1201787,206-8369987-4139500,AMAZON,B0DH8Z5RGR,,CL3TBW3PK,1,7.99,7.99,2026-07-14 07:28:38,amazon Dcvoltage,false
1201789,205-7059457-4000357,AMAZON,B0BW9NSPQN,,ENC2220,1,38.89,38.89,2026-07-14 07:38:53,amazon Dcvoltage,false
1201804,206-1446048-0009121,AMAZON,B0DSBJQBYJ,,PLMJBM,1,29.07,29.07,2026-07-13 23:04:28,amazon Ledsone,false
1201805,206-1446048-0009121,AMAZON,B0B3NGM1W3,,PLWLBM,2,31.16,15.58,2026-07-13 23:04:28,amazon Ledsone,false
1201813,202-7920588-5357911,AMAZON,B0BWTX5K2W,,LSCP150YE+RPR44WH,2,23.78,11.89,2026-07-14 08:31:34,amazon Dcvoltage,false
1201814,202-7920588-5357911,AMAZON,B0BWTXX397,,LSCP150GR+RPR44WH,2,23.78,11.89,2026-07-14 08:31:34,amazon Dcvoltage,false
1201819,206-6612052-5199556,AMAZON,B0BBS14PQZ,,CL3TWHAPK,1,21.19,17.66,2026-07-14 08:42:43,amazon Ledsone,false
1201820,204-6810913-8991519,AMAZON,B0DX6WRK79,,CENU25200BM,2,5.66,1.24,2026-07-14 08:47:36,amazon Ledsone,false
1201821,206-6776331-2903562,AMAZON,B08P1HMKPK,,LSRP260SN+RPR44WH,1,18.89,18.89,2026-07-14 08:46:03,amazon Dcvoltage,false
1201831,204-5458090-0537115,AMAZON,B0DM5HF27Z,,PCGZ20MT,10,20.89,1.74,2026-07-14 08:57:38,amazon Ledsone,false
1201835,204-8370565-9897154,AMAZON,B0DM5GJKJZ,,PCGZ20MO,10,19.89,1.65,2026-07-14 08:58:44,amazon Ledsone,false
1201848,205-5779235-8805151,AMAZON,B0839FTSKN,,CBSF125,1,6.77,3.88,2026-07-14 09:18:34,amazon Dcvoltage,false
1201855,203-5864894-1914738,AMAZON,B09JM3PLLH,,LDSG125LOE274,1,10.19,8.49,2026-07-14 09:44:27,amazon Ledsone,false
1201865,204-7443375-0516329,AMAZON,B0DX6NBT9P,,CENU19150WH,1,0.91,0.91,2026-07-14 09:52:58,amazon Ledsone,false
1201866,204-7443375-0516329,AMAZON,B0DX6W8MTS,,CENU25200WH,1,1.24,1.24,2026-07-14 09:52:58,amazon Ledsone,false
1201867,202-0963243-7647519,AMAZON,B0CN4MP4SZ,,PLHTBM,2,36.58,18.29,2026-07-14 09:52:14,amazon Dcvoltage,false
1201868,202-0963243-7647519,AMAZON,B0CN4N488G,,PLWLBM,4,74.76,18.69,2026-07-14 09:52:14,amazon Dcvoltage,false
1201871,204-1698417-4763566,AMAZON,B0DH9FDGZY,,CL3TBRAPK,1,20.99,20.99,2026-07-14 09:59:29,amazon Dcvoltage,false
1201872,026-3289705-4640347,AMAZON,B0BP2JN9NF,,PLHABS+LSOL180BS,1,21.69,21.69,2026-07-14 10:00:58,amazon Dcvoltage,false
1201873,205-2955376-4289167,AMAZON,B0DCFXBYJG,,LDSG95DIE2745PK,1,26.89,22.41,2026-07-14 10:00:31,amazon Ledsone,false
1201884,205-4741956-6794745,AMAZON,B0DTYCTZ3T,,LSCY290OR2PK+RPR44WH2PK,1,24.89,20.74,2026-07-14 10:27:39,amazon Ledsone,false
1201887,026-0065485-7113957,AMAZON,B0F1CX9BKB,,RWWPSY10100YE,1,9.88,6.99,2026-07-14 10:32:57,amazon Dcvoltage,false
1201898,202-6395362-5605114,AMAZON,B0CGRNLLPR,,CRSF100BM+PHRYWP1RBM,1,11.19,9.32,2026-07-14 11:08:36,amazon Ledsone,false
1201903,205-4435188-5738753,AMAZON,B0GDM76M2F,,CRFF100CH2PK+PHUP1PCRCH2PK,1,20.89,20.89,2026-07-14 11:13:21,amazon Dcvoltage,false
1201909,206-7734579-6516320,AMAZON,B0CKSV67CC,,CRFF75GB,2,15.15,5.49,2026-07-14 11:19:49,amazon Ledsone,false
1201910,202-0010825-1777958,AMAZON,B07DH89GTY,,12UK3P2A,1,8.88,4.99,2026-07-14 11:19:45,amazon Ledsone,false
1201911,206-8206909-1442729,AMAZON,B0D9RXR847,,WCDTRO3PK+RPR44WH3PK,1,23.39,19.49,2026-07-14 11:21:21,amazon Ledsone,false
1201912,202-0028247-2884373,AMAZON,B0DNK1NCSR,,WSFS2BMYB+SCRN70BM2PK+LSFT220WH2PK,1,29.89,24.91,2026-07-14 11:23:26,amazon Ledsone,false
1201923,026-4075202-1485965,AMAZON,B0F6CRB7MB,,ENC1595,1,28.33,28.33,2026-07-14 11:31:11,amazon Ledsone,false
1201924,026-4075202-1485965,AMAZON,B0D33MZ6JQ,,WLFS2202BM+ICST64E272PK,2,59.82,29.91,2026-07-14 11:31:11,amazon Ledsone,false
1201941,206-1895770-9407530,AMAZON,B0GD71ZBLG,,CRFF100WH2PK+PHUP1PWRWH2PK,4,83.56,17.41,2026-07-14 11:56:30,amazon Ledsone,false
1201942,205-1294642-4163521,AMAZON,B0DTZ1D4QX,,LSTL260BG+RPR44WH,1,13.09,10.91,2026-07-14 11:45:15,amazon Ledsone,false
1201948,203-2280840-7372367,AMAZON,B0CNG5GG2X,,TPHTTF2PBRBM,1,17.89,17.89,2026-07-14 11:57:33,amazon Dcvoltage,false
1201952,206-7672264-5782726,AMAZON,B09L8KS17V,,CRSF100BM+PHCH1BMRBM+LSDO400BI,3,60.41,16.78,2026-07-14 12:00:37,amazon Ledsone,false
1201953,204-3057917-5181168,AMAZON,B0BZPZGS8V,,SLW2,1,5.89,2.50,2026-07-14 12:07:35,amazon Ledsone,false
1201958,026-8999587-9865163,AMAZON,B09MSJBH7S,,ENC2212,1,39.99,33.32,2026-07-14 12:14:30,amazon Ledsone,false
1201959,202-8383417-4430724,AMAZON,B0DMF2KF74,,ENC10225,1,27.29,22.74,2026-07-14 12:16:33,amazon Ledsone,false
1201961,026-7321813-9139553,AMAZON,B0D944SCS4,,WCB6WH3PK+RPR44WH3PK,1,22.09,18.41,2026-07-14 12:18:34,amazon Ledsone,false
1201962,202-3328855-0577151,AMAZON,B08PYWKP69,,12IP6715,1,11.28,8.99,2026-07-14 12:14:17,amazon SRM Amazon,false
1201970,202-6465786-5185169,AMAZON,B0GW7VBY3J,,LHSWPBB22GD,1,12.78,8.24,2026-07-14 12:23:09,amazon Ledsone,false
1201982,205-0338282-6708363,AMAZON,B0FPQTH4CW,,LDCWT75B2212APK,1,23.89,19.91,2026-07-14 12:41:00,amazon Ledsone,false
1201989,206-7862848-3102728,AMAZON,B0DH9BRNQ7,,CL3THE3PK,1,11.28,7.99,2026-07-14 12:57:31,amazon Dcvoltage,false
1201994,202-8075479-6677168,AMAZON,B0BY38C431,,ENC4111,2,59.78,29.89,2026-07-14 13:27:11,amazon Dcvoltage,false
1201995,202-8075479-6677168,AMAZON,B0GVYB1ZYC,,LSTM320BW3PK+RPR44WH3PK,1,39.99,39.99,2026-07-14 13:27:11,amazon Dcvoltage,false
1201996,202-4652665-5801121,AMAZON,B07CLHX93W,,12IP20200,1,15.51,15.51,2026-07-14 13:04:36,amazon Dcvoltage,false
1202001,205-3643403-5532363,AMAZON,B08KJJWJKK,,CRFF500BM+PHHT1PBRBM3PK+WCDCBM3PK,2,71.21,29.67,2026-07-14 13:19:13,amazon Ledsone,false
1202006,202-8711091-5201133,AMAZON,B0F1TMC6HP,,CENU25200BM,1,4.49,1.49,2026-07-14 13:27:58,amazon Dcvoltage,false
1202009,204-3859090-9205910,AMAZON,B0DTK3YDMQ,,WCB3BM3PK+RPR44WH3PK,1,21.49,21.49,2026-07-14 13:29:09,amazon Dcvoltage,false
1202010,203-5930537-0668349,AMAZON,B0C7CJHCB3,,LSCY290CB+RPR44WH,1,15.89,15.89,2026-07-14 13:32:40,amazon Dcvoltage,false
1202017,026-6133533-9526709,AMAZON,B0D8L1HQXM,,RWWPSY0660YE,1,5.97,2.99,2026-07-14 13:56:36,amazon Dcvoltage,false
1202026,206-9174506-7815517,AMAZON,B0D5B63S7G,,WCDTBM2PK+RPR44WH2PK,1,18.49,18.49,2026-07-14 14:12:55,amazon Dcvoltage,false
1202027,206-2231018-6645930,AMAZON,B0CPBXK43C,,LSCY290NB+RPR44WH,1,15.89,15.89,2026-07-14 14:12:55,amazon Dcvoltage,false
1202034,202-7983191-2602713,AMAZON,B08W9WF8V3,,CRSF100BM+PHUP1PBRBM+LSHI410HE,1,24.89,24.89,2026-07-14 14:13:47,amazon Dcvoltage,false
1202042,204-7490795-9460359,AMAZON,B0D9S3XJ6T,,WLWOCPBM2PK,1,30.89,30.89,2026-07-14 14:37:51,amazon Dcvoltage,false
1202045,026-3808733-4889962,AMAZON,B09L8KS17V,,CRSF100BM+PHCH1BMRBM+LSDO400BI,10,211.90,17.66,2026-07-14 14:45:28,amazon Ledsone,false
1202059,026-5618211-8198759,AMAZON,B0GTMZWFCD,,LSGL15014CL+RPM40WH,1,10.89,9.07,2026-07-14 14:59:22,amazon Ledsone,false
1202060,206-3929607-1736345,AMAZON,B09B7T6173,,LSTF40BM+RPR44WH,1,10.89,10.89,2026-07-14 15:00:37,amazon Dcvoltage,false
1202061,026-3821098-9458715,AMAZON,B0D59PP6PC,,WCB1BM2PK+RPR44WH2PK,1,15.18,15.18,2026-07-14 15:03:49,amazon Dcvoltage,false
1202063,202-2628279-5685916,AMAZON,B07CWS93WM,,LDMG95B224,1,6.99,6.99,2026-07-14 15:14:12,amazon Dcvoltage,false
1202064,203-2303846-3964347,AMAZON,B0822XFDWV,,CL3RGD,1,4.99,4.99,2026-07-14 15:16:28,amazon Dcvoltage,false
1202065,202-8823700-1319528,AMAZON,B0D6VJCHCJ,,ENC7384,1,41.79,41.79,2026-07-14 15:07:27,amazon Dcvoltage,false
1202066,203-2063188-7494768,AMAZON,B0B77GWCPC,,CRFF108GB2PK+HK10GB2PK,2,25.84,11.58,2026-07-14 15:14:15,amazon Ledsone,false
1202068,204-2910250-2722738,AMAZON,B0B9NDPHSC,,CL2THE5PK,1,11.49,11.49,2026-07-14 15:26:22,amazon Dcvoltage,false
1202069,204-9076575-5025156,AMAZON,B08XBXZG93,,CRSF100GR+LHTTE27GR,1,10.89,10.89,2026-07-14 15:27:47,amazon Dcvoltage,false
1202070,204-9076575-5025156,AMAZON,B08XBYP1C8,,CRFF108BM+LHTTE27BM,1,10.89,10.89,2026-07-14 15:27:47,amazon Dcvoltage,false
1202075,204-0313345-5360347,AMAZON,B0C9DV894B,,SPSDP2YB,1,5.79,5.79,2026-07-14 15:30:46,amazon Dcvoltage,false
1202076,205-2261766-9847506,AMAZON,B07F9HBHVY,,LDMT45E274,1,5.89,5.89,2026-07-14 15:34:25,amazon Dcvoltage,false
1202077,205-9671718-6863514,AMAZON,B09KZYTSDZ,,12UK3P2A,1,10.88,6.66,2026-07-14 15:31:23,amazon Ledsone,false
1202090,204-4627366-3100354,AMAZON,B0CNTDJVMK,,WCB6WH+RPR44WH,1,11.89,11.89,2026-07-14 15:48:55,amazon Dcvoltage,false
1202096,202-9873677-8569153,AMAZON,B0D299FZWX,,LSCY290RE2PK+RPR44WH2PK,1,26.89,22.41,2026-07-14 16:02:41,amazon Ledsone,false
1202097,203-2988434-5534743,AMAZON,B0CS6SJ9LD,,FCBRBA6WHGPK,1,11.39,9.49,2026-07-14 16:06:47,amazon Ledsone,false
1202099,206-5250765-8102744,AMAZON,B08WRTD7YP,,PHCT1BMRBM+PHBA1BMRBM+LSYG410BI,4,127.56,31.89,2026-07-14 16:08:45,amazon Dcvoltage,false
1202100,206-5250765-8102744,AMAZON,B08WRK75D1,,PHCT1BMRBM+PHBA1BMRBM+LSDO400RE,5,155.45,31.09,2026-07-14 16:08:45,amazon Dcvoltage,false
1202108,026-2634672-0795545,AMAZON,B0CLGXC7ZP,,PHSF2GDTYB,1,14.89,12.41,2026-07-14 16:09:01,amazon Ledsone,false
1202109,026-7830892-0657965,AMAZON,B09L11514G,,12UK3P5A,1,12.89,10.74,2026-07-14 16:13:03,amazon Ledsone,false
1202114,204-1652209-9020306,AMAZON,B0CBLWW4NG,,WCVCBM2PK+RPR44WH2PK,1,16.49,16.49,2026-07-14 16:30:44,amazon Dcvoltage,false
1202115,204-4653670-7574744,AMAZON,B0CHRM7KFQ,,WCB4BB+RPR44WH,1,10.29,8.57,2026-07-14 16:18:14,amazon Ledsone,false
1202117,204-3492469-9719541,AMAZON,B09M79BH75,,CRSF100CY+PHCH1PBRCY+LSCY290CY,1,24.88,20.73,2026-07-14 16:25:52,amazon Ledsone,false
1202118,202-5964165-8489923,AMAZON,B0CBVBWZCG,,CRSF2003BM+PHRB1PBR40BM3PK+LSBS160RE3PK,1,30.74,30.74,2026-07-14 16:25:49,amazon Ledsone,false
1202119,202-5964165-8489923,AMAZON,B09HN38SMR,,CRSF100RE+PHRB1PWR40WH+CGWDWO+LSBS160RE,4,62.96,15.74,2026-07-14 16:25:49,amazon Ledsone,false
1202121,203-5369156-1931504,AMAZON,B0CN376GSP,,CRSF1202BM+PHHT2PBRBM2PK+SPUPBM2PK,1,19.89,16.57,2026-07-14 16:28:45,amazon Ledsone,false
1202124,205-1928548-4291511,AMAZON,B0FR8ZYWXB,,LSCY290BG2PK+RPR44WH2PK,1,31.79,31.79,2026-07-14 16:30:09,amazon Dcvoltage,false
1202131,202-9326242-6472327,AMAZON,B0B97Z4ZDD,,ENC3550,1,89.89,74.91,2026-07-14 16:44:07,amazon Ledsone,false
1202132,206-5099619-1176314,AMAZON,B0GR8XKW5B,,SPPGUK3PBM2PK,1,8.38,4.57,2026-07-14 16:43:21,amazon Ledsone,false
1202136,206-5159463-1122703,AMAZON,B0FX2TFPZM,,LSCYRO120WH2PK+RPR44WH2PK,1,22.89,22.89,2026-07-14 16:57:22,amazon Dcvoltage,false
1202141,204-9202443-2065964,AMAZON,B0CNZ18FKL,,ENC4313,1,47.89,47.89,2026-07-14 17:05:35,amazon Dcvoltage,false
1202142,202-8927571-3257948,AMAZON,B0CF28734Y,,WCB4BM+RPR44WH,1,11.88,7.49,2026-07-14 17:01:26,amazon Ledsone,false
1202143,206-4103604-6539552,AMAZON,B0GLXRPL51,,LHXWPE27PPWH,1,8.18,4.41,2026-07-14 17:01:44,amazon Ledsone,false
1202144,203-4854085-3489151,AMAZON,B0GMHCM3ND,,LHXSHE27WH2PK,1,16.69,13.91,2026-07-14 17:04:56,amazon Ledsone,false
1202147,026-2139531-1297163,AMAZON,B0CNPZDQHZ,,LDMG95E278,1,7.19,7.19,2026-07-14 17:14:21,amazon Dcvoltage,false
1202153,026-8331460-7213167,AMAZON,B0D9RX6QMT,,CRSF100WH2PK,2,20.26,9.08,2026-07-14 17:25:21,amazon Ledsone,false
1202157,202-8825691-7301950,AMAZON,B09477YHK7,,LDMG95E278APK,1,35.19,29.32,2026-07-14 17:36:01,amazon Ledsone,false
1202158,026-5193523-0044321,AMAZON,B0CVL9XQ1L,,LSEL400YE+RPR44WH,1,14.94,12.45,2026-07-14 17:36:09,amazon Ledsone,false
1202162,203-2968412-1233122,AMAZON,B0DBVQ3L6Z,,ENC7537,1,28.79,23.99,2026-07-14 17:51:30,amazon Ledsone,false
1202163,202-9847152-1513943,AMAZON,B0CNXLKDMF,,CL3THE3PK,1,8.35,4.99,2026-07-14 17:53:40,amazon Dcvoltage,false
1202166,206-3285169-1113966,AMAZON,B0GC5MC7HV,,LSH3325HE+RPR44WH,4,62.84,15.71,2026-07-14 18:04:27,amazon Dcvoltage,false
1202167,206-7165170-2029109,AMAZON,B0CQNKNK7T,,PLTTBC+LSTF40BC,1,23.89,23.89,2026-07-14 18:15:54,amazon Dcvoltage,false
1202170,204-7995390-5017901,AMAZON,B0D4Y9DKJD,,LDMG95E2786PK,1,21.49,21.49,2026-07-14 18:27:02,amazon Dcvoltage,false
1202171,205-5421461-2541924,AMAZON,B0B7KCXV72,,CRFF105GB,2,14.66,7.33,2026-07-14 18:18:52,amazon Ledsone,false
1202172,205-5421461-2541924,AMAZON,B0FJ26HZ8B,,CRFF500BC+CNS500BC3PK,1,13.24,13.24,2026-07-14 18:18:52,amazon Ledsone,false
1202183,204-5676105-4801928,AMAZON,B0FX2TFPZM,,LSCYRO120WH2PK+RPR44WH2PK,1,22.89,22.89,2026-07-14 18:40:14,amazon Dcvoltage,false
1202184,204-5218510-9030758,AMAZON,B0BTTJ16V7,,ENC4399,1,47.89,47.89,2026-07-14 18:40:31,amazon Dcvoltage,false
1202185,026-1708340-6455565,AMAZON,B0C866YW4W,,CRSF100BM2PK+PHSH1PBRYB2PK+LSCY290BU2PK,3,106.55,38.19,2026-07-14 18:42:13,amazon Dcvoltage,false
1202187,206-2740429-8496321,AMAZON,B0CCJ2TRB2,,SPSDP3WH3PK,1,10.09,8.41,2026-07-14 18:43:12,amazon Ledsone,false
1202188,205-4986022-7981120,AMAZON,B0D793XNFS,,WCB6BS2PK+RPR44WH2PK,1,16.89,14.07,2026-07-14 18:47:58,amazon Ledsone,false
1202194,203-0803025-5227513,AMAZON,B0D8L1HQXM,,RWWPSY0660YE,1,8.52,2.43,2026-07-14 18:49:26,amazon Dcvoltage,false
1202195,205-2284618-4151552,AMAZON,B08XBYP1C8,,CRFF108BM+LHTTE27BM,2,20.26,10.89,2026-07-14 19:07:21,amazon Dcvoltage,false
1202197,202-3311999-8085914,AMAZON,B0CNXJD9GN,,CL3TBM3PK,1,7.78,4.49,2026-07-14 19:12:06,amazon Dcvoltage,false
1202208,203-2983796-3837135,AMAZON,B0CNQ1Q3BJ,,LDMG125E278,2,15.23,8.19,2026-07-14 19:32:06,amazon Dcvoltage,false
1202215,202-3473039-8514716,AMAZON,B0DMNVPR4B,,LHCCE27WH+CGMLWH,3,20.56,5.89,2026-07-14 19:43:27,amazon Dcvoltage,false
1202217,203-1040098-6840351,AMAZON,B08X4K83DM,,ENC9699,1,18.89,18.89,2026-07-14 19:45:51,amazon Dcvoltage,false
1202228,205-8626435-6831547,AMAZON,B07D3Q8SQ9,,12IP67150,1,18.69,15.57,2026-07-14 20:23:52,amazon Ledsone,false
1202229,205-2601622-2485126,AMAZON,B0C3ZT8HVF,,LSCY290BI+RPR44WH,1,15.89,13.24,2026-07-14 20:15:34,amazon Ledsone,false
1202230,205-0360403-4357166,AMAZON,B0FY2HP9LJ,,PHUH0.5HETBM,4,40.51,9.08,2026-07-14 20:16:01,amazon Ledsone,false
1202232,026-9134856-8897137,AMAZON,B08XW91G7T,,WCB7WH+RPR44WH,2,20.18,10.09,2026-07-14 20:12:42,amazon Dcvoltage,false
1202233,203-8278319-5001933,AMAZON,B0DKP87147,,LHTRE27YB,2,14.68,7.89,2026-07-14 20:16:55,amazon Dcvoltage,false
1202235,205-0479654-6615543,AMAZON,B09L11514G,,12UK3P5A,1,12.89,10.74,2026-07-14 20:25:20,amazon Ledsone,false
1202236,205-3452809-2186707,AMAZON,B0DCDSZ719,,LDSG95DIE2743PK,1,21.19,17.66,2026-07-14 20:27:02,amazon Ledsone,false
1202238,026-5580348-9485105,AMAZON,B0CRZ53C55,,LSCY290BL+RPR44WH,1,15.89,15.89,2026-07-14 20:21:04,amazon Dcvoltage,false
1202243,205-6570789-5119521,AMAZON,B07PM5KN1T,,CL3TGL5PK,1,13.09,13.09,2026-07-14 20:34:16,amazon Dcvoltage,false
1202244,206-7180080-6497924,AMAZON,B0D8V6PJ9Q,,HLLK100BM,1,5.09,5.09,2026-07-14 20:36:45,amazon Dcvoltage,false
1202245,205-4258059-1102768,AMAZON,B0DQD9LY98,,PHSF1AGTGB3PK,1,30.29,25.24,2026-07-14 20:31:26,amazon Ledsone,false
1202246,206-8674854-9917907,AMAZON,B093T4C95B,,LSMS320CB+RPR44WH,1,14.99,12.49,2026-07-14 20:31:44,amazon Ledsone,false
1202247,205-1563645-4099565,AMAZON,B0CFHKYH59,,CRSF100BM2PK+PHRNWP2RBM2PK,1,20.09,16.74,2026-07-14 20:39:49,amazon Ledsone,false
1202248,203-5359313-5922753,AMAZON,B08XVT2VKW,,WCB6WH+RPR44WH,1,10.49,10.49,2026-07-14 20:42:03,amazon Dcvoltage,false
1202262,206-7305187-4317912,AMAZON,B0DG29SP2H,,LDMA60E274WW2PK,1,7.99,6.66,2026-07-14 21:04:43,amazon Ledsone,false
1202263,204-9467101-9447551,AMAZON,B0CPBY28LB,,LSCY290GY+RPR44WH,1,16.09,16.09,2026-07-14 21:08:36,amazon Dcvoltage,false
1202269,026-9881371-9759540,AMAZON,B0GXB7RGZK,,WCBSF90FG2PK+RPR44WH2PK,1,20.89,17.41,2026-07-14 21:21:31,amazon Ledsone,false
1202270,203-1977999-7032325,AMAZON,B0CHRLKFF1,,WCB7BB+RPR44WH,1,10.49,8.74,2026-07-14 21:25:38,amazon Ledsone,false
1202281,205-6482002-7874761,AMAZON,B0FPQZHKXS,,LDCWT75B22122PK,1,15.89,13.24,2026-07-14 21:32:19,amazon Ledsone,false
1202292,205-6289324-7353125,AMAZON,B08PC6465V,,LHSHE27FG,4,32.33,7.24,2026-07-14 21:39:36,amazon Ledsone,false
1202293,205-3621678-8822745,AMAZON,B0DH9FDGZY,,CL3TBRAPK,1,20.99,20.99,2026-07-14 21:46:21,amazon Dcvoltage,false
1202294,205-1845082-7259553,AMAZON,B07CSVGZMV,,CL3TBUAPK,1,19.99,19.99,2026-07-14 21:39:36,amazon Dcvoltage,false
1202296,026-8868426-1575562,AMAZON,B09JSST32V,,ENC2002,1,74.94,62.45,2026-07-14 21:55:01,amazon Ledsone,false
1202297,026-9993441-5848347,AMAZON,B0C8NJDTJS,,WCDCBM+RPR44WH,1,8.32,8.32,2026-07-14 21:55:01,amazon Ledsone,false
1202298,026-9993441-5848347,AMAZON,B0DDBWLZ5G,,WCBCBC,1,9.16,9.16,2026-07-14 21:55:01,amazon Ledsone,false
1202299,026-9993441-5848347,AMAZON,B0DTZ1D4QX,,LSTL260BG,1,10.91,10.91,2026-07-14 21:55:01,amazon Ledsone,false
1202300,206-8155873-3025952,AMAZON,B0FX2SP39V,,LSCYRO200WH2PK+RPR44WH2PK,1,28.89,28.89,2026-07-14 21:50:00,amazon Dcvoltage,false
1202301,205-2373357-0010741,AMAZON,B0D5711PRY,,WCB6BM2PK+RPR44WH2PK,1,15.79,15.79,2026-07-14 21:52:18,amazon Dcvoltage,false
1202305,206-9605292-2563538,AMAZON,B082DDY7BX,,CRSF2003WH,1,11.49,11.49,2026-07-14 22:06:15,amazon Dcvoltage,false
1202310,204-2787813-3793120,AMAZON,B0FN7GGJYC,,CRSF100SN+LHNSE27SN,2,18.04,9.02,2026-07-14 22:13:30,amazon SRM Amazon,false
1202313,204-8587675-9375544,AMAZON,B0D2N41QCP,,CRFF500WH,2,23.23,10.41,2026-07-14 22:28:33,amazon Ledsone,false
1202316,205-9838668-5816319,AMAZON,B0F9YHFVDF,,CRSF100HBM+WSWR1PFTBM+RD30+WR+PSDS4RBM,1,22.99,22.99,2026-07-14 22:29:53,amazon Dcvoltage,false
1202317,203-4929920-8162707,AMAZON,B0BNNTZSBR,,LDMG125B2286PK,1,23.19,19.32,2026-07-14 22:29:49,amazon Ledsone,false
1202318,206-2605358-1533904,AMAZON,B0DVLPPMXL,,PHSHF1PBRYB+LSCY290BG+ICST64E27,1,21.99,18.32,2026-07-14 22:33:14,amazon Ledsone,false
1202319,203-6623079-3822724,AMAZON,B0CSMMG9C2,,CRFF100FG2PK,1,13.89,13.89,2026-07-14 22:47:48,amazon Dcvoltage,false
1202321,206-2031645-5725127,AMAZON,B0CC9MT4JM,,LSLT360RE+RPR44WH,1,13.88,13.88,2026-07-14 13:03:42,amazon Dcvoltage,false
1202322,205-0289858-1528339,AMAZON,B0863LVZNG,,PHSF1AGTGB,5,74.45,12.41,2026-07-14 22:49:23,amazon Ledsone,false
1202326,204-5127603-5341151,AMAZON,B0BZ4WQ5FM,,ENC8893,1,23.89,23.89,2026-07-14 23:03:25,amazon Dcvoltage,false
1202331,026-6490919-2620309,AMAZON,B0D4YPCPPS,,LDMG80E2746PK,1,19.39,19.39,2026-07-14 23:12:58,amazon Dcvoltage,false
1202332,203-8807312-9245152,AMAZON,B07CSVGZMV,,CL3TBUAPK,1,19.99,19.99,2026-07-14 23:12:00,amazon Dcvoltage,false
1202336,026-2075541-6885963,AMAZON,B08KJJWJKK,,CRFF500BM+PHHT1PBRBM3PK+WCDCBM3PK,1,36.99,30.82,2026-07-14 23:23:48,amazon Ledsone,false
1202339,205-6954370-6110704,AMAZON,B08XWSBPHW,,WCB1BM+RPR44WH,1,9.99,9.99,2026-07-14 23:42:16,amazon Dcvoltage,false
1202349,202-1328821-3324317,AMAZON,B0GLZ2SYN4,,PLTRBC,1,45.89,38.24,2026-07-15 00:53:24,amazon Ledsone,false
1202350,202-0792948-0218749,AMAZON,B07VXWJ5WY,,CRSF100BM2PK+PHCH1BMRBM2PK+LSCY290BM2PK,1,34.98,29.15,2026-07-15 01:04:43,amazon Ledsone,false
1202351,202-1962539-1520311,AMAZON,B0CNPZ99QB,,LDMG80E274,1,6.49,6.49,2026-07-14 22:27:06,amazon Dcvoltage,false
1202352,205-8536567-4051544,AMAZON,B0DHGLCQW2,,LSCY290WH+RPR44WH,1,15.89,13.24,2026-07-15 01:13:31,amazon Ledsone,false
1202354,203-9017484-7668312,AMAZON,B0CF1L9VBS,,BLOB1GU200+LDGU10WD5,1,23.89,23.89,2026-07-15 02:27:47,amazon Dcvoltage,false
1202355,203-0770853-7298716,AMAZON,B0F9X4RS4W,,CL2RGDAPK,1,18.99,15.82,2026-07-15 02:34:34,amazon Ledsone,false
1202356,205-6213758-8112302,AMAZON,B0DTZ24CTF,,LSMS320BG+RPR44WH,1,16.59,13.82,2026-07-15 02:47:25,amazon Ledsone,false
1202399,203-8500830-5469101,AMAZON,B093H8YG8Z,,LSMS320GY+RPR44WH,1,14.99,12.49,2026-07-15 06:38:38,amazon Ledsone,false
1202402,204-9878164-8710767,AMAZON,B0F9WXH3SL,,CL2RBMAPK,1,18.99,15.82,2026-07-15 06:50:45,amazon Ledsone,false
1202409,206-8729590-7593169,AMAZON,B086228MDF,,LDMST64B2286PK,1,19.89,16.57,2026-07-15 07:39:16,amazon Ledsone,false
1202410,205-7321078-8841152,AMAZON,B0CRZ4FYL7,,LSCY290YE+RPR44WH,1,15.89,15.89,2026-07-15 07:32:37,amazon Dcvoltage,false
1202415,206-2330812-8337107,AMAZON,B0DNQMTPBP,,PLTYBS2PK+ICST64E272PK,2,77.48,33.99,2026-07-15 07:47:08,amazon Ledsone,false
1202430,203-5486742-6808361,AMAZON,B0CVGHCYCK,,CENU46450BM,10,39.09,3.02,2026-07-15 08:35:36,amazon Ledsone,false
1202437,026-9007082-3961149,AMAZON,B0CNCT6LR5,,WLWOFTBM2PK,1,20.59,15.59,2026-07-15 08:40:42,amazon Dcvoltage,false
1202446,206-2152484-2860300,AMAZON,B0DNMRZ2NK,,CO532AORFPK,1,28.89,28.89,2026-07-15 09:07:35,amazon Dcvoltage,false
1202448,205-6199101-5369122,AMAZON,B0DF7S438X,,LSMS320WH2PK+RPR44WH2PK,1,27.99,23.32,2026-07-15 09:03:55,amazon Ledsone,false
1202449,026-0864977-2631558,AMAZON,B0DX6NBT9P,,CENU19150WH,1,4.38,0.91,2026-07-15 09:05:04,amazon Ledsone,false
1202452,206-3991176-8845165,AMAZON,B0743GYD52,,CO332AORAPK,1,5.68,2.32,2026-07-15 09:17:44,amazon Ledsone,false
1202453,206-8891252-7014753,AMAZON,B0FZCQMY9B,,LSHM400HE2PK+RPR44WH2PK,1,57.58,53.69,2026-07-15 09:09:16,amazon Dcvoltage,false
1202464,206-2032379-7512337,AMAZON,B0B8DVBX4Q,,CRSF1204BM,1,11.37,7.07,2026-07-15 09:28:45,amazon Ledsone,false
1202465,203-7103996-9133929,AMAZON,B09M42FP91,,LDMG125E2783PK,1,20.49,20.49,2026-07-15 09:19:57,amazon Dcvoltage,false
1202467,205-9033382-0541156,AMAZON,B0DTHJYV3K,,WCB6BC3PK+RPR44WH3PK,1,22.09,22.09,2026-07-15 09:29:16,amazon Dcvoltage,false
1202472,202-1665484-6786747,AMAZON,B0FVM8LHNX,,CERU36150BL,1,4.58,1.41,2026-07-15 09:37:31,amazon Ledsone,false
1202473,203-2968417-5178734,AMAZON,B0CNTG9QQ4,,WCB2WH+RPR44WH,1,10.09,10.09,2026-07-15 09:32:10,amazon Dcvoltage,false
1202476,026-2827970-0920360,AMAZON,B0DYTPN1NZ,,RWWPSY0640YE,1,9.38,5.41,2026-07-15 09:40:14,amazon Ledsone,false
1202484,206-7758081-3517961,AMAZON,B08T7J71TR,,CRSF108YB+WSAT105YB,2,21.78,10.89,2026-07-15 10:12:46,amazon SRM Amazon,false
1202485,206-7962102-2199523,AMAZON,B0FPWVFF9W,,LDCWA60HE27126PK,4,30.35,6.24,2026-07-15 10:00:34,amazon Ledsone,false
1202486,206-5578830-0065111,AMAZON,B0CNJX1DV8,,WCB7WH+RPR44WH,1,9.98,9.98,2026-07-15 10:04:54,amazon Dcvoltage,false
1202491,204-7295148-5714706,AMAZON,B0BWS7GYWL,,LSDO210BI+RPR44WH,1,11.89,11.89,2026-07-15 10:14:50,amazon Dcvoltage,false
1202492,204-9939863-7335501,AMAZON,B0G5ZRFC58,,CRSF100BM+PHNW1RBM+ICST64E27,1,14.89,12.41,2026-07-15 10:12:51,amazon Ledsone,false
1202495,203-6586175-2863521,AMAZON,B0CGZSD2RV,,LSMCSPFLMC2PK+RPM40WH2PK,1,45.89,38.24,2026-07-15 10:19:05,amazon Ledsone,false
1202504,202-7581313-4163535,AMAZON,B08KJJWJKK,,CRFF500BM+PHHT1PBRBM3PK+WCDCBM3PK,1,36.99,30.82,2026-07-15 10:33:00,amazon Ledsone,false
1202506,203-7785580-9533969,AMAZON,B0C9TWTCZ8,,LSCY210BG+RPR44WH,1,12.49,12.49,2026-07-15 10:28:56,amazon Dcvoltage,false
1202507,204-3684125-5669130,AMAZON,B09JVSRK4Y,,LDSG95DIE274APK,1,38.89,38.89,2026-07-15 10:30:40,amazon Dcvoltage,false
1202508,205-5801062-2486763,AMAZON,B0F9YJX982,,CRSF100HBM+WSWS1PHTBM+PSDS2BPB+WCDCBM,2,44.98,19.99,2026-07-15 10:35:14,amazon Dcvoltage,false
1202522,026-8800306-4263504,AMAZON,B0CRZ54MPY,,LSCY290SN+RPR44WH,1,16.89,16.89,2026-07-15 10:58:15,amazon Dcvoltage,false
1202523,026-3262312-2689105,AMAZON,B0GVT5JPGR,,WCBTC100FG2PK+RPR44WH2PK,1,17.89,14.91,2026-07-15 10:53:28,amazon Ledsone,false
1202536,203-6890663-5781929,AMAZON,B07LFF7MM6,,CL3RBMAPK,1,21.50,21.50,2026-07-15 11:15:52,amazon Dcvoltage,false
1202538,202-2528477-7905159,AMAZON,B0B8J8FJFN,,CRSF1202CO,1,9.48,5.49,2026-07-15 11:13:28,amazon Ledsone,false
1202539,203-9418220-3184367,AMAZON,B0DP2CQ86C,,PHUH1HETBM2PK+LSHM400HE2PK,2,129.00,53.75,2026-07-15 11:23:58,amazon Ledsone,false
1202540,205-9593538-3436327,AMAZON,B0G39WZSPF,,LSBG136AR+SCRN70BM,1,18.89,15.74,2026-07-15 11:25:21,amazon Ledsone,false
1202558,203-1066246-9067548,AMAZON,B0DMF2KF74,,ENC10225,1,27.29,22.74,2026-07-15 11:31:25,amazon Ledsone,false
1202559,205-5851329-6673132,AMAZON,B0DH4KYFPD,,WCDTBM2PK+RPR44WH2PK,1,18.19,15.16,2026-07-15 11:37:39,amazon Ledsone,false
1202561,206-7404009-7411518,AMAZON,B07NDDXGSV,,PLTARR,2,49.78,24.89,2026-07-15 11:33:58,amazon Dcvoltage,false
1202562,206-7404009-7411518,AMAZON,B09D3YTMG9,,PLDMRR+LDMST64E274,2,51.78,25.89,2026-07-15 11:33:58,amazon Dcvoltage,false
1202563,206-7404009-7411518,AMAZON,B08X7D256H,,PLHWRR,3,65.67,21.89,2026-07-15 11:33:58,amazon Dcvoltage,false
1202564,026-9606419-5490715,AMAZON,B0DVLPPMXL,,PHSHF1PBRYB+LSCY290BG+ICST64E27,4,87.96,18.33,2026-07-15 11:45:52,amazon Ledsone,false
1202573,202-4748870-2264365,AMAZON,B0DF7BD73R,,CRSF100BM+PHRYWP1RBM,3,32.06,9.57,2026-07-15 11:59:03,amazon Ledsone,false
1202574,202-8873582-2828364,AMAZON,B0D8L1HQXM,,RWWPSY0660YE,1,5.97,2.99,2026-07-15 11:59:32,amazon Dcvoltage,false
1202591,204-0664793-3265920,AMAZON,B0DFHHJHZ6,,HLCH96BM2PK,6,34.74,5.79,2026-07-15 12:20:32,amazon Dcvoltage,false
1202592,204-0664793-3265920,AMAZON,B0DFHJT3JZ,,HLCH96BM,1,2.89,2.89,2026-07-15 12:20:32,amazon Dcvoltage,false
1202595,206-9119847-6065119,AMAZON,B0D9Q69R2Z,,PLWSBM+ICST64E272PK,1,24.19,24.19,2026-07-15 12:34:20,amazon Dcvoltage,false
1202596,204-6884859-8008308,AMAZON,B0G2YBJVW4,,ENC7844,3,58.00,20.79,2026-07-15 12:37:37,amazon Dcvoltage,false
1202597,204-3629920-0131554,AMAZON,B0FPWXQWQD,,LDCWA60HB2296PK,1,9.98,6.24,2026-07-15 12:37:34,amazon Ledsone,false
1202601,203-4574774-6305946,AMAZON,B0GTVB7Y5W,,LDMT185B2243PK,1,12.89,10.74,2026-07-15 12:51:21,amazon Ledsone,false
1202609,204-5486069-4736301,AMAZON,B0F7973FYS,,CGCEYB5PK,1,4.18,1.89,2026-07-15 12:59:02,amazon SRM Amazon,false
1202610,204-6705268-3225909,AMAZON,B0C5CS3J1H,,CRSF100BM+WSHR135BM+LSFT220BG,2,34.30,14.29,2026-07-15 12:58:50,amazon Ledsone,false
1202614,202-4990069-7680311,AMAZON,B0DNK2H74S,,ENC10078,1,29.89,24.91,2026-07-15 13:13:35,amazon Ledsone,false
1202615,205-4299616-6111562,AMAZON,B0BPMQXMQR,,CRSF100WH,2,14.87,5.99,2026-07-15 13:14:56,amazon Dcvoltage,false
1202620,202-0467809-5624325,AMAZON,B0DHLDR6GQ,,LSCO335WH2PK+RPR44WH2PK,3,82.47,22.91,2026-07-15 13:22:44,amazon Ledsone,false
1202633,206-5761996-9323549,AMAZON,B0FFB3XJ7G,,BS6S8033GY,1,20.89,17.41,2026-07-15 13:40:43,amazon Ledsone,false
1202637,202-5507696-1951532,AMAZON,B0FKMB9NWG,,CRFF108BM2PK+LHTTE27BM2PK,1,18.29,15.24,2026-07-15 13:56:02,amazon Ledsone,false
1202638,202-6863440-1543546,AMAZON,B0CZXL6ZYG,,TPOSBDBM,1,23.99,19.99,2026-07-15 13:55:57,amazon Ledsone,false
1202647,203-3869447-7458763,AMAZON,B0DMT1CNYN,,CO232AGYEPK,3,25.87,7.89,2026-07-15 14:15:35,amazon Dcvoltage,false
1202651,026-1659459-8799569,AMAZON,B0DYT8NSY9,,RWWPSY0660YE,1,5.78,2.41,2026-07-15 14:21:14,amazon Ledsone,false
1202652,203-2541082-8469135,AMAZON,B0CDLVQNNV,,WLRPE27BM3PK+LDA60E278WW3PK,3,171.56,51.24,2026-07-15 14:38:34,amazon Ledsone,false
1202663,026-0316990-9793938,AMAZON,B0DFHL7MZ1,,LSCY290BS+RPR44WH,1,15.89,15.89,2026-07-15 14:46:13,amazon Dcvoltage,false
1202665,202-4648141-4338706,AMAZON,B0F6775Q2J,,LSMCSQWYRE+RPM40WH,1,20.79,17.32,2026-07-15 14:52:36,amazon Ledsone,false
1202666,206-1794306-0780326,AMAZON,B093H8YG8Z,,LSMS320GY+RPR44WH,1,22.49,12.19,2026-07-15 14:52:49,amazon Ledsone,false
1202667,026-8533462-5201900,AMAZON,B0FN7GZ1FJ,,CRSF100WH+LHNSE27WH,1,14.28,11.99,2026-07-15 14:51:32,amazon SRM Amazon,false
1202668,204-6825471-7839509,AMAZON,B07SHRTLP7,,CRSF120BM,3,18.76,5.29,2026-07-15 14:58:55,amazon SRM Amazon,false
1202672,026-5895795-9478733,AMAZON,B097DWPVNN,,CBSF95,1,3.89,3.24,2026-07-15 15:00:10,amazon Ledsone,false
1202673,205-9567393-3100359,AMAZON,B0CGRPTT6W,,CRSF100BM+PHRYWP2RBM,1,11.29,9.41,2026-07-15 15:08:27,amazon Ledsone,false
1202679,026-2111594-4188347,AMAZON,B0G7CBNVMV,,12UK3P5A+SLW8,1,13.17,13.17,2026-07-15 15:14:24,amazon Dcvoltage,false
1202680,202-2637449-3608318,AMAZON,B0GY3YW6T7,,LSGL9015CL3PK+RPM40WH3PK,1,22.89,22.89,2026-07-15 15:14:38,amazon Dcvoltage,false
1202686,206-5064191-1333932,AMAZON,B0B4G7M44G,,CNT900GB,1,7.58,3.91,2026-07-15 15:37:20,amazon Ledsone,false
1202688,205-7922296-6125113,AMAZON,B0CN12CQ9D,,CRFF500BM+PHTT1PBRBM3PK+WCBCBB3PK,1,29.99,29.99,2026-07-15 15:43:16,amazon Dcvoltage,false
1202694,203-4988795-3038753,AMAZON,B08KGF2ZG7,,CL3RHE5PK,4,55.16,13.79,2026-07-15 15:50:26,amazon Dcvoltage,false
1202695,204-9862320-3041942,AMAZON,B0B8VVQSNV,,LDSG125LOE274,1,8.99,7.49,2026-07-15 15:59:13,amazon Ledsone,false
1202704,204-3551197-7865148,AMAZON,B0DTKGNVRT,,WCB1BM3PK+RPR44WH3PK,1,21.49,21.49,2026-07-15 16:05:49,amazon Dcvoltage,false
1202709,204-7446223-0305960,AMAZON,B0FN7GGJYC,,CRSF100SN+LHNSE27SN,2,31.56,15.78,2026-07-15 16:26:39,amazon SRM Amazon,false
1202710,202-5358831-4813104,AMAZON,B0GW83X9F4,,LHSWPBB22GD,1,12.79,9.90,2026-07-15 16:18:19,amazon Dcvoltage,false
1202714,026-9793168-4017142,AMAZON,B0DGGKGSZL,,IMWW FPK,6,159.18,26.53,2026-07-15 16:31:42,amazon Dcvoltage,false
1202716,205-3338121-8611540,AMAZON,B0D961B99S,,CO532AGYAPK,1,6.58,3.07,2026-07-15 16:43:10,amazon Ledsone,false
1202721,204-0326784-3133149,AMAZON,B07PM5KN1T,,CL3TGL5PK,1,13.09,13.09,2026-07-15 16:58:38,amazon Dcvoltage,false
1202729,026-3371701-3577967,AMAZON,B0DK8V8D2L,,LHPOE27CO,1,12.78,8.24,2026-07-15 17:16:13,amazon Ledsone,false
1202733,204-1968024-7218717,AMAZON,B0DH69K124,,CL2TBM3PK,1,9.99,9.99,2026-07-15 17:26:15,amazon Dcvoltage,false
1202737,026-5496769-6781138,AMAZON,B0F2YNF4WW,,RWWPSY12GY,1,4.88,1.99,2026-07-15 17:30:19,amazon Dcvoltage,false
1202738,204-6933232-5184324,AMAZON,B09JVQ6VXT,,LDSG95DIE2743PK,1,19.89,19.89,2026-07-15 17:36:01,amazon Dcvoltage,false
1202739,204-5688586-4175528,AMAZON,B08VGM55LP,,LSCY290RE+RPR44WH,1,15.79,15.79,2026-07-15 17:41:57,amazon Dcvoltage,false
1202742,026-6393257-4182754,AMAZON,B0CNXKLKWH,,CL3TBK3PK,1,7.78,4.49,2026-07-15 17:40:58,amazon Dcvoltage,false
1202743,204-0767317-7740334,AMAZON,B0DH93SBTS,,CL3TGY5PK,1,11.99,11.99,2026-07-15 17:43:51,amazon Dcvoltage,false
1202747,203-6115326-5713944,AMAZON,B0DH9BRNQ7,,CL3THE3PK,1,11.28,7.99,2026-07-15 17:50:18,amazon Dcvoltage,false
1202754,204-8906867-1140307,AMAZON,B0G49D2BKG,,WCCYSP180BM2PK+RPR44WH2PK,1,23.89,23.89,2026-07-15 18:08:23,amazon Dcvoltage,false
1202760,203-2176951-4201931,AMAZON,B08TCDTBHD,,LSCY290BI+RPR44WH,1,15.89,15.89,2026-07-15 18:16:58,amazon SRM Amazon,false
1202762,204-5205922-9761949,AMAZON,B08V8MTWLK,,WCB5BC+RPR44WH,1,10.89,10.89,2026-07-15 18:10:25,amazon Dcvoltage,false
1202766,206-3363210-4623529,AMAZON,B0GLPXP4C3,,LSCY290DGR+RPR44WH,2,29.78,12.41,2026-07-15 18:24:20,amazon Ledsone,false
1202768,204-9854317-1582753,AMAZON,B0CPBXD3C5,,LSCY290WH+RPR44WH,1,15.89,15.89,2026-07-15 18:27:35,amazon Dcvoltage,false
1202780,206-6252310-2597123,AMAZON,B0CV7K3P22,,RWGS1533WH,1,7.25,3.89,2026-07-15 19:03:13,amazon Dcvoltage,false
1202781,206-8483463-4154712,AMAZON,B0F2YNF4WW,,RWWPSY12GY,2,6.87,1.99,2026-07-15 19:09:04,amazon Dcvoltage,false
1202785,203-7451578-0610741,AMAZON,B0CV7K4PZC,,RWGS1342WH,1,3.59,3.59,2026-07-15 19:17:57,amazon Dcvoltage,false
1202786,203-7451578-0610741,AMAZON,B0CV7K3P22,,RWGS1533WH,1,3.89,3.89,2026-07-15 19:17:57,amazon Dcvoltage,false
1202787,204-5119621-8858714,AMAZON,B0F7LJ95H8,,PCBM20PCBMCPK,1,18.49,15.41,2026-07-15 19:14:23,amazon Ledsone,false
1202790,203-9200707-1660331,AMAZON,B0FH6JJKV4,,SPSDP2BMY,1,8.58,4.74,2026-07-15 19:24:43,amazon Ledsone,false
1202792,205-2024258-9301927,AMAZON,B08XWSBPHW,,WCB1BM+RPR44WH,1,9.99,9.99,2026-07-15 19:40:50,amazon Dcvoltage,false
1202802,026-1479984-8021104,AMAZON,B0H1MS8KF4,,LDCWA60HE2776PK,1,9.08,5.16,2026-07-15 19:38:48,amazon Ledsone,false
1202804,203-9505297-8313913,AMAZON,B0F29P1SH6,,CERU36150GR,1,4.58,1.41,2026-07-15 19:46:31,amazon Ledsone,false
1202810,202-4252013-6329115,AMAZON,B0DK9HVHXX,,LHAHE27CH,1,7.87,4.15,2026-07-15 20:12:28,amazon Ledsone,false
1202812,204-0823171-4439530,AMAZON,B0F29P1SH6,,CERU36150GR,1,4.58,1.41,2026-07-15 20:17:44,amazon Ledsone,false
1202814,205-0408362-2609928,AMAZON,B0FRML5GMP,,PLMJBC,1,26.69,22.24,2026-07-15 20:17:09,amazon Ledsone,false
1202815,205-3556864-5879510,AMAZON,B0F29MP4SZ,,PLWLBC,2,32.90,14.74,2026-07-15 20:17:09,amazon Ledsone,false
1202816,206-1184289-6013951,AMAZON,B0GD7QCY89,,ENC10189,1,21.89,21.89,2026-07-15 20:19:50,amazon Dcvoltage,false
1202819,206-1017852-3017920,AMAZON,B0D93LH1YN,,ENC7472,1,31.89,26.57,2026-07-15 20:31:36,amazon Ledsone,false
1202820,204-7866837-6722757,AMAZON,B0C9TWTCZ8,,LSCY210BG+RPR44WH,1,12.49,12.49,2026-07-15 20:34:37,amazon Dcvoltage,false
1202824,203-3597070-2527554,AMAZON,B0DNJF99S5,,PCBSM2FBM,1,7.78,4.07,2026-07-15 20:44:28,amazon Ledsone,false
1202825,206-0698054-8767509,AMAZON,B08RYTP5WV,,HRE2738WH2PK,1,3.80,0.91,2026-07-15 20:44:22,amazon SRM Amazon,false
1202830,202-8262142-9777903,AMAZON,B0CW37QQGC,,BSTS702RE,1,11.88,7.49,2026-07-15 20:52:59,amazon Ledsone,false
1202833,206-3603474-7087524,AMAZON,B0CGRGZ9C2,,CRSF100BM+SPUPBM+PHRNWP2RBM+ICST64E27,1,17.69,14.74,2026-07-15 21:03:14,amazon Ledsone,false
1202845,026-9510338-2446740,AMAZON,B0C3ZT8HVF,,LSCY290BI+RPR44WH,1,15.89,13.24,2026-07-15 21:34:31,amazon Ledsone,false
1202846,026-1938452-2153139,AMAZON,B0CNQ1Q3BJ,,LDMG125E278,1,8.19,8.19,2026-07-15 21:34:58,amazon Dcvoltage,false
1202848,203-6747500-8287505,AMAZON,B0DBVSYJ7Q,,ENC7542,1,28.79,23.99,2026-07-15 21:45:17,amazon Ledsone,false
1202849,205-2990638-4128331,AMAZON,B0GTQRN1PC,,LSGL12010AR2PK+RPM40WH2PK,1,13.89,13.89,2026-07-15 21:45:50,amazon Dcvoltage,false
1202852,203-6794372-4970768,AMAZON,B0FGJPXT9B,,PHHT1FBRBM+LSHM300HE,1,32.89,27.41,2026-07-15 21:50:48,amazon Ledsone,false
1202856,205-5237196-3533964,AMAZON,B0929BBD84,,PLWEBC+PHNW1RBC,1,28.89,24.07,2026-07-15 21:59:52,amazon Ledsone,false
1202860,203-4981138-7471513,AMAZON,B0DG5BJMYN,,CRSF100RE+WSCH135RE+LSDO210RE,2,42.58,22.89,2026-07-15 22:11:22,amazon Dcvoltage,false
1202861,205-2242594-0014713,AMAZON,B093T3TR2Y,,LSCY290GR+RPR44WH,1,17.89,14.91,2026-07-15 22:08:12,amazon Ledsone,false
1202862,203-0341425-0096327,AMAZON,B0GLYWJ4WL,,PLTRULBM,1,60.89,50.74,2026-07-15 22:19:01,amazon Ledsone,false
1202867,026-5270497-4041145,AMAZON,B08PC4KXGK,,LHSHE27WH,1,10.78,7.89,2026-07-15 22:24:20,amazon SRM Amazon,false
1202868,026-3044491-0341938,AMAZON,B0CNXJD9GN,,CL3TBM3PK,1,4.49,4.49,2026-07-15 22:24:20,amazon Dcvoltage,false
1202869,026-3044491-0341938,AMAZON,B0CNXJQWJ8,,CL3TRE3PK,1,7.49,7.49,2026-07-15 22:24:20,amazon Dcvoltage,false
1202871,203-8059602-3585956,AMAZON,B07ZFWGQ85,,CRFF100RO+LHNSE27RO,1,13.89,13.89,2026-07-15 22:29:54,amazon Dcvoltage,false
1202872,203-2982435-7628321,AMAZON,B0DH9FC86W,,CL3TRE3PK,3,28.29,7.99,2026-07-15 22:39:30,amazon Dcvoltage,false
1202873,204-4749114-1821165,AMAZON,B0823ZDYDS,,LDMST64E2746PK,1,19.29,19.29,2026-07-15 22:39:28,amazon Dcvoltage,false
1202874,203-7890758-3780351,AMAZON,B0FZK7QKYM,,ENC9049,1,18.79,15.66,2026-07-15 22:36:06,amazon Ledsone,false
1202875,202-0024173-0150707,AMAZON,B0D4TG5X8R,,WLFS220BM,1,15.59,15.59,2026-07-15 22:52:16,amazon Dcvoltage,false
1202879,204-7687455-5565926,AMAZON,B0G5XLBDKH,,CRSF2003BM+PHNW1RBM3PK,1,22.89,22.89,2026-07-15 23:17:24,amazon Dcvoltage,false
1202881,206-1996597-5333901,AMAZON,B0F7R1VSQD,,CL3TWHAPK,1,19.49,16.24,2026-07-15 23:54:33,amazon Ledsone,false
1202883,026-3392689-5305901,AMAZON,B0CRYMKK98,,WJCUKKJWH2PK,1,16.39,16.39,2026-07-16 00:23:02,amazon Dcvoltage,false
1202886,202-8913343-6090735,AMAZON,B0DFHLHCH3,,LSCY290BB+RPR44WH,1,15.89,15.89,2026-07-16 00:43:20,amazon Dcvoltage,false
1202887,204-2322591-2754710,AMAZON,B0DH9K22DP,,CL3TRE5PK,1,11.99,11.99,2026-07-16 00:43:58,amazon Dcvoltage,false
1202890,203-4003969-3965164,AMAZON,B0CH17JLH8,,LSBF3BWG+ICST64E273PK,1,44.89,37.41,2026-07-16 00:57:47,amazon Ledsone,false
1202934,204-5627938-1797923,AMAZON,B0B8VVQSNV,,LDSG125LOE274,1,8.99,7.49,2026-07-16 05:21:42,amazon Ledsone,false
1202937,202-4293195-4017967,AMAZON,B0FN7GS5QJ,,CRSF100YB+LHNSE27YB,5,62.24,11.99,2026-07-16 05:33:19,amazon SRM Amazon,false
1202958,026-6692734-0593929,AMAZON,B0CSNHB4KG,,ENC8625,1,30.89,30.89,2026-07-16 07:09:57,amazon Dcvoltage,false
1202961,205-3626047-8400340,AMAZON,B083XMSFQF,,CL2RGL3PK,1,9.28,4.99,2026-07-16 07:32:09,amazon Ledsone,false
1202962,205-5515003-5461128,AMAZON,B0H2SC8XF1,,PCBISR2PK,1,5.89,4.91,2026-07-16 07:35:17,amazon Ledsone,false
1202966,205-7337564-5005167,AMAZON,B0DTPHMRW8,,WCB2WH3PK+RPR44WH3PK,1,21.89,18.24,2026-07-16 07:41:29,amazon Ledsone,false
1202971,204-4212033-7983546,AMAZON,B0CZXL6ZYG,,TPOSBDBM,1,23.99,19.99,2026-07-16 08:01:53,amazon Ledsone,false
1202976,204-1719332-1051556,AMAZON,B0GZND9ZR6,,LHSWPBB22GD2PK,1,14.79,12.32,2026-07-16 08:11:51,amazon Ledsone,false
1202989,203-5732856-6342759,AMAZON,B0CN4N488G,,PLWLBM,2,37.38,18.69,2026-07-16 08:35:48,amazon Dcvoltage,false
1202997,202-5137686-9486758,AMAZON,B0FNWFF268,,LSWD360BG+RPR44WH,1,19.69,16.41,2026-07-16 08:57:22,amazon Ledsone,false
1203003,202-8042125-4165907,AMAZON,B0DTZ26LDY,,LSHH240BG+RPR44WH,1,11.32,11.32,2026-07-16 08:57:22,amazon Ledsone,false
1203004,202-8042125-4165907,AMAZON,B0DTZ1MNRH,,LSMS320BG+RPR44WH,1,13.91,13.91,2026-07-16 08:57:22,amazon Ledsone,false
1203015,203-6952448-8557144,AMAZON,B0F28YQ2YG,,CERU36150GR,1,1.99,1.99,2026-07-16 09:25:27,amazon Dcvoltage,false
1203016,203-6952448-8557144,AMAZON,B0F28X88QJ,,CERU36200GR,1,1.99,1.99,2026-07-16 09:25:27,amazon Dcvoltage,false
1203038,204-3785779-9870731,AMAZON,B0D8PBBHK5,,IMRGFPK,1,27.53,22.94,2026-07-16 09:47:51,amazon Ledsone,false
1203039,206-0128212-3856331,AMAZON,B08C5DWBHH,,CL3TBU,2,13.07,5.09,2026-07-16 10:20:45,amazon SRM Amazon,false
1203048,204-4327228-9356369,AMAZON,B0DH937VLZ,,CL3TCR3PK,1,12.28,8.99,2026-07-16 10:33:26,amazon Dcvoltage,false
1203061,026-2324957-5137951,AMAZON,B0DG29SP2H,,LDMA60E274WW2PK,1,7.99,6.66,2026-07-16 11:07:33,amazon Ledsone,false
1203062,204-8643162-8029125,AMAZON,B096FR3CD5,,PLADBC+ICST64E273PK,1,53.89,53.89,2026-07-16 11:04:54,amazon Dcvoltage,false
1203066,205-3904267-3508359,AMAZON,B0DMT5YWLR,,PCFT90TBM5PK,2,22.47,8.16,2026-07-16 11:10:44,amazon Ledsone,false
1203068,204-9404689-6921114,AMAZON,B0DFM47FGT,,ENC1595,1,36.99,30.82,2026-07-16 11:23:01,amazon Ledsone,false
1203069,202-9911203-9057130,AMAZON,B0DBYZMD44,,LDSHEAE2742PK,1,15.29,12.74,2026-07-16 11:23:20,amazon Ledsone,false
1203070,202-8538150-9201910,AMAZON,B0D9RWB87Q,,ENC7499,1,50.89,50.89,2026-07-16 11:27:32,amazon Dcvoltage,false
1203071,203-0232155-0388370,AMAZON,B0DFC68Q9Q,,WCDTRO2PK+RPR44WH2PK,1,17.89,17.89,2026-07-16 11:30:13,amazon Dcvoltage,false
1203075,204-4996317-0457966,AMAZON,B07MLDZW2R,,CCBKNWE3,1,8.14,5.25,2026-07-16 11:33:43,amazon Dcvoltage,false
1203081,206-8673222-1030750,AMAZON,B0D53FZ8GS,,WCB2WH2PK+RPR44WH2PK,1,16.29,16.29,2026-07-16 11:44:19,amazon Dcvoltage,false
1203083,204-6977250-2987507,AMAZON,B0B71KX4H3,,CRSF100WH,1,8.88,4.99,2026-07-16 11:46:38,amazon Ledsone,false
1203087,203-2685093-4839534,AMAZON,B08XWSBPHW,,WCB1BM+RPR44WH,2,19.98,9.99,2026-07-16 11:55:20,amazon Dcvoltage,false
1203100,202-0817710-5891536,AMAZON,B0CS3LSTMS,,WCB7BS+RPR44WH,1,10.29,10.29,2026-07-16 12:17:49,amazon Dcvoltage,false
1203103,203-8396917-5440342,AMAZON,B0DTHJYV3K,,WCB6BC3PK+RPR44WH3PK,1,22.09,22.09,2026-07-16 12:19:28,amazon Dcvoltage,false
1203104,202-6524884-6248357,AMAZON,B0FX2SHBL5,,LSCYRO120BM2PK+RPR44WH2PK,1,21.89,21.89,2026-07-16 12:24:14,amazon Dcvoltage,false
1203105,203-2552600-3094710,AMAZON,B0FX2TFPZM,,LSCYRO120WH2PK+RPR44WH2PK,1,22.89,22.89,2026-07-16 12:26:28,amazon Dcvoltage,false
1203111,026-4106238-6265117,AMAZON,B0D87BNW8Y,,CO332AGYDPK,1,10.78,6.57,2026-07-16 12:38:58,amazon Ledsone,false
1203120,204-8897807-7740332,AMAZON,B0DJCY35L5,,LDMT45E2745PK,1,28.49,28.49,2026-07-16 12:52:26,amazon Dcvoltage,false
1203121,205-4168100-2107511,AMAZON,B0CFHMYK8Q,,CRSF100BM2PK+PHRNWP2RBM2PK+ICST64E272PK,1,28.19,23.49,2026-07-16 12:54:19,amazon Ledsone,false
1203124,026-9078102-4772365,AMAZON,B0DX6BP7GV,,CENU46450WH,1,7.18,3.24,2026-07-16 13:01:17,amazon Ledsone,false
1203125,205-7362168-8974762,AMAZON,B0GCZG4XFD,,CRSF120WH,1,8.78,4.91,2026-07-16 13:03:25,amazon Ledsone,false
1203131,202-2296305-9515536,AMAZON,B08PZ2S8X3,,12IP67100,1,19.99,16.66,2026-07-16 13:12:15,amazon Ledsone,false
1203133,206-5871607-0917915,AMAZON,B08XNSHS4P,,CRSF100BM+LHNSE27CO+SCRN70BM+LSWD360BM,1,29.89,29.89,2026-07-16 13:18:13,amazon Dcvoltage,false
1203134,203-2568254-3780314,AMAZON,B0GP7RHSVG,,LHPVHRE27WH2PK,1,9.38,6.49,2026-07-16 13:18:32,amazon Dcvoltage,false
1203142,206-6905665-8869966,AMAZON,B09JVQ6VXT,,LDSG95DIE2743PK,1,19.89,19.89,2026-07-16 13:20:36,amazon Dcvoltage,false
1203143,206-8773246-4287566,AMAZON,B09YYRTJWR,,PLADBC+LSDO210BC3PK,2,95.78,47.89,2026-07-16 13:25:04,amazon Dcvoltage,false
1203152,206-2948366-7920321,AMAZON,B0D59MHSXN,,WCB3WH2PK+RPR44WH2PK,1,16.09,16.09,2026-07-16 13:37:27,amazon Dcvoltage,false
1203159,206-1069320-4608305,AMAZON,B0FN7GZ1FJ,,CRSF100WH+LHNSE27WH,1,14.28,11.99,2026-07-16 13:39:13,amazon SRM Amazon,false
1203166,026-9339366-3678759,AMAZON,B0CV7V5618,,RWGS1342WH,1,6.48,2.99,2026-07-16 14:03:49,amazon Ledsone,false
1203167,204-3755971-9740345,AMAZON,B0B9Y59487,,CL3TBR5PK,1,13.79,11.49,2026-07-16 14:05:16,amazon Ledsone,false
1203168,026-8459969-6513124,AMAZON,B08PZ89ZHW,,WCB4BC+RPR44WH,1,9.89,9.89,2026-07-16 14:08:45,amazon SRM Amazon,false
1203169,026-1929396-5033906,AMAZON,B0CV7K3P22,,RWGS1533WH,1,7.25,3.89,2026-07-16 14:03:49,amazon Dcvoltage,false
1203170,206-1078356-5499515,AMAZON,B0CQNLH4N3,,PLTTBM+WCBNBM,1,20.89,20.89,2026-07-16 14:13:45,amazon Dcvoltage,false
1203175,203-9118288-9352303,AMAZON,B0CNJX1DV8,,WCB7WH+RPR44WH,1,9.98,9.98,2026-07-16 14:09:54,amazon Dcvoltage,false
1203176,205-1562841-5030726,AMAZON,B07CWS93WM,,LDMG95B224,1,6.99,6.99,2026-07-16 14:15:38,amazon Dcvoltage,false
1203177,026-6446705-5849125,AMAZON,B07L8GPT85,,CL3TGY5PK,1,18.49,13.49,2026-07-16 14:12:27,amazon Dcvoltage,false
1203181,206-0490993-4935551,AMAZON,B0CJCDJVLN,,LSSS300BC2PK+RPR44WH2PK,1,26.89,26.89,2026-07-16 14:29:45,amazon Dcvoltage,false
1203190,203-8244392-8233905,AMAZON,B0DY7NXLY4,,RWWPSY0640YE,1,9.38,6.49,2026-07-16 14:47:01,amazon SRM Amazon,false
1203193,204-0230453-7295501,AMAZON,B0BBB3V9M6,,CL3RBW5PK,1,13.09,10.91,2026-07-16 14:51:31,amazon Ledsone,false
1203194,204-4899981-6700311,AMAZON,B0DH4KYFPD,,WCDTBM2PK+RPR44WH2PK,1,18.19,15.16,2026-07-16 14:53:59,amazon Ledsone,false
1203197,203-3843164-0579555,AMAZON,B0C6LTGB83,,12UK3P5A,1,13.69,13.69,2026-07-16 15:21:00,amazon Dcvoltage,false
1203205,026-8916839-6982726,AMAZON,B0C55LHRC7,,ENC4809,1,50.89,50.89,2026-07-16 15:43:14,amazon Dcvoltage,false
1203206,205-9311445-0857124,AMAZON,B0GXB6JVLM,,WCBTC140FG+RPR44WH,1,14.89,12.41,2026-07-16 15:39:51,amazon Ledsone,false
1203213,204-1494345-4870706,AMAZON,B0DH97Y8D4,,CL3TBD3PK,1,11.28,7.99,2026-07-16 15:49:56,amazon Dcvoltage,false
1203214,202-0447994-7465109,AMAZON,B0DBLPSXCK,,CL3RBDAPK,2,47.58,23.49,2026-07-16 15:55:01,amazon Dcvoltage,false
1203223,206-2510935-2905112,AMAZON,B0F1TMC6HP,,CENU25200BM,2,5.88,1.49,2026-07-16 16:16:49,amazon Dcvoltage,false
1203226,203-2446617-5212362,AMAZON,B08WWMPMHZ,,ENC893,1,22.89,22.89,2026-07-16 16:18:53,amazon Dcvoltage,false
1203227,026-1647242-4967540,AMAZON,B07MDRCBWP,,12BO72,1,20.79,20.79,2026-07-16 16:24:52,amazon Dcvoltage,false
1203228,206-9021859-0958714,AMAZON,B07YV66L3P,,CRSF100BM2PK+PHCH1BMRBM2PK+LSCY290BM2PK,1,32.89,32.89,2026-07-16 16:30:53,amazon Dcvoltage,false
1203232,205-4205344-5249910,AMAZON,B0G4QXV4B3,,CRSF100BC+PHHF1PBRBC+LSWD360BC,39,705.82,19.46,2026-07-16 16:44:55,amazon Dcvoltage,false
1203233,206-0611517-0496300,AMAZON,B0C2VZBP4Q,,WCDEBC,2,25.78,12.89,2026-07-16 16:44:51,amazon Dcvoltage,false
1203234,202-0483980-9436306,AMAZON,B07CSSJD3X,,CL3RBUAPK,1,19.99,19.99,2026-07-16 16:45:04,amazon Dcvoltage,false
1203240,206-7999840-9900342,AMAZON,B08XXLR7YZ,,WCBNBM+RPR44WH,1,11.78,8.89,2026-07-16 17:07:23,amazon Dcvoltage,false
1203249,205-4809645-8196335,AMAZON,B0GSRQM519,,LSGLULCL2PK+RPM40WH2PK,2,39.78,16.58,2026-07-16 17:12:37,amazon Ledsone,false
1203257,204-7673970-4457914,AMAZON,B0929BBD84,,PLWEBC+PHNW1RBC,1,28.89,24.07,2026-07-16 17:21:14,amazon Ledsone,false
1203263,205-9258402-7358708,AMAZON,B0CNQ1Q3BJ,,LDMG125E278,1,8.19,8.19,2026-07-16 17:46:18,amazon Dcvoltage,false
1203278,203-7214808-1797113,AMAZON,B0CZXL6ZYG,,TPOSBDBM,1,24.99,20.82,2026-07-16 18:09:00,amazon Ledsone,false
1203279,206-9700370-5729958,AMAZON,B09D3YMR65,,PLDMBC+ICST64E27,2,46.18,23.09,2026-07-16 18:10:10,amazon Dcvoltage,false
1203280,202-8562101-1109120,AMAZON,B0C9DPGRGD,,SPSDP2BM,1,6.87,3.98,2026-07-16 18:26:25,amazon Dcvoltage,false
1203282,203-4936404-9994752,AMAZON,B0CDLW59TF,,WLRPE27BM+LDA60E278WW,1,24.89,20.74,2026-07-16 18:21:31,amazon Ledsone,false
1203285,206-8737904-6705165,AMAZON,B0FR8C1X83,,PHUH1HETBM2PK+LSHM400HE2PK,1,63.89,63.89,2026-07-16 18:30:10,amazon Dcvoltage,false
1203289,202-9020135-8313908,AMAZON,B0FN7GZ1FJ,,CRSF100WH+LHNSE27WH,1,14.28,11.99,2026-07-16 18:46:39,amazon SRM Amazon,false
1203290,205-6052943-5734745,AMAZON,B0F8VTZT3L,,RWWPSN08GY,1,5.78,2.41,2026-07-16 18:40:04,amazon Ledsone,false
1203295,203-8878667-9757943,AMAZON,B0GHXFLP5N,,ENC644,1,23.89,19.91,2026-07-16 18:56:48,amazon Ledsone,false
1203301,202-2443821-6826765,AMAZON,B08XBQ6VPT,,PSDS4BMRBR,1,14.17,14.17,2026-07-16 19:15:33,amazon Dcvoltage,false
1203302,202-2443821-6826765,AMAZON,B08XB16LF5,,PSDS4BMRRE,1,14.17,14.17,2026-07-16 19:15:33,amazon Dcvoltage,false
1203310,206-3470001-2954723,AMAZON,B0GGS4DFB1,,CRFF100BM+PHUP1PBRBM+CNT900BM,2,36.40,18.20,2026-07-16 08:39:38,amazon Dcvoltage,false
1203321,204-1857033-0635510,AMAZON,B0917RQ9PM,,PLHCBC+LSDO210BC3PK,1,47.09,39.24,2026-07-16 19:58:26,amazon Ledsone,false
1203322,203-2054521-8735516,AMAZON,B0D29516SQ,,LSCY290GB3PK+RPR44WH3PK,1,44.89,37.41,2026-07-16 20:07:05,amazon Ledsone,false
1203328,206-3724087-1858735,AMAZON,B0DBZP7BFQ,,CL3RBL5PK,1,13.99,13.99,2026-07-16 20:12:19,amazon SRM Amazon,false
1203329,206-3724087-1858735,AMAZON,B0DBZQJDK5,,CL3RRE5PK,1,13.99,13.99,2026-07-16 20:12:19,amazon SRM Amazon,false
1203331,202-8748502-5815545,AMAZON,B08KGFV8HQ,,CL2THEAPK,1,20.79,20.79,2026-07-16 20:16:25,amazon Dcvoltage,false
1203332,206-4924441-2807523,AMAZON,B09L8KS17V,,CRSF100BM+PHCH1BMRBM+LSDO400BI,1,21.19,17.66,2026-07-16 20:12:44,amazon Ledsone,false
1203333,206-2503502-2653923,AMAZON,B0DRPH4BS3,,LHSHE27BA2PK,1,10.89,9.07,2026-07-16 20:12:19,amazon Ledsone,false
1203355,206-6950584-2073965,AMAZON,B09477YHK7,,LDMG95E278APK,1,35.19,29.32,2026-07-16 20:36:31,amazon Ledsone,false
1203356,026-9786214-0500350,AMAZON,B0FX2SP39V,,LSCYRO200WH2PK+RPR44WH2PK,1,28.89,28.89,2026-07-16 20:31:26,amazon Dcvoltage,false
1203362,202-9280640-2745925,AMAZON,B0DNSP5MMW,,LSSS300NB+RPR44WH,1,14.49,14.49,2026-07-16 20:43:40,amazon Dcvoltage,false
1203363,202-9280640-2745925,AMAZON,B08XNPXBF3,,LSSS300SN+RPR44WH,1,13.49,13.49,2026-07-16 20:43:40,amazon Dcvoltage,false
1203364,202-9280640-2745925,AMAZON,B08XNQ9CYY,,LSSS300CH+RPR44WH,1,16.89,16.89,2026-07-16 20:43:40,amazon Dcvoltage,false
1203369,205-8793914-7349157,AMAZON,B0FR8ZYWXB,,LSCY290BG2PK+RPR44WH2PK,1,31.79,31.79,2026-07-16 20:50:53,amazon Dcvoltage,false
1203371,204-7096054-4268337,AMAZON,B0GLXRPL51,,LHXWPE27PPWH,1,8.18,4.41,2026-07-16 20:57:25,amazon Ledsone,false
1203376,205-4024255-3613146,AMAZON,B08636QXG5,,PHSF1ROTRO,1,14.89,12.41,2026-07-16 21:16:02,amazon Ledsone,false
1203379,205-2841886-5049966,AMAZON,B07F9SH71F,,LDMG95E274,1,6.99,6.99,2026-07-16 21:15:52,amazon Dcvoltage,false
1203383,205-2544341-0205104,AMAZON,B0FRML5GMP,,PLMJBC,1,26.69,22.24,2026-07-16 21:36:39,amazon Ledsone,false
1203395,205-7161710-6093902,AMAZON,B0DMDWM25D,,ENC9314,1,27.19,27.19,2026-07-16 21:39:12,amazon Dcvoltage,false
1203397,203-3333065-8504341,AMAZON,B0F28YR5JN,,LSCY290NB+RPR44WH,1,15.99,13.32,2026-07-16 21:46:51,amazon Ledsone,false
1203401,206-1484089-4977920,AMAZON,B0FR8S2WJF,,LSCY290BG+RPR44WH,1,17.49,17.49,2026-07-16 21:51:35,amazon Dcvoltage,false
1203405,204-9555874-6605955,AMAZON,B0F3XN1QL6,,TSTS10WH,1,3.38,0.41,2026-07-16 22:11:17,amazon Ledsone,false
1203408,203-8027295-7540304,AMAZON,B0CPBXD3C5,,LSCY290WH+RPR44WH,1,15.89,15.89,2026-07-16 22:32:25,amazon Dcvoltage,false
1203410,203-7015628-1728340,AMAZON,B086XBYS87,,LHC3E27WH,1,8.68,4.82,2026-07-16 22:39:13,amazon Ledsone,false
1203415,202-4149360-7262739,AMAZON,B0DBVQ3L6Z,,ENC7537,1,28.79,23.99,2026-07-16 22:51:07,amazon Ledsone,false
1203416,204-4810196-9969939,AMAZON,B0FDQYNDNH,,CERU36200WH,1,5.28,1.66,2026-07-16 22:55:24,amazon Ledsone,false
1203417,206-8735546-7809131,AMAZON,B0CNLY11M7,,WCB3BM+RPR44WH,1,10.49,10.49,2026-07-16 22:51:54,amazon Dcvoltage,false
1203419,204-9829186-6176361,AMAZON,B08V8GXTQ1,,WCB6BM+RPR44WH,1,10.09,10.09,2026-07-16 23:02:35,amazon Dcvoltage,false
1203420,026-8180456-6077103,AMAZON,B0D6NBRV3X,,COY9ABM3PK,1,18.19,18.19,2026-07-16 23:10:48,amazon Dcvoltage,false
1203424,204-2485608-5579551,AMAZON,B0G1TFLVHG,,CKA16ATC3031BR,1,15.99,13.32,2026-07-16 23:30:34,amazon Ledsone,false
1203425,203-4790894-7945107,AMAZON,B0GHWNXJJ2,,ENC642,1,24.89,20.74,2026-07-16 23:34:32,amazon Ledsone,false
1203429,205-7979648-2811510,AMAZON,B0DNK13F2V,,ENC5355,1,29.89,24.91,2026-07-17 00:08:34,amazon Ledsone,false
1203430,206-4698187-4099501,AMAZON,B078TBM5G3,,LDMST64E2746PK,2,49.82,24.91,2026-07-17 00:33:37,amazon Ledsone,false
1203431,206-4698187-4099501,AMAZON,B0BWNHGMN2,,PLWLBC+ICST64E27,4,60.96,15.24,2026-07-17 00:33:37,amazon Ledsone,false
1203432,206-4698187-4099501,AMAZON,B09BFLVGWW,,PLHIBC,1,43.99,43.99,2026-07-17 00:33:37,amazon Ledsone,false
1203433,203-2736958-8221109,AMAZON,B0CVL6V87J,,LSEL400GR+RPR44WH,1,17.49,14.57,2026-07-17 00:40:32,amazon Ledsone,false
1203436,206-5561559-9181944,AMAZON,B083TZC6WR,,CRFF500BM+PHHRE1HETHE3PK,1,23.89,19.91,2026-07-17 01:32:59,amazon Ledsone,false
1203438,202-4919889-3113100,AMAZON,B0BP2MLLJJ,,LDMG125E278,1,10.12,9.07,2026-07-17 02:32:25,amazon Ledsone,false
1203439,202-8031452-4461920,AMAZON,B0BP2P9RC6,,LDMG125E2786PK,1,37.11,33.24,2026-07-17 02:32:25,amazon Ledsone,false
1203447,204-6167390-7268335,AMAZON,B0FN7GS5QJ,,CRSF100YB+LHNSE27YB,2,26.27,11.99,2026-07-17 03:52:01,amazon SRM Amazon,false
1203469,026-3715187-0773922,AMAZON,B0FX2SHBL5,,LSCYRO120BM2PK+RPR44WH2PK,1,21.89,21.89,2026-07-17 04:27:18,amazon Dcvoltage,false
1203483,204-0309794-9921953,AMAZON,B0F28Z2V3F,,LSCY290GY+RPR44WH,1,14.99,12.49,2026-07-17 06:56:11,amazon Ledsone,false
1203488,026-7421522-7307564,AMAZON,B0D93YCRZS,,CRSF100BM2PK+PHRYWP1RBM2PK,1,18.19,18.19,2026-07-17 07:29:17,amazon Dcvoltage,false
1203491,202-8525649-1804335,AMAZON,B0CP7P4T9Y,,LHC5E27WH,1,7.87,4.98,2026-07-17 07:45:04,amazon Dcvoltage,false
1203492,204-5426501-4913927,AMAZON,B0DRYRSNXG,,LHSHE27YB3PK,1,15.59,12.99,2026-07-17 07:50:59,amazon Ledsone,false
1203495,204-0888395-5817950,AMAZON,B0DRP5L3MM,,LHSHE27SN2PK,1,10.89,10.89,2026-07-17 07:50:59,amazon SRM Amazon,false
1203496,204-0888395-5817950,AMAZON,B0DRP87NC8,,LHSHE27GB2PK,1,10.89,10.89,2026-07-17 07:50:59,amazon SRM Amazon,false
1203503,202-2706282-5669945,AMAZON,B0F678SKL8,,LSGG200AR+SCRN70FG,1,24.89,20.74,2026-07-17 08:29:00,amazon Ledsone,false
1203509,203-0119767-2937166,AMAZON,B0CQNKKQTK,,PLTTBS+LSFT220BS,1,20.89,20.89,2026-07-17 08:37:11,amazon Dcvoltage,false
1203510,026-6078539-2198765,AMAZON,B0DK8W4C81,,LHPOE27SN,1,12.78,8.24,2026-07-17 08:31:51,amazon Ledsone,false
1203525,205-6657511-7949958,AMAZON,B0C1K8NNTS,,LSCY290RO+RPR44WH,2,35.78,14.91,2026-07-17 09:06:16,amazon Ledsone,false
1203528,204-7597260-4989935,AMAZON,B07DH89GTY,,12UK3P2A,1,8.88,4.99,2026-07-17 09:11:06,amazon Ledsone,false
1203530,026-0985555-3109117,AMAZON,B0C6LY8XZG,,12UK3P1A,1,8.88,5.99,2026-07-17 09:22:21,amazon Dcvoltage,false
1203537,203-9729249-9278755,AMAZON,B0CN93TRBG,,LSMCP1ULMC+ICST64E27,1,43.79,36.49,2026-07-17 09:35:47,amazon Ledsone,false
1203539,204-2180417-4551526,AMAZON,B0DH9814WS,,CL3TLG3PK,3,27.26,7.99,2026-07-17 09:32:18,amazon Dcvoltage,false
1203540,026-4967464-6061111,AMAZON,B0F43P9RF4,,CENU70450BM,1,10.42,6.89,2026-07-17 09:37:35,amazon Dcvoltage,false
1203547,203-2091362-5191531,AMAZON,B0CRZ5TGDM,,LSCY290BU+RPR44WH,2,31.78,15.89,2026-07-17 09:43:13,amazon Dcvoltage,false
1203553,204-9442951-1956310,AMAZON,B08NTKB1DM,,CRFF500BM+PHCH1BMRBM3PK+LSCY210BG3PK,1,38.79,32.32,2026-07-17 09:55:31,amazon Ledsone,false
1203557,206-6605113-7215521,AMAZON,B0D9S3XJ6T,,WLWOCPBM2PK,1,30.89,30.89,2026-07-17 10:01:26,amazon Dcvoltage,false
1203569,203-7603803-4058705,AMAZON,B09KNSV5RF,,CRSF2003BM+PHRB1PBR40BM3PK+LSBS160BL3PK,1,29.89,24.91,2026-07-17 10:26:47,amazon Ledsone,false
1203574,203-6319376-7523505,AMAZON,B0F18JL4TV,,CGMLAGFPK,2,22.47,7.99,2026-07-17 10:32:51,amazon Ledsone,false
1203582,204-0138600-1810777,AMAZON,B0CPBXD3C5,,LSCY290WH+RPR44WH,1,15.89,15.89,2026-07-17 10:43:42,amazon Dcvoltage,false
1203589,205-2481787-9976313,AMAZON,B08VGLZVBD,,LSCY290YE+RPR44WH,1,15.89,15.89,2026-07-17 10:58:39,amazon Dcvoltage,false
1203594,203-8298951-3630711,AMAZON,B0DH64T3YC,,CL2TIVAPK,1,19.99,19.99,2026-07-17 11:05:22,amazon Dcvoltage,false
1203595,205-4028151-6161900,AMAZON,B0B7196F29,,CRSF100CH,2,14.67,4.91,2026-07-17 11:05:17,amazon Ledsone,false
1203596,204-0264634-0592328,AMAZON,B0DF7BD73R,,CRSF100BM+PHRYWP1RBM,1,11.49,9.57,2026-07-17 11:05:00,amazon Ledsone,false
1203603,202-6998843-7313951,AMAZON,B085Y8BYMV,,LDMST64E2786PK,3,59.64,16.57,2026-07-17 11:13:11,amazon Ledsone,false
1203604,026-7908290-3010760,AMAZON,B0BLZFGY38,,LDMG95E274APK,1,27.89,23.24,2026-07-17 11:15:42,amazon Ledsone,false
1203613,202-9647228-9604317,AMAZON,B08RYTP5WV,,HRE2738WH2PK,1,3.80,0.91,2026-07-17 11:31:29,amazon SRM Amazon,false
1203614,206-9075015-1402746,AMAZON,B0CKHNKZGB,,CRFF500BS+PHNW1RBS3PK+ICST64E273PK,1,40.62,40.62,2026-07-17 11:31:04,amazon Dcvoltage,false
1203618,205-8091509-0793101,AMAZON,B08X4VXZ38,,CRSF100AA+PHCH1PBRAA+LSCY290AA,1,18.89,15.74,2026-07-17 11:47:56,amazon Ledsone,false
1203619,203-0303408-9557147,AMAZON,B08XNPSWMN,,CRSF100BC+LHNSE27YB+SCRN70BC+LSWD360BC,2,55.60,29.89,2026-07-17 11:46:34,amazon Dcvoltage,false
1203625,204-3803237-9727524,AMAZON,B0CV7K3P22,,RWGS1533WH,1,7.25,3.89,2026-07-17 11:57:09,amazon Dcvoltage,false
1203628,026-3887550-1481167,AMAZON,B0G1TC8PWQ,,CKCSBY,1,10.99,10.99,2026-07-17 12:03:55,amazon Dcvoltage,false
1203635,205-2181000-0767560,AMAZON,B0FPWXQWQD,,LDCWA60HB2296PK,1,9.98,6.24,2026-07-17 12:18:20,amazon Ledsone,false
1203638,205-6899772-7335508,AMAZON,B0D73KRWF7,,LDMT185B2245PK,1,16.89,16.89,2026-07-17 12:25:05,amazon Dcvoltage,false
1203643,026-8658165-9772307,AMAZON,B0DH629QP2,,CL2TGLAPK,1,18.29,18.29,2026-07-17 12:30:45,amazon Dcvoltage,false
1203644,206-2256417-4321115,AMAZON,B0D295J88V,,LSCY290RO+RPR44WH,2,35.58,14.83,2026-07-17 12:39:50,amazon Ledsone,false
1203651,202-1246941-9329153,AMAZON,B07D3Q8SQ9,,12IP67150,1,18.69,15.57,2026-07-17 12:47:04,amazon Ledsone,false
1203657,203-2843907-3391506,AMAZON,B0GLGB3M6Q,,LSGLFP245PU+RPM40WH,1,15.89,15.89,2026-07-17 12:52:39,amazon Dcvoltage,false
1203658,202-7773632-7075551,AMAZON,B0DH4KYFPD,,WCDTBM2PK+RPR44WH2PK,1,18.19,15.16,2026-07-17 12:52:50,amazon Ledsone,false
1203661,203-1242428-3119547,AMAZON,B0CNT1QNSN,,PLADBM,1,47.49,47.49,2026-07-17 13:05:15,amazon Dcvoltage,false
1203662,202-1176649-9727504,AMAZON,B0GCZG4XFD,,CRSF120WH,1,8.78,4.91,2026-07-17 13:00:29,amazon Ledsone,false
1203664,026-8088355-0012307,AMAZON,B0DTPB2YC2,,WCB2BM3PK+RPR44WH3PK,1,21.09,17.57,2026-07-17 13:06:21,amazon Ledsone,false
1203665,203-7972650-8557138,AMAZON,B0F6NLP99K,,CGSRYB3PK,1,4.04,1.15,2026-07-17 13:03:37,amazon SRM Amazon,false
1203672,206-6740966-9444361,AMAZON,B0CNXSNCKR,,CRSF100CO+LHNSE27CO+LSDM220CO,1,19.59,19.59,2026-07-17 13:13:28,amazon Dcvoltage,false
1203673,026-9054829-5014709,AMAZON,B0B8DWXLQ2,,CRSF1202BM,1,9.58,5.57,2026-07-17 13:12:14,amazon Ledsone,false
1203682,205-9614215-8532337,AMAZON,B0D59MHSXN,,WCB3WH2PK+RPR44WH2PK,1,16.09,16.09,2026-07-17 13:36:08,amazon Dcvoltage,false
1203684,205-1423267-9165149,AMAZON,B0CKFD2MTJ,,PLTYBM+ICST64E27,2,35.14,15.74,2026-07-17 13:29:41,amazon Ledsone,false
1203689,205-6834121-5280332,AMAZON,B0DD481364,,SLW42PK,1,10.27,6.15,2026-07-17 13:37:59,amazon Ledsone,false
1203691,206-0075790-8433918,AMAZON,B0CN9FJPK2,,CRSF100BM+PHSH1PBRYB+SCRN70BM+LSFT220BG,1,18.49,15.41,2026-07-17 13:43:49,amazon Ledsone,false
1203696,026-3247383-2053147,AMAZON,B0BLZFGY38,,LDMG95E274APK,1,27.89,23.24,2026-07-17 13:58:24,amazon Ledsone,false
1203697,206-4208847-7543543,AMAZON,B08KJJWJKK,,CRFF500BM+PHHT1PBRBM3PK+WCDCBM3PK,1,36.99,30.82,2026-07-17 14:08:44,amazon Ledsone,false
1203698,206-0229540-9716337,AMAZON,B0CNQ1MB3F,,LDMG125B228,2,17.09,9.19,2026-07-17 14:00:38,amazon Dcvoltage,false
1203699,203-7879320-1101960,AMAZON,B07NJQ8DYV,,12IP6780,2,37.98,19.99,2026-07-17 14:07:01,amazon Dcvoltage,false
1203702,202-6949845-8849111,AMAZON,B0DTHTGPD2,,WCB7WH3PK+RPR44WH3PK,1,22.09,22.09,2026-07-17 14:11:19,amazon Dcvoltage,false
1203709,026-6215422-1464324,AMAZON,B0FNWFF268,,LSWD360BG+RPR44WH,8,157.52,16.41,2026-07-17 14:17:01,amazon Ledsone,false
1203727,203-7963612-9785156,AMAZON,B0DH9B4NSC,,CL3TIV3PK,1,11.28,7.99,2026-07-17 15:02:52,amazon Dcvoltage,false
1203728,202-4160554-7709128,AMAZON,B0CNQ1MB3F,,LDMG125B228,1,9.19,9.19,2026-07-17 15:06:20,amazon Dcvoltage,false
1203736,205-2885937-2322714,AMAZON,B093H8YG8Z,,LSMS320GY+RPR44WH,1,14.99,12.49,2026-07-17 15:16:34,amazon Ledsone,false
1203737,206-4323204-9334709,AMAZON,B0CNLZLJZT,,WCB2BM+RPR44WH,1,10.07,10.07,2026-07-17 15:18:07,amazon Dcvoltage,false
1203742,026-8270059-6755566,AMAZON,B0CB2ZBSXL,,LSTF40RR+RPR44WH,1,10.89,10.89,2026-07-17 15:21:05,amazon Dcvoltage,false
1203743,203-9720300-2617157,AMAZON,B0CZXL6ZYG,,TPOSBDBM,1,24.99,20.82,2026-07-17 15:29:07,amazon Ledsone,false
1203753,206-9437755-9185959,AMAZON,B0CP3GDN14,,CRFF100CO+PHUP1PBRCO+CNT900CO+ICST64E27,1,19.89,19.89,2026-07-17 15:34:16,amazon Dcvoltage,false
1203754,206-2804183-8997906,AMAZON,B09B59LHBM,,CRSF2003BM+PHRI1PBRYB3PK+LSFT220BI3PK,1,41.89,34.91,2026-07-17 15:30:40,amazon Ledsone,false
1203755,202-8023710-1945140,AMAZON,B0FB3Z7YS7,,ENC6368,1,32.89,27.41,2026-07-17 15:34:57,amazon Ledsone,false
1203767,206-6147407-6977118,AMAZON,B0FPWVFF9W,,LDCWA60HE27126PK,1,9.98,6.24,2026-07-17 15:54:36,amazon Ledsone,false
1203772,203-7836386-1650763,AMAZON,B09XBCV8ZM,,CRFF500BM+PHHN1PBRCO3PK+LSDO210BI3PK,1,34.59,28.82,2026-07-17 16:08:33,amazon Ledsone,false
1203777,202-8105700-6718711,AMAZON,B0DH4KYFPD,,WCDTBM2PK+RPR44WH2PK,1,18.19,15.16,2026-07-17 16:17:18,amazon Ledsone,false
1203784,204-4498537-2154749,AMAZON,B09477VMYH,,LDMG95E2785PK,1,20.39,16.99,2026-07-17 16:40:38,amazon Ledsone,false
1203786,206-2993617-8780359,AMAZON,B0G39VRZ29,,LSGG200AR+SCRN70FG,1,23.99,19.99,2026-07-17 16:49:03,amazon Ledsone,false
1203790,204-2537881-3076362,AMAZON,B0CNXLMD5F,,CL3RCR3PK,1,7.78,4.49,2026-07-17 16:50:56,amazon Dcvoltage,false
1203793,202-3645362-7029167,AMAZON,B0FPWVFF9W,,LDCWA60HE27126PK,1,9.98,6.24,2026-07-17 16:55:17,amazon Ledsone,false
1203796,026-7688950-2339562,AMAZON,B0G499DJQL,,WCCYSP180WH2PK+RPR44WH2PK,1,23.89,23.89,2026-07-17 17:05:23,amazon Dcvoltage,false
1203797,205-8173333-7629925,AMAZON,B0FGJPXT9B,,PHHT1FBRBM+LSHM300HE,1,32.89,27.41,2026-07-17 17:00:00,amazon Ledsone,false
1203804,026-3588493-3727560,AMAZON,B0D28WMPYX,,LSCY290AA+RPR44WH,2,31.98,13.33,2026-07-17 17:32:26,amazon Ledsone,false
1203805,204-5209841-5698748,AMAZON,B0FN7GZ1FJ,,CRSF100WH+LHNSE27WH,1,14.28,11.99,2026-07-17 17:24:59,amazon SRM Amazon,false
1203807,205-0809268-4229118,AMAZON,B0DL5JD6RF,,CKCP38384,1,17.49,14.57,2026-07-17 17:32:02,amazon Ledsone,false
1203810,206-2664210-4289948,AMAZON,B0CNRL871B,,LDMST64E274,1,11.89,6.89,2026-07-17 17:38:35,amazon Dcvoltage,false
1203811,203-8274554-6829934,AMAZON,B0DMNWWPS6,,LHCCE27GR+CGMLGR,1,9.58,6.69,2026-07-17 17:42:35,amazon Dcvoltage,false
1203812,203-2526218-9877102,AMAZON,B0F9YQB852,,LSMS320SE+RPR44WH,1,14.99,12.49,2026-07-17 17:47:06,amazon Ledsone,false
1203820,202-1183716-2673930,AMAZON,B0G39WZSPF,,LSBG136AR+SCRN70FG,1,18.89,15.74,2026-07-17 18:29:19,amazon Ledsone,false
1203826,205-3681952-5659543,AMAZON,B0GXB7RGZK,,WCBSF90FG2PK+RPR44WH2PK,1,20.89,17.41,2026-07-17 18:40:55,amazon Ledsone,false
1203831,204-1731225-5789910,AMAZON,B0FY2HP9LJ,,PHUH0.5HETBM,1,10.89,9.07,2026-07-17 18:59:18,amazon Ledsone,false
1203834,202-0775501-7994722,AMAZON,B087TXPSGL,,PHCT1BMRBM+PHBA1BMRBM+LSDO300YB,4,107.85,25.99,2026-07-17 19:08:37,amazon Dcvoltage,false
1203835,205-5992526-6389951,AMAZON,B0D299JDV6,,LSCY290YB+RPR44WH,1,17.89,14.91,2026-07-17 18:53:32,amazon Ledsone,false
1203847,206-5813407-5095557,AMAZON,B0F79NNMH3,,CTBOP21L+CTBOP20L+CTBOP19L,3,44.67,14.89,2026-07-17 19:21:10,amazon Dcvoltage,false
1203850,026-4410159-2467524,AMAZON,B0D295J88V,,LSCY290RO+RPR44WH,2,35.58,14.83,2026-07-17 19:37:52,amazon Ledsone,false
1203851,204-6197645-7606707,AMAZON,B0FN7GZ1FJ,,CRSF100WH+LHNSE27WH,2,26.27,11.99,2026-07-17 19:33:16,amazon SRM Amazon,false
1203852,206-9956531-9510719,AMAZON,B0FN7GZ1FJ,,CRSF100WH+LHNSE27WH,1,14.28,11.99,2026-07-17 19:37:46,amazon SRM Amazon,false
1203871,026-7640772-3119550,AMAZON,B0CH17JLH8,,LSBF3BWG+ICST64E273PK,1,44.89,37.41,2026-07-17 20:13:24,amazon Ledsone,false
1203872,205-4671872-6355526,AMAZON,B0GXB7RGZK,,WCBSF90FG2PK+RPR44WH2PK,1,20.89,17.41,2026-07-17 20:12:44,amazon Ledsone,false
1203876,202-3507458-5372324,AMAZON,B0C7H1M3JD,,LSFT220BG+RPR44WH,2,25.78,12.89,2026-07-17 20:16:21,amazon Dcvoltage,false
1203877,205-3186428-8953111,AMAZON,B082GF6J2Y,,SCRN70CH,3,18.16,5.09,2026-07-17 20:20:41,amazon Dcvoltage,false
1203884,026-5434549-8541953,AMAZON,B0GCZMXQZF,,CRFF100CO+LHNSE27CO+ICST64E27,1,16.99,16.99,2026-07-17 20:57:03,amazon Dcvoltage,false
1203887,205-2429296-1238766,AMAZON,B0CN376GSP,,CRSF1202BM+PHHT2PBRBM2PK+SPUPBM2PK,1,19.89,16.57,2026-07-17 20:51:55,amazon Ledsone,false
1203893,202-3166247-6239559,AMAZON,B0CV5CYJFJ,,LDSG125MUE2742PK,1,17.89,14.91,2026-07-17 21:21:42,amazon Ledsone,false
1203894,202-4913000-6766758,AMAZON,B0DH97YNLH,,CL3TBK5PK,1,11.99,11.99,2026-07-17 21:20:26,amazon Dcvoltage,false
1203895,202-0338889-3862704,AMAZON,B0CPBXBX8H,,LSCY290RE+RPR44WH,1,15.89,15.89,2026-07-17 21:26:14,amazon Dcvoltage,false
1203901,205-0481826-2985956,AMAZON,B0CS3LSTMS,,WCB7BS+RPR44WH,1,10.29,10.29,2026-07-17 21:30:04,amazon Dcvoltage,false
1203902,204-0921259-0217927,AMAZON,B0D944SCS4,,WCB6WH3PK+RPR44WH3PK,1,22.09,18.41,2026-07-17 21:29:58,amazon Ledsone,false
1203903,205-7170059-4567537,AMAZON,B0F28YR5JN,,LSCY290NB+RPR44WH,1,15.99,13.32,2026-07-17 21:32:20,amazon Ledsone,false
1203908,204-1808835-2072301,AMAZON,B0CNG5GG2X,,TPHTTF2PBRBM,1,17.89,17.89,2026-07-17 21:54:35,amazon Dcvoltage,false
1203912,203-2831830-5733920,AMAZON,B07DXJQFS6,,CCBC5,1,6.99,6.99,2026-07-15 22:33:43,amazon Dcvoltage,false
1203913,206-0722681-0382703,AMAZON,B0CGRGZ9C2,,CRSF100BM+SPUPBM+PHRNWP2RBM+ICST64E27,2,32.90,14.74,2026-07-17 22:14:02,amazon Ledsone,false
1203914,203-3184748-8813161,AMAZON,B093H8YG8Z,,LSMS320GY+RPR44WH,1,14.99,12.49,2026-07-17 22:15:59,amazon Ledsone,false
1203918,205-2047536-4226737,AMAZON,B0FR8ZYWXB,,LSCY290BG2PK+RPR44WH2PK,2,63.58,31.79,2026-07-17 22:24:10,amazon Dcvoltage,false
1203927,206-9726871-6199521,AMAZON,B07CGYV9TN,,CL2TLB,1,4.88,1.99,2026-07-17 23:08:56,amazon Dcvoltage,false
1203928,205-2405447-0036361,AMAZON,B0FPWXQWQD,,LDCWA60HB2296PK,1,9.98,6.24,2026-07-17 23:15:29,amazon Ledsone,false
1203929,202-0226960-0849942,AMAZON,B0DNJZDCXN,,ENC10064,1,29.89,24.91,2026-07-17 23:22:46,amazon Ledsone,false
1203931,205-5005791-7254766,AMAZON,B0CQNKKQTK,,PLTTBS+LSFT220BS,1,20.89,20.89,2026-07-17 23:35:47,amazon Dcvoltage,false
1203933,204-5722191-0872320,AMAZON,B0GFD2BDRN,,ENC9289,1,35.89,29.91,2026-07-17 23:55:51,amazon Ledsone,false
1203935,205-6309098-0257962,AMAZON,B0FPWV2SHR,,LDCWT75B22126PK,1,18.19,15.16,2026-07-18 00:01:22,amazon Ledsone,false
1203938,206-8161413-1729916,AMAZON,B0FQVK88R8,,ENC1997,2,44.44,23.89,2026-07-18 00:42:38,amazon Dcvoltage,false
1203955,203-8289674-1235501,AMAZON,B0933GP8K7,,PHSF1PWR40WH+LSBS160GY,1,18.89,15.74,2026-07-18 06:15:34,amazon Ledsone,false
1203957,203-6671209-8781965,AMAZON,B0F2YNF4WW,,RWWPSY12GY,1,4.88,1.99,2026-07-18 06:26:17,amazon Dcvoltage,false
1203965,206-2442155-2973126,AMAZON,B09M43YSGW,,CRSF100YB+WSLS170YB+LSFT220YB,2,47.98,19.99,2026-07-18 07:18:57,amazon Ledsone,false
1203979,204-6579889-8003523,AMAZON,B081VF2G3V,,LDMST64E2786PK,1,18.99,18.99,2026-07-17 12:44:41,amazon Dcvoltage,false
1203981,205-1897192-3456331,AMAZON,B0FBX4W861,,PHSF1PBRYB+LSCY290AA+LDMST64E274,2,48.18,20.08,2026-07-18 08:21:34,amazon Ledsone,false
1203995,204-9102254-4251516,AMAZON,B0G8FM4ZM1,,CRFF108YB+LHTKE27YB+ICST64E27,2,28.38,11.83,2026-07-18 08:43:30,amazon Ledsone,false
1203997,204-1243094-3555508,AMAZON,B08SW2WJ87,,PLDMBM,2,44.98,22.49,2026-07-18 08:55:36,amazon Dcvoltage,false
1203998,203-4032371-8246745,AMAZON,B0DLWVMSJW,,PCGZ20MX,1,8.88,4.99,2026-07-18 08:54:13,amazon Ledsone,false
1204001,026-4062549-7657943,AMAZON,B09477YHK7,,LDMG95E278APK,1,35.19,29.32,2026-07-18 09:07:21,amazon Ledsone,false
1204004,026-4717396-8181916,AMAZON,B0DTZ1D4QX,,LSTL260BG+RPR44WH,1,13.09,10.91,2026-07-18 07:55:05,amazon Ledsone,false
1204014,204-9258088-1990733,AMAZON,B0C7KHY6DV,,ENC5034,2,173.78,86.89,2026-07-18 09:38:08,amazon Dcvoltage,false
1204016,026-3177242-7165133,AMAZON,B0C43N2F3D,,WCDTWH+RPR44WH,3,30.75,8.54,2026-07-18 09:53:26,amazon Ledsone,false
1204018,206-6954347-3707510,AMAZON,B09MSJBH7S,,ENC2212,1,39.99,33.32,2026-07-18 10:16:28,amazon Ledsone,false
1204021,206-6436683-0446732,AMAZON,B084C2T9QZ,,PLWEBC+PHNW1RBC+LDMST64E274,2,51.98,21.66,2026-07-18 10:12:31,amazon Ledsone,false
1204022,202-6030420-7423519,AMAZON,B084RL7K8J,,WCB7BS+RPR44WH,1,10.49,8.74,2026-07-18 10:13:08,amazon Ledsone,false
1204033,205-0690355-0339550,AMAZON,B093HCQGSL,,LSCY290BC+RPR44WH,1,15.89,13.24,2026-07-18 10:41:31,amazon Ledsone,false
1204035,026-5111085-5470732,AMAZON,B0F6CRNGM7,,ENC3476,1,34.00,28.33,2026-07-18 10:47:25,amazon Ledsone,false
1204046,206-2534698-7035527,AMAZON,B0DJ18XMS6,,12IP6715,1,8.18,4.41,2026-07-18 11:01:03,amazon Ledsone,false
1204051,202-7338673-8367512,AMAZON,B0DYT8NSY9,,RWWPSY0660YE,1,2.41,2.41,2026-07-18 11:15:28,amazon Ledsone,false
1204052,202-7338673-8367512,AMAZON,B0DYTRPNCT,,RWWPSY0630YE,1,1.99,1.99,2026-07-18 11:15:28,amazon Ledsone,false
1204057,204-1584228-2220312,AMAZON,B0FNWFF268,,LSWD360BG+RPR44WH,1,19.69,16.41,2026-07-18 11:21:26,amazon Ledsone,false
1204058,206-5376217-1633928,AMAZON,B0DBLBTWQT,,LSDO210RE2PK+RPR44WH2PK,1,16.99,14.16,2026-07-18 11:22:04,amazon Ledsone,false
1204061,206-3163647-4447507,AMAZON,B0CC62QM7Y,,LSMS320BU+RPR44WH,1,14.99,14.99,2026-07-18 11:31:02,amazon Dcvoltage,false
1204062,206-1515598-3717911,AMAZON,B08PYXY5QT,,12IP6730,1,13.89,13.89,2026-07-18 11:36:30,amazon SRM Amazon,false
1204064,205-3457590-6803567,AMAZON,B0FB3Y2GWC,,LDMC35E144,1,5.99,4.99,2026-07-18 11:37:31,amazon Ledsone,false
1204067,203-2925745-4606750,AMAZON,B0B9Y7W7FJ,,CL3TOR5PK,1,13.89,11.57,2026-07-18 11:41:12,amazon Ledsone,false
1204075,205-5452387-8572302,AMAZON,B0DCFXBYJG,,LDSG95DIE2745PK,1,26.89,22.41,2026-07-18 11:51:22,amazon Ledsone,false
1204076,026-2322742-4065127,AMAZON,B0GCZG4XFD,,CRSF120WH,5,27.39,4.91,2026-07-18 11:57:46,amazon Ledsone,false
1204086,205-4747457-9489135,AMAZON,B0D6NC56BK,,CBFF200BM,1,8.98,5.07,2026-07-18 12:11:04,amazon Ledsone,false
1204097,026-8269769-5665934,AMAZON,B0CNQ1MB3F,,LDMG125B228,1,9.19,9.19,2026-07-18 12:38:25,amazon Dcvoltage,false
1204105,203-6858493-8897152,AMAZON,B0FBX56RM8,,PHSF1PBRYB+LSCY290GR,2,35.78,14.91,2026-07-18 12:57:11,amazon Ledsone,false
1204106,206-7613475-7612327,AMAZON,B0D83DZKGD,,PLADRR+ICST64E273PK,1,56.89,56.89,2026-07-18 12:56:48,amazon Dcvoltage,false
1204107,026-9969934-9693118,AMAZON,B07ZFWL5T1,,CRSF100GB+LHNSE27GB,1,13.89,13.89,2026-07-18 12:55:23,amazon Dcvoltage,false
1204111,203-8131028-9205108,AMAZON,B0DTHKSNFS,,WCB6BM3PK+RPR44WH3PK,1,22.09,22.09,2026-07-18 13:07:03,amazon Dcvoltage,false
1204116,203-0279068-3277132,AMAZON,B0GP7TLRLZ,,LHPVHRE27WH6PK,1,12.89,10.74,2026-07-18 13:23:24,amazon Ledsone,false
1204133,026-6255559-1717948,AMAZON,B0CDWRKMYX,,PSHYOS2WRWH,1,11.89,9.91,2026-07-18 13:29:47,amazon Ledsone,false
1204134,202-4575466-0115554,AMAZON,B07CR174H2,,CL3TGR5PK,1,11.89,9.91,2026-07-18 13:31:30,amazon Ledsone,false
1204145,203-7559406-8451543,AMAZON,B0FMRL3D3P,,CRSF100BM2PK+LHTTE27BM2PK,1,18.89,18.89,2026-07-18 13:54:13,amazon Dcvoltage,false
1204146,026-6780089-0634743,AMAZON,B0C6KFDSSL,,WCWYBM,2,21.87,7.91,2026-07-17 22:18:04,amazon Ledsone,false
1204151,204-2065883-8153160,AMAZON,B0G2WT585Z,,PCBSF2MCH3PK,1,13.79,11.49,2026-07-18 14:07:06,amazon Ledsone,false
1204160,203-3846654-9180309,AMAZON,B08V87L9TG,,WCB6BC+RPR44WH,1,10.06,10.06,2026-07-18 14:14:42,amazon Dcvoltage,false
1204165,026-3425855-0780347,AMAZON,B0D297H6ZM,,LSCY290BM2PK+RPR44WH2PK,2,53.78,22.41,2026-07-18 14:28:51,amazon Ledsone,false
1204170,206-4000909-9649922,AMAZON,B0D59MHSXN,,WCB3WH2PK+RPR44WH2PK,1,16.09,16.09,2026-07-18 14:32:18,amazon Dcvoltage,false
1204171,206-0784027-8720331,AMAZON,B0CCDKF18M,,WCB3BM+RPR44WH,2,20.98,8.74,2026-07-18 14:19:45,amazon Ledsone,false
1204177,203-8787247-5834766,AMAZON,B0GSRFYV81,,LHXBTF40E27WH,1,3.09,3.09,2026-07-18 14:54:02,amazon Dcvoltage,false
1204181,202-1197733-1705159,AMAZON,B0743GYD52,,CO332AORAPK,1,5.68,2.32,2026-07-18 15:06:21,amazon Ledsone,false
1204191,026-3289008-2975518,AMAZON,B08Y6WMBZK,,LSSS300BB+RPR44WH,1,14.99,14.99,2026-07-18 15:37:23,amazon Dcvoltage,false
1204195,204-6219625-0804316,AMAZON,B0DYTPN1NZ,,RWWPSY0640YE,1,9.38,5.41,2026-07-18 15:42:35,amazon Ledsone,false
1204201,206-9722112-0122760,AMAZON,B0DCDSZ719,,LDSG95DIE2743PK,1,21.19,17.66,2026-07-18 15:50:28,amazon Ledsone,false
1204202,202-4660991-1829925,AMAZON,B0CNJQ228F,,WCB1WH+RPR44WH,3,33.17,11.89,2026-07-18 15:52:51,amazon Dcvoltage,false
1204203,204-3359132-0026704,AMAZON,B0DSC36PBB,,CRFF140YB+PHAH2RYBGD+SPSDP2YB,1,15.29,15.29,2026-07-18 15:50:33,amazon SRM Amazon,false
1204219,026-1853311-9639518,AMAZON,B0FXFK62XH,,WCFL180RO2PK+RPR44WH2PK,1,23.79,19.82,2026-07-18 16:16:11,amazon Ledsone,false
1204220,026-2316200-9681955,AMAZON,B0BBB3V9M6,,CL3RBW5PK,1,13.09,10.91,2026-07-18 16:22:28,amazon Ledsone,false
1204232,202-5946562-5611501,AMAZON,B0DH5Z7232,,CL2THE5PK,1,11.99,11.99,2026-07-18 16:59:14,amazon Dcvoltage,false
1204236,026-1847120-3359548,AMAZON,B0FX2SP39V,,LSCYRO200WH2PK+RPR44WH2PK,1,28.89,28.89,2026-07-18 17:09:39,amazon Dcvoltage,false
1204237,203-1202233-4298752,AMAZON,B0CNQ1MB3F,,LDMG125B228,1,9.19,9.19,2026-07-18 17:12:31,amazon Dcvoltage,false
1204239,204-8165430-1237956,AMAZON,B0DX6TP9TZ,,CENU36300WH,1,5.78,2.07,2026-07-18 17:14:47,amazon Ledsone,false
1204246,205-4102003-2454768,AMAZON,B083XRYNMJ,,CL2TGY3PK,1,8.38,4.24,2026-07-18 17:22:05,amazon Ledsone,false
1204247,205-8629703-8627563,AMAZON,B0F1D3YQPG,,RWWPSY10GY,1,5.76,2.49,2026-07-18 17:19:43,amazon Dcvoltage,false
1204248,026-7496954-2186721,AMAZON,B0DJT6N93M,,TCTE06S2P2,1,7.89,7.89,2026-07-18 17:29:48,amazon Dcvoltage,false
1204249,026-7496954-2186721,AMAZON,B0DJT87QKY,,TCTE06S2P4,1,7.89,7.89,2026-07-18 17:29:48,amazon Dcvoltage,false
1204251,203-8449206-9506762,AMAZON,B0F29JWNGT,,CERU36150RE,3,7.05,1.24,2026-07-18 17:28:00,amazon Ledsone,false
1204256,202-4980872-0513951,AMAZON,B0DH8XGRY3,,CL3TBT3PK,1,11.28,7.99,2026-07-18 17:43:39,amazon Dcvoltage,false
1204258,026-2236589-0917148,AMAZON,B0GZND9ZR6,,LHSWPBB22GD2PK,1,12.33,12.33,2026-07-18 17:35:23,amazon Ledsone,false
1204259,026-2236589-0917148,AMAZON,B0GW7VBY3J,,LHSWPBB22GD,1,8.24,8.24,2026-07-18 17:35:23,amazon Ledsone,false
1204261,205-1892805-2138701,AMAZON,B0CKXJNFNL,,CRSF1202FG+PHBK1PBRFG2PK,1,15.89,13.24,2026-07-18 17:41:31,amazon Ledsone,false
1204262,202-7307220-5543512,AMAZON,B0DX6W8MTS,,CENU25200WH,1,4.78,1.24,2026-07-18 17:48:03,amazon Ledsone,false
1204264,204-1993779-9336315,AMAZON,B0DNK2WMKV,,ENC10079,1,29.89,24.91,2026-07-18 17:58:06,amazon Ledsone,false
1204269,204-0105870-5801914,AMAZON,B09L11514G,,12UK3P5A,1,12.89,10.74,2026-07-18 18:24:42,amazon Ledsone,false
1204271,203-4321705-4462701,AMAZON,B0CDLWH4SW,,WLRPE27BM3PK,1,51.59,42.99,2026-07-18 18:28:43,amazon Ledsone,false
1204288,026-7302378-7726704,AMAZON,B0FPWXQWQD,,LDCWA60HB2296PK,1,9.98,6.24,2026-07-18 18:42:51,amazon Ledsone,false
1204293,205-1515526-4507524,AMAZON,B0CNQ1Q3BJ,,LDMG125E278,1,8.19,8.19,2026-07-18 18:51:53,amazon Dcvoltage,false
1204294,205-2972107-2784301,AMAZON,B0BWJVXGT6,,LSCY210BC+RPR44WH,1,10.89,10.89,2026-07-18 18:54:38,amazon Dcvoltage,false
1204297,205-0781603-9763532,AMAZON,B0BRQ9S3GB,,LDWWE2725APK,8,594.46,66.58,2026-07-18 18:56:46,amazon Ledsone,false
1204298,203-5905998-4313960,AMAZON,B0CN327DWD,,WCB6BM+RPR44WH,2,20.58,10.29,2026-07-18 19:06:14,amazon Dcvoltage,false
1204306,206-3349267-6985125,AMAZON,B0965HZJGN,,ENC686,1,53.39,53.39,2026-07-18 19:45:52,amazon Dcvoltage,false
1204307,206-3525533-4177944,AMAZON,B08WRK75D1,,PHCT1BMRBM+PHBA1BMRBM+LSDO300CO,2,62.18,31.09,2026-07-18 19:47:48,amazon Dcvoltage,false
1204311,206-3667639-3697958,AMAZON,B094VJWCF5,,PLADBC,1,48.09,40.07,2026-07-18 19:55:33,amazon Ledsone,false
1204312,203-4131615-4499529,AMAZON,B08XNQPVSD,,LSSS300OR+RPR44WH,1,14.99,14.99,2026-07-18 19:50:56,amazon Dcvoltage,false
1204314,202-1787026-8330735,AMAZON,B0C949416V,,PLTYBM+WCBNBM+LDMT130E274,2,42.58,22.89,2026-07-18 20:02:36,amazon Dcvoltage,false
1204315,202-1759590-8494727,AMAZON,B0DSBP4962,,PLTTBC+LSFT220BC,1,21.79,21.79,2026-07-18 20:02:36,amazon Dcvoltage,false
1204319,204-1417525-3390728,AMAZON,B08PC5W17F,,LHSHE27CH,2,18.87,6.66,2026-07-18 20:14:51,amazon Ledsone,false
1204320,205-1300004-9520303,AMAZON,B0CNT2ML5D,,PLADBC,1,47.49,47.49,2026-07-18 20:15:40,amazon Dcvoltage,false
1204321,203-8249350-1317954,AMAZON,B07CVCT7XN,,LDMG95E278,3,19.92,6.99,2026-07-18 20:16:27,amazon Dcvoltage,false
1204322,202-8867536-6420339,AMAZON,B0D4Y4SPFR,,CRFF140BM+WSWH135BM+LSDO210BC,2,33.38,16.69,2026-07-18 20:23:12,amazon Dcvoltage,false
1204325,026-3982449-1929946,AMAZON,B0DF7BD73R,,CRSF100BM+PHRYWP1RBM,1,11.49,9.57,2026-07-18 20:20:20,amazon Ledsone,false
1204332,206-6838009-8151536,AMAZON,B07RP8JC1Z,,WCBNBC+RPR44WH,1,10.29,8.57,2026-07-18 20:29:46,amazon Ledsone,false
1204333,204-2784831-7528322,AMAZON,B0DPMS12HM,,LSCYRO120BM+RPR44WH,1,13.99,11.66,2026-07-18 20:33:12,amazon Ledsone,false
1204334,205-4732393-8328328,AMAZON,B0C9TSHB33,,LSCY210BM+RPR44WH,1,13.89,13.89,2026-07-18 20:37:36,amazon Dcvoltage,false
1204335,204-5535591-1110719,AMAZON,B0D9RYF987,,ENC7498,1,44.63,47.99,2026-07-18 20:38:45,amazon Dcvoltage,false
1204338,206-6576127-4341919,AMAZON,B0FB3Y2GWC,,LDMC35E144,1,5.99,4.99,2026-07-18 20:38:40,amazon Ledsone,false
1204340,204-4998673-1102752,AMAZON,B09Z6P8H29,,LDCWA60HB227,1,4.79,3.99,2026-07-18 20:49:55,amazon Ledsone,false
1204341,026-0379697-8823547,AMAZON,B0DQD9LY98,,PHSF1AGTGB3PK,1,30.29,25.24,2026-07-18 20:55:58,amazon Ledsone,false
1204344,204-0185824-4217157,AMAZON,B0DSLKQ8V6,,ENC1010,2,41.78,20.89,2026-07-18 21:10:13,amazon Dcvoltage,false
1204345,206-7534511-2568353,AMAZON,B0C1H125H2,,ENC4161,1,38.99,32.49,2026-07-18 21:02:19,amazon Ledsone,false
1204351,206-7046735-7889909,AMAZON,B0DH9K22DP,,CL3TRE5PK,1,11.99,11.99,2026-07-18 21:14:47,amazon Dcvoltage,false
1204352,206-9097355-2587567,AMAZON,B0F28YR5JN,,LSCY290NB+RPR44WH,1,15.99,13.32,2026-07-18 21:09:19,amazon Ledsone,false
1204353,206-0013591-1921129,AMAZON,B0DCS57WF5,,WCDTBL2PK+RPR44WH2PK,1,17.29,14.41,2026-07-18 21:14:01,amazon Ledsone,false
1204361,203-8883401-0342736,AMAZON,B0DH937VLZ,,CL3TCR3PK,1,12.28,8.99,2026-07-18 21:25:58,amazon Dcvoltage,false
1204362,202-9931985-0866735,AMAZON,B08THHV6J7,,LSCY290GY+RPR44WH,2,29.78,14.89,2026-07-18 21:27:57,amazon Dcvoltage,false
1204363,206-0102849-5253977,AMAZON,B0DB27TD8R,,CRFF75YB3PK,1,17.69,14.74,2026-07-18 21:19:11,amazon Ledsone,false
1204366,202-5871423-8186766,AMAZON,B0D7BZ726S,,LDSG125E274,2,24.16,10.83,2026-07-18 21:36:39,amazon Ledsone,false
1204367,026-3866195-8131510,AMAZON,B0CPBXK43C,,LSCY290NB+RPR44WH,1,15.89,15.89,2026-07-18 21:38:09,amazon Dcvoltage,false
1204370,204-7436864-6708347,AMAZON,B0DCSJX7D8,,LSSS300BI2PK+RPR44WH2PK,1,27.09,22.57,2026-07-18 21:47:47,amazon Ledsone,false
1204371,203-1780784-8149127,AMAZON,B08NDBQLMZ,,WCDTBM+RPR44WH,1,10.59,10.59,2026-07-18 21:39:05,amazon Dcvoltage,false
1204372,205-9668350-3350756,AMAZON,B0H394ZWB5,,LSGL9015GY+RPM40WH,1,10.89,10.89,2026-07-18 21:45:36,amazon Dcvoltage,false
1204390,206-7746455-3285911,AMAZON,B0F2GJSFHD,,RWT6100YE,1,12.29,10.24,2026-07-19 00:40:11,amazon Ledsone,false
1204391,202-1815782-0309117,AMAZON,B0979FVT5K,,CNP1000GB,14,58.46,3.74,2026-07-19 02:15:39,amazon Ledsone,false
1204392,204-6899558-6351548,AMAZON,B0DDCPC539,,RWWPSN60YE,1,2.33,2.33,2026-07-19 02:41:49,amazon Ledsone,false
1204393,204-6899558-6351548,AMAZON,B0DDCP18G1,,RWWPSN80YE,1,2.07,2.07,2026-07-19 02:41:49,amazon Ledsone,false
1204395,203-9956366-1866747,AMAZON,B0FJ296YPH,,STPVC17AWH5PK,1,6.18,3.29,2026-07-19 00:18:14,amazon Dcvoltage,false
1204396,026-0437453-0913116,AMAZON,B0CPBYMBNK,,LSCY290BM+RPR44WH,1,15.89,15.89,2026-07-18 23:12:13,amazon Dcvoltage,false
1204401,204-7921257-9817934,AMAZON,B0D59Q2DL8,,WCB6BC2PK+RPR44WH2PK,1,16.89,16.89,2026-07-19 04:04:37,amazon Dcvoltage,false
1204454,203-1503803-7332346,AMAZON,B0DHGM5NP4,,LSCY290WH2PK+RPR44WH2PK,1,26.89,22.41,2026-07-19 08:07:46,amazon Ledsone,false
1204478,026-3543966-0005151,AMAZON,B0CNPZDQHZ,,LDMG95E278,1,7.19,7.19,2026-07-19 08:46:38,amazon Dcvoltage,false
1204483,205-9661481-2639548,AMAZON,B0CCDKF18M,,WCB3BM+RPR44WH,2,20.98,8.74,2026-07-19 08:50:20,amazon Ledsone,false
1204484,206-6952429-7046769,AMAZON,B0GCZJRYYD,,CRFF100YB2PK+LHNSE27YB2PK,1,24.89,24.89,2026-07-19 08:49:28,amazon Dcvoltage,false
1204485,206-8912548-6847514,AMAZON,B0GCZKJQQL,,CRFF100YB+LHNSE27YB+ICST64E27,1,16.99,16.99,2026-07-19 08:49:28,amazon Dcvoltage,false
1204487,205-6521199-8170702,AMAZON,B0DHLDX34K,,LSCO335WH+RPR44WH,1,15.49,12.91,2026-07-19 09:02:51,amazon Ledsone,false
1204501,204-5156438-5241912,AMAZON,B0CNQ1MB3F,,LDMG125B228,1,9.19,9.19,2026-07-19 09:16:58,amazon Dcvoltage,false
1204507,026-0269635-1129138,AMAZON,B0FPWZ7H6Z,,LDCWA95B22226PK,1,11.89,9.91,2026-07-19 09:20:53,amazon Ledsone,false
1204508,204-3726419-1611513,AMAZON,B0BLP2VGSC,,LDMST64E278APK,1,30.89,25.74,2026-07-19 09:49:13,amazon Ledsone,false
1204514,206-8365920-9461154,AMAZON,B09YYRTJWR,,PLADBC+LSDO210BC3PK,1,47.89,47.89,2026-07-19 09:30:47,amazon Dcvoltage,false
1204515,026-5479038-3381936,AMAZON,B0CNQ1MB3F,,LDMG125B228,1,9.19,9.19,2026-07-19 09:39:35,amazon Dcvoltage,false
1204516,206-7876813-3015546,AMAZON,B0G57TF1GT,,CRFF500BM+PHNW1RBM3PK,1,23.89,19.91,2026-07-19 09:31:14,amazon Ledsone,false
1204517,205-2619639-0425955,AMAZON,B0F7QZQS3Y,,CL2TWHAPK,1,18.49,15.41,2026-07-19 09:37:03,amazon Ledsone,false
1204518,204-5433431-5687529,AMAZON,B0F8Q9RWCH,,CERU80300WH,1,7.88,4.16,2026-07-19 09:40:34,amazon Ledsone,false
1204520,205-0351911-5131579,AMAZON,B075XQNZBL,,LDMST64E274,1,9.38,5.41,2026-07-19 09:49:00,amazon Ledsone,false
1204535,204-5767314-8097900,AMAZON,B0CNQ1MB3F,,LDMG125B228,2,17.09,9.19,2026-07-19 10:13:34,amazon Dcvoltage,false
1204541,204-3919827-8477122,AMAZON,B0F53K2JQZ,,PLWPBM,1,13.49,13.49,2026-07-19 10:54:02,amazon Dcvoltage,false
1204542,203-9677724-4828309,AMAZON,B093SR9Y1T,,LDMT45B224,1,5.99,5.99,2026-07-19 10:27:05,amazon Dcvoltage,false
1204543,203-4441751-3218718,AMAZON,B07S16RWT2,,LDMST64B224,1,5.59,4.66,2026-07-19 10:27:05,amazon Ledsone,false
1204545,203-2268598-3985949,AMAZON,B0D632W78W,,LLSQWB9W,4,36.85,8.49,2026-07-19 10:24:24,amazon SRM Amazon,false
1204558,202-2738725-0837961,AMAZON,B0C172YRQM,,PSDS2RBW,1,12.88,9.99,2026-07-19 10:46:43,amazon Dcvoltage,false
1204559,202-5135680-4858752,AMAZON,B0GZHF9J9F,,LSMCP1ULMC2PK+ICST64E272PK,1,84.58,84.58,2026-07-19 10:42:38,amazon Dcvoltage,false
1204561,204-3919827-8477122,AMAZON,B0F53K2JQZ,,PLWPBM,1,13.49,13.49,2026-07-19 10:54:02,amazon Dcvoltage,false
1204562,205-4441029-1777931,AMAZON,B0C9TN8TKQ,,CNP1000BM,1,7.78,4.89,2026-07-19 10:55:54,amazon Dcvoltage,false
1204563,204-5260439-7309928,AMAZON,B09MWJ3JRH,,ENC2242,1,35.89,29.91,2026-07-18 21:53:50,amazon Ledsone,false
1204564,203-6810045-2075522,AMAZON,B0G5XK5K1X,,CRSF2003CO+PHNW1RRR3PK+ICST64E273PK,3,101.67,33.89,2026-07-18 21:52:33,amazon Dcvoltage,false
1204577,204-2747278-0709964,AMAZON,B09477YHK7,,LDMG95E278APK,1,35.19,29.32,2026-07-19 11:04:13,amazon Ledsone,false
1204578,026-3140615-6914712,AMAZON,B0C6KFDSSL,,WCWYBM,1,12.38,7.91,2026-07-19 11:03:46,amazon Ledsone,false
1204581,026-8808832-8113910,AMAZON,B0CBPSWQ16,,WCB6WH2PK+RPR44WH2PK,1,16.89,16.89,2026-07-19 11:09:43,amazon Dcvoltage,false
1204582,026-7149063-6883546,AMAZON,B0CNLZLJZT,,WCB2BM+RPR44WH,2,20.14,10.07,2026-07-19 11:12:15,amazon Dcvoltage,false
1204583,026-5174817-7742701,AMAZON,B0B9Y5MRSK,,CL3TGD5PK,1,13.79,11.49,2026-07-19 11:12:47,amazon Ledsone,false
1204584,202-9689668-9530766,AMAZON,B0B9Y5MRSK,,CL3TGD5PK,1,13.79,11.49,2026-07-19 11:18:06,amazon Ledsone,false
1204591,204-0306997-7361970,AMAZON,B0CL7QHP1R,,ENC5582,1,52.91,56.89,2026-07-19 11:24:15,amazon Dcvoltage,false
1204592,203-7183443-1085163,AMAZON,B0BL866KGP,,LDMT45E2742PK,1,13.89,11.57,2026-07-19 11:27:30,amazon Ledsone,false
1204610,203-5695373-7132313,AMAZON,B0CSNH1JKT,,ENC9735,1,30.89,30.89,2026-07-19 11:57:23,amazon Dcvoltage,false
1204617,204-0811967-3062728,AMAZON,B0DX6BP7GV,,CENU46450WH,1,7.18,3.24,2026-07-19 12:03:22,amazon Ledsone,false
1204618,202-0950203-2223503,AMAZON,B0CNQ1MB3F,,LDMG125B228,2,17.09,9.19,2026-07-19 12:00:36,amazon Dcvoltage,false
1204619,205-0885602-3046714,AMAZON,B0CNQ1MB3F,,LDMG125B228,1,9.19,9.19,2026-07-19 12:05:39,amazon Dcvoltage,false
1204623,202-4847368-3782748,AMAZON,B0B9Y59487,,CL3TBR5PK,1,13.79,11.49,2026-07-19 12:16:37,amazon Ledsone,false
1204630,204-1852552-3076308,AMAZON,B0DRYSRP11,,LHSHE27RO3PK,1,17.69,17.69,2026-07-19 12:36:33,amazon SRM Amazon,false
1204632,204-1912914-5868362,AMAZON,B0DRP6F5D8,,LHSHE27RO2PK,1,10.28,8.57,2026-07-19 12:36:33,amazon Ledsone,false
1204637,202-8049169-4416300,AMAZON,B0DH8WCL96,,CL3TIV3PK,1,8.49,8.49,2026-07-19 12:44:06,amazon Dcvoltage,false
1204647,026-6971823-4451560,AMAZON,B09ZVJG535,,CCBKNWE12,1,9.88,5.82,2026-07-19 12:51:54,amazon Ledsone,false
1204650,203-7650814-5113945,AMAZON,B0DH4KYFPD,,WCDTBM2PK+RPR44WH2PK,1,18.19,15.16,2026-07-19 13:09:40,amazon Ledsone,false
1204651,203-7531856-5025111,AMAZON,B0BL7LQC5P,,LDMT45E2743PK,2,33.78,14.08,2026-07-19 13:14:38,amazon Ledsone,false
1204657,206-3909298-2627568,AMAZON,B0C8TZ2GMQ,,PLADBS+LSDO210BS3PK,1,50.89,50.89,2026-07-19 13:20:23,amazon Dcvoltage,false
1204658,026-3026561-2848345,AMAZON,B0DZ1Z3277,,RWWPSY0640YE2PK,1,10.98,9.15,2026-07-19 13:28:14,amazon Ledsone,false
1204664,204-3636727-2873966,AMAZON,B08XC4QHHG,,CL3TAGAPK,1,19.99,19.99,2026-07-19 13:32:44,amazon Dcvoltage,false
1204666,204-0149798-9207548,AMAZON,B0GCZG4XFD,,CRSF120WH,1,8.78,4.91,2026-07-19 13:34:17,amazon Ledsone,false
1204675,202-1867447-5017131,AMAZON,B0DJPH52NJ,,ENC7744,1,39.89,33.24,2026-07-19 13:40:34,amazon Ledsone,false
1204676,203-3639230-0659562,AMAZON,B0CGD98GVG,,CRSF100WH+PHRY2PCRWH,1,14.17,11.81,2026-07-19 13:41:48,amazon Ledsone,false
1204677,204-6321904-1785119,AMAZON,B0BL82M8SB,,LDMT185E274,2,13.00,5.83,2026-07-19 13:41:41,amazon Ledsone,false
1204678,204-8712962-3317109,AMAZON,B0CR63FXY6,,CKB6820PCBM,1,31.69,26.41,2026-07-19 13:41:48,amazon Ledsone,false
1204679,202-3823970-2789932,AMAZON,B0GXB7RGZK,,WCBSF90FG2PK+RPR44WH2PK,2,41.78,17.41,2026-07-19 13:40:25,amazon Ledsone,false
1204680,206-4666820-5009936,AMAZON,B0BYZ7GV8Z,,ENC6468,1,52.89,44.07,2026-07-19 13:47:23,amazon Ledsone,false
1204686,206-4131284-2247506,AMAZON,B08DHZG9VQ,,RPR44WH2PK,1,5.88,2.99,2026-07-19 13:49:04,amazon Dcvoltage,false
1204687,206-4259611-7357902,AMAZON,B0D4Y4SPFR,,CRFF140BM+WSWH135BM+LSDO210BC,2,31.04,16.69,2026-07-19 13:50:13,amazon Dcvoltage,false
1204691,026-8070897-4764312,AMAZON,B0DJ19521Q,,12IP6720,3,19.60,4.99,2026-07-19 14:01:57,amazon Ledsone,false
1204693,205-7221321-3753919,AMAZON,B084F8GWHW,,CRSF108CH,2,13.10,4.58,2026-07-19 14:06:45,amazon Ledsone,false
1204699,205-2703107-7655550,AMAZON,B0D81BWR8N,,LBT1ZEYE3PK,1,22.39,18.66,2026-07-19 14:09:36,amazon Ledsone,false
1204703,203-9867226-0192324,AMAZON,B093HCQGSL,,LSCY290BC+RPR44WH,1,15.89,13.24,2026-07-19 14:28:22,amazon Ledsone,false
1204708,205-8243309-4586769,AMAZON,B08P2ZNZ8D,,CRSF108CH2PK,2,27.98,13.99,2026-07-19 14:36:00,amazon SRM Amazon,false
1204709,206-3574722-5237967,AMAZON,B07DH89GTY,,12UK3P2A,1,8.88,4.99,2026-07-19 14:29:18,amazon Ledsone,false
1204713,202-2293074-8515512,AMAZON,B0D28X8ZF9,,LSCY290BC+RPR44WH,1,16.89,14.07,2026-07-19 14:36:32,amazon Ledsone,false
1204715,202-3961431-8121913,AMAZON,B0FN7GZ1FJ,,CRSF100WH+LHNSE27WH,1,14.28,11.99,2026-07-19 14:38:47,amazon SRM Amazon,false
1204716,202-9753456-4496332,AMAZON,B08XNPSWMN,,CRSF100BC+LHNSE27YB+SCRN70BC+LSWD360BC,1,29.89,29.89,2026-07-19 14:41:19,amazon Dcvoltage,false
1204717,205-3050264-7684316,AMAZON,B0CVL7N9XH,,LSEL400YE+RPR44WH,1,17.49,17.49,2026-07-19 14:47:52,amazon Dcvoltage,false
1204724,202-3369172-7491553,AMAZON,B07MLDZW2R,,CCBKNWE3,1,8.14,5.25,2026-07-19 15:04:24,amazon Dcvoltage,false
1204725,205-1557416-9644323,AMAZON,B0BNVVH3N6,,ENC4111,1,29.99,29.99,2026-07-19 15:06:47,amazon Dcvoltage,false
1204726,026-7369563-8133968,AMAZON,B0CNQ1MB3F,,LDMG125B228,6,51.28,9.19,2026-07-19 15:06:43,amazon Dcvoltage,false
1204728,205-4623688-8069968,AMAZON,B0GP73VLM8,,LHPVHRE27WH,1,7.78,4.07,2026-07-19 15:00:15,amazon Ledsone,false
1204729,203-5390616-9617931,AMAZON,B07RP8JC1Z,,WCBNBC+RPR44WH,2,24.14,8.57,2026-07-19 15:01:20,amazon Ledsone,false
1204738,204-4399208-0568354,AMAZON,B07CRVLJM6,,12IP6780,1,17.99,17.99,2026-07-19 15:11:01,amazon Dcvoltage,false
1204739,204-9505157-5820346,AMAZON,B0D6NCB51Z,,COY9ABM2PK,1,12.19,12.19,2026-07-19 15:10:44,amazon Dcvoltage,false
1204740,205-5363502-8803543,AMAZON,B08MZV99ZT,,CRFF500BM+PHHT1PBRBM3PK+WCDCBM3PK,1,30.50,33.89,2026-07-19 15:11:55,amazon Dcvoltage,false
1204746,206-4800071-5747524,AMAZON,B09MSJBH7S,,ENC2212,1,39.99,33.32,2026-07-19 15:22:56,amazon Ledsone,false
1204755,203-8765963-1725923,AMAZON,B0GD7MLZLJ,,ENC10190,1,23.89,23.89,2026-07-19 15:38:13,amazon Dcvoltage,false
1204762,205-4206340-3169131,AMAZON,B0D8L1HQXM,,RWWPSY0660YE,1,5.97,2.99,2026-07-19 15:49:30,amazon Dcvoltage,false
1204763,202-1613634-7933964,AMAZON,B08QR6YKFV,,ENC614,1,39.89,39.89,2026-07-19 15:50:12,amazon Dcvoltage,false
1204769,206-6542812-3900348,AMAZON,B07YV66L3P,,CRSF100BM2PK+PHCH1BMRBM2PK+LSCY290BM2PK,1,34.99,34.99,2026-07-19 16:16:25,amazon Dcvoltage,false
1204771,204-0201620-8581123,AMAZON,B0CM6J8FWV,,CRSF100BM+PHOP1PBRBM+LSDO300RE,1,21.89,18.24,2026-07-19 16:13:10,amazon Ledsone,false
1204772,206-4958029-0951530,AMAZON,B0CDLX5XG2,,WLRPE27BM2PK+LDA60E278WW2PK,1,42.79,35.66,2026-07-19 16:16:30,amazon Ledsone,false
1204775,204-0990066-4401158,AMAZON,B0FS1CS8H4,,CRSF100WH+LHTPE27JWH,1,11.89,11.89,2026-07-19 16:24:09,amazon SRM Amazon,false
1204776,206-7088563-4276356,AMAZON,B093H8YG8Z,,LSMS320GY+RPR44WH,1,22.49,12.19,2026-07-19 16:23:37,amazon Ledsone,false
1204781,204-6569134-7990728,AMAZON,B0D9Q668K7,,LSGL15014CL2PK+RPM40WH2PK,1,18.89,18.89,2026-07-19 16:32:54,amazon Dcvoltage,false
1204782,204-3923450-9791550,AMAZON,B0CRZ5Z4LM,,LSCY290CH+RPR44WH,1,18.29,18.29,2026-07-19 16:31:55,amazon Dcvoltage,false
1204791,205-0147728-5167568,AMAZON,B096B5S5D6,,CRFF500BM+PHHT1PBRBM3PK+WCDCBM3PK,1,33.89,33.89,2026-07-19 16:47:42,amazon Dcvoltage,false
1204794,206-1319520-3961154,AMAZON,B0FPWXQWQD,,LDCWA60HB2296PK,1,9.98,6.24,2026-07-19 16:49:03,amazon Ledsone,false
1204800,026-5092222-7902710,AMAZON,B0DCK527TN,,STBFT50M48EWH,1,6.38,3.49,2026-07-19 16:51:34,amazon Dcvoltage,false
1204801,205-6585279-6875533,AMAZON,B0CTT266YY,,LSCO335GY2PK+RPR44WH2PK,2,55.78,27.89,2026-07-19 16:52:00,amazon Dcvoltage,false
1204802,204-9681865-0002755,AMAZON,B0GCZJRYYD,,CRFF100YB2PK+LHNSE27YB2PK,1,24.89,24.89,2026-07-19 16:59:29,amazon Dcvoltage,false
1204808,205-1492378-7018730,AMAZON,B0DH5XWQYC,,CL2TOR5PK,1,10.99,10.99,2026-07-19 17:01:38,amazon Dcvoltage,false
1204809,205-9771857-9424317,AMAZON,B0GGS4DFB1,,CRFF100BM+PHUP1PBRBM+CNT900BM,1,18.57,18.57,2026-07-19 17:08:16,amazon Dcvoltage,false
1204810,205-7185453-8659506,AMAZON,B0B71MJFDZ,,CRSF100BM,5,30.74,4.99,2026-07-19 17:00:22,amazon Ledsone,false
1204821,202-7875455-7844365,AMAZON,B0CTTFVY5V,,LSMS320OR+RPR44WH,1,14.99,14.99,2026-07-19 17:14:56,amazon Dcvoltage,false
1204837,203-0470852-2526705,AMAZON,B0DBLPZQJ8,,CL3RRS5PK,1,13.49,13.49,2026-07-19 17:44:23,amazon Dcvoltage,false
1204838,205-3638720-9507512,AMAZON,B0D6WBLFV7,,FWS34041BM,1,8.98,6.09,2026-07-19 17:43:42,amazon SRM Amazon,false
1204840,205-5332402-2273934,AMAZON,B0DCFWRCSG,,FWS34041BM,1,8.78,4.91,2026-07-19 17:43:42,amazon Ledsone,false
1204850,205-7549087-1524336,AMAZON,B0DCBHCVDT,,IMBLEPK,1,15.00,15.00,2026-07-19 18:06:21,amazon Dcvoltage,false
1204858,206-7424591-3104349,AMAZON,B09M42QJCS,,LDMG125E2785PK,1,23.89,23.89,2026-07-19 18:15:25,amazon Dcvoltage,false
1204866,203-9442115-2863557,AMAZON,B0CNT2ML5D,,PLADBC,1,47.49,47.49,2026-07-19 18:22:42,amazon Dcvoltage,false
1204867,202-3631986-8739512,AMAZON,B0CV7K4PZC,,RWGS1342WH,1,6.75,3.59,2026-07-19 18:25:44,amazon Dcvoltage,false
1204868,026-2226571-3816343,AMAZON,B0G1TB8ZXP,,CKAT1552BM,1,13.99,11.66,2026-07-19 18:20:43,amazon Ledsone,false
1204869,026-1127709-0788348,AMAZON,B0F6V9HH23,,PLADBM,1,47.06,39.22,2026-07-19 18:27:58,amazon Ledsone,false
1204876,202-1895555-1016365,AMAZON,B0D9SD28P5,,WCDTYE2PK+RPR44WH2PK,1,17.29,14.41,2026-07-19 18:30:06,amazon Ledsone,false
1204877,205-2248094-3738710,AMAZON,B0GVT5JPGR,,WCBTC100FG2PK+RPR44WH2PK,1,17.89,14.91,2026-07-19 18:38:38,amazon Ledsone,false
1204880,205-2537734-2529908,AMAZON,B0GXB6VRXQ,,WCBTC100FG2PK+RPR44WH2PK,1,17.89,14.91,2026-07-19 18:41:42,amazon Ledsone,false
1204883,204-1702286-2785935,AMAZON,B0CBVPJGKC,,LSWE315BU,1,27.19,22.66,2026-07-19 18:58:41,amazon Ledsone,false
1204884,203-2536234-7747542,AMAZON,B0FW54NQDQ,,LSCYRO200GD+RPR44WH,2,33.78,16.89,2026-07-19 18:55:43,amazon Dcvoltage,false
1204894,202-8961793-8924341,AMAZON,B0CNRNJY9F,,ENC10226,1,32.89,27.41,2026-07-19 19:17:11,amazon Ledsone,false
1204901,206-2201660-8632336,AMAZON,B094D9PTHN,,CRFF500BM+PHRI1PCRSN3PK+LSDM220SN3PK,1,34.96,29.13,2026-07-19 19:25:50,amazon Ledsone,false
1204910,206-8577440-2050721,AMAZON,B09HV7T2B5,,CRFF500BM+PHCN1PBRYB3PK+LSDM220YB3PK,4,133.96,27.91,2026-07-19 19:29:20,amazon Ledsone,false
1204911,206-8722141-4284359,AMAZON,B0BGPQGL3C,,12UK3P8A,1,13.89,11.57,2026-07-19 19:34:51,amazon Ledsone,false
1204912,205-7362021-3017150,AMAZON,B0D4Y4SPFR,,CRFF140BM+WSWH135BM+LSDO210BC,1,16.69,16.69,2026-07-19 19:35:34,amazon Dcvoltage,false
1204920,203-1482672-7909126,AMAZON,B0FJM1F3NP,,PLTTRR+LSDO210RR,1,20.29,16.91,2026-07-19 19:45:18,amazon Ledsone,false
1204922,205-9091414-3517923,AMAZON,B0FMRL3D3P,,CRSF100BM2PK+LHTTE27BM2PK,1,18.89,18.89,2026-07-19 19:39:36,amazon Dcvoltage,false
1204928,205-8212886-2569158,AMAZON,B086224FLH,,LDMST64B2246PK,1,18.89,15.74,2026-07-19 19:50:32,amazon Ledsone,false
1204929,204-4153856-6888332,AMAZON,B0G1TG1W65,,CKKLYB,1,10.79,8.99,2026-07-19 19:58:42,amazon Ledsone,false
1204933,202-5176047-7402712,AMAZON,B0DH98XLXH,,CL3TBM3PK,1,9.99,9.99,2026-07-19 20:07:04,amazon Dcvoltage,false
1204942,206-4237012-2617142,AMAZON,B08QNGLQR5,,CRSF100BM+LHLTE27GG+WCGSGD,1,18.59,18.59,2026-07-19 20:15:48,amazon SRM Amazon,false
1204944,203-5595302-4314733,AMAZON,B094D9PTHN,,CRFF500BM+PHRI1PCRSN3PK+LSDM220SN3PK,1,34.96,29.13,2026-07-19 20:15:26,amazon Ledsone,false
1204951,202-8662165-8229106,AMAZON,B0DJGZF68B,,PLPYBM2PK,1,31.78,31.78,2026-07-19 20:29:36,amazon Dcvoltage,false
1204957,026-0101349-6758717,AMAZON,B0847NVVD6,,CBSF85,1,6.78,3.24,2026-07-19 20:33:40,amazon Ledsone,false
1204963,026-5319910-8770754,AMAZON,B0DHGLCQW2,,LSCY290WH+RPR44WH,1,15.89,13.24,2026-07-19 20:44:42,amazon Ledsone,false
1204964,026-8562678-4852325,AMAZON,B0FPQTH4CW,,LDCWT75B2212APK,1,23.89,19.91,2026-07-19 20:48:19,amazon Ledsone,false
1204965,026-1462486-1830763,AMAZON,B0CL6Y9SG1,,LDCCB2215,1,6.49,6.49,2026-07-19 20:46:51,amazon Dcvoltage,false
1204974,202-1056671-3725150,AMAZON,B09HV88XVH,,CRFF500BM+PHHT1PBRRO3PK+WCWDRO3PK,1,38.09,31.74,2026-07-19 20:59:42,amazon Ledsone,false
1204975,205-0142617-1178703,AMAZON,B0CCHYSJWC,,SPSDP2YB,2,13.70,4.74,2026-07-19 21:08:37,amazon Ledsone,false
1204980,202-8699636-9993117,AMAZON,B0FPWXQWQD,,LDCWA60HB2296PK,1,9.98,6.24,2026-07-19 21:13:18,amazon Ledsone,false
1204981,204-5383456-7187520,AMAZON,B0743GYD52,,CO332AORAPK,1,5.68,2.32,2026-07-19 21:15:54,amazon Ledsone,false
1204983,204-5977794-2800336,AMAZON,B0F1D3FS5C,,RWWPSY0660YE,1,5.88,2.99,2026-07-19 21:18:04,amazon Dcvoltage,false
1204985,026-5001205-4621936,AMAZON,B08PD8W1MM,,CRSF100BM+LHNSE27YB+LSHH240BM+ICST64E27,1,19.69,16.41,2026-07-19 21:23:29,amazon Ledsone,false
1204986,205-1358856-4358751,AMAZON,B0D793CWZ5,,WCB7BC2PK+RPR44WH2PK,1,15.89,13.24,2026-07-19 21:23:13,amazon Ledsone,false
1204987,203-7060531-2624339,AMAZON,B09MQS28T8,,WCB6BM+RPR44WH,1,10.89,9.07,2026-07-19 21:25:31,amazon Ledsone,false
1204988,204-9198555-6405901,AMAZON,B0FW4R1JC8,,LSCYRO200WH+RPR44WH,1,16.89,14.07,2026-07-19 21:28:00,amazon Ledsone,false
1204989,203-1711576-9245960,AMAZON,B0FR8S2WJF,,LSCY290BG+RPR44WH,2,39.98,17.49,2026-07-19 21:19:50,amazon Dcvoltage,false
1204990,205-2113474-4121952,AMAZON,B0CNQ1Q3BJ,,LDMG125E278,1,8.19,8.19,2026-07-19 21:23:50,amazon Dcvoltage,false
1204993,204-7884170-2676368,AMAZON,B0D7BXHZP9,,LDSG125E2742PK,3,51.78,15.47,2026-07-19 21:35:46,amazon Ledsone,false
1204994,204-7781321-4151557,AMAZON,B0DJR42Q18,,SPSPWH2PK,1,5.58,2.24,2026-07-19 21:37:59,amazon Ledsone,false
1204995,202-4962590-4650707,AMAZON,B07FDXJG55,,CCBC36,1,7.79,7.79,2026-07-19 21:35:59,amazon Dcvoltage,false
1204996,206-9156374-3509136,AMAZON,B0CNPZDQHZ,,LDMG95E278,1,7.19,7.19,2026-07-19 21:37:57,amazon Dcvoltage,false
1204999,203-9015832-4265153,AMAZON,B0F2F96Q8R,,LSMS320NB+RPR44WH,1,14.99,12.49,2026-07-19 21:45:44,amazon Ledsone,false
1205004,203-2043877-0992322,AMAZON,B07DKBSBG4,,LDMT185E274,1,6.59,6.59,2026-07-19 22:03:45,amazon Dcvoltage,false
1205006,205-8079939-2402714,AMAZON,B0DBV9CLPW,,LDSG125MUE274,1,10.49,8.74,2026-07-19 22:12:21,amazon Ledsone,false
1205008,203-2533610-5587556,AMAZON,B0CBPSSXC3,,WCB6BB2PK+RPR44WH2PK,3,45.57,15.19,2026-07-19 22:12:12,amazon Dcvoltage,false
1205009,206-9045378-6854716,AMAZON,B0CNPZDQHZ,,LDMG95E278,1,7.19,7.19,2026-07-19 22:13:13,amazon Dcvoltage,false
1205011,204-5665269-2109938,AMAZON,B0CR63749Q,,CKB6820PCWH,1,30.99,25.82,2026-07-19 22:26:00,amazon Ledsone,false
1205012,206-9965788-2603515,AMAZON,B0D4YNKTQH,,CRFF140BM+WSWH135BM+LSDO210BG,2,33.38,16.69,2026-07-19 22:20:30,amazon Dcvoltage,false
1205013,026-4766787-7845135,AMAZON,B0CPBXJ8N8,,LSCY290BL+RPR44WH,2,31.78,15.89,2026-07-19 22:26:23,amazon Dcvoltage,false
1205026,205-1257877-8990758,AMAZON,B0CW9NZCRK,,CKDZH01910KS,1,14.24,14.24,2026-07-19 22:31:37,amazon Dcvoltage,false
1205027,202-6756489-4975553,AMAZON,B0D83PFMTP,,WCDCBM3PK+RPR44WH3PK,1,23.98,23.98,2026-07-19 22:32:53,amazon Dcvoltage,false
1205028,205-3371278-5739555,AMAZON,B0F9WZVZ11,,LSFT220GS+RPR44WH,1,10.89,9.07,2026-07-19 22:43:33,amazon Ledsone,false
1205038,202-2252354-2760359,AMAZON,B09MSJBH7S,,ENC2212,1,39.99,33.32,2026-07-19 23:21:18,amazon Ledsone,false
1205039,206-3780606-4533128,AMAZON,B0CR63FXY6,,CKB6820PCBM,1,31.69,26.41,2026-07-19 23:30:43,amazon Ledsone,false
1205041,205-8242744-3406716,AMAZON,B0FJ26H2JG,,CRFF500BS+CNS500BS3PK,1,15.89,13.24,2026-07-19 15:18:53,amazon Ledsone,false
1205042,206-8781666-0796361,AMAZON,B0CGRJ1V8L,,TPOSBDBM,1,22.69,22.69,2026-07-19 23:47:11,amazon Dcvoltage,false
1205045,202-9534629-3288368,AMAZON,B0G616NMFD,,CRSF100BM+PHNW1RBM,1,10.89,9.07,2026-07-19 23:57:13,amazon Ledsone,false
1205046,203-8087687-0727525,AMAZON,B0D9GZCMXN,,CMWHAPK,1,8.85,4.63,2026-07-20 00:00:55,amazon Ledsone,false
1205048,206-5612417-6245139,AMAZON,B0F2DLJ3TC,,LSFS230BM,2,46.98,19.58,2026-07-20 00:17:58,amazon Ledsone,false
1205049,202-6172448-1484369,AMAZON,B09CZFGJ5C,,ENC8881,1,26.99,26.99,2026-07-20 00:37:25,amazon SRM Amazon,false
1205056,026-0861012-6956336,AMAZON,B0DCBHCVDT,,IMBLEPK,1,15.00,15.00,2026-07-20 01:53:02,amazon Dcvoltage,false
1205057,205-1688646-5813926,AMAZON,B0GLQYRR7B,,LSCY290DYE+RPR44WH,5,73.89,15.89,2026-07-20 02:08:44,amazon Dcvoltage,false
1205059,206-0047177-9166724,AMAZON,B0CG1VQKJL,,CRFF108CO+LHTKE27CO,1,11.99,9.99,2026-07-20 03:18:30,amazon Ledsone,false
1205064,202-1850049-1123507,AMAZON,B0D9RXR847,,WCDTRO3PK+RPR44WH3PK,3,70.17,19.49,2026-07-20 04:03:04,amazon Ledsone,false
1205093,026-8026013-7401104,AMAZON,B098BGCM4B,,CRSF100BM+WSLS155YB+SCRN70BM+LSOL180BG,4,74.36,18.59,2026-07-20 06:48:23,amazon SRM Amazon,false
1205094,206-3864757-7287521,AMAZON,B0D4YNLVWX,,CRFF140BM+WSWH135BM+LSDO210WH,2,33.38,16.69,2026-07-20 06:56:44,amazon Dcvoltage,false
1205096,205-9846704-8614700,AMAZON,B0FCRL3TXM,,LSFSCO220BM,1,18.89,18.89,2026-07-20 07:04:02,amazon Dcvoltage,false
1205114,206-2339657-6431505,AMAZON,B0CNQ1MB3F,,LDMG125B228,1,9.19,9.19,2026-07-20 08:09:43,amazon Dcvoltage,false
1205116,203-3112988-1272364,AMAZON,B0BY35XHVG,,SCRN70BM2PK,1,8.58,4.74,2026-07-20 08:05:53,amazon Ledsone,false
1205130,202-8459186-3451512,AMAZON,B0CNQ1MB3F,,LDMG125B228,1,9.19,9.19,2026-07-20 08:29:23,amazon Dcvoltage,false
1205140,204-6242075-3710751,AMAZON,B0CNXLHM7Q,,CL3TGD3PK,1,7.78,4.49,2026-07-20 08:49:57,amazon Dcvoltage,false
1205150,204-9504024-4345157,AMAZON,B0B9Y5MRSK,,CL3TGD5PK,1,13.79,11.49,2026-07-20 09:25:32,amazon Ledsone,false
1205151,204-4332052-3564354,AMAZON,B0CGRMRGR3,,CRSF100BM2PK+PHRYWP2RBM2PK+ICST64E272PK,1,27.19,22.66,2026-07-20 09:28:42,amazon Ledsone,false
1205154,026-4316598-4609934,AMAZON,B0GLQZ7L1Z,,LSCY290DBI+RPR44WH,1,15.89,15.89,2026-07-20 09:39:34,amazon Dcvoltage,false
1205155,204-2090310-6679526,AMAZON,B0DRP87NC8,,LHSHE27GB2PK,2,21.78,10.89,2026-07-20 09:31:23,amazon SRM Amazon,false
1205162,203-6730065-0877955,AMAZON,B0FN7GZ1FJ,,CRSF100WH+LHNSE27WH,1,14.28,11.99,2026-07-20 09:40:43,amazon SRM Amazon,false
1205163,206-2974449-0957113,AMAZON,B08NDF8WJX,,WCDTYE+RPR44WH,1,10.09,10.09,2026-07-20 09:41:17,amazon Dcvoltage,false
1205164,202-3216510-8497144,AMAZON,B0F28YR5JN,,LSCY290NB+RPR44WH,1,15.99,13.32,2026-07-20 09:42:10,amazon Ledsone,false
1205167,204-7324840-8970713,AMAZON,B09MSJBH7S,,ENC2212,1,39.98,33.32,2026-07-20 09:57:07,amazon Ledsone,false
1205168,202-5729190-8775503,AMAZON,B08XBQ6VPT,,PSDS4BMRBR,1,14.17,14.17,2026-07-20 09:57:49,amazon Dcvoltage,false
1205171,204-6400655-5524319,AMAZON,B0GSRFYV81,,LHXBTF40E27WH,1,3.09,3.09,2026-07-20 10:02:01,amazon Dcvoltage,false
1205172,202-4472678-3667526,AMAZON,B0F2GCKKRN,,RWT3550YE,1,9.48,5.49,2026-07-20 09:59:56,amazon Ledsone,false
1205176,203-3029113-4973163,AMAZON,B0DH9BZVRP,,CL3TBR5PK,2,23.98,11.99,2026-07-20 10:21:29,amazon Dcvoltage,false
1205182,203-6752781-0020358,AMAZON,B09L11514G,,12UK3P5A,1,12.89,10.74,2026-07-20 10:24:08,amazon Ledsone,false
1205183,203-3339976-7917956,AMAZON,B0GLNHSJZ8,,PL4HBM,1,37.89,31.57,2026-07-20 10:27:57,amazon Ledsone,false
1205184,203-1424883-6846756,AMAZON,B0FTZJ256M,,WCBCFRO+RPR44WH,1,13.09,10.91,2026-07-20 10:30:17,amazon Ledsone,false
1205194,202-1373664-5984327,AMAZON,B0FNMHW1Y3,,LSMCP1ULMC,1,40.89,34.07,2026-07-20 10:50:26,amazon Ledsone,false
1205205,026-9548134-8836352,AMAZON,B0DH8XKTL8,,CL3TBK3PK,1,8.99,8.99,2026-07-20 10:51:07,amazon Dcvoltage,false
1205206,203-2778834-2787543,AMAZON,B0DZNLF6LK,,RWWPSY10GY,1,5.38,2.07,2026-07-20 10:49:55,amazon Ledsone,false
1205208,203-9128102-0919514,AMAZON,B0FY2HP9LJ,,PHUH0.5HETBM,1,10.89,9.07,2026-07-20 10:52:18,amazon Ledsone,false
1205218,205-4992427-6164366,AMAZON,B083XCJF9B,,CL2TRE3PK,1,8.38,4.24,2026-07-20 11:00:39,amazon Ledsone,false
1205219,026-3773121-6952331,AMAZON,B0DH4KYFPD,,WCDTBM2PK+RPR44WH2PK,1,18.19,15.16,2026-07-20 11:06:37,amazon Ledsone,false
1205220,026-5545829-0797127,AMAZON,B0CBLV8NLC,,WCVCBS2PK+RPR44WH2PK,1,16.49,16.49,2026-07-20 11:06:41,amazon Dcvoltage,false
1205223,205-8227475-2238710,AMAZON,B0GZNJ8733,,LHSWPBB22CH2PK,1,14.79,12.32,2026-07-20 11:17:17,amazon Ledsone,false
1205224,204-4247398-2996347,AMAZON,B0CN376GSP,,CRSF1202BM+PHHT2PBRBM2PK+SPUPBM2PK,1,23.78,16.57,2026-07-20 11:19:58,amazon Ledsone,false
1205229,026-7979793-2003522,AMAZON,B0B8DWXLQ2,,CRSF1202BM,1,9.58,5.57,2026-07-20 11:27:11,amazon Ledsone,false
1205230,204-2993194-1567515,AMAZON,B07L5D9189,,WCVCBM+RPR44WH,1,12.68,9.79,2026-07-20 11:26:19,amazon Dcvoltage,false
1205238,026-2744180-3776311,AMAZON,B08WRC297L,,PHCT1BMRBM+PHBA1BMRBM+LSDO400BM,2,60.98,30.49,2026-07-20 11:33:51,amazon Dcvoltage,false
1205239,204-0447221-6608305,AMAZON,B08XVT2VKW,,WCB6WH+RPR44WH,1,10.49,10.49,2026-07-20 11:32:41,amazon Dcvoltage,false
1205240,206-4640579-8855503,AMAZON,B0CNQ1MB3F,,LDMG125B228,1,9.19,9.19,2026-07-20 11:35:21,amazon Dcvoltage,false
1205241,204-7444347-9297116,AMAZON,B0F29L9LFG,,CERU36200GR,2,6.41,1.58,2026-07-20 11:25:05,amazon Ledsone,false
1205242,203-8284405-3709108,AMAZON,B0B578JFRP,,CO126ACL5PK,1,6.78,3.24,2026-07-20 11:32:49,amazon Ledsone,false
1205254,204-3583155-1653157,AMAZON,B0FPWXQWQD,,LDCWA60HB2296PK,2,16.42,6.24,2026-07-18 22:04:34,amazon Ledsone,false
1205262,203-3704659-0674741,AMAZON,B0CNXSDF2B,,CRSF100SN+LHNSE27SN+LSDM220SN,1,24.69,24.69,2026-07-20 12:05:48,amazon Dcvoltage,false
1205263,205-2477751-2090706,AMAZON,B0DH9B4NSC,,CL3TIV3PK,1,11.28,7.99,2026-07-20 12:05:15,amazon Dcvoltage,false
1205264,026-9942801-7377941,AMAZON,B0D296W2FG,,LSCY290GY3PK+RPR44WH3PK,1,40.49,33.74,2026-07-20 12:07:07,amazon Ledsone,false
1205265,202-8183214-7081907,AMAZON,B0GZND9ZR6,,LHSWPBB22GD2PK,1,14.79,12.32,2026-07-20 12:08:50,amazon Ledsone,false
1205269,205-5205862-7574724,AMAZON,B0B9Y5MRSK,,CL3TGD5PK,1,13.79,11.49,2026-07-20 12:05:15,amazon Ledsone,false
1205272,204-4371488-3281101,AMAZON,B0CNXSNCKR,,CRSF100CO+LHNSE27CO+LSDM220CO,1,19.59,19.59,2026-07-20 12:26:59,amazon Dcvoltage,false
1205273,202-7633677-6516354,AMAZON,B0CNPZ2FZZ,,LDMG95B228,1,9.28,6.39,2026-07-20 12:26:43,amazon Dcvoltage,false
1205277,205-4264481-5359521,AMAZON,B0GDF2B3ML,,LDMT185E273,1,6.68,5.99,2026-07-20 12:38:05,amazon Ledsone,false
1205278,205-2062195-8168347,AMAZON,B0GDCN4LCW,,LDMT185E2736PK,1,15.99,14.32,2026-07-20 12:38:05,amazon Ledsone,false
1205280,203-2867284-9295506,AMAZON,B0DH98XLXH,,CL3TBM3PK,4,37.16,9.99,2026-07-20 12:36:58,amazon Dcvoltage,false
1205281,206-4439483-7169126,AMAZON,B0C5QMYCLL,,WCVCBS+RPR44WH,1,10.29,10.29,2026-07-20 12:37:50,amazon Dcvoltage,false
1205282,026-1608203-9305948,AMAZON,B08RYTP5WV,,HRE2738WH2PK,1,3.80,0.91,2026-07-20 12:37:29,amazon SRM Amazon,false
1205289,206-2760834-0083559,AMAZON,B0FVMCLK7H,,CERU36150GR,1,4.83,1.62,2026-07-20 12:13:35,amazon Ledsone,false
1205290,206-7629653-7409120,AMAZON,B07YSPGMZ9,,CO332AGYEPK,2,39.78,19.89,2026-07-20 12:45:44,amazon Dcvoltage,false
1205293,205-4724998-7153122,AMAZON,B0B9Y5MRSK,,CL3TGD5PK,2,27.58,11.49,2026-07-20 12:58:19,amazon Ledsone,false
1205294,203-8201103-7588344,AMAZON,B0CNTDJVMK,,WCB6WH+RPR44WH,1,10.89,10.89,2026-07-20 12:57:22,amazon Dcvoltage,false
1205298,205-4349446-4882759,AMAZON,B08Z7RZC6W,,PHUH1HETBM+LSHM400HE,2,69.78,34.89,2026-07-20 13:01:33,amazon Dcvoltage,false
1205300,202-4643462-7438746,AMAZON,B097DVCGSY,,CBSF90,2,10.87,3.58,2026-07-20 13:09:39,amazon Ledsone,false
1205304,205-9540580-7773938,AMAZON,B0DDCPC539,,RWWPSN60YE,1,5.68,2.32,2026-07-20 13:12:19,amazon Ledsone,false
1205311,203-2433725-7278708,AMAZON,B0DH4F6LTK,,LSTF40GB2PK+RPR44WH2PK,2,37.98,18.99,2026-07-20 13:18:56,amazon Dcvoltage,false
1205312,202-8000444-9565961,AMAZON,B0D6NCB51Z,,COY9ABM2PK,1,12.19,12.19,2026-07-20 13:35:27,amazon Dcvoltage,false
1205313,026-8113263-1824353,AMAZON,B09LHT9D8C,,CRSF1203WH+PHTT1PWRBL3PK+SPSPWH3PK,1,20.89,17.41,2026-07-20 13:21:44,amazon Ledsone,false
1205334,205-0471032-3093941,AMAZON,B08XXVD3TW,,WCB1BC+RPR44WH,1,10.19,10.19,2026-07-20 14:06:43,amazon Dcvoltage,false
1205335,202-1645468-6407556,AMAZON,B0D943K5SJ,,CRSF100BM+PHRYWP1RBM+ICST64E27,1,13.99,13.99,2026-07-20 13:23:41,amazon Dcvoltage,false
1205336,202-7477402-0928353,AMAZON,B0D94627RM,,WCB6BM3PK+RPR44WH3PK,1,21.89,18.24,2026-07-20 14:03:08,amazon Ledsone,false
1205337,203-7396959-4320362,AMAZON,B0B2K8KVCG,,LHC2E27WH,1,8.08,4.32,2026-07-20 14:05:56,amazon Ledsone,false
1205345,204-4373125-1536342,AMAZON,B0F7R1VSQD,,CL3TWHAPK,1,19.49,16.24,2026-07-20 14:11:03,amazon Ledsone,false
1205348,202-3301838-1336303,AMAZON,B0GGQM7RYQ,,CRFF100BM+PHUP1PBRBM+CNT900BM+ICST64E27,1,21.79,21.79,2026-07-20 14:18:54,amazon Dcvoltage,false
1205349,026-5212966-0081926,AMAZON,B08VGLZVBD,,LSCY290YE+RPR44WH,1,15.89,15.89,2026-07-20 14:24:52,amazon Dcvoltage,false
1205356,204-5612590-8457145,AMAZON,B0F8Q9RWCH,,CERU80300WH,1,8.06,4.06,2026-07-16 15:09:39,amazon Ledsone,false
1205359,206-0285502-4997108,AMAZON,B07S16RWT2,,LDMST64B224,1,5.59,4.66,2026-07-20 14:59:02,amazon Ledsone,false
1205360,205-6535981-8305123,AMAZON,B0CKDZZH1L,,PLOTBC+ICST64E2740,1,14.41,14.41,2026-07-20 15:01:23,amazon Ledsone,false
1205361,204-7914881-2122710,AMAZON,B0DX6TP9TZ,,CENU36300WH,1,5.77,2.07,2026-07-20 14:56:57,amazon Ledsone,false
1205363,026-0842754-7641130,AMAZON,B09MQSCVGF,,WCB4WH+RPR44WH,1,9.89,8.24,2026-07-20 15:00:56,amazon Ledsone,false
1205364,205-6535981-8305123,AMAZON,B0GLNHSJZ8,,PL4HBM,1,31.57,31.57,2026-07-20 15:01:23,amazon Ledsone,false
1205370,026-6184885-7463546,AMAZON,B0CNPZ2FZZ,,LDMG95B228,2,15.67,6.39,2026-07-20 15:12:46,amazon Dcvoltage,false
1205373,204-9266097-7609963,AMAZON,B09MQRB9Y6,,WCB4BM+RPR44WH,2,20.87,7.49,2026-07-20 15:34:13,amazon Ledsone,false
1205374,026-3705077-0843512,AMAZON,B0DH98J2L2,,CL3TBU5PK,1,8.99,8.99,2026-07-20 15:26:54,amazon Dcvoltage,false
1205375,026-3705077-0843512,AMAZON,B0DH65FBLF,,CL2TBUAPK,1,18.29,18.29,2026-07-20 15:26:54,amazon Dcvoltage,false
1205386,204-9320448-8244361,AMAZON,B094NJVJWZ,,CRFF500BM+WCSN1BM3PK+LDMT45E2743PK,1,37.89,37.89,2026-07-20 15:57:11,amazon Dcvoltage,false
1205390,202-6730855-4097132,AMAZON,B0F29FJ1D9,,PLHWRR,6,121.92,17.83,2026-07-20 16:02:06,amazon Ledsone,false
1205391,206-2025142-0285916,AMAZON,B0D794M7PJ,,WCB4BC2PK+RPR44WH2PK,1,15.39,12.82,2026-07-20 16:08:18,amazon Ledsone,false
1205394,205-3238751-3607500,AMAZON,B0FN7GZ1FJ,,CRSF100WH+LHNSE27WH,1,14.28,11.99,2026-07-20 16:13:03,amazon SRM Amazon,false
1205395,026-8653302-3045135,AMAZON,B0CNPV5SC5,,LDMG95B228,1,6.79,6.79,2026-07-20 16:05:48,amazon Dcvoltage,false
1205396,202-0537340-7657135,AMAZON,B0DC5LSF73,,STMT18FWH,1,5.08,2.19,2026-07-20 16:10:10,amazon Dcvoltage,false
1205397,204-2509613-5695503,AMAZON,B0F1D3FS5C,,RWWPSY0660YE,1,5.88,2.99,2026-07-20 16:13:29,amazon Dcvoltage,false
1205404,206-6102920-6237123,AMAZON,B0CN93TRBG,,LSMCP1ULMC+ICST64E27,1,43.79,36.49,2026-07-19 18:33:09,amazon Ledsone,false
1205406,205-0914501-7186766,AMAZON,B0DX6WHN2Q,,CENU50300WH,1,2.57,2.57,2026-07-20 16:27:21,amazon Ledsone,false
1205407,205-0914501-7186766,AMAZON,B0DX6NBT9P,,CENU19150WH,1,0.91,0.91,2026-07-20 16:27:21,amazon Ledsone,false
1205412,205-4457831-6318753,AMAZON,B0DH66YMVM,,CL2TRE5PK,1,11.99,11.99,2026-07-20 16:38:42,amazon Dcvoltage,false
1205418,206-6051904-4277920,AMAZON,B0F29P1SH6,,CERU36150GR,1,4.58,1.41,2026-07-20 16:43:55,amazon Ledsone,false
1205419,203-8803009-3345920,AMAZON,B07SHRTLP7,,CRSF120BM,2,12.93,4.18,2026-07-20 16:46:59,amazon Ledsone,false
1205420,202-1464422-8893926,AMAZON,B0C5QKJZ9J,,WCVCBM+RPR44WH,1,10.89,10.89,2026-07-20 16:40:33,amazon Dcvoltage,false
1205421,202-1464422-8893926,AMAZON,B0FZCW7KC7,,LSHM300HE+RPR44WH,1,21.89,21.89,2026-07-20 16:40:33,amazon Dcvoltage,false
1205422,026-0343023-9085915,AMAZON,B0DH9FZNF4,,CL3TGR3PK,1,11.78,8.49,2026-07-20 16:42:03,amazon Dcvoltage,false
1205423,206-0965436-9193145,AMAZON,B0BX49LJ1B,,LSMS320GY+RPR44WH,1,14.99,14.99,2026-07-20 16:43:32,amazon Dcvoltage,false
1205424,202-0698043-2976326,AMAZON,B0CNXL52CF,,CL3RBM3PK,2,11.64,4.49,2026-07-20 16:46:45,amazon Dcvoltage,false
1205425,206-8041029-9375507,AMAZON,B0FQVK88R8,,ENC1997,1,22.22,23.89,2026-07-20 16:49:17,amazon Dcvoltage,false
1205428,204-9024341-5725968,AMAZON,B0FPQYM3KQ,,LDCWT75B22123PK,1,17.89,14.91,2026-07-20 16:50:46,amazon Ledsone,false
1205435,205-0539528-6630703,AMAZON,B093SS3HWN,,LDMG95E274,1,6.59,6.59,2026-07-20 17:02:41,amazon Dcvoltage,false
1205442,203-6984591-0637101,AMAZON,B0FN7GZ1FJ,,CRSF100WH+LHNSE27WH,1,14.28,11.99,2026-07-20 17:23:37,amazon SRM Amazon,false
1205443,206-8122788-5351539,AMAZON,B0GTMQW1WF,,LSGL15014CL3PK+RPM40WH3PK,1,25.89,21.57,2026-07-20 17:23:50,amazon Ledsone,false
1205447,203-8770553-7021910,AMAZON,B0FB3ZFXY1,,LDMC35E1443PK,1,13.19,10.99,2026-07-20 17:36:14,amazon Ledsone,false
1205455,204-3497627-4270733,AMAZON,B08V8SLTTM,,CRSF100GY+PHRB1PWRPW+LSWE315GY,1,18.59,18.59,2026-07-20 17:46:02,amazon Dcvoltage,false
1205456,204-4131098-1536333,AMAZON,B0DF7BD73R,,CRSF100BM+PHRYWP1RBM,1,11.49,9.57,2026-07-20 17:43:21,amazon Ledsone,false
1205465,026-3350898-2585907,AMAZON,B0FZCQMY9B,,LSHM400HE2PK+RPR44WH2PK,1,48.32,53.69,2026-07-20 17:51:04,amazon Dcvoltage,false
1205469,205-2670413-2966734,AMAZON,B0GLXRPL51,,LHXWPE27PPWH,1,8.18,4.41,2026-07-20 18:02:12,amazon Ledsone,false
1205473,202-1956005-5899552,AMAZON,B0CC62QM7Y,,LSMS320BU+RPR44WH,2,29.98,14.99,2026-07-20 18:10:48,amazon Dcvoltage,false
1205474,202-5846962-7673146,AMAZON,B0D9RYF987,,ENC7498,1,44.63,47.99,2026-07-20 18:11:57,amazon Dcvoltage,false
1205475,206-3591316-7533923,AMAZON,B0F2YNF4WW,,RWWPSY12GY,1,4.88,1.99,2026-07-20 18:18:44,amazon Dcvoltage,false
1205499,203-4617597-2837137,AMAZON,B0F32XTV5C,,RWWPSN08GY,1,5.78,2.41,2026-07-20 18:53:57,amazon Ledsone,false
1205519,026-3023536-4311532,AMAZON,B0DH5R8NWV,,CL2TBP3PK,1,11.28,7.99,2026-07-20 19:17:56,amazon Dcvoltage,false
1205527,026-4813134-9235539,AMAZON,B0F2919CBQ,,LSCY290AA+RPR44WH,1,15.09,12.57,2026-07-20 19:21:04,amazon Ledsone,false
1205528,204-6906138-7209156,AMAZON,B0CTCNM6N4,,CRSF100SN+CL3TBR+LHSHE27GB,1,13.69,11.41,2026-07-20 19:25:35,amazon Ledsone,false
1205529,202-1662753-8467546,AMAZON,B0GYP9Q11N,,BS6S8033WH,1,20.89,17.41,2026-07-20 19:26:25,amazon Ledsone,false
1205535,206-0873923-2752333,AMAZON,B07WDWW6BV,,CRSF100BM,2,13.85,5.89,2026-07-20 19:35:39,amazon Dcvoltage,false
1205537,204-3465303-9177166,AMAZON,B07DH89GTY,,12UK3P2A,1,8.88,4.99,2026-07-20 19:32:26,amazon Ledsone,false
1205561,203-7876651-1461144,AMAZON,B0CN9FBQVD,,ENC5747,1,19.89,16.57,2026-07-20 19:52:51,amazon Ledsone,false
1205563,204-7918646-4009931,AMAZON,B07S16RWT2,,LDMST64B224,1,5.59,4.66,2026-07-20 19:57:06,amazon Ledsone,false
1205564,026-1742930-6505948,AMAZON,B07FDXJG55,,CCBC36,1,7.79,7.79,2026-07-20 19:55:26,amazon Dcvoltage,false
1205571,202-7164911-0221127,AMAZON,B07L5D9189,,WCVCBM+RPR44WH,1,12.68,9.79,2026-07-20 20:09:52,amazon Dcvoltage,false
1205572,203-8294509-6509925,AMAZON,B0DYDLW9F6,,RWWPSY0860YE2PK,1,13.19,13.19,2026-07-20 20:26:04,amazon SRM Amazon,false
1205579,203-6631496-7940328,AMAZON,B0CLGXC7ZP,,PHSF2GDTYB,1,14.89,12.41,2026-07-20 20:16:36,amazon Ledsone,false
1205580,026-4256462-8278760,AMAZON,B0DH4KYFPD,,WCDTBM2PK+RPR44WH2PK,1,18.19,15.16,2026-07-20 20:18:04,amazon Ledsone,false
1205581,204-2717854-4675510,AMAZON,B0F1D3FS5C,,RWWPSY0660YE,1,5.88,2.99,2026-07-20 20:11:01,amazon Dcvoltage,false
1205594,204-0974592-4133129,AMAZON,B0D56WV9GR,,WCB7BS2PK+RPR44WH2PK,1,17.29,17.29,2026-07-20 20:20:13,amazon Dcvoltage,false
1205600,206-7759999-7085955,AMAZON,B094VJWCF5,,PLADBC,1,48.09,40.07,2026-07-20 20:33:05,amazon Ledsone,false
1205602,204-7322466-9416366,AMAZON,B0GCZG4XFD,,CRSF120WH,1,8.78,4.91,2026-07-20 20:45:51,amazon Ledsone,false
1205604,202-1994316-8468330,AMAZON,B08XVT2VKW,,WCB6WH+RPR44WH,3,31.47,10.49,2026-07-20 20:40:02,amazon Dcvoltage,false
1205608,204-6237806-7297131,AMAZON,B0CCJ2NWRP,,SPSDP2BM5PK,1,17.79,14.82,2026-07-20 20:56:56,amazon Ledsone,false
1205614,206-5619520-7100353,AMAZON,B0DYTPN1NZ,,RWWPSY0640YE,1,9.38,5.41,2026-07-20 21:02:04,amazon Ledsone,false
1205615,206-5213526-9949928,AMAZON,B091N5YNF6,,PHDH1HETHE+ICST64E272PK,1,17.59,14.66,2026-07-20 21:02:15,amazon Ledsone,false
1205616,202-4630481-3314753,AMAZON,B0DTHZ1JX5,,WCDCBM4PK+RPR44WH4PK,1,28.49,23.74,2026-07-20 21:07:20,amazon Ledsone,false
1205617,205-0458235-8053955,AMAZON,B0FN7GZ1FJ,,CRSF100WH+LHNSE27WH,1,14.28,11.99,2026-07-20 20:59:35,amazon SRM Amazon,false
1205620,203-4838486-5905156,AMAZON,B0D5B63S7G,,WCDTBM2PK+RPR44WH2PK,1,18.49,18.49,2026-07-20 21:10:22,amazon Dcvoltage,false
1205621,206-5920561-4269165,AMAZON,B0DH4KYFPD,,WCDTBM2PK+RPR44WH2PK,1,18.19,15.16,2026-07-20 21:17:52,amazon Ledsone,false
1205628,203-8537887-3159548,AMAZON,B0C9DPGRGD,,SPSDP2BM,1,7.87,4.98,2026-07-20 21:26:02,amazon Dcvoltage,false
1205630,206-1020224-4222718,AMAZON,B0CV5DK5NC,,LDSG125LOE2742PK,1,17.89,14.91,2026-07-20 21:26:32,amazon Ledsone,false
1205631,206-4161228-1626721,AMAZON,B0H2SC8XF1,,PCBISR2PK,1,5.89,4.91,2026-07-20 21:24:05,amazon Ledsone,false
1205632,026-5863476-9516368,AMAZON,B0F29JLHC2,,CERU36200RE,1,4.78,1.57,2026-07-20 21:25:06,amazon Ledsone,false
1205633,203-5687151-2369917,AMAZON,B0GXB7RGZK,,WCBSF90FG2PK+RPR44WH2PK,2,41.78,17.41,2026-07-20 21:30:04,amazon Ledsone,false
1205637,202-5126312-6805903,AMAZON,B0DCKWL469,,STFG4845WH,1,6.38,2.91,2026-07-20 21:33:42,amazon Ledsone,false
1205639,205-5123164-2739564,AMAZON,B08XWSBPHW,,WCB1BM+RPR44WH,1,9.79,9.79,2026-07-20 21:35:33,amazon Dcvoltage,false
1205643,206-3752680-1173924,AMAZON,B0F1D3FS5C,,RWWPSY0660YE,1,5.88,2.99,2026-07-20 21:47:31,amazon Dcvoltage,false
1205646,203-6885376-5179513,AMAZON,B0CNQ1Q3BJ,,LDMG125E278,1,8.19,8.19,2026-07-20 21:55:40,amazon Dcvoltage,false
1205647,205-2826765-1847506,AMAZON,B09WJD9ZR5,,CRFF140CO+WSNW170CO+LSOL220CO,1,19.89,16.57,2026-07-20 21:57:13,amazon Ledsone,false
1205650,026-1409532-8611564,AMAZON,B0CNG5GG2X,,TPHTTF2PBRBM,1,16.10,17.89,2026-07-20 22:04:42,amazon Dcvoltage,false
1205660,203-7127399-4346725,AMAZON,B08SJ2MW2R,,CRFF100WH+PHUP1PWRWH+CNT900WH,1,18.57,18.57,2026-07-20 22:31:26,amazon Dcvoltage,false
1205667,026-2250898-5901136,AMAZON,B0DH4KYFPD,,WCDTBM2PK+RPR44WH2PK,1,18.19,15.16,2026-07-20 22:44:28,amazon Ledsone,false
1205670,205-8959382-7388325,AMAZON,B0CB1Q1X9G,,LSCY290YE+RPR44WH,1,15.89,13.24,2026-07-20 22:56:41,amazon Ledsone,false
1205676,204-9008463-5869940,AMAZON,B0DX6NBT9P,,CENU19150WH,1,4.38,0.91,2026-07-20 22:59:00,amazon Ledsone,false
1205677,205-1639362-7843522,AMAZON,B0DRP87NC8,,LHSHE27GB2PK,1,10.89,10.89,2026-07-20 23:10:10,amazon SRM Amazon,false
1205678,203-8393324-9867552,AMAZON,B0FZCW7KC7,,LSHM300HE+RPR44WH,2,41.59,21.89,2026-07-20 23:13:55,amazon Dcvoltage,false
1205679,205-1196088-3388328,AMAZON,B0G1TG1W65,,CKKLYB,1,10.79,8.99,2026-07-20 23:27:26,amazon Ledsone,false
1205680,206-6463972-6125938,AMAZON,B0CTCBKBYK,,CRSF100BM+LHNSE27YB+SCRN70YB+LSFT220BI,1,17.89,17.89,2026-07-20 23:26:21,amazon Dcvoltage,false
1205682,206-2189919-4083533,AMAZON,B0DBLNDY2B,,CL3RIV5PK,1,13.49,13.49,2026-07-20 23:43:08,amazon Dcvoltage,false
1205683,026-9754251-8720323,AMAZON,B0B71KX4H3,,CRSF100WH,1,8.88,4.99,2026-07-20 23:48:25,amazon Ledsone,false
1205686,203-9789674-3221900,AMAZON,B0CNXLR5DJ,,CL3TLB3PK,2,12.27,4.49,2026-07-20 23:56:09,amazon Dcvoltage,false
1205690,202-6733903-7260337,AMAZON,B0DG29SP2H,,LDMA60E274WW2PK,1,7.99,6.66,2026-07-21 00:32:30,amazon Ledsone,false
1205691,204-4444756-3581111,AMAZON,B08TX35XSK,,LSMS320GY+RPR44WH,1,14.24,14.24,2026-07-21 00:49:51,amazon Dcvoltage,false
1205699,026-7137355-7955554,AMAZON,B0CBRL28PQ,,PHDH1HETHE,1,18.79,18.79,2026-07-21 01:35:23,amazon Dcvoltage,false
1205700,202-7147217-4114737,AMAZON,B0G1TC8PWQ,,CKCSBY,1,9.89,10.99,2026-07-21 01:50:32,amazon Dcvoltage,false
1205705,026-2342721-7872307,AMAZON,B0DYTPN1NZ,,RWWPSY0640YE,1,9.38,5.41,2026-07-21 03:57:40,amazon Ledsone,false
1205727,202-6473959-9233943,AMAZON,B0DTQ2P2B4,,LDMST64E274,1,9.78,5.74,2026-07-18 22:31:29,amazon Ledsone,false
1205728,204-7709065-9820366,AMAZON,B0B8DWXLQ2,,CRSF1202BM,1,9.58,5.57,2026-07-18 22:23:06,amazon Ledsone,false
1205743,026-2425596-5567537,AMAZON,B0FJM11D6H,,PLTEBM,2,39.38,16.41,2026-07-21 06:10:21,amazon Ledsone,false
1205745,204-0540706-6413107,AMAZON,B0FPWXQWQD,,LDCWA60HB2296PK,1,9.98,6.24,2026-07-21 06:17:21,amazon Ledsone,false
1205752,204-7835934-1038719,AMAZON,B0G49CBSQ3,,WCCYSP180BM2PK+RPR44WH2PK,2,43.69,19.58,2026-07-21 06:43:51,amazon Ledsone,false
1205758,205-1638396-6459536,AMAZON,B0CNQ1Q3BJ,,LDMG125E278,1,8.19,8.19,2026-07-21 07:18:11,amazon Dcvoltage,false
1205764,203-8507078-9296324,AMAZON,B09MSHT3QQ,,ENC2208,1,41.89,34.91,2026-07-21 07:40:50,amazon Ledsone,false
1205768,203-0977309-5269921,AMAZON,B0FZCY5184,,LSHM300HE2PK+RPR44WH2PK,1,38.60,42.89,2026-07-21 07:41:18,amazon Dcvoltage,false
1205769,026-4578877-7451505,AMAZON,B0CS3LSTMS,,WCB7BS+RPR44WH,1,10.29,10.29,2026-07-21 07:48:06,amazon Dcvoltage,false
1205770,204-8564893-1243531,AMAZON,B08W5DQZP4,,CRSF100BM+WSLS155YB+SCRN70BM+LSFT220GR,2,29.56,15.89,2026-07-21 07:50:33,amazon Dcvoltage,false
1205773,203-4153652-5028323,AMAZON,B0FN7GZ1FJ,,CRSF100WH+LHNSE27WH,1,14.28,11.99,2026-07-21 07:58:31,amazon SRM Amazon,false
1205774,202-8831668-1560351,AMAZON,B0C171DCTC,,PSDS2RGD,2,23.78,11.89,2026-07-21 07:54:59,amazon Dcvoltage,false
1205778,204-4558632-5788351,AMAZON,B0GLPXP4C3,,LSCY290DGR+RPR44WH,1,14.89,12.41,2026-07-21 08:12:15,amazon Ledsone,false
1205789,204-8812288-8818718,AMAZON,B0GXBB57TS,,WCBTC120FG+RPR44WH,1,13.89,11.57,2026-07-21 08:30:07,amazon Ledsone,false
1205793,206-5566902-6608322,AMAZON,B09LMFWQBY,,CRFF140BM+LHNSE27YB+SCRN70BM+LSUL220RR,8,148.72,15.49,2026-07-21 08:41:13,amazon Ledsone,false
1205794,202-4002863-5437903,AMAZON,B0DBV1PXNS,,LDSG125LOE2743PK,1,22.89,19.07,2026-07-21 08:44:56,amazon Ledsone,false
1205805,204-4743078-1394760,AMAZON,B0BC1DZ1Z2,,CL3RBWAPK,1,22.89,19.07,2026-07-21 08:59:09,amazon Ledsone,false
1205814,204-4381454-1141923,AMAZON,B0DH97YNLH,,CL3TBK5PK,1,11.99,11.99,2026-07-21 09:30:09,amazon Dcvoltage,false
1205822,205-2249878-7483505,AMAZON,B08VGPPCY1,,WCDTBM+RPR44WH,1,10.04,10.04,2026-07-21 09:41:47,amazon Dcvoltage,false
1205823,204-8756303-6113142,AMAZON,B0C9TWTCZ8,,LSCY210BG+RPR44WH,2,24.98,12.49,2026-07-21 09:44:33,amazon Dcvoltage,false
1205824,205-3403624-8321914,AMAZON,B08RYTP5WV,,HRE2738WH2PK,1,3.80,0.91,2026-07-21 09:47:28,amazon SRM Amazon,false
1205828,203-6573711-5171508,AMAZON,B0CNQ1Q3BJ,,LDMG125E278,3,22.85,8.19,2026-07-21 09:55:49,amazon Dcvoltage,false
1205833,026-5967751-6077150,AMAZON,B0F6NLP99K,,CGSRYB3PK,1,4.04,1.15,2026-07-21 10:18:40,amazon SRM Amazon,false
1205841,026-3637089-8208351,AMAZON,B0DVLPPMXL,,PHSHF1PBRYB+LSCY290BG+ICST64E27,4,87.96,18.33,2026-07-21 10:21:26,amazon Ledsone,false
1205843,204-6647918-1403530,AMAZON,B0DH952KYG,,CL3TBU5PK,1,11.99,11.99,2026-07-21 10:23:55,amazon Dcvoltage,false
1205852,206-6068195-0270715,AMAZON,B0CW1TB57F,,RWWPSY0660YE,1,5.78,2.41,2026-07-21 10:34:03,amazon Ledsone,false
1205853,205-4197424-4030759,AMAZON,B0DBLNDY2B,,CL3RIV5PK,1,13.49,13.49,2026-07-21 10:30:36,amazon Dcvoltage,false
1205858,206-9737947-6712339,AMAZON,B09WJD9ZR5,,CRFF140CO+WSNW170CO+LSOL220CO,1,19.89,16.57,2026-07-21 10:46:58,amazon Ledsone,false
1205859,203-4771139-3125150,AMAZON,B09WJD9ZR5,,CRFF140CO+WSNW170CO+LSOL220CO,2,37.78,15.74,2026-07-21 10:49:19,amazon Ledsone,false
1205860,203-2429012-4751547,AMAZON,B095T1KZ4X,,CRSF100BM+PHRI1PBRCO+LSOL220CO+ICST64E27,2,47.98,23.99,2026-07-21 10:49:19,amazon Dcvoltage,false
1205863,026-7794161-2571557,AMAZON,B0G616NMFD,,CRSF100BM+PHNW1RBM,1,10.89,9.07,2026-07-21 10:57:43,amazon Ledsone,false
1205872,202-2792279-2357926,AMAZON,B0DH9CZJ14,,CL3TRO5PK,1,11.99,11.99,2026-07-21 11:14:34,amazon Dcvoltage,false
1205873,205-5941464-2104311,AMAZON,B0FRML5GMP,,PLMJBC,2,53.38,22.24,2026-07-21 11:13:21,amazon Ledsone,false
1205887,205-4361272-4195503,AMAZON,B09M42QJCS,,LDMG125E2785PK,1,23.89,23.89,2026-07-21 11:39:02,amazon Dcvoltage,false
1205895,204-7934090-1301114,AMAZON,B0FB41DWMV,,LDMC35E1446PK,1,20.29,16.91,2026-07-21 11:47:14,amazon Ledsone,false
1205896,204-1222631-6637919,AMAZON,B0F1CX9BKB,,RWWPSY10100YE,1,9.88,6.99,2026-07-21 11:40:04,amazon Dcvoltage,false
1205897,203-0029450-3467511,AMAZON,B07DW3ZY1P,,CCBC3,4,21.91,5.89,2026-07-21 11:41:38,amazon Dcvoltage,false
1205905,203-5879131-1689166,AMAZON,B0FZCW7KC7,,LSHM300HE+RPR44WH,1,19.70,21.89,2026-07-21 12:04:41,amazon Dcvoltage,false
1205910,203-9221017-3493908,AMAZON,B0D8L1HQXM,,RWWPSY0660YE,1,5.97,2.99,2026-07-21 12:10:36,amazon Dcvoltage,false
1205911,204-4706963-7193946,AMAZON,B0D59SHLCD,,WCB1WH2PK+RPR44WH2PK,1,15.49,15.49,2026-07-21 12:15:12,amazon Dcvoltage,false
1205915,026-5373386-2830755,AMAZON,B0C9TWTCZ8,,LSCY210BG+RPR44WH,1,12.49,12.49,2026-07-21 12:29:09,amazon Dcvoltage,false
1205916,202-0734079-6390744,AMAZON,B07L8HF87F,,CL3TBU5PK,1,14.99,14.99,2026-07-21 12:29:18,amazon Dcvoltage,false
1205917,205-1045652-5043502,AMAZON,B0GZNJ8733,,LHSWPBB22CH2PK,1,14.79,12.32,2026-07-21 12:20:54,amazon Ledsone,false
1205929,202-2160850-4788331,AMAZON,B0D9RWB87Q,,ENC7499,6,283.97,50.89,2026-07-21 12:40:19,amazon Dcvoltage,false
1205930,206-1460198-3540352,AMAZON,B0DMT5YWLR,,PCFT90TBM5PK,1,12.68,8.16,2026-07-21 12:43:52,amazon Ledsone,false
1205931,205-4255714-3469963,AMAZON,B0CV5D5D6G,,LDSSTRE2742PK,1,16.19,13.49,2026-07-21 12:47:58,amazon Ledsone,false
1205938,206-3072632-3595502,AMAZON,B0DQD9LY98,,PHSF1AGTGB3PK,1,30.29,25.24,2026-07-21 12:55:17,amazon Ledsone,false
1205939,206-3414219-1298731,AMAZON,B08NTKB1DM,,CRFF500BM+PHCH1BMRBM3PK+LSCY210BG3PK,1,38.79,32.32,2026-07-21 12:56:30,amazon Ledsone,false
1205946,026-3625592-3975556,AMAZON,B0D4YG1QFJ,,LDMG95E2783PK,1,12.19,12.19,2026-07-21 13:00:30,amazon Dcvoltage,false
1205951,202-0783063-1629900,AMAZON,B0GY3YW6T7,,LSGL9015CL3PK+RPM40WH3PK,1,22.89,22.89,2026-07-21 13:08:59,amazon Dcvoltage,false
1205952,205-2504007-9794768,AMAZON,B0CL1D8TJC,,ENC5537,1,43.89,43.89,2026-07-21 13:10:05,amazon Dcvoltage,false
1205953,205-2504007-9794768,AMAZON,B0D73Q5XJ6,,ENC4929,1,28.09,28.09,2026-07-21 13:10:05,amazon Dcvoltage,false
1205954,203-7904046-7509920,AMAZON,B08KW4CKK4,,12IP67150,3,47.97,15.99,2026-07-21 13:10:30,amazon SRM Amazon,false
1205956,202-5671533-6911540,AMAZON,B0BGPQGL3C,,12UK3P8A,2,23.70,10.62,2026-07-21 13:09:39,amazon Ledsone,false
1205957,206-6314363-1097907,AMAZON,B0B7SJYY45,,PHSF1GYTCH,1,14.99,12.49,2026-07-21 13:12:52,amazon Ledsone,false
1205958,206-1678226-4803502,AMAZON,B09477YHK7,,LDMG95E278APK,1,35.19,29.32,2026-07-21 13:13:16,amazon Ledsone,false
1205959,203-6625995-3095528,AMAZON,B0FPFYZ5D1,,CRSF100BM+PHRYWP1RBM,4,45.35,10.16,2026-07-21 13:15:05,amazon Ledsone,false
1205966,204-9574471-6505149,AMAZON,B0H6LWYK8H,,BS6S8033WH,1,19.85,20.89,2026-07-21 13:22:53,amazon Dcvoltage,false
1205972,205-9195019-2463503,AMAZON,B0FVM8LHNX,,CERU36150BL,1,1.41,1.41,2026-07-21 13:36:29,amazon Ledsone,false
1205973,205-9195019-2463503,AMAZON,B0FVMCY494,,CERU36150YE,1,1.24,1.24,2026-07-21 13:36:29,amazon Ledsone,false
1205979,203-0584888-7015559,AMAZON,B083XHFBY1,,CL2RBM3PK,1,8.17,4.07,2026-07-21 13:46:15,amazon Ledsone,false
1205981,205-5595685-0189912,AMAZON,B0CPBXD3C5,,LSCY290WH+RPR44WH,1,15.89,15.89,2026-07-21 13:45:10,amazon Dcvoltage,false
1205988,205-1867713-3498765,AMAZON,B09M42QJCS,,LDMG125E2785PK,2,47.78,23.89,2026-07-21 13:50:38,amazon Dcvoltage,false
1205989,203-6835393-9940368,AMAZON,B07MBLMGLL,,CCBKNWE12,1,8.88,5.99,2026-07-21 13:58:03,amazon Dcvoltage,false
1205991,204-9468480-7440352,AMAZON,B0DMT5YWLR,,PCFT90TBM5PK,1,12.68,8.16,2026-07-21 14:04:41,amazon Ledsone,false
1205992,205-1871782-1337106,AMAZON,B0GC5MC7HV,,LSH3325HE+RPR44WH,2,33.10,16.55,2026-07-21 14:01:06,amazon Dcvoltage,false
1205993,205-1871782-1337106,AMAZON,B0FZCW7KC7,,LSHM300HE+RPR44WH,2,42.36,21.18,2026-07-21 14:01:06,amazon Dcvoltage,false
1205999,026-2735589-7818704,AMAZON,B0H1MS8KF4,,LDCWA60HE2776PK,1,9.08,5.16,2026-07-21 14:11:52,amazon Ledsone,false
1206000,206-2841009-9303511,AMAZON,B0BC1BDMCF,,CL3RGLAPK,1,23.89,19.91,2026-07-21 14:12:01,amazon Ledsone,false
1206001,206-7281333-1757140,AMAZON,B0B8VVQSNV,,LDSG125LOE274,1,8.99,7.49,2026-07-21 14:16:35,amazon Ledsone,false
1206014,204-2579407-1865935,AMAZON,B0CQNHPKT7,,PLTTBM+LSFT220BM,2,41.78,20.89,2026-07-21 14:39:01,amazon Dcvoltage,false
1206032,204-0981876-1238768,AMAZON,B0BQ6QX3CQ,,LDWWB2215,1,5.89,5.89,2026-07-21 15:03:15,amazon Dcvoltage,false
1206033,204-3543768-7627545,AMAZON,B0DNJZDCXN,,ENC10064,1,29.89,24.91,2026-07-21 15:03:38,amazon Ledsone,false
1206046,026-4967163-3401112,AMAZON,B0CVL51C22,,LSTF400GR+RPR44WH,1,16.39,16.39,2026-07-21 15:44:07,amazon Dcvoltage,false
1206053,204-2494163-5469969,AMAZON,B0DH8WCL96,,CL3TIV3PK,1,8.49,8.49,2026-07-21 15:57:42,amazon Dcvoltage,false
1206055,205-3448678-4091544,AMAZON,B0BYZ8JNFN,,ENC6467,1,43.89,36.57,2026-07-21 15:49:37,amazon Ledsone,false
1206056,204-3788769-1109166,AMAZON,B0BZDSH4D9,,CRFF105CH,3,25.34,7.41,2026-07-21 15:57:42,amazon Ledsone,false
1206070,206-5240744-2825132,AMAZON,B0D5CP841T,,LDCWB22155PK,1,13.49,11.24,2026-07-21 16:22:34,amazon Ledsone,false
1206076,026-0753007-6948323,AMAZON,B0DCSG3CVL,,WCWDRO2PK+RPR44WH2PK,1,15.89,13.24,2026-07-21 16:31:28,amazon Ledsone,false
1206077,204-9891456-0152332,AMAZON,B0D7964X6Y,,WCB4BS2PK+RPR44WH2PK,1,15.29,12.74,2026-07-21 16:38:27,amazon Ledsone,false
1206086,026-9597004-4865927,AMAZON,B0DH98XLXH,,CL3TBM3PK,1,9.99,9.99,2026-07-21 16:50:27,amazon Dcvoltage,false
1206098,204-4495424-2349150,AMAZON,B0DHVLPH2M,,LHSHE27CO,1,10.78,7.89,2026-07-21 17:18:21,amazon Dcvoltage,false
1206099,206-1822135-0206761,AMAZON,B0CG1VJLT9,,CRFF108CO2PK+LHTKE27CO2PK,1,18.29,15.24,2026-07-21 17:15:07,amazon Ledsone,false
1206106,203-7944498-2108319,AMAZON,B07FNP5GYB,,CL3TGD5PK,1,12.59,12.59,2026-07-21 17:34:57,amazon Dcvoltage,false
1206107,204-9552955-4544319,AMAZON,B0FZCW7KC7,,LSHM300HE+RPR44WH,2,41.59,21.89,2026-07-21 17:39:07,amazon Dcvoltage,false
1206109,205-1110898-1305114,AMAZON,B0GDDXB14R,,LDMT185E2732PK,1,10.99,9.16,2026-07-21 17:29:19,amazon Ledsone,false
1206111,204-2782626-9026764,AMAZON,B09V8C6ZHM,,CRSF2003BM+PHHN1PBRGD3PK+LSDO210GR3PK,1,39.89,33.24,2026-07-21 17:36:48,amazon Ledsone,false
1206119,205-4276110-7635530,AMAZON,B0D9RQQZYB,,WCDCBM3PK+RPR44WH3PK,1,23.89,19.91,2026-07-21 17:55:55,amazon Ledsone,false
1206124,203-1613356-2608343,AMAZON,B0FZJYMLLV,,LSRP260CH2PK+RPR44WH2PK,1,38.89,38.89,2026-07-21 17:58:55,amazon SRM Amazon,false
1206125,202-8522360-7152322,AMAZON,B0C9X7QM92,,LSWD360BM+RPR44WH,3,53.67,17.89,2026-07-21 18:06:28,amazon Dcvoltage,false
1206126,202-5017049-2519554,AMAZON,B0H2SC8XF1,,PCBISR2PK,1,5.89,4.91,2026-07-21 18:07:39,amazon Ledsone,false
1206129,026-5838923-6141101,AMAZON,B0FCRL3TXM,,LSFSCO220BM,2,35.14,18.89,2026-07-21 18:11:53,amazon Dcvoltage,false
1206130,026-4139914-4734768,AMAZON,B081DVH4LT,,PLHIRR,2,117.78,58.89,2026-07-21 16:50:00,amazon Dcvoltage,false
1206132,204-1881391-2432352,AMAZON,B0DTZ1D4QX,,LSTL260BG+RPR44WH,1,13.09,10.91,2026-07-21 18:14:47,amazon Ledsone,false
1206145,205-8459595-2003545,AMAZON,B0D4QN1Q6W,,CSBEB6OR+CSBEB6PI,1,10.48,7.59,2026-07-21 18:43:33,amazon Dcvoltage,false
1206146,205-6456115-6653941,AMAZON,B0CGRJ1V8L,,TPOSBDBM,1,24.69,24.69,2026-07-21 18:46:44,amazon Dcvoltage,false
1206147,202-4609801-7010745,AMAZON,B0CNPZ2FZZ,,LDMG95B228,1,9.28,6.39,2026-07-21 18:47:33,amazon Dcvoltage,false
1206149,026-3024085-2459539,AMAZON,B0CZXL6ZYG,,TPOSBDBM,2,47.48,20.83,2026-07-21 18:41:29,amazon Ledsone,false
1206150,205-8964358-6973901,AMAZON,B0D7944QDY,,WCB6BM2PK+RPR44WH2PK,1,16.49,13.74,2026-07-21 18:42:09,amazon Ledsone,false
1206160,202-4700839-0551545,AMAZON,B0BW4BCJWN,,LSDM220RO+RPR44WH,1,10.89,10.89,2026-07-21 19:05:30,amazon Dcvoltage,false
1206161,204-6151197-1723566,AMAZON,B0GL7CR3RR,,ENC9414,1,31.69,26.41,2026-07-21 19:09:09,amazon Ledsone,false
1206166,204-0088310-1665116,AMAZON,B0FW56DW8T,,LSCYRO200WH+RPR44WH,2,38.92,13.73,2026-07-21 19:16:43,amazon Dcvoltage,false
1206167,206-8414969-5173905,AMAZON,B0CBC22L4K,,LSMS320GR+RPR44WH,2,29.98,14.99,2026-07-21 19:12:02,amazon Dcvoltage,false
1206168,026-2036964-3073138,AMAZON,B0CNQ1Q3BJ,,LDMG125E278,1,8.19,8.19,2026-07-21 19:12:41,amazon Dcvoltage,false
1206169,206-3800490-1058714,AMAZON,B0FN7GZ1FJ,,CRSF100WH+LHNSE27WH,1,14.28,11.99,2026-07-21 19:12:01,amazon SRM Amazon,false
1206180,203-7251211-6230769,AMAZON,B0GVT5JPGR,,WCBTC100FG2PK+RPR44WH2PK,1,17.89,14.91,2026-07-21 19:30:38,amazon Ledsone,false
1206182,026-5406697-7314705,AMAZON,B08N139YVV,,ENC394,1,34.89,34.89,2026-07-21 19:40:10,amazon Dcvoltage,false
1206197,203-8925086-0143559,AMAZON,B0FMK99Y1C,,ENC5267,1,18.59,18.59,2026-07-21 19:50:36,amazon Dcvoltage,false
1206210,206-6362326-2975506,AMAZON,B0CKLM52VJ,,LSDO210BS+RPR44WH,1,11.89,9.91,2026-07-21 20:00:57,amazon Ledsone,false
1206211,205-0061337-6567515,AMAZON,B09LD4XTDF,,PHCH1FBRBM+LSCY290OR,6,94.74,13.16,2026-07-21 20:00:35,amazon Ledsone,false
1206213,206-9631539-6321957,AMAZON,B0C8NJDTJS,,WCDCBM+RPR44WH,1,10.04,8.37,2026-07-21 20:08:21,amazon Ledsone,false
1206216,026-4679534-5611568,AMAZON,B0FSK1R15K,,LDMG95E2743PK,1,13.19,13.19,2026-07-21 20:12:49,amazon SRM Amazon,false
1206217,204-9364307-7935543,AMAZON,B0CVQF7CXG,,RWT460YE,1,10.48,6.32,2026-07-21 20:11:39,amazon Ledsone,false
1206223,203-2138410-5640365,AMAZON,B0F7H9TMWS,,CTBOP12XL3PK,1,12.89,12.89,2026-07-21 20:23:36,amazon Dcvoltage,false
1206224,206-7028900-0271521,AMAZON,B0F1CX9BKB,,RWWPSY10100YE,1,9.88,6.99,2026-07-21 20:28:07,amazon Dcvoltage,false
1206225,205-3669512-5621920,AMAZON,B0964613ZN,,CRSF2003BM+WCRN3CBM3PK,1,42.69,35.57,2026-07-21 20:20:10,amazon Ledsone,false
1206231,202-5319122-4829933,AMAZON,B083ZS9PGC,,LHAHE27CH,1,8.98,5.07,2026-07-21 20:39:25,amazon Ledsone,false
1206232,026-9708033-7729126,AMAZON,B0FN7GZ1FJ,,CRSF100WH+LHNSE27WH,1,14.28,11.99,2026-07-21 20:39:23,amazon SRM Amazon,false
1206237,203-2666399-2686760,AMAZON,B0CNRL871B,,LDMST64E274,1,6.89,6.89,2026-07-21 20:47:12,amazon Dcvoltage,false
1206241,202-8753486-1058764,AMAZON,B096BDN78Q,,PHWPPBRYE,1,45.89,45.89,2026-07-21 20:53:05,amazon Dcvoltage,false
1206242,206-8086640-5944335,AMAZON,B0FQVCJCKP,,ENC9107,1,27.89,27.89,2026-07-21 20:56:31,amazon Dcvoltage,false
1206243,206-2995459-4480326,AMAZON,B09643CJ5N,,CRFF500BM+PHCH1BMRBM3PK+LSDO210BG3PK,1,41.89,41.89,2026-07-21 20:56:31,amazon Dcvoltage,false
1206246,205-4938375-6508306,AMAZON,B0CN32Z5RL,,WCBLBC2PK+RPR44WH2PK,1,23.89,23.89,2026-07-21 20:59:35,amazon Dcvoltage,false
1206247,026-5737456-5782767,AMAZON,B0CBC32WR9,,CRFF500BM+WCSC1BM3PK,1,31.89,31.89,2026-07-21 21:00:39,amazon Dcvoltage,false
1206249,205-4762171-5735530,AMAZON,B0CDC13C1Q,,WCB3RR+RPR44WH,1,8.74,8.74,2026-07-21 20:59:35,amazon Ledsone,false
1206250,205-4762171-5735530,AMAZON,B0CBN57FK5,,WCB1RR+RPR44WH,1,8.66,8.66,2026-07-21 20:59:35,amazon Ledsone,false
1206266,203-5575515-9253905,AMAZON,B0D4YPQSQ8,,CRFF140BM+WSWH135BM+LSDO210RR,2,33.38,16.69,2026-07-21 21:15:45,amazon Dcvoltage,false
1206267,205-2956254-9149959,AMAZON,B0CDLW59TF,,WLRPE27BM+LDA60E278WW,1,24.89,20.74,2026-07-21 21:22:57,amazon Ledsone,false
1206269,203-8182906-9214732,AMAZON,B0DVLPPMXL,,PHSHF1PBRYB+LSCY290BG+ICST64E27,2,43.98,18.33,2026-07-21 21:25:54,amazon Ledsone,false
1206271,206-8237418-4757107,AMAZON,B0F9467GTW,,CL3TCR3PK,1,7.99,6.66,2026-07-21 21:30:41,amazon Ledsone,false
1206272,204-0417790-3725114,AMAZON,B07DHK71YN,,LDMST64E274,1,6.89,5.74,2026-07-21 21:32:04,amazon Ledsone,false
1206273,203-2220372-1899540,AMAZON,B0743GYD52,,CO332AORAPK,1,5.68,2.32,2026-07-21 21:35:42,amazon Ledsone,false
1206275,202-9033371-7303525,AMAZON,B0GLYGJX1J,,PLHNBM+ICST64E27,1,17.09,17.09,2026-07-21 21:43:25,amazon Dcvoltage,false
1206278,206-4289990-3353153,AMAZON,B0CG8MKK56,,LSCY290OR+RPR44WH,2,32.18,13.41,2026-07-21 21:42:36,amazon Ledsone,false
1206279,203-4762743-4095518,AMAZON,B07S16RWT2,,LDMST64B224,1,5.59,4.66,2026-07-21 21:46:58,amazon Ledsone,false
1206280,206-0526111-7203506,AMAZON,B0DH4KYFPD,,WCDTBM2PK+RPR44WH2PK,1,18.19,15.16,2026-07-21 21:48:10,amazon Ledsone,false
1206281,026-4308541-7009910,AMAZON,B08PYWKP69,,12IP6715,2,24.27,10.99,2026-07-21 21:46:51,amazon SRM Amazon,false
1206287,026-0166197-4925134,AMAZON,B0FNR2JQZ3,,BSFCDRSIBL,1,21.99,18.32,2026-07-21 21:55:48,amazon Ledsone,false
1206288,205-0287408-7969934,AMAZON,B0BZ4YQGGK,,ENC8868,2,43.78,21.89,2026-07-21 21:58:26,amazon Dcvoltage,false
1206289,203-6110759-7759524,AMAZON,B0D7M632NB,,FWS34445BM,1,9.48,6.59,2026-07-21 22:02:55,amazon Dcvoltage,false
1206290,203-6580503-5042756,AMAZON,B0CNQ1Q3BJ,,LDMG125E278,1,8.19,8.19,2026-07-21 22:06:14,amazon Dcvoltage,false
1206294,026-3087597-9892326,AMAZON,B0CGRJ1V8L,,TPOSBDBM,1,24.69,24.69,2026-07-21 22:16:29,amazon Dcvoltage,false
1206298,026-4271743-6878741,AMAZON,B0FBX62BM7,,PHSF1PBRYB+LSCY290YE+LDMST64E274,1,24.09,20.07,2026-07-21 22:20:57,amazon Ledsone,false
1206299,204-3960084-3267543,AMAZON,B0BB36H4D4,,CL2RAG5PK,1,13.06,10.88,2026-07-21 22:23:45,amazon Ledsone,false
1206300,026-6890716-8010725,AMAZON,B086228MDF,,LDMST64B2286PK,1,19.89,16.57,2026-07-21 22:24:51,amazon Ledsone,false
1206301,203-3782829-9165151,AMAZON,B0G8DTWJ34,,ENC10188,1,24.19,20.16,2026-07-21 22:25:31,amazon Ledsone,false
1206317,203-8002106-3124355,AMAZON,B0DLW3NSFT,,CL2TAGAPK,1,18.89,18.89,2026-07-21 22:40:24,amazon Dcvoltage,false
1206318,202-9503047-0704318,AMAZON,B0FN7GZ1FJ,,CRSF100WH+LHNSE27WH,1,14.28,11.99,2026-07-21 22:44:07,amazon SRM Amazon,false
1206321,202-7009707-1335528,AMAZON,B0DF8444ZV,,HLCH128BM2PK,1,11.19,9.32,2026-07-21 22:55:13,amazon Ledsone,false
1206322,202-6500946-0181923,AMAZON,B0BC1BPPZG,,CL3RBKAPK,1,22.89,19.07,2026-07-21 22:56:16,amazon Ledsone,false
1206323,204-9242486-5526709,AMAZON,B0CNG835T2,,TPOS1PRBSQ,1,19.03,21.15,2026-07-21 22:58:25,amazon Dcvoltage,false
1206324,206-0853463-1587567,AMAZON,B0FX2SP39V,,LSCYRO200WH2PK+RPR44WH2PK,1,32.78,28.89,2026-07-21 22:56:57,amazon Dcvoltage,false
1206326,202-2504301-5470760,AMAZON,B0CCJ2TRB2,,SPSDP3WH3PK,1,10.39,8.66,2026-07-21 23:01:51,amazon Ledsone,false
1206328,205-7672416-8101121,AMAZON,B0B9Y5MRSK,,CL3TGD5PK,1,13.79,11.49,2026-07-21 23:06:52,amazon Ledsone,false
1206330,202-4791816-7094758,AMAZON,B0CN376GSP,,CRSF1202BM+PHHT2PBRBM2PK+SPUPBM2PK,1,23.78,16.57,2026-07-21 23:15:33,amazon Ledsone,false
1206331,026-6789891-6817145,AMAZON,B0DTPB2YC2,,WCB2BM3PK+RPR44WH3PK,1,21.09,17.57,2026-07-21 23:14:01,amazon Ledsone,false
1206332,202-0684786-3759552,AMAZON,B086228MDF,,LDMST64B2286PK,1,19.89,16.57,2026-07-21 23:21:32,amazon Ledsone,false
1206333,205-7814634-9369946,AMAZON,B0B8VVQSNV,,LDSG125LOE274,1,8.99,7.49,2026-07-21 23:25:08,amazon Ledsone,false
1206334,026-7374860-4009936,AMAZON,B08G4YZDH5,,LDMG125E278,25,299.75,11.99,2026-07-21 23:29:31,amazon SRM Amazon,false
1206335,202-1560502-6521127,AMAZON,B07S16RWT2,,LDMST64B224,1,5.59,4.66,2026-07-21 23:37:08,amazon Ledsone,false
1206338,203-3414522-7073103,AMAZON,B07ZFWL5T1,,CRSF100GB+LHNSE27GB,1,13.89,13.89,2026-07-21 23:48:32,amazon Dcvoltage,false
1206339,205-4763691-6377962,AMAZON,B0CNG835T2,,TPOS1PRBSQ,2,39.34,21.15,2026-07-21 23:54:57,amazon Dcvoltage,false
1206350,202-0532658-2686742,AMAZON,B0CNG5GG2X,,TPHTTF2PBRBM,1,16.10,17.89,2026-07-22 01:26:26,amazon Dcvoltage,false
1206351,202-2833888-9488358,AMAZON,B0CPBXK43C,,LSCY290NB+RPR44WH,1,15.89,15.89,2026-07-22 01:32:37,amazon Dcvoltage,false
1206352,202-6209142-1643547,AMAZON,B0DHV5R64V,,LDWWE2712,1,6.29,6.29,2026-07-22 01:43:01,amazon Dcvoltage,false
1206353,205-9610705-1002760,AMAZON,B0DH4KYFPD,,WCDTBM2PK+RPR44WH2PK,1,18.19,15.16,2026-07-22 02:08:39,amazon Ledsone,false
1206354,204-1436818-8330713,AMAZON,B0DRP8DVYH,,LHSHE27FG2PK,1,10.89,10.89,2026-07-22 02:14:15,amazon SRM Amazon,false
1206357,206-6162183-8907518,AMAZON,B0CNPZ2FZZ,,LDMG95B228,2,15.67,6.39,2026-07-22 03:22:06,amazon Dcvoltage,false
1206380,204-7754794-1752313,AMAZON,B0F1D23NFW,,RWWPSY0640YE,1,9.38,6.49,2026-07-22 04:37:17,amazon Dcvoltage,false
1206391,203-5919549-1744313,AMAZON,B09M42FP91,,LDMG125E2783PK,1,20.49,20.49,2026-07-22 06:16:34,amazon Dcvoltage,false
1206392,026-1512766-5249109,AMAZON,B09477YHK7,,LDMG95E278APK,1,35.19,29.32,2026-07-22 05:35:01,amazon Ledsone,false
1206417,206-6609754-9945950,AMAZON,B0743GYD52,,CO332AORAPK,1,5.68,2.32,2026-07-22 07:29:45,amazon Ledsone,false
1206421,205-4689011-5389910,AMAZON,B0FPFYZ5D1,,CRSF100BM+PHRYWP1RBM,1,12.19,10.16,2026-07-22 07:39:45,amazon Ledsone,false
1206425,206-8806583-7694719,AMAZON,B0CNPZ2FZZ,,LDMG95B228,1,9.28,6.39,2026-07-22 07:45:27,amazon Dcvoltage,false
1206430,026-4821483-1898724,AMAZON,B0917RQ9PM,,PLHCBC+LSDO210BC3PK,1,46.19,38.49,2026-07-22 07:58:39,amazon Ledsone,false
1206435,203-1761049-7874767,AMAZON,B0917RQ9PM,,PLHCBC+LSDO210BC3PK,1,47.09,39.24,2026-07-22 08:17:49,amazon Ledsone,false
1206449,205-1847844-3753908,AMAZON,B0CGRQ5Z4T,,CRSF100BM2PK+PHRYWP1RBM2PK,7,134.69,17.24,2026-07-22 08:44:36,amazon Ledsone,false
1206458,206-8041912-6179508,AMAZON,B0F29P1SH6,,CERU36150GR,1,4.58,1.41,2026-07-22 09:01:19,amazon Ledsone,false
1206463,204-0569095-6395527,AMAZON,B08WRC297L,,PHCT1BMRBM+PHBA1BMRBM+LSDO400BM,1,30.49,30.49,2026-07-22 09:19:21,amazon Dcvoltage,false
1206464,205-1653156-5907557,AMAZON,B0DX78BBXV,,CERU72450RE,2,13.16,6.58,2026-07-22 09:10:32,amazon Ledsone,false
1206465,205-1653156-5907557,AMAZON,B0DX75TBKB,,CERU72450GR,2,12.32,6.16,2026-07-22 09:10:32,amazon Ledsone,false
1206474,202-1030744-7160350,AMAZON,B0D929SXGT,,LSOL180BC3PK+RPR44WH3PK,1,28.89,24.07,2026-07-22 09:20:28,amazon Ledsone,false
1206475,203-5613297-1665912,AMAZON,B0GW8313KY,,LHSWPBB22CH,1,12.78,8.24,2026-07-22 09:33:27,amazon Ledsone,false
1206476,203-4015922-8471531,AMAZON,B08XXT9DM4,,WCB2BM+RPR44WH,3,32.67,10.89,2026-07-22 09:37:22,amazon Dcvoltage,false
1206482,026-1575313-6537120,AMAZON,B0CP3FF282,,LSDO210BI+RPR44WH,1,11.89,11.89,2026-07-22 09:45:21,amazon Dcvoltage,false
1206483,204-0812831-9530729,AMAZON,B07HRGXZJD,,CCBKNWE18,1,5.99,5.99,2026-07-22 09:48:08,amazon Dcvoltage,false
1206491,203-0136670-6622700,AMAZON,B0B8VVQSNV,,LDSG125LOE274,1,8.99,7.49,2026-07-22 09:54:47,amazon Ledsone,false
1206492,026-9765235-5751543,AMAZON,B093HCWPJZ,,LSMS320OR+RPR44WH,1,15.99,13.32,2026-07-22 09:57:27,amazon Ledsone,false
1206497,203-3920337-8007502,AMAZON,B0CVMX2MY5,,RWWPSYBF50GY,1,5.47,2.49,2026-07-22 10:05:40,amazon Dcvoltage,false
1206505,206-7446968-3011568,AMAZON,B0DVLBVG17,,PHSHF1PBRYB+LSMS320BG+ICST64E27,1,25.99,21.66,2026-07-22 10:15:30,amazon Ledsone,false
1206506,203-1650802-4883546,AMAZON,B09JSST32V,,ENC2002,1,78.99,65.82,2026-07-22 10:17:15,amazon Ledsone,false
1206507,026-5944666-2572351,AMAZON,B0CQT81DRB,,LSDO210BG+RPR44WH,1,13.89,13.89,2026-07-22 10:23:18,amazon Dcvoltage,false
1206508,203-1215931-3089169,AMAZON,B0DLW345B7,,CL2TBKAPK,1,18.89,18.89,2026-07-22 10:14:40,amazon Dcvoltage,false
1206520,203-3137334-2813112,AMAZON,B0GTYJBGDD,,LDST185E2746PK,2,33.28,14.91,2026-07-22 10:25:10,amazon Ledsone,false
1206524,203-0436513-6079558,AMAZON,B08KG9554K,,CL2RHEAPK,1,17.89,17.89,2026-07-22 10:49:45,amazon Dcvoltage,false
1206525,203-0436513-6079558,AMAZON,B08KGFV8HQ,,CL2THEAPK,1,20.79,20.79,2026-07-22 10:49:45,amazon Dcvoltage,false
1206529,204-4871602-2282753,AMAZON,B0CNG835T2,,TPOS1PRBSQ,1,21.15,21.15,2026-07-22 10:52:05,amazon Dcvoltage,false
1206530,202-1890993-9649947,AMAZON,B0B9KFV1PH,,CL3TGL5PK,1,13.89,11.57,2026-07-22 10:51:40,amazon Ledsone,false
1206540,202-9461883-6198724,AMAZON,B0FS1FHPQF,,CRSF100RO+LHTPE27JRO+LDST45E274,1,14.89,14.89,2026-07-22 11:11:44,amazon SRM Amazon,false
1206543,202-0837008-0099556,AMAZON,B0CV5DK5NC,,LDSG125LOE2742PK,1,17.89,14.91,2026-07-22 11:16:46,amazon Ledsone,false
1206544,205-5033217-1728353,AMAZON,B0DH4HBGNW,,WCMSBC2PK+RPR44WH2PK,1,17.99,14.99,2026-07-22 11:18:41,amazon Ledsone,false
1206549,206-9814794-5263537,AMAZON,B0B71KX4H3,,CRSF100WH,1,8.88,4.99,2026-07-22 11:27:39,amazon Ledsone,false
1206550,204-9841826-8815520,AMAZON,B093HCWPJZ,,LSMS320OR+RPR44WH,1,15.99,13.32,2026-07-22 11:27:27,amazon Ledsone,false
1206554,205-1726116-7411549,AMAZON,B0C7QVK1HY,,CRFF4002BM+WCRN3CBM2PK+ICST64E272PK,1,42.89,42.89,2026-07-22 11:41:07,amazon Dcvoltage,false
1206555,206-2367433-2362764,AMAZON,B08W9BGDYY,,PHUH1HETBM+LSHM400HE,1,32.69,32.69,2026-07-22 11:47:21,amazon Dcvoltage,false
1206556,202-5443306-8390703,AMAZON,B0CVL6V2V4,,RWT570YE,1,12.09,12.09,2026-07-22 11:51:42,amazon Dcvoltage,false
1206573,205-4492025-5861959,AMAZON,B0D229XQNM,,CBSF1002PK,1,10.68,6.49,2026-07-22 12:16:17,amazon Ledsone,false
1206586,026-5407205-7808359,AMAZON,B0CGRPTT6W,,CRSF100BM+PHRYWP2RBM,1,11.29,9.41,2026-07-22 12:25:58,amazon Ledsone,false
1206587,202-5222147-6705952,AMAZON,B0D6YLRXL6,,CCGRNWH50,1,10.99,10.99,2026-07-22 12:27:09,amazon Dcvoltage,false
1206588,204-0806625-5693106,AMAZON,B0CBLYQK4Z,,WCVCRE2PK+RPR44WH2PK,1,14.79,14.79,2026-07-22 12:29:06,amazon Dcvoltage,false
1206597,026-0747283-5135564,AMAZON,B0CFVCM4Z5,,PSOS4BMTHE+ICST64E27,1,18.59,15.49,2026-07-22 12:34:33,amazon Ledsone,false
1206598,203-8798837-9911508,AMAZON,B09472PVQF,,PHUH1HETBM+LSHM400HE,2,66.76,35.89,2026-07-22 12:29:57,amazon Dcvoltage,false
1206604,202-5349946-8786729,AMAZON,B0DCS3C47V,,WCDTRE2PK+RPR44WH2PK,1,17.09,14.24,2026-07-22 12:47:42,amazon Ledsone,false
1206605,026-9522125-8464347,AMAZON,B0DC471B8B,,WLFSWDBM,1,29.19,29.19,2026-07-22 12:40:05,amazon Dcvoltage,false
1206606,204-8750803-6292345,AMAZON,B0BNVS2TG5,,ENC4113,1,27.89,29.99,2026-07-22 12:45:23,amazon Dcvoltage,false
1206607,206-4326159-0719505,AMAZON,B0CVLF2Z6L,,LSEL400YE2PK+RPR44WH2PK,1,31.89,31.89,2026-07-22 12:51:29,amazon Dcvoltage,false
1206612,203-8088739-5453919,AMAZON,B0CWRR4CWX,,TPHTTF2PBRBM+WCB7BC+ICST64E27,2,42.17,18.89,2026-07-22 12:52:17,amazon Ledsone,false
1206613,206-5706833-6641153,AMAZON,B0DDY319HC,,RPR44WH4PK,1,6.98,3.41,2026-07-22 12:50:39,amazon Ledsone,false
1206615,206-0932933-5429939,AMAZON,B08XC25WCD,,CL3TBMAPK,1,21.99,21.99,2026-07-22 13:00:09,amazon Dcvoltage,false
1206628,026-5962144-2017955,AMAZON,B0D6772HLH,,SPSDP2WH2PK,1,13.09,13.09,2026-07-22 13:30:43,amazon Dcvoltage,false
1206629,203-6226802-8469917,AMAZON,B07F9SH71F,,LDMG95E274,1,6.99,6.99,2026-07-22 13:34:40,amazon Dcvoltage,false
1206639,206-0785506-2408314,AMAZON,B093HCQGSL,,LSCY290BC+RPR44WH,2,31.78,13.24,2026-07-22 13:57:02,amazon Ledsone,false
1206641,205-6325894-6469145,AMAZON,B0CNPZ2FZZ,,LDMG95B228,2,15.67,6.39,2026-07-22 13:55:50,amazon Dcvoltage,false
1206642,203-5038074-4012363,AMAZON,B0D6NBRV3X,,COY9ABM3PK,1,18.19,18.19,2026-07-22 14:02:18,amazon Dcvoltage,false
1206643,203-4167965-6968351,AMAZON,B09L11514G,,12UK3P5A,5,59.94,10.74,2026-07-22 14:04:40,amazon Ledsone,false
1206648,203-9564876-6256332,AMAZON,B0FW52B2N5,,LSCYRO300WH+RPR44WH,1,22.89,22.89,2026-07-22 14:17:59,amazon Dcvoltage,false
1206666,204-0652553-9506755,AMAZON,B0CNXL52CF,,CL3RBM3PK,1,7.78,4.49,2026-07-22 14:56:45,amazon Dcvoltage,false
1206671,202-7982870-7456367,AMAZON,B0FNWFF268,,LSWD360BG+RPR44WH,1,19.69,16.41,2026-07-22 15:05:21,amazon Ledsone,false
1206679,202-0595738-9978749,AMAZON,B0C6LTGB83,,12UK3P5A,1,13.69,13.69,2026-07-22 15:36:01,amazon Dcvoltage,false
1206689,202-1074828-5175531,AMAZON,B0FN7F1LD2,,CRSF100WH+LHNSE27WH+ICST64E27,2,31.98,15.99,2026-07-22 15:44:51,amazon SRM Amazon,false
1206690,202-8587745-4638715,AMAZON,B0DMF2KF74,,ENC10225,1,26.89,22.41,2026-07-22 15:47:04,amazon Ledsone,false
1206691,204-8547555-0110722,AMAZON,B081H6HHCN,,12IP6780,1,23.88,19.99,2026-07-22 15:43:26,amazon Dcvoltage,false
1206692,203-3726717-6143555,AMAZON,B08XNPSWMN,,CRSF100BC+LHNSE27YB+SCRN70BC+LSWD360BC,1,29.89,29.89,2026-07-22 15:39:49,amazon Dcvoltage,false
1206693,203-3726717-6143555,AMAZON,B09YYTYMKP,,PLADBC+LSDO210BC3PK+ICST64E273PK,1,57.89,57.89,2026-07-22 15:39:49,amazon Dcvoltage,false
1206694,203-3971749-4938717,AMAZON,B08W5CS2DM,,CRSF100BM+WSLS155YB+SCRN70BM+LSFT220GY,1,16.89,16.89,2026-07-22 15:47:23,amazon Dcvoltage,false
1206704,202-9367508-7577927,AMAZON,B0DH9B4NSC,,CL3TIV3PK,1,11.28,7.99,2026-07-22 16:01:03,amazon Dcvoltage,false
1206705,204-4701167-7918749,AMAZON,B0GLQYRR7B,,LSCY290DYE+RPR44WH,1,15.89,15.89,2026-07-22 16:03:42,amazon Dcvoltage,false
1206708,204-2901646-8577949,AMAZON,B0FW4R1JC8,,LSCYRO200WH+RPR44WH,1,16.89,14.07,2026-07-22 16:16:17,amazon Ledsone,false
1206717,206-2269820-3700338,AMAZON,B0DJ18XMS6,,12IP6715,1,8.18,4.41,2026-07-22 16:20:02,amazon Ledsone,false
1206718,026-8738671-7386704,AMAZON,B0GW7VBY3J,,LHSWPBB22GD,1,12.78,8.24,2026-07-22 16:26:04,amazon Ledsone,false
1206719,206-0304365-8894739,AMAZON,B0G4QJNNTH,,HBGF735SAP,1,10.89,10.89,2026-07-22 16:20:18,amazon SRM Amazon,false
1206725,026-4777808-7825941,AMAZON,B0H38YJTN8,,LSGL9015GY2PK+RPM40WH2PK,1,18.89,18.89,2026-07-22 16:32:27,amazon Dcvoltage,false
1206726,203-3627025-7775531,AMAZON,B0F9YHFVDF,,CRSF100HBM+WSWR1PFTBM+RD30+WR+PSDS4RBM,2,42.76,22.99,2026-07-22 16:39:27,amazon Dcvoltage,false
1206738,206-0921055-7879521,AMAZON,B07L5D9189,,WCVCBM+RPR44WH,1,12.68,9.79,2026-07-22 16:44:05,amazon Dcvoltage,false
1206740,206-6606917-1553933,AMAZON,B0F9YMV74V,,LSMS320CB+RPR44WH,18,243.00,11.25,2026-07-22 16:46:47,amazon Ledsone,false
1206747,026-3365669-3878757,AMAZON,B08RZ6ZNW8,,LSFT220CO+RPR44WH,1,11.89,11.89,2026-07-22 16:53:31,amazon SRM Amazon,false
1206754,206-4671575-3421966,AMAZON,B0D7944QDY,,WCB6BM2PK+RPR44WH2PK,1,15.49,12.91,2026-07-22 17:07:22,amazon Ledsone,false
1206755,206-2848884-7273922,AMAZON,B0DH65LQ8H,,CL2TBU3PK,1,13.49,6.50,2026-07-22 17:10:50,amazon Dcvoltage,false
1206756,205-8825222-7377151,AMAZON,B0BWTX5K2W,,LSCP150YE+RPR44WH,1,11.89,11.89,2026-07-22 17:14:05,amazon Dcvoltage,false
1206763,026-2373467-0765955,AMAZON,B0DBV9CLPW,,LDSG125MUE274,1,10.49,8.74,2026-07-22 17:24:39,amazon Ledsone,false
1206767,026-4463303-9990753,AMAZON,B0DH96L1ZH,,CL3TBMAPK,1,22.89,22.89,2026-07-22 17:36:39,amazon Dcvoltage,false
1206769,203-5979410-6548355,AMAZON,B0C6KFDSSL,,WCWYBM,1,9.79,8.16,2026-07-22 17:36:25,amazon Ledsone,false
1206772,203-1515401-0631520,AMAZON,B0CCDKF18M,,WCB3BM+RPR44WH,1,10.49,8.74,2026-07-22 17:46:46,amazon Ledsone,false
1206773,026-4263811-5378766,AMAZON,B097F5Q1BM,,LHTRE27CO,1,10.78,6.57,2026-07-22 17:47:21,amazon Ledsone,false
1206774,202-8305381-1810743,AMAZON,B0DRYRSNXG,,LHSHE27YB3PK,1,12.99,12.99,2026-07-22 17:48:07,amazon Ledsone,false
1206775,202-8305381-1810743,AMAZON,B08PC5CFNC,,LHSHE27YB,1,7.07,7.07,2026-07-22 17:48:07,amazon Ledsone,false
1206778,026-9645962-1027544,AMAZON,B09CZFBTCX,,ENC904,1,27.39,22.82,2026-07-22 17:50:29,amazon Ledsone,false
1206779,206-0547555-7532335,AMAZON,B0BLP1JSRK,,LDMST64E2786PK,1,19.39,16.16,2026-07-22 18:06:21,amazon Ledsone,false
1206790,026-8093866-2982767,AMAZON,B0CDLW59TF,,WLRPE27BM+LDMA60E274WW,1,24.89,20.74,2026-07-22 18:13:36,amazon Ledsone,false
1206792,202-3847424-8855522,AMAZON,B09CZFGJ5C,,ENC8881,1,26.99,26.99,2026-07-22 18:20:30,amazon SRM Amazon,false
1206793,026-0737495-4122750,AMAZON,B0BW4M4JYB,,LSLT360BC+RPR44WH,2,26.96,13.48,2026-07-22 18:26:33,amazon Dcvoltage,false
1206794,205-7466496-2438764,AMAZON,B07RM175Z3,,12IP2024,2,15.87,6.49,2026-07-22 18:28:38,amazon Dcvoltage,false
1206809,204-7299138-9729152,AMAZON,B0DH4KYFPD,,WCDTBM2PK+RPR44WH2PK,1,18.19,15.16,2026-07-22 18:48:36,amazon Ledsone,false
1206830,205-4434113-6951507,AMAZON,B0F8Q9RWCH,,CERU80300WH,1,7.88,4.16,2026-07-22 19:08:58,amazon Ledsone,false
1206831,205-1151138-2369105,AMAZON,B0D93YW5XV,,CRSF100BM2PK+PHRYWP1RBM2PK+ICST64E272PK,1,28.19,28.19,2026-07-22 19:08:13,amazon Dcvoltage,false
1206833,203-8874798-2274748,AMAZON,B0B2K8GM5T,,LHC3E27WH,1,8.58,4.74,2026-07-22 19:13:38,amazon Ledsone,false
1206834,205-7975463-7687548,AMAZON,B08PD8W1MM,,CRSF100BM+LHNSE27YB+LSHH240BM+ICST64E27,1,19.69,16.41,2026-07-22 19:13:29,amazon Ledsone,false
1206835,205-5571450-1825167,AMAZON,B0DHVPBKTW,,LHSHE27CH,1,10.78,7.89,2026-07-22 19:10:11,amazon Dcvoltage,false
1206836,204-3823489-8036330,AMAZON,B0CNXSL6HW,,CRSF100BM+LHNSE27YB+LSHH240BM,7,146.23,20.89,2026-07-22 19:10:09,amazon Dcvoltage,false
1206837,205-6343461-7685126,AMAZON,B0DH97YNLH,,CL3TBK5PK,1,11.99,11.99,2026-07-22 19:14:14,amazon Dcvoltage,false
1206838,203-4615827-6077931,AMAZON,B0CBMG2VZN,,WCNCBM2PK+RPR44WH2PK,1,13.49,13.49,2026-07-22 19:13:55,amazon Dcvoltage,false
1206850,206-7124030-7072320,AMAZON,B0F5BJZSMW,,PLTEBS+WCWYBM,2,37.00,16.58,2026-07-22 19:37:07,amazon Ledsone,false
1206855,206-7460947-6920348,AMAZON,B0G2L4N4RH,,ENC7768,1,31.69,26.41,2026-07-22 19:51:56,amazon Ledsone,false
1206856,205-3656139-6808331,AMAZON,B0DQD74HVG,,PHSF1GDTYB3PK,1,26.71,22.26,2026-07-22 19:53:54,amazon Ledsone,false
1206858,026-3927872-4178718,AMAZON,B0D295J88V,,LSCY290RO+RPR44WH,2,35.58,14.83,2026-07-22 19:57:42,amazon Ledsone,false
1206860,206-1647339-5423500,AMAZON,B08P36B5LC,,CRSF100BM+LHNSE27YB+LSDM220GS+ICST64E27,1,21.89,21.89,2026-07-22 20:08:29,amazon SRM Amazon,false
1206868,206-5798382-0463527,AMAZON,B0D5B3CMQY,,WCDTRO2PK+RPR44WH2PK,1,18.19,18.19,2026-07-22 20:16:51,amazon Dcvoltage,false
1206870,026-7011732-0464312,AMAZON,B09882L649,,CRFF500BM+PHHT1PBRBM3PK+WCDTBM3PK,1,38.79,32.32,2026-07-22 20:28:05,amazon Ledsone,false
1206874,205-6532924-4458744,AMAZON,B0DH98XLXH,,CL3TBM3PK,1,9.99,9.99,2026-07-22 20:31:00,amazon Dcvoltage,false
1206875,206-0003565-0024377,AMAZON,B091N5YNF6,,PHDH1HETHE+ICST64E272PK,1,17.59,14.66,2026-07-22 20:25:52,amazon Ledsone,false
1206876,026-0992001-9463523,AMAZON,B0BLP2VGSC,,LDMST64E278APK,1,30.89,25.74,2026-07-22 20:36:30,amazon Ledsone,false
1206883,205-1050290-3549957,AMAZON,B09M42QJCS,,LDMG125E2785PK,1,23.89,23.89,2026-07-22 20:39:31,amazon Dcvoltage,false
1206884,206-3841553-7814744,AMAZON,B0BNW1NWB9,,ENC784,2,66.98,33.49,2026-07-22 20:40:49,amazon Dcvoltage,false
1206889,206-7101079-9558743,AMAZON,B0DBWQDVJV,,CL2RYEAPK,1,18.49,18.49,2026-07-22 20:53:52,amazon Dcvoltage,false
1206890,026-2481977-9985900,AMAZON,B0743GYD52,,CO332AORAPK,1,5.68,2.32,2026-07-22 20:57:26,amazon Ledsone,false
1206905,204-2792720-7520320,AMAZON,B0B71MJFDZ,,CRSF100BM,1,8.88,4.99,2026-07-22 21:09:42,amazon Ledsone,false
1206906,026-2923277-8897165,AMAZON,B0F9WYKMF1,,LSFT220BG+RPR44WH,1,11.89,9.91,2026-07-22 21:17:40,amazon Ledsone,false
1206911,203-7589437-2857950,AMAZON,B08Z7RZC6W,,PHUH1HETBM+LSHM400HE,1,31.40,34.89,2026-07-22 21:34:40,amazon Dcvoltage,false
1206914,204-5276728-5107528,AMAZON,B0FG2YH42V,,ENC8743,2,63.38,26.41,2026-07-22 21:19:28,amazon Ledsone,false
1206918,203-6368054-1283561,AMAZON,B0F9WG3RDB,,LSHQ180BG2PK+RPR44WH2PK,1,13.75,13.75,2026-07-22 21:38:02,amazon Ledsone,false
1206919,203-6368054-1283561,AMAZON,B0FY2HP9LJ,,PHUH0.5HETBM,1,9.07,9.07,2026-07-22 21:38:02,amazon Ledsone,false
1206921,026-2708700-1537917,AMAZON,B0DH8Z5RGR,,CL3TBW3PK,1,8.49,8.49,2026-07-22 21:38:31,amazon Dcvoltage,false
1206924,204-2692928-5621945,AMAZON,B0DH9BZVRP,,CL3TBR5PK,1,11.99,11.99,2026-07-22 21:39:32,amazon Dcvoltage,false
1206925,203-5360006-4431546,AMAZON,B0CNPZ2FZZ,,LDMG95B228,1,9.28,6.39,2026-07-22 21:43:22,amazon Dcvoltage,false
1206926,204-7127822-6650703,AMAZON,B0CNXJD9GN,,CL3TBM3PK,1,7.78,4.49,2026-07-22 21:46:11,amazon Dcvoltage,false
1206927,203-8059727-5921967,AMAZON,B07NJQ8DYV,,12IP6780,1,21.61,15.82,2026-07-22 21:48:17,amazon Dcvoltage,false
1206929,205-0344863-6294779,AMAZON,B07SHRTVJQ,,CRSF1204BM,1,11.98,7.57,2026-07-22 21:46:49,amazon Ledsone,false
1206934,202-7017408-4221160,AMAZON,B096BDN78Q,,PHWPPBRYE,2,85.36,45.89,2026-07-22 21:52:24,amazon Dcvoltage,false
1206938,202-8431567-2934718,AMAZON,B0FN7GZ1FJ,,CRSF100WH+LHNSE27WH,3,38.26,11.99,2026-07-22 22:00:06,amazon SRM Amazon,false
1206939,206-0931282-5222753,AMAZON,B07VDSZWGD,,12ASIP20100,1,11.99,9.99,2026-07-22 22:02:24,amazon Ledsone,false
1206940,205-6488452-8941930,AMAZON,B0BLP1JSRK,,LDMST64E2786PK,1,19.39,16.16,2026-07-22 22:04:07,amazon Ledsone,false
1206943,202-8086350-2009120,AMAZON,B0CNPZ2FZZ,,LDMG95B228,1,9.28,6.39,2026-07-22 21:58:52,amazon Dcvoltage,false
1206947,202-6526501-5577909,AMAZON,B0F2T2F4FF,,LSMS320GY+RPR44WH,1,14.99,12.49,2026-07-22 22:09:28,amazon Ledsone,false
1206948,204-8817313-7319517,AMAZON,B0CCL7M4Z4,,ENC1315,2,53.78,22.41,2026-07-22 22:15:43,amazon Ledsone,false
1206956,205-0789418-7491549,AMAZON,B0D4Y4SPFR,,CRFF140BM+WSWH135BM+LSDO210BC,2,33.38,16.69,2026-07-22 22:32:25,amazon Dcvoltage,false
1206957,205-7778801-9216345,AMAZON,B0CPBY28LB,,LSCY290GY+RPR44WH,1,16.09,16.09,2026-07-22 22:33:18,amazon Dcvoltage,false
1206959,203-8665036-7816359,AMAZON,B086228MDF,,LDMST64B2286PK,1,19.89,16.57,2026-07-22 22:44:09,amazon Ledsone,false
1206969,205-4697263-6949915,AMAZON,B0B8P4R7WF,,LDMA60E278WW2PK,2,14.58,6.08,2026-07-22 23:11:48,amazon Ledsone,false
1206970,203-1801155-8437961,AMAZON,B0CN12CQ9D,,CRFF500BM+PHTT1PBRBM3PK+WCBCBB3PK,1,29.99,29.99,2026-07-22 23:11:41,amazon Dcvoltage,false
1206971,026-9824243-8985956,AMAZON,B0CQNHPKT7,,PLTTBM+LSFT220BM,1,20.89,20.89,2026-07-22 23:12:41,amazon Dcvoltage,false
1206974,203-3370336-5608347,AMAZON,B09JSDQJ4G,,LDSG125LOE2743PK,1,21.99,21.99,2026-07-22 23:19:17,amazon Dcvoltage,false
1206976,206-1126724-3813941,AMAZON,B08XB16LF5,,PSDS4BMRRE,1,14.17,14.17,2026-07-23 00:17:08,amazon Dcvoltage,false
1206977,205-8261206-0923537,AMAZON,B0CLD91CG8,,CRSF108WH2PK+WSST70WH2PK,2,37.98,15.83,2026-07-23 00:09:06,amazon Ledsone,false
1206983,203-3061447-6572340,AMAZON,B093Y7ZZQF,,ENC1312,1,21.39,17.82,2026-07-23 00:42:07,amazon Ledsone,false
1206987,203-2820049-8438733,AMAZON,B08THFZLGK,,LSCY290GR+RPR44WH,6,107.34,17.89,2026-07-23 01:36:15,amazon Dcvoltage,false
1206988,203-2820049-8438733,AMAZON,B0CRZ4FYL7,,LSCY290YE+RPR44WH,4,63.56,15.89,2026-07-23 01:36:15,amazon Dcvoltage,false
1206989,026-2702243-2074716,AMAZON,B093T4C95B,,LSMS320CB+RPR44WH,2,29.98,12.49,2026-07-23 01:37:25,amazon Ledsone,false
1207009,026-8517871-9109923,AMAZON,B075XQNZBL,,LDMST64E274,1,9.38,5.41,2026-07-23 04:28:58,amazon Ledsone,false
1207010,206-9001488-7777964,AMAZON,B0CNQ1Q3BJ,,LDMG125E278,1,8.19,8.19,2026-07-23 04:20:59,amazon Dcvoltage,false
1207042,202-5199139-6805143,AMAZON,B09JVQ6VXT,,LDSG95DIE2743PK,1,19.89,19.89,2026-07-23 07:23:24,amazon Dcvoltage,false
1207044,026-1606318-4537122,AMAZON,B0C716FFY8,,CTMPP11XXL,1,10.78,6.57,2026-07-23 07:38:33,amazon Ledsone,false
1207046,203-6961606-8598702,AMAZON,B0DBZ22K1J,,LDSHEAE2746PK,1,41.79,34.82,2026-07-23 07:47:14,amazon Ledsone,false
1207053,202-6367708-4715504,AMAZON,B08X7HDDCD,,PLPYRR,1,19.89,19.89,2026-07-23 07:50:25,amazon Dcvoltage,false
1207074,206-8657596-9730752,AMAZON,B0BBGP9LJX,,CL2RGD5PK,2,31.78,15.89,2026-07-23 08:42:27,amazon Dcvoltage,false
1207075,204-2921817-3885932,AMAZON,B0FW52B2N5,,LSCYRO300WH+RPR44WH,2,42.58,22.89,2026-07-23 08:46:09,amazon Dcvoltage,false
1207078,026-0903839-2331512,AMAZON,B0FLXTPL92,,CRSF100YB+PHMH1HERYB,1,8.99,8.99,2026-07-23 08:47:14,amazon SRM Amazon,false
1207093,202-0545983-0262760,AMAZON,B083XHFBY1,,CL2RBM3PK,1,9.28,4.99,2026-07-23 09:15:02,amazon Ledsone,false
1207098,203-2956646-6703514,AMAZON,B0FX2SHBL5,,LSCYRO120BM2PK+RPR44WH2PK,1,21.89,21.89,2026-07-23 09:22:27,amazon Dcvoltage,false
1207099,202-1293107-7832341,AMAZON,B0FN7GZ1FJ,,CRSF100WH+LHNSE27WH,1,14.28,11.99,2026-07-23 09:21:02,amazon SRM Amazon,false
1207103,202-5377214-3322742,AMAZON,B0DMDWM25D,,ENC9314,1,27.19,27.19,2026-07-23 09:30:45,amazon Dcvoltage,false
1207104,204-5609220-8055532,AMAZON,B0GP771MFX,,LHPVHRE27WH2PK,1,9.88,5.82,2026-07-23 09:41:08,amazon Ledsone,false
1207106,203-5818769-6861149,AMAZON,B0CFVCM4Z5,,PSOS4BMTHE+ICST64E27,2,37.18,15.49,2026-07-23 09:40:20,amazon Ledsone,false
1207115,202-7194192-1107528,AMAZON,B0D6YLRXL6,,CCGNNWE482PK,3,28.54,10.23,2026-07-23 09:57:46,amazon Dcvoltage,false
1207116,026-9103412-8393926,AMAZON,B09M42QJCS,,LDMG125E2785PK,10,203.10,20.31,2026-07-23 06:07:27,amazon Dcvoltage,false
1207120,206-9849490-3461905,AMAZON,B0DH9FZP31,,CL3TYE5PK,1,11.99,11.99,2026-07-23 10:04:13,amazon Dcvoltage,false
1207122,205-0424493-6648358,AMAZON,B0C8NJDTJS,,WCDCBM+RPR44WH,1,10.04,8.37,2026-07-23 10:05:45,amazon Ledsone,false
1207127,202-5445759-0419566,AMAZON,B0CN9FJPK2,,CRSF100BM+PHSH1PBRYB+SCRN70BM+LSFT220BG,1,18.49,15.41,2026-07-23 10:18:40,amazon Ledsone,false
1207136,026-5153531-7020312,AMAZON,B0BYZ3HBD1,,ENC2732,2,41.50,20.75,2026-07-23 10:21:53,amazon Ledsone,false
1207137,026-5153531-7020312,AMAZON,B0BYZ45P83,,ENC2736,1,61.57,61.57,2026-07-23 10:21:53,amazon Ledsone,false
1207141,206-9640863-4999519,AMAZON,B0963TF5HL,,ENC1599,1,54.99,54.99,2026-07-23 10:30:58,amazon Dcvoltage,false
1207142,202-0918872-2527561,AMAZON,B0BNVNVP9D,,LHC2E27WH5PK,1,15.89,15.89,2026-07-23 10:38:57,amazon Dcvoltage,false
1207145,202-1079318-6629160,AMAZON,B0B9Y59487,,CL3TBR5PK,1,13.79,11.49,2026-07-23 10:36:42,amazon Ledsone,false
1207146,026-6097757-1892340,AMAZON,B0BGPQGL3C,,12UK3P8A,1,12.74,10.62,2026-07-23 10:37:30,amazon Ledsone,false
1207147,026-3992235-8046729,AMAZON,B0CSDPYCLM,,STBFT50M48EWH,1,5.65,2.30,2026-07-23 10:38:20,amazon Ledsone,false
1207153,203-5452604-6437126,AMAZON,B0F945MW4Y,,CL3TGY3PK,1,7.99,6.66,2026-07-23 10:44:43,amazon Ledsone,false
1207155,202-9421214-4037961,AMAZON,B0DCK2DVZ7,,PHSF1BMTBM,1,10.65,10.65,2026-07-23 10:41:59,amazon SRM Amazon,false
1207168,203-7671642-7549112,AMAZON,B0CGRNLLPR,,CRSF100BM+PHRYWP1RBM,1,11.49,9.57,2026-07-23 11:10:23,amazon Ledsone,false
1207171,204-7009536-6294747,AMAZON,B0D9S4NRDV,,WLWOCPBM,1,17.49,17.49,2026-07-23 11:22:29,amazon Dcvoltage,false
1207172,204-9737838-7503564,AMAZON,B0D9S3XJ6T,,WLWOCPBM2PK,1,30.89,30.89,2026-07-23 11:22:29,amazon Dcvoltage,false
1207179,204-8777643-1938718,AMAZON,B08VGPPCY1,,WCDTBM+RPR44WH,1,10.04,10.04,2026-07-23 11:34:07,amazon Dcvoltage,false
1207181,026-3752528-0280346,AMAZON,B0CPBWTNW1,,LSCY290CH+RPR44WH,1,18.29,18.29,2026-07-23 11:43:08,amazon Dcvoltage,false
1207182,205-7546901-9368339,AMAZON,B09LR5JQ7S,,CRFF500BM+PHSH1PBRYB3PK+WCWDBM3PK,2,77.92,34.91,2026-07-23 11:44:58,amazon Ledsone,false
1207185,205-1872580-4010761,AMAZON,B0FBX4Y5D9,,PHSF1PBRYB+LSCY290BM,1,20.79,17.32,2026-07-23 11:46:06,amazon Ledsone,false
1207193,205-5281973-4930768,AMAZON,B0CZXHLR1Q,,TPOSBDBM2PK,1,44.69,37.24,2026-07-23 12:02:09,amazon Ledsone,false
1207203,206-8436205-0102736,AMAZON,B0GTMJFSTP,,LSGL15014CL2PK+RPM40WH2PK,1,13.89,11.57,2026-07-23 12:17:04,amazon Ledsone,false
1207213,205-9045124-9351529,AMAZON,B0CGRJ1V8L,,TPOSBDBM,1,23.69,23.69,2026-07-23 12:34:21,amazon Dcvoltage,false
1207215,206-5392313-0109914,AMAZON,B0CVL3JZJD,,RWWPSY0860YE2PK,1,8.08,4.32,2026-07-23 12:36:06,amazon Ledsone,false
1207219,202-1203430-5274748,AMAZON,B0BLP1JSRK,,LDMST64E2786PK,1,19.39,16.16,2026-07-23 12:46:53,amazon Ledsone,false
1207228,202-8687677-7563545,AMAZON,B0CCJ2Q8JG,,SPSDP3WH5PK,1,12.09,10.07,2026-07-23 13:03:09,amazon Ledsone,false
1207229,205-7527952-9076355,AMAZON,B0839FSHGZ,,CBSF120,1,7.78,4.89,2026-07-23 12:59:56,amazon Dcvoltage,false
1207230,202-7065323-9101942,AMAZON,B0DTT7FGYZ,,WCVCBS3PK+RPR44WH3PK,1,20.59,20.59,2026-07-23 12:59:47,amazon Dcvoltage,false
1207231,205-9799400-4767540,AMAZON,B0DH98XLXH,,CL3TBM3PK,1,9.99,9.99,2026-07-23 13:00:49,amazon Dcvoltage,false
1207236,205-0378042-9777130,AMAZON,B0G49D2BKG,,WCCYSP180BM2PK+RPR44WH2PK,1,27.78,23.89,2026-07-23 13:12:58,amazon Dcvoltage,false
1207239,203-9756944-8709148,AMAZON,B0GW7VBY3J,,LHSWPBB22GD,1,12.78,8.24,2026-07-23 13:24:35,amazon Ledsone,false
1207243,205-9495504-4153130,AMAZON,B07DXJQFS6,,CCBC5,1,5.99,5.99,2026-07-23 13:37:57,amazon Dcvoltage,false
1207256,206-4646568-0365163,AMAZON,B092W8W67K,,PHSF1PBR20WH+LSWE315BM,1,22.29,18.57,2026-07-23 14:01:47,amazon Ledsone,false
1207257,203-1628888-1489910,AMAZON,B0F29P1SH6,,CERU36150GR,1,4.58,1.41,2026-07-23 14:03:06,amazon Ledsone,false
1207270,206-3534027-0476303,AMAZON,B0CBMQZ8P6,,PHSF2BMRBM+SPSDP2BM,1,15.19,12.66,2026-07-23 14:10:40,amazon Ledsone,false
1207273,206-6286392-0791521,AMAZON,B08XW91G7T,,WCB7WH+RPR44WH,2,20.02,10.01,2026-07-23 14:16:37,amazon Dcvoltage,false
1207285,202-7558858-1128357,AMAZON,B0BT7RTLCN,,ENC4325,1,87.89,87.89,2026-07-23 14:44:31,amazon Dcvoltage,false
1207291,206-4882310-3966713,AMAZON,B0D9Q69R2Z,,PLWSBM+ICST64E272PK,1,24.19,24.19,2026-07-23 14:57:17,amazon Dcvoltage,false
1207294,026-2843923-6661160,AMAZON,B0B8P49KHN,,LDA60B224WW,1,5.99,4.99,2026-07-23 15:02:04,amazon Ledsone,false
1207295,202-5609540-8664363,AMAZON,B0H1MS8KF4,,LDCWA60HE2776PK,2,15.27,5.16,2026-07-23 15:03:53,amazon Ledsone,false
1207298,204-2361019-9963535,AMAZON,B0DH8XKTL8,,CL3TBK3PK,1,8.99,8.99,2026-07-22 14:32:53,amazon Dcvoltage,false
1207299,205-3848784-9750727,AMAZON,B0CNZ7Q7YV,,ENC4390,2,67.78,33.89,2026-07-23 15:17:40,amazon Dcvoltage,false
1207312,205-0737831-2663513,AMAZON,B0CBRL4JX5,,ENC3536,2,89.78,44.89,2026-07-23 15:17:40,amazon Dcvoltage,false
1207313,205-0737831-2663513,AMAZON,B0CBRL28PQ,,PHDH1HETHE,2,34.80,17.40,2026-07-23 15:17:40,amazon Dcvoltage,false
1207314,204-2056209-3653932,AMAZON,B0BP2TMDWN,,LHRIE14BM3PK,1,16.39,16.39,2026-07-23 15:24:16,amazon Dcvoltage,false
1207318,205-5028830-8734724,AMAZON,B08NDBQLMZ,,WCDTBM+RPR44WH,1,10.29,10.29,2026-07-23 15:30:51,amazon Dcvoltage,false
1207320,204-5394127-5878758,AMAZON,B0FQVK88R8,,ENC1997,2,47.78,23.89,2026-07-23 15:48:09,amazon Dcvoltage,false
1207327,205-6988476-0202730,AMAZON,B0848VDXTB,,CL2TGD,1,6.28,2.99,2026-07-23 15:57:02,amazon Dcvoltage,false
1207333,026-4256126-9314768,AMAZON,B0CNXJD9GN,,CL3TBM3PK,1,7.78,4.49,2026-07-23 16:05:22,amazon Dcvoltage,false
1207338,026-1336558-2256359,AMAZON,B0BYZ7JX36,,ENC2714,1,37.69,31.41,2026-07-23 16:17:56,amazon Ledsone,false
1207344,206-4073870-8690703,AMAZON,B0B8VVQSNV,,LDSG125LOE274,1,8.99,7.49,2026-07-23 16:26:09,amazon Ledsone,false
1207345,203-6719073-9073118,AMAZON,B0FZW6829H,,ENC8966,1,41.78,23.49,2026-07-23 16:24:00,amazon Dcvoltage,false
1207352,206-9823844-0092349,AMAZON,B0FZCQMY9B,,LSHM400HE2PK+RPR44WH2PK,1,53.69,53.69,2026-07-23 16:38:20,amazon Dcvoltage,false
1207364,206-9102218-9528367,AMAZON,B0DJBT1NQ6,,HLRK45BM3PK,5,28.70,5.74,2026-07-23 16:49:59,amazon Ledsone,false
1207365,206-9102218-9528367,AMAZON,B0DB1WNX1D,,HLRK35BM2PK,1,4.67,4.67,2026-07-23 16:49:59,amazon Ledsone,false
1207369,026-3269208-3729157,AMAZON,B0GWLLCY11,,LSGLWB125TN+SCRN70YB,1,10.49,8.74,2026-07-23 17:07:46,amazon Ledsone,false
1207375,206-1405106-9770719,AMAZON,B07DX8BFGH,,12MIP2060,1,12.89,12.89,2026-07-23 17:13:43,amazon Dcvoltage,false
1207377,026-8406718-6340341,AMAZON,B0GWCZ6Y61,,CRFF500BM+PHHT1PBRBM3PK+WCCYSP180BM3PK,1,39.89,39.89,2026-07-23 17:15:44,amazon Dcvoltage,false
1207386,205-6822050-4983547,AMAZON,B0CVKQ2C1F,,LSEL400BM2PK+RPR44WH2PK,1,30.79,25.66,2026-07-23 17:34:13,amazon Ledsone,false
1207388,204-1742418-5410746,AMAZON,B0CBLVPTGC,,WCWDRO2PK+RPR44WH2PK,1,18.89,18.89,2026-07-23 17:32:40,amazon Dcvoltage,false
1207396,203-4858316-0172359,AMAZON,B0DCFXBYJG,,LDSG95DIE2745PK,1,26.89,22.41,2026-07-23 17:50:33,amazon Ledsone,false
1207397,026-1204053-1819553,AMAZON,B0CGRQ5Z4T,,CRSF100BM2PK+PHRYWP1RBM2PK,1,20.69,17.24,2026-07-23 17:51:47,amazon Ledsone,false
1207409,203-4342028-9467523,AMAZON,B0DX6WMCT6,,CENU19150BM,1,3.98,0.91,2026-07-23 18:15:27,amazon Ledsone,false
1207414,202-4920128-7867519,AMAZON,B0GTZJ9GYR,,SWHBSP1OSWH,1,5.48,2.16,2026-07-23 18:23:30,amazon Ledsone,false
1207421,206-1166793-8014755,AMAZON,B0DH4KYFPD,,WCDTBM2PK+RPR44WH2PK,1,18.19,15.16,2026-07-23 18:30:48,amazon Ledsone,false
1207423,206-6977650-0495555,AMAZON,B0DZNQCJX5,,RWWPSY08GY,1,1.57,1.57,2026-07-23 18:37:50,amazon Ledsone,false
1207424,206-6977650-0495555,AMAZON,B0F8VTZT3L,,RWWPSN08GY,1,2.41,2.41,2026-07-23 18:37:50,amazon Ledsone,false
1207425,206-6508677-4940319,AMAZON,B0G49CBSQ3,,WCCYSP180BM2PK+RPR44WH2PK,1,23.49,19.57,2026-07-23 18:38:46,amazon Ledsone,false
1207426,026-0265873-2822758,AMAZON,B096FPKPNQ,,ENC685,1,56.89,56.89,2026-07-23 18:43:02,amazon Dcvoltage,false
1207428,026-1284563-7308322,AMAZON,B093HCQGSL,,LSCY290BC+RPR44WH,1,15.89,13.24,2026-07-23 18:46:50,amazon Ledsone,false
1207437,206-7325385-3039568,AMAZON,B0G39VRZ29,,LSGG200AR+SCRN70FG,1,23.99,19.99,2026-07-23 18:58:58,amazon Ledsone,false
1207438,205-8852557-5907514,AMAZON,B0DX6KTNS1,,CENU1001200WH,1,18.89,15.74,2026-07-23 19:02:37,amazon Ledsone,false
1207440,026-8080359-8929930,AMAZON,B0CN376GSP,,CRSF1202BM+PHHT2PBRBM2PK+SPUPBM2PK,1,20.29,16.91,2026-07-23 19:12:44,amazon Ledsone,false
1207442,202-8653257-8799569,AMAZON,B07FDTPY8S,,CCBC5,1,7.88,4.99,2026-07-23 19:18:51,amazon Dcvoltage,false
1207446,203-2523847-2229105,AMAZON,B0DX6TP9TZ,,CENU36300WH,1,5.78,2.07,2026-07-23 19:29:29,amazon Ledsone,false
1207447,202-8097731-3681938,AMAZON,B0F29DBR59,,CERU36300RE,1,5.58,2.24,2026-07-23 19:35:15,amazon Ledsone,false
1207448,204-5350021-2327510,AMAZON,B0B8DZFLX9,,CRSF100BM,2,14.67,4.91,2026-07-23 19:38:09,amazon Ledsone,false
1207449,026-9740512-0341146,AMAZON,B07SBVXTP1,,CRSF2003GB,1,11.49,11.49,2026-07-23 19:33:53,amazon Dcvoltage,false
1207457,204-1072015-6129116,AMAZON,B0CSP7BXJ9,,ENC9736,2,57.46,30.89,2026-07-23 19:54:35,amazon Dcvoltage,false
1207458,206-9295049-0942736,AMAZON,B0BTM8X1LH,,WCBCBB,1,10.89,10.89,2026-07-23 19:56:24,amazon Dcvoltage,false
1207462,206-4242866-4773939,AMAZON,B0GTZJ9GYR,,SWHBSP1OSWH,1,5.48,2.16,2026-07-23 20:05:35,amazon Ledsone,false
1207463,205-7813686-6405934,AMAZON,B0FL23CQMK,,ENC7860,2,47.98,23.99,2026-07-23 20:01:13,amazon Dcvoltage,false
1207470,202-5374285-8796326,AMAZON,B0BLP1JSRK,,LDMST64E2786PK,1,19.39,16.16,2026-07-23 20:22:07,amazon Ledsone,false
1207471,202-3915317-2349158,AMAZON,B0GDMFJZHV,,STBFT50M48EWH3PK,1,6.68,3.16,2026-07-23 20:30:17,amazon Ledsone,false
1207473,202-9270396-8499544,AMAZON,B0F29K8HXS,,CERU72450GR,1,10.78,6.57,2026-07-23 20:37:25,amazon Ledsone,false
1207474,026-8138472-7829133,AMAZON,B0CTC93TVC,,CRSF100BM+LHNSE27YB+SCRN70BM+LSFT220GS,1,20.89,20.89,2026-07-23 20:31:32,amazon Dcvoltage,false
1207482,206-1752881-6382731,AMAZON,B0CPBWTQND,,LSCY290BI+RPR44WH,1,15.89,15.89,2026-07-23 20:46:57,amazon Dcvoltage,false
1207484,203-8276940-7717963,AMAZON,B09MWJMZDV,,ENC2226,1,27.41,27.41,2026-07-23 20:41:32,amazon Ledsone,false
1207485,203-8276940-7717963,AMAZON,B0DBZ8NT3P,,ENC7393,1,35.74,35.74,2026-07-23 20:41:32,amazon Ledsone,false
1207486,203-8276940-7717963,AMAZON,B09V8C6ZHM,,CRSF2003BM+PHHN1PBRGD3PK+LSDO210GR3PK,2,66.48,33.24,2026-07-23 20:41:32,amazon Ledsone,false
1207487,206-4717014-7311560,AMAZON,B0G615ZYX6,,CRSF100RR+PHNW1RRR+ICST64E2740,1,14.89,12.41,2026-07-23 20:40:46,amazon Ledsone,false
1207489,202-5078920-0510722,AMAZON,B0D8Y4FV1Z,,LSRP260GB+RPR44WH,1,18.69,15.57,2026-07-23 20:44:23,amazon Ledsone,false
1207495,026-7684978-7709952,AMAZON,B0DH6D3YLY,,CL2TCR5PK,1,14.09,14.09,2026-07-23 20:56:59,amazon Dcvoltage,false
1207496,202-0484757-9525100,AMAZON,B094QTSX8Y,,ENC1527,1,44.09,36.74,2026-07-23 20:52:42,amazon Ledsone,false
1207504,202-4816518-9857130,AMAZON,B0CPBXJMSS,,LSCY290OR+RPR44WH,1,15.89,15.89,2026-07-23 21:16:19,amazon Dcvoltage,false
1207507,202-6571710-0709936,AMAZON,B0G6CTP3V2,,CRSF100BM+PHRB1PBRPB+PHGP1PBRBM,1,22.89,22.89,2026-07-23 21:26:46,amazon SRM Amazon,false
1207508,202-6571710-0709936,AMAZON,B0G6C8JV67,,LSLG190BG,1,25.89,25.89,2026-07-23 21:26:46,amazon SRM Amazon,false
1207509,202-2761565-1488351,AMAZON,B0DQL35H41,,BL1CC300BM,1,21.89,21.89,2026-07-23 21:26:46,amazon Dcvoltage,false
1207515,204-9186864-8010724,AMAZON,B0FS1CS8H4,,CRSF100WH+LHTPE27JWH,1,11.89,11.89,2026-07-23 21:32:49,amazon SRM Amazon,false
1207519,202-6932833-7809131,AMAZON,B093H8YG8Z,,LSMS320GY+RPR44WH,2,34.98,12.49,2026-07-23 21:44:01,amazon Ledsone,false
1207525,204-0147956-8013123,AMAZON,B0D8L1HQXM,,RWWPSY0660YE,1,5.97,2.99,2026-07-23 22:08:41,amazon Dcvoltage,false
1207526,205-6976552-7495530,AMAZON,B0FH9MJR4X,,CRFF140CH+PHAH2RCHBW+SPSDP2SN,1,15.29,12.74,2026-07-23 21:57:59,amazon Ledsone,false
1207530,205-8449928-2824331,AMAZON,B0C9TWTCZ8,,LSCY210BG+RPR44WH,1,17.49,12.49,2026-07-23 22:19:00,amazon Dcvoltage,false
1207531,204-5430953-4880353,AMAZON,B0G57SHHMT,,CRFF500BS+PHNW1RBS3PK+ICST64E273PK,1,32.89,27.41,2026-07-23 22:17:13,amazon Ledsone,false
1207532,202-4170666-9597954,AMAZON,B0DYT8NSY9,,RWWPSY0660YE,1,5.78,2.41,2026-07-23 22:16:50,amazon Ledsone,false
1207539,203-7731319-1305950,AMAZON,B0D8L1HQXM,,RWWPSY0660YE,1,5.97,2.99,2026-07-23 22:23:17,amazon Dcvoltage,false
1207541,204-7495898-0409142,AMAZON,B09LD4XTDF,,PHCH1FBRBM+LSCY290OR,1,15.79,13.16,2026-07-23 22:37:10,amazon Ledsone,false
1207542,204-3447354-8065929,AMAZON,B0D9692XN7,,PHSF1BWTWH3PK,1,30.29,25.24,2026-07-23 22:37:48,amazon Ledsone,false
1207543,204-3940416-2968359,AMAZON,B0CBMQZ8P6,,PHSF2BMRBM+SPSDP2BM,4,55.40,12.41,2026-07-23 22:37:10,amazon Ledsone,false
1207546,204-1231189-3271501,AMAZON,B0CZNNRGMB,,LSSS300GR2PK+RPR44WH2PK,1,23.49,23.49,2026-07-23 22:37:10,amazon Dcvoltage,false
1207547,202-3103129-5513136,AMAZON,B0CQNLH4N3,,PLTTBM+WCBNBM,1,20.89,20.89,2026-07-23 22:44:48,amazon Dcvoltage,false
1207557,202-7085308-3869120,AMAZON,B0D93YCRZS,,CRSF100BM2PK+PHRYWP1RBM2PK,3,54.57,18.19,2026-07-23 23:24:34,amazon Dcvoltage,false
1207558,205-2341254-7613100,AMAZON,B0C9TWTCZ8,,LSCY210BG+RPR44WH,1,12.49,12.49,2026-07-23 23:31:15,amazon Dcvoltage,false
1207559,202-1451759-5995547,AMAZON,B0DY7NXLY4,,RWWPSY0640YE,2,15.87,6.49,2026-07-23 23:41:05,amazon SRM Amazon,false
1207561,206-9723750-4613956,AMAZON,B0CZXHLR1Q,,TPOSBDBM2PK,1,44.69,37.24,2026-07-24 00:02:42,amazon Ledsone,false
1207562,204-7726760-1158741,AMAZON,B0FDQTFFVL,,CERU36150BL,1,4.58,1.41,2026-07-24 00:06:04,amazon Ledsone,false
1207567,026-5776173-7369161,AMAZON,B0GCZJRYYD,,CRFF100YB2PK+LHNSE27YB2PK,6,149.34,24.89,2026-07-24 00:31:18,amazon Dcvoltage,false
1207570,202-6840879-4333122,AMAZON,B0G1S1XY23,,BSFCDRSIPI,1,21.99,18.32,2026-07-24 02:11:10,amazon Ledsone,false
1207571,203-6327910-8853126,AMAZON,B0C1H24TYT,,ENC4162,1,30.99,25.82,2026-07-24 03:10:02,amazon Ledsone,false
1207584,206-4539062-9205964,AMAZON,B0CGM52R49,,LHRFE27BM2PK,2,25.46,13.69,2026-07-24 04:41:01,amazon Dcvoltage,false
1207591,202-6546411-0081930,AMAZON,B0BVRNS287,,PLHLBC+ICST64E272PK,4,93.33,25.09,2026-07-24 05:10:31,amazon Dcvoltage,false
1207607,206-7299999-9751511,AMAZON,B0GVT5JPGR,,WCBTC100FG2PK+RPR44WH2PK,1,18.09,15.07,2026-07-24 06:38:04,amazon Ledsone,false
1207611,205-6491939-5965967,AMAZON,B09L568VCR,,PLHABC+LSOL180BC,2,51.98,21.66,2026-07-24 07:04:49,amazon Ledsone,false
1207612,205-1497149-3753960,AMAZON,B0GL8J2V99,,LDMT185E2746PK,1,21.99,18.32,2026-07-24 07:06:28,amazon Ledsone,false
1207619,203-9693091-6102702,AMAZON,B0BXXMC43R,,SCRN70CO,1,7.98,5.09,2026-07-24 07:28:44,amazon Dcvoltage,false
1207620,205-4977857-0001921,AMAZON,B08KGFV8HQ,,CL2THEAPK,1,20.79,20.79,2026-07-24 07:36:08,amazon Dcvoltage,false
1207627,205-3854846-1077128,AMAZON,B0D295XS3F,,LSCY290CB2PK+RPR44WH2PK,1,27.89,23.24,2026-07-24 07:54:43,amazon Ledsone,false
1207631,205-4909962-2009159,AMAZON,B0F9X3DK6V,,LSFT220BR+RPR44WH,1,10.89,9.07,2026-07-24 08:04:26,amazon Ledsone,false
1207632,205-6990449-2185140,AMAZON,B0G1TGXFF7,,CKKLBY,1,11.19,9.32,2026-07-24 08:05:03,amazon Ledsone,false
1207633,026-9090728-3945112,AMAZON,B0D59QGM51,,WCB2WH2PK+RPR44WH2PK,1,15.83,15.83,2026-07-24 08:02:19,amazon Dcvoltage,false
1207635,202-6550722-2415525,AMAZON,B0FX2SP39V,,LSCYRO200WH2PK+RPR44WH2PK,1,28.89,28.89,2026-07-24 08:13:46,amazon Dcvoltage,false
1207642,026-3447916-9098722,AMAZON,B08XNQ1FT7,,LSSS300YB+RPR44WH,2,26.98,13.49,2026-07-24 08:20:24,amazon Dcvoltage,false
1207643,026-2526484-2569923,AMAZON,B0FZCQMY9B,,LSHM400HE2PK+RPR44WH2PK,1,53.69,53.69,2026-07-24 08:23:00,amazon Dcvoltage,false
1207654,206-8953790-2235524,AMAZON,B0F5B48F9L,,WCVCBM5PK+RPR44WH5PK,20,617.80,25.74,2026-07-24 08:44:47,amazon Ledsone,false
1207660,205-2900920-4924331,AMAZON,B0C5CWGPJW,,CRSF100BM+WSHR135BM+LSFT220GB+ICST64E27,2,39.78,16.58,2026-07-24 09:15:58,amazon Ledsone,false
1207661,206-8784350-6690707,AMAZON,B08K3LLF84,,LDMST64E276,1,8.99,8.99,2026-07-24 09:14:56,amazon SRM Amazon,false
1207664,203-5662825-6737124,AMAZON,B07ZFWL5T1,,CRFF100GB+LHNSE27GB,1,13.89,13.89,2026-07-24 09:23:16,amazon Dcvoltage,false
1207667,205-6652369-0544324,AMAZON,B0FZK7QKYM,,ENC9049,1,18.79,15.66,2026-07-24 09:32:38,amazon Ledsone,false
1207670,206-6163610-3657911,AMAZON,B07MLDZW2R,,CCBKNWE3,1,8.14,5.25,2026-07-24 09:46:13,amazon Dcvoltage,false
1207676,204-1593465-5456349,AMAZON,B0D59MBLFB,,WCB3BS2PK+RPR44WH2PK,1,15.89,15.89,2026-07-24 09:54:35,amazon Dcvoltage,false
1207687,204-6373994-1227539,AMAZON,B0CK42P67J,,LSMCSPSQMC2PK+RPM40WH2PK,1,41.89,34.91,2026-07-24 10:20:47,amazon Ledsone,false
1207689,026-4050247-6939533,AMAZON,B0D6KMDZY7,,LSCY290YB2PK+RPR44WH2PK,1,27.89,27.89,2026-07-24 10:22:40,amazon Dcvoltage,false
1207704,203-4096294-1721919,AMAZON,B0F7L44J4K,,TSTS40WH,1,4.38,1.24,2026-07-24 10:55:27,amazon Ledsone,false
1207705,206-9913395-3405147,AMAZON,B07D3Q8SQ9,,12IP67150,1,19.69,16.41,2026-07-24 10:56:44,amazon Ledsone,false
1207707,206-8716325-6026709,AMAZON,B0C9DPGRGD,,SPSDP2BM,1,7.87,4.98,2026-07-24 11:00:32,amazon Dcvoltage,false
1207708,206-1481147-0177114,AMAZON,B0F7LTX5LF,,LSFT220BG2PK+RPR44WH2PK,1,22.89,22.89,2026-07-24 11:08:09,amazon Dcvoltage,false
1207710,202-5741912-9314719,AMAZON,B0CNJX1DV8,,WCB7WH+RPR44WH,2,19.96,9.98,2026-07-24 11:12:50,amazon Dcvoltage,false
1207711,205-7195888-6374703,AMAZON,B0DPMF1BGT,,PCDO20BM,1,8.28,4.49,2026-07-24 11:16:31,amazon Ledsone,false
1207716,203-2729431-1213921,AMAZON,B078TBM5G3,,LDMST64E2746PK,1,29.89,24.91,2026-07-24 11:24:11,amazon Ledsone,false
1207718,026-8992512-4193906,AMAZON,B0CMCP8X1X,,CRFF500CH+WCCY1ROCH3PK,1,52.99,44.16,2026-07-24 11:33:14,amazon Ledsone,false
1207723,206-9363125-2509139,AMAZON,B0CTTGSYKH,,LSMS320YE+RPR44WH,1,14.99,14.99,2026-07-24 11:46:17,amazon Dcvoltage,false
1207724,026-4919766-8443500,AMAZON,B08TM32TCV,,CRSF100RO+LHNSE27RO+LSSS300RO,1,22.89,22.89,2026-07-24 11:49:23,amazon Dcvoltage,false
1207725,026-4919766-8443500,AMAZON,B08TLY2VLJ,,CRSF100CO+LHNSE27CO+LSSS300CO,1,22.89,22.89,2026-07-24 11:49:23,amazon Dcvoltage,false
1207727,026-1118736-7766747,AMAZON,B0FW4R1JC8,,LSCYRO200WH+RPR44WH,1,16.89,14.07,2026-07-24 11:45:31,amazon Ledsone,false
1207734,205-2602764-6817162,AMAZON,B0H1MS8KF4,,LDCWA60HE2776PK,1,9.08,5.16,2026-07-24 11:51:11,amazon Ledsone,false
1207735,202-7936515-9725935,AMAZON,B086228MDF,,LDMST64B2286PK,1,17.99,14.99,2026-07-24 11:51:24,amazon Ledsone,false
1207740,026-8523108-2936303,AMAZON,B0F4KN3FGH,,ENC1276,1,55.09,45.91,2026-07-24 12:04:29,amazon Ledsone,false
1207741,202-6200885-6311530,AMAZON,B0CNCRN767,,ENC5769,1,20.00,16.67,2026-07-24 12:04:55,amazon Ledsone,false
1207745,202-2063749-0909901,AMAZON,B0D4QRX7DJ,,CSBEB6WH2PK,1,10.48,7.59,2026-07-24 12:09:36,amazon Dcvoltage,false
1207746,203-4457078-8402764,AMAZON,B07DH89GTY,,12UK3P2A,1,8.88,4.99,2026-07-24 12:10:24,amazon Ledsone,false
1207755,205-6620540-1535524,AMAZON,B07L8HF87F,,CL3TBU5PK,1,14.99,14.99,2026-07-24 12:32:59,amazon Dcvoltage,false
1207760,203-1389630-6998744,AMAZON,B0CNJX1DV8,,WCB7WH+RPR44WH,1,9.98,9.98,2026-07-24 12:45:50,amazon Dcvoltage,false
1207761,203-1346736-5233950,AMAZON,B0DH4KYFPD,,WCDTBM2PK+RPR44WH2PK,1,18.19,15.16,2026-07-24 12:45:26,amazon Ledsone,false
1207762,204-9964332-2673112,AMAZON,B0DB29LMHK,,CRFF75BA2PK,1,11.49,9.57,2026-07-24 12:46:06,amazon Ledsone,false
1207767,026-8647613-8426749,AMAZON,B0CCHYSJWC,,SPSDP2YB,1,8.58,4.74,2026-07-24 12:53:01,amazon Ledsone,false
1207772,202-3295599-8109112,AMAZON,B0CKWK8TNJ,,CL3RCR5PK,1,13.89,13.89,2026-07-24 13:07:36,amazon Dcvoltage,false
1207779,205-4534724-4308365,AMAZON,B09HL56P6W,,CRSF100GY+PHRB1PWRPW+CGWDWO+LSWE315GY,1,19.89,16.57,2026-07-24 13:21:05,amazon Ledsone,false
1207780,206-2425849-1075512,AMAZON,B0GLPXD3LQ,,LSCY290DBI+RPR44WH,1,15.89,13.24,2026-07-24 13:21:43,amazon Ledsone,false
1207787,205-7692028-7385929,AMAZON,B0F2GGDBJ1,,RWT460YE,1,10.48,6.32,2026-07-24 13:31:35,amazon Ledsone,false
1207793,204-2606517-8573156,AMAZON,B0FN7GZ1FJ,,CRSF100WH+LHNSE27WH,1,14.28,11.99,2026-07-24 13:43:27,amazon SRM Amazon,false
1207794,026-5575990-2476306,AMAZON,B096SPKCND,,PHWPPBRGR,1,62.89,52.41,2026-07-24 13:48:18,amazon Ledsone,false
1207797,206-0804604-6584363,AMAZON,B0GVT5JPGR,,WCBTC100FG2PK+RPR44WH2PK,1,18.09,15.07,2026-07-24 13:51:13,amazon Ledsone,false
1207798,026-0547556-9729951,AMAZON,B0CHW3Q9VG,,CRSF100YB+PHCHPCRYB+LSCY290YB,8,191.92,19.99,2026-07-24 13:53:54,amazon Ledsone,false
1207807,205-1054230-7081166,AMAZON,B08SWFSFYW,,CCBKNWE7,6,33.54,5.59,2026-07-24 14:11:12,amazon Dcvoltage,false
1207808,026-5311770-9890762,AMAZON,B07L8H73LT,,CL3TGDAPK,1,21.99,21.99,2026-07-24 14:12:42,amazon Dcvoltage,false
1207814,026-0256825-2901915,AMAZON,B0C37PWHDM,,CRFF105WH,1,10.78,6.57,2026-07-24 14:22:35,amazon Ledsone,false
1207815,206-7921733-9376302,AMAZON,B0F9466PK8,,CL3TGL3PK,1,7.99,6.66,2026-07-24 14:21:59,amazon Ledsone,false
1207816,206-6352466-4867521,AMAZON,B0FZTGKXZY,,CRSF100BM+LHNSE27BM+LSSS300BM+ICST64E27,1,18.89,15.74,2026-07-24 14:27:04,amazon Ledsone,false
1207819,203-6253821-4281167,AMAZON,B09L8K1Q8T,,CRSF100BM+PHCH1BMRBM+LSDO400YE,3,63.57,17.66,2026-07-24 14:30:05,amazon Ledsone,false
1207837,026-5940814-5769110,AMAZON,B0F1D3FS5C,,RWWPSY0660YE,1,5.88,2.99,2026-07-24 14:56:25,amazon Dcvoltage,false
1207838,205-5343300-7747550,AMAZON,B0CNT2ML5D,,PLADBC,1,51.38,47.49,2026-07-24 14:58:02,amazon Dcvoltage,false
1207841,203-2278184-1162711,AMAZON,B0GTZJ9GYR,,SWHBSP1OSWH,1,5.48,2.16,2026-07-24 15:03:17,amazon Ledsone,false
1207842,026-7725941-2797966,AMAZON,B0CPBY28LB,,LSCY290GY+RPR44WH,1,16.09,16.09,2026-07-24 15:04:13,amazon Dcvoltage,false
1207843,204-6451455-3785151,AMAZON,B0F48PYKWX,,RWWPSY0860YE,1,8.77,5.79,2026-07-24 15:01:46,amazon Dcvoltage,false
1207847,205-5647392-2197158,AMAZON,B0CG8YY46D,,WCFWROBM2PK+RPR44WH2PK,1,17.89,14.91,2026-07-24 15:10:19,amazon Ledsone,false
1207848,204-6891639-6469124,AMAZON,B07B26JKDT,,12IP67250,2,65.98,27.49,2026-07-24 15:18:10,amazon Ledsone,false
1207854,204-4692032-7099557,AMAZON,B0DTY4396W,,LSCY290YE2PK+RPR44WH2PK,1,27.89,23.24,2026-07-24 15:23:07,amazon Ledsone,false
1207855,206-3729305-9432300,AMAZON,B0GSG2GQ99,,LSGLULCL2PK+RPM40WH2PK,1,23.78,19.89,2026-07-24 15:22:28,amazon Dcvoltage,false
1207864,203-2441946-0952310,AMAZON,B0DTHZ1JX5,,WCDCBM4PK+RPR44WH4PK,1,28.49,23.74,2026-07-24 09:53:34,amazon Ledsone,false
1207871,204-1196913-3693940,AMAZON,B0CBMMYMVW,,PHSF2BMRYB+SPSDP2YB+ICST64E27,3,50.07,13.91,2026-07-24 15:48:06,amazon Ledsone,false
1207872,026-8033437-9912361,AMAZON,B0DMDWM25D,,ENC9314,1,27.19,27.19,2026-07-24 15:53:09,amazon Dcvoltage,false
1207877,203-2866664-1518721,AMAZON,B0DF7PR21J,,SCRN70BB2PK,1,7.78,4.89,2026-07-24 16:02:35,amazon Dcvoltage,false
1207878,203-2162943-7022707,AMAZON,B0D53FZ8GS,,WCB2WH2PK+RPR44WH2PK,1,15.29,15.29,2026-07-24 16:06:43,amazon Dcvoltage,false
1207883,203-8689433-2234706,AMAZON,B0FB3ZBZP1,,LDMC35E144APK,1,25.19,20.99,2026-07-24 16:15:26,amazon Ledsone,false
1207884,203-7147860-4788337,AMAZON,B0CVL9XQ1L,,LSEL400YE+RPR44WH,1,14.94,12.45,2026-07-24 16:17:06,amazon Ledsone,false
1207885,204-7527910-4501167,AMAZON,B0C9TN8TKQ,,CNP1000BM,1,7.78,4.89,2026-07-24 16:15:10,amazon Dcvoltage,false
1207890,205-8988714-1249124,AMAZON,B0GVT5JPGR,,WCBTC100FG2PK+RPR44WH2PK,1,18.09,15.07,2026-07-24 16:21:26,amazon Ledsone,false
1207891,206-3726218-8835516,AMAZON,B082DFMGT5,,CRSF2003BM,1,12.68,9.79,2026-07-24 16:21:48,amazon Dcvoltage,false
1207892,203-5030640-0977921,AMAZON,B0CJCDJVLN,,LSSS300BC2PK+RPR44WH2PK,1,26.89,26.89,2026-07-24 16:24:14,amazon Dcvoltage,false
1207918,204-8712257-0927511,AMAZON,B08V945WZ5,,WCB7BC+RPR44WH,1,9.89,9.89,2026-07-24 16:43:18,amazon Dcvoltage,false
1207923,203-4634608-3295534,AMAZON,B08XNPN8YG,,LSSS300BI+RPR44WH,1,13.49,13.49,2026-07-24 16:48:00,amazon Dcvoltage,false
1207924,203-8638774-4333947,AMAZON,B096FPKPNQ,,ENC685,1,56.89,56.89,2026-07-24 16:53:42,amazon Dcvoltage,false
1207925,205-9260973-3735537,AMAZON,B08DHZG9VQ,,RPR44WH2PK,1,5.88,2.99,2026-07-24 16:57:19,amazon Dcvoltage,false
1207934,205-1394994-7659509,AMAZON,B0D9RVLLF7,,WCDTWH3PK+RPR44WH3PK,1,21.89,18.24,2026-07-24 17:04:08,amazon Ledsone,false
1207940,203-5366101-6101165,AMAZON,B0H3918NPV,,LSGL9015GY5PK+RPM40WH5PK,1,45.89,45.89,2026-07-24 17:09:54,amazon Dcvoltage,false
1207941,203-5366101-6101165,AMAZON,B0H393YSKV,,LSGL9015GY3PK+RPM40WH3PK,1,28.89,28.89,2026-07-24 17:09:54,amazon Dcvoltage,false
1207942,204-8432905-5630702,AMAZON,B0D59MHSXN,,WCB3WH2PK+RPR44WH2PK,1,15.49,15.49,2026-07-24 17:16:03,amazon Dcvoltage,false
1207945,202-2110477-5121929,AMAZON,B0FB3WTV46,,LDMC35E1442PK,1,12.78,8.24,2026-07-24 17:22:51,amazon Ledsone,false
1207947,206-2975730-4736314,AMAZON,B0D56XVPSY,,WCB6BS2PK+RPR44WH2PK,1,15.59,15.59,2026-07-24 17:23:17,amazon Dcvoltage,false
1207949,204-7859280-0407518,AMAZON,B0C4LWJMCS,,LSLC180BM+RPR44WH,1,11.89,9.91,2026-07-24 17:45:35,amazon Ledsone,false
1207950,205-6878632-0177945,AMAZON,B0CGDW8WRR,,CRSF100WH+PHRN1PCRWH,1,11.49,9.57,2026-07-24 17:43:22,amazon Ledsone,false
1207951,206-2936295-7981120,AMAZON,B08Z7RZC6W,,PHUH1HETBM+LSHM400HE,1,34.09,34.09,2026-07-24 17:43:05,amazon Dcvoltage,false
1207956,203-1254938-4425120,AMAZON,B0CTTGSYKH,,LSMS320YE+RPR44WH,1,14.99,14.99,2026-07-24 17:49:28,amazon Dcvoltage,false
1207957,205-4287589-6286765,AMAZON,B07L8HKFZH,,CL3TAG5PK,1,14.99,14.99,2026-07-24 17:54:47,amazon Dcvoltage,false
1207958,203-1731144-5940318,AMAZON,B08B1N1LJT,,CRSF100CO+LHNSE27CO+SCRN70CO+LSTF40CO,2,39.78,19.89,2026-07-24 17:54:58,amazon Dcvoltage,false
1207966,203-0275558-1787516,AMAZON,B0DTHTGPD2,,WCB7WH3PK+RPR44WH3PK,1,22.09,22.09,2026-07-24 18:12:11,amazon Dcvoltage,false
1207967,204-6036399-7557956,AMAZON,B07MF6MSMS,,CCBKNWE36,3,29.64,9.88,2026-07-24 18:15:04,amazon Dcvoltage,false
1207968,205-9949101-8797945,AMAZON,B0CPBX9LYX,,LSCY290BC+RPR44WH,1,15.89,15.89,2026-07-24 18:14:22,amazon Dcvoltage,false
1207969,202-5318372-3831559,AMAZON,B0F28Z2V3F,,LSCY290GY+RPR44WH,2,29.98,12.49,2026-07-24 18:11:45,amazon Ledsone,false
1207970,203-0322849-9449956,AMAZON,B0DR93C1NK,,PSHYOS4WRWH+CBMP140WH+ICST64E27,2,35.78,14.91,2026-07-24 18:13:27,amazon Ledsone,false
1207972,206-0701171-4641116,AMAZON,B0GYP9Q11N,,BS6S8033WH,1,20.89,17.41,2026-07-24 18:20:49,amazon Ledsone,false
1207986,203-6143457-3281910,AMAZON,B0DRYRSNXG,,LHSHE27YB3PK,1,15.59,12.99,2026-07-24 18:59:47,amazon Ledsone,false
1207987,204-2774806-9684342,AMAZON,B0B71MJFDZ,,CRSF100BM,1,8.88,4.99,2026-07-24 19:03:56,amazon Ledsone,false
1207993,206-9702953-9847543,AMAZON,B0CGZSD2RV,,LSMCSPFLMC2PK+RPM40WH2PK,1,45.89,38.24,2026-07-24 19:29:14,amazon Ledsone,false
1207999,203-7989242-6398762,AMAZON,B0DH4KYFPD,,WCDTBM2PK+RPR44WH2PK,1,18.19,15.16,2026-07-24 19:52:25,amazon Ledsone,false
1208008,206-2755512-8601113,AMAZON,B0CNT2ML5D,,PLADBC,1,47.49,47.49,2026-07-24 20:16:14,amazon Dcvoltage,false
1208012,205-3004775-8992300,AMAZON,B0F9VDWTYX,,CL3RBM3PK,1,8.79,7.32,2026-07-24 20:38:06,amazon Ledsone,false
1208015,206-8610242-0613132,AMAZON,B07F9W6BQW,,LDMG80E274,1,6.19,6.19,2026-07-24 20:42:42,amazon Dcvoltage,false
1208026,202-7574498-7551553,AMAZON,B0C37PWHDM,,CRFF105WH,1,10.78,6.57,2026-07-24 21:16:50,amazon Ledsone,false
1208029,026-1520875-7094723,AMAZON,B0CBK9X19J,,PHSF2GDRYB+SPSDP2YB,1,22.69,12.35,2026-07-24 21:26:25,amazon Ledsone,false
1208034,203-1857759-7281107,AMAZON,B0CTTFVY5V,,LSMS320OR+RPR44WH,2,29.98,14.99,2026-07-24 21:33:09,amazon Dcvoltage,false
1208035,205-7299241-7752357,AMAZON,B0DGG4N559,,LDMST64B2242PK,1,12.99,10.82,2026-07-24 21:37:15,amazon Ledsone,false
1208036,204-7445985-4475559,AMAZON,B0DH4KLR3P,,LDMG95E2782PK,1,12.89,12.89,2026-07-24 21:34:21,amazon SRM Amazon,false
1208040,203-7972786-0781948,AMAZON,B0DCKDLMW3,,STFG4845WH,1,6.18,3.29,2026-07-24 21:56:42,amazon Dcvoltage,false
1208041,202-3506843-3007546,AMAZON,B083NJ1XNR,,CRSF100BM+WCGSBM,1,15.99,13.32,2026-07-24 21:55:45,amazon Ledsone,false
1208042,202-4600766-3714729,AMAZON,B0CFVCM4Z5,,PSOS4BMTHE+ICST64E27,1,18.59,15.49,2026-07-24 21:57:14,amazon Ledsone,false
1208046,026-8260097-5286750,AMAZON,B0CKFD2MTJ,,PLTYBM+ICST64E27,1,18.89,15.74,2026-07-24 22:05:05,amazon Ledsone,false
1208047,203-5825354-7297122,AMAZON,B0FNR1LYQN,,BSFCDRWHBL,1,21.99,18.32,2026-07-24 22:06:04,amazon Ledsone,false
1208048,202-1851700-6117126,AMAZON,B0F43KNKMN,,CENU25200BM,1,4.47,1.49,2026-07-24 22:04:23,amazon Dcvoltage,false
1208054,206-1768578-1971528,AMAZON,B08WRC297L,,PHCT1BMRBM+PHBA1BMRBM+LSDO400BM,1,30.49,30.49,2026-07-24 22:19:25,amazon Dcvoltage,false
1208058,204-2734669-5405112,AMAZON,B0CP7MN8ZP,,LHC6E27WH,2,12.17,4.99,2026-07-24 22:32:22,amazon Dcvoltage,false
1208063,206-0890373-3500339,AMAZON,B0D83PFMTP,,WCDCBM3PK+RPR44WH3PK,1,23.49,23.49,2026-07-24 22:50:29,amazon Dcvoltage,false
1208064,206-0712289-7099534,AMAZON,B0BWYH1QD6,,LSDO400YE+RPR44WH,1,17.89,17.89,2026-07-24 23:05:41,amazon Dcvoltage,false
1208069,202-4070438-7840322,AMAZON,B0GTV48J5T,,LDMT185B224,1,5.99,4.99,2026-07-24 23:14:02,amazon Ledsone,false
1208071,204-5281546-4700339,AMAZON,B0B8VVQDZR,,LDSG125LOE2742PK,1,18.89,15.74,2026-07-24 23:20:33,amazon Ledsone,false
1208072,206-2004504-1033142,AMAZON,B0FN7GZ1FJ,,CRSF100WH+LHNSE27WH,1,14.28,11.99,2026-07-24 23:26:33,amazon SRM Amazon,false
1208075,204-1984904-7096307,AMAZON,B0DQD9LY98,,PHSF1AGTGB3PK,1,30.29,25.24,2026-07-24 23:38:17,amazon Ledsone,false
1208078,202-0651994-7002756,AMAZON,B084R7QN2X,,WCB6BC+RPR44WH,1,9.99,8.32,2026-07-25 00:42:20,amazon Ledsone,false
1208079,202-0838773-0189128,AMAZON,B0F6775Q2J,,LSMCSQWYRE+RPM40WH,1,20.79,17.32,2026-07-25 00:41:37,amazon Ledsone,false
1208082,203-1745122-2315522,AMAZON,B0DMF2KF74,,ENC10225,1,26.89,22.41,2026-07-25 01:27:18,amazon Ledsone,false
1208087,206-3073553-1421126,AMAZON,B0BT7RTLCN,,ENC4325,1,87.89,87.89,2026-07-25 03:23:39,amazon Dcvoltage,false
1208090,206-7165884-1145963,AMAZON,B0GQ94Y1LJ,,LHXCCE27BM5PK,1,14.89,12.41,2026-07-25 05:05:02,amazon Ledsone,false
1208093,202-8310343-4529953,AMAZON,B0C9TWTCZ8,,LSCY210BG+RPR44WH,1,12.49,12.49,2026-07-25 06:04:57,amazon Dcvoltage,false
1208095,206-8338982-5247553,AMAZON,B08S44XNJF,,CRSF100BC+LHNSE27YB+SCRN70BC+LSWD360BC,3,78.57,21.82,2026-07-25 06:17:23,amazon Ledsone,false
1208104,205-6139284-2037968,AMAZON,B0DBLPZQJ8,,CL3RRS5PK,1,13.49,13.49,2026-07-25 06:54:18,amazon Dcvoltage,false
1208105,202-7936375-2607525,AMAZON,B09LM5Q942,,CRFF140GB,3,19.22,5.74,2026-07-25 07:01:46,amazon Ledsone,false
1208106,202-7556849-2899541,AMAZON,B0C6KFDSSL,,WCWYBM,1,9.79,8.16,2026-07-25 07:01:49,amazon Ledsone,false
1208108,203-3574612-2921906,AMAZON,B0C9DV894B,,SPSDP2YB,1,6.26,6.26,2026-07-25 07:23:54,amazon Dcvoltage,false
1208118,202-0956354-7585921,AMAZON,B09477YHK7,,LDMG95E278APK,2,65.45,29.33,2026-07-25 08:16:14,amazon Ledsone,false
1208128,206-4720464-0344318,AMAZON,B0G5Y2NZ88,,CRSF2003BM+PHNW1RBM3PK+ICST64E273PK,1,31.89,31.89,2026-07-25 08:51:51,amazon Dcvoltage,false
1208135,202-5896587-1758733,AMAZON,B09LMJQB72,,CRSF100BM+LHNSE27BM+SCRN70YB+LSMS320GR,1,19.89,16.57,2026-07-25 09:08:18,amazon Ledsone,false
1208138,206-0886025-7709920,AMAZON,B0D6NBRV3X,,COY9ABM3PK,1,18.19,18.19,2026-07-25 09:09:13,amazon Dcvoltage,false
1208139,204-5581601-5176322,AMAZON,B0DX6BP7GV,,CENU46450WH,1,7.18,3.24,2026-07-25 09:14:27,amazon Ledsone,false
1208153,206-7897916-3845101,AMAZON,B0CVGQ8N3K,,RWWPSY0640YE,2,6.41,1.89,2026-07-25 09:49:44,amazon Dcvoltage,false
1208163,204-0488424-4512332,AMAZON,B08L66HX4F,,LDCWA60HE2773PK,1,5.19,5.19,2026-07-25 09:48:26,amazon Dcvoltage,false
1208164,026-5648051-4309145,AMAZON,B0CVH4QJ7R,,RWWPSY0660YE2PK,1,7.88,4.99,2026-07-25 09:59:20,amazon Dcvoltage,false
1208168,204-4706058-5119559,AMAZON,B0GW7VBY3J,,LHSWPBB22GD,1,12.78,8.24,2026-07-25 10:10:05,amazon Ledsone,false
1208169,206-8135192-9192355,AMAZON,B0CGRQ5Z4T,,CRSF100BM2PK+PHRYWP1RBM2PK,1,20.69,17.24,2026-07-25 10:15:38,amazon Ledsone,false
1208174,026-5773206-8341913,AMAZON,B0BNXL9T31,,CRSF100SN+PHRI1PCRSN+LSSS300SN+ICST64E27,1,24.89,24.89,2026-07-25 10:22:07,amazon Dcvoltage,false
1208176,026-8321354-7944339,AMAZON,B0BB32Q7YP,,CL2RBT5PK,1,10.19,8.49,2026-07-25 10:22:12,amazon Ledsone,false
1208198,203-4567736-8977121,AMAZON,B0DH7Z3ZG2,,HLSC96BM2PK,1,8.79,8.79,2026-07-25 11:01:45,amazon Dcvoltage,false
1208199,026-4605705-3919556,AMAZON,B0G499DJQL,,WCCYSP180WH2PK+RPR44WH2PK,1,23.89,23.89,2026-07-25 11:06:57,amazon Dcvoltage,false
1208204,205-8449293-1170700,AMAZON,B0DT9KLT3V,,PSOS2HERBM2PK+ICST64E272PK,1,29.89,29.89,2026-07-25 11:15:56,amazon SRM Amazon,false
1208205,205-0877369-0840320,AMAZON,B0DP2VNVVF,,CRSF100SN+PHCHPCRSN+LSCY290SN,2,45.78,19.08,2026-07-25 11:09:34,amazon Ledsone,false
1208206,026-6767145-6104339,AMAZON,B0GMHCM3ND,,LHXSHE27WH2PK,1,16.69,13.91,2026-07-25 11:10:51,amazon Ledsone,false
1208207,026-1560884-5822704,AMAZON,B0DCG47XRP,,LHTRE27SN2PK,2,26.39,11.83,2026-07-25 11:10:49,amazon Ledsone,false
1208211,204-7354491-0902748,AMAZON,B0FN4CNSPS,,PLHCBS+LSDO210BS3PK,1,47.83,39.86,2026-07-25 11:26:21,amazon Ledsone,false
1208212,206-3448926-3198756,AMAZON,B086XBYS87,,LHC3E27WH,1,4.82,4.82,2026-07-25 11:31:15,amazon Ledsone,false
1208217,204-7336395-8085935,AMAZON,B083XHFBY1,,CL2RBM3PK,1,9.28,4.99,2026-07-25 11:30:24,amazon Ledsone,false
1208218,206-3448926-3198756,AMAZON,B086XBYS87,,LHC3E27WH,1,4.82,4.82,2026-07-25 11:31:15,amazon Ledsone,false
1208221,026-9493627-2169165,AMAZON,B0C37PWHDM,,CRFF105WH,2,17.57,6.58,2026-07-25 11:42:04,amazon Ledsone,false
1208222,026-0600053-4253944,AMAZON,B081FBSJX8,,CNP1000WH,1,7.69,7.69,2026-07-25 11:42:04,amazon Dcvoltage,false
1208230,202-5896139-3186705,AMAZON,B08P1NX6SB,,WCFSDCBM,1,31.52,33.89,2026-07-25 11:58:57,amazon Dcvoltage,false
1208238,203-6441404-3686709,AMAZON,B0BZ4ZQ7PQ,,WSFH1BMYB+PSDS2RRE+SCRN70BM+LSFT220RE,1,21.89,21.89,2026-07-25 12:07:55,amazon Dcvoltage,false
1208239,026-5266593-3215518,AMAZON,B0GTMQW1WF,,LSGL15014CL3PK+RPM40WH3PK,1,25.89,21.57,2026-07-25 12:00:05,amazon Ledsone,false
1208242,202-4351222-5249938,AMAZON,B0D28WMPYX,,LSCY290AA+RPR44WH,1,15.99,13.32,2026-07-25 12:11:29,amazon Ledsone,false
1208249,202-8969391-2041118,AMAZON,B0FQC3MHZ1,,CRSF100BM+PHRI1PBRBA+LSFT220BM,1,18.89,15.74,2026-07-25 12:19:40,amazon Ledsone,false
1208254,202-1970139-9896365,AMAZON,B0CGRPTT6W,,CRSF100BM+PHRYWP2RBM,1,11.49,9.57,2026-07-25 12:38:45,amazon Ledsone,false
1208260,204-7727467-0440366,AMAZON,B0G6CVZD96,,IMRGCPK,1,9.27,6.38,2026-07-25 12:53:05,amazon Dcvoltage,false
1208274,205-0353531-5987503,AMAZON,B0CRZ5BVRY,,LSCY290OR+RPR44WH,5,79.45,15.89,2026-07-25 13:14:00,amazon Dcvoltage,false
1208275,204-1726604-8915548,AMAZON,B0F1D23NFW,,RWWPSY0640YE,1,9.38,6.49,2026-07-25 13:12:57,amazon Dcvoltage,false
1208276,026-9254019-8914718,AMAZON,B0GY3YW6T7,,LSGL9015CL3PK+RPM40WH3PK,1,22.89,22.89,2026-07-25 13:14:47,amazon Dcvoltage,false
1208286,204-3847200-3704363,AMAZON,B0CYZWJ7WJ,,LSCY290CH2PK+RPR44WH2PK,1,29.89,29.89,2026-07-25 13:19:30,amazon Dcvoltage,false
1208292,202-6640791-4125122,AMAZON,B0D57258P4,,WCB7RR2PK+RPR44WH2PK,1,15.89,15.89,2026-07-25 13:30:58,amazon Dcvoltage,false
1208293,203-5140682-9117101,AMAZON,B08W5CS2DM,,CRSF100BM+WSLS155YB+SCRN70BM+LSFT220GY,1,16.89,16.89,2026-07-25 13:33:39,amazon Dcvoltage,false
1208301,202-0666688-7735557,AMAZON,B0DYDXYGQS,,CRFF100SN+LHNSE27SN,1,11.57,9.64,2026-07-25 13:46:49,amazon Ledsone,false
1208302,205-1318009-4639556,AMAZON,B0CNXJD9GN,,CL3TBM3PK,1,7.78,4.49,2026-07-25 13:57:35,amazon Dcvoltage,false
1208307,203-0669622-2589912,AMAZON,B0F9466PK8,,CL3TGL3PK,1,7.99,6.66,2026-07-25 14:02:02,amazon Ledsone,false
1208308,202-0905961-4054714,AMAZON,B084RCKRV7,,WCB6BS+RPR44WH,1,10.49,8.74,2026-07-25 14:05:23,amazon Ledsone,false
1208309,203-1678687-7609924,AMAZON,B08NDBQLMZ,,WCDTBM+RPR44WH,1,10.29,10.29,2026-07-25 14:01:30,amazon Dcvoltage,false
1208310,204-9569604-3192308,AMAZON,B0BPMR6DPM,,CRSF100BB,2,14.87,5.99,2026-07-25 14:00:38,amazon Dcvoltage,false
1208313,205-8080935-6577936,AMAZON,B0GCZG4XFD,,CRSF120WH,1,8.78,4.91,2026-07-25 14:10:33,amazon Ledsone,false
1208319,026-2756161-8113106,AMAZON,B08VGPWXG1,,LSCY290OR+RPR44WH,1,15.49,15.49,2026-07-25 14:20:06,amazon Dcvoltage,false
1208320,204-6634051-2610727,AMAZON,B0DH9CM4NZ,,CL3TLB5PK,1,11.99,11.99,2026-07-25 14:23:58,amazon Dcvoltage,false
1208331,206-0895646-9921966,AMAZON,B0D943K5SJ,,CRSF100BM+PHRYWP1RBM+ICST64E27,1,13.99,13.99,2026-07-25 14:38:58,amazon Dcvoltage,false
1208334,203-7908844-3165161,AMAZON,B0B71KX4H3,,CRSF100WH,1,8.88,4.99,2026-07-25 14:45:28,amazon Ledsone,false
1208335,206-1816623-2350764,AMAZON,B09M42QJCS,,LDMG125E2785PK,1,23.89,23.89,2026-07-25 14:42:27,amazon Dcvoltage,false
1208347,203-9565502-2350728,AMAZON,B08JJ76ZYR,,12IP6730,1,13.89,13.89,2026-07-25 15:03:11,amazon SRM Amazon,false
1208348,205-2705614-4046746,AMAZON,B0CN376GSP,,CRSF1202BM+PHHT2PBRBM2PK+SPUPBM2PK,1,20.29,16.91,2026-07-25 15:04:58,amazon Ledsone,false
1208354,205-0988092-8705143,AMAZON,B0CKXJJGCD,,CRSF1202WH+PHBK1PWRWH2PK,2,28.44,12.74,2026-07-25 15:08:55,amazon Ledsone,false
1208356,203-5094800-9302716,AMAZON,B0DTY8RGHG,,LSCY290SN2PK+RPR44WH2PK,1,30.79,25.66,2026-07-25 15:12:33,amazon Ledsone,false
1208359,206-1980700-9808367,AMAZON,B08XWSBPHW,,WCB1BM+RPR44WH,1,9.79,9.79,2026-07-25 15:23:22,amazon Dcvoltage,false
1208366,205-2131387-1758768,AMAZON,B0C43L42DK,,WCDTRE+RPR44WH,1,10.49,8.74,2026-07-25 15:31:00,amazon Ledsone,false
1208368,203-7143345-7685157,AMAZON,B0C9X67GZJ,,LSWD360BC+RPR44WH,1,18.89,18.89,2026-07-25 15:36:50,amazon Dcvoltage,false
1208376,205-0811690-4195509,AMAZON,B0GGS4DFB1,,CRFF100BM+PHUP1PBRBM+CNT900BM,1,18.57,18.57,2026-07-25 15:48:35,amazon Dcvoltage,false
1208377,202-3574162-6906706,AMAZON,B097F5Q1BM,,LHTRE27CO,1,10.78,6.57,2026-07-25 15:51:26,amazon Ledsone,false
1208379,203-3027204-1849130,AMAZON,B0CBCN1B9S,,CRFF500BM+PHCH1BMRBM3PK+LSCY210BG3PK+ICST64E273PK,1,37.89,31.57,2026-07-25 15:53:34,amazon Ledsone,false
1208382,206-0395775-1110720,AMAZON,B0B2K8W6F9,,LHC5E27WH3PK,1,12.79,10.66,2026-07-25 16:00:39,amazon Ledsone,false
1208383,203-8710876-0113139,AMAZON,B09L8K1Q8T,,CRSF100BM+PHCH1BMRBM+LSDO400YE,1,21.19,17.66,2026-07-25 16:15:36,amazon Ledsone,false
1208384,204-0153533-1742725,AMAZON,B0CQNKYM5S,,PLTTBS+WCBNBS,1,24.89,24.89,2026-07-25 16:04:44,amazon Dcvoltage,false
1208385,206-6022996-7449906,AMAZON,B0DH98XLXH,,CL3TBM3PK,1,9.99,9.99,2026-07-25 16:06:37,amazon Dcvoltage,false
1208386,203-5219834-2311562,AMAZON,B07S9S34B2,,CRSF2003YB,1,11.89,11.89,2026-07-25 16:07:55,amazon Dcvoltage,false
1208387,203-5219834-2311562,AMAZON,B0DH9K22DP,,CL3TRE5PK,1,11.99,11.99,2026-07-25 16:07:55,amazon Dcvoltage,false
1208390,206-2752309-3129136,AMAZON,B0CVRD5DNX,,CSBEB14BM,1,12.78,8.24,2026-07-25 16:10:26,amazon Ledsone,false
1208391,206-7384534-3749947,AMAZON,B0DJ18XMS6,,12IP6715,1,8.18,4.41,2026-07-25 16:18:35,amazon Ledsone,false
1208421,206-7819797-3889130,AMAZON,B0CGD9N7BV,,CRSF100WH+PHRY2PCRWH+LDST45E274,1,17.47,14.56,2026-07-25 17:03:43,amazon Ledsone,false
1208422,204-5258634-0356312,AMAZON,B09JVQ6VXT,,LDSG95DIE2743PK,1,23.78,19.89,2026-07-25 17:00:30,amazon Dcvoltage,false
1208426,204-7447028-8163562,AMAZON,B0DH854QVP,,HLSC128BM,1,6.59,6.59,2026-07-25 17:16:05,amazon Dcvoltage,false
1208427,204-3504737-5421928,AMAZON,B0CVMYZXG2,,RWWPSY08GY,1,4.78,1.57,2026-07-25 17:14:54,amazon Ledsone,false
1208436,205-2917919-9029119,AMAZON,B0GTYJBGDD,,LDST185E2746PK,1,17.89,14.91,2026-07-25 17:30:37,amazon Ledsone,false
1208437,206-1016709-7988316,AMAZON,B07GJPMHCT,,24IP6750,1,18.88,14.99,2026-07-25 17:34:11,amazon Dcvoltage,false
1208440,203-0520757-8428300,AMAZON,B0CB7SWGD3,,SPSDP2WH2PK,1,13.09,13.09,2026-07-25 17:42:24,amazon Dcvoltage,false
1208441,203-5542599-5423531,AMAZON,B0FX2Q2VVY,,LSCYRO120GD2PK+RPR44WH2PK,2,42.58,21.29,2026-07-25 17:44:48,amazon Dcvoltage,false
1208452,026-2231853-9514703,AMAZON,B0839FSHGZ,,CBSF120,1,7.78,4.89,2026-07-25 18:03:13,amazon Dcvoltage,false
1208457,204-8703769-6210768,AMAZON,B084R7QN2X,,WCB6BC+RPR44WH,1,9.99,8.32,2026-07-25 18:10:04,amazon Ledsone,false
1208462,203-3264520-0513156,AMAZON,B0FN7GZ1FJ,,CRSF100WH+LHNSE27WH,1,14.28,11.99,2026-07-25 18:22:22,amazon SRM Amazon,false
1208463,205-9499861-3274724,AMAZON,B083ZS9PGC,,LHAHE27CH,1,8.98,5.07,2026-07-25 18:22:14,amazon Ledsone,false
1208465,026-8253822-0514710,AMAZON,B0DCDSZ719,,LDSG95DIE2743PK,1,21.19,17.66,2026-07-25 18:23:48,amazon Ledsone,false
1208477,204-2520202-7425907,AMAZON,B07YV66L3P,,CRSF100BM2PK+PHCH1BMRBM2PK+LSCY290BM2PK,1,34.99,34.99,2026-07-25 18:37:20,amazon Dcvoltage,false
1208478,205-6313453-3504318,AMAZON,B0D9RX6QMT,,CRSF100WH2PK,1,10.89,9.07,2026-07-25 18:38:28,amazon Ledsone,false
1208482,202-9432057-5526757,AMAZON,B0BTMFTZR4,,WCBNCH+RPR44WH,1,12.78,9.89,2026-07-25 18:44:47,amazon Dcvoltage,false
1208488,202-8593295-5277923,AMAZON,B0GLRKC9L5,,LSCY290DCB+RPR44WH,1,15.89,15.89,2026-07-25 18:58:41,amazon Dcvoltage,false
1208491,202-7206941-9811513,AMAZON,B0F9VDWTYX,,CL3RBM3PK,1,8.79,7.32,2026-07-25 18:54:20,amazon Ledsone,false
1208492,202-4207283-7058734,AMAZON,B0CB1D19PN,,CRSF100BM+LHNSE27YB+SCRN70BM+LSTF40BM,2,28.58,11.91,2026-07-25 18:54:56,amazon Ledsone,false
1208497,204-5232996-2060334,AMAZON,B0F944BWSZ,,CL3TBM3PK,1,9.49,7.91,2026-07-25 19:01:23,amazon Ledsone,false
1208498,026-8223171-8305900,AMAZON,B0D9692XN7,,PHSF1BWTWH3PK,1,30.29,25.24,2026-07-25 19:06:37,amazon Ledsone,false
1208499,204-0730694-8165923,AMAZON,B08XB16LF5,,PSDS4BMRRE,1,14.17,14.17,2026-07-25 19:05:03,amazon Dcvoltage,false
1208504,203-9167063-2909967,AMAZON,B0DNQM31G1,,PLTYRR2PK+ICST64E272PK,2,85.15,38.15,2026-07-25 19:10:47,amazon Ledsone,false
1208505,202-6520917-2299528,AMAZON,B0DZ5Y29HS,,CRSF120CH,1,9.58,5.57,2026-07-25 19:16:30,amazon Ledsone,false
1208506,205-5434058-4275530,AMAZON,B0GW7WZ7WL,,CRSF1204WH,1,11.38,7.07,2026-07-25 19:18:09,amazon Ledsone,false
1208516,026-3663245-4302746,AMAZON,B08XBYXQC6,,CL3TBRAPK,1,19.99,19.99,2026-07-25 19:34:28,amazon Dcvoltage,false
1208534,204-4961945-1693919,AMAZON,B0GDDXB14R,,LDMT185E2732PK,2,20.44,9.16,2026-07-25 20:00:02,amazon Ledsone,false
1208552,203-8640035-7393906,AMAZON,B0GXB2MTJF,,WCBTC120FG2PK+RPR44WH2PK,1,20.49,17.07,2026-07-25 20:57:20,amazon Ledsone,false
1208555,206-6759564-4921939,AMAZON,B0F28YKH9K,,LSCY290RR+RPR44WH,1,15.89,13.24,2026-07-25 21:00:52,amazon Ledsone,false
1208567,202-8078211-5607528,AMAZON,B09HV89CC2,,CRFF500BM+PHCH1BMRBM3PK+LSDO210BM3PK,2,74.38,33.33,2026-07-25 21:26:52,amazon Ledsone,false
1208570,206-7866717-5853947,AMAZON,B08XB9VQZ3,,PSDS2BMRBU,2,22.30,11.99,2026-07-25 21:34:37,amazon Dcvoltage,false
1208571,206-6131637-3869108,AMAZON,B0B8VVQSNV,,LDSG125LOE274,1,8.99,7.49,2026-07-25 21:28:54,amazon Ledsone,false
1208572,206-5687269-1533131,AMAZON,B0CV7K4PZC,,RWGS1342WH,2,10.10,3.59,2026-07-25 21:41:56,amazon Dcvoltage,false
1208573,205-1676809-2968358,AMAZON,B0B9Y59487,,CL3TBR5PK,1,13.79,11.49,2026-07-25 21:40:06,amazon Ledsone,false
1208574,205-6161401-5677958,AMAZON,B0FB2VT3P2,,PHSF2BMRYB+SPSDP2BM,1,14.89,12.41,2026-07-25 21:49:37,amazon Ledsone,false
1208575,026-8658619-0989135,AMAZON,B0D961B99S,,CO532AGYAPK,1,6.78,3.24,2026-07-25 21:49:23,amazon Ledsone,false
1208580,203-2911380-3746765,AMAZON,B0BYKBGXFD,,ENC4561,1,50.12,53.89,2026-07-25 21:54:01,amazon Dcvoltage,false
1208587,206-5466674-4399556,AMAZON,B0D9Q3SWV8,,PHCT80BMCBM,1,15.39,15.39,2026-07-25 22:01:31,amazon Dcvoltage,false
1208588,203-9302758-2189915,AMAZON,B0D4QQF9B6,,CSBEB6LG+CSBEB6OR,1,10.48,7.59,2026-07-25 22:08:06,amazon Dcvoltage,false
1208591,202-5518306-1324350,AMAZON,B0C7KHY6DV,,ENC5034,1,76.76,82.54,2026-07-25 22:10:03,amazon Dcvoltage,false
1208597,204-3399542-1522752,AMAZON,B0CNXLDRMK,,CL3TBD3PK,1,7.78,4.49,2026-07-25 22:36:36,amazon Dcvoltage,false
1208598,204-1083563-5705936,AMAZON,B0B1F9V3H7,,CRSF100NB,1,7.64,3.96,2026-07-25 22:36:36,amazon Ledsone,false
1208601,205-3388877-8457152,AMAZON,B0B8SP4JD1,,LDMG125E2782PK,1,16.89,14.07,2026-07-25 22:39:18,amazon Ledsone,false
1208603,026-6472311-4776354,AMAZON,B0C7H1D9JN,,LSFT220GB+RPR44WH,2,21.58,10.79,2026-07-25 22:38:57,amazon Dcvoltage,false
1208608,206-3142764-7820348,AMAZON,B0CV5DK5NC,,LDSG125LOE2742PK,1,17.89,14.91,2026-07-25 22:54:39,amazon Ledsone,false
1208609,203-1614523-3517113,AMAZON,B0CBBYF5QX,,LSMS320CB+RPR44WH,1,14.99,14.99,2026-07-25 23:00:43,amazon Dcvoltage,false
1208610,204-2500377-0123545,AMAZON,B0D45236MW,,PHSF2GDTYB+ICST64E27,3,56.07,18.69,2026-07-25 22:58:35,amazon Dcvoltage,false
1208612,204-9894157-6842735,AMAZON,B0G648VPYL,,CRSF100BM+LHNSE27BM+SCRN70BM+LSWD360BC,3,83.97,23.32,2026-07-25 22:58:35,amazon Ledsone,false
1208613,204-8342589-4634733,AMAZON,B0CGRSQKF1,,CRSF100BM+PHRYWP1RBM+ICST64E27,1,13.49,11.24,2026-07-25 23:00:27,amazon Ledsone,false
1208614,026-3427603-2917162,AMAZON,B0GXB7RGZK,,WCBSF90FG2PK+RPR44WH2PK,2,40.98,17.08,2026-07-25 23:06:07,amazon Ledsone,false
1208615,203-8619087-9565142,AMAZON,B0CMCQ3PJS,,CRSF100WH+PHCH1PCTSRE,1,9.89,8.24,2026-07-25 23:07:08,amazon Ledsone,false
1208618,202-7166663-2509936,AMAZON,B0DX75TBKB,,CERU72450GR,1,10.28,6.16,2026-07-25 23:22:40,amazon Ledsone,false
1208619,202-1052454-0306714,AMAZON,B0D83PFMTP,,WCDCBM3PK+RPR44WH3PK,2,44.63,23.49,2026-07-25 23:30:13,amazon Dcvoltage,false
1208622,202-4816142-9313925,AMAZON,B0GCZ9ZLXK,,CRSF1203WH,1,10.38,6.24,2026-07-25 23:44:11,amazon Ledsone,false
1208624,204-6079338-0215535,AMAZON,B07SSSN358,,CBSF95,1,6.18,3.29,2026-07-25 23:59:34,amazon Dcvoltage,false
1208625,204-7912415-1249148,AMAZON,B08XXVZZJD,,WCB2WH+RPR44WH,1,10.89,10.89,2026-07-26 00:07:50,amazon Dcvoltage,false
1208628,203-1971366-9313136,AMAZON,B0D8PXWKL7,,CL3TBR3PK,1,8.89,7.41,2026-07-26 00:28:35,amazon Ledsone,false
1208629,202-7440531-0171508,AMAZON,B0DMF2KF74,,ENC10225,1,26.89,22.41,2026-07-26 00:32:42,amazon Ledsone,false
1208630,206-6443544-6416324,AMAZON,B0G49CBSQ3,,WCCYSP180BM2PK+RPR44WH2PK,1,27.38,19.57,2026-07-26 00:35:59,amazon Ledsone,false
1208631,205-2688796-8497109,AMAZON,B0GTV48J5T,,LDMT185B224,1,5.99,4.99,2026-07-26 00:38:57,amazon Ledsone,false
1208633,206-5992481-5337141,AMAZON,B091HP9X9R,,ENC375,1,23.89,19.91,2026-07-26 00:50:09,amazon Ledsone,false
1208635,206-2744982-2890734,AMAZON,B0DH9CM4NZ,,CL3TLB5PK,1,11.99,11.99,2026-07-26 01:54:04,amazon Dcvoltage,false
1208640,026-7423012-3004365,AMAZON,B0F48NJ6CP,,RWWPSY0630YE,2,7.78,3.89,2026-07-26 03:49:40,amazon Dcvoltage,false
1208641,026-7423012-3004365,AMAZON,B0D8L1HQXM,,RWWPSY0660YE,2,5.98,2.99,2026-07-26 03:49:40,amazon Dcvoltage,false
1208692,203-7621119-4019558,AMAZON,B0B9KFV1PH,,CL3TGL5PK,1,13.89,11.57,2026-07-26 07:20:31,amazon Ledsone,false
1208701,203-3006095-0541154,AMAZON,B0DCS4YCFW,,WCWDRO+RPR44WH,1,10.09,8.41,2026-07-26 07:51:09,amazon Ledsone,false
1208708,204-8739476-3973920,AMAZON,B0G2WS8468,,ENC7462,1,27.89,23.24,2026-07-26 08:17:28,amazon Ledsone,false
1208719,202-8824984-7440328,AMAZON,B09YYTYMKP,,PLADBC+LSDO210BC3PK+ICST64E273PK,3,173.67,57.89,2026-07-26 08:58:54,amazon Dcvoltage,false
1208723,206-2338339-7207531,AMAZON,B0BNXJJM2Y,,CRSF100SN+PHRI1PCRSN+LSTF40SN+ICST64E27,2,47.98,23.99,2026-07-26 09:07:38,amazon Dcvoltage,false
1208732,204-4015184-7359529,AMAZON,B0CBMS78L8,,PHSF2BMRBM+SPSDP2BM+ICST64E27,1,17.57,15.74,2026-07-26 09:15:29,amazon Ledsone,false
1208741,026-3404124-7770710,AMAZON,B0DH98XLXH,,CL3TBM3PK,1,9.99,9.99,2026-07-26 09:24:54,amazon Dcvoltage,false
1208743,202-4760507-1791528,AMAZON,B0DNK1NCSR,,WSFS2BMYB+SCRN70BM2PK+LSFT220WH2PK,1,29.89,24.91,2026-07-26 09:33:14,amazon Ledsone,false
1208744,204-6660295-4902745,AMAZON,B0CVN6WP57,,RWWPSYAE25WH,1,4.46,1.31,2026-07-26 09:37:15,amazon Ledsone,false
1208745,026-4590957-1052348,AMAZON,B0F43QJMH8,,CENU25200WH,10,17.44,1.49,2026-07-26 09:34:46,amazon Dcvoltage,false
1208767,026-4379891-2409903,AMAZON,B0BGPQGL3C,,12UK3P8A,1,13.89,11.57,2026-07-26 10:01:29,amazon Ledsone,false
1208768,203-2276510-0426722,AMAZON,B09L8KS17V,,CRSF100BM+PHCH1BMRBM+LSDO400BI,2,38.28,15.95,2026-07-26 10:04:08,amazon Ledsone,false
1208777,206-5640020-2237159,AMAZON,B0FMRL3D3P,,CRSF100BM2PK+LHTTE27BM2PK,2,37.78,18.89,2026-07-26 10:14:06,amazon Dcvoltage,false
1208805,202-6415792-5363514,AMAZON,B0DPMXQNBH,,ENC7859,1,12.39,10.32,2026-07-26 10:43:48,amazon Ledsone,false
1208806,026-2766668-8497152,AMAZON,B0G1TG1W65,,CKKLYB,1,10.79,8.99,2026-07-26 10:45:22,amazon Ledsone,false
1208807,026-9938786-0857136,AMAZON,B0FY2HP9LJ,,PHUH0.5HETBM,2,20.26,9.08,2026-07-26 10:49:21,amazon Ledsone,false
1208816,026-8880489-9590723,AMAZON,B081HBJCLN,,CL3RRW5PK,1,13.89,13.89,2026-07-26 10:54:18,amazon Dcvoltage,false
1208817,206-6849327-0026719,AMAZON,B0C37PWHDM,,CRFF105WH,4,29.35,6.58,2026-07-26 10:54:28,amazon Ledsone,false
1208825,026-7944346-3345166,AMAZON,B0D9LJRNTK,,LSFC280WH,2,32.76,13.65,2026-07-26 11:00:51,amazon Ledsone,false
1208827,203-7652808-3324335,AMAZON,B0GLNBSJMP,,PL4HRR,1,38.69,32.24,2026-07-26 11:05:58,amazon Ledsone,false
1208828,204-6977621-1749959,AMAZON,B0DK8SM3RL,,LHPOE27FG,8,87.01,8.24,2026-07-26 11:13:42,amazon Ledsone,false
1208833,206-3221067-9933114,AMAZON,B0D5QZ5D6Y,,LSMCSQWYRE2PK+RPM40WH2PK,1,36.89,36.89,2026-07-26 11:13:43,amazon Dcvoltage,false
1208834,203-3250110-9866705,AMAZON,B0F9VDWTYX,,CL3RBM3PK,2,16.35,7.33,2026-07-26 11:14:42,amazon Ledsone,false
1208841,203-9967291-6405111,AMAZON,B08V927KBM,,CRSF100RO+PHSH1PBRRO+LSDM220RO,1,23.99,23.99,2026-07-26 11:27:47,amazon Dcvoltage,false
1208842,205-4448754-8023522,AMAZON,B0GXVFTHN5,,CNP1000YB,1,7.58,3.91,2026-07-26 11:25:54,amazon Ledsone,false
1208848,202-5499045-7716349,AMAZON,B0DH8WCL96,,CL3TIV3PK,1,8.49,8.49,2026-07-26 11:42:44,amazon Dcvoltage,false
1208849,206-7762393-0513930,AMAZON,B09L8KS17V,,CRSF100BM+PHCH1BMRBM+LSDO400BI,1,21.19,17.66,2026-07-26 11:44:04,amazon Ledsone,false
1208853,203-7048149-6033914,AMAZON,B08MZV99ZT,,CRFF500BM+PHHT1PBRBM3PK+WCDCBM3PK,1,30.50,33.89,2026-07-26 11:51:15,amazon Dcvoltage,false
1208854,203-5333702-1806702,AMAZON,B0F48PYKWX,,RWWPSY0860YE,1,8.77,5.79,2026-07-26 11:54:47,amazon Dcvoltage,false
1208877,202-6610316-9366755,AMAZON,B07FDXJG55,,CCBC36,1,7.79,7.79,2026-07-26 12:22:51,amazon Dcvoltage,false
1208879,205-7637356-2521941,AMAZON,B07RP8JC1Z,,WCBNBC+RPR44WH,1,10.09,8.41,2026-07-26 12:26:00,amazon Ledsone,false
1208880,202-4042708-7591551,AMAZON,B0DDCFWBZW,,LDMST64B228,1,5.89,5.89,2026-07-26 12:24:26,amazon SRM Amazon,false
1208882,203-7582704-0274740,AMAZON,B0FW54PMWP,,LSCYRO120WH+RPR44WH,1,14.99,14.99,2026-07-26 12:30:10,amazon Dcvoltage,false
1208883,203-8534391-3265144,AMAZON,B0CGRPTT6W,,CRSF100BM+PHRYWP2RBM,1,11.49,9.57,2026-07-26 12:40:19,amazon Ledsone,false
1208885,203-6659772-1815501,AMAZON,B08THKWZGB,,LSCY290CO+RPR44WH,1,16.89,16.89,2026-07-26 12:43:36,amazon Dcvoltage,false
1208902,026-5869015-4630738,AMAZON,B0F944BWSZ,,CL3TBM3PK,1,9.49,7.91,2026-07-26 13:14:01,amazon Ledsone,false
1208903,026-1793417-6692366,AMAZON,B0GNZRHMXW,,LHXWPE27PPWH3PK,1,11.79,9.82,2026-07-26 13:15:47,amazon Ledsone,false
1208906,026-4544467-0408325,AMAZON,B0FX2SHBL5,,LSCYRO120BM2PK+RPR44WH2PK,1,21.89,21.89,2026-07-26 13:21:46,amazon Dcvoltage,false
1208907,203-5821897-5664335,AMAZON,B0F29MP4SZ,,PLWLBC,2,32.90,14.74,2026-07-26 13:18:41,amazon Ledsone,false
1208908,203-6115890-3957919,AMAZON,B0917RQ9PM,,PLHCBC+LSDO210BC3PK,1,39.24,39.24,2026-07-26 13:18:41,amazon Ledsone,false
1208909,203-6115890-3957919,AMAZON,B0FRML5GMP,,PLMJBC,3,66.72,22.24,2026-07-26 13:18:41,amazon Ledsone,false
1208914,203-4424692-2607541,AMAZON,B0CNT1QNSN,,PLADBM,1,47.49,47.49,2026-07-26 13:32:53,amazon Dcvoltage,false
1208915,205-3657929-0797944,AMAZON,B0CV7K3P22,,RWGS1533WH,1,7.25,3.89,2026-07-26 13:34:39,amazon Dcvoltage,false
1208916,206-1574256-6965103,AMAZON,B0DLW345B7,,CL2TBKAPK,1,18.89,18.89,2026-07-26 13:38:44,amazon Dcvoltage,false
1208918,205-4450706-2904314,AMAZON,B09LHVG9HR,,CRSF1203WH+PHTT1PWRGG3PK+SPSPWH3PK,2,38.58,16.08,2026-07-26 13:44:59,amazon Ledsone,false
1208919,205-6149856-7885944,AMAZON,B0DH9FC86W,,CL3TRE3PK,1,10.88,7.59,2026-07-26 13:44:42,amazon Dcvoltage,false
1208923,202-8482459-3703539,AMAZON,B0CGRJ1V8L,,TPOSBDBM,1,22.99,22.99,2026-07-26 13:59:33,amazon Dcvoltage,false
1208926,203-2715966-8873120,AMAZON,B0FB2VT3P2,,PHSF2BMRYB+SPSDP2BM,1,14.89,12.41,2026-07-26 14:03:27,amazon Ledsone,false
1208927,204-4444296-3293920,AMAZON,B0GCZNP15R,,CRFF100GB+LHNSE27GB+ICST64E27,1,16.89,16.89,2026-07-26 14:01:18,amazon Dcvoltage,false
1208928,026-2703468-7869107,AMAZON,B09KNQV7L7,,CRSF2003BM+PHRB1PBR40BM3PK+LSBS160GY3PK,1,45.89,38.24,2026-07-26 14:17:04,amazon Ledsone,false
1208929,203-7195752-0854716,AMAZON,B0CK476QJX,,PLTYBS+ICST64E27,1,22.89,19.07,2026-07-26 14:15:57,amazon Ledsone,false
1208935,206-4587076-8114762,AMAZON,B0FN7GZ1FJ,,CRSF100WH+LHNSE27WH,2,26.27,11.99,2026-07-26 14:37:12,amazon SRM Amazon,false
1208945,204-5316488-5784335,AMAZON,B0B2KFWFSD,,LHC5E27WH,1,9.18,5.24,2026-07-26 14:42:23,amazon Ledsone,false
1208946,206-3157374-7317951,AMAZON,B0D6NC56BK,,CBFF200BM,1,9.48,5.49,2026-07-26 14:43:51,amazon Ledsone,false
1208948,026-3544169-3860350,AMAZON,B084RP9PZ7,,WCB4BS+RPR44WH,1,9.89,8.24,2026-07-26 14:44:34,amazon Ledsone,false
1208960,204-9427838-3219553,AMAZON,B08PD9RDDQ,,CRSF100CO+LHNSE27CO+LSHH240BC+ICST64E27,1,20.39,20.39,2026-07-26 15:03:58,amazon SRM Amazon,false
1208961,026-4718071-2645925,AMAZON,B0DX6TP9TZ,,CENU36300WH,1,5.78,2.07,2026-07-26 15:00:46,amazon Ledsone,false
1208966,203-8379045-5225967,AMAZON,B0DYDLQTNV,,RWWPSY1060YE2PK,1,16.29,16.29,2026-07-26 15:15:47,amazon SRM Amazon,false
1208974,202-4586976-9562752,AMAZON,B0F9466PK8,,CL3TGL3PK,1,7.99,6.66,2026-07-26 15:19:33,amazon Ledsone,false
1208977,202-3208069-1695549,AMAZON,B0CV7K4PZC,,RWGS1342WH,1,6.75,3.59,2026-07-26 15:35:27,amazon Dcvoltage,false
1208992,206-2336363-9632348,AMAZON,B09L11514G,,12UK3P5A,1,15.78,10.74,2026-07-26 15:49:53,amazon Ledsone,false
1208993,206-8367978-5966740,AMAZON,B0BL7LZR24,,LDMT45E2746PK,1,20.79,17.32,2026-07-26 15:55:06,amazon Ledsone,false
1209001,206-8864979-7048339,AMAZON,B0CFHKYH59,,CRSF100BM2PK+PHRYWP2RBM2PK,1,20.29,16.91,2026-07-26 16:16:29,amazon Ledsone,false
1209008,202-7845645-3753947,AMAZON,B0C7H1D9JN,,LSFT220GB+RPR44WH,8,86.32,10.79,2026-07-26 16:24:17,amazon Dcvoltage,false
1209009,026-5796643-5149150,AMAZON,B07RTY1TFK,,WCBNBC+RPR44WH,2,18.40,9.89,2026-07-26 16:25:12,amazon Dcvoltage,false
1209012,202-8116740-8542705,AMAZON,B0DH94WBWX,,CL3TLP5PK,1,12.88,9.99,2026-07-26 16:30:07,amazon Dcvoltage,false
1209013,205-5327010-0153144,AMAZON,B0F79X2YT9,,CTBOP22L+CTBOP23L+CTBOP24L,1,14.89,14.89,2026-07-26 16:29:37,amazon Dcvoltage,false
1209018,204-8626680-9068317,AMAZON,B07DK4TWLQ,,LDMG95E274,1,6.59,6.59,2026-07-26 16:48:33,amazon Dcvoltage,false
1209025,205-3443990-1307527,AMAZON,B0DJBT1NQ6,,HLRK45BM3PK,2,13.78,5.74,2026-07-26 16:49:12,amazon Ledsone,false
1209027,026-7733415-3205939,AMAZON,B0CBLV8NLC,,WCVCBS2PK+RPR44WH2PK,1,16.49,16.49,2026-07-26 16:54:47,amazon Dcvoltage,false
1209032,206-1226117-9460313,AMAZON,B0FY2HP9LJ,,PHUH0.5HETBM,2,20.26,9.08,2026-07-26 17:00:41,amazon Ledsone,false
1209033,204-0837480-0086758,AMAZON,B093H8YG8Z,,LSMS320GY+RPR44WH,2,29.98,12.49,2026-07-26 16:59:55,amazon Ledsone,false
1209037,203-5823666-4534723,AMAZON,B0F2HBFXPK,,PLWPBM,2,27.78,13.89,2026-07-26 17:10:30,amazon Dcvoltage,false
1209038,205-9978017-3501950,AMAZON,B084RP9PZ7,,WCB4BS+RPR44WH,1,9.89,8.24,2026-07-26 17:11:18,amazon Ledsone,false
1209040,202-1935961-9319540,AMAZON,B0FPFYZ5D1,,CRSF100BM+PHRYWP1RBM,3,34.01,10.16,2026-07-26 17:15:44,amazon Ledsone,false
1209048,204-6816912-4505158,AMAZON,B0D4TW1GN7,,WLFS220BM2PK,1,22.40,24.89,2026-07-26 17:29:36,amazon Dcvoltage,false
1209049,205-5948322-9319524,AMAZON,B0DF7PR21J,,SCRN70BB2PK,1,7.78,4.89,2026-07-26 17:22:03,amazon Dcvoltage,false
1209050,026-7010516-4128350,AMAZON,B08VGPPCY1,,WCDTBM+RPR44WH,1,10.04,10.04,2026-07-26 17:27:23,amazon Dcvoltage,false
1209053,206-3977774-6306712,AMAZON,B0CBMNDNVX,,LSCY290BL+RPR44WH,1,15.89,13.24,2026-07-26 17:29:48,amazon Ledsone,false
1209054,202-7573370-6130714,AMAZON,B0F1CX9BKB,,RWWPSY10100YE,1,9.88,6.99,2026-07-26 17:32:18,amazon Dcvoltage,false
1209056,026-6415670-7289965,AMAZON,B08NDF8WJX,,WCDTYE+RPR44WH,1,10.09,10.09,2026-07-26 17:42:20,amazon Dcvoltage,false
1209057,205-4207369-2079505,AMAZON,B07MBLMGLL,,CCBKNWE12,2,14.03,5.99,2026-07-26 17:44:53,amazon Dcvoltage,false
1209058,026-8720886-0028333,AMAZON,B0D296W5SD,,LSCY290GR+RPR44WH,1,15.89,13.24,2026-07-26 17:40:00,amazon Ledsone,false
1209059,202-2344102-0709952,AMAZON,B0D2948DVC,,LSCY290BU+RPR44WH,1,15.89,13.24,2026-07-26 17:45:19,amazon Ledsone,false
1209068,206-7439604-7905940,AMAZON,B0FZTGKXZY,,CRSF100BM+LHNSE27BM+LSSS300BM+ICST64E27,1,22.78,15.74,2026-07-26 17:24:36,amazon Ledsone,false
1209069,202-0671395-6824359,AMAZON,B0F4KN3FGH,,ENC1276,1,55.09,45.91,2026-07-26 17:54:45,amazon Ledsone,false
1209072,206-3038270-8045107,AMAZON,B0CNC66YTD,,ENC5316,1,24.89,24.89,2026-07-26 17:59:52,amazon Dcvoltage,false
1209073,203-9961524-6575528,AMAZON,B0CD7KYZ1N,,ENC590,1,42.89,35.74,2026-07-26 18:08:06,amazon Ledsone,false
1209079,026-9896131-2487542,AMAZON,B0BLP3Q9H6,,LDMST64E2783PK,1,14.89,12.41,2026-07-26 18:17:27,amazon Ledsone,false
1209080,205-9880242-3401134,AMAZON,B0DFHN9WRJ,,LSCY290BC+RPR44WH,1,16.89,16.89,2026-07-26 18:12:55,amazon Dcvoltage,false
1209083,026-4855229-0290766,AMAZON,B07DK4TWLQ,,LDMG95E274,1,6.59,6.59,2026-07-26 18:28:04,amazon Dcvoltage,false
1209085,204-0750625-5737908,AMAZON,B0CZXL6ZYG,,TPOSBDBM,1,22.99,19.16,2026-07-26 18:23:31,amazon Ledsone,false
1209092,205-6600744-8644342,AMAZON,B0D59SHLCD,,WCB1WH2PK+RPR44WH2PK,1,15.49,15.49,2026-07-26 18:28:43,amazon Dcvoltage,false
1209100,026-8098658-1129153,AMAZON,B0F1CZ7G5X,,RWWPSY1080YE,1,8.08,5.19,2026-07-26 18:48:27,amazon Dcvoltage,false
1209101,205-5449413-2301151,AMAZON,B09HL56P6W,,CRSF100GY+PHRB1PWRPW+CGWDWO+LSWE315GY,1,19.89,16.57,2026-07-26 18:41:38,amazon Ledsone,false
1209113,206-3940690-1192334,AMAZON,B0FY2HP9LJ,,PHUH0.5HETBM,2,20.26,9.08,2026-07-26 19:22:05,amazon Ledsone,false
1209114,205-6499624-5259504,AMAZON,B0FNWFF268,,LSWD360BG+RPR44WH,1,19.69,16.41,2026-07-26 19:00:27,amazon Ledsone,false
1209116,204-3246859-0921941,AMAZON,B0CZXL6ZYG,,TPOSBDBM,1,22.99,19.16,2026-07-26 19:02:08,amazon Ledsone,false
1209118,026-9175681-1875524,AMAZON,B08V125GYB,,CRFF100BM+WSLS155BM+SCRN70BM+LSTF40BM,2,38.36,16.68,2026-07-26 19:04:14,amazon Dcvoltage,false
1209123,206-7872548-9873940,AMAZON,B0FPQVSMFT,,LDCWT75B2212,1,13.79,7.32,2026-07-26 19:13:04,amazon Ledsone,false
1209126,206-9198884-7977166,AMAZON,B0B7196F29,,CRSF100CH,2,14.87,4.99,2026-07-26 19:19:33,amazon Ledsone,false
1209128,203-8861544-3195522,AMAZON,B0CK4M1GCH,,CRSF100OR+WSCH135OR+LSDO210OR,1,16.49,16.49,2026-07-26 19:17:28,amazon SRM Amazon,false
1209129,202-4268087-9644348,AMAZON,B0D9RW35SF,,ENC7500,1,50.12,53.89,2026-07-26 19:12:20,amazon Dcvoltage,false
1209130,206-5280472-1380338,AMAZON,B0F1D3FS5C,,RWWPSY0660YE,1,2.99,2.99,2026-07-26 19:14:15,amazon Dcvoltage,false
1209131,206-5280472-1380338,AMAZON,B0F1CZT27Y,,RWWPSY0860YE,1,2.89,2.89,2026-07-26 19:14:15,amazon Dcvoltage,false
1209132,204-8169589-9900348,AMAZON,B0CPBXD3C5,,LSCY290WH+RPR44WH,1,15.89,15.89,2026-07-26 19:21:19,amazon Dcvoltage,false
1209141,203-2794073-5006755,AMAZON,B0C43QJHSB,,ENC3872,1,19.44,17.41,2026-07-26 19:17:28,amazon Ledsone,false
1209149,026-9077113-0181905,AMAZON,B0CCHYSJWC,,SPSDP2YB,1,8.58,4.74,2026-07-26 19:37:04,amazon Ledsone,false
1209150,203-7311222-6943545,AMAZON,B0D4QLPVSG,,CSBEB6BL+CSBEB6LG,1,10.48,7.59,2026-07-26 19:37:09,amazon Dcvoltage,false
1209157,203-2640662-0529167,AMAZON,B0D6YSQ22J,,CBSF952PK,1,10.48,6.32,2026-07-26 19:40:23,amazon Ledsone,false
1209158,204-3793517-5222743,AMAZON,B0DVLPPMXL,,PHSHF1PBRYB+LSCY290BG+ICST64E27,1,21.99,18.32,2026-07-26 19:42:08,amazon Ledsone,false
1209160,205-8834909-7437124,AMAZON,B08WJHR3FD,,CRSF100YB+LHNSE27YB+LSRP260YB,1,26.29,26.29,2026-07-26 19:46:08,amazon Dcvoltage,false
1209172,202-9378575-7301127,AMAZON,B0CCJ5YGRJ,,SPSDP3WH6PK,1,14.09,11.74,2026-07-26 19:51:14,amazon Ledsone,false
1209174,206-4575386-7908304,AMAZON,B0DQD9W4R5,,PHSF1BMTBM3PK,1,34.21,28.51,2026-07-26 19:52:27,amazon Ledsone,false
1209176,202-6574177-1382739,AMAZON,B0G1TC8PWQ,,CKCSBY,1,10.99,10.99,2026-07-26 19:51:12,amazon Dcvoltage,false
1209177,202-7817469-7873921,AMAZON,B08XWSBPHW,,WCB1BM+RPR44WH,1,9.79,9.79,2026-07-26 19:53:11,amazon Dcvoltage,false
1209182,202-0869148-0001145,AMAZON,B0DTHJJLW2,,WCB6BS3PK+RPR44WH3PK,1,22.29,22.29,2026-07-26 20:14:15,amazon Dcvoltage,false
1209183,206-9429334-6571523,AMAZON,B07FDVMYJ8,,CCBC9,1,10.09,10.09,2026-07-26 20:08:58,amazon Dcvoltage,false
1209190,205-5232135-7613945,AMAZON,B0D4VH1Z22,,CRFF140BM+WSWH135BM+LSDO210BC,1,20.29,20.29,2026-07-26 20:16:16,amazon Dcvoltage,false
1209191,202-8071875-5255508,AMAZON,B0C6LY8XZG,,12UK3P1A,1,8.88,5.99,2026-07-26 20:17:38,amazon Dcvoltage,false
1209203,202-8194643-3568349,AMAZON,B0FY2HP9LJ,,PHUH0.5HETBM,1,10.89,9.07,2026-07-26 20:32:45,amazon Ledsone,false
1209209,204-5098645-0710730,AMAZON,B0DF7BD73R,,CRSF100BM+PHRYWP1RBM,1,11.49,9.57,2026-07-26 20:43:42,amazon Ledsone,false
1209210,026-0769885-9311516,AMAZON,B0DBHMG5DT,,IMGRFPK,1,24.80,24.80,2026-07-26 20:39:18,amazon Dcvoltage,false
1209211,205-2834098-2719546,AMAZON,B0D8HZLL1S,,ENC3538,1,35.69,35.69,2026-07-26 20:42:37,amazon Dcvoltage,false
1209215,026-6430536-9196329,AMAZON,B0CZXL6ZYG,,TPOSBDBM,1,22.99,19.16,2026-07-26 20:50:53,amazon Ledsone,false
1209219,202-9403101-7381928,AMAZON,B0GLNHVVKS,,PL4HBC,1,37.89,31.57,2026-07-26 20:58:55,amazon Ledsone,false
1209220,202-0823532-2475514,AMAZON,B0D59PP6PC,,WCB1BM2PK+RPR44WH2PK,1,15.18,15.18,2026-07-26 20:47:47,amazon Dcvoltage,false
1209221,204-0224025-2871503,AMAZON,B08WWRJYCW,,ENC889,1,23.49,23.49,2026-07-26 20:50:01,amazon Dcvoltage,false
1209222,205-2286739-8622730,AMAZON,B08WWYBTYX,,ENC895,1,23.89,23.89,2026-07-26 20:58:15,amazon Dcvoltage,false
1209223,203-7127619-8240346,AMAZON,B0C7QYQ25P,,CRSF2003BM+WCRN3CBM3PK,1,38.69,42.99,2026-07-26 20:59:12,amazon Dcvoltage,false
1209230,206-3301676-4597969,AMAZON,B0F441RQ1Q,,CENU25200BM2PK,1,5.88,2.99,2026-07-26 21:01:27,amazon Dcvoltage,false
1209231,204-1077734-1845115,AMAZON,B0D4YG1QFJ,,LDMG95E2783PK,1,12.19,12.19,2026-07-26 21:06:23,amazon Dcvoltage,false
1209234,203-3565205-2556312,AMAZON,B0CCJ4Q33H,,SPSDP3BM5PK,1,12.09,10.07,2026-07-26 21:07:52,amazon Ledsone,false
1209239,205-1629564-5498760,AMAZON,B0CCL729S8,,ENC1313,2,53.78,22.41,2026-07-26 21:10:38,amazon Ledsone,false
1209251,204-1677739-7721940,AMAZON,B094D9PTHN,,CRFF500BM+PHRI1PCRSN3PK+LSDM220SN3PK,1,34.96,29.13,2026-07-26 21:17:54,amazon Ledsone,false
1209258,204-7614602-3440361,AMAZON,B08WC558NJ,,CRFF500BM+WCBCBC3PK,1,28.99,28.99,2026-07-26 21:20:30,amazon Dcvoltage,false
1209259,202-5137509-7269148,AMAZON,B0DH8Z6FM1,,CL3TBKAPK,1,20.99,20.99,2026-07-26 21:29:11,amazon Dcvoltage,false
1209266,026-8920956-4739542,AMAZON,B0FZW6829H,,ENC8966,1,28.89,28.89,2026-07-26 21:37:09,amazon Dcvoltage,false
1209267,026-5857595-7991519,AMAZON,B0G2WT585Z,,PCBSF2MCH3PK,1,13.79,11.49,2026-07-26 21:36:51,amazon Ledsone,false
1209276,203-1280510-9899511,AMAZON,B0C43MJXYS,,WCDTGR+RPR44WH,1,10.29,8.57,2026-07-26 21:44:39,amazon Ledsone,false
1209277,203-5197841-2393932,AMAZON,B0CV5FGN5Z,,LDST185E2742PK,1,13.79,11.49,2026-07-26 21:47:00,amazon Ledsone,false
1209279,204-8945702-8938739,AMAZON,B0C5QQW97C,,WCVCWH+RPR44WH,1,9.98,9.98,2026-07-26 21:45:01,amazon Dcvoltage,false
1209280,203-5416282-5114721,AMAZON,B0GSRFYV81,,LHXBTF40E27WH,1,3.09,3.09,2026-07-26 21:47:34,amazon Dcvoltage,false
1209299,203-9351720-5214724,AMAZON,B0CHF49HKL,,PHUH1HETBM+LSHM400HE,1,32.19,26.82,2026-07-26 22:15:04,amazon Ledsone,false
1209300,026-2929877-9377102,AMAZON,B0BJ2XSYKT,,LDMG80E274APK,3,80.67,22.41,2026-07-26 22:16:17,amazon Ledsone,false
1209301,026-0767524-4733936,AMAZON,B0D44SB3ZY,,PHSF2GYTCH+ICST64E27,1,23.69,18.69,2026-07-26 22:31:29,amazon Dcvoltage,false
1209305,206-3860132-6153121,AMAZON,B0CBB96GXT,,ENC1596,1,34.64,38.49,2026-07-26 22:34:01,amazon Dcvoltage,false
1209306,202-2959735-6675523,AMAZON,B0CDPZHVHG,,PHTT1PBR3BM+LSWT300BM+ICST64E27603PK,1,28.79,23.99,2026-07-26 22:29:07,amazon Ledsone,false
1209314,203-1747760-7259525,AMAZON,B0CBPQVC6K,,WCB4WH2PK+RPR44WH2PK,1,15.19,15.19,2026-07-26 22:55:41,amazon Dcvoltage,false
1209319,206-6358383-9237909,AMAZON,B09JVQ6VXT,,LDSG95DIE2743PK,1,19.89,19.89,2026-07-26 23:00:24,amazon Dcvoltage,false
1209320,203-7334472-9333904,AMAZON,B08XBF2V14,,CRSF100BM+LHNSE27CO+SCRN70BM+LSWD360BM,1,28.89,28.89,2026-07-26 23:01:17,amazon Dcvoltage,false
1209330,205-3299890-5115538,AMAZON,B0F93QY3LR,,ENC8614,1,22.99,19.16,2026-07-27 00:14:59,amazon Ledsone,false
1209333,202-1340743-1426744,AMAZON,B0CVL4FJD2,,LSEL400BM+RPR44WH,1,18.29,15.24,2026-07-27 00:39:37,amazon Ledsone,false
1209334,204-9167439-9487545,AMAZON,B0FZW6829H,,ENC8966,1,28.89,28.89,2026-07-27 00:49:10,amazon Dcvoltage,false
1209338,205-7516481-7293152,AMAZON,B0CTTD21V2,,LSMS320NB+RPR44WH,1,14.99,14.99,2026-07-27 01:25:25,amazon Dcvoltage,false
1209340,205-7885652-4393946,AMAZON,B09LM5YGPY,,CRFF140YB,1,9.78,5.74,2026-07-27 01:33:14,amazon Ledsone,false
1209343,203-2126808-0272304,AMAZON,B0CTC93TVC,,CRSF100BM+LHNSE27YB+SCRN70BM+LSFT220GS,1,20.89,20.89,2026-07-27 01:56:31,amazon Dcvoltage,false
1209356,204-1192804-6861128,AMAZON,B0G49D2BKG,,WCCYSP180BM2PK+RPR44WH2PK,1,23.89,23.89,2026-07-27 03:25:20,amazon Dcvoltage,false
1209391,203-0279165-4613925,AMAZON,B0CHJK5G7N,,BC3W50,1,8.38,4.57,2026-07-27 05:14:52,amazon Ledsone,false
1209399,026-4952857-7157136,AMAZON,B0FX2SHBL5,,LSCYRO120BM2PK+RPR44WH2PK,2,43.78,21.89,2026-07-27 05:59:18,amazon Dcvoltage,false
1209400,026-9407011-5237901,AMAZON,B0BVMTXZ2W,,CRSF2003BC+PHRI1PBRYB3PK+LSHH240BC3PK,1,80.89,80.89,2026-07-27 06:03:55,amazon Dcvoltage,false
1209403,026-1805133-6897933,AMAZON,B0FFS8BF7Q,,STIX245GR,1,5.38,2.07,2026-07-27 06:14:03,amazon Ledsone,false
1209408,026-7530756-6466737,AMAZON,B0BNVNVP9D,,LHC2E27WH5PK,1,15.89,15.89,2026-07-27 06:31:48,amazon Dcvoltage,false
1209415,202-2146338-1060323,AMAZON,B0H2SC8XF1,,PCBISR2PK,4,24.76,5.16,2026-07-27 06:54:16,amazon Ledsone,false
1209419,203-8346023-4869913,AMAZON,B0DTHKSHFY,,WCB7BS3PK+RPR44WH3PK,1,22.29,22.29,2026-07-27 07:01:32,amazon Dcvoltage,false
1209424,203-9613292-7944344,AMAZON,B0GW7T9WPD,,CRSF1202WH,1,9.58,5.57,2026-07-27 07:23:19,amazon Ledsone,false
1209440,204-0907777-1701101,AMAZON,B0F43KNKMN,,CENU25200BM,1,4.47,1.49,2026-07-27 08:17:26,amazon Dcvoltage,false
1209441,026-3759405-5187564,AMAZON,B0D7MDP9XP,,LDMG95B224APK,1,22.99,22.99,2026-07-27 08:29:34,amazon Dcvoltage,false
1209442,206-2750459-2789101,AMAZON,B0G49CBSQ3,,WCCYSP180BM2PK+RPR44WH2PK,1,23.49,19.57,2026-07-27 08:25:56,amazon Ledsone,false
1209463,205-4256729-4133900,AMAZON,B09L11514G,,12UK3P5A,1,15.78,10.74,2026-07-27 08:51:12,amazon Ledsone,false
1209464,202-7076244-1637933,AMAZON,B0822XG3V5,,CL3TCR,1,8.44,5.09,2026-07-27 08:58:20,amazon Dcvoltage,false
1209473,205-8985727-6479557,AMAZON,B0BY38JCSC,,CRSF100BM+PHUP1PBRBM+CNT900BM+LSCY290BM,2,40.72,18.24,2026-07-27 09:10:28,amazon Ledsone,false
1209474,203-8733029-4403526,AMAZON,B0F9466PK8,,CL3TGL3PK,1,7.99,6.66,2026-07-27 09:12:14,amazon Ledsone,false
1209478,026-3379600-8529111,AMAZON,B0DQ1NWGPR,,PC16FT200BA2PK,1,12.78,8.24,2026-07-27 09:20:23,amazon Ledsone,false
1209479,026-5566008-1968306,AMAZON,B0C3J1J733,,PHSF1PWR20WH2PK+LSWE315BM2PK,3,107.07,29.74,2026-07-27 09:23:54,amazon Ledsone,false
1209481,202-9238786-0543563,AMAZON,B0DTYYYWYG,,LSSS300BG+RPR44WH,1,14.99,12.49,2026-07-27 09:25:49,amazon Ledsone,false
1209485,204-9995385-9865904,AMAZON,B0FQVK88R8,,ENC1997,4,88.87,23.89,2026-07-27 09:38:40,amazon Dcvoltage,false
1209490,203-0834916-3795521,AMAZON,B08XNQ1FT7,,LSSS300YB+RPR44WH,1,13.49,13.49,2026-07-27 09:39:42,amazon Dcvoltage,false
1209491,204-1957680-8109921,AMAZON,B0D2TF3H6H,,LSCY290CO2PK+RPR44WH2PK,1,32.89,32.89,2026-07-27 09:48:16,amazon Dcvoltage,false
1209494,204-0917984-5706712,AMAZON,B0DF2TN499,,PHSF2BMRYB2PK+SPSDP2BM2PK,2,51.78,21.58,2026-07-27 09:51:16,amazon Ledsone,false
1209495,202-1608481-3477906,AMAZON,B0B9K2RCT6,,CL2TOR5PK,2,24.98,10.41,2026-07-27 09:56:48,amazon Ledsone,false
1209499,026-0348016-4245956,AMAZON,B0CVL8HRBS,,RWWPSY0660YE2PK,1,8.78,4.91,2026-07-27 09:58:16,amazon Ledsone,false
1209500,205-5633940-0394753,AMAZON,B0GP7M293K,,LHPVHRE27WH3PK,1,11.18,6.91,2026-07-27 10:00:45,amazon Ledsone,false
1209503,206-7948270-5825948,AMAZON,B0D8HZLL1S,,ENC3538,1,32.12,35.69,2026-07-27 09:56:45,amazon Dcvoltage,false
1209504,205-7690837-7661957,AMAZON,B0CB8BV8GD,,LSFT220GY+RPR44WH,1,10.79,10.79,2026-07-27 09:56:51,amazon Dcvoltage,false
1209508,206-4652703-5702720,AMAZON,B0GP16QFYT,,LHXWPE27PPWH5PK,1,14.89,12.41,2026-07-27 10:05:20,amazon Ledsone,false
1209514,206-1728402-3256327,AMAZON,B092W8W67K,,PHSF1PBR20WH+LSWE315BM,1,18.57,18.57,2026-07-27 10:15:16,amazon Ledsone,false
1209515,206-1728402-3256327,AMAZON,B0C3J1J733,,PHSF1PWR20WH2PK+LSWE315BM2PK,1,29.75,29.75,2026-07-27 10:15:16,amazon Ledsone,false
1209516,206-9258644-5126749,AMAZON,B0CZXL6ZYG,,TPOSBDBM,1,23.99,19.99,2026-07-27 10:15:51,amazon Ledsone,false
1209517,026-9110304-2508331,AMAZON,B0DCS6TVSZ,,WCWDCH2PK+RPR44WH2PK,1,16.89,14.07,2026-07-27 10:18:47,amazon Ledsone,false
1209518,203-1409226-6457950,AMAZON,B0CZXL6ZYG,,TPOSBDBM,1,23.99,19.99,2026-07-27 10:19:02,amazon Ledsone,false
1209519,202-7854979-2690730,AMAZON,B0FN7JRXT5,,CRSF100SN+LHNSE27SN+ICST64E27,1,15.99,15.99,2026-07-27 10:18:32,amazon SRM Amazon,false
1209527,202-9203253-0134742,AMAZON,B0CGRPTT6W,,CRSF100BM+PHRYWP2RBM,5,53.43,9.57,2026-07-27 10:25:00,amazon Ledsone,false
1209528,204-2522874-6834724,AMAZON,B0CV5DK5NC,,LDSG125LOE2742PK,1,17.89,14.91,2026-07-27 10:25:55,amazon Ledsone,false
1209529,204-2014157-7906713,AMAZON,B084RFZNH8,,WCB7BM+RPR44WH,1,10.89,9.07,2026-07-27 10:26:01,amazon Ledsone,false
1209530,206-4846006-8569125,AMAZON,B0G1TGXFF7,,CKKLBY,1,10.63,9.32,2026-07-27 10:26:51,amazon Ledsone,false
1209538,203-4982243-1121963,AMAZON,B0F1CZT27Y,,RWWPSY0860YE,1,6.16,2.89,2026-07-27 10:33:29,amazon Dcvoltage,false
1209554,026-4157586-9849957,AMAZON,B0CZXL6ZYG,,TPOSBDBM,1,23.99,19.99,2026-07-27 10:50:30,amazon Ledsone,false
1209570,202-1003498-1037927,AMAZON,B0D7944QDY,,WCB6BM2PK+RPR44WH2PK,1,15.49,12.91,2026-07-27 11:09:52,amazon Ledsone,false
1209571,203-6131873-1734733,AMAZON,B0CHF49HKL,,PHUH1HETBM+LSHM400HE,1,32.19,26.82,2026-07-27 11:27:42,amazon Ledsone,false
1209575,202-4025717-9792337,AMAZON,B0D56XVPSY,,WCB6BS2PK+RPR44WH2PK,1,15.59,15.59,2026-07-27 11:22:58,amazon Dcvoltage,false
1209576,026-6047175-0814733,AMAZON,B0D83PFMTP,,WCDCBM3PK+RPR44WH3PK,1,23.49,23.49,2026-07-27 11:25:12,amazon Dcvoltage,false
1209578,203-6141941-2957942,AMAZON,B0DHGM5NP4,,LSCY290WH2PK+RPR44WH2PK,1,26.89,22.41,2026-07-27 11:21:20,amazon Ledsone,false
1209586,026-8195380-9160307,AMAZON,B0CNLXSSN4,,WCB2WH+RPR44WH,1,10.09,10.09,2026-07-27 11:26:17,amazon Dcvoltage,false
1209587,205-7099864-6674720,AMAZON,B0F28X88QJ,,CERU36200GR,1,4.96,1.99,2026-07-27 11:34:49,amazon Dcvoltage,false
1209592,205-5220359-3726761,AMAZON,B0H393YSKV,,LSGL9015GY3PK+RPM40WH3PK,1,28.89,28.89,2026-07-27 11:43:55,amazon Dcvoltage,false
1209593,202-1088177-8419529,AMAZON,B0CZXL6ZYG,,TPOSBDBM,1,23.99,19.99,2026-07-27 11:49:45,amazon Ledsone,false
1209594,206-6633177-2613904,AMAZON,B09L8K1Q8T,,CRSF100BM+PHCH1BMRBM+LSDO400YE,1,21.19,17.66,2026-07-27 11:42:36,amazon Ledsone,false
1209610,202-4066829-2014722,AMAZON,B0CGZQV9Y7,,LSMCSPFLMC+RPM40WH,1,25.89,21.57,2026-07-27 11:50:52,amazon Ledsone,false
1209616,206-4019646-1559503,AMAZON,B08XNPXBF3,,LSSS300SN+RPR44WH,1,13.49,13.49,2026-07-27 12:00:58,amazon Dcvoltage,false
1209617,203-0960050-1237927,AMAZON,B0GLXRPL51,,LHXWPE27PPWH,1,8.18,4.41,2026-07-27 12:04:23,amazon Ledsone,false
1209625,203-8515953-7469146,AMAZON,B0CZ9CH465,,LSMS320BT2PK+RPR44WH2PK,1,26.59,26.59,2026-07-27 12:17:19,amazon Dcvoltage,false
1209626,026-2031847-4569156,AMAZON,B0DX6WRK79,,CENU25200BM,1,4.38,1.24,2026-07-27 12:09:08,amazon Ledsone,false
1209627,203-7401392-4580328,AMAZON,B0C3QVPKYF,,ENC3549,1,77.83,69.74,2026-07-27 12:07:40,amazon Ledsone,false
1209640,026-0669514-4788365,AMAZON,B0B7KCXV72,,CRFF105GB,2,14.66,7.33,2026-07-27 12:35:41,amazon Ledsone,false
1209641,026-0669514-4788365,AMAZON,B0B4G7M44G,,CNT900GB,2,7.82,3.91,2026-07-27 12:35:41,amazon Ledsone,false
1209652,206-6211181-9449925,AMAZON,B0FZCRB2RS,,LSHM400HE+RPR44WH,1,26.72,29.69,2026-07-27 12:40:37,amazon Dcvoltage,false
1209668,203-2891178-7399523,AMAZON,B0B71KX4H3,,CRSF100WH,1,8.88,4.99,2026-07-27 13:07:20,amazon Ledsone,false
1209669,202-5427534-1989158,AMAZON,B07F9SH71F,,LDMG95E274,1,9.88,6.99,2026-07-27 13:04:07,amazon Dcvoltage,false
1209677,204-6091277-5416321,AMAZON,B0C9DPGRGD,,SPSDP2BM,1,7.87,4.98,2026-07-27 13:14:52,amazon Dcvoltage,false
1209678,202-6835073-6352359,AMAZON,B0FH6JJKV4,,SPSDP2BMY,1,8.78,4.91,2026-07-27 13:03:47,amazon Ledsone,false
1209679,203-0007399-5785133,AMAZON,B086228MDF,,LDMST64B2286PK,1,19.89,16.57,2026-07-27 13:13:25,amazon Ledsone,false
1209690,205-7073322-9183539,AMAZON,B0D295J88V,,LSCY290RO+RPR44WH,1,17.79,14.82,2026-07-27 13:29:18,amazon Ledsone,false
1209692,202-4332530-3989161,AMAZON,B0GVT5JPGR,,WCBTC100FG2PK+RPR44WH2PK,1,18.09,15.07,2026-07-27 13:36:27,amazon Ledsone,false
1209694,026-2157138-4231558,AMAZON,B0DJH2D5ZY,,PLPYRR2PK,2,63.56,31.78,2026-07-27 13:31:39,amazon Dcvoltage,false
1209700,202-8926665-4429109,AMAZON,B0D6VK29H9,,ENC7388,1,40.49,40.49,2026-07-27 13:45:58,amazon Dcvoltage,false
1209703,204-2930979-8665959,AMAZON,B0DP24XN58,,12UK3P8A,1,15.49,15.49,2026-07-27 14:06:15,amazon Dcvoltage,false
1209705,203-6610378-3633156,AMAZON,B0DX6WMCT6,,CENU19150BM,1,3.89,0.83,2026-07-27 13:56:37,amazon Ledsone,false
1209706,205-1814568-4438737,AMAZON,B0D8L1HQXM,,RWWPSY0660YE,1,5.97,2.99,2026-07-27 14:16:17,amazon Dcvoltage,false
1209721,203-6010086-1837956,AMAZON,B0CN12CQ9D,,CRFF500BM+PHTT1PBRBM3PK+WCBCBB3PK,1,27.89,29.99,2026-07-27 14:40:41,amazon Dcvoltage,false
1209722,204-8672853-9633902,AMAZON,B0D4Y4SPFR,,CRFF140BM+WSWH135BM+LSDO210BC,2,31.04,16.69,2026-07-27 14:45:06,amazon Dcvoltage,false
1209723,202-1884581-6670742,AMAZON,B07CRTS1LD,,12IP67100,1,18.00,18.00,2026-07-27 14:42:44,amazon Dcvoltage,false
1209724,205-5101383-7065962,AMAZON,B0FS194RS7,,CRSF100FG+LHTPE27JFG,1,11.89,11.89,2026-07-27 14:45:31,amazon SRM Amazon,false
1209725,026-9361064-3324362,AMAZON,B0DC6VC5F6,,12IP67350OL3,2,87.98,36.66,2026-07-27 14:42:17,amazon Ledsone,false
1209730,206-0938610-5713124,AMAZON,B0DH9BZVRP,,CL3TBR5PK,1,11.99,11.99,2026-07-27 14:52:05,amazon Dcvoltage,false
1209731,206-3707826-0040308,AMAZON,B0GW8313KY,,LHSWPBB22CH,1,12.78,8.24,2026-07-27 14:46:34,amazon Ledsone,false
1209736,203-0426320-6129126,AMAZON,B0BXXL8GN3,,SCRN70GB,1,7.98,5.09,2026-07-27 14:53:58,amazon Dcvoltage,false
1209738,204-6909949-8364358,AMAZON,B0CSJSYRJS,,WCCYSQGD2PK,1,35.89,29.91,2026-07-27 14:39:41,amazon Ledsone,false
1209739,202-8004657-3533147,AMAZON,B0F29DBR59,,CERU36300RE,1,5.58,2.24,2026-07-27 15:00:44,amazon Ledsone,false
1209740,205-9274129-3502765,AMAZON,B0CKLM52VJ,,LSDO210BS+RPR44WH,1,11.89,9.91,2026-07-27 15:02:58,amazon Ledsone,false
1209741,202-2958505-8023505,AMAZON,B0BBB5C64C,,CL3RWH5PK,1,12.99,10.82,2026-07-27 15:07:33,amazon Ledsone,false
1209745,026-5343010-8136344,AMAZON,B08X4J9CQ1,,CRSF100BM+LHNSE27CO+SCRN70CO+LSFT220OR,1,19.89,19.89,2026-07-27 15:15:51,amazon Dcvoltage,false
1209754,026-8491642-8741915,AMAZON,B0DCD25XPJ,,STPVC17ABL3PK,1,4.11,1.22,2026-07-27 15:22:24,amazon Dcvoltage,false
1209763,205-5108271-1263515,AMAZON,B08PC5W17F,,LHSHE27CH,1,10.88,7.99,2026-07-27 15:33:35,amazon SRM Amazon,false
1209769,206-1076697-8721900,AMAZON,B07CQLM9LY,,CL3RGY5PK,1,19.78,15.89,2026-07-27 15:44:57,amazon Dcvoltage,false
1209773,203-5423180-4125145,AMAZON,B0D2948DVC,,LSCY290BU+RPR44WH,1,15.89,13.24,2026-07-27 15:49:53,amazon Ledsone,false
1209783,205-9329874-9657133,AMAZON,B0FPQYM3KQ,,LDCWT75B22123PK,1,17.89,14.91,2026-07-27 16:02:08,amazon Ledsone,false
1209784,204-1135884-9903509,AMAZON,B0CCHYSJWC,,SPSDP2YB,3,19.11,4.74,2026-07-27 16:02:13,amazon Ledsone,false
1209785,203-6981713-7326737,AMAZON,B0DCD25XPJ,,STPVC17ABL3PK,1,4.11,1.22,2026-07-27 16:07:13,amazon Dcvoltage,false
1209788,206-2907668-4645122,AMAZON,B0GSG2GQ99,,LSGLULCL2PK+RPM40WH2PK,1,19.89,19.89,2026-07-27 16:09:42,amazon Dcvoltage,false
1209789,204-2762246-8293938,AMAZON,B07CWS93WM,,LDMG95B224,2,13.98,6.99,2026-07-27 16:12:09,amazon Dcvoltage,false
1209790,026-4755627-0725935,AMAZON,B0CP7MN8ZP,,LHC6E27WH,1,7.88,4.99,2026-07-27 16:04:02,amazon Dcvoltage,false
1209791,206-7389375-2607545,AMAZON,B0CNXM9PGM,,CL3RBK3PK,1,7.78,4.49,2026-07-27 16:12:30,amazon Dcvoltage,false
1209794,203-8177746-8247522,AMAZON,B0CZXL6ZYG,,TPOSBDBM,1,24.99,24.99,2026-07-27 16:15:18,amazon Ledsone,false
1209809,203-5680809-8976360,AMAZON,B07B26JKDT,,12IP67250,1,32.99,27.49,2026-07-27 16:55:50,amazon Ledsone,false
1209810,204-7729048-9116321,AMAZON,B0CNQ1Q3BJ,,LDMG125E278,6,45.70,8.19,2026-07-27 16:50:15,amazon Dcvoltage,false
1209811,203-9634382-4796339,AMAZON,B0DH98XLXH,,CL3TBM3PK,1,9.99,9.99,2026-07-27 16:55:46,amazon Dcvoltage,false
1209816,026-0129288-5765914,AMAZON,B0CDPZHVHG,,PHTT1PBR3BM+LSWT300BM+ICST64E27603PK,1,28.79,23.99,2026-07-27 17:02:48,amazon Ledsone,false
1209817,204-4048493-8509122,AMAZON,B08DHZG9VQ,,RPR44WH2PK,1,5.88,2.99,2026-07-27 16:53:58,amazon Dcvoltage,false
1209818,204-9574075-9482740,AMAZON,B0F7B1PXV6,,CTBOP26XL+CTBOP16XL+CTBOP6XL,1,14.89,14.89,2026-07-27 17:02:57,amazon Dcvoltage,false
1209825,026-8555480-5615550,AMAZON,B0FNWFF268,,LSWD360BG+RPR44WH,1,19.69,16.41,2026-07-27 17:25:15,amazon Ledsone,false
1209829,205-4709338-5256322,AMAZON,B0DH5MZ4V2,,CL2TOR3PK,1,11.28,7.99,2026-07-27 17:33:40,amazon Dcvoltage,false
1209830,026-0394727-6823551,AMAZON,B0CNPZ99QB,,LDMG80E274,1,6.49,6.49,2026-07-27 17:33:53,amazon Dcvoltage,false
1209831,026-9059495-5048364,AMAZON,B07CRQXVJR,,12IP6730,1,11.89,11.89,2026-07-27 17:38:07,amazon Dcvoltage,false
1209832,205-1686324-9124329,AMAZON,B0CV5FWP8Z,,CRSF100BM2PK,1,11.49,9.57,2026-07-27 17:18:07,amazon Ledsone,false
1209833,203-4059512-4003562,AMAZON,B095P8K2TV,,CRSF100YB+WSNW170YB+LSUL220BB,2,35.78,14.91,2026-07-27 17:20:41,amazon Ledsone,false
1209844,206-0029756-7757922,AMAZON,B08R3Q75KL,,LSDO210BG+RPR44WH,1,13.89,13.89,2026-07-27 17:55:05,amazon Dcvoltage,false
1209852,203-8404992-1621135,AMAZON,B0CV7K4PZC,,RWGS1342WH,1,6.75,3.59,2026-07-27 18:07:46,amazon Dcvoltage,false
1209853,203-1109342-4265913,AMAZON,B0DCW1CTJ2,,WCFS1SEBM2PK,1,33.59,27.99,2026-07-27 17:59:14,amazon Ledsone,false
1209855,204-6138546-5229131,AMAZON,B0DBVQ3L6Z,,ENC7537,1,28.79,23.99,2026-07-27 18:06:11,amazon Ledsone,false
1209856,203-3547805-6825117,AMAZON,B0D73JBJBD,,CNP1000CO5PK,1,22.89,19.07,2026-07-27 18:03:41,amazon Ledsone,false
1209859,026-6800709-0547521,AMAZON,B0CMCNPTVP,,CRFF500BM+WCCY1ROCH3PK+LDDTCE27123PK,1,67.89,56.57,2026-07-27 18:15:36,amazon Ledsone,false
1209860,203-6344617-1128348,AMAZON,B0FX3X2Z6F,,ENC8939,2,44.98,18.74,2026-07-27 18:18:18,amazon Ledsone,false
1209861,206-6181982-8053903,AMAZON,B0DH4KLR3P,,LDMG95E2782PK,1,12.89,12.89,2026-07-27 18:17:04,amazon SRM Amazon,false
1209867,203-7596219-8902709,AMAZON,B0CNLYM2P9,,WCB1WH,1,10.09,10.09,2026-07-27 18:22:14,amazon Dcvoltage,false
1209868,203-7596219-8902709,AMAZON,B0CS3LSTMS,,WCB7BS+RPR44WH,1,10.09,10.09,2026-07-27 18:22:14,amazon Dcvoltage,false
1209869,205-4086116-1373136,AMAZON,B0DFHHJHZ6,,HLCH96BM2PK,3,17.37,5.79,2026-07-27 18:23:00,amazon Dcvoltage,false
1209870,205-6984815-6558765,AMAZON,B0F1D3FS5C,,RWWPSY0660YE,1,5.88,2.99,2026-07-27 18:24:32,amazon Dcvoltage,false
1209872,206-1216898-2429913,AMAZON,B0BL7LZR24,,LDMT45E2746PK,1,20.79,17.32,2026-07-27 18:24:30,amazon Ledsone,false
1209880,204-3026095-9569949,AMAZON,B0DLBFH747,,PCBM20DS5PK,1,8.78,4.91,2026-07-27 18:32:02,amazon Ledsone,false
1209884,205-1175389-2765953,AMAZON,B0C4PNFVK4,,CRSF2003BM+PHMU1PBRGS3PK+LSDM220GS3PK,1,52.87,44.06,2026-07-27 18:37:33,amazon Ledsone,false
1209886,206-8606443-9231548,AMAZON,B0C9TMW8FQ,,ENC1910,1,22.89,22.89,2026-07-27 18:34:29,amazon Dcvoltage,false
1209887,206-9962050-5152319,AMAZON,B0GY3YW6T7,,LSGL9015CL3PK+RPM40WH3PK,2,45.78,22.89,2026-07-27 18:36:50,amazon Dcvoltage,false
1209889,206-3625244-5189154,AMAZON,B0FS18S9TT,,TSSTYF8025LB,2,72.34,38.89,2026-07-27 18:45:48,amazon Dcvoltage,false
1209911,202-9639764-1245923,AMAZON,B0CL7DWZ3H,,ENC5585,1,54.58,58.69,2026-07-27 19:17:39,amazon Dcvoltage,false
1209923,206-9448688-2624349,AMAZON,B0917RQ9PM,,PLHCBC+LSDO210BC3PK,1,47.09,39.24,2026-07-27 19:28:51,amazon Ledsone,false
1209926,205-9061763-3695543,AMAZON,B0FPX479Q1,,LSOL180BC+RPR44WH,1,10.69,8.91,2026-07-27 19:33:30,amazon Ledsone,false
1209928,205-0090363-5466736,AMAZON,B0CS3LSTMS,,WCB7BS+RPR44WH,1,10.09,10.09,2026-07-27 19:33:30,amazon Dcvoltage,false
1209929,204-9406430-0298753,AMAZON,B0GSRFYV81,,LHXBTF40E27WH,1,3.09,3.09,2026-07-27 19:38:20,amazon Dcvoltage,false
1209935,202-0204184-3953918,AMAZON,B0D9QD677H,,CL2RIV5PK,1,13.79,11.49,2026-07-27 19:43:45,amazon Ledsone,false
1209936,206-3473989-8751568,AMAZON,B0DQTF5T69,,LHTTAGU10WH+LDGU10WW5,2,20.26,9.08,2026-07-27 19:44:44,amazon Ledsone,false
1209945,202-3917511-8481939,AMAZON,B0CVL3X12C,,LSEL400WH+RPR44WH,1,18.49,15.41,2026-07-27 19:57:12,amazon Ledsone,false
1209946,026-4383412-4305129,AMAZON,B0CNRL871B,,LDMST64E274,1,6.89,6.89,2026-07-27 19:50:59,amazon Dcvoltage,false
1209947,026-5556671-7131535,AMAZON,B0F43KNKMN,,CENU25200BM,1,4.47,1.49,2026-07-27 19:52:56,amazon Dcvoltage,false
1209948,202-4650243-6005113,AMAZON,B08SHV91ZW,,CRFF100BM+PHUP1PBRBM+CNT900BM,1,11.99,11.99,2026-07-27 20:05:31,amazon Dcvoltage,false
1209954,204-2651598-9359545,AMAZON,B0FPQVSMFT,,LDCWT75B2212,1,8.79,7.32,2026-07-27 20:04:14,amazon Ledsone,false
1209955,204-1771987-1837908,AMAZON,B09LD4XTDF,,PHCH1FBRBM+LSCY290OR,1,19.89,16.57,2026-07-27 20:04:58,amazon Ledsone,false
1209956,203-7788340-4614751,AMAZON,B0CLGT58N2,,CRFF140CH2PK+WSFSCH2PK+ICST64E272PK,1,24.89,20.74,2026-07-27 20:08:35,amazon Ledsone,false
1209958,206-6372475-7661902,AMAZON,B0GTY7S581,,LSGL9015WH5PK+RPM40WH5PK,1,39.89,39.89,2026-07-27 20:09:06,amazon Dcvoltage,false
1209964,205-8998957-0568313,AMAZON,B0CNQ1Q3BJ,,LDMG125E278,1,8.19,8.19,2026-07-27 20:12:41,amazon Dcvoltage,false
1209965,206-3448455-2773167,AMAZON,B0CTCBKBYK,,CRSF100BM+LHNSE27YB+SCRN70YB+LSFT220BI,1,17.89,17.89,2026-07-27 20:14:25,amazon Dcvoltage,false
1209966,204-6694401-5370707,AMAZON,B09644RJ2Q,,CRFF500BM+PHCH1BMRBM3PK+LSCY210BG3PK,1,40.79,40.79,2026-07-27 20:15:21,amazon Dcvoltage,false
1209975,204-1075869-5459501,AMAZON,B0D2TMLF64,,LSCY290WH2PK+RPR44WH2PK,1,27.89,27.89,2026-07-27 20:32:42,amazon Dcvoltage,false
1209976,204-9343677-8478748,AMAZON,B0CZXL6ZYG,,TPOSBDBM,1,24.99,20.82,2026-07-27 20:35:43,amazon Ledsone,false
1209977,203-6551206-4810761,AMAZON,B0D2951382,,LSCY290CH3PK+RPR44WH3PK,1,41.89,34.91,2026-07-27 20:37:42,amazon Ledsone,false
1209985,205-4095028-7953903,AMAZON,B0DHVL2X3W,,LHSHE27FG,1,10.78,7.89,2026-07-27 20:40:37,amazon Dcvoltage,false
1209986,206-9429731-4600367,AMAZON,B0CRZ4M73L,,LSCY290BI+RPR44WH,1,15.99,15.99,2026-07-27 20:45:11,amazon Dcvoltage,false
1209991,204-4835049-9494756,AMAZON,B0CZXHLR1Q,,TPOSBDBM2PK,1,44.69,37.24,2026-07-27 20:52:30,amazon Ledsone,false
1209993,203-4884342-2416343,AMAZON,B093DK8NZW,,CL2TORAPK,3,58.21,16.17,2026-07-27 21:20:52,amazon Ledsone,false
1210000,205-8324889-1416304,AMAZON,B0D2N2MJRP,,CRFF500BM,1,9.99,9.99,2026-07-27 21:04:26,amazon Ledsone,false
1210001,205-8324889-1416304,AMAZON,B0DF7BD73R,,CRSF100BM+PHRYWP1RBM,1,9.58,9.58,2026-07-27 21:04:26,amazon Ledsone,false
1210003,205-2289659-9483562,AMAZON,B0C9TWTCZ8,,LSCY210BG+RPR44WH,1,12.49,12.49,2026-07-27 21:00:52,amazon Dcvoltage,false
1210009,203-6929413-8695518,AMAZON,B0CBCN1B9S,,CRFF500BM+PHCH1BMRBM3PK+LSCY210BG3PK+ICST64E273PK,1,37.89,31.57,2026-07-27 21:10:12,amazon Ledsone,false
1210011,202-3081213-6734711,AMAZON,B0CQNKTW88,,PLTFRR,1,21.89,21.89,2026-07-27 21:15:10,amazon Dcvoltage,false
1210017,205-4287645-7741167,AMAZON,B0GVT5JPGR,,WCBTC100FG2PK+RPR44WH2PK,1,18.09,15.07,2026-07-27 21:21:58,amazon Ledsone,false
1210018,206-6090725-4964310,AMAZON,B0CZXL6ZYG,,TPOSBDBM,1,24.99,20.82,2026-07-27 21:23:29,amazon Ledsone,false
1210020,205-3825460-8760317,AMAZON,B0GVT5JPGR,,WCBTC100FG2PK+RPR44WH2PK,1,18.09,15.07,2026-07-27 21:25:33,amazon Ledsone,false
1210021,206-9632892-9317930,AMAZON,B0D5LT7ZPW,,LSFT220CO2PK+RPR44WH2PK,1,19.89,19.89,2026-07-27 21:24:08,amazon Dcvoltage,false
1210028,205-1538612-4686713,AMAZON,B0D9Q668K7,,LSGL15014CL2PK+RPM40WH2PK,2,37.78,18.89,2026-07-27 21:36:25,amazon Dcvoltage,false
1210034,206-9915576-9607542,AMAZON,B0DX73BKQZ,,PCBM20MX2PK,1,10.19,8.49,2026-07-27 21:44:34,amazon Ledsone,false
1210042,026-7418053-3571519,AMAZON,B0CNPZHQPW,,LDMG80B224,1,6.99,6.99,2026-07-27 22:08:21,amazon Dcvoltage,false
1210054,205-8278272-3413149,AMAZON,B08XBQ6VPT,,PSDS4BMRBR,1,14.17,14.17,2026-07-27 22:09:15,amazon Dcvoltage,false
1210055,206-8293002-6164328,AMAZON,B0CTTFVY5V,,LSMS320OR+RPR44WH,1,14.99,14.99,2026-07-27 22:11:39,amazon Dcvoltage,false
1210056,026-9416555-6242718,AMAZON,B08WRK75D1,,PHCT1BMRBM+PHBA1BMRBM+LSDO300CO,1,31.09,31.09,2026-07-27 22:15:22,amazon Dcvoltage,false
1210059,202-1809870-7601126,AMAZON,B0DB2BBS59,,CRFF75CO2PK+HK10CO2PK,2,21.37,9.58,2026-07-27 22:32:28,amazon Ledsone,false
1210061,204-1613798-8811541,AMAZON,B0DTQ2WNZJ,,LDMST64E2742PK,1,14.89,12.41,2026-07-27 22:32:34,amazon Ledsone,false
1210068,206-8676940-8790754,AMAZON,B0FR8C1X83,,PHUH1HETBM2PK+LSHM400HE2PK,1,63.89,63.89,2026-07-27 22:54:41,amazon Dcvoltage,false
1210069,203-9662077-1194739,AMAZON,B0DRP87NC8,,LHSHE27GB2PK,2,21.78,10.89,2026-07-27 23:03:45,amazon SRM Amazon,false
1210070,206-0079479-4229109,AMAZON,B0D8L3Z3P7,,RWWPSY0640YE,1,9.87,6.89,2026-07-27 23:00:23,amazon Dcvoltage,false
1210073,204-5511416-1368362,AMAZON,B0GW7VBY3J,,LHSWPBB22GD,1,12.78,8.24,2026-07-27 23:13:44,amazon Ledsone,false
1210075,202-6060456-0425916,AMAZON,B07ZQ38MKQ,,HRE2738BM2PK,1,6.78,3.24,2026-07-27 23:25:51,amazon Ledsone,false
1210076,205-7474755-3217111,AMAZON,B0GW7T9WPD,,CRSF1202WH,1,9.58,5.57,2026-07-27 23:25:11,amazon Ledsone,false
1210080,026-4920506-0521168,AMAZON,B0C8NJDTJS,,WCDCBM+RPR44WH,1,10.04,8.37,2026-07-27 23:38:20,amazon Ledsone,false
1210082,026-9523024-5006738,AMAZON,B0C8TZ2GMQ,,PLADBS+LSDO210BS3PK,1,50.89,50.89,2026-07-27 23:40:18,amazon Dcvoltage,false
1210084,204-9885229-3794740,AMAZON,B0DKNHJS78,,LHCCE27GR,1,8.98,6.09,2026-07-27 23:51:10,amazon Dcvoltage,false
1210085,204-7735381-8961137,AMAZON,B0DFBTNZBC,,WCDTWH3PK+RPR44WH3PK,1,23.09,23.09,2026-07-28 00:00:19,amazon Dcvoltage,false
1210086,204-4445739-9056300,AMAZON,B0BW4CNV8W,,LSDM220GS+RPR44WH,1,12.88,12.88,2026-07-28 00:11:37,amazon Dcvoltage,false
1210087,204-2335079-9291549,AMAZON,B08XB7WKHQ,,PSDS4BMRRO,1,14.17,14.17,2026-07-28 00:14:31,amazon Dcvoltage,false
1210089,204-8213469-3183567,AMAZON,B09LD4XTDF,,PHCH1FBRBM+LSCY290OR,1,23.78,16.57,2026-07-28 00:22:07,amazon Ledsone,false
1210095,203-5035874-0485146,AMAZON,B0CZXL6ZYG,,TPOSBDBM,1,24.99,20.82,2026-07-28 01:07:16,amazon Ledsone,false
1210096,202-8463092-7482761,AMAZON,B0C948Q2C2,,PLTYBC+WCBNBC+LDMT130E274,1,18.89,18.89,2026-07-28 01:08:03,amazon Dcvoltage,false
1210104,205-1980691-2525933,AMAZON,B0DH97YNLH,,CL3TBK5PK,1,11.99,11.99,2026-07-28 04:23:37,amazon Dcvoltage,false
1210137,202-1223288-1034703,AMAZON,B0DFM8C9N6,,LSCY290RE2PK+RPR44WH2PK,1,26.89,22.41,2026-07-28 06:12:23,amazon Ledsone,false
1210140,203-6084537-5729964,AMAZON,B0G6CZ2SMK,,IMBLCPK,2,12.65,4.88,2026-07-28 06:50:15,amazon Dcvoltage,false
1210141,205-1855896-4542704,AMAZON,B0BRQ9S3GB,,LDWWE2725APK,1,79.90,66.58,2026-07-26 21:17:20,amazon Ledsone,false
1210142,205-9236057-3525134,AMAZON,B0D7S58MB1,,LSMS320BI2PK+RPR44WH2PK,1,25.89,21.57,2026-07-28 06:44:16,amazon Ledsone,false
1210149,206-2877338-3149103,AMAZON,B09GVPQB5S,,CRSF100BM+WSHR135BM+LSDM220YB+ICST64E27,1,21.89,21.89,2026-07-28 06:53:43,amazon Dcvoltage,false
1210154,202-6837879-9569156,AMAZON,B0DCNSX683,,PLADBC2PK,1,96.89,80.74,2026-07-28 07:12:08,amazon Ledsone,false
1210155,205-8774578-0444352,AMAZON,B0F844J935,,CRSF100BM+PHRYWP1RBM,1,12.29,10.24,2026-07-28 07:25:54,amazon Ledsone,false
1210160,206-6515718-0627540,AMAZON,B0BLZHCRGZ,,LDMG95E2746PK,1,18.59,15.49,2026-07-28 07:30:08,amazon Ledsone,false
1210163,202-0010203-2585963,AMAZON,B0DYT8NSY9,,RWWPSY0660YE,1,5.78,2.41,2026-07-28 07:48:45,amazon Ledsone,false
1210167,204-9431495-0264305,AMAZON,B0BNW49WGT,,CRSF100BC+LHNSE27YB+SCRN70BC+LSWD360BC,1,26.89,26.89,2026-07-28 07:50:25,amazon Dcvoltage,false
1210168,206-0089226-2870765,AMAZON,B0CQNKTW88,,PLTFRR,1,21.89,21.89,2026-07-28 07:57:41,amazon Dcvoltage,false
1210175,206-9500505-5749907,AMAZON,B07YV66L3P,,CRSF100BM2PK+PHCH1BMRBM2PK+LSCY290BM2PK,1,32.89,32.89,2026-07-28 08:12:15,amazon Dcvoltage,false
1210179,206-3342646-5533124,AMAZON,B0DTHJYV3K,,WCB6BC3PK+RPR44WH3PK,1,22.09,22.09,2026-07-28 08:26:25,amazon Dcvoltage,false
1210187,205-1347732-4343527,AMAZON,B0BWJVXGT6,,LSCY210BC+RPR44WH,2,21.78,10.89,2026-07-28 08:46:49,amazon Dcvoltage,false
1210188,203-9474519-5065965,AMAZON,B09FGQD4VK,,CRFF500BM+PHBL1PBRBM3PK+LSDO210BM3PK,1,39.99,33.32,2026-07-28 08:44:08,amazon Ledsone,false
1210194,203-6250726-4952318,AMAZON,B0GQY4Q89W,,WSIWCRRE,1,35.89,29.91,2026-07-28 08:59:19,amazon Ledsone,false
1210197,203-6373555-3734764,AMAZON,B0CL7TB7LX,,ENC6497,1,52.91,56.89,2026-07-28 09:03:00,amazon Dcvoltage,false
1210198,204-4623966-4504300,AMAZON,B07S9S34B2,,CRSF2003YB,1,11.89,11.89,2026-07-28 09:03:13,amazon Dcvoltage,false
1210199,206-6209900-4973163,AMAZON,B0CR5WV6VG,,CKB876875WH,1,31.58,26.32,2026-07-28 09:03:30,amazon Ledsone,false
1210200,205-9968874-5784316,AMAZON,B0F5BJQZ4X,,PLTERR+WCWYBM+ICST64E27,1,23.89,19.91,2026-07-28 09:09:03,amazon Ledsone,false
1210205,202-8908631-9996309,AMAZON,B08XVT2VKW,,WCB6WH+RPR44WH,1,10.49,10.49,2026-07-28 09:17:51,amazon Dcvoltage,false
1210206,204-5462907-8418718,AMAZON,B09N1PLYST,,ENC2238,1,29.89,24.91,2026-07-28 09:11:47,amazon Ledsone,false
1210215,203-8703515-9620357,AMAZON,B07Q8KHSCQ,,24IP67120,1,21.89,21.89,2026-07-28 09:24:57,amazon Dcvoltage,false
1210216,026-1294675-4912321,AMAZON,B07CWS93WM,,LDMG95B224,1,6.99,6.99,2026-07-28 09:30:13,amazon Dcvoltage,false
1210227,204-5126133-5573151,AMAZON,B0DBWMF1J9,,CL2RIVAPK,1,18.49,18.49,2026-07-28 09:41:01,amazon Dcvoltage,false
1210228,205-8817950-8214734,AMAZON,B0GW7VBY3J,,LHSWPBB22GD,1,12.78,8.24,2026-07-28 09:43:09,amazon Ledsone,false
1210232,203-2032645-4929912,AMAZON,B0DH98XLXH,,CL3TBM3PK,1,9.99,9.99,2026-07-28 09:51:20,amazon Dcvoltage,false
1210233,205-8995387-9648332,AMAZON,B0DH9BZVRP,,CL3TBR5PK,1,11.99,11.99,2026-07-28 09:56:04,amazon Dcvoltage,false
1210234,206-5645227-6813112,AMAZON,B0DG29SP2H,,LDMA60E274WW2PK,1,7.99,6.66,2026-07-28 09:58:18,amazon Ledsone,false
1210239,205-9859085-8030710,AMAZON,B0C9TWTCZ8,,LSCY210BG+RPR44WH,1,12.49,12.49,2026-07-28 10:01:20,amazon Dcvoltage,false
1210240,205-2686028-4662758,AMAZON,B0DH69K124,,CL2TBM3PK,1,9.99,9.99,2026-07-28 10:08:22,amazon Dcvoltage,false
1210247,204-8502110-5915503,AMAZON,B0FL745DTM,,PHSF2BRTCO2PK+ICST64E272PK,1,28.89,28.89,2026-07-28 10:12:59,amazon Dcvoltage,false
1210248,204-8502110-5915503,AMAZON,B0FR52RPBD,,PHSF2BRTCO3PK+ICST64E273PK,1,41.89,41.89,2026-07-28 10:12:59,amazon Dcvoltage,false
1210253,204-1260401-1827548,AMAZON,B0D7BZ726S,,LDSG125E274,1,12.99,10.82,2026-07-28 10:22:31,amazon Ledsone,false
1210258,205-4834845-4521962,AMAZON,B0DCJZ9H8Y,,SPSDP3YB2PK,1,8.98,5.07,2026-07-28 10:27:59,amazon Ledsone,false
1210263,202-2659158-5193964,AMAZON,B0CNRNJY9F,,ENC10226,1,32.89,27.41,2026-07-28 10:47:23,amazon Ledsone,false
1210264,205-9879011-3218702,AMAZON,B0CYZWJ7WJ,,LSCY290CH2PK+RPR44WH2PK,1,29.89,29.89,2026-07-28 10:49:46,amazon Dcvoltage,false
1210267,203-0624483-5760344,AMAZON,B07DK38C57,,LDMT45E274,1,6.99,6.99,2026-07-28 10:52:45,amazon Dcvoltage,false
1210268,204-2316089-9463548,AMAZON,B0G1TG1W65,,CKKLYB,1,10.79,8.99,2026-07-28 10:51:03,amazon Ledsone,false
1210270,203-2270362-2517915,AMAZON,B081FCN22D,,CNP1000CO,1,7.69,7.69,2026-07-28 11:03:01,amazon Dcvoltage,false
1210271,202-3982831-5551546,AMAZON,B0DSBP4962,,PLTTBC+LSFT220BC,1,24.79,24.79,2026-07-28 11:02:30,amazon Dcvoltage,false
1210274,204-9192331-2333126,AMAZON,B0DKX6GLKJ,,CRSF100BM,1,9.78,6.89,2026-07-28 11:14:33,amazon Dcvoltage,false
1210282,202-8131124-3849139,AMAZON,B0CP3F8DJ8,,LSDO210BC+RPR44WH,3,35.67,11.89,2026-07-28 11:26:51,amazon Dcvoltage,false
1210283,026-7884834-8633124,AMAZON,B08WWH8HWK,,ENC903,1,21.89,21.89,2026-07-28 11:27:25,amazon Dcvoltage,false
1210284,206-9822035-9411546,AMAZON,B0CBN57FK5,,WCB1RR+RPR44WH,6,60.54,8.41,2026-07-28 11:27:05,amazon Ledsone,false
1210294,206-8285194-2609150,AMAZON,B0CBPRYPMC,,WCB7BC2PK+RPR44WH2PK,1,16.89,16.89,2026-07-28 11:31:48,amazon Dcvoltage,false
1210298,202-7715189-1691525,AMAZON,B0F29P1SH6,,CERU36150GR,1,4.58,1.41,2026-07-28 11:47:23,amazon Ledsone,false
1210299,204-0959766-1342712,AMAZON,B0CR319CXS,,MBEX3245BMFPK,1,17.00,14.17,2026-07-28 11:47:41,amazon Ledsone,false
1210300,026-2897992-1416332,AMAZON,B0G4MH1WL6,,ENC9245,1,33.39,21.40,2026-07-28 11:48:15,amazon Ledsone,false
1210301,026-6093389-6777950,AMAZON,B0BPHBW9GF,,CGMLWH6PK,1,4.99,4.99,2026-07-28 11:43:50,amazon Dcvoltage,false
1210302,202-1867533-9122709,AMAZON,B096BDN78Q,,PHWPPBRYE,5,213.39,45.89,2026-07-28 11:49:01,amazon Dcvoltage,false
1210318,026-3861234-3535545,AMAZON,B0GNZB4BPN,,LHXSHE27WH3PK,1,21.69,18.07,2026-07-28 12:17:12,amazon Ledsone,false
1210327,026-0317374-2965950,AMAZON,B0GLYG8JC1,,PLHNBC+ICST64E27,1,17.09,17.09,2026-07-28 12:21:15,amazon Dcvoltage,false
1210328,206-1716324-6304359,AMAZON,B0CWPCF144,,WCB7WH2PK+RPR44WH2PK,1,15.89,15.89,2026-07-28 12:26:26,amazon Dcvoltage,false
1210330,203-1087665-9801162,AMAZON,B083NJ1XNR,,CRSF100BM+WCGSBM,1,15.99,13.32,2026-07-28 12:43:21,amazon Ledsone,false
1210332,026-3033737-2510742,AMAZON,B0CVL3JZJD,,RWWPSY0860YE2PK,1,8.08,4.32,2026-07-28 12:25:47,amazon Ledsone,false
1210336,026-4813778-0037937,AMAZON,B0CNZ2HJ65,,ENC4316,1,44.54,47.89,2026-07-28 12:36:04,amazon Dcvoltage,false
1210347,204-8781454-6833949,AMAZON,B0D5B63S7G,,WCDTBM2PK+RPR44WH2PK,1,18.49,18.49,2026-07-28 12:45:15,amazon Dcvoltage,false
1210348,204-2615193-5928340,AMAZON,B08X9WV762,,PSDS4BMRBU,1,14.17,14.17,2026-07-28 12:46:28,amazon Dcvoltage,false
1210360,205-3873052-7556332,AMAZON,B0BX42221D,,LSSS300NB+RPR44WH,1,14.99,12.49,2026-07-28 12:57:24,amazon Ledsone,false
1210361,202-1938504-4287510,AMAZON,B08XB16LF5,,PSDS4BMRRE,1,14.17,14.17,2026-07-28 12:50:53,amazon Dcvoltage,false
1210363,202-5727844-6436315,AMAZON,B0GLNBSJMP,,PL4HRR,4,154.76,32.24,2026-07-28 13:15:04,amazon Ledsone,false
1210371,204-2454372-1365110,AMAZON,B0DNK2WMKV,,ENC10079,1,29.89,24.91,2026-07-28 13:23:21,amazon Ledsone,false
1210378,202-5156050-4945151,AMAZON,B087NP4CCH,,CRSF100YE,1,8.88,4.99,2026-07-28 13:35:12,amazon Ledsone,false
1210387,203-1864969-4551534,AMAZON,B0C7H1D9JN,,LSFT220GB+RPR44WH,1,10.79,10.79,2026-07-28 13:41:57,amazon Dcvoltage,false
1210388,206-2970571-3442701,AMAZON,B0DH5Z7232,,CL2THE5PK,1,11.99,11.99,2026-07-28 13:43:17,amazon Dcvoltage,false
1210389,203-4255835-9941126,AMAZON,B0DFC68Q9Q,,WCDTRO2PK+RPR44WH2PK,1,17.89,17.89,2026-07-28 13:47:48,amazon Dcvoltage,false
1210391,204-3540650-3766724,AMAZON,B0GTV8G1ZG,,LDMT185B2242PK,1,10.99,9.16,2026-07-28 13:44:56,amazon Ledsone,false
1210395,202-9987479-0316318,AMAZON,B0CBMG2VZN,,WCNCBM2PK+RPR44WH2PK,1,13.49,13.49,2026-07-28 13:51:54,amazon Dcvoltage,false
1210396,202-3143673-1459508,AMAZON,B0CJ4RX6S2,,LSMCSPMSMC+RPM40WH,2,51.98,25.99,2026-07-28 13:57:24,amazon Dcvoltage,false
1210404,026-6124301-6163560,AMAZON,B0GVT5JPGR,,WCBTC100FG2PK+RPR44WH2PK,1,18.09,15.07,2026-07-28 14:10:53,amazon Ledsone,false
1210413,206-5208948-2394719,AMAZON,B0G57TF1GT,,CRFF500BM+PHNW1RBM3PK,1,23.89,19.91,2026-07-28 14:12:45,amazon Ledsone,false
1210414,202-3413663-2176357,AMAZON,B0DF7BD73R,,CRSF100BM+PHRYWP1RBM,1,11.49,9.57,2026-07-28 14:14:52,amazon Ledsone,false
1210420,026-8066889-1783546,AMAZON,B0D2N4PFZJ,,CRFF500FG,1,11.89,9.91,2026-07-28 14:24:36,amazon Ledsone,false
1210424,202-2860804-7842724,AMAZON,B0DQD9LY98,,PHSF1AGTGB3PK,1,30.29,25.24,2026-07-28 14:35:49,amazon Ledsone,false
1210428,026-2240205-8728322,AMAZON,B0C949PNNV,,PLTYRR+WCBNRR+LDMT130E274,2,49.78,24.89,2026-07-28 14:38:21,amazon Dcvoltage,false
1210429,202-6137868-3463530,AMAZON,B0GW85WBNB,,CRSF1206WH,1,12.68,8.16,2026-07-28 14:35:19,amazon Ledsone,false
1210441,206-2261900-4737952,AMAZON,B08TQSGTRN,,CRSF100BC+LHNSE27YB+SCRN70BC+LSWD360BC,1,26.89,26.89,2026-07-28 14:42:08,amazon Dcvoltage,false
1210442,205-1468111-0625926,AMAZON,B07ZFWGQ85,,CRFF100RO+LHNSE27RO,1,13.89,13.89,2026-07-28 14:47:05,amazon Dcvoltage,false
1210460,203-9560931-9030714,AMAZON,B08NDH26RG,,WCDTRE+RPR44WH,1,10.29,10.29,2026-07-28 15:17:39,amazon Dcvoltage,false
1210461,204-2541586-9445138,AMAZON,B0G1TG1W65,,CKKLYB,1,10.79,8.99,2026-07-28 15:13:06,amazon Ledsone,false
1210464,205-2336919-0607544,AMAZON,B08X9WV762,,PSDS4BMRBU,1,14.17,14.17,2026-07-28 15:21:12,amazon Dcvoltage,false
1210465,203-0298923-4231547,AMAZON,B08NDBQLMZ,,WCDTBM+RPR44WH,1,10.29,10.29,2026-07-28 15:22:02,amazon Dcvoltage,false
1210478,203-1356132-0291562,AMAZON,B0DX6WHN2Q,,CENU50300WH,1,6.38,2.57,2026-07-28 15:41:03,amazon Ledsone,false
1210479,204-0109475-7051536,AMAZON,B0GXB3JXQV,,WCBTC100FG+RPR44WH,1,11.49,9.57,2026-07-28 15:43:53,amazon Ledsone,false
1210488,204-3580741-4779535,AMAZON,B0G1TG1W65,,CKKLYB,1,10.79,8.99,2026-07-28 15:55:04,amazon Ledsone,false
1210490,203-6714819-8922764,AMAZON,B078T7GTT9,,LDMST64E274,1,9.78,5.74,2026-07-28 15:57:34,amazon Ledsone,false
1210493,206-3466148-3125913,AMAZON,B0DH9K22DP,,CL3TRE5PK,1,11.99,11.99,2026-07-28 16:04:42,amazon Dcvoltage,false
1210496,205-5638487-5331567,AMAZON,B0DH92CF2V,,CL3THEAPK,1,20.99,20.99,2026-07-28 16:10:33,amazon Dcvoltage,false
1210497,206-5160349-3333122,AMAZON,B0CKHNTVW2,,ENC641,1,49.89,49.89,2026-07-28 16:14:49,amazon Dcvoltage,false
1210506,026-2827432-2309962,AMAZON,B0CS6RW794,,FCBRBA6BLGPK,1,12.39,10.32,2026-07-28 16:22:01,amazon Ledsone,false
1210507,203-9616546-2259564,AMAZON,B0G13VQY86,,PHFSH1PBRBM+LSMS320BU,2,36.62,19.69,2026-07-28 16:21:19,amazon Dcvoltage,false
1210516,203-4895167-7666743,AMAZON,B0CTCMJ1NS,,CRSF100SN+CL3TBR+LHSHE27SN,1,11.99,9.99,2026-07-28 16:37:59,amazon Ledsone,false
1210517,026-5157399-4372320,AMAZON,B0CNPV5SC5,,LDMG95B228,2,13.58,6.79,2026-07-28 16:27:43,amazon Dcvoltage,false
1210518,203-5814203-7314708,AMAZON,B0B9NDPHSC,,CL2THE5PK,1,11.49,11.49,2026-07-28 16:40:16,amazon Dcvoltage,false
1210526,204-0935948-0586702,AMAZON,B0CBPS2V56,,WCB6BS2PK+RPR44WH2PK,1,16.89,16.89,2026-07-28 16:58:21,amazon Dcvoltage,false
1210527,205-5875334-7273120,AMAZON,B0B9Y59487,,CL3TBR5PK,1,13.79,11.49,2026-07-28 16:53:27,amazon Ledsone,false
1210528,204-0099549-7262759,AMAZON,B09MQSSKMJ,,WCB7RR+RPR44WH,1,9.89,8.24,2026-07-28 16:58:21,amazon Ledsone,false
1210529,203-8953222-9385908,AMAZON,B0CCJ2TRB2,,SPSDP3WH3PK,1,10.39,8.66,2026-07-28 17:06:40,amazon Ledsone,false
1210538,204-7158943-2593103,AMAZON,B0GLFZ9BSJ,,LSGLFP245BR+RPM40WH,2,37.78,18.89,2026-07-28 17:10:22,amazon Dcvoltage,false
1210539,204-7362391-1109923,AMAZON,B084RL7K8J,,WCB7BS+RPR44WH,1,10.49,8.74,2026-07-28 17:12:34,amazon Ledsone,false
1210545,205-6100757-2511511,AMAZON,B0D4TYVF2X,,CRSF100BM+PHSH1PBRYB+SCRN70YB+LSGD280AR,1,28.59,28.59,2026-07-28 17:20:12,amazon Dcvoltage,false
1210546,203-3719283-0343568,AMAZON,B07QQZ9L5N,,12ASIP2060,1,10.99,10.99,2026-07-28 17:27:51,amazon Dcvoltage,false
1210547,203-2434514-1845141,AMAZON,B0CBVJM1F1,,WSFTWH,5,41.34,7.41,2026-07-28 17:37:59,amazon Ledsone,false
1210555,203-0928649-8059528,AMAZON,B0CKHNTVW2,,ENC641,1,46.40,49.89,2026-07-28 17:43:15,amazon Dcvoltage,false
1210560,202-2684930-7250714,AMAZON,B0H2SC8XF1,,PCRNSR2PK,5,30.95,5.16,2026-07-28 17:44:09,amazon Ledsone,false
1210561,026-1035194-4478718,AMAZON,B0FXGTL5MQ,,PLADBM2PK,1,94.95,94.95,2026-07-28 17:40:12,amazon Dcvoltage,false
1210562,026-1035194-4478718,AMAZON,B0D83G5VKN,,ENC685,1,56.89,56.89,2026-07-28 17:40:12,amazon Dcvoltage,false
1210571,026-6293921-4062728,AMAZON,B0CKXM74PR,,CRSF120FG+PHBK1PBRFG,1,6.99,6.99,2026-07-28 18:03:50,amazon Ledsone,false
1210572,026-6293921-4062728,AMAZON,B0CKXJNFNL,,CRSF1202FG+PHBK1PBRFG2PK,1,13.24,13.24,2026-07-28 18:03:50,amazon Ledsone,false
1210573,205-0255245-7416315,AMAZON,B0GTMJFSTP,,LSGL15014CL2PK+RPM40WH2PK,1,13.89,11.57,2026-07-28 18:07:58,amazon Ledsone,false
1210574,203-3018295-3633124,AMAZON,B09M7964X8,,CRSF100RR+PHCH1PBRRR+LSCY290RR,2,47.78,19.91,2026-07-28 18:15:18,amazon Ledsone,false
1210575,203-3909223-5327557,AMAZON,B098BFQHBJ,,ENC1490,2,43.98,21.99,2026-07-28 18:15:18,amazon SRM Amazon,false
1210576,026-4216089-0077942,AMAZON,B0CB7WYP7L,,SPSDP2YB2PK,1,11.09,11.09,2026-07-28 18:03:50,amazon Dcvoltage,false
1210577,203-5334282-1619545,AMAZON,B0C7KHDV56,,ENC1972,1,83.60,89.89,2026-07-28 18:15:18,amazon Dcvoltage,false
1210582,026-8758494-8366757,AMAZON,B0G499DJQL,,WCCYSP180WH2PK+RPR44WH2PK,1,23.89,23.89,2026-07-28 18:22:55,amazon Dcvoltage,false
1210586,203-8173784-6561169,AMAZON,B0CM9N3TPP,,PLTYBC+ICST64E27,2,38.86,17.41,2026-07-28 18:37:42,amazon Ledsone,false
1210589,203-9536212-0929923,AMAZON,B0D59MHSXN,,WCB3WH2PK+RPR44WH2PK,1,15.49,15.49,2026-07-28 18:44:35,amazon Dcvoltage,false
1210599,205-0891620-2356313,AMAZON,B075XQNZBL,,LDMST64E274,1,9.38,5.41,2026-07-28 19:02:56,amazon Ledsone,false
1210600,204-4985474-4697167,AMAZON,B0GVT5JPGR,,WCBTC100FG2PK+RPR44WH2PK,1,18.09,15.07,2026-07-28 19:05:15,amazon Ledsone,false
1210601,204-4643041-2225943,AMAZON,B095Z43J13,,CRFF500BM+PHRI1PBRYB3PK+LSFT220BM3PK,1,32.36,26.97,2026-07-28 19:05:35,amazon Ledsone,false
1210602,202-4627714-3981138,AMAZON,B0CL7QHP1R,,ENC5582,1,52.91,56.89,2026-07-28 18:59:18,amazon Dcvoltage,false
1210603,026-5198685-2337113,AMAZON,B0FXX8K83D,,LSHQ180BM2PK+RPR44WH2PK,1,16.49,16.49,2026-07-28 19:04:08,amazon Dcvoltage,false
1210608,205-0601198-2454731,AMAZON,B0FZCRB2RS,,LSHM400HE+RPR44WH,1,29.69,29.69,2026-07-28 19:12:12,amazon Dcvoltage,false
1210609,026-8451960-3955548,AMAZON,B081VF2G3V,,LDMST64E2786PK,1,18.99,18.99,2026-07-28 19:14:02,amazon Dcvoltage,false
1210610,205-4256178-5382714,AMAZON,B0C9TWTCZ8,,LSCY210BG+RPR44WH,1,12.49,12.49,2026-07-28 19:12:16,amazon Dcvoltage,false
1210611,203-0679661-5895545,AMAZON,B0CLDC2CLF,,CRSF108CO2PK+WSST70CO2PK+ICST64E272PK,1,24.89,20.74,2026-07-28 19:14:04,amazon Ledsone,false
1210613,204-2583019-8885959,AMAZON,B0FB2WZFS4,,PHSF2BMRBY+SPSDP2BM+LDMST64E274,1,16.89,14.07,2026-07-28 19:16:27,amazon Ledsone,false
1210622,204-5686633-2733147,AMAZON,B0FH6JJKV4,,SPSDP2BMY,1,8.78,4.91,2026-07-28 19:25:29,amazon Ledsone,false
1210623,203-0556399-4570757,AMAZON,B0GS9DQFVZ,,SPPGUK3PWH4PK,1,11.98,9.09,2026-07-28 19:25:15,amazon Dcvoltage,false
1210630,204-5770651-5887508,AMAZON,B08KJJWJKK,,CRFF500BM+PHHT1PBRBM3PK+WCDCBM3PK,1,36.99,30.82,2026-07-28 19:44:20,amazon Ledsone,false
1210635,026-1111503-8273114,AMAZON,B086228MDF,,LDMST64B2286PK,1,19.89,16.57,2026-07-28 19:50:30,amazon Ledsone,false
1210636,204-5515632-4638745,AMAZON,B07S16RWT2,,LDMST64B224,1,5.59,4.66,2026-07-28 19:53:43,amazon Ledsone,false
1210637,026-5728008-5115543,AMAZON,B0B7196F29,,CRSF100CH,1,8.88,4.99,2026-07-28 19:56:13,amazon Ledsone,false
1210638,204-4368742-8441931,AMAZON,B09L11514G,,12UK3P5A,1,15.78,10.74,2026-07-28 19:57:30,amazon Ledsone,false
1210639,204-0456645-0152340,AMAZON,B092W8W67K,,PHSF1PBR20WH+LSWE315BM,1,22.29,18.57,2026-07-28 19:57:48,amazon Ledsone,false
1210640,026-7968349-2912341,AMAZON,B0DQ8LK252,,CRSF100CO2PK+PHIH1PBRCO2PK+LSCY290CO2PK,1,49.78,49.78,2026-07-28 19:53:13,amazon SRM Amazon,false
1210647,203-2591481-4090721,AMAZON,B0DB1WNX1D,,HLRK35BM2PK,1,5.61,4.67,2026-07-28 20:04:47,amazon Ledsone,false
1210648,026-9327039-5713907,AMAZON,B0FXX9JZX7,,CKA15STC425WH,1,15.39,15.39,2026-07-28 20:01:19,amazon Dcvoltage,false
1210649,026-7599828-3617901,AMAZON,B0D9S4NRDV,,WLWOCPBM,1,15.74,17.49,2026-07-28 20:06:37,amazon Dcvoltage,false
1210654,206-1981124-7001146,AMAZON,B0DX6W8MTS,,CENU25200WH,1,4.78,1.24,2026-07-28 20:18:48,amazon Ledsone,false
1210662,026-0013209-4140337,AMAZON,B0BTTGRCSD,,ENC4397,2,59.87,32.19,2026-07-28 19:39:24,amazon Dcvoltage,false
1210663,026-3444617-9206767,AMAZON,B0C6KFDSSL,,WCWYBM,2,19.58,8.16,2026-07-28 19:39:24,amazon Ledsone,false
1210668,206-0505679-7865913,AMAZON,B0DCLQH97K,,STMT18FWH,1,5.08,1.82,2026-07-28 20:29:27,amazon Ledsone,false
1210669,206-5967100-2417152,AMAZON,B09643CJ5N,,CRFF500BM+PHCH1BMRBM3PK+LSDO210BG3PK,1,41.89,41.89,2026-07-28 20:30:56,amazon Dcvoltage,false
1210677,205-2782217-3985942,AMAZON,B0C9TWTCZ8,,LSCY210BG+RPR44WH,1,12.49,12.49,2026-07-28 20:43:05,amazon Dcvoltage,false
1210678,203-0097464-1695552,AMAZON,B0FZCQMY9B,,LSHM400HE2PK+RPR44WH2PK,1,53.69,53.69,2026-07-28 20:47:45,amazon Dcvoltage,false
1210683,204-3379992-2636359,AMAZON,B091N5YNF6,,PHDH1HETHE+ICST64E272PK,1,17.59,14.66,2026-07-28 21:00:52,amazon Ledsone,false
1210684,202-7679806-7369955,AMAZON,B0CLZYFPLL,,CRSF100GB+PHCHPBRGB+LSCY290GB,1,24.89,20.74,2026-07-28 20:58:13,amazon Ledsone,false
1210685,204-3929885-2642702,AMAZON,B0D7BZ726S,,LDSG125E274,2,24.16,10.83,2026-07-28 21:00:56,amazon Ledsone,false
1210688,026-8137832-6806757,AMAZON,B0D5QZ5D6Y,,LSMCSQWYRE2PK+RPM40WH2PK,1,36.89,36.89,2026-07-28 21:04:53,amazon Dcvoltage,false
1210696,203-1526078-8300342,AMAZON,B0B35XZ9K8,,PLHWBS,3,69.44,20.74,2026-07-28 21:24:51,amazon Ledsone,false
1210699,205-6923503-2013945,AMAZON,B0CNQ1Q3BJ,,LDMG125E278,1,8.19,8.19,2026-07-28 21:19:35,amazon Dcvoltage,false
1210700,205-1676092-9844340,AMAZON,B0839GDWNK,,CBSF90,1,7.18,4.29,2026-07-28 21:25:54,amazon Dcvoltage,false
1210707,206-0008615-4160331,AMAZON,B0B2F3XW2Q,,LHPVE27BM5PK,1,15.69,13.07,2026-07-28 21:30:19,amazon Ledsone,false
1210708,206-7154004-7573936,AMAZON,B0CZXL6ZYG,,TPOSBDBM,1,24.99,20.82,2026-07-28 21:42:06,amazon Ledsone,false
1210710,206-8671712-9411533,AMAZON,B08V8MYCZR,,CRSF100BM+PHSH1PBRBM+LSMS320GR,1,19.89,19.89,2026-07-28 21:51:20,amazon Dcvoltage,false
1210719,205-0763355-3714718,AMAZON,B0F9467GTW,,CL3TCR3PK,1,7.99,6.66,2026-07-28 21:54:29,amazon Ledsone,false
1210720,206-2732524-4537922,AMAZON,B09L568VCR,,PLHABC+LSOL180BC,2,51.98,21.66,2026-07-28 21:57:35,amazon Ledsone,false
1210721,205-7150716-8320358,AMAZON,B0FZCRB2RS,,LSHM400HE+RPR44WH,1,26.72,29.69,2026-07-28 21:49:23,amazon Dcvoltage,false
1210722,206-5940382-3193137,AMAZON,B0FJ2JF399,,STPVC17ABLAPK,2,11.61,4.69,2026-07-28 21:50:14,amazon Dcvoltage,false
1210723,202-5506074-1659564,AMAZON,B0FZCRB2RS,,LSHM400HE+RPR44WH,1,26.72,29.69,2026-07-28 21:54:10,amazon Dcvoltage,false
1210724,205-6988865-3781953,AMAZON,B0F7R4WP8H,,TSTLRUMRB3PK,1,15.49,15.49,2026-07-28 21:57:48,amazon Dcvoltage,false
1210740,202-3759888-9932301,AMAZON,B0F1D3FS5C,,RWWPSY0660YE,1,5.88,2.99,2026-07-28 21:59:17,amazon Dcvoltage,false
1210741,206-3057522-7212315,AMAZON,B0DCS73YS7,,WCWDRO3PK+RPR44WH3PK,1,23.69,19.74,2026-07-28 22:09:27,amazon Ledsone,false
1210743,202-9967486-7006758,AMAZON,B0DCK3KB85,,PHSF1BMTBM+ICST64E27,1,13.65,13.65,2026-07-28 22:10:23,amazon SRM Amazon,false
1210751,206-0734149-7216304,AMAZON,B0BBS14PQZ,,CL3TWHAPK,1,21.19,17.66,2026-07-28 22:33:50,amazon Ledsone,false
1210752,204-2782953-7403562,AMAZON,B0FZCRB2RS,,LSHM400HE+RPR44WH,1,26.72,29.69,2026-07-28 22:36:27,amazon Dcvoltage,false
1210755,202-2713944-4217126,AMAZON,B0DH92K5G2,,CL3TGD2PK,1,7.99,7.99,2026-07-28 22:47:41,amazon Dcvoltage,false
1210759,203-1442560-4744360,AMAZON,B0BC1DQGZW,,CL3RREAPK,1,23.89,19.91,2026-07-28 22:54:18,amazon Ledsone,false
1210761,203-3332173-1022729,AMAZON,B0CL6YV2NQ,,LDCCB22103PK,1,14.49,14.49,2026-07-28 23:06:30,amazon Dcvoltage,false
1210764,204-7287723-6167554,AMAZON,B07D3Q8SQ9,,12IP67150,1,20.69,17.24,2026-07-28 23:19:39,amazon Ledsone,false
1210766,203-0492214-8920326,AMAZON,B09JVQ6VXT,,LDSG95DIE2743PK,1,19.89,19.89,2026-07-28 23:40:01,amazon Dcvoltage,false
1210768,204-7987843-6655554,AMAZON,B0FDQTFFVL,,CERU36150BL,1,4.58,1.41,2026-07-28 23:30:47,amazon Ledsone,false
1210769,202-0347957-0182748,AMAZON,B07CPPWJL4,,12IP67150,1,26.99,22.49,2026-07-28 23:30:49,amazon Ledsone,false
1210771,202-7373265-5913953,AMAZON,B0FDQYNDNH,,CERU36200WH,1,5.28,1.66,2026-07-28 23:44:18,amazon Ledsone,false
1210773,202-2411101-4983543,AMAZON,B0B71MJFDZ,,CRSF100BM,1,8.88,4.99,2026-07-28 23:57:23,amazon Ledsone,false
1210775,206-7918413-9561153,AMAZON,B09MQSJ72N,,WCB4BC+RPR44WH,1,9.89,8.24,2026-07-28 23:12:35,amazon Ledsone,false
1210777,026-0609509-7286745,AMAZON,B0D2951382,,LSCY290CH3PK+RPR44WH3PK,1,41.89,34.91,2026-07-29 00:40:46,amazon Ledsone,false
1210778,203-2772229-0204308,AMAZON,B0DPMG5PV4,,ENC7886,1,19.89,19.89,2026-07-29 00:46:59,amazon Dcvoltage,false
1210780,205-3768560-7333963,AMAZON,B0CZXL6ZYG,,TPOSBDBM,1,24.99,20.82,2026-07-29 00:48:56,amazon Ledsone,false
1210783,204-6345131-8688338,AMAZON,B0G3B4FM6X,,LSGD280AR+SCRN70FG,1,24.89,20.74,2026-07-29 01:02:08,amazon Ledsone,false
1210785,206-7436630-4450766,AMAZON,B07QW1KPCD,,12RPIP454002,1,26.99,26.99,2026-07-29 01:19:09,amazon Dcvoltage,false
1210786,205-3130116-8500366,AMAZON,B0FX2Q2VVY,,LSCYRO120GD2PK+RPR44WH2PK,1,21.29,21.29,2026-07-29 01:54:59,amazon Dcvoltage,false
1210788,205-4227329-2679528,AMAZON,B0G1TKNKT6,,CKCSBY,1,12.06,10.57,2026-07-29 02:25:02,amazon Ledsone,false
1210813,202-6021921-4804348,AMAZON,B0FCFVZ219,,LSFC160OW+RPR44WH,2,30.56,15.28,2026-07-29 04:23:29,amazon Dcvoltage,false
1210838,206-7959492-5578740,AMAZON,B0CL13FGTS,,ENC5533,1,43.89,43.89,2026-07-29 06:39:11,amazon Dcvoltage,false
1210842,202-4556999-5029126,AMAZON,B0C9TWTCZ8,,LSCY210BG+RPR44WH,1,12.49,12.49,2026-07-29 06:49:11,amazon Dcvoltage,false
1210846,202-1886781-0170713,AMAZON,B07DH89GTY,,12UK3P2A,1,8.88,4.99,2026-07-29 07:03:22,amazon Ledsone,false
1210848,026-7226470-6245911,AMAZON,B0FR8ZYWXB,,LSCY290BG2PK+RPR44WH2PK,1,31.79,31.79,2026-07-29 07:08:46,amazon Dcvoltage,false
1210861,202-0292840-9840373,AMAZON,B0CWP8ZHZ8,,WCB7WH+RPR44WH,2,20.58,8.58,2026-07-29 07:56:13,amazon Ledsone,false
1210863,202-3908464-9311538,AMAZON,B0DF7BD73R,,CRSF100BM+PHRYWP1RBM,2,21.37,9.58,2026-07-29 08:08:44,amazon Ledsone,false
1210866,206-9622036-9187528,AMAZON,B0DH5MHK8S,,CL2TGR3PK,1,7.99,7.99,2026-07-29 08:13:12,amazon Dcvoltage,false
1210867,026-4213197-9180343,AMAZON,B0C43MJXYS,,WCDTGR+RPR44WH,1,10.29,8.57,2026-07-29 08:13:07,amazon Ledsone,false
1210868,206-1488427-8520327,AMAZON,B0DX6NBT9P,,CENU19150WH,10,13.43,0.91,2026-07-29 08:11:06,amazon Ledsone,false
1210872,205-6422360-3346750,AMAZON,B0DY835QBF,,HRE2738WH8PK,1,6.98,3.41,2026-07-29 08:25:29,amazon Ledsone,false
1210876,203-6018377-6835552,AMAZON,B0D6RCQXWJ,,LDCWA60HE27123PK,1,11.99,9.99,2026-07-29 08:39:03,amazon Ledsone,false
1210877,206-7747957-2818723,AMAZON,B0F1CX9BKB,,RWWPSY10100YE,2,16.87,6.99,2026-07-29 08:43:03,amazon Dcvoltage,false
1210881,203-7021597-1741919,AMAZON,B0DJFGHS1W,,CRFF140BC,1,9.48,6.59,2026-07-29 08:51:56,amazon Dcvoltage,false
1210882,204-9627180-2033103,AMAZON,B0DCFN75MZ,,LDSG95DIE274APK,1,67.89,56.57,2026-07-28 20:08:23,amazon Ledsone,false
1210885,026-8303740-0290738,AMAZON,B08G4YZDH5,,LDMG125E278,4,47.96,11.99,2026-07-29 09:02:02,amazon SRM Amazon,false
1210887,203-9044715-4596324,AMAZON,B0G4QXV4B3,,CRSF100BC+PHHF1PBRBC+LSWD360BC,6,108.59,19.46,2026-07-29 08:59:37,amazon Dcvoltage,false
1210888,204-1983987-8548304,AMAZON,B0D59QFGN7,,WCB2BB2PK+RPR44WH2PK,1,15.49,15.49,2026-07-29 09:00:41,amazon Dcvoltage,false
1210889,203-1360635-2960355,AMAZON,B09LCSPY32,,PHCH1FBRBM+LSCY290RE,3,55.19,16.48,2026-07-29 08:59:37,amazon Ledsone,false
1210895,026-9633265-7219532,AMAZON,B0DLWPX2QC,,CL3TGLAPK,1,24.89,24.89,2026-07-29 09:09:42,amazon Dcvoltage,false
1210897,202-3624989-0901952,AMAZON,B0DNJZDCXN,,ENC10064,1,29.89,24.91,2026-07-29 09:15:38,amazon Ledsone,false
1210902,203-1388579-3850748,AMAZON,B09L8KS17V,,CRSF100BM+PHCH1BMRBM+LSDO400BI,11,192.83,14.61,2026-07-29 09:20:55,amazon Ledsone,false
1210904,206-8299972-2268350,AMAZON,B0B7KCXV72,,CRFF105GB,1,11.68,7.32,2026-07-29 09:34:14,amazon Ledsone,false
1210911,203-8103311-5631565,AMAZON,B0979H9NHS,,CNP1000FG,1,4.09,3.41,2026-07-29 09:44:38,amazon Ledsone,false
1210919,204-2277104-5243509,AMAZON,B07JK9FCRZ,,LHC2E27WH,1,9.08,6.19,2026-07-29 09:53:38,amazon Dcvoltage,false
1210920,205-8484469-1557902,AMAZON,B0DHVM3CBD,,LHSHE27WH,1,10.78,7.89,2026-07-29 09:56:21,amazon Dcvoltage,false
1210921,026-7246715-1552349,AMAZON,B0DBL9F8G3,,LSDO210WH2PK+RPR44WH2PK,1,17.89,14.91,2026-07-29 09:50:49,amazon Ledsone,false
1210922,204-9095759-7656321,AMAZON,B0G49CBSQ3,,WCCYSP180BM2PK+RPR44WH2PK,1,23.49,19.57,2026-07-29 09:56:42,amazon Ledsone,false
1210932,206-9206564-9575568,AMAZON,B0CNKCCDMH,,ENC5592,1,56.61,47.17,2026-07-29 10:16:47,amazon Ledsone,false
1210934,026-5706867-0010767,AMAZON,B081VF2G3V,,LDMST64E2786PK,3,52.98,18.99,2026-07-29 10:12:19,amazon Dcvoltage,false
1210935,203-0355137-1071522,AMAZON,B0DCG47XRP,,LHTRE27SN2PK,1,14.19,11.82,2026-07-29 10:21:27,amazon Ledsone,false
1210936,205-9374108-5865145,AMAZON,B0FVM8SNYC,,CERU72450BL,1,9.79,6.57,2026-07-29 10:26:23,amazon Ledsone,false
1210937,203-2258829-5115569,AMAZON,B0DFHHJHZ6,,HLCH96BM2PK,2,11.58,5.79,2026-07-29 10:21:21,amazon Dcvoltage,false
1210938,204-6460630-4549949,AMAZON,B0DFHM8LHQ,,LSCY290CH+RPR44WH,1,17.89,17.89,2026-07-29 10:27:37,amazon Dcvoltage,false
1210940,204-8643879-9122747,AMAZON,B0D53FZ8GS,,WCB2WH2PK+RPR44WH2PK,2,30.58,15.29,2026-07-29 10:32:45,amazon Dcvoltage,false
1210941,205-6498220-3333143,AMAZON,B08WRK75D1,,PHCT1BMRBM+PHBA1BMRBM+LSDO300CO,4,124.36,31.09,2026-07-29 10:33:29,amazon Dcvoltage,false
1210947,205-4439071-9490734,AMAZON,B0DCJWRRPD,,SPSDP3BM2PK,2,14.22,5.08,2026-07-29 10:48:41,amazon Ledsone,false
1210948,205-9675327-4119543,AMAZON,B0BWJVXGT6,,LSCY210BC+RPR44WH,1,10.89,10.89,2026-07-29 10:42:33,amazon Dcvoltage,false
1210949,205-7001957-7056360,AMAZON,B0CNW5XG2C,,ENC4319,1,47.89,47.89,2026-07-29 10:47:30,amazon Dcvoltage,false
1210964,202-5576656-7413904,AMAZON,B09L8KS17V,,CRSF100BM+PHCH1BMRBM+LSDO400BI,1,21.19,17.66,2026-07-29 11:03:50,amazon Ledsone,false
1210966,026-4551392-4047546,AMAZON,B07CQ25M4K,,12IP67150,1,24.99,20.82,2026-07-29 11:11:07,amazon Ledsone,false
1210967,203-8831818-1182735,AMAZON,B0D961B99S,,CO532AGYAPK,1,6.78,3.24,2026-07-29 11:12:41,amazon Ledsone,false
1210968,202-1785576-3219560,AMAZON,B0GTYJBGDD,,LDST185E2746PK,2,33.28,14.91,2026-07-29 11:13:49,amazon Ledsone,false
1210975,026-6430943-8675503,AMAZON,B0FPQVSMFT,,LDCWT75B2212,1,8.79,7.32,2026-07-29 11:20:32,amazon Ledsone,false
1210979,206-2059395-7163529,AMAZON,B08XC25WCD,,CL3TBMAPK,1,21.99,21.99,2026-07-29 11:34:50,amazon Dcvoltage,false
1210980,205-9826575-4065969,AMAZON,B0GCZG4XFD,,CRSF120WH,1,8.78,4.91,2026-07-29 11:29:12,amazon Ledsone,false
1210981,205-0092206-3866728,AMAZON,B0H4GMWVQ5,,TPHTTN2PBRBM+LSMCSQWYRE,1,24.20,20.17,2026-07-29 11:29:15,amazon Ledsone,false
1210983,206-5731303-1338759,AMAZON,B0DGG4N559,,LDMST64B2242PK,1,12.99,10.82,2026-07-29 11:31:30,amazon Ledsone,false
1210984,204-3114099-1989128,AMAZON,B0FFB3XJ7G,,BS6S8033GY,1,20.89,17.41,2026-07-29 11:36:31,amazon Ledsone,false
1210985,026-8185498-2489967,AMAZON,B0DH4KYFPD,,WCDTBM2PK+RPR44WH2PK,1,18.19,15.16,2026-07-29 11:46:01,amazon Ledsone,false
1210989,026-4457911-0849953,AMAZON,B08XC25WCD,,CL3TBMAPK,1,21.99,21.99,2026-07-29 11:43:36,amazon Dcvoltage,false
1210998,205-9983791-8677100,AMAZON,B08K4Q87XG,,WCFSBCBM,1,40.89,34.07,2026-07-29 11:51:09,amazon Ledsone,false
1210999,204-8396199-7869951,AMAZON,B0GW8313KY,,LHSWPBB22CH,1,12.78,8.24,2026-07-29 11:58:04,amazon Ledsone,false
1211010,203-9251858-6837903,AMAZON,B0CG6139MT,,LSCY290CB2PK+RPR44WH2PK,1,34.89,34.89,2026-07-29 12:11:28,amazon Dcvoltage,false
1211018,026-9030897-8249119,AMAZON,B0CPBW3J4P,,LSCY290RO+RPR44WH,2,35.78,17.89,2026-07-29 12:21:36,amazon Dcvoltage,false
1211020,026-6088099-4801936,AMAZON,B0G1TG1W65,,CKKLYB,1,10.79,8.99,2026-07-29 12:22:58,amazon Ledsone,false
1211040,203-5250058-7054751,AMAZON,B0C9TY8GWK,,LSCY210BC+RPR44WH,1,10.89,10.89,2026-07-29 12:38:51,amazon Dcvoltage,false
1211047,204-1148308-5981931,AMAZON,B07CLHX93W,,12IP20200,2,28.85,15.51,2026-07-29 12:43:24,amazon Dcvoltage,false
1211052,206-1527724-7252344,AMAZON,B07MV6GZ78,,CRFF100BM+WSLS155YB+SCRN70YB+LSFT220YB,2,35.38,17.69,2026-07-29 12:50:44,amazon Dcvoltage,false
1211054,206-5454300-1869154,AMAZON,B0GW7VBY3J,,LHSWPBB22GD,1,12.78,8.24,2026-07-29 13:08:55,amazon Ledsone,false
1211055,204-5301018-3969100,AMAZON,B0D56Z8CHY,,WCB6WH2PK+RPR44WH2PK,1,15.89,15.89,2026-07-29 13:13:00,amazon Dcvoltage,false
1211056,206-9010315-6508338,AMAZON,B0CPDPWLV4,,WJB2,1,5.78,2.89,2026-07-29 13:15:24,amazon Dcvoltage,false
1211064,204-7679295-5357932,AMAZON,B0H6B4745P,,LSGL6016CL3PK+RPM40WH3PK,1,22.89,19.07,2026-07-29 13:27:22,amazon Ledsone,false
1211068,204-4543060-0425156,AMAZON,B0GTYJBGDD,,LDST185E2746PK,1,17.89,14.91,2026-07-29 13:32:20,amazon Ledsone,false
1211070,206-8884841-5609930,AMAZON,B0FNR1LYQN,,BSFCDRWHBL,1,21.99,18.32,2026-07-29 13:39:03,amazon Ledsone,false
1211072,203-9626581-7971546,AMAZON,B0G7CBNVMV,,12UK3P5A+SLW8,1,13.19,13.19,2026-07-29 13:43:30,amazon Dcvoltage,false
1211077,202-7449118-3259562,AMAZON,B0D5QZ5D6Y,,LSMCSQWYRE2PK+RPM40WH2PK,1,40.78,36.89,2026-07-29 13:53:55,amazon Dcvoltage,false
1211078,204-6292474-5417158,AMAZON,B093H8YG8Z,,LSMS320GY+RPR44WH,14,172.34,10.26,2026-07-29 13:18:50,amazon Ledsone,false
1211079,026-3565007-1697113,AMAZON,B0BGPQGL3C,,12UK3P8A,1,13.89,11.57,2026-07-29 13:57:19,amazon Ledsone,false
1211082,206-0396106-4545922,AMAZON,B0F8Q9RWCH,,CERU80300WH,1,7.77,4.07,2026-07-29 14:07:38,amazon Ledsone,false
1211089,205-8306002-0824332,AMAZON,B0FJ5J5T51,,CRSF100WH,1,8.88,5.99,2026-07-29 14:12:20,amazon Dcvoltage,false
1211100,026-6101390-4657918,AMAZON,B0FNWFF268,,LSWD360BG+RPR44WH,1,19.69,16.41,2026-07-29 14:25:59,amazon Ledsone,false
1211103,204-3033117-3031555,AMAZON,B0DQD74HVG,,PHSF1GDTYB3PK,1,31.09,25.91,2026-07-29 14:33:09,amazon Ledsone,false
1211107,206-2391742-9054728,AMAZON,B0D44SB3ZY,,PHSF2GYTCH+ICST64E27,1,18.69,18.69,2026-07-29 14:48:04,amazon Dcvoltage,false
1211112,202-5437624-4739551,AMAZON,B09GVPQB5S,,CRSF100BM+WSHR135BM+LSDM220YB+ICST64E27,1,21.89,21.89,2026-07-29 14:51:16,amazon Dcvoltage,false
1211113,026-1239266-2407517,AMAZON,B0D56Z8CHY,,WCB6WH2PK+RPR44WH2PK,1,15.89,15.89,2026-07-29 14:52:38,amazon Dcvoltage,false
1211114,206-6633408-3073112,AMAZON,B0DH4KYFPD,,WCDTBM2PK+RPR44WH2PK,1,18.19,15.16,2026-07-29 14:52:56,amazon Ledsone,false
1211122,206-2555506-9502720,AMAZON,B09JSST32V,,ENC2002,1,78.99,65.82,2026-07-29 15:07:14,amazon Ledsone,false
1211123,206-0505913-7077912,AMAZON,B08TX2837H,,LSMS320BI+RPR44WH,1,14.99,14.99,2026-07-29 15:03:24,amazon Dcvoltage,false
1211129,204-5028428-0013928,AMAZON,B0DP2CQ86C,,PHUH1HETBM2PK+LSHM400HE2PK,1,69.99,58.32,2026-07-29 15:14:02,amazon Ledsone,false
1211130,026-9226587-4671567,AMAZON,B0C9TWTCZ8,,LSCY210BG+RPR44WH,1,12.49,12.49,2026-07-29 15:09:14,amazon Dcvoltage,false
1211131,203-3683913-6276357,AMAZON,B0DH97YNLH,,CL3TBK5PK,1,11.99,11.99,2026-07-29 15:13:46,amazon Dcvoltage,false
1211145,203-1940524-2751515,AMAZON,B0FH6JJKV4,,SPSDP2BMY,1,8.78,4.91,2026-07-29 15:36:39,amazon Ledsone,false
1211146,203-1841759-9786703,AMAZON,B0G4QXV4B3,,CRSF100BC+PHHF1PBRBC+LSWD360BC,1,22.89,22.89,2026-07-29 15:36:27,amazon Dcvoltage,false
1211152,204-5523187-8922762,AMAZON,B0D7MRVY68,,CODL232AGY,100,27.88,0.23,2026-07-29 15:49:29,amazon Dcvoltage,false
1211156,204-9496488-1105100,AMAZON,B08SHV91ZW,,CRFF100BM+PHUP1PBRBM+CNT900BM,1,11.99,11.99,2026-07-29 15:56:00,amazon Dcvoltage,false
1211157,203-4949425-1013112,AMAZON,B0FHQ5VRR7,,CRSF100BM+LHHTE27BM+WCCYSP180BM,1,20.09,16.74,2026-07-29 15:55:27,amazon Ledsone,false
1211161,202-4061539-4011531,AMAZON,B0CR479DW3,,TPCLSV318GY+ICST64E27,1,28.19,28.19,2026-07-29 16:03:01,amazon Dcvoltage,false
1211166,026-1449023-2005956,AMAZON,B096FR3CD5,,PLADBC+ICST64E273PK,1,53.89,53.89,2026-07-29 16:09:11,amazon Dcvoltage,false
1211173,205-0987985-8648367,AMAZON,B08WRC297L,,PHCT1BMRBM+PHBA1BMRBM+LSDO400BM,1,30.49,30.49,2026-07-29 16:29:41,amazon Dcvoltage,false
1211176,205-2174646-6862756,AMAZON,B0F1CZ7G5X,,RWWPSY1080YE,1,8.08,5.19,2026-07-29 16:31:09,amazon Dcvoltage,false
1211181,026-7731782-4325141,AMAZON,B0G1TG1W65,,CKKLYB,1,10.79,8.99,2026-07-29 16:38:29,amazon Ledsone,false
1211182,202-4501584-6163538,AMAZON,B0CN376GSP,,CRSF1202BM+PHHT2PBRBM2PK+SPUPBM2PK,1,20.49,17.07,2026-07-29 16:48:39,amazon Ledsone,false
1211183,206-4945713-8905916,AMAZON,B08T9JZ971,,CRSF100SN+LHNSE27SN+LSSS300SN,1,19.69,19.69,2026-07-29 16:49:01,amazon SRM Amazon,false
1211189,205-0300068-3701940,AMAZON,B0C7H1M3JD,,LSFT220BG+RPR44WH,2,25.78,12.89,2026-07-29 16:54:17,amazon Dcvoltage,false
1211193,026-3616699-8226747,AMAZON,B095SPWDDR,,ENC1591,1,66.74,66.74,2026-07-29 17:00:57,amazon Dcvoltage,false
1211194,203-6966110-1237106,AMAZON,B0CGRPTT6W,,CRSF100BM+PHRYWP2RBM,1,11.49,9.57,2026-07-29 17:06:31,amazon Ledsone,false
1211197,206-4121023-1564353,AMAZON,B0H393YSKV,,LSGL9015GY3PK+RPM40WH3PK,1,28.89,28.89,2026-07-29 17:12:11,amazon Dcvoltage,false
1211198,206-0822933-8253900,AMAZON,B08W1ZC6D7,,CRFF108BY+LHNSE27BY+LSDO300RE,2,34.58,18.59,2026-07-29 17:25:42,amazon Dcvoltage,false
1211202,026-6510994-7326716,AMAZON,B08V8C4RS9,,CRSF100BM2PK+PHSH1PBRBM2PK+LSMS320RE2PK,3,108.50,38.89,2026-07-29 17:20:27,amazon Dcvoltage,false
1211203,203-5111029-7167507,AMAZON,B0D57258P4,,WCB7RR2PK+RPR44WH2PK,1,15.89,15.89,2026-07-29 17:22:30,amazon Dcvoltage,false
1211204,204-3125321-9666757,AMAZON,B09KZYTSDZ,,12UK3P2A,1,10.88,6.66,2026-07-29 17:22:05,amazon Ledsone,false
1211206,203-6024468-2535532,AMAZON,B0DX6NBT9P,,CENU19150WH,1,4.37,0.90,2026-07-29 17:27:50,amazon Ledsone,false
1211213,026-2421776-2927554,AMAZON,B0F1N8R9NP,,CL3RGD5PK,1,10.79,8.99,2026-07-29 17:32:19,amazon Ledsone,false
1211214,202-0213847-5600370,AMAZON,B0B71MJFDZ,,CRSF100BM,1,8.88,4.99,2026-07-29 17:36:15,amazon Ledsone,false
1211215,202-1769001-1393947,AMAZON,B0GGHNFDMK,,CRFF100YB2PK+LHNSE27YB2PK+ICST64E272PK,3,83.67,27.89,2026-07-29 17:38:47,amazon Dcvoltage,false
1211216,202-1769001-1393947,AMAZON,B0GCZKJQQL,,CRFF100YB+LHNSE27YB+ICST64E27,1,16.99,16.99,2026-07-29 17:38:47,amazon Dcvoltage,false
1211220,206-3010600-0712319,AMAZON,B0B9Y59487,,CL3TBR5PK,1,13.79,11.49,2026-07-29 17:48:16,amazon Ledsone,false
1211224,204-4934645-5456368,AMAZON,B083XHFBY1,,CL2RBM3PK,1,9.28,4.99,2026-07-29 17:55:02,amazon Ledsone,false
1211225,206-5708770-8313168,AMAZON,B0F1D3FS5C,,RWWPSY0660YE,1,5.88,2.99,2026-07-29 17:49:45,amazon Dcvoltage,false
1211230,202-3648522-8131524,AMAZON,B0DTYYYWYG,,LSSS300BG+RPR44WH,1,14.99,12.49,2026-07-29 18:13:38,amazon Ledsone,false
1211231,204-0211685-2933108,AMAZON,B0DJFKLYS4,,CRSF100BM2PK+PHHT1PBRBM2PK+ICST64E272PK,1,31.28,26.07,2026-07-29 18:16:42,amazon Ledsone,false
1211235,205-1499144-4728347,AMAZON,B0F9YJX982,,CRSF100HBM+WSWS1PHTBM+PSDS2BPB+WCDCBM,2,39.98,19.99,2026-07-29 18:20:58,amazon Dcvoltage,false
1211236,026-2086990-4151527,AMAZON,B0BLZFGY38,,LDMG95E274APK,1,25.95,23.24,2026-07-29 18:24:03,amazon Ledsone,false
1211237,026-7429197-6501162,AMAZON,B0BLZGY3D7,,LDMG95E2742PK,1,11.98,10.74,2026-07-29 18:24:03,amazon Ledsone,false
1211240,205-1706253-2240316,AMAZON,B0G25PXTLM,,ENC5875,2,40.72,18.24,2026-07-29 18:31:45,amazon Ledsone,false
1211243,204-8789161-1209148,AMAZON,B0BNNTZSBR,,LDMG125B2286PK,1,23.19,19.32,2026-07-29 18:40:14,amazon Ledsone,false
1211253,206-5765931-3461945,AMAZON,B0CNQ1Q3BJ,,LDMG125E278,2,15.23,8.19,2026-07-29 18:54:20,amazon Dcvoltage,false
1211258,206-3599949-4837952,AMAZON,B0BTP3BCH7,,PHSH1HETYB+LSCY290BC,3,65.67,21.89,2026-07-29 19:10:42,amazon Dcvoltage,false
1211264,205-0825120-7603545,AMAZON,B0BB34G298,,CL2RBK5PK,1,12.19,10.16,2026-07-29 19:22:27,amazon Ledsone,false
1211265,205-4279950-2058707,AMAZON,B09KNQV7L7,,CRSF2003BM+PHRB1PBR40BM3PK+LSBS160GY3PK,1,45.89,38.24,2026-07-29 19:27:37,amazon Ledsone,false
1211273,204-9583052-2727527,AMAZON,B0F9YNBRZD,,LSMS320BG+RPR44WH,1,16.89,14.07,2026-07-29 19:47:47,amazon Ledsone,false
1211283,202-7769491-5625963,AMAZON,B0GTMJFSTP,,LSGL15014CL2PK+RPM40WH2PK,1,14.89,12.41,2026-07-29 20:09:12,amazon Ledsone,false
1211284,204-8789533-1899508,AMAZON,B08WWH8HWK,,ENC903,1,21.89,21.89,2026-07-29 20:01:43,amazon Dcvoltage,false
1211298,203-3520176-4780366,AMAZON,B0CV7V5618,,RWGS1342WH,1,6.48,2.99,2026-07-29 20:23:00,amazon Ledsone,false
1211302,204-2114492-7469905,AMAZON,B0F28YKH9K,,LSCY290RR+RPR44WH,1,15.89,13.24,2026-07-29 20:32:36,amazon Ledsone,false
1211303,206-1826997-9827550,AMAZON,B0D33N677W,,WSFS1BMBM2PK+SCRN70BM2PK+LSFT220BM2PK,1,24.89,20.74,2026-07-29 20:34:46,amazon Ledsone,false
1211309,026-6826479-8481939,AMAZON,B0C5CTR1JC,,CRSF100BM+WSHR135BM+LSFT220BC+ICST64E27,2,37.00,16.58,2026-07-29 20:40:37,amazon Ledsone,false
1211314,206-0225239-5990739,AMAZON,B0DH9GCQNJ,,CL3TCRAPK,1,20.99,20.99,2026-07-29 20:54:03,amazon Dcvoltage,false
1211316,204-7166897-3195530,AMAZON,B0CNG835T2,,TPOS1PRBSQ,1,21.15,21.15,2026-07-29 20:57:13,amazon Dcvoltage,false
1211317,026-6702510-1575518,AMAZON,B0FNN5WTXR,,CRSF1203BM+PHRN2PCRBM3PK+LDMG95E2743PK,1,32.99,27.49,2026-07-29 20:51:31,amazon Ledsone,false
1211319,205-2726162-7400319,AMAZON,B0C5CTR1JC,,CRSF100BM+WSHR135BM+LSFT220BC+ICST64E27,2,37.00,16.58,2026-07-29 20:54:55,amazon Ledsone,false
1211320,203-5828676-0786713,AMAZON,B0GP73VLM8,,LHPVHRE27WH,1,4.07,4.07,2026-07-29 20:56:24,amazon Ledsone,false
1211321,203-5828676-0786713,AMAZON,B0GP771MFX,,LHPVHRE27WH2PK,1,5.83,5.83,2026-07-29 20:56:24,amazon Ledsone,false
1211322,206-6393908-1604311,AMAZON,B0DF2C38VR,,LHC2E27WH3PK,1,14.19,11.82,2026-07-29 20:56:39,amazon Ledsone,false
1211323,202-5913376-9779505,AMAZON,B09477VMYH,,LDMG95E2785PK,1,20.39,16.99,2026-07-29 20:57:25,amazon Ledsone,false
1211324,202-0134863-2330722,AMAZON,B0D6GDQP8G,,CRSF100BC+PHNW1RBC+ICST64E27,2,33.78,14.08,2026-07-29 21:03:12,amazon Ledsone,false
1211327,204-6865955-7926762,AMAZON,B08L7P2MHQ,,LDCWE27183PK,1,15.99,13.32,2026-07-29 21:00:21,amazon Ledsone,false
1211334,204-8179590-0330712,AMAZON,B0GVT5JPGR,,WCBTC100FG2PK+RPR44WH2PK,1,18.09,15.07,2026-07-29 21:27:52,amazon Ledsone,false
1211346,206-0282334-3244308,AMAZON,B08Z7RZC6W,,PHUH1HETBM+LSHM400HE,1,34.09,34.09,2026-07-29 21:30:24,amazon Dcvoltage,false
1211356,204-6959807-0015550,AMAZON,B0GL7GLZ8N,,ENC9424,1,31.69,26.41,2026-07-29 21:40:41,amazon Ledsone,false
1211357,206-3443612-2849935,AMAZON,B0C5CR33R5,,CRSF100BM+WSHR135BM+LSFT220YB+ICST64E27,1,19.89,16.57,2026-07-29 21:44:56,amazon Ledsone,false
1211358,205-9907879-9391567,AMAZON,B0DTHKSHFY,,WCB7BS3PK+RPR44WH3PK,1,22.29,22.29,2026-07-29 21:41:38,amazon Dcvoltage,false
1211360,202-3502012-9559539,AMAZON,B0GTZJ9GYR,,SWHBSP1OSWH,2,9.53,2.98,2026-07-29 21:53:26,amazon Ledsone,false
1211361,204-2113742-2931507,AMAZON,B0CZXL6ZYG,,TPOSBDBM,1,24.99,20.82,2026-07-29 21:53:31,amazon Ledsone,false
1211362,205-6084878-7332312,AMAZON,B0CWP2MBCT,,CRFF140SN+WSNW170SN+LSMS320CB,2,36.62,16.41,2026-07-29 21:56:02,amazon Ledsone,false
1211366,203-5480176-3900311,AMAZON,B0CN2ZMT1F,,ENC5706,1,26.99,26.99,2026-07-29 22:02:25,amazon Dcvoltage,false
1211368,206-3183908-5742717,AMAZON,B0DTHZ1JX5,,WCDCBM4PK+RPR44WH4PK,1,28.49,23.74,2026-07-29 22:16:37,amazon Ledsone,false
1211369,206-1246330-9753123,AMAZON,B08SHV91ZW,,CRFF100BM+PHUP1PBRBM+CNT900BM,1,11.99,11.99,2026-07-29 22:12:27,amazon Dcvoltage,false
1211371,204-9002804-7039543,AMAZON,B083XDTMXF,,CL2TWH3PK,2,15.27,4.99,2026-07-29 22:22:35,amazon Ledsone,false
1211372,205-7524870-3831505,AMAZON,B0BWJWGXD4,,LSCY210BG+RPR44WH,1,13.89,13.89,2026-07-29 22:21:19,amazon Dcvoltage,false
1211373,202-6064355-9479562,AMAZON,B0D8L1HQXM,,RWWPSY0660YE,1,5.97,2.99,2026-07-29 22:28:42,amazon Dcvoltage,false
1211375,204-5424533-2500351,AMAZON,B0G648VPYL,,CRSF100BM+LHNSE27BM+SCRN70BM+LSWD360BC,1,27.99,23.32,2026-07-29 22:30:53,amazon Ledsone,false
1211380,205-8906426-1830717,AMAZON,B0DH4KYFPD,,WCDTBM2PK+RPR44WH2PK,1,18.19,15.16,2026-07-29 22:36:45,amazon Ledsone,false
1211388,204-7990691-5744367,AMAZON,B0DZNLF6LK,,RWWPSY10GY,1,5.38,2.07,2026-07-29 23:10:10,amazon Ledsone,false
1211389,205-0349710-0745904,AMAZON,B0GVT5JPGR,,WCBTC100FG2PK+RPR44WH2PK,1,18.09,15.07,2026-07-29 23:10:36,amazon Ledsone,false
1211394,026-8647978-3688339,AMAZON,B0DTHJYV3K,,WCB6BC3PK+RPR44WH3PK,1,22.09,22.09,2026-07-29 23:21:46,amazon Dcvoltage,false
1211395,026-6360246-3933907,AMAZON,B0DSBP4962,,PLTTBC+LSFT220BC,1,24.79,24.79,2026-07-29 23:23:22,amazon Dcvoltage,false
1211399,205-7844429-5202746,AMAZON,B0F9WG3RDB,,LSHQ180BG2PK+RPR44WH2PK,1,16.49,13.74,2026-07-29 23:37:48,amazon Ledsone,false
1211401,204-4067203-4394708,AMAZON,B0H4GMWVQ5,,TPHTTN2PBRBM+LSMCSQWYRE,1,24.20,20.17,2026-07-29 23:47:13,amazon Ledsone,false
1211402,026-7558415-7501123,AMAZON,B0DCHP7PR6,,STND242RE5PK,1,7.89,4.17,2026-07-29 23:45:59,amazon Ledsone,false
1211403,206-9004614-1934719,AMAZON,B0D93YCRZS,,CRSF100BM2PK+PHRYWP1RBM2PK,1,18.19,18.19,2026-07-29 23:42:16,amazon Dcvoltage,false
1211406,202-9396782-3446707,AMAZON,B08Q4DNN6C,,24IP67150,2,59.67,24.99,2026-07-29 23:52:48,amazon Ledsone,false
1211408,026-5050172-2929105,AMAZON,B08V8S4719,,WCB7RR+RPR44WH,1,9.89,9.89,2026-07-30 00:12:40,amazon Dcvoltage,false
1211411,205-5901431-2339545,AMAZON,B08XBYXQC6,,CL3TBRAPK,1,19.99,19.99,2026-07-30 00:27:34,amazon Dcvoltage,false
1211412,203-9814457-0776333,AMAZON,B0FW4R1JC8,,LSCYRO200WH+RPR44WH,1,16.89,14.07,2026-07-30 00:55:09,amazon Ledsone,false
1211419,203-6723780-4747504,AMAZON,B08RYTP5WV,,HRE2738WH2PK,1,3.80,0.91,2026-07-30 01:41:33,amazon SRM Amazon,false
1211420,205-4075856-4676311,AMAZON,B0F43QD6KT,,CENU36300WH,1,5.49,2.49,2026-07-30 01:43:43,amazon Dcvoltage,false
1211454,026-6570318-6793136,AMAZON,B09477YHK7,,LDMG95E278APK,1,35.19,29.32,2026-07-30 04:36:13,amazon Ledsone,false
1211464,206-8727544-2780364,AMAZON,B093HB7L5H,,LSMS320BI+RPR44WH,1,14.99,12.49,2026-07-30 05:48:23,amazon Ledsone,false
1211470,203-0793826-9794701,AMAZON,B0CPBY28LB,,LSCY290GY+RPR44WH,1,16.09,16.09,2026-07-30 06:38:59,amazon Dcvoltage,false
1211471,026-5803298-3306712,AMAZON,B0C9DV894B,,SPSDP2YB,1,6.26,6.26,2026-07-30 06:47:59,amazon Dcvoltage,false
1211472,205-0662308-2090730,AMAZON,B08PDMHBXB,,ENC623,1,41.99,41.99,2026-07-30 06:48:56,amazon Dcvoltage,false
1211479,026-8259631-3597155,AMAZON,B0GVT5JPGR,,WCBTC100FG2PK+RPR44WH2PK,1,18.09,15.07,2026-07-30 07:12:57,amazon Ledsone,false
1211480,204-7770138-1289127,AMAZON,B0B8DZFLX9,,CRSF100BM,1,8.78,4.91,2026-07-30 07:20:44,amazon Ledsone,false
1211481,205-9397598-0972346,AMAZON,B0BLZGM2D3,,LDMG95E2745PK,1,20.99,17.49,2026-07-30 07:21:47,amazon Ledsone,false
1211482,203-9441545-4776368,AMAZON,B0CFVCM4Z5,,PSOS4BMTHE+ICST64E27,1,18.59,15.49,2026-07-30 07:23:22,amazon Ledsone,false
1211489,203-6356129-1084363,AMAZON,B0FB3Y2GWC,,LDMC35E144,1,5.99,4.99,2026-07-30 07:29:42,amazon Ledsone,false
1211500,026-2055411-0185132,AMAZON,B0DQD9LY98,,PHSF1AGTGB3PK,1,30.29,25.24,2026-07-30 08:11:33,amazon Ledsone,false
1211501,202-6433255-0165929,AMAZON,B0C2KTQSBY,,LSCP150BL+RPR44WH,1,11.89,9.91,2026-07-30 08:19:46,amazon Ledsone,false
1211505,203-9311621-9437127,AMAZON,B08NJPQWWT,,CRSF100CH+PHUM1PCRCH+WCRWWH+LDCWE277,2,47.98,23.99,2026-07-30 08:25:18,amazon Dcvoltage,false
1211512,203-5620111-7530731,AMAZON,B0F29BD4H9,,SPSDP2BM,1,6.89,6.89,2026-07-30 08:31:42,amazon SRM Amazon,false
1211514,203-4900843-5419517,AMAZON,B0C9TMW8FQ,,ENC1910,1,22.89,22.89,2026-07-30 08:31:42,amazon Dcvoltage,false
1211525,026-5537083-0521940,AMAZON,B084RL7K8J,,WCB7BS+RPR44WH,1,10.49,8.74,2026-07-30 09:05:16,amazon Ledsone,false
1211533,202-9873694-4134764,AMAZON,B084R7QN2X,,WCB6BC+RPR44WH,1,9.99,8.32,2026-07-30 09:24:04,amazon Ledsone,false
1211541,202-8186699-5737164,AMAZON,B0FZ9T2KZT,,LSCY290BC3PK+RPR44WH3PK,1,39.89,39.89,2026-07-30 09:44:08,amazon Dcvoltage,false
1211546,203-4491681-9724334,AMAZON,B0CBLYQK4Z,,WCVCRE2PK+RPR44WH2PK,1,14.79,14.79,2026-07-30 09:56:46,amazon Dcvoltage,false
1211547,203-7376659-0964340,AMAZON,B0CBMGKTCV,,WCNCBC2PK+RPR44WH2PK,1,20.89,20.89,2026-07-30 09:56:46,amazon Dcvoltage,false
1211548,206-2200375-1506724,AMAZON,B0DTHKKQV6,,WCB7BM3PK+RPR44WH3PK,1,22.09,22.09,2026-07-30 10:01:43,amazon Dcvoltage,false
1211552,205-8923865-6533923,AMAZON,B0FKMB9NWG,,CRFF108BM2PK+LHTTE27BM2PK,1,17.36,14.47,2026-07-30 09:59:29,amazon Ledsone,false
1211554,026-6981457-4712302,AMAZON,B08T9K4PBW,,CRSF100CO+LHNSE27CO+LSSS300CO,1,26.89,26.89,2026-07-30 10:06:07,amazon SRM Amazon,false
1211555,206-2950759-8643514,AMAZON,B0BT7RG9FC,,ENC4322,1,47.89,47.89,2026-07-30 10:01:45,amazon Dcvoltage,false
1211560,204-7953218-3253158,AMAZON,B0D7ZTRLBH,,LSCY290BM2PK+RPR44WH2PK,10,278.90,23.24,2026-07-30 10:12:51,amazon Ledsone,false
1211561,203-8170606-5513921,AMAZON,B0B9Y59487,,CL3TBR5PK,1,13.79,11.49,2026-07-30 10:17:29,amazon Ledsone,false
1211562,202-1295819-6221153,AMAZON,B0F1TMC6HP,,CENU25200BM,1,4.49,1.49,2026-07-30 10:10:26,amazon Dcvoltage,false
1211570,206-0996711-9719562,AMAZON,B0CMCP8X1X,,CRFF500CH+WCCY1ROCH3PK,1,52.99,44.16,2026-07-30 10:22:42,amazon Ledsone,false
1211571,206-1752365-2510715,AMAZON,B0CFVBZ2GH,,PSOS4BMTHE+ICST64E27,1,22.78,15.74,2026-07-30 10:26:58,amazon Ledsone,false
1211585,203-7170317-3362701,AMAZON,B0743GYD52,,CO332AORAPK,1,5.68,2.32,2026-07-30 10:46:17,amazon Ledsone,false
1211586,206-1805537-1549148,AMAZON,B0DH94WBWX,,CL3TLP5PK,1,12.88,9.99,2026-07-30 10:40:34,amazon Dcvoltage,false
1211592,026-1364376-2902754,AMAZON,B0F9YMV74V,,LSMS320CB+RPR44WH,2,29.98,12.49,2026-07-30 10:50:38,amazon Ledsone,false
1211596,203-0847758-2414716,AMAZON,B09CYWF9P3,,ENC1810,1,21.89,21.89,2026-07-30 10:49:52,amazon Dcvoltage,false
1211602,203-1675465-2385130,AMAZON,B0F9PJRVMD,,WSOSBDBM2PK,1,37.89,37.89,2026-07-30 11:10:45,amazon Dcvoltage,false
1211603,202-9707297-1211549,AMAZON,B0CL7X2J4P,,ENC5579,1,54.58,58.69,2026-07-30 11:21:31,amazon Dcvoltage,false
1211604,204-1242890-9514707,AMAZON,B0B8VVQSNV,,LDSG125LOE274,1,8.99,7.49,2026-07-30 11:13:11,amazon Ledsone,false
1211605,205-2997298-1328300,AMAZON,B0DB2B9NYZ,,CRFF75GB2PK,1,11.49,9.57,2026-07-30 11:13:46,amazon Ledsone,false
1211606,204-7255139-5415557,AMAZON,B0CFVCM4Z5,,PSOS4BMTHE+ICST64E27,1,18.59,15.49,2026-07-30 11:13:56,amazon Ledsone,false
1211614,026-1964273-4129963,AMAZON,B08NTKB1DM,,CRFF500BM+PHCH1BMRBM3PK+LSCY210BG3PK,1,38.79,32.32,2026-07-30 11:23:23,amazon Ledsone,false
1211619,204-3443129-6300353,AMAZON,B0BBS3RDGZ,,CL3TLBAPK,1,21.79,18.16,2026-07-30 11:36:47,amazon Ledsone,false
1211620,205-7133076-8079505,AMAZON,B084R7QN2X,,WCB6BC+RPR44WH,1,9.99,8.32,2026-07-30 11:39:29,amazon Ledsone,false
1211629,202-0178913-4757936,AMAZON,B09L8GXDLD,,PHSH1HETYB+LSCY290BM,1,23.89,19.91,2026-07-30 11:46:52,amazon Ledsone,false
1211630,205-9974188-8260318,AMAZON,B0DHVLVBJF,,LHSHE27YB,1,10.78,7.89,2026-07-30 11:46:02,amazon Dcvoltage,false
1211631,203-6274116-3472328,AMAZON,B09M42FP91,,LDMG125E2783PK,1,20.49,20.49,2026-07-30 11:46:18,amazon Dcvoltage,false
1211645,206-8160117-8133959,AMAZON,B0FJM1F3NP,,PLTTRR+LSDO210RR,1,23.89,19.91,2026-07-30 11:53:58,amazon Ledsone,false
1211646,202-1365235-0960333,AMAZON,B0GP771MFX,,LHPVHRE27WH2PK,1,9.88,5.82,2026-07-30 11:55:03,amazon Ledsone,false
1211647,203-0090139-6549918,AMAZON,B09L11514G,,12UK3P5A,1,15.78,10.74,2026-07-30 11:52:08,amazon Ledsone,false
1211654,203-0587584-2833119,AMAZON,B0DB2B9NYZ,,CRFF75GB2PK,1,11.49,9.57,2026-07-30 12:10:59,amazon Ledsone,false
1211655,204-7137901-4164324,AMAZON,B0B9Y59487,,CL3TBR5PK,1,13.79,11.49,2026-07-30 12:17:38,amazon Ledsone,false
1211656,203-3987444-3268322,AMAZON,B0D9RYF987,,ENC7498,1,47.99,47.99,2026-07-30 12:23:42,amazon Dcvoltage,false
1211657,203-3275917-4660336,AMAZON,B0CNZ2W4BB,,ENC4312,1,49.89,49.89,2026-07-30 12:23:42,amazon Dcvoltage,false
1211671,026-7478670-4673163,AMAZON,B0B8VVQSNV,,LDSG125LOE274,1,8.99,7.49,2026-07-30 12:30:41,amazon Ledsone,false
1211672,203-7724426-2546746,AMAZON,B0F9VDWTYX,,CL3RBM3PK,1,8.79,7.32,2026-07-30 12:31:04,amazon Ledsone,false
1211673,205-5822092-8933934,AMAZON,B0GZND9ZR6,,LHSWPBB22GD2PK,1,14.78,12.32,2026-07-30 12:30:47,amazon Ledsone,false
1211674,026-5254013-5986729,AMAZON,B0GVT5JPGR,,WCBTC100FG2PK+RPR44WH2PK,1,18.09,15.07,2026-07-30 12:38:13,amazon Ledsone,false
1211677,203-8774049-4729122,AMAZON,B0DBLS79RN,,CL3RWXAPK,1,21.49,21.49,2026-07-30 12:46:52,amazon Dcvoltage,false
1211679,205-6950626-2505164,AMAZON,B0CBCN1B9S,,CRFF500BM+PHCH1BMRBM3PK+LSCY210BG3PK+ICST64E273PK,1,36.89,30.74,2026-07-30 12:36:17,amazon Ledsone,false
1211680,026-7093858-4744301,AMAZON,B08KW4CKK4,,12IP67150,1,15.99,15.99,2026-07-30 12:47:16,amazon SRM Amazon,false
1211685,205-5943703-0076360,AMAZON,B0DYTPN1NZ,,RWWPSY0640YE,1,5.41,5.41,2026-07-30 12:52:57,amazon Ledsone,false
1211686,205-5943703-0076360,AMAZON,B0DYT8NSY9,,RWWPSY0660YE,1,2.41,2.41,2026-07-30 12:52:57,amazon Ledsone,false
1211687,205-5943703-0076360,AMAZON,B0DYTRPNCT,,RWWPSY0630YE,1,1.99,1.99,2026-07-30 12:52:57,amazon Ledsone,false
1211688,205-4902066-4683558,AMAZON,B0F3DCCBP8,,CRFF108BM+WSSS70BM+SCRN70BM+LSFT220BM,1,20.99,17.49,2026-07-30 12:54:43,amazon Ledsone,false
1211692,203-1684606-4053960,AMAZON,B086224FLH,,LDMST64B2246PK,1,18.19,15.16,2026-07-30 13:00:34,amazon Ledsone,false
1211693,205-3593623-4036314,AMAZON,B0FPQYM3KQ,,LDCWT75B22123PK,1,17.89,14.91,2026-07-30 13:03:25,amazon Ledsone,false
1211695,203-0533566-0900321,AMAZON,B0CPBXD3C5,,LSCY290WH+RPR44WH,2,31.78,15.89,2026-07-30 13:07:08,amazon Dcvoltage,false
1211697,205-4442431-7655560,AMAZON,B092W947D9,,PHSF1PWR20WH+LSWE315GY,1,21.99,18.32,2026-07-30 13:09:52,amazon Ledsone,false
1211698,203-4105251-1229962,AMAZON,B093CBNPDS,,CRFF500BC+PHWL1PBRBC3PK,1,20.74,20.74,2026-07-30 17:20:34,amazon Ledsone,false
1211699,206-4704108-0854753,AMAZON,B0CGRSQKF1,,CRSF100BM+PHRYWP1RBM+ICST64E27,1,13.49,11.24,2026-07-30 13:12:56,amazon Ledsone,false
1211700,204-0189851-6369922,AMAZON,B0CSNH1JKT,,ENC9735,1,30.89,30.89,2026-07-30 13:13:14,amazon Dcvoltage,false
1211701,203-6419690-6461957,AMAZON,B0GLRKC9L5,,LSCY290DCB+RPR44WH,1,15.89,15.89,2026-07-30 13:17:46,amazon Dcvoltage,false
1211704,206-1962948-4926757,AMAZON,B081FBS4ZK,,CNP1000CH,1,7.69,7.69,2026-07-30 13:20:27,amazon Dcvoltage,false
1211705,205-3804268-7034748,AMAZON,B08DHD5LC8,,RPM40BM2PK,1,5.88,2.99,2026-07-30 13:20:38,amazon Dcvoltage,false
1211706,026-9354973-1581161,AMAZON,B0CZXHLR1Q,,TPOSBDBM2PK,1,44.69,37.24,2026-07-30 13:20:06,amazon Ledsone,false
1211707,205-2329852-6229926,AMAZON,B0DYTRPNCT,,RWWPSY0630YE,1,5.28,1.99,2026-07-30 13:22:34,amazon Ledsone,false
1211708,026-5383605-5293164,AMAZON,B0B71KX4H3,,CRSF100WH,1,8.88,4.99,2026-07-30 13:23:39,amazon Ledsone,false
1211713,204-5396966-4270715,AMAZON,B0D9RQQZYB,,WCDCBM3PK+RPR44WH3PK,1,23.89,19.91,2026-07-30 13:38:28,amazon Ledsone,false
1211716,206-9189663-3355536,AMAZON,B07D3Q8SQ9,,12IP67150,1,20.69,17.24,2026-07-30 13:39:33,amazon Ledsone,false
1211721,206-3511532-8554735,AMAZON,B0GQ98ZNZ9,,LHXCCE27BM3PK,1,11.58,7.24,2026-07-30 13:50:07,amazon Ledsone,false
1211722,204-6562923-6399502,AMAZON,B0CZXL6ZYG,,TPOSBDBM,1,28.49,20.50,2026-07-30 13:55:34,amazon Ledsone,false
1211734,204-1543086-7989949,AMAZON,B0F9X2RK3V,,CL3TBRAPK,1,20.99,17.49,2026-07-30 14:16:52,amazon Ledsone,false
1211748,205-8102756-2845127,AMAZON,B08V8LZWK4,,WCB6RR+RPR44WH,1,9.79,9.79,2026-07-30 14:32:49,amazon Dcvoltage,false
1211757,203-7816738-9282710,AMAZON,B0FZCW7KC7,,LSHM300HE+RPR44WH,1,21.89,21.89,2026-07-30 14:45:23,amazon Dcvoltage,false
1211758,206-7570082-8178755,AMAZON,B0G7CBNVMV,,12UK3P5A+SLW8,1,13.19,13.19,2026-07-30 14:47:46,amazon Dcvoltage,false
1211760,202-0138512-2438724,AMAZON,B0DHV3MDL3,,LDWWE27122PK,1,9.99,9.99,2026-07-30 14:57:38,amazon Dcvoltage,false
1211767,205-9499206-0437930,AMAZON,B0F844J935,,CRSF100BM+PHRYWP1RBM,1,12.29,10.24,2026-07-30 15:00:58,amazon Ledsone,false
1211768,204-7309625-3717106,AMAZON,B0CGRPTT6W,,CRSF100BM+PHRYWP2RBM,1,11.49,9.57,2026-07-30 15:05:12,amazon Ledsone,false
1211777,204-4388185-3130730,AMAZON,B0G7CBNVMV,,12UK3P5A+SLW8,1,13.19,13.19,2026-07-30 15:16:41,amazon Dcvoltage,false
1211779,204-4060505-5440302,AMAZON,B0CHP8ZB2M,,WCWODV1BM,3,55.49,16.57,2026-07-30 15:23:16,amazon Ledsone,false
1211780,202-6042692-0537924,AMAZON,B0DRYSRP11,,LHSHE27RO3PK,1,17.69,17.69,2026-07-30 15:26:25,amazon SRM Amazon,false
1211781,202-2330794-1442731,AMAZON,B08V8HWBYG,,CRSF100BM+PHSH1PBRBM+LSMS320GY,1,20.62,17.99,2026-07-30 15:29:30,amazon Dcvoltage,false
1211785,202-8938943-0985129,AMAZON,B0CV5D5D6G,,LDSSTRE2742PK,1,13.50,13.50,2026-07-30 15:31:27,amazon Ledsone,false
1211786,202-8938943-0985129,AMAZON,B09477YHK7,,LDMG95E278APK,1,29.32,29.32,2026-07-30 15:31:27,amazon Ledsone,false
1211787,203-9448074-5809155,AMAZON,B084R7QN2X,,WCB6BC+RPR44WH,1,9.99,8.32,2026-07-30 15:33:55,amazon Ledsone,false
1211788,206-2828293-6530767,AMAZON,B0B9Y59487,,CL3TBR5PK,1,13.79,11.49,2026-07-30 15:37:59,amazon Ledsone,false
1211789,026-4421706-0825164,AMAZON,B0C7KHDV56,,ENC1972,1,83.60,89.89,2026-07-30 15:35:48,amazon Dcvoltage,false
1211792,202-5341676-0431551,AMAZON,B0G1TG1W65,,CKKLYB,1,10.79,8.99,2026-07-30 15:41:05,amazon Ledsone,false
1211793,204-0801101-5220343,AMAZON,B093QJ6CSN,,PLTERR,1,20.89,17.41,2026-07-30 15:48:17,amazon Ledsone,false
1211798,203-5301408-1753920,AMAZON,B08SBM4RWK,,CRSF100YB+WSLS155YB+SCRN70YB+LSFT220YB,3,59.97,19.99,2026-07-30 15:54:45,amazon SRM Amazon,false
1211799,204-3188941-3987507,AMAZON,B09L8KTBJS,,CRSF100BM+PHCH1BMRBM+LSDO400GY,1,21.19,17.66,2026-07-30 15:49:38,amazon Ledsone,false
1211802,205-6287837-1145954,AMAZON,B0FFTCK3PV,,TPFC300BG,2,28.42,15.28,2026-07-30 16:06:27,amazon Dcvoltage,false
1211803,202-1468419-1753905,AMAZON,B0F29N25PN,,CERU72350GR,1,9.18,5.24,2026-07-30 15:56:43,amazon Ledsone,false
1211808,202-3478252-4941152,AMAZON,B08G52XXK2,,WSDM240BM+WCBNBM2PK,2,51.98,25.99,2026-07-30 16:11:25,amazon Dcvoltage,false
1211809,205-6579241-3442742,AMAZON,B0BNVPMZ2X,,LHC6E27WH,2,14.96,6.49,2026-07-30 16:22:40,amazon Dcvoltage,false
1211827,202-2400296-3389131,AMAZON,B0D73PXSLX,,ENC4847,1,28.09,28.09,2026-07-30 16:31:03,amazon Dcvoltage,false
1211828,202-8660987-0116324,AMAZON,B0DSBP4962,,PLTTBC+LSFT220BC,1,24.79,24.79,2026-07-30 16:36:13,amazon Dcvoltage,false
1211832,204-3941092-6729138,AMAZON,B0GY3YW6T7,,LSGL9015CL3PK+RPM40WH3PK,1,22.89,22.89,2026-07-30 16:43:38,amazon Dcvoltage,false
1211841,203-9942599-7398740,AMAZON,B0DCGDH22P,,LSWD360BC2PK+RPR44WH2PK,1,39.89,33.24,2026-07-30 16:49:34,amazon Ledsone,false
1211842,026-5732284-8399528,AMAZON,B083XST3WZ,,CL2TBR3PK,1,8.98,5.07,2026-07-30 16:58:06,amazon Ledsone,false
1211843,202-9948633-8259533,AMAZON,B08WJHR3FD,,CRSF100YB+LHNSE27YB+LSRP260YB,1,26.29,26.29,2026-07-30 16:55:01,amazon Dcvoltage,false
1211844,206-3206341-7627560,AMAZON,B0DHVPBKTW,,LHSHE27CH,3,23.67,7.89,2026-07-30 17:02:10,amazon Dcvoltage,false
1211845,204-4123159-5438767,AMAZON,B0FW4P3H8Z,,LSCYRO200BM+RPR44WH,2,35.78,14.91,2026-07-30 16:57:49,amazon Ledsone,false
1211851,203-4105251-1229962,AMAZON,B093CCVH5K,,CRFF500BB+PHWL1PBRBB3PK,1,20.74,20.74,2026-07-30 17:20:34,amazon Ledsone,false
1211852,203-4105251-1229962,AMAZON,B0F1BT838Q,,CRFF500BB+PHWL1PBRBB3PK+ICST64E273PK,1,24.99,24.99,2026-07-30 17:20:34,amazon Ledsone,false
1211853,204-5594388-7100305,AMAZON,B0DPMF1BGT,,PCDO20BM,1,8.78,4.91,2026-07-30 17:26:59,amazon Ledsone,false
1211861,026-9888583-8124322,AMAZON,B0BNXHF2BR,,CRSF100CO+PHSH1PBRCO+LSDO300CO,2,39.78,19.89,2026-07-30 17:42:38,amazon Dcvoltage,false
1211862,203-3789032-0912360,AMAZON,B0CP7P4T9Y,,LHC5E27WH,1,7.87,4.98,2026-07-30 17:46:18,amazon Dcvoltage,false
1211887,204-8730619-1565933,AMAZON,B0D93YW5XV,,CRSF100BM2PK+PHRYWP1RBM2PK+ICST64E272PK,4,104.87,28.19,2026-07-30 18:03:06,amazon Dcvoltage,false
1211888,205-0097994-6564341,AMAZON,B0F28YKH9K,,LSCY290RR+RPR44WH,1,15.89,13.24,2026-07-30 18:03:55,amazon Ledsone,false
1211889,203-1372770-9653929,AMAZON,B0DL2ZJ23Q,,PLHWBM2PK,1,21.89,21.89,2026-07-30 18:12:09,amazon Dcvoltage,false
1211896,205-0610597-5579516,AMAZON,B0CN12CQ9D,,CRFF500BM+PHTT1PBRBM3PK+WCBCBB3PK,1,27.89,29.99,2026-07-30 18:29:32,amazon Dcvoltage,false
1211905,204-8023779-0244308,AMAZON,B0BLZGY3D7,,LDMG95E2742PK,1,12.89,10.74,2026-07-30 18:32:11,amazon Ledsone,false
1211906,205-7073460-5595528,AMAZON,B0G39VRZ29,,LSGG200AR+SCRN70FG,1,23.99,19.99,2026-07-30 18:36:48,amazon Ledsone,false
1211909,026-8552683-2097907,AMAZON,B0D83PFMTP,,WCDCBM3PK+RPR44WH3PK,1,23.49,23.49,2026-07-30 18:44:04,amazon Dcvoltage,false
1211910,203-7169133-6627534,AMAZON,B0FB3ZBZP1,,LDMC35E144APK,1,25.19,20.99,2026-07-30 18:43:11,amazon Ledsone,false
1211911,203-2998723-0960351,AMAZON,B09HL56P6W,,CRSF100GY+PHRB1PWRPW+CGWDWO+LSWE315GY,1,19.89,16.57,2026-07-30 18:43:07,amazon Ledsone,false
1211915,206-2662575-8454714,AMAZON,B07Z7QYYXV,,PLOTBB,1,18.69,18.69,2026-07-30 18:58:17,amazon Dcvoltage,false
1211918,026-8203712-1835505,AMAZON,B0D53FZ8GS,,WCB2WH2PK+RPR44WH2PK,1,15.29,15.29,2026-07-30 19:10:05,amazon Dcvoltage,false
1211919,202-5293022-2804336,AMAZON,B07YV66L3P,,CRSF100BM2PK+PHCH1BMRBM2PK+LSCY290BM2PK,2,65.08,34.99,2026-07-30 19:03:32,amazon Dcvoltage,false
1211934,204-9727310-6703504,AMAZON,B07J9RVYFK,,CRSF100CO+PHUP1PBRCO,4,40.51,10.89,2026-07-30 19:33:41,amazon Dcvoltage,false
1211936,205-9154271-7099535,AMAZON,B0B8VVQSNV,,LDSG125LOE274,1,8.99,7.49,2026-07-30 19:43:20,amazon Ledsone,false
1211944,202-1771232-4931501,AMAZON,B0GQ477V54,,LSGLLF170AR+RPM40WH,2,22.12,11.89,2026-07-30 20:03:00,amazon Dcvoltage,false
1211949,205-7815662-3125916,AMAZON,B0CNXKLKWH,,CL3TBK3PK,1,7.78,4.49,2026-07-30 20:11:05,amazon Dcvoltage,false
1211956,206-4629264-5187551,AMAZON,B07ZFWL5T1,,CRFF100GB+LHNSE27GB,1,13.89,13.89,2026-07-30 20:25:18,amazon Dcvoltage,false
1211960,204-0873339-7929122,AMAZON,B0BNXJQKHK,,CRSF100SN+PHRI1PCRSN+LSDM220SN+ICST64E27,1,24.89,24.89,2026-07-30 20:31:19,amazon Dcvoltage,false
1211961,205-7781205-0530748,AMAZON,B0C7GKYFRW,,ENC5166,1,19.89,19.89,2026-07-30 20:42:35,amazon Dcvoltage,false
1211962,204-2707187-2485112,AMAZON,B0DTHKSHFY,,WCB7BS3PK+RPR44WH3PK,1,22.29,22.29,2026-07-30 20:36:06,amazon Dcvoltage,false
1211966,204-2042782-3282761,AMAZON,B0G4QXV4B3,,CRSF100BC+PHHF1PBRBC+LSWD360BC,1,22.89,22.89,2026-07-30 20:46:19,amazon Dcvoltage,false
1211967,026-3797598-4849157,AMAZON,B0CVB56KN2,,PHSF1GDTFG,1,14.89,14.89,2026-07-30 20:46:52,amazon SRM Amazon,false
1211975,205-3841339-4457112,AMAZON,B0GW7VBY3J,,LHSWPBB22GD,1,12.78,8.24,2026-07-30 20:48:43,amazon Ledsone,false
1211976,204-9458952-5801914,AMAZON,B09L8KS17V,,CRSF100BM+PHCH1BMRBM+LSDO400BI,3,63.57,17.66,2026-07-30 20:54:10,amazon Ledsone,false
1211978,204-5197776-4874762,AMAZON,B0CZ9DVYSG,,LSMS320NB2PK+RPR44WH2PK,1,25.89,25.89,2026-07-30 20:53:51,amazon Dcvoltage,false
1211989,203-2522033-8689135,AMAZON,B08NTKB1DM,,CRFF500BM+PHCH1BMRBM3PK+LSCY210BG3PK,1,38.79,32.32,2026-07-30 21:15:01,amazon Ledsone,false
1211993,203-6528405-0458768,AMAZON,B095KVLJM4,,CRSF100BM+LHHTE27BM+WCDCBM,1,17.89,14.91,2026-07-30 21:23:45,amazon Ledsone,false
1211996,206-9875609-0734707,AMAZON,B0F32ZP7ST,,RWWPSN12GY,3,8.86,1.66,2026-07-30 21:33:04,amazon Ledsone,false
1212002,202-6845414-5924315,AMAZON,B0C1T7LCHN,,ENC684,1,23.89,19.91,2026-07-30 21:54:39,amazon Ledsone,false
1212003,203-9993190-9134721,AMAZON,B08XBYXQC6,,CL3TBRAPK,1,19.99,19.99,2026-07-30 21:56:08,amazon Dcvoltage,false
1212009,203-9628120-7616306,AMAZON,B0CNCVVNH9,,WLWOFTBM5PK,1,36.39,36.39,2026-07-30 22:20:52,amazon Dcvoltage,false
1212010,204-7260727-2593107,AMAZON,B0GGHFVG9H,,CRFF100GB2PK+LHNSE27GB2PK+ICST64E272PK,1,27.89,27.89,2026-07-30 22:23:38,amazon Dcvoltage,false
1212014,204-8161321-4897907,AMAZON,B0BY52F5KT,,LSDO400BI+RPR44WH,2,38.98,19.49,2026-07-30 22:28:17,amazon Dcvoltage,false
1212019,206-6291349-0100327,AMAZON,B0CP93SWJ5,,CRSF100GB2PK+PHCHPBRGB2PK+LSCY290GB2PK,1,37.89,37.89,2026-07-30 22:39:15,amazon Dcvoltage,false
1212026,026-6124791-5878747,AMAZON,B0DH4KYFPD,,WCDTBM2PK+RPR44WH2PK,1,18.19,15.16,2026-07-30 23:06:17,amazon Ledsone,false
1212027,204-5788965-2795511,AMAZON,B08XW91G7T,,WCB7WH+RPR44WH,1,10.01,10.01,2026-07-30 23:10:27,amazon Dcvoltage,false
1212028,203-7648751-3433926,AMAZON,B086228MDF,,LDMST64B2286PK,1,19.89,16.57,2026-07-30 23:13:13,amazon Ledsone,false
1212030,203-6660629-2539561,AMAZON,B09V89M92G,,CRSF2003BM+PHHN1PBRGD3PK+LSDO210RE3PK,1,38.89,32.41,2026-07-30 23:27:51,amazon Ledsone,false
1212035,026-1426527-9547506,AMAZON,B0DTHKSHFY,,WCB7BS3PK+RPR44WH3PK,1,22.29,22.29,2026-07-30 23:44:59,amazon Dcvoltage,false
1212047,204-7871896-1667565,AMAZON,B0D8L1HQXM,,RWWPSY0660YE,1,5.97,2.99,2026-07-31 01:37:04,amazon Dcvoltage,false
1212049,203-9207853-1377152,AMAZON,B0DTPYH484,,LSCY290WH+RPR44WH,1,15.89,13.24,2026-07-31 01:47:32,amazon Ledsone,false
1212053,206-5315714-4917108,AMAZON,B0CT5PY35Z,,STFG4845WH,1,6.38,3.49,2026-07-31 02:56:40,amazon Dcvoltage,false
1212056,205-6917044-7843544,AMAZON,B0H3918NPV,,LSGL9015GY5PK+RPM40WH5PK,1,45.89,45.89,2026-07-31 03:47:21,amazon Dcvoltage,false
1212080,026-3209273-2749968,AMAZON,B0CPBX9LYX,,LSCY290BC+RPR44WH,1,15.89,15.89,2026-07-31 05:44:00,amazon Dcvoltage,false
1212081,203-2272110-6254753,AMAZON,B0CSJZYHF8,,STBFT50M48EWH6PK,1,11.23,8.34,2026-07-31 06:01:53,amazon Dcvoltage,false
1212082,206-3686426-5469101,AMAZON,B07SBVXTP1,,CRSF2003GB,1,11.49,11.49,2026-07-31 06:13:39,amazon Dcvoltage,false
1212084,205-8349376-8535549,AMAZON,B0CVMYZXG2,,RWWPSY08GY,1,4.78,1.57,2026-07-31 06:22:34,amazon Ledsone,false
1212085,206-7216128-4226733,AMAZON,B0FN7F1LD2,,CRSF100WH+LHNSE27WH+ICST64E27,1,15.99,15.99,2026-07-31 06:26:55,amazon SRM Amazon,false
1212088,204-8937571-5598752,AMAZON,B08V87L9TG,,WCB6BC+RPR44WH,1,10.06,10.06,2026-07-31 06:49:05,amazon Dcvoltage,false
1212091,204-2609291-5533107,AMAZON,B0FN4CNSPS,,PLHCBS+LSDO210BS3PK,2,90.88,39.86,2026-07-31 06:39:18,amazon Ledsone,false
1212096,203-0562896-2722766,AMAZON,B0D5R1HHGH,,LSMCSQWYBL2PK+RPM40WH2PK,1,43.09,43.09,2026-07-31 06:54:02,amazon Dcvoltage,false
1212101,206-8577122-6887539,AMAZON,B0CC62L6NS,,CRSF100HBM+WSHR135BM+PSDS2BPB+LSFT220GR,1,22.89,19.07,2026-07-31 07:00:18,amazon Ledsone,false
1212102,206-7122392-9417135,AMAZON,B0F7973FYS,,CGCEYB5PK,1,4.18,1.89,2026-07-31 07:00:56,amazon SRM Amazon,false
1212118,205-1839249-4081939,AMAZON,B0CZXL6ZYG,,TPOSBDBM,1,24.60,20.50,2026-07-31 07:45:25,amazon Ledsone,false
1212119,205-1055547-2349908,AMAZON,B0CNGGP2YF,,TPHTTN2PBRBM,1,17.00,18.89,2026-07-31 07:48:27,amazon Dcvoltage,false
1212131,202-7423979-7761959,AMAZON,B09L8GSM5V,,PHSH1HETYB+LSCY290BL,1,21.89,18.24,2026-07-31 08:22:14,amazon Ledsone,false
1212132,203-2976000-8525149,AMAZON,B0CSJSYRJS,,WCCYSQGD2PK,1,35.89,29.91,2026-07-31 08:24:19,amazon Ledsone,false
1212138,206-2327518-9363529,AMAZON,B0CPBXBX8H,,LSCY290RE+RPR44WH,1,15.89,15.89,2026-07-31 08:32:30,amazon Dcvoltage,false
1212139,206-2327518-9363529,AMAZON,B0CPBXK43C,,LSCY290NB+RPR44WH,1,15.89,15.89,2026-07-31 08:32:30,amazon Dcvoltage,false
1212140,206-5776230-2057905,AMAZON,B0DH4KYFPD,,WCDTBM2PK+RPR44WH2PK,1,18.19,15.16,2026-07-31 08:33:30,amazon Ledsone,false
1212141,203-8871094-3271550,AMAZON,B0FPWYRDQT,,LDCWA55B2256PK,1,9.68,5.99,2026-07-31 08:36:13,amazon Ledsone,false
1212146,205-3645821-9392364,AMAZON,B0D28TWPYD,,LSCY290BC2PK+RPR44WH2PK,1,25.79,21.49,2026-07-31 08:49:13,amazon Ledsone,false
1212147,026-1560916-6420337,AMAZON,B0D97YV7TB,,WCWDBM2PK+RPR44WH2PK,1,15.29,12.74,2026-07-31 08:49:55,amazon Ledsone,false
1212148,203-5834581-2100309,AMAZON,B0CVL9XQ1L,,LSEL400YE+RPR44WH,1,14.94,12.45,2026-07-31 08:52:24,amazon Ledsone,false
1212149,205-0871285-6256315,AMAZON,B0CFR1D4ZS,,WLFSWWHE2PK+ICST64E272PK,1,40.89,34.07,2026-07-31 08:57:15,amazon Ledsone,false
1212150,206-7030879-9454705,AMAZON,B0DTQ2P2B4,,LDMST64E274,3,20.67,5.74,2026-07-31 08:57:50,amazon Ledsone,false
1212151,202-7402069-4509949,AMAZON,B0DG2C248J,,LDMA60E2743PK,1,11.89,9.91,2026-07-31 09:11:52,amazon Ledsone,false
1212156,205-3697221-3176352,AMAZON,B0G1TG1W65,,CKKLYB,1,11.99,9.99,2026-07-31 09:05:11,amazon Ledsone,false
1212158,204-6088782-6410704,AMAZON,B0CPBYMBNK,,LSCY290BM+RPR44WH,1,15.89,15.89,2026-07-31 09:07:16,amazon Dcvoltage,false
1212168,206-6549361-9475565,AMAZON,B0CMCPXP21,,CRFF500CH+WCCY1ROCH3PK+LDMT45E2743PK,1,62.89,52.41,2026-07-31 09:39:22,amazon Ledsone,false
1212185,203-2714704-1687509,AMAZON,B0CZXL6ZYG,,TPOSBDBM,1,24.60,20.50,2026-07-31 10:07:04,amazon Ledsone,false
1212186,202-4402167-9002766,AMAZON,B0CC9N8HJS,,LSLT360BU+RPR44WH,1,13.89,13.89,2026-07-31 10:06:07,amazon Dcvoltage,false
1212189,206-9153103-0914731,AMAZON,B0CN4NXPG7,,PLHLBC,1,18.49,18.49,2026-07-31 10:14:27,amazon Dcvoltage,false
1212192,206-2692449-4269956,AMAZON,B0GNZB4BPN,,LHXSHE27WH3PK,1,21.69,18.07,2026-07-31 10:25:03,amazon Ledsone,false
1212193,202-6801843-4950721,AMAZON,B0DCK1WP5M,,SPSDP3WH2PK,1,8.98,5.07,2026-07-31 10:27:48,amazon Ledsone,false
1212198,206-9378820-8804336,AMAZON,B0DC44PDT5,,WLFSWDBM2PK,1,52.89,52.89,2026-07-31 10:26:31,amazon Dcvoltage,false
1212200,204-0176266-5889140,AMAZON,B0CNJX1DV8,,WCB7WH+RPR44WH,1,9.98,9.98,2026-07-31 10:42:50,amazon Dcvoltage,false
1212201,026-0597479-5691555,AMAZON,B09B7VL73B,,LSTF40YB+RPR44WH,2,23.98,11.99,2026-07-31 10:48:02,amazon Dcvoltage,false
1212203,203-1277576-9334720,AMAZON,B0C6KPDR1H,,ENC5699,1,23.69,19.74,2026-07-31 10:40:50,amazon Ledsone,false
1212210,026-5565235-6597966,AMAZON,B0CZXL6ZYG,,TPOSBDBM,1,24.60,20.50,2026-07-31 10:51:45,amazon Ledsone,false
1212215,202-9042330-8237924,AMAZON,B081DVH4LT,,PLHIRR,1,58.89,58.89,2026-07-31 11:09:12,amazon Dcvoltage,false
1212220,206-4278844-3166701,AMAZON,B0DH952KYG,,CL3TBU5PK,1,11.99,11.99,2026-07-31 11:13:18,amazon Dcvoltage,false
1212221,203-9627258-3521139,AMAZON,B0F29GB76Y,,SPSD78SN2PK,1,10.78,6.57,2026-07-31 11:07:55,amazon Ledsone,false
1212227,026-7850542-8013161,AMAZON,B0DX19J4S2,,LHSHE27CO2PK,1,10.89,10.89,2026-07-31 11:28:42,amazon SRM Amazon,false
1212228,204-8962831-9224364,AMAZON,B0CNCVVNH9,,WLWOFTBM5PK,2,69.14,36.39,2026-07-31 11:23:02,amazon Dcvoltage,false
1212236,206-5501138-0228357,AMAZON,B09MWJ5PZX,,ENC2222,2,68.62,30.74,2026-07-31 11:34:19,amazon Ledsone,false
1212237,204-4274451-3181144,AMAZON,B0CNG5GG2X,,TPHTTF2PBRBM,1,19.89,19.89,2026-07-31 11:30:10,amazon Dcvoltage,false
1212238,203-7710473-2400348,AMAZON,B0C6LY8XZG,,12UK3P1A,1,8.38,5.49,2026-07-31 11:32:25,amazon Dcvoltage,false
1212247,203-0175790-7213931,AMAZON,B08SHV91ZW,,CRFF100BM+PHUP1PBRBM+CNT900BM,1,11.99,11.99,2026-07-31 11:47:38,amazon Dcvoltage,false
1212248,202-1243567-6873142,AMAZON,B0F944BWSZ,,CL3TBM3PK,1,9.49,7.91,2026-07-31 11:44:33,amazon Ledsone,false
1212252,206-5117053-3176346,AMAZON,B092DTV4GG,,PHCH1FBRBM+LSCY290BI,1,21.89,18.24,2026-07-31 11:54:56,amazon Ledsone,false
1212253,203-8411490-4507563,AMAZON,B0GDDFC6TS,,LDMT185E2733PK,1,13.39,11.16,2026-07-31 11:57:15,amazon Ledsone,false
1212262,202-0751077-3581117,AMAZON,B0DT9T1K84,,LDMST64B228APK,1,25.89,25.89,2026-07-31 12:03:46,amazon Dcvoltage,false
1212273,203-3020230-4575517,AMAZON,B08PYZLJCK,,12IP6745,1,15.89,15.89,2026-07-31 12:27:55,amazon SRM Amazon,false
1212274,204-2615557-3446757,AMAZON,B0GMRH36DQ,,LSFT220BW3PK+RPR44WH3PK,1,25.89,21.57,2026-07-31 12:19:24,amazon Ledsone,false
1212280,204-5369344-8670706,AMAZON,B08RYTP5WV,,HRE2738WH2PK,1,3.80,0.91,2026-07-31 12:37:33,amazon SRM Amazon,false
1212287,203-8051419-5917167,AMAZON,B0GZGF4XT5,,HLBP128BB3PK,1,12.58,8.07,2026-07-31 12:42:51,amazon Ledsone,false
1212288,206-1104947-3851536,AMAZON,B0FZCY5184,,LSHM300HE2PK+RPR44WH2PK,1,42.69,42.69,2026-07-31 12:51:18,amazon Dcvoltage,false
1212292,206-0002814-8640367,AMAZON,B0DH4KYFPD,,WCDTBM2PK+RPR44WH2PK,1,18.19,15.16,2026-07-31 12:51:18,amazon Ledsone,false
1212296,026-7695476-5746744,AMAZON,B0CBVBWZCG,,CRSF2003BM+PHRB1PBR40BM3PK+LSBS160RE3PK,1,36.89,30.74,2026-07-31 13:04:15,amazon Ledsone,false
1212297,026-2955872-3642766,AMAZON,B0GTMJFSTP,,LSGL15014CL2PK+RPM40WH2PK,1,14.89,12.41,2026-07-31 13:09:21,amazon Ledsone,false
1212298,202-0771796-0135547,AMAZON,B0F24BQX3Y,,WCWYBM2PK,1,11.68,11.68,2026-07-31 13:00:25,amazon Dcvoltage,false
1212299,026-0930453-2694706,AMAZON,B0CBRL28PQ,,PHDH1HETHE,4,69.12,18.19,2026-07-31 13:01:51,amazon Dcvoltage,false
1212300,026-6037877-6560349,AMAZON,B08V8GXTQ1,,WCB6BM+RPR44WH,1,10.09,10.09,2026-07-31 13:04:49,amazon Dcvoltage,false
1212304,202-7024112-7877928,AMAZON,B0DP24V286,,12UK3P2A,1,8.49,8.49,2026-07-31 13:17:00,amazon Dcvoltage,false
1212309,202-7703312-3537944,AMAZON,B0CN12CQ9D,,CRFF500BM+PHTT1PBRBM3PK+WCBCBB3PK,1,27.89,29.99,2026-07-31 13:20:17,amazon Dcvoltage,false
1212310,204-9261438-2737967,AMAZON,B08XC25WCD,,CL3TBMAPK,1,21.99,21.99,2026-07-31 13:21:59,amazon Dcvoltage,false
1212317,203-6350308-8741128,AMAZON,B08WJHR3FD,,CRSF100YB+LHNSE27YB+LSRP260YB,1,26.29,26.29,2026-07-31 13:32:50,amazon Dcvoltage,false
1212318,026-7555527-3242700,AMAZON,B0D9RVLLF7,,WCDTWH3PK+RPR44WH3PK,1,26.89,18.24,2026-07-31 13:31:22,amazon Ledsone,false
1212319,026-5135195-4273951,AMAZON,B0CZXL6ZYG,,TPOSBDBM,1,24.60,20.50,2026-07-31 13:33:11,amazon Ledsone,false
1212338,202-8183110-5625151,AMAZON,B0DLBFH747,,PCBM20DS5PK,1,8.78,4.91,2026-07-31 14:03:27,amazon Ledsone,false
1212339,204-1316744-0798724,AMAZON,B0CM9N3TPP,,PLTYBC+ICST64E27,1,20.89,17.41,2026-07-31 14:05:12,amazon Ledsone,false
1212340,026-8914188-4829935,AMAZON,B0D6NBRV3X,,COY9ABM3PK,2,34.02,18.29,2026-07-31 14:11:08,amazon Dcvoltage,false
1212356,203-0734056-7532322,AMAZON,B0CW1TB57F,,RWWPSY0660YE,1,5.78,2.41,2026-07-31 14:25:48,amazon Ledsone,false
1212359,206-5123412-2473142,AMAZON,B08TX35XSK,,LSMS320GY+RPR44WH,1,14.99,14.99,2026-07-31 14:32:54,amazon Dcvoltage,false
1212360,026-7830343-6888358,AMAZON,B07YL2993Y,,RD255PK,1,5.09,5.09,2026-07-31 14:36:50,amazon Dcvoltage,false
1212366,206-7640384-0529942,AMAZON,B083XJ43Y5,,CL2RWH3PK,1,8.88,4.99,2026-07-31 14:47:52,amazon Ledsone,false
1212367,026-6146703-6314758,AMAZON,B08RYTP5WV,,HRE2738WH2PK,1,3.80,0.91,2026-07-31 14:47:42,amazon SRM Amazon,false
1212369,202-3193563-8582704,AMAZON,B07YV5HQGP,,PHSF1BMRBM3PK+LSCY290BM3PK,1,42.89,42.89,2026-07-31 14:50:43,amazon Dcvoltage,false
1212373,204-8423330-5006762,AMAZON,B0D56Z8CHY,,WCB6WH2PK+RPR44WH2PK,1,15.89,15.89,2026-07-31 14:57:53,amazon Dcvoltage,false
1212377,203-5667535-6489167,AMAZON,B0DTHZ1JX5,,WCDCBM4PK+RPR44WH4PK,1,28.49,23.74,2026-07-31 15:06:19,amazon Ledsone,false
1212378,204-0107111-0002723,AMAZON,B0CN31XK9H,,WCB6BC3PK+RPR44WH3PK,1,22.29,22.29,2026-07-31 15:00:27,amazon Dcvoltage,false
1212385,206-6501161-1570713,AMAZON,B0DLBFH747,,PCBM20DS5PK,2,14.67,4.91,2026-07-31 15:19:28,amazon Ledsone,false
1212397,202-8205543-3277157,AMAZON,B0C9WZ8PNF,,LSDO210BM+RPR44WH,2,23.78,11.89,2026-07-31 15:25:47,amazon Dcvoltage,false
1212400,206-9893449-8221129,AMAZON,B0FB3YW9R9,,LDMC35E1449PK,1,21.39,17.82,2026-07-31 15:32:47,amazon Ledsone,false
1212405,206-0232710-4677136,AMAZON,B0GTV48J5T,,LDMT185B224,1,5.99,4.99,2026-07-31 15:51:17,amazon Ledsone,false
1212406,202-9333222-8437101,AMAZON,B07CVF7ZMC,,LDMG95E274,1,6.99,6.99,2026-07-31 15:50:56,amazon Dcvoltage,false
1212414,202-4889476-1865948,AMAZON,B0C7H1M3JD,,LSFT220BG+RPR44WH,1,12.89,12.89,2026-07-31 15:57:40,amazon Dcvoltage,false
1212415,026-0243689-4623505,AMAZON,B0GDDXB14R,,LDMT185E2732PK,1,10.99,9.16,2026-07-31 16:02:53,amazon Ledsone,false
1212431,206-0321682-1703541,AMAZON,B0CFHKYH59,,CRSF100BM2PK+PHRYWP2RBM2PK,1,18.88,16.91,2026-07-31 16:26:55,amazon Ledsone,false
1212432,206-3741415-0358761,AMAZON,B0CGRPTT6W,,CRSF100BM+PHRYWP2RBM,1,10.68,9.57,2026-07-31 16:26:55,amazon Ledsone,false
1212439,026-4739318-0296357,AMAZON,B0D7MP6T33,,CRFF105CO2PK,1,13.89,11.57,2026-07-31 16:47:20,amazon Ledsone,false
1212440,204-5279602-6284340,AMAZON,B0CP7MN8ZP,,LHC6E27WH,4,21.45,4.99,2026-07-31 16:42:00,amazon Dcvoltage,false
1212449,204-9930239-1913146,AMAZON,B0CBPSWQ16,,WCB6WH2PK+RPR44WH2PK,1,16.89,16.89,2026-07-31 16:58:26,amazon Dcvoltage,false
1212450,204-9930239-1913146,AMAZON,B0D59MHSXN,,WCB3WH2PK+RPR44WH2PK,1,15.49,15.49,2026-07-31 16:58:26,amazon Dcvoltage,false
1212452,205-2581191-6688357,AMAZON,B0DX6NBT9P,,CENU19150WH,1,4.38,0.91,2026-07-31 16:56:53,amazon Ledsone,false
1212461,206-2992587-2157907,AMAZON,B0C7KHDV56,,ENC1972,1,83.60,89.89,2026-07-31 17:10:44,amazon Dcvoltage,false
1212466,026-1539332-4181968,AMAZON,B0F799YBJ9,,CTBOP13L+CTBOP18L+CTBOP23L,1,14.89,14.89,2026-07-29 18:11:44,amazon Dcvoltage,false
1212467,206-3782518-9452329,AMAZON,B0CKVYXH3S,,TPHTTF2PBRBM+LSMCSPFLMC,1,30.59,27.41,2026-07-31 17:26:09,amazon Ledsone,false
1212475,204-3800571-0921907,AMAZON,B0CNCVVNH9,,WLWOFTBM5PK,1,32.75,36.39,2026-07-31 17:34:39,amazon Dcvoltage,false
1212476,203-4002709-8934755,AMAZON,B0CRZ5Z4LM,,LSCY290CH+RPR44WH,1,18.29,18.29,2026-07-31 17:32:35,amazon Dcvoltage,false
1212478,206-9439589-4771536,AMAZON,B0CN35TJ6V,,CRSF100BM+PHSH1PBRBM+LSCY290NB,1,17.00,14.17,2026-07-31 17:35:19,amazon Ledsone,false
1212485,026-3494553-0693955,AMAZON,B08JYT7FN5,,PSDS2BMRBR,1,11.99,11.99,2026-07-31 17:48:14,amazon SRM Amazon,false
1212492,026-5045601-0700335,AMAZON,B08V8MZLXQ,,WCB6BB+RPR44WH,1,10.09,10.09,2026-07-31 18:11:32,amazon Dcvoltage,false
1212498,205-7608602-3741124,AMAZON,B0CLZYFPLL,,CRSF100GB+PHCHPBRGB+LSCY290GB,2,49.78,20.74,2026-07-31 18:35:34,amazon Ledsone,false
1212499,204-6036944-1309155,AMAZON,B0CZXL6ZYG,,TPOSBDBM,1,24.60,20.50,2026-07-31 18:33:11,amazon Ledsone,false
1212500,205-0491394-6400337,AMAZON,B07F9R3GVS,,LDMG95E278,1,8.19,8.19,2026-07-31 18:41:27,amazon Dcvoltage,false
1212506,202-7804346-4545932,AMAZON,B08V51F3BN,,CRSF100BM+PHCH1PBRSBM+LSMS320BI,4,80.69,21.69,2026-07-31 18:56:18,amazon Dcvoltage,false
1212509,202-3024088-0218750,AMAZON,B0BWYSZWDY,,CRSF100GS+WSWH135BM+LSHQ150BM,8,148.12,16.24,2026-07-31 18:56:18,amazon Ledsone,false
1212512,205-7516540-5760347,AMAZON,B0DF7BD73R,,CRSF100BM+PHRYWP1RBM,1,11.49,9.57,2026-07-31 19:06:02,amazon Ledsone,false
1212513,203-0428274-2094737,AMAZON,B0FN7GZ1FJ,,CRSF100WH+LHNSE27WH,1,14.28,11.99,2026-07-31 19:11:54,amazon SRM Amazon,false
1212522,206-7089400-3805105,AMAZON,B08462DT5R,,LDMG80B224,1,6.19,5.16,2026-07-31 19:30:59,amazon Ledsone,false
1212525,204-9365894-3823501,AMAZON,B0C6F6P7TW,,WCB2WH+RPR44WH,1,9.99,8.32,2026-07-31 19:41:19,amazon Ledsone,false
1212526,203-9727997-4900319,AMAZON,B0DTY7H97T,,WCVCBC3PK+RPR44WH3PK,1,24.49,16.24,2026-07-31 19:40:28,amazon Ledsone,false
1212529,026-9698726-1966743,AMAZON,B0CRZ5HJTF,,LSCY290BL+RPR44WH,1,15.89,15.89,2026-07-31 19:52:52,amazon Dcvoltage,false
1212530,202-6019667-6877914,AMAZON,B0DH5XYHJJ,,CL2TCR3PK,1,11.28,7.99,2026-07-30 15:57:17,amazon Dcvoltage,false
1212531,204-6032041-6986708,AMAZON,B0DMT7YGQN,,PCMT20SN,1,10.08,5.99,2026-07-31 19:51:13,amazon Ledsone,false
1212544,203-4917701-2049915,AMAZON,B08WRC297L,,PHCT1BMRBM+PHBA1BMRBM+LSDO400BM,1,30.49,30.49,2026-07-31 20:26:41,amazon Dcvoltage,false
1212547,206-7887850-7157147,AMAZON,B0FY5NVS4S,,LDSG1007E272PK,1,20.99,17.49,2026-07-31 20:29:39,amazon Ledsone,false
1212548,206-8469164-7098706,AMAZON,B0CVLC55W4,,LSTF400GY+RPR44WH,1,17.39,17.39,2026-07-31 20:36:59,amazon Dcvoltage,false
1212552,206-4522163-8423500,AMAZON,B0GLFZ9BSJ,,LSGLFP245BR+RPM40WH,1,18.89,18.89,2026-07-31 20:55:35,amazon Dcvoltage,false
1212554,206-3648018-4415553,AMAZON,B0DBVRQ3H9,,ENC7543,1,28.79,23.99,2026-07-31 20:52:40,amazon Ledsone,false
1212556,202-6473983-7361903,AMAZON,B08VGPWXG1,,LSCY290OR+RPR44WH,1,15.49,15.49,2026-07-31 21:01:29,amazon Dcvoltage,false
1212557,204-7862714-5835548,AMAZON,B0DH9BZVRP,,CL3TBR5PK,1,11.99,11.99,2026-07-31 21:06:06,amazon Dcvoltage,false
1212558,204-8636418-9682707,AMAZON,B0BLZFGY38,,LDMG95E274APK,1,27.89,23.24,2026-07-31 21:01:48,amazon Ledsone,false
1212564,026-5086109-9138710,AMAZON,B0DH4KYFPD,,WCDTBM2PK+RPR44WH2PK,1,18.19,15.16,2026-07-31 21:17:53,amazon Ledsone,false
1212571,206-8813749-5234718,AMAZON,B0C9WY4FB9,,LSUL220BM+RPR44WH,1,10.99,10.99,2026-07-31 21:21:13,amazon Dcvoltage,false
1212572,202-4377243-2590742,AMAZON,B0F1CX9BKB,,RWWPSY10100YE,2,13.98,6.99,2026-07-31 21:25:02,amazon Dcvoltage,false
1212573,202-4377243-2590742,AMAZON,B0F1CZ7G5X,,RWWPSY1080YE,1,5.19,5.19,2026-07-31 21:25:02,amazon Dcvoltage,false
1212575,204-1416738-8241969,AMAZON,B0C5QMYCLL,,WCVCBS+RPR44WH,1,10.09,10.09,2026-07-31 21:30:24,amazon Dcvoltage,false
1212576,202-6112233-9758717,AMAZON,B0CBRMTDB5,,PHHR2HETHE,2,25.58,12.79,2026-07-31 21:34:48,amazon Dcvoltage,false
1212577,202-6112233-9758717,AMAZON,B0CBRMTDB5,,PHHR2HETHE,2,25.58,12.79,2026-07-31 21:34:48,amazon Dcvoltage,false
1212578,205-7726501-1049928,AMAZON,B0FZCQMY9B,,LSHM400HE2PK+RPR44WH2PK,1,53.69,53.69,2026-07-31 21:36:25,amazon Dcvoltage,false
1212596,205-0044266-5803574,AMAZON,B095P8K2TV,,CRSF100YB+WSNW170YB+LSUL220BB,1,17.89,14.91,2026-07-31 22:06:33,amazon Ledsone,false
1212599,026-9053889-7867513,AMAZON,B093HB7L5H,,LSMS320BI+RPR44WH,1,14.99,12.49,2026-07-31 22:26:09,amazon Ledsone,false
1212601,205-5044118-4137153,AMAZON,B0CGDW8WRR,,CRSF100WH+PHRN1PCRWH,1,11.49,9.57,2026-07-31 22:32:26,amazon Ledsone,false
1212602,203-4122841-8711503,AMAZON,B0DDCGBPQJ,,LDMG125B228,1,10.89,10.89,2026-07-31 22:32:16,amazon SRM Amazon,false
1212603,205-5068886-6361925,AMAZON,B0FZCRB2RS,,LSHM400HE+RPR44WH,1,28.69,28.69,2026-07-31 22:38:00,amazon Dcvoltage,false
1212608,205-2038516-1170707,AMAZON,B0CNXL52CF,,CL3RBM3PK,1,7.78,4.49,2026-07-31 22:53:19,amazon Dcvoltage,false
1212609,206-1706802-7321107,AMAZON,B0FRML5GMP,,PLMJBC,1,26.69,22.24,2026-07-31 22:49:46,amazon Ledsone,false
1212612,204-3250709-1613946,AMAZON,B0F7LVPY77,,LSFT220GY2PK+RPR44WH2PK,1,19.89,19.89,2026-07-31 23:17:15,amazon Dcvoltage,false
1212617,204-6124744-3877927,AMAZON,B0CB8BV8GD,,LSFT220GY+RPR44WH,1,10.79,10.79,2026-07-31 23:17:15,amazon Dcvoltage,false
1212619,026-7859801-3136315,AMAZON,B084RCKRV7,,WCB6BS+RPR44WH,1,10.09,8.41,2026-07-31 23:31:30,amazon Ledsone,false
1213678,205-2705690-4185122,AMAZON,B0CDPX4PJM,,PHHR1DSTHE,1,14.29,11.91,2026-07-30 07:17:25,amazon Ledsone,false
