order_item_info,order_id,source_name,asin,item_id,sku,quantity,order_total,item_price,order_date,ss_name,fba_sales
1110297,18-14289-84418,EBAY,,164006555006,LSFT220GB+RPR44WH,3,26.28,9.42,2026-03-01 00:00:09,led_sone,false
1110313,20-14287-23450,EBAY,,164055884914,LSTL260BS+RPR44WH,3,18.09,6.49,2026-03-01 01:54:28,led_sone,false
1110349,20-14287-66794,EBAY,,313614826113,CRSF100BM+LHNSE27YB+SCRN70BM+LSFT220BM,1,14.56,15.66,2026-03-01 04:41:10,so_926407,false
1110362,25-14280-90359,EBAY,,314243310672,CNS500BB,4,25.20,5.99,2026-03-01 07:34:20,so_926407,false
1110371,18-14290-93505,EBAY,,167922606736,CL3RBR5PK,1,10.99,10.99,2026-03-01 08:07:54,led_sone,false
1110382,01-14315-84096,EBAY,,167558961784,SPHEBM3PK,2,25.44,13.39,2026-03-01 08:33:19,led_sone,false
1110398,01-14315-92355,EBAY,,254897538897,WSBWBM,1,14.51,15.27,2026-03-01 09:13:31,vintageinterior,false
1110410,01-14315-94048,EBAY,,256487880217,WCWDBM+RPR44WH,1,8.15,8.58,2026-03-01 09:22:20,vintageinterior,false
1110411,16-14293-95100,EBAY,,167943442329,CL2TOR,1,2.67,2.67,2026-03-01 09:21:58,led_sone,false
1110412,16-14293-95100,EBAY,,167943442329,CL2TRE,1,2.27,2.27,2026-03-01 09:21:58,led_sone,false
1110413,16-14293-95100,EBAY,,167943442329,CL2TYE,1,2.27,2.27,2026-03-01 09:21:58,led_sone,false
1110414,16-14293-95100,EBAY,,167943442329,CL2TRO,1,2.27,2.27,2026-03-01 09:21:58,led_sone,false
1110415,16-14293-95100,EBAY,,167943442329,CL2TBL,1,2.27,2.27,2026-03-01 09:21:58,led_sone,false
1110422,13-14298-47648,EBAY,,313970190913,CCBKNWE12,6,41.88,6.99,2026-03-01 09:31:48,so_926407,false
1110444,05-14310-20686,EBAY,,162889183073,CRSF108SN,1,5.49,5.49,2026-03-01 09:55:38,led_sone,false
1110445,06-14308-51373,EBAY,,333933595276,CNP1000CO2PK,1,7.14,6.80,2026-03-01 10:00:36,re6865,false
1110446,19-14289-77678,EBAY,,316624763893,LSMCSQWYBL+RPM40WH,1,22.89,22.89,2026-03-01 09:55:24,so_926407,false
1110470,06-14308-59163,EBAY,,167833569765,WCCYSP160BM,1,11.49,11.49,2026-03-01 10:36:42,led_sone,false
1110474,06-14308-60772,EBAY,,166885457859,PLTYBM+LDMST64E276,3,52.68,18.88,2026-03-01 10:44:02,led_sone,false
1110475,19-14289-89495,EBAY,,163585361443,12IP6720,1,10.44,10.99,2026-03-01 10:49:46,led_sone,false
1110493,21-14286-69461,EBAY,,163143473653,CL2RBR,4,10.76,2.99,2026-03-01 11:14:03,led_sone,false
1110494,10-14302-57717,EBAY,,163359416713,HLSC128BM2PK,2,11.18,5.89,2026-03-01 11:15:53,led_sone,false
1110495,06-14308-68159,EBAY,,267120297665,LDMST64E276,1,5.99,5.99,2026-03-01 11:17:00,electricalsone,false
1110501,13-14298-72010,EBAY,,164261730528,12BO100,1,17.14,18.04,2026-03-01 11:23:56,led_sone,false
1110502,10-14305-01313,EBAY,,164492030061,CL3TLB,5,14.95,2.99,2026-03-01 21:11:10,led_sone,false
1110503,18-14291-34768,EBAY,,166269554733,PSHNOA2BRBM,1,8.49,8.49,2026-03-01 11:26:01,led_sone,false
1110504,12-14300-01424,EBAY,,164797689636,LSCY210BC+RPR44WH,1,9.89,9.89,2026-03-01 11:28:18,led_sone,false
1110505,11-14301-33175,EBAY,,165559522212,WSST70BM,2,12.32,6.49,2026-03-01 11:30:23,led_sone,false
1110538,11-14301-40009,EBAY,,164244059825,LHAHE27CH,1,5.49,5.49,2026-03-01 11:59:03,led_sone,false
1110539,19-14290-05379,EBAY,,315428622232,CRSF100GS+WSWH135BM+LSHQ150GR+ICST64E27,1,28.43,17.49,2026-03-01 11:58:44,so_926407,false
1110547,19-14290-06164,EBAY,,267068731282,12IP6715,2,14.98,7.89,2026-03-01 12:01:52,electricalsone,false
1110548,09-14304-35217,EBAY,,267068731282,12IP6715,1,7.89,7.89,2026-03-01 13:02:04,electricalsone,false
1110562,03-14312-88281,EBAY,,317846442655,LSCY290DCB+RPR44WH,1,14.39,14.39,2026-03-01 12:11:47,so_926407,false
1110564,23-14284-35432,EBAY,,267498024605,CRSF2003SN+LHTMGU10SN3PK+LDGU10CW53PK,1,21.89,21.89,2026-03-01 12:14:00,electricalsone,false
1110565,27-14278-73706,EBAY,,166949325899,ENC4323,1,34.69,34.69,2026-03-01 12:12:25,led_sone,false
1110566,09-14304-23726,EBAY,,164554946630,LHRIE14WH,1,4.99,4.99,2026-03-01 12:19:54,led_sone,false
1110571,26-14279-97684,EBAY,,165621031025,LDSG125E274,1,12.89,12.89,2026-03-01 12:24:32,led_sone,false
1110572,19-14290-12535,EBAY,,165222733001,CRSF100BM+LHLFE27BM+LSDO300CB,1,17.79,17.79,2026-03-01 12:26:56,led_sone,false
1110573,23-14284-37363,EBAY,,256922753150,LHTOE27SN,1,5.60,5.89,2026-03-01 12:21:24,vintageinterior,false
1110574,27-14278-77245,EBAY,,254249196814,LHRIE27WH+CGMLWH,1,5.89,5.89,2026-03-01 12:26:27,vintageinterior,false
1110575,27-14278-77245,EBAY,,254249196814,LHRIE27BM+CGMLBM,1,5.29,5.29,2026-03-01 12:26:27,vintageinterior,false
1110576,12-14300-15909,EBAY,,256939232422,LHCTOYB,1,6.64,6.99,2026-03-01 12:27:22,vintageinterior,false
1110577,14-14297-24132,EBAY,,313970190858,CRSF100CH,1,8.46,5.99,2026-03-01 12:24:36,so_926407,false
1110578,24-14297-64737,EBAY,,315379102143,LDMG95E278,1,8.88,5.99,2026-03-01 12:29:04,so_926407,false
1110579,27-14278-77244,EBAY,,266223215729,LSCY290YE+RPR44WH,1,12.29,12.29,2026-03-01 12:26:24,electricalsone,false
1110585,12-14300-19018,EBAY,,256255980228,CRSF1205BM+PHBK1PBRBA5PK,1,35.89,35.89,2026-03-01 12:38:58,vintageinterior,false
1110588,10-14302-78874,EBAY,,166594959149,WLHSBMCY182PK,2,68.00,35.79,2026-03-01 12:41:31,led_sone,false
1110594,01-14316-42979,EBAY,,161782384942,12UK3P2A,1,7.89,7.89,2026-03-01 12:53:41,led_sone,false
1110603,01-14316-46931,EBAY,,317147038631,12UK3P10A,1,18.94,16.89,2026-03-01 13:07:32,so_926407,false
1110604,17-14292-94463,EBAY,,317539221021,CRSF2003CH+LHTMGU10CH3PK+LDGU10CW53PK,1,20.45,21.99,2026-03-01 13:07:08,so_926407,false
1110606,09-14304-35217,EBAY,,267068731282,12IP6715,1,7.89,7.89,2026-03-01 13:02:04,electricalsone,false
1110632,26-14280-18023,EBAY,,166269554733,PSHNOS2WRWH,1,8.49,8.49,2026-03-01 13:36:09,led_sone,false
1110636,07-14307-56650,EBAY,,267068731282,12IP6745,2,28.28,14.89,2026-03-01 13:45:48,electricalsone,false
1110637,02-14314-86265,EBAY,,312905552950,LHNSE27CH,2,19.54,9.11,2026-03-01 13:43:58,so_926407,false
1110638,03-14313-16178,EBAY,,164261730528,12BO100,2,34.28,18.04,2026-03-01 13:49:40,led_sone,false
1110646,05-14310-80685,EBAY,,165638552259,CGMLAG5PK,1,7.88,4.99,2026-03-01 13:53:34,led_sone,false
1110651,22-14286-03576,EBAY,,166598501724,RWWPSYAE50WH,1,8.89,8.89,2026-03-01 14:01:25,led_sone,false
1110652,03-14313-19959,EBAY,,163138469118,LHBRE27BM+CGMLBM,1,5.49,5.49,2026-03-01 14:01:25,led_sone,false
1110661,05-14310-87966,EBAY,,161782384942,CODCCR2PK,2,9.48,4.99,2026-03-01 14:15:34,led_sone,false
1110662,25-14281-86076,EBAY,,164492030061,CL3TBR,3,9.87,3.29,2026-03-01 14:20:00,led_sone,false
1110663,24-14297-98648,EBAY,,163163139150,LHC1E27WH,1,4.99,4.99,2026-03-01 14:20:44,led_sone,false
1110664,24-14297-98187,EBAY,,316056627654,PHBR1BMRBM,1,15.71,16.89,2026-03-01 14:19:23,so_926407,false
1110668,14-14297-62534,EBAY,,163790549882,CRSF100BM+PHBL1PBRBM+ICST64E2760,1,8.99,8.99,2026-03-01 14:30:12,led_sone,false
1110669,19-14290-50444,EBAY,,165201467647,12IP20600,1,36.95,36.95,2026-03-01 14:30:53,led_sone,false
1110670,17-14293-20239,EBAY,,304974058894,LSDO210WH2PK+RPR44WH2PK,1,15.80,16.99,2026-03-01 14:28:05,coventrylights,false
1110675,22-14286-15487,EBAY,,304817667757,WCWYRE,1,8.67,8.67,2026-03-01 14:36:29,coventrylights,false
1110676,22-14286-15487,EBAY,,304817667757,WCVCBM,1,9.67,9.67,2026-03-01 14:36:29,coventrylights,false
1110678,09-14304-66852,EBAY,,267068731282,12IP6760,1,16.49,16.49,2026-03-01 14:40:06,electricalsone,false
1110681,08-14305-99366,EBAY,,167681268262,WCCYROCH+LDST45E274,2,41.54,21.87,2026-03-01 14:41:54,led_sone,false
1110682,06-14309-29182,EBAY,,306343677721,PSHYOS4BRBM+CBMP140BM+ICST64E27,1,19.09,17.89,2026-03-01 14:48:07,coventrylights,false
1110690,15-14296-14532,EBAY,,162889183073,CRSF108CH,3,15.30,5.49,2026-03-01 14:53:09,led_sone,false
1110691,16-14294-84342,EBAY,,163481444917,PHSF1ROTRO,2,20.88,10.99,2026-03-01 14:57:16,led_sone,false
1110692,23-14284-86426,EBAY,,165397658552,CRSF100YB+CL3TGD+LHSHE27YB,1,9.78,10.29,2026-03-01 14:57:42,led_sone,false
1110697,16-14294-88734,EBAY,,166408159134,WCFWROBM2PK+RPR44WH2PK,2,35.88,17.94,2026-03-01 15:08:52,led_sone,false
1110698,04-14312-07744,EBAY,,166594959149,WLHSBMCY18,1,17.89,17.89,2026-03-01 15:09:57,led_sone,false
1110699,11-14301-98567,EBAY,,315384745645,CRSF108BM+WSAT105BM+ICST64E27,3,26.46,9.49,2026-03-01 15:08:09,so_926407,false
1110700,14-14297-74984,EBAY,,266196360366,WCDTBM2PK+RPR44WH2PK,2,29.68,15.96,2026-03-01 15:04:17,electricalsone,false
1110707,06-14309-40978,EBAY,,164598588455,CRSF100YB+LHNSE27YB+SCRN70YB+LSTF40YB+ICST64E27,2,43.48,22.89,2026-03-01 15:19:26,led_sone,false
1110722,03-14313-51023,EBAY,,167623019079,ENC7306,7,125.30,19.89,2026-03-01 15:27:27,led_sone,false
1110723,01-14316-95537,EBAY,,164255843565,RPR44WH2PK,1,4.99,4.99,2026-03-01 15:29:23,led_sone,false
1110724,12-14300-72354,EBAY,,313505383622,12IP6780,1,20.09,18.49,2026-03-01 15:21:16,so_926407,false
1110736,03-14313-55727,EBAY,,304843914711,PHDH1HETHE+ICST64E272PK,1,18.59,20.66,2026-03-01 15:39:37,coventrylights,false
1110738,17-14293-43788,EBAY,,265683898768,LDMST64E278,1,6.99,6.99,2026-03-01 15:31:28,electricalsone,false
1110739,01-14316-97453,EBAY,,162276028284,12IP6760,1,16.98,16.98,2026-03-01 15:34:16,led_sone,false
1110751,16-14295-01455,EBAY,,255993451406,HLRK45BM3PK,2,10.24,5.39,2026-03-01 15:41:39,vintageinterior,false
1110752,03-14313-58327,EBAY,,304786539493,CRSF100BM+WSCH135BM+LSDO210BM+ICST64E27,2,33.28,17.89,2026-03-01 15:46:06,coventrylights,false
1110753,13-14299-52963,EBAY,,164908536180,LSGG200AR+SCRN70FG,1,21.99,21.99,2026-03-01 15:43:59,led_sone,false
1110764,10-14303-46767,EBAY,,314063416697,LHRHE27CO,2,14.28,5.99,2026-03-01 15:59:39,so_926407,false
1110770,22-14286-50067,EBAY,,265660320113,HLSC96BM,1,2.57,2.57,2026-03-01 16:05:34,electricalsone,false
1110771,27-14279-51814,EBAY,,266197864707,PSOS2BMB14BM+ICC35E1460,2,19.92,10.49,2026-03-01 16:05:40,electricalsone,false
1110772,05-14311-30614,EBAY,,265660313934,PSDS2BMRBW,1,10.22,10.99,2026-03-01 16:07:54,electricalsone,false
1110773,16-14295-12594,EBAY,,265660306871,PSDS4BMRBL,1,14.22,14.22,2026-03-01 16:09:02,electricalsone,false
1110774,07-14308-06645,EBAY,,316366651624,LSMS320BG3PK+RPR44WH3PK,1,35.24,37.89,2026-03-01 16:01:50,so_926407,false
1110790,10-14303-51723,EBAY,,162799417330,5IP2028,1,5.49,5.49,2026-03-01 16:11:22,led_sone,false
1110791,10-14303-51723,EBAY,,162799417330,12IP2040,1,8.99,8.99,2026-03-01 16:11:22,led_sone,false
1110792,01-14317-13538,EBAY,,163957630326,PHTT1PBR3BC+LSWT300BC+ICST64E27603PK,1,43.59,45.88,2026-03-01 16:13:23,led_sone,false
1110793,17-14293-63544,EBAY,,316980636895,LSMCSQWYRE,1,18.89,18.89,2026-03-01 16:19:37,so_926407,false
1110808,07-14308-14796,EBAY,,266950444236,PHCT80BMCBM,1,13.01,13.99,2026-03-01 16:21:08,electricalsone,false
1110809,18-14292-32272,EBAY,,265660312530,ENC2360,2,37.02,19.49,2026-03-01 16:25:03,electricalsone,false
1110826,26-14280-87189,EBAY,,265683898768,LDMT185E2743PK,1,12.87,12.87,2026-03-01 16:39:41,electricalsone,false
1110828,12-14301-02807,EBAY,,165710052314,SCRN70WH2PK,1,4.99,4.99,2026-03-01 16:35:12,led_sone,false
1110829,12-14301-05379,EBAY,,162075074802,CCBC9,4,19.76,5.49,2026-03-01 16:41:21,led_sone,false
1110830,10-14303-63578,EBAY,,305698723917,LDMST64E278,1,7.89,7.89,2026-03-01 16:39:00,coventrylights,false
1110840,25-14282-44664,EBAY,,266204798800,LHPHE27YB,2,13.28,6.99,2026-03-01 16:48:17,electricalsone,false
1110841,18-14292-42238,EBAY,,266193179938,LDMC35E1443PK,1,10.49,10.49,2026-03-01 16:48:03,electricalsone,false
1110842,08-14306-50856,EBAY,,304934682867,WCBLBC,1,7.10,7.89,2026-03-01 16:49:28,coventrylights,false
1110846,05-14311-49561,EBAY,,164632543884,PHSF1GDTFG+ICST64E27,1,13.89,13.89,2026-03-01 16:51:43,led_sone,false
1110848,10-14303-72548,EBAY,,315704860026,LSDO300RE+RPR44WH,1,10.22,10.99,2026-03-01 16:59:21,so_926407,false
1110852,09-14305-26147,EBAY,,266775826677,WCDTBM2PK+RPR44WH2PK,1,19.19,19.19,2026-03-01 17:05:26,electricalsone,false
1110854,05-14311-55977,EBAY,,162562112782,24IP20200,1,18.99,19.99,2026-03-01 17:05:49,led_sone,false
1110865,02-14315-69600,EBAY,,267120297665,LDMC35E144,1,5.69,5.99,2026-03-01 17:16:30,electricalsone,false
1110866,05-14311-58540,EBAY,,166598501724,RWWPSYBF25GY,1,4.99,4.99,2026-03-01 17:11:29,led_sone,false
1110877,01-14317-45028,EBAY,,165621031025,LDSG125LOE274,1,12.89,12.89,2026-03-01 17:24:32,led_sone,false
1110878,19-14291-20751,EBAY,,335680620222,WCB7BM+RPR44WH,1,8.98,8.98,2026-03-01 17:22:16,lighting_sone,false
1110894,11-14302-64523,EBAY,,167826149061,CRFF100CH+LHNSE27CH,1,11.29,11.29,2026-03-01 17:42:32,led_sone,false
1110895,23-14285-56421,EBAY,,162975561793,CL3TBM2PK,1,5.49,5.49,2026-03-01 17:42:57,led_sone,false
1110896,09-14305-43853,EBAY,,161782384942,12UK3P2A,1,7.89,7.89,2026-03-01 17:44:27,led_sone,false
1110897,06-14310-04154,EBAY,,167422692860,WCLBHE,1,9.99,9.99,2026-03-01 17:45:36,led_sone,false
1110901,13-14300-04857,EBAY,,266095194768,PSDS2RRE+LHSHE27YB,1,10.99,10.99,2026-03-01 17:42:21,electricalsone,false
1110903,12-14301-36926,EBAY,,266190316971,CO125ACLAPK,1,10.99,10.99,2026-03-01 17:50:47,electricalsone,false
1110935,14-14298-48989,EBAY,,164094948266,PSDS2RBM+LHTHE27RO,1,14.49,14.49,2026-03-01 17:56:08,led_sone,false
1110937,17-14294-08325,EBAY,,167565749301,CCBKNWE25,4,28.36,7.88,2026-03-01 17:58:48,led_sone,false
1110951,27-14280-07663,EBAY,,163107588062,CRSF100GY,1,4.99,4.99,2026-03-01 18:06:11,led_sone,false
1110952,25-14282-84684,EBAY,,165311185741,LDMST64E276,1,5.49,5.49,2026-03-01 18:10:29,led_sone,false
1110953,07-14308-66274,EBAY,,315428622232,CRSF100GS+WSWH135BM+LSHQ150WH,1,13.04,14.49,2026-03-01 18:09:58,so_926407,false
1110958,16-14295-70943,EBAY,,256004334304,CBSF55,1,5.19,5.19,2026-03-01 18:12:36,vintageinterior,false
1110959,10-14304-10123,EBAY,,266015552803,CRFF500WH+PHCH1PWRSGY3PK+LSCY290GY3PK,1,38.29,38.29,2026-03-01 18:14:16,electricalsone,false
1110960,21-14288-24105,EBAY,,267236102729,LDCWE2725,1,5.99,5.99,2026-03-01 18:17:23,electricalsone,false
1110966,06-14310-25165,EBAY,,165201467647,12IP2060,1,10.35,10.35,2026-03-01 18:21:47,led_sone,false
1110967,10-14304-20102,EBAY,,256487880217,WCWDBM+RPR44WH,2,16.30,8.58,2026-03-01 18:30:34,vintageinterior,false
1110969,12-14301-56423,EBAY,,265660306929,CRSF108SN,1,5.99,5.99,2026-03-01 18:23:14,electricalsone,false
1110974,26-14281-44437,EBAY,,335742953763,PSDS2RBM,1,10.89,10.89,2026-03-01 18:32:09,lighting_sone,false
1110975,03-14314-41328,EBAY,,122518268601,CL3TBR5PK,1,14.43,14.43,2026-03-01 18:37:28,dctransformer,false
1110976,14-14298-72610,EBAY,,267243941861,CRFF500BM+LHNDE27BM2PK+LHNSE27BM+LSFT220BC3PK,1,36.49,36.49,2026-03-01 18:33:58,electricalsone,false
1110977,09-14305-74890,EBAY,,266188024452,12UK3P5A,1,11.98,11.98,2026-03-01 18:37:39,electricalsone,false
1110984,17-14294-36743,EBAY,,305715611096,WCFWROBM2PK+RPR44WH2PK,1,17.95,18.89,2026-03-01 18:45:48,coventrylights,false
1110996,24-14299-21639,EBAY,,163445610793,CL3TGR5PK,1,13.89,13.89,2026-03-01 18:53:23,led_sone,false
1111001,02-14316-29610,EBAY,,313970190833,LSCY290BI+RPR44WH,1,12.92,13.89,2026-03-01 19:08:42,so_926407,false
1111010,05-14312-23392,EBAY,,335667982804,CL2TROAPK,1,27.84,27.84,2026-03-01 19:13:32,lighting_sone,false
1111022,11-14303-23566,EBAY,,123004596779,LDMG95B228,1,6.49,6.49,2026-03-01 19:30:13,dctransformer,false
1111028,07-14309-12689,EBAY,,305682162344,LSFT220OR+RPR44WH,1,10.67,10.67,2026-03-01 19:34:47,coventrylights,false
1111031,14-14299-06908,EBAY,,166598501724,RWWPSYBF25GY,1,4.99,4.99,2026-03-01 19:39:50,led_sone,false
1111033,16-14296-14022,EBAY,,265634986318,CRFF500BM+LHNDE27BM2PK+LHNSE27BM+LSDO210BM3PK,1,36.18,36.18,2026-03-01 19:31:27,electricalsone,false
1111034,27-14280-59104,EBAY,,266192047204,LDWWB22155PK,1,17.00,17.89,2026-03-01 19:40:10,electricalsone,false
1111051,01-14318-19943,EBAY,,165901230400,CRSF100BM+PHSH1PBRYB+SCRN70BM+LSDO210BG,1,15.10,15.89,2026-03-01 19:45:09,led_sone,false
1111052,21-14288-72403,EBAY,,164534309053,CRSF100BM+LHNSE27YB+LSHH240BM+ICST64E27,1,19.89,19.89,2026-03-01 19:47:42,led_sone,false
1111053,27-14280-63848,EBAY,,164389514552,PSDS2BMRBM+ICST64E27,1,16.89,16.89,2026-03-01 19:49:38,led_sone,false
1111054,03-14314-77362,EBAY,,304786539461,12BO100,1,18.90,19.89,2026-03-01 19:47:44,coventrylights,false
1111056,01-14318-19470,EBAY,,313731620457,LSFT220CO+RPR44WH,1,11.78,8.89,2026-03-01 19:43:56,so_926407,false
1111073,14-14299-19060,EBAY,,266543548496,CRSF100BM+PHCH1PCTSBM+WCFWROBM,1,15.20,16.89,2026-03-01 20:03:34,electricalsone,false
1111074,24-14299-58842,EBAY,,266227134800,ENC685,1,53.59,53.59,2026-03-01 20:06:00,electricalsone,false
1111075,23-14286-32822,EBAY,,305698723917,LDMG95E278,2,13.52,7.12,2026-03-01 20:04:53,coventrylights,false
1111076,24-14299-58721,EBAY,,254344269139,CRSF100CH+PHUP1PCRCH,1,10.89,10.89,2026-03-01 20:05:39,vintageinterior,false
1111086,25-14283-53067,EBAY,,336193813877,ENC4274,3,75.00,26.89,2026-03-01 20:18:43,re6865,false
1111087,04-14313-57697,EBAY,,304866316390,ENC285,3,54.36,19.49,2026-03-01 20:19:58,coventrylights,false
1111095,22-14287-78333,EBAY,,165922146584,CRFF500BM+PHSH1PBRYB3PK+WCBLBM3PK,1,37.89,37.89,2026-03-01 20:21:34,led_sone,false
1111096,22-14287-78333,EBAY,,165922146584,CRSF100BM+PHSH1PBRYB+WCBLBM,2,33.58,16.79,2026-03-01 20:21:34,led_sone,false
1111097,19-14292-19321,EBAY,,167222238767,WCCYSP160WH2PK,1,14.99,14.99,2026-03-01 20:29:30,led_sone,false
1111098,12-14302-22417,EBAY,,267068731282,12IP6710,1,6.55,6.89,2026-03-01 20:29:34,electricalsone,false
1111103,14-14299-33610,EBAY,,165136827678,PHSF1BMRBY,2,18.98,9.99,2026-03-01 20:32:22,led_sone,false
1111104,03-14315-01733,EBAY,,162438144738,LDMG95B228,1,6.99,6.99,2026-03-01 20:35:40,led_sone,false
1111105,25-14283-59557,EBAY,,267073162939,LDMT185B224,1,5.22,5.49,2026-03-01 20:31:43,electricalsone,false
1111110,14-14299-38609,EBAY,,253070166439,HK10CH5PK,3,15.30,5.49,2026-03-01 20:42:40,vintageinterior,false
1111118,06-14311-03633,EBAY,,313970190913,CCGRNWH50,1,11.91,9.49,2026-03-01 20:53:18,so_926407,false
1111138,10-14305-01313,EBAY,,166032301756,LHSHE27GB,1,5.49,5.49,2026-03-01 21:11:10,led_sone,false
1111139,01-14318-64372,EBAY,,164127809379,PSDS2BMRBM,2,25.62,13.49,2026-03-01 21:15:11,led_sone,false
1111142,08-14307-88042,EBAY,,306305283593,CRFF108CH+LHTKE27CH+ICST64E27,4,40.04,11.13,2026-03-01 21:19:26,coventrylights,false
1111143,23-14286-69320,EBAY,,306343677721,PSOS2BMTHE,2,21.46,10.12,2026-03-01 21:20:00,coventrylights,false
1111144,05-14312-84701,EBAY,,254886123331,CRSF100BM,2,11.00,5.79,2026-03-01 21:16:48,vintageinterior,false
1111147,09-14306-59670,EBAY,,266203491309,WCDCBC+RPR44WH,1,8.99,8.99,2026-03-01 21:27:19,electricalsone,false
1111148,27-14281-12184,EBAY,,305698723917,LDMST64B228,1,5.99,5.99,2026-03-01 21:29:09,coventrylights,false
1111160,26-14282-37956,EBAY,,304806215764,CRSF100BM+WSTR135BM+LSCY210BC+ICST64E27,1,19.68,19.68,2026-03-01 21:39:23,coventrylights,false
1111169,01-14318-82440,EBAY,,164775055128,CL2RGY,2,7.78,3.89,2026-03-01 21:55:29,led_sone,false
1111170,10-14305-22367,EBAY,,266263552527,LHAHE27CH2PK,1,8.99,8.99,2026-03-01 21:58:03,electricalsone,false
1111171,04-14314-03934,EBAY,,267205426542,WCCYSQGD,1,20.49,20.49,2026-03-01 21:59:18,electricalsone,false
1111177,18-14294-00994,EBAY,,163693940389,CBSF100,1,4.99,4.99,2026-03-01 22:06:12,led_sone,false
1111178,18-14294-00994,EBAY,,163693940389,CBSF80,1,4.99,4.99,2026-03-01 22:06:12,led_sone,false
1111179,06-14311-38331,EBAY,,164823825387,CRSF100BM+LHLFE27BM+LSDO210BG+ICST64E27,1,18.88,18.88,2026-03-01 22:10:14,led_sone,false
1111180,07-14309-86177,EBAY,,124128470844,LHSHE27YB,2,10.38,5.41,2026-03-01 22:08:29,dctransformer,false
1111181,06-14311-38332,EBAY,,306549137677,CRFF5004BM+CL3B30BM+CO122PCL2PK+LHTTAGU10BM4PK+LDGU10WD54PK,1,30.03,32.29,2026-03-01 22:10:17,coventrylights,false
1111182,14-14299-75458,EBAY,,335742993013,LDMG125E2783PK,1,12.01,12.01,2026-03-01 22:03:16,lighting_sone,false
1111183,06-14311-35744,EBAY,,267213772077,5IP20302PK,1,14.13,14.87,2026-03-01 22:04:01,electricalsone,false
1111184,06-14311-38333,EBAY,,267258741016,CRSF100BM+LHNSE27YB+LSDM220GS+ICST64E27,1,18.49,19.88,2026-03-01 22:10:19,electricalsone,false
1111197,08-14308-18538,EBAY,,267213772077,12IP20180,1,17.34,18.25,2026-03-01 22:29:30,electricalsone,false
1111221,07-14310-02668,EBAY,,267446933196,CRFF100FG+LHNSE27FG+SCRN70FG+LSFT220FG,5,71.50,15.89,2026-03-01 22:48:59,electricalsone,false
1111226,16-14297-06404,EBAY,,164492030061,CL2TBU,3,8.07,2.69,2026-03-01 22:51:06,led_sone,false
1111232,12-14302-90462,EBAY,,167694841715,CRSF100BM+PHHT1PBRBM+LSHM300HE,1,27.80,27.80,2026-03-01 23:04:31,led_sone,false
1111233,12-14302-90462,EBAY,,167694841715,CRSF100BM+PHHT1PBRBM+LSHM400HE,1,34.10,34.10,2026-03-01 23:04:31,led_sone,false
1111248,04-14314-37481,EBAY,,256922753150,LHTOE27CO,1,5.60,5.89,2026-03-01 23:23:26,vintageinterior,false
1111249,23-14287-19860,EBAY,,304786539461,12BO18,1,7.59,7.99,2026-03-01 23:21:49,coventrylights,false
1111254,18-14294-35404,EBAY,,267068731282,24IP6730,2,21.82,11.49,2026-03-01 23:32:49,electricalsone,false
1111259,27-14281-68317,EBAY,,266188024005,CCBKNWE12,1,5.11,5.49,2026-03-01 23:47:26,electricalsone,false
1111260,17-14295-74671,EBAY,,163285120530,HLRK45BM,2,4.72,2.49,2026-03-01 23:49:15,led_sone,false
1111269,10-14305-76505,EBAY,,163107588062,CRSF100BM,1,3.89,3.89,2026-03-02 00:17:59,led_sone,false
1111271,10-14305-78508,EBAY,,162889183073,CRSF108SN,2,10.42,5.49,2026-03-02 00:23:18,led_sone,false
1111273,07-14310-44190,EBAY,,166849248974,PHSF1BRTCO,1,10.99,10.99,2026-03-02 00:39:46,led_sone,false
1111279,21-14290-26344,EBAY,,267035988245,LDSG125LOE274,1,7.59,7.99,2026-03-02 01:51:34,electricalsone,false
1111307,06-14312-71000,EBAY,,161782384942,12UK3P5A,3,33.42,11.98,2026-03-02 03:47:37,led_sone,false
1111367,27-14282-99008,EBAY,,266188024005,CCBKNWE36,1,8.36,8.99,2026-03-02 06:25:07,electricalsone,false
1111369,23-14288-62918,EBAY,,165517276151,ENC4032,1,21.69,21.69,2026-03-02 06:40:24,led_sone,false
1111372,16-14298-62454,EBAY,,126703928790,RBLSDO210BL,1,8.78,5.89,2026-03-02 06:47:28,dctransformer,false
1111375,02-14318-94965,EBAY,,161969441046,CCBC7,4,19.76,5.49,2026-03-02 07:15:42,led_sone,false
1111384,26-14284-32829,EBAY,,164492030061,CL3THE,2,6.38,3.19,2026-03-02 07:33:52,led_sone,false
1111385,01-14320-73456,EBAY,,317527029368,WBERT29BL3PK,1,6.29,6.99,2026-03-02 07:50:01,so_926407,false
1111393,19-14294-51096,EBAY,,164006555006,LSFT220BL+RPR44WH,1,10.49,10.49,2026-03-02 07:53:38,led_sone,false
1111394,14-14301-63845,EBAY,,122882704305,WJB2,1,5.89,5.89,2026-03-02 07:56:40,dctransformer,false
1111396,11-14305-86594,EBAY,,305698723917,LDMST64E278,1,7.89,7.89,2026-03-02 08:02:17,coventrylights,false
1111407,09-14308-70774,EBAY,,162834884311,12UK3P5A+CODCCR,1,10.99,10.99,2026-03-02 08:26:24,led_sone,false
1111408,05-14315-00704,EBAY,,167682123056,WSLR200BM+WCWODVBM+ICST64E27,2,43.48,22.89,2026-03-02 08:27:48,led_sone,false
1111409,21-14291-31139,EBAY,,313614825900,12IP6720,1,11.25,8.99,2026-03-02 08:23:15,so_926407,false
1111412,19-14294-60871,EBAY,,256948523089,PHSG1PBRYB+SCRN70BM+LSBG136AR,2,43.48,22.89,2026-03-02 08:39:44,vintageinterior,false
1111418,07-14311-83091,EBAY,,166841398176,LSOL180BS2PK+RPR44WH2PK,1,12.24,12.24,2026-03-02 08:44:39,led_sone,false
1111432,15-14300-24375,EBAY,,164279909548,PSDS4RBM,1,12.89,12.89,2026-03-02 09:14:29,led_sone,false
1111442,06-14313-46578,EBAY,,164743993324,ENC1069,1,25.89,25.89,2026-03-02 09:35:39,led_sone,false
1111443,08-14310-19038,EBAY,,161970161622,12IP20200,1,20.71,20.71,2026-03-02 09:36:12,led_sone,false
1111444,11-14306-08645,EBAY,,164542376260,WCB1BM+RPR44WH,1,9.89,9.89,2026-03-02 09:39:15,led_sone,false
1111449,13-14303-50871,EBAY,,125818643912,PLADBM,1,45.89,45.89,2026-03-02 09:43:40,dctransformer,false
1111450,05-14315-18021,EBAY,,267073162939,LDMST64E274,1,6.17,6.49,2026-03-02 09:41:34,electricalsone,false
1111451,20-14293-19652,EBAY,,164261730528,12BO18,1,7.50,7.50,2026-03-02 09:45:49,led_sone,false
1111455,06-14313-51798,EBAY,,164962387430,WCB1WH+RPR44WH,1,8.99,8.99,2026-03-02 09:56:45,led_sone,false
1111461,11-14306-15063,EBAY,,267284134030,CL3RBM,1,2.89,2.89,2026-03-02 10:05:58,electricalsone,false
1111467,02-14319-35371,EBAY,,254838151418,CL3RBM5PK,1,13.49,13.49,2026-03-02 10:17:14,vintageinterior,false
1111468,02-14319-35372,EBAY,,163728017994,CRSF100BM,3,17.37,5.79,2026-03-02 10:17:18,led_sone,false
1111469,02-14319-35372,EBAY,,163728017994,CRSF100YB,3,16.47,5.49,2026-03-02 10:17:18,led_sone,false
1111470,09-14308-97964,EBAY,,162553025729,LDMC35E142,1,4.99,4.99,2026-03-02 10:20:29,led_sone,false
1111477,10-14307-48703,EBAY,,126396451888,WCLCBM+RPR44WH,1,8.79,8.79,2026-03-02 10:29:25,dctransformer,false
1111486,12-14304-90471,EBAY,,163585361443,12IP6750,1,15.49,15.49,2026-03-02 10:31:48,led_sone,false
1111488,03-14317-68603,EBAY,,164728612762,CRSF125CH+WSAT105CH+ICST64E27,2,18.98,9.99,2026-03-02 10:36:51,led_sone,false
1111489,10-14307-50736,EBAY,,163481444917,PHSF1GDTYB,1,10.99,10.99,2026-03-02 10:37:06,led_sone,false
1111490,17-14297-60515,EBAY,,164636015985,24IP20360,1,21.80,21.80,2026-03-02 10:40:09,led_sone,false
1111495,15-14300-46392,EBAY,,164055884914,LSTL260BS+RPR44WH,1,6.49,6.49,2026-03-02 10:43:18,led_sone,false
1111496,24-14302-43780,EBAY,,162949535147,LDMG80E274,2,10.42,5.49,2026-03-02 10:49:55,led_sone,false
1111528,08-14310-43107,EBAY,,305682162344,LSMS320BM+RPR44WH,1,13.77,13.77,2026-03-02 11:11:59,coventrylights,false
1111529,27-14283-63788,EBAY,,164492030061,CL2TLB,1,2.69,2.69,2026-03-02 11:15:20,led_sone,false
1111530,27-14283-63788,EBAY,,164492030061,CL2TBL,1,2.99,2.99,2026-03-02 11:15:20,led_sone,false
1111531,19-14294-99638,EBAY,,267213772077,12IP20200,1,19.50,19.50,2026-03-02 11:17:11,electricalsone,false
1111532,19-14294-99638,EBAY,,267213772077,5IP2050,1,8.49,8.49,2026-03-02 11:17:11,electricalsone,false
1111544,02-14319-54519,EBAY,,165198117525,CRSF100BM+WSHR135BM+LSUL220BC,3,49.89,17.89,2026-03-02 11:30:44,led_sone,false
1111550,09-14309-16593,EBAY,,163195957947,24IP6760,1,16.89,16.89,2026-03-02 11:31:54,led_sone,false
1111555,13-14303-81734,EBAY,,164725952794,CRSF100WH+PHUP1PWRWH,2,20.88,10.99,2026-03-02 11:43:36,led_sone,false
1111563,19-14295-09508,EBAY,,267121715682,12IP6710,1,6.55,6.89,2026-03-02 11:52:30,electricalsone,false
1111570,08-14310-56987,EBAY,,165621031025,LDST185E274,5,24.70,5.49,2026-03-02 12:01:27,led_sone,false
1111582,01-14321-41211,EBAY,,166898541107,WBERT29RE3PK,1,6.99,6.99,2026-03-02 12:21:21,led_sone,false
1111583,10-14307-80361,EBAY,,164002836768,CRSF1202BM,1,6.99,6.99,2026-03-02 12:24:08,led_sone,false
1111584,19-14295-20955,EBAY,,164914367042,12IP2030,1,6.99,6.99,2026-03-02 12:30:35,led_sone,false
1111590,24-14302-72735,EBAY,,165629752176,CCBKNWE40,1,9.29,9.29,2026-03-02 12:32:19,led_sone,false
1111591,21-14291-97664,EBAY,,164261730528,12BO18,1,7.50,7.50,2026-03-02 12:39:10,led_sone,false
1111592,08-14310-68940,EBAY,,166849248974,PHSF1GDTFG,1,9.99,9.99,2026-03-02 12:40:12,led_sone,false
1111616,24-14302-77351,EBAY,,266203481221,LHELB22GD,1,4.99,4.99,2026-03-02 12:46:30,electricalsone,false
1111617,26-14285-12975,EBAY,,266194425010,LDMST64E274,2,12.32,6.49,2026-03-02 12:50:02,electricalsone,false
1111618,18-14296-64242,EBAY,,317526495474,WCFL180RO3PK+RPR44WH3PK,1,24.08,25.89,2026-03-02 12:49:53,so_926407,false
1111619,25-14286-63567,EBAY,,163844479887,PSOS2WHBWH,1,7.99,7.99,2026-03-02 12:42:06,led_sone,false
1111620,11-14306-59361,EBAY,,164169967297,WJB2,1,5.89,5.89,2026-03-02 12:45:39,led_sone,false
1111621,11-14306-59361,EBAY,,164169967297,WJB32PK,1,10.34,10.34,2026-03-02 12:45:39,led_sone,false
1111636,22-14292-17027,EBAY,,166382333938,WCFS1WHBM,2,45.58,22.79,2026-03-02 17:29:04,led_sone,false
1111637,10-14307-94216,EBAY,,254886123331,CRSF100GB,1,5.09,5.09,2026-03-02 13:05:54,vintageinterior,false
1111640,08-14310-79707,EBAY,,164914367042,12IP2012,1,4.99,4.99,2026-03-02 13:11:42,led_sone,false
1111641,24-14302-86091,EBAY,,335742993013,LDMST64B2285PK,2,44.22,22.11,2026-03-02 13:11:56,lighting_sone,false
1111645,10-14308-01324,EBAY,,266223215729,LSCY290GY+RPR44WH,2,24.58,12.29,2026-03-02 13:25:35,electricalsone,false
1111646,10-14308-01324,EBAY,,266223215729,LSCY290SN+RPR44WH,2,33.78,16.89,2026-03-02 13:25:35,electricalsone,false
1111647,22-14291-01416,EBAY,,304786539476,LSCY290CB+RPR44WH,1,11.66,12.27,2026-03-02 13:21:12,coventrylights,false
1111648,20-14293-83993,EBAY,,165199533807,WSDM240BM+WCBNBM2PK+LDST45E2742PK,1,41.23,24.08,2026-03-02 13:27:47,led_sone,false
1111653,27-14284-10185,EBAY,,254845785545,CRSF108WH+HKR10WH,3,18.39,6.59,2026-03-02 13:40:25,vintageinterior,false
1111654,25-14286-83603,EBAY,,164261730528,12BO100,1,18.04,18.04,2026-03-02 13:38:21,led_sone,false
1111661,26-14285-32920,EBAY,,165568516147,LSHQ150WH+RPR44WH,1,9.99,9.99,2026-03-02 13:44:51,led_sone,false
1111682,05-14315-94505,EBAY,,313543336475,CRSF2003BM+PHRI1PBRYB3PK+LSFT220BM3PK,1,33.93,36.48,2026-03-02 13:56:30,so_926407,false
1111685,08-14311-01507,EBAY,,267284134030,CL3RHE5PK,1,11.99,11.99,2026-03-02 14:08:40,electricalsone,false
1111686,24-14303-07541,EBAY,,165094836684,LHSHE27BA,1,4.99,4.99,2026-03-02 14:07:48,led_sone,false
1111691,26-14285-44216,EBAY,,266027916399,LHRTE27WH,1,4.65,4.89,2026-03-02 14:12:45,electricalsone,false
1111694,18-14296-95605,EBAY,,161782384942,12UK3P5A,1,11.98,11.98,2026-03-02 14:12:56,led_sone,false
1111695,08-14311-03610,EBAY,,165131453892,LDSG95DIE274,1,6.99,6.99,2026-03-02 14:13:39,led_sone,false
1111702,21-14292-36190,EBAY,,165634844757,LDMC35E144APK,1,29.89,29.89,2026-03-02 14:21:45,led_sone,false
1111703,08-14311-08194,EBAY,,266223215729,LSCY290WH+RPR44WH,2,23.34,12.29,2026-03-02 14:24:22,electricalsone,false
1111708,17-14298-39301,EBAY,,162553025729,LDMST64E2742PK,2,18.40,9.69,2026-03-02 14:36:24,led_sone,false
1111724,08-14311-21428,EBAY,,162575828324,12UK3P6A,1,12.89,12.89,2026-03-02 14:54:03,led_sone,false
1111735,23-14290-07941,EBAY,,164886581739,CCBC3,1,4.99,4.99,2026-03-02 15:05:43,led_sone,false
1111736,10-14308-42772,EBAY,,266190476182,5IP2020,1,6.17,6.49,2026-03-02 15:03:31,electricalsone,false
1111737,14-14302-96035,EBAY,,266188029327,CCBC36,1,8.07,8.49,2026-03-02 15:09:04,electricalsone,false
1111743,27-14284-50042,EBAY,,162562112782,5IP2028,2,10.42,5.49,2026-03-02 15:12:32,led_sone,false
1111744,02-14320-37562,EBAY,,315379102143,LDMG95E278,3,20.10,5.99,2026-03-02 15:15:12,so_926407,false
1111748,14-14303-04424,EBAY,,317380877663,PLHIRR+ICST64E275PK,4,203.36,56.49,2026-03-02 15:26:46,so_926407,false
1111752,05-14316-38399,EBAY,,266200630144,CRSF120WH,1,5.99,5.99,2026-03-02 15:34:17,electricalsone,false
1111753,20-14294-40929,EBAY,,266196510796,LHCCE27WH+CGMLWH,1,5.99,5.99,2026-03-02 15:38:09,electricalsone,false
1111754,26-14285-83618,EBAY,,266223215729,LSCY290YE+RPR44WH,1,12.29,12.29,2026-03-02 15:38:54,electricalsone,false
1111755,04-14317-39197,EBAY,,164610868952,ENC843,2,45.00,23.69,2026-03-02 15:36:11,led_sone,false
1111756,16-14300-21833,EBAY,,165621031025,LDSG125LOE274,1,12.89,12.89,2026-03-02 15:39:25,led_sone,false
1111758,08-14311-43127,EBAY,,305704637557,LHC6E27WH5PK,1,17.86,15.99,2026-03-02 15:39:48,coventrylights,false
1111763,07-14313-24791,EBAY,,267192693105,PHSF1BMTBM2PK,1,17.59,17.59,2026-03-02 15:50:04,electricalsone,false
1111764,07-14313-24791,EBAY,,267192693105,PHSF1BMTBM,1,10.49,10.49,2026-03-02 15:50:04,electricalsone,false
1111765,17-14298-72660,EBAY,,254008668793,CRFF108WH+HK10WH,1,6.19,6.19,2026-03-02 15:47:14,vintageinterior,false
1111768,03-14318-87648,EBAY,,317147038631,12UK3P5A,1,14.27,11.98,2026-03-02 15:59:29,so_926407,false
1111769,25-14287-44150,EBAY,,164767503253,PHSF2GYRCH,1,9.99,9.99,2026-03-02 15:53:40,led_sone,false
1111770,22-14291-69493,EBAY,,256570260720,LSCY290BI+RPR44WH,1,13.86,14.59,2026-03-02 15:55:28,vintageinterior,false
1111776,07-14313-32015,EBAY,,266191598261,CL3TSI5PK,1,7.46,7.46,2026-03-02 16:04:47,electricalsone,false
1111778,22-14291-74307,EBAY,,266188024005,CCBKNWE3,1,4.64,4.99,2026-03-02 16:05:17,electricalsone,false
1111786,26-14286-03733,EBAY,,163964665683,12UK3P5A,1,11.98,11.98,2026-03-02 16:19:37,led_sone,false
1111787,01-14322-40112,EBAY,,267120297665,LDMG95E2742PK,1,10.92,11.49,2026-03-02 16:17:21,electricalsone,false
1111788,26-14286-04232,EBAY,,266100590943,LHC6E27WH,2,11.38,5.99,2026-03-02 16:20:43,electricalsone,false
1111798,17-14298-90027,EBAY,,165201467647,12IP20400,1,24.60,24.60,2026-03-02 16:22:06,led_sone,false
1111799,03-14319-00551,EBAY,,164255843565,RPR44WH2PK,1,4.99,4.99,2026-03-02 16:25:00,led_sone,false
1111815,19-14296-29791,EBAY,,166202407547,CRFF75GB+LHAHE27GB,1,8.99,8.99,2026-03-02 16:42:03,led_sone,false
1111816,19-14296-26959,EBAY,,165136827678,PHSF1AGTGB+ICST64E27,1,14.89,14.89,2026-03-02 16:36:27,led_sone,false
1111817,04-14317-67576,EBAY,,266198003811,LHELB22GD,2,9.48,4.99,2026-03-02 16:32:18,electricalsone,false
1111818,06-14314-98429,EBAY,,267068731282,12IP67150,1,28.40,29.89,2026-03-02 16:33:59,electricalsone,false
1111825,19-14296-29791,EBAY,,162975561793,CL3TGR,3,8.67,2.89,2026-03-02 16:42:03,led_sone,false
1111833,11-14307-68080,EBAY,,267120297665,LDMC35E142,1,5.22,5.49,2026-03-02 16:51:10,electricalsone,false
1111834,16-14300-59644,EBAY,,266111012130,CRSF100HBM+WSLS155BM+PSDS4BPB+WCDTBM,1,21.89,21.89,2026-03-02 16:53:49,electricalsone,false
1111835,21-14293-12562,EBAY,,265632304597,CRSF108GB+WSST70GB,2,17.64,9.29,2026-03-02 16:59:06,electricalsone,false
1111836,15-14301-91998,EBAY,,165452014120,LHRIE14WH,1,4.99,4.99,2026-03-02 16:54:33,led_sone,false
1111839,18-14297-76258,EBAY,,317147038631,12UK3P2A,1,10.48,7.99,2026-03-02 17:00:23,so_926407,false
1111850,10-14309-02159,EBAY,,163163139150,LHC2E27WH,1,5.49,5.49,2026-03-02 17:03:40,led_sone,false
1111855,19-14296-44542,EBAY,,163585361443,12IP6745,1,14.98,14.98,2026-03-02 17:11:10,led_sone,false
1111858,17-14299-21290,EBAY,,254345435715,PSOS2BBM,1,8.59,8.59,2026-03-02 17:23:15,vintageinterior,false
1111859,12-14306-54130,EBAY,,265750044855,CL2TGR,2,4.54,2.27,2026-03-02 17:24:25,electricalsone,false
1111860,12-14306-54130,EBAY,,265750044855,CL2THE,2,5.78,2.89,2026-03-02 17:24:25,electricalsone,false
1111861,09-14310-65985,EBAY,,316842240329,CL2THE,2,6.38,3.19,2026-03-02 17:27:58,so_926407,false
1111862,22-14292-16630,EBAY,,304926508907,PSDS2BMRBR,1,10.70,11.89,2026-03-02 17:28:15,coventrylights,false
1111863,22-14292-17027,EBAY,,166382333938,WCFS1WHBM,1,22.79,22.79,2026-03-02 17:29:04,led_sone,false
1111869,21-14293-32090,EBAY,,166299490605,ENC5364,1,26.88,26.88,2026-03-02 17:38:21,led_sone,false
1111877,06-14315-36696,EBAY,,165616885018,LHC4E27WH,1,4.99,4.99,2026-03-02 17:49:05,led_sone,false
1111878,22-14292-26228,EBAY,,163036454043,WLWOCPBM+ICST64E27,2,30.00,15.00,2026-03-02 17:47:35,led_sone,false
1111879,16-14300-88243,EBAY,,162799417330,24IP2072,1,10.89,10.89,2026-03-02 17:50:42,led_sone,false
1111880,18-14298-00936,EBAY,,265660312601,PLTEBM,1,24.41,24.41,2026-03-02 17:49:45,electricalsone,false
1111881,18-14298-00937,EBAY,,335501510907,PLTYBM+ICST64E27,1,15.76,15.76,2026-03-02 17:49:42,re6865,false
1111887,24-14304-16997,EBAY,,165434844399,ENC76,1,24.69,24.69,2026-03-02 17:53:34,led_sone,false
1111888,10-14309-29160,EBAY,,164914367042,12IP2030,1,6.99,6.99,2026-03-02 17:57:36,led_sone,false
1111889,21-14293-40644,EBAY,,266190476182,12IP20180,1,17.34,18.25,2026-03-02 17:55:34,electricalsone,false
1111890,27-14285-29742,EBAY,,334009958806,LSCG185AR+SCRN70FG,1,14.70,14.70,2026-03-02 17:52:30,re6865,false
1111900,27-14285-38106,EBAY,,335861352403,CL2TBR,1,2.99,2.99,2026-03-02 18:09:41,re6865,false
1111902,16-14300-97172,EBAY,,164714077597,5IP2050,1,8.49,8.49,2026-03-02 18:08:42,led_sone,false
1111905,27-14285-43060,EBAY,,167024697085,PCFT300BA,1,9.89,9.89,2026-03-02 18:19:49,led_sone,false
1111913,23-14291-09081,EBAY,,162949535147,LDMG80E274,3,15.30,5.49,2026-03-02 18:28:44,led_sone,false
1111927,06-14315-65412,EBAY,,306292050371,CRSF100BC+PHSH1PBRBC+SCRN70BC,1,9.30,9.30,2026-03-02 18:45:56,coventrylights,false
1111928,06-14315-65410,EBAY,,165621031025,LDSG125E274,1,12.89,12.89,2026-03-02 18:46:00,led_sone,false
1111935,08-14312-44873,EBAY,,305698723917,LDMST64E276,3,16.41,5.89,2026-03-02 19:00:49,coventrylights,false
1111936,14-14304-08793,EBAY,,267192693105,PHSF1BMTBM,1,10.49,10.49,2026-03-02 18:54:15,electricalsone,false
1111937,14-14304-08793,EBAY,,267192693105,PHSF1BMTBM,1,10.49,10.49,2026-03-02 18:54:15,electricalsone,false
1111943,21-14293-75832,EBAY,,125080773359,CBSF175,2,11.18,5.89,2026-03-02 19:05:45,dctransformer,false
1111945,12-14307-05568,EBAY,,266188024005,CCBKNWE12,6,29.64,5.49,2026-03-02 19:06:20,electricalsone,false
1111946,07-14314-25229,EBAY,,266765586510,HLSC128BM2PK,1,5.99,5.99,2026-03-02 19:08:21,electricalsone,false
1111947,07-14314-25229,EBAY,,266765586510,HLSC128BMAPK,3,105.87,35.29,2026-03-02 19:08:21,electricalsone,false
1111953,18-14298-42245,EBAY,,306696809772,CRFF500BM+PHHT1PBRBM3PK+WCDCBM3PK,1,35.24,37.89,2026-03-02 19:11:45,coventrylights,false
1111961,02-14321-65441,EBAY,,164492460457,PLHIBS+ICST64E275PK,1,59.79,59.79,2026-03-02 19:28:46,led_sone,false
1111968,11-14308-49613,EBAY,,305698723917,LDMG125E278,1,7.69,7.69,2026-03-02 19:32:28,coventrylights,false
1111974,11-14308-59482,EBAY,,162975561793,CL3TROAPK,1,25.89,25.89,2026-03-02 19:49:08,led_sone,false
1111975,21-14293-95692,EBAY,,266190359629,LDMST64E274,1,6.49,6.49,2026-03-02 19:44:05,electricalsone,false
1111993,08-14312-80965,EBAY,,316899816397,12IP6715,4,23.36,6.49,2026-03-02 20:04:23,so_926407,false
1111994,13-14306-10917,EBAY,,266190328513,WCDTBM+RPR44WH,1,8.99,8.99,2026-03-02 20:04:44,electricalsone,false
1111995,10-14309-97038,EBAY,,163008902707,12IP6715,4,28.40,7.89,2026-03-02 20:03:44,led_sone,false
1111999,01-14323-67626,EBAY,,162975561793,CL3TBM2PK,2,10.98,5.49,2026-03-02 20:16:07,led_sone,false
1112000,01-14323-67626,EBAY,,162975561793,CL3TGD2PK,1,5.49,5.49,2026-03-02 20:16:07,led_sone,false
1112001,15-14303-02013,EBAY,,163952672799,12IP6720,1,8.00,8.00,2026-03-02 20:20:21,bestbringer,false
1112009,15-14303-05754,EBAY,,165289623964,CCBC36,3,27.87,9.99,2026-03-02 20:25:59,led_sone,false
1112011,09-14311-63964,EBAY,,165201467647,12IP2080,1,9.49,9.49,2026-03-02 20:27:08,led_sone,false
1112012,03-14320-32317,EBAY,,265657802178,CNP1000CH,1,8.49,8.49,2026-03-02 20:29:03,electricalsone,false
1112014,12-14307-52282,EBAY,,256483719676,LDMST64E2746PK,1,17.99,17.99,2026-03-02 20:24:55,vintageinterior,false
1112015,06-14316-26478,EBAY,,335667982804,CL2TBM,1,3.12,3.12,2026-03-02 20:30:40,lighting_sone,false
1112022,10-14310-19598,EBAY,,255943163408,CGCEWH5PK,1,5.79,5.79,2026-03-02 20:38:10,vintageinterior,false
1112023,10-14310-20270,EBAY,,256939232422,LHCTOYB,1,6.64,6.99,2026-03-02 20:39:01,vintageinterior,false
1112024,01-14323-83926,EBAY,,167517548283,LHPOE27BM,1,6.49,6.49,2026-03-02 20:40:42,led_sone,false
1112025,10-14310-19596,EBAY,,164002855928,LHSHE27WH,1,7.89,7.89,2026-03-02 20:38:03,led_sone,false
1112026,10-14310-19596,EBAY,,165838815688,CRSF100WH,1,5.89,5.89,2026-03-02 20:38:03,led_sone,false
1112030,11-14308-96363,EBAY,,166874282912,LSDO210WH+RPR44WH,1,10.99,10.99,2026-03-02 20:45:14,led_sone,false
1112040,01-14323-90261,EBAY,,266190383260,CO1230ACL3PK,1,5.99,5.99,2026-03-02 20:50:59,electricalsone,false
1112042,18-14299-03848,EBAY,,255991563117,WCB5BM+RPR44WH,2,15.18,7.99,2026-03-02 20:53:09,vintageinterior,false
1112051,05-14318-18586,EBAY,,163163139150,LHC3E27WH,1,5.89,5.89,2026-03-02 21:06:08,led_sone,false
1112058,17-14300-51084,EBAY,,314111067207,LDSG125LOE274,1,14.28,11.99,2026-03-02 21:15:26,so_926407,false
1112059,16-14302-07201,EBAY,,313462209545,PHSF1AGTGB,1,10.49,10.49,2026-03-02 21:20:21,so_926407,false
1112060,16-14302-07201,EBAY,,313462209545,PHSF1ROTRO,1,10.49,10.49,2026-03-02 21:20:21,so_926407,false
1112061,19-14297-80610,EBAY,,256932904340,WSWTBM,1,17.95,18.89,2026-03-02 21:16:06,vintageinterior,false
1112062,23-14292-05975,EBAY,,163543265806,PLTARR,1,16.89,16.89,2026-03-02 21:15:21,led_sone,false
1112071,02-14322-36387,EBAY,,165397658552,CRSF100YB+CL3TGD+LHSHE27YB,2,19.54,10.29,2026-03-02 21:21:44,led_sone,false
1112073,21-14294-61525,EBAY,,317512825932,LDSG1001E27,1,12.45,13.39,2026-03-02 21:29:47,so_926407,false
1112085,04-14319-38882,EBAY,,164388993564,PSDS4BMBBM,1,9.99,9.99,2026-03-02 21:43:44,led_sone,false
1112087,02-14322-48209,EBAY,,123149529714,CL3RWHAPK,1,23.89,23.89,2026-03-02 21:45:56,dctransformer,false
1112088,10-14310-57224,EBAY,,266192047204,LDCWB22183PK,1,13.29,13.99,2026-03-02 21:44:23,electricalsone,false
1112096,24-14305-52872,EBAY,,166294101739,LHRFE27WH2PK,1,14.77,6.58,2026-03-02 22:00:14,led_sone,false
1112097,06-14316-75732,EBAY,,266190303273,12UK3P5A+SLW4,1,14.03,14.77,2026-03-02 21:59:55,electricalsone,false
1112098,01-14324-25261,EBAY,,335739316680,CRSF108BM,1,6.79,6.79,2026-03-02 21:56:42,lighting_sone,false
1112099,24-14305-51458,EBAY,,305682162344,LSFT220BC+RPR44WH,2,21.44,11.29,2026-03-02 21:56:53,coventrylights,false
1112100,06-14316-74771,EBAY,,313861394717,ENC8896,1,22.40,24.89,2026-03-02 21:57:30,so_926407,false
1112102,10-14310-65022,EBAY,,266630626996,WCB6RR2PK+RPR44WH2PK,1,14.67,15.44,2026-03-02 22:02:23,electricalsone,false
1112103,01-14324-35068,EBAY,,266190476182,12IP2030,1,6.64,6.99,2026-03-02 22:20:43,electricalsone,false
1112105,22-14293-74598,EBAY,,165901230400,ENC4422,1,45.89,45.89,2026-03-02 22:23:03,led_sone,false
1112106,12-14308-14628,EBAY,,166032301756,LHSHE27GB2PK,1,8.49,8.49,2026-03-02 22:23:08,led_sone,false
1112107,12-14308-14628,EBAY,,163675339013,PSOS4RCR,2,23.78,11.89,2026-03-02 22:23:08,led_sone,false
1112112,25-14289-52708,EBAY,,266742973079,CL3TBMAPK,1,24.59,24.59,2026-03-02 22:31:49,electricalsone,false
1112113,04-14319-59102,EBAY,,164002836768,CRSF1202GB,3,19.50,6.99,2026-03-02 22:32:43,led_sone,false
1112114,27-14286-81277,EBAY,,164169967297,WJB2,1,5.89,5.89,2026-03-02 22:39:16,led_sone,false
1112115,09-14312-30836,EBAY,,165901230400,ENC4299,1,37.89,37.89,2026-03-02 22:38:16,led_sone,false
1112131,12-14308-22218,EBAY,,313614826194,5IP2010,1,7.83,5.49,2026-03-02 22:42:38,so_926407,false
1112145,06-14316-99675,EBAY,,265660312592,LDMT45B224,2,10.42,5.49,2026-03-02 23:01:11,electricalsone,false
1112146,04-14319-71180,EBAY,,313970190922,ENC1312,1,21.50,23.89,2026-03-02 23:04:40,so_926407,false
1112153,08-14313-76916,EBAY,,316809248747,CL2TGL,4,13.32,2.69,2026-03-02 23:16:28,so_926407,false
1112166,09-14312-55639,EBAY,,305858786536,LSGLCY120CO2PK+RPM40WH2PK,1,15.89,15.89,2026-03-02 23:46:24,coventrylights,false
1112169,06-14317-18627,EBAY,,123909647492,RD405PK,1,7.17,7.17,2026-03-02 23:54:16,dctransformer,false
1112180,07-14315-95432,EBAY,,164846271255,CRSF1202FG,1,6.99,6.99,2026-03-03 01:19:28,led_sone,false
1112181,07-14315-95432,EBAY,,164846271255,CRSF120FG,2,10.98,5.49,2026-03-03 01:19:28,led_sone,false
1112182,27-14287-39754,EBAY,,266190476182,12IP20600,1,36.95,38.89,2026-03-03 01:29:29,electricalsone,false
1112184,07-14316-00284,EBAY,,265660312527,PSDS2RGD,1,8.98,9.45,2026-03-03 01:33:05,electricalsone,false
1112194,24-14306-61746,EBAY,,164279909548,PSDS2RBL,1,9.99,9.99,2026-03-03 03:10:33,led_sone,false
1112244,17-14302-19363,EBAY,,162975561793,CL3TBK2PK,2,10.42,5.49,2026-03-03 05:48:50,led_sone,false
1112246,25-14290-90854,EBAY,,164507511008,CRSF100BM+WSCH135BM+LSHH240BC,2,32.08,16.89,2026-03-03 06:16:08,led_sone,false
1112251,15-14305-12441,EBAY,,313614825900,12IP6720,1,11.25,8.99,2026-03-03 06:30:52,so_926407,false
1112253,12-14309-60873,EBAY,,164566135486,ENC741,2,37.78,19.89,2026-03-03 06:38:23,led_sone,false
1112255,26-14289-41671,EBAY,,265634986318,ENC6369,1,44.01,44.01,2026-03-03 06:42:03,electricalsone,false
1112259,02-14324-17710,EBAY,,267068731282,12IP67100,1,20.61,21.69,2026-03-03 07:13:33,electricalsone,false
1112272,01-14326-12227,EBAY,,163999115806,SPSD88SN2PK,2,13.98,6.99,2026-03-03 09:07:06,led_sone,false
1112277,16-14303-98283,EBAY,,164492030061,CL3TBK,5,16.45,3.29,2026-03-03 08:12:49,led_sone,false
1112287,16-14303-98283,EBAY,,164033759158,LHAHE27CO,4,23.96,5.99,2026-03-03 08:12:49,led_sone,false
1112288,23-14294-00576,EBAY,,266095194768,PSDS2RRE+LHSHE27SN,1,10.99,10.99,2026-03-03 08:16:48,electricalsone,false
1112313,21-14296-56222,EBAY,,255943163433,CRFF140BM,1,5.09,5.09,2026-03-03 08:56:46,vintageinterior,false
1112316,01-14326-12227,EBAY,,163999115806,SPSD88SN2PK,1,6.99,6.99,2026-03-03 09:07:06,led_sone,false
1112321,25-14291-23750,EBAY,,304897732709,LDMG80B2242PK,1,7.88,8.76,2026-03-03 09:11:37,coventrylights,false
1112322,06-14318-63246,EBAY,,163138469118,LHBRE27BM+CGMLBM,1,5.22,5.49,2026-03-03 09:19:27,led_sone,false
1112335,10-14312-54881,EBAY,,256487880217,WCWDRO+RPR44WH,1,8.15,8.58,2026-03-03 09:39:12,vintageinterior,false
1112336,08-14315-38742,EBAY,,162834884311,12UK3P5A+CODCCR,1,10.22,10.99,2026-03-03 09:38:23,led_sone,false
1112338,23-14294-18602,EBAY,,162979285541,CL3TBM,1,3.29,3.29,2026-03-03 09:44:32,led_sone,false
1112341,04-14321-42317,EBAY,,163820671950,WCWVBM+RPR44WH,1,9.99,9.99,2026-03-03 10:00:30,led_sone,false
1112342,12-14309-99174,EBAY,,304826634562,PHSF2BMTBY,1,12.04,12.67,2026-03-03 09:54:21,coventrylights,false
1112343,24-14307-46066,EBAY,,304826634562,PHSF2BMTBY,1,12.04,12.67,2026-03-03 09:58:27,coventrylights,false
1112348,01-14326-24438,EBAY,,167910892221,LDSG1001E272PK,1,26.89,26.89,2026-03-03 10:04:27,led_sone,false
1112355,24-14307-49188,EBAY,,163445610793,CL3TBK,1,2.89,2.89,2026-03-03 10:13:06,led_sone,false
1112356,24-14307-49820,EBAY,,313462209545,PHSF1BMRBM,1,13.33,10.99,2026-03-03 10:15:58,so_926407,false
1112357,06-14318-76032,EBAY,,315379102143,LDMST64E278,1,9.88,6.99,2026-03-03 10:19:04,so_926407,false
1112374,11-14311-40160,EBAY,,315384745645,CRSF108RO+WSAT105RO,5,33.70,7.49,2026-03-03 10:37:02,so_926407,false
1112375,23-14294-30681,EBAY,,265750044855,CL3RHE,1,2.99,2.99,2026-03-03 10:39:07,electricalsone,false
1112376,22-14295-66321,EBAY,,336099451487,LSEL400GR2PK+RPR44WH2PK,3,80.88,28.99,2026-03-03 10:31:53,re6865,false
1112391,03-14322-92554,EBAY,,164261730528,12BO48,3,39.48,14.15,2026-03-03 10:57:34,led_sone,false
1112398,11-14311-46307,EBAY,,165452014120,LHRIE14WH,1,4.99,4.99,2026-03-03 11:03:55,led_sone,false
1112408,20-14298-54809,EBAY,,313970190872,CRFF500BM+PHSH1PBRYB3PK+SCRN70BM3PK+LSFT220GR3PK,1,33.56,37.29,2026-03-03 11:10:48,so_926407,false
1112409,27-14288-75620,EBAY,,267340970424,CL3TBR3PK,2,9.98,4.99,2026-03-03 11:13:31,electricalsone,false
1112410,27-14288-75620,EBAY,,267340970424,CL3RBR3PK,4,19.96,4.99,2026-03-03 11:13:31,electricalsone,false
1112411,27-14288-75620,EBAY,,267340970424,CL2RBR3PK,4,19.44,4.86,2026-03-03 11:13:31,electricalsone,false
1112412,27-14288-75620,EBAY,,267340970424,CL2TBR3PK,2,9.72,4.86,2026-03-03 11:13:31,electricalsone,false
1112423,21-14296-89063,EBAY,,315498781260,FWS144AP,1,9.18,6.99,2026-03-03 11:26:03,so_926407,false
1112424,21-14296-87889,EBAY,,167943512253,TSLCQA20WH,1,6.49,6.49,2026-03-03 11:21:02,led_sone,false
1112427,25-14291-55796,EBAY,,266826182320,PSOS4YBRPB+LSSS300BM+ICST64E27,1,22.89,22.89,2026-03-03 11:35:37,electricalsone,false
1112428,21-14296-92267,EBAY,,265977177892,CO1215ACLAPK,1,8.99,8.99,2026-03-03 11:39:11,electricalsone,false
1112429,13-14308-95317,EBAY,,163999115806,SPSD78SN2PK,1,6.99,6.99,2026-03-03 11:40:27,led_sone,false
1112441,19-14300-19781,EBAY,,305619254053,LSTF400GY2PK+RPR44WH2PK,1,24.09,26.77,2026-03-03 11:42:46,coventrylights,false
1112442,19-14300-19594,EBAY,,126703928790,RBLSFT220GS,1,6.88,3.99,2026-03-03 11:42:02,dctransformer,false
1112453,27-14288-85685,EBAY,,168119512316,CRSF100BM+PHSH1PBRYB+LSSS300BB+ICST64E27,10,188.00,20.89,2026-03-03 11:54:20,led_sone,false
1112454,12-14310-27593,EBAY,,163033753714,WCVCWH+RPR44WH,1,8.99,8.99,2026-03-03 11:56:59,led_sone,false
1112455,18-14301-60921,EBAY,,315506602283,12UK3P10A+SLW4,1,22.17,20.29,2026-03-03 11:57:34,so_926407,false
1112457,14-14307-37930,EBAY,,165405860182,CL2THE5PK,1,10.44,10.99,2026-03-03 12:01:26,led_sone,false
1112459,16-14304-49695,EBAY,,165397658552,CRSF100CH+CL3TBR+LHSHE27CH,1,9.78,10.29,2026-03-03 12:05:04,led_sone,false
1112467,07-14317-53643,EBAY,,335671853510,CRFF100WH+PHUP1PWRWH+CNT900WH,1,12.63,12.63,2026-03-03 12:19:28,lighting_sone,false
1112468,27-14288-90472,EBAY,,162553025729,LDMST64E2743PK,1,12.44,13.09,2026-03-03 12:12:15,led_sone,false
1112477,15-14305-89305,EBAY,,167700080536,PHSF1PBR20WH+LSWE315BY,1,12.59,17.99,2026-03-03 12:30:10,led_sone,false
1112478,23-14294-56109,EBAY,,316809248747,CL3TBM,1,8.88,5.99,2026-03-03 12:21:19,so_926407,false
1112487,17-14303-05285,EBAY,,267213772077,24IP2072,1,10.44,10.99,2026-03-03 12:38:53,electricalsone,false
1112488,02-14324-89482,EBAY,,267446933196,CRSF100BM+LHNSE27YB+SCRN70YB+LSFT220BI,1,15.89,15.89,2026-03-03 12:37:38,electricalsone,false
1112514,15-14306-02212,EBAY,,164030749672,CL2TBM,2,5.78,2.89,2026-03-03 13:12:17,led_sone,false
1112515,15-14306-02212,EBAY,,167943434245,CL3TBM2PK,1,5.49,5.49,2026-03-03 13:12:17,led_sone,false
1112527,10-14313-12837,EBAY,,315704860026,LSSS300GR+RPR44WH,2,23.98,12.89,2026-03-03 13:25:38,so_926407,false
1112529,25-14291-87423,EBAY,,267068731282,24IP6745,1,13.77,14.49,2026-03-03 13:25:31,electricalsone,false
1112530,22-14296-12391,EBAY,,164261730528,12BO100,1,18.04,18.04,2026-03-03 13:24:13,led_sone,false
1112539,05-14320-99747,EBAY,,165397658552,CRSF100YB+CL3TGD+LHSHE27YB,1,9.78,10.29,2026-03-03 13:37:52,led_sone,false
1112545,07-14317-82121,EBAY,,164554946630,LHRIE14WH,1,4.99,4.99,2026-03-03 13:49:57,led_sone,false
1112552,11-14311-94171,EBAY,,162889372504,CL2TBR,1,2.99,2.99,2026-03-03 13:51:05,led_sone,false
1112553,11-14311-96807,EBAY,,256570260720,LSCY210BG+RPR44WH,1,9.40,9.89,2026-03-03 13:58:31,vintageinterior,false
1112554,21-14297-33513,EBAY,,266198003811,LHEDE27GD2PK,2,13.28,6.99,2026-03-03 13:55:42,electricalsone,false
1112555,14-14307-74552,EBAY,,267520860246,RWWPSY08GY2PK,1,5.89,5.89,2026-03-03 13:58:53,electricalsone,false
1112556,16-14304-82693,EBAY,,313991326700,CRSF100YB,1,8.93,6.49,2026-03-03 13:51:24,so_926407,false
1112560,24-14308-12182,EBAY,,267228355035,WSIWCRBC,6,134.40,24.89,2026-03-03 14:01:08,electricalsone,false
1112561,25-14292-02410,EBAY,,304887875616,CRSF100BM+WSCH135BM+LSCY210BM,3,50.67,16.89,2026-03-03 14:08:50,coventrylights,false
1112562,25-14292-02410,EBAY,,306333338233,CRSF100YB+LHNSE27YB+LSDO210BG,2,31.48,15.74,2026-03-03 14:08:50,coventrylights,false
1112563,25-14292-02410,EBAY,,305895455847,ENC7817,2,85.32,42.66,2026-03-03 14:08:50,coventrylights,false
1112564,25-14292-02410,EBAY,,304785664684,PLADBM+LSDO210BG3PK,1,42.54,42.54,2026-03-03 14:08:50,coventrylights,false
1112565,24-14308-12180,EBAY,,163911185558,CRSF100BM+WSLS155YB+WCBLBM+ICST64E2740,4,79.56,19.89,2026-03-03 14:01:05,led_sone,false
1112566,24-14308-12180,EBAY,,165937054135,PLWCBC+ICST64E2760,4,91.56,22.89,2026-03-03 14:01:05,led_sone,false
1112585,08-14316-22994,EBAY,,404427888692,CL3RHE,1,5.00,5.00,2026-03-03 14:38:41,ledsonede,false
1112586,08-14316-22994,EBAY,,404427888692,CL3RHEAPK,1,21.19,21.19,2026-03-03 14:38:41,ledsonede,false
1112597,07-14318-06152,EBAY,,163481444917,LHSHE27YB,2,10.98,5.49,2026-03-03 14:54:25,led_sone,false
1112598,07-14318-06152,EBAY,,164492030061,CL3TBM,2,11.98,5.99,2026-03-03 14:54:25,led_sone,false
1112599,12-14310-87220,EBAY,,163844479887,PSOS2WHBWH,1,7.99,7.99,2026-03-03 14:56:46,led_sone,false
1112608,23-14295-18399,EBAY,,167943442329,CL2RLB,2,4.12,2.17,2026-03-03 15:19:18,led_sone,false
1112614,10-14313-58418,EBAY,,166032301756,LHBBE27BA2PK,1,6.99,6.99,2026-03-03 15:23:35,led_sone,false
1112619,25-14292-40060,EBAY,,256483719676,LDMST64E2742PK,2,13.08,6.89,2026-03-03 15:39:29,vintageinterior,false
1112621,09-14315-17148,EBAY,,305619254053,LSTF400BM2PK+RPR44WH2PK,1,24.09,26.77,2026-03-03 15:38:36,coventrylights,false
1112629,10-14313-66379,EBAY,,315506602283,12UK3P8A+SLW4,1,18.37,16.29,2026-03-03 15:42:03,so_926407,false
1112634,06-14319-82540,EBAY,,266188024005,CCBKNWE25,1,9.29,9.99,2026-03-03 15:50:57,electricalsone,false
1112641,06-14319-92224,EBAY,,265752617070,CRFF140CO+WSFSCO+ICST64E27,2,26.58,13.29,2026-03-03 16:13:39,electricalsone,false
1112642,06-14319-92224,EBAY,,266190399602,CRFF100GB+PHUP1PBRGB+CNT900GB+ICST64E27,1,12.29,12.29,2026-03-03 16:13:39,electricalsone,false
1112644,06-14319-92224,EBAY,,266223215729,LSCY290GB+RPR44WH,1,16.19,16.19,2026-03-03 16:13:39,electricalsone,false
1112649,19-14301-22841,EBAY,,334800070610,WCB6BS+RPR44WH,1,9.09,9.09,2026-03-03 16:26:46,re6865,false
1112661,12-14311-32122,EBAY,,266197864707,PSOS2BMB14BM,1,7.47,7.47,2026-03-03 16:38:19,electricalsone,false
1112670,13-14310-09840,EBAY,,162562112782,12IP20180,1,17.38,18.29,2026-03-03 16:50:55,led_sone,false
1112708,25-14292-89689,EBAY,,315702425353,LHSHE27BN,1,9.78,6.89,2026-03-03 17:33:05,so_926407,false
1112713,18-14302-94245,EBAY,,164641722881,WJB2,1,5.89,5.89,2026-03-03 17:44:22,led_sone,false
1112714,12-14311-62994,EBAY,,164272664239,WSDM240BM+WCBNBM2PK+LDMT45E2742PK,2,39.38,19.69,2026-03-03 17:49:09,led_sone,false
1112726,05-14322-10486,EBAY,,163844479887,PSOS4BMBBM,1,10.99,10.99,2026-03-03 18:01:34,led_sone,false
1112727,26-14291-51778,EBAY,,167833569765,WCCYSP160WH,1,11.49,11.49,2026-03-03 18:10:23,led_sone,false
1112748,09-14315-95642,EBAY,,304806215764,CRSF100BM+WSTR135BM+LSUL220BB,2,33.58,17.68,2026-03-03 18:38:53,coventrylights,false
1112749,05-14322-25121,EBAY,,335680616357,LDMG95E2743PK,1,10.59,10.59,2026-03-03 18:35:22,lighting_sone,false
1112756,13-14310-59487,EBAY,,255943163485,CBSF100,1,5.49,5.49,2026-03-03 18:45:04,vintageinterior,false
1112757,19-14301-83509,EBAY,,165165154611,PLADBM+LSDO210BG3PK+ICST64E273PK,2,100.26,52.77,2026-03-03 18:45:34,led_sone,false
1112759,18-14303-20658,EBAY,,265918273111,WCB6BB+RPR44WH,2,16.12,8.49,2026-03-03 18:44:57,electricalsone,false
1112768,15-14307-43481,EBAY,,163957630326,PHTT1PBR3RR+LSWT300RR+ICST64E27603PK,1,28.44,28.44,2026-03-03 18:53:08,led_sone,false
1112769,15-14307-43481,EBAY,,163826763081,CRSF125CO+WSAT105CO+ICST64E27,2,19.98,9.99,2026-03-03 18:53:08,led_sone,false
1112775,18-14303-28442,EBAY,,164492030061,CL2TBP,5,13.70,2.89,2026-03-03 19:02:13,led_sone,false
1112776,04-14323-40262,EBAY,,164030749672,CL2TBM,2,5.48,2.89,2026-03-03 19:09:57,led_sone,false
1112778,12-14312-25571,EBAY,,126703928790,RBLSFT220BG,1,3.99,3.99,2026-03-03 20:09:49,dctransformer,false
1112784,14-14309-15326,EBAY,,167565749301,CCBKNWE3,4,17.96,4.99,2026-03-03 19:26:34,led_sone,false
1112786,02-14326-54502,EBAY,,266190328455,12RPIP45250,1,19.06,19.06,2026-03-03 19:21:48,electricalsone,false
1112794,18-14303-45351,EBAY,,265826763080,PSDS2BMRRE,1,12.92,13.89,2026-03-03 19:39:28,electricalsone,false
1112795,17-14304-76058,EBAY,,165621031025,LDSSTRE274,1,9.89,9.89,2026-03-03 19:33:05,led_sone,false
1112796,17-14304-76058,EBAY,,165621031025,LDSG125LOE274,1,12.89,12.89,2026-03-03 19:33:05,led_sone,false
1112807,18-14303-50399,EBAY,,167513989613,BS6S8033ML,1,20.89,20.89,2026-03-03 19:50:32,led_sone,false
1112814,26-14291-96993,EBAY,,265634986318,ENC6373,1,44.01,44.01,2026-03-03 19:51:54,electricalsone,false
1112816,24-14309-65674,EBAY,,316981345124,LSFT220BL+RPR44WH,1,8.54,8.99,2026-03-03 19:56:53,so_926407,false
1112817,27-14290-76522,EBAY,,162799417330,24IP2048,1,9.49,9.99,2026-03-03 19:53:18,led_sone,false
1112826,12-14312-25571,EBAY,,126703928790,RBLSOL220SN,1,3.87,3.87,2026-03-03 20:09:49,dctransformer,false
1112827,16-14306-45340,EBAY,,124771480165,LHRIE27WH+CGMLWH,1,5.42,5.42,2026-03-03 20:09:06,dctransformer,false
1112828,21-14298-92205,EBAY,,304786539494,PLADBM+LSDO210BG3PK,1,39.69,42.68,2026-03-03 20:03:54,coventrylights,false
1112837,14-14309-37301,EBAY,,166788750661,HBL5SMBM,1,6.99,6.99,2026-03-03 20:15:01,led_sone,false
1112838,22-14297-88704,EBAY,,167222238767,WCCYSP160WH2PK,1,14.24,14.99,2026-03-03 20:19:20,led_sone,false
1112839,11-14313-59782,EBAY,,313970190875,ENC7379,1,19.52,20.99,2026-03-03 20:15:37,so_926407,false
1112840,13-14310-98789,EBAY,,304786539485,LSHQ150YE+RPR44WH,4,35.74,8.89,2026-03-03 20:11:46,coventrylights,false
1112846,11-14313-63319,EBAY,,164776149035,CRSF120BM,2,10.42,5.49,2026-03-03 20:23:26,led_sone,false
1112854,13-14311-07939,EBAY,,164492030061,CL3TIV,3,8.52,2.99,2026-03-03 20:31:59,led_sone,false
1112865,10-14315-06734,EBAY,,266950444236,PHCT80CHCCH,1,13.01,13.99,2026-03-03 20:59:35,electricalsone,false
1112878,05-14322-93423,EBAY,,122882704305,WJB2,1,5.89,5.89,2026-03-03 21:06:54,dctransformer,false
1112879,25-14293-81780,EBAY,,162562112782,5IP2028,1,5.22,5.49,2026-03-03 21:01:43,led_sone,false
1112884,09-14316-65435,EBAY,,305698723917,LDMST64E274,3,19.20,6.89,2026-03-03 21:14:53,coventrylights,false
1112885,06-14321-25186,EBAY,,163701083821,CRFF140RR+LHSHE27RR+SCRN70RR+LSFT220RR,1,16.89,16.89,2026-03-03 21:13:35,led_sone,false
1112887,13-14311-28663,EBAY,,266190476182,24IP2048,1,8.54,8.99,2026-03-03 21:19:35,electricalsone,false
1112902,18-14303-96085,EBAY,,266190324792,CL3RWM,14,28.84,2.29,2026-03-03 21:35:29,electricalsone,false
1112910,03-14325-45367,EBAY,,313970190920,LSCP150BA+RPR44WH,1,12.18,9.99,2026-03-03 21:41:56,so_926407,false
1112920,17-14305-38440,EBAY,,267295981796,CRFF75BA+LHAHE27BM,2,17.08,8.99,2026-03-03 21:57:17,electricalsone,false
1112924,09-14316-85772,EBAY,,335739316680,CRSF108SN,1,6.79,6.79,2026-03-03 22:05:19,lighting_sone,false
1112931,11-14314-09958,EBAY,,314066051578,LSHQ150RE+RPR44WH,1,9.49,9.99,2026-03-03 22:14:51,so_926407,false
1112932,04-14324-19842,EBAY,,304806215764,CRSF100BM+WSTR135BM+LSCY210BC,1,16.08,16.08,2026-03-03 22:13:46,coventrylights,false
1112944,03-14325-66980,EBAY,,255991563117,WCB6BM+RPR44WH,1,8.29,8.29,2026-03-03 22:38:31,vintageinterior,false
1112954,26-14292-69363,EBAY,,266190476182,24IP20200,1,19.52,20.55,2026-03-03 22:49:01,electricalsone,false
1112970,13-14311-78950,EBAY,,255943163485,CBSF110,1,5.49,5.49,2026-03-03 23:35:53,vintageinterior,false
1112973,24-14310-57429,EBAY,,166928254145,PSDS2BMB14BM,1,7.47,7.47,2026-03-03 23:54:18,led_sone,false
1112974,22-14298-69672,EBAY,,267073162939,LDMST64E274,1,6.49,6.49,2026-03-03 23:52:10,electricalsone,false
1112975,22-14298-69672,EBAY,,266095194768,PSDS2RBR+LHSHE27YB,1,10.99,10.99,2026-03-03 23:52:10,electricalsone,false
1112976,04-14324-53113,EBAY,,304786539461,12BO28,1,12.34,12.34,2026-03-03 23:54:08,coventrylights,false
1112977,02-14327-66531,EBAY,,165199745268,12UK3P6A,1,12.29,12.29,2026-03-04 00:03:07,led_sone,false
1112980,27-14291-78380,EBAY,,163844479887,PSDS4BMBBM,1,9.99,9.99,2026-03-04 00:22:44,led_sone,false
1112983,23-14297-47934,EBAY,,162276028284,12IP6715,18,127.80,7.89,2026-03-04 00:40:32,led_sone,false
1112988,08-14318-81955,EBAY,,163964665683,12UK3P6A,1,12.25,12.89,2026-03-04 01:16:14,led_sone,false
1112992,16-14307-61277,EBAY,,265683898768,LDMST64E2783PK,1,20.59,20.59,2026-03-04 01:24:37,electricalsone,false
1112996,14-14310-63566,EBAY,,313970190878,CRSF108CH+HKR10CH,8,51.36,6.49,2026-03-04 02:02:55,so_926407,false
1112997,16-14307-90253,EBAY,,165756156867,IMGRCPK,1,6.99,6.99,2026-03-04 02:50:01,led_sone,false
1113006,11-14315-10533,EBAY,,163585361443,12IP6710,1,6.89,6.89,2026-03-04 03:12:14,led_sone,false
1113013,08-14319-28257,EBAY,,267408734325,LDCWA60HB2276PK,1,5.99,5.99,2026-03-04 03:31:30,electricalsone,false
1113044,23-14298-40880,EBAY,,164525233292,LSCY290WH+RPR44WH,1,14.59,14.59,2026-03-04 06:27:16,led_sone,false
1113048,01-14330-47113,EBAY,,163844479887,PSDS4BMBBM,1,9.99,9.99,2026-03-04 06:36:34,led_sone,false
1113055,23-14298-52788,EBAY,,335465700052,PHCD1PBR3WH,1,37.03,22.14,2026-03-04 07:16:31,re6865,false
1113063,09-14318-55955,EBAY,,164554946630,LHRIE14WH,1,4.99,4.99,2026-03-04 07:48:36,led_sone,false
1113064,13-14313-17316,EBAY,,266217286579,HRE2738WH2PK,1,5.99,5.99,2026-03-04 07:50:16,electricalsone,false
1113071,19-14304-42627,EBAY,,317652003579,CRFF500BM+PHSQ1PBRYB3PK+LSFT220BC3PK,1,32.54,34.99,2026-03-04 08:00:07,so_926407,false
1113081,22-14300-13605,EBAY,,267446933196,CRSF100BM+LHNSE27YB+SCRN70YB+LSFT220BI,1,15.89,15.89,2026-03-04 08:26:08,electricalsone,false
1113082,08-14319-99608,EBAY,,266027916399,LHBRE27BM,1,5.22,5.49,2026-03-04 08:27:28,electricalsone,false
1113083,20-14302-93423,EBAY,,163585361443,24IP67120,1,23.89,23.89,2026-03-04 08:26:23,led_sone,false
1113084,15-14310-07949,EBAY,,256943483875,PCGZ20MX+PCDO20BM+CO122PCL+PCMT20BM+RW1FG2PK+LHTOE27CH+LSHQ180BM+ICST64E27,3,72.21,25.89,2026-03-04 08:24:39,vintageinterior,false
1113088,04-14325-99959,EBAY,,166032301756,LHSHE27CO,1,5.49,5.49,2026-03-04 08:32:06,led_sone,false
1113090,23-14298-78819,EBAY,,165398285367,CL3RBW3PK,1,8.99,8.99,2026-03-04 08:39:17,led_sone,false
1113102,27-14293-19117,EBAY,,314257032214,CRFF75GB,1,9.88,6.99,2026-03-04 08:58:25,so_926407,false
1113103,12-14314-62072,EBAY,,166032301756,LHSHE27CO,1,5.49,5.49,2026-03-04 08:54:06,led_sone,false
1113104,10-14317-22345,EBAY,,166863141986,TSWGQBAYE2PK,3,35.94,12.89,2026-03-04 09:00:39,led_sone,false
1113110,15-14310-18193,EBAY,,165452014120,LHRIE14WH,1,4.99,4.99,2026-03-04 09:14:37,led_sone,false
1113111,13-14313-39089,EBAY,,164216736348,CO1210ACL,1,5.49,5.49,2026-03-04 09:17:51,led_sone,false
1113112,08-14320-10232,EBAY,,315379102143,LDMG95E278,8,47.76,5.99,2026-03-04 09:18:20,so_926407,false
1113117,15-14310-19514,EBAY,,162799417330,5IP2050,1,8.07,8.49,2026-03-04 09:21:25,led_sone,false
1113118,17-14307-57622,EBAY,,162830271380,12BO48,1,15.29,15.29,2026-03-04 11:06:15,led_sone,false
1113119,12-14314-69370,EBAY,,255943162124,PSOS2HETBM,1,11.29,11.29,2026-03-04 09:30:50,vintageinterior,false
1113131,23-14298-93517,EBAY,,166898541107,WBERT29GR3PK,1,6.99,6.99,2026-03-04 09:51:40,led_sone,false
1113133,14-14311-82375,EBAY,,165443367091,PLADBC+LSDO210BC3PK,1,42.12,45.29,2026-03-04 09:56:08,led_sone,false
1113137,09-14318-88899,EBAY,,164169967297,WJB2,1,5.89,5.89,2026-03-04 10:06:34,led_sone,false
1113148,14-14311-89317,EBAY,,165180710022,RPM40WH5PK,1,6.99,6.99,2026-03-04 10:21:10,led_sone,false
1113159,18-14306-16079,EBAY,,163866685573,RD255PK,1,4.99,4.99,2026-03-04 10:33:25,led_sone,false
1113160,08-14320-27251,EBAY,,163809525878,HKR10WH5PK,1,5.49,5.49,2026-03-04 10:35:45,led_sone,false
1113162,21-14301-52464,EBAY,,163163376789,LHRBE27WH,2,11.18,5.89,2026-03-04 10:40:48,led_sone,false
1113163,07-14322-04677,EBAY,,305715611096,WCFWROCO+RPR44WH,1,9.40,9.89,2026-03-04 10:37:52,coventrylights,false
1113167,16-14309-05337,EBAY,,165902994694,LDMST64B228,1,6.49,6.49,2026-03-04 10:44:55,led_sone,false
1113177,18-14306-21695,EBAY,,306398009096,PSDS2BMB14BM+ICC35E1460,2,18.94,10.19,2026-03-04 10:57:37,coventrylights,false
1113178,02-14329-39598,EBAY,,167943331717,CL3RREAPK,2,37.98,19.99,2026-03-04 10:52:03,led_sone,false
1113181,16-14309-09099,EBAY,,167842633756,WCBCFBM,2,24.48,12.89,2026-03-04 11:00:58,led_sone,false
1113183,17-14307-57622,EBAY,,162276028284,12IP6715,1,7.89,7.89,2026-03-04 11:06:15,led_sone,false
1113184,13-14313-64011,EBAY,,163693940389,CBSF85,1,4.99,4.99,2026-03-04 11:09:04,led_sone,false
1113185,22-14300-48548,EBAY,,265660314741,LHRIE14WH,1,4.99,4.99,2026-03-04 11:06:31,electricalsone,false
1113186,13-14313-64042,EBAY,,267121715682,12IP6710,1,6.55,6.89,2026-03-04 11:09:14,electricalsone,false
1113189,11-14316-24352,EBAY,,265750044855,CL2TBM,2,5.48,2.89,2026-03-04 11:13:02,electricalsone,false
1113190,12-14314-93155,EBAY,,126703928790,RBLSFT220BI,1,6.88,3.99,2026-03-04 11:15:15,dctransformer,false
1113199,02-14329-47765,EBAY,,166202407547,CRFF75GB+LHAHE27GB+ICST64E27,2,22.42,11.80,2026-03-04 11:25:26,led_sone,false
1113201,08-14320-39438,EBAY,,266630626996,WCB7WH+RPR44WH,1,8.54,8.99,2026-03-04 11:27:05,electricalsone,false
1113202,20-14303-33728,EBAY,,125299625226,CBMPBL,1,8.19,8.19,2026-03-04 11:28:20,dctransformer,false
1113203,07-14322-15597,EBAY,,313614825900,12IP6720,2,19.86,8.99,2026-03-04 11:23:28,so_926407,false
1113209,11-14316-29242,EBAY,,164846271255,CRSF1202WH,1,6.99,6.99,2026-03-04 11:32:31,led_sone,false
1113210,14-14312-07573,EBAY,,166915330654,WLRPECROWH,1,22.18,22.18,2026-03-04 11:38:03,led_sone,false
1113212,16-14309-18541,EBAY,,317087707309,LDWWE2715,1,6.17,6.49,2026-03-04 11:38:44,so_926407,false
1113213,07-14322-18041,EBAY,,266188024452,12UK3P10A,1,18.89,18.89,2026-03-04 11:33:14,electricalsone,false
1113214,19-14304-92067,EBAY,,304958975512,LSSS300WH+RPR44WH,2,23.98,12.89,2026-03-04 11:31:27,coventrylights,false
1113222,04-14326-44722,EBAY,,265634986318,CRFF500BC+LHNDE27YB2PK+LHNSE27YB+LSDO210BC3PK+ICST64E273PK,1,44.01,44.01,2026-03-04 11:49:37,electricalsone,false
1113223,19-14304-94613,EBAY,,166893221301,LSLC180RR+RPR44WH,1,10.99,10.99,2026-03-04 11:41:08,led_sone,false
1113229,18-14306-36001,EBAY,,313614826197,12BO18,1,11.88,8.99,2026-03-04 11:54:13,so_926407,false
1113270,05-14325-57134,EBAY,,165901230400,ENC4301,1,37.89,37.89,2026-03-04 12:33:54,led_sone,false
1113271,05-14325-57134,EBAY,,165901230400,ENC4299,1,37.89,37.89,2026-03-04 12:33:54,led_sone,false
1113287,11-14316-54878,EBAY,,266630626996,WCB6RR+RPR44WH,1,8.54,8.99,2026-03-04 13:02:40,electricalsone,false
1113288,12-14315-24284,EBAY,,306305283593,CRFF108BM+LHTKE27BA,1,7.56,8.13,2026-03-04 13:06:27,coventrylights,false
1113296,17-14307-95383,EBAY,,266196534075,12IP6710,1,6.49,6.49,2026-03-04 13:19:56,electricalsone,false
1113297,27-14293-82247,EBAY,,166160156418,SPSDP3BM6PK,1,11.49,11.49,2026-03-04 13:11:30,led_sone,false
1113298,19-14305-22198,EBAY,,304786411657,PHSF1BMTBY,2,17.20,9.25,2026-03-04 13:16:04,coventrylights,false
1113302,11-14316-61844,EBAY,,164261730528,12BO28,1,10.44,10.44,2026-03-04 13:24:15,led_sone,false
1113303,20-14303-66831,EBAY,,267285246332,CRSF100BM+PHSQ1PBRYB+LSSS300BM+ICST64E27,3,58.26,20.89,2026-03-04 13:22:48,electricalsone,false
1113312,12-14315-36234,EBAY,,166915330654,WLROWH12,1,12.10,12.10,2026-03-04 13:43:01,led_sone,false
1113319,18-14306-71964,EBAY,,165136827678,PHSF1BRRCO,1,10.99,10.99,2026-03-04 13:51:07,led_sone,false
1113321,10-14318-00844,EBAY,,266190476182,5IP2030,1,8.54,8.99,2026-03-04 13:58:55,electricalsone,false
1113329,21-14302-12378,EBAY,,266188028667,12IP2040,2,17.08,8.99,2026-03-04 14:08:29,electricalsone,false
1113331,11-14316-74566,EBAY,,165756156867,IMCWCPK,1,8.79,8.79,2026-03-04 14:01:47,led_sone,false
1113337,01-14331-72192,EBAY,,162799417330,5IP20200,1,19.93,20.98,2026-03-04 14:13:54,led_sone,false
1113338,01-14331-72950,EBAY,,167515257364,CRSF100BC+PHHF1PBRBC+LSHQ160BC,5,89.90,19.98,2026-03-04 14:15:55,led_sone,false
1113340,24-14312-95349,EBAY,,163195957947,24IP6750,1,14.23,14.98,2026-03-04 14:25:12,led_sone,false
1113344,09-14319-67627,EBAY,,256935512464,12IP6720,1,9.89,9.89,2026-03-04 14:37:05,vintageinterior,false
1113345,09-14319-66909,EBAY,,266001225839,24IP6710,1,6.50,6.99,2026-03-04 14:35:21,electricalsone,false
1113346,14-14312-62456,EBAY,,315379102143,LDMST64B228,2,13.98,6.99,2026-03-04 14:32:11,so_926407,false
1113347,14-14312-62456,EBAY,,314107145725,WCDTWH+RPR44WH,1,10.89,10.89,2026-03-04 14:32:11,so_926407,false
1113348,04-14326-96469,EBAY,,163585361443,24IP6730,1,11.49,11.49,2026-03-04 14:31:48,led_sone,false
1113349,12-14315-54549,EBAY,,304855212511,12SIP6760,1,13.64,14.67,2026-03-04 14:33:59,coventrylights,false
1113350,18-14306-88103,EBAY,,305827991743,ENC4298,3,54.84,19.66,2026-03-04 14:35:30,coventrylights,false
1113356,27-14294-14096,EBAY,,305682162344,LSCY290RO+RPR44WH,1,16.77,16.77,2026-03-04 14:42:16,coventrylights,false
1113357,09-14319-69472,EBAY,,163809525878,HK10BM5PK,1,5.49,5.49,2026-03-04 14:41:50,led_sone,false
1113359,27-14294-21000,EBAY,,316797525557,WCSPROBM+RPR44WH,2,20.68,10.89,2026-03-04 14:59:50,so_926407,false
1113374,10-14318-31156,EBAY,,164127809379,PSDS2BMRBW,2,16.12,8.49,2026-03-04 15:17:25,led_sone,false
1113375,07-14322-90011,EBAY,,305698723917,LDMST64E278,1,7.89,7.89,2026-03-04 15:12:50,coventrylights,false
1113380,09-14319-86398,EBAY,,126703928790,RBLSMS320WH,1,10.78,7.89,2026-03-04 15:20:57,dctransformer,false
1113382,26-14295-53584,EBAY,,165261757862,ENC2435,1,14.78,15.89,2026-03-04 15:24:58,led_sone,false
1113389,14-14312-93578,EBAY,,267245010495,WCCYROBM+LDST45E274,1,24.60,24.60,2026-03-04 15:45:22,electricalsone,false
1113390,05-14326-29896,EBAY,,266217350886,WCB7WH2PK+RPR44WH2PK,1,17.57,18.89,2026-03-04 15:49:59,electricalsone,false
1113391,16-14310-04891,EBAY,,304785662000,LDMST64E274,2,11.78,5.89,2026-03-04 15:46:28,coventrylights,false
1113392,16-14310-04891,EBAY,,304817667757,WCBNBC,2,17.34,8.67,2026-03-04 15:46:28,coventrylights,false
1113397,03-14328-72679,EBAY,,265655117087,12IP6760,1,15.79,16.98,2026-03-04 16:00:35,electricalsone,false
1113406,10-14318-53544,EBAY,,335858740433,ENC827,1,72.89,72.89,2026-03-04 16:07:53,re6865,false
1113407,14-14313-01833,EBAY,,124068128053,LHBPE27BM,1,5.09,5.09,2026-03-04 16:05:01,dctransformer,false
1113409,13-14314-66782,EBAY,,166173994461,SPSDP2WH,1,6.49,6.49,2026-03-04 16:07:54,led_sone,false
1113418,08-14321-39133,EBAY,,266197864707,PSOS2BMB14BM,1,7.47,7.47,2026-03-04 16:11:49,electricalsone,false
1113419,04-14327-38993,EBAY,,166598501724,RWWPSYBF25GY,1,4.99,4.99,2026-03-04 16:12:31,led_sone,false
1113421,02-14330-52176,EBAY,,163844479887,PSOS2WHBWH,1,7.99,7.99,2026-03-04 16:21:14,led_sone,false
1113422,04-14327-46790,EBAY,,316797916737,LSCY290RO+RPR44WH,2,31.60,16.99,2026-03-04 16:30:28,so_926407,false
1113423,11-14317-35969,EBAY,,313826947632,LDMST64E2785PK,1,14.13,15.19,2026-03-04 16:30:47,so_926407,false
1113430,16-14310-25465,EBAY,,164492030061,CL3TCR,1,2.16,2.16,2026-03-04 16:35:04,led_sone,false
1113431,16-14310-25465,EBAY,,164492030061,CL3TBU,1,2.99,2.99,2026-03-04 16:35:04,led_sone,false
1113432,07-14323-28057,EBAY,,162562112782,12IP20360,4,87.96,21.99,2026-03-04 16:39:16,led_sone,false
1113433,07-14323-28057,EBAY,,162562112782,24IP20360,8,183.12,22.89,2026-03-04 16:39:16,led_sone,false
1113439,25-14297-41239,EBAY,,266190476182,5IP2050,1,8.07,8.49,2026-03-04 16:41:34,electricalsone,false
1113440,26-14295-88715,EBAY,,267068731282,12IP67100,1,21.69,21.69,2026-03-04 16:47:36,electricalsone,false
1113441,16-14310-30482,EBAY,,265634986318,ENC3285,1,44.01,44.01,2026-03-04 16:46:45,electricalsone,false
1113442,07-14323-32795,EBAY,,267068731282,12IP6730,1,13.48,14.19,2026-03-04 16:50:21,electricalsone,false
1113443,26-14295-88715,EBAY,,267068731282,12IP6730,1,14.19,14.19,2026-03-04 16:47:36,electricalsone,false
1113465,13-14314-98554,EBAY,,166594959149,WLHSBMCY18,1,18.89,18.89,2026-03-04 17:21:44,led_sone,false
1113473,27-14294-93655,EBAY,,162975561793,CL3TBM2PK,1,5.49,5.49,2026-03-04 17:47:49,led_sone,false
1113474,15-14311-89491,EBAY,,267073162939,LDMST64E2745PK,1,18.90,19.89,2026-03-04 17:48:44,electricalsone,false
1113481,20-14304-79088,EBAY,,165201467647,12IP20480,1,29.25,29.25,2026-03-04 17:58:47,led_sone,false
1113482,21-14303-08652,EBAY,,166916863292,WSLH200BM+ICST64E27,2,37.78,19.89,2026-03-04 17:57:43,led_sone,false
1113483,09-14320-52742,EBAY,,267446933196,CRSF100BM+LHNSE27YB+SCRN70YB+LSFT220BI,2,36.20,15.89,2026-03-04 17:56:19,electricalsone,false
1113497,14-14313-51261,EBAY,,164068060437,HRE2738WHAPK,2,9.66,5.09,2026-03-04 18:00:39,led_sone,false
1113498,12-14316-43360,EBAY,,163585361443,24IP67100,1,21.89,21.89,2026-03-04 18:02:42,led_sone,false
1113499,07-14323-65091,EBAY,,162822568384,LDMT185E274,1,6.99,6.99,2026-03-04 18:05:52,led_sone,false
1113501,01-14332-68363,EBAY,,256004334304,CBSF145,1,5.79,5.79,2026-03-04 18:01:41,vintageinterior,false
1113506,02-14331-01563,EBAY,,305715611096,WCFWROCO2PK+RPR44WH2PK,1,17.95,18.89,2026-03-04 18:16:45,coventrylights,false
1113515,19-14306-46624,EBAY,,164388993564,PSDS4WHBWH,1,9.99,9.99,2026-03-04 18:22:21,led_sone,false
1113520,23-14300-77094,EBAY,,305698723917,LDMST64E278,3,21.99,7.89,2026-03-04 18:31:49,coventrylights,false
1113521,02-14331-09420,EBAY,,255943163489,CL3TGD,1,5.99,5.99,2026-03-04 18:32:18,vintageinterior,false
1113522,02-14331-12043,EBAY,,255991563117,WCB4BM+RPR44WH,1,7.49,7.49,2026-03-04 18:36:36,vintageinterior,false
1113526,09-14320-69460,EBAY,,163123475599,PSFW4RBW,1,10.70,10.70,2026-03-04 18:32:29,led_sone,false
1113527,21-14303-29037,EBAY,,164261730528,12BO18,6,40.50,7.50,2026-03-04 18:39:35,led_sone,false
1113543,10-14319-31930,EBAY,,305715611096,WCFWROCO+RPR44WH,3,27.57,9.89,2026-03-04 18:58:05,coventrylights,false
1113548,13-14315-47298,EBAY,,265669554838,LHRIE14WH,1,4.99,4.99,2026-03-04 19:01:45,electricalsone,false
1113549,22-14302-37867,EBAY,,317087707309,LDCWB2215,1,6.17,6.49,2026-03-04 19:10:48,so_926407,false
1113550,17-14309-45288,EBAY,,305887913632,TPOSBDBM,1,23.71,25.49,2026-03-04 19:07:43,coventrylights,false
1113558,02-14331-32818,EBAY,,164492030061,CL3TBK,1,3.13,3.29,2026-03-04 19:11:59,led_sone,false
1113559,02-14331-34774,EBAY,,167833569765,WCCYSP160WH2PK,1,18.49,18.49,2026-03-04 19:15:23,led_sone,false
1113560,10-14319-39314,EBAY,,265700829684,12IP67100,1,21.69,21.69,2026-03-04 19:10:48,electricalsone,false
1113569,18-14308-21464,EBAY,,267120297665,LDMST64E2783PK,1,19.56,20.59,2026-03-04 19:27:27,electricalsone,false
1113570,15-14312-41327,EBAY,,254886123331,CRSF100BM,2,11.00,5.79,2026-03-04 19:28:53,vintageinterior,false
1113578,19-14306-88990,EBAY,,313537529200,CL3TOR5PK,1,16.78,13.89,2026-03-04 19:40:03,so_926407,false
1113581,25-14298-28700,EBAY,,264003181832,HLHG120CH3PK,2,9.48,4.99,2026-03-04 19:44:34,electricalsone,false
1113591,11-14318-33269,EBAY,,266916823868,LHTRE27BN,1,6.49,6.49,2026-03-04 19:56:51,electricalsone,false
1113592,16-14311-22341,EBAY,,266190383388,CRSF100HBM+WSWR1PFTBM+PSDS4RBM+WR+LDG95E274,1,15.89,15.89,2026-03-04 19:59:54,electricalsone,false
1113595,10-14319-59143,EBAY,,163359416713,HLSC128BM,2,6.82,3.59,2026-03-04 19:52:49,led_sone,false
1113596,17-14309-69247,EBAY,,162562112782,12IP20240,1,18.52,19.50,2026-03-04 19:58:07,led_sone,false
1113597,02-14331-52204,EBAY,,304786539440,LSMS320GY+RPR44WH,1,12.63,13.29,2026-03-04 19:53:20,coventrylights,false
1113604,22-14302-63402,EBAY,,267073162939,LDMG95E274,1,6.64,6.99,2026-03-04 20:06:05,electricalsone,false
1113605,19-14307-00437,EBAY,,267192693105,PHSF1BMTBM+ICST64E27,1,12.95,13.92,2026-03-04 20:05:49,electricalsone,false
1113627,07-14324-36476,EBAY,,166898541107,WBERT29BL2PK,1,5.24,4.99,2026-03-04 20:30:25,led_sone,false
1113635,19-14307-12979,EBAY,,164261730528,12BO28,1,10.44,10.44,2026-03-04 20:35:02,led_sone,false
1113636,05-14327-61948,EBAY,,127167019172,PSOS4BMTHE+ICST64E27,1,15.89,15.89,2026-03-04 20:36:03,dctransformer,false
1113638,23-14301-39085,EBAY,,266190476182,5IP2020,1,6.17,6.49,2026-03-04 20:37:02,electricalsone,false
1113642,06-14325-96057,EBAY,,305698723917,LDMST64E274,1,6.89,6.89,2026-03-04 20:48:08,coventrylights,false
1113644,18-14308-55841,EBAY,,317685082381,RWGS1342WH,1,5.89,5.89,2026-03-04 20:46:15,so_926407,false
1113645,18-14308-55841,EBAY,,317685082381,RWGS1533WH,1,5.99,5.99,2026-03-04 20:46:15,so_926407,false
1113655,19-14307-20810,EBAY,,162898729481,LDMST64E278,1,5.22,5.49,2026-03-04 20:53:27,led_sone,false
1113670,27-14295-90084,EBAY,,253070166439,HKR10BM5PK,2,10.42,5.49,2026-03-04 21:12:02,vintageinterior,false
1113671,19-14307-29104,EBAY,,256948523089,ENC92,10,257.90,25.79,2026-03-04 21:13:28,vintageinterior,false
1113672,20-14305-71075,EBAY,,165397658552,CRSF100YB+CL3TBM+LHSHE27YB,1,9.78,10.29,2026-03-04 21:12:10,led_sone,false
1113673,27-14295-90083,EBAY,,164110243376,PHUH0.5HETBM,2,16.70,8.98,2026-03-04 21:12:05,led_sone,false
1113674,15-14312-86266,EBAY,,305682162344,LSDO300CO+RPR44WH,1,16.77,16.77,2026-03-04 21:13:02,coventrylights,false
1113684,12-14317-43273,EBAY,,267120297665,LDMST64E2742PK,1,9.21,9.69,2026-03-04 21:35:05,electricalsone,false
1113712,13-14316-26163,EBAY,,256942251365,LHPOE27SN,3,16.71,5.99,2026-03-04 22:01:57,vintageinterior,false
1113713,12-14317-55662,EBAY,,267121715682,12IP67202PK,1,15.19,15.99,2026-03-04 22:06:55,electricalsone,false
1113714,08-14322-98395,EBAY,,313731620457,LSFT220WH+RPR44WH,3,28.17,8.89,2026-03-04 22:05:21,so_926407,false
1113718,04-14329-03209,EBAY,,166841398176,LSOL180BG2PK+RPR44WH2PK,2,28.20,14.85,2026-03-04 22:18:53,led_sone,false
1113719,01-14333-83598,EBAY,,317886201832,24IP6736,1,10.44,10.44,2026-03-04 22:12:47,so_926407,false
1113727,25-14298-94760,EBAY,,164136322044,CRSF100YB+WSSS70YB+LSFT220YB,1,15.99,15.99,2026-03-04 22:26:45,led_sone,false
1113735,06-14326-43230,EBAY,,305541421379,CL2TBL4PK,1,9.47,9.97,2026-03-04 22:48:45,coventrylights,false
1113739,03-14330-55654,EBAY,,267213772077,5IP2010,1,6.17,6.49,2026-03-04 22:57:59,electricalsone,false
1113746,26-14297-52972,EBAY,,333820751856,CRSF1202CH+PHUM1PCRCH2PK+WCRWBM2PK,1,18.64,18.64,2026-03-04 23:05:09,re6865,false
1113754,16-14311-97383,EBAY,,313614825876,CRFF100BM,2,14.10,5.89,2026-03-04 23:11:21,so_926407,false
1113760,18-14309-15130,EBAY,,334090533226,PLOTBM+LSUL220BM+ICST64E27,2,48.94,25.76,2026-03-04 23:24:32,re6865,false
1113761,18-14309-15133,EBAY,,266193179938,LDMST64E2785PK,1,22.80,22.80,2026-03-04 23:24:30,electricalsone,false
1113766,11-14319-16901,EBAY,,164492030061,CL2TBM,1,2.66,2.80,2026-03-04 23:31:33,led_sone,false
1113767,16-14312-09949,EBAY,,166788750661,HBL5SMBM,1,6.99,6.99,2026-03-04 23:50:22,led_sone,false
1113768,03-14330-70620,EBAY,,266190476182,12IP2080,1,11.49,11.49,2026-03-04 23:43:13,electricalsone,false
1113769,03-14330-70620,EBAY,,266190476182,24IP2072,2,21.98,10.99,2026-03-04 23:43:13,electricalsone,false
1113782,21-14304-65806,EBAY,,266400648865,CRSF100BM+SPUPBM+PHRYWP2RBM,1,9.89,10.99,2026-03-05 00:16:11,electricalsone,false
1113788,03-14330-86818,EBAY,,164744177700,WSDM240BC+WCBNBC2PK+ICST64E272PK,2,55.58,29.88,2026-03-05 00:34:44,led_sone,false
1113789,01-14334-31778,EBAY,,166598501724,RWWPSYBF25GY,1,4.99,4.99,2026-03-05 00:38:53,led_sone,false
1113799,25-14299-67138,EBAY,,167513989613,BS6S8033PI,1,20.89,20.89,2026-03-05 02:08:04,led_sone,false
1113800,16-14312-54153,EBAY,,162975561793,CL3TBRAPK,1,25.89,25.89,2026-03-05 02:07:14,led_sone,false
1113811,21-14305-25379,EBAY,,305578042753,LSBS160YE,1,11.67,11.67,2026-03-05 03:19:45,coventrylights,false
1113841,23-14302-99618,EBAY,,167940684287,STKP48EBRGPK,1,15.06,15.06,2026-03-05 04:42:57,led_sone,false
1113851,18-14310-30076,EBAY,,266630626996,WCB4BM+RPR44WH,1,8.07,8.49,2026-03-05 06:13:54,electricalsone,false
1113854,14-14316-10316,EBAY,,165397658552,CRSF100GB+CL3TBM+LHSHE27GB,1,9.78,10.29,2026-03-05 06:38:51,led_sone,false
1113857,11-14320-35839,EBAY,,165368832209,12IP2024,4,25.16,6.99,2026-03-05 06:53:25,led_sone,false
1113868,05-14329-54504,EBAY,,266194848195,WCB7WH+RPR44WH,1,12.00,8.99,2026-03-05 07:30:43,electricalsone,false
1113869,22-14304-69239,EBAY,,267068731282,24IP6760,1,16.05,16.89,2026-03-05 07:38:07,electricalsone,false
1113872,15-14314-66036,EBAY,,164492030061,CL2THE,4,11.36,2.99,2026-03-05 07:49:40,led_sone,false
1113877,27-14297-71272,EBAY,,165568516147,LSHQ150WH+RPR44WH,2,18.98,9.99,2026-03-05 07:54:44,led_sone,false
1113878,10-14321-74534,EBAY,,163581464759,WCTBBM,2,133.07,47.29,2026-03-05 07:54:46,led_sone,false
1113880,26-14298-92402,EBAY,,267284134030,CL3RBR,1,2.69,2.69,2026-03-05 07:56:50,electricalsone,false
1113881,19-14309-10262,EBAY,,265660314741,LHRIE14BM,1,5.99,5.99,2026-03-05 08:00:20,electricalsone,false
1113884,27-14297-73001,EBAY,,306369732933,5IP2050,1,8.05,8.66,2026-03-05 08:03:47,coventrylights,false
1113891,17-14311-85176,EBAY,,163783451223,WCBNBC,2,17.08,8.99,2026-03-05 08:11:07,led_sone,false
1113896,10-14321-80685,EBAY,,255943163412,SPUPBM,5,25.95,5.19,2026-03-05 08:27:00,vintageinterior,false
1113897,10-14321-80685,EBAY,,255943163533,CRSF1205BM,1,9.89,9.89,2026-03-05 08:27:00,vintageinterior,false
1113898,01-14335-46391,EBAY,,266742973079,CL3TBMAPK,1,24.59,24.59,2026-03-05 08:26:05,electricalsone,false
1113899,01-14335-46391,EBAY,,266726121290,LHSHE27YB2PK,1,10.99,10.99,2026-03-05 08:26:05,electricalsone,false
1113900,01-14335-46391,EBAY,,266726121290,LHSHE27BA2PK,2,23.78,11.89,2026-03-05 08:26:05,electricalsone,false
1113905,21-14305-89822,EBAY,,313538502770,CRSF100SN+LHNSE27SN+SCRN70SN+LSOL220SN,1,14.87,15.99,2026-03-05 08:38:16,so_926407,false
1113911,10-14321-84422,EBAY,,166898541107,WBERT29BL3PK,1,6.99,6.99,2026-03-05 08:46:43,led_sone,false
1113923,01-14335-56609,EBAY,,167576313550,ENC5204,1,24.89,24.89,2026-03-05 09:17:24,led_sone,false
1113925,08-14324-74443,EBAY,,266190383240,LDMST64E278,1,8.89,8.89,2026-03-05 09:16:28,electricalsone,false
1113930,16-14313-51921,EBAY,,256922753150,LHTOE27WH,1,5.89,5.89,2026-03-05 09:24:56,vintageinterior,false
1113935,27-14297-94286,EBAY,,306695180879,24IP6730,1,11.06,11.89,2026-03-05 09:48:26,coventrylights,false
1113936,17-14312-03767,EBAY,,163585361443,24IP6710,6,32.34,5.99,2026-03-05 09:43:00,led_sone,false
1113942,24-14316-83194,EBAY,,314066051578,LSHQ150YE+RPR44WH,1,9.49,9.99,2026-03-05 09:55:08,so_926407,false
1113943,06-14328-11533,EBAY,,165180710022,RPM40WH5PK,1,6.99,6.99,2026-03-05 09:54:02,led_sone,false
1113963,01-14335-70650,EBAY,,164525233292,LSCY290CH+RPR44WH,1,14.59,14.59,2026-03-05 10:22:09,led_sone,false
1113967,12-14319-51556,EBAY,,256069710691,ENC790,1,18.79,18.79,2026-03-05 10:49:30,vintageinterior,false
1113970,22-14305-07922,EBAY,,165452014120,LHRIE14BM,1,5.89,5.89,2026-03-05 10:46:05,led_sone,false
1113971,05-14329-94593,EBAY,,163820803135,LHC1E27WH3PK,1,9.99,9.99,2026-03-05 10:47:48,led_sone,false
1113973,17-14312-17291,EBAY,,266188024005,CCBKNWE7,1,5.01,5.39,2026-03-05 10:44:41,electricalsone,false
1113981,24-14316-96581,EBAY,,266196182591,HK10BM2PK,1,4.99,4.99,2026-03-05 10:55:57,electricalsone,false
1113990,10-14322-14422,EBAY,,335739287852,CL3TAGAPK,1,21.26,21.26,2026-03-05 11:05:27,lighting_sone,false
1113994,17-14312-24461,EBAY,,163123475599,PSFW4RBW,1,10.70,10.70,2026-03-05 11:16:22,led_sone,false
1113995,15-14315-08451,EBAY,,305682162344,LSCY290RE+RPR44WH,1,13.89,13.89,2026-03-05 11:12:51,coventrylights,false
1113996,15-14315-08451,EBAY,,305682162344,LSCY290GR+RPR44WH,1,14.89,14.89,2026-03-05 11:12:51,coventrylights,false
1113997,15-14315-08451,EBAY,,305682162344,LSCY290BM+RPR44WH,2,31.34,15.67,2026-03-05 11:12:51,coventrylights,false
1114007,11-14320-92274,EBAY,,161782384942,12UK3P5A,1,11.98,11.98,2026-03-05 11:30:09,led_sone,false
1114018,08-14325-06532,EBAY,,305715611096,WCFWROCO2PK+RPR44WH2PK,1,17.95,18.89,2026-03-05 11:40:48,coventrylights,false
1114021,05-14330-07607,EBAY,,164725952794,CRSF100WH+PHUP1PWRWH,2,20.88,10.99,2026-03-05 11:43:35,led_sone,false
1114022,14-14316-73272,EBAY,,167664253229,PLHTBM,1,15.89,15.89,2026-03-05 11:45:04,led_sone,false
1114023,04-14331-07894,EBAY,,266197864707,PSOS2BMB14BM+ICC35E1460,1,10.49,10.49,2026-03-05 11:48:08,electricalsone,false
1114028,27-14298-22583,EBAY,,266191601113,CRFF105BY,1,5.99,5.99,2026-03-05 11:52:32,electricalsone,false
1114029,06-14328-39110,EBAY,,164244059825,LHAHE27BM,1,5.49,5.49,2026-03-05 11:54:08,led_sone,false
1114030,06-14328-39110,EBAY,,164244059825,LHAHE27RO,1,5.49,5.49,2026-03-05 11:54:08,led_sone,false
1114034,04-14331-11561,EBAY,,166898710228,WJCUONMWH2PK,1,24.89,24.89,2026-03-05 12:02:27,led_sone,false
1114035,07-14326-91209,EBAY,,167940684287,STKP48EBRGPK,1,15.06,15.06,2026-03-05 12:08:33,led_sone,false
1114036,18-14311-02821,EBAY,,304786539488,CNT900RO,2,14.86,7.99,2026-03-05 12:07:46,coventrylights,false
1114067,09-14323-86293,EBAY,,163740896960,CL2TBR,5,13.45,2.99,2026-03-05 12:23:17,led_sone,false
1114069,10-14322-35609,EBAY,,164492030061,CL3TRE,1,2.84,2.99,2026-03-05 12:30:05,led_sone,false
1114073,20-14308-14439,EBAY,,313484742661,24IP20400,1,27.76,24.87,2026-03-05 12:35:05,so_926407,false
1114074,12-14319-78258,EBAY,,256072113798,CRFF75YB+LHTKE27YB,1,9.89,9.89,2026-03-05 12:36:59,vintageinterior,false
1114075,12-14319-78190,EBAY,,164914116662,IMCWCPK,1,6.28,6.28,2026-03-05 12:36:46,led_sone,false
1114082,24-14317-24624,EBAY,,266957628295,LDMST64E2785PK,1,22.89,22.89,2026-03-05 12:46:33,electricalsone,false
1114089,01-14336-08050,EBAY,,266190420290,LHCHE27YB,1,6.49,6.49,2026-03-05 12:52:35,electricalsone,false
1114090,05-14330-27203,EBAY,,266190476182,24IP2024,1,6.64,6.99,2026-03-05 12:55:49,electricalsone,false
1114091,11-14321-15605,EBAY,,123004596779,LDMG95B224,2,11.96,5.98,2026-03-05 12:57:04,dctransformer,false
1114094,20-14308-19815,EBAY,,165199745268,12UK3P10A,1,16.99,16.99,2026-03-05 12:53:06,led_sone,false
1114098,04-14331-31131,EBAY,,266223215729,LSCY290GY+RPR44WH,2,24.58,12.29,2026-03-05 13:08:35,electricalsone,false
1114099,04-14331-31131,EBAY,,266223215729,LSCY290SN+RPR44WH,2,33.78,16.89,2026-03-05 13:08:35,electricalsone,false
1114104,16-14314-11077,EBAY,,336096117664,WCWYBM,1,8.30,5.41,2026-03-05 13:19:57,lighting_sone,false
1114125,19-14309-93560,EBAY,,315379102143,LDMT185E274,1,8.88,5.99,2026-03-05 13:43:25,so_926407,false
1114129,17-14312-71973,EBAY,,304785673646,12SAN7,1,5.14,5.71,2026-03-05 13:58:53,coventrylights,false
1114130,24-14317-47076,EBAY,,164525233292,LSFT220BL+RPR44WH,1,9.59,9.59,2026-03-05 13:53:56,led_sone,false
1114132,11-14321-34566,EBAY,,263393365785,CL3RBM,2,5.86,3.09,2026-03-05 13:53:28,electricalsone,false
1114139,08-14325-49180,EBAY,,167943434245,CL3TGL5PK,1,12.89,12.89,2026-03-05 14:01:16,led_sone,false
1114140,26-14299-82530,EBAY,,267245010495,WCCYROBM+LDST45E274,2,46.74,24.60,2026-03-05 14:01:02,electricalsone,false
1114142,14-14317-21517,EBAY,,164492030061,CL2TLB,4,10.20,2.69,2026-03-05 14:19:44,led_sone,false
1114147,17-14312-81650,EBAY,,168042902689,CRSF2003SN+LHTMGU10SN3PK+LDGU10CW53PK,1,20.80,20.80,2026-03-05 14:25:27,led_sone,false
1114148,03-14332-98178,EBAY,,164492030061,CL2TIV,3,5.73,2.01,2026-03-05 14:29:55,led_sone,false
1114154,04-14331-61033,EBAY,,126703928790,RBLSFT220RR,2,11.87,3.99,2026-03-05 14:35:29,dctransformer,false
1114164,02-14334-73511,EBAY,,256570260720,LSCY210BG+RPR44WH,1,9.89,9.89,2026-03-05 14:42:17,vintageinterior,false
1114172,13-14318-97374,EBAY,,163585361443,12IP67100,1,21.69,21.69,2026-03-05 14:52:22,led_sone,false
1114173,18-14311-57301,EBAY,,266196207353,PSOS2BMB14BM,1,10.54,7.53,2026-03-05 14:52:06,electricalsone,false
1114190,18-14311-67572,EBAY,,305541421379,CL2RLB5PK,1,12.04,12.67,2026-03-05 15:16:57,coventrylights,false
1114191,18-14311-68988,EBAY,,317593529923,CENU19150WH,1,3.49,3.49,2026-03-05 15:20:33,so_926407,false
1114192,14-14317-42274,EBAY,,164600646248,CRSF100CO+PHUP1PBRCO+CNT900CO+ICST64E27,2,27.70,14.89,2026-03-05 15:13:27,led_sone,false
1114197,02-14334-89453,EBAY,,165308552900,CRFF100CO,1,5.49,5.49,2026-03-05 15:22:00,led_sone,false
1114199,07-14327-59745,EBAY,,164942250673,CL2RBR,4,10.76,2.99,2026-03-05 15:26:59,led_sone,false
1114200,18-14311-70536,EBAY,,304799846998,CODL932AGY5PK,1,8.70,9.67,2026-03-05 15:24:24,coventrylights,false
1114210,22-14306-02786,EBAY,,165422275157,ENC6369,1,41.81,44.01,2026-03-05 15:43:11,led_sone,false
1114215,21-14307-16288,EBAY,,304785653581,LSMS320BI+RPR44WH,1,12.28,13.65,2026-03-05 15:54:14,coventrylights,false
1114216,21-14307-16974,EBAY,,165393281008,PCBI400TP2PK,2,21.98,10.99,2026-03-05 15:55:51,led_sone,false
1114217,21-14307-16974,EBAY,,164780863231,PCRNFF,4,20.36,5.09,2026-03-05 15:55:51,led_sone,false
1114223,14-14317-63992,EBAY,,266027916399,LHBRE27BM,1,5.22,5.49,2026-03-05 16:07:01,electricalsone,false
1114226,01-14336-83121,EBAY,,305698723917,LDMG80E274,1,6.49,6.49,2026-03-05 16:13:07,coventrylights,false
1114227,27-14299-13924,EBAY,,335671853510,CRFF100GB+PHUP1PBRGB+CNT900GB,1,12.63,12.63,2026-03-05 16:12:25,lighting_sone,false
1114235,25-14301-96462,EBAY,,161782384942,CODCCR2PK,2,9.48,4.99,2026-03-05 16:29:22,led_sone,false
1114236,20-14308-99071,EBAY,,253946728059,CRSF100BM+PHUP1PBRBM,2,11.76,6.19,2026-03-05 16:23:13,vintageinterior,false
1114239,02-14335-17926,EBAY,,163585361443,24IP67150,1,29.89,29.89,2026-03-05 16:30:57,led_sone,false
1114240,11-14321-97937,EBAY,,164924746600,CCBKNWE3,1,4.99,4.99,2026-03-05 16:33:50,led_sone,false
1114241,21-14307-35225,EBAY,,164043595851,LSCY290CO+RPR44WH,1,16.89,16.89,2026-03-05 16:39:24,led_sone,false
1114243,14-14317-78328,EBAY,,266191601098,CRSF100YB+WSSS70YB+LSFT220YB,1,16.07,16.07,2026-03-05 16:40:49,electricalsone,false
1114244,07-14327-91336,EBAY,,266191601113,CRFF105SN,1,5.99,5.99,2026-03-05 16:43:21,electricalsone,false
1114245,26-14300-47946,EBAY,,267284134030,CL3RBKAPK,1,19.99,19.99,2026-03-05 16:44:43,electricalsone,false
1114248,02-14335-26943,EBAY,,164725952794,CRFF100CH+PHUP1PCRCH,2,20.88,10.99,2026-03-05 16:52:39,led_sone,false
1114252,26-14300-55779,EBAY,,313995573405,PLHCBC+LSDO210BC3PK+ICST64E273PK,1,64.76,71.96,2026-03-05 17:03:34,so_926407,false
1114260,09-14325-01539,EBAY,,267120297665,LDMST64E278,1,8.89,8.89,2026-03-05 17:28:55,electricalsone,false
1114261,09-14325-01539,EBAY,,265660312592,LDMST64B228,1,5.99,5.99,2026-03-05 17:28:55,electricalsone,false
1114262,26-14300-63139,EBAY,,163440200815,PSOS2YBRPB,1,10.99,10.99,2026-03-05 17:21:39,led_sone,false
1114267,24-14318-36202,EBAY,,255952888911,LDMST64B228,1,5.89,5.89,2026-03-05 17:35:44,vintageinterior,false
1114268,03-14333-75210,EBAY,,266630626996,WCB7WH+RPR44WH,1,8.54,8.99,2026-03-05 17:38:30,electricalsone,false
1114271,07-14328-13848,EBAY,,164525233292,LSCY290GR+RPR44WH,1,14.89,14.89,2026-03-05 17:37:45,led_sone,false
1114287,15-14316-49595,EBAY,,266102089152,ENC8894,1,24.79,24.79,2026-03-05 17:49:25,electricalsone,false
1114288,09-14325-06653,EBAY,,164068060437,HRE1428BMAPK,1,5.09,5.09,2026-03-05 17:41:10,led_sone,false
1114300,23-14305-21566,EBAY,,266190383598,LHPHE27YB,1,6.99,6.99,2026-03-05 17:59:37,electricalsone,false
1114307,23-14305-26020,EBAY,,163332659154,HLLK100BM5PK,2,30.18,15.89,2026-03-05 18:10:27,led_sone,false
1114309,21-14307-71528,EBAY,,314864007269,LSCARO300CL,1,51.05,54.89,2026-03-05 18:07:00,so_926407,false
1114310,09-14325-16380,EBAY,,266190303273,12UK3P5A+SLW6,1,14.98,15.77,2026-03-05 18:04:34,electricalsone,false
1114317,09-14325-19733,EBAY,,255997924998,CL2TBK,1,2.89,2.89,2026-03-05 18:12:34,vintageinterior,false
1114321,18-14312-45606,EBAY,,304785681967,LSFT220GR+RPR44WH,1,9.80,10.89,2026-03-05 18:26:14,coventrylights,false
1114322,14-14318-20744,EBAY,,255993451406,HLCH96BM5PK,1,12.89,12.89,2026-03-05 18:23:32,vintageinterior,false
1114323,21-14307-79981,EBAY,,266027916399,LHBRE27BM,1,5.22,5.49,2026-03-05 18:27:09,electricalsone,false
1114333,24-14318-62642,EBAY,,167943283929,CL2TBR,4,10.76,2.99,2026-03-05 18:35:34,led_sone,false
1114334,09-14325-28643,EBAY,,266001225839,24IP6736,1,11.99,12.89,2026-03-05 18:31:56,electricalsone,false
1114335,24-14318-63462,EBAY,,266190316916,CL2RRE5PK,1,10.49,10.49,2026-03-05 18:37:01,electricalsone,false
1114336,04-14332-62852,EBAY,,305541421379,CL2RBR2PK,1,5.60,5.89,2026-03-05 18:38:21,coventrylights,false
1114337,03-14334-00966,EBAY,,305682162344,LSMS320WH+RPR44WH,1,13.08,13.77,2026-03-05 18:36:26,coventrylights,false
1114341,05-14331-70228,EBAY,,305682162344,LSDO210YE+RPR44WH,1,10.14,10.67,2026-03-05 18:49:40,coventrylights,false
1114342,23-14305-43021,EBAY,,163481444917,PHSF1BMRBY,1,10.89,10.89,2026-03-05 18:44:03,led_sone,false
1114343,09-14325-34850,EBAY,,267289062957,CRFF100BM+PHUP1PBRBM,1,10.92,11.49,2026-03-05 18:42:26,electricalsone,false
1114346,01-14337-57479,EBAY,,314111067207,LDSG95DIE274,1,12.86,10.49,2026-03-05 18:58:37,so_926407,false
1114351,16-14315-52606,EBAY,,164636015985,12IP20120,1,15.10,15.10,2026-03-05 19:01:12,led_sone,false
1114360,02-14335-93962,EBAY,,266196171251,12IP67150,1,29.89,29.89,2026-03-05 19:15:25,electricalsone,false
1114361,11-14322-71977,EBAY,,316961748805,24IP6745,1,13.47,14.48,2026-03-05 19:14:08,so_926407,false
1114370,08-14326-88747,EBAY,,164492030061,CL2TBM,5,13.30,2.80,2026-03-05 19:22:44,led_sone,false
1114371,17-14314-14481,EBAY,,165316555390,LLROWB9W5PK,1,22.83,22.83,2026-03-05 19:27:13,led_sone,false
1114372,19-14311-42919,EBAY,,167222238767,WCCYSP160WH2PK,1,14.24,14.99,2026-03-05 19:30:31,led_sone,false
1114381,17-14314-18733,EBAY,,306305283593,CRFF108WH+LHTKE27WH,2,15.12,8.13,2026-03-05 19:36:12,coventrylights,false
1114402,21-14308-31573,EBAY,,315430845592,WCB7BC+RPR44WH,1,12.29,9.89,2026-03-05 20:06:22,so_926407,false
1114403,27-14300-20176,EBAY,,164492030061,CL2TIV,10,19.00,2.01,2026-03-05 20:03:13,led_sone,false
1114404,01-14337-91760,EBAY,,165902994694,LDMG125B2282PK,1,10.49,10.49,2026-03-05 20:08:04,led_sone,false
1114409,17-14314-35549,EBAY,,335676446986,WCCYSP160BM2PK+RPR44WH2PK,1,18.89,18.89,2026-03-05 20:14:16,lighting_sone,false
1114410,21-14308-35271,EBAY,,336138851226,CRFF75BA,1,5.93,5.93,2026-03-05 20:14:52,lighting_sone,false
1114420,20-14310-12085,EBAY,,266272215629,CRSF100BM+WSHR135BM+WCWDBM+ICST64E27,2,36.64,19.29,2026-03-05 20:28:55,electricalsone,false
1114421,20-14310-12084,EBAY,,314555942222,ENC2138,1,41.64,44.77,2026-03-05 20:28:52,so_926407,false
1114422,16-14315-93226,EBAY,,162438147566,LDMG95E274,1,6.89,6.89,2026-03-05 20:26:26,led_sone,false
1114425,23-14305-95827,EBAY,,124703922577,24IP2072,1,10.89,10.89,2026-03-05 20:31:56,dctransformer,false
1114426,26-14301-53609,EBAY,,164055884914,LSLT360BM+RPR44WH,2,18.98,9.99,2026-03-05 20:33:05,led_sone,false
1114427,13-14320-52149,EBAY,,336025093701,CRSF100GG+PHTT1PWR105GG+WCGSGD+ICST64E27,2,29.78,14.89,2026-03-05 20:38:37,lighting_sone,false
1114431,07-14329-02055,EBAY,,266190476182,24IP20180,1,15.91,16.75,2026-03-05 20:41:46,electricalsone,false
1114432,27-14300-38705,EBAY,,316098644665,LSCY290YB+RPR44WH,1,15.71,16.89,2026-03-05 20:45:53,so_926407,false
1114433,22-14307-38020,EBAY,,163993068230,CCGNNWE24,1,7.69,7.69,2026-03-05 20:41:38,led_sone,false
1114434,13-14320-53970,EBAY,,167483357962,MABSFHBT,1,9.99,9.99,2026-03-05 20:42:53,led_sone,false
1114456,07-14329-09149,EBAY,,163122991975,CL3RCR5PK,1,10.99,10.99,2026-03-05 20:57:56,led_sone,false
1114462,02-14336-42821,EBAY,,162553025729,LDMA60E278WW5PK,1,6.17,6.49,2026-03-05 21:02:42,led_sone,false
1114464,03-14334-75519,EBAY,,162799417330,12MIP2015,1,5.19,5.19,2026-03-05 21:09:38,led_sone,false
1114465,03-14334-75519,EBAY,,162799417330,12IP2012,1,5.09,5.09,2026-03-05 21:09:38,led_sone,false
1114470,04-14333-39368,EBAY,,266190476182,12IP20480,1,28.40,29.89,2026-03-05 21:17:43,electricalsone,false
1114476,09-14326-10391,EBAY,,164725952794,CRFF100BM+PHUP1PBRBM,2,21.44,11.29,2026-03-05 21:22:14,led_sone,false
1114477,05-14332-45343,EBAY,,304786539485,LSHQ150YE+RPR44WH,1,11.26,8.89,2026-03-05 21:30:48,coventrylights,false
1114481,02-14336-57408,EBAY,,123015952357,CL2TGY,4,10.52,2.80,2026-03-05 21:37:46,dctransformer,false
1114492,23-14306-27641,EBAY,,267120297665,LDMST64E274,1,6.17,6.49,2026-03-05 21:48:23,electricalsone,false
1114493,22-14307-64669,EBAY,,306343542496,WCVCBC+RPR44WH,1,8.04,8.65,2026-03-05 21:45:32,coventrylights,false
1114495,09-14326-18371,EBAY,,165616885018,LHC4E27WH,1,4.99,4.99,2026-03-05 21:41:54,led_sone,false
1114496,23-14306-27381,EBAY,,163841554029,LHNSE27BY,1,9.99,9.99,2026-03-05 21:47:41,led_sone,false
1114500,19-14312-04966,EBAY,,267498024605,CRSF2003CH+LHTMGU10CH3PK+LDGU10CW53PK,1,21.89,21.89,2026-03-05 21:55:38,electricalsone,false
1114504,03-14334-97072,EBAY,,255943162124,PSOS2HETBM,1,11.29,11.29,2026-03-05 22:02:30,vintageinterior,false
1114505,21-14308-80328,EBAY,,266188028911,12IP2060,1,10.89,10.89,2026-03-05 22:02:35,electricalsone,false
1114506,04-14333-63501,EBAY,,163445610793,CL3TAGAPK,1,23.89,23.89,2026-03-05 22:19:22,led_sone,false
1114507,11-14323-49903,EBAY,,122989185800,LDMT45B224,1,5.49,5.49,2026-03-05 22:14:31,dctransformer,false
1114517,19-14312-24440,EBAY,,163844479887,PSOS2BMBBM,1,9.99,9.99,2026-03-05 22:49:25,led_sone,false
1114520,11-14323-64948,EBAY,,162889183073,CRSF100YB,2,10.42,5.49,2026-03-05 22:57:47,led_sone,false
1114539,02-14337-00092,EBAY,,163693940389,CBSF95,1,4.99,4.99,2026-03-05 23:38:45,led_sone,false
1114540,21-14309-13770,EBAY,,266765586510,HLSC128BMAPK,4,131.53,35.29,2026-03-05 23:40:29,electricalsone,false
1114545,08-14327-99448,EBAY,,266630626996,WCB7WH+RPR44WH,1,8.54,8.99,2026-03-06 00:08:03,electricalsone,false
1114547,23-14306-87227,EBAY,,165568516147,LSHQ150YE+RPR44WH,1,9.99,9.99,2026-03-06 00:47:58,led_sone,false
1114553,08-14328-25813,EBAY,,335680616357,LDMG80E2745PK,1,20.89,20.89,2026-03-06 01:31:32,lighting_sone,false
1114557,26-14302-88770,EBAY,,317842378456,LSGLFP245BL,1,16.19,16.19,2026-03-06 03:06:02,so_926407,false
1114610,08-14329-02527,EBAY,,267068731282,24IP6720,1,9.97,10.49,2026-03-06 06:36:38,electricalsone,false
1114620,06-14332-38876,EBAY,,266775826677,WCDTBM2PK+RPR44WH2PK,1,19.19,19.19,2026-03-06 07:17:48,electricalsone,false
1114622,09-14327-78573,EBAY,,315687679659,PSDS4RBM+LHTHE27RO,1,15.71,16.89,2026-03-06 07:19:53,so_926407,false
1114623,14-14320-74059,EBAY,,315468801676,CRSF108GB+WSST70GB,2,18.92,8.49,2026-03-06 07:17:22,so_926407,false
1114633,20-14312-03471,EBAY,,166898541107,WBERT29BL2PK,1,5.99,5.99,2026-03-06 07:27:19,led_sone,false
1114648,03-14336-57546,EBAY,,167833569765,WCCYSP160GD,1,11.49,11.49,2026-03-06 08:07:39,led_sone,false
1114650,12-14323-76669,EBAY,,166906497694,LSMCSPFLMC+RPM40WH,1,23.29,23.29,2026-03-06 08:17:05,led_sone,false
1114670,01-14340-10179,EBAY,,266190303273,12UK3P5A+SLW8,1,15.35,16.16,2026-03-06 08:50:29,electricalsone,false
1114679,09-14327-99803,EBAY,,254890527953,LHSBE27BM5PK,1,13.59,13.59,2026-03-06 09:10:50,vintageinterior,false
1114680,02-14338-40512,EBAY,,266950444236,PHCT80CHCCH,1,13.01,13.99,2026-03-06 09:07:24,electricalsone,false
1114686,16-14318-06653,EBAY,,267121715682,12IP6715,1,7.50,7.89,2026-03-06 09:14:32,electricalsone,false
1114689,26-14303-66464,EBAY,,267340970424,CL2TBM3PK,1,4.58,4.58,2026-03-06 09:28:57,electricalsone,false
1114690,17-14316-57061,EBAY,,164747689654,CL3RBM3PK,1,7.89,7.89,2026-03-06 09:27:03,led_sone,false
1114692,17-14316-58129,EBAY,,304785656245,LSMS320YE+RPR44WH,2,25.92,13.65,2026-03-06 09:32:12,coventrylights,false
1114693,19-14313-85586,EBAY,,256069710691,ENC790,2,33.90,17.85,2026-03-06 09:35:00,vintageinterior,false
1114695,07-14331-13874,EBAY,,166408159134,WCFWROBM2PK+RPR44WH2PK,1,17.94,17.94,2026-03-06 09:35:17,led_sone,false
1114696,13-14322-65698,EBAY,,164942250673,CL2RGR,2,6.78,3.57,2026-03-06 09:38:27,led_sone,false
1114703,06-14332-68048,EBAY,,163285120530,HLSC128BM,24,54.00,2.50,2026-03-06 09:46:19,led_sone,false
1114704,22-14309-51166,EBAY,,314243310672,CNS500BB,2,14.28,5.99,2026-03-06 09:46:46,so_926407,false
1114707,25-14305-26306,EBAY,,165261757862,CRSF100HBM+WSWR1PFTBM+RD30+WR+PSDS4BPB,1,12.73,13.69,2026-03-06 09:52:29,led_sone,false
1114708,16-14318-14791,EBAY,,164531556164,WCDCBC+RPR44WH,1,8.54,8.99,2026-03-06 09:53:04,led_sone,false
1114709,26-14303-72182,EBAY,,164914367042,24IP20400,1,26.89,26.89,2026-03-06 09:55:46,led_sone,false
1114715,20-14312-34290,EBAY,,164583706008,PHTT1PBR3RR+LSWT300RR,1,28.89,28.89,2026-03-06 10:02:37,led_sone,false
1114716,21-14310-65082,EBAY,,266190476182,24IP20360,5,103.00,22.89,2026-03-06 10:10:25,electricalsone,false
1114717,23-14308-17106,EBAY,,267213772077,12IP2036,1,8.07,8.49,2026-03-06 10:09:56,electricalsone,false
1114721,17-14316-67233,EBAY,,164942250673,CL2TGL,2,5.68,2.99,2026-03-06 10:14:59,led_sone,false
1114727,20-14312-38844,EBAY,,315506602283,12UK3P10A+SLW8,1,24.64,22.89,2026-03-06 10:24:07,so_926407,false
1114728,22-14309-59310,EBAY,,161782384942,12UK3P1A,1,6.99,6.99,2026-03-06 10:25:40,led_sone,false
1114736,08-14329-48570,EBAY,,165199745268,12UK3P6A,1,12.29,12.29,2026-03-06 10:33:31,led_sone,false
1114741,25-14305-38017,EBAY,,166898541107,WBERT29BL2PK,1,5.99,5.99,2026-03-06 10:47:40,led_sone,false
1114742,13-14322-79555,EBAY,,267187442474,ENC693,1,45.89,45.89,2026-03-06 10:43:13,electricalsone,false
1114745,04-14335-54924,EBAY,,257012245983,LSGD280AR+SCRN70FG,1,21.89,21.89,2026-03-06 11:00:13,vintageinterior,false
1114747,13-14322-83503,EBAY,,164002855928,LHSHE27YB,2,14.98,7.89,2026-03-06 11:01:11,led_sone,false
1114753,15-14319-64696,EBAY,,162437124456,12IP6750,1,15.49,15.49,2026-03-06 11:11:44,led_sone,false
1114754,21-14310-79286,EBAY,,255943163485,CBSF95,1,5.39,5.39,2026-03-06 11:14:40,vintageinterior,false
1114755,18-14315-46658,EBAY,,267068731282,12IP6780,8,133.12,18.49,2026-03-06 11:18:36,electricalsone,false
1114779,10-14326-78792,EBAY,,167565749301,CCBKNWE18,1,6.99,6.99,2026-03-06 11:37:38,led_sone,false
1114780,18-14315-49619,EBAY,,267446933196,CRSF100BM+LHNSE27BM+SCRN70BM+LSFT220WH,2,30.18,15.89,2026-03-06 11:31:04,electricalsone,false
1114788,18-14315-54288,EBAY,,266191598261,CL3TBM5PK,1,12.89,12.89,2026-03-06 11:49:54,electricalsone,false
1114794,24-14321-67655,EBAY,,163722526979,PLTYBC,1,15.99,15.99,2026-03-06 11:57:29,led_sone,false
1114795,23-14308-41625,EBAY,,267284134030,CL3RCR5PK,1,11.99,11.99,2026-03-06 11:56:22,electricalsone,false
1114796,18-14315-54676,EBAY,,256939232422,LHCTOYB,1,6.99,6.99,2026-03-06 11:51:25,vintageinterior,false
1114805,23-14308-43965,EBAY,,166761211425,LSCA600SG,1,198.89,198.89,2026-03-06 12:05:24,led_sone,false
1114806,02-14338-80536,EBAY,,163964665683,12UK3P1A,1,6.64,6.99,2026-03-06 12:05:33,led_sone,false
1114810,27-14302-83562,EBAY,,166294101739,LHRFE27BM,1,4.99,4.99,2026-03-06 12:13:44,led_sone,false
1114813,09-14328-44641,EBAY,,164525233292,LSDO300CB+RPR44WH,1,13.86,14.59,2026-03-06 12:25:51,led_sone,false
1114819,27-14302-89417,EBAY,,267073162939,LDMST64B2242PK,1,10.44,10.99,2026-03-06 12:35:00,electricalsone,false
1114826,24-14321-80166,EBAY,,167842633756,WCBCFBM,3,35.94,12.89,2026-03-06 12:43:03,led_sone,false
1114832,11-14325-70840,EBAY,,164261730528,12BO48,1,14.89,14.89,2026-03-06 12:51:29,led_sone,false
1114833,03-14337-24659,EBAY,,335742988889,LSHQ150GY+RPR44WH,2,19.00,9.50,2026-03-06 12:57:56,lighting_sone,false
1114834,03-14337-24659,EBAY,,335742988889,LSHQ150OR+RPR44WH,2,19.00,9.50,2026-03-06 12:57:56,lighting_sone,false
1114835,09-14328-52946,EBAY,,266785504818,CL2TLB,15,33.48,2.23,2026-03-06 12:55:01,electricalsone,false
1114845,17-14317-09312,EBAY,,267284134030,CL3RHE,2,5.02,2.64,2026-03-06 13:03:01,electricalsone,false
1114846,03-14337-26936,EBAY,,164492030061,CL2TWH,4,11.96,2.99,2026-03-06 13:05:28,led_sone,false
1114851,10-14327-07432,EBAY,,163964665683,12UK3P5A,3,33.42,11.98,2026-03-06 13:19:25,led_sone,false
1114853,02-14338-99229,EBAY,,304785656245,LSMS320OR2PK+RPR44WH2PK,7,156.80,24.89,2026-03-06 13:10:51,coventrylights,false
1114857,01-14340-76190,EBAY,,255993451406,HLLK60BM,1,5.09,5.09,2026-03-06 13:22:11,vintageinterior,false
1114858,16-14318-68082,EBAY,,316836925753,CL2TLG,2,5.68,2.99,2026-03-06 13:24:00,so_926407,false
1114867,13-14323-26104,EBAY,,256004417601,CCGNNSWE48,1,10.89,10.89,2026-03-06 13:36:19,vintageinterior,false
1114878,22-14310-11228,EBAY,,165634844757,LDMC35E144APK,1,29.89,29.89,2026-03-06 13:40:49,led_sone,false
1114883,05-14335-03588,EBAY,,316836904581,CL3TBM,3,8.88,3.19,2026-03-06 13:53:53,so_926407,false
1114884,04-14336-05829,EBAY,,165634844757,LDMC35E144APK,2,56.78,29.89,2026-03-06 13:59:38,led_sone,false
1114888,03-14337-45373,EBAY,,123043958433,CL3TBR,2,6.18,3.19,2026-03-06 14:00:55,dctransformer,false
1114897,02-14339-20229,EBAY,,164542376260,WCB3RR+RPR44WH,1,8.99,8.99,2026-03-06 14:12:47,led_sone,false
1114898,20-14313-02964,EBAY,,163481444917,LHSHE27CO,1,5.49,5.49,2026-03-06 14:13:44,led_sone,false
1114899,20-14313-02964,EBAY,,162975561793,CL3TBR,1,2.89,2.89,2026-03-06 14:13:44,led_sone,false
1114900,20-14313-02964,EBAY,,165365087205,CRSF108CO+HK10CO,1,6.99,6.99,2026-03-06 14:13:44,led_sone,false
1114901,25-14305-97704,EBAY,,167579466380,CRFF100CO+PHUP1PBRCO,2,17.08,8.99,2026-03-06 14:15:52,led_sone,false
1114912,08-14330-13140,EBAY,,167576261060,CRFF5004BM+CL3B30BM+CO122PCL2PK+LHTTAGU10BM4PK+LDGU10WD54PK,1,35.18,32.29,2026-03-06 14:20:55,led_sone,false
1114913,07-14331-92877,EBAY,,313614826159,LDMG95E274,1,9.88,6.99,2026-03-06 14:26:23,so_926407,false
1114917,03-14337-56288,EBAY,,164006555006,LSFT220SN+RPR44WH,2,18.78,9.89,2026-03-06 14:30:55,led_sone,false
1114926,08-14330-20994,EBAY,,164942250673,CL3RAG,3,8.34,2.99,2026-03-06 14:41:48,led_sone,false
1114935,06-14333-61832,EBAY,,165479339052,CRSF100BM+PHHT1PBRBM,1,8.99,8.99,2026-03-06 15:10:37,led_sone,false
1114939,23-14309-10668,EBAY,,266043533105,SCRN70BM2PK,1,7.48,4.49,2026-03-06 15:19:37,electricalsone,false
1114940,08-14330-34266,EBAY,,163585361443,24IP6710,1,5.99,5.99,2026-03-06 15:13:52,led_sone,false
1114941,24-14322-36275,EBAY,,166849248974,PHSF1GDTYB,2,20.44,10.99,2026-03-06 15:20:20,led_sone,false
1114953,07-14332-15180,EBAY,,304833640519,WCSRBM+RPR44WH,1,9.10,9.79,2026-03-06 15:21:23,coventrylights,false
1114954,26-14304-72715,EBAY,,266190476182,5IP2025,1,6.64,6.99,2026-03-06 15:30:16,electricalsone,false
1114965,17-14317-68074,EBAY,,313614826194,5IP2010,12,70.32,5.99,2026-03-06 15:41:45,so_926407,false
1114971,03-14337-92252,EBAY,,266827784713,PSHYOS2BRBM,1,10.22,10.99,2026-03-06 15:59:24,electricalsone,false
1114976,08-14330-54462,EBAY,,123044400644,CL2TWH2PK,1,5.03,5.03,2026-03-06 16:03:21,dctransformer,false
1114977,08-14330-54462,EBAY,,123044400644,CL2TWH5PK,1,12.49,12.49,2026-03-06 16:03:21,dctransformer,false
1114978,13-14323-84534,EBAY,,163585361443,24IP6710,1,5.99,5.99,2026-03-06 16:06:25,led_sone,false
1114979,08-14330-57362,EBAY,,164725952794,CRFF100CO+PHUP1PBRCO,1,8.54,8.99,2026-03-06 16:10:30,led_sone,false
1114981,20-14313-50823,EBAY,,334255643782,CRSF100GC+PHCH1PBRGC+LSCY290GC,2,32.60,17.16,2026-03-06 16:12:57,re6865,false
1114987,03-14338-02566,EBAY,,317147038631,12UK3P5A,1,13.90,11.59,2026-03-06 16:28:12,so_926407,false
1114988,11-14326-53071,EBAY,,313911037165,COT9ABM2PK,1,12.15,12.15,2026-03-06 16:28:53,so_926407,false
1115000,22-14310-81497,EBAY,,266984735032,LDMST64B2242PK,1,6.99,6.99,2026-03-06 16:37:30,electricalsone,false
1115001,20-14313-60583,EBAY,,163008902707,12IP6724,1,10.44,10.99,2026-03-06 16:35:26,led_sone,false
1115002,19-14315-18842,EBAY,,164261730528,12BO28,2,21.98,10.99,2026-03-06 16:38:06,led_sone,false
1115003,19-14315-18842,EBAY,,164261730528,12BO72,1,16.89,16.89,2026-03-06 16:38:06,led_sone,false
1115006,10-14327-89865,EBAY,,305859110683,LSTF400BM+RPR44WH,1,14.66,14.66,2026-03-06 16:50:17,coventrylights,false
1115007,13-14324-00257,EBAY,,162975561793,CL3TLGAPK,1,23.89,23.89,2026-03-06 16:43:20,led_sone,false
1115012,01-14341-59142,EBAY,,267340970424,CL3TGY3PK,1,4.99,4.99,2026-03-06 16:53:19,electricalsone,false
1115014,07-14332-54188,EBAY,,256964499802,PSDS2BMRBM+SCRN70BM+WCBV62BM+ICST64E27,1,20.89,20.89,2026-03-06 16:55:11,vintageinterior,false
1115015,04-14336-75234,EBAY,,306364873239,RWWPSY08120YE,1,7.33,7.88,2026-03-06 16:51:05,coventrylights,false
1115016,18-14316-65800,EBAY,,317593477870,CERU36200GR,1,4.78,1.89,2026-03-06 16:58:52,so_926407,false
1115033,03-14338-25301,EBAY,,267068731282,24IP6720,1,9.97,10.49,2026-03-06 17:17:42,electricalsone,false
1115035,08-14330-85406,EBAY,,164043595851,LSCY290BG2PK+RPR44WH2PK,1,28.89,28.89,2026-03-06 17:16:41,led_sone,false
1115042,24-14322-93665,EBAY,,257012245983,LSBG136AR+SCRN70FG,3,47.10,16.89,2026-03-06 17:38:30,vintageinterior,false
1115043,04-14336-95445,EBAY,,315379102143,LDMG125E278,1,11.88,8.99,2026-03-06 17:40:26,so_926407,false
1115044,15-14320-99034,EBAY,,267213906251,CCBKNWE7,1,5.39,5.39,2026-03-06 17:30:56,electricalsone,false
1115046,25-14306-83391,EBAY,,162101808104,CL3RGR,3,8.04,2.89,2026-03-06 17:45:32,led_sone,false
1115051,13-14324-31180,EBAY,,166510522794,FCBSMBL,1,3.89,3.89,2026-03-06 17:58:36,led_sone,false
1115057,14-14322-70203,EBAY,,167222238767,WCCYSP160WH2PK,1,14.24,14.99,2026-03-06 18:06:11,led_sone,false
1115067,04-14337-11078,EBAY,,167694794422,TPOSBDBM,1,25.49,25.49,2026-03-06 18:19:14,led_sone,false
1115073,04-14337-11938,EBAY,,166853458639,ENC7457,1,22.22,23.89,2026-03-06 18:21:19,led_sone,false
1115075,21-14312-36522,EBAY,,316886123786,CL2TBM,3,11.73,2.99,2026-03-06 18:26:56,so_926407,false
1115093,24-14323-22329,EBAY,,267068731282,12IP6730,1,13.48,14.19,2026-03-06 18:40:56,electricalsone,false
1115106,10-14328-50112,EBAY,,316980636895,LSMCSQWYRE,4,68.00,18.89,2026-03-06 19:01:49,so_926407,false
1115107,21-14312-60454,EBAY,,164018856168,12IP20600,1,36.94,38.88,2026-03-06 19:09:25,led_sone,false
1115123,18-14317-42443,EBAY,,266742973079,CL3TGDAPK,1,25.99,25.99,2026-03-06 19:46:52,electricalsone,false
1115124,24-14323-55566,EBAY,,317617381031,PCFT90TBM5PK,1,8.09,8.99,2026-03-06 19:50:37,so_926407,false
1115133,25-14307-45422,EBAY,,165817022579,PSOS2HETBM+WCMSBM+ICST64E27,1,21.89,21.89,2026-03-06 19:58:05,led_sone,false
1115134,25-14307-45451,EBAY,,256942251365,LHPOE27YB,1,5.99,5.99,2026-03-06 19:58:04,vintageinterior,false
1115141,02-14340-76234,EBAY,,164935612760,CCORNWH24,1,7.29,7.29,2026-03-06 20:14:30,led_sone,false
1115144,16-14320-44937,EBAY,,313462209545,PHSF1BMTBM,1,15.14,12.89,2026-03-06 20:24:44,so_926407,false
1115145,24-14323-68211,EBAY,,254249196814,LHRIE27WH+CGMLWH,1,5.89,5.89,2026-03-06 20:21:53,vintageinterior,false
1115146,26-14306-02319,EBAY,,266410293825,LSCA500SG+LDMC35E1447PK,1,179.54,199.49,2026-03-06 20:26:35,electricalsone,false
1115147,23-14310-46282,EBAY,,266190383294,LDMG80B224,3,15.30,5.49,2026-03-06 20:30:35,electricalsone,false
1115151,14-14323-40763,EBAY,,305682162344,LSCY290BB+RPR44WH,1,13.20,13.89,2026-03-06 20:40:27,coventrylights,false
1115159,14-14323-42504,EBAY,,335899500115,LHSHE27BY,1,5.64,5.64,2026-03-06 20:44:50,lighting_sone,false
1115160,17-14319-02372,EBAY,,256487880217,WCWDBM+RPR44WH,1,8.15,8.15,2026-03-06 20:50:08,vintageinterior,false
1115165,23-14310-54849,EBAY,,164750761161,ENC1083,1,37.89,37.89,2026-03-06 20:52:14,led_sone,false
1115175,19-14316-39792,EBAY,,164244059825,LHAHE27RO,1,5.49,5.49,2026-03-06 21:17:05,led_sone,false
1115180,08-14331-93905,EBAY,,166510522794,FCBSMPU,1,5.89,5.89,2026-03-06 21:27:17,led_sone,false
1115194,11-14327-92292,EBAY,,267120297665,LDMC35E1425PK,1,11.80,12.42,2026-03-06 21:57:03,electricalsone,false
1115199,07-14333-84784,EBAY,,265750044855,CL2TGL,3,6.33,2.27,2026-03-06 22:02:43,electricalsone,false
1115200,21-14313-30075,EBAY,,266198003811,LHETB22GD,1,5.22,5.49,2026-03-06 22:07:17,electricalsone,false
1115201,09-14330-78171,EBAY,,167954218484,CNS500BB,1,5.89,5.89,2026-03-06 22:09:50,led_sone,false
1115214,11-14328-00875,EBAY,,124021636119,CRSF1203BM,1,7.19,7.19,2026-03-06 22:21:41,dctransformer,false
1115215,19-14316-62882,EBAY,,267147084463,12IP2030,1,6.99,6.99,2026-03-06 22:20:44,electricalsone,false
1115225,21-14313-41733,EBAY,,306338656175,ENC6369,1,40.91,43.99,2026-03-06 22:42:16,coventrylights,false
1115229,06-14335-57322,EBAY,,167724840409,LDMG95B224,1,5.98,5.98,2026-03-06 23:06:21,led_sone,false
1115238,08-14332-31690,EBAY,,163986023037,CRSF1202WH,1,6.99,6.99,2026-03-06 23:19:34,led_sone,false
1115239,08-14332-31690,EBAY,,163986023037,CRSF1203WH,1,6.99,6.99,2026-03-06 23:19:34,led_sone,false
1115240,07-14334-08479,EBAY,,263486810190,CCBC18,2,11.94,6.29,2026-03-06 23:15:35,electricalsone,false
1115253,25-14308-26711,EBAY,,267120297665,LDMST64E278,1,8.45,8.89,2026-03-06 23:47:48,electricalsone,false
1115256,19-14316-93873,EBAY,,304878934718,CRSF100SN+PHCN1PCRSN,1,7.10,7.89,2026-03-07 00:01:05,coventrylights,false
1115258,06-14335-76537,EBAY,,267073162939,LDMG95E2742PK,1,10.92,11.49,2026-03-07 00:11:24,electricalsone,false
1115261,20-14315-46660,EBAY,,163914516518,LDMST64E278,1,8.89,8.89,2026-03-07 00:35:06,led_sone,false
1115262,12-14329-37834,EBAY,,266190476182,24IP2048,1,8.99,8.99,2026-03-07 16:23:40,electricalsone,false
1115263,22-14312-74523,EBAY,,166916851577,TPHTTN2PBRBM,1,15.89,15.89,2026-03-07 01:04:13,led_sone,false
1115268,20-14316-04137,EBAY,,163445610793,CL3TCR,2,5.48,2.89,2026-03-07 04:11:02,led_sone,false
1115270,07-14334-98472,EBAY,,163606865351,CRSF100BM+WSLS155YB+WCWDBM,4,52.00,13.00,2026-03-07 04:57:12,led_sone,false
1115272,19-14317-75883,EBAY,,164492030061,CL3TGD,8,26.32,3.29,2026-03-07 05:29:06,led_sone,false
1115274,18-14319-17954,EBAY,,314666176316,WCB3BM+RPR44WH,2,16.72,8.99,2026-03-07 05:52:22,so_926407,false
1115278,16-14322-08933,EBAY,,265750044855,CL2RBW,5,16.05,3.57,2026-03-07 06:16:59,electricalsone,false
1115285,24-14325-40066,EBAY,,305698440823,CL3TBMAPK,1,23.65,24.89,2026-03-07 07:02:54,coventrylights,false
1115292,02-14342-55759,EBAY,,335872554486,LSFT220PI+RPR44WH,1,9.42,9.42,2026-03-07 07:34:23,re6865,false
1115297,19-14317-96824,EBAY,,164244059825,LHAHE27CH,1,5.49,5.49,2026-03-07 07:47:45,led_sone,false
1115299,19-14317-98694,EBAY,,267192693105,PHSF1BMTBM,3,29.25,10.49,2026-03-07 07:59:27,electricalsone,false
1115308,09-14332-22118,EBAY,,334147099484,12IP2080,6,59.46,11.02,2026-03-07 08:25:33,re6865,false
1115312,23-14312-28533,EBAY,,256939232422,LHCTOYB,1,6.99,6.99,2026-03-07 08:30:39,vintageinterior,false
1115313,27-14306-66970,EBAY,,266630626996,WCB6BM2PK+RPR44WH2PK,1,14.67,15.44,2026-03-07 08:39:22,electricalsone,false
1115318,10-14330-72387,EBAY,,166032301756,LHSHE27CO,1,5.49,5.49,2026-03-07 08:45:48,led_sone,false
1115338,11-14329-50955,EBAY,,163585361443,24IP6710,2,11.38,5.99,2026-03-07 09:21:37,led_sone,false
1115339,09-14332-33295,EBAY,,166849248974,PHSF1BWTSN,2,20.44,10.99,2026-03-07 09:26:21,led_sone,false
1115341,09-14332-35350,EBAY,,163033753714,WCVCBC+RPR44WH,2,17.08,8.99,2026-03-07 09:36:48,led_sone,false
1115342,24-14325-66680,EBAY,,164942250673,CL3RGD,1,3.29,3.29,2026-03-07 09:38:47,led_sone,false
1115344,08-14333-67929,EBAY,,266190402974,WCDTBM+RPR44WH,3,25.08,8.99,2026-03-07 09:43:25,electricalsone,false
1115346,12-14328-27965,EBAY,,316338576871,LSDO300WH+RPR44WH,1,10.22,10.99,2026-03-07 09:58:43,so_926407,false
1115351,10-14330-87725,EBAY,,164531556164,WCDCBM+RPR44WH,2,20.88,10.99,2026-03-07 10:05:47,led_sone,false
1115352,23-14312-46801,EBAY,,304843786535,CODL232AGY5PK,1,9.75,7.12,2026-03-07 10:07:03,coventrylights,false
1115372,09-14332-48999,EBAY,,314223469816,PCGZ250TP,1,9.39,6.99,2026-03-07 10:46:14,so_926407,false
1115375,14-14325-45077,EBAY,,163740897330,CL2RLB,2,5.46,2.88,2026-03-07 10:46:18,led_sone,false
1115381,12-14328-38986,EBAY,,265205346324,HLRK35BM,7,17.43,2.49,2026-03-07 10:54:47,electricalsone,false
1115382,12-14328-38986,EBAY,,265205346324,HLRK35BM,1,2.49,2.49,2026-03-07 10:54:47,electricalsone,false
1115384,24-14325-82409,EBAY,,164169967297,WJB2,1,5.89,5.89,2026-03-07 10:58:03,led_sone,false
1115392,12-14328-40410,EBAY,,163693940389,CBSF120,1,5.49,5.49,2026-03-07 11:01:43,led_sone,false
1115393,06-14337-12868,EBAY,,164485938840,24IP2048,2,18.98,9.99,2026-03-07 11:01:39,led_sone,false
1115395,06-14337-13669,EBAY,,166905025450,CRSF100HBM+PSDS2RBM+WSCH135RE+LSHQ150RE,1,20.35,21.88,2026-03-07 11:05:33,led_sone,false
1115402,27-14306-96577,EBAY,,266497900027,LSCAGC600GD+LDC35E1448PK,1,188.63,209.59,2026-03-07 11:11:33,electricalsone,false
1115408,23-14312-62596,EBAY,,164169967297,WJB2,1,5.89,5.89,2026-03-07 11:25:17,led_sone,false
1115414,06-14337-20943,EBAY,,304811578005,LSFT220CO+RPR44WH,2,21.00,11.29,2026-03-07 11:40:08,coventrylights,false
1115415,13-14327-19442,EBAY,,164492030061,CL2TBR,5,14.95,2.99,2026-03-07 11:33:43,led_sone,false
1115416,27-14307-01432,EBAY,,162075051842,CCBC9,3,15.30,5.49,2026-03-07 11:34:27,led_sone,false
1115422,10-14331-07561,EBAY,,162799417330,5IP2050,1,8.07,8.49,2026-03-07 11:43:00,led_sone,false
1115431,12-14328-52703,EBAY,,165377250744,PCGZ3WC,4,10.76,2.99,2026-03-07 11:59:03,led_sone,false
1115455,03-14341-39020,EBAY,,256087548565,LDWWE2712,1,6.89,6.89,2026-03-07 12:14:40,vintageinterior,false
1115456,19-14318-48418,EBAY,,305847761302,LSFC280WH,2,21.92,11.79,2026-03-07 12:11:33,coventrylights,false
1115458,14-14325-64185,EBAY,,266193179938,LDMST64E2785PK,1,22.80,22.80,2026-03-07 12:14:58,electricalsone,false
1115468,10-14331-17284,EBAY,,266223215729,LSCY290WH+RPR44WH,1,12.29,12.29,2026-03-07 12:24:58,electricalsone,false
1115469,20-14316-94942,EBAY,,164725952794,CRFF100CO+PHUP1PBRCO,1,8.54,8.99,2026-03-07 12:25:25,led_sone,false
1115470,04-14340-02183,EBAY,,255943163533,CRSF1202YB,1,6.49,6.49,2026-03-07 12:24:49,vintageinterior,false
1115481,24-14326-03993,EBAY,,265660314741,LHRIE14WH,1,4.99,4.99,2026-03-07 12:34:37,electricalsone,false
1115485,19-14318-56990,EBAY,,255993451406,HLLK60BM3PK,1,5.09,5.09,2026-03-07 12:46:18,vintageinterior,false
1115486,09-14332-76699,EBAY,,266190476182,12IP2060,2,20.68,10.89,2026-03-07 12:49:00,electricalsone,false
1115493,08-14334-08430,EBAY,,162562112782,12IP20180,1,17.38,18.29,2026-03-07 12:51:13,led_sone,false
1115506,13-14327-44093,EBAY,,266190303273,12UK3P2A+SLW4,1,9.49,9.99,2026-03-07 13:14:34,electricalsone,false
1115507,17-14321-35989,EBAY,,256087548565,LDCWE2715,1,4.49,4.49,2026-03-07 13:11:11,vintageinterior,false
1115508,05-14339-14704,EBAY,,165172808624,CRSF100BM+PHSH1PBRYB+LSCY290BI,2,34.94,18.39,2026-03-07 13:12:42,led_sone,false
1115516,19-14318-68462,EBAY,,164855289662,ENC686,1,51.05,54.89,2026-03-07 13:28:27,led_sone,false
1115521,16-14322-95371,EBAY,,305698723917,LDMG80E274,2,12.32,6.49,2026-03-07 13:32:41,coventrylights,false
1115522,20-14317-13185,EBAY,,167842633756,WCFL180RO,2,24.48,12.89,2026-03-07 13:33:01,led_sone,false
1115527,16-14322-99964,EBAY,,306321116499,LHPOE27YB2PK,4,35.74,8.89,2026-03-07 13:48:10,coventrylights,false
1115534,09-14332-95144,EBAY,,163693940389,CBSF85,1,4.99,4.99,2026-03-07 13:53:24,led_sone,false
1115535,06-14337-57571,EBAY,,162553025729,LDMG95E2745PK,2,30.18,15.89,2026-03-07 13:59:00,led_sone,false
1115540,10-14331-44651,EBAY,,267068731282,24IP6730,1,13.93,11.49,2026-03-07 14:02:50,electricalsone,false
1115541,03-14341-71152,EBAY,,266190383294,LDMA60E274WW3PK,1,10.99,10.99,2026-03-07 14:09:57,electricalsone,false
1115542,03-14341-70103,EBAY,,304934682867,WCBLBC,1,7.10,7.89,2026-03-07 14:06:42,coventrylights,false
1115547,20-14317-26624,EBAY,,163005076849,12BO1002PK,1,36.59,36.59,2026-03-07 14:16:40,led_sone,false
1115548,20-14317-27818,EBAY,,165405860182,CL3TRO5PK,3,35.94,12.89,2026-03-07 14:20:11,led_sone,false
1115556,07-14336-14380,EBAY,,313970190858,CRSF100CH,1,8.46,5.99,2026-03-07 14:26:02,so_926407,false
1115557,12-14328-94667,EBAY,,163693940389,CBSF175,1,6.24,6.24,2026-03-07 14:29:05,led_sone,false
1115566,11-14330-25551,EBAY,,163585361443,24IP6710,1,5.99,5.99,2026-03-07 14:31:24,led_sone,false
1115567,18-14320-29051,EBAY,,266439765395,LDDCWE145,1,5.49,5.49,2026-03-07 14:39:26,electricalsone,false
1115573,07-14336-22823,EBAY,,267038390681,CCBKNWE18,10,62.90,6.99,2026-03-07 14:50:42,electricalsone,false
1115574,13-14327-71925,EBAY,,334012246132,CRSF100BM+WSLS155YB+SCRN70BM+LSFT220BL,1,15.79,15.79,2026-03-07 14:43:40,re6865,false
1115575,06-14337-72405,EBAY,,165901230400,ENC4422,1,42.68,45.89,2026-03-07 14:44:09,led_sone,false
1115576,10-14331-59193,EBAY,,164799656472,CRSF125BM2PK+WSAT105BM2PK+ICST64E272PK,1,23.15,24.89,2026-03-07 14:46:50,led_sone,false
1115584,05-14339-48775,EBAY,,304816175044,WCB5BM+RPR44WH,2,14.68,7.89,2026-03-07 14:59:47,coventrylights,false
1115585,25-14310-34033,EBAY,,164531216300,LDMST64B224,1,6.99,6.99,2026-03-07 14:57:58,led_sone,false
1115589,13-14327-80519,EBAY,,122518268601,CL3TBM5PK,1,12.89,12.89,2026-03-07 15:07:41,dctransformer,false
1115590,13-14327-80519,EBAY,,122518268601,CL3TGD,1,3.09,3.09,2026-03-07 15:07:41,dctransformer,false
1115591,22-14314-62934,EBAY,,165724423575,5IP20100,1,13.99,13.99,2026-03-07 15:04:57,led_sone,false
1115592,22-14314-61693,EBAY,,305698723917,LDMG125E278,2,14.60,7.69,2026-03-07 15:01:26,coventrylights,false
1115593,20-14317-45134,EBAY,,306369732933,5IP2010,1,6.41,6.89,2026-03-07 15:10:14,coventrylights,false
1115598,12-14329-09396,EBAY,,304786539454,LDMG80E274,1,5.23,5.81,2026-03-07 15:11:04,coventrylights,false
1115599,11-14330-43174,EBAY,,266192047204,LDCWE2725,1,5.99,5.99,2026-03-07 15:19:22,electricalsone,false
1115604,03-14341-98641,EBAY,,254344269139,CRSF100BM+PHUP1PBRBM,1,8.89,8.89,2026-03-07 15:26:28,vintageinterior,false
1115606,05-14339-58646,EBAY,,164924746600,CCBKNWE12,6,29.64,5.49,2026-03-07 15:24:41,led_sone,false
1115608,16-14323-34757,EBAY,,316797525557,WCVCWH+RPR44WH,1,8.73,9.19,2026-03-07 15:27:47,so_926407,false
1115609,22-14314-72165,EBAY,,313614826183,CL3RHE,3,11.73,2.99,2026-03-07 15:27:57,so_926407,false
1115619,01-14345-46909,EBAY,,162562112782,12IP2060,1,10.35,10.89,2026-03-07 15:37:44,led_sone,false
1115630,26-14309-01052,EBAY,,164942250673,CL2RAG,2,6.78,3.57,2026-03-07 15:54:46,led_sone,false
1115635,13-14328-02910,EBAY,,314078198823,CRFF100WH+PHUP1PWRWH+ICST64E27,1,11.72,9.49,2026-03-07 16:05:51,so_926407,false
1115641,24-14326-76437,EBAY,,163481444917,LHSHE27SN,3,15.30,5.49,2026-03-07 16:13:23,led_sone,false
1115642,14-14326-44010,EBAY,,163596122209,PLHWBC,1,20.80,20.80,2026-03-07 16:19:32,led_sone,false
1115648,20-14317-73939,EBAY,,165479339052,CRSF100GB+PHCHPBRGB,1,9.99,9.99,2026-03-07 16:23:18,led_sone,false
1115649,26-14309-13505,EBAY,,163008902707,12IP6715,1,7.50,7.89,2026-03-07 16:26:10,led_sone,false
1115650,09-14333-49286,EBAY,,266190476182,12IP2060,1,10.89,10.89,2026-03-07 16:22:11,electricalsone,false
1115651,09-14333-49286,EBAY,,266190476182,12IP20100,1,12.77,12.77,2026-03-07 16:22:11,electricalsone,false
1115652,12-14329-37834,EBAY,,266190476182,24IP20120,1,14.89,14.89,2026-03-07 16:23:40,electricalsone,false
1115658,12-14329-41251,EBAY,,165368832209,12IP2040,2,17.08,8.99,2026-03-07 16:32:15,led_sone,false
1115659,21-14316-08434,EBAY,,164492030061,CL2TBM,5,14.00,2.80,2026-03-07 16:39:25,led_sone,false
1115660,21-14316-08434,EBAY,,164492030061,CL2TIV,5,10.05,2.01,2026-03-07 16:39:25,led_sone,false
1115661,16-14323-62792,EBAY,,166832831126,SPSPLBM,1,2.89,2.89,2026-03-07 16:39:40,led_sone,false
1115685,15-14325-02528,EBAY,,266223215729,LSCY290CO+RPR44WH,1,32.89,32.89,2026-03-07 16:58:55,electricalsone,false
1115693,20-14317-90466,EBAY,,124408186934,LSSS300BI+RPR44WH,1,12.01,12.01,2026-03-07 17:05:40,dctransformer,false
1115695,18-14320-86542,EBAY,,266726121290,LHSHE27CO2PK,6,53.40,9.89,2026-03-07 17:08:48,electricalsone,false
1115697,10-14332-13009,EBAY,,315379102143,LDMST64E278,1,11.78,8.89,2026-03-07 17:05:41,so_926407,false
1115702,02-14344-12489,EBAY,,266630626996,WCB6BS+RPR44WH,1,8.54,8.99,2026-03-07 17:16:47,electricalsone,false
1115703,12-14329-58817,EBAY,,164531216300,LDMG95E278,1,7.49,7.49,2026-03-07 17:17:12,led_sone,false
1115708,11-14330-90437,EBAY,,265979166968,HRE2738BM2PK,1,9.98,6.99,2026-03-07 17:21:45,electricalsone,false
1115713,20-14318-03155,EBAY,,164586744833,PLTEBS+ICST64E2740,1,21.89,21.89,2026-03-07 17:38:15,led_sone,false
1115714,27-14308-19694,EBAY,,267284134030,CL3RGD5PK,1,11.99,11.99,2026-03-07 17:34:06,electricalsone,false
1115718,17-14322-34040,EBAY,,266775826677,WCDTBM2PK+RPR44WH2PK,1,19.19,19.19,2026-03-07 17:43:20,electricalsone,false
1115721,18-14320-99079,EBAY,,164914367042,5IP2028,1,5.49,5.49,2026-03-07 17:40:57,led_sone,false
1115722,25-14311-00427,EBAY,,164725952794,CRFF100CH+PHUP1PCRCH,1,10.44,10.99,2026-03-07 17:48:45,led_sone,false
1115723,04-14341-14188,EBAY,,167833569765,WCCYSP160BM,1,11.49,11.49,2026-03-07 17:48:05,led_sone,false
1115734,16-14323-90678,EBAY,,163285120530,HLSC128BM,5,11.25,2.50,2026-03-07 17:51:26,led_sone,false
1115744,16-14323-95472,EBAY,,164962387430,WCB2BS+RPR44WH,1,8.99,8.99,2026-03-07 18:03:46,led_sone,false
1115751,10-14332-41386,EBAY,,267073162939,LDMST64E274,1,6.17,6.49,2026-03-07 18:17:36,electricalsone,false
1115765,12-14329-93231,EBAY,,266008271268,CO126ACL5PK,1,9.48,6.49,2026-03-07 18:36:32,electricalsone,false
1115766,16-14324-09167,EBAY,,306754040697,ENC7059,1,51.98,55.89,2026-03-07 18:31:37,coventrylights,false
1115767,24-14327-35882,EBAY,,305698440823,CL3TBM2PK,1,5.14,5.41,2026-03-07 18:36:07,coventrylights,false
1115768,24-14327-33769,EBAY,,165261757862,CRSF100HBM+WSWR1PFTBM+RD30+WR+PSDS4BPB,1,12.73,13.69,2026-03-07 18:32:12,led_sone,false
1115769,04-14341-37502,EBAY,,162949535147,LDMG80E274,1,5.49,5.49,2026-03-07 18:38:08,led_sone,false
1115781,23-14314-17042,EBAY,,313614826182,COY9ABM2PK,1,12.38,9.49,2026-03-07 18:48:04,so_926407,false
1115791,17-14322-66838,EBAY,,166269554733,PSHYOS4BRBM+ICST64E27,1,15.89,15.89,2026-03-07 18:52:16,led_sone,false
1115802,02-14344-63058,EBAY,,163783451223,WCNCGD+RPR44WH,1,9.49,9.99,2026-03-07 19:08:38,led_sone,false
1115809,05-14340-54302,EBAY,,305123667325,12IP6720,1,8.99,9.67,2026-03-07 19:11:56,coventrylights,false
1115817,04-14341-64272,EBAY,,167943434245,CL3TAG2PK,1,5.49,5.49,2026-03-07 19:38:34,led_sone,false
1115825,20-14318-58171,EBAY,,163481444917,LHSHE27BY,3,15.30,5.49,2026-03-07 19:41:20,led_sone,false
1115833,20-14318-64234,EBAY,,127167019172,PSOS4BMTHE+ICST64E27,1,15.89,15.89,2026-03-07 19:57:27,dctransformer,false
1115835,26-14310-02646,EBAY,,335668315382,WJB2,1,5.89,5.89,2026-03-07 19:57:45,lighting_sone,false
1115836,20-14318-63874,EBAY,,164492030061,CL3TGL,1,3.29,3.29,2026-03-07 19:56:32,led_sone,false
1115837,21-14316-91938,EBAY,,305715611096,WCFWROCO+RPR44WH,1,9.40,9.89,2026-03-07 19:56:29,coventrylights,false
1115844,24-14327-80019,EBAY,,167565749301,CCBKNWE12,1,5.49,5.49,2026-03-07 20:21:30,led_sone,false
1115854,02-14344-96936,EBAY,,306268793379,CL3THEAPK,1,21.29,22.89,2026-03-07 20:37:11,coventrylights,false
1115855,01-14346-69690,EBAY,,255943163532,LHSHE27BN,6,30.42,5.64,2026-03-07 20:36:32,vintageinterior,false
1115875,12-14330-56670,EBAY,,335680617161,LDWWB2215,1,6.39,6.39,2026-03-07 21:14:43,lighting_sone,false
1115877,05-14341-05238,EBAY,,304807545741,CRFF140GD+HK10GD,1,8.93,6.39,2026-03-07 21:28:53,coventrylights,false
1115880,19-14320-60733,EBAY,,164666761396,LSMS320BT+RPR44WH,1,13.99,13.99,2026-03-07 21:46:55,led_sone,false
1115885,19-14320-60733,EBAY,,164566135486,CRSF100BM+WSLS155YB+SCRN70BM+LSFT220BL,2,33.60,16.80,2026-03-07 21:46:55,led_sone,false
1115892,13-14329-45471,EBAY,,266132039859,PSOS2BWH,1,8.99,8.99,2026-03-07 22:01:09,electricalsone,false
1115898,04-14342-24690,EBAY,,265752617070,CRFF140RO+WSFSRO,3,25.08,8.99,2026-03-07 22:25:53,electricalsone,false
1115899,03-14343-64732,EBAY,,266190303273,12UK3P5A+SLW4,1,14.03,14.77,2026-03-07 22:28:30,electricalsone,false
1115900,16-14324-99372,EBAY,,164725952794,CRSF100GB+PHUP1PBRGB,1,10.44,10.99,2026-03-07 22:24:28,led_sone,false
1115904,10-14333-45094,EBAY,,265632304597,CRSF108BM+WSST70BM+ICST64E27,4,44.24,12.29,2026-03-07 22:46:25,electricalsone,false
1115910,18-14322-24953,EBAY,,266190305943,CL3THE5PK,1,13.73,13.73,2026-03-07 23:06:25,electricalsone,false
1115911,21-14317-56524,EBAY,,305715611096,WCFWROBM+RPR44WH,1,9.40,9.89,2026-03-07 23:00:34,coventrylights,false
1115914,03-14343-80586,EBAY,,316797525557,WCDCBC+RPR44WH,1,9.40,9.89,2026-03-07 23:19:49,so_926407,false
1115925,10-14333-61919,EBAY,,165136827678,PHSF1AGTGB,1,10.99,10.99,2026-03-07 23:36:56,led_sone,false
1115930,21-14317-72716,EBAY,,164132412290,CCBKNWE48,1,9.89,9.89,2026-03-07 23:56:04,led_sone,false
1115935,26-14310-90741,EBAY,,165902994694,LDMA60E274WW2PK,2,16.88,8.89,2026-03-08 00:23:37,led_sone,false
1115943,20-14319-83647,EBAY,,313520952828,ENC685,2,100.24,53.89,2026-03-08 02:09:11,so_926407,false
1115995,13-14330-40304,EBAY,,167889814166,CRSF100RO+WS2LHRO+LDST45E2742PK,2,37.98,19.99,2026-03-08 03:18:41,led_sone,false
1115997,14-14328-76781,EBAY,,161782384942,12UK3P5A,1,11.98,11.98,2026-03-08 03:21:38,led_sone,false
1116013,25-14313-36595,EBAY,,256519590011,ENC7333,1,40.59,40.59,2026-03-08 06:53:48,vintageinterior,false
1116023,05-14342-58448,EBAY,,255943163459,CRSF100BM+LHNSE27BM+WCBNBM+LDST45E274,1,17.59,17.59,2026-03-08 07:47:48,vintageinterior,false
1116026,17-14324-83630,EBAY,,257226690217,24IP20400,1,24.87,24.87,2026-03-08 08:09:22,vintageinterior,false
1116040,12-14332-22799,EBAY,,164962387430,WCB3BM+RPR44WH,1,8.99,8.99,2026-03-08 08:42:24,led_sone,false
1116041,23-14316-43004,EBAY,,164261730528,12BO48,3,41.52,14.89,2026-03-08 08:50:39,led_sone,false
1116044,02-14346-80366,EBAY,,162702901154,CL2TGR,3,8.88,3.19,2026-03-08 08:57:05,led_sone,false
1116046,06-14341-00277,EBAY,,306178227488,LSCY290RE+RPR44WH,1,14.38,14.38,2026-03-08 09:02:07,coventrylights,false
1116047,06-14341-00277,EBAY,,306178227488,LSCY290YE+RPR44WH,1,16.68,16.68,2026-03-08 09:02:07,coventrylights,false
1116048,06-14341-00277,EBAY,,306178227488,LSCY290BL+RPR44WH,1,14.38,14.38,2026-03-08 09:02:07,coventrylights,false
1116049,06-14341-00277,EBAY,,306178227488,LSCY290NB+RPR44WH,1,14.38,14.38,2026-03-08 09:02:07,coventrylights,false
1116050,06-14341-00277,EBAY,,306178227488,LSCY290OR+RPR44WH,1,14.38,14.38,2026-03-08 09:02:07,coventrylights,false
1116051,06-14341-00277,EBAY,,306178227488,LSCY290GR+RPR44WH,1,14.89,14.89,2026-03-08 09:02:07,coventrylights,false
1116055,07-14339-51134,EBAY,,266630626996,WCB6BS2PK+RPR44WH2PK,1,14.67,15.44,2026-03-08 09:14:11,electricalsone,false
1116072,11-14333-63884,EBAY,,305682162344,LSMS320BM+RPR44WH,1,13.08,13.77,2026-03-08 09:34:09,coventrylights,false
1116073,25-14313-64869,EBAY,,336004546885,WJBSQIP683BM4PK,1,41.00,28.02,2026-03-08 09:41:07,re6865,false
1116084,19-14322-29747,EBAY,,305698440823,CL3TBR2PK,1,5.14,5.41,2026-03-08 09:50:02,coventrylights,false
1116085,24-14329-79100,EBAY,,164725952794,CRSF100GB+PHUP1PBRGB,2,20.88,10.99,2026-03-08 09:45:43,led_sone,false
1116086,26-14312-11831,EBAY,,166871105790,STND182WH2PK,1,7.99,7.99,2026-03-08 09:50:01,led_sone,false
1116092,13-14331-11672,EBAY,,256570260720,LSCY210BG+RPR44WH,1,9.89,9.89,2026-03-08 10:00:04,vintageinterior,false
1116096,21-14319-05640,EBAY,,336193813877,ENC2080,1,32.89,32.89,2026-03-08 10:10:50,re6865,false
1116097,12-14332-40271,EBAY,,253064185648,WJB2APK,1,43.02,24.33,2026-03-08 10:05:21,vintageinterior,false
1116098,24-14329-82985,EBAY,,162830271380,12BO28,1,10.22,10.99,2026-03-08 10:05:08,led_sone,false
1116099,21-14319-05641,EBAY,,167343173306,ENC92,1,26.79,26.79,2026-03-08 10:10:47,led_sone,false
1116100,21-14319-05641,EBAY,,167343173306,ENC4274,1,26.89,26.89,2026-03-08 10:10:47,led_sone,false
1116107,22-14317-97580,EBAY,,162562112782,5IP20200,1,19.93,20.98,2026-03-08 10:11:17,led_sone,false
1116117,07-14339-66517,EBAY,,266190448638,CRSF100BM,1,5.99,5.99,2026-03-08 10:29:54,electricalsone,false
1116125,17-14325-11221,EBAY,,253064185648,WJB2,1,5.89,5.89,2026-03-08 10:31:46,vintageinterior,false
1116126,03-14345-30113,EBAY,,256943483875,ENC7849,2,49.18,25.89,2026-03-08 10:40:08,vintageinterior,false
1116127,16-14326-65235,EBAY,,163693940389,CBSF90,1,4.99,4.99,2026-03-08 10:35:28,led_sone,false
1116128,27-14311-01813,EBAY,,163678721625,CRSF100GB+LHNSE27GB,1,9.99,9.99,2026-03-08 10:39:48,led_sone,false
1116133,02-14347-03104,EBAY,,164261730528,12BO18,1,8.59,8.59,2026-03-08 10:48:25,led_sone,false
1116134,25-14313-79221,EBAY,,161782384942,12UK3P2A,1,7.89,7.89,2026-03-08 10:50:32,led_sone,false
1116141,16-14326-69511,EBAY,,164492030061,CL3TYE,1,2.99,2.99,2026-03-08 10:55:26,led_sone,false
1116142,22-14318-08104,EBAY,,164261730528,12BO18,1,8.59,8.59,2026-03-08 11:00:32,led_sone,false
1116143,10-14335-11101,EBAY,,121990564311,CCBC3,5,21.20,4.99,2026-03-08 11:01:08,dctransformer,false
1116156,27-14311-10479,EBAY,,266190309001,CNP1000GB,1,8.49,8.49,2026-03-08 11:19:37,electricalsone,false
1116157,03-14345-38341,EBAY,,164261730528,12BO48,2,28.28,14.89,2026-03-08 11:17:37,led_sone,false
1116158,02-14347-09595,EBAY,,166598501724,RWWPSYBF25GY,1,4.99,4.99,2026-03-08 11:18:03,led_sone,false
1116171,08-14338-02339,EBAY,,124734086174,PSOS2HETBM+ICST64E27,1,13.98,13.98,2026-03-08 11:33:04,dctransformer,false
1116172,04-14344-03291,EBAY,,164029742974,12UK3P5A,2,22.76,11.98,2026-03-08 11:35:42,led_sone,false
1116174,27-14311-14312,EBAY,,256004334304,CBSF110,1,5.49,5.49,2026-03-08 11:36:48,vintageinterior,false
1116180,14-14329-69486,EBAY,,255991563117,WCB4BC+RPR44WH,1,7.49,7.49,2026-03-08 11:41:57,vintageinterior,false
1116182,13-14331-34389,EBAY,,161782384942,12UK3P5A,1,11.98,11.98,2026-03-08 11:44:45,led_sone,false
1116187,20-14321-01374,EBAY,,164912592166,LDWWE27253PK,1,14.89,14.89,2026-03-08 11:57:37,led_sone,false
1116194,13-14331-38981,EBAY,,166594959149,WLHSBMCY18,1,18.89,18.89,2026-03-08 12:04:12,led_sone,false
1116203,13-14331-42562,EBAY,,162889183073,CRSF108BM,2,10.42,5.49,2026-03-08 12:19:05,led_sone,false
1116204,15-14328-20305,EBAY,,313629118179,CBSF295,1,9.39,6.99,2026-03-08 12:15:38,so_926407,false
1116206,13-14331-41189,EBAY,,267121715682,24IP67102PK,1,8.81,9.27,2026-03-08 12:13:27,electricalsone,false
1116215,01-14348-98292,EBAY,,266190476182,24IP2048,1,8.54,8.99,2026-03-08 12:23:26,electricalsone,false
1116225,23-14316-91838,EBAY,,164004516812,LDMC35E1445PK,1,14.89,14.89,2026-03-08 12:34:33,led_sone,false
1116241,04-14344-22542,EBAY,,162553025729,LDMST64E2745PK,1,18.90,19.89,2026-03-08 12:53:27,led_sone,false
1116242,22-14318-36562,EBAY,,162949535147,LDMG80E274,4,19.76,5.49,2026-03-08 12:58:09,led_sone,false
1116243,20-14321-17536,EBAY,,164886581739,CCBC3,3,13.92,4.99,2026-03-08 13:00:49,led_sone,false
1116246,01-14349-06713,EBAY,,304808725202,LDMST64E278,1,8.45,8.89,2026-03-08 12:55:16,coventrylights,false
1116252,20-14321-18416,EBAY,,164924746600,CCBKNWE12,2,10.42,5.49,2026-03-08 13:03:59,led_sone,false
1116258,23-14316-99235,EBAY,,313462209545,PHSF1BMTBM,1,15.14,12.89,2026-03-08 13:02:16,so_926407,false
1116264,17-14325-49786,EBAY,,313462209545,PHSF1AGTGB,1,12.86,10.49,2026-03-08 13:12:35,so_926407,false
1116265,14-14329-92586,EBAY,,164279909548,PSDS2RBR,1,9.49,9.99,2026-03-08 13:12:06,led_sone,false
1116275,07-14340-08273,EBAY,,266827784713,PSHYOS4BRBM,1,11.99,12.89,2026-03-08 13:22:09,electricalsone,false
1116276,19-14322-79813,EBAY,,165452014120,LHRIE14BM,1,5.89,5.89,2026-03-08 13:22:34,led_sone,false
1116277,16-14327-07583,EBAY,,164492030061,CL3TBW,2,5.98,2.99,2026-03-08 13:28:11,led_sone,false
1116284,21-14319-54534,EBAY,,266223215729,LSCY290GR+RPR44WH,2,28.28,14.89,2026-03-08 13:33:00,electricalsone,false
1116293,06-14341-65887,EBAY,,164492030061,CL2TBP,1,2.89,2.89,2026-03-08 13:42:24,led_sone,false
1116297,13-14331-68941,EBAY,,167694841715,CRSF100BM+PHHT1PBRBM+LSHM300HE,1,27.80,27.80,2026-03-08 13:53:23,led_sone,false
1116298,01-14349-25381,EBAY,,124091814087,CL2RBL,3,7.89,2.80,2026-03-08 13:59:02,dctransformer,false
1116299,27-14311-50798,EBAY,,313970190917,CRSF100BM+PHHT1PBRBM,1,11.25,8.99,2026-03-08 13:53:15,so_926407,false
1116300,25-14314-26431,EBAY,,316980636895,LSMCSPFLMC,1,22.89,22.89,2026-03-08 13:54:47,so_926407,false
1116301,09-14337-09484,EBAY,,317095286709,CL3RBP,2,10.52,3.89,2026-03-08 13:57:18,so_926407,false
1116302,18-14324-29085,EBAY,,313975578089,LHRIE14WH,1,9.30,6.89,2026-03-08 13:58:08,so_926407,false
1116307,13-14331-71730,EBAY,,165136827678,PHSF1BRTCO,1,10.99,10.99,2026-03-08 14:02:00,led_sone,false
1116317,24-14330-50359,EBAY,,266015552803,ENC4091,1,42.29,42.29,2026-03-08 14:28:10,electricalsone,false
1116318,13-14331-79582,EBAY,,163438448120,CL3RBK,2,5.02,2.64,2026-03-08 14:26:44,led_sone,false
1116322,13-14331-81530,EBAY,,313970190821,CRSF100CO+WSNW170CO+LSUL220RR,2,29.20,16.23,2026-03-08 14:32:30,so_926407,false
1116327,14-14330-23650,EBAY,,164169967297,WJB3,1,8.24,8.24,2026-03-08 14:50:24,led_sone,false
1116336,16-14327-37136,EBAY,,164725952794,CRFF100CO+PHUP1PBRCO,1,8.54,8.99,2026-03-08 14:59:01,led_sone,false
1116337,17-14325-83201,EBAY,,267068731282,24IP6710,1,6.55,6.89,2026-03-08 14:57:18,electricalsone,false
1116343,05-14343-63934,EBAY,,267446933196,CRSF100BM+LHNSE27YB+SCRN70YB+LSFT220BI,1,15.89,15.89,2026-03-08 15:04:25,electricalsone,false
1116344,15-14328-70868,EBAY,,165902994694,LDMA60E274WW2PK,2,16.88,8.89,2026-03-08 15:02:58,led_sone,false
1116345,04-14344-65749,EBAY,,164255843565,RPR44WH2PK,1,4.99,4.99,2026-03-08 15:09:29,led_sone,false
1116348,23-14317-43997,EBAY,,305715611096,WCFWROCO+RPR44WH,1,9.40,9.89,2026-03-08 15:19:53,coventrylights,false
1116363,25-14314-62214,EBAY,,313975578089,LHRIE14BM,1,9.20,6.79,2026-03-08 15:37:08,so_926407,false
1116364,01-14349-60976,EBAY,,255943163515,12IP67150,1,29.89,29.89,2026-03-08 15:39:49,vintageinterior,false
1116365,24-14330-76731,EBAY,,267031698686,CNP1000YB2PK,1,10.99,10.99,2026-03-08 15:40:44,electricalsone,false
1116382,18-14324-72133,EBAY,,164055884914,LSTL260BS+RPR44WH,1,6.49,6.49,2026-03-08 15:58:20,led_sone,false
1116383,12-14333-39221,EBAY,,256511119337,CL2TGDAPK,1,25.88,22.99,2026-03-08 15:53:03,vintageinterior,false
1116385,09-14337-50346,EBAY,,266190476182,5IP2050,1,8.07,8.49,2026-03-08 15:51:53,electricalsone,false
1116392,03-14346-25441,EBAY,,267073162939,LDMT185B224,1,5.22,5.49,2026-03-08 16:02:27,electricalsone,false
1116393,23-14317-61746,EBAY,,267073162939,LDMST64E278,1,8.45,8.89,2026-03-08 16:05:06,electricalsone,false
1116400,04-14344-90117,EBAY,,167833569765,WCCYSP160BM2PK+RPR44WH2PK,1,18.49,18.49,2026-03-08 16:11:37,led_sone,false
1116401,18-14324-78408,EBAY,,164788778811,CL3RLB,3,9.18,3.29,2026-03-08 16:13:26,led_sone,false
1116403,02-14348-01505,EBAY,,163033753714,WCVCWH+RPR44WH,1,8.99,8.99,2026-03-08 16:14:19,led_sone,false
1116404,10-14336-08499,EBAY,,266194586886,CL3TBMAPK,1,23.89,23.89,2026-03-08 16:18:47,electricalsone,false
1116405,07-14340-69901,EBAY,,266827784713,PSHNOS4BRBM,1,13.23,10.99,2026-03-08 16:17:04,electricalsone,false
1116406,07-14340-69902,EBAY,,256072113798,CRFF75BY+LHTKE27BA,1,9.89,9.89,2026-03-08 16:17:00,vintageinterior,false
1116414,08-14338-97512,EBAY,,313614826113,CRSF100BM+LHNSE27YB+SCRN70BM+LSFT220BM,1,14.56,15.66,2026-03-08 16:30:09,so_926407,false
1116421,20-14321-94761,EBAY,,161969441046,CCBC9,3,15.30,5.49,2026-03-08 16:40:04,led_sone,false
1116422,13-14332-30743,EBAY,,164725952794,CRFF100BM+PHUP1PBRBM,1,10.73,11.29,2026-03-08 16:40:06,led_sone,false
1116423,22-14319-12253,EBAY,,267340970424,CL2TBR2PK,1,3.82,3.82,2026-03-08 16:34:07,electricalsone,false
1116436,25-14314-88692,EBAY,,305698723917,LDMG125E278,1,7.69,7.69,2026-03-08 16:41:47,coventrylights,false
1116437,25-14314-88692,EBAY,,305698723917,LDMT45B224,1,5.12,5.12,2026-03-08 16:41:47,coventrylights,false
1116441,20-14321-99703,EBAY,,163693940389,CBSF95,1,4.99,4.99,2026-03-08 16:51:41,led_sone,false
1116442,24-14331-07498,EBAY,,163844479887,PSOS2WHBWH,1,7.99,7.99,2026-03-08 16:54:53,led_sone,false
1116443,16-14327-82777,EBAY,,124021629998,CRSF1202FG,1,5.89,5.89,2026-03-08 16:53:04,dctransformer,false
1116455,11-14334-99053,EBAY,,267284292289,ENC1276,2,90.98,47.89,2026-03-08 17:04:20,electricalsone,false
1116457,02-14348-21377,EBAY,,256939232422,LHCTOYB,1,6.99,6.99,2026-03-08 17:01:02,vintageinterior,false
1116458,02-14348-21783,EBAY,,256004334304,CBSF115,1,5.69,5.69,2026-03-08 17:01:55,vintageinterior,false
1116488,05-14344-28099,EBAY,,265660312613,ENC622,1,37.89,37.89,2026-03-08 17:39:10,electricalsone,false
1116491,13-14332-57002,EBAY,,167476533102,PCGZ20MY2PK,1,3.59,3.59,2026-03-08 17:39:29,led_sone,false
1116492,23-14318-03272,EBAY,,163421992551,CL3THE5PK,1,13.89,13.89,2026-03-08 17:40:54,led_sone,false
1116500,04-14345-31240,EBAY,,166898541107,WBERT29RE3PK,1,6.99,6.99,2026-03-08 17:45:34,led_sone,false
1116521,02-14348-51529,EBAY,,163107588062,CRSF100BM,1,5.89,5.89,2026-03-08 18:04:36,led_sone,false
1116522,17-14326-63644,EBAY,,163772881097,LHTRE27BN+HK10BM,1,8.49,8.49,2026-03-08 18:05:17,led_sone,false
1116523,27-14312-54011,EBAY,,163693940389,CBSF95,2,9.48,4.99,2026-03-08 18:07:40,led_sone,false
1116524,02-14348-53184,EBAY,,306178227488,LSMS320GR+RPR44WH,2,25.62,13.78,2026-03-08 18:07:13,coventrylights,false
1116528,12-14333-99123,EBAY,,255943162124,PSOS2HETBM,1,11.29,11.29,2026-03-08 18:06:23,vintageinterior,false
1116529,24-14331-43833,EBAY,,253070126632,LHRTE27WH,2,11.18,5.89,2026-03-08 18:09:34,vintageinterior,false
1116537,12-14334-04550,EBAY,,317030316794,CL3TGDAPK,1,25.78,22.89,2026-03-08 18:15:05,so_926407,false
1116538,12-14334-04388,EBAY,,266191629427,CL2RBM,1,2.89,2.89,2026-03-08 18:14:43,electricalsone,false
1116539,12-14334-04388,EBAY,,267289062957,CRFF100CO+PHUP1PBRCO,2,21.98,10.99,2026-03-08 18:14:43,electricalsone,false
1116540,13-14332-77623,EBAY,,265660352947,SWV102GTD,1,5.49,5.49,2026-03-08 18:16:29,electricalsone,false
1116543,17-14326-79093,EBAY,,267340970424,CL3RRE3PK,1,4.99,4.99,2026-03-08 18:30:15,electricalsone,false
1116551,17-14326-79093,EBAY,,266190448638,CRSF100CO,3,17.97,5.99,2026-03-08 18:30:15,electricalsone,false
1116563,15-14329-72541,EBAY,,316836925160,CL3THE,1,4.49,4.49,2026-03-08 18:45:18,so_926407,false
1116564,21-14320-83552,EBAY,,163739085310,CRFF108YB+CGCYYB,8,30.89,3.89,2026-03-08 18:41:32,led_sone,false
1116565,23-14318-41498,EBAY,,168209967467,SPPGUK3PTR6PK,1,8.69,8.69,2026-03-08 18:50:03,led_sone,false
1116567,10-14336-82104,EBAY,,305715611096,WCFWROBM+RPR44WH,2,18.78,9.89,2026-03-08 18:48:56,coventrylights,false
1116568,23-14318-41499,EBAY,,305887913632,WSOSBDBM,1,20.89,20.89,2026-03-08 18:49:59,coventrylights,false
1116569,23-14318-41499,EBAY,,305657065608,LHSHE27YB,1,7.89,7.89,2026-03-08 18:49:59,coventrylights,false
1116581,21-14320-92149,EBAY,,317326581165,LDCWA95B22223PK,1,8.08,8.69,2026-03-08 18:59:05,so_926407,false
1116582,15-14329-76722,EBAY,,167833569765,WCCYSP160BM,1,11.49,11.49,2026-03-08 18:53:46,led_sone,false
1116584,25-14315-56396,EBAY,,165621031025,LDSST64E274,2,18.98,9.99,2026-03-08 18:56:44,led_sone,false
1116585,25-14315-58644,EBAY,,163502414049,LSFT220GB+RPR44WH,1,9.79,9.79,2026-03-08 19:00:55,led_sone,false
1116592,26-14314-04271,EBAY,,314243310672,CNS500BB,1,5.99,5.99,2026-03-08 19:02:15,so_926407,false
1116593,26-14314-04271,EBAY,,313614826178,CL2TBR,2,5.78,2.89,2026-03-08 19:02:15,so_926407,false
1116594,22-14319-88197,EBAY,,315428622232,CRSF100GS+WSWH135BM+LSHQ150WH,2,26.08,14.49,2026-03-08 19:06:05,so_926407,false
1116597,24-14331-73332,EBAY,,165316958689,LSMS320GY+RPR44WH,1,13.19,13.19,2026-03-08 19:03:10,led_sone,false
1116598,21-14320-95012,EBAY,,163585361443,12IP6780,1,18.49,18.49,2026-03-08 19:04:12,led_sone,false
1116605,03-14347-18041,EBAY,,166832831126,SPSPLBM2PK,1,4.99,4.99,2026-03-08 19:13:19,led_sone,false
1116606,10-14336-95691,EBAY,,165201467647,12IP20120,1,15.10,15.10,2026-03-08 19:15:57,led_sone,false
1116607,21-14321-02265,EBAY,,265660312592,LDMT45B224,1,5.49,5.49,2026-03-08 19:18:51,electricalsone,false
1116608,24-14331-80039,EBAY,,266630626996,WCB7BM+RPR44WH,1,8.54,8.99,2026-03-08 19:16:57,electricalsone,false
1116620,10-14337-01061,EBAY,,315468801676,CRSF108CH+WSST70CH,1,10.79,8.49,2026-03-08 19:26:50,so_926407,false
1116627,08-14339-90038,EBAY,,164632543884,PHSF1BWRSN+ICST64E27,9,112.50,13.89,2026-03-08 19:36:16,led_sone,false
1116630,03-14347-29970,EBAY,,305715611096,WCFWROCO+RPR44WH,1,9.40,9.89,2026-03-08 19:37:58,coventrylights,false
1116641,19-14324-42031,EBAY,,267446933196,CRFF100CH+LHNSE27CH+SCRN70BM+LSFT220CH,3,44.31,15.89,2026-03-08 19:42:03,electricalsone,false
1116643,01-14350-80900,EBAY,,168104532651,CRFF100SN2PK+LHNSE27SN2PK+ICST64E272PK,1,20.15,22.39,2026-03-08 19:50:01,led_sone,false
1116644,03-14347-35264,EBAY,,315506602283,12UK3P8A+SLW6,1,18.94,16.89,2026-03-08 19:47:56,so_926407,false
1116645,01-14350-80899,EBAY,,305827938325,CRSF100CO+LHNSE27CO+LSHH240BC+ICST64E27,1,17.43,18.74,2026-03-08 19:49:58,coventrylights,false
1116655,23-14318-73095,EBAY,,304832587019,12MIP20180,1,14.70,15.81,2026-03-08 19:53:47,coventrylights,false
1116656,17-14327-23394,EBAY,,164125059216,LSDM220GB+RPR44WH,2,18.98,9.99,2026-03-08 19:59:06,led_sone,false
1116667,26-14314-37086,EBAY,,305698723917,LDMST64B224,2,9.52,5.01,2026-03-08 20:07:48,coventrylights,false
1116671,20-14322-99264,EBAY,,164255843565,RPR44WH2PK,1,4.99,4.99,2026-03-08 20:08:26,led_sone,false
1116675,06-14343-39626,EBAY,,305698440823,CL3TBK5PK,1,9.61,10.12,2026-03-08 20:15:58,coventrylights,false
1116676,05-14345-11855,EBAY,,304786539463,12IP2015,1,5.14,5.71,2026-03-08 20:19:28,coventrylights,false
1116685,18-14326-02195,EBAY,,304786418809,WCVCBC+RPR44WH,1,7.53,8.37,2026-03-08 20:25:19,coventrylights,false
1116687,10-14337-30943,EBAY,,165645262692,CRFF100BM+LHTTE27BM,3,25.08,8.99,2026-03-08 20:27:11,led_sone,false
1116719,05-14345-23207,EBAY,,266188028966,PCBISR,1,4.99,4.99,2026-03-08 20:43:15,electricalsone,false
1116723,25-14316-15224,EBAY,,167892041610,FCBMBA4APAPK,1,10.89,10.89,2026-03-08 20:55:52,led_sone,false
1116732,10-14337-48252,EBAY,,256008638982,CL2RHE,2,5.68,2.99,2026-03-08 21:03:53,vintageinterior,false
1116737,24-14332-36804,EBAY,,267120297665,LDMST64E2782PK,1,13.93,11.49,2026-03-08 21:13:31,electricalsone,false
1116751,02-14349-55084,EBAY,,266197990715,12IP6760,1,14.84,14.84,2026-03-08 21:30:18,electricalsone,false
1116752,09-14339-10641,EBAY,,164942250673,CL2TBR,3,8.88,3.19,2026-03-08 21:25:12,led_sone,false
1116757,14-14332-12151,EBAY,,253064185648,WJB2,1,5.89,5.89,2026-03-08 21:37:09,vintageinterior,false
1116758,24-14332-47749,EBAY,,267192693105,PHSF1BMTBM,3,29.25,10.49,2026-03-08 21:38:25,electricalsone,false
1116766,05-14345-50615,EBAY,,124724146474,CRSF100BB+PHCH1PBRBB,1,10.40,10.40,2026-03-08 21:43:51,dctransformer,false
1116775,17-14327-76736,EBAY,,164586744833,PLTEBM,1,16.89,16.89,2026-03-08 21:54:02,led_sone,false
1116776,17-14327-76735,EBAY,,265660312596,CRFF108BM+WSST70BM+WCSRBM,1,15.78,13.59,2026-03-08 21:53:56,electricalsone,false
1116777,26-14314-85502,EBAY,,255943163408,CGCYGB5PK,1,5.79,5.79,2026-03-08 21:52:45,vintageinterior,false
1116785,14-14332-26280,EBAY,,317886201832,24IP67120,1,22.70,22.70,2026-03-08 22:10:46,so_926407,false
1116791,13-14333-91347,EBAY,,164077107412,PHSF2BWRSN,2,18.98,9.99,2026-03-08 22:12:36,led_sone,false
1116795,02-14349-79816,EBAY,,313614826183,CL3RGR,6,19.08,2.77,2026-03-08 22:30:14,so_926407,false
1116796,24-14332-66831,EBAY,,163844479887,PSOS2BMBBM,1,9.99,9.99,2026-03-08 22:24:27,led_sone,false
1116797,06-14343-98174,EBAY,,164725952794,CRFF100CO+PHUP1PBRCO,2,17.08,8.99,2026-03-08 22:27:26,led_sone,false
1116798,16-14329-42687,EBAY,,267404873403,LSCY290BI+RPR44WH,2,21.82,11.49,2026-03-08 22:25:03,electricalsone,false
1116802,16-14329-47057,EBAY,,256004334304,CBSF70,1,5.29,5.29,2026-03-08 22:36:14,vintageinterior,false
1116803,01-14351-54450,EBAY,,335739273187,ENC739,2,42.18,21.09,2026-03-08 22:32:39,lighting_sone,false
1116804,06-14343-99720,EBAY,,164725952794,CRFF100CO+PHUP1PBRCO,1,8.54,8.99,2026-03-08 22:31:25,led_sone,false
1116807,02-14349-84460,EBAY,,165452014120,LHRIE14BM,1,5.89,5.89,2026-03-08 22:42:19,led_sone,false
1116816,06-14344-10397,EBAY,,163739085310,CRFF108BY+CGCYBM,3,14.10,3.89,2026-03-08 22:59:43,led_sone,false
1116827,18-14326-76434,EBAY,,166898541107,WBERT29RE2PK,1,5.99,5.99,2026-03-08 23:20:59,led_sone,false
1116828,12-14335-46895,EBAY,,317622548358,CKKLBY,2,15.78,8.49,2026-03-08 23:24:05,so_926407,false
1116831,16-14329-75421,EBAY,,267120297665,LDMC35E1446PK,1,16.11,16.96,2026-03-08 23:50:02,electricalsone,false
1116832,17-14328-19177,EBAY,,163133246591,CRSF100BM+PHAH2RBMBM,1,7.29,7.29,2026-03-08 23:42:20,led_sone,false
1116835,14-14332-66413,EBAY,,166898541107,WBERT29BL3PK,1,6.99,6.99,2026-03-08 23:54:48,led_sone,false
1116839,09-14339-74231,EBAY,,164266047124,LDMST64E274,1,5.49,5.49,2026-03-09 00:03:57,led_sone,false
1116840,08-14341-07080,EBAY,,164169967297,WJB2,2,11.18,5.89,2026-03-09 00:06:44,led_sone,false
1116841,04-14347-09740,EBAY,,265750044855,CL2TAG,10,22.70,2.27,2026-03-09 00:12:12,electricalsone,false
1116842,04-14347-09740,EBAY,,265750044855,CL3RAG,4,11.56,2.89,2026-03-09 00:12:12,electricalsone,false
1116843,03-14348-49655,EBAY,,305698723917,LDMST64B224,2,9.52,5.01,2026-03-09 00:14:02,coventrylights,false
1116847,13-14334-49510,EBAY,,267068731282,24IP6760,1,16.05,16.89,2026-03-09 00:40:10,electricalsone,false
1116848,13-14334-47180,EBAY,,164169967297,WJB3,1,8.24,8.24,2026-03-09 00:34:27,led_sone,false
1116923,14-14333-70349,EBAY,,317593252015,TSLCQA15WH5PK,2,35.60,17.09,2026-03-09 04:56:03,so_926407,false
1116926,11-14337-95055,EBAY,,163507304296,RPM40BM2PK,1,4.99,4.99,2026-03-09 05:11:14,led_sone,false
1116929,05-14347-16680,EBAY,,124021636119,CRSF1205BM,2,16.16,8.42,2026-03-09 05:57:54,dctransformer,false
1116946,26-14316-58803,EBAY,,304785678278,LDMST64B2243PK,3,25.78,7.99,2026-03-09 07:05:52,coventrylights,false
1116947,02-14351-38254,EBAY,,164492030061,CL2TBU,3,8.07,2.69,2026-03-09 07:06:34,led_sone,false
1116948,02-14351-38254,EBAY,,164492030061,CL2TGY,3,8.97,2.99,2026-03-09 07:06:34,led_sone,false
1116949,02-14351-38254,EBAY,,164492030061,CL2TGR,3,8.07,2.69,2026-03-09 07:06:34,led_sone,false
1116952,08-14342-31139,EBAY,,166202407547,CRFF75GB+LHAHE27GB,1,8.54,8.99,2026-03-09 07:26:42,led_sone,false
1116954,25-14318-17011,EBAY,,304813856521,PSDS2WHBWH,1,10.42,7.99,2026-03-09 07:24:35,coventrylights,false
1116960,02-14351-44417,EBAY,,265205346324,HLRK35BM,1,2.49,2.49,2026-03-09 07:41:03,electricalsone,false
1116961,02-14351-44417,EBAY,,265205346324,HLLK60BM,1,5.49,5.49,2026-03-09 07:41:03,electricalsone,false
1116979,24-14334-46995,EBAY,,333998777177,ENC1480,2,38.68,21.49,2026-03-09 08:48:05,re6865,false
1116980,11-14338-33439,EBAY,,162949535147,LDMG80E274,2,10.42,5.49,2026-03-09 08:46:00,led_sone,false
1116985,04-14348-50221,EBAY,,266027916399,LHBRE14BM,1,4.65,4.89,2026-03-09 08:57:02,electricalsone,false
1116986,21-14323-70697,EBAY,,164046479684,PSDS4BMRGD,1,12.25,12.89,2026-03-09 08:57:50,led_sone,false
1117004,03-14349-92473,EBAY,,267068731282,24IP6730,1,10.92,11.49,2026-03-09 09:11:26,electricalsone,false
1117008,03-14349-96699,EBAY,,165458233266,PHSF1PBRYB+LSCY290NB,1,15.26,16.06,2026-03-09 09:27:00,led_sone,false
1117010,03-14349-96694,EBAY,,305827991743,ENC7399,1,19.79,19.79,2026-03-09 09:27:06,coventrylights,false
1117011,03-14349-96696,EBAY,,257100562761,PSDS2BMRBL+ICST64E2740,2,25.06,13.19,2026-03-09 09:26:55,vintageinterior,false
1117020,20-14325-53128,EBAY,,163836875925,PSDS2WHBWH,1,9.99,9.99,2026-03-09 09:40:10,led_sone,false
1117025,05-14347-62548,EBAY,,167725215164,ENC8849,1,29.99,29.99,2026-03-09 09:47:54,led_sone,false
1117026,26-14316-92866,EBAY,,266865743969,WSST70BM,1,6.49,6.49,2026-03-09 09:46:05,electricalsone,false
1117034,25-14318-49367,EBAY,,265660312522,12IP67250,1,47.49,47.49,2026-03-09 09:52:06,electricalsone,false
1117035,06-14345-95192,EBAY,,266027916399,LHBRE27BM2PK,1,8.07,8.49,2026-03-09 10:00:18,electricalsone,false
1117048,18-14328-56600,EBAY,,313826947632,LDMST64E2785PK,1,14.13,15.19,2026-03-09 10:15:05,so_926407,false
1117061,05-14347-75902,EBAY,,254886123331,CRSF100GB,1,5.09,5.09,2026-03-09 10:38:48,vintageinterior,false
1117069,06-14346-07684,EBAY,,313614826049,CRSF100BM+WSST70BM+WCBNBM,2,31.42,16.89,2026-03-09 10:47:34,so_926407,false
1117070,01-14353-62838,EBAY,,163038078317,12IP20100,4,42.80,11.89,2026-03-09 10:49:56,led_sone,false
1117077,11-14338-66087,EBAY,,267284134030,CL3RWH,2,5.02,2.64,2026-03-09 10:52:58,electricalsone,false
1117078,22-14322-93328,EBAY,,164279909548,PSDS2RBM,1,10.35,10.89,2026-03-09 10:55:28,led_sone,false
1117084,04-14348-83525,EBAY,,164630867449,CCBKNWE5,1,4.99,4.99,2026-03-09 11:04:11,led_sone,false
1117085,23-14321-56932,EBAY,,167833569765,WCCYSP160GD2PK,1,18.19,18.19,2026-03-09 11:03:04,led_sone,false
1117089,03-14350-25862,EBAY,,167565749301,CCBKNWE7,1,5.39,5.39,2026-03-09 11:16:48,led_sone,false
1117090,06-14346-14318,EBAY,,305698723917,LDMT185E274,1,5.99,5.99,2026-03-09 11:10:38,coventrylights,false
1117098,18-14328-75103,EBAY,,266307130451,12IP2024,1,6.49,6.49,2026-03-09 11:21:48,electricalsone,false
1117099,12-14337-46757,EBAY,,164525813888,PLADBC+LSCY210BC3PK,1,43.39,43.39,2026-03-09 11:28:59,led_sone,false
1117107,22-14323-03798,EBAY,,255943163433,CRFF140BM,1,5.09,5.09,2026-03-09 11:31:18,vintageinterior,false
1117114,07-14344-71896,EBAY,,164914367042,5IP20100,1,13.99,13.99,2026-03-09 11:42:33,led_sone,false
1117115,07-14344-71896,EBAY,,164914367042,12IP2030,1,6.99,6.99,2026-03-09 11:42:33,led_sone,false
1117117,27-14316-06292,EBAY,,164030749672,CL2RGD,2,5.48,2.89,2026-03-09 11:46:22,led_sone,false
1117118,18-14328-83046,EBAY,,256525027237,WCB3RR+RPR44WH,1,8.42,8.42,2026-03-09 11:47:38,vintageinterior,false
1117120,17-14330-17810,EBAY,,267446933196,CRSF100BM+LHNSE27BM+SCRN70BM+LSFT220WH,2,30.18,15.89,2026-03-09 11:47:11,electricalsone,false
1117127,10-14340-13270,EBAY,,256004417601,CCBKNWE12,5,25.60,5.69,2026-03-09 11:54:01,vintageinterior,false
1117128,02-14352-07728,EBAY,,164958853389,12MIP2015,2,9.66,5.09,2026-03-09 11:52:02,led_sone,false
1117132,11-14338-88150,EBAY,,313154103184,WCB7WH+RPR44WH,1,8.36,8.99,2026-03-09 12:05:36,so_926407,false
1117159,14-14334-73620,EBAY,,164068060437,HRE1428WHAPK,2,13.05,5.09,2026-03-09 12:27:49,led_sone,false
1117160,20-14326-01168,EBAY,,165621031025,LDSG125E274,1,12.89,12.89,2026-03-09 12:26:16,led_sone,false
1117161,11-14338-94464,EBAY,,304786539497,WCB2BM+RPR44WH,1,10.05,7.59,2026-03-09 12:24:41,coventrylights,false
1117171,17-14330-36090,EBAY,,266630626996,WCB4BM+RPR44WH,1,8.07,8.49,2026-03-09 12:41:27,electricalsone,false
1117172,26-14317-44637,EBAY,,164554946630,LHRIE14WH,1,4.99,4.99,2026-03-09 12:41:09,led_sone,false
1117180,16-14331-93063,EBAY,,334940496586,ENC5289,2,45.26,23.82,2026-03-09 12:52:36,re6865,false
1117181,08-14343-17808,EBAY,,335680616357,LDMG95E278,1,7.49,7.49,2026-03-09 12:53:02,lighting_sone,false
1117183,13-14336-45993,EBAY,,313614825918,LHBRE27BM+CGMLBM,1,7.81,5.29,2026-03-09 12:50:58,so_926407,false
1117184,11-14339-04576,EBAY,,314257032214,CRFF75GB,1,9.88,6.99,2026-03-09 12:53:01,so_926407,false
1117185,26-14317-48216,EBAY,,161775308827,LDMST64E2743PK,1,13.09,13.09,2026-03-09 12:50:46,led_sone,false
1117192,02-14352-32001,EBAY,,163038078317,12IP20100,1,11.89,11.89,2026-03-09 13:02:01,led_sone,false
1117193,07-14345-01541,EBAY,,162553025729,LDMA60E274WW,1,4.74,4.99,2026-03-09 13:07:58,led_sone,false
1117202,21-14324-46112,EBAY,,313614826151,CNT900BM2PK,2,24.72,11.99,2026-03-09 13:11:01,so_926407,false
1117204,09-14341-96517,EBAY,,265543194034,ENC2073,2,36.96,19.46,2026-03-09 13:19:21,electricalsone,false
1117205,23-14322-03268,EBAY,,266027916399,LHBRE27BMAPK,1,28.40,29.89,2026-03-09 13:20:43,electricalsone,false
1117216,06-14346-58798,EBAY,,256139832645,PLADBM,2,87.18,45.89,2026-03-09 13:21:23,vintageinterior,false
1117217,06-14346-60115,EBAY,,166598501724,RWWPSYAE25WH,1,4.99,4.99,2026-03-09 13:24:32,led_sone,false
1117218,04-14349-31610,EBAY,,161782384942,12UK3P2A,2,14.98,7.89,2026-03-09 13:25:32,led_sone,false
1117219,07-14345-09755,EBAY,,164261856811,CRSF100RO+LHNSE27RO+SCRN70RO+LSFT220RO,1,14.99,14.99,2026-03-09 13:28:33,led_sone,false
1117220,23-14322-06815,EBAY,,163844479887,PSOS2WHBWH,1,7.99,7.99,2026-03-09 13:29:22,led_sone,false
1117221,15-14333-40680,EBAY,,266742973079,CL3TGD5PK,1,15.99,15.99,2026-03-09 13:30:45,electricalsone,false
1117225,07-14345-14455,EBAY,,267399337640,ENC686,1,40.49,44.99,2026-03-09 13:39:58,electricalsone,false
1117227,09-14342-04420,EBAY,,163044298685,LDMT185B224,1,6.64,6.99,2026-03-09 13:38:25,led_sone,false
1117228,09-14342-04421,EBAY,,256517395296,LDMT45B2244PK,1,15.99,15.99,2026-03-09 13:38:27,vintageinterior,false
1117236,16-14332-13473,EBAY,,164525233292,LSDO300YE+RPR44WH,1,9.49,9.99,2026-03-09 13:43:39,led_sone,false
1117237,27-14316-49076,EBAY,,123999967070,CBSF95,2,12.15,4.59,2026-03-09 13:43:07,dctransformer,false
1117247,15-14333-54164,EBAY,,166167121313,CRSF100CO+PHMU1PBRCO+LSDO210BC+ICST64E27,1,19.89,19.89,2026-03-09 14:02:41,led_sone,false
1117248,21-14324-67020,EBAY,,266630626996,WCB4BC+RPR44WH,2,16.12,8.49,2026-03-09 14:01:26,electricalsone,false
1117254,15-14333-57909,EBAY,,267340970424,CL3RBM3PK,1,4.86,4.86,2026-03-09 14:11:17,electricalsone,false
1117255,01-14354-35837,EBAY,,267068731282,12IP6730,1,13.48,14.19,2026-03-09 14:14:03,electricalsone,false
1117265,23-14322-32345,EBAY,,266630626996,WCB6WH+RPR44WH,2,17.08,8.99,2026-03-09 14:29:00,electricalsone,false
1117277,13-14336-94689,EBAY,,267408706084,LDCWGU1076PK,1,11.49,11.49,2026-03-09 14:45:50,electricalsone,false
1117288,14-14335-36842,EBAY,,165094836684,LHSHE27CH,1,5.49,5.49,2026-03-09 14:59:10,led_sone,false
1117295,05-14348-76937,EBAY,,266630626996,WCB7BM+RPR44WH,1,8.54,8.99,2026-03-09 15:07:31,electricalsone,false
1117301,26-14318-09464,EBAY,,164492030061,CL2TBM,1,2.80,2.80,2026-03-09 15:13:50,led_sone,false
1117302,13-14337-09748,EBAY,,164914367042,12IP20100,1,13.89,13.89,2026-03-09 15:17:57,led_sone,false
1117303,04-14349-83217,EBAY,,313462209545,PHSF1BRTCO,1,12.86,10.49,2026-03-09 15:19:39,so_926407,false
1117304,02-14352-91483,EBAY,,263393721560,CL3TBL,5,13.35,2.97,2026-03-09 15:16:23,electricalsone,false
1117315,22-14323-99762,EBAY,,163585361443,24IP6710,3,16.71,5.99,2026-03-09 15:30:35,led_sone,false
1117329,17-14331-11250,EBAY,,313462209545,PHSF1BRRCO,1,10.99,10.99,2026-03-09 15:34:52,so_926407,false
1117330,17-14331-11250,EBAY,,313462209545,PHSF1GDTFG,1,10.49,10.49,2026-03-09 15:34:52,so_926407,false
1117331,17-14331-11250,EBAY,,313462209545,PHSF1ROTRO,1,10.49,10.49,2026-03-09 15:34:52,so_926407,false
1117332,26-14318-20140,EBAY,,164261730528,12BO28,1,10.99,10.99,2026-03-09 15:36:07,led_sone,false
1117333,14-14335-55938,EBAY,,164261730528,12BO18,1,8.59,8.59,2026-03-09 15:39:30,led_sone,false
1117339,10-14341-09843,EBAY,,164767503253,PHSF1BWTSN,3,30.66,10.99,2026-03-09 15:45:36,led_sone,false
1117355,10-14341-12961,EBAY,,166898541107,WBERT29BL3PK,1,6.99,6.99,2026-03-09 15:51:58,led_sone,false
1117356,26-14318-29183,EBAY,,164244059825,LHAHE27GB,1,5.49,5.49,2026-03-09 15:54:50,led_sone,false
1117357,15-14334-09439,EBAY,,166612383020,CKDZH03610SB,1,11.86,12.89,2026-03-09 16:00:37,led_sone,false
1117397,06-14347-47691,EBAY,,306343677721,PSHYOS4BRBM+CBMP140BM,1,16.84,14.89,2026-03-09 16:32:58,coventrylights,false
1117398,06-14347-47183,EBAY,,165628143783,CCBKNWE12,1,5.69,5.69,2026-03-09 16:32:02,led_sone,false
1117399,06-14347-47690,EBAY,,167734616067,LSCY290BG+RPR44WH,1,15.89,15.89,2026-03-09 16:33:01,led_sone,false
1117400,15-14334-27208,EBAY,,163702404352,CRSF100GB,8,35.92,4.99,2026-03-09 16:35:59,led_sone,false
1117406,09-14342-91216,EBAY,,265660312592,LDMT185B224,1,5.49,5.49,2026-03-09 16:43:01,electricalsone,false
1117407,13-14337-52815,EBAY,,267068731282,12IP6760,1,15.67,16.49,2026-03-09 16:45:19,electricalsone,false
1117417,05-14349-36121,EBAY,,313636923060,LDMA60E274,2,13.56,5.49,2026-03-09 17:08:40,so_926407,false
1117418,04-14350-36361,EBAY,,265977177892,CO1215ACLAPK,1,8.99,8.99,2026-03-09 17:07:56,electricalsone,false
1117423,13-14337-66428,EBAY,,124734086174,PSOS2HETBM,2,21.68,11.29,2026-03-09 17:13:18,dctransformer,false
1117424,05-14349-37772,EBAY,,313970196212,CRSF100BM+PHHT1PBRBM+WCDCBM+ICST64E27,1,17.63,19.59,2026-03-09 17:12:06,so_926407,false
1117433,27-14317-52605,EBAY,,168042902689,CRSF2003SN+LHTMGU10SN3PK+LDGU10CW53PK,2,39.52,20.80,2026-03-09 17:22:32,led_sone,false
1117434,06-14347-73365,EBAY,,161969441046,CCBC18,2,11.94,6.29,2026-03-09 17:25:17,led_sone,false
1117435,04-14350-45511,EBAY,,317030316794,CL3TGD2PK,1,8.38,5.49,2026-03-09 17:26:47,so_926407,false
1117448,27-14317-60855,EBAY,,306331601994,CRFF75GB,1,7.71,5.08,2026-03-09 17:39:37,coventrylights,false
1117449,03-14351-88706,EBAY,,266188028911,12IP2030,1,6.99,6.99,2026-03-09 17:35:27,electricalsone,false
1117451,02-14353-57476,EBAY,,317593252015,TSLCQA20WH5PK,1,23.31,21.49,2026-03-09 17:31:15,so_926407,false
1117473,02-14353-75298,EBAY,,267213906251,CCBKNWE72PK,4,23.36,6.49,2026-03-09 18:08:13,electricalsone,false
1117474,06-14347-94581,EBAY,,336067200729,ENC5655,1,12.78,9.89,2026-03-09 18:09:15,lighting_sone,false
1117477,12-14339-26957,EBAY,,163387606661,HLSC96BM,1,5.99,5.99,2026-03-09 18:20:18,led_sone,false
1117478,12-14339-26957,EBAY,,163387606661,HLRK35BM5PK,1,10.99,10.99,2026-03-09 18:20:18,led_sone,false
1117479,12-14339-26957,EBAY,,163387606661,HLSC96BMAPK,1,22.89,22.89,2026-03-09 18:20:18,led_sone,false
1117480,07-14346-47722,EBAY,,164598588455,ENC285,4,70.52,19.59,2026-03-09 18:19:32,led_sone,false
1117484,24-14336-66683,EBAY,,123042147929,CL3RLG,1,2.49,2.49,2026-03-09 18:15:35,dctransformer,false
1117492,08-14344-74763,EBAY,,123044400644,CL2TBM2PK,1,5.03,5.03,2026-03-09 18:30:21,dctransformer,false
1117495,18-14330-65575,EBAY,,314078198823,CRFF100WH+PHUP1PWRWH,2,15.20,6.49,2026-03-09 18:37:48,so_926407,false
1117496,04-14350-80363,EBAY,,312959065511,CL2TGD,5,16.89,2.89,2026-03-09 18:38:53,so_926407,false
1117502,02-14353-93763,EBAY,,162975561793,CL3TBMAPK,1,24.89,24.89,2026-03-09 18:45:19,led_sone,false
1117503,09-14343-53912,EBAY,,165468260296,ENC3443,1,19.84,21.33,2026-03-09 18:50:25,led_sone,false
1117507,24-14336-84695,EBAY,,267477050030,CRSF100GD+LHTPE27JFG+WCCYSP180GD+LDST45E274,2,41.58,21.89,2026-03-09 18:50:52,electricalsone,false
1117516,05-14349-97390,EBAY,,255943163485,CBSF120,1,5.69,5.69,2026-03-09 19:06:51,vintageinterior,false
1117517,24-14336-97161,EBAY,,163844479887,PSOS2WHBWH,1,7.99,7.99,2026-03-09 19:10:15,led_sone,false
1117523,06-14348-32311,EBAY,,163844479887,PSOS2BMB14BM,1,8.49,8.49,2026-03-09 19:15:47,led_sone,false
1117530,04-14351-09652,EBAY,,163783451223,WCVCBC+RPR44WH,1,8.54,8.99,2026-03-09 19:25:02,led_sone,false
1117531,05-14350-11290,EBAY,,163181575288,LHBPE27BM,1,4.99,4.99,2026-03-09 19:28:34,led_sone,false
1117532,05-14350-11948,EBAY,,166898541107,WBERT29GR2PK,1,5.99,5.99,2026-03-09 19:29:39,led_sone,false
1117534,04-14351-12452,EBAY,,253644949086,LDG80B224,1,5.19,5.19,2026-03-09 19:29:27,vintageinterior,false
1117543,07-14346-93385,EBAY,,163585361443,12IP6710,1,7.89,7.89,2026-03-09 19:36:15,led_sone,false
1117555,22-14325-35287,EBAY,,167783722577,WCBV62BC2PK+SCRN70BC2PK,1,14.99,14.99,2026-03-09 19:50:10,led_sone,false
1117556,02-14354-32634,EBAY,,265973613329,CO123ACL5PK,1,5.49,5.49,2026-03-09 19:46:24,electricalsone,false
1117564,25-14321-12654,EBAY,,266193179938,LDMST64E2743PK,1,13.09,13.09,2026-03-09 19:58:48,electricalsone,false
1117565,17-14332-49132,EBAY,,164093426305,WCB7WH+RPR44WH,4,32.36,8.99,2026-03-09 19:57:47,led_sone,false
1117575,02-14354-41789,EBAY,,265660312592,LDMST64B224,1,5.99,5.99,2026-03-09 20:03:26,electricalsone,false
1117577,10-14342-47952,EBAY,,266200630398,LQK,1,10.99,10.99,2026-03-09 20:07:35,electricalsone,false
1117578,10-14342-47952,EBAY,,266200630398,LQDO,1,8.49,8.49,2026-03-09 20:07:35,electricalsone,false
1117579,19-14329-81460,EBAY,,161782384942,12UK3P1A,1,6.99,6.99,2026-03-09 20:10:13,led_sone,false
1117593,13-14338-67822,EBAY,,266190476182,24IP2072,2,18.58,9.29,2026-03-09 20:21:29,electricalsone,false
1117594,13-14338-67822,EBAY,,266190476182,24IP2048,1,7.60,7.60,2026-03-09 20:21:29,electricalsone,false
1117595,23-14324-17279,EBAY,,264003181832,HLHG120CH3PK,1,4.99,4.99,2026-03-09 20:31:01,electricalsone,false
1117596,09-14344-08563,EBAY,,333813672429,CL3THE3PK,1,9.98,9.98,2026-03-09 20:24:02,re6865,false
1117619,22-14325-61561,EBAY,,126522811807,CRSF100YB+WSSS70YB+LSFT220BG,1,15.39,15.39,2026-03-09 20:43:50,dctransformer,false
1117620,14-14337-15068,EBAY,,313970190858,CRSF100BM,3,20.10,5.99,2026-03-09 20:45:35,so_926407,false
1117629,16-14334-29553,EBAY,,124771480165,LHRIE14WH+CGMLWH,1,5.24,5.24,2026-03-09 20:54:41,dctransformer,false
1117642,17-14332-79433,EBAY,,305698723917,LDMST64E274,1,6.89,6.89,2026-03-09 21:01:23,coventrylights,false
1117643,24-14337-58830,EBAY,,164531216300,LDMST64E274,1,5.49,5.49,2026-03-09 21:07:32,led_sone,false
1117644,25-14321-44411,EBAY,,123875612544,CL3TRO,1,2.60,2.60,2026-03-09 21:06:05,dctransformer,false
1117650,22-14325-75104,EBAY,,266197864846,PSOS2HETBM+ICST64E27,1,18.50,15.49,2026-03-09 21:14:06,electricalsone,false
1117651,21-14326-89058,EBAY,,266188024295,12IP6730,1,12.89,12.89,2026-03-09 21:26:53,electricalsone,false
1117659,21-14326-89058,EBAY,,267068731282,24IP6730,1,11.49,11.49,2026-03-09 21:26:53,electricalsone,false
1117661,25-14321-51884,EBAY,,313484742661,5IP2010,2,13.56,5.49,2026-03-09 21:23:27,so_926407,false
1117662,19-14330-16884,EBAY,,256069710691,ENC3291,2,33.90,17.85,2026-03-09 21:28:14,vintageinterior,false
1117666,21-14326-92969,EBAY,,266865743969,WSSS70GB,1,6.49,6.49,2026-03-09 21:36:26,electricalsone,false
1117675,13-14339-06971,EBAY,,266197864340,PSDS4BMBBM,1,9.99,9.99,2026-03-09 21:50:26,electricalsone,false
1117677,17-14333-01957,EBAY,,317041752574,WCDCBM+RPR44WH,1,9.89,10.99,2026-03-09 21:55:04,so_926407,false
1117678,09-14344-48213,EBAY,,167606378152,CRSF1202WH+PHRN2PCROR2PK,1,15.29,15.29,2026-03-09 21:54:39,led_sone,false
1117679,21-14327-02581,EBAY,,162949535147,LDMG80E274,2,10.42,5.49,2026-03-09 22:00:10,led_sone,false
1117685,25-14321-68699,EBAY,,165616885018,LHC4E27WH3PK,1,9.99,9.99,2026-03-09 22:05:02,led_sone,false
1117686,12-14340-40743,EBAY,,336005897855,PSHYOS4WRWH,1,12.88,12.88,2026-03-09 22:03:21,re6865,false
1117687,10-14342-98664,EBAY,,304786539569,12SAN7,1,7.75,5.12,2026-03-09 22:02:35,coventrylights,false
1117688,15-14335-93048,EBAY,,266630626996,WCB7WH2PK+RPR44WH2PK,1,17.68,15.44,2026-03-09 22:08:10,electricalsone,false
1117705,19-14330-41351,EBAY,,313970196188,PHHR2HETHE,1,12.40,13.33,2026-03-09 22:30:26,so_926407,false
1117706,12-14340-50419,EBAY,,313462209545,PHSF1BMTBM,2,27.62,12.89,2026-03-09 22:28:56,so_926407,false
1117716,06-14349-30487,EBAY,,267068731282,24IP67100,1,21.89,21.89,2026-03-09 22:49:18,electricalsone,false
1117717,06-14349-30487,EBAY,,267068731282,24IP6730,3,34.47,11.49,2026-03-09 22:49:18,electricalsone,false
1117723,01-14356-87626,EBAY,,164598588455,CRSF100BM+LHNSE27BM+SCRN70BA+LSTF40BM,2,31.48,16.57,2026-03-09 22:54:26,led_sone,false
1117724,07-14347-80112,EBAY,,313970190929,LHSHE27RO,1,8.46,5.99,2026-03-09 22:53:00,so_926407,false
1117731,09-14344-78111,EBAY,,265660313956,CL3RIV,8,20.08,2.79,2026-03-09 23:16:50,electricalsone,false
1117732,14-14337-72640,EBAY,,305704637557,LHC4E27WH5PK,1,17.86,15.99,2026-03-09 23:11:07,coventrylights,false
1117737,05-14351-19936,EBAY,,167943434245,CL3TWH5PK,1,12.89,12.89,2026-03-09 23:42:01,led_sone,false
1117738,17-14333-43629,EBAY,,304811578005,LSFT220BL+RPR44WH,1,10.13,10.89,2026-03-09 23:50:14,coventrylights,false
1117741,25-14322-07651,EBAY,,317030316794,CL3TBL5PK,1,15.88,12.99,2026-03-09 23:54:09,so_926407,false
1117743,24-14338-24749,EBAY,,255993451406,HLLK100BMAPK,1,21.89,21.89,2026-03-10 00:03:05,vintageinterior,false
1117750,18-14332-26964,EBAY,,265660312575,WCBKHE+RPR44WH,2,21.36,11.49,2026-03-10 00:41:45,electricalsone,false
1117756,06-14349-74955,EBAY,,265660313956,CL3RIV,1,2.79,2.79,2026-03-10 00:55:33,electricalsone,false
1117757,13-14339-78202,EBAY,,305715611096,WCFWROCO2PK+RPR44WH2PK,1,17.95,18.89,2026-03-10 01:08:15,coventrylights,false
1117771,17-14334-11726,EBAY,,256932904340,WSIWCRBS+LDST45E274,1,23.65,24.89,2026-03-10 03:14:25,vintageinterior,false
1117773,21-14328-13314,EBAY,,335668315804,12UK3P2A+SLW4,1,9.79,9.79,2026-03-10 03:27:30,lighting_sone,false
1117775,04-14353-02233,EBAY,,266196406229,CRFF75WH2PK,1,7.30,7.30,2026-03-10 03:57:54,electricalsone,false
1117779,24-14339-02500,EBAY,,266196406700,CRFF500BM+WCRNBM3PK,1,47.29,47.29,2026-03-10 04:19:21,electricalsone,false
1117804,07-14348-91905,EBAY,,255993451406,HLRK45BMAPK,2,35.50,18.69,2026-03-10 05:09:30,vintageinterior,false
1117828,16-14336-08975,EBAY,,162279200965,CRFF100BM,1,5.49,5.49,2026-03-10 07:23:01,led_sone,false
1117862,07-14349-21602,EBAY,,163678721625,CRSF100GB+LHNSE27GB,2,18.98,9.99,2026-03-10 08:13:53,led_sone,false
1117867,22-14327-56936,EBAY,,336024965034,SPSD88SN,1,4.68,1.79,2026-03-10 08:26:01,lighting_sone,false
1117868,05-14352-46149,EBAY,,164176156205,WLFS220BM,2,28.48,14.99,2026-03-10 08:25:16,led_sone,false
1117875,27-14320-56100,EBAY,,163141760940,CL2TGD5PK,1,10.99,10.99,2026-03-10 08:35:18,led_sone,false
1117883,27-14320-57540,EBAY,,161782384942,12UK3P2A,1,7.89,7.89,2026-03-10 08:42:26,led_sone,false
1117884,09-14346-17462,EBAY,,164389514552,PSDS2BMRBW,1,8.49,8.49,2026-03-10 08:45:14,led_sone,false
1117897,08-14347-52779,EBAY,,334009958806,LSBG136AR+SCRN70FG,1,16.89,16.89,2026-03-10 09:00:46,re6865,false
1117903,03-14354-94902,EBAY,,166883819254,CKVOBC,1,8.49,8.49,2026-03-10 09:07:51,led_sone,false
1117909,25-14323-39945,EBAY,,267288077726,CRFF108CO+LHTKE27CO+ICST64E27,1,10.34,11.49,2026-03-10 09:20:48,electricalsone,false
1117921,14-14339-21123,EBAY,,166353979583,LDCCB2220,1,6.89,7.49,2026-03-10 09:22:32,led_sone,false
1117922,10-14344-72393,EBAY,,164244059825,LHAHE27BM,1,5.49,5.49,2026-03-10 09:24:42,led_sone,false
1117923,03-14354-99400,EBAY,,305698723917,LDMG80B224,2,10.78,5.39,2026-03-10 09:29:31,coventrylights,false
1117924,03-14354-99400,EBAY,,305698723917,LDMST64B224,2,10.02,5.01,2026-03-10 09:29:31,coventrylights,false
1117929,11-14343-45223,EBAY,,316870831969,12IP6710,1,7.34,7.89,2026-03-10 09:34:14,so_926407,false
1117930,06-14350-90557,EBAY,,316797525557,WCDCBM+RPR44WH,1,10.89,10.89,2026-03-10 09:39:43,so_926407,false
1117931,04-14353-62513,EBAY,,164725952794,CRSF100GB+PHUP1PBRGB,1,10.44,10.99,2026-03-10 09:40:32,led_sone,false
1117942,19-14332-10985,EBAY,,255993451406,HLCH96BM3PK,2,13.98,6.99,2026-03-10 09:55:02,vintageinterior,false
1117943,19-14332-10985,EBAY,,255993451406,HLLK60BM3PK,2,10.18,5.09,2026-03-10 09:55:02,vintageinterior,false
1117947,24-14339-63802,EBAY,,167833569765,WCCYSP160BM2PK+RPR44WH2PK,1,18.49,18.49,2026-03-10 10:05:07,led_sone,false
1117951,23-14326-40482,EBAY,,164912592166,LDWWE2715,2,10.42,5.49,2026-03-10 10:11:09,led_sone,false
1117952,18-14333-56292,EBAY,,165628143783,CCBKNWE12,4,20.48,5.69,2026-03-10 10:18:13,led_sone,false
1117961,05-14352-72597,EBAY,,166898541107,WBERT29RE3PK,1,6.99,6.99,2026-03-10 10:28:47,led_sone,false
1117966,20-14330-64084,EBAY,,164055884914,LSLT360BM+RPR44WH,1,9.99,9.99,2026-03-10 10:31:35,led_sone,false
1117972,13-14341-03974,EBAY,,167943434245,CL3TBM5PK,1,12.89,12.89,2026-03-10 10:43:41,led_sone,false
1117973,14-14339-40224,EBAY,,317044944340,COS93BM5PK,1,25.01,26.89,2026-03-10 10:46:12,so_926407,false
1117983,02-14356-91127,EBAY,,163693940389,CBSF135,1,5.49,5.49,2026-03-10 10:59:48,led_sone,false
1117989,23-14326-54313,EBAY,,266027916399,LHBRE27BM,1,5.22,5.49,2026-03-10 11:07:37,electricalsone,false
1117997,09-14346-51229,EBAY,,266223215729,LSCY290YB+RPR44WH,1,16.89,16.89,2026-03-10 11:13:59,electricalsone,false
1117998,16-14336-57644,EBAY,,267383852713,LSMCSQWYBL+RPM40WH,1,22.89,22.89,2026-03-10 11:14:22,electricalsone,false
1118000,24-14339-82617,EBAY,,304799846998,CODL232AGYAPK,1,8.06,8.67,2026-03-10 11:21:22,coventrylights,false
1118002,21-14329-05920,EBAY,,164492030061,CL3TGL,2,6.58,3.29,2026-03-10 11:25:22,led_sone,false
1118003,14-14339-49735,EBAY,,266190303273,12UK3P2A+SLW8,1,11.58,12.19,2026-03-10 11:23:26,electricalsone,false
1118004,01-14358-75564,EBAY,,313484742661,12IP2060,5,52.89,10.89,2026-03-10 11:28:58,so_926407,false
1118017,04-14353-95442,EBAY,,166898541107,WBERT29RE3PK,1,6.99,6.99,2026-03-10 11:52:35,led_sone,false
1118018,14-14339-59938,EBAY,,162444501654,LDMG95E2742PK,4,33.16,8.29,2026-03-10 12:00:13,led_sone,false
1118020,22-14328-04652,EBAY,,267120297665,LDMC35E1422PK,1,6.17,6.49,2026-03-10 11:51:47,electricalsone,false
1118029,15-14338-04775,EBAY,,162975561793,CL3TBM2PK,1,5.49,5.49,2026-03-10 12:05:59,led_sone,false
1118039,13-14341-28580,EBAY,,313614825900,12IP6720,1,11.25,8.99,2026-03-10 12:13:51,so_926407,false
1118051,02-14357-13842,EBAY,,162949535147,LDMG80E274,1,5.49,5.49,2026-03-10 12:21:05,led_sone,false
1118057,23-14326-82671,EBAY,,166832831126,SPSPPI,1,2.89,2.89,2026-03-10 12:45:38,led_sone,false
1118072,25-14323-95552,EBAY,,266194586886,CL3TBMAPK,2,45.38,23.89,2026-03-10 12:53:15,electricalsone,false
1118073,13-14341-43080,EBAY,,164914367042,12IP2015,2,10.42,5.49,2026-03-10 12:59:57,led_sone,false
1118086,09-14346-95927,EBAY,,167734616067,LSSS300BG+RPR44WH,1,13.89,13.89,2026-03-10 13:38:41,led_sone,false
1118087,08-14348-24290,EBAY,,164641619371,CO1215ACLAPK,1,8.36,8.99,2026-03-10 13:27:27,led_sone,false
1118088,21-14329-44393,EBAY,,163481444917,LHSHE27SN,1,5.49,5.49,2026-03-10 13:29:28,led_sone,false
1118097,23-14326-98629,EBAY,,163693940389,CBSF95,1,4.99,4.99,2026-03-10 13:32:42,led_sone,false
1118098,09-14346-95927,EBAY,,165479339052,CRSF100BM+PHHT1PBRBM+ICST64E27,1,11.89,11.89,2026-03-10 13:38:41,led_sone,false
1118107,19-14332-77512,EBAY,,256487880217,WCWDBM+RPR44WH,1,8.15,8.58,2026-03-10 13:46:21,vintageinterior,false
1118108,11-14344-17167,EBAY,,265831892059,12UK3PON,1,5.49,5.49,2026-03-10 13:48:45,electricalsone,false
1118109,14-14339-93017,EBAY,,164492030061,CL3TCR,2,4.32,2.16,2026-03-10 13:41:51,led_sone,false
1118110,07-14350-07712,EBAY,,163585361443,12IP67150,4,107.60,29.89,2026-03-10 13:43:00,led_sone,false
1118116,06-14351-63832,EBAY,,317803727533,WCCYSP160BM2PK+RPR44WH2PK,1,17.90,19.89,2026-03-10 13:55:00,so_926407,false
1118120,05-14353-35218,EBAY,,265660313935,PSDS2WHBWH,1,8.99,8.99,2026-03-10 13:56:12,electricalsone,false
1118128,19-14332-85687,EBAY,,167565749301,CCBKNWE18,1,6.89,6.89,2026-03-10 14:08:17,led_sone,false
1118129,14-14340-02619,EBAY,,305698723917,LDMST64E278,1,8.89,8.89,2026-03-10 14:07:51,coventrylights,false
1118130,01-14359-27937,EBAY,,267213906251,CCBKNWE25,1,8.19,8.19,2026-03-10 14:10:15,electricalsone,false
1118138,05-14353-45237,EBAY,,314048304963,CRFF140BM+WSFSBA+ICST64E27,1,11.28,12.53,2026-03-10 14:22:39,so_926407,false
1118147,08-14348-50826,EBAY,,168209967467,SPPGUK3PBM4PK,1,5.79,5.79,2026-03-10 14:38:17,led_sone,false
1118160,23-14327-31348,EBAY,,316836925160,CL2TBK,2,6.62,3.49,2026-03-10 14:58:31,so_926407,false
1118161,26-14322-84915,EBAY,,167943442329,CL2TRE,11,22.44,2.27,2026-03-10 14:51:49,led_sone,false
1118162,07-14350-34312,EBAY,,163841554029,LHNSE27BM,1,9.99,9.99,2026-03-10 14:52:41,led_sone,false
1118169,09-14347-29960,EBAY,,306343677721,PSHYOS4BRBM,1,14.05,11.89,2026-03-10 15:07:07,coventrylights,false
1118170,24-14340-58861,EBAY,,163507304296,RPM40BM2PK,1,4.99,4.99,2026-03-10 15:05:40,led_sone,false
1118172,09-14347-30565,EBAY,,162799417330,12IP20100,1,13.29,13.99,2026-03-10 15:08:44,led_sone,false
1118180,08-14348-68060,EBAY,,266027916399,LHRTE27WH,1,4.65,4.89,2026-03-10 15:20:33,electricalsone,false
1118181,27-14321-73100,EBAY,,304786411657,PHSF1BWRSN,1,8.60,9.25,2026-03-10 15:13:31,coventrylights,false
1118191,01-14359-57023,EBAY,,167833569765,WCCYSP160BM2PK+RPR44WH2PK,1,18.49,18.49,2026-03-10 15:21:50,led_sone,false
1118192,22-14328-84003,EBAY,,164492030061,CL3TLB,2,5.98,2.99,2026-03-10 15:30:03,led_sone,false
1118202,21-14330-00942,EBAY,,315506602283,12UK3P1A+SLW4,2,17.36,7.49,2026-03-10 15:49:53,so_926407,false
1118208,17-14336-03610,EBAY,,304786539461,12BO18,1,8.16,8.59,2026-03-10 15:53:06,coventrylights,false
1118209,08-14348-86166,EBAY,,304816175044,WCB5BM+RPR44WH,1,10.13,10.89,2026-03-10 16:00:49,coventrylights,false
1118210,07-14350-59979,EBAY,,162562112782,12MIP2025,10,58.40,6.49,2026-03-10 15:51:31,led_sone,false
1118211,22-14328-95523,EBAY,,165448760759,PSOS2RBWCH,1,10.22,10.99,2026-03-10 15:57:54,led_sone,false
1118218,15-14338-96757,EBAY,,335739191337,LHSHE27BY,1,5.74,5.74,2026-03-10 16:10:00,lighting_sone,false
1118219,19-14333-35826,EBAY,,255943163517,SOTB1GTK,2,14.98,7.89,2026-03-10 16:09:00,vintageinterior,false
1118220,10-14346-02388,EBAY,,315247428842,LHPVE27BM,1,7.88,4.99,2026-03-10 16:04:43,so_926407,false
1118221,21-14330-07221,EBAY,,163026833305,LDMC35E144,2,10.42,5.49,2026-03-10 16:05:08,led_sone,false
1118228,04-14354-95132,EBAY,,253946728059,CRSF100CH+PHUP1PCRCH,1,8.19,8.19,2026-03-10 16:19:36,vintageinterior,false
1118229,24-14340-90633,EBAY,,255997924998,CL3TBK,3,8.88,3.19,2026-03-10 16:19:02,vintageinterior,false
1118230,15-14339-00648,EBAY,,306300532097,LHRIE14BM3PK,1,9.34,9.34,2026-03-10 16:19:11,coventrylights,false
1118231,15-14339-00648,EBAY,,306300532097,LHRIE14WH3PK,1,9.34,9.34,2026-03-10 16:19:11,coventrylights,false
1118235,17-14336-19135,EBAY,,164914367042,24IP2024,10,62.90,6.99,2026-03-10 16:30:14,led_sone,false
1118238,13-14342-29163,EBAY,,267368074814,LDDCFLE145,1,3.09,3.09,2026-03-10 16:36:56,electricalsone,false
1118239,06-14352-28780,EBAY,,163693940389,CBSF60,1,4.99,4.99,2026-03-10 16:32:16,led_sone,false
1118240,21-14330-19366,EBAY,,253178071065,5IP2030,1,7.88,8.29,2026-03-10 16:34:10,vintageinterior,false
1118244,06-14352-34340,EBAY,,162949535147,LDMG80E274,8,39.52,5.49,2026-03-10 16:45:33,led_sone,false
1118245,02-14358-17746,EBAY,,165870123497,LDMG125E2782PK,1,14.89,14.89,2026-03-10 16:49:08,led_sone,false
1118246,26-14323-34970,EBAY,,165561143431,LSCY290RE+RPR44WH,2,20.88,10.99,2026-03-10 16:48:31,led_sone,false
1118247,23-14327-79438,EBAY,,165201467647,12IP2040,1,8.99,8.99,2026-03-10 16:49:43,led_sone,false
1118254,12-14343-64188,EBAY,,304798732020,CRSF100WH+PHCH1PWRSWH+LSMS320WH,1,15.71,16.89,2026-03-10 16:51:54,coventrylights,false
1118255,09-14347-76181,EBAY,,304785682105,CRSF100BM+PHBK1PBRBA,3,25.48,7.89,2026-03-10 16:53:31,coventrylights,false
1118257,09-14347-75089,EBAY,,127362491738,CRSF100BM+LHTTE27BM,1,8.29,8.29,2026-03-10 16:51:00,dctransformer,false
1118258,13-14342-38138,EBAY,,316797525557,WCWODSBM+RPR44WH,1,9.89,9.89,2026-03-10 16:57:23,so_926407,false
1118259,14-14340-72960,EBAY,,256511119337,CL2THE2PK,1,8.18,5.29,2026-03-10 16:55:39,vintageinterior,false
1118263,26-14323-40474,EBAY,,162276028284,12IP6724,1,10.44,10.99,2026-03-10 17:01:36,led_sone,false
1118264,05-14354-12530,EBAY,,164261730528,12BO18,1,8.59,8.59,2026-03-10 17:02:03,led_sone,false
1118265,01-14360-03383,EBAY,,164492030061,CL2TBM,1,2.80,2.80,2026-03-10 17:08:53,led_sone,false
1118273,18-14335-04849,EBAY,,316972603870,CL2RRO5PK,1,9.99,9.99,2026-03-10 17:16:43,so_926407,false
1118274,23-14327-92738,EBAY,,255943162150,LHC5E27WH3PK,5,41.70,9.27,2026-03-10 17:20:29,vintageinterior,false
1118277,15-14339-24849,EBAY,,266188029327,CCBC18,1,6.17,6.49,2026-03-10 17:15:11,electricalsone,false
1118278,01-14360-06867,EBAY,,167403486899,LDST45E274,1,9.99,9.99,2026-03-10 17:16:58,led_sone,false
1118279,01-14360-06867,EBAY,,162890913600,LDMT45B224,1,5.49,5.49,2026-03-10 17:16:58,led_sone,false
1118280,01-14360-06867,EBAY,,162553025729,LDMG95E278,1,7.49,7.49,2026-03-10 17:16:58,led_sone,false
1118281,27-14322-28093,EBAY,,164725952794,CRFF100CO+PHUP1PBRCO,2,17.08,8.99,2026-03-10 17:20:03,led_sone,false
1118288,19-14333-68615,EBAY,,317030316794,CL3TGL2PK,1,8.38,5.49,2026-03-10 17:25:04,so_926407,false
1118300,06-14352-62228,EBAY,,313970190875,ENC842,1,21.29,22.89,2026-03-10 17:50:08,so_926407,false
1118301,19-14333-76873,EBAY,,266188024005,CCBKNWE36,1,8.36,8.99,2026-03-10 17:44:59,electricalsone,false
1118302,04-14355-32411,EBAY,,256487880217,WCWDBM+RPR44WH,3,23.94,8.58,2026-03-10 17:46:22,vintageinterior,false
1118309,14-14341-00478,EBAY,,317592404278,SPSPWH,2,8.62,2.89,2026-03-10 18:00:47,so_926407,false
1118312,08-14349-39698,EBAY,,304806096153,CRSF100SN+WSNW170SN+SCRN70SN+LSFT220SN,4,64.40,17.89,2026-03-10 18:06:47,coventrylights,false
1118327,19-14333-93158,EBAY,,164886581739,CCBC3,1,4.99,4.99,2026-03-10 18:23:51,led_sone,false
1118328,21-14330-66091,EBAY,,163481444917,PHSF1GDTYB,4,39.56,10.99,2026-03-10 18:24:03,led_sone,false
1118337,27-14322-58882,EBAY,,267073162939,LDMG95E274,1,6.64,6.99,2026-03-10 18:33:30,electricalsone,false
1118338,15-14339-57819,EBAY,,123816674032,LDMG125B228,1,8.89,8.89,2026-03-10 18:33:41,dctransformer,false
1118345,15-14339-60867,EBAY,,162889183073,CRSF108FG,4,19.76,5.49,2026-03-10 18:40:53,led_sone,false
1118346,25-14325-38109,EBAY,,164492030061,CL2TGR,3,8.07,2.69,2026-03-10 18:45:11,led_sone,false
1118359,05-14354-62731,EBAY,,267192693105,PHSF2BMTBM2PK,1,18.69,18.69,2026-03-10 19:00:43,electricalsone,false
1118360,05-14354-62731,EBAY,,267192693105,PHSF2BMTBM,1,10.49,10.49,2026-03-10 19:00:43,electricalsone,false
1118365,04-14355-67522,EBAY,,256487880217,WCWDCH+RPR44WH,2,16.30,8.58,2026-03-10 19:09:18,vintageinterior,false
1118371,11-14345-52950,EBAY,,305541421379,CL2RBM2PK,1,5.60,5.89,2026-03-10 19:13:12,coventrylights,false
1118372,08-14349-69251,EBAY,,306369732933,12IP2036,10,61.70,6.86,2026-03-10 19:16:22,coventrylights,false
1118377,18-14335-61363,EBAY,,162830271380,12BO72,1,15.14,16.28,2026-03-10 19:30:15,led_sone,false
1118387,05-14354-82176,EBAY,,304901239172,PLADBC,1,42.40,45.59,2026-03-10 19:46:08,coventrylights,false
1118388,06-14353-11583,EBAY,,265997866256,CCBKNWE48,1,6.97,7.49,2026-03-10 19:46:19,electricalsone,false
1118393,07-14351-64061,EBAY,,267236102729,LDWWB2215,1,6.99,6.99,2026-03-10 19:55:56,electricalsone,false
1118397,11-14345-75402,EBAY,,305682162344,LSCY290OR+RPR44WH,1,13.20,13.89,2026-03-10 20:05:31,coventrylights,false
1118398,13-14343-19441,EBAY,,306449126694,TSTLRUSRB2PK,1,15.07,12.99,2026-03-10 20:08:42,coventrylights,false
1118408,18-14335-82387,EBAY,,164261730528,12BO48,8,107.20,14.89,2026-03-10 20:19:08,led_sone,false
1118417,21-14331-19726,EBAY,,167610257580,LHTTAGU10BM,4,25.16,6.99,2026-03-10 20:28:50,led_sone,false
1118423,26-14324-30308,EBAY,,266190476182,5IP2050,1,8.49,8.49,2026-03-10 20:32:39,electricalsone,false
1118425,17-14337-24978,EBAY,,255943163530,5IP20100,1,13.99,13.99,2026-03-10 20:37:56,vintageinterior,false
1118429,03-14357-47583,EBAY,,304813856521,PSOS2WHBWH,1,10.42,7.99,2026-03-10 20:45:09,coventrylights,false
1118434,19-14334-57611,EBAY,,126330031599,TSLTRE,1,5.89,5.89,2026-03-10 20:54:52,dctransformer,false
1118439,27-14323-25127,EBAY,,305698723917,LDMST64E274,1,6.89,6.89,2026-03-10 21:09:31,coventrylights,false
1118440,19-14334-60614,EBAY,,166173994461,SPSDP2WH,1,6.49,6.49,2026-03-10 21:01:59,led_sone,false
1118441,19-14334-60834,EBAY,,163693940389,CBSF75,1,4.99,4.99,2026-03-10 21:02:33,led_sone,false
1118442,07-14351-94942,EBAY,,162603277373,WCVCBM+RPR44WH,2,19.78,9.89,2026-03-10 21:09:37,led_sone,false
1118443,07-14351-94942,EBAY,,164389514552,PSDS2BMRGY+ICST64E2740,2,29.78,14.89,2026-03-10 21:09:37,led_sone,false
1118449,21-14331-39302,EBAY,,306398009096,PSDS2BMB14BM,1,7.43,7.99,2026-03-10 21:16:31,coventrylights,false
1118450,16-14338-94792,EBAY,,333619244843,CRSF100YB+LHNSE27YB+SCRN70YB+LSTF40YB+ICST64E2740,1,16.91,18.79,2026-03-10 21:18:11,re6865,false
1118463,22-14330-37327,EBAY,,317917531854,CL3THEAPK,1,19.46,21.15,2026-03-10 21:33:30,so_926407,false
1118465,19-14334-72849,EBAY,,167501037163,ENC8046,8,94.96,13.19,2026-03-10 21:33:04,led_sone,false
1118466,03-14357-69291,EBAY,,124703922577,24IP2048,1,7.99,7.99,2026-03-10 21:39:34,dctransformer,false
1118478,18-14336-21622,EBAY,,167579466380,CRFF100GB+PHUP1PBRGB+ICST64E27,1,9.29,9.29,2026-03-10 21:57:23,led_sone,false
1118484,17-14337-58733,EBAY,,122807202383,SLW6,1,8.31,5.42,2026-03-10 22:04:29,dctransformer,false
1118487,15-14340-50025,EBAY,,163205266658,CCBKNWE18,10,62.00,6.89,2026-03-10 22:18:33,led_sone,false
1118493,14-14342-13617,EBAY,,163507304296,RPM40BM2PK,4,17.96,4.99,2026-03-10 22:38:59,led_sone,false
1118494,26-14324-77802,EBAY,,267213772077,24IP20120,1,14.89,14.89,2026-03-10 22:36:42,electricalsone,false
1118504,22-14330-64964,EBAY,,265750044855,CL2TGL,2,4.30,2.27,2026-03-10 22:50:49,electricalsone,false
1118509,17-14337-80972,EBAY,,126396451888,WCVCBM+RPR44WH,2,18.78,9.89,2026-03-10 23:09:31,dctransformer,false
1118525,01-14361-59481,EBAY,,164780863231,PCRNSR2PK,1,6.49,6.49,2026-03-10 23:41:23,led_sone,false
1118530,08-14350-74843,EBAY,,162562112782,12IP2024,2,13.28,6.99,2026-03-10 23:52:56,led_sone,false
1118542,19-14335-42762,EBAY,,167833569765,WCCYSP160GD,1,11.49,11.49,2026-03-11 00:58:47,led_sone,false
1118543,09-14349-62873,EBAY,,127362491738,CRSF100GG+LHTTE27GG,2,16.58,8.29,2026-03-11 00:55:23,dctransformer,false
1118549,19-14335-61151,EBAY,,255993451406,HLLK100BM5PK,1,12.89,12.89,2026-03-11 01:52:34,vintageinterior,false
1118550,19-14335-61151,EBAY,,255993451406,HLLK75BM3PK,2,10.18,5.09,2026-03-11 01:52:34,vintageinterior,false
1118551,12-14345-73888,EBAY,,161782384942,12UK3P8A,1,13.85,13.85,2026-03-11 02:00:56,led_sone,false
1118563,09-14350-13819,EBAY,,161782384942,12UK3P5A,1,11.98,11.98,2026-03-11 03:43:53,led_sone,false
1118583,09-14350-19468,EBAY,,163438448120,CL3RRE5PK,1,10.99,10.99,2026-03-11 04:10:32,led_sone,false
1118589,22-14331-67463,EBAY,,164492030061,CL2TBR,2,5.98,2.99,2026-03-11 04:40:33,led_sone,false
1118599,04-14357-78830,EBAY,,267284134030,CL3RCR,3,7.50,2.69,2026-03-11 06:48:46,electricalsone,false
1118600,12-14346-33585,EBAY,,315428622232,CRSF100GS+WSWH135BM+LSHQ150GR,1,13.48,14.49,2026-03-11 06:49:42,so_926407,false
1118607,17-14339-00031,EBAY,,123240438257,LHGU10SK2PK,1,3.77,3.77,2026-03-11 07:06:37,dctransformer,false
1118619,20-14334-84357,EBAY,,304785678278,LDMST64B2243PK,4,32.50,7.99,2026-03-11 07:57:15,coventrylights,false
1118624,18-14337-84665,EBAY,,267213772077,12IP2060,6,58.80,10.89,2026-03-11 08:07:50,electricalsone,false
1118625,02-14361-09147,EBAY,,165452014120,LHRIE14WH,1,4.99,4.99,2026-03-11 08:05:12,led_sone,false
1118629,19-14336-48747,EBAY,,255943163408,CGCEBM5PK,2,11.00,5.79,2026-03-11 08:20:44,vintageinterior,false
1118630,14-14343-65230,EBAY,,166032301756,LHSHE27CO,1,5.49,5.49,2026-03-11 08:18:03,led_sone,false
1118653,16-14340-86623,EBAY,,165431587622,LSDM220RO+RPR44WH,2,18.98,9.99,2026-03-11 09:01:17,led_sone,false
1118654,08-14352-14500,EBAY,,164908536180,LSCG185AR+SCRN70FG,1,16.80,16.80,2026-03-11 09:08:57,led_sone,false
1118658,11-14348-00791,EBAY,,165634844757,LDMC35E144APK,1,29.89,29.89,2026-03-11 09:16:51,led_sone,false
1118659,26-14326-43725,EBAY,,165675520730,12UK3P10A,1,16.99,16.99,2026-03-11 09:20:16,led_sone,false
1118665,21-14333-36967,EBAY,,253064185648,WJB25PK,1,16.89,16.89,2026-03-11 09:29:20,vintageinterior,false
1118666,23-14330-88849,EBAY,,123213621352,CCIP6712,10,90.20,10.03,2026-03-11 09:25:01,dctransformer,false
1118667,01-14363-07377,EBAY,,267213906251,CCGNNWE60,4,32.36,8.99,2026-03-11 09:25:08,electricalsone,false
1118672,19-14336-65944,EBAY,,254348058736,PSOS2BMB14BM,1,8.99,8.99,2026-03-11 09:36:21,vintageinterior,false
1118673,10-14349-35352,EBAY,,166173994461,SPSDP2BM,2,12.32,6.49,2026-03-11 09:40:07,led_sone,false
1118684,25-14328-02054,EBAY,,266223215729,LSCY290WH+RPR44WH,1,12.29,12.29,2026-03-11 09:40:55,electricalsone,false
1118691,25-14328-05782,EBAY,,163038078317,12IP20240,1,22.89,22.89,2026-03-11 09:57:48,led_sone,false
1118692,10-14349-39148,EBAY,,164725952794,CRFF100BM+PHUP1PBRBM,1,10.73,11.29,2026-03-11 09:57:36,led_sone,false
1118700,13-14345-56009,EBAY,,162799417330,12IP2080,1,9.49,9.99,2026-03-11 10:14:07,led_sone,false
1118701,13-14345-57334,EBAY,,164055884914,LSLT360BS+RPR44WH,1,9.99,9.99,2026-03-11 10:19:40,led_sone,false
1118706,08-14352-31233,EBAY,,313527919541,LHEDE27GD,1,5.49,5.49,2026-03-11 10:25:01,so_926407,false
1118707,03-14359-73148,EBAY,,266197864707,PSOS2BMB14BM,1,7.47,7.47,2026-03-11 10:29:31,electricalsone,false
1118719,17-14339-55511,EBAY,,164261730528,12BO18,2,16.32,8.59,2026-03-11 10:43:23,led_sone,false
1118720,18-14338-21287,EBAY,,336024965034,SPSD78GD,1,4.68,1.79,2026-03-11 10:42:59,lighting_sone,false
1118721,18-14338-21189,EBAY,,256487880217,WCWDBM+RPR44WH,1,8.15,8.58,2026-03-11 10:42:37,vintageinterior,false
1118729,14-14344-00877,EBAY,,163122991975,CL3RBR5PK,1,10.99,10.99,2026-03-11 10:52:05,led_sone,false
1118735,10-14349-54656,EBAY,,164914367042,5IP2028,1,5.49,5.49,2026-03-11 11:02:03,led_sone,false
1118736,17-14339-60450,EBAY,,164914367042,12IP20302PK,1,10.29,10.29,2026-03-11 11:02:15,led_sone,false
1118737,04-14358-44598,EBAY,,253794748665,LHC2E27WH2PK,2,19.39,8.69,2026-03-11 11:10:41,vintageinterior,false
1118753,21-14333-61442,EBAY,,164817813304,12IP67100,1,21.89,21.89,2026-03-11 11:12:13,led_sone,false
1118755,05-14357-45546,EBAY,,335112459353,WCBNBC,1,8.59,8.59,2026-03-11 11:18:43,re6865,false
1118765,10-14349-61936,EBAY,,255943163485,CBSF100,1,5.49,5.49,2026-03-11 11:28:17,vintageinterior,false
1118776,25-14328-30327,EBAY,,164169967297,WJB22PK,1,6.89,6.89,2026-03-11 11:33:27,led_sone,false
1118795,23-14331-25878,EBAY,,267340970424,CL2RBM3PK,1,4.27,4.27,2026-03-11 11:51:27,electricalsone,false
1118796,04-14358-57425,EBAY,,166915140274,LSOL180BM2PK+RPR44WH2PK,1,14.85,14.85,2026-03-11 11:53:26,led_sone,false
1118804,27-14325-65445,EBAY,,164279909548,PSDS4RGY,1,12.25,12.89,2026-03-11 12:06:35,led_sone,false
1118811,01-14363-53182,EBAY,,316886123786,CL2TIV,3,10.89,2.69,2026-03-11 12:19:21,so_926407,false
1118812,27-14325-67752,EBAY,,161782384942,12UK3P5A,1,11.98,11.98,2026-03-11 12:13:57,led_sone,false
1118822,08-14352-63861,EBAY,,266188029327,CCBC5,1,5.22,5.49,2026-03-11 12:20:40,electricalsone,false
1118823,12-14347-23804,EBAY,,313614825876,CRFF100CO,2,11.78,5.89,2026-03-11 12:32:34,so_926407,false
1118824,09-14351-31877,EBAY,,168042902689,CRSF2003CH+LHTMGU10CH3PK+LDGU10CW53PK,1,21.89,21.89,2026-03-11 12:22:27,led_sone,false
1118826,06-14355-95126,EBAY,,162975561793,CL3TLB2PK,1,5.49,5.49,2026-03-11 12:26:25,led_sone,false
1118829,12-14347-23804,EBAY,,317030316794,CL3TGRAPK,1,22.89,22.89,2026-03-11 12:32:34,so_926407,false
1118830,02-14361-79907,EBAY,,314264894288,CRSF100BM+PHHS1PBRBM+LSLT360BI+ICST64E27,2,41.38,22.99,2026-03-11 12:35:08,so_926407,false
1118831,08-14352-69044,EBAY,,317913796183,LSWE315BU,1,12.29,12.29,2026-03-11 12:36:39,so_926407,false
1118834,26-14326-98666,EBAY,,162553025729,LDMC35E1425PK,2,24.48,12.89,2026-03-11 12:45:20,led_sone,false
1118835,21-14333-90061,EBAY,,162702901154,CL2TBM,10,28.70,3.19,2026-03-11 12:45:07,led_sone,false
1118843,23-14331-44935,EBAY,,267404873403,LSCY290BM+RPR44WH,2,30.18,15.89,2026-03-11 12:51:51,electricalsone,false
1118844,08-14352-75115,EBAY,,164525233292,LSDO210BI+RPR44WH,1,9.49,9.99,2026-03-11 12:54:53,led_sone,false
1118845,25-14328-56555,EBAY,,313462209545,PHSF1AGTGB,2,23.06,10.49,2026-03-11 12:56:44,so_926407,false
1118856,23-14331-53575,EBAY,,164261730528,12BO48,1,14.89,14.89,2026-03-11 13:14:02,led_sone,false
1118871,18-14338-71190,EBAY,,267192693105,PHSF2BMTBM,1,9.76,10.49,2026-03-11 13:21:13,electricalsone,false
1118880,21-14334-10307,EBAY,,266630626996,WCB7WH+RPR44WH,1,8.54,8.99,2026-03-11 13:40:16,electricalsone,false
1118881,12-14347-46684,EBAY,,255943162124,PSOS2HETBM,1,10.73,11.29,2026-03-11 13:35:55,vintageinterior,false
1118882,01-14363-79812,EBAY,,165368832209,12IP2015,1,5.49,5.49,2026-03-11 13:34:42,led_sone,false
1118893,07-14354-71715,EBAY,,123816674204,LDMST64B224,1,5.09,5.09,2026-03-11 13:45:13,dctransformer,false
1118894,19-14337-41363,EBAY,,164006555006,LSFT220BM+RPR44WH,1,10.44,10.99,2026-03-11 13:49:24,led_sone,false
1118904,03-14360-40248,EBAY,,306398009096,PSDS2BMB14BM+ICC35E1460,1,9.48,10.19,2026-03-11 13:58:40,coventrylights,false
1118905,08-14352-99461,EBAY,,317979913894,ENC9522,1,8.68,5.79,2026-03-11 13:59:11,so_926407,false
1118906,12-14347-52066,EBAY,,163038078317,12IP20400,1,25.89,25.89,2026-03-11 13:50:56,led_sone,false
1118907,19-14337-43483,EBAY,,164918700234,CRFF500BM+PHNW1RBM3PK,1,34.86,37.89,2026-03-11 13:55:15,led_sone,false
1118916,03-14360-49103,EBAY,,162889183073,CRSF100CO,1,5.49,5.49,2026-03-11 14:20:35,led_sone,false
1118918,15-14343-11179,EBAY,,306321116499,LHPOE27SN2PK,5,43.99,8.89,2026-03-11 14:12:05,coventrylights,false
1118923,11-14348-96269,EBAY,,256570260720,LSCY210BM+RPR44WH,1,8.83,9.29,2026-03-11 14:30:17,vintageinterior,false
1118924,15-14343-14471,EBAY,,164725952794,CRFF100BM+PHUP1PBRBM,1,10.73,11.29,2026-03-11 14:20:51,led_sone,false
1118925,23-14331-81537,EBAY,,166898541107,WBERT29BL2PK,1,5.99,5.99,2026-03-11 14:28:00,led_sone,false
1118931,13-14346-42747,EBAY,,315468801676,CRSF108GB+WSST70GB,1,10.79,8.49,2026-03-11 14:39:03,so_926407,false
1118932,18-14338-99738,EBAY,,266194425010,LDMST64B228,2,11.38,5.99,2026-03-11 14:36:01,electricalsone,false
1118933,19-14337-60430,EBAY,,266960395129,WCWDRO+RPR44WH,1,8.99,8.99,2026-03-11 14:37:23,electricalsone,false
1118942,19-14337-65399,EBAY,,164261730528,12BO18,6,46.38,8.59,2026-03-11 14:49:52,led_sone,false
1118948,21-14334-70613,EBAY,,254886123331,CRSF100CH,6,30.54,5.09,2026-03-11 16:07:24,vintageinterior,false
1118949,04-14359-21581,EBAY,,266188024144,12IP67350,1,50.89,50.89,2026-03-11 14:55:39,electricalsone,false
1118959,17-14340-47038,EBAY,,306398009096,PSDS2BMB14BM,1,7.43,7.99,2026-03-11 15:08:50,coventrylights,false
1118960,20-14336-14610,EBAY,,164725952794,CRFF100CH+PHUP1PCRCH,1,10.44,10.99,2026-03-11 15:03:53,led_sone,false
1118968,15-14343-38234,EBAY,,315287058811,CRFF105RO,1,8.58,5.99,2026-03-11 15:18:48,so_926407,false
1118969,08-14353-27737,EBAY,,164261730528,12BO18,1,8.59,8.59,2026-03-11 15:11:05,led_sone,false
1118970,24-14345-23428,EBAY,,167874397098,LDCWA55B2256PK,1,8.99,8.99,2026-03-11 15:11:26,led_sone,false
1118977,24-14345-29368,EBAY,,266194914422,5IP20102PK,1,6.62,6.62,2026-03-11 15:22:25,electricalsone,false
1118998,10-14350-55018,EBAY,,162553025729,LDMST64E2762PK,1,7.59,7.99,2026-03-11 15:38:51,led_sone,false
1119004,15-14343-54457,EBAY,,126396451888,WCBNBM+RPR44WH,10,74.70,8.79,2026-03-11 15:56:53,dctransformer,false
1119011,21-14334-70613,EBAY,,254886123331,CRSF100CH,1,5.09,5.09,2026-03-11 16:07:24,vintageinterior,false
1119023,05-14358-56019,EBAY,,163983716628,PLDMRR,2,41.78,20.89,2026-03-11 16:14:43,led_sone,false
1119024,05-14358-56019,EBAY,,165176210170,PLHLRR,6,107.34,17.89,2026-03-11 16:14:43,led_sone,false
1119025,05-14358-56019,EBAY,,165176210170,PLHWRR,5,101.90,20.38,2026-03-11 16:14:43,led_sone,false
1119029,01-14364-50560,EBAY,,304949367335,LSWE315GR,1,10.86,12.07,2026-03-11 16:27:10,coventrylights,false
1119035,12-14348-21337,EBAY,,162975561793,CL3TAG2PK,1,5.49,5.49,2026-03-11 16:37:38,led_sone,false
1119036,23-14332-36738,EBAY,,304806215764,CRSF100BM+WSTR135BM+LSCY210BG,2,29.90,16.08,2026-03-11 16:38:59,coventrylights,false
1119042,22-14333-79608,EBAY,,253794748665,LHC6E27WH,1,8.78,5.89,2026-03-11 16:48:11,vintageinterior,false
1119043,14-14345-30145,EBAY,,162562112782,24IP2048,1,9.49,9.99,2026-03-11 16:41:28,led_sone,false
1119049,09-14352-41686,EBAY,,167833569765,WCCYSP160GD2PK,2,36.38,18.19,2026-03-11 16:59:17,led_sone,false
1119050,09-14352-42268,EBAY,,265750044855,CL2RBR,3,8.04,2.89,2026-03-11 17:00:39,electricalsone,false
1119058,27-14326-84150,EBAY,,166898522941,WCCY1ROBM,1,21.89,21.89,2026-03-11 17:08:46,led_sone,false
1119059,27-14326-84150,EBAY,,166898522941,CRFF500BM+WCCY1ROBM3PK,1,48.09,48.09,2026-03-11 17:08:46,led_sone,false
1119060,05-14358-76824,EBAY,,267120297665,LDMG95E278,1,6.93,7.29,2026-03-11 17:03:43,electricalsone,false
1119061,17-14340-97246,EBAY,,266196533799,LSDO210OR+RPR44WH,1,11.49,11.49,2026-03-11 17:06:20,electricalsone,false
1119062,17-14340-97246,EBAY,,266196533799,LSDO210OR+RPR44WH,1,11.49,11.49,2026-03-11 17:06:20,electricalsone,false
1119063,14-14345-41273,EBAY,,315305616973,LSCY210BG+RPR44WH,1,11.25,8.99,2026-03-11 17:08:20,so_926407,false
1119064,19-14338-21784,EBAY,,334041026482,CRSF100BB+PHCH1PBRBB,1,6.95,6.95,2026-03-11 17:03:21,re6865,false
1119068,06-14357-12257,EBAY,,163026833305,LDMC35E144,3,15.30,5.49,2026-03-11 17:19:30,led_sone,false
1119076,26-14328-16009,EBAY,,164914367042,12IP2080,1,9.99,9.99,2026-03-11 17:35:34,led_sone,false
1119080,14-14345-55313,EBAY,,165621031025,LDSG95E274,1,9.99,9.99,2026-03-11 17:42:25,led_sone,false
1119081,23-14332-65121,EBAY,,166814131457,WBMG2030WH,1,7.87,7.87,2026-03-11 17:47:40,led_sone,false
1119095,08-14354-02746,EBAY,,163194295814,LHSUE27CO,1,6.99,6.99,2026-03-11 18:08:13,led_sone,false
1119096,13-14347-31441,EBAY,,162975561793,CL3TGD2PK,1,5.49,5.49,2026-03-11 18:10:16,led_sone,false
1119100,25-14329-80478,EBAY,,317147038631,12UK3P5A,1,14.48,11.59,2026-03-11 18:01:30,so_926407,false
1119109,14-14345-67972,EBAY,,165361905284,CRFF108BM+LHTTE27BM+ICST64E2760,1,10.41,9.91,2026-03-11 18:12:54,led_sone,false
1119111,10-14351-21338,EBAY,,167943442329,CL2RBW,3,6.33,2.27,2026-03-11 18:18:02,led_sone,false
1119112,01-14364-94843,EBAY,,315379102143,LDMST64E278,3,28.17,8.89,2026-03-11 18:13:36,so_926407,false
1119113,19-14338-53567,EBAY,,266223215729,LSCY290RE+RPR44WH,1,12.29,12.29,2026-03-11 18:20:10,electricalsone,false
1119121,17-14341-30843,EBAY,,265750044855,CL2TGD,2,5.48,2.89,2026-03-11 18:27:10,electricalsone,false
1119122,18-14339-96663,EBAY,,267073162939,LDMST64E274,1,6.17,6.49,2026-03-11 18:27:05,electricalsone,false
1119128,26-14328-42873,EBAY,,166898541107,WBERT29BL3PK,1,6.99,6.99,2026-03-11 18:35:54,led_sone,false
1119133,07-14355-98301,EBAY,,164261730528,12BO100,1,18.99,18.99,2026-03-11 18:43:30,led_sone,false
1119135,01-14365-10225,EBAY,,123457650527,LHCHE27BY,2,11.78,6.14,2026-03-11 18:43:36,dctransformer,false
1119140,10-14351-38909,EBAY,,164725952794,CRFF100BM+PHUP1PBRBM,2,21.44,11.29,2026-03-11 18:51:16,led_sone,false
1119141,21-14335-43444,EBAY,,167895957376,TPFC300BG,2,28.10,14.79,2026-03-11 18:52:01,led_sone,false
1119158,18-14340-25134,EBAY,,165610827465,CRSF100WH+PHCH1PWRSWH,2,18.98,9.99,2026-03-11 19:17:06,led_sone,false
1119159,09-14353-08218,EBAY,,166173994461,SPSDP2BM3PK,1,13.29,13.29,2026-03-11 19:20:07,led_sone,false
1119161,06-14357-70374,EBAY,,164406060936,LDMG95E274,5,31.45,6.99,2026-03-11 19:20:16,led_sone,false
1119171,07-14356-23694,EBAY,,122882704305,WJB2,1,5.89,5.89,2026-03-11 19:29:36,dctransformer,false
1119178,01-14365-40687,EBAY,,305682162344,LSMS320BI+RPR44WH,1,13.08,13.77,2026-03-11 19:41:25,coventrylights,false
1119179,08-14354-52033,EBAY,,164864246803,CRSF100BM+PHSH1PBRYB+LSSS300BM,1,17.89,17.89,2026-03-11 19:43:57,led_sone,false
1119180,06-14357-82789,EBAY,,164006555006,LSOL220CO+RPR44WH,1,8.95,9.42,2026-03-11 19:46:58,led_sone,false
1119181,23-14333-25733,EBAY,,164864246803,CRSF100BM+PHSH1PBRYB+LSSS300BM,1,17.89,17.89,2026-03-11 19:50:07,led_sone,false
1119188,21-14335-74034,EBAY,,267404873403,LSCY290BI+RPR44WH,1,11.49,11.49,2026-03-11 19:52:43,electricalsone,false
1119193,01-14365-51054,EBAY,,166839718006,12IP20100,1,9.72,9.72,2026-03-11 20:05:19,led_sone,false
1119197,07-14356-44314,EBAY,,167833569765,WCCYSP160BM,1,11.49,11.49,2026-03-11 20:17:24,led_sone,false
1119202,27-14327-76520,EBAY,,256570260720,LSCY210BM2PK+RPR44WH2PK,1,15.75,16.58,2026-03-11 20:28:00,vintageinterior,false
1119208,22-14334-84261,EBAY,,266190303273,12UK3P5A+SLW8,1,15.35,16.16,2026-03-11 20:36:07,electricalsone,false
1119209,19-14339-18097,EBAY,,317030316794,CL3TGD5PK,1,23.88,12.99,2026-03-11 20:31:47,so_926407,false
1119216,11-14350-61470,EBAY,,267120297665,LDMT45E2742PK,1,8.54,8.99,2026-03-11 20:42:10,electricalsone,false
1119230,25-14330-62020,EBAY,,163008902707,12IP6715,1,7.50,7.89,2026-03-11 20:53:55,led_sone,false
1119231,25-14330-62183,EBAY,,164447754960,CRFF100CH+LHNSE27CH+LSLR260GR+LDCWE279,2,38.84,20.45,2026-03-11 20:54:19,led_sone,false
1119232,04-14360-85882,EBAY,,164725952794,CRFF100CH+PHUP1PCRCH,3,30.66,10.99,2026-03-11 20:59:39,led_sone,false
1119233,03-14362-25963,EBAY,,304826634562,PHSF1BMRYB,3,27.84,9.98,2026-03-11 21:00:53,coventrylights,false
1119237,16-14343-60351,EBAY,,266190382990,PSFW4RBR,1,12.50,13.89,2026-03-11 21:06:10,electricalsone,false
1119238,20-14337-76480,EBAY,,336035190786,CRSF100RO+WSSS70RO+LSFT220CO,1,12.78,9.89,2026-03-11 21:07:08,lighting_sone,false
1119245,27-14327-94808,EBAY,,265750044855,CL3TBM,1,5.99,5.99,2026-03-11 21:13:08,electricalsone,false
1119246,03-14362-30650,EBAY,,305698723917,LDMST64B224,1,5.01,5.01,2026-03-11 21:12:17,coventrylights,false
1119249,04-14360-91510,EBAY,,254344269139,CRSF100BM+PHUP1PBRBM,1,8.89,8.89,2026-03-11 21:13:08,vintageinterior,false
1119250,21-14336-10451,EBAY,,316870831969,12IP6710,1,7.71,8.29,2026-03-11 21:21:03,so_926407,false
1119262,27-14327-98573,EBAY,,266166358456,WCB6BM+RPR44WH,1,8.99,8.99,2026-03-11 21:22:48,electricalsone,false
1119263,19-14339-39821,EBAY,,266190476182,24IP20240,4,79.20,22.00,2026-03-11 21:25:58,electricalsone,false
1119264,05-14359-96842,EBAY,,266200630518,12SIP6760,10,133.00,14.78,2026-03-11 21:29:13,electricalsone,false
1119266,02-14364-07300,EBAY,,166167121313,CRSF100CO+PHMU1PBRCO+LSDO210BC+ICST64E27,4,71.60,19.89,2026-03-11 21:28:56,led_sone,false
1119267,17-14342-15420,EBAY,,313462209545,PHSF1GYTCH,2,23.06,10.49,2026-03-11 21:29:04,so_926407,false
1119268,09-14353-63116,EBAY,,304813856521,PSDS4BMBBM,1,12.65,10.39,2026-03-11 21:28:34,coventrylights,false
1119272,23-14333-69583,EBAY,,267213772077,24IP20360,1,21.75,22.89,2026-03-11 21:37:32,electricalsone,false
1119273,01-14365-90120,EBAY,,304806096153,CRSF100YB+WSNW170YB+SCRN70YB+LSFT220YB,6,96.60,17.89,2026-03-11 21:39:33,coventrylights,false
1119279,07-14356-79509,EBAY,,162702901154,CL2TBR,2,6.06,3.19,2026-03-11 21:43:39,led_sone,false
1119280,04-14361-04697,EBAY,,267068731282,24IP6720,2,19.92,10.49,2026-03-11 21:47:30,electricalsone,false
1119285,12-14349-62341,EBAY,,304786539461,12BO18,2,16.32,8.59,2026-03-11 21:57:11,coventrylights,false
1119290,08-14355-07770,EBAY,,266190476182,24IP2072,1,10.44,10.99,2026-03-11 22:01:08,electricalsone,false
1119320,06-14358-51820,EBAY,,266827784713,PSHYOS4BRBM,1,11.99,12.89,2026-03-11 22:41:28,electricalsone,false
1119323,22-14335-34557,EBAY,,164055884914,LSLT360BM+RPR44WH,1,9.99,9.99,2026-03-11 22:52:01,led_sone,false
1119327,26-14329-55203,EBAY,,163807928315,CRFF100CH,3,15.30,5.49,2026-03-11 23:04:26,led_sone,false
1119342,18-14341-28921,EBAY,,164725952794,CRFF100CO+PHUP1PBRCO,1,8.54,8.99,2026-03-11 23:46:46,led_sone,false
1119343,14-14347-08701,EBAY,,124796937692,CCGNNSWE48,1,10.89,10.89,2026-03-11 23:53:32,dctransformer,false
1119344,10-14352-63617,EBAY,,304813856521,PSOS4BMBBM,1,12.28,9.99,2026-03-12 00:05:18,coventrylights,false
1119345,10-14352-63781,EBAY,,304833640519,WCSRBC+RPR44WH,1,8.06,8.67,2026-03-12 00:05:44,coventrylights,false
1119351,03-14363-07366,EBAY,,167620688238,CRFF500BM+PHHRE2HETHE3PK+LDMST64E2743PK,1,40.89,40.89,2026-03-12 00:54:00,led_sone,false
1119353,09-14354-39334,EBAY,,266100926980,CL3TWH,4,13.97,2.71,2026-03-12 01:11:49,electricalsone,false
1119356,06-14359-11566,EBAY,,267325902201,CRFF500BM+LHNDE27BM2PK+LHNSE27BM+LSDO210BM3PK,2,64.94,34.18,2026-03-12 01:40:25,electricalsone,false
1119358,25-14331-64353,EBAY,,267213906251,CCBKNWE18,1,6.89,6.89,2026-03-12 01:51:08,electricalsone,false
1119391,06-14359-56158,EBAY,,164261730528,12BO28,1,10.99,10.99,2026-03-12 04:35:55,led_sone,false
1119400,14-14348-07194,EBAY,,126396451888,WCVCBC+RPR44WH,1,9.79,9.79,2026-03-12 06:29:27,dctransformer,false
1119401,27-14329-48145,EBAY,,123020216688,12SAN60,1,13.75,13.75,2026-03-12 06:28:34,dctransformer,false
1119413,12-14351-03543,EBAY,,166898541107,WBERT29BL2PK,1,5.99,5.99,2026-03-12 06:52:16,led_sone,false
1119414,12-14351-03543,EBAY,,166814131457,WBMG2030WH,1,7.87,7.87,2026-03-12 06:52:16,led_sone,false
1119415,21-14337-65041,EBAY,,164500778155,WCDTBM+RPR44WH,1,10.22,10.99,2026-03-12 06:56:21,led_sone,false
1119420,08-14356-51778,EBAY,,165172808624,CRSF100BM+PHSH1PBRYB+LSCY290BI,1,18.39,18.39,2026-03-12 07:16:23,led_sone,false
1119423,08-14356-53073,EBAY,,122989185800,LDMST64B228,1,5.89,5.89,2026-03-12 07:24:11,dctransformer,false
1119424,08-14356-53073,EBAY,,123044400644,CL2TGD2PK,1,5.03,5.03,2026-03-12 07:24:11,dctransformer,false
1119425,05-14361-55179,EBAY,,316797525557,WCBNBM,1,7.89,7.89,2026-03-12 07:27:31,so_926407,false
1119427,01-14367-45996,EBAY,,317593252015,TSLCQA15WH,1,8.88,5.99,2026-03-12 07:33:31,so_926407,false
1119428,11-14352-39560,EBAY,,165136827678,PHSF1BRTCO,1,10.99,10.99,2026-03-12 07:35:02,led_sone,false
1119442,23-14335-29970,EBAY,,256570260720,LSCY210BG2PK+RPR44WH2PK,1,15.75,16.58,2026-03-12 08:08:15,vintageinterior,false
1119443,22-14336-68399,EBAY,,164666761396,LSMS320BU+RPR44WH,1,12.41,13.49,2026-03-12 08:06:41,led_sone,false
1119455,13-14349-88550,EBAY,,333738623403,LDMT185E274,1,5.50,5.50,2026-03-12 08:13:11,re6865,false
1119459,20-14339-52316,EBAY,,165458233266,CRSF100BM+PHSH1PBRYB+LSMS320GY,2,28.90,15.21,2026-03-12 08:29:03,led_sone,false
1119463,07-14358-45970,EBAY,,304934682867,WCBLBM,2,15.42,8.29,2026-03-12 08:46:21,coventrylights,false
1119464,19-14341-11907,EBAY,,164077107412,PHSF2BRRCO,3,27.87,9.99,2026-03-12 08:48:52,led_sone,false
1119468,11-14352-53834,EBAY,,317979913894,SPPGUK3PBM4PK,1,8.68,5.79,2026-03-12 08:55:12,so_926407,false
1119477,25-14332-52484,EBAY,,162562112782,12IP20150,1,15.10,15.89,2026-03-12 09:20:45,led_sone,false
1119480,19-14341-19644,EBAY,,267073162939,LDMST64B2243PK,1,9.97,10.49,2026-03-12 09:25:55,electricalsone,false
1119481,25-14332-53826,EBAY,,313970190875,ENC842,1,21.29,22.89,2026-03-12 09:26:55,so_926407,false
1119497,24-14348-72069,EBAY,,161782384942,12UK3P1A,1,6.99,6.99,2026-03-12 09:41:56,led_sone,false
1119499,09-14355-49896,EBAY,,164492030061,CL2TBM,2,5.60,2.80,2026-03-12 09:54:49,led_sone,false
1119500,25-14332-61422,EBAY,,167833569765,WCCYSP160GD,1,11.49,11.49,2026-03-12 10:00:16,led_sone,false
1119507,20-14339-72526,EBAY,,167579466380,CRFF100WH+PHUP1PWRWH,1,6.29,6.29,2026-03-12 10:04:53,led_sone,false
1119508,09-14355-53086,EBAY,,163682568149,BC3W802PK,1,5.99,5.99,2026-03-12 10:08:15,led_sone,false
1119523,19-14341-30301,EBAY,,162949535147,LDMG80E274,2,10.42,5.49,2026-03-12 10:12:09,led_sone,false
1119524,08-14356-87776,EBAY,,163585361443,24IP6710,2,11.38,5.99,2026-03-12 10:17:12,led_sone,false
1119525,18-14342-72568,EBAY,,162799417330,5IP2028,1,5.22,5.49,2026-03-12 10:19:45,led_sone,false
1119532,10-14354-03282,EBAY,,267594753062,CRSF100BL+PHCH1PWRSBL+LSCY290BL,1,18.89,18.89,2026-03-12 10:24:02,electricalsone,false
1119547,25-14332-71432,EBAY,,165412703587,LDMT45E2745PK,1,18.89,18.89,2026-03-12 10:42:42,led_sone,false
1119548,20-14339-82058,EBAY,,165094836684,LHSHE27BA,1,4.99,4.99,2026-03-12 10:45:29,led_sone,false
1119549,25-14332-72703,EBAY,,164062264457,ENC451,1,82.99,82.99,2026-03-12 10:48:02,led_sone,false
1119550,04-14362-97735,EBAY,,161782384942,12UK3P6A,7,81.06,12.87,2026-03-12 10:47:13,led_sone,false
1119552,24-14348-90410,EBAY,,305698440823,CL3RBR5PK,1,10.56,11.12,2026-03-12 10:59:26,coventrylights,false
1119553,11-14352-81539,EBAY,,164552431048,12UK3P5A+SLW4,1,13.10,13.79,2026-03-12 10:56:50,led_sone,false
1119559,08-14356-99851,EBAY,,165640097850,CRFF500FG,1,11.89,11.89,2026-03-12 11:07:41,led_sone,false
1119560,08-14356-99851,EBAY,,164002836768,CRSF120FG,3,16.47,5.49,2026-03-12 11:07:41,led_sone,false
1119564,08-14357-01722,EBAY,,162834884311,12UK3P6A+CODCCR,2,22.12,11.89,2026-03-12 11:15:08,led_sone,false
1119565,05-14362-04226,EBAY,,304806215764,CRSF100BM+WSTR135BM+LSCY210BG,2,29.90,16.08,2026-03-12 11:18:32,coventrylights,false
1119574,05-14362-08043,EBAY,,267213772077,12IP2012,1,5.69,5.99,2026-03-12 11:33:03,electricalsone,false
1119575,10-14354-20042,EBAY,,163585361443,24IP67150,1,29.89,29.89,2026-03-12 11:31:56,led_sone,false
1119584,05-14362-11514,EBAY,,167940684287,STKP48EBR3PK,1,6.05,6.05,2026-03-12 11:45:38,led_sone,false
1119595,02-14366-23778,EBAY,,164004516812,LDMC35E1443PK,1,10.99,10.99,2026-03-12 11:51:04,led_sone,false
1119596,10-14354-25702,EBAY,,166598501724,RWWPSYBF50GY,2,16.88,8.89,2026-03-12 11:52:38,led_sone,false
1119597,02-14366-26201,EBAY,,267068731282,12IP6715,3,21.99,7.89,2026-03-12 11:59:28,electricalsone,false
1119613,22-14337-26287,EBAY,,304934682867,WCBLBC,2,15.42,8.29,2026-03-12 12:15:45,coventrylights,false
1119614,07-14358-96565,EBAY,,306343542496,WCBNCH,1,8.36,8.99,2026-03-12 12:15:07,coventrylights,false
1119616,02-14366-35271,EBAY,,313970190913,CCBKNWE36,1,11.88,8.99,2026-03-12 12:30:16,so_926407,false
1119619,09-14355-95456,EBAY,,164055884914,LSTL260BC+RPR44WH,1,9.19,9.19,2026-03-12 12:43:25,led_sone,false
1119633,09-14355-95456,EBAY,,163783451223,WCFWROCO+RPR44WH,1,10.99,10.99,2026-03-12 12:43:25,led_sone,false
1119634,09-14355-96367,EBAY,,163143473653,CL2RHE,3,8.04,2.89,2026-03-12 12:46:14,led_sone,false
1119635,16-14346-02241,EBAY,,166032301756,LHSHE27YB,1,5.49,5.49,2026-03-12 12:47:56,led_sone,false
1119636,08-14357-27313,EBAY,,304786539498,PHCD1PBRBW+LSTM310BM+ICST64E27,1,23.88,25.68,2026-03-12 12:41:11,coventrylights,false
1119637,04-14363-32282,EBAY,,305698723917,LDMG95E274,1,6.49,6.49,2026-03-12 12:47:02,coventrylights,false
1119638,05-14362-29008,EBAY,,267340970424,CL3RBL2PK,1,4.03,4.03,2026-03-12 12:41:01,electricalsone,false
1119639,03-14364-70174,EBAY,,265660314741,LHRIE14WH3PK,1,10.99,10.99,2026-03-12 12:43:03,electricalsone,false
1119647,25-14333-10073,EBAY,,313462209545,PHSF1BRTCO,1,13.38,10.49,2026-03-12 12:56:38,so_926407,false
1119656,12-14351-92631,EBAY,,335739191337,LHSHE27CO,1,5.74,5.74,2026-03-12 13:10:54,lighting_sone,false
1119658,13-14350-64690,EBAY,,266190476182,12IP20180,1,17.34,18.25,2026-03-12 13:13:23,electricalsone,false
1119665,14-14349-03464,EBAY,,166598501724,RWWPSYBF25GY,1,4.99,4.99,2026-03-12 13:22:41,led_sone,false
1119666,09-14356-09462,EBAY,,164552431048,SLW22PK,1,5.50,5.79,2026-03-12 13:25:46,led_sone,false
1119674,13-14350-73352,EBAY,,267295981796,CRFF75GB+LHAHE27GB,1,8.99,8.99,2026-03-12 13:38:24,electricalsone,false
1119675,13-14350-72845,EBAY,,267403981376,ENC7392,1,36.89,36.89,2026-03-12 13:36:53,electricalsone,false
1119682,13-14350-75897,EBAY,,164169967297,WJB2,1,5.89,5.89,2026-03-12 13:45:35,led_sone,false
1119683,11-14353-33716,EBAY,,165397658552,CRSF100CH+CL3TBR+LHSHE27CH,1,9.78,10.29,2026-03-12 13:45:42,led_sone,false
1119685,08-14357-49504,EBAY,,266100590943,LHC1E27WH,1,5.99,5.99,2026-03-12 13:46:52,electricalsone,false
1119692,07-14359-32143,EBAY,,255993451406,HLLK75BM3PK,1,5.09,5.09,2026-03-12 13:58:28,vintageinterior,false
1119699,02-14366-70806,EBAY,,313154103184,WCB2BM+RPR44WH,1,8.48,9.12,2026-03-12 14:10:27,so_926407,false
1119706,09-14356-26042,EBAY,,167769755741,LHCTOYB,4,25.16,6.99,2026-03-12 14:11:36,led_sone,false
1119707,04-14363-63140,EBAY,,164924746600,CCBKNWE25,1,8.19,8.19,2026-03-12 14:15:14,led_sone,false
1119708,16-14346-34351,EBAY,,163138469118,LHBRE27BM+CGMLBM,1,5.22,5.49,2026-03-12 14:19:24,led_sone,false
1119715,05-14362-65452,EBAY,,165479339052,CRSF100BM+PHHT1PBRBM,1,8.99,8.99,2026-03-12 14:24:30,led_sone,false
1119720,07-14359-45804,EBAY,,266190382990,PSFW4RBR,1,12.50,13.89,2026-03-12 14:34:25,electricalsone,false
1119721,03-14365-09471,EBAY,,163458339309,PLOTRR,4,46.76,12.99,2026-03-12 14:34:01,led_sone,false
1119724,01-14368-62166,EBAY,,267408734325,LDCWA65HB22156PK,1,8.99,8.99,2026-03-12 14:42:32,electricalsone,false
1119725,18-14343-56397,EBAY,,267340970424,CL2TGD3PK,1,4.58,4.58,2026-03-12 14:46:49,electricalsone,false
1119726,03-14365-15684,EBAY,,267213906251,CCBKNWE12,10,55.89,5.89,2026-03-12 14:49:44,electricalsone,false
1119727,21-14338-86908,EBAY,,256570260720,LSCY210BG2PK+RPR44WH2PK,1,16.58,16.58,2026-03-12 14:43:11,vintageinterior,false
1119728,21-14338-86908,EBAY,,256570260720,LSCY210RR2PK+RPR44WH2PK,1,16.58,16.58,2026-03-12 14:43:11,vintageinterior,false
1119729,13-14350-97159,EBAY,,314652309209,SPSDP2BM,1,9.48,6.59,2026-03-12 14:41:48,so_926407,false
1119730,21-14338-86909,EBAY,,316348085364,LSRP260YB+RPR44WH,1,15.71,16.89,2026-03-12 14:43:14,so_926407,false
1119732,25-14333-54725,EBAY,,164110059574,ENC2080,4,106.88,29.69,2026-03-12 14:58:25,led_sone,false
1119739,11-14353-65389,EBAY,,317846442655,LSCY290DGD+RPR44WH,2,26.76,14.39,2026-03-12 15:08:02,so_926407,false
1119752,19-14342-35329,EBAY,,313520952828,ENC686,1,50.12,53.89,2026-03-12 15:33:41,so_926407,false
1119761,09-14356-63658,EBAY,,313970196210,RPM40BM2PK,2,11.94,4.89,2026-03-12 15:45:07,so_926407,false
1119773,24-14349-94773,EBAY,,253949433648,HLRK45BM3PK,1,7.89,7.89,2026-03-12 15:59:00,vintageinterior,false
1119775,15-14348-07069,EBAY,,167517548283,LHTOE27RO,1,6.49,6.49,2026-03-12 15:59:30,led_sone,false
1119776,25-14333-79052,EBAY,,162949535147,LDMG80E274,4,19.76,5.49,2026-03-12 15:57:19,led_sone,false
1119777,20-14340-88565,EBAY,,266190476182,12IP2012,1,5.69,5.99,2026-03-12 15:56:13,electricalsone,false
1119781,06-14361-35208,EBAY,,313731620457,LSFT220NB+RPR44WH,1,8.45,8.89,2026-03-12 16:05:46,so_926407,false
1119784,16-14346-75452,EBAY,,256004417601,CCBKNWE25,1,8.19,8.19,2026-03-12 16:01:14,vintageinterior,false
1119795,22-14338-16827,EBAY,,167943434245,CL3TRO2PK,1,5.49,5.49,2026-03-12 16:16:37,led_sone,false
1119797,22-14338-16827,EBAY,,167943434245,CL3TBM2PK,1,5.49,5.49,2026-03-12 16:16:37,led_sone,false
1119798,15-14348-15092,EBAY,,167833569765,WCCYSP160GD4PK,1,34.89,34.89,2026-03-12 16:19:14,led_sone,false
1119801,04-14364-10429,EBAY,,267213906251,CCBKNWE72PK,1,6.49,6.49,2026-03-12 16:12:06,electricalsone,false
1119802,25-14333-86180,EBAY,,267121715682,12IP6750,1,14.72,15.49,2026-03-12 16:14:58,electricalsone,false
1119803,04-14364-12506,EBAY,,267340970424,CL2TBR2PK,1,3.82,3.82,2026-03-12 16:17:10,electricalsone,false
1119811,04-14364-16769,EBAY,,267340970424,CL3RBR3PK,2,9.48,4.99,2026-03-12 16:27:05,electricalsone,false
1119812,19-14342-55687,EBAY,,162975561793,CL3TBK2PK,1,5.49,5.49,2026-03-12 16:23:25,led_sone,false
1119813,12-14352-70015,EBAY,,164916950928,CCGNNSWE48,6,59.34,10.99,2026-03-12 16:28:34,led_sone,false
1119818,10-14355-32263,EBAY,,165479339052,CRSF100BM+PHHT1PBRBM,2,17.08,8.99,2026-03-12 16:38:11,led_sone,false
1119819,26-14332-41378,EBAY,,265660312592,LDMST64B228,1,5.99,5.99,2026-03-12 16:36:20,electricalsone,false
1119824,02-14367-33780,EBAY,,315287058811,CRFF105YB,1,8.58,5.99,2026-03-12 16:44:53,so_926407,false
1119828,20-14341-09129,EBAY,,256487880217,WCWDBM+RPR44WH,1,8.15,8.58,2026-03-12 16:45:29,vintageinterior,false
1119836,22-14338-33224,EBAY,,316898647283,LSCY290GR+RPR44WH,1,14.89,14.89,2026-03-12 16:55:30,so_926407,false
1119843,26-14332-54548,EBAY,,266630626996,WCB4WH+RPR44WH,3,23.67,8.49,2026-03-12 17:08:14,electricalsone,false
1119849,16-14347-07311,EBAY,,165479339052,CRSF100CO+PHBK1PBRCO+ICST64E27,1,13.89,13.89,2026-03-12 17:17:46,led_sone,false
1119855,12-14352-94758,EBAY,,314048304963,CRFF140RO+WSFSRO+ICST64E27,2,21.58,11.99,2026-03-12 17:28:18,so_926407,false
1119856,09-14357-05090,EBAY,,164914367042,5IP2028,2,10.42,5.49,2026-03-12 17:25:14,led_sone,false
1119857,10-14355-52691,EBAY,,164799656472,CRSF125BM2PK+WSAT105BM2PK+ICST64E272PK,1,23.15,24.89,2026-03-12 17:28:01,led_sone,false
1119874,12-14353-06756,EBAY,,335742991706,PSDS2BMRBR,1,13.89,13.89,2026-03-12 17:57:31,lighting_sone,false
1119875,17-14345-69649,EBAY,,165371702522,CRFF140GL+WSWH135BM+LSDO210YE,1,16.89,16.89,2026-03-12 17:58:35,led_sone,false
1119876,17-14345-69649,EBAY,,165371702522,CRFF140GL+WSWH135BM+LSDO210YE,1,16.89,16.89,2026-03-12 17:58:35,led_sone,false
1119877,05-14363-53060,EBAY,,167454364246,CRSF100CO+PHMH1HERCO+ICST64E27,1,10.89,10.89,2026-03-12 17:58:15,led_sone,false
1119885,08-14358-54870,EBAY,,315370444554,WCB2WH+RPR44WH,1,7.43,7.99,2026-03-12 18:07:26,so_926407,false
1119893,05-14363-60428,EBAY,,266190359629,LDMST64E274,3,18.09,6.49,2026-03-12 18:16:22,electricalsone,false
1119903,04-14364-64480,EBAY,,164942250673,CL2TBR,1,3.19,3.19,2026-03-12 18:22:45,led_sone,false
1119925,07-14360-56739,EBAY,,266100926980,CL3TCR,4,15.25,2.99,2026-03-12 18:53:42,electricalsone,false
1119926,02-14367-89999,EBAY,,166510522794,FCBSMPU,1,5.89,5.89,2026-03-12 18:52:12,led_sone,false
1119927,22-14338-87314,EBAY,,165094836684,LHSHE27BY,2,10.42,5.49,2026-03-12 18:55:41,led_sone,false
1119928,17-14345-99203,EBAY,,167943788384,CERU72450YE,1,10.39,7.89,2026-03-12 18:58:41,led_sone,false
1119929,06-14362-09301,EBAY,,255943163533,CRSF1202BM,1,6.49,6.49,2026-03-12 18:54:28,vintageinterior,false
1119938,14-14350-45030,EBAY,,266188024285,HLLK100BM5PK,3,36.03,11.49,2026-03-12 19:01:24,electricalsone,false
1119939,03-14366-32100,EBAY,,164636015985,12IP2080,1,9.99,9.99,2026-03-12 19:14:27,led_sone,false
1119940,03-14366-32100,EBAY,,164636015985,12IP2036,1,6.99,6.99,2026-03-12 19:14:27,led_sone,false
1119944,10-14355-97436,EBAY,,314148529895,12UK3P2A+CODCCR,1,10.88,7.99,2026-03-12 19:03:06,so_926407,false
1119950,03-14366-32100,EBAY,,164636015985,12IP20200,1,20.70,20.70,2026-03-12 19:14:27,led_sone,false
1119956,18-14344-79407,EBAY,,163585361443,12IP6730,1,12.89,12.89,2026-03-12 19:25:02,led_sone,false
1119962,04-14365-03622,EBAY,,313970196157,PLADBM+LSDO210BG3PK+ICST64E273PK,1,47.96,53.29,2026-03-12 19:37:01,so_926407,false
1119974,20-14341-96262,EBAY,,266190383294,LDMA60E274WW,1,5.49,5.49,2026-03-12 19:56:21,electricalsone,false
1119975,20-14341-95311,EBAY,,313462209545,PHSF1BWTSN,1,13.38,10.49,2026-03-12 19:54:06,so_926407,false
1119986,01-14370-03693,EBAY,,257252563395,RBCRSF100BM+RBWSST70BM+RBLSDO210BM,1,10.97,10.97,2026-03-12 20:05:11,vintageinterior,false
1119992,08-14359-17233,EBAY,,267073162939,LDMT45E2742PK,1,8.54,8.99,2026-03-12 20:18:00,electricalsone,false
1119999,11-14355-07279,EBAY,,166354244200,LDDTCE14302PK,2,20.88,10.99,2026-03-12 20:30:24,led_sone,false
1120003,23-14337-95601,EBAY,,266313218532,CRSF100WH+LHTPE27JWH+LDST45E274,1,14.89,14.89,2026-03-12 20:40:18,electricalsone,false
1120005,10-14356-37589,EBAY,,164534309053,CRSF100CO+LHNSE27CO+LSHH240RR,1,15.06,16.19,2026-03-12 20:32:54,led_sone,false
1120008,15-14349-30840,EBAY,,304893223824,12RPIP45200,1,14.67,15.77,2026-03-12 20:38:37,coventrylights,false
1120018,05-14364-31406,EBAY,,163445610793,CL3TBK5PK,1,14.89,14.89,2026-03-12 20:47:01,led_sone,false
1120031,11-14355-16965,EBAY,,305682162344,LSCY290NB+RPR44WH,3,40.08,14.37,2026-03-12 20:54:27,coventrylights,false
1120038,12-14353-90678,EBAY,,162562112782,5IP2028,2,10.42,5.49,2026-03-12 21:01:09,led_sone,false
1120039,22-14339-44694,EBAY,,164914367042,12IP20100,1,13.89,13.89,2026-03-12 21:05:40,led_sone,false
1120040,16-14348-09755,EBAY,,168204557649,CRSF100BM+LHNSE27BM+LSCY290BG,1,16.89,16.89,2026-03-12 21:05:58,led_sone,false
1120044,17-14346-60456,EBAY,,165094836684,LHSHE27CO,5,24.70,5.49,2026-03-12 21:19:39,led_sone,false
1120046,01-14370-32294,EBAY,,335742991706,PSDS2BMRGR,1,10.48,10.48,2026-03-12 21:15:57,lighting_sone,false
1120052,08-14359-44237,EBAY,,265660313934,PSDS2BMRGD+ICST64E27,1,12.92,13.89,2026-03-12 21:25:27,electricalsone,false
1120059,24-14351-43180,EBAY,,314078198823,CRFF100BM+PHUP1PBRBM,1,13.58,11.49,2026-03-12 21:41:17,so_926407,false
1120060,10-14356-64076,EBAY,,266695661015,CRSF2003BM+PHHN1PBRGD3PK+LSDO210CB3PK,1,34.10,37.89,2026-03-12 21:41:04,electricalsone,false
1120061,11-14355-35970,EBAY,,256942251365,LHPOE27YB,1,5.69,5.99,2026-03-12 21:44:19,vintageinterior,false
1120064,17-14346-72588,EBAY,,163458817372,PLTERR+ICST64E27,1,19.89,19.89,2026-03-12 21:52:46,led_sone,false
1120065,26-14333-77938,EBAY,,267340970424,CL2TBW2PK,1,3.46,3.46,2026-03-12 21:52:12,electricalsone,false
1120066,26-14333-78759,EBAY,,265750044855,CL3RHE,4,10.76,2.99,2026-03-12 21:54:31,electricalsone,false
1120067,14-14351-18042,EBAY,,315702480805,LSCG185AR+SCRN70FG,1,14.78,15.89,2026-03-12 21:56:37,so_926407,false
1120077,23-14338-30520,EBAY,,163909893645,CRSF108FG+WSST70FG+WCLCFG+ICT130E2760,4,71.60,19.89,2026-03-12 22:12:49,led_sone,false
1120078,02-14368-76363,EBAY,,165180710022,RPM40WH5PK,2,13.28,6.99,2026-03-12 22:19:05,led_sone,false
1120090,12-14354-23356,EBAY,,254046877476,CCBKNWE5,1,5.09,5.09,2026-03-12 22:30:56,vintageinterior,false
1120101,01-14370-67022,EBAY,,164492030061,CL3TBM,5,32.84,5.99,2026-03-12 22:54:12,led_sone,false
1120107,01-14370-73304,EBAY,,336096117664,WCDCBM+RPR44WH,1,13.78,10.89,2026-03-12 23:13:55,lighting_sone,false
1120108,19-14344-27100,EBAY,,266193179938,LDMST64E274,1,6.49,6.49,2026-03-12 23:19:17,electricalsone,false
1120111,04-14365-87876,EBAY,,306331601994,CRFF75SN,2,12.68,5.08,2026-03-12 23:23:20,coventrylights,false
1120129,24-14351-96895,EBAY,,167833569765,WCCYSP160BM,1,11.49,11.49,2026-03-13 00:21:51,led_sone,false
1120130,22-14340-19394,EBAY,,265664531284,CL3TBR,1,3.19,3.19,2026-03-13 00:45:30,electricalsone,false
1120131,22-14340-19394,EBAY,,265664531284,CL2TBR,2,5.78,2.89,2026-03-13 00:45:30,electricalsone,false
1120132,24-14352-10942,EBAY,,167539971827,LPSQ3W2PK,2,16.88,8.89,2026-03-13 01:04:33,led_sone,false
1120135,22-14340-45121,EBAY,,167734616067,LSCY290BG2PK+RPR44WH2PK,1,28.89,28.89,2026-03-13 02:02:12,led_sone,false
1120138,22-14340-45121,EBAY,,165397658552,CRSF100SN+CL3TBM+LHSHE27SN,2,20.58,10.29,2026-03-13 02:02:12,led_sone,false
1120184,26-14334-94712,EBAY,,265660306940,CRSF100BB+PHCH1PBRBB,1,8.99,8.99,2026-03-13 04:17:02,electricalsone,false
1120186,24-14352-69107,EBAY,,305698723917,LDMST64B228,1,5.99,5.99,2026-03-13 04:46:18,coventrylights,false
1120193,15-14350-93440,EBAY,,256570260720,LSCY210BG+RPR44WH,1,9.40,9.89,2026-03-13 06:08:12,vintageinterior,false
1120199,15-14351-02328,EBAY,,124734086174,PSOS2HETBM+ICST64E27,2,26.84,13.98,2026-03-13 07:08:22,dctransformer,false
1120202,19-14345-41719,EBAY,,164914367042,24IP2024,1,6.99,6.99,2026-03-13 07:13:24,led_sone,false
1120205,21-14342-15433,EBAY,,167513989613,BS6S8033PI,1,20.89,20.89,2026-03-13 07:25:11,led_sone,false
1120209,20-14343-90490,EBAY,,163481444917,LHSHE27WH,1,5.49,5.49,2026-03-13 07:41:53,led_sone,false
1120215,12-14355-61264,EBAY,,165479339052,CRSF100CH+PHTT1PCRCH,1,8.99,8.99,2026-03-13 07:57:09,led_sone,false
1120228,22-14341-15469,EBAY,,165452014120,LHRIE14WH,1,4.99,4.99,2026-03-13 08:12:13,led_sone,false
1120229,22-14341-16728,EBAY,,164942250673,CL2TCR,1,2.99,2.99,2026-03-13 08:19:12,led_sone,false
1120236,18-14346-95410,EBAY,,265997866256,CCBKNWE48,1,6.97,7.49,2026-03-13 08:30:36,electricalsone,false
1120240,09-14359-81224,EBAY,,166898541107,WBERT29BL2PK,1,5.99,5.99,2026-03-13 08:44:12,led_sone,false
1120255,15-14351-23105,EBAY,,305682162344,LSCY290BM+RPR44WH,1,14.89,15.67,2026-03-13 09:06:56,coventrylights,false
1120268,07-14363-01854,EBAY,,304786539492,LHBBE27CH,4,21.70,4.99,2026-03-13 09:28:53,coventrylights,false
1120274,15-14351-28679,EBAY,,267213772077,12IP20602PK,1,16.78,17.66,2026-03-13 09:32:43,electricalsone,false
1120276,16-14349-98759,EBAY,,167833569765,WCCYSP160GD,2,22.98,11.49,2026-03-13 09:43:59,led_sone,false
1120277,19-14345-69246,EBAY,,317593252015,TSLCQA15WH5PK,1,19.98,17.09,2026-03-13 09:42:32,so_926407,false
1120278,19-14345-69999,EBAY,,314666176316,WCB2BM+RPR44WH,1,7.43,7.99,2026-03-13 09:45:54,so_926407,false
1120288,19-14345-74771,EBAY,,317917531854,CL3THE5PK,1,11.95,11.95,2026-03-13 10:07:14,so_926407,false
1120290,17-14348-48604,EBAY,,162949535147,LDMG80E274,1,5.49,5.49,2026-03-13 10:02:44,led_sone,false
1120296,12-14355-88475,EBAY,,267340970424,CL3TBM3PK,1,4.99,4.99,2026-03-13 10:12:27,electricalsone,false
1120297,10-14358-48587,EBAY,,266630626996,WCB4BM+RPR44WH,1,8.07,8.49,2026-03-13 10:19:09,electricalsone,false
1120298,06-14364-63752,EBAY,,333803215238,12IP20200,1,21.89,21.89,2026-03-13 10:11:31,re6865,false
1120301,08-14361-34282,EBAY,,161782384942,12UK3P2A,1,7.89,7.89,2026-03-13 10:17:00,led_sone,false
1120306,18-14347-19259,EBAY,,267213906251,CCBKNWE48,2,14.22,7.49,2026-03-13 10:24:23,electricalsone,false
1120315,21-14342-56520,EBAY,,315379102143,LDMST64B224,1,8.88,5.99,2026-03-13 10:49:28,so_926407,false
1120324,03-14368-85394,EBAY,,163481444917,PHSF1BMRBY,1,10.89,10.89,2026-03-13 10:53:21,led_sone,false
1120335,13-14354-72593,EBAY,,164924746600,CCBKNWE25,2,15.56,8.19,2026-03-13 11:06:27,led_sone,false
1120344,11-14357-31791,EBAY,,254209702307,LSCP150BA,1,9.89,9.89,2026-03-13 11:12:11,vintageinterior,false
1120351,21-14342-66347,EBAY,,165452014120,LHRIE14WH,1,4.99,4.99,2026-03-13 11:28:21,led_sone,false
1120352,09-14360-18819,EBAY,,164725937843,CRSF100GS+LHNSE27YB+SCRN70BM+LSFT220GS,1,15.86,16.69,2026-03-13 11:27:45,led_sone,false
1120353,24-14353-43996,EBAY,,266188029327,CCBC12,1,5.69,5.99,2026-03-13 11:30:12,electricalsone,false
1120360,10-14358-68063,EBAY,,336024786186,SDP320RLAPK,1,4.88,1.99,2026-03-13 11:37:31,lighting_sone,false
1120386,24-14353-52699,EBAY,,266198014153,CBSF110,1,8.48,5.49,2026-03-13 12:02:01,electricalsone,false
1120388,20-14344-48776,EBAY,,305541421379,CL2RRE3PK,1,6.62,6.97,2026-03-13 12:05:16,coventrylights,false
1120399,16-14350-37843,EBAY,,164888077980,12IP20360,1,22.16,22.16,2026-03-13 12:18:41,led_sone,false
1120400,16-14350-35589,EBAY,,267213772077,12IP2012,1,5.69,5.99,2026-03-13 12:11:06,electricalsone,false
1120406,27-14334-69168,EBAY,,167874397098,LDCWA60HB2296PK,1,6.49,6.49,2026-03-13 12:22:50,led_sone,false
1120407,24-14353-59690,EBAY,,167833569765,WCCYSP160BM2PK+RPR44WH2PK,2,36.98,18.49,2026-03-13 12:25:29,led_sone,false
1120422,03-14369-17430,EBAY,,315351359725,LDCWB2218,1,8.93,6.49,2026-03-13 12:48:06,so_926407,false
1120435,08-14361-82380,EBAY,,164775055128,CL3RGL,5,19.45,3.89,2026-03-13 13:11:02,led_sone,false
1120445,12-14356-41161,EBAY,,265660314754,ENC7297,3,53.97,19.35,2026-03-13 13:21:57,electricalsone,false
1120450,13-14355-19506,EBAY,,165393281008,PCBI200TP,1,4.89,4.89,2026-03-13 13:41:19,led_sone,false
1120465,27-14335-02260,EBAY,,267068731282,12IP67150,1,28.40,29.89,2026-03-13 14:01:06,electricalsone,false
1120473,05-14367-06953,EBAY,,305715611096,WCFWROCO2PK+RPR44WH2PK,1,17.95,18.89,2026-03-13 14:12:17,coventrylights,false
1120475,10-14359-18981,EBAY,,266027916399,LHPVE27BM,1,4.74,4.99,2026-03-13 14:13:32,electricalsone,false
1120476,27-14335-08272,EBAY,,255997924998,CL2TBK,2,5.48,2.89,2026-03-13 14:16:52,vintageinterior,false
1120492,22-14342-19831,EBAY,,164492030061,CL2TBR,2,5.98,2.99,2026-03-13 14:35:18,led_sone,false
1120493,20-14345-01052,EBAY,,267284134030,CL3RBW5PK,1,11.99,11.99,2026-03-13 14:37:02,electricalsone,false
1120497,27-14335-20223,EBAY,,164255843565,RPR44WH2PK,1,4.99,4.99,2026-03-13 14:47:29,led_sone,false
1120513,16-14350-94137,EBAY,,162553025729,LDMST64E2763PK,1,12.25,12.89,2026-03-13 14:57:39,led_sone,false
1120526,21-14343-39524,EBAY,,165645262692,CRFF100BM+LHTTE27BM+LDSG95DIE274,1,11.88,11.88,2026-03-13 15:03:51,led_sone,false
1120527,13-14355-51302,EBAY,,164492030061,CL2TBR,2,5.98,2.99,2026-03-13 15:03:41,led_sone,false
1120535,11-14358-15630,EBAY,,163359416713,HLSC96BM,2,4.54,2.39,2026-03-13 15:18:39,led_sone,false
1120545,23-14341-01721,EBAY,,164382910443,ENC29,1,20.79,20.79,2026-03-13 15:24:14,led_sone,false
1120547,10-14359-50108,EBAY,,313527919541,LHETB22GD,1,4.99,4.99,2026-03-13 15:30:19,so_926407,false
1120551,16-14351-09043,EBAY,,304949367335,LSWE315GR,1,10.86,12.07,2026-03-13 15:32:41,coventrylights,false
1120561,04-14368-45870,EBAY,,313484742661,12IP20360,3,65.22,22.16,2026-03-13 15:44:14,so_926407,false
1120562,15-14352-45569,EBAY,,265660320128,PCBM200TP,1,4.99,4.99,2026-03-13 15:42:07,electricalsone,false
1120578,04-14368-56355,EBAY,,335680616357,LDMG125E2785PK,1,25.89,25.89,2026-03-13 16:09:32,lighting_sone,false
1120584,24-14354-48633,EBAY,,305682162344,LSCY290NB+RPR44WH,1,13.65,14.37,2026-03-13 16:20:28,coventrylights,false
1120590,05-14367-62531,EBAY,,267340970424,CL3RBW3PK,2,9.22,4.86,2026-03-13 16:27:29,electricalsone,false
1120601,16-14351-41936,EBAY,,317030316794,CL3TGD5PK,1,15.88,12.99,2026-03-13 16:50:46,so_926407,false
1120612,09-14361-41915,EBAY,,266190303273,12UK3P2A,1,7.50,7.89,2026-03-13 17:01:49,electricalsone,false
1120626,23-14341-49736,EBAY,,305682162344,LSMS320NB+RPR44WH,2,26.16,13.77,2026-03-13 17:19:29,coventrylights,false
1120627,24-14354-71116,EBAY,,164261730528,12BO18,4,29.84,8.29,2026-03-13 17:13:54,led_sone,false
1120634,03-14370-26302,EBAY,,164372759680,CRFF140BM+LHLFE27BM+WCDCBM+ICST64E27,2,37.76,19.88,2026-03-13 17:24:20,led_sone,false
1120635,17-14350-02257,EBAY,,265519232134,LDMST64E2743PK,1,13.09,13.09,2026-03-13 17:26:19,electricalsone,false
1120638,19-14347-28520,EBAY,,317147038631,12UK3P2A,1,10.78,7.89,2026-03-13 17:28:43,so_926407,false
1120656,15-14352-94462,EBAY,,167908899478,CENU88700WH,1,16.19,13.69,2026-03-13 17:39:28,led_sone,false
1120664,10-14360-15058,EBAY,,165201467647,12IP2080,1,9.99,9.99,2026-03-13 18:07:11,led_sone,false
1120668,06-14366-35351,EBAY,,335680616357,LDMG80E274,1,5.89,5.89,2026-03-13 18:15:28,lighting_sone,false
1120669,26-14337-26311,EBAY,,315506602283,12UK3P10A,1,22.78,19.89,2026-03-13 18:15:24,so_926407,false
1120675,06-14366-38801,EBAY,,267035988245,LDST185E274,1,9.49,9.99,2026-03-13 18:23:35,electricalsone,false
1120676,20-14345-93827,EBAY,,313970190915,CRSF100BM+PHHT1PBRBM+CNT900BM,2,28.60,15.89,2026-03-13 18:21:39,so_926407,false
1120677,09-14361-74796,EBAY,,313983309883,CRFF140CH+WSNW170CH+LSSS300CH,1,16.64,17.89,2026-03-13 18:23:05,so_926407,false
1120685,24-14355-04321,EBAY,,163585361443,24IP6760,1,16.89,16.89,2026-03-13 18:32:56,led_sone,false
1120688,01-14374-13600,EBAY,,267213772077,12IP2024,1,6.17,6.49,2026-03-13 18:46:35,electricalsone,false
1120689,23-14341-89680,EBAY,,162553025729,LDMC35E1425PK,1,12.25,12.89,2026-03-13 18:49:36,led_sone,false
1120695,15-14353-28276,EBAY,,305682162344,LSCY290GY+RPR44WH,2,26.38,13.89,2026-03-13 18:52:37,coventrylights,false
1120699,19-14347-74020,EBAY,,266190476182,24IP2024,1,6.64,6.99,2026-03-13 19:06:42,electricalsone,false
1120705,14-14354-97908,EBAY,,166276881031,LHHGE27WH,1,5.49,5.49,2026-03-13 19:16:07,led_sone,false
1120706,15-14353-41531,EBAY,,163949805993,CRSF100BM+PHHT1PBRGD+SCRN70BM+LSTF40BM,1,19.64,19.64,2026-03-13 19:17:39,bestbringer,false
1120707,24-14355-29244,EBAY,,317803528740,PHSF1BMTBM+LSGLSC150BM,2,33.46,17.99,2026-03-13 19:20:01,so_926407,false
1120708,08-14363-37966,EBAY,,267527185215,TSLCQA15WH,2,11.38,5.99,2026-03-13 19:19:27,electricalsone,false
1120715,05-14368-43568,EBAY,,163585361443,12IP6720,1,10.99,10.99,2026-03-13 19:25:32,led_sone,false
1120716,05-14368-43568,EBAY,,163585361443,12IP6710,1,7.89,7.89,2026-03-13 19:25:32,led_sone,false
1120717,13-14356-67698,EBAY,,336133245139,LDCWB2253PK,1,19.76,8.30,2026-03-13 19:27:11,lighting_sone,false
1120724,03-14370-87336,EBAY,,304786539461,12BO28,1,12.34,12.99,2026-03-13 19:34:37,coventrylights,false
1120734,23-14342-24121,EBAY,,163841554029,LHNSE27WH,1,9.99,9.99,2026-03-13 20:04:33,led_sone,false
1120735,08-14363-49601,EBAY,,317897708611,LDST45E2743PK,1,13.70,13.70,2026-03-13 19:46:59,so_926407,false
1120739,01-14374-46901,EBAY,,305698440823,CL3TGL2PK,1,5.14,5.41,2026-03-13 19:57:35,coventrylights,false
1120740,06-14366-85060,EBAY,,167943434245,CL3TGY2PK,1,5.49,5.49,2026-03-13 19:57:51,led_sone,false
1120744,15-14353-60312,EBAY,,163693940389,CBSF115,1,5.49,5.49,2026-03-13 20:02:33,led_sone,false
1120745,23-14342-24121,EBAY,,164002855928,LHSHE27WH,1,7.89,7.89,2026-03-13 20:04:33,led_sone,false
1120746,23-14342-24121,EBAY,,167943434245,CL3TAG2PK,1,5.49,5.49,2026-03-13 20:04:33,led_sone,false
1120747,20-14346-43442,EBAY,,167565749301,CCBKNWE3,1,4.99,4.99,2026-03-13 20:05:02,led_sone,false
1120748,22-14343-63981,EBAY,,163285120530,HLLK75BM,1,5.49,5.49,2026-03-13 20:07:30,led_sone,false
1120753,24-14355-51110,EBAY,,266630626996,WCB4BM+RPR44WH,1,8.07,8.49,2026-03-13 20:12:50,electricalsone,false
1120758,02-14372-80422,EBAY,,266193179938,LDMST64E274,1,6.49,6.49,2026-03-13 20:30:02,electricalsone,false
1120765,09-14362-37695,EBAY,,315384745645,CRSF108CO+WSAT105CO+ICST64E27,4,34.16,9.49,2026-03-13 20:39:18,so_926407,false
1120773,01-14374-69995,EBAY,,317608868049,SPSD88SN2PK,1,9.88,6.99,2026-03-13 20:57:23,so_926407,false
1120776,08-14363-74693,EBAY,,165019610297,PLDMBC,2,38.86,20.89,2026-03-13 20:50:53,led_sone,false
1120777,08-14363-76688,EBAY,,163359416713,HLSC128BM,24,77.52,3.59,2026-03-13 20:56:06,led_sone,false
1120780,13-14357-04518,EBAY,,265660312560,ENC864,1,18.98,18.98,2026-03-13 21:00:55,electricalsone,false
1120783,14-14355-45386,EBAY,,266193179938,LDMC35E142,1,5.49,5.49,2026-03-13 21:15:41,electricalsone,false
1120787,15-14353-90476,EBAY,,165634844757,LDMC35E144APK,1,29.89,29.89,2026-03-13 21:21:48,led_sone,false
1120790,01-14374-83168,EBAY,,266190476182,12IP20120,1,15.10,15.89,2026-03-13 21:33:26,electricalsone,false
1120792,11-14359-74808,EBAY,,167833569765,WCCYSP160BM,1,11.49,11.49,2026-03-13 21:34:50,led_sone,false
1120795,06-14367-27376,EBAY,,267073162939,LDMST64E2782PK,1,10.92,11.49,2026-03-13 21:50:31,electricalsone,false
1120804,16-14352-72412,EBAY,,167842633756,WCFL180RO,1,12.89,12.89,2026-03-13 22:03:36,led_sone,false
1120805,25-14339-78268,EBAY,,163308804201,LHBPE27BM+CGMLBM,1,7.88,4.99,2026-03-13 22:09:04,led_sone,false
1120810,11-14359-87555,EBAY,,255943162150,LHC5E27WH3PK,1,9.27,9.27,2026-03-13 22:11:58,vintageinterior,false
1120815,23-14342-80177,EBAY,,314225179309,PCRN100TP,4,19.16,4.79,2026-03-13 22:39:58,so_926407,false
1120816,23-14342-80177,EBAY,,314225179309,PCRN300TP,4,27.96,6.99,2026-03-13 22:39:58,so_926407,false
1120817,25-14339-85439,EBAY,,163617109673,LSFT220BM+RPR44WH,1,10.99,10.99,2026-03-13 22:31:02,led_sone,false
1120824,18-14349-99559,EBAY,,266196207353,PSOS2BMB14BM,1,7.53,7.53,2026-03-13 22:52:38,electricalsone,false
1120832,16-14352-94131,EBAY,,164068060437,HRE1428WHAPK,1,7.98,5.09,2026-03-13 23:11:32,led_sone,false
1120833,18-14350-06203,EBAY,,313970196188,PHHR2HETHE+ICST64E27,1,15.50,16.67,2026-03-13 23:14:32,so_926407,false
1120836,18-14350-08104,EBAY,,164928157646,LHC1E27WH5PK,1,18.89,18.89,2026-03-13 23:20:57,led_sone,false
1120837,20-14347-17498,EBAY,,164261730528,12BO18,1,8.29,8.29,2026-03-13 23:39:28,led_sone,false
1120839,18-14350-14849,EBAY,,335680620222,WCB4WH+RPR44WH,3,22.47,7.49,2026-03-13 23:42:30,lighting_sone,false
1120843,15-14354-53766,EBAY,,266827784713,PSHNOS4BRBM+ICST64E27,1,12.92,13.89,2026-03-14 00:41:01,electricalsone,false
1120849,15-14354-79283,EBAY,,315930332041,PLTYRR+ICST64E2760,1,18.88,18.88,2026-03-14 02:09:03,so_926407,false
1120850,24-14356-64523,EBAY,,167403486899,LDMST64E2743PK,1,13.09,13.09,2026-03-14 02:04:01,led_sone,false
1120851,15-14354-79283,EBAY,,315930332041,PLTYBM+ICST64E2760,1,18.88,18.88,2026-03-14 02:09:03,so_926407,false
1120857,12-14359-48084,EBAY,,165094836684,LHSHE27BN,1,5.49,5.49,2026-03-14 03:20:02,led_sone,false
1120877,15-14355-30727,EBAY,,166596769613,LSEL400WH2PK+RPR44WH2PK,1,29.34,31.89,2026-03-14 06:52:41,led_sone,false
1120884,08-14365-30993,EBAY,,164942250673,CL2RWH,4,15.56,3.89,2026-03-14 07:22:10,led_sone,false
1120885,08-14365-30993,EBAY,,163163376789,LHPVE27BM,1,4.99,4.99,2026-03-14 07:22:10,led_sone,false
1120887,11-14361-14615,EBAY,,265657802178,CNP1000YB,3,23.67,8.49,2026-03-14 07:24:05,electricalsone,false
1120896,18-14351-18158,EBAY,,162276028284,12IP6750,1,15.67,16.49,2026-03-14 07:52:50,led_sone,false
1120900,05-14370-39970,EBAY,,266827784713,PSHNOS4WRWH,3,32.97,10.99,2026-03-14 08:04:50,electricalsone,false
1120901,05-14370-39970,EBAY,,266726121290,LHSHE27YB2PK,1,10.99,10.99,2026-03-14 08:04:50,electricalsone,false
1120902,05-14370-39970,EBAY,,266726121290,LHSHE27YB,1,6.99,6.99,2026-03-14 08:04:50,electricalsone,false
1120913,25-14341-18346,EBAY,,166032301756,LHSHE27FG2PK,1,10.99,10.99,2026-03-14 08:42:56,led_sone,false
1120914,26-14339-63899,EBAY,,255943162124,PSOS2HETBM,1,10.73,11.29,2026-03-14 08:42:45,vintageinterior,false
1120931,18-14351-30891,EBAY,,166814131457,WBMG2030WH,1,7.87,7.87,2026-03-14 09:09:32,led_sone,false
1120935,04-14371-53071,EBAY,,165261757862,ENC2435,1,14.78,15.89,2026-03-14 09:13:36,led_sone,false
1120939,04-14371-55963,EBAY,,266190312912,CL3TBM5PK,1,12.89,12.89,2026-03-14 09:28:24,electricalsone,false
1120940,13-14358-76455,EBAY,,305698723917,LDMG80E274,1,6.89,6.89,2026-03-14 09:21:56,coventrylights,false
1120944,24-14357-44211,EBAY,,164055884914,LSTL260BC+RPR44WH,1,9.19,9.19,2026-03-14 09:38:16,led_sone,false
1120947,16-14354-26516,EBAY,,267284134030,CL3RBD5PK,1,11.99,11.99,2026-03-14 09:46:23,electricalsone,false
1120948,20-14348-40957,EBAY,,166898541107,WBERT29BL2PK,1,5.99,5.99,2026-03-14 09:45:15,led_sone,false
1120954,08-14365-58096,EBAY,,167943863245,TSTS25WH,4,9.10,2.39,2026-03-14 10:00:21,led_sone,false
1120963,26-14339-82783,EBAY,,122982748420,LHNHE27CO,2,10.94,5.70,2026-03-14 10:20:33,dctransformer,false
1120975,17-14352-81486,EBAY,,165709660426,PHSF1AGTGB,1,10.99,10.99,2026-03-14 10:31:37,led_sone,false
1120985,01-14376-60505,EBAY,,267273344004,CRSF100CO+PHSH1PBRCO+LSSS300CO,2,33.98,17.89,2026-03-14 10:45:37,electricalsone,false
1121002,06-14369-03768,EBAY,,164636015985,24IP20400,1,23.63,24.87,2026-03-14 11:08:58,led_sone,false
1121009,02-14374-91921,EBAY,,167978732642,CKKLBY,1,8.49,8.49,2026-03-14 11:32:23,led_sone,false
1121014,12-14360-30939,EBAY,,266188024005,CCBKNWE36,1,8.36,8.99,2026-03-14 11:23:51,electricalsone,false
1121015,26-14339-96469,EBAY,,267213906251,CCBKNWE7,1,5.39,5.39,2026-03-14 11:24:44,electricalsone,false
1121016,21-14346-89771,EBAY,,163999115806,SPSD88SN2PK,1,6.99,6.99,2026-03-14 11:26:15,led_sone,false
1121020,02-14374-91921,EBAY,,167978732642,CKA12ATC518BM,1,9.31,9.31,2026-03-14 11:32:23,led_sone,false
1121021,24-14357-69524,EBAY,,305698723917,LDMT45B224,1,5.49,5.49,2026-03-14 11:38:58,coventrylights,false
1121027,17-14352-96884,EBAY,,163594578268,PLHIBC,2,92.88,48.89,2026-03-14 11:41:30,led_sone,false
1121028,07-14367-61094,EBAY,,164650149128,CL2RBT3PK,1,7.43,7.99,2026-03-14 11:48:58,led_sone,false
1121032,21-14346-96436,EBAY,,306178227488,LSFT220SN+RPR44WH,1,10.96,11.78,2026-03-14 11:54:05,coventrylights,false
1121036,16-14354-57640,EBAY,,165131177604,WCSQBW+RPR44WH,2,24.48,12.89,2026-03-14 12:07:55,led_sone,false
1121044,06-14369-20503,EBAY,,163481444917,PHSF1GDTYB,4,39.56,10.99,2026-03-14 12:17:57,led_sone,false
1121051,14-14357-51977,EBAY,,317622548358,CKKLYB,1,7.90,8.49,2026-03-14 12:24:16,so_926407,false
1121052,21-14347-05159,EBAY,,267068731282,12IP6760,2,31.32,16.49,2026-03-14 12:27:36,electricalsone,false
1121056,25-14341-69594,EBAY,,165452014120,LHRIE14BM,1,5.89,5.89,2026-03-14 12:37:50,led_sone,false
1121068,07-14367-80451,EBAY,,306364873239,RWWPSY08120YE,1,7.33,7.88,2026-03-14 13:00:24,coventrylights,false
1121081,17-14353-21934,EBAY,,265750044855,CL2RLB,5,9.75,2.17,2026-03-14 13:13:01,electricalsone,false
1121088,19-14350-50710,EBAY,,163441967260,CRFF108BM+WSSS70BM+SCRN70BM,2,18.24,9.60,2026-03-14 13:23:36,led_sone,false
1121089,27-14339-09691,EBAY,,163693940389,CBSF120,1,5.49,5.49,2026-03-14 13:27:43,led_sone,false
1121091,02-14375-23240,EBAY,,267121715682,12IP6710,3,21.99,7.89,2026-03-14 13:26:15,electricalsone,false
1121092,10-14363-23582,EBAY,,267295981796,CRFF75GB+LHAHE27GB,1,8.99,8.99,2026-03-14 13:28:34,electricalsone,false
1121098,21-14347-24663,EBAY,,267213906251,CCBKNWE122PK,1,8.49,8.49,2026-03-14 13:32:40,electricalsone,false
1121099,05-14371-14229,EBAY,,306773738969,TPOS1PRBRO,1,14.78,15.89,2026-03-14 13:33:54,coventrylights,false
1121104,07-14367-96650,EBAY,,163896048573,LSOL180BB+RPR44WH,1,9.99,9.99,2026-03-14 13:50:57,led_sone,false
1121106,20-14349-13610,EBAY,,313154103184,WCB7WH+RPR44WH,1,8.98,8.98,2026-03-14 14:22:17,so_926407,false
1121107,07-14367-99186,EBAY,,334800070610,WCB3BS+RPR44WH,1,7.89,7.89,2026-03-14 13:58:30,re6865,false
1121113,15-14356-27822,EBAY,,164876989304,LHCCE27WH+CGMLWH,1,5.49,5.49,2026-03-14 14:11:10,led_sone,false
1121114,14-14357-87242,EBAY,,164638153137,CCBKNWE3,1,4.99,4.99,2026-03-14 14:17:08,led_sone,false
1121128,14-14357-89903,EBAY,,164725952794,CRSF100GB+PHUP1PBRGB,1,10.44,10.99,2026-03-14 14:24:42,led_sone,false
1121130,20-14349-13610,EBAY,,313970190845,WCB6BM+RPR44WH,1,8.99,8.99,2026-03-14 14:22:17,so_926407,false
1121139,02-14375-50277,EBAY,,162975561793,CL3TBMAPK,1,24.89,24.89,2026-03-14 14:45:28,led_sone,false
1121140,03-14373-80586,EBAY,,164650149128,CL2RBR3PK,1,8.36,8.99,2026-03-14 14:48:52,led_sone,false
1121152,17-14353-56965,EBAY,,313970196189,ENC2440,1,22.70,22.70,2026-03-14 14:56:21,so_926407,false
1121153,17-14353-56965,EBAY,,313520952828,ENC685,1,53.89,53.89,2026-03-14 14:56:21,so_926407,false
1121154,14-14358-02992,EBAY,,164914116662,IMCWFPK,1,28.49,28.49,2026-03-14 15:01:04,led_sone,false
1121156,27-14339-47483,EBAY,,167943434245,CL3TOR2PK,1,5.49,5.49,2026-03-14 15:14:05,led_sone,false
1121158,21-14347-56065,EBAY,,304825326571,CRSF100BM,1,4.73,5.09,2026-03-14 15:02:48,coventrylights,false
1121161,27-14339-47483,EBAY,,165559546702,CRSF100OR,1,4.99,4.99,2026-03-14 15:14:05,led_sone,false
1121162,17-14353-65481,EBAY,,164093426305,WCB7WH+RPR44WH,1,8.99,8.99,2026-03-14 15:17:19,led_sone,false
1121163,11-14362-34136,EBAY,,166022125525,CRSF108CH+WCDC10CH+ICST64E27,2,37.78,19.89,2026-03-14 15:20:19,led_sone,false
1121164,23-14345-12892,EBAY,,266027916399,LHBPE27BM,1,4.74,4.99,2026-03-14 15:11:41,electricalsone,false
1121165,27-14339-47472,EBAY,,265660312613,ENC586,2,76.87,37.89,2026-03-14 15:14:04,electricalsone,false
1121171,24-14358-42055,EBAY,,305698440823,CL3TBRAPK,1,20.06,21.12,2026-03-14 15:26:22,coventrylights,false
1121172,17-14353-69191,EBAY,,164255843565,RPR44WH2PK,1,4.99,4.99,2026-03-14 15:27:02,led_sone,false
1121173,08-14366-52294,EBAY,,164492030061,CL3TGR,5,15.95,3.19,2026-03-14 15:27:15,led_sone,false
1121174,10-14363-69319,EBAY,,161782384942,12UK3P5A,1,11.98,11.98,2026-03-14 15:35:32,led_sone,false
1121176,23-14345-21239,EBAY,,306333551677,LDSG95DIE2745PK,1,49.92,49.92,2026-03-14 15:32:09,coventrylights,false
1121177,23-14345-21239,EBAY,,306333551677,LDSG95DIE274,1,11.89,11.89,2026-03-14 15:32:09,coventrylights,false
1121178,22-14346-62440,EBAY,,306333551677,LDSG95DIE2745PK,1,49.92,49.92,2026-03-14 15:38:09,coventrylights,false
1121179,22-14346-62440,EBAY,,306333551677,LDSG95DIE274,1,11.89,11.89,2026-03-14 15:38:09,coventrylights,false
1121180,03-14373-99340,EBAY,,256004333819,LHC5E27WH3PK,1,9.29,9.29,2026-03-14 15:37:09,vintageinterior,false
1121181,19-14350-99507,EBAY,,313484742661,12IP2015,1,9.53,6.99,2026-03-14 15:39:21,so_926407,false
1121187,14-14358-25090,EBAY,,165584303790,CL3TBU,1,3.89,3.89,2026-03-14 15:57:30,led_sone,false
1121189,04-14372-68387,EBAY,,314148529895,12UK3P2A+CODCCR,1,10.88,7.99,2026-03-14 15:58:31,so_926407,false
1121190,25-14342-38755,EBAY,,317147038631,12UK3P2A,1,10.78,7.89,2026-03-14 15:56:54,so_926407,false
1121196,22-14346-71539,EBAY,,164643699383,LHETB22GD,1,5.51,5.80,2026-03-14 16:02:03,led_sone,false
1121205,19-14351-12810,EBAY,,256570260720,LSCY210BG2PK+RPR44WH2PK,2,31.50,16.58,2026-03-14 16:14:20,vintageinterior,false
1121221,27-14339-76823,EBAY,,254886123331,CRSF100GB,1,5.09,5.09,2026-03-14 16:30:45,vintageinterior,false
1121222,19-14351-22025,EBAY,,163481444917,PHSF1GDTYB,1,10.99,10.99,2026-03-14 16:37:37,led_sone,false
1121231,12-14361-37535,EBAY,,162830271380,12BO28,1,10.22,10.99,2026-03-14 16:44:00,led_sone,false
1121241,05-14371-88956,EBAY,,314111067207,LDSG95DIE274,2,15.18,7.99,2026-03-14 16:55:03,so_926407,false
1121246,14-14358-50024,EBAY,,266630626996,WCB6BS+RPR44WH,1,8.54,8.99,2026-03-14 17:01:37,electricalsone,false
1121253,20-14349-79343,EBAY,,164914367042,5IP2028,1,5.49,5.49,2026-03-14 17:14:09,led_sone,false
1121263,15-14357-01798,EBAY,,164554452349,PLADBM,1,42.65,44.89,2026-03-14 17:25:27,led_sone,false
1121265,19-14351-38899,EBAY,,305682162344,LSFT220NB+RPR44WH,1,10.14,10.67,2026-03-14 17:21:38,coventrylights,false
1121266,05-14372-01895,EBAY,,313527919541,LHEDE27GD,1,6.49,6.49,2026-03-14 17:28:38,so_926407,false
1121278,21-14348-19458,EBAY,,313970196189,PHCD1PBRBW+LSTM310BM,1,22.03,23.69,2026-03-14 17:46:07,so_926407,false
1121283,02-14376-24396,EBAY,,266194586886,CL3TLG5PK,1,14.79,14.79,2026-03-14 17:57:05,electricalsone,false
1121284,23-14345-74489,EBAY,,163138469118,LHBRE27BM+CGMLBM,1,5.22,5.49,2026-03-14 17:50:54,led_sone,false
1121286,11-14362-94075,EBAY,,255943162124,PSOS2HETBM,1,10.73,11.29,2026-03-14 17:56:09,vintageinterior,false
1121291,05-14372-16464,EBAY,,267068731282,24IP67200,1,40.75,42.89,2026-03-14 18:06:40,electricalsone,false
1121297,08-14367-17999,EBAY,,266190303273,12UK3P5A+SLW8,1,18.36,16.16,2026-03-14 18:16:48,electricalsone,false
1121318,12-14361-86868,EBAY,,313970190861,CRSF100SN+PHCN1PCRSN,1,10.35,8.29,2026-03-14 18:41:44,so_926407,false
1121320,13-14360-66121,EBAY,,315379102143,LDMST64E274,1,9.88,6.99,2026-03-14 18:58:59,so_926407,false
1121324,22-14347-47751,EBAY,,266785504818,CL2TGY,1,3.99,3.99,2026-03-14 19:02:32,electricalsone,false
1121325,06-14370-75035,EBAY,,265814786228,CRSF100PI+PHCH1PWRSPI+LDA60E274WW,1,12.89,12.89,2026-03-14 19:06:19,electricalsone,false
1121326,02-14376-59315,EBAY,,267068731282,12IP6710,2,14.98,7.89,2026-03-14 19:09:32,electricalsone,false
1121339,20-14350-37692,EBAY,,256922753150,LHTOE27SN,1,5.60,5.89,2026-03-14 19:28:16,vintageinterior,false
1121341,10-14364-65525,EBAY,,167903685999,LDLIE27SR42PK,1,11.79,11.79,2026-03-14 19:27:41,led_sone,false
1121342,20-14350-37695,EBAY,,164492030061,CL2TBM,1,2.80,2.80,2026-03-14 19:28:33,led_sone,false
1121343,20-14350-37695,EBAY,,163841554029,LHNSE27BM,2,19.98,9.99,2026-03-14 19:28:33,led_sone,false
1121344,20-14350-37695,EBAY,,164492030061,CL2TGD,5,27.45,5.49,2026-03-14 19:28:33,led_sone,false
1121345,20-14350-37695,EBAY,,163277557074,LHNHE27GB,1,5.49,5.49,2026-03-14 19:28:33,led_sone,false
1121346,20-14350-37695,EBAY,,164492030061,CL2TGY,7,20.93,2.99,2026-03-14 19:28:33,led_sone,false
1121347,20-14350-37695,EBAY,,166032301756,LHBBE27YB,1,6.99,6.99,2026-03-14 19:28:33,led_sone,false
1121348,20-14350-37695,EBAY,,165591124700,LHBBE27BN,1,6.99,6.99,2026-03-14 19:28:33,led_sone,false
1121349,20-14350-37695,EBAY,,163740897090,CL2RHE,7,22.26,3.18,2026-03-14 19:28:33,led_sone,false
1121355,19-14351-96421,EBAY,,266191645929,PSDS4BMBBM,1,9.99,9.99,2026-03-14 19:33:46,electricalsone,false
1121356,02-14376-69179,EBAY,,164666761396,LSMS320BI+RPR44WH,1,12.78,13.89,2026-03-14 19:35:52,led_sone,false
1121360,18-14353-42763,EBAY,,164666761396,LSMS320BT+RPR44WH,1,12.87,13.99,2026-03-14 19:49:43,led_sone,false
1121370,22-14347-69493,EBAY,,254344269139,CRSF100GB+PHUP1PBRGB+ICST64E2740,1,13.89,13.89,2026-03-14 19:59:30,vintageinterior,false
1121375,19-14352-07241,EBAY,,266190357030,5IP20202PK,1,8.49,8.49,2026-03-14 20:02:48,electricalsone,false
1121377,11-14363-51136,EBAY,,162711487073,CL3TBR,3,8.88,3.19,2026-03-14 20:07:53,led_sone,false
1121378,26-14341-88052,EBAY,,306765506527,LSMCP1ULMC2PK+ICST64E272PK,1,71.00,78.89,2026-03-14 20:10:31,coventrylights,false
1121385,20-14350-58302,EBAY,,265825123126,LDSHEAE274,1,11.48,8.49,2026-03-14 20:23:25,electricalsone,false
1121388,03-14375-15390,EBAY,,162562112782,24IP20240,1,21.46,22.59,2026-03-14 20:22:35,led_sone,false
1121402,16-14356-52184,EBAY,,267284134030,CL3RAG5PK,1,11.99,11.99,2026-03-14 20:46:47,electricalsone,false
1121403,16-14356-50057,EBAY,,163678721625,CRSF100BM+LHNSE27BY,2,18.98,9.99,2026-03-14 20:40:43,led_sone,false
1121415,02-14377-02720,EBAY,,163205266658,CCBKNWE12,1,5.89,5.89,2026-03-14 21:07:29,led_sone,false
1121437,25-14343-70715,EBAY,,267347631950,ENC8898,1,71.00,78.89,2026-03-14 21:28:36,electricalsone,false
1121444,11-14363-83883,EBAY,,254348058736,PSOS4BMBBM,1,10.89,10.89,2026-03-14 21:40:01,vintageinterior,false
1121445,17-14355-13739,EBAY,,306569336602,RBLSDO210BC+RPR44WH,3,17.77,5.12,2026-03-14 21:31:55,coventrylights,false
1121452,10-14365-15417,EBAY,,164072745873,PHCT1BMRBM+PHBB1BMRBM+LSDO300BM+ICST64E27,1,24.89,24.89,2026-03-14 21:45:47,led_sone,false
1121453,25-14343-76271,EBAY,,305698440823,CL3TGD2PK,1,5.14,5.41,2026-03-14 21:44:56,coventrylights,false
1121457,09-14366-76306,EBAY,,267213772077,12IP2080,1,10.92,11.49,2026-03-14 22:09:10,electricalsone,false
1121461,08-14368-10591,EBAY,,336004546885,WJBIP686BM2PK,1,17.00,17.00,2026-03-14 22:14:13,re6865,false
1121463,25-14343-89725,EBAY,,253177330999,5IP2050,1,8.69,8.69,2026-03-14 22:26:09,vintageinterior,false
1121464,25-14343-89725,EBAY,,253177330999,24IP20240,1,22.00,22.00,2026-03-14 22:26:09,vintageinterior,false
1121465,01-14379-08004,EBAY,,266826182320,PSOS4YBRPB+SCRN70BM+LSFT220BM,1,18.89,18.89,2026-03-14 22:27:35,electricalsone,false
1121468,08-14368-18488,EBAY,,266775826677,WCWDBM+RPR44WH,1,8.99,8.99,2026-03-14 22:39:13,electricalsone,false
1121471,19-14352-61669,EBAY,,305682162344,LSDO300RE+RPR44WH,1,11.30,11.89,2026-03-14 22:41:16,coventrylights,false
1121479,07-14370-06729,EBAY,,267214427494,WCDSBM+RPR44WH,1,8.83,6.49,2026-03-14 23:08:04,electricalsone,false
1121480,16-14356-98480,EBAY,,266198003811,LHETB22GD2PK,1,6.64,6.99,2026-03-14 23:07:05,electricalsone,false
1121482,27-14341-28414,EBAY,,266190303273,SLW23PK,1,16.05,16.89,2026-03-14 23:11:40,electricalsone,false
1121490,25-14344-11038,EBAY,,306398083093,PSFW4RBR,1,12.92,13.89,2026-03-14 23:35:48,coventrylights,false
1121502,03-14375-93101,EBAY,,161782384942,12UK3P5A,1,11.98,11.98,2026-03-15 00:23:38,led_sone,false
1121567,07-14371-13903,EBAY,,256570260720,LSCY210BG+RPR44WH,1,9.40,9.89,2026-03-15 07:06:19,vintageinterior,false
1121568,26-14343-56471,EBAY,,166173994461,SPSDP2WH,1,6.49,6.49,2026-03-15 07:20:09,led_sone,false
1121581,15-14359-46427,EBAY,,267446933196,CRSF100BM+LHNSE27YB+SCRN70YB+LSFT220BI,1,15.89,15.89,2026-03-15 08:06:41,electricalsone,false
1121605,23-14348-17223,EBAY,,164725952794,CRFF100BM+PHUP1PBRBM,1,10.73,11.29,2026-03-15 08:51:12,led_sone,false
1121606,20-14352-37378,EBAY,,164531556164,WCWDBM+RPR44WH,2,18.98,9.99,2026-03-15 09:00:46,led_sone,false
1121611,09-14368-19386,EBAY,,266630626996,WCB7WH+RPR44WH,3,25.08,8.99,2026-03-15 09:04:29,electricalsone,false
1121619,26-14343-75412,EBAY,,266742973079,CL3TBK3PK,1,8.49,8.49,2026-03-15 09:20:12,electricalsone,false
1121625,04-14375-61371,EBAY,,305682162344,LSCY290GR+RPR44WH,4,53.60,14.89,2026-03-15 09:28:21,coventrylights,false
1121626,13-14362-81900,EBAY,,163008902707,12IP67100,1,20.80,21.89,2026-03-15 09:21:52,led_sone,false
1121630,18-14355-41547,EBAY,,336133245139,LDCWB22153PK,1,11.69,11.69,2026-03-15 09:38:18,lighting_sone,false
1121651,18-14355-45813,EBAY,,166887202146,PLTTBS+LSOL180BS+ICST64E2740,1,24.18,26.28,2026-03-15 10:02:42,led_sone,false
1121668,20-14352-56422,EBAY,,255991563117,WCB4BC+RPR44WH,1,7.49,7.49,2026-03-15 10:33:11,vintageinterior,false
1121669,19-14354-12616,EBAY,,266309618349,WCBNBM+RPR44WH,5,38.20,8.49,2026-03-15 10:32:56,electricalsone,false
1121670,11-14365-54634,EBAY,,163139042292,LDMST64E2783PK,1,19.36,19.36,2026-03-15 10:31:06,led_sone,false
1121671,21-14350-84437,EBAY,,164775055128,CL3RWH,2,7.78,3.89,2026-03-15 10:34:18,led_sone,false
1121688,06-14373-09647,EBAY,,163539760863,12RPIP45250,1,18.77,18.77,2026-03-15 11:06:21,led_sone,false
1121695,22-14349-86063,EBAY,,166239358700,LHHGE27BM,1,5.49,5.49,2026-03-15 11:16:49,led_sone,false
1121699,19-14354-25122,EBAY,,266759703334,12UK3P5A,1,11.89,11.89,2026-03-15 11:29:22,electricalsone,false
1121700,04-14375-85918,EBAY,,125080773359,CBSF175,2,11.18,5.89,2026-03-15 11:22:08,dctransformer,false
1121702,10-14366-96251,EBAY,,163110922668,LHSHE27WH,4,21.96,5.49,2026-03-15 11:26:53,led_sone,false
1121703,10-14366-96251,EBAY,,165838815688,CRSF100WH,2,11.78,5.89,2026-03-15 11:26:53,led_sone,false
1121710,05-14374-86943,EBAY,,333733177213,PHCT1BMRBM+PHDO1PBRBM+LSCY290YB,10,259.10,28.79,2026-03-15 11:32:40,re6865,false
1121719,26-14344-09235,EBAY,,256004417601,CCBKNWE7,1,5.39,5.39,2026-03-15 11:53:31,vintageinterior,false
1121720,26-14344-09235,EBAY,,256004417601,CCBKNWE12,1,5.89,5.89,2026-03-15 11:53:31,vintageinterior,false
1121728,12-14364-46393,EBAY,,165452014120,LHRIE14WH,1,4.99,4.99,2026-03-15 12:01:03,led_sone,false
1121733,10-14367-07497,EBAY,,304806215764,CRSF100BM+WSTR135BM+LSCY210BC+ICST64E27,1,18.30,19.68,2026-03-15 12:12:02,coventrylights,false
1121740,19-14354-39039,EBAY,,266196207353,PSOS2BMB14BM,1,7.53,7.53,2026-03-15 12:23:53,electricalsone,false
1121741,20-14352-84176,EBAY,,315379102143,LDMST64E278,1,11.78,8.89,2026-03-15 12:28:31,so_926407,false
1121742,14-14361-58830,EBAY,,166814131457,WBMG2030WH,1,7.87,7.87,2026-03-15 12:27:02,led_sone,false
1121754,02-14379-15804,EBAY,,266190476182,12IP20720,1,44.53,46.87,2026-03-15 12:39:30,electricalsone,false
1121755,13-14363-27432,EBAY,,164636015985,5IP2030,1,8.07,8.49,2026-03-15 12:38:49,led_sone,false
1121756,20-14352-86689,EBAY,,165621031025,LDSHEAE274,1,6.99,6.99,2026-03-15 12:37:31,led_sone,false
1121757,25-14345-77002,EBAY,,164962387430,WCB2WH+RPR44WH,2,17.08,8.99,2026-03-15 12:42:15,led_sone,false
1121758,13-14363-29085,EBAY,,162553025729,LDMG95E278,1,7.12,7.49,2026-03-15 12:44:40,led_sone,false
1121759,23-14348-70752,EBAY,,165479339052,CRSF100CO+PHBK1PBRCO+ICST64E27,3,38.73,13.89,2026-03-15 12:46:23,led_sone,false
1121760,26-14344-24059,EBAY,,304853429528,LDMST64E274,1,5.85,6.29,2026-03-15 12:48:16,coventrylights,false
1121774,21-14351-22847,EBAY,,121990534532,CCBC5,1,5.29,5.29,2026-03-15 13:06:13,dctransformer,false
1121786,13-14363-37667,EBAY,,162975561793,CL3TGD,1,2.89,2.89,2026-03-15 13:13:34,led_sone,false
1121787,05-14375-16364,EBAY,,265877399733,CGMLBM5PK,2,14.14,7.45,2026-03-15 13:20:12,electricalsone,false
1121793,23-14348-82533,EBAY,,164518703087,PSDS4BMRBM+ICST64E2740,1,15.49,15.49,2026-03-15 13:25:19,led_sone,false
1121802,01-14381-13973,EBAY,,267073162939,LDMT45E2743PK,1,12.25,12.89,2026-03-15 13:44:56,electricalsone,false
1121803,16-14358-94158,EBAY,,267068731282,12IP6715,1,7.50,7.89,2026-03-15 13:50:03,electricalsone,false
1121811,26-14344-44879,EBAY,,255943162150,LHC5E27WH3PK,1,9.27,9.27,2026-03-15 13:55:41,vintageinterior,false
1121812,06-14373-57048,EBAY,,255943162150,LHC5E27WH3PK,1,9.27,9.27,2026-03-15 13:57:17,vintageinterior,false
1121813,06-14373-56078,EBAY,,267192693105,PHSF1BMTBM2PK+ICST64E272PK,1,22.95,24.68,2026-03-15 13:54:21,electricalsone,false
1121814,10-14367-37188,EBAY,,164942250673,CL2TBM,3,7.50,2.69,2026-03-15 13:52:37,led_sone,false
1121815,13-14363-51896,EBAY,,164389514552,PSDS2BMRBW+ICST64E2740,1,13.89,13.89,2026-03-15 13:58:32,led_sone,false
1121828,21-14351-44299,EBAY,,165068836618,CRSF100BM+PHCH1BMRBM+LSCY290BM+ICST64E27,3,57.66,20.89,2026-03-15 14:13:30,led_sone,false
1121829,23-14349-04330,EBAY,,164132412290,CCBKNWE48,1,9.89,9.89,2026-03-15 14:31:08,led_sone,false
1121830,14-14361-93022,EBAY,,164492030061,CL3TIV,4,11.96,2.99,2026-03-15 14:17:46,led_sone,false
1121831,26-14344-52968,EBAY,,162705554358,LDMST64E274,1,5.49,5.49,2026-03-15 14:19:38,led_sone,false
1121840,14-14361-99020,EBAY,,317111834260,WJBSQIP683BM4PK,1,22.89,22.89,2026-03-15 14:34:40,so_926407,false
1121841,14-14361-98111,EBAY,,333725998476,PLWP120BM+LSFT220BM+ICST64E2740,1,21.19,23.54,2026-03-15 14:32:00,re6865,false
1121845,23-14349-04330,EBAY,,164132412290,CCBKNWE48,1,9.89,9.89,2026-03-15 14:31:08,led_sone,false
1121846,12-14364-94920,EBAY,,166814131457,WBMG2030WH,1,7.87,7.87,2026-03-15 14:38:32,led_sone,false
1121851,27-14343-40504,EBAY,,267340970424,CL2RBM2PK,1,3.42,3.42,2026-03-15 14:41:52,electricalsone,false
1121860,25-14346-21831,EBAY,,313614825918,LHBRE27BM+CGMLBM,1,6.69,7.19,2026-03-15 14:59:13,so_926407,false
1121861,27-14343-47496,EBAY,,313614826159,LDMST64E278,2,15.18,7.99,2026-03-15 15:00:46,so_926407,false
1121869,03-14377-90890,EBAY,,165423714444,CRSF100BM+PHHT1PBRBM+WCDCBM+ICST64E27,2,37.22,19.59,2026-03-15 15:01:08,led_sone,false
1121877,18-14356-38103,EBAY,,167470024291,WSIWCRBM,12,225.60,20.89,2026-03-15 15:21:32,led_sone,false
1121891,25-14346-35948,EBAY,,164924746600,CCBKNWE36,1,8.99,8.99,2026-03-15 15:36:02,led_sone,false
1121892,25-14346-35948,EBAY,,164924746600,CCBKNWE25,1,8.19,8.19,2026-03-15 15:36:02,led_sone,false
1121893,20-14353-48707,EBAY,,164261730528,12BO28,1,10.99,10.99,2026-03-15 15:40:16,led_sone,false
1121894,19-14355-01726,EBAY,,333723594175,CRSF100BM+PHSH1PBRYB+SCRN70BM+LSFT220GY,1,15.41,17.12,2026-03-15 15:31:43,re6865,false
1121898,01-14381-58849,EBAY,,167833569765,WCCYSP160WH2PK,1,16.89,16.89,2026-03-15 15:48:18,led_sone,false
1121904,25-14346-45942,EBAY,,304924984512,LSFT220GY+RPR44WH,1,10.22,10.99,2026-03-15 16:00:46,coventrylights,false
1121912,24-14362-61716,EBAY,,164492030061,CL3TBR,2,6.58,3.29,2026-03-15 16:03:12,led_sone,false
1121914,23-14349-42773,EBAY,,163163376789,LHRTE27WH,1,5.89,5.89,2026-03-15 16:10:40,led_sone,false
1121923,15-14360-83108,EBAY,,264003181832,HLHG120CH3PK,1,7.89,7.89,2026-03-15 16:20:24,electricalsone,false
1121929,23-14349-44726,EBAY,,313614826214,LHSHE27CH,1,8.58,5.99,2026-03-15 16:15:15,so_926407,false
1121953,17-14358-07722,EBAY,,267120297665,LDMT185E2742PK,1,8.07,8.49,2026-03-15 16:47:35,electricalsone,false
1121954,26-14345-11347,EBAY,,166598501724,RWWPSYBF25GY,1,4.99,4.99,2026-03-15 16:47:32,led_sone,false
1121960,10-14368-10020,EBAY,,265750044855,CL3RGL,2,11.80,3.05,2026-03-15 17:00:10,electricalsone,false
1121963,14-14362-56082,EBAY,,167833569765,WCCYSP160BM,1,11.49,11.49,2026-03-15 16:56:24,led_sone,false
1121970,23-14349-66676,EBAY,,165034430470,ENC1849,1,18.30,19.89,2026-03-15 17:06:00,led_sone,false
1121971,20-14353-86867,EBAY,,164132412290,CCBKNWE48,3,27.57,9.89,2026-03-15 17:09:57,led_sone,false
1121973,20-14353-83191,EBAY,,305682162344,LSMS320WH+RPR44WH,1,13.08,13.77,2026-03-15 17:01:59,coventrylights,false
1121984,21-14352-18128,EBAY,,163285120530,HLCH96BM,3,7.77,2.79,2026-03-15 17:17:44,led_sone,false
1121996,24-14363-03825,EBAY,,265660312522,12IP67150,2,56.78,29.89,2026-03-15 17:39:14,electricalsone,false
1121997,14-14362-74453,EBAY,,266190476182,5IP2050,1,8.07,8.49,2026-03-15 17:37:23,electricalsone,false
1122003,21-14352-29169,EBAY,,164886083918,ENC1601,1,46.49,49.99,2026-03-15 17:41:42,led_sone,false
1122004,24-14363-06272,EBAY,,164788778811,CL2RRE,7,18.83,2.99,2026-03-15 17:44:48,led_sone,false
1122005,25-14346-92440,EBAY,,333763683424,CRSF100YB+LHNSE27YB+LSDM220YB+ICST64E27,1,17.52,19.47,2026-03-15 17:46:27,re6865,false
1122006,15-14361-22375,EBAY,,266197864340,PSDS4BMBBM,1,9.99,9.99,2026-03-15 17:48:50,electricalsone,false
1122007,24-14363-06271,EBAY,,254890527953,LHSBE27BM3PK,1,8.59,8.59,2026-03-15 17:44:37,vintageinterior,false
1122019,16-14359-94913,EBAY,,167943434245,CL3TBM2PK,1,5.49,5.49,2026-03-15 17:58:30,led_sone,false
1122028,15-14361-33558,EBAY,,306343677721,PSHYOS2BRBM+CBMP140BM,1,15.07,12.99,2026-03-15 18:08:20,coventrylights,false
1122030,11-14367-15451,EBAY,,265660313956,CL3RBW,2,11.38,5.99,2026-03-15 18:10:16,electricalsone,false
1122036,04-14377-37674,EBAY,,254831755121,CL3TBR,3,8.88,3.19,2026-03-15 18:14:03,vintageinterior,false
1122038,23-14350-04620,EBAY,,167833569765,WCCYSP160BM2PK+RPR44WH2PK,1,18.49,18.49,2026-03-15 18:20:26,led_sone,false
1122048,09-14370-08649,EBAY,,162553025729,LDMST64E2763PK,1,12.25,12.89,2026-03-15 18:28:08,led_sone,false
1122049,14-14363-02173,EBAY,,168204557649,CRSF100BM+LHNSE27BM+LSCY290BG,3,47.10,16.89,2026-03-15 18:26:42,led_sone,false
1122060,07-14373-24986,EBAY,,315379102143,LDMST64E278,1,11.78,8.89,2026-03-15 18:34:17,so_926407,false
1122061,23-14350-12894,EBAY,,315379102143,LDMST64E278,5,43.89,8.89,2026-03-15 18:34:59,so_926407,false
1122062,23-14350-12893,EBAY,,164056007175,PLHIBM,1,44.01,44.01,2026-03-15 18:35:14,led_sone,false
1122063,15-14361-52007,EBAY,,167943793586,TSLCQA25WH,1,6.99,6.99,2026-03-15 18:40:20,led_sone,false
1122072,22-14351-55076,EBAY,,304974058894,LSDO210WH2PK+RPR44WH2PK,1,15.80,16.99,2026-03-15 18:42:44,coventrylights,false
1122086,19-14355-99986,EBAY,,305698440823,CL3TBD3PK,1,7.80,8.21,2026-03-15 19:00:07,coventrylights,false
1122087,09-14370-23315,EBAY,,164886581739,CCBC9,1,5.49,5.49,2026-03-15 18:57:20,led_sone,false
1122088,27-14344-54492,EBAY,,123461354229,LHCCE27WH+CGMLWH,1,5.42,5.42,2026-03-15 18:53:49,dctransformer,false
1122090,08-14371-55492,EBAY,,267340970424,CL3TBP2PK,1,4.03,4.03,2026-03-15 18:57:12,electricalsone,false
1122094,07-14373-38767,EBAY,,168042902689,CRSF2003BM+LHTMGU10BM3PK+LDGU10CW53PK,1,21.89,21.89,2026-03-15 19:02:14,led_sone,false
1122110,20-14354-57366,EBAY,,267527349850,CENU19150WH,1,3.99,3.99,2026-03-15 19:27:44,electricalsone,false
1122116,17-14358-93362,EBAY,,164531556164,WCSLBM+RPR44WH,1,8.54,8.99,2026-03-15 19:38:01,led_sone,false
1122128,26-14346-02724,EBAY,,166042649983,CRSF100BM+PHHN1PBRGD+LSDO210BG+ICST64E27,3,51.03,18.29,2026-03-15 19:49:36,led_sone,false
1122129,01-14382-74369,EBAY,,167943272260,CL3TBM,1,3.19,3.19,2026-03-15 19:48:12,led_sone,false
1122155,08-14371-95248,EBAY,,267498024605,CRSF2003BM+LHTMGU10BM3PK+LDGU10CW53PK,2,41.58,21.89,2026-03-15 20:16:48,electricalsone,false
1122163,04-14378-04905,EBAY,,164492030061,CL3TBK,2,6.58,3.29,2026-03-15 20:25:51,led_sone,false
1122171,17-14359-19969,EBAY,,305698723917,LDMST64E278,1,8.99,8.99,2026-03-15 20:32:11,coventrylights,false
1122179,20-14354-94115,EBAY,,164525233292,LSFT220GR+RPR44WH,1,10.35,10.89,2026-03-15 20:42:59,led_sone,false
1122181,17-14359-24882,EBAY,,253177330999,5IP2020,2,12.32,6.49,2026-03-15 20:42:47,vintageinterior,false
1122188,04-14378-17250,EBAY,,313970190913,CCBKNWE12,4,24.84,5.89,2026-03-15 20:52:05,so_926407,false
1122189,03-14379-58773,EBAY,,315192085660,LDST185E274,1,6.69,7.19,2026-03-15 20:58:54,so_926407,false
1122197,09-14370-85704,EBAY,,164914367042,24IP2024,1,6.99,6.99,2026-03-15 21:05:24,led_sone,false
1122198,13-14365-43203,EBAY,,267340970424,CL2RGD3PK,2,8.54,4.27,2026-03-15 21:00:59,electricalsone,false
1122199,13-14365-43203,EBAY,,267340970424,CL2RBM2PK,2,6.84,3.42,2026-03-15 21:00:59,electricalsone,false
1122200,23-14350-86712,EBAY,,304813856521,PSOS2WHBWH,1,12.93,7.99,2026-03-15 21:06:08,coventrylights,false
1122207,18-14358-05395,EBAY,,163999115806,SPSD78SN2PK,1,6.99,6.99,2026-03-15 21:14:23,led_sone,false
1122208,20-14355-09480,EBAY,,163844479887,PSOS2BMB14BM,1,8.49,8.49,2026-03-15 21:16:29,led_sone,false
1122209,13-14365-49377,EBAY,,265660312527,PSDS2RGD2PK,1,14.75,15.53,2026-03-15 21:14:35,electricalsone,false
1122216,19-14356-71153,EBAY,,254046877476,CCBKNWE12,5,26.50,5.89,2026-03-15 21:27:39,vintageinterior,false
1122217,14-14363-90456,EBAY,,305682162344,LSFT220BL+RPR44WH,1,10.89,10.89,2026-03-15 21:29:10,coventrylights,false
1122218,14-14363-90456,EBAY,,305682162344,LSFT220GR+RPR44WH,1,10.89,10.89,2026-03-15 21:29:10,coventrylights,false
1122225,13-14365-57257,EBAY,,314066051578,LSHQ150BM+RPR44WH,1,9.49,9.99,2026-03-15 21:32:28,so_926407,false
1122229,05-14377-40032,EBAY,,164006555006,LSFT220BM+RPR44WH,1,10.44,10.99,2026-03-15 21:47:22,led_sone,false
1122230,10-14369-48505,EBAY,,315336539099,CRFF108BM+WSUT135BM,2,24.48,12.89,2026-03-15 21:41:37,so_926407,false
1122237,17-14359-57870,EBAY,,266190303273,12UK3P2A+SLW8,1,11.58,12.19,2026-03-15 21:57:04,electricalsone,false
1122238,10-14369-52683,EBAY,,313545685111,CRSF100BM+PHHT1PBRBM,1,11.25,8.99,2026-03-15 21:51:26,so_926407,false
1122239,25-14348-13992,EBAY,,163783451223,WCVCBC+RPR44WH,1,8.54,8.99,2026-03-15 21:51:26,led_sone,false
1122240,15-14362-44029,EBAY,,166474025048,CRSF2003FG+WCCY1ROGD3PK+LDDTCE27123PK,1,56.89,56.89,2026-03-15 21:54:22,led_sone,false
1122241,15-14362-44029,EBAY,,166898522941,CRFF500FG+WCCY1ROGD3PK+LDDTCE27123PK,1,56.28,56.28,2026-03-15 21:54:22,led_sone,false
1122242,15-14362-44029,EBAY,,163607087744,PHSF1GDTFG,1,9.99,9.99,2026-03-15 21:54:22,led_sone,false
1122245,21-14353-59762,EBAY,,266190309316,ENC1809,2,35.12,18.49,2026-03-15 22:08:00,electricalsone,false
1122246,19-14356-87002,EBAY,,164886083918,CRSF1203BM+PHNW2RBM3PK+SPUPBM3PK,1,38.12,40.99,2026-03-15 22:04:54,led_sone,false
1122254,05-14377-50073,EBAY,,267068731282,24IP6730,1,10.92,11.49,2026-03-15 22:11:44,electricalsone,false
1122258,23-14351-21743,EBAY,,305698723917,LDMST64B224,2,9.52,5.01,2026-03-15 22:28:31,coventrylights,false
1122265,10-14369-70959,EBAY,,265750044855,CL3TBM,2,11.38,5.99,2026-03-15 22:36:26,electricalsone,false
1122267,23-14351-29409,EBAY,,163438448120,CL3RGL,1,2.64,2.64,2026-03-15 22:48:23,led_sone,false
1122274,13-14365-91953,EBAY,,164767503253,PHSF1AGRGB,2,18.98,9.99,2026-03-15 22:58:10,led_sone,false
1122279,03-14380-11290,EBAY,,164169967297,WJB2,1,5.89,5.89,2026-03-15 23:04:46,led_sone,false
1122285,08-14372-76549,EBAY,,335680616357,LDMG125E278,1,8.89,8.89,2026-03-15 23:27:56,lighting_sone,false
1122290,25-14348-57852,EBAY,,256930570636,ENC6985,1,50.80,50.80,2026-03-15 23:43:21,vintageinterior,false
1122292,09-14371-53102,EBAY,,165709660426,PHSF2BMTBY,1,10.99,10.99,2026-03-15 23:52:17,led_sone,false
1122300,06-14376-32944,EBAY,,164093426305,WCB7WH+RPR44WH,1,8.99,8.99,2026-03-16 00:30:21,led_sone,false
1122302,06-14376-39970,EBAY,,164914116662,IMCWFPK,1,28.49,28.49,2026-03-16 00:47:37,led_sone,false
1122304,11-14369-01383,EBAY,,266630626996,WCB7WH+RPR44WH,7,56.63,8.99,2026-03-16 01:07:21,electricalsone,false
1122305,15-14363-32101,EBAY,,164914116662,IMCWCPK,3,17.52,6.28,2026-03-16 01:33:13,led_sone,false
1122306,09-14371-97905,EBAY,,164525233292,LSCY290BL+RPR44WH,1,12.91,13.59,2026-03-16 01:39:36,led_sone,false
1122315,17-14360-73526,EBAY,,304949367335,LSWE315BY,1,10.86,12.07,2026-03-16 02:46:13,coventrylights,false
1122399,04-14380-07030,EBAY,,267213772077,12IP2060,1,10.35,10.89,2026-03-16 06:19:45,electricalsone,false
1122405,03-14381-53671,EBAY,,304786539480,LDMG125E278,1,7.71,8.57,2026-03-16 07:10:36,coventrylights,false
1122409,10-14371-25976,EBAY,,266190303273,12UK3P10A+SLW6,1,21.75,22.89,2026-03-16 07:20:54,electricalsone,false
1122414,18-14359-96096,EBAY,,164169967297,WJB3,1,8.24,8.24,2026-03-16 07:26:40,led_sone,false
1122424,05-14379-18772,EBAY,,266814331687,LDMC35E1446PK,1,16.89,16.89,2026-03-16 07:42:44,electricalsone,false
1122426,02-14383-32122,EBAY,,163844479887,PSOS4BMBBM,1,10.99,10.99,2026-03-16 07:46:18,led_sone,false
1122440,24-14366-08998,EBAY,,313736574840,CRSF100BC+PHCH1PBRBC+LSCY290BC,2,35.88,18.89,2026-03-16 07:56:15,so_926407,false
1122445,15-14364-28557,EBAY,,305682162344,LSCY290GR+RPR44WH,6,80.40,14.89,2026-03-16 08:26:21,coventrylights,false
1122449,10-14371-41224,EBAY,,312894053871,CBSF110,1,8.00,5.49,2026-03-16 08:39:59,so_926407,false
1122455,11-14370-13335,EBAY,,305698723917,LDMG80E274,2,13.08,6.89,2026-03-16 08:46:21,coventrylights,false
1122461,07-14376-12540,EBAY,,253178071065,12IP2036,1,6.22,6.55,2026-03-16 09:03:00,vintageinterior,false
1122463,03-14381-76946,EBAY,,166173994461,SPSDP2YB,1,6.49,6.49,2026-03-16 09:08:08,led_sone,false
1122465,25-14350-11857,EBAY,,266188024005,CCBKNWE7,1,5.01,5.39,2026-03-16 09:20:25,electricalsone,false
1122469,14-14365-98246,EBAY,,267192693105,PHSF2BMTBM,1,9.76,10.49,2026-03-16 09:20:52,electricalsone,false
1122471,11-14370-22835,EBAY,,256932904340,WSWTBC,1,19.85,20.89,2026-03-16 09:26:37,vintageinterior,false
1122472,22-14354-42352,EBAY,,306343542496,WCNCBM+RPR44WH,3,24.39,8.75,2026-03-16 09:20:57,coventrylights,false
1122473,01-14385-30307,EBAY,,163215414992,WCWVBM,1,9.79,9.79,2026-03-16 09:21:51,led_sone,false
1122474,07-14376-18536,EBAY,,162889183073,CRSF108FG,1,5.49,5.49,2026-03-16 09:28:00,led_sone,false
1122478,26-14348-59737,EBAY,,317380877663,PLHIRR+ICST64E275PK,2,105.06,56.49,2026-03-16 09:31:35,so_926407,false
1122479,04-14380-44285,EBAY,,315351140232,ENC7270,1,18.29,18.29,2026-03-16 09:32:16,so_926407,false
1122480,04-14380-44285,EBAY,,313970190807,ENC1483,2,51.98,25.99,2026-03-16 09:32:16,so_926407,false
1122481,25-14350-14923,EBAY,,266197864707,PSOS2BMB14BM,1,10.48,7.47,2026-03-16 09:32:51,electricalsone,false
1122491,26-14348-63614,EBAY,,163507304296,RPM40BM2PK,1,4.99,4.99,2026-03-16 09:46:50,led_sone,false
1122497,23-14353-14158,EBAY,,167734616067,LSCY290BG+RPR44WH,1,15.89,15.89,2026-03-16 09:59:16,led_sone,false
1122515,25-14350-28178,EBAY,,317147038631,12UK3P10A,2,35.22,16.89,2026-03-16 10:25:10,so_926407,false
1122516,04-14380-58757,EBAY,,162799417330,5IP2028,1,5.22,5.49,2026-03-16 10:29:23,led_sone,false
1122520,16-14363-26799,EBAY,,306338776580,ENC827,2,135.58,72.89,2026-03-16 10:33:01,coventrylights,false
1122521,14-14366-17531,EBAY,,166898541107,WBERT29BL3PK,1,6.99,6.99,2026-03-16 10:36:25,led_sone,false
1122523,10-14371-70047,EBAY,,164023295056,ENC415,1,19.88,19.88,2026-03-16 10:37:36,led_sone,false
1122529,13-14367-84265,EBAY,,335739191337,LHSHE27CO,1,5.74,5.74,2026-03-16 10:42:24,lighting_sone,false
1122583,11-14370-54182,EBAY,,314199411589,12SIP67150,1,22.22,23.89,2026-03-16 11:24:37,so_926407,false
1122585,07-14376-50635,EBAY,,305682162344,LSFT220FG+RPR44WH,1,10.73,11.29,2026-03-16 11:28:39,coventrylights,false
1122586,21-14355-83499,EBAY,,168209967467,ENC9522,1,8.68,5.79,2026-03-16 11:24:06,led_sone,false
1122587,24-14366-61251,EBAY,,164266047124,LDMST64E278,2,16.88,8.89,2026-03-16 11:30:05,led_sone,false
1122595,21-14355-90874,EBAY,,266193441802,ENC168,1,45.59,45.59,2026-03-16 11:48:28,electricalsone,false
1122597,27-14347-75458,EBAY,,164169967297,WJB2,1,5.89,5.89,2026-03-16 11:43:08,led_sone,false
1122605,01-14385-72035,EBAY,,164531216300,LDMG80E274,1,5.49,5.49,2026-03-16 11:55:35,led_sone,false
1122606,15-14364-83358,EBAY,,162975561793,CL3TBL,2,5.78,2.89,2026-03-16 11:57:17,led_sone,false
1122607,10-14371-93005,EBAY,,162949535147,LDMG80E274,8,39.52,5.49,2026-03-16 11:56:46,led_sone,false
1122609,15-14364-83358,EBAY,,162975561793,CL3TRS,2,5.78,2.89,2026-03-16 11:57:17,led_sone,false
1122617,20-14357-67452,EBAY,,266194506296,PLTEBM+WCWYBM+ICST64E27,1,20.89,20.89,2026-03-16 12:05:22,electricalsone,false
1122618,16-14363-53280,EBAY,,304811578005,LSFT220PI+RPR44WH,1,10.13,10.89,2026-03-16 12:03:56,coventrylights,false
1122643,17-14362-06013,EBAY,,162975561793,CL3TBT,1,3.68,3.68,2026-03-16 12:28:32,led_sone,false
1122645,14-14366-50814,EBAY,,123412260626,LHTRE27YB,1,5.80,5.80,2026-03-16 12:27:40,dctransformer,false
1122652,26-14349-13022,EBAY,,164914367042,12IP20360,1,22.16,22.16,2026-03-16 12:37:27,led_sone,false
1122653,20-14357-78201,EBAY,,335742953763,PSDS4RBM,1,11.13,11.13,2026-03-16 12:37:00,lighting_sone,false
1122655,23-14353-62566,EBAY,,314148529895,12UK3P10A+CODCCR,1,21.27,19.35,2026-03-16 12:43:02,so_926407,false
1122656,22-14355-02844,EBAY,,316836925160,CL2TGL,2,6.62,3.49,2026-03-16 12:49:46,so_926407,false
1122664,26-14349-18325,EBAY,,162833219361,RPR44WH2PK,2,9.48,4.99,2026-03-16 12:52:08,led_sone,false
1122674,08-14374-99473,EBAY,,266196406229,CRFF75BA,1,4.99,4.99,2026-03-16 13:01:38,electricalsone,false
1122690,18-14360-91322,EBAY,,267068731282,24IP6715,1,10.44,10.99,2026-03-16 13:19:11,electricalsone,false
1122691,23-14353-74582,EBAY,,163585361443,12IP6710,1,7.89,7.89,2026-03-16 13:14:44,led_sone,false
1122698,07-14376-89638,EBAY,,164924746600,CCBKNWE12,1,5.89,5.89,2026-03-16 13:21:36,led_sone,false
1122699,02-14384-27848,EBAY,,267213906251,CCBKNWE3,1,4.99,4.99,2026-03-16 13:29:00,electricalsone,false
1122700,02-14384-27848,EBAY,,267213906251,CCBKNWE7,1,5.39,5.39,2026-03-16 13:29:00,electricalsone,false
1122704,21-14356-29705,EBAY,,163783451223,WCVCWH+RPR44WH,1,8.54,8.99,2026-03-16 13:35:53,led_sone,false
1122706,01-14386-10551,EBAY,,165724423575,5IP2010,1,5.49,5.49,2026-03-16 13:40:38,led_sone,false
1122713,22-14355-24917,EBAY,,165645262692,CRFF100BM+LHTTE27BM,1,8.99,8.99,2026-03-16 13:45:40,led_sone,false
1122714,27-14348-21210,EBAY,,162975561793,CL3TRO2PK,2,10.42,5.49,2026-03-16 13:48:44,led_sone,false
1122715,23-14353-88925,EBAY,,163617109673,LSFT220GY+RPR44WH,1,10.99,10.99,2026-03-16 13:49:58,led_sone,false
1122716,09-14373-85497,EBAY,,315605947325,LHAHE27GB,5,26.95,5.99,2026-03-16 13:43:15,so_926407,false
1122717,27-14348-19096,EBAY,,313970190833,LSCY290SN+RPR44WH,2,31.42,16.89,2026-03-16 13:43:34,so_926407,false
1122719,05-14380-21679,EBAY,,266196534075,12IP6724,2,20.88,10.99,2026-03-16 13:45:01,electricalsone,false
1122720,20-14358-06538,EBAY,,266001225839,24IP6730,1,10.69,11.49,2026-03-16 13:49:42,electricalsone,false
1122731,01-14386-19705,EBAY,,166643405184,LSCAOV500CL,1,142.39,149.88,2026-03-16 14:02:05,led_sone,false
1122732,05-14380-30095,EBAY,,166898541107,WBERT29BL2PK,1,5.99,5.99,2026-03-16 14:04:35,led_sone,false
1122737,02-14384-48240,EBAY,,265750044855,CL3RBM,1,2.99,2.99,2026-03-16 14:16:12,electricalsone,false
1122749,03-14382-81705,EBAY,,165901230400,CRSF100BM+PHSH1PBRYB+SCRN70BM+LSDO210BG,3,47.67,15.89,2026-03-16 14:29:20,led_sone,false
1122750,03-14382-81705,EBAY,,164459401341,ENC482,1,30.89,30.89,2026-03-16 14:29:20,led_sone,false
1122755,20-14358-26469,EBAY,,335742953763,PSDS4RBM,1,11.13,11.13,2026-03-16 14:34:16,lighting_sone,false
1122757,03-14382-83047,EBAY,,313970196189,PHCD1PBRBW+LSTM310BM,1,22.03,23.69,2026-03-16 14:32:13,so_926407,false
1122769,04-14381-48750,EBAY,,254886123331,CRSF100CH,1,5.09,5.09,2026-03-16 14:40:51,vintageinterior,false
1122770,18-14361-30221,EBAY,,164169967297,WJB3,1,8.24,8.24,2026-03-16 14:48:12,led_sone,false
1122771,18-14361-30221,EBAY,,164169967297,WJB2,1,5.89,5.89,2026-03-16 14:48:12,led_sone,false
1122773,08-14375-43701,EBAY,,305698723917,LDMST64B228,1,6.89,6.89,2026-03-16 14:41:06,coventrylights,false
1122774,12-14370-00991,EBAY,,305698440823,CL3TBKAPK,1,19.11,20.12,2026-03-16 14:43:48,coventrylights,false
1122775,25-14351-19577,EBAY,,315379102143,LDMST64E278,1,11.78,8.89,2026-03-16 14:41:55,so_926407,false
1122776,04-14381-53039,EBAY,,265750044855,CL2TGY,2,5.48,2.89,2026-03-16 14:50:03,electricalsone,false
1122781,18-14361-32381,EBAY,,313649255412,CRSF100CO+PHSH1PBRCO+LSDM220CO+LDWWE2715,1,22.99,22.99,2026-03-16 14:52:50,so_926407,false
1122787,22-14355-60822,EBAY,,164962387430,WCB3BS+RPR44WH,1,8.49,8.49,2026-03-16 15:04:43,led_sone,false
1122788,06-14378-89532,EBAY,,165397658552,CRSF100BM+CL3TBM+LHSHE27BA,1,9.78,10.29,2026-03-16 15:09:32,led_sone,false
1122791,04-14381-63863,EBAY,,164914367042,12MIP2025,2,10.42,5.49,2026-03-16 15:12:46,led_sone,false
1122798,24-14367-56610,EBAY,,313614826008,LHRIE27WH2PK+CGMLWH2PK,1,11.91,9.49,2026-03-16 15:28:05,so_926407,false
1122799,25-14351-40950,EBAY,,334023759427,CRSF100BM+PHHT1PBRPI,1,6.87,6.87,2026-03-16 15:26:57,re6865,false
1122800,04-14381-68436,EBAY,,254348058736,PSOS2WHBWH,1,7.19,7.19,2026-03-16 15:22:18,vintageinterior,false
1122809,11-14371-56160,EBAY,,166173994461,SPSDP2SN,1,6.49,6.49,2026-03-16 15:38:19,led_sone,false
1122810,15-14365-74794,EBAY,,163956043906,CRSF100BM+LHNSE27GB+WCDCBM,1,14.99,14.99,2026-03-16 15:37:04,led_sone,false
1122820,22-14355-80277,EBAY,,267121715682,12IP6715,1,7.50,7.89,2026-03-16 15:45:01,electricalsone,false
1122821,16-14364-49407,EBAY,,267068731282,12IP6710,2,14.98,7.89,2026-03-16 15:50:52,electricalsone,false
1122822,11-14371-58668,EBAY,,304845728619,CCBC12,2,13.92,5.75,2026-03-16 15:43:24,coventrylights,false
1122823,25-14351-48351,EBAY,,164598588455,ENC285,2,37.22,19.59,2026-03-16 15:42:10,led_sone,false
1122835,16-14364-49448,EBAY,,266190328455,12RPIP45400,1,24.89,24.89,2026-03-16 15:50:56,electricalsone,false
1122836,23-14354-55194,EBAY,,163820671950,WCBLBM+RPR44WH,3,27.87,9.99,2026-03-16 16:10:28,led_sone,false
1122840,11-14371-74647,EBAY,,123044400644,CL2TBR5PK,1,12.49,12.49,2026-03-16 16:15:32,dctransformer,false
1122841,27-14348-90337,EBAY,,263280306888,CL3TBM,2,5.86,3.09,2026-03-16 16:15:06,electricalsone,false
1122853,01-14386-91012,EBAY,,255943163485,CBSF75,1,5.29,5.29,2026-03-16 16:30:44,vintageinterior,false
1122854,09-14374-64846,EBAY,,164261730528,12BO72,1,16.05,16.89,2026-03-16 16:30:38,led_sone,false
1122858,08-14376-01265,EBAY,,167833569765,WCCYSP160BM,1,11.49,11.49,2026-03-16 16:38:23,led_sone,false
1122861,14-14367-59722,EBAY,,123816674204,LDMST64B224,3,14.34,5.09,2026-03-16 16:31:50,dctransformer,false
1122862,08-14376-01364,EBAY,,256483719676,LDMST64E2743PK,1,15.29,15.29,2026-03-16 16:38:38,vintageinterior,false
1122863,08-14375-99620,EBAY,,317112447301,CL3RHE,4,14.40,2.99,2026-03-16 16:35:16,so_926407,false
1122888,04-14382-23091,EBAY,,266190476182,5IP2025,1,6.64,6.99,2026-03-16 17:11:45,electricalsone,false
1122892,13-14369-45519,EBAY,,164588867720,LDMC35E1443PK,1,10.99,10.99,2026-03-16 17:11:47,led_sone,false
1122893,14-14367-82284,EBAY,,167943272260,CL3TBM,4,11.48,3.19,2026-03-16 17:16:52,led_sone,false
1122898,13-14369-50760,EBAY,,255943162124,PSOS2HETBM,1,10.73,11.29,2026-03-16 17:22:28,vintageinterior,false
1122899,04-14382-29210,EBAY,,317512825932,LDSG1007E272PK,2,39.68,20.89,2026-03-16 17:24:09,so_926407,false
1122902,01-14387-16571,EBAY,,266190476182,12IP20360,1,22.51,23.70,2026-03-16 17:22:13,electricalsone,false
1122903,14-14367-88341,EBAY,,266827784713,PSHYOS4BRBM,1,11.99,12.89,2026-03-16 17:29:09,electricalsone,false
1122906,23-14354-98590,EBAY,,305682162344,LSMS320RE+RPR44WH,1,13.67,14.39,2026-03-16 17:37:16,coventrylights,false
1122912,24-14368-24841,EBAY,,304825326571,CRSF100CH,2,9.46,5.09,2026-03-16 17:45:08,coventrylights,false
1122913,08-14376-36404,EBAY,,164382910443,CRSF100BM+PHSQ1.5PBRYB+LSSS300BI,4,60.44,16.79,2026-03-16 17:49:40,led_sone,false
1122914,13-14369-60471,EBAY,,266190383294,LDMC35E144,1,5.99,5.99,2026-03-16 17:42:36,electricalsone,false
1122922,07-14378-18626,EBAY,,267121715682,24IP6710,1,5.69,5.99,2026-03-16 17:53:27,electricalsone,false
1122923,09-14375-06321,EBAY,,164004516812,LDMST64E274,1,5.49,5.49,2026-03-16 17:54:16,led_sone,false
1122924,02-14385-56365,EBAY,,164699648577,PLTEBC,1,17.89,17.89,2026-03-16 17:58:04,led_sone,false
1122929,15-14366-47224,EBAY,,165452014120,LHRIE14WH,1,5.89,5.89,2026-03-16 18:02:54,led_sone,false
1122941,06-14379-79585,EBAY,,266100926980,CL2TGD,4,14.89,2.89,2026-03-16 18:12:05,electricalsone,false
1122949,20-14359-38925,EBAY,,266190316879,SWRS3GBM,1,5.49,5.49,2026-03-16 18:23:31,electricalsone,false
1122955,09-14375-24267,EBAY,,313731620457,LSFT220BL+RPR44WH,1,8.45,8.89,2026-03-16 18:31:09,so_926407,false
1122956,14-14368-21724,EBAY,,317147038631,12UK3P5A,2,25.16,11.59,2026-03-16 18:37:25,so_926407,false
1122962,04-14382-71633,EBAY,,164650149128,CL2RAG3PK,1,7.43,7.99,2026-03-16 18:49:39,led_sone,false
1122963,02-14385-82368,EBAY,,162438144738,LDMG95B228,1,6.99,6.99,2026-03-16 18:50:06,led_sone,false
1122968,03-14384-10682,EBAY,,304786539461,12BO48,1,14.53,15.29,2026-03-16 18:50:58,coventrylights,false
1122970,08-14376-72374,EBAY,,254008668793,CRFF108BM+HK10BM,1,6.19,6.19,2026-03-16 18:59:23,vintageinterior,false
1122971,22-14356-76873,EBAY,,315379102143,LDMST64E274,1,9.88,6.99,2026-03-16 18:57:00,so_926407,false
1122973,23-14355-38128,EBAY,,167943283929,CL2TOR,3,7.50,2.69,2026-03-16 18:55:33,led_sone,false
1122975,12-14371-28740,EBAY,,166898541107,WBERT29GR3PK,1,6.99,6.99,2026-03-16 18:59:35,led_sone,false
1122980,26-14350-98535,EBAY,,317979913894,SPPGUK3PBM4PK,1,8.88,5.99,2026-03-16 19:07:49,so_926407,false
1122981,11-14372-63115,EBAY,,304786539508,LDST45E274,1,4.86,5.12,2026-03-16 19:08:02,coventrylights,false
1122985,06-14380-13257,EBAY,,267340970424,CL2TGY2PK,1,3.82,3.82,2026-03-16 19:13:04,electricalsone,false
1122989,13-14370-10805,EBAY,,162822568384,LDMST64E274,1,5.05,5.49,2026-03-16 19:16:21,led_sone,false
1122990,10-14373-96796,EBAY,,304786539463,12IP20100,1,11.78,12.67,2026-03-16 19:15:41,coventrylights,false
1122997,21-14358-04611,EBAY,,266984735032,LDMST64B2242PK,1,6.99,6.99,2026-03-16 19:26:48,electricalsone,false
1122998,04-14382-97336,EBAY,,265750044855,CL2TGL,2,4.30,2.27,2026-03-16 19:30:40,electricalsone,false
1122999,25-14352-61942,EBAY,,163332659154,HLRK45BM5PK,4,35.96,9.99,2026-03-16 19:21:32,led_sone,false
1123006,14-14368-57025,EBAY,,267177776713,PHRY1PCRBM,1,3.69,3.69,2026-03-16 19:35:26,electricalsone,false
1123007,21-14358-11219,EBAY,,164914367042,24IP20200,1,20.89,20.89,2026-03-16 19:37:24,led_sone,false
1123008,01-14387-90667,EBAY,,166839718006,5IP20100,1,11.71,11.71,2026-03-16 19:38:28,led_sone,false
1123010,11-14372-82142,EBAY,,256922753150,LHTOE27CO,1,5.60,5.89,2026-03-16 19:38:23,vintageinterior,false
1123015,10-14374-13195,EBAY,,313975578089,LHRIE14WH,1,6.50,6.99,2026-03-16 19:41:52,so_926407,false
1123028,20-14359-97613,EBAY,,164641619371,CO1210ACLAPK,1,7.90,8.49,2026-03-16 20:03:10,led_sone,false
1123043,03-14384-63395,EBAY,,265660320120,PCRN100TP,2,11.38,5.99,2026-03-16 20:19:34,electricalsone,false
1123045,05-14382-21754,EBAY,,164492030061,CL3TBR,1,3.29,3.29,2026-03-16 20:17:30,led_sone,false
1123054,05-14382-24705,EBAY,,267236102729,LDCWE2725,1,9.00,5.99,2026-03-16 20:23:39,electricalsone,false
1123055,08-14377-22407,EBAY,,314040518729,CRSF100FG+LHNSE27FG+LSMS320GR,1,14.39,15.99,2026-03-16 20:24:37,so_926407,false
1123069,15-14367-36815,EBAY,,165483077422,12UK3P1A+SLW2,1,7.98,7.98,2026-03-16 20:46:09,led_sone,false
1123070,06-14380-66431,EBAY,,305818872857,CRSF2003BM+PHUP1PBRBM3PK+WCDCBM3PK,2,68.38,37.99,2026-03-16 20:50:08,coventrylights,false
1123072,17-14364-49005,EBAY,,126330031599,TSLTRE,1,5.89,5.89,2026-03-16 20:46:03,dctransformer,false
1123076,20-14360-25038,EBAY,,304806096153,CRSF100CH+WSNW170CH+SCRN70CH+LSTF40CH,1,27.94,16.49,2026-03-16 21:00:23,coventrylights,false
1123077,13-14370-65499,EBAY,,267073162939,LDMST64E2742PK,1,9.21,9.69,2026-03-16 20:58:08,electricalsone,false
1123091,11-14373-30678,EBAY,,162553025729,LDMST64E276,1,5.22,5.49,2026-03-16 21:14:48,led_sone,false
1123092,01-14388-39316,EBAY,,305698723917,LDMST64E274,3,19.50,6.99,2026-03-16 21:15:15,coventrylights,false
1123093,15-14367-52078,EBAY,,267121715682,12IP6710,1,7.50,7.89,2026-03-16 21:19:59,electricalsone,false
1123099,26-14351-71064,EBAY,,317147038631,12UK3P2A,1,10.78,7.89,2026-03-16 21:26:35,so_926407,false
1123110,24-14369-44909,EBAY,,164914367042,12IP20302PK,1,10.29,10.29,2026-03-16 21:35:56,led_sone,false
1123111,24-14369-44909,EBAY,,164914367042,12IP20152PK,1,9.99,9.99,2026-03-16 21:35:56,led_sone,false
1123120,26-14351-78646,EBAY,,123149529714,CL3RBMAPK,1,23.89,23.89,2026-03-16 21:44:31,dctransformer,false
1123121,16-14366-32213,EBAY,,165405860182,CL3TBM5PK,1,12.25,12.89,2026-03-16 21:49:48,led_sone,false
1123136,17-14364-83831,EBAY,,162898729481,LDMST64E276,1,5.22,5.49,2026-03-16 22:07:14,led_sone,false
1123137,03-14385-10399,EBAY,,255943163514,PLHABM,3,45.87,15.29,2026-03-16 22:06:29,vintageinterior,false
1123138,03-14385-10399,EBAY,,255943163514,PLHWBM,1,21.09,21.09,2026-03-16 22:06:29,vintageinterior,false
1123142,04-14383-74494,EBAY,,164554946630,LHRIE14WH,1,4.99,4.99,2026-03-16 22:12:49,led_sone,false
1123149,13-14371-02459,EBAY,,255943163487,CBFF90,1,8.28,5.39,2026-03-16 22:27:28,vintageinterior,false
1123161,20-14360-71047,EBAY,,165201467647,12IP20100,1,13.89,13.89,2026-03-16 22:55:17,led_sone,false
1123163,08-14377-84176,EBAY,,166814131457,WBMG2030WH,1,7.87,7.87,2026-03-16 22:57:35,led_sone,false
1123165,04-14383-94793,EBAY,,266197864340,PSDS4BMBBM,1,9.99,9.99,2026-03-16 23:08:27,electricalsone,false
1123166,19-14362-32578,EBAY,,304786539454,LDMG95E274,1,6.20,6.67,2026-03-16 23:07:44,coventrylights,false
1123180,26-14352-28453,EBAY,,253177330999,12IP2060,1,10.35,10.89,2026-03-16 23:59:44,vintageinterior,false
1123182,26-14352-29547,EBAY,,256004417601,CCBKNWE7,1,5.39,5.39,2026-03-17 00:02:42,vintageinterior,false
1123185,04-14384-23414,EBAY,,304825180167,CRSF100CO+LHNSE27CO+SCRN70CO+LSTF40CO,1,13.88,15.42,2026-03-17 00:30:22,coventrylights,false
1123186,05-14383-20559,EBAY,,313970190874,PHWL1PBRBC,2,26.98,14.99,2026-03-17 00:28:46,so_926407,false
1123194,08-14378-25982,EBAY,,164797689636,LSCY210BC+RPR44WH,4,35.60,9.89,2026-03-17 00:52:43,led_sone,false
1123195,14-14369-92077,EBAY,,164958853389,12MIP2015,1,5.09,5.09,2026-03-17 01:04:20,led_sone,false
1123196,08-14378-32638,EBAY,,124700767841,ENC1441,1,22.55,22.55,2026-03-17 01:11:18,dctransformer,false
1123198,23-14357-07075,EBAY,,163875976627,PLOTRR+ICST64E2740,2,30.42,16.01,2026-03-17 01:28:39,led_sone,false
1123265,09-14377-82422,EBAY,,166814131457,WBMG2030WH,1,7.87,7.87,2026-03-17 07:10:47,led_sone,false
1123270,15-14369-19578,EBAY,,164284505319,12SIP67150,1,27.80,27.80,2026-03-17 07:14:28,led_sone,false
1123279,18-14365-04797,EBAY,,164266047124,LDMT45E274,1,5.49,5.49,2026-03-17 07:49:37,led_sone,false
1123280,08-14379-20855,EBAY,,163844479887,PSOS2BMBBM,1,9.99,9.99,2026-03-17 07:47:23,led_sone,false
1123285,06-14382-57237,EBAY,,267214070805,12BO72,1,16.89,16.89,2026-03-17 08:10:00,electricalsone,false
1123286,23-14357-92474,EBAY,,164600646248,CRFF100WH+PHUP1PWRWH+CNT900WH,1,11.06,11.89,2026-03-17 08:05:30,led_sone,false
1123298,04-14385-32442,EBAY,,256964499802,PSDS2BMRBM+SCRN70BM+WCBV62BM+ICST64E27,2,39.68,20.89,2026-03-17 08:21:40,vintageinterior,false
1123299,09-14377-96066,EBAY,,164914367042,24IP2024,1,6.99,6.99,2026-03-17 08:28:34,led_sone,false
1123304,15-14369-33311,EBAY,,166898541107,WBERT29GR2PK,1,5.99,5.99,2026-03-17 08:32:46,led_sone,false
1123312,26-14353-52224,EBAY,,333206853516,CO1215ACLAPK,1,9.00,9.00,2026-03-17 08:45:33,re6865,false
1123324,23-14358-04440,EBAY,,163585361443,12IP6780,2,35.88,18.89,2026-03-17 09:09:49,led_sone,false
1123329,23-14358-05813,EBAY,,265634986318,ENC6372,1,44.01,44.01,2026-03-17 09:16:42,electricalsone,false
1123331,18-14365-21103,EBAY,,315605947325,LHAHE27CH,1,5.39,5.99,2026-03-17 09:16:20,so_926407,false
1123336,19-14363-82496,EBAY,,315379102143,LDMG95E278,3,20.10,5.99,2026-03-17 09:24:32,so_926407,false
1123347,12-14373-97879,EBAY,,165452014120,LHRIE14WH,1,5.89,5.89,2026-03-17 09:35:39,led_sone,false
1123354,04-14385-49947,EBAY,,304958975512,LSMS320WH+RPR44WH,1,12.92,13.89,2026-03-17 09:48:02,coventrylights,false
1123368,15-14369-50037,EBAY,,255943163476,12BO72,1,16.29,16.29,2026-03-17 09:55:17,vintageinterior,false
1123369,15-14369-50153,EBAY,,266190476182,12IP2030,1,6.64,6.99,2026-03-17 09:55:49,electricalsone,false
1123370,27-14352-51522,EBAY,,164525233292,LSDO400CB+RPR44WH,3,53.67,17.89,2026-03-17 10:17:32,led_sone,false
1123378,13-14372-74851,EBAY,,164093426305,WCB4WH+RPR44WH,1,8.99,8.99,2026-03-17 10:04:04,led_sone,false
1123379,06-14382-80565,EBAY,,164492030061,CL2TGL,2,5.38,2.69,2026-03-17 10:04:53,led_sone,false
1123389,17-14366-66216,EBAY,,266191598535,PHSF1GDTYB+ICST64E27,11,127.60,12.89,2026-03-17 10:11:15,electricalsone,false
1123390,27-14352-51522,EBAY,,165300043404,LSHI410HE+RPR44WH,2,30.58,15.29,2026-03-17 10:17:32,led_sone,false
1123391,26-14353-70668,EBAY,,165405860182,CL3TBM5PK,1,12.25,12.89,2026-03-17 10:14:55,led_sone,false
1123392,27-14352-51522,EBAY,,164110243376,PHUH0.5HETBM,2,17.96,8.98,2026-03-17 10:17:32,led_sone,false
1123393,16-14368-23479,EBAY,,163697929078,CRFF140BM,1,5.05,5.49,2026-03-17 10:18:59,led_sone,false
1123404,04-14385-58170,EBAY,,164492030061,CL3TBR,2,8.58,4.29,2026-03-17 10:23:18,led_sone,false
1123405,10-14376-67741,EBAY,,166850381810,CRFF500BM+LHNDE27BM2PK+LHNSE27BM+LSDO210BM3PK,1,29.61,32.19,2026-03-17 10:28:38,led_sone,false
1123414,18-14365-39625,EBAY,,267213772077,12IP20122PK,1,8.54,8.99,2026-03-17 10:39:37,electricalsone,false
1123428,04-14385-63752,EBAY,,164018856168,12IP2080,1,9.49,9.99,2026-03-17 10:46:26,led_sone,false
1123433,15-14369-69893,EBAY,,316870831969,12IP6730,24,309.36,12.89,2026-03-17 11:18:06,so_926407,false
1123434,08-14379-61443,EBAY,,313952140514,PLWEBM+PHHT1PBRBM+WCSRBM,2,41.40,23.00,2026-03-17 10:59:10,so_926407,false
1123435,01-14390-54570,EBAY,,265735364440,LSCY290CO+RPR44WH,2,33.98,17.89,2026-03-17 10:54:34,electricalsone,false
1123448,15-14369-69893,EBAY,,316870831969,12IP6730,6,77.34,12.89,2026-03-17 11:18:06,so_926407,false
1123449,22-14359-72219,EBAY,,305715611096,WCFWROBM+RPR44WH,1,9.40,9.89,2026-03-17 11:20:35,coventrylights,false
1123450,26-14353-86348,EBAY,,164797689636,LSCY210BG+RPR44WH,1,9.99,9.99,2026-03-17 11:20:06,led_sone,false
1123451,04-14385-70172,EBAY,,267498024605,CRSF2003SN+LHTMGU10SN3PK+LDGU10CW53PK,1,21.89,21.89,2026-03-17 11:12:01,electricalsone,false
1123456,14-14371-30003,EBAY,,161802142536,LDMG95E2782PK,2,25.18,13.69,2026-03-17 11:26:55,led_sone,false
1123461,01-14390-64928,EBAY,,266196441789,WJB23PK,1,8.99,8.99,2026-03-17 11:34:47,electricalsone,false
1123463,08-14379-69890,EBAY,,163914516518,LDMST64E274,2,10.42,5.49,2026-03-17 11:31:53,led_sone,false
1123464,27-14352-69940,EBAY,,164389514552,PSDS2BMRBL+ICST64E2740,1,13.89,13.89,2026-03-17 11:33:05,led_sone,false
1123465,17-14366-87113,EBAY,,163138469118,LHBRE27BM+CGMLBM,1,5.22,5.49,2026-03-17 11:35:39,led_sone,false
1123474,21-14360-88623,EBAY,,306343542496,WCVCBM+RPR44WH,1,9.20,9.89,2026-03-17 11:48:21,coventrylights,false
1123475,11-14375-57916,EBAY,,162562112782,24IP20360,8,164.80,22.89,2026-03-17 11:44:03,led_sone,false
1123476,04-14385-78874,EBAY,,163964665683,12UK3P5A,3,33.42,11.98,2026-03-17 11:44:24,led_sone,false
1123477,21-14360-88622,EBAY,,316797525557,WCDEBM,1,8.89,8.89,2026-03-17 11:48:25,so_926407,false
1123478,21-14360-88622,EBAY,,316797525557,WCWVBM+RPR44WH,1,9.89,9.89,2026-03-17 11:48:25,so_926407,false
1123485,17-14366-91737,EBAY,,265660313940,PLTTBS,1,16.99,16.99,2026-03-17 11:52:06,electricalsone,false
1123486,18-14365-58978,EBAY,,267121715682,12IP671502PK,1,52.72,55.49,2026-03-17 11:53:56,electricalsone,false
1123496,04-14385-85295,EBAY,,167561353106,CRSF100BM+PHHC1BMRBM,8,92.08,12.79,2026-03-17 12:06:54,led_sone,false
1123497,08-14379-80832,EBAY,,167403486899,LDSHEAE274,1,6.99,6.99,2026-03-17 12:10:27,led_sone,false
1123498,03-14387-21970,EBAY,,266193437782,LDMC35E1445PK,1,18.89,18.89,2026-03-17 12:02:39,electricalsone,false
1123510,19-14364-24994,EBAY,,162799417330,24IP20200,1,19.47,20.49,2026-03-17 12:15:57,led_sone,false
1123511,24-14371-72806,EBAY,,163143473653,CL3RGL,6,15.60,2.89,2026-03-17 12:17:38,led_sone,false
1123517,01-14390-79368,EBAY,,255993451406,HLLK100BM,1,5.09,5.09,2026-03-17 12:24:50,vintageinterior,false
1123518,04-14385-91912,EBAY,,305895455847,ENC7816,1,67.58,72.67,2026-03-17 12:28:38,coventrylights,false
1123523,03-14387-32562,EBAY,,264790785296,CRSF2003BM+PHTT1PBR5BM3PK+LSDS100BM3PK,2,71.42,37.59,2026-03-17 12:37:20,electricalsone,false
1123524,04-14385-93530,EBAY,,122518268601,CL3TBM5PK,2,24.74,12.89,2026-03-17 12:33:29,dctransformer,false
1123532,21-14361-06000,EBAY,,314117320021,ENC6132,1,66.50,73.89,2026-03-17 12:45:49,so_926407,false
1123533,08-14379-92737,EBAY,,255993451406,HLCH96BMAPK,3,63.84,22.89,2026-03-17 12:48:43,vintageinterior,false
1123546,05-14384-99119,EBAY,,265664531284,CL2TBR,1,2.89,2.89,2026-03-17 12:58:57,electricalsone,false
1123549,05-14385-00663,EBAY,,166814131457,WBMG2030WH,1,7.87,7.87,2026-03-17 13:03:21,led_sone,false
1123556,07-14381-82087,EBAY,,166898541107,WBERT29BL3PK,3,19.50,6.99,2026-03-17 13:15:50,led_sone,false
1123571,04-14386-09999,EBAY,,164542376260,WCB4BM+RPR44WH,1,8.49,8.49,2026-03-17 13:22:55,led_sone,false
1123572,02-14389-22904,EBAY,,255943163525,CRSF100GB,1,5.09,5.09,2026-03-17 13:30:21,vintageinterior,false
1123577,13-14373-35234,EBAY,,164093426305,WCB4WH+RPR44WH,1,8.99,8.99,2026-03-17 13:34:52,led_sone,false
1123578,20-14362-95245,EBAY,,164886581739,CCBC3,1,4.99,4.99,2026-03-17 13:39:28,led_sone,false
1123579,27-14353-09325,EBAY,,166898541107,WBERT29BL3PK,1,6.99,6.99,2026-03-17 13:37:49,led_sone,false
1123583,08-14380-13002,EBAY,,161801433078,LDSG95DIE274,1,6.99,6.99,2026-03-17 13:47:05,led_sone,false
1123586,20-14363-02685,EBAY,,315379102143,LDMT45B224,2,13.56,5.49,2026-03-17 13:59:39,so_926407,false
1123590,19-14364-63821,EBAY,,316836925160,CL2TAG,1,3.49,3.49,2026-03-17 14:09:07,so_926407,false
1123591,05-14385-22573,EBAY,,335742993013,LDMST64B224APK,1,36.24,36.24,2026-03-17 14:04:15,lighting_sone,false
1123599,14-14371-87455,EBAY,,123042147929,CL3RRE5PK,1,10.89,10.89,2026-03-17 14:21:17,dctransformer,false
1123600,21-14361-41358,EBAY,,166885607799,WLHSBMSW10,1,21.61,23.49,2026-03-17 14:24:08,led_sone,false
1123616,04-14386-43119,EBAY,,313520952828,ENC685,1,50.12,53.89,2026-03-17 14:50:10,so_926407,false
1123622,08-14380-38554,EBAY,,304786539517,24IP6710,1,6.89,6.89,2026-03-17 14:52:40,coventrylights,false
1123623,05-14385-41645,EBAY,,317030316794,CL3TBRAPK,1,25.78,22.89,2026-03-17 14:52:55,so_926407,false
1123630,23-14359-11669,EBAY,,253064185648,WJB2,1,5.89,5.89,2026-03-17 15:06:31,vintageinterior,false
1123639,15-14370-50866,EBAY,,163783451223,WCDCRO+RPR44WH,1,10.99,10.99,2026-03-17 15:14:12,led_sone,false
1123640,15-14370-50866,EBAY,,163783451223,WCDCBM+RPR44WH,1,10.99,10.99,2026-03-17 15:14:12,led_sone,false
1123643,09-14379-22801,EBAY,,267068731282,12IP6736,1,12.06,12.69,2026-03-17 15:29:29,electricalsone,false
1123649,19-14365-01731,EBAY,,164725952794,CRSF100WH+PHUP1PWRWH,2,20.88,10.99,2026-03-17 15:39:44,led_sone,false
1123667,12-14375-20012,EBAY,,163693940389,CBSF105,1,4.99,4.99,2026-03-17 15:51:00,led_sone,false
1123672,05-14385-69856,EBAY,,164725952794,CRSF100GB+PHUP1PBRGB,1,10.44,10.99,2026-03-17 15:57:24,led_sone,false
1123677,14-14372-30099,EBAY,,164636015985,5IP2010,1,5.22,5.49,2026-03-17 16:02:17,led_sone,false
1123678,26-14354-89519,EBAY,,305698723917,LDMT45B224,2,10.42,5.49,2026-03-17 16:04:36,coventrylights,false
1123682,21-14361-90510,EBAY,,315379102143,LDMG125E278,1,11.88,8.99,2026-03-17 16:19:59,so_926407,false
1123683,07-14382-55290,EBAY,,123151239291,LDMST64E274,1,6.29,6.29,2026-03-17 16:17:04,dctransformer,false
1123684,21-14361-90511,EBAY,,304785656245,LSMS320BI+RPR44WH,1,12.97,13.65,2026-03-17 16:19:57,coventrylights,false
1123689,24-14372-69241,EBAY,,266188024005,CCBKNWE7,1,5.01,5.39,2026-03-17 16:26:19,electricalsone,false
1123690,25-14356-54820,EBAY,,255943162223,12SIP6760,1,12.99,12.99,2026-03-17 16:27:56,vintageinterior,false
1123695,17-14367-98586,EBAY,,267446933196,CRSF100BM+LHNSE27YB+SCRN70YB+LSFT220BI,2,30.18,15.89,2026-03-17 16:34:17,electricalsone,false
1123698,18-14366-66275,EBAY,,305698723917,LDMG125B228,1,7.69,7.69,2026-03-17 16:36:25,coventrylights,false
1123704,16-14369-61340,EBAY,,265591600983,LHCCE27GR+CGMLGR,1,5.99,5.99,2026-03-17 16:50:37,electricalsone,false
1123717,17-14368-06878,EBAY,,315379102143,LDMC35E144,3,22.89,6.99,2026-03-17 16:53:34,so_926407,false
1123719,24-14372-80395,EBAY,,167943434245,CL3TGDAPK,1,22.89,22.89,2026-03-17 16:52:38,led_sone,false
1123720,26-14355-10177,EBAY,,306369732933,24IP2048,1,7.40,7.96,2026-03-17 16:52:47,coventrylights,false
1123727,24-14372-85929,EBAY,,266190476182,24IP2048,1,8.54,8.99,2026-03-17 17:05:34,electricalsone,false
1123729,03-14388-41358,EBAY,,266630626996,WCB6BS2PK+RPR44WH2PK,1,14.67,15.44,2026-03-17 17:10:11,electricalsone,false
1123735,01-14391-92693,EBAY,,317835655150,CRFF100GB+LHNSE27GB+ICST64E27,1,11.99,11.99,2026-03-17 17:11:53,so_926407,false
1123744,02-14390-19244,EBAY,,267120297665,LDMST64E274,1,6.17,6.49,2026-03-17 17:22:58,electricalsone,false
1123745,19-14365-46011,EBAY,,267574250996,WLFS220BC,2,32.08,16.89,2026-03-17 17:23:16,electricalsone,false
1123747,17-14368-21022,EBAY,,164942250673,CL3RBR,2,5.68,2.99,2026-03-17 17:27:01,led_sone,false
1123748,20-14363-90641,EBAY,,167943743417,CERU36150GR,1,3.99,1.49,2026-03-17 17:28:29,led_sone,false
1123752,21-14362-21818,EBAY,,267068731282,12IP6760,1,34.21,16.49,2026-03-17 17:33:30,electricalsone,false
1123753,18-14366-91797,EBAY,,168209967467,SPPGUK3PBM4PK,1,8.68,5.79,2026-03-17 17:36:27,led_sone,false
1123755,07-14382-92075,EBAY,,164492030061,CL2TBK,3,8.97,2.99,2026-03-17 17:43:14,led_sone,false
1123762,09-14379-86343,EBAY,,164855289662,PLADBC,2,85.36,45.89,2026-03-17 17:59:27,led_sone,false
1123767,14-14372-81741,EBAY,,166896817625,ENC2245,1,38.89,38.89,2026-03-17 18:03:56,led_sone,false
1123768,12-14375-77593,EBAY,,164492030061,CL2TRO,2,5.98,2.99,2026-03-17 18:07:08,led_sone,false
1123770,13-14374-47205,EBAY,,125201291315,WCBNGD+RPR44WH,1,7.45,7.45,2026-03-17 18:03:41,dctransformer,false
1123771,11-14377-06631,EBAY,,267068731282,12IP67300,1,49.20,51.79,2026-03-17 18:07:28,electricalsone,false
1123777,11-14377-09030,EBAY,,163914516518,LDMST64E274,1,5.49,5.49,2026-03-17 18:13:14,led_sone,false
1123781,22-14361-33895,EBAY,,166247756622,WLRPE27BM,4,70.28,18.90,2026-03-17 18:23:24,led_sone,false
1123782,22-14361-36979,EBAY,,164261730528,12BO100,1,18.04,18.99,2026-03-17 18:30:37,led_sone,false
1123785,02-14390-48181,EBAY,,266100926980,CL2TBR,5,17.99,2.89,2026-03-17 18:32:34,electricalsone,false
1123786,15-14371-36855,EBAY,,164169967297,WJB2,1,5.89,5.89,2026-03-17 18:34:41,led_sone,false
1123795,07-14383-16462,EBAY,,167943434245,CL3TWH2PK,1,5.49,5.49,2026-03-17 18:41:30,led_sone,false
1123800,15-14371-48732,EBAY,,267214427494,WCDSBM+RPR44WH,1,8.83,6.49,2026-03-17 19:00:44,electricalsone,false
1123801,08-14381-42461,EBAY,,163585361443,24IP6730,3,32.04,11.49,2026-03-17 18:56:22,led_sone,false
1123811,07-14383-26729,EBAY,,123770992315,LHSHE27GB,2,9.96,5.19,2026-03-17 19:02:57,dctransformer,false
1123812,04-14387-51985,EBAY,,253794748665,LHC1E27WH2PK,1,11.15,8.69,2026-03-17 19:02:40,vintageinterior,false
1123830,16-14370-36313,EBAY,,255991563117,WCB4BM+RPR44WH,1,7.49,7.49,2026-03-17 19:32:55,vintageinterior,false
1123835,23-14360-37523,EBAY,,165397658552,CRSF100GB+CL3TBM+LHSHE27GB,1,9.78,10.29,2026-03-17 19:42:01,led_sone,false
1123836,08-14381-74285,EBAY,,163110922668,LHSHE27WH,2,10.42,5.49,2026-03-17 19:50:16,led_sone,false
1123837,10-14378-88304,EBAY,,304785665668,CRFF108BM+LHTKE27BA,2,16.00,8.89,2026-03-17 19:50:22,coventrylights,false
1123838,06-14385-02449,EBAY,,266190303273,12UK3P2A+SLW2,1,8.54,8.99,2026-03-17 19:42:09,electricalsone,false
1123843,11-14377-61201,EBAY,,313731620457,LSFT220OR+RPR44WH,1,8.44,8.88,2026-03-17 19:54:41,so_926407,false
1123844,14-14373-37224,EBAY,,162543791353,12UK3P2A+SLW4,1,9.49,9.99,2026-03-17 19:53:37,led_sone,false
1123847,27-14354-77088,EBAY,,265660312613,ENC1567,1,45.89,45.89,2026-03-17 19:56:12,electricalsone,false
1123855,10-14378-99139,EBAY,,266190324719,PSOS2HETBM+ICST64E27,1,13.99,13.99,2026-03-17 20:11:52,electricalsone,false
1123856,13-14375-16155,EBAY,,164925289077,LDMST64B228,1,6.55,6.89,2026-03-17 20:20:43,led_sone,false
1123867,13-14375-22613,EBAY,,304785673935,LHCTOCO,1,11.01,6.12,2026-03-17 20:34:48,coventrylights,false
1123868,07-14383-77236,EBAY,,306338776580,ENC830,1,67.79,72.89,2026-03-17 20:37:13,coventrylights,false
1123869,13-14375-22615,EBAY,,164928157646,LHC1E27WH,1,6.99,6.99,2026-03-17 20:34:51,led_sone,false
1123878,21-14363-14998,EBAY,,315910562009,CRFF100GB+LHNSE27GB,1,10.16,11.29,2026-03-17 20:47:35,so_926407,false
1123882,05-14387-07089,EBAY,,266191601113,CRFF105SN,1,9.00,5.99,2026-03-17 20:55:17,electricalsone,false
1123886,13-14375-34473,EBAY,,166898541107,WBERT29GR3PK,1,6.99,6.99,2026-03-17 21:04:00,led_sone,false
1123887,20-14364-92047,EBAY,,266217286579,HRE1428WH2PK,1,10.00,6.99,2026-03-17 21:01:51,electricalsone,false
1123892,09-14380-82057,EBAY,,165584303790,CL2RLB,3,8.82,3.17,2026-03-17 21:20:53,led_sone,false
1123902,08-14382-19314,EBAY,,166269554733,PSHYOS4BRBM+ICST64E27,1,15.89,15.89,2026-03-17 21:34:31,led_sone,false
1123903,26-14356-40397,EBAY,,267340970424,CL3RHE2PK,1,3.99,3.99,2026-03-17 21:38:33,electricalsone,false
1123908,13-14375-48531,EBAY,,163585361443,12IP6736,3,35.70,12.80,2026-03-17 21:41:12,led_sone,false
1123909,11-14378-07143,EBAY,,267284134030,CL3RRE5PK,1,11.99,11.99,2026-03-17 21:42:55,electricalsone,false
1123914,27-14355-25947,EBAY,,267213906251,CCBKNWE36,1,8.99,8.99,2026-03-17 21:54:14,electricalsone,false
1123915,07-14384-09295,EBAY,,305578042753,LSBS160GY,2,21.70,11.67,2026-03-17 22:00:49,coventrylights,false
1123925,17-14369-47918,EBAY,,255943163485,CBSF115,1,5.69,5.69,2026-03-17 22:09:25,vintageinterior,false
1123927,10-14379-46056,EBAY,,316366651624,LSMS320BG+RPR44WH,1,13.94,14.99,2026-03-17 22:09:38,so_926407,false
1123932,25-14358-08518,EBAY,,167943272260,CL2TWH,2,5.68,2.99,2026-03-17 22:14:36,led_sone,false
1123936,13-14375-62827,EBAY,,167833569765,WCCYSP160BM,1,11.49,11.49,2026-03-17 22:21:01,led_sone,false
1123937,07-14384-17481,EBAY,,163585361443,24IP6730,2,21.82,11.49,2026-03-17 22:23:41,led_sone,false
1123938,11-14378-21194,EBAY,,313614825876,CRFF100BM,3,19.80,5.89,2026-03-17 22:21:39,so_926407,false
1123942,11-14378-26580,EBAY,,167403486899,LDSG95DIE274,2,13.98,6.99,2026-03-17 22:37:27,led_sone,false
1123943,11-14378-26580,EBAY,,167403486899,LDST185E274,2,10.98,5.49,2026-03-17 22:37:27,led_sone,false
1123944,11-14378-26580,EBAY,,167403486899,LDSHEAE274,2,13.98,6.99,2026-03-17 22:37:27,led_sone,false
1123945,11-14378-26580,EBAY,,167403486899,LDSG125MUE274,2,23.78,11.89,2026-03-17 22:37:27,led_sone,false
1123946,11-14378-26580,EBAY,,167403486899,LDSG125LOE274,2,15.78,7.89,2026-03-17 22:37:27,led_sone,false
1123949,19-14366-88318,EBAY,,167922606736,CL2RBR5PK,1,12.69,12.69,2026-03-17 22:49:53,led_sone,false
1123950,22-14362-49898,EBAY,,265660312592,LDMT185B224,4,31.80,5.49,2026-03-17 22:46:34,electricalsone,false
1123971,15-14372-57862,EBAY,,304806215764,CRSF100BM+WSTR135BM+LSCY210BC+ICST64E27,1,18.30,19.68,2026-03-17 23:16:16,coventrylights,false
1123972,22-14362-59267,EBAY,,124771480165,LHSBE27BM,1,5.29,5.29,2026-03-17 23:16:37,dctransformer,false
1123982,18-14368-46826,EBAY,,123816674032,LDMG125B228,1,8.89,8.89,2026-03-17 23:44:49,dctransformer,false
1123989,06-14385-99762,EBAY,,257100562761,PSDS2BMRGY+ICST64E2740,2,26.38,13.89,2026-03-17 23:53:15,vintageinterior,false
1123995,09-14381-44503,EBAY,,161782384942,12UK3P5A,1,11.98,11.98,2026-03-18 00:22:19,led_sone,false
1123997,22-14362-87243,EBAY,,166887385832,LSDM220GS+RPR44WH,2,18.98,9.99,2026-03-18 00:44:14,led_sone,false
1123999,04-14388-94351,EBAY,,266196406700,CRFF5504BM+WCRNBM4PK+ICST64E274PK,1,59.29,59.29,2026-03-18 00:57:43,electricalsone,false
1124000,19-14367-31534,EBAY,,163678721625,CRSF100BM+LHNSE27BM,1,9.99,9.99,2026-03-18 01:04:26,led_sone,false
1124003,07-14384-84663,EBAY,,267213772077,12IP2080,1,10.92,11.49,2026-03-18 01:46:02,electricalsone,false
1124006,10-14380-28184,EBAY,,265660313934,PSDS2BMRRE+ICST64E27,2,25.84,13.89,2026-03-18 02:14:55,electricalsone,false
1124021,21-14364-47408,EBAY,,164514488846,PSDS4BMBBM+WCDTBL+LDG95E274,1,20.89,20.89,2026-03-18 03:34:14,led_sone,false
1124063,13-14376-99927,EBAY,,164492030061,CL3TBK,2,6.58,3.29,2026-03-18 07:14:25,led_sone,false
1124068,11-14379-61804,EBAY,,165365087205,CRSF108YB+HK10YB,1,6.99,6.99,2026-03-18 07:36:50,led_sone,false
1124073,06-14387-12227,EBAY,,163255683237,LDMG80E2743PK,2,26.38,13.89,2026-03-18 07:47:53,led_sone,false
1124078,24-14375-68983,EBAY,,164261730528,12BO48,1,14.15,14.89,2026-03-18 07:58:35,led_sone,false
1124083,26-14357-99909,EBAY,,265657802178,CNP1000WH,1,8.49,8.49,2026-03-18 08:07:30,electricalsone,false
1124084,10-14380-96525,EBAY,,167681268262,WCCYROCH,3,55.38,19.85,2026-03-18 08:07:02,led_sone,false
1124088,01-14394-80269,EBAY,,266188029327,CCBC242PK,1,11.68,12.30,2026-03-18 08:18:53,electricalsone,false
1124101,03-14391-32208,EBAY,,305682162344,LSFT220GY+RPR44WH,1,10.14,10.67,2026-03-18 08:34:08,coventrylights,false
1124117,20-14366-74630,EBAY,,166234023813,LHBPE27BM+CGMLBM,1,4.99,4.99,2026-03-18 08:53:54,led_sone,false
1124118,10-14381-06150,EBAY,,266252858135,CTBOP8XL,1,3.40,3.40,2026-03-18 08:59:54,electricalsone,false
1124125,15-14374-00604,EBAY,,167922606736,CL2TBM5PK,1,10.99,10.99,2026-03-18 09:27:58,led_sone,false
1124126,24-14375-85390,EBAY,,266027916399,LHBPE27BM3PK,3,25.08,8.99,2026-03-18 09:26:20,electricalsone,false
1124130,11-14379-84349,EBAY,,256517395296,LDMT45B2242PK,1,8.99,8.99,2026-03-18 09:37:58,vintageinterior,false
1124133,14-14375-62068,EBAY,,256005486252,HRE2738WH2PK,1,5.39,5.39,2026-03-18 09:46:33,vintageinterior,false
1124142,17-14371-19038,EBAY,,266190324892,HRE2738BM2PK,1,6.64,6.99,2026-03-18 09:59:51,electricalsone,false
1124143,20-14366-86695,EBAY,,256535651909,WMS2003AGL,1,15.39,15.39,2026-03-18 09:52:38,vintageinterior,false
1124155,19-14368-47850,EBAY,,166173881733,CTBOP18XL+CTBOP16XL+CTBOP15XL,1,9.99,9.99,2026-03-18 10:10:48,led_sone,false
1124156,11-14379-93437,EBAY,,164267913779,CCBC9,1,5.22,5.22,2026-03-18 10:19:53,led_sone,false
1124165,07-14385-91849,EBAY,,256004417601,CCGNNSWE24,7,49.70,7.89,2026-03-18 10:27:55,vintageinterior,false
1124169,15-14374-18333,EBAY,,266190382990,PSFW4RGD,1,11.33,12.59,2026-03-18 10:47:04,electricalsone,false
1124170,06-14387-48884,EBAY,,304813856521,PSOS2WHBWH,2,18.10,7.99,2026-03-18 10:46:20,coventrylights,false
1124177,19-14368-57781,EBAY,,164492030061,CL2TBM,2,5.60,2.80,2026-03-18 10:52:41,led_sone,false
1124181,09-14382-88266,EBAY,,163693940389,CBSF110,1,4.99,4.99,2026-03-18 11:05:08,led_sone,false
1124187,22-14364-25185,EBAY,,163693940389,CBSF95,1,4.99,4.99,2026-03-18 11:12:27,led_sone,false
1124194,12-14378-82355,EBAY,,265877399733,CGMLBM5PK,1,7.45,7.45,2026-03-18 11:28:55,electricalsone,false
1124199,06-14387-61176,EBAY,,163678721625,CRSF100BM+LHNSE27BM,2,18.98,9.99,2026-03-18 11:32:24,led_sone,false
1124200,21-14365-40513,EBAY,,164613870692,SPSD78GD2PK,1,7.89,7.89,2026-03-18 11:36:35,led_sone,false
1124201,20-14367-13370,EBAY,,162830271380,12BO72,2,30.28,16.28,2026-03-18 11:40:43,led_sone,false
1124205,12-14378-86151,EBAY,,265660352962,LDMST64B224,1,5.99,5.99,2026-03-18 11:42:27,electricalsone,false
1124216,25-14360-08345,EBAY,,163103895742,LDMST64E274,2,10.98,5.49,2026-03-18 12:04:05,led_sone,false
1124217,25-14360-08345,EBAY,,163826763081,CRSF125CO+WSAT105CO+ICST64E27,2,19.98,9.99,2026-03-18 12:04:05,led_sone,false
1124219,04-14390-44924,EBAY,,265855227556,12IP2024,1,6.49,6.49,2026-03-18 12:07:51,electricalsone,false
1124247,05-14389-47936,EBAY,,163707302633,CBSF140,1,5.49,5.49,2026-03-18 12:27:52,led_sone,false
1124255,20-14367-29780,EBAY,,163017275623,CL3RGL3PK,1,7.89,7.89,2026-03-18 12:36:02,led_sone,false
1124268,03-14391-95530,EBAY,,163715641938,SOTB1GTK,1,4.67,4.67,2026-03-18 12:47:59,led_sone,false
1124269,18-14370-31709,EBAY,,267295981796,CRFF75CH+LHAHE27CH,1,8.99,8.99,2026-03-18 12:47:57,electricalsone,false
1124276,04-14390-59169,EBAY,,163952672799,12IP6736,1,8.88,8.88,2026-03-18 12:54:21,bestbringer,false
1124277,22-14364-56492,EBAY,,164093426305,WCB3WH+RPR44WH,1,8.99,8.99,2026-03-18 12:58:53,led_sone,false
1124282,18-14370-37174,EBAY,,265660313932,LDSG125LOE274,2,14.38,7.99,2026-03-18 13:04:55,electricalsone,false
1124284,25-14360-30401,EBAY,,164670579403,LDMST64E274,1,5.49,5.49,2026-03-18 13:14:35,led_sone,false
1124299,04-14390-68026,EBAY,,313970190930,RD35APK,1,10.67,8.65,2026-03-18 13:21:22,so_926407,false
1124307,09-14383-34169,EBAY,,267073162939,LDMC35E1445PK,1,15.10,15.89,2026-03-18 13:36:12,electricalsone,false
1124308,08-14384-67395,EBAY,,265750044855,CL3RLB,5,13.00,2.89,2026-03-18 13:37:53,electricalsone,false
1124313,26-14358-86532,EBAY,,266572361653,MBEX4560BMDPK,1,21.16,21.16,2026-03-18 13:47:28,electricalsone,false
1124314,14-14376-30918,EBAY,,165151573535,HLSC96BM,1,3.29,3.29,2026-03-18 13:48:32,led_sone,false
1124315,07-14386-51476,EBAY,,306719615764,CRSF100BM+PHSH1PBRYB+LSSS300BM+ICST64E27,1,19.06,20.49,2026-03-18 13:47:43,coventrylights,false
1124323,14-14376-38314,EBAY,,167833569765,WCCYSP160GD+RPR44WH,1,11.49,11.49,2026-03-18 14:08:22,led_sone,false
1124339,10-14381-96173,EBAY,,164681103989,CRFF108BM2PK+HK10BM2PK,1,10.44,10.99,2026-03-18 14:18:02,led_sone,false
1124359,14-14376-47820,EBAY,,253178071065,12IP2012,1,4.93,4.93,2026-03-18 14:33:22,vintageinterior,false
1124367,11-14380-75605,EBAY,,167495462209,PCSN295YB,2,11.38,5.99,2026-03-18 14:41:46,led_sone,false
1124368,14-14376-51263,EBAY,,163693940389,CBSF185,1,6.47,6.47,2026-03-18 14:42:21,led_sone,false
1124379,24-14376-86772,EBAY,,126703928790,RBLSOL220SN,1,6.76,3.87,2026-03-18 15:04:47,dctransformer,false
1124384,01-14396-06471,EBAY,,255943163485,CBSF115,1,5.69,5.69,2026-03-18 15:26:19,vintageinterior,false
1124387,10-14382-27545,EBAY,,255943163525,CRSF100CH,1,5.09,5.09,2026-03-18 15:35:18,vintageinterior,false
1124399,17-14372-38892,EBAY,,164924746600,CCBKNWE3,1,4.99,4.99,2026-03-18 16:02:25,led_sone,false
1124406,27-14358-25660,EBAY,,125433881832,CRFF65CH+WSFSCH,7,60.34,8.62,2026-03-18 16:14:22,dctransformer,false
1124407,27-14358-25660,EBAY,,125433881832,CRFF65BM+WSFSBA,10,86.20,8.62,2026-03-18 16:14:22,dctransformer,false
1124408,27-14358-25660,EBAY,,125433881832,CRFF65SN+WSFSSN,4,34.48,8.62,2026-03-18 16:14:22,dctransformer,false
1124412,18-14371-14181,EBAY,,267184264594,LSCP150BA+RPR44WH,1,9.89,9.89,2026-03-18 16:22:01,electricalsone,false
1124413,23-14364-02053,EBAY,,317111834260,WJBIP684BM,2,16.88,8.89,2026-03-18 16:32:24,so_926407,false
1124414,05-14390-43688,EBAY,,267521014652,CERU36300YE,1,5.89,5.89,2026-03-18 16:38:27,electricalsone,false
1124424,05-14390-44210,EBAY,,162711487073,CL3TGL,3,8.88,3.19,2026-03-18 16:43:56,led_sone,false
1124427,03-14392-91834,EBAY,,304920445661,LDMST64B2245PK,1,16.91,18.79,2026-03-18 16:54:59,coventrylights,false
1124428,24-14377-33970,EBAY,,165020888967,ENC1809,3,58.26,20.89,2026-03-18 16:57:44,led_sone,false
1124440,17-14372-67177,EBAY,,167943793586,TSLCQA20WH3PK+TSWGQBRE2PK,1,22.49,22.49,2026-03-18 17:12:09,led_sone,false
1124441,25-14361-25891,EBAY,,317675044975,RWWPSY08GY,1,7.53,4.99,2026-03-18 17:15:36,so_926407,false
1124446,04-14391-67210,EBAY,,124283574881,CRFF75CH,1,5.99,5.99,2026-03-18 17:26:47,dctransformer,false
1124448,03-14393-05419,EBAY,,164601152506,CRSF100BC+LHNSE27YB+SCRN70BC+LSWD360BC,2,37.78,19.89,2026-03-18 17:26:25,led_sone,false
1124458,17-14372-81360,EBAY,,166849248974,PHSF1BRTCO,1,10.22,10.99,2026-03-18 17:45:20,led_sone,false
1124464,17-14372-87635,EBAY,,164914367042,5IP2050,1,8.49,8.49,2026-03-18 18:00:42,led_sone,false
1124472,17-14372-90771,EBAY,,164965557680,12IP20480,1,27.50,29.89,2026-03-18 18:08:26,led_sone,false
1124477,22-14365-84070,EBAY,,167979076726,TPOS1PRBSQ+ICST64E27,1,18.89,18.89,2026-03-18 18:20:23,led_sone,false
1124499,27-14358-90942,EBAY,,164767503253,PHSF1GDRFG,1,10.99,10.99,2026-03-18 18:45:13,led_sone,false
1124500,06-14389-30450,EBAY,,162975561793,CL3TBD,4,10.40,2.89,2026-03-18 18:48:06,led_sone,false
1124501,07-14387-77243,EBAY,,166898541107,WBERT29RE2PK,1,5.99,5.99,2026-03-18 18:46:37,led_sone,false
1124507,12-14380-55431,EBAY,,256487880217,WCWDCH+RPR44WH,2,16.30,8.58,2026-03-18 18:53:40,vintageinterior,false
1124508,18-14371-82891,EBAY,,255943163411,LDMG95B224,1,5.98,5.98,2026-03-18 18:56:28,vintageinterior,false
1124514,26-14360-21522,EBAY,,305682162344,LSFT220RO+RPR44WH,2,22.36,11.77,2026-03-18 19:03:44,coventrylights,false
1124516,04-14392-13604,EBAY,,164912592166,LDCWB225,1,5.49,5.49,2026-03-18 19:05:01,led_sone,false
1124517,14-14377-68383,EBAY,,163585361443,24IP6710,1,5.99,5.99,2026-03-18 19:08:55,led_sone,false
1124518,22-14366-10234,EBAY,,164423051053,LDMG95E278,1,7.49,7.49,2026-03-18 19:07:51,led_sone,false
1124521,18-14371-95708,EBAY,,267068731282,24IP6750,1,14.15,14.89,2026-03-18 19:20:19,electricalsone,false
1124522,18-14371-94473,EBAY,,265660314741,LHRIE14WH,1,4.99,4.99,2026-03-18 19:17:47,electricalsone,false
1124523,01-14397-08709,EBAY,,164164375386,CRSF100HBM+WSWS1PHTBM+PSDS2BPB+WCDCBM,2,41.40,21.79,2026-03-18 19:15:06,led_sone,false
1124529,25-14361-86556,EBAY,,266785504818,CL2TBK5PK,1,10.99,10.99,2026-03-18 19:23:11,electricalsone,false
1124530,11-14382-01149,EBAY,,163585361443,24IP6710,1,5.99,5.99,2026-03-18 19:24:36,led_sone,false
1124531,11-14382-01149,EBAY,,163585361443,12IP6780,1,18.89,18.89,2026-03-18 19:24:36,led_sone,false
1124532,27-14359-11727,EBAY,,305682162344,LSDO300RE+RPR44WH,1,11.30,11.89,2026-03-18 19:23:13,coventrylights,false
1124537,02-14395-38839,EBAY,,164324173201,12UK3PON,1,5.49,5.49,2026-03-18 19:33:44,led_sone,false
1124538,10-14383-35195,EBAY,,162553025729,LDMC35E1442PK,1,7.50,7.89,2026-03-18 19:34:10,led_sone,false
1124546,21-14367-37953,EBAY,,162702901154,CL2TBR,2,6.06,3.19,2026-03-18 19:47:31,led_sone,false
1124554,27-14359-27849,EBAY,,313792772829,PSDS2BMRRE,3,35.94,12.89,2026-03-18 20:00:17,so_926407,false
1124560,02-14395-52055,EBAY,,267073162939,LDMG125E2783PK,1,19.73,20.77,2026-03-18 20:04:54,electricalsone,false
1124561,01-14397-31871,EBAY,,266984735032,LDMST64B2242PK,1,6.99,6.99,2026-03-18 20:07:22,electricalsone,false
1124562,20-14369-17285,EBAY,,164266047124,LDMT45E274,1,5.49,5.49,2026-03-18 20:05:29,led_sone,false
1124563,08-14386-34779,EBAY,,305682162344,LSCY290GY+RPR44WH,1,13.20,13.89,2026-03-18 20:04:52,coventrylights,false
1124564,15-14376-36933,EBAY,,304786539454,LDMG125E278,4,31.20,8.67,2026-03-18 20:06:29,coventrylights,false
1124570,19-14370-78132,EBAY,,306300532097,LHRIE14BM,1,5.24,5.82,2026-03-18 20:14:42,coventrylights,false
1124571,25-14362-09400,EBAY,,165901230400,CRSF100BM+PHSH1PBRYB+SCRN70BM+LSDO210BG,1,14.78,15.89,2026-03-18 20:16:17,led_sone,false
1124576,09-14385-10745,EBAY,,164775055128,CL3RGL,2,7.78,3.89,2026-03-18 20:26:33,led_sone,false
1124581,25-14362-19011,EBAY,,254281828162,CRFF108CO,1,4.99,4.99,2026-03-18 20:40:32,vintageinterior,false
1124593,27-14359-50075,EBAY,,163585361443,24IP6780,1,18.49,18.49,2026-03-18 20:55:50,led_sone,false
1124596,20-14369-36137,EBAY,,123767549959,CCBKNWE36,1,8.99,8.99,2026-03-18 20:53:15,dctransformer,false
1124611,01-14397-57945,EBAY,,267446933196,CRSF100BM+LHNSE27YB+SCRN70YB+LSFT220BI,1,15.89,15.89,2026-03-18 21:12:42,electricalsone,false
1124612,05-14391-64460,EBAY,,164492030061,CL2TOR,1,2.69,2.69,2026-03-18 21:11:11,led_sone,false
1124613,01-14397-60811,EBAY,,254831755121,CL3TBK,3,8.01,2.87,2026-03-18 21:20:02,vintageinterior,false
1124623,26-14360-81500,EBAY,,164261730528,12BO28,1,10.44,10.99,2026-03-18 21:25:28,led_sone,false
1124625,09-14385-33165,EBAY,,257182922275,PHUH2HETBM+LDEDG125E273,1,16.99,16.99,2026-03-18 21:23:01,vintageinterior,false
1124630,22-14366-73353,EBAY,,267214427494,WCDSBM,1,6.49,6.49,2026-03-18 21:38:37,electricalsone,false
1124631,22-14366-73353,EBAY,,267214427494,WCDSBM,4,25.96,6.49,2026-03-18 21:38:37,electricalsone,false
1124640,21-14367-83127,EBAY,,317527180273,SPSDP3WH5PK,1,12.18,9.99,2026-03-18 21:41:26,so_926407,false
1124644,23-14365-43446,EBAY,,266272215629,CRSF100BM+WSHR135BM+WCWDBM+ICST64E27,2,36.64,19.29,2026-03-18 21:58:43,electricalsone,false
1124645,08-14386-78039,EBAY,,167558961784,SPHEBM3PK,1,13.39,13.39,2026-03-18 21:55:30,led_sone,false
1124651,01-14397-78732,EBAY,,164030749672,CL2TGR,2,5.68,2.99,2026-03-18 22:08:02,led_sone,false
1124654,24-14378-70536,EBAY,,266188024005,CCBKNWE3,1,5.57,5.99,2026-03-18 22:14:13,electricalsone,false
1124666,26-14361-03816,EBAY,,265660314741,LHRIE14WH,1,4.99,4.99,2026-03-18 22:26:23,electricalsone,false
1124667,07-14388-69847,EBAY,,164500778155,WCDTBM+RPR44WH,2,20.26,10.89,2026-03-18 22:27:03,led_sone,false
1124672,09-14385-59450,EBAY,,167943442329,CL2RBM,4,10.40,2.89,2026-03-18 22:35:30,led_sone,false
1124673,06-14390-23691,EBAY,,314652309209,SPSDP2BM3PK,1,15.52,13.29,2026-03-18 22:31:38,so_926407,false
1124674,09-14385-59452,EBAY,,314063416697,LHRHE27BY,3,19.50,6.99,2026-03-18 22:35:25,so_926407,false
1124679,09-14385-66026,EBAY,,163820803135,LHC5E27WH3PK,1,9.99,9.99,2026-03-18 22:55:18,led_sone,false
1124684,13-14380-26894,EBAY,,304817667757,WCVCRE+RPR44WH,1,12.28,9.99,2026-03-18 23:03:58,coventrylights,false
1124685,14-14378-60182,EBAY,,162949535147,LDMG80E274,1,5.49,5.49,2026-03-18 23:02:34,led_sone,false
1124692,23-14365-71376,EBAY,,304843914711,CRSF1202BM+PHHRE2HETHE2PK+SPHEBM2PK,3,71.97,23.99,2026-03-18 23:22:04,coventrylights,false
1124693,23-14365-71376,EBAY,,304843914711,PHHR2HETHE,3,34.11,11.37,2026-03-18 23:22:04,coventrylights,false
1124699,27-14360-12977,EBAY,,266196360366,WCDTBM2PK+RPR44WH2PK,1,14.84,15.96,2026-03-18 23:56:25,electricalsone,false
1124708,07-14389-28026,EBAY,,163682568149,BC2W1602PK,1,5.49,5.49,2026-03-19 01:27:38,led_sone,false
1124709,07-14389-28026,EBAY,,163682568149,BC3W802PK,1,5.99,5.99,2026-03-19 01:27:38,led_sone,false
1124710,01-14398-44084,EBAY,,162562112782,12IP2024,1,6.64,6.99,2026-03-19 01:29:41,led_sone,false
1124712,06-14391-01359,EBAY,,167943442329,CL2RBU,4,8.16,2.27,2026-03-19 02:34:04,led_sone,false
1124714,15-14377-75735,EBAY,,167645621244,CL3TBMAPK,1,24.89,24.89,2026-03-19 02:53:47,led_sone,false
1124756,02-14397-13722,EBAY,,306775083918,CRFF500BM+PHHT1PBRBM3PK+WCCYSP180BM3PK,1,33.38,35.89,2026-03-19 04:36:21,coventrylights,false
1124760,14-14379-62620,EBAY,,164666761396,LSMS320NB+RPR44WH,1,11.76,12.78,2026-03-19 05:17:37,led_sone,false
1124769,16-14376-87731,EBAY,,166032301756,LHBLE27CH2PK,1,10.99,10.99,2026-03-19 06:51:38,led_sone,false
1124771,16-14376-87731,EBAY,,164071119364,LHSHE27CH3PK,1,13.89,13.89,2026-03-19 06:51:38,led_sone,false
1124789,06-14391-60139,EBAY,,335680616357,LDMG125E278,1,8.89,8.89,2026-03-19 07:43:32,lighting_sone,false
1124790,08-14388-26961,EBAY,,167940684287,STKP48EBR6PK,1,9.99,9.99,2026-03-19 07:41:13,led_sone,false
1124799,26-14362-45796,EBAY,,164942250673,CL2TBR,2,6.06,3.19,2026-03-19 08:04:51,led_sone,false
1124805,25-14364-02746,EBAY,,167563462461,12ASIP20300,1,17.99,17.99,2026-03-19 08:12:40,led_sone,false
1124813,22-14368-35902,EBAY,,164725952794,CRSF100GB+PHUP1PBRGB,1,10.44,10.99,2026-03-19 08:22:56,led_sone,false
1124823,09-14387-05958,EBAY,,163008902707,12IP6710,1,6.55,6.89,2026-03-19 08:46:39,led_sone,false
1124827,03-14395-84231,EBAY,,267068731282,12IP6720,5,49.45,10.99,2026-03-19 08:51:40,electricalsone,false
1124828,26-14362-54309,EBAY,,266188029327,CCBC92PK,1,6.93,7.29,2026-03-19 08:53:14,electricalsone,false
1124834,07-14390-23932,EBAY,,254890527953,LHSBE27BM3PK,1,13.28,8.59,2026-03-19 09:11:43,vintageinterior,false
1124835,07-14390-24492,EBAY,,164311873717,CRFF75SN,2,10.98,5.49,2026-03-19 09:14:28,led_sone,false
1124836,07-14390-24492,EBAY,,165477640946,CRSF100SN,1,5.49,5.49,2026-03-19 09:14:28,led_sone,false
1124837,07-14390-24492,EBAY,,166032301756,LHSHE27SN,4,21.96,5.49,2026-03-19 09:14:28,led_sone,false
1124861,15-14378-53548,EBAY,,266188024144,12IP67100,2,41.58,21.89,2026-03-19 09:55:05,electricalsone,false
1124872,17-14375-69695,EBAY,,163678721625,CRSF100BM+LHNSE27BM,1,9.99,9.99,2026-03-19 10:16:17,led_sone,false
1124873,13-14381-82759,EBAY,,161782384942,12UK3P5A,1,11.98,11.98,2026-03-19 10:19:01,led_sone,false
1124877,07-14390-38419,EBAY,,163702404352,CRSF100SN,1,5.49,5.49,2026-03-19 10:20:50,led_sone,false
1124879,12-14383-12729,EBAY,,317527029368,WBERT29BL2PK,1,5.57,5.99,2026-03-19 10:22:42,so_926407,false
1124887,22-14368-63461,EBAY,,305895455847,ENC7817,1,42.66,42.66,2026-03-19 10:38:24,coventrylights,false
1124888,22-14368-63461,EBAY,,306333338233,CRSF100YB+LHNSE27YB+LSDO210BG,2,31.48,15.74,2026-03-19 10:38:24,coventrylights,false
1124897,04-14394-69765,EBAY,,336233677670,RBLSFT220NB+RPR44WH,1,9.85,6.96,2026-03-19 10:44:53,re6865,false
1124898,19-14373-02091,EBAY,,304963286889,CRSF100CH+PHUP1PCRCH+ICST64E27,3,33.15,11.89,2026-03-19 10:42:43,coventrylights,false
1124903,18-14374-46955,EBAY,,123126637158,LDMT185E274,2,10.98,5.49,2026-03-19 10:59:15,dctransformer,false
1124907,25-14364-38258,EBAY,,305698440823,CL3TGYAPK,1,20.89,21.99,2026-03-19 11:04:20,coventrylights,false
1124908,07-14390-48346,EBAY,,165365087205,CRSF108CH+HKR10CH,1,6.99,6.99,2026-03-19 11:03:06,led_sone,false
1124917,09-14387-38731,EBAY,,167943788384,CERU36300YE,1,5.19,2.69,2026-03-19 11:17:26,led_sone,false
1124918,06-14392-02501,EBAY,,304813856521,PSOS4BMBBM,1,12.28,9.99,2026-03-19 11:11:44,coventrylights,false
1124930,11-14384-59748,EBAY,,306178227488,LSSS300CO+RPR44WH,1,12.15,12.79,2026-03-19 11:34:51,coventrylights,false
1124938,21-14369-90613,EBAY,,163693940389,CBSF105,1,4.99,4.99,2026-03-19 11:49:17,led_sone,false
1124943,11-14384-64584,EBAY,,162562112782,12IP2060,1,10.35,10.89,2026-03-19 11:51:43,led_sone,false
1124944,10-14385-95604,EBAY,,256492173921,WCDTGR+RPR44WH,1,9.89,9.89,2026-03-19 11:56:21,vintageinterior,false
1124953,14-14380-45085,EBAY,,163790549882,ENC8645,5,170.95,37.99,2026-03-19 12:08:37,led_sone,false
1124962,24-14380-72617,EBAY,,164962387430,WCB1BM+RPR44WH,1,9.89,9.89,2026-03-19 12:12:36,led_sone,false
1124980,07-14390-73510,EBAY,,304786539461,12BO28,1,12.99,12.99,2026-03-19 12:33:01,coventrylights,false
1124987,19-14373-35043,EBAY,,306348377837,5IP2030,1,7.66,8.24,2026-03-19 12:42:30,coventrylights,false
1124988,04-14395-02521,EBAY,,163434903826,LHSHE27GB,2,10.42,5.49,2026-03-19 12:43:34,led_sone,false
1124992,20-14371-80897,EBAY,,162543791353,12UK3P2A+SLW8,1,12.25,12.89,2026-03-19 12:53:26,led_sone,false
1124993,08-14389-00548,EBAY,,165733545310,CSBE4WLBM,2,15.18,7.99,2026-03-19 12:58:14,led_sone,false
1124998,21-14370-13946,EBAY,,255997924998,CL2TGD,1,2.89,2.89,2026-03-19 13:06:57,vintageinterior,false
1125003,22-14369-13022,EBAY,,163387606661,HLRK35BM,1,2.49,2.49,2026-03-19 13:30:19,led_sone,false
1125010,09-14387-79428,EBAY,,164914367042,5IP2028,1,5.49,5.49,2026-03-19 13:31:21,led_sone,false
1125015,07-14390-98623,EBAY,,266630626996,WCB4BM2PK+RPR44WH2PK,1,13.17,13.86,2026-03-19 13:49:25,electricalsone,false
1125016,26-14363-31493,EBAY,,316366651624,LSTL260BG5PK+RPR44WH5PK,1,53.57,54.49,2026-03-19 13:45:39,so_926407,false
1125027,05-14394-24498,EBAY,,164110243376,PHUH0.5HETBM,1,8.35,8.98,2026-03-19 13:58:41,led_sone,false
1125032,20-14372-06776,EBAY,,255997924998,CL2TPU,3,8.04,2.89,2026-03-19 14:09:04,vintageinterior,false
1125033,19-14373-64722,EBAY,,265939158754,LDMT185E2742PK,1,12.89,12.89,2026-03-19 14:09:34,electricalsone,false
1125034,02-14398-40941,EBAY,,305541421379,CL2TWH2PK,1,5.89,5.89,2026-03-19 14:05:37,coventrylights,false
1125042,14-14380-88831,EBAY,,266204973940,SWAG2GAD,1,5.49,5.49,2026-03-19 14:20:27,electricalsone,false
1125043,26-14363-42824,EBAY,,164023295056,CRSF100BM+LHNSE27BY+SCRN70BM+LSFT220BM,1,14.99,14.99,2026-03-19 14:17:01,led_sone,false
1125044,01-14400-23993,EBAY,,315428622232,CRSF100GS+WSWH135BM+LSHQ150GY,2,26.94,14.49,2026-03-19 14:16:31,so_926407,false
1125054,13-14382-59148,EBAY,,335680616357,LDMG95E274,1,6.89,6.89,2026-03-19 14:32:35,lighting_sone,false
1125055,21-14370-45371,EBAY,,266190328446,12SAN60,1,15.18,15.18,2026-03-19 14:35:33,electricalsone,false
1125063,20-14372-24767,EBAY,,317111834260,WJBIP68T12BM,1,8.88,8.88,2026-03-19 14:57:20,so_926407,false
1125069,03-14396-89543,EBAY,,164006555006,LSFT220FG+RPR44WH,2,17.90,9.42,2026-03-19 15:01:27,led_sone,false
1125081,06-14392-85924,EBAY,,164492030061,CL2TRE,3,8.67,2.89,2026-03-19 15:22:09,led_sone,false
1125088,09-14388-27176,EBAY,,163438448120,CL3RBR,2,5.02,2.64,2026-03-19 15:38:09,led_sone,false
1125092,10-14386-76093,EBAY,,164492030061,CL3TWH,4,12.76,3.19,2026-03-19 15:46:21,led_sone,false
1125093,02-14398-79176,EBAY,,265660313932,LDSG125LOE274,1,7.19,7.99,2026-03-19 15:44:42,electricalsone,false
1125114,22-14369-77714,EBAY,,255993451406,HLRK45BM,2,9.66,5.09,2026-03-19 16:20:57,vintageinterior,false
1125115,27-14362-67063,EBAY,,161970161622,12IP2080,1,9.49,9.99,2026-03-19 16:11:30,led_sone,false
1125121,05-14394-82675,EBAY,,162543791353,12UK3P2A+SLW8,1,12.25,12.89,2026-03-19 16:27:33,led_sone,false
1125122,04-14395-84737,EBAY,,313546091140,PLHTBM+ICST64E27,1,17.00,18.89,2026-03-19 16:24:00,so_926407,false
1125128,16-14378-53591,EBAY,,266194506296,PLTEBM+WCWYBM+ICST64E27,1,20.89,20.89,2026-03-19 16:38:48,electricalsone,false
1125139,06-14393-24790,EBAY,,167833569765,WCCYSP160BM+RPR44WH,1,11.49,11.49,2026-03-19 16:58:43,led_sone,false
1125162,24-14381-95554,EBAY,,267121715682,12IP67102PK,1,8.54,8.99,2026-03-19 17:48:11,electricalsone,false
1125170,16-14378-82093,EBAY,,313722975439,LDSG95DIE2743PK,1,18.59,19.99,2026-03-19 17:52:30,so_926407,false
1125173,25-14365-83997,EBAY,,166844817120,ENC1821,2,33.04,17.39,2026-03-19 17:58:36,led_sone,false
1125174,24-14381-99666,EBAY,,122989185800,LDMG95B224,1,5.98,5.98,2026-03-19 17:59:01,dctransformer,false
1125177,11-14386-02374,EBAY,,265664531284,CL2TBR,5,13.00,2.89,2026-03-19 18:08:01,electricalsone,false
1125178,24-14382-01042,EBAY,,164914367042,5IP2028,2,10.42,5.49,2026-03-19 18:02:35,led_sone,false
1125179,18-14375-99559,EBAY,,164855289662,ENC686,1,54.89,54.89,2026-03-19 18:10:48,led_sone,false
1125186,13-14383-51346,EBAY,,123909647492,RD40APK,1,10.95,10.95,2026-03-19 18:25:36,dctransformer,false
1125190,26-14364-44021,EBAY,,163844479887,PSDS2BMB14BM,1,8.89,8.89,2026-03-19 18:34:43,led_sone,false
1125191,12-14384-86089,EBAY,,167943689167,CERU36150GR,1,4.69,4.69,2026-03-19 18:35:04,led_sone,false
1125192,16-14379-02302,EBAY,,168042902689,CRSF2003BM+LHTMGU10BM3PK+LDGU10CW53PK,1,21.89,21.89,2026-03-19 18:37:52,led_sone,false
1125196,13-14383-61891,EBAY,,167576313550,ENC5204,1,24.89,24.89,2026-03-19 18:45:01,led_sone,false
1125197,01-14401-35291,EBAY,,163044671557,LDMG80E274,2,10.42,5.49,2026-03-19 18:46:34,led_sone,false
1125201,13-14383-69932,EBAY,,267213772077,24IP20180,1,15.91,16.75,2026-03-19 18:59:57,electricalsone,false
1125202,18-14376-22877,EBAY,,164281408302,CRSF100CY+PHCH1PBRCY+LSCY290CY,1,16.53,15.74,2026-03-19 18:56:54,led_sone,false
1125208,01-14401-46073,EBAY,,256570260720,LSCY290GY+RPR44WH,1,13.86,14.59,2026-03-19 19:06:26,vintageinterior,false
1125209,21-14371-58469,EBAY,,124703922577,24IP2048,1,7.99,7.99,2026-03-19 19:08:03,dctransformer,false
1125210,22-14370-48125,EBAY,,265749408081,CRFF108CO+LHTKE27CO+ICST64E27,4,41.36,11.49,2026-03-19 19:05:59,electricalsone,false
1125217,10-14387-65238,EBAY,,267184264594,LSCP150OR+RPR44WH,1,9.89,9.89,2026-03-19 19:13:08,electricalsone,false
1125219,21-14371-60477,EBAY,,163008902707,12IP6715,1,7.50,7.89,2026-03-19 19:12:06,led_sone,false
1125221,18-14376-33765,EBAY,,167970265627,PCBSM2FBM,1,4.99,4.99,2026-03-19 19:18:23,led_sone,false
1125222,04-14396-62305,EBAY,,164725952794,CRFF100BM+PHUP1PBRBM,1,10.73,11.29,2026-03-19 19:19:29,led_sone,false
1125225,15-14380-56761,EBAY,,267192693105,PHSF2BMTBM,3,29.25,10.49,2026-03-19 19:21:29,electricalsone,false
1125227,08-14390-59681,EBAY,,314048304963,CRFF140GB+WSFSGB+ICST64E27,2,23.30,12.53,2026-03-19 19:29:39,so_926407,false
1125228,10-14387-73032,EBAY,,313614826197,12BO18,2,15.74,8.29,2026-03-19 19:29:59,so_926407,false
1125232,10-14387-77047,EBAY,,317803727533,WCCYSP160WH2PK+RPR44WH2PK,1,15.70,16.88,2026-03-19 19:40:01,so_926407,false
1125233,14-14382-19390,EBAY,,266194425010,LDMST64E276,1,5.99,5.99,2026-03-19 19:31:55,electricalsone,false
1125235,01-14401-64534,EBAY,,167557347569,CRSF100BM+WSTA150BM,1,9.99,9.99,2026-03-19 19:47:57,led_sone,false
1125236,21-14371-76176,EBAY,,167403486899,LDMST64E2743PK,1,13.09,13.09,2026-03-19 19:48:27,led_sone,false
1125248,17-14377-85302,EBAY,,266040806967,LSCP150GR+RPR44WH,1,9.89,9.89,2026-03-19 20:03:47,electricalsone,false
1125249,10-14387-87484,EBAY,,317111834260,WJBIP68T12BM,1,8.88,8.88,2026-03-19 20:05:47,so_926407,false
1125253,21-14371-85761,EBAY,,257271528257,RBCRSF100BM+RBWSST70BM+RBLSWD360BM,3,41.52,14.89,2026-03-19 20:12:04,vintageinterior,false
1125254,19-14375-15198,EBAY,,164389514552,PSDS2BMRRO+ICST64E27,1,14.89,14.89,2026-03-19 20:12:58,led_sone,false
1125264,13-14384-06695,EBAY,,163585361443,24IP6720,1,11.54,11.54,2026-03-19 20:25:28,led_sone,false
1125267,21-14371-90863,EBAY,,317921785057,LSMCP1ULMC+ICST64E27,1,37.79,41.99,2026-03-19 20:25:00,so_926407,false
1125268,08-14390-83547,EBAY,,267213772077,5IP20302PK,1,14.13,14.87,2026-03-19 20:29:17,electricalsone,false
1125279,21-14372-00577,EBAY,,254831755121,CL3TCR,3,5.82,2.09,2026-03-19 20:50:09,vintageinterior,false
1125284,01-14401-91734,EBAY,,254348058736,PSOS2BMB14BM,1,8.99,8.99,2026-03-19 20:57:21,vintageinterior,false
1125285,24-14382-75319,EBAY,,164492030061,CL2TCR,16,33.44,2.09,2026-03-19 20:51:03,led_sone,false
1125286,21-14372-03052,EBAY,,164624648612,ENC2034,1,24.08,25.89,2026-03-19 20:56:43,led_sone,false
1125287,03-14398-41091,EBAY,,167943434245,CL3TBK2PK,1,5.49,5.49,2026-03-19 21:00:37,led_sone,false
1125291,27-14363-93730,EBAY,,266726121290,LHSHE27CH,1,23.73,6.99,2026-03-19 21:16:22,electricalsone,false
1125292,19-14375-38167,EBAY,,255943163485,CBSF115,1,5.69,5.69,2026-03-19 21:12:21,vintageinterior,false
1125293,08-14391-01728,EBAY,,336131526241,LDSST64E274,1,20.26,9.99,2026-03-19 21:17:17,lighting_sone,false
1125296,26-14365-13275,EBAY,,165365087205,CRSF108YB+HK10YB,1,6.99,6.99,2026-03-19 21:15:51,led_sone,false
1125303,10-14388-19943,EBAY,,162529601899,LDMA60E274,5,24.70,5.49,2026-03-19 21:30:25,led_sone,false
1125304,09-14389-71771,EBAY,,315452975221,WCCYSP160BM2PK+RPR44WH2PK,1,15.79,16.98,2026-03-19 21:23:27,so_926407,false
1125319,01-14402-11192,EBAY,,313614826008,LHRIE27WH2PK+CGMLWH2PK,1,11.91,9.49,2026-03-19 21:50:58,so_926407,false
1125320,18-14376-95407,EBAY,,317614288780,LHTTAGU10WH+LDGU10WW5,4,51.08,14.19,2026-03-19 21:58:10,so_926407,false
1125332,15-14381-24344,EBAY,,317147038631,12UK3P5A,1,14.48,11.59,2026-03-19 22:20:48,so_926407,false
1125333,01-14402-20092,EBAY,,253177330999,12IP2015,2,11.18,5.89,2026-03-19 22:17:27,vintageinterior,false
1125343,13-14384-48954,EBAY,,313970190858,CRSF100SN,1,8.58,5.99,2026-03-19 22:22:49,so_926407,false
1125352,27-14364-26444,EBAY,,164789430077,PCRN75TP,5,12.50,2.50,2026-03-19 22:54:10,led_sone,false
1125353,27-14364-26444,EBAY,,164780863231,PCRNFF,4,20.36,5.09,2026-03-19 22:54:10,led_sone,false
1125359,01-14402-43365,EBAY,,164261730528,12BO28,2,20.88,10.99,2026-03-19 23:31:41,led_sone,false
1125360,10-14388-61862,EBAY,,162562112782,5IP2028,1,5.49,5.49,2026-03-19 23:39:33,led_sone,false
1125361,10-14388-61862,EBAY,,162562112782,12IP20100,1,11.99,11.99,2026-03-19 23:39:33,led_sone,false
1125372,13-14384-78395,EBAY,,256553518389,WCRPHE,6,64.20,11.89,2026-03-19 23:58:16,vintageinterior,false
1125377,23-14370-24686,EBAY,,266100590943,LHC2E27WH,1,5.99,5.99,2026-03-20 00:25:43,electricalsone,false
1125378,20-14374-42805,EBAY,,161782384942,12UK3P2A,1,7.89,7.89,2026-03-20 00:26:49,led_sone,false
1125379,04-14397-68774,EBAY,,334838723597,CRSF100BM+LHTTE27BM+ICST64E27,2,22.22,11.70,2026-03-20 00:21:00,re6865,false
1125383,23-14370-39006,EBAY,,266313218532,CRSF100WH+LHTPE27JWH,1,8.99,8.99,2026-03-20 01:10:25,electricalsone,false
1125385,06-14395-11419,EBAY,,167833569765,WCCYSP160BM,1,11.49,11.49,2026-03-20 01:13:48,led_sone,false
1125389,16-14380-60331,EBAY,,304813856521,PSDS2WHBWH,1,13.77,8.89,2026-03-20 01:55:32,coventrylights,false
1125390,09-14390-64453,EBAY,,267527349850,CENU70450BM,1,8.99,8.99,2026-03-20 02:13:15,electricalsone,false
1125392,21-14373-25441,EBAY,,267399337640,ENC1509,2,97.18,53.99,2026-03-20 03:25:01,electricalsone,false
1125403,03-14399-69180,EBAY,,164914367042,24IP2024,1,6.99,6.99,2026-03-20 03:55:50,led_sone,false
1125411,03-14399-73347,EBAY,,163163376789,LHRBE27WH,1,5.89,5.89,2026-03-20 04:17:23,led_sone,false
1125418,10-14389-51793,EBAY,,256570260720,LSCY210BG2PK+RPR44WH2PK,1,15.75,16.58,2026-03-20 05:20:52,vintageinterior,false
1125426,25-14368-16170,EBAY,,336338754401,RBLSCY290CH,1,10.78,7.89,2026-03-20 06:29:33,lighting_sone,false
1125429,14-14384-09142,EBAY,,305698440823,CL3TGD3PK,1,9.89,9.89,2026-03-20 06:41:01,coventrylights,false
1125431,13-14385-76760,EBAY,,167943442329,CL2TBR,1,2.89,2.89,2026-03-20 06:52:34,led_sone,false
1125433,10-14389-68330,EBAY,,163481444917,LHSHE27SN,1,5.49,5.49,2026-03-20 07:09:38,led_sone,false
1125437,06-14395-91272,EBAY,,267284134030,CL3RBM5PK,1,15.00,11.99,2026-03-20 07:27:48,electricalsone,false
1125444,19-14377-00360,EBAY,,164920644838,CRSF100RR+PHSH1PBRCO+WCBNRR+ICST64E27,1,19.89,19.89,2026-03-20 07:54:49,led_sone,false
1125445,19-14377-00359,EBAY,,313536132872,WSBWRR+ICST64E27,2,32.64,18.14,2026-03-20 07:54:54,so_926407,false
1125448,10-14389-77731,EBAY,,166898541107,WBERT29BL3PK,1,7.99,7.99,2026-03-20 08:05:15,led_sone,false
1125453,16-14381-37279,EBAY,,167943442329,CL2TRO,2,4.30,2.27,2026-03-20 08:28:53,led_sone,false
1125464,25-14368-38826,EBAY,,164492030061,CL2THE,6,17.94,2.99,2026-03-20 08:44:45,led_sone,false
1125465,23-14371-34391,EBAY,,165584303790,CL3TBW,3,13.62,4.89,2026-03-20 08:50:41,led_sone,false
1125469,25-14368-41092,EBAY,,255997924998,CL3TGD,1,5.99,5.99,2026-03-20 08:58:19,vintageinterior,false
1125470,03-14400-18953,EBAY,,256570260720,LSCY210BG2PK+RPR44WH2PK,1,16.58,16.58,2026-03-20 09:00:07,vintageinterior,false
1125471,03-14400-18953,EBAY,,256570260720,LSCY210BG2PK+RPR44WH2PK,1,16.58,16.58,2026-03-20 09:00:07,vintageinterior,false
1125474,03-14400-20148,EBAY,,167476472463,WCPC220GY,12,215.88,19.99,2026-03-20 09:06:24,led_sone,false
1125479,04-14398-84203,EBAY,,165621031025,LDST185E274,1,5.49,5.49,2026-03-20 09:14:48,led_sone,false
1125480,07-14394-57653,EBAY,,265973613329,CO1210ACL5PK,1,5.99,5.99,2026-03-20 09:16:20,electricalsone,false
1125484,18-14378-57668,EBAY,,266198003811,LHELB22GD,1,4.74,4.99,2026-03-20 09:22:55,electricalsone,false
1125487,02-14401-98781,EBAY,,335742953763,PSDS4RBM,1,11.13,11.13,2026-03-20 09:36:08,lighting_sone,false
1125492,16-14381-51138,EBAY,,163103895742,LDMST64E2742PK,1,9.21,9.69,2026-03-20 09:42:52,led_sone,false
1125498,19-14377-22942,EBAY,,164632543884,PHSF1AGTGB,1,10.99,10.99,2026-03-20 09:55:09,led_sone,false
1125499,19-14377-22942,EBAY,,164632543884,PHSF1GDTFG,1,9.99,9.99,2026-03-20 09:55:09,led_sone,false
1125500,10-14389-97698,EBAY,,336024965034,SPSD88SN,2,3.58,1.79,2026-03-20 09:51:47,lighting_sone,false
1125501,10-14389-97698,EBAY,,336024965034,SPSD78GD,1,1.79,1.79,2026-03-20 09:51:47,lighting_sone,false
1125507,10-14390-01484,EBAY,,267214427494,WCDSBM2PK+RPR44WH2PK,1,14.86,13.19,2026-03-20 10:09:38,electricalsone,false
1125527,16-14381-63490,EBAY,,266827784713,PSHYOS4BRBM,1,11.99,12.89,2026-03-20 10:39:12,electricalsone,false
1125533,22-14372-97565,EBAY,,164261730528,12BO18,1,7.88,8.29,2026-03-20 10:54:05,led_sone,false
1125534,07-14394-79322,EBAY,,164492030061,CL2TBK,2,5.98,2.99,2026-03-20 10:56:18,led_sone,false
1125535,19-14377-37455,EBAY,,266188029327,CCBC9,1,5.69,5.99,2026-03-20 11:00:02,electricalsone,false
1125540,09-14391-67254,EBAY,,168042902689,CRSF2003BM+LHTMGU10BM3PK+LDGU10CW53PK,1,21.89,21.89,2026-03-20 11:02:02,led_sone,false
1125541,17-14380-11992,EBAY,,161782384942,12UK3P5A,3,33.42,11.98,2026-03-20 11:02:25,led_sone,false
1125542,10-14390-15276,EBAY,,163285120530,HLCH128BM,16,41.60,2.89,2026-03-20 11:09:05,led_sone,false
1125545,05-14398-03081,EBAY,,313614825876,CRFF100WH,5,30.39,5.89,2026-03-20 11:01:39,so_926407,false
1125549,02-14402-21813,EBAY,,164169967297,WJB2,1,5.89,5.89,2026-03-20 11:17:46,led_sone,false
1125568,12-14387-63434,EBAY,,164130092447,CRSF120BM+WSLS155CO+SCRN70BM+LSFT220RE,2,32.08,16.89,2026-03-20 11:36:25,led_sone,false
1125596,12-14387-70403,EBAY,,163607087744,PHSF1GYTCH,2,20.44,10.99,2026-03-20 12:00:50,led_sone,false
1125597,25-14368-86366,EBAY,,166839718006,5IP20100,1,11.71,11.71,2026-03-20 12:09:45,led_sone,false
1125601,06-14396-52691,EBAY,,266190476182,24IP20240,1,20.90,22.00,2026-03-20 12:10:34,electricalsone,false
1125602,27-14366-11031,EBAY,,255943162150,LHC5E27WH3PK,2,17.60,9.27,2026-03-20 12:10:52,vintageinterior,false
1125603,16-14381-89008,EBAY,,164492030061,CL3TGY,1,3.19,3.19,2026-03-20 12:14:07,led_sone,false
1125604,05-14398-23757,EBAY,,164324173201,12UK3PON,1,5.49,5.49,2026-03-20 12:15:43,led_sone,false
1125618,05-14398-31692,EBAY,,266193437782,LDMC35E1443PK,1,10.49,10.49,2026-03-20 12:41:54,electricalsone,false
1125619,15-14383-30534,EBAY,,256487880217,WCWDBM+RPR44WH,2,16.30,8.58,2026-03-20 12:46:50,vintageinterior,false
1125657,12-14388-07235,EBAY,,163693940389,CBSF95,2,9.48,4.99,2026-03-20 13:54:06,led_sone,false
1125658,16-14382-24558,EBAY,,167943434245,CL3TGY2PK,1,5.49,5.49,2026-03-20 14:00:33,led_sone,false
1125670,26-14367-73279,EBAY,,267340970424,CL3TRE3PK,1,4.99,4.99,2026-03-20 14:16:51,electricalsone,false
1125671,16-14382-30861,EBAY,,265750044855,CL2TLB,3,6.33,2.27,2026-03-20 14:17:43,electricalsone,false
1125676,22-14373-66073,EBAY,,266190476182,12IP2030,1,6.64,6.99,2026-03-20 14:30:30,electricalsone,false
1125677,10-14390-76983,EBAY,,164725952794,CRSF100WH+PHUP1PWRWH,2,20.88,10.99,2026-03-20 14:21:51,led_sone,false
1125678,08-14393-64222,EBAY,,163999115806,SPSD95SN2PK,1,6.99,6.99,2026-03-20 14:24:45,led_sone,false
1125685,15-14383-72671,EBAY,,265660312608,CL3TWH,20,57.40,3.19,2026-03-20 14:44:21,electricalsone,false
1125686,22-14373-73798,EBAY,,267068731282,12IP67100,4,78.80,21.89,2026-03-20 14:49:35,electricalsone,false
1125690,18-14379-56140,EBAY,,164261730528,12BO18,2,15.74,8.29,2026-03-20 14:56:36,led_sone,false
1125691,15-14383-77643,EBAY,,164914367042,12IP2015,2,10.42,5.49,2026-03-20 14:57:17,led_sone,false
1125696,16-14382-55971,EBAY,,267073162939,LDMST64B2282PK,1,10.44,10.99,2026-03-20 15:20:39,electricalsone,false
1125697,24-14385-69356,EBAY,,256968625366,PSOS2BMTHE+CBMP140BM,1,13.89,13.89,2026-03-20 15:18:10,vintageinterior,false
1125702,26-14367-99345,EBAY,,167593299798,WLRPE27BM2PK,1,56.55,36.99,2026-03-20 15:22:09,led_sone,false
1125703,22-14373-90100,EBAY,,164261730528,12BO28,1,10.44,10.99,2026-03-20 15:30:15,led_sone,false
1125704,08-14393-89980,EBAY,,267213772077,5IP2030,1,8.54,8.99,2026-03-20 15:29:07,electricalsone,false
1125715,08-14393-95782,EBAY,,163217158722,PSOS2BMRBW+ICST64E2760,1,13.89,13.89,2026-03-20 15:42:51,led_sone,false
1125729,22-14374-04859,EBAY,,164492030061,CL2TBM,1,2.80,2.80,2026-03-20 16:06:32,led_sone,false
1125730,08-14394-05095,EBAY,,164650149128,CL2RGL3PK,1,8.36,8.99,2026-03-20 16:06:31,led_sone,false
1125731,08-14394-05092,EBAY,,267340970424,CL3TGD3PK,2,9.98,4.99,2026-03-20 16:06:28,electricalsone,false
1125732,08-14394-05092,EBAY,,267340970424,CL3RBM3PK,1,4.86,4.86,2026-03-20 16:06:28,electricalsone,false
1125745,18-14379-92389,EBAY,,162276028284,12IP6715,1,7.89,7.89,2026-03-20 16:24:58,led_sone,false
1125746,18-14379-92389,EBAY,,162276028284,12IP6710,1,6.69,6.69,2026-03-20 16:24:58,led_sone,false
1125750,02-14403-36902,EBAY,,267521014652,CERU72350RE,1,9.89,9.89,2026-03-20 16:39:33,electricalsone,false
1125751,03-14401-63099,EBAY,,164169967297,WJB2,2,11.18,5.89,2026-03-20 16:36:36,led_sone,false
1125755,15-14384-20818,EBAY,,312894053871,CBSF95,1,5.11,5.49,2026-03-20 16:42:50,so_926407,false
1125760,16-14382-93143,EBAY,,165365087205,CRSF108BM,3,16.47,5.49,2026-03-20 16:52:28,led_sone,false
1125761,16-14382-93143,EBAY,,165094836684,LHSHE27BN,3,16.47,5.49,2026-03-20 16:52:28,led_sone,false
1125762,16-14382-93143,EBAY,,167943442329,CL2RBM,1,2.89,2.89,2026-03-20 16:52:28,led_sone,false
1125763,16-14382-95355,EBAY,,163820803135,LHC6E27WH3PK,1,9.99,9.99,2026-03-20 16:58:19,led_sone,false
1125768,05-14399-31774,EBAY,,162975561793,CL3THE2PK,1,5.49,5.49,2026-03-20 17:02:17,led_sone,false
1125769,17-14381-39863,EBAY,,315379102143,LDMST64B224,6,36.48,5.99,2026-03-20 17:01:41,so_926407,false
1125770,20-14377-10591,EBAY,,266630626996,WCB7WH+RPR44WH,1,8.54,8.99,2026-03-20 17:09:20,electricalsone,false
1125775,24-14386-15597,EBAY,,313919224705,PCGZFF5PK,1,7.53,4.99,2026-03-20 17:13:25,so_926407,false
1125776,04-14400-42138,EBAY,,313462209545,PHSF1BWRSN,1,13.88,10.99,2026-03-20 17:17:46,so_926407,false
1125778,02-14403-49864,EBAY,,335680616357,LDMG80E274,1,5.89,5.89,2026-03-20 17:10:59,lighting_sone,false
1125787,09-14393-03263,EBAY,,165621031025,LDST185E274,2,10.42,5.49,2026-03-20 17:20:48,led_sone,false
1125788,24-14386-22254,EBAY,,265660313935,PSDS2WHBWH+ICST64E2740,1,11.49,11.49,2026-03-20 17:30:48,electricalsone,false
1125802,02-14403-62758,EBAY,,163008902707,12IP6715,1,7.50,7.89,2026-03-20 17:44:03,led_sone,false
1125806,18-14380-27750,EBAY,,163878613785,WCFRBM,1,16.88,16.88,2026-03-20 17:55:46,led_sone,false
1125819,24-14386-46269,EBAY,,167734616067,LSHH240BG+RPR44WH,1,12.29,12.29,2026-03-20 18:29:11,led_sone,false
1125831,01-14405-67523,EBAY,,163122991975,CL3RBR5PK,1,10.99,10.99,2026-03-20 18:40:32,led_sone,false
1125839,21-14375-79730,EBAY,,164492030061,CL2TBM,1,2.80,2.80,2026-03-20 18:43:56,led_sone,false
1125852,22-14374-84830,EBAY,,168246413211,LSGLULAR+RPM40WH,7,74.90,11.89,2026-03-20 19:12:42,led_sone,false
1125859,16-14383-60846,EBAY,,313154103184,WCB2BM+RPR44WH,2,18.40,9.69,2026-03-20 19:27:41,so_926407,false
1125876,08-14395-06773,EBAY,,162711487073,CL3TBM,1,3.19,3.19,2026-03-20 20:06:11,led_sone,false
1125877,08-14395-06773,EBAY,,165365087205,CRSF108GB,2,10.98,5.49,2026-03-20 20:06:11,led_sone,false
1125878,08-14395-06773,EBAY,,162711487073,CL3TBK,1,3.19,3.19,2026-03-20 20:06:11,led_sone,false
1125883,08-14395-06773,EBAY,,164071119364,LHSHE27GB3PK,1,13.89,13.89,2026-03-20 20:06:11,led_sone,false
1125884,05-14400-10660,EBAY,,267121715682,12IP67202PK,1,15.19,15.99,2026-03-20 20:06:22,electricalsone,false
1125885,07-14396-88242,EBAY,,265835389958,PLADBM,1,44.99,44.99,2026-03-20 20:06:56,electricalsone,false
1125901,08-14395-24347,EBAY,,316836925753,CL3TBM,3,8.88,3.19,2026-03-20 20:53:40,so_926407,false
1125911,13-14388-53796,EBAY,,313459561990,CRFF100BM+PHCH1PBRSBM+SCRN70BM+LSTF40BM,2,31.98,15.99,2026-03-20 21:07:46,so_926407,false
1125912,13-14388-53796,EBAY,,313459561990,ENC1057,2,71.98,35.99,2026-03-20 21:07:46,so_926407,false
1125919,05-14400-35279,EBAY,,314111067207,LDST45E274,2,18.98,9.99,2026-03-20 21:13:57,so_926407,false
1125920,03-14402-79293,EBAY,,254615067143,CRSF100BM+LHNSE27BM+SCRN70BA+LSTF40BM+ICST64E27,1,16.05,16.89,2026-03-20 21:19:54,vintageinterior,false
1125922,07-14397-13551,EBAY,,265660320120,PCRN100TP,3,16.71,5.99,2026-03-20 21:16:38,electricalsone,false
1125930,07-14397-15135,EBAY,,164127809379,PSDS2BMRBW,1,8.49,8.49,2026-03-20 21:21:08,led_sone,false
1125932,20-14378-13480,EBAY,,304786539505,5IP20150,1,17.36,18.67,2026-03-20 21:21:10,coventrylights,false
1125933,01-14406-33568,EBAY,,305698723917,LDMST64B224,1,5.01,5.01,2026-03-20 21:25:32,coventrylights,false
1125943,27-14368-43365,EBAY,,333998777177,ENC1481,2,44.08,24.49,2026-03-20 22:15:26,re6865,false
1125945,19-14379-94620,EBAY,,266190476182,12IP2012,2,11.38,5.99,2026-03-20 22:31:17,electricalsone,false
1125948,15-14385-61940,EBAY,,164901821276,WSIWBM2PK+ICT45E27602PK,1,47.89,47.89,2026-03-20 22:46:36,led_sone,false
1125949,12-14390-16295,EBAY,,267156668445,ENC4274,2,51.08,26.89,2026-03-20 22:49:06,electricalsone,false
1125955,09-14394-36184,EBAY,,267073162939,LDMT185E2743PK,1,12.25,12.89,2026-03-20 23:09:25,electricalsone,false
1125956,24-14387-48287,EBAY,,256570260720,LSCY210BG+RPR44WH,1,9.40,9.89,2026-03-20 23:01:19,vintageinterior,false
1125959,17-14382-80383,EBAY,,314148529895,12UK3P2A+CODCCR,1,10.47,7.98,2026-03-20 23:12:01,so_926407,false
1125961,24-14387-51578,EBAY,,266190328446,12SAN35,1,8.49,8.49,2026-03-20 23:12:46,electricalsone,false
1125972,20-14378-66641,EBAY,,314154563369,PLHIBM,1,45.19,48.59,2026-03-21 00:15:20,so_926407,false
1125973,01-14406-89126,EBAY,,125299625226,CBMPRE,1,8.19,8.19,2026-03-21 00:24:39,dctransformer,false
1125974,03-14403-37657,EBAY,,163866685573,RD805PK,1,6.49,6.49,2026-03-21 00:27:56,led_sone,false
1125975,04-14402-03721,EBAY,,166353979583,LDCCE2715,1,5.97,6.49,2026-03-21 00:42:22,led_sone,false
1125979,21-14377-12301,EBAY,,162276028284,12IP6715,6,42.60,7.89,2026-03-21 01:14:36,led_sone,false
1125986,26-14370-47829,EBAY,,162562112782,24IP20400,1,24.69,25.99,2026-03-21 03:26:00,led_sone,false
1125998,21-14377-63455,EBAY,,267121715682,24IP67100,1,19.85,20.89,2026-03-21 05:10:53,electricalsone,false
1126006,17-14383-79621,EBAY,,304786539463,12IP20150,1,14.57,15.67,2026-03-21 06:52:24,coventrylights,false
1126012,18-14382-52221,EBAY,,265660314739,CRSF100GB,4,17.96,4.99,2026-03-21 07:30:36,electricalsone,false
1126017,18-14382-53776,EBAY,,167874397098,LDCWA95B22226PK,1,9.99,9.99,2026-03-21 07:41:21,led_sone,false
1126021,15-14386-77739,EBAY,,266188029327,CCBC12,2,11.38,5.99,2026-03-21 07:54:35,electricalsone,false
1126025,08-14396-78843,EBAY,,166522284287,AFWHPRRE2PK,1,16.89,16.89,2026-03-21 08:01:40,led_sone,false
1126049,04-14402-96941,EBAY,,162704049365,CH4HW5,4,78.80,21.89,2026-03-21 08:59:06,led_sone,false
1126050,16-14385-55788,EBAY,,256570260720,LSCY210BS+RPR44WH,1,8.83,9.29,2026-03-21 08:52:48,vintageinterior,false
1126061,01-14407-90931,EBAY,,123004596779,LDMG95E274,1,6.89,6.89,2026-03-21 09:16:09,dctransformer,false
1126062,01-14407-90143,EBAY,,164650149128,CL3RBD3PK,1,9.29,9.99,2026-03-21 09:11:50,led_sone,false
1126063,26-14371-01233,EBAY,,164279909548,PSDS2RBR,1,9.49,9.99,2026-03-21 09:12:47,led_sone,false
1126072,25-14372-62292,EBAY,,317975871592,LSHM400HE+RPR44WH,1,24.83,26.99,2026-03-21 09:38:56,so_926407,false
1126077,14-14388-55691,EBAY,,304941509886,WCB2WH+RPR44WH,1,8.27,8.89,2026-03-21 09:44:55,coventrylights,false
1126078,26-14371-06877,EBAY,,163481444917,PHSF1BRRCO,2,18.98,9.99,2026-03-21 09:42:12,led_sone,false
1126079,14-14388-55688,EBAY,,167833569765,WCCYSP160GD2PK+RPR44WH2PK,1,18.19,18.19,2026-03-21 09:44:44,led_sone,false
1126080,25-14372-63421,EBAY,,162562112782,24IP20360,1,21.75,22.89,2026-03-21 09:45:07,led_sone,false
1126081,20-14379-76711,EBAY,,123112929906,CL2TBK,1,3.89,3.89,2026-03-21 09:48:55,dctransformer,false
1126089,09-14395-66891,EBAY,,313614825916,CRFF500BM+PHSH1PBRYB3PK+SCRN70BM3PK+LSFT220BM3PK,1,30.23,33.59,2026-03-21 09:53:24,so_926407,false
1126107,04-14403-11239,EBAY,,164219471728,PHSF1BWRSN+SCRN70SN+LSTF40SN,1,15.89,15.89,2026-03-21 10:14:05,led_sone,false
1126108,10-14394-16449,EBAY,,165621031025,LDST185E274,1,5.49,5.49,2026-03-21 10:14:32,led_sone,false
1126110,01-14408-01554,EBAY,,305682162344,LSCY290BL+RPR44WH,1,12.33,12.98,2026-03-21 10:11:43,coventrylights,false
1126113,23-14375-65535,EBAY,,167833569765,WCCYSP160WH,1,12.89,12.89,2026-03-21 10:25:11,led_sone,false
1126114,27-14369-95687,EBAY,,163617109673,LSFT220BS+RPR44WH,2,20.88,10.99,2026-03-21 10:29:30,led_sone,false
1126123,25-14372-73019,EBAY,,164775055128,CL3RRE,2,7.78,3.89,2026-03-21 10:34:35,led_sone,false
1126133,09-14395-77005,EBAY,,161775308827,LDMST64B2283PK,1,12.88,12.88,2026-03-21 10:45:01,led_sone,false
1126134,21-14378-17218,EBAY,,165709660426,PHSF1BWTSN,1,10.99,10.99,2026-03-21 10:47:55,led_sone,false
1126142,27-14370-01720,EBAY,,162833219361,RPM40BM2PK,1,4.99,4.99,2026-03-21 10:58:36,led_sone,false
1126146,20-14379-91819,EBAY,,163866685573,RD205PK,1,5.49,5.49,2026-03-21 11:04:44,led_sone,false
1126148,23-14375-75285,EBAY,,167321648411,TPHTTF2PBRBM+WCDSBM,1,21.89,21.89,2026-03-21 11:12:16,led_sone,false
1126157,08-14397-17872,EBAY,,266197864707,PSOS2BMB14BM,1,8.49,8.49,2026-03-21 11:26:04,electricalsone,false
1126164,24-14389-04068,EBAY,,254838151418,CL3TBMAPK,1,24.89,24.89,2026-03-21 11:45:48,vintageinterior,false
1126165,15-14387-23168,EBAY,,164823825387,CRSF100BM+LHLFE27BM+LSDO210BG,1,15.19,15.99,2026-03-21 11:48:58,led_sone,false
1126172,12-14391-79000,EBAY,,255943163444,12IP6715,2,12.70,6.69,2026-03-21 11:57:51,vintageinterior,false
1126182,17-14384-40261,EBAY,,164912592166,LDCWE2718,1,5.49,5.49,2026-03-21 12:14:19,led_sone,false
1126201,19-14381-71412,EBAY,,164972872058,LLSQ10W,1,5.49,5.49,2026-03-21 12:33:35,led_sone,false
1126202,07-14399-17110,EBAY,,163163209934,LHRIE27WH2PK+CGMLWH2PK,1,8.27,8.99,2026-03-21 12:38:03,led_sone,false
1126203,27-14370-26864,EBAY,,266190476182,5IP2025,1,6.99,6.99,2026-03-21 12:42:02,electricalsone,false
1126206,06-14400-70998,EBAY,,256483719676,LDMST64E2742PK,1,6.89,6.89,2026-03-21 12:42:53,vintageinterior,false
1126207,27-14370-26864,EBAY,,266190476182,12IP2060,1,10.89,10.89,2026-03-21 12:42:02,electricalsone,false
1126211,18-14383-18836,EBAY,,163163139150,LHC4E27WH,1,4.99,4.99,2026-03-21 12:55:53,led_sone,false
1126212,26-14371-52041,EBAY,,163481444917,PHSF1GDRYB,12,118.68,10.99,2026-03-21 13:00:13,led_sone,false
1126213,07-14399-23221,EBAY,,266190476182,12IP2080,1,10.92,11.49,2026-03-21 12:59:24,electricalsone,false
1126216,21-14378-49863,EBAY,,256475004969,LDMG95B224,2,10.50,5.53,2026-03-21 13:01:00,vintageinterior,false
1126222,24-14389-29229,EBAY,,164914367042,24IP2048,1,9.99,9.99,2026-03-21 13:18:57,led_sone,false
1126223,14-14389-04020,EBAY,,267446933196,CRSF100BM+LHNSE27YB+SCRN70YB+LSFT220BI,1,15.89,15.89,2026-03-21 13:12:05,electricalsone,false
1126228,21-14378-57443,EBAY,,164725952794,CRSF100WH+PHUP1PWRWH,1,10.44,10.99,2026-03-21 13:26:05,led_sone,false
1126229,11-14393-33759,EBAY,,164492030061,CL2TGR,1,2.69,2.69,2026-03-21 13:28:34,led_sone,false
1126237,19-14381-90045,EBAY,,265660312527,PSDS2RBW,1,10.35,10.89,2026-03-21 13:36:44,electricalsone,false
1126238,27-14370-41418,EBAY,,164725952794,CRSF100WH+PHUP1PWRWH,1,10.44,10.99,2026-03-21 13:31:22,led_sone,false
1126239,26-14371-61382,EBAY,,161782384942,12UK3P5A,1,11.98,11.98,2026-03-21 13:30:56,led_sone,false
1126240,13-14390-76861,EBAY,,164261730528,12BO72,1,16.05,16.89,2026-03-21 13:36:21,led_sone,false
1126243,18-14383-33967,EBAY,,166885607799,WLHSBMSW10,1,21.61,23.49,2026-03-21 13:44:46,led_sone,false
1126245,25-14373-21896,EBAY,,266742973079,CL3TGY2PK,1,5.49,5.49,2026-03-21 13:44:45,electricalsone,false
1126246,11-14393-38232,EBAY,,253178071065,12IP2060,1,9.40,9.40,2026-03-21 13:42:49,vintageinterior,false
1126247,24-14389-37125,EBAY,,256517395296,LDMT45B224,1,5.49,5.49,2026-03-21 13:43:53,vintageinterior,false
1126259,11-14393-43046,EBAY,,164525233292,LSCY210BG+RPR44WH,1,9.49,9.99,2026-03-21 13:57:45,led_sone,false
1126265,20-14380-42427,EBAY,,305541421379,CL2TBK4PK,1,9.47,9.97,2026-03-21 14:09:22,coventrylights,false
1126269,02-14406-85686,EBAY,,163585361443,24IP6710,1,5.99,5.99,2026-03-21 14:16:10,led_sone,false
1126279,09-14396-36239,EBAY,,164942250673,CL3RAG,1,2.99,2.99,2026-03-21 14:21:53,led_sone,false
1126280,20-14380-47063,EBAY,,162979285541,CL3TBM,1,3.29,3.29,2026-03-21 14:23:18,led_sone,false
1126281,24-14389-52522,EBAY,,162704049365,CH4HW5,1,21.89,21.89,2026-03-21 14:30:21,led_sone,false
1126282,24-14389-50443,EBAY,,304901239172,PLADBM+ICST64E27603PK,1,54.89,54.89,2026-03-21 14:24:19,coventrylights,false
1126290,07-14399-52955,EBAY,,317527029368,WBERT29BL3PK,1,6.99,6.99,2026-03-21 14:31:58,so_926407,false
1126291,07-14399-52955,EBAY,,317527029368,WBERT29RE3PK,1,6.99,6.99,2026-03-21 14:31:58,so_926407,false
1126292,15-14387-71735,EBAY,,266190476182,24IP20240,1,20.90,22.00,2026-03-21 14:32:29,electricalsone,false
1126302,15-14387-80749,EBAY,,254886123331,CRSF100GB,2,9.66,5.09,2026-03-21 14:58:27,vintageinterior,false
1126313,10-14395-02640,EBAY,,266188024285,HLRK45BM5PK,1,12.88,9.89,2026-03-21 15:20:19,electricalsone,false
1126314,20-14380-65960,EBAY,,166353979583,LDCCB2215,1,6.80,7.39,2026-03-21 15:15:16,led_sone,false
1126322,24-14389-77745,EBAY,,313614826159,LDMG80E274,1,6.64,6.99,2026-03-21 15:39:06,so_926407,false
1126323,08-14397-94909,EBAY,,267121715682,12IP67102PK,1,8.54,8.99,2026-03-21 15:35:21,electricalsone,false
1126325,14-14389-57793,EBAY,,164775055128,CL2RWH,3,14.67,4.89,2026-03-21 15:47:36,led_sone,false
1126336,15-14388-03276,EBAY,,266196441737,CBSF100,1,6.99,6.99,2026-03-21 15:58:38,electricalsone,false
1126339,14-14389-61364,EBAY,,165405860182,CL3TGD5PK,2,26.38,13.89,2026-03-21 15:57:16,led_sone,false
1126347,10-14395-21817,EBAY,,164588867720,LDMC35E144,1,5.49,5.49,2026-03-21 16:12:29,led_sone,false
1126348,14-14389-68764,EBAY,,164851186364,WJB2,1,5.89,5.89,2026-03-21 16:17:09,led_sone,false
1126349,10-14395-23414,EBAY,,256570260720,LSCY210BG+RPR44WH,1,9.40,9.89,2026-03-21 16:16:49,vintageinterior,false
1126356,26-14372-24333,EBAY,,163033753714,WCVCWH+RPR44WH,1,8.99,8.99,2026-03-21 16:27:29,led_sone,false
1126357,15-14388-13866,EBAY,,335680616357,LDMT185E274,4,22.76,5.69,2026-03-21 16:26:43,lighting_sone,false
1126363,22-14378-15164,EBAY,,267527185215,TSLCQA15WH5PK,1,17.09,17.09,2026-03-21 16:35:00,electricalsone,false
1126364,26-14372-27336,EBAY,,266630626996,WCB4WH2PK+RPR44WH2PK,1,13.17,13.86,2026-03-21 16:35:30,electricalsone,false
1126365,01-14409-16839,EBAY,,266191645929,PSDS4BMBBM,1,9.99,9.99,2026-03-21 16:36:53,electricalsone,false
1126366,09-14396-85635,EBAY,,162799417330,12IP20480,1,28.40,29.89,2026-03-21 16:36:17,led_sone,false
1126367,19-14382-56408,EBAY,,267073162939,LDMT185E2745PK,1,19.85,20.89,2026-03-21 16:42:04,electricalsone,false
1126368,01-14409-20262,EBAY,,267121715682,12IP67602PK,1,29.16,30.69,2026-03-21 16:46:02,electricalsone,false
1126381,09-14396-97376,EBAY,,305619254053,LSTF400BM+RPR44WH,1,13.64,14.67,2026-03-21 17:07:57,coventrylights,false
1126390,04-14404-43304,EBAY,,162562112782,24IP20400,1,24.69,25.99,2026-03-21 17:24:06,led_sone,false
1126395,13-14391-64633,EBAY,,317044944340,COY9ABM2PK,1,8.82,9.48,2026-03-21 17:38:55,so_926407,false
1126396,20-14381-16648,EBAY,,163820671950,WCVCBC+RPR44WH,2,17.08,8.99,2026-03-21 17:31:43,led_sone,false
1126398,08-14398-41783,EBAY,,164914367042,12IP2015,1,5.49,5.49,2026-03-21 17:41:28,led_sone,false
1126399,08-14398-41783,EBAY,,164914367042,5IP2028,1,5.49,5.49,2026-03-21 17:41:28,led_sone,false
1126409,22-14378-43994,EBAY,,162799417330,12MIP2025,1,5.22,5.49,2026-03-21 17:53:09,led_sone,false
1126436,25-14374-33697,EBAY,,167694841715,CRSF100BM+PHHT1PBRBM+LSHM400HE,2,64.78,34.10,2026-03-21 18:39:48,led_sone,false
1126437,13-14391-90423,EBAY,,165479339052,CRSF100FG+PHBK1PBRFG+ICST64E27,1,13.89,13.89,2026-03-21 18:37:31,led_sone,false
1126446,27-14371-66215,EBAY,,256004333819,LHC5E27WH3PK,1,9.29,9.29,2026-03-21 18:57:33,vintageinterior,false
1126457,25-14374-46918,EBAY,,164912592166,LDWWB22153PK,1,12.89,12.89,2026-03-21 19:09:33,led_sone,false
1126458,18-14384-57770,EBAY,,335752557527,SPSDP2SN,1,6.49,6.49,2026-03-21 19:05:30,lighting_sone,false
1126475,06-14402-22576,EBAY,,267068731282,24IP6736,1,12.06,12.69,2026-03-21 19:30:17,electricalsone,false
1126483,08-14398-95145,EBAY,,164492030061,CL2TGL,2,5.38,2.69,2026-03-21 19:48:07,led_sone,false
1126484,13-14392-19732,EBAY,,164046479684,PSDS4BMRBM,1,13.20,13.89,2026-03-21 19:50:13,led_sone,false
1126485,12-14393-49210,EBAY,,165452014120,LHRIE14WH,1,5.89,5.89,2026-03-21 19:49:44,led_sone,false
1126486,20-14381-73269,EBAY,,164261730528,12BO18,1,7.88,8.29,2026-03-21 19:47:38,led_sone,false
1126491,15-14388-96307,EBAY,,168246413211,LSGLULCL+RPM40WH,1,11.89,11.89,2026-03-21 19:52:04,led_sone,false
1126492,20-14381-77448,EBAY,,163715641938,SOTB1GTK,2,8.86,4.67,2026-03-21 19:59:22,led_sone,false
1126493,01-14409-97380,EBAY,,164492030061,CL3TBK,1,3.29,3.29,2026-03-21 19:57:30,led_sone,false
1126495,04-14405-03990,EBAY,,315506602283,12UK3P2A,1,10.78,7.89,2026-03-21 19:50:58,so_926407,false
1126502,01-14410-00655,EBAY,,163866685573,RD605PK,3,17.25,6.19,2026-03-21 20:06:23,led_sone,false
1126504,17-14386-15849,EBAY,,254897538897,WSDM240BC+WCBNBC2PK+LDMT45E2742PK,1,26.50,26.50,2026-03-21 20:16:56,vintageinterior,false
1126505,14-14390-63478,EBAY,,166173994461,SPSDP2BM,1,6.89,6.89,2026-03-21 20:15:47,led_sone,false
1126506,10-14396-19378,EBAY,,164125059216,LSDM220SN+RPR44WH,1,9.99,9.99,2026-03-21 20:19:14,led_sone,false
1126507,23-14377-67253,EBAY,,164914367042,12IP20720,1,46.87,46.87,2026-03-21 20:20:13,led_sone,false
1126508,23-14377-66288,EBAY,,165068836618,CRSF100BS+PHCH1PBRBS+LSCY290BS+ICST64E27,3,60.42,21.89,2026-03-21 20:17:31,led_sone,false
1126512,15-14389-07971,EBAY,,265660320122,WCTBRR,1,38.89,38.89,2026-03-21 20:24:36,electricalsone,false
1126513,19-14383-45354,EBAY,,267320069047,TPOSBDBM,2,43.54,24.19,2026-03-21 20:26:20,electricalsone,false
1126514,01-14410-08850,EBAY,,163359416713,HLSC96BM3PK,1,5.89,5.89,2026-03-21 20:29:20,led_sone,false
1126520,16-14387-78746,EBAY,,163780604556,CRSF100BM+PHUP1PBRBM,1,8.89,8.89,2026-03-21 20:31:40,led_sone,false
1126533,10-14396-31672,EBAY,,267340970424,CL2TBR3PK,3,13.56,4.86,2026-03-21 20:54:22,electricalsone,false
1126534,12-14393-74079,EBAY,,163359416713,HLSC96BM,5,10.75,2.39,2026-03-21 21:00:24,led_sone,false
1126544,24-14391-08608,EBAY,,163008902707,12IP67100,2,41.58,21.89,2026-03-21 21:19:08,led_sone,false
1126547,14-14390-88115,EBAY,,305682162344,LSCY290BM+RPR44WH,1,14.89,15.67,2026-03-21 21:27:11,coventrylights,false
1126551,03-14406-75331,EBAY,,266190476182,12IP20240,1,18.52,19.50,2026-03-21 21:25:23,electricalsone,false
1126552,11-14395-11895,EBAY,,317921785057,LSMCP1ULMC+ICST64E27,1,37.79,41.99,2026-03-21 21:24:23,so_926407,false
1126553,02-14408-48621,EBAY,,313614826197,12BO28,1,10.35,10.89,2026-03-21 21:24:49,so_926407,false
1126557,27-14372-22441,EBAY,,165094836684,LHSHE27GB,1,5.49,5.49,2026-03-21 21:34:43,led_sone,false
1126558,01-14410-31428,EBAY,,163585361443,12IP6720,1,10.99,10.99,2026-03-21 21:35:33,led_sone,false
1126559,08-14399-31932,EBAY,,304786539476,LSCY290OR+RPR44WH,2,26.72,14.37,2026-03-21 21:33:34,coventrylights,false
1126570,07-14401-20477,EBAY,,253946728059,CRSF100BM+PHUP1PBRBM,1,6.19,6.19,2026-03-21 21:55:41,vintageinterior,false
1126574,25-14375-07961,EBAY,,255089323308,PCGZFF2PK,1,5.29,5.29,2026-03-21 22:05:20,vintageinterior,false
1126581,17-14386-60528,EBAY,,164492030061,CL2TAG,3,8.07,2.69,2026-03-21 22:31:55,led_sone,false
1126582,02-14408-70722,EBAY,,164666761396,LSMS320RE+RPR44WH,1,14.39,14.39,2026-03-21 22:34:16,led_sone,false
1126583,02-14408-70722,EBAY,,164666761396,LSMS320CB+RPR44WH,3,41.97,13.99,2026-03-21 22:34:16,led_sone,false
1126584,02-14408-70722,EBAY,,164666761396,LSMS320OR+RPR44WH,2,27.98,13.99,2026-03-21 22:34:16,led_sone,false
1126585,02-14408-70722,EBAY,,164666761396,LSMS320GY+RPR44WH,2,27.98,13.99,2026-03-21 22:34:16,led_sone,false
1126586,02-14408-70722,EBAY,,164666761396,LSMS320GR+RPR44WH,2,29.78,14.89,2026-03-21 22:34:16,led_sone,false
1126587,02-14408-70722,EBAY,,164666761396,LSMS320YE+RPR44WH,2,27.98,13.99,2026-03-21 22:34:16,led_sone,false
1126588,02-14408-70722,EBAY,,164666761396,LSMS320BT+RPR44WH,3,41.97,13.99,2026-03-21 22:34:16,led_sone,false
1126589,02-14408-70722,EBAY,,164666761396,LSMS320BU+RPR44WH,2,26.98,13.49,2026-03-21 22:34:16,led_sone,false
1126590,02-14408-70722,EBAY,,164666761396,LSMS320BI+RPR44WH,2,27.78,13.89,2026-03-21 22:34:16,led_sone,false
1126591,03-14406-97578,EBAY,,162700320214,CL3RGD5PK,1,10.99,10.99,2026-03-21 22:35:18,led_sone,false
1126603,02-14408-87011,EBAY,,162975561793,CL3THE2PK,1,5.49,5.49,2026-03-21 23:29:32,led_sone,false
1126650,21-14381-38253,EBAY,,164914367042,12MIP20252PK,2,14.98,7.89,2026-03-22 03:22:50,led_sone,false
1126651,17-14387-44301,EBAY,,165201467647,12MIP2025,2,10.42,5.49,2026-03-22 03:38:02,led_sone,false
1126657,15-14390-52907,EBAY,,167943442329,CL2RGD,7,18.20,2.89,2026-03-22 05:39:11,led_sone,false
1126668,08-14400-61516,EBAY,,166173994461,SPSDP2WH,1,6.89,6.89,2026-03-22 06:45:47,led_sone,false
1126690,13-14393-94597,EBAY,,164169967297,WJB2,1,5.89,5.89,2026-03-22 07:56:18,led_sone,false
1126691,16-14389-43970,EBAY,,167833569765,WCCYSP160WH2PK+RPR44WH2PK,1,16.89,16.89,2026-03-22 08:30:29,led_sone,false
1126697,24-14392-54466,EBAY,,266190303273,12UK3P5A+SLW8,1,15.35,16.16,2026-03-22 08:08:51,electricalsone,false
1126700,17-14387-84426,EBAY,,163964665683,12UK3P5A,1,11.38,11.98,2026-03-22 08:17:08,led_sone,false
1126704,26-14374-86278,EBAY,,167910892221,LDSG1001E273PK,1,33.89,33.89,2026-03-22 08:30:27,led_sone,false
1126705,16-14389-43970,EBAY,,167833569765,WCCYSP160WH2PK+RPR44WH2PK,1,16.89,16.89,2026-03-22 08:30:29,led_sone,false
1126706,25-14376-41853,EBAY,,163008902707,12IP6736,1,12.89,12.89,2026-03-22 08:29:43,led_sone,false
1126707,25-14376-41853,EBAY,,163008902707,12IP6710,1,6.89,6.89,2026-03-22 08:29:43,led_sone,false
1126713,07-14402-59695,EBAY,,304963286889,CRSF100CH+PHUP1PCRCH,3,24.78,8.89,2026-03-22 08:42:25,coventrylights,false
1126714,14-14392-37600,EBAY,,164088713436,LSSS300GR+RPR44WH,6,76.50,12.75,2026-03-22 08:49:01,bestbringer,false
1126718,11-14396-64296,EBAY,,163133246591,CRSF100BM+PHAH2RBMBM,2,13.84,7.29,2026-03-22 08:58:04,led_sone,false
1126726,02-14410-04316,EBAY,,164397628820,CRFF105GB,1,6.99,6.99,2026-03-22 09:15:57,led_sone,false
1126753,10-14398-04000,EBAY,,267528286179,ENC8038,4,71.60,19.89,2026-03-22 09:46:03,electricalsone,false
1126759,17-14388-04005,EBAY,,163277557074,LHNHE27GB,1,5.22,5.49,2026-03-22 09:58:42,led_sone,false
1126762,16-14389-61003,EBAY,,267121715682,12IP67102PK,2,17.08,8.99,2026-03-22 09:56:22,electricalsone,false
1126767,15-14390-94710,EBAY,,304864272345,12IP6715,4,26.96,7.49,2026-03-22 10:06:15,coventrylights,false
1126773,25-14376-61903,EBAY,,316103816580,TPOS1PRBRO+ICST64E27,1,17.57,18.89,2026-03-22 10:11:16,so_926407,false
1126774,08-14400-97621,EBAY,,163008902707,12IP67100,1,20.80,21.89,2026-03-22 10:18:06,led_sone,false
1126792,01-14412-03290,EBAY,,313970190866,PLWPBC,2,29.10,15.32,2026-03-22 10:50:43,so_926407,false
1126803,19-14385-43844,EBAY,,167954218484,CNS500BM,1,5.89,5.89,2026-03-22 11:04:24,led_sone,false
1126811,20-14383-88150,EBAY,,162562112782,24IP2072,1,10.35,10.89,2026-03-22 11:15:24,led_sone,false
1126821,21-14382-18413,EBAY,,265750044855,CL2TBK,1,2.89,2.89,2026-03-22 11:21:12,electricalsone,false
1126822,21-14382-18413,EBAY,,265750044855,CL2RBK,1,3.57,3.57,2026-03-22 11:21:12,electricalsone,false
1126823,21-14382-18413,EBAY,,265750044855,CL3RBK,2,5.98,2.99,2026-03-22 11:21:12,electricalsone,false
1126824,21-14382-18413,EBAY,,265750044855,CL3TBK,2,6.38,3.19,2026-03-22 11:21:12,electricalsone,false
1126837,08-14401-15572,EBAY,,163122991975,CL3RLG5PK,1,7.99,7.99,2026-03-22 11:39:57,led_sone,false
1126838,08-14401-15629,EBAY,,162799417330,12IP2012,1,4.84,5.09,2026-03-22 11:40:12,led_sone,false
1126841,02-14410-35836,EBAY,,266194586886,CL3TSI,1,3.28,3.28,2026-03-22 11:43:10,electricalsone,false
1126842,02-14410-35836,EBAY,,266194586886,CL3TBT,1,3.68,3.68,2026-03-22 11:43:10,electricalsone,false
1126852,16-14389-86720,EBAY,,266194425010,LDMST64B224,2,11.14,5.99,2026-03-22 11:53:52,electricalsone,false
1126858,19-14385-58310,EBAY,,163359416713,HLSC96BM3PK,1,5.89,5.89,2026-03-22 12:05:26,led_sone,false
1126867,05-14406-29251,EBAY,,255991563117,WCB7BC+RPR44WH,2,17.08,8.99,2026-03-22 12:21:17,vintageinterior,false
1126868,04-14407-33787,EBAY,,257070669136,LHSHE27GB,3,15.72,5.64,2026-03-22 12:22:00,vintageinterior,false
1126869,14-14392-84736,EBAY,,165479339052,CRSF100CO+PHBK1PBRCO,1,10.99,10.99,2026-03-22 12:23:18,led_sone,false
1126870,20-14384-06307,EBAY,,163445610793,CL3TRO,1,2.89,2.89,2026-03-22 12:29:49,led_sone,false
1126887,16-14390-06053,EBAY,,163780604556,CRFF100CO+PHUP1PBRCO,1,8.99,8.99,2026-03-22 13:06:10,led_sone,false
1126888,10-14398-50931,EBAY,,304786539494,PLADBM+LSDO210BG3PK+ICST64E273PK,1,48.25,51.88,2026-03-22 13:05:31,coventrylights,false
1126892,24-14393-24036,EBAY,,164068060437,HRE2738BMAPK,1,7.98,5.09,2026-03-22 13:19:59,led_sone,false
1126896,14-14393-01065,EBAY,,164485938840,12IP2012,1,4.74,4.74,2026-03-22 13:20:55,led_sone,false
1126898,01-14412-42598,EBAY,,315379102143,LDMST64E278,2,20.02,8.89,2026-03-22 13:25:00,so_926407,false
1126902,18-14387-24648,EBAY,,164914367042,12MIP20252PK,1,7.89,7.89,2026-03-22 13:32:53,led_sone,false
1126903,06-14404-80807,EBAY,,162889183073,CRSF108WH,1,4.81,4.58,2026-03-22 13:35:17,led_sone,false
1126904,12-14396-00456,EBAY,,164942250673,CL2TBM,1,2.69,2.69,2026-03-22 13:36:07,led_sone,false
1126905,27-14374-37358,EBAY,,165443367091,PLADBC+LSDO210BC3PK+ICST64E273PK,1,50.63,53.29,2026-03-22 13:37:17,led_sone,false
1126914,18-14387-27290,EBAY,,255117793180,PLWEBC+PHHT1PBRBC+WCSRBC+ICT45E2760,2,45.78,24.10,2026-03-22 13:41:28,vintageinterior,false
1126915,13-14394-74090,EBAY,,164851186364,WJB2,3,16.41,5.89,2026-03-22 13:46:07,led_sone,false
1126916,06-14404-85230,EBAY,,162874153468,CCBC12,1,5.99,5.99,2026-03-22 13:49:44,led_sone,false
1126925,08-14401-58308,EBAY,,266785504818,CL2TBM2PK,1,5.49,5.49,2026-03-22 14:11:16,electricalsone,false
1126928,06-14404-95316,EBAY,,164643699383,LHETB22GD,1,5.51,5.80,2026-03-22 14:20:51,led_sone,false
1126929,22-14381-57353,EBAY,,304785656245,LSMS320WH+RPR44WH,1,12.97,13.65,2026-03-22 14:14:03,coventrylights,false
1126930,05-14406-62696,EBAY,,306331601994,CRFF75YB,2,13.44,5.49,2026-03-22 14:14:24,coventrylights,false
1126947,10-14398-81133,EBAY,,165621031025,LDSHEAE274,1,6.99,6.99,2026-03-22 14:40:50,led_sone,false
1126951,08-14401-70426,EBAY,,267340970424,CL2TGY3PK,1,4.86,4.86,2026-03-22 14:47:24,electricalsone,false
1126962,20-14384-53065,EBAY,,313826947632,LDMST64E2785PK,1,14.12,15.18,2026-03-22 14:59:38,so_926407,false
1126967,13-14395-05077,EBAY,,317527029368,WBERT29RE2PK,1,5.57,5.99,2026-03-22 15:17:15,so_926407,false
1126968,17-14388-89764,EBAY,,167563481274,SPSSDBMAPK,1,5.89,5.89,2026-03-22 15:11:11,led_sone,false
1126977,06-14405-16833,EBAY,,163195957947,24IP6750,2,28.46,14.98,2026-03-22 15:21:56,led_sone,false
1126978,25-14377-50065,EBAY,,165410705509,CCBKNWE5,1,4.99,4.99,2026-03-22 15:25:37,led_sone,false
1126985,01-14412-86029,EBAY,,165397658552,CRSF100BM+CL3TBM+LHSHE27BA,1,9.78,10.29,2026-03-22 15:33:06,led_sone,false
1126986,24-14393-71464,EBAY,,306300532097,LHRIE14WH,1,6.21,6.68,2026-03-22 15:39:37,coventrylights,false
1126989,18-14387-71816,EBAY,,333786658992,CRSF100CH+PHUM1PCRCH+WCRWRE,1,16.66,16.66,2026-03-22 15:49:05,re6865,false
1126991,21-14382-97600,EBAY,,165479339052,CRSF100BM+PHBK1PBRBA,3,30.66,10.99,2026-03-22 15:41:12,led_sone,false
1126993,13-14395-20763,EBAY,,166225625658,CRFF100CO+PHUP1PBRCO,1,8.99,8.99,2026-03-22 15:58:16,led_sone,false
1126994,06-14405-29679,EBAY,,164492030061,CL3THE,3,9.57,3.19,2026-03-22 15:55:31,led_sone,false
1126995,13-14395-20763,EBAY,,165686317521,WCSRBC+RPR44WH,1,9.99,9.99,2026-03-22 15:58:16,led_sone,false
1126996,13-14395-20763,EBAY,,163103895742,LDMT45E274,1,5.49,5.49,2026-03-22 15:58:16,led_sone,false
1126997,27-14374-86478,EBAY,,266190476182,5IP2025,2,13.28,6.99,2026-03-22 15:57:41,electricalsone,false
1127008,13-14395-22088,EBAY,,313970190861,CRSF100SN+PHCN1PCRSN,1,10.60,8.29,2026-03-22 16:01:24,so_926407,false
1127014,24-14393-86630,EBAY,,265660312527,PSDS2RBR,1,10.13,10.89,2026-03-22 16:17:52,electricalsone,false
1127015,24-14393-86629,EBAY,,315379102143,LDMST64E278,1,11.78,8.89,2026-03-22 16:17:54,so_926407,false
1127016,02-14411-26885,EBAY,,164942250673,CL3RAG,2,5.98,2.99,2026-03-22 16:24:10,led_sone,false
1127017,14-14393-62800,EBAY,,162562112782,12IP20180,1,17.38,18.29,2026-03-22 16:16:34,led_sone,false
1127028,02-14411-26885,EBAY,,164030736913,LHTRE27BN,1,6.99,6.99,2026-03-22 16:24:10,led_sone,false
1127029,27-14374-98654,EBAY,,267031698686,CNP1000GB2PK,1,10.99,10.99,2026-03-22 16:27:53,electricalsone,false
1127031,14-14393-71503,EBAY,,306781252107,ENC6190,1,41.38,44.49,2026-03-22 16:37:59,coventrylights,false
1127032,08-14402-11581,EBAY,,267248993862,PHSF1PBRYB+LSCY290GY,2,33.99,16.06,2026-03-22 16:34:32,electricalsone,false
1127039,26-14376-51792,EBAY,,266827784713,PSHYOS4WRWH,1,12.89,12.89,2026-03-22 17:44:24,electricalsone,false
1127041,14-14393-76368,EBAY,,165584303790,CL2RRW,2,7.18,3.59,2026-03-22 16:49:47,led_sone,false
1127042,14-14393-76368,EBAY,,165584303790,CL2RRE,2,7.18,3.59,2026-03-22 16:49:47,led_sone,false
1127050,03-14409-67028,EBAY,,162562112782,24IP20400,1,24.69,25.99,2026-03-22 16:57:02,led_sone,false
1127055,22-14382-21242,EBAY,,255943162226,LHC1E27WH3PK,1,11.29,11.29,2026-03-22 17:02:01,vintageinterior,false
1127057,04-14408-31020,EBAY,,165397658552,CRSF100YB+CL3TGD+LHSHE27YB,1,9.78,10.29,2026-03-22 17:02:24,led_sone,false
1127062,11-14398-10439,EBAY,,164492030061,CL2TBM,4,11.20,2.80,2026-03-22 17:11:51,led_sone,false
1127063,06-14405-63395,EBAY,,166849248974,PHSF1GDTYB,1,10.22,10.99,2026-03-22 17:16:59,led_sone,false
1127064,06-14405-60735,EBAY,,267120297665,LDMT45E274,1,5.69,5.99,2026-03-22 17:11:04,electricalsone,false
1127071,25-14377-98689,EBAY,,315379102143,LDMG95B224,1,8.88,5.99,2026-03-22 17:24:43,so_926407,false
1127077,06-14405-72148,EBAY,,164638153137,CCBKNWE12,2,11.18,5.89,2026-03-22 17:36:51,led_sone,false
1127085,26-14376-51792,EBAY,,266827784713,PSHNOS2WRWH,1,8.49,8.49,2026-03-22 17:44:24,electricalsone,false
1127095,27-14375-38657,EBAY,,162975561793,CL3TGY2PK,1,5.49,5.49,2026-03-22 17:58:31,led_sone,false
1127096,17-14389-59674,EBAY,,162562112782,12IP20240,1,18.52,19.50,2026-03-22 17:58:48,led_sone,false
1127106,25-14378-19005,EBAY,,267340970424,CL2TBM3PK,1,4.58,4.58,2026-03-22 18:05:24,electricalsone,false
1127107,25-14378-19005,EBAY,,267340970424,CL2TGD3PK,1,4.58,4.58,2026-03-22 18:05:24,electricalsone,false
1127109,27-14375-44988,EBAY,,255997924998,CL2TBK,8,20.80,2.89,2026-03-22 18:08:39,vintageinterior,false
1127110,21-14383-61598,EBAY,,256004333819,LHC5E27WH3PK,2,17.64,9.29,2026-03-22 18:07:10,vintageinterior,false
1127111,23-14381-12191,EBAY,,165180710022,RPM40WH5PK,1,6.99,6.99,2026-03-22 18:02:15,led_sone,false
1127112,14-14394-12914,EBAY,,163585361443,12IP6750,1,15.49,15.49,2026-03-22 18:07:58,led_sone,false
1127126,03-14410-10430,EBAY,,315414752966,CRSF100BM+SPUPBM+PHRYWP2RBM+ICST64E27,2,28.98,13.89,2026-03-22 18:24:16,so_926407,false
1127127,26-14376-77504,EBAY,,265660314741,LHRIE14WH,1,4.74,4.99,2026-03-22 18:29:42,electricalsone,false
1127128,03-14410-16807,EBAY,,254895005047,CRSF120CH,1,5.29,5.29,2026-03-22 18:36:50,vintageinterior,false
1127129,18-14388-41422,EBAY,,306358644889,ENC3536,1,40.81,43.88,2026-03-22 18:22:09,coventrylights,false
1127130,21-14383-73722,EBAY,,305698723917,LDMG80E274,1,6.89,6.89,2026-03-22 18:28:29,coventrylights,false
1127131,05-14407-70650,EBAY,,304963286889,CRSF100SN+PHUP1PCRSN+ICST64E27,2,26.38,13.89,2026-03-22 18:29:58,coventrylights,false
1127132,24-14394-49885,EBAY,,164303536602,CRSF100SN+PHCHPCRSN,1,9.99,9.99,2026-03-22 18:31:06,led_sone,false
1127137,03-14410-16807,EBAY,,254845783084,CRSF100CH,1,5.09,5.09,2026-03-22 18:36:50,vintageinterior,false
1127138,26-14376-78481,EBAY,,164261730528,12BO48,1,14.15,14.89,2026-03-22 18:31:30,led_sone,false
1127152,17-14389-90168,EBAY,,164662931875,LHELB22GD,1,4.99,4.99,2026-03-22 18:55:50,led_sone,false
1127158,22-14382-80735,EBAY,,265660312592,LDMG95B224,1,5.69,5.99,2026-03-22 19:01:33,electricalsone,false
1127160,18-14388-61703,EBAY,,315370444554,WCB2WH+RPR44WH,1,7.90,8.49,2026-03-22 19:03:03,so_926407,false
1127197,07-14404-81532,EBAY,,267340970424,CL3TBR3PK,1,4.99,4.99,2026-03-22 19:36:49,electricalsone,false
1127198,11-14398-80947,EBAY,,164846271255,CRSF1204BM,1,8.99,8.99,2026-03-22 19:32:46,led_sone,false
1127199,11-14398-80947,EBAY,,164846271255,CRSF1203BM,1,6.99,6.99,2026-03-22 19:32:46,led_sone,false
1127200,11-14398-80947,EBAY,,164846271255,CRSF120BM,7,38.43,5.49,2026-03-22 19:32:46,led_sone,false
1127201,11-14398-80947,EBAY,,164846271255,CRSF1202BM,1,6.49,6.49,2026-03-22 19:32:46,led_sone,false
1127207,06-14406-36075,EBAY,,164775055128,CL3RBM,1,4.89,4.89,2026-03-22 19:41:35,led_sone,false
1127217,02-14412-28938,EBAY,,304908877317,ENC4364,1,20.24,21.76,2026-03-22 19:56:23,coventrylights,false
1127226,02-14412-38352,EBAY,,267340970424,CL3TBM,1,2.88,2.88,2026-03-22 20:15:24,electricalsone,false
1127227,07-14404-98844,EBAY,,164055884914,LSTL260BS+RPR44WH,1,6.49,6.49,2026-03-22 20:12:31,led_sone,false
1127228,23-14381-79874,EBAY,,164823825387,CRSF100BM+LHLFE27BM+LSDO210BC,1,15.09,15.88,2026-03-22 20:15:59,led_sone,false
1127241,22-14383-22272,EBAY,,266865743969,WSSS70BY,1,6.99,6.99,2026-03-22 20:26:54,electricalsone,false
1127242,08-14403-24816,EBAY,,166173994461,SPSDP2WH,1,6.89,6.89,2026-03-22 20:28:28,led_sone,false
1127245,18-14389-08096,EBAY,,265660313955,PSDS2RBR+LHSHE27CO,1,10.99,10.99,2026-03-22 20:38:50,electricalsone,false
1127252,02-14412-54082,EBAY,,163585361443,24IP6745,1,14.48,14.48,2026-03-22 20:49:16,led_sone,false
1127253,18-14389-10479,EBAY,,255991563117,WCB4BS+RPR44WH,3,20.88,7.49,2026-03-22 20:43:59,vintageinterior,false
1127261,18-14389-15876,EBAY,,165032585681,PLWEBC+PHHT1PBRBC+WCBNBC+ICT45E2760,1,26.49,26.49,2026-03-22 20:55:56,led_sone,false
1127262,01-14414-38706,EBAY,,266972054556,CO232AGYCPK,1,7.99,7.99,2026-03-22 21:00:47,electricalsone,false
1127268,02-14412-62764,EBAY,,126703928790,RBLSCY290BM+RPR44WH,1,10.17,7.28,2026-03-22 21:08:09,dctransformer,false
1127295,02-14412-75750,EBAY,,166827926136,ENC7090,2,130.88,68.89,2026-03-22 21:37:56,led_sone,false
1127310,01-14414-62426,EBAY,,267610448891,ENC9447,1,27.69,27.69,2026-03-22 21:55:40,electricalsone,false
1127317,22-14383-70647,EBAY,,267184264594,LSCP150BA+RPR44WH,1,9.89,9.89,2026-03-22 22:18:03,electricalsone,false
1127323,24-14395-58824,EBAY,,165709660426,PHSF1AGTGB,2,20.88,10.99,2026-03-22 22:28:46,led_sone,false
1127324,16-14392-42250,EBAY,,256555566491,LSWE315GY,1,8.83,8.83,2026-03-22 22:23:09,vintageinterior,false
1127341,27-14376-74443,EBAY,,266630626996,WCB6BS+RPR44WH,2,17.08,8.99,2026-03-22 22:49:52,electricalsone,false
1127342,19-14388-20352,EBAY,,266188024285,HLCH96BM,3,12.27,2.97,2026-03-22 22:47:57,electricalsone,false
1127349,17-14390-97748,EBAY,,163585361443,24IP6730,1,11.49,11.49,2026-03-22 22:56:21,led_sone,false
1127350,08-14403-87385,EBAY,,266190476182,12IP2012,1,5.69,5.99,2026-03-22 22:57:23,electricalsone,false
1127355,01-14414-93195,EBAY,,163964665683,12UK3P10A,1,16.14,16.99,2026-03-22 23:15:15,led_sone,false
1127356,02-14413-15079,EBAY,,256004417601,CCGRNWH50,1,9.89,9.89,2026-03-22 23:18:07,vintageinterior,false
1127364,27-14376-90857,EBAY,,255943163489,CL3TGL,2,5.14,2.57,2026-03-22 23:33:01,vintageinterior,false
1127365,27-14376-90857,EBAY,,255943163489,CL3TCR,2,5.14,2.57,2026-03-22 23:33:01,vintageinterior,false
1127372,21-14385-28393,EBAY,,164867489434,LSUL220BS+RPR44WH,1,7.29,7.29,2026-03-23 00:26:43,led_sone,false
1127376,04-14410-33142,EBAY,,266194425010,LDMST64B224,1,5.57,5.99,2026-03-23 00:37:16,electricalsone,false
1127461,26-14379-27273,EBAY,,267408668316,LSSS300BG+RPR44WH,1,13.89,13.89,2026-03-23 05:47:03,electricalsone,false
1127465,05-14410-25538,EBAY,,163133246591,CRSF100BM+PHAH2RBMBM,2,13.84,7.29,2026-03-23 06:19:21,led_sone,false
1127475,16-14393-97237,EBAY,,127362491738,CRSF100GY+LHTTE27GY,1,8.29,8.29,2026-03-23 07:05:27,dctransformer,false
1127488,09-14404-00411,EBAY,,266916604002,WCDCBM+RPR44WH,2,20.88,10.99,2026-03-23 07:21:35,electricalsone,false
1127492,05-14410-39310,EBAY,,163585361443,24IP6710,3,16.71,5.99,2026-03-23 07:41:26,led_sone,false
1127495,17-14392-47581,EBAY,,164525233292,LSMS320GR+RPR44WH,1,12.38,12.53,2026-03-23 07:49:16,led_sone,false
1127496,24-14397-19769,EBAY,,164492030061,CL2TPU,1,2.69,2.69,2026-03-23 07:50:51,led_sone,false
1127504,04-14411-47486,EBAY,,164302964563,CRFF105CH3PK,1,15.25,16.05,2026-03-23 08:04:46,led_sone,false
1127506,13-14398-65432,EBAY,,165131453892,LDSG125MUE274,1,12.89,12.89,2026-03-23 08:11:03,led_sone,false
1127514,10-14402-57175,EBAY,,266827784713,PSHNOS2WRWH,1,8.07,8.49,2026-03-23 08:28:41,electricalsone,false
1127521,25-14381-11288,EBAY,,267573225233,LSGLCP120SY+RPM40WH,1,9.80,9.80,2026-03-23 08:31:06,electricalsone,false
1127527,01-14416-46833,EBAY,,266188029327,CCBC362PK,1,13.51,14.22,2026-03-23 08:43:51,electricalsone,false
1127533,09-14404-19266,EBAY,,164666761396,LSMS320WH+RPR44WH,1,12.41,13.49,2026-03-23 08:57:55,led_sone,false
1127537,10-14402-64498,EBAY,,304897988907,CRSF100CH+PHMU1PBRCH+LSDM220CH+ICST64E27,1,17.96,19.96,2026-03-23 09:03:34,coventrylights,false
1127538,06-14408-86629,EBAY,,121990564311,CCBC12,1,5.99,5.99,2026-03-23 09:05:58,dctransformer,false
1127539,06-14408-86629,EBAY,,121990564311,CCBC24,2,13.98,6.99,2026-03-23 09:05:58,dctransformer,false
1127550,16-14394-23528,EBAY,,313620003527,CL2TRE,3,10.83,2.67,2026-03-23 09:15:24,so_926407,false
1127566,19-14389-94672,EBAY,,167645621244,CL3TBM5PK,1,12.89,12.89,2026-03-23 09:22:43,led_sone,false
1127567,15-14395-60629,EBAY,,165454972012,5IP2050,1,8.49,8.49,2026-03-23 09:29:47,led_sone,false
1127572,04-14411-72550,EBAY,,164725952794,CRFF100BM+PHUP1PBRBM,1,10.73,11.29,2026-03-23 09:47:28,led_sone,false
1127574,11-14401-46767,EBAY,,267213772077,24IP20120,2,29.78,14.89,2026-03-23 09:41:33,electricalsone,false
1127575,11-14401-46767,EBAY,,267213772077,12IP2060,4,43.56,10.89,2026-03-23 09:41:33,electricalsone,false
1127580,21-14386-75089,EBAY,,163585361443,12IP6720,1,10.99,10.99,2026-03-23 09:58:48,led_sone,false
1127581,09-14404-35833,EBAY,,254888999965,LHSHE27WH,1,5.64,5.64,2026-03-23 09:57:14,vintageinterior,false
1127590,23-14384-31158,EBAY,,336101485285,WJB2,1,5.89,5.89,2026-03-23 10:08:35,re6865,false
1127591,23-14384-29785,EBAY,,162700320214,CL3RBMAPK,1,23.89,23.89,2026-03-23 10:03:18,led_sone,false
1127597,27-14378-61360,EBAY,,167833569765,WCCYSP160GD2PK+RPR44WH2PK,1,18.19,18.19,2026-03-23 10:12:11,led_sone,false
1127599,13-14398-96189,EBAY,,313614826197,12BO18,1,7.88,8.29,2026-03-23 10:14:57,so_926407,false
1127600,14-14397-30153,EBAY,,266194586886,CL2TBU,1,2.69,2.69,2026-03-23 10:12:43,electricalsone,false
1127616,14-14397-41975,EBAY,,163215414992,CRSF100BM+PHUP1PBRBM+WCWVBM+LDMST64E274,1,18.89,18.89,2026-03-23 10:55:47,led_sone,false
1127617,26-14379-94327,EBAY,,162696931368,CL3TWH,2,5.48,2.89,2026-03-23 10:58:08,led_sone,false
1127618,22-14385-82062,EBAY,,167645574761,CRFF100BM+WSSM40BM+WCB1BM+LDMST64E274,1,19.89,19.89,2026-03-23 10:58:38,led_sone,false
1127619,24-14397-65136,EBAY,,304859368893,ENC1469,3,54.36,19.49,2026-03-23 10:53:27,coventrylights,false
1127628,26-14379-96561,EBAY,,312894053871,CBSF295,2,13.28,6.99,2026-03-23 11:06:10,so_926407,false
1127632,26-14379-99351,EBAY,,315329809115,CL3RBL,3,8.61,3.09,2026-03-23 11:16:01,so_926407,false
1127669,27-14378-95429,EBAY,,315506602283,12UK3P8A+SLW8,1,24.64,22.89,2026-03-23 12:09:01,so_926407,false
1127671,19-14390-41378,EBAY,,163143473653,CL2RBD,4,10.40,2.89,2026-03-23 12:06:46,led_sone,false
1127672,12-14400-59001,EBAY,,167943793586,TSLCQA10WH3PK+TSWGQBRE2PK,1,19.79,19.79,2026-03-23 12:07:57,led_sone,false
1127692,08-14406-08413,EBAY,,163844479887,PSOS2WHBWH,4,28.76,7.99,2026-03-23 12:18:02,led_sone,false
1127714,10-14403-27885,EBAY,,255629307715,CNT900FG,1,7.89,7.89,2026-03-23 12:37:46,vintageinterior,false
1127715,09-14404-82971,EBAY,,305704637557,LHC2E27WH5PK,1,17.86,15.99,2026-03-23 12:35:11,coventrylights,false
1127716,07-14407-96146,EBAY,,163693940389,CBSF95,1,4.99,4.99,2026-03-23 12:34:39,led_sone,false
1127718,12-14400-70682,EBAY,,253070166439,HK10BM5PK,1,5.49,5.49,2026-03-23 12:40:54,vintageinterior,false
1127719,12-14400-70682,EBAY,,253070166439,HKR10BM5PK,1,5.49,5.49,2026-03-23 12:40:54,vintageinterior,false
1127720,09-14404-86004,EBAY,,163866685573,RD505PK,1,5.89,5.89,2026-03-23 12:43:14,led_sone,false
1127721,19-14390-55443,EBAY,,167943689167,CERU72350GR,1,8.89,8.89,2026-03-23 12:46:08,led_sone,false
1127722,21-14387-27286,EBAY,,165452014120,LHRIVE14BM,1,6.89,6.89,2026-03-23 12:49:43,led_sone,false
1127723,21-14387-27286,EBAY,,164492030061,CL2TYE,3,8.67,2.89,2026-03-23 12:49:43,led_sone,false
1127737,27-14379-12496,EBAY,,164492030061,CL3TGD,1,3.29,3.29,2026-03-23 12:55:42,led_sone,false
1127738,13-14399-48807,EBAY,,162799417330,12IP20180,1,18.04,18.99,2026-03-23 13:00:09,led_sone,false
1127739,22-14386-19804,EBAY,,265660313934,PSDS2BMRRE,1,11.99,12.89,2026-03-23 12:53:25,electricalsone,false
1127740,17-14393-35330,EBAY,,123770992315,LHSHE27YB,8,37.36,5.19,2026-03-23 13:00:54,dctransformer,false
1127746,26-14380-36336,EBAY,,304785678278,LDMST64B2243PK,1,11.26,8.89,2026-03-23 13:03:44,coventrylights,false
1127754,10-14403-43803,EBAY,,166594959149,WLHSBMCY18,1,17.38,18.89,2026-03-23 13:17:40,led_sone,false
1127767,02-14415-56760,EBAY,,164638153137,CCBKNWE36,1,8.99,8.99,2026-03-23 13:30:09,led_sone,false
1127769,04-14412-43399,EBAY,,266197864340,PSDS4BMBBM,1,10.22,10.99,2026-03-23 13:28:08,electricalsone,false
1127772,27-14379-30351,EBAY,,164261730528,12BO28,1,10.44,10.99,2026-03-23 13:39:22,led_sone,false
1127779,19-14390-82071,EBAY,,315506602283,12UK3P5A,1,14.27,11.98,2026-03-23 13:50:45,so_926407,false
1127780,27-14379-33387,EBAY,,306449126694,TSTLRUMRB,1,12.23,7.89,2026-03-23 13:46:06,coventrylights,false
1127781,16-14395-13648,EBAY,,163729638868,CRSF100GB,1,5.09,5.09,2026-03-23 13:51:00,led_sone,false
1127782,14-14398-03336,EBAY,,266630626996,WCB6RR+RPR44WH,1,8.54,8.99,2026-03-23 13:48:56,electricalsone,false
1127786,20-14389-24839,EBAY,,164588867720,LDMC35E144,1,5.49,5.49,2026-03-23 13:54:01,led_sone,false
1127787,20-14389-24839,EBAY,,163277557074,LHNHE27CO,1,5.49,5.49,2026-03-23 13:54:01,led_sone,false
1127788,20-14389-24839,EBAY,,165397658552,CRSF100CO+CL3TBR+LHSHE27CO,1,10.29,10.29,2026-03-23 13:54:01,led_sone,false
1127789,20-14389-24839,EBAY,,165621031025,LDSSTRE274,1,9.89,9.89,2026-03-23 13:54:01,led_sone,false
1127807,10-14403-68692,EBAY,,162711487073,CL3TRO,4,11.48,3.19,2026-03-23 14:15:43,led_sone,false
1127832,22-14386-71128,EBAY,,304786539517,24IP6710,1,6.89,6.89,2026-03-23 14:51:17,coventrylights,false
1127838,12-14401-32595,EBAY,,164650149128,CL3RGD3PK,1,9.29,9.99,2026-03-23 15:03:18,led_sone,false
1127839,14-14398-37516,EBAY,,163585361443,24IP6710,1,5.99,5.99,2026-03-23 15:03:33,led_sone,false
1127845,16-14395-50841,EBAY,,163445610793,CL3TBKAPK,1,24.89,24.89,2026-03-23 15:11:51,led_sone,false
1127864,25-14382-55821,EBAY,,161775308827,LDMST64B2283PK,1,12.88,12.88,2026-03-23 15:26:33,led_sone,false
1127872,14-14398-50704,EBAY,,163807928315,CRFF100FG,1,5.49,5.49,2026-03-23 15:31:16,led_sone,false
1127876,04-14413-06315,EBAY,,123240438257,LHGU10SK2PK,1,3.77,3.77,2026-03-23 15:45:20,dctransformer,false
1127877,19-14391-37344,EBAY,,165543505783,CRFF108WH+LHTKE27WH,1,9.99,9.99,2026-03-23 15:49:32,led_sone,false
1127882,24-14398-85366,EBAY,,124099089794,LDMST64E2746PK,1,17.99,17.99,2026-03-23 15:53:14,dctransformer,false
1127883,13-14400-27620,EBAY,,313614826214,LHSHE27GB,1,8.46,5.99,2026-03-23 15:54:29,so_926407,false
1127884,23-14385-64752,EBAY,,266166358456,WCB7BS+RPR44WH,2,17.08,8.99,2026-03-23 15:56:36,electricalsone,false
1127888,13-14400-33095,EBAY,,163795656089,HLHG120CH2PK,2,11.38,5.99,2026-03-23 16:05:46,led_sone,false
1127889,15-14397-10863,EBAY,,165584303790,CL2RAG,2,8.68,4.57,2026-03-23 16:10:45,led_sone,false
1127897,16-14395-83200,EBAY,,333813672429,CL3THE5PK,1,12.78,12.78,2026-03-23 16:19:01,re6865,false
1127909,12-14401-70521,EBAY,,163359416713,HLSC96BM2PK,1,5.89,5.89,2026-03-23 16:22:06,led_sone,false
1127910,23-14385-80692,EBAY,,167892041610,FCBMBA5APAPK,1,9.29,9.29,2026-03-23 16:28:57,led_sone,false
1127911,22-14387-18312,EBAY,,162562112782,12IP20100,2,22.78,11.99,2026-03-23 16:29:12,led_sone,false
1127913,07-14409-02011,EBAY,,315635988033,CRSF100BU+WSCH135BU+LSFT220BU+ICST64E27,2,29.74,15.99,2026-03-23 16:29:38,so_926407,false
1127926,05-14412-32245,EBAY,,312975888878,LHBGE27BM,1,4.92,5.29,2026-03-23 16:46:08,so_926407,false
1127927,03-14414-76982,EBAY,,304811578005,LSFT220BR+RPR44WH,2,20.58,10.29,2026-03-23 16:50:24,coventrylights,false
1127928,03-14414-76982,EBAY,,306434726177,ENC1008,2,47.78,23.89,2026-03-23 16:50:24,coventrylights,false
1127929,20-14390-07318,EBAY,,164925289077,LDMST64E2785PK,1,21.75,22.89,2026-03-23 16:47:40,led_sone,false
1127938,20-14390-10500,EBAY,,313614826183,CL3RHE,5,17.34,2.99,2026-03-23 16:54:12,so_926407,false
1127945,18-14393-13991,EBAY,,304799846998,CODL932AGY5PK,1,8.99,9.67,2026-03-23 17:00:59,coventrylights,false
1127948,20-14390-17697,EBAY,,165452014120,LHRIE14BM,1,5.89,5.89,2026-03-23 17:09:12,led_sone,false
1127965,20-14390-23809,EBAY,,265814786228,CRSF100YE+PHCH1PWRSYE,1,9.89,9.89,2026-03-23 17:21:49,electricalsone,false
1127968,20-14390-23810,EBAY,,164518703087,PSDS4BMRGD,1,12.89,12.89,2026-03-23 17:21:46,led_sone,false
1127969,16-14396-16073,EBAY,,164389514552,PSDS2BMRBW,1,23.91,8.49,2026-03-23 17:25:53,led_sone,false
1127970,21-14388-56550,EBAY,,162711487073,CL3TBM,2,6.06,3.19,2026-03-23 17:29:46,led_sone,false
1127971,02-14416-68795,EBAY,,164492030061,CL2TOR,2,5.38,2.69,2026-03-23 17:27:45,led_sone,false
1127982,04-14413-63854,EBAY,,267527349850,CENU46450BM,1,7.99,7.99,2026-03-23 17:44:10,electricalsone,false
1127996,18-14393-43756,EBAY,,267527349850,CENU46450BM,1,7.99,7.99,2026-03-23 18:06:48,electricalsone,false
1127998,23-14386-25363,EBAY,,256011919087,PHSF1GDTYB,1,8.79,8.79,2026-03-23 18:04:56,vintageinterior,false
1128003,27-14380-57507,EBAY,,166893221301,LSLC180RR+RPR44WH,1,10.99,10.99,2026-03-23 18:12:33,led_sone,false
1128004,19-14392-05929,EBAY,,164912592166,LDCWB2218,1,5.49,5.49,2026-03-23 18:16:43,led_sone,false
1128010,01-14418-72432,EBAY,,265660312611,CO123ACL3PK,1,4.99,4.99,2026-03-23 18:28:21,electricalsone,false
1128020,10-14404-97694,EBAY,,166944664696,CO232AGY5PK,1,5.49,5.49,2026-03-23 18:50:22,led_sone,false
1128021,10-14404-97694,EBAY,,163693940389,CBSF95,1,4.99,4.99,2026-03-23 18:50:22,led_sone,false
1128022,10-14404-93443,EBAY,,265660313956,CL3ROR,2,5.30,2.79,2026-03-23 18:43:39,electricalsone,false
1128028,24-14399-71854,EBAY,,313731620457,LSFT220BL+RPR44WH,2,16.88,8.89,2026-03-23 18:55:40,so_926407,false
1128029,08-14407-86654,EBAY,,266190476182,5IP20200,1,19.93,20.98,2026-03-23 18:52:27,electricalsone,false
1128037,20-14390-74278,EBAY,,167729466959,WCDTBM+RPR44WH,1,10.89,10.89,2026-03-23 19:07:05,led_sone,false
1128038,10-14405-09442,EBAY,,266188024005,CCBKNWE25,1,7.78,8.19,2026-03-23 19:08:49,electricalsone,false
1128049,21-14389-11851,EBAY,,266194586886,CL2TRO5PK,1,10.99,10.99,2026-03-23 19:20:24,electricalsone,false
1128050,07-14409-84070,EBAY,,165443367091,PLADBM+LSDO210BG3PK+ICST64E273PK,2,100.26,52.77,2026-03-23 19:16:18,led_sone,false
1128051,15-14398-01403,EBAY,,162698748746,CL2TIV,2,4.68,2.47,2026-03-23 19:15:06,led_sone,false
1128054,07-14409-89859,EBAY,,267228355035,WSIWCRBC,2,46.30,24.89,2026-03-23 19:25:46,electricalsone,false
1128056,11-14403-93584,EBAY,,164914367042,12MIP20252PK,1,7.89,7.89,2026-03-23 19:30:15,led_sone,false
1128057,08-14408-10246,EBAY,,165621031025,LDST185E274,1,5.49,5.49,2026-03-23 19:30:03,led_sone,false
1128058,15-14398-09076,EBAY,,317030316794,CL3TBR5PK,1,15.23,12.99,2026-03-23 19:27:34,so_926407,false
1128075,22-14388-18786,EBAY,,265232354037,LSOL180BB+RPR44WH,1,7.99,7.99,2026-03-23 19:47:28,electricalsone,false
1128077,17-14395-32882,EBAY,,163678721625,CRSF100BM+LHNSE27BM,1,9.99,9.99,2026-03-23 19:50:40,led_sone,false
1128088,04-14414-32947,EBAY,,265750044855,CL2TBM,3,8.04,2.89,2026-03-23 19:55:36,electricalsone,false
1128096,05-14413-32747,EBAY,,164169967297,WJB2,1,5.89,5.89,2026-03-23 20:02:42,led_sone,false
1128097,17-14395-39388,EBAY,,164030749672,CL2RBM,3,8.04,2.89,2026-03-23 20:03:14,led_sone,false
1128103,26-14382-47282,EBAY,,163434932392,LHSHE27SN,5,24.70,5.49,2026-03-23 20:19:02,led_sone,false
1128106,23-14386-97107,EBAY,,265660312608,CL3TBK,5,11.55,2.57,2026-03-23 20:18:49,electricalsone,false
1128107,15-14398-33415,EBAY,,317111834260,WJBIP684BM,1,8.45,8.89,2026-03-23 20:12:43,so_926407,false
1128126,22-14388-40681,EBAY,,167874397098,LDCWA60HB2296PK,1,6.49,6.49,2026-03-23 20:32:10,led_sone,false
1128127,10-14405-58124,EBAY,,265669554838,LHRIE14BM,1,5.99,5.99,2026-03-23 20:39:46,electricalsone,false
1128133,18-14394-25510,EBAY,,164261730528,12BO18,1,7.88,8.29,2026-03-23 20:42:04,led_sone,false
1128141,08-14408-54709,EBAY,,314555942222,ENC2139,1,44.77,44.77,2026-03-23 20:59:17,so_926407,false
1128142,08-14408-54709,EBAY,,314555942222,ENC2138,1,44.77,44.77,2026-03-23 20:59:17,so_926407,false
1128143,04-14414-60767,EBAY,,254838151418,CL3RBM,1,2.99,2.99,2026-03-23 20:55:01,vintageinterior,false
1128144,22-14388-52235,EBAY,,255943163477,CO1215ACL2PK,1,6.19,6.19,2026-03-23 20:57:36,vintageinterior,false
1128151,24-14400-42042,EBAY,,336099866617,LSFT220BU+RPR44WH,1,10.89,10.89,2026-03-23 21:09:00,re6865,false
1128152,17-14395-69172,EBAY,,126703928790,RBLSFT220BU,1,6.88,3.99,2026-03-23 21:08:16,dctransformer,false
1128156,26-14382-73574,EBAY,,266190476182,12IP20720,1,44.53,46.87,2026-03-23 21:17:19,electricalsone,false
1128158,14-14400-20005,EBAY,,304963286889,CRSF100WH+PHUP1PWRWH,2,16.88,8.89,2026-03-23 21:14:00,coventrylights,false
1128163,11-14404-49509,EBAY,,266190476182,5IP20300,1,24.60,25.89,2026-03-23 21:26:35,electricalsone,false
1128168,04-14414-80029,EBAY,,335680616357,LDMG125E2785PK,1,25.89,25.89,2026-03-23 21:40:12,lighting_sone,false
1128169,15-14398-71990,EBAY,,265660314741,LHRIE14WH,1,4.74,4.99,2026-03-23 21:39:35,electricalsone,false
1128170,12-14403-25647,EBAY,,265660312596,CRFF108BM+WSST70BM+WCLCBM,2,26.90,13.59,2026-03-23 21:37:51,electricalsone,false
1128172,16-14397-40312,EBAY,,164492030061,CL2TBL,1,2.99,2.99,2026-03-23 21:39:30,led_sone,false
1128173,16-14397-40312,EBAY,,164492030061,CL2TGR,1,2.69,2.69,2026-03-23 21:39:30,led_sone,false
1128174,04-14414-80028,EBAY,,166845144128,LHSHE27CO3PK,1,13.89,13.89,2026-03-23 21:40:08,led_sone,false
1128175,09-14407-36698,EBAY,,305682162344,LSDO210OR+RPR44WH,1,10.14,10.67,2026-03-23 21:31:08,coventrylights,false
1128177,14-14400-32153,EBAY,,254348058736,PSOS2WHBWH,1,7.19,7.19,2026-03-23 21:43:11,vintageinterior,false
1128185,10-14405-89027,EBAY,,266188029327,CCBC12,2,11.38,5.99,2026-03-23 21:52:05,electricalsone,false
1128186,11-14404-61632,EBAY,,165131453892,LDSG95E2743PK,1,27.99,27.99,2026-03-23 21:56:16,led_sone,false
1128192,05-14413-87289,EBAY,,162711487073,CL3TBW,3,8.88,3.19,2026-03-23 22:07:47,led_sone,false
1128205,10-14406-03092,EBAY,,314148529895,12UK3P5A+CODCCR,1,13.33,10.99,2026-03-23 22:29:12,so_926407,false
1128208,25-14384-58034,EBAY,,166224055478,ENC358,1,30.26,32.89,2026-03-23 22:31:46,led_sone,false
1128215,14-14400-59651,EBAY,,267340970424,CL2TGR2PK,1,3.63,3.63,2026-03-23 22:57:04,electricalsone,false
1128221,11-14404-87244,EBAY,,256517395296,LDMT45E2742PK,1,8.99,8.99,2026-03-23 23:06:40,vintageinterior,false
1128222,01-14420-03503,EBAY,,164492030061,CL2TOR,3,8.07,2.69,2026-03-23 23:06:17,led_sone,false
1128223,11-14404-87576,EBAY,,306775083918,CRFF500BM+PHHT1PBRGD3PK+WCCYSP180GD3PK,1,33.38,35.89,2026-03-23 23:07:40,coventrylights,false
1128228,02-14418-26822,EBAY,,315323373310,LDMST64E274,1,5.75,6.39,2026-03-23 23:13:40,so_926407,false
1128229,05-14414-12555,EBAY,,313970190895,IMCWFPK,1,28.45,28.40,2026-03-23 23:19:06,so_926407,false
1128231,08-14409-09577,EBAY,,315704860026,LSDO210GR+RPR44WH,1,10.13,10.89,2026-03-23 23:23:00,so_926407,false
1128238,15-14399-29511,EBAY,,305698440823,CL3RGY3PK,1,7.70,8.11,2026-03-24 00:18:48,coventrylights,false
1128244,25-14385-20660,EBAY,,305541421379,CL2RGD5PK,1,12.04,12.67,2026-03-24 01:30:02,coventrylights,false
1128245,14-14401-28026,EBAY,,164914367042,12IP20362PK,5,54.85,12.19,2026-03-24 02:13:45,led_sone,false
1128286,21-14391-28743,EBAY,,256004333819,LHC5E27WH3PK,3,25.92,9.29,2026-03-24 06:36:22,vintageinterior,false
1128293,14-14401-85236,EBAY,,253064185648,WJB2,1,5.89,5.89,2026-03-24 07:09:03,vintageinterior,false
1128294,23-14388-85880,EBAY,,164357507368,12IP20240,1,18.50,18.50,2026-03-24 07:00:56,led_sone,false
1128308,18-14396-13562,EBAY,,164459401341,ENC482,1,30.89,30.89,2026-03-24 07:57:58,led_sone,false
1128317,11-14406-20379,EBAY,,163008902707,12IP67100,1,20.80,21.89,2026-03-24 08:11:58,led_sone,false
1128318,27-14383-27643,EBAY,,305698723917,LDMST64E274,2,13.28,6.99,2026-03-24 08:14:31,coventrylights,false
1128326,10-14407-51500,EBAY,,267371575321,LDMST64E274,1,6.49,6.49,2026-03-24 08:22:22,electricalsone,false
1128342,03-14417-90827,EBAY,,266196406229,CRFF75GB,1,4.74,4.99,2026-03-24 08:47:36,electricalsone,false
1128347,08-14410-45032,EBAY,,164492030061,CL3TGL,4,13.16,3.29,2026-03-24 08:53:04,led_sone,false
1128351,26-14384-57039,EBAY,,164725952794,CRFF100CO+PHUP1PBRCO,3,25.08,8.99,2026-03-24 09:01:14,led_sone,false
1128352,02-14419-68364,EBAY,,164169967297,WJB3,1,8.24,8.24,2026-03-24 09:03:54,led_sone,false
1128353,23-14389-07388,EBAY,,164636015985,12IP20400,1,23.63,24.87,2026-03-24 09:03:46,led_sone,false
1128354,24-14402-30555,EBAY,,163835706288,CRSF100BM+PHSH1PBRYB+SCRN70YB+LSOL220YB,1,16.89,16.89,2026-03-24 09:07:51,led_sone,false
1128369,26-14384-59408,EBAY,,267184264594,LSCP150RE+RPR44WH,1,10.89,10.89,2026-03-24 09:13:22,electricalsone,false
1128371,18-14396-28698,EBAY,,253946728059,CRSF100BM+PHUP1PBRBM,1,6.19,6.19,2026-03-24 09:17:57,vintageinterior,false
1128372,22-14390-48065,EBAY,,164666761396,LSMS320OR+RPR44WH,2,25.74,13.99,2026-03-24 09:18:33,led_sone,false
1128375,02-14419-72354,EBAY,,163701083821,CRFF140RR+LHSHE27RR+SCRN70RR+LSUL220RR,1,16.89,16.89,2026-03-24 09:24:21,led_sone,false
1128376,17-14397-63046,EBAY,,163715641938,SOTB1GTK,1,4.67,4.67,2026-03-24 09:30:06,led_sone,false
1128377,02-14419-72353,EBAY,,315379102143,LDMST64E274,1,9.53,6.99,2026-03-24 09:24:17,so_926407,false
1128378,09-14409-20057,EBAY,,315605947325,LHAHE27CH,1,6.04,6.49,2026-03-24 09:26:33,so_926407,false
1128379,09-14409-20055,EBAY,,266742973079,CL3TRO3PK,1,8.49,8.49,2026-03-24 09:26:26,electricalsone,false
1128393,24-14402-39633,EBAY,,164914367042,12IP2060,1,10.89,10.89,2026-03-24 09:50:20,led_sone,false
1128394,10-14407-69430,EBAY,,255943163444,12IP6760,1,16.98,16.98,2026-03-24 09:50:38,vintageinterior,false
1128409,25-14386-26519,EBAY,,317979913894,SPPGUK3PBR4PK,1,8.88,5.99,2026-03-24 10:07:26,so_926407,false
1128419,16-14399-31064,EBAY,,266190476182,12IP2040,4,32.36,8.99,2026-03-24 10:13:49,electricalsone,false
1128423,11-14406-48193,EBAY,,165397658552,CRSF100SN+CL3TBM+LHSHE27SN,1,9.78,10.29,2026-03-24 10:24:59,led_sone,false
1128425,26-14384-75474,EBAY,,267068731282,24IP6730,1,10.92,11.49,2026-03-24 10:25:13,electricalsone,false
1128428,10-14407-80393,EBAY,,163503674745,SCRN70BM,1,3.49,3.49,2026-03-24 10:37:44,led_sone,false
1128432,05-14415-75768,EBAY,,266147614909,CRSF2003BM+PHSQ1PBRYB3PK+WCDTGD3PK,1,39.85,39.85,2026-03-24 10:49:47,electricalsone,false
1128434,25-14386-35964,EBAY,,163851802649,CRSF100BM+PHTT1PBR1BM,1,8.99,8.99,2026-03-24 10:46:29,led_sone,false
1128439,09-14409-41454,EBAY,,314111067207,LDSG95DIE274,1,7.59,7.99,2026-03-24 10:57:18,so_926407,false
1128440,04-14416-81815,EBAY,,254348058736,PSOS2WHBWH,1,7.19,7.19,2026-03-24 10:55:59,vintageinterior,false
1128452,19-14395-15333,EBAY,,267035988245,LDSG95DIE274,2,21.82,11.49,2026-03-24 11:17:13,electricalsone,false
1128457,20-14393-59163,EBAY,,163693940389,CBSF95,1,4.99,4.99,2026-03-24 11:29:01,led_sone,false
1128458,22-14390-78651,EBAY,,266630626996,WCB7WH2PK+RPR44WH2PK,1,14.67,15.44,2026-03-24 11:26:11,electricalsone,false
1128461,05-14415-86738,EBAY,,265750044855,CL2RGY,1,2.75,2.89,2026-03-24 11:31:35,electricalsone,false
1128462,21-14391-91896,EBAY,,163976559894,PLDMBM+ICST64E2740,2,45.38,23.89,2026-03-24 11:40:49,led_sone,false
1128469,08-14410-90234,EBAY,,267213772077,5IP2030,1,8.54,8.99,2026-03-24 11:58:52,electricalsone,false
1128470,08-14410-88417,EBAY,,256963300431,LSCY290GR+RPR44WH,1,14.89,14.89,2026-03-24 11:52:54,vintageinterior,false
1128471,01-14421-90745,EBAY,,163585361443,12IP6720,1,10.99,10.99,2026-03-24 11:59:41,led_sone,false
1128472,01-14421-90745,EBAY,,163585361443,12IP6710,1,7.89,7.89,2026-03-24 11:59:41,led_sone,false
1128477,05-14415-96434,EBAY,,315297828506,LSTF400GY+RPR44WH,1,13.85,14.89,2026-03-24 12:05:08,so_926407,false
1128478,26-14385-01110,EBAY,,255986858065,CGROYB3PK,1,5.19,5.19,2026-03-24 12:01:07,vintageinterior,false
1128479,17-14398-02812,EBAY,,256487880217,WCWDCH+RPR44WH,1,7.74,8.15,2026-03-24 12:07:14,vintageinterior,false
1128489,13-14404-19575,EBAY,,313484742661,24IP2048,4,32.40,7.99,2026-03-24 12:14:43,so_926407,false
1128490,07-14412-79018,EBAY,,316797916737,LSLT360CB+RPR44WH,1,12.92,13.89,2026-03-24 12:19:26,so_926407,false
1128491,21-14392-00839,EBAY,,266190476182,12IP20360,1,22.51,23.70,2026-03-24 12:10:58,electricalsone,false
1128492,18-14396-73342,EBAY,,164525233292,LSMS320GY+RPR44WH,1,13.20,13.89,2026-03-24 12:14:38,led_sone,false
1128496,11-14406-79875,EBAY,,163163376789,LHRTE27WH,1,5.89,5.89,2026-03-24 12:21:06,led_sone,false
1128497,17-14398-09455,EBAY,,161782384942,12UK3P5A,1,11.98,11.98,2026-03-24 12:28:34,led_sone,false
1128502,25-14386-66145,EBAY,,162945245907,12IP6760,1,16.98,16.98,2026-03-24 12:32:46,led_sone,false
1128526,05-14416-17404,EBAY,,163163376789,LHRTE27WH,1,5.89,5.89,2026-03-24 13:09:25,led_sone,false
1128530,09-14409-81931,EBAY,,305682162344,LSCY290BC+RPR44WH,2,26.38,13.89,2026-03-24 13:11:47,coventrylights,false
1128531,14-14402-71819,EBAY,,265660312624,CL3TRO5PK,1,14.31,14.31,2026-03-24 13:10:50,electricalsone,false
1128540,07-14413-01933,EBAY,,304901239172,PLADBM+ICST64E27603PK,3,153.12,54.89,2026-03-24 13:27:05,coventrylights,false
1128542,27-14384-09377,EBAY,,164492030061,CL3TBK,6,19.74,3.29,2026-03-24 13:30:15,led_sone,false
1128555,10-14408-37730,EBAY,,266100926980,CL2TBR,7,24.19,2.89,2026-03-24 13:44:25,electricalsone,false
1128556,07-14413-07039,EBAY,,317111834260,WJBIP68T12BM2PK,1,11.30,11.89,2026-03-24 13:40:59,so_926407,false
1128557,16-14399-96086,EBAY,,315192085660,LDST185E274,2,13.92,7.49,2026-03-24 13:50:21,so_926407,false
1128564,06-14414-62869,EBAY,,163814884066,CRSF108GB+HKR10GB,1,6.99,6.99,2026-03-24 13:52:25,led_sone,false
1128567,07-14413-13811,EBAY,,267213772077,12IP2024,1,6.49,6.49,2026-03-24 13:59:12,electricalsone,false
1128568,07-14413-13811,EBAY,,267213772077,5IP2030,1,8.99,8.99,2026-03-24 13:59:12,electricalsone,false
1128571,20-14394-10598,EBAY,,163507304296,RPM40BM2PK,1,4.99,4.99,2026-03-24 14:03:43,led_sone,false
1128572,02-14420-56333,EBAY,,335385617881,BSTS815GY,1,8.99,8.99,2026-03-24 14:09:28,re6865,false
1128574,21-14392-43036,EBAY,,263280306888,CL3TBM,3,8.61,3.09,2026-03-24 14:12:14,electricalsone,false
1128575,14-14402-94565,EBAY,,266865743969,WSSS70GB,2,12.32,6.49,2026-03-24 14:11:43,electricalsone,false
1128576,04-14417-45541,EBAY,,164046479684,PSDS4BMRBL,1,12.25,12.89,2026-03-24 14:13:14,led_sone,false
1128583,17-14398-51448,EBAY,,306569336602,RBLSDO210CB+RPR44WH,1,8.11,5.12,2026-03-24 14:25:09,coventrylights,false
1128596,05-14416-52642,EBAY,,306204706090,PHSF2GDTFG,1,12.79,12.79,2026-03-24 14:42:32,coventrylights,false
1128597,25-14387-14786,EBAY,,267573225233,LSGLCP120SY+RPM40WH,1,9.80,9.80,2026-03-24 14:45:42,electricalsone,false
1128605,20-14394-31326,EBAY,,161782384942,12UK3P5A,1,11.98,11.98,2026-03-24 14:56:09,led_sone,false
1128606,01-14422-52834,EBAY,,333738623403,LDMG95E2743PK,1,11.89,11.89,2026-03-24 14:53:05,re6865,false
1128610,14-14403-17610,EBAY,,267121715682,12IP6715,1,7.50,7.89,2026-03-24 15:09:10,electricalsone,false
1128611,16-14400-25444,EBAY,,163225741603,CO1215ACL5PK,1,8.99,8.99,2026-03-24 15:04:39,led_sone,false
1128612,16-14400-25444,EBAY,,163225741603,CO1230ACL5PK,1,10.99,10.99,2026-03-24 15:04:39,led_sone,false
1128613,16-14400-25444,EBAY,,163225741603,CO125ACL5PK,1,5.49,5.49,2026-03-24 15:04:39,led_sone,false
1128615,26-14385-74285,EBAY,,163539409751,12SIP6760,1,13.70,14.89,2026-03-24 15:19:28,led_sone,false
1128620,19-14396-03555,EBAY,,304832587019,12MIP20180,1,14.70,15.81,2026-03-24 15:24:10,coventrylights,false
1128626,23-14390-30258,EBAY,,267068731282,24IP6780,1,20.58,18.49,2026-03-24 15:32:14,electricalsone,false
1128627,23-14390-33604,EBAY,,162798279994,24IP2048,1,9.99,9.99,2026-03-24 15:40:29,led_sone,false
1128628,15-14401-70551,EBAY,,317030316794,CL3TBRAPK,1,24.64,22.89,2026-03-24 15:33:41,so_926407,false
1128631,14-14403-35735,EBAY,,164914367042,12IP20100,1,13.89,13.89,2026-03-24 15:49:10,led_sone,false
1128637,08-14411-78764,EBAY,,267521014652,CERU72350RE,1,9.89,9.89,2026-03-24 15:53:43,electricalsone,false
1128638,27-14384-67939,EBAY,,166882044869,CRSF100BM+LHNSE27YB+SCRN70YB+LSFT220GR,2,29.74,15.66,2026-03-24 15:53:36,led_sone,false
1128639,03-14419-26153,EBAY,,161782384942,12UK3P8A,1,13.85,13.85,2026-03-24 15:54:23,led_sone,false
1128653,22-14391-87660,EBAY,,315321183363,LSFT220GY+RPR44WH,1,7.64,8.49,2026-03-24 16:19:35,so_926407,false
1128654,07-14413-69648,EBAY,,163359416713,HLSC96BM,5,10.75,2.39,2026-03-24 16:13:00,led_sone,false
1128655,14-14403-46204,EBAY,,267340970424,CL3TBR2PK,1,4.03,4.03,2026-03-24 16:14:13,electricalsone,false
1128670,06-14415-31678,EBAY,,256004333819,LHC5E27WH3PK,1,8.39,8.39,2026-03-24 16:36:35,vintageinterior,false
1128677,03-14419-48859,EBAY,,165843468468,CRSF108CO+WSAT105CO+ICST64E27,2,18.98,9.99,2026-03-24 16:47:33,led_sone,false
1128678,18-14397-78688,EBAY,,265660314741,LHRIE14BM,1,5.69,5.99,2026-03-24 16:44:12,electricalsone,false
1128696,26-14386-18911,EBAY,,164029742974,12UK3P5A,1,11.98,11.98,2026-03-24 17:04:04,led_sone,false
1128698,26-14386-21466,EBAY,,267068731282,24IP6720,1,9.97,10.49,2026-03-24 17:10:13,electricalsone,false
1128704,13-14405-37928,EBAY,,317527110144,SPSDP1SN,1,5.58,2.89,2026-03-24 17:14:30,so_926407,false
1128706,21-14393-18959,EBAY,,163503674745,SCRN70SN,1,3.49,3.49,2026-03-24 17:11:52,led_sone,false
1128712,03-14419-67049,EBAY,,306348326103,CL3RAG5PK,1,11.06,11.89,2026-03-24 17:29:46,coventrylights,false
1128713,26-14386-29854,EBAY,,266190476182,12IP20150,1,15.03,15.82,2026-03-24 17:30:53,electricalsone,false
1128726,02-14421-48361,EBAY,,335742953763,PSDS4RBU,2,22.26,11.13,2026-03-24 17:45:12,lighting_sone,false
1128730,13-14405-53688,EBAY,,267528394108,RWT580YE,1,16.73,16.73,2026-03-24 17:51:56,electricalsone,false
1128731,23-14390-90032,EBAY,,266297758334,ENC5167,1,25.69,25.69,2026-03-24 17:55:26,electricalsone,false
1128733,21-14393-37252,EBAY,,165098456161,CO1215ACLAPK,1,8.99,8.99,2026-03-24 17:56:26,led_sone,false
1128739,22-14392-34164,EBAY,,167943272260,CL3TBK,3,8.88,3.19,2026-03-24 18:10:30,led_sone,false
1128751,16-14401-10455,EBAY,,314148529895,12UK3P2A+CODCCR,1,10.47,7.98,2026-03-24 18:22:59,so_926407,false
1128756,08-14412-45881,EBAY,,163585361443,24IP6780,1,18.49,18.49,2026-03-24 18:31:05,led_sone,false
1128757,08-14412-45881,EBAY,,163585361443,24IP67100,1,21.89,21.89,2026-03-24 18:31:05,led_sone,false
1128758,24-14404-29479,EBAY,,163964665683,12UK3P10A,1,16.14,16.99,2026-03-24 18:35:30,led_sone,false
1128759,05-14417-51267,EBAY,,306781252107,CRFF500BM+LHNDE27BM2PK+LHNSE27BM+LSFT220BC3PK,1,33.94,36.49,2026-03-24 18:32:07,coventrylights,false
1128760,18-14398-24868,EBAY,,305682162344,LSCY290YE+RPR44WH,1,15.84,16.67,2026-03-24 18:33:51,coventrylights,false
1128769,07-14414-38528,EBAY,,266196441737,CBSF65,2,16.12,8.49,2026-03-24 18:53:42,electricalsone,false
1128770,16-14401-24015,EBAY,,164164375386,CRSF100HBM+WSWS1PHTBM+PSDS2BPB+WCDCBM,1,21.79,21.79,2026-03-24 18:55:08,led_sone,false
1128774,19-14396-95909,EBAY,,166820133767,WLWP2S6WBM,4,65.16,18.10,2026-03-24 19:03:33,led_sone,false
1128781,18-14398-41544,EBAY,,266193441802,ENC1461,1,45.59,45.59,2026-03-24 19:13:00,electricalsone,false
1128782,07-14414-45956,EBAY,,122989185800,LDMG95B224,1,5.98,5.98,2026-03-24 19:11:11,dctransformer,false
1128783,04-14418-75049,EBAY,,317030316794,CL3TWH2PK,1,8.11,5.49,2026-03-24 19:16:54,so_926407,false
1128784,13-14405-91121,EBAY,,317030316794,CL3TBM5PK,1,15.14,12.89,2026-03-24 19:19:26,so_926407,false
1128785,19-14397-00579,EBAY,,304920445661,LDMST64B2243PK,1,13.40,14.89,2026-03-24 19:14:35,coventrylights,false
1128786,26-14386-75435,EBAY,,305698440823,CL3TLB5PK,1,10.56,11.12,2026-03-24 19:19:07,coventrylights,false
1128787,26-14386-73323,EBAY,,164725952794,CRSF100GB+PHUP1PBRGB,1,10.44,10.99,2026-03-24 19:14:17,led_sone,false
1128788,21-14393-72434,EBAY,,164113957179,CRSF100BM+PHTT1PBR1BM+ICST64E27,4,28.76,7.99,2026-03-24 19:18:57,led_sone,false
1128789,09-14411-34184,EBAY,,164914367042,5IP2050,1,8.49,8.49,2026-03-24 19:18:31,led_sone,false
1128790,03-14420-13430,EBAY,,163585361443,12IP6745,1,14.98,14.98,2026-03-24 19:18:24,led_sone,false
1128799,24-14404-50956,EBAY,,317609587060,PSOS2BMBBM,1,9.29,9.99,2026-03-24 19:26:08,so_926407,false
1128801,27-14385-56175,EBAY,,334541303582,PSDS2RRO,1,9.76,9.76,2026-03-24 19:23:04,re6865,false
1128807,08-14412-73425,EBAY,,306840044739,PLTFBC,1,17.89,17.89,2026-03-24 19:36:11,coventrylights,false
1128811,07-14414-59405,EBAY,,304786539463,12IP2030,1,6.29,6.76,2026-03-24 19:42:55,coventrylights,false
1128812,16-14401-44491,EBAY,,267120297665,LDMG80E2743PK,1,10.92,11.49,2026-03-24 19:43:03,electricalsone,false
1128814,20-14395-54742,EBAY,,336080746097,LHHGE27BM3PK,3,33.56,9.89,2026-03-24 19:45:41,lighting_sone,false
1128824,25-14388-50859,EBAY,,305698440823,CL3TLG3PK,1,7.80,8.21,2026-03-24 20:05:21,coventrylights,false
1128825,07-14414-68340,EBAY,,164942250673,CL2RBM,1,2.99,2.99,2026-03-24 20:03:43,led_sone,false
1128826,05-14417-92232,EBAY,,163434903826,LHSHE27BA,2,7.60,4.00,2026-03-24 20:08:24,led_sone,false
1128827,09-14411-56190,EBAY,,167910892221,LDSG1001E27,1,13.89,13.89,2026-03-24 20:09:50,led_sone,false
1128834,02-14422-14203,EBAY,,267405063500,LSMS320BG+RPR44WH,3,38.73,13.89,2026-03-24 20:19:48,electricalsone,false
1128835,16-14401-59345,EBAY,,165709660426,PHSF1GYTCH+ICST64E27,1,13.89,13.89,2026-03-24 20:17:50,led_sone,false
1128849,26-14387-11923,EBAY,,267403653533,ENC5284,1,58.83,58.83,2026-03-24 20:44:54,electricalsone,false
1128851,17-14400-12863,EBAY,,163445610793,CL3TBR,2,5.48,2.89,2026-03-24 20:43:41,led_sone,false
1128852,19-14397-38581,EBAY,,164552431048,12UK3P5A,1,11.38,11.98,2026-03-24 20:43:41,led_sone,false
1128861,08-14413-05179,EBAY,,266630626996,WCB7WH+RPR44WH,1,8.54,8.99,2026-03-24 20:51:09,electricalsone,false
1128862,12-14407-61348,EBAY,,266193441802,CRFF100BM+LHHTE27BM+WCDCBM+ICST64E27,2,37.22,19.59,2026-03-24 20:54:52,electricalsone,false
1128864,26-14387-14359,EBAY,,317614288780,CRFF65YB+RWETM4GD2PK+LHTTAGU10YB+LDGU10WD5,1,13.20,14.19,2026-03-24 20:50:48,so_926407,false
1128865,11-14408-88632,EBAY,,167943331717,CL3RRE5PK,1,10.99,10.99,2026-03-24 20:51:09,led_sone,false
1128870,03-14420-56901,EBAY,,164531556164,WCDCBM+RPR44WH,2,20.88,10.99,2026-03-24 21:01:16,led_sone,false
1128871,04-14419-20119,EBAY,,266827784713,PSHYOS4BRBM,1,12.89,12.89,2026-03-24 21:03:26,electricalsone,false
1128872,04-14419-20119,EBAY,,267031698686,CNP1000GB,1,8.49,8.49,2026-03-24 21:03:26,electricalsone,false
1128882,11-14409-01715,EBAY,,126703928790,RBLSCY290RO+RPR44WH,1,10.17,7.28,2026-03-24 21:24:07,dctransformer,false
1128888,16-14401-89432,EBAY,,266187916836,WCB6RR+RPR44WH,1,8.99,8.99,2026-03-24 21:32:04,electricalsone,false
1128913,09-14411-99343,EBAY,,166032301756,LHSHE27BN,1,5.49,5.49,2026-03-24 21:58:28,led_sone,false
1128915,05-14418-36137,EBAY,,317979913894,SPPGUK3PBR4PK,1,8.88,5.99,2026-03-24 21:58:45,so_926407,false
1128921,18-14399-12173,EBAY,,267340970424,CL3TBR3PK,1,4.99,4.99,2026-03-24 22:06:08,electricalsone,false
1128922,11-14409-15919,EBAY,,305541421379,CL2RBM2PK,1,5.60,5.89,2026-03-24 22:02:07,coventrylights,false
1128931,06-14416-76270,EBAY,,165631154049,PHUH1HETBM+LSHM400HE+ICST64E27,1,35.99,35.99,2026-03-24 22:28:07,led_sone,false
1128935,20-14396-21267,EBAY,,164914367042,5IP2028,1,5.49,5.49,2026-03-24 22:35:26,led_sone,false
1128942,19-14397-87855,EBAY,,267285414972,CRSF100BM+PHCH1BMRBM+LSCY290OR,4,60.80,16.89,2026-03-24 22:57:50,electricalsone,false
1128945,06-14416-99933,EBAY,,166916863292,WSLH200BM+ICST64E27,4,79.56,19.89,2026-03-24 23:38:55,led_sone,false
1128951,06-14416-99933,EBAY,,167682123056,WSLR200BM+WCWODVBM+ICST64E27,1,22.89,22.89,2026-03-24 23:38:55,led_sone,false
1128953,27-14386-56306,EBAY,,267213772077,5IP2010,1,6.17,6.49,2026-03-24 23:47:22,electricalsone,false
1128956,14-14405-29597,EBAY,,317996952115,LDMC35E1445PK,1,19.22,20.89,2026-03-24 23:57:29,so_926407,false
1128966,10-14410-92093,EBAY,,336122414242,LSTL260BG2PK+RPR44WH2PK,1,21.79,21.79,2026-03-25 00:22:48,lighting_sone,false
1128967,10-14410-92096,EBAY,,164004516812,LDMT45E274,1,5.49,5.49,2026-03-25 00:22:51,led_sone,false
1128968,10-14410-92096,EBAY,,164004516812,LDMST64B2243PK,1,11.89,11.89,2026-03-25 00:22:51,led_sone,false
1128972,22-14393-89263,EBAY,,162553025729,LDMC35E1422PK,1,6.64,6.99,2026-03-25 01:00:41,led_sone,false
1128975,14-14405-64237,EBAY,,267357327442,LSFT220CO+RPR44WH,1,11.89,11.89,2026-03-25 01:40:11,electricalsone,false
1128976,03-14421-59099,EBAY,,266630626996,WCB7WH+RPR44WH,1,8.54,8.99,2026-03-25 01:56:29,electricalsone,false
1129018,19-14398-94782,EBAY,,162799417330,12IP20240,1,21.75,22.89,2026-03-25 05:30:03,led_sone,false
1129022,12-14409-21105,EBAY,,161782384942,12UK3P2A,1,7.89,7.89,2026-03-25 05:59:02,led_sone,false
1129023,17-14401-75847,EBAY,,165176016224,CRSF100CH+LHNSE27CH+SCRN70CH+LSFT220CH,2,29.74,15.66,2026-03-25 05:56:44,led_sone,false
1129024,01-14425-71329,EBAY,,163844479887,PSOS2WHBWH,1,7.99,7.99,2026-03-25 06:06:26,led_sone,false
1129040,15-14404-83813,EBAY,,167943788384,CERU36150YE,1,3.99,1.49,2026-03-25 07:04:43,led_sone,false
1129041,04-14420-94360,EBAY,,266984735032,LDMST64B2282PK,1,10.44,10.99,2026-03-25 07:05:08,electricalsone,false
1129045,04-14420-96186,EBAY,,163844479887,PSOS2WHBWH,1,7.99,7.99,2026-03-25 07:16:33,led_sone,false
1129047,22-14394-85524,EBAY,,265660312613,ENC623,1,41.30,45.89,2026-03-25 07:32:58,electricalsone,false
1129048,13-14408-14616,EBAY,,304868916792,LDMG95E274,1,6.04,6.49,2026-03-25 07:39:57,coventrylights,false
1129058,19-14399-29634,EBAY,,313614826183,CL3RRO,3,13.65,3.68,2026-03-25 08:01:50,so_926407,false
1129066,11-14410-81358,EBAY,,335680616357,LDMT185E2743PK,1,10.89,10.89,2026-03-25 08:25:25,lighting_sone,false
1129074,24-14406-82112,EBAY,,255943163525,CRSF100GB,2,9.66,5.09,2026-03-25 08:42:20,vintageinterior,false
1129075,02-14424-24924,EBAY,,267120297665,LDMG95E278APK,1,45.74,44.98,2026-03-25 08:48:54,electricalsone,false
1129076,05-14420-07544,EBAY,,163715641938,SWTB3GBM,1,5.49,5.49,2026-03-25 08:47:54,led_sone,false
1129080,24-14406-84588,EBAY,,317593252015,TSLCQA15WH,1,8.58,5.99,2026-03-25 08:54:53,so_926407,false
1129081,13-14408-28857,EBAY,,163617109673,LSFT220WH+RPR44WH,2,17.08,8.99,2026-03-25 08:59:22,led_sone,false
1129087,20-14397-82547,EBAY,,256072113798,CRFF75SN+LHTKE27SN,1,9.89,9.89,2026-03-25 09:06:02,vintageinterior,false
1129088,22-14395-02382,EBAY,,162700320214,CL3RBWAPK,1,25.89,25.89,2026-03-25 09:06:19,led_sone,false
1129104,19-14399-46362,EBAY,,266217350886,WCB4WH+RPR44WH,1,9.89,9.89,2026-03-25 09:29:17,electricalsone,false
1129105,17-14402-19629,EBAY,,166814131457,WBMG2030WH,1,7.87,7.87,2026-03-25 09:24:22,led_sone,false
1129108,18-14400-88986,EBAY,,317030316794,CL3TGD2PK,1,8.58,5.99,2026-03-25 09:31:40,so_926407,false
1129109,04-14421-22276,EBAY,,304785656245,LSMS320BI+RPR44WH,1,12.97,13.65,2026-03-25 09:37:07,coventrylights,false
1129123,24-14406-95191,EBAY,,163434903826,LHSHE27CH,1,5.49,5.49,2026-03-25 09:45:55,led_sone,false
1129124,14-14406-72222,EBAY,,167761716276,LDMG125E278,1,8.99,8.99,2026-03-25 09:46:12,led_sone,false
1129125,26-14389-23612,EBAY,,164588494807,LDMG125E2783PK,1,17.89,17.89,2026-03-25 09:49:15,led_sone,false
1129128,06-14418-51275,EBAY,,305682162344,LSFT220RE+RPR44WH,2,17.08,8.99,2026-03-25 09:54:57,coventrylights,false
1129133,16-14403-85405,EBAY,,254886123331,CRSF100RO,1,5.09,5.09,2026-03-25 10:02:35,vintageinterior,false
1129134,05-14420-22855,EBAY,,317527029368,WBERT29RE3PK,1,6.50,6.99,2026-03-25 10:02:05,so_926407,false
1129139,16-14403-88806,EBAY,,335739191337,LHSHE27CO,1,5.74,5.74,2026-03-25 10:17:16,lighting_sone,false
1129140,13-14408-45342,EBAY,,266107802974,CRSF100SN+WSNW170SN+LSDO210BS,3,44.52,15.96,2026-03-25 10:16:34,electricalsone,false
1129144,20-14397-97928,EBAY,,267289062957,CRSF100GB+PHUP1PBRGB,1,10.44,10.99,2026-03-25 10:21:51,electricalsone,false
1129145,23-14393-82474,EBAY,,164492030061,CL2TCR,2,4.18,2.09,2026-03-25 10:28:55,led_sone,false
1129146,23-14393-82474,EBAY,,164492030061,CL2TBM,2,5.60,2.80,2026-03-25 10:28:55,led_sone,false
1129150,25-14390-89711,EBAY,,162562112782,24IP20200,1,18.99,19.99,2026-03-25 10:36:00,led_sone,false
1129151,27-14388-12916,EBAY,,315379102143,LDMG95E274,1,9.53,6.99,2026-03-25 10:34:15,so_926407,false
1129156,24-14407-08898,EBAY,,333792449020,PLADBM,1,45.79,45.79,2026-03-25 10:44:32,re6865,false
1129157,12-14409-82414,EBAY,,335168193468,WBMG2030WH,1,8.89,8.89,2026-03-25 10:44:47,re6865,false
1129158,27-14388-16958,EBAY,,167623019079,CRFF140BM+WSWH135BM+LSDO210BC,4,60.08,16.69,2026-03-25 10:50:58,led_sone,false
1129162,11-14411-12748,EBAY,,315544614135,FCBDVAP3PK,2,21.12,9.99,2026-03-25 10:51:40,so_926407,false
1129163,13-14408-55971,EBAY,,163585361443,24IP6750,2,29.78,14.89,2026-03-25 11:00:19,led_sone,false
1129164,13-14408-55971,EBAY,,163585361443,24IP67100,6,131.34,21.89,2026-03-25 11:00:19,led_sone,false
1129165,13-14408-55971,EBAY,,163585361443,24IP6760,2,33.78,16.89,2026-03-25 11:00:19,led_sone,false
1129166,13-14408-55971,EBAY,,163585361443,24IP67120,2,47.78,23.89,2026-03-25 11:00:19,led_sone,false
1129167,13-14408-55971,EBAY,,163585361443,24IP67150,1,29.89,29.89,2026-03-25 11:00:19,led_sone,false
1129173,10-14412-46994,EBAY,,336107141493,PSHYOS4WRWH+CBMP140WH,1,13.89,13.89,2026-03-25 11:10:33,lighting_sone,false
1129183,19-14399-72673,EBAY,,316348085364,LSRP260YB+RPR44WH,1,15.71,16.89,2026-03-25 11:19:36,so_926407,false
1129184,26-14389-43899,EBAY,,164492030061,CL2TBR,2,5.98,2.99,2026-03-25 11:13:22,led_sone,false
1129189,05-14420-42756,EBAY,,266027916399,LHBRE27BM3PK,1,10.44,10.99,2026-03-25 11:22:15,electricalsone,false
1129190,13-14408-63891,EBAY,,254046877476,CCBKNWE18,5,31.00,6.89,2026-03-25 11:30:16,vintageinterior,false
1129205,12-14409-98717,EBAY,,267521014652,CERU36150GR,1,4.69,4.69,2026-03-25 11:45:59,electricalsone,false
1129213,04-14421-56895,EBAY,,305682162344,LSCY290GR+RPR44WH,1,14.15,14.89,2026-03-25 11:55:23,coventrylights,false
1129214,06-14418-83012,EBAY,,164070038157,WCB2BS+RPR44WH,3,25.08,8.99,2026-03-25 11:58:24,led_sone,false
1129222,18-14401-28718,EBAY,,266095194768,PSDS2RBR+LHSHE27CO,1,14.00,10.99,2026-03-25 12:08:13,electricalsone,false
1129227,20-14398-31047,EBAY,,165561143431,LSCY290GY,3,41.52,14.89,2026-03-25 12:19:14,led_sone,false
1129231,09-14414-22172,EBAY,,314148529895,12UK3P2A+CODCCR,1,10.47,7.98,2026-03-25 12:18:23,so_926407,false
1129232,17-14402-63537,EBAY,,317030316794,CL3TWH2PK,1,8.11,5.49,2026-03-25 12:16:29,so_926407,false
1129242,06-14418-89876,EBAY,,304786418809,WCVCBC+RPR44WH,1,7.78,8.37,2026-03-25 12:20:39,coventrylights,false
1129245,06-14418-93214,EBAY,,163844479887,PSOS2BMBBM,1,9.99,9.99,2026-03-25 12:31:16,led_sone,false
1129253,22-14395-58929,EBAY,,164636015985,5IP20100,1,13.89,13.89,2026-03-25 12:44:44,led_sone,false
1129254,22-14395-58929,EBAY,,164636015985,5IP2050,1,8.49,8.49,2026-03-25 12:44:44,led_sone,false
1129255,05-14420-67981,EBAY,,163762861896,LHSBE27BM,1,4.99,4.99,2026-03-25 12:46:13,led_sone,false
1129263,01-14426-68580,EBAY,,265660312567,12BO48,1,13.76,15.29,2026-03-25 12:54:48,electricalsone,false
1129264,03-14423-15715,EBAY,,256005486252,HRE2738WH2PK,1,5.39,5.39,2026-03-25 13:00:26,vintageinterior,false
1129274,25-14391-43833,EBAY,,266188024144,12IP6715,1,7.89,7.89,2026-03-25 13:34:39,electricalsone,false
1129275,03-14423-18211,EBAY,,305698723917,LDMST64E274,1,6.99,6.99,2026-03-25 13:07:41,coventrylights,false
1129280,11-14411-55388,EBAY,,168042902689,CRSF2003BM+LHTMGU10BM3PK+LDGU10CW53PK,1,21.89,21.89,2026-03-25 13:13:12,led_sone,false
1129286,15-14405-76670,EBAY,,335742953763,PSDS2RBM,2,21.78,10.89,2026-03-25 13:27:10,lighting_sone,false
1129287,01-14426-78399,EBAY,,164823825387,CRSF100BM+LHLFE27BM+LSDO210RR+ICST64E27,1,17.95,18.89,2026-03-25 13:22:49,led_sone,false
1129288,03-14423-25459,EBAY,,167833569765,WCCYSP160GD+RPR44WH,1,11.49,11.49,2026-03-25 13:27:47,led_sone,false
1129296,05-14420-84838,EBAY,,267213772077,24IP20722PK,1,17.82,17.82,2026-03-25 13:33:57,electricalsone,false
1129297,05-14420-84838,EBAY,,267213772077,12IP20402PK,2,26.40,13.20,2026-03-25 13:33:57,electricalsone,false
1129298,25-14391-43833,EBAY,,266188024144,12IP6715,1,7.89,7.89,2026-03-25 13:34:39,electricalsone,false
1129299,06-14419-15434,EBAY,,164554946630,LHRIE14WH,1,5.99,5.99,2026-03-25 13:34:50,led_sone,false
1129314,14-14407-44326,EBAY,,166385089577,ENC5062,1,54.89,54.89,2026-03-25 13:52:10,led_sone,false
1129322,04-14422-01654,EBAY,,315452975221,WCCYSP160BM2PK+RPR44WH2PK,1,15.79,16.98,2026-03-25 14:05:55,so_926407,false
1129333,01-14427-01141,EBAY,,164942250673,CL3RGD,2,6.24,3.29,2026-03-25 14:23:10,led_sone,false
1129334,18-14401-77601,EBAY,,164261730528,12BO48,1,14.15,14.89,2026-03-25 14:26:14,led_sone,false
1129340,19-14400-40200,EBAY,,163359416713,HLSC96BM,3,6.66,2.39,2026-03-25 14:38:34,led_sone,false
1129341,15-14406-04070,EBAY,,166580637348,LSCO360WH+RPR44WH,1,14.29,14.29,2026-03-25 14:38:29,led_sone,false
1129342,11-14411-87963,EBAY,,162562112782,12IP2060,1,10.35,10.89,2026-03-25 14:39:00,led_sone,false
1129353,27-14389-01099,EBAY,,126295603348,CKTBDRSBM,1,8.69,8.69,2026-03-25 15:00:18,dctransformer,false
1129363,20-14398-90951,EBAY,,266196207353,PSOS2BMB14BM,1,8.27,8.89,2026-03-25 15:01:41,electricalsone,false
1129364,13-14409-39067,EBAY,,266307096669,ENC1966,1,19.78,19.78,2026-03-25 15:03:41,electricalsone,false
1129365,11-14412-02687,EBAY,,164492030061,CL3TGD,3,9.87,3.29,2026-03-25 15:14:44,led_sone,false
1129374,25-14391-82296,EBAY,,315702425353,LHSHE27CO,1,6.36,6.69,2026-03-25 15:12:43,so_926407,false
1129375,11-14412-02687,EBAY,,164492030061,CL3TGL,4,13.16,3.29,2026-03-25 15:14:44,led_sone,false
1129380,12-14410-78001,EBAY,,304798697745,WCDTGD+RPR44WH,11,100.10,10.12,2026-03-25 15:22:03,coventrylights,false
1129381,14-14407-84579,EBAY,,163225741603,CO125ACL5PK,1,5.49,5.49,2026-03-25 15:29:07,led_sone,false
1129386,21-14397-34867,EBAY,,126570020232,WLWOCPBM+ICST64E27,4,69.40,19.28,2026-03-25 15:36:11,dctransformer,false
1129387,14-14407-89247,EBAY,,304806215764,CRSF100BM+WSTR135BM+LSCY210BG,2,30.54,16.08,2026-03-25 15:40:24,coventrylights,false
1129388,15-14406-29937,EBAY,,267340970424,CL2TBR3PK,1,4.86,4.86,2026-03-25 15:38:47,electricalsone,false
1129403,08-14416-37820,EBAY,,166088838482,CSBE4WLBM,2,15.98,7.99,2026-03-25 15:55:31,led_sone,false
1129404,08-14416-37820,EBAY,,166088838482,CSBE4WMBM,1,7.99,7.99,2026-03-25 15:55:31,led_sone,false
1129408,24-14408-23460,EBAY,,316366651624,LSMS320BG+RPR44WH,1,13.94,14.99,2026-03-25 16:08:42,so_926407,false
1129409,02-14425-64964,EBAY,,313722975439,LDSG125LOE274,1,10.22,10.99,2026-03-25 16:07:37,so_926407,false
1129416,24-14408-24428,EBAY,,164261730528,12BO18,1,7.88,8.29,2026-03-25 16:11:04,led_sone,false
1129417,16-14405-14808,EBAY,,164672130159,CRSF100BM+PHSH1PBRBM+LSMS320BI,2,37.40,19.69,2026-03-25 16:19:36,led_sone,false
1129429,01-14427-51715,EBAY,,163445610793,CL3TBKAPK,2,47.28,24.89,2026-03-25 16:22:06,led_sone,false
1129449,26-14390-63560,EBAY,,166814131457,WBMG2030WH,1,7.87,7.87,2026-03-25 16:38:27,led_sone,false
1129455,22-14396-55426,EBAY,,163126352418,CL3RBW,2,5.86,3.09,2026-03-25 16:46:49,led_sone,false
1129456,10-14413-72762,EBAY,,315562857938,CCGNNSWE48,1,10.70,11.89,2026-03-25 16:49:23,so_926407,false
1129459,13-14409-87480,EBAY,,254838694420,CRSF100BM+LHTTE27BM,1,8.29,8.29,2026-03-25 16:56:04,vintageinterior,false
1129460,06-14420-00798,EBAY,,315702425353,LHSHE27BY,1,5.36,5.64,2026-03-25 16:59:30,so_926407,false
1129461,21-14397-67615,EBAY,,164650149128,CL3RBT3PK,1,8.36,8.99,2026-03-25 16:54:27,led_sone,false
1129462,17-14403-73760,EBAY,,167360433952,PLADBM+ICST64E27603PK,1,53.89,53.89,2026-03-25 16:56:41,led_sone,false
1129463,15-14406-60456,EBAY,,265750044855,CL2RGD,1,2.75,2.89,2026-03-25 16:51:02,electricalsone,false
1129467,19-14401-02364,EBAY,,265973613329,CO125ACL5PK,1,5.99,5.99,2026-03-25 17:04:25,electricalsone,false
1129468,26-14390-76655,EBAY,,267213906251,CCBKNWE32PK,1,5.69,5.99,2026-03-25 17:08:24,electricalsone,false
1129478,06-14420-05748,EBAY,,164132412290,CCBKNWE48,6,53.40,9.89,2026-03-25 17:11:07,led_sone,false
1129479,15-14406-69568,EBAY,,166871105790,STND182WH2PK,1,7.99,7.99,2026-03-25 17:11:28,led_sone,false
1129480,13-14409-94872,EBAY,,168209967467,SPPGUK3PBR6PK,1,11.58,8.69,2026-03-25 17:13:07,led_sone,false
1129481,25-14392-36131,EBAY,,163676435473,CRSF2003BB,1,8.89,8.89,2026-03-25 17:18:21,led_sone,false
1129482,13-14409-97311,EBAY,,164914367042,5IP2028,1,5.49,5.49,2026-03-25 17:19:00,led_sone,false
1129493,05-14421-80514,EBAY,,266726121290,LHSHE27BN,1,5.22,5.49,2026-03-25 17:23:29,electricalsone,false
1129501,20-14399-56458,EBAY,,316624763893,LSMCSQWYRE+RPM40WH,2,35.88,18.89,2026-03-25 17:35:22,so_926407,false
1129502,25-14392-41596,EBAY,,164851186364,WJB2,1,5.89,5.89,2026-03-25 17:31:36,led_sone,false
1129503,17-14403-91790,EBAY,,165559546702,CRSF100BM,1,5.79,5.79,2026-03-25 17:39:27,led_sone,false
1129506,14-14408-42844,EBAY,,256487880217,WCWDBM+RPR44WH,3,22.74,8.15,2026-03-25 17:47:37,vintageinterior,false
1129514,16-14405-54531,EBAY,,164046479684,PSDS4BMRRO,1,12.25,12.89,2026-03-25 17:53:11,led_sone,false
1129515,20-14399-65488,EBAY,,167513989613,BS6S8033ML,1,20.89,20.89,2026-03-25 17:56:51,led_sone,false
1129529,26-14390-98986,EBAY,,164261730528,12BO18,5,37.30,8.29,2026-03-25 18:02:00,led_sone,false
1129547,09-14415-68202,EBAY,,304808725202,LDMT45E274,4,19.84,5.51,2026-03-25 18:22:11,coventrylights,false
1129549,08-14417-02528,EBAY,,335667917089,CRSF100BM+LHNSE27BY+LSFT220BL+ICST64E27,1,15.89,15.89,2026-03-25 18:27:02,lighting_sone,false
1129552,21-14398-11584,EBAY,,166885607799,WLHSBMSW10,1,21.61,23.49,2026-03-25 18:36:17,led_sone,false
1129553,04-14423-18597,EBAY,,163880077960,CRFF100BM+WSLS155GB+WCDCBC,2,31.90,16.79,2026-03-25 18:37:31,led_sone,false
1129560,11-14412-93832,EBAY,,165443367091,PLADBM+LSDO210BG3PK,1,40.63,42.77,2026-03-25 18:42:03,led_sone,false
1129569,25-14392-88668,EBAY,,163205266658,CCBKNWE12,1,5.89,5.89,2026-03-25 19:09:16,led_sone,false
1129570,12-14411-79235,EBAY,,165397658552,CRSF100SN+CL3TGY+LHSHE27SN,3,28.71,10.29,2026-03-25 19:07:18,led_sone,false
1129571,15-14407-24891,EBAY,,267236102729,LDCWE2718,1,5.99,5.99,2026-03-25 19:07:58,electricalsone,false
1129573,03-14424-73649,EBAY,,317975871592,WCRTBR+RPR44WH,2,20.76,11.29,2026-03-25 19:06:46,so_926407,false
1129581,23-14395-90979,EBAY,,333796081320,PLADBC+LSCY210BC3PK+ICST64E273PK,1,48.41,53.79,2026-03-25 19:21:53,re6865,false
1129582,14-14408-93061,EBAY,,316842240329,CL2RBK,3,9.57,3.19,2026-03-25 19:25:38,so_926407,false
1129583,14-14408-93061,EBAY,,316842240329,CL2TBK,3,9.57,3.19,2026-03-25 19:25:38,so_926407,false
1129584,14-14408-93061,EBAY,,316842240329,CL2RBR,3,9.57,3.19,2026-03-25 19:25:38,so_926407,false
1129588,20-14400-15987,EBAY,,161801433078,LDSG95DIE2743PK,1,24.29,24.29,2026-03-25 19:34:12,led_sone,false
1129603,21-14398-55512,EBAY,,334146919949,PLWEBM+PHHT1PBRBM+WCBNBM,2,43.70,23.00,2026-03-25 19:59:15,re6865,false
1129604,12-14412-01937,EBAY,,304786539454,LDMG125E278,1,8.06,8.67,2026-03-25 19:51:38,coventrylights,false
1129607,21-14398-55786,EBAY,,164004516812,LDMC35E142,1,4.99,4.99,2026-03-25 19:59:55,led_sone,false
1129615,06-14420-92911,EBAY,,164666761396,LSMS320GY+RPR44WH,1,12.87,13.99,2026-03-25 20:12:06,led_sone,false
1129617,26-14391-64348,EBAY,,256487880217,WCWDBM+RPR44WH,3,22.74,8.15,2026-03-25 20:13:12,vintageinterior,false
1129627,11-14413-45156,EBAY,,265660312527,PSDS2RBR,2,21.78,10.89,2026-03-25 20:24:12,electricalsone,false
1129628,11-14413-45156,EBAY,,266193434290,LHETB22GD,2,10.98,5.49,2026-03-25 20:24:12,electricalsone,false
1129634,25-14393-27976,EBAY,,165405860182,CL3TBM5PK,1,12.25,12.89,2026-03-25 20:33:43,led_sone,false
1129635,09-14416-34177,EBAY,,163693940389,CBSF120,1,5.49,5.49,2026-03-25 20:33:57,led_sone,false
1129650,04-14423-85186,EBAY,,164046479684,PSDS4BMRBW,2,24.48,12.89,2026-03-25 20:55:09,led_sone,false
1129662,14-14409-37329,EBAY,,165584303790,CL3THE,1,4.19,4.19,2026-03-25 21:08:33,led_sone,false
1129675,18-14403-59929,EBAY,,167767060261,ENC6176,2,35.28,18.57,2026-03-25 21:16:24,led_sone,false
1129684,07-14419-69412,EBAY,,165201467647,12IP2060,1,10.89,10.89,2026-03-25 21:23:30,led_sone,false
1129685,10-14415-00301,EBAY,,167874397098,LDCWA60HB2296PK,1,6.49,6.49,2026-03-25 21:29:51,led_sone,false
1129689,16-14406-57964,EBAY,,267073162939,LDMST64E2743PK,1,12.44,13.09,2026-03-25 21:39:17,electricalsone,false
1129690,16-14406-55581,EBAY,,163964665683,12UK3P10A,1,16.14,16.99,2026-03-25 21:32:51,led_sone,false
1129691,04-14423-99435,EBAY,,306775083918,ENC9386,1,41.75,44.89,2026-03-25 21:31:55,coventrylights,false
1129692,10-14415-02691,EBAY,,304920445661,LDMST64B224,1,5.48,6.09,2026-03-25 21:36:12,coventrylights,false
1129694,12-14412-45779,EBAY,,305541421379,CL2TBR4PK,1,9.47,9.97,2026-03-25 21:41:26,coventrylights,false
1129695,06-14421-29959,EBAY,,304809688000,CNP1000RO3PK,1,16.64,17.89,2026-03-25 21:46:22,coventrylights,false
1129705,17-14405-07132,EBAY,,123936254662,PSOS4RGD+LHSHE27YB,1,13.71,13.71,2026-03-25 21:55:39,dctransformer,false
1129706,13-14411-20409,EBAY,,163163139150,LHC1E27WH,2,9.48,4.99,2026-03-25 21:53:38,led_sone,false
1129711,13-14411-24311,EBAY,,267068731282,12IP6715,2,14.98,7.89,2026-03-25 22:04:30,electricalsone,false
1129712,11-14413-84412,EBAY,,165261757862,ENC2435,1,14.78,15.89,2026-03-25 22:06:47,led_sone,false
1129715,23-14396-63285,EBAY,,163141938615,CL2RAG,2,10.17,3.57,2026-03-25 22:20:12,led_sone,false
1129724,02-14427-30913,EBAY,,304843914711,CRSF1202BM+PHHRE2HETHE2PK+SPHEBM2PK,3,64.77,23.99,2026-03-25 22:25:25,coventrylights,false
1129733,02-14427-38568,EBAY,,305715611096,WCFWROCO2PK+RPR44WH2PK,1,17.95,18.89,2026-03-25 22:48:33,coventrylights,false
1129744,10-14415-37502,EBAY,,167438955171,TPHTTN2PBRBM+WCB7WH+ICST64E27,1,22.89,22.89,2026-03-25 23:19:33,led_sone,false
1129745,10-14415-37502,EBAY,,167438955171,TPHTTN2PBRBM+WCB7BS+ICST64E27,1,22.89,22.89,2026-03-25 23:19:33,led_sone,false
1129746,16-14406-91264,EBAY,,306695180879,24IP6730,1,11.06,11.89,2026-03-25 23:17:51,coventrylights,false
1129752,05-14423-36175,EBAY,,304785678278,LDMST64B2243PK,1,11.26,8.89,2026-03-25 23:35:35,coventrylights,false
1129758,26-14392-42310,EBAY,,317527029368,WBERT29RE2PK,1,5.57,5.99,2026-03-25 23:51:16,so_926407,false
1129762,23-14397-00519,EBAY,,164676535219,WCDTWH+RPR44WH,1,10.89,10.89,2026-03-26 00:16:22,led_sone,false
1129775,14-14410-14459,EBAY,,164132412290,CCBKNWE48,1,9.89,9.89,2026-03-26 00:58:48,led_sone,false
1129776,08-14418-55509,EBAY,,256517395296,LDMT45B224,1,5.49,5.49,2026-03-26 00:51:58,vintageinterior,false
1129779,07-14420-46197,EBAY,,164914367042,24IP2072,1,10.89,10.89,2026-03-26 01:12:44,led_sone,false
1129782,11-14414-51558,EBAY,,267340970424,CL3THE3PK,1,4.95,4.95,2026-03-26 01:32:11,electricalsone,false
1129785,03-14426-30142,EBAY,,123015211066,CL2TBM,1,2.89,2.89,2026-03-26 02:10:11,dctransformer,false
1129828,12-14413-84751,EBAY,,167513989613,BS6S8033PI,1,20.89,20.89,2026-03-26 06:26:07,led_sone,false
1129830,19-14403-71794,EBAY,,265660405706,LHDHE27BN,1,6.99,6.99,2026-03-26 07:07:42,electricalsone,false
1129839,07-14421-24506,EBAY,,164688514713,CRSF100HRO+PSDS4BPB+WSNW170RO+LSDM220RO,1,19.22,20.89,2026-03-26 07:24:40,led_sone,false
1129840,11-14415-23009,EBAY,,267340970424,CL3TBW3PK,1,4.27,4.27,2026-03-26 07:24:00,electricalsone,false
1129843,04-14425-53833,EBAY,,124270366365,PLHIBM,3,126.39,44.82,2026-03-26 07:39:56,dctransformer,false
1129844,07-14421-26216,EBAY,,163434903826,LHSHE27BA,2,8.00,4.00,2026-03-26 07:35:05,led_sone,false
1129845,07-14421-26216,EBAY,,164942250673,CL3RGY,1,3.29,3.29,2026-03-26 07:35:05,led_sone,false
1129850,15-14409-43229,EBAY,,256069710691,ENC3291,2,33.90,17.85,2026-03-26 07:49:54,vintageinterior,false
1129851,23-14398-00847,EBAY,,267068731282,12IP6720,1,10.99,10.99,2026-03-26 07:49:07,electricalsone,false
1129852,23-14398-00847,EBAY,,267068731282,12IP6710,3,23.67,7.89,2026-03-26 07:49:07,electricalsone,false
1129853,22-14399-38736,EBAY,,313614826183,CL3RGR,4,13.60,2.77,2026-03-26 07:44:56,so_926407,false
1129854,15-14409-43228,EBAY,,306823932137,CRSF100BC+PHCH1PBRBC+LSCY290BC+ICST64E27,1,20.36,21.89,2026-03-26 07:49:51,coventrylights,false
1129858,01-14430-51119,EBAY,,266188024005,CCBKNWE25,1,7.78,8.19,2026-03-26 08:05:37,electricalsone,false
1129874,09-14418-18377,EBAY,,164942250673,CL2RBR,2,5.68,2.99,2026-03-26 08:21:59,led_sone,false
1129876,23-14398-09039,EBAY,,166510522794,FCBSMBL,1,3.89,3.89,2026-03-26 08:36:57,led_sone,false
1129883,19-14403-89292,EBAY,,163844479887,PSOS2BMB14BM,1,8.49,8.49,2026-03-26 08:50:53,led_sone,false
1129888,01-14430-59467,EBAY,,335680616357,LDMG125E2783PK,1,20.89,20.89,2026-03-26 08:52:24,lighting_sone,false
1129892,24-14411-36257,EBAY,,163008902707,12IP6715,1,7.50,7.89,2026-03-26 09:04:17,led_sone,false
1129893,01-14430-62344,EBAY,,165289623964,CCBC7,2,10.42,5.49,2026-03-26 09:07:35,led_sone,false
1129896,12-14414-14064,EBAY,,266213382068,CRSF100BM+PHCH1BMRBM+LSCY290GR+ICST64E27,4,71.96,19.99,2026-03-26 09:19:36,electricalsone,false
1129897,01-14430-65672,EBAY,,164554946630,LHRIE14WH,1,5.99,5.99,2026-03-26 09:24:17,led_sone,false
1129901,03-14427-14789,EBAY,,257271528257,RBCRSF100BM+RBWSST70BM+RBLSFT220GS,2,20.68,10.89,2026-03-26 09:44:19,vintageinterior,false
1129902,21-14400-69173,EBAY,,164500778155,WCDTBM+RPR44WH,1,10.13,10.89,2026-03-26 09:43:05,led_sone,false
1129913,01-14430-76868,EBAY,,163984077854,PLTTBS+LSOL180BS+ICST64E2740,1,27.89,27.89,2026-03-26 10:17:09,led_sone,false
1129922,24-14411-56535,EBAY,,161801433078,LDSG95DIE274,1,6.99,6.99,2026-03-26 10:38:57,led_sone,false
1129923,07-14421-61689,EBAY,,164636015985,12IP2060,1,10.35,10.89,2026-03-26 10:36:44,led_sone,false
1129926,16-14408-44789,EBAY,,315506602283,12UK3P2A+SLW4,1,11.43,8.99,2026-03-26 10:44:48,so_926407,false
1129930,12-14414-36759,EBAY,,123770992315,LHSHE27GB,2,9.96,5.19,2026-03-26 11:01:10,dctransformer,false
1129935,26-14393-90271,EBAY,,254831755121,CL3TAG,2,5.44,2.87,2026-03-26 11:03:37,vintageinterior,false
1129936,15-14409-82328,EBAY,,266196406229,CRFF75BA,1,4.74,4.99,2026-03-26 11:02:10,electricalsone,false
1129940,15-14409-85075,EBAY,,253177330999,5IP2025,1,6.64,6.99,2026-03-26 11:13:32,vintageinterior,false
1129948,03-14427-45319,EBAY,,267213772077,12IP2040,1,8.54,8.99,2026-03-26 11:46:04,electricalsone,false
1129949,11-14415-79490,EBAY,,164531556164,WCDCBM+RPR44WH,1,10.44,10.99,2026-03-26 11:48:07,led_sone,false
1129951,08-14419-98371,EBAY,,305715611096,WCFWROBM+RPR44WH,1,9.40,9.89,2026-03-26 11:50:55,coventrylights,false
1129955,07-14421-86079,EBAY,,266095194768,PSDS2RBR+LHSHE27FG,1,10.99,10.99,2026-03-26 12:05:04,electricalsone,false
1129956,24-14411-81326,EBAY,,162562112782,12IP20180,1,17.38,18.29,2026-03-26 12:07:53,led_sone,false
1129962,20-14402-79648,EBAY,,164261730528,12BO18,2,15.74,8.29,2026-03-26 12:11:31,led_sone,false
1129963,20-14402-79790,EBAY,,164965628756,COY9ABM2PK,1,9.69,9.69,2026-03-26 12:11:58,led_sone,false
1129964,21-14401-09899,EBAY,,164725952794,CRSF100WH+PHUP1PWRWH,1,10.44,10.99,2026-03-26 12:19:17,led_sone,false
1129965,19-14404-40379,EBAY,,162562112782,12IP20360,6,118.74,21.99,2026-03-26 12:19:26,led_sone,false
1129966,09-14418-75083,EBAY,,166353979583,LDCCE2715,8,49.61,6.49,2026-03-26 12:20:29,led_sone,false
1129970,11-14415-90573,EBAY,,162874153468,CCBC12,1,5.99,5.99,2026-03-26 12:25:02,led_sone,false
1129971,06-14423-46286,EBAY,,164914367042,5IP2050,1,8.49,8.49,2026-03-26 12:33:13,led_sone,false
1129972,08-14420-11382,EBAY,,163387606661,HLLK100BM,1,5.49,5.49,2026-03-26 12:34:21,led_sone,false
1129973,15-14410-10541,EBAY,,164132412290,CCBKNWE48,4,35.60,9.89,2026-03-26 12:37:52,led_sone,false
1129974,09-14418-80665,EBAY,,165479339052,CRSF100FG+PHBK1PBRFG+ICST64E27,1,13.89,13.89,2026-03-26 12:39:01,led_sone,false
1129975,25-14395-71072,EBAY,,314666176316,WCB2BM+RPR44WH,1,7.43,7.99,2026-03-26 12:30:49,so_926407,false
1129980,24-14411-92296,EBAY,,161782384942,12UK3P1A,1,6.99,6.99,2026-03-26 12:43:53,led_sone,false
1129981,07-14421-98488,EBAY,,165902994694,LDMST64E274,1,5.49,5.49,2026-03-26 12:46:13,led_sone,false
1129998,24-14411-94445,EBAY,,167943863245,TSTS25WH,4,9.10,2.39,2026-03-26 12:50:55,led_sone,false
1130000,17-14407-30910,EBAY,,313636923060,LDMT45E274,2,14.28,5.99,2026-03-26 13:08:27,so_926407,false
1130001,02-14429-43908,EBAY,,256004333819,LHC5E27WH3PK,1,9.29,9.29,2026-03-26 13:04:08,vintageinterior,false
1130002,17-14407-30911,EBAY,,166234023813,LHBPE27BM+CGMLBM,1,4.99,4.99,2026-03-26 13:08:31,led_sone,false
1130007,08-14420-24580,EBAY,,266197864707,PSOS2BMB14BM+ICC35E1460,1,10.13,10.89,2026-03-26 13:15:21,electricalsone,false
1130008,26-14394-29130,EBAY,,166566456838,CKTBDRSBM,1,7.81,8.49,2026-03-26 13:11:35,led_sone,false
1130013,08-14420-27020,EBAY,,164914367042,12IP20302PK,1,10.29,10.29,2026-03-26 13:22:34,led_sone,false
1130016,20-14403-05406,EBAY,,164676535219,WCDTBM+RPR44WH,1,10.89,10.89,2026-03-26 13:32:12,led_sone,false
1130017,20-14403-05406,EBAY,,164676535219,WCDTGR+RPR44WH,1,10.99,10.99,2026-03-26 13:32:12,led_sone,false
1130018,20-14403-05406,EBAY,,163481444917,PHSF1BMRBY,1,10.89,10.89,2026-03-26 13:32:12,led_sone,false
1130019,12-14414-85732,EBAY,,164994632132,PLTFBC+ICST64E2740,1,20.89,20.89,2026-03-26 13:39:45,led_sone,false
1130020,10-14417-44945,EBAY,,163501123249,WCNCWH+RPR44WH,1,9.99,9.99,2026-03-26 13:40:28,led_sone,false
1130024,02-14429-59855,EBAY,,254774278446,WCDTRE+RPR44WH,1,9.89,9.89,2026-03-26 13:50:39,vintageinterior,false
1130025,02-14429-59855,EBAY,,254774278446,WCDTBM+RPR44WH,1,10.89,10.89,2026-03-26 13:50:39,vintageinterior,false
1130027,09-14419-05129,EBAY,,164851186364,WJB2,1,5.89,5.89,2026-03-26 13:52:26,led_sone,false
1130030,23-14398-96563,EBAY,,266707955061,WLRPE27BM,1,21.91,18.90,2026-03-26 14:01:32,electricalsone,false
1130031,05-14425-48581,EBAY,,266194586886,CL3TBT,1,3.68,3.68,2026-03-26 14:08:16,electricalsone,false
1130032,05-14425-48581,EBAY,,266194586886,CL3TSI,1,3.28,3.28,2026-03-26 14:08:16,electricalsone,false
1130033,25-14396-01897,EBAY,,166225683823,WLHSBMRE12,1,17.29,18.79,2026-03-26 14:02:52,led_sone,false
1130034,19-14404-75250,EBAY,,163352974182,CRFF100CO,1,5.49,5.49,2026-03-26 14:04:22,led_sone,false
1130053,15-14410-47665,EBAY,,267213906251,CCBKNWE36,1,8.54,8.99,2026-03-26 14:25:50,electricalsone,false
1130054,09-14419-16540,EBAY,,164641722881,COWP4W3CBM,1,4.99,4.99,2026-03-26 14:23:57,led_sone,false
1130055,06-14423-84075,EBAY,,165458233266,ENC52,1,17.68,18.61,2026-03-26 14:23:57,led_sone,false
1130057,10-14417-65011,EBAY,,164492030061,CL3TCR,3,6.48,2.16,2026-03-26 14:35:45,led_sone,false
1130110,10-14417-65011,EBAY,,164492030061,CL2TCR,2,4.18,2.09,2026-03-26 14:35:45,led_sone,false
1130111,03-14428-02029,EBAY,,165034430470,CRFF140GL+LHNSE27YB+SCRN70BM+LSFT220NB,1,15.54,16.89,2026-03-26 14:36:38,led_sone,false
1130116,06-14423-92598,EBAY,,162856357143,12SAN35,2,20.88,10.99,2026-03-26 14:46:37,led_sone,false
1130122,18-14406-34975,EBAY,,265660312620,LSMS320OR+RPR44WH,2,25.28,13.59,2026-03-26 14:50:52,electricalsone,false
1130123,01-14431-63837,EBAY,,267077164502,ENC2801,1,18.90,19.89,2026-03-26 14:54:15,electricalsone,false
1130124,03-14428-10823,EBAY,,317030316794,CL3TBM2PK,1,8.11,5.49,2026-03-26 14:59:50,so_926407,false
1130135,23-14399-20222,EBAY,,256002205273,LHCCE27BM+CGMLBM,1,5.49,5.49,2026-03-26 15:04:22,vintageinterior,false
1130143,23-14399-25753,EBAY,,255986858065,CGROYB5PK,1,6.19,6.19,2026-03-26 15:17:33,vintageinterior,false
1130144,24-14412-47753,EBAY,,305541421379,CL2TGD2PK,1,5.79,6.09,2026-03-26 15:17:52,coventrylights,false
1130145,06-14424-04136,EBAY,,267213772077,12IP2012,1,5.69,5.99,2026-03-26 15:15:34,electricalsone,false
1130147,18-14406-48721,EBAY,,162799417330,12IP2040,1,8.54,8.99,2026-03-26 15:25:27,led_sone,false
1130149,27-14393-60593,EBAY,,267068731282,12IP67100,1,20.80,21.89,2026-03-26 15:34:13,electricalsone,false
1130151,02-14429-98169,EBAY,,256948523089,ENC4274,1,24.60,25.89,2026-03-26 15:31:39,vintageinterior,false
1130155,14-14412-36476,EBAY,,124784769081,CCGNNSWE24,2,14.20,7.89,2026-03-26 15:43:03,dctransformer,false
1130165,21-14401-88458,EBAY,,313722975439,LDSG125LOE2743PK,1,25.01,26.89,2026-03-26 15:57:46,so_926407,false
1130166,25-14396-44185,EBAY,,266203481221,LHETB22GD,1,5.49,5.49,2026-03-26 15:53:10,electricalsone,false
1130167,25-14396-44185,EBAY,,266203481221,LHELB22GD,1,4.99,4.99,2026-03-26 15:53:10,electricalsone,false
1130172,18-14406-63349,EBAY,,168258041510,LSGL10014CL+RPM40WH,1,9.89,9.89,2026-03-26 16:02:39,led_sone,false
1130173,13-14414-12860,EBAY,,165365087205,CRSF108BM+HK10BM,1,6.99,6.99,2026-03-26 16:09:02,led_sone,false
1130174,14-14412-47123,EBAY,,164492030061,CL2TBM,1,2.80,2.80,2026-03-26 16:10:15,led_sone,false
1130175,12-14415-41506,EBAY,,304813856521,PSOS2BMBBM,1,12.19,9.89,2026-03-26 16:06:16,coventrylights,false
1130176,22-14400-83022,EBAY,,267035988245,LDSHEAE274,2,16.12,8.49,2026-03-26 16:06:03,electricalsone,false
1130184,22-14400-84934,EBAY,,315506602283,12UK3P2A,1,10.39,7.89,2026-03-26 16:10:54,so_926407,false
1130185,09-14419-60643,EBAY,,317505244460,LDMC35E1422PK,1,7.90,8.49,2026-03-26 16:17:11,so_926407,false
1130187,09-14419-60642,EBAY,,335756045469,LDMC35E142,1,4.89,4.89,2026-03-26 16:17:07,lighting_sone,false
1130192,20-14403-72347,EBAY,,164261730528,12BO28,1,10.44,10.99,2026-03-26 16:27:42,led_sone,false
1130193,16-14409-61648,EBAY,,266742973079,CL3TGD3PK,1,9.89,9.89,2026-03-26 16:23:33,electricalsone,false
1130199,22-14400-93833,EBAY,,267159248624,ENC827,1,67.79,72.89,2026-03-26 16:33:05,electricalsone,false
1130200,08-14420-98805,EBAY,,163715641938,SOTB1GTK,2,8.86,4.67,2026-03-26 16:31:38,led_sone,false
1130201,24-14412-77443,EBAY,,167833569765,WCCYSP160BM2PK+RPR44WH2PK,1,22.89,22.89,2026-03-26 16:33:00,led_sone,false
1130205,24-14412-81749,EBAY,,161802142536,LDMG95E2782PK,1,13.69,13.69,2026-03-26 16:43:52,led_sone,false
1130206,24-14412-81749,EBAY,,163681186545,LHCCE27BM+CGMLBM,3,16.47,5.49,2026-03-26 16:43:52,led_sone,false
1130207,07-14422-85889,EBAY,,333583053278,PHSF1BRRCO+LSDM220CO,2,31.86,16.77,2026-03-26 16:40:43,re6865,false
1130212,16-14409-73699,EBAY,,266194586886,CL3TBRAPK,1,23.89,23.89,2026-03-26 16:53:36,electricalsone,false
1130215,15-14411-12081,EBAY,,164070038157,WCB6BC+RPR44WH,1,9.79,9.79,2026-03-26 17:09:09,led_sone,false
1130216,27-14393-98072,EBAY,,256517395296,LDMT45B2242PK,1,8.99,8.99,2026-03-26 17:08:57,vintageinterior,false
1130217,27-14393-98072,EBAY,,256475004969,LDMG95B224,1,5.53,5.53,2026-03-26 17:08:57,vintageinterior,false
1130224,12-14415-69565,EBAY,,336024965034,SPSD78GD,2,6.97,1.79,2026-03-26 17:17:14,lighting_sone,false
1130225,27-14394-00070,EBAY,,313937488080,PLWEBC+PHHT1PBRBC+WCBNBC,1,24.49,24.49,2026-03-26 17:14:02,so_926407,false
1130226,27-14394-00070,EBAY,,313970190866,PLWPBC,3,45.96,15.32,2026-03-26 17:14:02,so_926407,false
1130228,27-14393-99057,EBAY,,265973613329,CO1210ACL5PK,1,5.99,5.99,2026-03-26 17:11:27,electricalsone,false
1130254,26-14395-33409,EBAY,,266198003811,LHELB22GD,1,7.75,4.99,2026-03-26 17:44:57,electricalsone,false
1130255,11-14417-11146,EBAY,,266196406229,CRFF75YB2PK,1,6.93,7.30,2026-03-26 17:48:09,electricalsone,false
1130261,06-14424-65952,EBAY,,267213906251,CCBKNWE362PK,1,12.92,13.60,2026-03-26 17:52:31,electricalsone,false
1130272,01-14432-40563,EBAY,,163585361443,24IP67150,1,29.89,29.89,2026-03-26 18:08:27,led_sone,false
1130273,21-14402-40487,EBAY,,166850381810,CRFF500BM+LHNDE27BM2PK+LHNSE27BM+LSDO210YE3PK,1,29.34,31.89,2026-03-26 18:09:56,led_sone,false
1130275,02-14430-60157,EBAY,,267120297665,LDMC35E1422PK,1,6.17,6.49,2026-03-26 18:09:30,electricalsone,false
1130276,02-14430-59861,EBAY,,306735062506,LSMCSPMSMC+RPR44WH,1,21.29,22.89,2026-03-26 18:08:48,coventrylights,false
1130279,17-14408-46462,EBAY,,161801433078,LDSG95DIE274,1,6.99,6.99,2026-03-26 18:11:16,led_sone,false
1130280,07-14423-21813,EBAY,,164942250673,CL3RGL,5,13.45,2.99,2026-03-26 18:12:36,led_sone,false
1130282,21-14402-43526,EBAY,,256931556919,LHELB22GD,1,5.29,5.29,2026-03-26 18:17:52,vintageinterior,false
1130283,10-14418-52591,EBAY,,316901502721,CL3RGL,1,5.39,2.69,2026-03-26 18:19:32,so_926407,false
1130287,22-14401-36110,EBAY,,336107141493,PSOS2BMTHE+CBMP140BM+ICST64E27,1,16.89,16.89,2026-03-26 18:20:55,lighting_sone,false
1130301,17-14408-57097,EBAY,,162702901154,CL2TBM,1,3.19,3.19,2026-03-26 18:33:49,led_sone,false
1130303,06-14424-88636,EBAY,,162898729481,LDMST64B228,1,6.89,6.89,2026-03-26 18:42:49,led_sone,false
1130304,07-14423-37895,EBAY,,164492030061,CL2TBM,1,2.80,2.80,2026-03-26 18:45:00,led_sone,false
1130305,06-14424-87846,EBAY,,256487880217,WCWDCH+RPR44WH,1,7.74,8.15,2026-03-26 18:41:15,vintageinterior,false
1130307,07-14423-37895,EBAY,,163481444917,LHSHE27BA,1,7.29,7.29,2026-03-26 18:45:00,led_sone,false
1130308,06-14424-88636,EBAY,,162898729481,LDMST64E278,1,8.89,8.89,2026-03-26 18:42:49,led_sone,false
1130309,07-14423-37895,EBAY,,163810344041,CRSF108BM,1,5.49,5.49,2026-03-26 18:45:00,led_sone,false
1130310,16-14410-21068,EBAY,,164962387430,WCB1BM+RPR44WH,1,9.89,9.89,2026-03-26 18:45:53,led_sone,false
1130311,01-14432-60861,EBAY,,165405860182,CL2TBM5PK,2,20.88,10.99,2026-03-26 18:49:32,led_sone,false
1130312,01-14432-59580,EBAY,,306321116499,LHPOE27BM,1,8.02,5.29,2026-03-26 18:47:11,coventrylights,false
1130324,05-14426-65552,EBAY,,164914367042,5IP2028,1,5.49,5.49,2026-03-26 18:55:13,led_sone,false
1130325,26-14395-64169,EBAY,,313970196165,CRSF100YB+WSLS170YB+LSFT220YB+ICST64E27,2,34.38,18.49,2026-03-26 18:52:10,so_926407,false
1130331,06-14425-03026,EBAY,,267295981796,CRFF75GB+LHAHE27GB,1,8.99,8.99,2026-03-26 19:10:20,electricalsone,false
1130332,06-14425-03026,EBAY,,267120297665,LDMST64E274,1,6.49,6.49,2026-03-26 19:10:20,electricalsone,false
1130341,05-14426-77159,EBAY,,316094324041,CRFF108YB+PHMU1PBRYB,1,9.29,9.99,2026-03-26 19:17:54,so_926407,false
1130342,27-14394-53895,EBAY,,255997924998,CL2TWH,1,2.89,2.89,2026-03-26 19:14:15,vintageinterior,false
1130350,06-14425-10995,EBAY,,164775055128,CL3RGR,1,3.89,3.89,2026-03-26 19:26:02,led_sone,false
1130355,23-14400-34611,EBAY,,256108411114,CRSF100BM+LHTKE27BA+WCVCBM,1,16.59,16.59,2026-03-26 19:33:17,vintageinterior,false
1130364,03-14429-35652,EBAY,,166898522941,WCCY1ROCH+LDMT45E274,2,47.28,24.89,2026-03-26 19:55:59,led_sone,false
1130366,07-14423-69204,EBAY,,124017343023,LHBBE27CH,2,10.76,5.98,2026-03-26 19:51:48,dctransformer,false
1130371,16-14410-55583,EBAY,,313462209545,LHSHE27GB,1,8.58,5.99,2026-03-26 20:01:22,so_926407,false
1130385,15-14411-98476,EBAY,,336133245139,LDWWE2725,1,5.89,5.89,2026-03-26 20:28:09,lighting_sone,false
1130386,01-14433-01028,EBAY,,163693940389,CBSF85,1,4.99,4.99,2026-03-26 20:20:56,led_sone,false
1130387,03-14429-46409,EBAY,,334006403713,12SIP67150,2,45.14,23.76,2026-03-26 20:23:33,re6865,false
1130388,19-14406-30950,EBAY,,305682162344,LSDO300BM+RPR44WH,1,13.20,13.89,2026-03-26 20:21:58,coventrylights,false
1130392,18-14407-77242,EBAY,,163809525878,HK10BM5PK,1,5.49,5.49,2026-03-26 20:31:30,led_sone,false
1130394,14-14413-60873,EBAY,,305698723917,LDMG95B224,1,5.12,5.39,2026-03-26 20:38:24,coventrylights,false
1130395,07-14423-85859,EBAY,,266188024285,HLSC96BM,6,15.48,2.87,2026-03-26 20:34:33,electricalsone,false
1130396,24-14413-81194,EBAY,,266194506296,PLTEBM+WCWYBM+ICST64E27,1,19.43,20.89,2026-03-26 20:36:52,electricalsone,false
1130397,05-14427-09322,EBAY,,266190476182,5IP2010,2,12.32,6.49,2026-03-26 20:37:50,electricalsone,false
1130404,10-14419-19963,EBAY,,267192693105,PHSF2GDTYB2PK,1,17.76,18.69,2026-03-26 20:50:09,electricalsone,false
1130414,07-14423-95886,EBAY,,163502414049,LSFT220CO+RPR44WH,1,11.89,11.89,2026-03-26 21:00:56,led_sone,false
1130415,04-14428-25594,EBAY,,305698723917,LDMG80E274,2,13.08,6.89,2026-03-26 21:08:36,coventrylights,false
1130418,10-14419-30755,EBAY,,257182922275,PHUH1HETBM+LDEG95E273,8,122.32,16.99,2026-03-26 21:19:20,vintageinterior,false
1130419,10-14419-31318,EBAY,,313792772829,PSDS2BMRGY,1,11.30,11.89,2026-03-26 21:20:47,so_926407,false
1130420,07-14424-00854,EBAY,,265664531284,CL3TBR,3,8.88,3.19,2026-03-26 21:14:31,electricalsone,false
1130421,02-14431-41030,EBAY,,164925289077,LDMT45B224,1,5.22,5.49,2026-03-26 21:15:50,led_sone,false
1130423,16-14410-85204,EBAY,,164942250673,CL3RBP,2,5.68,2.99,2026-03-26 21:19:42,led_sone,false
1130424,15-14412-15416,EBAY,,304808725202,LDMG95E278,2,13.80,7.27,2026-03-26 21:12:59,coventrylights,false
1130427,17-14409-29924,EBAY,,305715611096,WCFWROBM+RPR44WH,1,9.40,9.89,2026-03-26 21:26:05,coventrylights,false
1130428,11-14418-04953,EBAY,,305682162344,LSDO210BM+RPR44WH,1,10.14,10.67,2026-03-26 21:29:23,coventrylights,false
1130429,05-14427-26369,EBAY,,317030316794,CL3TBRAPK,1,24.64,22.89,2026-03-26 21:23:35,so_926407,false
1130430,05-14427-25461,EBAY,,163693940389,CBSF295,1,6.99,6.99,2026-03-26 21:21:01,led_sone,false
1130431,03-14429-70256,EBAY,,167645574761,CRFF100BM+WSSM40BM+WCB1BM+LDMST64E274,18,322.20,19.89,2026-03-26 21:26:46,led_sone,false
1130438,27-14395-07804,EBAY,,124091814101,CL3RGD,2,5.80,2.90,2026-03-26 21:31:20,dctransformer,false
1130439,27-14395-07804,EBAY,,124091814101,CL3RRO,2,5.20,2.60,2026-03-26 21:31:20,dctransformer,false
1130440,27-14395-07804,EBAY,,124091814101,CL3RRE,2,5.20,2.60,2026-03-26 21:31:20,dctransformer,false
1130441,27-14395-07804,EBAY,,124091814101,CL3RBD,2,5.20,2.60,2026-03-26 21:31:20,dctransformer,false
1130443,27-14395-13667,EBAY,,305698723917,LDMG95E274,1,6.49,6.49,2026-03-26 21:48:11,coventrylights,false
1130444,03-14429-76816,EBAY,,265660312592,LDMT45B224,1,5.22,5.49,2026-03-26 21:45:41,electricalsone,false
1130445,13-14415-50079,EBAY,,164006555006,LSFT220CH+RPR44WH,1,10.44,10.99,2026-03-26 21:41:14,led_sone,false
1130446,22-14402-24305,EBAY,,164023295056,ENC458,1,19.88,19.88,2026-03-26 21:50:03,led_sone,false
1130447,09-14420-98075,EBAY,,164018856168,12IP2060,1,10.35,10.89,2026-03-26 21:50:41,led_sone,false
1130454,02-14431-55876,EBAY,,164006555006,LSFT220RO+RPR44WH,1,8.95,9.42,2026-03-26 21:58:13,led_sone,false
1130459,11-14418-15935,EBAY,,316870808769,12IP20120,1,14.30,15.89,2026-03-26 22:01:18,so_926407,false
1130460,02-14431-58198,EBAY,,266190476182,12IP20200,1,20.80,21.89,2026-03-26 22:05:02,electricalsone,false
1130465,07-14424-23422,EBAY,,267574250996,WLFS220BC,1,16.89,16.89,2026-03-26 22:20:03,electricalsone,false
1130466,18-14408-15360,EBAY,,163434903826,LHSHE27BA,3,11.16,4.00,2026-03-26 22:17:41,led_sone,false
1130470,21-14403-43823,EBAY,,123461354229,LHCCE27WH+CGMLWH,5,23.00,5.42,2026-03-26 22:22:08,dctransformer,false
1130472,17-14409-52186,EBAY,,265750044855,CL2TBR,1,2.75,2.89,2026-03-26 22:31:54,electricalsone,false
1130486,04-14428-68758,EBAY,,164169967297,WJB2,1,5.89,5.89,2026-03-26 23:18:54,led_sone,false
1130495,23-14401-27873,EBAY,,304893148222,LHDHE27BN,3,19.63,5.79,2026-03-27 00:01:12,coventrylights,false
1130503,10-14420-07090,EBAY,,166202407547,CRFF75BA+LHAHE27BM+ICST64E27,1,11.21,11.80,2026-03-27 01:13:47,led_sone,false
1130505,04-14429-08064,EBAY,,166916863292,WSLR200BM,4,53.60,14.89,2026-03-27 01:20:52,led_sone,false
1130511,20-14405-80474,EBAY,,266726121290,LHSHE27CO2PK,1,9.40,9.89,2026-03-27 01:44:51,electricalsone,false
1130513,01-14434-25753,EBAY,,161782384942,12UK3P5A,2,24.48,12.89,2026-03-27 02:40:13,led_sone,false
1130514,04-14429-38116,EBAY,,164776149035,CRSF120RR,1,4.37,4.16,2026-03-27 03:02:39,led_sone,false
1130519,23-14401-91591,EBAY,,335680616357,LDMT185E274,1,5.69,5.69,2026-03-27 03:34:14,lighting_sone,false
1130552,24-14415-27859,EBAY,,163195957947,24IP6730,1,11.89,11.89,2026-03-27 04:57:56,led_sone,false
1130553,24-14415-27859,EBAY,,163195957947,24IP6750,1,14.98,14.98,2026-03-27 04:57:56,led_sone,false
1130557,21-14404-60342,EBAY,,256963300431,LSCY290RR+RPR44WH,3,40.71,14.59,2026-03-27 05:45:48,vintageinterior,false
1130571,02-14432-89277,EBAY,,167531319462,CRSF100HBM+WSWS1PHTBM+PSDS2BPB+WCDCBM,1,21.89,21.89,2026-03-27 06:43:07,led_sone,false
1130572,18-14409-42045,EBAY,,166845144128,LHSHE27BN3PK,1,13.89,13.89,2026-03-27 06:43:02,led_sone,false
1130581,27-14396-51552,EBAY,,266630626996,WCB6RR+RPR44WH,1,8.99,8.99,2026-03-27 06:52:50,electricalsone,false
1130582,27-14396-51552,EBAY,,266630626996,WCB6RR2PK+RPR44WH2PK,1,15.44,15.44,2026-03-27 06:52:50,electricalsone,false
1130589,11-14419-55291,EBAY,,255943163433,CRFF140BM,1,5.09,5.09,2026-03-27 07:27:34,vintageinterior,false
1130590,27-14396-56987,EBAY,,164912592166,LDWWE2718,1,5.49,5.49,2026-03-27 07:27:04,led_sone,false
1130591,20-14406-48308,EBAY,,267121715682,12IP6730,1,10.44,10.99,2026-03-27 07:29:18,electricalsone,false
1130596,14-14415-36133,EBAY,,304963286889,CRSF100BM+PHUP1PBRBM,2,16.88,8.89,2026-03-27 08:00:47,coventrylights,false
1130600,09-14422-48276,EBAY,,165584303790,CL2TLB,1,3.69,3.69,2026-03-27 08:08:50,led_sone,false
1130605,11-14419-63688,EBAY,,267068731282,12IP6720,1,10.44,10.99,2026-03-27 08:15:53,electricalsone,false
1130609,25-14399-43159,EBAY,,254615067143,CRSF100YB+LHNSE27YB+SCRN70YB+LSTF40YB,2,37.78,19.89,2026-03-27 08:23:01,vintageinterior,false
1130610,25-14399-43160,EBAY,,168237747960,CRSF100GB+LHNSE27GB+LSCY290GB+LDWWE2718,1,28.89,28.89,2026-03-27 08:22:57,led_sone,false
1130614,10-14420-97422,EBAY,,164891739470,CO1230ACL5PK,1,7.99,7.99,2026-03-27 08:38:42,led_sone,false
1130615,10-14420-97422,EBAY,,164891739470,CO1260ACL5PK,1,8.99,8.99,2026-03-27 08:38:42,led_sone,false
1130619,02-14433-09584,EBAY,,265683898768,LDMG125E2783PK,1,17.55,18.87,2026-03-27 08:42:46,electricalsone,false
1130620,13-14417-09691,EBAY,,315379102143,LDMG95B228,10,69.90,6.99,2026-03-27 08:43:42,so_926407,false
1130621,13-14417-09691,EBAY,,316098644665,LSCY290CO+RPR44WH,1,17.89,17.89,2026-03-27 08:43:42,so_926407,false
1130622,23-14402-43992,EBAY,,167943434245,CL3TBK2PK,1,5.49,5.49,2026-03-27 08:48:25,led_sone,false
1130637,25-14399-55829,EBAY,,163844479887,PSOS4BMBBM,1,10.99,10.99,2026-03-27 09:28:28,led_sone,false
1130638,25-14399-56233,EBAY,,165397658552,CRSF100YB+CL3TBM+LHSHE27YB,1,9.78,10.29,2026-03-27 09:30:24,led_sone,false
1130649,18-14409-75027,EBAY,,165422275157,ENC3287,1,39.91,42.01,2026-03-27 09:45:33,led_sone,false
1130668,18-14409-82143,EBAY,,162562112782,5IP20100,1,13.29,13.99,2026-03-27 10:16:56,led_sone,false
1130678,09-14422-78161,EBAY,,317675044975,RWWPSY12GY,1,7.44,4.89,2026-03-27 10:32:57,so_926407,false
1130682,10-14421-24315,EBAY,,165901230400,ENC4301,1,35.24,37.89,2026-03-27 10:42:44,led_sone,false
1130683,10-14421-24316,EBAY,,313649255412,CRSF100CO+PHSH1PBRCO+LSSS300CO+LDWWE2715,1,20.45,21.99,2026-03-27 10:42:41,so_926407,false
1130684,18-14409-88866,EBAY,,335742953763,PSDS2RGY,1,9.17,9.17,2026-03-27 10:42:58,lighting_sone,false
1130693,17-14411-25214,EBAY,,164125059216,LSDM220GS+RPR44WH,2,18.98,9.99,2026-03-27 10:58:36,led_sone,false
1130695,04-14430-30875,EBAY,,255997924998,CL3THE,2,6.06,3.19,2026-03-27 11:09:58,vintageinterior,false
1130701,01-14435-27776,EBAY,,315702425353,LHSHE27CO,1,6.69,6.69,2026-03-27 11:22:37,so_926407,false
1130705,01-14435-27776,EBAY,,317512825932,LDSG1007E27,1,12.86,12.86,2026-03-27 11:22:37,so_926407,false
1130706,18-14410-00410,EBAY,,164492030061,CL3TRE,1,2.99,2.99,2026-03-27 11:23:54,led_sone,false
1130710,11-14420-10243,EBAY,,304878934718,CRSF100SN+PHCN1PCRSN,2,14.20,7.89,2026-03-27 11:37:12,coventrylights,false
1130711,03-14431-76233,EBAY,,165559546702,CRSF100BU,1,4.99,4.99,2026-03-27 11:37:48,led_sone,false
1130712,27-14397-12770,EBAY,,164492030061,CL3TBK,10,32.90,3.29,2026-03-27 11:40:21,led_sone,false
1130716,08-14424-31561,EBAY,,266190312912,CL2TBM,1,2.95,2.95,2026-03-27 11:49:43,electricalsone,false
1130717,26-14398-37364,EBAY,,164324173201,12UK3PON,1,5.49,5.49,2026-03-27 11:49:05,led_sone,false
1130726,11-14420-15776,EBAY,,255943163524,WCNCBM+RPR44WH,2,16.12,8.49,2026-03-27 11:56:23,vintageinterior,false
1130727,05-14429-39522,EBAY,,257070669136,LHSHE27CO,1,5.64,5.64,2026-03-27 11:58:36,vintageinterior,false
1130739,08-14424-35274,EBAY,,162553025729,LDMST64E2743PK,1,12.44,13.09,2026-03-27 12:02:29,led_sone,false
1130740,27-14397-21219,EBAY,,163964665683,12UK3P10A,1,16.14,16.99,2026-03-27 12:09:18,led_sone,false
1130748,23-14402-95381,EBAY,,163814884066,CRSF108GB+HKR10GB,1,6.99,6.99,2026-03-27 12:14:19,led_sone,false
1130749,15-14414-39409,EBAY,,163277557074,LHNHE27CO,1,5.22,5.49,2026-03-27 12:20:04,led_sone,false
1130756,05-14429-51907,EBAY,,167874397098,LDCWA60HE2796PK,1,6.49,6.49,2026-03-27 12:38:35,led_sone,false
1130759,25-14400-09031,EBAY,,161782384942,12UK3P8A,1,13.85,13.85,2026-03-27 12:45:04,led_sone,false
1130760,07-14426-32738,EBAY,,163205266658,CCBKNWE36,1,8.99,8.99,2026-03-27 12:47:24,led_sone,false
1130775,26-14398-62950,EBAY,,266200630058,CRFF108CH+HK10CH,1,5.99,5.99,2026-03-27 13:09:46,electricalsone,false
1130776,24-14416-33156,EBAY,,163036066303,CRSF100BC+PHCH1PBRBC+LSCY290BC,1,16.39,16.39,2026-03-27 13:05:22,led_sone,false
1130784,22-14404-52491,EBAY,,163693940389,CBSF60,1,4.99,4.99,2026-03-27 13:12:35,led_sone,false
1130785,03-14432-08872,EBAY,,163753175957,LDMST64B2282PK,1,9.69,9.69,2026-03-27 13:20:22,led_sone,false
1130799,11-14420-43593,EBAY,,166839718006,12IP2036,1,6.99,6.99,2026-03-27 13:22:15,led_sone,false
1130800,26-14398-67842,EBAY,,163844479887,PSOS2BBM,1,8.99,8.99,2026-03-27 13:23:48,led_sone,false
1130801,14-14416-21108,EBAY,,162834884311,12UK3P8A+CODCCR,1,14.78,15.89,2026-03-27 13:29:01,led_sone,false
1130802,08-14424-60966,EBAY,,265750044855,CL3TBK,5,14.35,3.19,2026-03-27 13:20:56,electricalsone,false
1130803,12-14419-14912,EBAY,,265660306987,WCB2BC+RPR44WH,2,16.12,8.49,2026-03-27 13:24:16,electricalsone,false
1130813,11-14420-49859,EBAY,,315370444554,WCB2BM+RPR44WH,1,7.43,7.99,2026-03-27 13:39:34,so_926407,false
1130814,24-14416-45442,EBAY,,335861352403,CL2TBR,1,2.99,2.99,2026-03-27 13:39:51,re6865,false
1130815,19-14409-00088,EBAY,,305698723917,LDMG95E278,4,25.60,7.12,2026-03-27 13:37:25,coventrylights,false
1130821,25-14400-28551,EBAY,,254348058736,PSOS2BMBBM,2,18.78,9.89,2026-03-27 13:40:57,vintageinterior,false
1130828,23-14403-31605,EBAY,,164942250673,CL2RBM,4,10.76,2.99,2026-03-27 13:59:57,led_sone,false
1130837,27-14397-61530,EBAY,,306300532097,LHRIE14BM,1,5.41,5.82,2026-03-27 14:06:40,coventrylights,false
1130844,26-14398-87052,EBAY,,266190476182,24IP2072,1,10.44,10.99,2026-03-27 14:15:46,electricalsone,false
1130845,24-14416-59516,EBAY,,266223215729,LSCY290CB+RPR44WH,1,13.20,13.89,2026-03-27 14:17:27,electricalsone,false
1130846,26-14398-85854,EBAY,,162799417330,12IP20180,1,18.04,18.99,2026-03-27 14:12:39,led_sone,false
1130847,14-14416-38282,EBAY,,164586744833,PLTEBM,1,16.89,16.89,2026-03-27 14:15:26,led_sone,false
1130848,15-14414-78872,EBAY,,313614826008,LHRIE27WH+CGMLWH,1,9.20,6.79,2026-03-27 14:12:53,so_926407,false
1130855,19-14409-18364,EBAY,,164797689636,LSCY210BC+RPR44WH,4,35.60,9.89,2026-03-27 14:26:07,led_sone,false
1130856,03-14432-33929,EBAY,,265660312547,12IP6720,1,8.09,8.99,2026-03-27 14:28:01,electricalsone,false
1130876,17-14412-02492,EBAY,,165479339052,CRSF100BM+PHHT1PBRBM,2,17.08,8.99,2026-03-27 14:48:46,led_sone,false
1130877,04-14431-03181,EBAY,,267527185215,TSLCQA20WH,2,12.32,6.49,2026-03-27 14:45:53,electricalsone,false
1130886,13-14418-20762,EBAY,,266196406229,CRFF75GB,2,9.48,4.99,2026-03-27 14:57:35,electricalsone,false
1130892,08-14425-00365,EBAY,,164018856168,12IP2012,1,4.74,4.99,2026-03-27 15:04:02,led_sone,false
1130894,14-14416-57890,EBAY,,266111012130,CRSF100HBM+WSLS155BM+PSDS4BPB+WCBNBM,1,21.89,21.89,2026-03-27 15:04:39,electricalsone,false
1130895,04-14431-11746,EBAY,,265655117087,12IP6710,10,71.00,7.89,2026-03-27 15:07:20,electricalsone,false
1130908,05-14430-18144,EBAY,,256487880217,WCWDCH+RPR44WH,1,8.15,8.15,2026-03-27 15:33:48,vintageinterior,false
1130909,05-14430-18144,EBAY,,256487880217,WCWDCH+RPR44WH,1,8.15,8.15,2026-03-27 15:33:48,vintageinterior,false
1130910,11-14420-94754,EBAY,,267236102729,LDCWE2725,1,5.99,5.99,2026-03-27 15:33:22,electricalsone,false
1130916,18-14410-94851,EBAY,,317111834260,WJBIP68T12BM,1,8.44,8.88,2026-03-27 15:48:33,so_926407,false
1130923,01-14436-23773,EBAY,,256570260720,LSCY210BG+RPR44WH,1,9.40,9.89,2026-03-27 15:51:50,vintageinterior,false
1130925,03-14432-68607,EBAY,,265939158754,LDMT185E2745PK,1,18.99,18.99,2026-03-27 15:52:50,electricalsone,false
1130928,16-14413-92598,EBAY,,313970190829,WCSLBM+RPR44WH,1,8.27,8.89,2026-03-27 16:08:13,so_926407,false
1130929,22-14405-22237,EBAY,,265660312560,ENC864,1,17.08,18.98,2026-03-27 16:10:42,electricalsone,false
1130931,19-14409-63795,EBAY,,267177776713,PHPV1HERBM,1,4.89,4.89,2026-03-27 16:17:21,electricalsone,false
1130940,03-14436-86379,EBAY,,306719615764,CRSF100BM+PHSH1PBRYB+LSSS300BM,1,17.49,17.49,2026-03-28 16:09:29,coventrylights,false
1130941,03-14436-86379,EBAY,,306719615764,CRSF100BM+PHSH1PBRYB+LSSS300YE,1,17.49,17.49,2026-03-28 16:09:29,coventrylights,false
1130942,02-14434-56523,EBAY,,314784136272,WSOSBDBM,1,18.48,19.87,2026-03-27 16:23:21,so_926407,false
1130943,25-14400-92565,EBAY,,162553025729,LDMA60B224WW2PK,1,8.45,8.89,2026-03-27 16:21:04,led_sone,false
1130953,16-14414-04629,EBAY,,305698723917,LDMST64E274,1,6.99,6.99,2026-03-27 16:36:45,coventrylights,false
1130954,16-14414-04629,EBAY,,305698723917,LDMG80B224,1,5.49,5.49,2026-03-27 16:36:45,coventrylights,false
1130955,26-14399-44879,EBAY,,256948523089,PHSG1PBRYB+SCRN70BM+LSCG185AR,1,21.75,22.89,2026-03-27 16:36:31,vintageinterior,false
1130963,18-14411-17531,EBAY,,162562112782,12IP2024,1,6.99,6.99,2026-03-27 16:43:04,led_sone,false
1130964,18-14411-17531,EBAY,,162562112782,5IP2028,1,5.49,5.49,2026-03-27 16:43:04,led_sone,false
1130965,17-14412-49949,EBAY,,164006555006,LSFT220WH+RPR44WH,2,17.08,8.99,2026-03-27 16:43:07,led_sone,false
1130966,12-14419-96246,EBAY,,164261730528,12BO18,1,7.88,8.29,2026-03-27 16:47:36,led_sone,false
1130968,09-14424-11639,EBAY,,266630626996,WCB7BM+RPR44WH,1,8.54,8.99,2026-03-27 16:48:03,electricalsone,false
1130969,26-14399-48213,EBAY,,313970190917,CRSF100BM+PHHT1PBRFG,1,11.25,8.99,2026-03-27 16:44:35,so_926407,false
1130976,12-14419-97813,EBAY,,255943163521,PSOS4RPU,2,21.06,11.09,2026-03-27 16:51:30,vintageinterior,false
1130979,09-14424-17490,EBAY,,162799417330,5IP20300,1,24.60,25.89,2026-03-27 17:02:10,led_sone,false
1130980,17-14412-60425,EBAY,,335762629927,LDSG125MUE274,1,9.29,9.29,2026-03-27 17:08:27,lighting_sone,false
1130989,07-14427-43683,EBAY,,163481444917,LHSHE27GB,4,19.76,5.49,2026-03-27 17:28:50,led_sone,false
1130990,17-14412-69109,EBAY,,165901230400,CRFF100BM+LHNSE27YB+LSDO210BG,1,15.71,16.89,2026-03-27 17:30:09,led_sone,false
1130994,06-14429-00493,EBAY,,163964665683,12UK3P10A,1,16.14,16.99,2026-03-27 17:40:34,led_sone,false
1130995,27-14398-45018,EBAY,,126330031599,TSLTRE,1,5.56,5.56,2026-03-27 17:31:12,dctransformer,false
1130996,25-14401-22075,EBAY,,266196406229,CRFF75GB,2,9.48,4.99,2026-03-27 17:32:45,electricalsone,false
1130997,19-14409-98226,EBAY,,267213772077,12IP20360,1,22.51,23.70,2026-03-27 17:40:48,electricalsone,false
1131001,17-14412-75911,EBAY,,163445610793,CL3TBD,1,2.89,2.89,2026-03-27 17:47:08,led_sone,false
1131013,12-14420-27175,EBAY,,163434903826,LHSHE27YB,1,5.49,5.49,2026-03-27 18:04:51,led_sone,false
1131017,02-14435-04386,EBAY,,304786418809,WCVCWH+RPR44WH,1,7.78,8.37,2026-03-27 18:19:58,coventrylights,false
1131024,05-14430-87328,EBAY,,164023295056,CRSF100BM+LHNSE27BY+SCRN70BM+LSFT220BM,1,14.99,14.99,2026-03-27 18:21:46,led_sone,false
1131028,07-14427-70462,EBAY,,267236102729,LDWWB22155PK,1,15.70,15.70,2026-03-27 18:31:29,electricalsone,false
1131030,22-14405-88550,EBAY,,165136827678,PHSF1BWRSN,1,10.99,10.99,2026-03-27 18:45:12,led_sone,false
1131031,26-14400-01438,EBAY,,266193441802,ENC1461,1,45.59,45.59,2026-03-27 18:47:38,electricalsone,false
1131032,26-14400-01438,EBAY,,266193441802,CRFF100BM+LHHTE27BM+WCDCBM+ICST64E27,1,19.59,19.59,2026-03-27 18:47:38,electricalsone,false
1131038,10-14423-13735,EBAY,,165621031025,LDSG125E274,1,12.89,12.89,2026-03-27 18:59:41,led_sone,false
1131042,06-14429-41462,EBAY,,266192047204,LDCWE27255PK,1,17.57,18.89,2026-03-27 19:07:29,electricalsone,false
1131043,27-14398-90174,EBAY,,266132039859,PSOS2WHBWH,1,7.99,7.99,2026-03-27 19:08:08,electricalsone,false
1131057,08-14426-10833,EBAY,,314666176316,WCB7BM+RPR44WH,1,8.36,8.99,2026-03-27 19:17:14,so_926407,false
1131058,25-14401-71140,EBAY,,267340970424,CL2TBR2PK,1,3.82,3.82,2026-03-27 19:16:46,electricalsone,false
1131059,06-14429-45422,EBAY,,163693940389,CBSF85,1,4.99,4.99,2026-03-27 19:15:06,led_sone,false
1131066,14-14417-75789,EBAY,,304786539517,24IP6736,1,12.67,12.67,2026-03-27 19:35:46,coventrylights,false
1131084,16-14414-97390,EBAY,,313727472895,CRSF100BM+PHCHPCRYB+LSCY290YB,1,23.87,25.67,2026-03-27 20:11:23,so_926407,false
1131085,13-14419-57685,EBAY,,164518703087,PSDS4BMRGD,1,12.89,12.89,2026-03-27 20:17:37,led_sone,false
1131100,12-14420-94575,EBAY,,305715611096,WCFWROCO+RPR44WH,1,9.40,9.89,2026-03-27 20:36:33,coventrylights,false
1131103,20-14409-20337,EBAY,,304860906289,CBSF120,1,8.32,5.92,2026-03-27 20:47:33,coventrylights,false
1131108,27-14399-32548,EBAY,,315384745645,CRSF108BM+WSAT105BM,2,14.22,7.49,2026-03-27 20:56:55,so_926407,false
1131109,16-14415-15160,EBAY,,335671852202,PSFW4RBR,1,13.89,13.89,2026-03-27 20:58:40,lighting_sone,false
1131110,27-14399-32072,EBAY,,167579466380,CRFF100WH+PHUP1PWRWH,1,6.29,6.29,2026-03-27 20:55:34,led_sone,false
1131117,26-14400-56391,EBAY,,266190416116,CL2TBD,1,2.92,2.92,2026-03-27 21:01:11,electricalsone,false
1131118,02-14435-75239,EBAY,,164046479684,PSDS4BMRRO,2,24.48,12.89,2026-03-27 21:02:44,led_sone,false
1131123,20-14409-31407,EBAY,,266188029126,LDMA60E274,1,5.49,5.49,2026-03-27 21:18:12,electricalsone,false
1131124,12-14421-09555,EBAY,,266190301901,WCB5WH+RPR44WH,1,8.99,8.99,2026-03-27 21:17:22,electricalsone,false
1131132,21-14407-67142,EBAY,,164725952794,CRFF100CH+PHUP1PCRCH,1,10.99,10.99,2026-03-27 21:39:26,led_sone,false
1131133,21-14407-67142,EBAY,,164725952794,CRFF100CO+PHUP1PBRCO,1,8.99,8.99,2026-03-27 21:39:26,led_sone,false
1131136,04-14432-81891,EBAY,,163225741603,CO125ACL5PK,1,5.49,5.49,2026-03-27 22:00:16,led_sone,false
1131140,23-14405-27942,EBAY,,314806244686,TPOSBDBM,1,22.50,24.19,2026-03-27 22:02:13,so_926407,false
1131150,16-14415-44048,EBAY,,163746580945,LDMG95B228,1,6.99,6.99,2026-03-27 22:23:24,led_sone,false
1131151,19-14411-12637,EBAY,,164393713885,WSIWBM+ICT45E2760,1,25.89,25.89,2026-03-27 22:26:12,led_sone,false
1131161,11-14422-70176,EBAY,,305682162344,LSFT220GR+RPR44WH,1,10.35,10.89,2026-03-27 22:53:20,coventrylights,false
1131164,14-14418-51398,EBAY,,126424948431,SWV101GTG,1,5.01,5.01,2026-03-27 23:12:09,dctransformer,false
1131165,17-14414-02783,EBAY,,166849248974,PHSF1GDTFG,1,9.29,9.99,2026-03-27 23:14:45,led_sone,false
1131166,10-14424-08868,EBAY,,253946728059,CRSF100BM+PHUP1PBRBM,1,6.19,6.19,2026-03-27 23:22:46,vintageinterior,false
1131168,01-14438-04119,EBAY,,256963300431,LSCY290RE+RPR44WH,1,14.59,14.59,2026-03-27 23:31:57,vintageinterior,false
1131169,24-14418-78118,EBAY,,267073162939,LDMG95E274,1,9.65,6.99,2026-03-27 23:34:54,electricalsone,false
1131170,11-14422-85608,EBAY,,266196534075,12IP6715,2,14.68,7.89,2026-03-27 23:44:35,electricalsone,false
1131171,23-14405-62074,EBAY,,164891797093,LDCWB22183PK,1,13.99,13.99,2026-03-27 23:54:26,led_sone,false
1131172,05-14432-16339,EBAY,,317030509760,CL2TRW,3,8.64,1.89,2026-03-28 00:08:04,so_926407,false
1131175,14-14418-70317,EBAY,,313538502770,CRSF100SN+LHNSE27SN+SCRN70SN+LSOL220SN,1,14.87,15.99,2026-03-28 00:16:04,so_926407,false
1131186,04-14433-65016,EBAY,,164080607921,LDMST64E2786PK,1,23.15,24.89,2026-03-28 02:47:35,led_sone,false
1131189,08-14427-68382,EBAY,,164261730528,12BO18,1,7.88,8.29,2026-03-28 03:52:20,led_sone,false
1131190,21-14408-84726,EBAY,,162562112782,12IP20150,2,31.78,15.89,2026-03-28 05:23:12,led_sone,false
1131191,21-14408-84726,EBAY,,162562112782,12IP2080,1,9.99,9.99,2026-03-28 05:23:12,led_sone,false
1131192,21-14408-84726,EBAY,,162562112782,12IP20240,2,39.00,19.50,2026-03-28 05:23:12,led_sone,false
1131193,16-14416-47433,EBAY,,164169967297,WJB2,1,5.89,5.89,2026-03-28 05:23:45,led_sone,false
1131204,17-14415-01489,EBAY,,123909647492,RD405PK,1,7.17,7.17,2026-03-28 06:51:20,dctransformer,false
1131205,23-14406-49381,EBAY,,163866685573,NT55PK,1,5.49,5.49,2026-03-28 06:53:31,led_sone,false
1131208,20-14410-71514,EBAY,,265660312592,LDMG95B224,1,5.69,5.99,2026-03-28 07:19:17,electricalsone,false
1131209,15-14417-94707,EBAY,,164823825387,CRSF100BM+LHLFE27BM+LSDO210BB+ICST64E27,1,17.95,18.89,2026-03-28 07:13:59,led_sone,false
1131212,15-14417-97306,EBAY,,165709660426,PHSF2BMTBY,2,20.88,10.99,2026-03-28 07:31:24,led_sone,false
1131221,09-14426-73175,EBAY,,164266047124,LDMST64E274,1,5.49,5.49,2026-03-28 08:07:34,led_sone,false
1131222,09-14426-73175,EBAY,,164266047124,LDMT45E274,1,5.49,5.49,2026-03-28 08:07:34,led_sone,false
1131224,25-14403-62819,EBAY,,266190476182,12IP20100,1,12.13,12.77,2026-03-28 08:00:34,electricalsone,false
1131230,10-14425-17327,EBAY,,255943162108,LHBPE27BM3PK,2,17.62,9.28,2026-03-28 08:12:21,vintageinterior,false
1131235,05-14433-13469,EBAY,,162949535147,LDMG80B224,1,5.49,5.49,2026-03-28 08:24:58,led_sone,false
1131236,11-14423-89494,EBAY,,163585361443,24IP6710,1,5.99,5.99,2026-03-28 08:25:44,led_sone,false
1131237,07-14429-91222,EBAY,,306174587477,LSBG136AR+SCRN70FG,1,15.71,16.89,2026-03-28 08:24:19,coventrylights,false
1131240,03-14435-57405,EBAY,,305541421379,CL2TGD5PK,1,12.04,12.67,2026-03-28 08:31:35,coventrylights,false
1131244,27-14400-93301,EBAY,,165621031025,LDST185E274,2,10.42,5.49,2026-03-28 08:43:36,led_sone,false
1131245,11-14423-92686,EBAY,,164004516812,LDMST64E274,1,5.49,5.49,2026-03-28 08:44:19,led_sone,false
1131255,01-14439-20371,EBAY,,306569336602,RBLSCY210BG+RPR44WH,1,8.28,5.29,2026-03-28 09:12:44,coventrylights,false
1131261,03-14435-67977,EBAY,,163964665683,12UK3P1A,1,6.64,6.99,2026-03-28 09:27:30,led_sone,false
1131262,23-14406-73249,EBAY,,317030316794,CL3TBR5PK,1,15.23,12.99,2026-03-28 09:20:53,so_926407,false
1131263,21-14409-21021,EBAY,,256004321338,LHBRE27BM3PK,1,9.32,9.32,2026-03-28 09:25:46,vintageinterior,false
1131268,11-14424-03036,EBAY,,163964665683,12UK3P1A,1,6.64,6.99,2026-03-28 09:37:06,led_sone,false
1131280,26-14402-29152,EBAY,,166166799334,SPSDP1WH3PK,1,6.99,6.99,2026-03-28 09:54:09,led_sone,false
1131282,19-14412-60072,EBAY,,163445610793,CL3TBK5PK,1,14.89,14.89,2026-03-28 10:10:04,led_sone,false
1131288,17-14415-37402,EBAY,,163844479887,PSOS2BMBBM,1,9.99,9.99,2026-03-28 10:20:01,led_sone,false
1131289,19-14412-60680,EBAY,,267236102729,LDCWE27253PK,1,12.19,12.19,2026-03-28 10:12:57,electricalsone,false
1131297,08-14428-30322,EBAY,,164917382938,WCSRBM+RPR44WH,1,8.99,8.99,2026-03-28 10:23:01,led_sone,false
1131298,17-14415-38959,EBAY,,316842240329,CL2TWH,1,3.03,3.19,2026-03-28 10:27:29,so_926407,false
1131299,08-14428-30321,EBAY,,265660313934,PSDS2BMRGD,1,12.92,13.89,2026-03-28 10:22:58,electricalsone,false
1131301,13-14421-56598,EBAY,,162562112782,24IP2072,1,10.35,10.89,2026-03-28 10:38:39,led_sone,false
1131317,10-14425-52037,EBAY,,162562112782,12IP2030,1,6.31,6.64,2026-03-28 11:09:29,led_sone,false
1131330,13-14421-67682,EBAY,,317609587060,PSOS2BMB14BM,1,8.36,8.99,2026-03-28 11:28:01,so_926407,false
1131331,21-14409-46708,EBAY,,162562112782,12IP20200,1,20.80,21.89,2026-03-28 11:28:24,led_sone,false
1131338,03-14435-93887,EBAY,,166814131457,WBMG2030WH,1,7.87,7.87,2026-03-28 11:30:45,led_sone,false
1131353,09-14427-20499,EBAY,,164962387430,WCB2BS+RPR44WH,2,17.08,8.99,2026-03-28 11:58:19,led_sone,false
1131360,05-14433-58565,EBAY,,165261757862,ENC2435,1,14.78,15.89,2026-03-28 12:01:08,led_sone,false
1131369,24-14420-34319,EBAY,,123816674071,LDMC35E144,4,18.16,5.05,2026-03-28 12:18:38,dctransformer,false
1131377,24-14420-36660,EBAY,,266630626996,WCB7BM+RPR44WH,1,8.54,8.99,2026-03-28 12:27:04,electricalsone,false
1131385,26-14402-65784,EBAY,,164164375386,CRSF100HBM+WSWS1PHTBM+PSDS2BPB+WCDCBM,1,21.79,21.79,2026-03-28 12:32:07,led_sone,false
1131403,22-14408-60954,EBAY,,164261730528,12BO18,1,7.88,8.29,2026-03-28 12:53:47,led_sone,false
1131404,24-14420-44508,EBAY,,162075051842,CCBC9,1,5.49,5.49,2026-03-28 12:54:07,led_sone,false
1131405,03-14436-16166,EBAY,,316137144885,LSMCSPFLMC2PK+RPM40WH2PK,1,39.89,42.89,2026-03-28 12:53:47,so_926407,false
1131406,23-14407-23315,EBAY,,267521014652,CERU72350GR,1,9.89,9.89,2026-03-28 12:55:03,electricalsone,false
1131415,10-14425-83055,EBAY,,304799846998,CODL932AGY5PK,1,8.99,9.67,2026-03-28 13:05:29,coventrylights,false
1131416,10-14425-84165,EBAY,,315379102143,LDMT185E274,1,8.77,6.19,2026-03-28 13:08:59,so_926407,false
1131420,02-14437-99428,EBAY,,164855289662,PLADBM,1,46.89,46.89,2026-03-28 13:18:55,led_sone,false
1131430,08-14428-77214,EBAY,,165575417168,CNT900YB2PK,1,12.25,12.89,2026-03-28 13:24:36,led_sone,false
1131448,13-14422-06817,EBAY,,255993451406,HLRK45BM3PK,1,5.39,5.39,2026-03-28 13:44:08,vintageinterior,false
1131457,23-14407-48188,EBAY,,315379102143,LDMST64E274,1,9.53,6.99,2026-03-28 14:10:32,so_926407,false
1131458,19-14413-23138,EBAY,,335680616357,LDMT45E2745PK,1,35.89,35.89,2026-03-28 14:04:07,lighting_sone,false
1131470,02-14438-17457,EBAY,,164286105959,CRSF1202CO+WSST70CO2PK+ICST64E27402PK,1,21.89,21.89,2026-03-28 14:12:23,led_sone,false
1131471,21-14409-96234,EBAY,,167053926234,LSMCSQWYRE+RPM40WH,1,18.89,18.89,2026-03-28 14:14:50,led_sone,false
1131478,26-14403-04649,EBAY,,163434903826,LHSHE27YB,1,5.49,5.49,2026-03-28 14:30:52,led_sone,false
1131482,13-14422-25841,EBAY,,163942387715,RD305PK,1,4.99,4.99,2026-03-28 14:38:27,led_sone,false
1131488,03-14436-54165,EBAY,,164747801986,WCB6BS+RPR44WH,1,8.99,8.99,2026-03-28 14:46:04,led_sone,false
1131497,25-14404-66383,EBAY,,164708431898,SDP150DC5PK,1,5.49,5.49,2026-03-28 14:51:02,led_sone,false
1131498,25-14404-66383,EBAY,,164708431898,SDP60DC5PK,1,4.49,4.49,2026-03-28 14:51:02,led_sone,false
1131505,04-14435-22501,EBAY,,166294101739,LHRFE27BM2PK,2,14.98,7.89,2026-03-28 15:03:41,led_sone,false
1131506,02-14438-37754,EBAY,,167367191789,CRSF1204RO+PHTT1RORRO4PK,1,20.75,20.75,2026-03-28 15:07:57,led_sone,false
1131508,12-14423-71380,EBAY,,165724423575,5IP2020,1,6.49,6.49,2026-03-28 15:19:07,led_sone,false
1131509,25-14404-77680,EBAY,,162711487073,CL3TLB,1,3.19,3.19,2026-03-28 15:19:33,led_sone,false
1131518,08-14429-21798,EBAY,,164636015985,12IP20360,1,21.05,22.16,2026-03-28 15:27:34,led_sone,false
1131522,26-14403-30684,EBAY,,317979913894,SPPGUK3PBR4PK,1,10.08,7.19,2026-03-28 15:38:57,so_926407,false
1131523,02-14438-49459,EBAY,,266198003811,LHEDE27GD,1,5.22,5.49,2026-03-28 15:37:24,electricalsone,false
1131533,20-14412-03196,EBAY,,164223644047,CRSF100SN+LHNSE27SN+LSDM220SN+ICST64E27,1,18.41,19.80,2026-03-28 15:46:09,led_sone,false
1131540,05-14434-38648,EBAY,,164641619371,CO123ACLAPK,1,6.50,6.99,2026-03-28 15:56:35,led_sone,false
1131563,03-14436-86379,EBAY,,306719615764,CRSF100BM+PHSH1PBRYB+LSSS300RE,1,17.49,17.49,2026-03-28 16:09:29,coventrylights,false
1131567,13-14422-64079,EBAY,,267068731282,12IP6715,1,7.50,7.89,2026-03-28 16:17:54,electricalsone,false
1131583,19-14413-75741,EBAY,,267527349850,CENU25200BM,1,4.49,4.49,2026-03-28 16:22:50,electricalsone,false
1131584,19-14413-75741,EBAY,,267527349850,CENU25200WH,1,4.49,4.49,2026-03-28 16:22:50,electricalsone,false
1131585,13-14422-68143,EBAY,,315506602283,12UK3P8A+SLW6,1,18.94,16.89,2026-03-28 16:28:00,so_926407,false
1131592,04-14435-60251,EBAY,,266190303273,12UK3P2A+SLW8,1,12.25,12.89,2026-03-28 16:40:13,electricalsone,false
1131602,09-14428-23435,EBAY,,315379102143,LDMT45E274,1,8.58,5.99,2026-03-28 16:53:29,so_926407,false
1131611,16-14418-24508,EBAY,,266027916399,LHBRE27BM3PK,1,10.44,10.99,2026-03-28 17:05:18,electricalsone,false
1131612,14-14421-15227,EBAY,,124021629998,CRSF1202BM,2,11.30,5.89,2026-03-28 17:01:55,dctransformer,false
1131613,10-14426-69706,EBAY,,162553025729,LDMA60B224WW5PK,2,30.18,15.89,2026-03-28 17:00:57,led_sone,false
1131614,19-14413-91170,EBAY,,163715641938,SOTB1GTK,1,4.67,4.67,2026-03-28 17:03:12,led_sone,false
1131615,17-14416-67238,EBAY,,166073272686,ENC4840,1,26.67,16.58,2026-03-28 17:05:29,led_sone,false
1131616,04-14435-71412,EBAY,,166863141986,TSWGQBAOR,5,31.45,6.99,2026-03-28 17:09:29,led_sone,false
1131617,12-14424-12996,EBAY,,304908877317,ENC4364,1,20.24,21.76,2026-03-28 17:07:22,coventrylights,false
1131624,24-14421-39461,EBAY,,165136827678,PHSF1BWRSN,1,10.99,10.99,2026-03-28 17:13:51,led_sone,false
1131625,12-14424-15567,EBAY,,164914367042,24IP2024,1,6.99,6.99,2026-03-28 17:14:06,led_sone,false
1131631,06-14433-01475,EBAY,,305715611096,WCFWROBM+RPR44WH,1,9.40,9.89,2026-03-28 17:21:17,coventrylights,false
1131633,03-14437-15412,EBAY,,267527349850,CENU36300WH,1,5.49,5.49,2026-03-28 17:25:14,electricalsone,false
1131634,25-14405-26889,EBAY,,266190476182,24IP20120,1,14.15,14.89,2026-03-28 17:27:26,electricalsone,false
1131638,10-14426-82367,EBAY,,164908536180,LSGG200AR+SCRN70FG,1,21.99,21.99,2026-03-28 17:34:03,led_sone,false
1131639,15-14419-70716,EBAY,,167579466380,CRFF100GB+PHUP1PBRGB+ICST64E27,1,9.29,9.29,2026-03-28 17:40:01,led_sone,false
1131640,20-14412-46808,EBAY,,304897988907,CRSF100CH+PHMU1PBRCH+LSDM220CH+ICST64E27,1,17.96,19.96,2026-03-28 17:39:59,coventrylights,false
1131648,05-14434-81493,EBAY,,163693940389,CBSF70,2,9.48,4.99,2026-03-28 17:48:27,led_sone,false
1131649,14-14421-33606,EBAY,,164261730528,12BO18,1,7.88,8.29,2026-03-28 17:50:26,led_sone,false
1131650,16-14418-38278,EBAY,,257070669136,LHSHE27CH,4,20.28,5.64,2026-03-28 17:41:35,vintageinterior,false
1131659,02-14439-02809,EBAY,,254249196814,LHRIE27BM+CGMLBM,1,5.29,5.29,2026-03-28 17:56:42,vintageinterior,false
1131660,17-14416-87191,EBAY,,167531319462,CRSF100HBM+WSWS1PHTBM+PSDS2BPB+WCDCBM,1,21.89,21.89,2026-03-28 17:58:07,led_sone,false
1131662,11-14425-62508,EBAY,,266630626996,WCB4WH2PK+RPR44WH2PK,1,13.17,13.86,2026-03-28 18:01:03,electricalsone,false
1131672,25-14405-41851,EBAY,,163257771577,CRSF100CH+PHCHPCRCH,2,18.98,9.99,2026-03-28 18:07:03,led_sone,false
1131678,17-14416-94614,EBAY,,163008902707,12IP6710,1,6.55,6.89,2026-03-28 18:15:53,led_sone,false
1131679,14-14421-41660,EBAY,,267068731282,24IP6715,1,10.44,10.99,2026-03-28 18:11:20,electricalsone,false
1131690,12-14424-48775,EBAY,,164492030061,CL3TOR,1,3.19,3.19,2026-03-28 18:34:35,led_sone,false
1131707,13-14423-27366,EBAY,,164725952794,CRSF100WH+PHUP1PWRWH,1,10.44,10.99,2026-03-28 18:51:20,led_sone,false
1131712,08-14430-13406,EBAY,,306281532234,PHWL1PBRBM,2,25.90,12.95,2026-03-28 19:10:27,coventrylights,false
1131713,08-14430-13406,EBAY,,306281532234,CRSF1206BM+PHTT1PBR3BM2PK+LSWT300BM2PK,1,59.86,59.86,2026-03-28 19:10:27,coventrylights,false
1131714,20-14412-85563,EBAY,,165397658552,CRSF100YB+CL3TGD+LHSHE27YB,1,9.78,10.29,2026-03-28 19:05:30,led_sone,false
1131735,07-14432-07134,EBAY,,317030316794,CL3TBD5PK,1,15.23,12.99,2026-03-28 19:36:43,so_926407,false
1131745,07-14432-11496,EBAY,,167922606736,CL2TBM5PK,1,10.99,10.99,2026-03-28 19:48:45,led_sone,false
1131746,01-14441-28978,EBAY,,266018728736,LDMA60E278WW,1,6.49,6.49,2026-03-28 19:41:50,electricalsone,false
1131755,01-14441-35759,EBAY,,163255683237,LDMG80E2743PK,1,13.89,13.89,2026-03-28 20:00:39,led_sone,false
1131772,23-14408-92773,EBAY,,313731620457,LSFT220BM+RPR44WH,1,8.45,8.89,2026-03-28 20:17:02,so_926407,false
1131787,16-14419-10729,EBAY,,163740897338,CL2RCR,2,6.78,3.57,2026-03-28 20:39:48,led_sone,false
1131793,04-14436-59279,EBAY,,163359416713,HLSC96BM,4,8.60,2.39,2026-03-28 20:49:35,led_sone,false
1131794,09-14429-17791,EBAY,,306268793379,CL3THE5PK,1,11.80,12.69,2026-03-28 20:49:54,coventrylights,false
1131801,14-14422-08121,EBAY,,163163139150,LHC3E27WH,1,5.89,5.89,2026-03-28 20:55:24,led_sone,false
1131802,01-14441-56175,EBAY,,163527822125,LHSHE27BA,2,13.84,7.29,2026-03-28 20:58:57,led_sone,false
1131812,11-14426-40117,EBAY,,335680620222,WCB4BC+RPR44WH,1,7.49,7.49,2026-03-28 21:16:24,lighting_sone,false
1131814,17-14417-67069,EBAY,,167403486899,LDSHEAE2743PK,1,22.89,22.89,2026-03-28 21:19:18,led_sone,false
1131818,11-14426-44508,EBAY,,166863141986,TSWGQBAYE,1,6.99,6.99,2026-03-28 21:29:49,led_sone,false
1131821,15-14420-61699,EBAY,,162276028284,12IP6750,1,15.67,16.49,2026-03-28 21:32:02,led_sone,false
1131822,17-14417-72093,EBAY,,267214427494,WCDSBM2PK+RPR44WH2PK,1,15.52,13.19,2026-03-28 21:34:22,electricalsone,false
1131830,10-14427-84534,EBAY,,265660312592,LDMST64B224,1,5.69,5.99,2026-03-28 21:59:27,electricalsone,false
1131834,17-14417-82197,EBAY,,267073162939,LDMST64E2785PK,1,28.97,30.49,2026-03-28 22:05:21,electricalsone,false
1131844,25-14406-40949,EBAY,,163585361443,12IP6710,2,14.98,7.89,2026-03-28 22:30:17,led_sone,false
1131845,23-14409-35977,EBAY,,256499148252,WMB2017BP2,1,12.89,12.89,2026-03-28 22:26:29,vintageinterior,false
1131848,15-14420-83338,EBAY,,164917382938,WCBNBM+RPR44WH,1,8.99,8.99,2026-03-28 22:40:21,led_sone,false
1131849,05-14435-88512,EBAY,,125039581770,LSTF40BM+RPR44WH,1,8.19,8.19,2026-03-28 22:33:32,dctransformer,false
1131856,16-14419-52408,EBAY,,165201467647,12IP20240,1,23.89,23.89,2026-03-28 22:47:58,led_sone,false
1131859,12-14425-43191,EBAY,,313505383622,24IP67150,1,27.80,29.89,2026-03-28 22:58:44,so_926407,false
1131865,16-14419-58590,EBAY,,123936254662,PSOS4RRO+LHSHE27CO,1,13.71,13.71,2026-03-28 23:08:59,dctransformer,false
1131869,18-14416-77035,EBAY,,267527349850,CENU70450BM,1,8.99,8.99,2026-03-28 23:37:04,electricalsone,false
1131872,17-14418-12135,EBAY,,164725952794,CRSF100GB+PHUP1PBRGB,1,10.44,10.99,2026-03-28 23:45:48,led_sone,false
1131876,22-14411-00430,EBAY,,266196207353,PSOS2BMB14BM+ICC35E1460,1,13.14,10.89,2026-03-28 23:55:59,electricalsone,false
1131877,03-14438-58227,EBAY,,304785656245,LSMS320GR+RPR44WH,1,14.15,14.89,2026-03-29 00:04:18,coventrylights,false
1131883,04-14437-26126,EBAY,,314149832814,CL2TBM,1,5.64,2.89,2026-03-29 00:25:42,so_926407,false
1131955,18-14417-39436,EBAY,,256002205273,LHCCE27GR+CGMLGR,2,10.42,5.49,2026-03-29 04:29:36,vintageinterior,false
1131956,27-14404-51736,EBAY,,317870935135,LHSHE27CO,1,5.57,5.99,2026-03-29 04:57:07,so_926407,false
1131960,22-14411-75868,EBAY,,165468260296,CRSF1204SN+WSFSSN3PK+LHTKE27SN,1,13.49,14.51,2026-03-29 06:20:41,led_sone,false
1131961,21-14412-84778,EBAY,,164980506176,CRSF2003BM+WCRNBM3PK,1,39.89,39.89,2026-03-29 06:25:44,led_sone,false
1131967,05-14436-99657,EBAY,,306358644889,ENC3536,1,40.81,43.88,2026-03-29 07:53:12,coventrylights,false
1131968,25-14407-53502,EBAY,,306710394027,CRFF140GL+WSWH135BM+LSDO210BG+ICST64E27,2,37.00,19.89,2026-03-29 07:56:04,coventrylights,false
1131970,06-14435-32049,EBAY,,164632543884,PHSF1BRTCO,1,10.44,10.99,2026-03-29 08:08:20,led_sone,false
1131978,15-14422-00286,EBAY,,265660313932,LDSG125LOE274,1,11.00,7.99,2026-03-29 08:50:47,electricalsone,false
1131979,26-14406-06117,EBAY,,313520952828,ENC685,2,100.24,53.89,2026-03-29 08:45:27,so_926407,false
1131983,11-14427-85028,EBAY,,166916863292,WSLH200BM+ICST64E27,2,37.78,19.89,2026-03-29 08:55:06,led_sone,false
1131984,25-14407-61906,EBAY,,168154138941,WLFS220BC,2,28.08,14.22,2026-03-29 08:56:11,led_sone,false
1131987,02-14441-28513,EBAY,,164554452349,PLADBM,1,42.65,44.89,2026-03-29 09:05:35,led_sone,false
1131989,19-14416-40804,EBAY,,162562112782,5IP20100,1,13.29,13.99,2026-03-29 09:29:47,led_sone,false
1131990,09-14430-75506,EBAY,,256943483875,ENC7849,2,48.16,25.89,2026-03-29 09:21:11,vintageinterior,false
1131998,10-14429-22194,EBAY,,163251793135,LHCCE27BM+CGMLBM,3,15.30,5.49,2026-03-29 09:40:51,led_sone,false
1132006,15-14422-13407,EBAY,,166568221311,CKBYBC,1,8.49,8.49,2026-03-29 10:06:55,led_sone,false
1132007,19-14416-47727,EBAY,,267121715682,24IP67100,1,19.85,20.89,2026-03-29 10:06:39,electricalsone,false
1132012,10-14429-28615,EBAY,,165020888967,ENC1809,1,20.89,20.89,2026-03-29 10:13:45,led_sone,false
1132013,12-14426-69980,EBAY,,161782384942,12UK3P8A,1,13.85,13.85,2026-03-29 10:18:05,led_sone,false
1132014,07-14434-01196,EBAY,,164588867720,LDMC35E144APK,1,29.89,29.89,2026-03-29 10:17:02,led_sone,false
1132019,08-14432-19880,EBAY,,163964665683,12UK3P10A,1,16.14,16.99,2026-03-29 10:27:33,led_sone,false
1132020,22-14412-13258,EBAY,,254348058736,PSOS2WHBWH,2,13.66,7.19,2026-03-29 10:29:59,vintageinterior,false
1132033,17-14419-31738,EBAY,,164624648612,PHCT1BMRBM+PHBA1BMRBM+LSYG410BM,1,25.73,27.67,2026-03-29 10:49:06,led_sone,false
1132034,08-14432-23609,EBAY,,167620688238,CRFF500BM+PHHRE2HETHE3PK+LDMST64E2743PK,1,40.89,40.89,2026-03-29 10:49:42,led_sone,false
1132042,04-14438-35977,EBAY,,164641619371,CO1230ACLAPK,1,27.00,12.69,2026-03-29 10:54:45,led_sone,false
1132043,06-14435-61525,EBAY,,167707828840,RWWPSY08GY,1,4.59,1.70,2026-03-29 10:55:52,led_sone,false
1132044,10-14429-37234,EBAY,,265660312527,PSDS2RGR2PK,1,14.44,15.53,2026-03-29 10:54:31,electricalsone,false
1132045,17-14419-33598,EBAY,,256098040485,CRFF140BM+LHLFE27BM+LSSS300BI+ICST64E27,2,36.08,18.99,2026-03-29 10:57:52,vintageinterior,false
1132046,05-14437-33797,EBAY,,256922753150,LHTOE27CO,1,5.60,5.89,2026-03-29 11:09:15,vintageinterior,false
1132047,18-14418-02667,EBAY,,267068731282,12IP6715,1,7.50,7.89,2026-03-29 11:06:19,electricalsone,false
1132053,23-14410-84309,EBAY,,256570260720,LSCY210BM+RPR44WH,1,8.83,9.29,2026-03-29 11:14:56,vintageinterior,false
1132060,16-14420-96106,EBAY,,164525233292,LSSS300RO+RPR44WH,1,16.05,16.89,2026-03-29 11:23:27,led_sone,false
1132065,20-14415-07892,EBAY,,256087548565,LDCWB225,1,5.09,5.09,2026-03-29 11:35:36,vintageinterior,false
1132078,06-14435-71753,EBAY,,165628143783,CCBKNWE12,1,5.89,5.89,2026-03-29 11:44:30,led_sone,false
1132079,25-14407-95811,EBAY,,167970265627,PCBSM2FCO,1,4.99,4.99,2026-03-29 11:49:46,led_sone,false
1132081,04-14438-47743,EBAY,,305698723917,LDMG125E278,1,8.45,8.89,2026-03-29 11:50:14,coventrylights,false
1132087,02-14441-63460,EBAY,,164962387430,WCB3BC+RPR44WH,1,8.99,8.99,2026-03-29 12:00:34,led_sone,false
1132090,02-14441-64050,EBAY,,313614826214,LHSHE27CH,2,14.28,5.99,2026-03-29 12:03:11,so_926407,false
1132091,18-14418-15457,EBAY,,316797525557,WCVCWH+RPR44WH,1,8.73,9.19,2026-03-29 12:05:34,so_926407,false
1132094,16-14421-04241,EBAY,,267213906251,CCBKNWE12,1,5.60,5.89,2026-03-29 12:00:52,electricalsone,false
1132098,16-14421-07054,EBAY,,164023295056,ENC458,1,19.88,19.88,2026-03-29 12:13:01,led_sone,false
1132099,02-14441-66423,EBAY,,164525233292,LSTL260BG+RPR44WH,2,24.48,12.89,2026-03-29 12:13:34,led_sone,false
1132104,23-14410-99052,EBAY,,265973660212,CO125ACL5PK,1,5.99,5.99,2026-03-29 12:21:45,electricalsone,false
1132114,09-14431-16441,EBAY,,317778069689,LSCA2L300SG,1,139.10,149.57,2026-03-29 12:36:33,so_926407,false
1132124,03-14439-99244,EBAY,,163585361443,12IP6710,2,14.98,7.89,2026-03-29 12:48:19,led_sone,false
1132125,16-14421-15022,EBAY,,336138851226,CRFF75YB,2,11.86,5.93,2026-03-29 12:46:06,lighting_sone,false
1132134,14-14424-09656,EBAY,,255943163411,LDMT45B224,2,10.42,5.49,2026-03-29 12:55:48,vintageinterior,false
1132135,21-14413-52644,EBAY,,336004546885,WJBIP68T12BM,1,8.89,8.89,2026-03-29 12:50:52,re6865,false
1132141,15-14422-52592,EBAY,,315379102143,LDMST64B224,1,8.58,5.99,2026-03-29 13:02:55,so_926407,false
1132142,12-14427-07368,EBAY,,164924746600,CCGNNWE24,4,31.56,7.89,2026-03-29 13:04:54,led_sone,false
1132143,12-14427-07368,EBAY,,164924746600,CCBKNWE18,4,31.56,7.89,2026-03-29 13:04:54,led_sone,false
1132144,12-14427-07368,EBAY,,164924746600,CCBKNWE48,6,59.34,9.89,2026-03-29 13:04:54,led_sone,false
1132145,16-14421-21178,EBAY,,162799417330,5IP2050,1,8.07,8.49,2026-03-29 13:09:48,led_sone,false
1132146,15-14422-54641,EBAY,,166814131457,WBMG2030WH,1,7.87,7.87,2026-03-29 13:10:45,led_sone,false
1132155,01-14443-63043,EBAY,,167943272260,CL2TBK,2,5.68,2.99,2026-03-29 13:19:55,led_sone,false
1132159,21-14413-60648,EBAY,,163434903826,LHSHE27CO,1,5.49,5.49,2026-03-29 13:21:18,led_sone,false
1132160,11-14428-42992,EBAY,,162553025729,LDMG95E274,1,6.64,6.99,2026-03-29 13:25:28,led_sone,false
1132166,01-14443-66139,EBAY,,165692623802,CRSF100GS+PHSH1HETYB,2,22.58,11.89,2026-03-29 13:31:06,led_sone,false
1132167,17-14419-70440,EBAY,,305861952606,WCCYROCH+LDMT45E274,1,20.60,22.89,2026-03-29 13:33:43,coventrylights,false
1132174,23-14411-20081,EBAY,,256004321338,LHRIE27BM3PK+CGMLBM3PK,1,9.32,9.32,2026-03-29 13:42:00,vintageinterior,false
1132176,18-14418-40308,EBAY,,335680616357,LDMG125E278,1,8.89,8.89,2026-03-29 13:42:38,lighting_sone,false
1132177,18-14418-42390,EBAY,,266190476182,24IP20120,1,14.15,14.89,2026-03-29 13:49:33,electricalsone,false
1132181,07-14434-51544,EBAY,,163585361443,12IP6720,1,10.99,10.99,2026-03-29 13:50:41,led_sone,false
1132182,07-14434-51544,EBAY,,163585361443,12IP6710,1,7.89,7.89,2026-03-29 13:50:41,led_sone,false
1132183,07-14434-52276,EBAY,,163585361443,24IP6710,1,5.99,5.99,2026-03-29 13:52:56,led_sone,false
1132184,26-14406-73888,EBAY,,256922753150,LHTOE27FG,2,11.18,5.89,2026-03-29 13:55:06,vintageinterior,false
1132191,20-14415-47324,EBAY,,166863141986,TSWGQBAYE2PK,1,12.89,12.89,2026-03-29 14:08:27,led_sone,false
1132204,14-14424-33923,EBAY,,163585361443,24IP6760,1,16.89,16.89,2026-03-29 14:19:38,led_sone,false
1132206,17-14419-81593,EBAY,,305698723917,LDMG95B224,1,5.69,5.99,2026-03-29 14:10:42,coventrylights,false
1132216,17-14419-89860,EBAY,,162529601899,LDMC35E144,1,5.49,5.49,2026-03-29 14:36:26,led_sone,false
1132223,12-14427-36296,EBAY,,314048304963,CRFF140RO+WSFSRO+ICST64E27,1,11.15,11.99,2026-03-29 14:45:17,so_926407,false
1132226,25-14408-47233,EBAY,,266196406229,CRFF75WH,1,4.74,4.99,2026-03-29 14:54:27,electricalsone,false
1132227,14-14424-44522,EBAY,,167645621244,CL3TGR5PK,1,13.89,13.89,2026-03-29 14:51:22,led_sone,false
1132241,11-14428-73280,EBAY,,165584303790,CL2TYE,3,10.29,3.69,2026-03-29 15:01:38,led_sone,false
1132242,08-14432-91592,EBAY,,163129833625,CRFF108BM+WSST70BM+WCLCBM,1,15.69,15.69,2026-03-29 15:03:01,led_sone,false
1132243,08-14432-91592,EBAY,,162553025729,LDMT185E2743PK,1,11.89,11.89,2026-03-29 15:03:01,led_sone,false
1132244,13-14426-16055,EBAY,,161782384942,12UK3P2A,1,7.89,7.89,2026-03-29 15:07:20,led_sone,false
1132245,10-14430-06076,EBAY,,162562112782,12IP2080,1,9.49,9.99,2026-03-29 15:10:11,led_sone,false
1132246,14-14424-49461,EBAY,,305682162344,LSMS320GR+RPR44WH,1,14.15,14.89,2026-03-29 15:05:24,coventrylights,false
1132255,02-14442-19323,EBAY,,305860747720,WCCYSQCH+LDMT45E274,1,20.93,23.26,2026-03-29 15:14:11,coventrylights,false
1132257,20-14415-69209,EBAY,,164279909548,PSDS4RBM,1,12.25,12.89,2026-03-29 15:13:52,led_sone,false
1132258,21-14413-98070,EBAY,,167826149061,CRFF100BM+LHNSE27BM,1,11.89,11.89,2026-03-29 15:18:19,led_sone,false
1132266,27-14405-82746,EBAY,,166898541107,WBERT29BL3PK,1,7.99,7.99,2026-03-29 15:29:09,led_sone,false
1132267,27-14405-82832,EBAY,,164681103989,CRFF108CO+HK10CO,1,6.64,6.99,2026-03-29 15:29:21,led_sone,false
1132275,10-14430-14480,EBAY,,254348058736,PSOS2WHBWH,1,7.19,7.19,2026-03-29 15:33:30,vintageinterior,false
1132276,26-14407-06605,EBAY,,162553025729,LDMC35E1422PK,1,6.64,6.99,2026-03-29 15:32:32,led_sone,false
1132277,15-14423-00464,EBAY,,167910892221,LDSG1001E273PK,1,33.89,33.89,2026-03-29 15:34:10,led_sone,false
1132281,09-14431-75126,EBAY,,265660313934,PSDS2BMRBW,1,10.22,10.99,2026-03-29 15:44:24,electricalsone,false
1132282,23-14411-63099,EBAY,,255943163525,CRSF100GB,2,9.66,5.09,2026-03-29 15:49:17,vintageinterior,false
1132283,19-14417-38485,EBAY,,165675520730,12UK3P10A,1,16.99,16.99,2026-03-29 15:43:29,led_sone,false
1132284,23-14411-62734,EBAY,,165136827678,PHSF1BMRBY,3,30.36,10.89,2026-03-29 15:48:19,led_sone,false
1132286,21-14414-08770,EBAY,,122648066881,LHSHE27GB,2,10.72,5.64,2026-03-29 15:47:10,dctransformer,false
1132291,18-14418-84035,EBAY,,306765506527,LSMCP1ULMC2PK+ICST64E272PK,1,73.37,78.89,2026-03-29 15:51:31,coventrylights,false
1132295,09-14431-82571,EBAY,,123015952357,CL3RGY,1,2.90,2.90,2026-03-29 16:03:50,dctransformer,false
1132302,03-14440-66260,EBAY,,267527349850,CENU19150WH,1,3.99,3.99,2026-03-29 16:13:54,electricalsone,false
1132303,26-14407-23164,EBAY,,265660312522,12IP6750,1,13.94,15.49,2026-03-29 16:15:37,electricalsone,false
1132305,15-14423-16861,EBAY,,164030749672,CL2RHE,4,10.40,2.89,2026-03-29 16:16:48,led_sone,false
1132306,05-14438-24399,EBAY,,313154103184,WCB1BM+RPR44WH,1,9.40,9.89,2026-03-29 16:17:04,so_926407,false
1132310,05-14438-25383,EBAY,,125282787145,LHRIE14WH,1,5.09,5.09,2026-03-29 16:19:29,dctransformer,false
1132321,19-14417-53701,EBAY,,163844479887,PSDS2BMB14BM,1,8.89,8.89,2026-03-29 16:22:16,led_sone,false
1132332,01-14444-32482,EBAY,,265660320120,PCRN200TP,2,13.00,6.99,2026-03-29 16:40:29,electricalsone,false
1132334,23-14411-79931,EBAY,,163607087744,PHSF1BRRCO,2,15.78,8.49,2026-03-29 16:31:48,led_sone,false
1132335,09-14431-94357,EBAY,,162553025729,LDMT45E2742PK,1,10.44,10.99,2026-03-29 16:33:21,led_sone,false
1132336,16-14421-92851,EBAY,,164725952794,CRSF100WH+PHUP1PWRWH,1,10.44,10.99,2026-03-29 16:39:26,led_sone,false
1132359,21-14414-34961,EBAY,,304785662000,LDMST64E274,1,5.30,5.89,2026-03-29 16:53:01,coventrylights,false
1132364,06-14436-77096,EBAY,,123226160887,CL3RRH,4,9.36,2.60,2026-03-29 17:10:29,dctransformer,false
1132365,07-14435-24016,EBAY,,265660314741,LHRIE14WH,1,4.74,4.99,2026-03-29 17:08:43,electricalsone,false
1132366,17-14420-44866,EBAY,,164030749672,CL2RBM,3,8.04,2.89,2026-03-29 17:01:47,led_sone,false
1132367,21-14414-41804,EBAY,,164775055128,CL3RGL,2,7.78,3.89,2026-03-29 17:09:09,led_sone,false
1132394,22-14413-46513,EBAY,,162562112782,12IP20240,1,18.52,19.50,2026-03-29 17:39:08,led_sone,false
1132401,20-14416-28410,EBAY,,267213772077,24IP20120,1,14.15,14.89,2026-03-29 17:41:28,electricalsone,false
1132402,27-14406-36896,EBAY,,164492030061,CL3TRO,2,6.58,3.29,2026-03-29 17:41:46,led_sone,false
1132404,26-14407-62541,EBAY,,167694794422,TPOSBDBM2PK,1,45.99,45.99,2026-03-29 17:49:29,led_sone,false
1132414,11-14429-41225,EBAY,,267046357872,WCDTBM+RPR44WH,1,10.89,10.89,2026-03-29 17:51:12,electricalsone,false
1132415,14-14425-17972,EBAY,,265660312613,ENC1567,1,41.30,45.89,2026-03-29 17:55:59,electricalsone,false
1132416,26-14407-66534,EBAY,,315220559282,CNP1000BM,1,10.79,8.49,2026-03-29 17:58:43,so_926407,false
1132417,02-14442-86584,EBAY,,313614826178,CL2TBR,2,8.62,2.89,2026-03-29 18:00:05,so_926407,false
1132418,22-14413-52436,EBAY,,334105077246,PLHABM+LSTF40BG+ICG95E2740,2,45.30,23.85,2026-03-29 17:52:41,re6865,false
1132429,17-14420-73594,EBAY,,266188029327,CCBC182PK,1,9.49,9.99,2026-03-29 18:07:32,electricalsone,false
1132430,14-14425-23631,EBAY,,317030316794,CL3TBM5PK,1,15.14,12.89,2026-03-29 18:08:05,so_926407,false
1132441,07-14435-52712,EBAY,,165902994694,LDMA60E274WW,1,4.99,4.99,2026-03-29 18:13:32,led_sone,false
1132442,19-14418-00643,EBAY,,263393365785,CL3RBM,1,3.09,3.09,2026-03-29 18:11:54,electricalsone,false
1132448,22-14413-66638,EBAY,,163585361443,12IP6736,6,69.12,12.80,2026-03-29 18:23:51,led_sone,false
1132449,20-14416-47975,EBAY,,164169967297,WJB32PK,1,10.34,10.34,2026-03-29 18:24:42,led_sone,false
1132456,07-14435-64056,EBAY,,314555942222,ENC2138,1,41.64,44.77,2026-03-29 18:38:18,so_926407,false
1132457,07-14435-62326,EBAY,,304786539480,LDMG125E278,3,23.13,8.57,2026-03-29 18:34:33,coventrylights,false
1132458,08-14433-85243,EBAY,,304874495782,PCBI3WC2PK,1,5.92,5.92,2026-03-29 18:48:05,coventrylights,false
1132462,08-14433-85243,EBAY,,304874495782,PCBI4WC2PK,2,13.34,6.67,2026-03-29 18:48:05,coventrylights,false
1132463,07-14435-67068,EBAY,,163332659154,HLLK75BM5PK,1,15.89,15.89,2026-03-29 18:44:46,led_sone,false
1132465,10-14430-97375,EBAY,,165901230400,ENC4422,1,45.89,45.89,2026-03-29 18:48:24,led_sone,false
1132466,10-14430-97375,EBAY,,165901230400,ENC7447,1,18.89,18.89,2026-03-29 18:48:24,led_sone,false
1132485,19-14418-26851,EBAY,,164266047124,LDMT45B224,2,10.42,5.49,2026-03-29 19:04:23,led_sone,false
1132493,27-14406-85987,EBAY,,266190476182,12IP20480,1,28.40,29.89,2026-03-29 19:19:34,electricalsone,false
1132494,07-14435-83606,EBAY,,163964665683,12UK3P10A,1,16.14,16.99,2026-03-29 19:13:06,led_sone,false
1132495,18-14419-77394,EBAY,,256570260720,LSCY210BG+RPR44WH,1,9.40,9.89,2026-03-29 19:17:14,vintageinterior,false
1132504,18-14419-83153,EBAY,,265750044855,CL2TWH,3,8.04,2.89,2026-03-29 19:26:55,electricalsone,false
1132505,11-14429-89650,EBAY,,163952672799,12IP6730,1,8.26,8.26,2026-03-29 19:25:31,bestbringer,false
1132518,10-14431-25588,EBAY,,266190303273,12UK3P5A+SLW8,1,18.36,16.16,2026-03-29 19:36:02,electricalsone,false
1132523,22-14414-08543,EBAY,,266785504818,CL2TGD3PK,1,7.99,7.99,2026-03-29 19:40:43,electricalsone,false
1132558,10-14431-42288,EBAY,,164925289077,LDMT45B224,1,5.22,5.49,2026-03-29 20:10:43,led_sone,false
1132580,19-14418-69613,EBAY,,266188029327,CCBC12,1,5.69,5.99,2026-03-29 20:26:02,electricalsone,false
1132592,03-14441-90644,EBAY,,167517548283,LHTOE27SN2PK,1,12.19,12.19,2026-03-29 20:36:58,led_sone,false
1132593,14-14426-00348,EBAY,,163123475599,PSFW4RGD,1,12.89,12.89,2026-03-29 20:38:45,led_sone,false
1132605,04-14440-67787,EBAY,,267521014652,CERU36150GR,1,4.69,4.69,2026-03-29 21:09:23,electricalsone,false
1132613,22-14414-51582,EBAY,,267213772077,12IP2060,1,10.35,10.89,2026-03-29 21:12:54,electricalsone,false
1132618,01-14445-68049,EBAY,,167470024291,WSWTBS,4,68.00,18.89,2026-03-29 21:25:59,led_sone,false
1132627,10-14431-78495,EBAY,,266957628295,LDMST64E2743PK,1,15.99,15.99,2026-03-29 21:30:56,electricalsone,false
1132628,07-14436-50436,EBAY,,162283920873,CCBC7,1,5.05,5.49,2026-03-29 21:31:44,led_sone,false
1132629,01-14445-72038,EBAY,,165686317521,WCSRBM+RPR44WH,3,25.08,8.99,2026-03-29 21:35:20,led_sone,false
1132630,18-14420-43387,EBAY,,164492030061,CL2TBM,2,5.60,2.80,2026-03-29 21:36:05,led_sone,false
1132632,19-14419-00002,EBAY,,315297828506,LSTF400GY2PK+RPR44WH2PK,1,26.89,26.89,2026-03-29 21:34:13,so_926407,false
1132633,19-14419-00002,EBAY,,315297828506,LSTF400GY+RPR44WH,1,14.89,14.89,2026-03-29 21:34:13,so_926407,false
1132641,14-14426-29649,EBAY,,166032301756,LHTHE27RO2PK,1,13.89,13.89,2026-03-29 21:45:54,led_sone,false
1132642,14-14426-29649,EBAY,,166032301756,LHBLE27SN2PK,1,10.99,10.99,2026-03-29 21:45:54,led_sone,false
1132643,14-14426-29649,EBAY,,166032301756,LHSHE27BY2PK,1,9.99,9.99,2026-03-29 21:45:54,led_sone,false
1132644,14-14426-29649,EBAY,,162153941026,LDEH70E273,1,10.99,10.99,2026-03-29 21:45:54,led_sone,false
1132645,14-14426-29649,EBAY,,166032301756,LHSHE27CH2PK,1,10.99,10.99,2026-03-29 21:45:54,led_sone,false
1132646,14-14426-29649,EBAY,,163277557074,LHNHE27CH,2,10.98,5.49,2026-03-29 21:45:54,led_sone,false
1132647,09-14433-41112,EBAY,,265685657432,COY9ABM2PK,1,9.99,9.99,2026-03-29 21:45:48,electricalsone,false
1132648,14-14426-29648,EBAY,,305698723917,LDMST64E274,2,13.98,6.99,2026-03-29 21:45:59,coventrylights,false
1132649,14-14426-29648,EBAY,,305698723917,LDMT185E274,2,11.98,5.99,2026-03-29 21:45:59,coventrylights,false
1132650,14-14426-29648,EBAY,,305698723917,LDMG95E274,2,12.98,6.49,2026-03-29 21:45:59,coventrylights,false
1132651,14-14426-29648,EBAY,,305698723917,LDMG80E274,2,13.78,6.89,2026-03-29 21:45:59,coventrylights,false
1132658,20-14417-50490,EBAY,,163976474157,ENC4059,1,45.89,45.89,2026-03-29 21:55:46,led_sone,false
1132659,21-14415-78721,EBAY,,165405860182,CL2TBK5PK,1,10.44,10.99,2026-03-29 21:57:22,led_sone,false
1132660,21-14415-77050,EBAY,,267446933196,CRFF100FG+LHNSE27FG+SCRN70FG+LSFT220FG,1,15.10,15.89,2026-03-29 21:53:23,electricalsone,false
1132665,01-14445-83509,EBAY,,164492030061,CL2TWH,1,2.99,2.99,2026-03-29 22:03:01,led_sone,false
1132666,08-14434-80126,EBAY,,164219471728,ENC307,1,18.89,18.89,2026-03-29 22:03:28,led_sone,false
1132670,22-14414-78800,EBAY,,304893223824,12RPIP45200,1,14.19,15.77,2026-03-29 22:18:10,coventrylights,false
1132672,16-14423-49466,EBAY,,315351140232,ENC7270,1,17.01,18.29,2026-03-29 22:16:03,so_926407,false
1132673,23-14413-38300,EBAY,,335742991706,PSDS2BMRBW,1,10.48,10.48,2026-03-29 22:12:29,lighting_sone,false
1132682,11-14430-70701,EBAY,,266188029327,CCBC12,3,16.71,5.99,2026-03-29 22:24:57,electricalsone,false
1132687,03-14442-42766,EBAY,,255991563117,WCB4RR+RPR44WH,2,14.22,7.49,2026-03-29 22:40:12,vintageinterior,false
1132688,22-14414-86612,EBAY,,335460631392,CODL232AGY5PK,1,5.97,3.08,2026-03-29 22:38:09,re6865,false
1132703,03-14442-47094,EBAY,,164492030061,CL2TBR,3,8.97,2.99,2026-03-29 22:51:42,led_sone,false
1132704,24-14426-75607,EBAY,,162975561793,CL3TBR2PK,2,12.32,6.49,2026-03-29 22:52:54,led_sone,false
1132712,01-14446-11685,EBAY,,164823825387,CRSF100BM+LHLFE27BM+LSDO210BG+ICST64E27,1,17.94,18.88,2026-03-29 23:16:03,led_sone,false
1132718,12-14429-75195,EBAY,,165479339052,CRSF100SN+PHBK1PCRSN,2,13.28,6.99,2026-03-30 00:00:03,led_sone,false
1132721,12-14429-77969,EBAY,,266950444236,PHCT80YBCYB,2,26.58,13.99,2026-03-30 00:07:22,electricalsone,false
1132724,08-14435-28317,EBAY,,304826634562,PHSF1BMTYB,1,10.35,10.89,2026-03-30 00:14:33,coventrylights,false
1132725,27-14408-10770,EBAY,,335680617161,LDCWB22155PK,1,17.17,17.17,2026-03-30 00:16:15,lighting_sone,false
1132726,27-14408-10770,EBAY,,335680617161,LDCWB22185PK,1,17.26,17.26,2026-03-30 00:16:15,lighting_sone,false
1132734,20-14418-23813,EBAY,,163844479887,PSDS2WHBWH,1,9.99,9.99,2026-03-30 01:14:17,led_sone,false
1132845,02-14445-63577,EBAY,,305682162344,LSDO210YE+RPR44WH,2,20.26,10.67,2026-03-30 05:47:13,coventrylights,false
1132857,17-14423-51802,EBAY,,164725952794,CRFF100CO+PHUP1PBRCO,2,17.08,8.99,2026-03-30 06:18:23,led_sone,false
1132869,03-14443-98399,EBAY,,162553025729,LDMT45E2745PK,1,15.10,15.89,2026-03-30 06:49:46,led_sone,false
1132872,27-14409-35024,EBAY,,304786418809,WCVCBC+RPR44WH,1,7.78,8.37,2026-03-30 07:06:39,coventrylights,false
1132873,13-14429-77121,EBAY,,265654345902,PLWP120BC+WCB1BC+ICST64E2740,2,41.40,23.00,2026-03-30 07:08:52,electricalsone,false
1132880,08-14436-59610,EBAY,,161782384942,12UK3P5A,1,12.89,12.89,2026-03-30 07:44:06,led_sone,false
1132883,02-14445-86399,EBAY,,163225741603,CO123ACL,1,4.99,4.99,2026-03-30 07:56:38,led_sone,false
1132886,12-14431-15581,EBAY,,165584303790,CL3THE,2,7.96,4.19,2026-03-30 08:02:30,led_sone,false
1132887,24-14428-39974,EBAY,,336107141493,PSHYOS4BRBM+CBMP140BM+ICST64E27,1,18.89,18.89,2026-03-30 08:03:46,lighting_sone,false
1132888,26-14410-67102,EBAY,,266193434290,LHETB22GD,1,5.49,5.49,2026-03-30 08:01:12,electricalsone,false
1132894,24-14428-43904,EBAY,,165397658552,CRSF100BM+CL3TBM+LHSHE27BA,1,10.29,10.29,2026-03-30 08:23:48,led_sone,false
1132895,24-14428-43904,EBAY,,165129881555,CRSF1204BM+HK10BM4PK,1,8.99,8.99,2026-03-30 08:23:48,led_sone,false
1132899,08-14436-69244,EBAY,,164924746600,CCBKNWE7,1,6.39,6.39,2026-03-30 08:34:11,led_sone,false
1132905,22-14416-66082,EBAY,,317609587060,PSDS2WHBWH,1,8.36,8.99,2026-03-30 08:49:49,so_926407,false
1132907,22-14416-68269,EBAY,,266197977999,CCBC3,1,4.99,4.99,2026-03-30 09:00:24,electricalsone,false
1132911,17-14423-83351,EBAY,,165307066912,HKR10BM5PK,1,20.68,5.49,2026-03-30 09:06:49,led_sone,false
1132913,10-14433-91397,EBAY,,164776149035,CRSF120BM,2,10.42,5.49,2026-03-30 09:18:16,led_sone,false
1132922,11-14432-66322,EBAY,,163103895742,LDMST64E274,2,10.42,5.49,2026-03-30 09:40:21,led_sone,false
1132932,17-14423-92542,EBAY,,164492030061,CL3TBK,3,9.87,3.29,2026-03-30 09:48:11,led_sone,false
1132933,13-14430-08866,EBAY,,166871235072,WSCWBF+LDMC35E1442PK,1,57.41,42.41,2026-03-30 09:46:28,led_sone,false
1132934,07-14438-68605,EBAY,,255997924998,CL2TWH,3,8.04,2.89,2026-03-30 09:44:58,vintageinterior,false
1132943,15-14426-84209,EBAY,,164161727765,PLTTBM+LSOL180BM+ICST64E2740,2,53.97,26.89,2026-03-30 09:52:44,led_sone,false
1132944,21-14417-89723,EBAY,,164739621188,CRSF100BM+WCTC1BM,2,32.08,16.89,2026-03-30 09:59:01,led_sone,false
1132949,06-14440-25881,EBAY,,255943162150,LHC5E27WH3PK,1,9.27,9.27,2026-03-30 10:06:02,vintageinterior,false
1132959,06-14440-29922,EBAY,,306393941855,WJB3,1,9.89,9.89,2026-03-30 10:21:44,coventrylights,false
1132971,06-14440-29922,EBAY,,306393941855,WJB2,1,5.39,5.39,2026-03-30 10:21:44,coventrylights,false
1132972,07-14438-79029,EBAY,,166839718006,12IP2036,1,6.99,6.99,2026-03-30 10:26:30,led_sone,false
1132973,01-14447-98586,EBAY,,163008902707,12IP6710,1,6.55,6.89,2026-03-30 10:24:44,led_sone,false
1132974,01-14447-99738,EBAY,,163539409751,12SIP6760,1,14.89,14.89,2026-03-30 10:29:05,led_sone,false
1132983,12-14431-49228,EBAY,,317030316794,CL3TBR5PK,1,12.99,12.99,2026-03-30 10:32:43,so_926407,false
1132984,12-14431-49228,EBAY,,317030316794,CL3TBRAPK,1,22.89,22.89,2026-03-30 10:32:43,so_926407,false
1133004,20-14419-79618,EBAY,,265835389958,ENC685,1,50.34,52.99,2026-03-30 11:06:41,electricalsone,false
1133006,08-14437-05345,EBAY,,304807545741,CRFF140YB+HK10YB,1,8.47,5.89,2026-03-30 11:04:22,coventrylights,false
1133010,12-14431-60053,EBAY,,162799417330,5IP2028,1,5.22,5.49,2026-03-30 11:13:59,led_sone,false
1133011,15-14427-05732,EBAY,,165397658552,CRSF100YB+CL3TGD+LHSHE27YB,1,9.78,10.29,2026-03-30 11:15:31,led_sone,false
1133024,08-14437-11348,EBAY,,265660312592,LDMT45B224,1,5.22,5.49,2026-03-30 11:27:03,electricalsone,false
1133030,04-14443-24473,EBAY,,266015552803,ENC4087,1,42.29,42.29,2026-03-30 11:34:11,electricalsone,false
1133042,13-14430-42454,EBAY,,164725952794,CRFF100BM+PHUP1PBRBM,2,21.44,11.29,2026-03-30 11:54:32,led_sone,false
1133043,13-14430-44027,EBAY,,166743634839,TPCLXX201GY+ICST64E27,1,22.89,22.89,2026-03-30 12:00:02,led_sone,false
1133045,21-14418-20641,EBAY,,265750044855,CL3RGL,8,21.92,3.05,2026-03-30 11:55:20,electricalsone,false
1133046,26-14411-24450,EBAY,,267121715682,12IP67202PK,1,15.19,15.99,2026-03-30 11:58:32,electricalsone,false
1133055,02-14446-45010,EBAY,,164775055128,CL3RBM,3,14.67,4.89,2026-03-30 12:00:50,led_sone,false
1133056,26-14411-25360,EBAY,,165397658552,CRSF100CH+CL3TGY+LHSHE27CH,2,19.54,10.29,2026-03-30 12:01:42,led_sone,false
1133057,17-14424-29585,EBAY,,163585361443,12IP6720,1,10.99,10.99,2026-03-30 12:07:54,led_sone,false
1133072,14-14428-80789,EBAY,,161782384942,12UK3P8A,2,27.70,13.85,2026-03-30 12:12:34,led_sone,false
1133073,14-14428-80789,EBAY,,163964665683,12UK3P1A,1,6.99,6.99,2026-03-30 12:12:34,led_sone,false
1133074,14-14428-80789,EBAY,,161782384942,CODCCR2PK,2,9.98,4.99,2026-03-30 12:12:34,led_sone,false
1133075,15-14427-22614,EBAY,,164284505319,12SIP6760,1,13.78,13.78,2026-03-30 12:15:24,led_sone,false
1133076,06-14440-61769,EBAY,,164176156205,WLFS220BM,1,14.99,14.99,2026-03-30 12:18:08,led_sone,false
1133077,19-14421-57977,EBAY,,164389514552,PSDS2BMRBM+ICST64E27,1,16.89,16.89,2026-03-30 12:16:45,led_sone,false
1133081,26-14411-29089,EBAY,,335756045469,LDMC35E142APK,1,30.90,30.90,2026-03-30 12:14:34,lighting_sone,false
1133097,19-14421-61663,EBAY,,162889183073,CRSF108CH,2,10.42,5.49,2026-03-30 12:29:06,led_sone,false
1133098,11-14433-11855,EBAY,,166173994461,SPSDP2BM3PK,1,13.29,13.29,2026-03-30 12:29:39,led_sone,false
1133101,05-14442-37604,EBAY,,266190359528,CRFF500BM+LHNDE27BM2PK+LHNSE27BM+LSDO210RE3PK,1,36.18,36.18,2026-03-30 12:39:47,electricalsone,false
1133102,12-14431-83406,EBAY,,256511119337,CL2RHE5PK,1,15.38,12.49,2026-03-30 12:35:12,vintageinterior,false
1133110,19-14421-65610,EBAY,,267002624540,ENC3947,1,38.03,40.89,2026-03-30 12:41:43,electricalsone,false
1133111,03-14444-81705,EBAY,,163585361443,24IP6710,1,5.99,5.99,2026-03-30 12:42:48,led_sone,false
1133112,01-14448-38422,EBAY,,335451409411,CRSF100CH+WSLS170SN+LSCP150BL,2,26.32,13.86,2026-03-30 12:46:45,re6865,false
1133133,11-14433-23094,EBAY,,317979913894,SPPGUK3PTR6PK,1,10.97,8.69,2026-03-30 13:04:29,so_926407,false
1133135,21-14418-43297,EBAY,,266027916399,LHRBE27WH3PK,1,10.44,10.99,2026-03-30 13:08:26,electricalsone,false
1133139,08-14437-44823,EBAY,,305698723917,LDMG80B224,1,5.49,5.49,2026-03-30 13:16:53,coventrylights,false
1133140,08-14437-44823,EBAY,,305698723917,LDMG95B228,1,5.99,5.99,2026-03-30 13:16:53,coventrylights,false
1133150,05-14442-52484,EBAY,,256932904340,WSWTBS,1,20.80,21.89,2026-03-30 13:23:57,vintageinterior,false
1133152,12-14432-01895,EBAY,,164492030061,CL2TOR,1,2.69,2.69,2026-03-30 13:29:49,led_sone,false
1133153,12-14432-01895,EBAY,,164492030061,CL2TBU,1,2.69,2.69,2026-03-30 13:29:49,led_sone,false
1133154,12-14432-01895,EBAY,,164492030061,CL2TYE,1,2.89,2.89,2026-03-30 13:29:49,led_sone,false
1133155,12-14432-01895,EBAY,,164492030061,CL2TGR,1,2.69,2.69,2026-03-30 13:29:49,led_sone,false
1133156,19-14421-80267,EBAY,,267120297665,LDMC35E144,1,5.69,5.99,2026-03-30 13:24:54,electricalsone,false
1133163,10-14434-62261,EBAY,,266190305943,CL2RHE5PK,1,10.99,10.99,2026-03-30 13:31:26,electricalsone,false
1133176,19-14421-91701,EBAY,,266196406229,CRFF75CH,1,4.74,4.99,2026-03-30 13:55:13,electricalsone,false
1133177,05-14442-63229,EBAY,,164817813304,12IP6760,2,32.26,16.98,2026-03-30 13:52:26,led_sone,false
1133178,27-14410-41113,EBAY,,161782384942,12UK3P5A,3,35.94,12.89,2026-03-30 13:55:09,led_sone,false
1133179,15-14427-57051,EBAY,,163844479887,PSOS4BMBBM,1,10.99,10.99,2026-03-30 13:55:53,led_sone,false
1133185,27-14410-46688,EBAY,,256487880217,WCWDBM+RPR44WH,1,8.15,8.58,2026-03-30 14:08:56,vintageinterior,false
1133186,01-14448-67281,EBAY,,164492030061,CL3TBP,3,10.71,3.57,2026-03-30 14:06:06,led_sone,false
1133200,04-14443-77262,EBAY,,304786418809,WCVCBC+RPR44WH,3,23.34,8.37,2026-03-30 14:12:46,coventrylights,false
1133201,23-14416-24536,EBAY,,167343173306,ENC2080,1,30.59,32.89,2026-03-30 14:21:25,led_sone,false
1133210,10-14434-82976,EBAY,,334012246132,CRSF100BM+WSLS155YB+SCRN70BM+LSFT220GR,1,15.79,15.79,2026-03-30 14:23:36,re6865,false
1133211,14-14429-27295,EBAY,,164714077597,5IP2050,3,23.67,8.49,2026-03-30 14:23:42,led_sone,false
1133212,23-14416-36186,EBAY,,164942250673,CL3TBM,3,17.97,5.99,2026-03-30 14:48:24,led_sone,false
1133213,15-14427-67899,EBAY,,267120297665,LDMST64E2742PK,1,9.21,9.69,2026-03-30 14:22:22,electricalsone,false
1133220,11-14433-57430,EBAY,,313527919541,LHETB22GD,1,5.57,5.99,2026-03-30 14:33:29,so_926407,false
1133221,19-14422-09000,EBAY,,123015211066,CL2TBM,3,8.13,2.89,2026-03-30 14:37:10,dctransformer,false
1133225,23-14416-36186,EBAY,,165838815688,CRSF100BM,4,23.16,5.79,2026-03-30 14:48:24,led_sone,false
1133230,27-14410-65313,EBAY,,317593252015,TSLCQA15WH,2,14.52,5.99,2026-03-30 14:52:22,so_926407,false
1133231,12-14432-36066,EBAY,,166609114388,BSTS815GY,1,8.99,8.99,2026-03-30 14:53:27,led_sone,false
1133246,19-14422-22135,EBAY,,304963286889,CRSF100WH+PHUP1PWRWH,1,8.45,8.89,2026-03-30 15:06:50,coventrylights,false
1133247,07-14439-72428,EBAY,,266188029327,CCBC36,1,8.07,8.49,2026-03-30 15:04:16,electricalsone,false
1133255,14-14429-52483,EBAY,,163163139150,LHC3E27WH,1,5.89,5.89,2026-03-30 15:20:29,led_sone,false
1133262,09-14436-68082,EBAY,,266196533799,LSDO210RE+RPR44WH,1,9.89,10.99,2026-03-30 15:27:44,electricalsone,false
1133270,18-14423-76628,EBAY,,163309082713,PHSF1BRRCO+SCRN70BM,2,22.58,11.89,2026-03-30 15:33:16,led_sone,false
1133271,04-14444-14934,EBAY,,167943331717,CL3RBKAPK,1,19.99,19.99,2026-03-30 15:37:27,led_sone,false
1133272,08-14438-04767,EBAY,,167833569765,WCCYSP160BM2PK+RPR44WH2PK,1,22.89,22.89,2026-03-30 15:38:54,led_sone,false
1133278,25-14413-65558,EBAY,,315702425353,LHSHE27YB2PK,1,10.35,10.89,2026-03-30 15:44:33,so_926407,false
1133291,25-14413-70153,EBAY,,162553025729,LDMST64E2743PK,1,12.44,13.09,2026-03-30 15:54:12,led_sone,false
1133292,14-14429-68893,EBAY,,163103895742,LDMA60E278WW,1,6.17,6.49,2026-03-30 15:55:08,led_sone,false
1133293,03-14445-63645,EBAY,,167833569765,WCCYSP160WH,1,12.89,12.89,2026-03-30 16:00:28,led_sone,false
1133294,07-14439-98210,EBAY,,335501609826,CRSF100BM+PHSH1PBRYB+SCRN70BM+LSGG200AR,1,28.85,28.85,2026-03-30 15:58:33,re6865,false
1133301,08-14438-17207,EBAY,,163964665683,12UK3P5A,1,12.25,12.89,2026-03-30 16:04:29,led_sone,false
1133312,24-14430-00434,EBAY,,164525233292,LSDO400RE+RPR44WH,1,17.89,17.89,2026-03-30 16:19:25,led_sone,false
1133313,24-14430-00434,EBAY,,166166799334,SPSDP1BM,1,4.89,4.89,2026-03-30 16:19:25,led_sone,false
1133322,24-14430-03975,EBAY,,312959065511,CL2TBM,1,5.64,2.89,2026-03-30 16:26:29,so_926407,false
1133326,20-14421-05089,EBAY,,267121715682,12IP67152PK,2,20.88,10.99,2026-03-30 16:34:19,electricalsone,false
1133327,20-14421-06710,EBAY,,123875612544,CL3TGR,4,9.36,2.60,2026-03-30 16:37:40,dctransformer,false
1133331,10-14435-50877,EBAY,,253070126632,LHRTE27WH,1,5.89,5.89,2026-03-30 16:47:57,vintageinterior,false
1133332,01-14449-39962,EBAY,,165700716117,CRSF100GR+WSCH135GR+LSHQ150GR,5,65.40,13.08,2026-03-30 16:42:13,led_sone,false
1133333,21-14419-37160,EBAY,,165201467647,12MIP2025,1,5.49,5.49,2026-03-30 16:43:12,led_sone,false
1133334,10-14435-50056,EBAY,,162889183073,CRFF140CH,2,10.42,5.49,2026-03-30 16:46:15,led_sone,false
1133335,15-14428-35663,EBAY,,164492030061,CL3THE,1,3.19,3.19,2026-03-30 16:46:52,led_sone,false
1133341,26-14412-46345,EBAY,,161782384942,12UK3P2A,1,7.89,7.89,2026-03-30 16:56:34,led_sone,false
1133342,23-14416-95298,EBAY,,265768509380,ENC9482,1,32.89,32.89,2026-03-30 16:52:57,electricalsone,false
1133348,21-14419-46102,EBAY,,164261730528,12BO18,1,7.88,8.29,2026-03-30 17:01:24,led_sone,false
1133349,09-14437-14244,EBAY,,163527822125,LHSHE27YB,2,10.42,5.49,2026-03-30 17:01:36,led_sone,false
1133350,09-14437-15046,EBAY,,163225741603,CO1260ACL,1,5.99,5.99,2026-03-30 17:03:14,led_sone,false
1133351,17-14425-52950,EBAY,,165458233266,PHSF1PBRYB+LSCY290BI+ICST64E27,2,35.36,18.61,2026-03-30 17:03:40,led_sone,false
1133353,17-14425-53536,EBAY,,163507304296,RPM40BM2PK,2,9.48,4.99,2026-03-30 17:04:58,led_sone,false
1133354,02-14447-72587,EBAY,,164492030061,CL3TBK,3,9.87,3.29,2026-03-30 17:06:18,led_sone,false
1133356,02-14447-72589,EBAY,,266263552527,LHAHE27GB2PK,1,8.99,8.99,2026-03-30 17:06:07,electricalsone,false
1133357,11-14434-31824,EBAY,,266197864846,PSOS2HETBM,1,11.49,11.49,2026-03-30 17:09:29,electricalsone,false
1133360,17-14425-60004,EBAY,,123936254662,PSOS2YBRPB,1,10.89,10.89,2026-03-30 17:18:10,dctransformer,false
1133365,06-14441-91655,EBAY,,267340970424,CL3RGD3PK,1,5.99,5.99,2026-03-30 17:22:17,electricalsone,false
1133368,15-14428-58204,EBAY,,267284134030,CL3RLB,1,2.69,2.69,2026-03-30 17:32:12,electricalsone,false
1133369,14-14430-19327,EBAY,,265683898768,LDMT45E2743PK,1,11.97,12.87,2026-03-30 17:37:09,electricalsone,false
1133374,01-14449-69030,EBAY,,255943163408,CGCYGB5PK,1,5.79,5.79,2026-03-30 17:40:56,vintageinterior,false
1133375,01-14449-69031,EBAY,,316836925753,CL3TGL,10,28.70,3.19,2026-03-30 17:40:52,so_926407,false
1133376,07-14440-50652,EBAY,,163141938615,CL2RGD,4,14.79,2.89,2026-03-30 17:44:21,led_sone,false
1133385,08-14438-72664,EBAY,,165452014120,LHRIE14WH,1,5.89,5.89,2026-03-30 17:56:30,led_sone,false
1133387,27-14411-55336,EBAY,,163143473653,CL2RGL,4,10.40,2.89,2026-03-30 17:59:43,led_sone,false
1133391,13-14431-98854,EBAY,,316098644665,LSCY290YB2PK+RPR44WH2PK,1,29.56,31.79,2026-03-30 18:02:04,so_926407,false
1133396,15-14428-80870,EBAY,,266217286579,HRE2738WH2PK,1,5.99,5.99,2026-03-30 18:18:26,electricalsone,false
1133397,20-14421-55407,EBAY,,304822397002,LHSHE27CO,1,8.47,5.89,2026-03-30 18:16:34,coventrylights,false
1133398,08-14438-83724,EBAY,,335680616357,LDMG95E274APK,1,27.89,27.89,2026-03-30 18:19:31,lighting_sone,false
1133399,19-14423-11625,EBAY,,166554263247,CKEC02WH,1,9.99,9.99,2026-03-30 18:15:52,led_sone,false
1133423,27-14411-77578,EBAY,,312894053871,CBSF115,1,5.11,5.49,2026-03-30 18:45:49,so_926407,false
1133424,03-14446-42944,EBAY,,255943163525,CRSF108CH,1,5.09,5.09,2026-03-30 18:41:32,vintageinterior,false
1133437,20-14422-03717,EBAY,,163740897083,CL3RHE,1,3.09,3.09,2026-03-30 19:52:59,led_sone,false
1133438,17-14426-11991,EBAY,,267120297665,LDMST64E278,1,8.45,8.89,2026-03-30 19:04:10,electricalsone,false
1133450,20-14421-87759,EBAY,,266190309001,CNP1000CH,1,8.49,8.49,2026-03-30 19:23:26,electricalsone,false
1133462,27-14412-01010,EBAY,,304785660796,LSCP150BD+RPR44WH,1,8.99,9.99,2026-03-30 19:34:15,coventrylights,false
1133463,07-14441-04176,EBAY,,304812736194,12IP20120,1,15.89,15.89,2026-03-30 19:35:01,coventrylights,false
1133471,26-14413-30828,EBAY,,163441967260,CRFF108YB+WSSS70YB+SCRN70YB,3,25.62,8.99,2026-03-30 19:48:08,led_sone,false
1133472,22-14419-19308,EBAY,,265835389958,PLADBM,1,42.74,44.99,2026-03-30 19:47:22,electricalsone,false
1133484,03-14446-80560,EBAY,,267068731282,12IP6730,1,13.48,14.19,2026-03-30 19:55:20,electricalsone,false
1133485,25-14414-86873,EBAY,,304859368893,ENC42,1,19.49,19.49,2026-03-30 19:51:03,coventrylights,false
1133488,20-14422-03717,EBAY,,163740897083,CL3RHE,5,15.45,3.09,2026-03-30 19:52:59,led_sone,false
1133489,10-14436-43026,EBAY,,255943162124,PSOS2HETBM,1,10.73,11.29,2026-03-30 19:53:36,vintageinterior,false
1133490,12-14433-85921,EBAY,,256475004969,LDMG95B224,2,11.06,5.82,2026-03-30 19:58:41,vintageinterior,false
1133496,11-14435-17897,EBAY,,333479997075,CCBKNWE36,1,8.99,8.99,2026-03-30 20:01:02,re6865,false
1133501,14-14431-00906,EBAY,,163949711078,LHBRE27BM3PK,1,9.89,9.89,2026-03-30 20:16:20,bestbringer,false
1133503,09-14438-13819,EBAY,,165479339052,CRSF100BM+PHBK1PBRBA+ICST64E27,1,13.89,13.89,2026-03-30 20:16:50,led_sone,false
1133511,24-14431-28910,EBAY,,313484742661,12IP20360,1,23.94,22.16,2026-03-30 20:30:19,so_926407,false
1133518,09-14438-24032,EBAY,,316833980444,LSFT220GY+RPR44WH,3,29.40,10.89,2026-03-30 20:33:36,so_926407,false
1133528,24-14431-67855,EBAY,,267214427494,WCDSBM,1,6.49,6.49,2026-03-30 21:49:48,electricalsone,false
1133529,21-14420-64281,EBAY,,167833569765,WCCYSP160BM2PK+RPR44WH2PK,1,22.89,22.89,2026-03-30 20:47:57,led_sone,false
1133537,23-14418-19797,EBAY,,266188029327,CCBC5,1,5.22,5.49,2026-03-30 20:52:45,electricalsone,false
1133538,09-14438-35485,EBAY,,313614825918,LHBRE27BM+CGMLBM,1,6.78,7.29,2026-03-30 20:54:44,so_926407,false
1133539,26-14413-70719,EBAY,,304785656245,LSMS320GR+RPR44WH,1,14.15,14.89,2026-03-30 20:56:55,coventrylights,false
1133549,01-14450-78308,EBAY,,163502414049,LSOL220SN+RPR44WH,1,9.79,9.79,2026-03-30 21:09:34,led_sone,false
1133558,21-14420-81997,EBAY,,315506602283,12UK3P2A,1,10.39,7.89,2026-03-30 21:24:04,so_926407,false
1133559,27-14412-61397,EBAY,,163693940389,CBSF100,1,4.99,4.99,2026-03-30 21:22:22,led_sone,false
1133560,03-14447-31458,EBAY,,164650149128,CL3RGY3PK,1,9.29,9.99,2026-03-30 21:26:24,led_sone,false
1133561,06-14443-19504,EBAY,,164725952794,CRFF100CO+PHUP1PBRCO,4,32.36,8.99,2026-03-30 21:27:34,led_sone,false
1133562,09-14438-51348,EBAY,,266190324892,HRE1428WH2PK,1,6.99,6.99,2026-03-30 21:26:13,electricalsone,false
1133569,09-14438-55401,EBAY,,266190476182,12IP20240,3,54.39,19.50,2026-03-30 21:35:11,electricalsone,false
1133570,08-14439-87440,EBAY,,267328643827,WCDCBM+RPR44WH,1,10.99,10.99,2026-03-30 21:36:58,electricalsone,false
1133573,07-14441-73060,EBAY,,267213772077,12IP20242PK,1,9.20,9.68,2026-03-30 21:40:53,electricalsone,false
1133574,04-14446-03314,EBAY,,267120297665,LDMST64E2783PK,1,19.56,20.59,2026-03-30 21:48:05,electricalsone,false
1133575,24-14431-67855,EBAY,,265660312592,LDMST64B228,1,6.89,6.89,2026-03-30 21:49:48,electricalsone,false
1133576,26-14413-92443,EBAY,,163999115806,SPSD78SN2PK,1,6.99,6.99,2026-03-30 21:43:11,led_sone,false
1133587,11-14435-76559,EBAY,,164876989304,LHCCE27RE+CGMLBM,1,5.49,5.49,2026-03-30 21:53:30,led_sone,false
1133588,05-14445-01059,EBAY,,266673728208,LSTF400GR+RPR44WH,1,14.48,12.29,2026-03-30 21:56:00,electricalsone,false
1133589,07-14441-80089,EBAY,,267192693105,PHSF1BMTBM2PK,1,16.71,17.59,2026-03-30 21:57:20,electricalsone,false
1133590,19-14424-28950,EBAY,,266190303273,12UK3P5A+SLW8,1,15.35,16.16,2026-03-30 22:00:31,electricalsone,false
1133599,19-14424-30878,EBAY,,266188029327,CCBC362PK,3,39.66,14.22,2026-03-30 22:05:12,electricalsone,false
1133600,01-14451-03343,EBAY,,164261730528,12BO28,1,10.99,10.99,2026-03-30 22:04:22,led_sone,false
1133601,01-14451-03343,EBAY,,164261730528,12BO48,3,44.67,14.89,2026-03-30 22:04:22,led_sone,false
1133602,21-14420-98908,EBAY,,305682162344,LSFT220RE+RPR44WH,1,8.54,8.99,2026-03-30 22:04:06,coventrylights,false
1133615,14-14431-59886,EBAY,,266164545228,LDMT45B224,1,5.49,5.49,2026-03-30 22:17:22,electricalsone,false
1133616,21-14421-04486,EBAY,,304831204871,12IP6745,1,14.98,14.98,2026-03-30 22:18:07,coventrylights,false
1133628,27-14412-89020,EBAY,,165692623802,CRSF100GS+PHSH1HETYB+ICST64E27,1,16.89,16.89,2026-03-30 22:29:23,led_sone,false
1133629,21-14421-07389,EBAY,,335680616357,LDMG95E274,1,6.89,6.89,2026-03-30 22:25:41,lighting_sone,false
1133645,20-14422-89371,EBAY,,163607087744,PHSF2BRTCO,1,12.92,13.89,2026-03-30 22:50:53,led_sone,false
1133646,27-14412-99612,EBAY,,163585361443,12IP6720,1,10.99,10.99,2026-03-30 22:58:09,led_sone,false
1133647,13-14433-40818,EBAY,,267192693105,PHSF1BMTBM,1,9.97,10.49,2026-03-30 22:52:35,electricalsone,false
1133656,27-14413-02675,EBAY,,164046479684,PSDS4BMRRE,1,12.25,12.89,2026-03-30 23:06:54,led_sone,false
1133657,06-14443-57312,EBAY,,317534386383,WSCAGCCH+LDC35E1443PK,4,161.96,44.99,2026-03-30 23:02:21,so_926407,false
1133664,23-14418-77530,EBAY,,266027916399,LHRTE27WH,1,4.65,4.89,2026-03-30 23:11:42,electricalsone,false
1133677,14-14431-89766,EBAY,,167943434245,CL3TGDAPK,1,22.89,22.89,2026-03-30 23:42:26,led_sone,false
1133678,18-14426-10091,EBAY,,164823825387,CRSF100BM+LHLFE27BM+LSDO210BC+ICST64E27,1,17.94,18.88,2026-03-30 23:49:13,led_sone,false
1133686,08-14440-39627,EBAY,,266630626996,WCB7WH+RPR44WH,1,8.54,8.99,2026-03-30 23:59:47,electricalsone,false
1133693,19-14424-76505,EBAY,,306364873239,RWWPSY0860YE,1,6.28,6.28,2026-03-31 00:16:18,coventrylights,false
1133698,11-14436-32885,EBAY,,163126352418,CL3TWH,1,3.09,3.09,2026-03-31 00:32:55,led_sone,false
1133699,21-14421-53358,EBAY,,163044298685,LDMT45B224,6,29.64,5.49,2026-03-31 00:40:39,led_sone,false
1133704,14-14432-16926,EBAY,,126260845665,WJCUNFJWH3PK,1,14.89,14.89,2026-03-31 01:05:12,dctransformer,false
1133705,19-14424-99617,EBAY,,164725952794,CRFF100BM+PHUP1PBRBM,4,40.64,11.29,2026-03-31 01:25:45,led_sone,false
1133712,06-14444-33036,EBAY,,163585361443,24IP6710,1,5.99,5.99,2026-03-31 02:49:44,led_sone,false
1133713,01-14452-02686,EBAY,,164914367042,12IP20720,1,58.86,46.87,2026-03-31 02:53:41,led_sone,false
1133718,18-14426-87274,EBAY,,164588494807,LDMG125E2783PK,2,35.60,17.80,2026-03-31 03:44:37,led_sone,false
1133763,13-14434-54611,EBAY,,306710394027,CRFF140GL+WSWH135BM+LSDO210BL,2,33.78,16.89,2026-03-31 04:54:48,coventrylights,false
1133764,13-14434-54611,EBAY,,304806096153,ENC2070,2,38.90,19.45,2026-03-31 04:54:48,coventrylights,false
1133765,13-14434-54610,EBAY,,164176156205,WLFS220BM,2,28.48,14.99,2026-03-31 04:54:52,led_sone,false
1133770,09-14440-10969,EBAY,,164914367042,12MIP20252PK,5,35.50,7.89,2026-03-31 05:49:07,led_sone,false
1133776,14-14433-08024,EBAY,,306710394027,CRFF140GL+WSWH135BM+LSDO210GR+ICST64E27,2,37.00,19.89,2026-03-31 06:46:52,coventrylights,false
1133777,22-14421-43623,EBAY,,167563481274,SPSSDBMAPK,1,12.78,4.91,2026-03-31 06:48:04,led_sone,false
1133789,09-14440-30372,EBAY,,165709660426,PHSF1GYTCH,1,10.99,10.99,2026-03-31 07:41:19,led_sone,false
1133791,10-14438-74986,EBAY,,165201467647,12IP2060,1,10.89,10.89,2026-03-31 07:50:00,led_sone,false
1133806,01-14452-73759,EBAY,,255943163487,CBSF100,1,8.38,5.49,2026-03-31 08:20:10,vintageinterior,false
1133808,12-14436-19084,EBAY,,165675520730,12UK3P10A,1,16.99,16.99,2026-03-31 08:12:50,led_sone,false
1133817,15-14431-69614,EBAY,,164430564849,WCRPHE,1,12.89,12.89,2026-03-31 08:38:08,led_sone,false
1133821,04-14447-84219,EBAY,,164492030061,CL2TBR,4,11.96,2.99,2026-03-31 08:41:00,led_sone,false
1133822,04-14447-84737,EBAY,,167681268262,WCCYROCH+LDMT45E274,2,43.74,21.87,2026-03-31 08:43:43,led_sone,false
1133823,04-14447-84737,EBAY,,166471983297,CRFF500CH+WCCY1ROCH3PK,1,48.29,48.29,2026-03-31 08:43:43,led_sone,false
1133824,14-14433-28986,EBAY,,167943689167,CERU36200GR,1,4.99,4.99,2026-03-31 08:43:27,led_sone,false
1133833,10-14438-89106,EBAY,,162984756666,CL3RBR,3,9.93,3.56,2026-03-31 09:04:07,led_sone,false
1133834,04-14447-88820,EBAY,,162577818724,CO1260ACL5PK,1,8.99,8.99,2026-03-31 09:04:12,led_sone,false
1133835,15-14431-75901,EBAY,,267325902201,CRFF500BM+LHNDE27BM2PK+LHNSE27BM+LSDO210BM3PK,1,32.47,34.18,2026-03-31 09:10:03,electricalsone,false
1133841,02-14451-05540,EBAY,,266630626996,WCB6BM+RPR44WH,1,8.54,8.99,2026-03-31 09:16:52,electricalsone,false
1133842,18-14427-53414,EBAY,,315379102143,LDMG125B228,1,11.43,8.99,2026-03-31 09:17:38,so_926407,false
1133843,24-14433-53776,EBAY,,164942250673,CL2RBR,5,13.45,2.99,2026-03-31 09:14:00,led_sone,false
1133852,02-14451-06621,EBAY,,336133245139,LDCWB225,1,3.10,3.10,2026-03-31 09:22:13,lighting_sone,false
1133853,23-14420-35455,EBAY,,255991563117,WCB4RR+RPR44WH,1,7.49,7.49,2026-03-31 09:28:32,vintageinterior,false
1133854,23-14420-35455,EBAY,,255991563117,WCB7RR+RPR44WH,1,8.99,8.99,2026-03-31 09:28:32,vintageinterior,false
1133855,26-14415-82635,EBAY,,267325902201,ENC3287,1,39.91,42.01,2026-03-31 09:20:57,electricalsone,false
1133856,26-14415-82634,EBAY,,165711579717,ENC4001,1,42.67,45.88,2026-03-31 09:21:00,led_sone,false
1133857,09-14440-51054,EBAY,,164743468578,CL3TAG,1,2.99,2.99,2026-03-31 09:28:05,led_sone,false
1133861,23-14420-36211,EBAY,,314230495895,PCBI300TP,4,14.80,4.11,2026-03-31 09:32:04,so_926407,false
1133862,14-14433-39116,EBAY,,165629752176,CCBKNWE40,1,9.29,9.29,2026-03-31 09:33:35,led_sone,false
1133863,27-14414-63092,EBAY,,163044298685,LDMT45E274,1,5.49,5.49,2026-03-31 09:34:02,led_sone,false
1133864,08-14441-84068,EBAY,,124785208506,CCGNNWE48,2,21.12,10.89,2026-03-31 09:37:18,dctransformer,false
1133876,08-14441-86877,EBAY,,164610868952,CRSF100BM+WSLS155YB+SCRN70BM+LSOL180BM,3,44.31,15.89,2026-03-31 09:50:30,led_sone,false
1133877,14-14433-44315,EBAY,,164523223520,CRSF100RR+PHCH1PBRRR+LSCY210RR,1,16.89,16.89,2026-03-31 09:58:07,led_sone,false
1133880,21-14422-89479,EBAY,,122567684344,CL3TRO,1,2.67,2.67,2026-03-31 10:04:25,dctransformer,false
1133886,16-14430-56853,EBAY,,267387143523,LHRIE14BM,1,5.99,5.99,2026-03-31 10:20:17,electricalsone,false
1133888,04-14448-03603,EBAY,,317979913894,SPPGUK3PTR4PK,1,8.46,5.99,2026-03-31 10:14:46,so_926407,false
1133889,21-14422-91876,EBAY,,313970190847,12RPIP45250,1,17.15,19.06,2026-03-31 10:15:34,so_926407,false
1133901,19-14426-26393,EBAY,,165096681980,12SAN60,1,12.89,12.89,2026-03-31 10:28:40,led_sone,false
1133902,22-14421-86713,EBAY,,162075051842,CCBC9,1,5.49,5.49,2026-03-31 10:30:13,led_sone,false
1133903,22-14421-86713,EBAY,,162075051842,CCBC18,1,6.29,6.29,2026-03-31 10:30:13,led_sone,false
1133915,15-14431-97275,EBAY,,167694841715,CRSF100BM+PHHT1PBRBM+LSHM400HE,1,34.10,34.10,2026-03-31 10:48:37,led_sone,false
1133916,10-14439-11785,EBAY,,161782384942,12UK3P2A,2,14.98,7.89,2026-03-31 10:49:15,led_sone,false
1133917,18-14427-72904,EBAY,,162609557875,HK10BM2PK,1,4.99,4.99,2026-03-31 10:47:21,led_sone,false
1133918,18-14427-72904,EBAY,,164494292287,PSOS4YBRPB+LSSS300BM+ICST64E27,1,21.89,21.89,2026-03-31 10:47:21,led_sone,false
1133919,24-14433-74110,EBAY,,163033753714,WCVCBC+RPR44WH,2,17.08,8.99,2026-03-31 10:47:22,led_sone,false
1133927,26-14416-04083,EBAY,,164638153137,CCBKNWE12,1,5.89,5.89,2026-03-31 10:58:46,led_sone,false
1133935,16-14430-67659,EBAY,,163033753714,WCVCBC+RPR44WH,1,8.99,8.99,2026-03-31 11:06:40,led_sone,false
1133940,18-14427-79964,EBAY,,256013037043,PCBI400TP2PK,4,46.04,12.79,2026-03-31 11:16:47,vintageinterior,false
1133941,02-14451-31002,EBAY,,164916950928,CCGNNSWE48,1,10.99,10.99,2026-03-31 11:11:24,led_sone,false
1133942,16-14430-69883,EBAY,,163834239332,CRSF100BM+LHNSE27YB+SCRN70BM+LSFT220BM+ICST64E2740,2,37.78,19.89,2026-03-31 11:15:56,led_sone,false
1133948,09-14440-76457,EBAY,,333933595276,CNP1000CH2PK,2,12.86,6.77,2026-03-31 11:21:09,re6865,false
1133950,09-14440-77511,EBAY,,163044298685,LDMST64B224,4,25.16,6.99,2026-03-31 11:25:26,led_sone,false
1133951,19-14426-40800,EBAY,,163481444917,PHSF1GDRYB,4,39.56,10.99,2026-03-31 11:28:51,led_sone,false
1133956,05-14447-17905,EBAY,,266197864707,PSOS2BMB14BM+ICC35E1460,1,10.13,10.89,2026-03-31 11:38:25,electricalsone,false
1133957,20-14424-84940,EBAY,,166032301756,LHSHE27BY2PK,1,9.99,9.99,2026-03-31 11:40:00,led_sone,false
1133958,20-14424-84940,EBAY,,166032301756,LHBLE27SN2PK,1,10.99,10.99,2026-03-31 11:40:00,led_sone,false
1133961,22-14422-05341,EBAY,,305698440823,CL3TGL3PK,1,7.80,8.21,2026-03-31 11:47:35,coventrylights,false
1133962,19-14426-43825,EBAY,,165289623964,CCBKNWE18,1,6.89,6.89,2026-03-31 11:40:46,led_sone,false
1133964,18-14427-87719,EBAY,,315297828506,LSTF400GY2PK+RPR44WH2PK,1,25.01,26.89,2026-03-31 11:47:24,so_926407,false
1133972,03-14449-64947,EBAY,,164033759158,LHAHE27BM,1,5.49,5.49,2026-03-31 11:51:45,led_sone,false
1133973,18-14427-88959,EBAY,,266742973079,CL3TGY3PK,1,8.49,8.49,2026-03-31 11:52:13,electricalsone,false
1133985,01-14453-38101,EBAY,,163697929078,CRFF140YB,2,10.98,5.49,2026-03-31 12:55:19,led_sone,false
1133987,05-14447-25941,EBAY,,163814884066,CRSF108GB+HKR10GB,1,6.99,6.99,2026-03-31 12:09:28,led_sone,false
1133991,22-14422-11492,EBAY,,161782384942,12UK3P2A,1,7.89,7.89,2026-03-31 12:10:41,led_sone,false
1133992,17-14429-26122,EBAY,,165700716117,CRSF100WH+WSCH135WH+LSHQ150WH,1,13.08,13.08,2026-03-31 12:10:50,led_sone,false
1133994,16-14430-86611,EBAY,,267071769774,LDSSTRE2742PK,1,17.79,17.79,2026-03-31 12:20:25,electricalsone,false
1134006,18-14427-99731,EBAY,,164914367042,12IP2015,1,5.49,5.49,2026-03-31 12:32:14,led_sone,false
1134007,04-14448-38457,EBAY,,166814131457,WBMG2030WH,2,14.94,7.87,2026-03-31 12:34:26,led_sone,false
1134008,23-14420-79184,EBAY,,312894053871,CBSF125,1,5.48,5.89,2026-03-31 12:30:42,so_926407,false
1134023,26-14416-34444,EBAY,,164638153137,CCBKNWE7,1,6.30,6.30,2026-03-31 12:53:52,led_sone,false
1134024,01-14453-38101,EBAY,,163143473653,CL3RGL,1,2.89,2.89,2026-03-31 12:55:19,led_sone,false
1134025,08-14442-33523,EBAY,,163008902707,12IP6715,1,7.50,7.89,2026-03-31 12:57:31,led_sone,false
1134031,10-14439-46945,EBAY,,163964665683,12UK3P10A,1,16.14,16.99,2026-03-31 13:02:23,led_sone,false
1134032,02-14451-60888,EBAY,,165452014120,LHRIE14WH,2,11.18,5.89,2026-03-31 13:02:38,led_sone,false
1134037,01-14453-43739,EBAY,,164023295056,ENC458,1,19.88,19.88,2026-03-31 13:13:40,led_sone,false
1134038,21-14423-39580,EBAY,,166863141986,TSWGQBAOR,1,6.99,6.99,2026-03-31 13:17:56,led_sone,false
1134039,05-14447-44704,EBAY,,266192047204,LDWWE27123PK,1,10.22,10.99,2026-03-31 13:14:30,electricalsone,false
1134053,21-14423-41756,EBAY,,167943322064,CL2TRO,1,2.69,2.69,2026-03-31 13:24:31,led_sone,false
1134054,26-14416-44327,EBAY,,163585361443,12IP6760,8,122.24,16.98,2026-03-31 13:25:44,led_sone,false
1134057,02-14451-71186,EBAY,,163795656089,HLHG120CH2PK,1,5.99,5.99,2026-03-31 13:35:06,led_sone,false
1134058,06-14445-83303,EBAY,,163693940389,CBSF75,1,4.99,4.99,2026-03-31 13:39:00,led_sone,false
1134059,13-14435-70373,EBAY,,316836925753,CL3TBR,3,8.88,3.19,2026-03-31 13:40:10,so_926407,false
1134064,25-14418-04432,EBAY,,266673728208,LSTF400GR+RPR44WH,1,14.48,12.29,2026-03-31 13:44:25,electricalsone,false
1134072,05-14447-59931,EBAY,,164585755397,PSOS2BMB14BM,1,8.49,8.49,2026-03-31 14:00:01,led_sone,false
1134076,08-14442-54376,EBAY,,163740897090,CL2RHE,7,20.02,3.18,2026-03-31 14:00:57,led_sone,false
1134078,10-14439-69130,EBAY,,306398083093,PSFW4RBR,1,12.92,13.89,2026-03-31 14:09:19,coventrylights,false
1134090,06-14445-97866,EBAY,,162799417330,12IP20100,1,13.29,13.99,2026-03-31 14:20:40,led_sone,false
1134091,17-14429-68215,EBAY,,164942250673,CL3RGD,1,3.29,3.29,2026-03-31 14:23:35,led_sone,false
1134092,23-14421-16965,EBAY,,164492030061,CL3TBK,3,9.87,3.29,2026-03-31 14:26:51,led_sone,false
1134095,22-14422-57103,EBAY,,164891739470,CO123ACL5PK,1,5.49,5.49,2026-03-31 14:32:46,led_sone,false
1134102,10-14439-82095,EBAY,,165709660426,PHSF1BMTYB,1,9.99,9.99,2026-03-31 14:44:10,led_sone,false
1134104,26-14416-72269,EBAY,,163693940389,CBSF105,1,4.99,4.99,2026-03-31 14:44:44,led_sone,false
1134121,02-14452-05612,EBAY,,306773738969,TPOS1PRBSQ,1,14.78,15.89,2026-03-31 15:09:28,coventrylights,false
1134122,10-14439-90476,EBAY,,164132412290,CCBKNWE48,2,18.78,9.89,2026-03-31 15:05:56,led_sone,false
1134128,25-14418-38369,EBAY,,162975561793,CL3TWH2PK,2,10.98,5.49,2026-03-31 15:15:50,led_sone,false
1134129,25-14418-38369,EBAY,,162975561793,CL3TGDAPK,1,25.89,25.89,2026-03-31 15:15:50,led_sone,false
1134130,13-14436-06746,EBAY,,166898541107,WBERT29RE3PK,1,6.99,6.99,2026-03-31 15:18:27,led_sone,false
1134131,11-14438-66599,EBAY,,162975561793,CL3TBRAPK,1,25.89,25.89,2026-03-31 15:20:39,led_sone,false
1134137,15-14432-82156,EBAY,,256004321338,LHC3E27WH3PK,1,9.32,9.32,2026-03-31 15:21:06,vintageinterior,false
1134150,23-14421-50702,EBAY,,267498024605,CRSF2003CH+LHTMGU10CH3PK+LDGU10CW53PK,1,20.36,21.89,2026-03-31 15:51:54,electricalsone,false
1134151,02-14452-24450,EBAY,,313614826197,12BO28,1,10.35,10.89,2026-03-31 15:55:52,so_926407,false
1134152,02-14452-24568,EBAY,,253064185648,WJB2,1,5.89,5.89,2026-03-31 15:56:12,vintageinterior,false
1134153,14-14434-54644,EBAY,,164492030061,CL2TGY,1,2.99,2.99,2026-03-31 15:55:46,led_sone,false
1134157,19-14427-34663,EBAY,,256087548565,LDCWB2255PK,2,21.46,11.30,2026-03-31 16:07:11,vintageinterior,false
1134165,14-14434-60996,EBAY,,266190476182,24IP20240,1,20.90,22.00,2026-03-31 16:11:01,electricalsone,false
1134169,23-14421-64836,EBAY,,166247756622,WLRPE27BM,1,17.58,18.90,2026-03-31 16:22:16,led_sone,false
1134179,18-14428-89531,EBAY,,255991563117,WCB5RR+RPR44WH,1,7.99,7.99,2026-03-31 16:34:05,vintageinterior,false
1134187,07-14445-05576,EBAY,,165397658552,CRSF100YB+CL3TGD+LHSHE27YB,1,9.78,10.29,2026-03-31 16:45:48,led_sone,false
1134197,08-14443-22699,EBAY,,164994632132,PLTFBC+ICST64E2740,1,20.89,20.89,2026-03-31 16:53:43,led_sone,false
1134204,26-14417-33034,EBAY,,163693940389,CBSF90,1,4.99,4.99,2026-03-31 17:09:11,led_sone,false
1134208,25-14418-88624,EBAY,,164725952794,CRSF100GB+PHUP1PBRGB,2,20.88,10.99,2026-03-31 17:12:47,led_sone,false
1134209,05-14448-39838,EBAY,,166851990846,FCB209A4YEGPK,2,14.98,7.89,2026-03-31 17:16:02,led_sone,false
1134221,26-14417-44689,EBAY,,164261730528,12BO28,1,10.44,10.99,2026-03-31 17:36:24,led_sone,false
1134227,19-14427-79928,EBAY,,305715611096,WCFWROCO+RPR44WH,1,9.40,9.89,2026-03-31 17:50:19,coventrylights,false
1134235,18-14429-25839,EBAY,,314666176316,WCB7BM+RPR44WH,1,8.54,8.99,2026-03-31 17:59:35,so_926407,false
1134250,23-14422-10637,EBAY,,165397658552,CRSF100YB+CL3TBR+LHSHE27YB,1,9.78,10.29,2026-03-31 18:10:06,led_sone,false
1134260,10-14440-72357,EBAY,,315379102143,LDMG95E278,4,25.20,5.99,2026-03-31 18:18:04,so_926407,false
1134271,04-14449-75822,EBAY,,305698723917,LDMST64E274,1,6.64,6.99,2026-03-31 18:26:17,coventrylights,false
1134272,21-14424-64899,EBAY,,255993451406,HLRK45BM,2,9.66,5.09,2026-03-31 18:29:41,vintageinterior,false
1134281,22-14423-54957,EBAY,,162276028284,12IP67150,1,29.35,30.89,2026-03-31 18:31:35,led_sone,false
1134286,07-14445-58240,EBAY,,267213772077,12IP20400,1,23.63,24.87,2026-03-31 18:50:16,electricalsone,false
1134287,08-14443-73743,EBAY,,335742953763,PSDS2RBM,1,10.89,10.89,2026-03-31 18:49:12,lighting_sone,false
1134288,26-14417-72787,EBAY,,165867969333,CRSF100FG+PHRI1PBRFG+LSBG136AR,2,39.68,20.89,2026-03-31 18:42:55,led_sone,false
1134289,13-14436-97784,EBAY,,164043595851,LSCY290YB+RPR44WH,1,16.89,16.89,2026-03-31 18:50:34,led_sone,false
1134297,02-14453-03422,EBAY,,254895006394,LPSQ3W6PK,1,15.45,15.45,2026-03-31 18:59:35,vintageinterior,false
1134313,25-14419-46715,EBAY,,313614825876,CRFF100WH,2,14.32,5.89,2026-03-31 19:28:40,so_926407,false
1134316,05-14448-97070,EBAY,,163585361443,12IP6780,1,18.89,18.89,2026-03-31 19:29:58,led_sone,false
1134325,21-14424-93452,EBAY,,163739085310,CRFF108GB+CGCYGB,1,6.16,3.89,2026-03-31 19:35:40,led_sone,false
1134329,08-14443-93905,EBAY,,304876890739,CRSF100CO+LHNSE27CO+SCRN70CO+LSFT220CO+ICST64E2740,1,19.70,21.89,2026-03-31 19:35:42,coventrylights,false
1134347,11-14439-88607,EBAY,,255943162223,12SIP6760,1,12.99,12.99,2026-03-31 20:05:06,vintageinterior,false
1134348,01-14455-14050,EBAY,,123044400644,CL2TGD2PK,1,5.03,5.03,2026-03-31 20:10:09,dctransformer,false
1134350,09-14442-79991,EBAY,,265660312592,LDMG95B228,11,69.19,6.99,2026-03-31 20:15:43,electricalsone,false
1134352,05-14449-16121,EBAY,,304924984512,LSFT220GY+RPR44WH,1,10.99,10.99,2026-03-31 20:13:49,coventrylights,false
1134353,05-14449-16121,EBAY,,304924984512,LSFT220BL+RPR44WH,1,10.99,10.99,2026-03-31 20:13:49,coventrylights,false
1134354,26-14418-12325,EBAY,,306399767338,ENC790,2,34.58,18.59,2026-03-31 20:14:08,coventrylights,false
1134358,14-14435-69874,EBAY,,313970190875,ENC843,1,23.65,24.89,2026-03-31 20:22:51,so_926407,false
1134359,21-14425-14200,EBAY,,162696931368,CL3TBR,2,5.48,2.89,2026-03-31 20:23:25,led_sone,false
1134364,16-14432-82570,EBAY,,164525233292,LSDO300WH+RPR44WH,1,13.86,14.59,2026-03-31 20:34:07,led_sone,false
1134379,02-14453-50964,EBAY,,305715611096,WCFWROBM+RPR44WH,1,9.40,9.89,2026-03-31 20:48:38,coventrylights,false
1134380,08-14444-25459,EBAY,,315370444554,WCB2BC+RPR44WH,1,7.43,7.99,2026-03-31 20:47:48,so_926407,false
1134381,05-14449-29257,EBAY,,265660312574,CL3RWH,6,22.17,3.09,2026-03-31 20:43:50,electricalsone,false
1134382,25-14419-80940,EBAY,,266190476182,12IP20120,1,15.10,15.89,2026-03-31 20:47:26,electricalsone,false
1134383,13-14437-46599,EBAY,,163844479887,PSDS4BMBBM,1,9.99,9.99,2026-03-31 20:42:40,led_sone,false
1134389,27-14417-06816,EBAY,,267068731282,12IP6715,1,7.50,7.89,2026-03-31 20:51:13,electricalsone,false
1134390,21-14425-29727,EBAY,,165201467647,12IP20120,1,15.89,15.89,2026-03-31 20:58:48,led_sone,false
1134396,12-14438-86102,EBAY,,305698723917,LDMG125E278,1,8.45,8.89,2026-03-31 21:09:08,coventrylights,false
1134398,07-14446-16403,EBAY,,161775308827,LDMST64E2783PK,1,20.59,20.59,2026-03-31 21:03:48,led_sone,false
1134399,05-14449-38620,EBAY,,163976474157,CRSF2003BM+WCBC1BM3PK,1,34.99,34.99,2026-03-31 21:05:11,led_sone,false
1134400,05-14449-38620,EBAY,,163976474157,WCFSBCBM,1,29.89,29.89,2026-03-31 21:05:11,led_sone,false
1134401,21-14425-32298,EBAY,,165201467647,12IP20120,1,15.89,15.89,2026-03-31 21:04:55,led_sone,false
1134407,09-14443-07983,EBAY,,164071119364,LHSHE27BY3PK,1,13.89,13.89,2026-03-31 21:20:30,led_sone,false
1134408,09-14443-07984,EBAY,,335744474958,LHCNE27BY,4,23.56,5.89,2026-03-31 21:20:27,lighting_sone,false
1134419,08-14444-44379,EBAY,,313727472895,CRSF100GB+PHCHPBRGB+LSCY290GB+ICST64E27,2,53.28,28.65,2026-03-31 21:32:47,so_926407,false
1134426,27-14417-33482,EBAY,,166963877683,CMWHEPK,1,13.59,13.59,2026-03-31 21:58:28,led_sone,false
1134432,23-14423-08612,EBAY,,304786539485,LSHQ150GR+RPR44WH,1,11.44,8.89,2026-03-31 22:01:43,coventrylights,false
1134433,19-14428-87070,EBAY,,317505244460,LDSG125MUE274,1,12.89,12.89,2026-03-31 22:03:06,so_926407,false
1134434,19-14428-87070,EBAY,,317505244460,LDSG125LOE2742PK,1,19.89,19.89,2026-03-31 22:03:06,so_926407,false
1134436,21-14425-56350,EBAY,,266100590943,LHC5E27WH,2,11.38,5.99,2026-03-31 22:05:48,electricalsone,false
1134437,01-14455-64374,EBAY,,266027916399,LHBRE14BM,1,4.65,4.89,2026-03-31 22:09:55,electricalsone,false
1134446,13-14437-89339,EBAY,,335680616357,LDMT45E274,1,5.89,5.89,2026-03-31 22:29:24,lighting_sone,false
1134447,25-14420-20746,EBAY,,313614826159,LDMST64E274,1,6.64,6.99,2026-03-31 22:28:44,so_926407,false
1134448,21-14425-63234,EBAY,,164728612762,CRSF125CH+WSAT105CH+ICST64E27,2,18.98,9.99,2026-03-31 22:24:35,led_sone,false
1134450,13-14437-92485,EBAY,,162444501654,LDMG95E2742PK,6,48.54,8.99,2026-03-31 22:38:14,led_sone,false
1134451,23-14423-21593,EBAY,,164261730528,12BO100,1,18.04,18.99,2026-03-31 22:37:06,led_sone,false
1134455,01-14455-76672,EBAY,,167874397098,LDCWA60HB2296PK,1,6.49,6.49,2026-03-31 22:44:03,led_sone,false
1134456,04-14450-83612,EBAY,,165634844757,LDMC35E1445PK,1,14.89,14.89,2026-03-31 22:45:24,led_sone,false
1134457,24-14436-46587,EBAY,,163441967260,CRFF108GB+WSSS70GB+SCRN70GB,5,45.60,9.60,2026-03-31 22:49:44,led_sone,false
1134458,08-14444-72527,EBAY,,124669362580,PCRNFF2PK,1,5.19,5.19,2026-03-31 22:47:35,dctransformer,false
1134459,02-14453-97381,EBAY,,267120297665,LDMG95E2782PK,1,9.97,10.49,2026-03-31 22:45:25,electricalsone,false
