order_item_info,order_id,source_name,asin,item_id,sku,quantity,order_total,item_price,order_date,ss_name,fba_sales
1110309,203-2485379-8013146,AMAZON,B0DXQ8WPCG,,LSCY290SN2PK+RPR44WH2PK,1,29.89,24.91,2026-03-01 00:24:27,amazon Ledsone,false
1110310,205-9321757-7501108,AMAZON,B0FN7GGJYC,,CRSF100SN+LHNSE27SN,1,9.39,9.39,2026-03-01 00:33:16,amazon SRM Amazon,false
1110350,206-6410760-3171548,AMAZON,B0CTSTBDXV,,LSMS320CB+RPR44WH,1,14.99,14.99,2026-03-01 05:18:09,amazon Dcvoltage,false
1110353,204-0090988-5324348,AMAZON,B0D299LXGP,,LSCY290RR+RPR44WH,1,15.89,13.24,2026-03-01 05:56:12,amazon Ledsone,false
1110366,206-6765631-7394758,AMAZON,B0DKFNG3SC,,PHHR1HETHE2PK+ICST64E272PK,2,57.58,28.79,2026-03-01 07:17:09,amazon Dcvoltage,false
1110381,205-6032964-5960337,AMAZON,B0BWTV2937,,LSCP150BA+RPR44WH,12,119.77,11.09,2026-03-01 07:58:30,amazon Dcvoltage,false
1110383,204-0788833-6249929,AMAZON,B09477YHK7,,LDMG95E278APK,1,35.19,29.32,2026-03-01 08:00:49,amazon Ledsone,false
1110385,205-8767559-6569133,AMAZON,B07CMWKLPK,,LDMST64E274,2,12.58,5.24,2026-03-01 08:02:40,amazon Ledsone,false
1110393,206-8829026-9873151,AMAZON,B0CCJ2NWRP,,SPSDP2BM5PK,1,17.89,14.91,2026-03-01 08:25:04,amazon Ledsone,false
1110397,205-5505033-5058707,AMAZON,B09JM4XPCX,,LDST185E274,4,38.28,8.57,2026-03-01 08:36:02,amazon Ledsone,false
1110399,202-2262142-9951529,AMAZON,B0CXT2NJD9,,LSMS320YE2PK+RPR44WH2PK,1,25.89,25.89,2026-03-01 08:38:06,amazon Dcvoltage,false
1110419,026-5437494-5897925,AMAZON,B0BBS1VR82,,CL3THEAPK,1,21.89,18.24,2026-03-01 08:52:00,amazon Ledsone,false
1110427,202-0590287-7501923,AMAZON,B0DH9FDGZY,,CL3TBRAPK,1,20.99,20.99,2026-03-01 09:05:50,amazon Dcvoltage,false
1110433,205-7123199-7026761,AMAZON,B0F48PYKWX,,RWWPSY0860YE,1,8.77,5.79,2026-03-01 09:15:27,amazon Dcvoltage,false
1110434,026-2901561-0430700,AMAZON,B0CJCF4J3H,,LSSS300BL2PK+RPR44WH2PK,1,26.89,26.89,2026-03-01 09:08:44,amazon Dcvoltage,false
1110435,204-5565580-9957128,AMAZON,B0F79X2YT9,,CTBOP25L+CTBOP24L+CTBOP23L,1,14.89,14.89,2026-03-01 09:19:25,amazon Dcvoltage,false
1110447,026-1590458-5241948,AMAZON,B0FZCW7KC7,,LSHM300HE+RPR44WH,1,22.99,22.99,2026-03-01 09:21:16,amazon Dcvoltage,false
1110448,202-9334697-3953919,AMAZON,B0C7KHL8YP,,ENC2088,1,135.89,135.89,2026-03-01 09:22:35,amazon Dcvoltage,false
1110450,205-9836689-9502743,AMAZON,B0DH4KYFPD,,WCDTBM2PK+RPR44WH2PK,1,18.89,15.74,2026-03-01 09:23:24,amazon Ledsone,false
1110454,204-2401836-9783537,AMAZON,B0BWYGL5JL,,LSDO400RE+RPR44WH,1,20.49,20.49,2026-03-01 09:36:26,amazon Dcvoltage,false
1110462,204-8672835-9476342,AMAZON,B0DGTHKZ3D,,CNT900RO2PK,1,11.19,9.32,2026-03-01 09:52:20,amazon Ledsone,false
1110463,204-2995785-5897110,AMAZON,B07DH89GTY,,12UK3P2A,1,7.69,6.41,2026-03-01 09:54:01,amazon Ledsone,false
1110465,204-1476094-0742726,AMAZON,B08XBYXQC6,,CL3TBRAPK,1,19.99,19.99,2026-03-01 09:54:32,amazon Dcvoltage,false
1110471,026-1804692-5049110,AMAZON,B0BYNV2X9S,,PHSF1PWR20WH+CGWDWO+LSWE315YE,1,25.89,25.89,2026-03-01 10:01:26,amazon Dcvoltage,false
1110472,026-9430683-9498704,AMAZON,B0DH9H89G1,,CL3TGLAPK,1,20.99,20.99,2026-03-01 10:07:03,amazon Dcvoltage,false
1110483,206-4872905-1574721,AMAZON,B07JC85MV9,,CRSF100CH+PHUP1PCRCH,2,21.78,10.89,2026-03-01 10:23:21,amazon Dcvoltage,false
1110484,204-1866650-1953947,AMAZON,B0DBWK6JGN,,CL2RHEAPK,1,18.49,18.49,2026-03-01 10:24:01,amazon Dcvoltage,false
1110488,204-9332975-7617121,AMAZON,B0DG2BN5YP,,LDMA60E274WW5PK,1,18.89,15.74,2026-03-01 10:30:23,amazon Ledsone,false
1110490,203-5190774-6993101,AMAZON,B0G1TGGY4W,,CKAL047BBM,1,28.89,28.89,2026-03-01 10:33:42,amazon Ledsone,false
1110496,026-0891111-4425133,AMAZON,B0CLRTKRGY,,CO332AGY5PK,1,5.78,2.41,2026-03-01 10:48:15,amazon Ledsone,false
1110497,203-6637874-3273921,AMAZON,B0DZNTYRW4,,CGROYBAPK,1,5.78,3.49,2026-03-01 10:50:43,amazon SRM Amazon,false
1110506,205-0388722-4364327,AMAZON,B0DH9CZJ14,,CL3TRO5PK,1,11.99,11.99,2026-03-01 10:52:53,amazon Dcvoltage,false
1110508,203-0044163-8484343,AMAZON,B07LFS7DY8,,CL3TBUAPK,1,22.99,22.99,2026-03-01 10:55:31,amazon Dcvoltage,false
1110509,203-4668813-8766712,AMAZON,B0965HZJGN,,ENC686,1,53.00,58.89,2026-03-01 10:55:37,amazon Dcvoltage,false
1110510,202-7206400-6302724,AMAZON,B09ZVH3JKY,,CCBKNWE18,1,6.99,5.82,2026-03-01 10:58:31,amazon Ledsone,false
1110514,206-0136835-2269972,AMAZON,B0DH66YGSJ,,CL2TRO5PK,1,10.09,10.09,2026-03-01 11:04:29,amazon Dcvoltage,false
1110515,206-2563161-2751513,AMAZON,B0CB1KJ3XJ,,LSMS320GY+RPR44WH,1,14.99,12.49,2026-03-01 11:04:31,amazon Ledsone,false
1110526,204-7935661-6483526,AMAZON,B0CVHDJ4DQ,,CENU46450WH,3,14.56,3.24,2026-03-01 11:09:36,amazon Ledsone,false
1110528,204-2207467-2883514,AMAZON,B092W947D9,,PHSF1PWR20WH+LSWE315GY,1,22.89,19.07,2026-03-01 11:15:46,amazon Ledsone,false
1110540,026-3439298-3914746,AMAZON,B0C9TMW8FQ,,ENC1910,1,22.89,22.89,2026-03-01 11:23:41,amazon Dcvoltage,false
1110541,203-7389021-6213104,AMAZON,B0CSFTLDYN,,STND182WH2PK,1,5.28,1.99,2026-03-01 11:23:18,amazon Ledsone,false
1110553,202-2147298-7305127,AMAZON,B0F2919THD,,LSCY290CO+RPR44WH,1,18.29,15.24,2026-03-01 11:31:30,amazon Ledsone,false
1110554,205-3705995-9418726,AMAZON,B0DQ5DR5G6,,CRSF1204BM2PK,1,13.88,11.57,2026-03-01 11:35:34,amazon Ledsone,false
1110556,204-5103216-4930704,AMAZON,B0CVL9FRMG,,LSTF400GY2PK+RPR44WH2PK,2,56.41,29.69,2026-03-01 11:33:38,amazon Dcvoltage,false
1110557,026-5490016-9227510,AMAZON,B0C9TMW8FQ,,ENC1910,2,45.78,22.89,2026-03-01 11:35:31,amazon Dcvoltage,false
1110558,206-9947108-6079567,AMAZON,B08V5MK449,,CRSF100BM+PHHT1PBRBM+LSCY290BM,1,21.89,21.89,2026-03-01 11:37:09,amazon Dcvoltage,false
1110559,205-8515861-4328325,AMAZON,B08PYXY5QT,,12IP6730,2,21.98,10.99,2026-03-01 11:30:39,amazon SRM Amazon,false
1110567,203-0975714-3751559,AMAZON,B0DG2Q3GT1,,LDMA60E274WW6PK,1,19.99,16.66,2026-03-01 11:41:08,amazon Ledsone,false
1110569,202-9901497-0203559,AMAZON,B08L7NJRBK,,LDCWE27153PK,2,24.05,10.66,2026-03-01 11:45:43,amazon Ledsone,false
1110581,026-6309458-1044303,AMAZON,B0DBWL4YQ5,,CL2RAGAPK,1,15.99,15.99,2026-03-01 11:52:30,amazon Dcvoltage,false
1110586,205-0165627-5073170,AMAZON,B0CRZ54MPY,,LSCY290SN+RPR44WH,1,16.89,16.89,2026-03-01 12:00:35,amazon Dcvoltage,false
1110589,205-3762191-6493907,AMAZON,B0D299JDV6,,LSCY290YB+RPR44WH,1,17.89,14.91,2026-03-01 12:17:17,amazon Ledsone,false
1110590,203-3192007-7757100,AMAZON,B0GLQFZRNR,,ENC8912,1,41.69,34.74,2026-03-01 12:17:03,amazon Ledsone,false
1110591,203-8653825-8785919,AMAZON,B0FZCW7KC7,,LSHM300HE+RPR44WH,1,22.99,22.99,2026-03-01 12:11:34,amazon Dcvoltage,false
1110607,202-2016412-6029162,AMAZON,B08NDBQLMZ,,WCDTBM+RPR44WH,1,10.89,10.89,2026-03-01 12:30:05,amazon Dcvoltage,false
1110609,206-8460103-9050711,AMAZON,B0D87BNW8Y,,CO332AGYDPK,1,8.78,4.91,2026-03-01 12:30:16,amazon Ledsone,false
1110610,026-3925933-9245160,AMAZON,B0D7S1F3Z7,,LSMS320GY+RPR44WH,1,14.99,12.49,2026-03-01 12:37:14,amazon Ledsone,false
1110611,203-5017885-6831556,AMAZON,B0D9RT65FJ,,CRSF100BM2PK+PHHT1PBRBM2PK+WCLNBM2PK,1,35.18,29.32,2026-03-01 12:40:18,amazon Ledsone,false
1110612,204-4363223-5162713,AMAZON,B0DSC67GJ4,,PHSF1PBR20WH+LSWE315BY,2,31.48,15.74,2026-03-01 12:34:55,amazon Ledsone,false
1110613,204-4363223-5162713,AMAZON,B0C3HW69CY,,PHSF1PWR20WH2PK+LSWE315BL2PK,1,29.74,29.74,2026-03-01 12:34:55,amazon Ledsone,false
1110614,204-1285536-2737147,AMAZON,B0DG29SP2H,,LDMA60E274WW2PK,1,7.99,6.66,2026-03-01 12:33:04,amazon Ledsone,false
1110616,205-0448869-7025112,AMAZON,B0CQNKMFJH,,PLTTRR+LSFT220RR,1,21.99,21.99,2026-03-01 12:41:35,amazon Dcvoltage,false
1110617,204-2111063-7907547,AMAZON,B07WK7B3L2,,CRSF1202YB,1,9.89,9.89,2026-03-01 12:40:25,amazon Dcvoltage,false
1110618,026-5992282-5636314,AMAZON,B0D4QKJS1H,,CSBEB6PI2PK,1,7.59,7.59,2026-03-01 12:38:42,amazon Dcvoltage,false
1110619,206-2771731-7994726,AMAZON,B0CBPBRNSZ,,WCB2BB2PK+RPR44WH2PK,1,14.21,15.79,2026-03-01 12:51:51,amazon Dcvoltage,false
1110633,204-9833254-2621947,AMAZON,B0F9YL55QB,,CRSF100HBM+WSWS1PBLBM+PSDS2BPB+ICST64E27,1,17.99,17.99,2026-03-01 13:03:53,amazon Dcvoltage,false
1110635,205-7507426-4504361,AMAZON,B0FPWVFF9W,,LDCWA60HE27126PK,1,11.38,7.07,2026-03-01 13:02:06,amazon Ledsone,false
1110640,202-6126515-9161169,AMAZON,B0F1CX9BKB,,RWWPSY10100YE,1,9.88,6.99,2026-03-01 13:16:28,amazon Dcvoltage,false
1110648,206-0574493-4028365,AMAZON,B0DH9H7ZCM,,CL3TGL3PK,1,8.99,8.99,2026-03-01 13:23:19,amazon Dcvoltage,false
1110656,205-4190070-7363562,AMAZON,B07CJHQ1KW,,5IP2030,1,6.99,6.99,2026-03-01 13:36:41,amazon Dcvoltage,false
1110667,206-4195847-9434737,AMAZON,B081H8KK5D,,CL2TBR3PK,1,10.88,7.99,2026-03-01 13:48:00,amazon Dcvoltage,false
1110671,205-1289588-6725110,AMAZON,B0DH4KYFPD,,WCDTBM2PK+RPR44WH2PK,2,35.89,15.74,2026-03-01 13:51:31,amazon Ledsone,false
1110679,205-3402468-5309114,AMAZON,B0D2977G11,,LSCY290YB3PK+RPR44WH3PK,1,42.89,35.74,2026-03-01 14:04:39,amazon Ledsone,false
1110680,202-8438315-7944300,AMAZON,B0F1CX6BYH,,RWWPSY0680YE,1,6.36,3.09,2026-03-01 14:01:53,amazon Dcvoltage,false
1110683,205-7695667-8860340,AMAZON,B0FTGCR179,,WCBCFBM,1,15.49,15.49,2026-03-01 14:10:08,amazon Dcvoltage,false
1110684,026-0453587-9651526,AMAZON,B0DH63TD9T,,CL2TBK5PK,1,11.99,11.99,2026-03-01 14:10:41,amazon Dcvoltage,false
1110694,203-6646949-4123521,AMAZON,B0CTSKMFFC,,LSCO335OR+RPR44WH,1,15.29,15.29,2026-03-01 14:28:57,amazon Dcvoltage,false
1110695,202-2689963-6022724,AMAZON,B0D7S35MGY,,LSMS320GR+RPR44WH,1,19.99,12.49,2026-03-01 14:20:47,amazon Ledsone,false
1110701,204-1151871-5688363,AMAZON,B0CVGSVZDB,,RWWPSY10160YE2PK,1,21.69,21.69,2026-03-01 14:30:58,amazon Dcvoltage,false
1110711,204-9805163-6047512,AMAZON,B09JM45NCQ,,LDSG125MUE274,1,12.29,10.24,2026-03-01 14:42:26,amazon Ledsone,false
1110712,203-4010184-6559500,AMAZON,B0CDQ1DP5M,,PHTT1PBR3RR+LSWT300RR,1,26.89,22.41,2026-03-01 14:40:16,amazon Ledsone,false
1110713,202-5126837-6225901,AMAZON,B0BV37VR12,,PLOTBM,1,15.99,13.32,2026-03-01 14:41:16,amazon Ledsone,false
1110715,026-3380472-8279521,AMAZON,B0DKP4GTH4,,LHTRE27GB,4,31.12,8.19,2026-03-01 14:41:26,amazon Dcvoltage,false
1110716,026-8942404-6787516,AMAZON,B0CPBXK43C,,LSCY290NB+RPR44WH,1,16.09,16.09,2026-03-01 14:41:55,amazon Dcvoltage,false
1110717,026-9762531-4397948,AMAZON,B0DH9FC86W,,CL3TRE3PK,2,15.98,7.99,2026-03-01 14:43:36,amazon Dcvoltage,false
1110726,202-8900826-8709145,AMAZON,B0D297H6ZM,,LSCY290BM2PK+RPR44WH2PK,1,26.89,22.41,2026-03-01 15:01:50,amazon Ledsone,false
1110728,202-2838004-9829901,AMAZON,B0GQ3NTFB8,,PSHYOS4BRBM+SPUPBM+LSDO210BM,1,25.99,21.66,2026-03-01 14:47:06,amazon Ledsone,false
1110729,206-8040698-9689964,AMAZON,B0CV7K3P22,,RWGS1533WH,2,11.61,3.89,2026-03-01 14:55:18,amazon Dcvoltage,false
1110731,202-4570733-5196357,AMAZON,B0CPBXK43C,,LSCY290NB+RPR44WH,1,16.09,16.09,2026-03-01 14:57:03,amazon Dcvoltage,false
1110740,026-0721566-6520366,AMAZON,B0CFZY6V88,,LSDO210BG+RPR44WH,1,11.89,11.89,2026-03-01 15:02:34,amazon SRM Amazon,false
1110741,026-8834217-7109128,AMAZON,B0D7ZTRLBH,,LSCY290BM2PK+RPR44WH2PK,1,27.89,23.24,2026-03-01 14:57:07,amazon Ledsone,false
1110742,205-9906280-5169915,AMAZON,B0F9VGB8S2,,CL3RGD3PK,1,6.79,5.66,2026-03-01 15:03:31,amazon Ledsone,false
1110743,026-4960235-3305142,AMAZON,B0CVL5HFQX,,LSEL400BM+RPR44WH,1,17.49,17.49,2026-03-01 15:01:55,amazon Dcvoltage,false
1110744,206-2512486-8690745,AMAZON,B0D6B24H6L,,SPSDP2WH3PK,1,14.39,14.39,2026-03-01 15:03:37,amazon Dcvoltage,false
1110754,202-3908101-6103551,AMAZON,B0D295J88V,,LSCY290RO+RPR44WH,1,18.29,15.24,2026-03-01 15:13:30,amazon Ledsone,false
1110755,204-5872815-9841111,AMAZON,B0F28YKH9K,,LSCY290RR+RPR44WH,1,15.89,13.24,2026-03-01 15:14:36,amazon Ledsone,false
1110756,026-1478483-4143529,AMAZON,B0DVLBVG17,,PHSHF1PBRYB+LSMS320BG+ICST64E27,1,22.99,19.16,2026-03-01 15:15:43,amazon Ledsone,false
1110765,204-5125711-1521932,AMAZON,B0DCK6K14N,,STBFT50M48EWH,1,5.88,2.49,2026-03-01 15:22:19,amazon Ledsone,false
1110767,206-0430088-0542718,AMAZON,B08XBYXQC6,,CL3TBRAPK,1,19.99,19.99,2026-03-01 15:21:39,amazon Dcvoltage,false
1110768,203-5905296-9913126,AMAZON,B0CSP7BXJ9,,ENC6084,1,24.79,24.79,2026-03-01 15:24:47,amazon Dcvoltage,false
1110776,204-5147901-3095503,AMAZON,B0B8P384VF,,LDMA60B224CW3PK,1,10.44,8.70,2026-03-01 15:30:58,amazon Ledsone,false
1110777,206-5618456-7989135,AMAZON,B0D6RDL8H5,,LDCWE2718,1,6.69,5.57,2026-03-01 15:31:26,amazon Ledsone,false
1110778,206-4723483-9042744,AMAZON,B08PC4N942,,LHSHE27CO,1,10.88,6.66,2026-03-01 15:31:34,amazon Ledsone,false
1110779,205-2256876-9567530,AMAZON,B0F28Z2V3C,,LSCY290GB+RPR44WH,1,17.89,14.91,2026-03-01 15:31:33,amazon Ledsone,false
1110780,204-7475558-3006702,AMAZON,B0C43N2F3D,,WCDTWH+RPR44WH,1,11.89,9.91,2026-03-01 15:34:48,amazon Ledsone,false
1110781,202-6490748-9391521,AMAZON,B0C9TWTCZ8,,LSCY210BG+RPR44WH,1,12.89,12.89,2026-03-01 15:32:56,amazon Dcvoltage,false
1110782,026-7065888-4493905,AMAZON,B0FJ5J5T51,,CRSF100WH,1,6.99,6.99,2026-03-01 15:37:30,amazon Dcvoltage,false
1110783,206-3327920-5119528,AMAZON,B0FXGQH4KL,,TPOSBDBM3PK,1,67.89,67.89,2026-03-01 15:37:46,amazon Dcvoltage,false
1110784,026-7200763-6201143,AMAZON,B08P1SB13V,,CRFF500BM+PHHT1PBRBM3PK+WCDCBM3PK,1,41.89,41.89,2026-03-01 16:07:03,amazon Dcvoltage,false
1110794,026-0611435-8500319,AMAZON,B0FJ5J4WMV,,CRSF100WH2PK,1,11.48,11.48,2026-03-01 15:41:33,amazon Dcvoltage,false
1110795,026-1892223-1502740,AMAZON,B0DH68WNYV,,CL2TGY5PK,1,10.09,10.09,2026-03-01 15:45:16,amazon Dcvoltage,false
1110811,205-9484916-8049119,AMAZON,B08VGMKHT7,,LSCY290BM+RPR44WH,1,15.89,15.89,2026-03-01 15:49:55,amazon Dcvoltage,false
1110812,205-3769103-5113953,AMAZON,B07LFDY4D3,,CL3TBM5PK,1,17.58,13.89,2026-03-01 15:57:24,amazon Dcvoltage,false
1110818,206-5760027-4838761,AMAZON,B0FB2VT3P2,,PHSF2BMRYB+SPSDP2BM,1,14.89,12.41,2026-03-01 15:55:01,amazon Ledsone,false
1110819,026-4131164-9185955,AMAZON,B0DH4KYFPD,,WCDTBM2PK+RPR44WH2PK,1,18.89,15.74,2026-03-01 15:57:36,amazon Ledsone,false
1110831,203-2504451-4166745,AMAZON,B0CL7N4BQG,,ENC5604,1,52.91,56.89,2026-03-01 15:59:54,amazon Dcvoltage,false
1110832,202-6635795-3075511,AMAZON,B0C9TWTCZ8,,LSCY210BG+RPR44WH,1,12.89,12.89,2026-03-01 16:01:25,amazon Dcvoltage,false
1110833,026-2944710-8769937,AMAZON,B0CNPZDQHZ,,LDMG95E278,1,7.99,7.99,2026-03-01 16:02:33,amazon Dcvoltage,false
1110834,204-6982930-8916307,AMAZON,B08W5F4CTV,,CRSF100BM+WSLS155YB+SCRN70BM+LSFT220BC,2,30.19,15.89,2026-03-01 16:07:17,amazon Dcvoltage,false
1110835,205-3062163-9183555,AMAZON,B0BWYH5ZD7,,LSDO400CB+RPR44WH,1,16.89,16.89,2026-03-01 16:10:31,amazon Dcvoltage,false
1110844,026-2122833-8485963,AMAZON,B0CTTGSYKH,,LSMS320YE+RPR44WH,3,42.72,14.99,2026-03-01 16:18:24,amazon Dcvoltage,false
1110850,205-2696321-5537145,AMAZON,B091FQ57MJ,,CRFF140YB+WSNW170YB+LSOL220YB,1,19.69,16.41,2026-03-01 16:26:29,amazon Ledsone,false
1110855,026-7140709-7937952,AMAZON,B0FPWZHHHG,,LDCWA60HE2796PK,1,10.13,6.24,2026-03-01 16:38:11,amazon Ledsone,false
1110856,206-1607956-6672360,AMAZON,B08TRHH7G7,,CRSF100BM+LHNSE27YB+SCRN70BM+LSWD360BM,4,113.16,28.29,2026-03-01 16:33:02,amazon Dcvoltage,false
1110857,203-0358381-8974755,AMAZON,B0CV7K3P22,,RWGS1533WH,1,7.25,3.89,2026-03-01 16:31:32,amazon Dcvoltage,false
1110858,202-0284889-6388343,AMAZON,B0F48NWQLK,,RWWPSY10120YE,2,25.86,11.99,2026-03-01 16:32:04,amazon Dcvoltage,false
1110859,026-4405573-8048302,AMAZON,B0CPBVNNQX,,LSCY290YE+RPR44WH,1,15.89,15.89,2026-03-01 16:26:32,amazon Dcvoltage,false
1110867,202-3727770-1606744,AMAZON,B0BY57G4PR,,LSMS320BG+RPR44WH,2,33.58,16.79,2026-03-01 16:41:48,amazon Dcvoltage,false
1110870,203-6051929-3549936,AMAZON,B0DZDKTLCY,,CL2RBW5PK,1,13.99,11.66,2026-03-01 16:39:57,amazon Ledsone,false
1110871,204-9501655-1501134,AMAZON,B093T4FQVW,,LSMS320GR+RPR44WH,1,19.99,12.49,2026-03-01 16:42:53,amazon Ledsone,false
1110872,026-3699303-8773103,AMAZON,B0DTZ1D4QX,,LSTL260BG+RPR44WH,2,24.61,10.91,2026-03-01 16:41:12,amazon Ledsone,false
1110873,026-0823646-4832319,AMAZON,B0F9WZVZ11,,LSFT220GS+RPR44WH,1,10.89,9.07,2026-03-01 16:43:02,amazon Ledsone,false
1110879,026-9915206-5698700,AMAZON,B0C9TWTCZ8,,LSCY210BG+RPR44WH,1,12.89,12.89,2026-03-01 17:01:47,amazon Dcvoltage,false
1110880,206-7624387-1529108,AMAZON,B0D83PFMTP,,WCDCBM3PK+RPR44WH3PK,1,24.49,24.49,2026-03-01 16:58:31,amazon Dcvoltage,false
1110881,204-0735791-0843556,AMAZON,B0DCFP1CX8,,LDSG95DIE2746PK,1,35.19,29.32,2026-03-01 16:53:01,amazon Ledsone,false
1110884,202-6827515-9326717,AMAZON,B08YFGHY6L,,CRSF2003BM+PHHN1PBRCO3PK+LSDO210BC3PK,1,41.89,34.91,2026-03-01 16:59:07,amazon Ledsone,false
1110887,026-0480278-2435562,AMAZON,B0G6D9CKR6,,IMCWCPK,1,6.98,6.98,2026-03-01 17:04:33,amazon Dcvoltage,false
1110888,202-5170082-7591503,AMAZON,B0946ZK6D8,,CRSF100CO+PHMU1PBRCO+LSDO210BC+ICST64E27,1,21.70,18.08,2026-03-01 16:59:07,amazon Ledsone,false
1110904,205-8947556-6628347,AMAZON,B0BBB5FNDF,,CL3RLG5PK,1,15.79,13.16,2026-03-01 17:09:49,amazon Ledsone,false
1110905,206-3036716-4809920,AMAZON,B0DKNGTR54,,LHPHE27YB,1,8.89,8.89,2026-03-01 17:15:53,amazon Dcvoltage,false
1110906,205-0785684-6197947,AMAZON,B07CRLFLZJ,,CL3RGY5PK,1,15.89,15.89,2026-03-01 17:15:26,amazon Dcvoltage,false
1110907,026-6002531-1236325,AMAZON,B0DH9D4KJJ,,CL3TRO3PK,1,7.99,7.99,2026-03-01 17:16:03,amazon Dcvoltage,false
1110940,203-5643213-1404348,AMAZON,B0F9WGLKMX,,LSHH240BG+RPR44WH,1,18.59,11.32,2026-03-01 17:15:00,amazon Ledsone,false
1110941,202-7748801-3867542,AMAZON,B0DQD74HVG,,PHSF1BMTYB3PK,1,26.71,22.26,2026-03-01 17:20:41,amazon Ledsone,false
1110944,204-0971432-4927536,AMAZON,B0DTJ3BNLW,,WCDTRO2PK+RPR44WH2PK,1,18.89,15.74,2026-03-01 17:28:44,amazon Ledsone,false
1110954,202-7438026-6705131,AMAZON,B0DH8Z5RGR,,CL3TBW3PK,1,7.99,7.99,2026-03-01 17:30:29,amazon Dcvoltage,false
1110961,206-9837940-7443563,AMAZON,B0FPWVFF9W,,LDCWA60HE27126PK,1,11.38,7.07,2026-03-01 17:44:46,amazon Ledsone,false
1110963,203-0753007-7861916,AMAZON,B0B4K6NM87,,PSDS4BMRRE,1,14.17,11.81,2026-03-01 17:49:53,amazon Ledsone,false
1110978,202-7636851-2401102,AMAZON,B0DTKHJMSH,,WCB5BM3PK+RPR44WH3PK,1,20.24,22.49,2026-03-01 17:59:14,amazon Dcvoltage,false
1110979,204-6530470-2986749,AMAZON,B0D6YF7VPY,,CCGNNWE48,1,10.89,10.89,2026-03-01 18:08:33,amazon Dcvoltage,false
1110981,202-0657255-3360328,AMAZON,B0CBMQZ8P6,,PHSF2BMRBM+SPSDP2BM,1,14.89,12.41,2026-03-01 18:03:44,amazon Ledsone,false
1110982,026-8716063-9075509,AMAZON,B09Z6P8H29,,LDCWA60HB227,2,11.07,3.41,2026-03-01 18:08:39,amazon Ledsone,false
1110987,204-9726992-7867526,AMAZON,B0DH96ZNZ4,,CL3TBR3PK,1,8.99,8.99,2026-03-01 18:14:55,amazon Dcvoltage,false
1110988,204-4181519-9910701,AMAZON,B0FR6YC3H9,,PHSF2GDTFG3PK+ICST64E273PK,2,79.59,41.89,2026-03-01 18:13:32,amazon Dcvoltage,false
1110989,026-4551450-7493139,AMAZON,B0D83G5VKN,,ENC685,1,58.89,58.89,2026-03-01 18:16:52,amazon Dcvoltage,false
1110990,205-0967803-8011532,AMAZON,B0DH5WL2NZ,,CL2TBP,1,5.09,5.09,2026-03-01 18:18:48,amazon Dcvoltage,false
1110997,203-0987030-5725114,AMAZON,B0DF7BD73R,,CRSF100BM+PHRYWP1RBM,1,11.89,9.91,2026-03-01 18:25:53,amazon Ledsone,false
1110998,204-2545046-3044364,AMAZON,B08VGPPCY1,,WCDTBM+RPR44WH,1,11.69,11.69,2026-03-01 18:28:43,amazon Dcvoltage,false
1110999,203-0413035-4217924,AMAZON,B08KHKHLN7,,CL2TIV5PK,1,13.49,13.49,2026-03-01 18:28:35,amazon Dcvoltage,false
1111004,202-9687695-0777956,AMAZON,B0F23SVBVW,,WCBV62BC+SCRN70BM,1,11.08,6.82,2026-03-01 18:27:12,amazon Ledsone,false
1111005,203-5147733-7286753,AMAZON,B0DG29SP2H,,LDMA60E274WW2PK,1,7.99,6.66,2026-03-01 18:32:23,amazon Ledsone,false
1111012,206-6477358-5751522,AMAZON,B0CVL1N6WV,,LSEL400GY+RPR44WH,1,17.49,17.49,2026-03-01 18:44:01,amazon Dcvoltage,false
1111024,205-5086203-9846753,AMAZON,B0D81ZBZPZ,,CO232AGYDPK,1,6.39,2.92,2026-03-01 18:53:44,amazon Ledsone,false
1111026,204-1594993-3532338,AMAZON,B0DH9BRNQ7,,CL3THE3PK,1,10.88,7.99,2026-03-01 18:59:08,amazon Dcvoltage,false
1111036,203-2887754-4901908,AMAZON,B0G1TFFZZH,,CKA18ATC4255BM,1,19.99,16.66,2026-03-01 19:02:21,amazon Ledsone,false
1111038,206-1489100-4319507,AMAZON,B09LCSLBZS,,PHCH1FBRBM+LSCY290CB,1,20.78,17.32,2026-03-01 19:05:11,amazon Ledsone,false
1111040,206-1174051-0283554,AMAZON,B0FB3ZFXY1,,LDMC35E1443PK,1,14.13,11.77,2026-03-01 19:05:32,amazon Ledsone,false
1111044,026-5293829-7781123,AMAZON,B0F43Q8TXP,,CENU36300BM,1,5.09,1.99,2026-03-01 19:04:10,amazon Dcvoltage,false
1111060,205-9451012-5407503,AMAZON,B08B61VPZL,,PLTEBC+ICST64E27,1,18.89,15.74,2026-03-01 19:16:42,amazon Ledsone,false
1111063,204-3909500-8242741,AMAZON,B0FNN717PN,,CRSF1203BM+PHRN2PCRBM3PK,1,24.59,20.49,2026-03-01 19:21:40,amazon Ledsone,false
1111064,203-9713086-0358762,AMAZON,B0DZNLF6LK,,RWWPSY10GY,1,5.38,2.07,2026-03-01 19:26:58,amazon Ledsone,false
1111065,202-8171184-9787547,AMAZON,B0DCS73YS7,,WCWDRO3PK+RPR44WH3PK,1,29.69,24.74,2026-03-01 19:26:30,amazon Ledsone,false
1111067,206-1833048-3168311,AMAZON,B0CWNZRDZN,,WCWODVBM2PK+RPR44WH2PK,1,22.99,19.16,2026-03-01 19:27:23,amazon Ledsone,false
1111068,202-7174620-8816352,AMAZON,B0DF7S438X,,LSMS320WH2PK+RPR44WH2PK,1,27.99,23.32,2026-03-01 19:29:04,amazon Ledsone,false
1111069,026-1010237-6275502,AMAZON,B0CMT7C1DF,,LDCWA60HE2796PK,1,5.69,5.69,2026-03-01 19:27:02,amazon Dcvoltage,false
1111078,026-3281377-7621136,AMAZON,B0F28Z2V3C,,LSCY290GB+RPR44WH,1,17.89,14.91,2026-03-01 19:38:32,amazon Ledsone,false
1111080,205-0412070-9365153,AMAZON,B0CV7K4PZC,,RWGS1342WH,1,6.75,3.59,2026-03-01 19:33:05,amazon Dcvoltage,false
1111081,206-7318034-0675555,AMAZON,B0D59SFQQL,,WCB6BM2PK+RPR44WH2PK,1,15.69,15.69,2026-03-01 19:38:42,amazon Dcvoltage,false
1111083,204-8317495-1896364,AMAZON,B0FCRLXSD8,,ENC9164,1,20.89,20.89,2026-03-01 19:39:08,amazon Dcvoltage,false
1111084,204-3676304-3631530,AMAZON,B0BW4CNV8W,,LSDM220GS+RPR44WH,1,12.29,12.29,2026-03-01 19:39:44,amazon Dcvoltage,false
1111088,026-4275217-0147502,AMAZON,B0C9TWTCZ8,,LSCY210BG+RPR44WH,1,12.89,12.89,2026-03-01 19:43:12,amazon Dcvoltage,false
1111089,206-0708939-6803504,AMAZON,B0G57SF7S7,,CRFF500BC+PHNW1RBC3PK+ICST64E273PK,1,32.89,27.41,2026-03-01 19:41:42,amazon Ledsone,false
1111090,203-6228326-2426766,AMAZON,B0CQLNCYX1,,WBMG2535WH,1,9.89,8.24,2026-03-01 19:44:15,amazon Ledsone,false
1111099,203-6593310-1389112,AMAZON,B0G1TKZTS4,,CKAN1937BM,1,15.99,13.32,2026-03-01 19:51:38,amazon Ledsone,false
1111100,206-4789620-5576361,AMAZON,B0F9X1LW96,,CL3RIVAPK,1,22.99,19.16,2026-03-01 19:51:23,amazon Ledsone,false
1111107,203-4667391-7721125,AMAZON,B0DKF5347P,,12IP20480,1,32.99,32.99,2026-03-01 20:03:04,amazon Dcvoltage,false
1111111,026-2042227-8535519,AMAZON,B0D8L1HQXM,,RWWPSY0660YE,1,5.97,2.99,2026-03-01 20:13:58,amazon Dcvoltage,false
1111112,202-5817293-6107547,AMAZON,B0FPR1Y5NR,,ENC6172,1,19.69,16.41,2026-03-01 20:12:52,amazon Ledsone,false
1111115,206-9091875-5468337,AMAZON,B0FRMR2GHX,,PLWSBM+ICST64E272PK,2,45.48,20.16,2026-03-01 20:17:44,amazon Ledsone,false
1111119,204-9748520-8359510,AMAZON,B0BWJWCNK9,,LSCY210RR+RPR44WH,1,13.89,13.89,2026-03-01 20:23:05,amazon Dcvoltage,false
1111120,204-4808558-6553924,AMAZON,B0F2SVTRNH,,TSWGQBRE2PK+TSLCQB20WH3PK+TSLTRE,1,5.09,5.09,2026-03-01 20:27:54,amazon Dcvoltage,false
1111121,205-9764528-9531545,AMAZON,B0FN7FX3TX,,CRSF100BM+LHNSE27BM,1,11.68,9.39,2026-03-01 20:19:55,amazon SRM Amazon,false
1111123,204-6756952-8617142,AMAZON,B0917RQ9PM,,PLHCBC+LSDO210BC3PK,1,49.89,41.57,2026-03-01 20:23:44,amazon Ledsone,false
1111124,202-2522887-9993951,AMAZON,B09L8KS17V,,CRSF100BM+PHCH1BMRBM+LSDO400BI,1,21.69,18.07,2026-03-01 20:24:58,amazon Ledsone,false
1111134,206-7929011-1648321,AMAZON,B0CNQ1Q3BJ,,LDMG125E278,2,21.78,10.89,2026-03-01 20:40:14,amazon Dcvoltage,false
1111145,204-2940097-6343524,AMAZON,B0D73JHB8R,,LDMT185B2242PK,1,12.89,12.89,2026-03-01 20:42:53,amazon Dcvoltage,false
1111150,202-1669693-7534734,AMAZON,B07CM5GJW2,,12IP6780,1,18.99,15.82,2026-03-01 20:48:48,amazon Ledsone,false
1111151,026-6386798-0722762,AMAZON,B0CDBYCS9T,,WCB3WH+RPR44WH,1,11.19,9.32,2026-03-01 20:57:49,amazon Ledsone,false
1111153,202-1878111-9681122,AMAZON,B0D59S467K,,WCB1BS2PK+RPR44WH2PK,1,14.30,15.89,2026-03-01 20:49:58,amazon Dcvoltage,false
1111154,202-8071015-9133115,AMAZON,B07ZFWR48Y,,CRFF100BM+LHNSE27BM,2,26.39,13.89,2026-03-01 20:56:13,amazon Dcvoltage,false
1111155,205-4459939-4321133,AMAZON,B094R2QJ57,,12ASIP20150,1,16.99,16.99,2026-03-01 20:55:49,amazon Dcvoltage,false
1111156,204-8786422-6180334,AMAZON,B07CWS93WM,,LDMG95B224,1,7.29,7.29,2026-03-01 20:58:06,amazon Dcvoltage,false
1111157,202-6027466-3752360,AMAZON,B0GGDTRTN7,,CRFF100BM2PK+LHNSE27BM2PK+ICST64E272PK,2,52.99,27.89,2026-03-01 20:58:33,amazon Dcvoltage,false
1111158,026-9364059-6165136,AMAZON,B08KGF2ZG7,,CL3RHE5PK,1,15.79,15.79,2026-03-01 21:01:41,amazon Dcvoltage,false
1111165,205-0253852-6838705,AMAZON,B0CTCMMMRT,,CRSF100CO+CL3TBR+LHSHE27CO,1,11.89,9.91,2026-03-01 21:15:22,amazon Ledsone,false
1111172,202-2122804-1562718,AMAZON,B0D7ZRWBS2,,LSCY290BI2PK+RPR44WH2PK,1,24.99,20.82,2026-03-01 21:20:12,amazon Ledsone,false
1111173,202-4518901-1493108,AMAZON,B0FHPMM3WZ,,CRFF100CO2PK+LHNSE27CO2PK,1,23.89,23.89,2026-03-01 21:18:47,amazon Dcvoltage,false
1111174,202-1539605-7144301,AMAZON,B0F1D3FS5C,,RWWPSY0660YE,3,11.41,2.99,2026-03-01 21:20:12,amazon Dcvoltage,false
1111185,206-8472036-2059552,AMAZON,B0D35SLWVY,,LDCCE2710,1,7.49,6.24,2026-03-01 21:32:26,amazon Ledsone,false
1111188,205-3530995-4113164,AMAZON,B0C171T3ZR,,PSDS2RGY,1,9.99,9.99,2026-03-01 21:41:02,amazon Dcvoltage,false
1111189,204-7145737-1974724,AMAZON,B08VGM55LP,,LSCY290RE+RPR44WH,1,15.79,15.79,2026-03-01 21:46:19,amazon Dcvoltage,false
1111190,026-0781690-8452343,AMAZON,B0F1CX6BYH,,RWWPSY0680YE,1,6.36,3.09,2026-03-01 21:47:21,amazon Dcvoltage,false
1111191,203-7489363-7725134,AMAZON,B0GCZJ9XRB,,CRFF100SN2PK+LHNSE27SN2PK,2,43.49,22.89,2026-03-01 21:47:56,amazon Dcvoltage,false
1111193,205-6996409-0085129,AMAZON,B0CWPCM44P,,WCWODVBM+RPR44WH,1,11.99,9.99,2026-03-01 21:43:07,amazon Ledsone,false
1111194,204-9025756-9821167,AMAZON,B0BW9RPJ26,,LSLT360YE+RPR44WH,1,15.29,12.74,2026-03-01 21:48:36,amazon Ledsone,false
1111198,205-6887229-4437917,AMAZON,B0D83PFMTP,,WCDCBM3PK+RPR44WH3PK,1,24.49,24.49,2026-03-01 21:54:18,amazon Dcvoltage,false
1111199,202-8345051-4349933,AMAZON,B0CJCF5PCD,,LSSS300BG2PK+RPR44WH2PK,1,25.99,25.99,2026-03-01 21:55:24,amazon Dcvoltage,false
1111201,206-2066008-6834769,AMAZON,B0GHWSMNGN,,ENC643,1,23.89,19.91,2026-03-01 21:52:49,amazon Ledsone,false
1111202,206-3349204-6189106,AMAZON,B0CCHXR4X2,,SPSDP2WH3PK,1,14.39,11.99,2026-03-01 21:52:58,amazon Ledsone,false
1111203,204-1313292-3092363,AMAZON,B0F28YNDZN,,LSCY290RO+RPR44WH,1,18.29,15.24,2026-03-01 21:52:48,amazon Ledsone,false
1111204,204-2961075-1895501,AMAZON,B0FH6JJKV4,,SPSDP2BMY,1,8.58,4.74,2026-03-01 21:57:03,amazon Ledsone,false
1111206,204-6321739-6786709,AMAZON,B0CKSTLS8P,,CRFF75SN,1,9.78,5.74,2026-03-01 22:06:44,amazon Ledsone,false
1111207,026-0436917-8975539,AMAZON,B08XWSBPHW,,WCB1BM+RPR44WH,1,10.69,10.69,2026-03-01 22:07:23,amazon Dcvoltage,false
1111208,205-0477771-0108331,AMAZON,B0CTSTBDXV,,LSMS320CB+RPR44WH,1,14.99,14.99,2026-03-01 22:06:33,amazon Dcvoltage,false
1111209,205-0477771-0108331,AMAZON,B0CTTFVY5V,,LSMS320OR+RPR44WH,1,14.99,14.99,2026-03-01 22:06:33,amazon Dcvoltage,false
1111229,202-5125089-9354737,AMAZON,B0CXX5K5LC,,WCDTGD2PK+RPR44WH2PK,1,20.29,20.29,2026-03-01 22:25:16,amazon Dcvoltage,false
1111230,203-7596910-9365112,AMAZON,B0DH9B4NSC,,CL3TIV3PK,1,7.99,7.99,2026-03-01 22:28:21,amazon Dcvoltage,false
1111234,204-0578468-7624359,AMAZON,B0CKSV67CC,,CRFF75GB,1,9.48,5.49,2026-03-01 22:33:05,amazon Ledsone,false
1111235,205-7763896-6549900,AMAZON,B0DBTZ6VLY,,LDSG125LOE2745PK,1,48.89,40.74,2026-03-01 22:36:00,amazon Ledsone,false
1111243,205-4763455-0481951,AMAZON,B0FZCRB2RS,,LSHM400HE+RPR44WH,1,29.99,29.99,2026-03-01 22:40:34,amazon Dcvoltage,false
1111245,203-9889614-1974722,AMAZON,B07R97GX6M,,LDMT45B224,1,6.16,6.16,2026-03-01 22:46:10,amazon Dcvoltage,false
1111246,204-2887543-4926707,AMAZON,B0CPBXD3C5,,LSCY290WH+RPR44WH,1,15.89,15.89,2026-03-01 22:48:34,amazon Dcvoltage,false
1111250,204-3740700-4144303,AMAZON,B08QJQS6VP,,PHTT1PBR3BM+LSWT300BM,1,24.89,20.74,2026-03-01 22:52:33,amazon Ledsone,false
1111251,204-8381268-3927556,AMAZON,B0BLP1JSRK,,LDMST64E2786PK,2,38.33,16.99,2026-03-01 22:54:39,amazon Ledsone,false
1111252,204-9204249-9781961,AMAZON,B0DH6FPVYK,,CL2TCRAPK,1,18.29,18.29,2026-03-01 22:50:10,amazon Dcvoltage,false
1111253,026-4842882-1712369,AMAZON,B07CRTS1LD,,12IP67100,1,18.00,18.00,2026-03-01 22:53:51,amazon Dcvoltage,false
1111256,026-9440190-7686708,AMAZON,B07CRSLRRW,,12IP67300,1,45.99,45.99,2026-03-01 23:04:27,amazon Dcvoltage,false
1111257,203-4533353-6061115,AMAZON,B0F9VDWTYX,,CL3RBM3PK,1,6.79,5.66,2026-03-01 23:10:01,amazon Ledsone,false
1111264,026-6552153-8078724,AMAZON,B0F7LV6KMS,,LSFT220CO2PK+RPR44WH2PK,1,20.09,20.09,2026-03-01 23:27:16,amazon Dcvoltage,false
1111265,205-8424994-8057951,AMAZON,B0B2K8GM5T,,LHC3E27WH,1,6.89,5.74,2026-03-01 23:23:23,amazon Ledsone,false
1111270,202-8532515-6549962,AMAZON,B0D97S77TR,,ENC7487,1,31.89,26.57,2026-03-01 23:44:06,amazon Ledsone,false
1111272,026-6618944-6884303,AMAZON,B0GDF2B3ML,,LDMT185E273,1,6.99,5.82,2026-03-01 23:55:16,amazon Ledsone,false
1111275,206-4016274-7339520,AMAZON,B0DTHKSHFY,,WCB7BS3PK+RPR44WH3PK,1,24.89,24.89,2026-03-02 00:15:01,amazon Dcvoltage,false
1111276,203-0902158-3896303,AMAZON,B07WDWW6BV,,CRSF100BM,1,8.78,5.89,2026-03-02 00:48:06,amazon Dcvoltage,false
1111278,205-5349657-4706748,AMAZON,B08XMVSZ1F,,WCB7BC+RPR44WH,1,11.89,11.89,2026-03-02 01:08:52,amazon Dcvoltage,false
1111280,026-7210929-1544333,AMAZON,B0CVLFG3DT,,RWWPSY0840YE,1,5.78,2.41,2026-03-02 02:09:36,amazon Ledsone,false
1111370,203-6099133-7755547,AMAZON,B0DFHL7MZ1,,LSCY290BS+RPR44WH,1,15.89,15.89,2026-03-02 06:01:17,amazon Dcvoltage,false
1111382,026-8892766-5961140,AMAZON,B0F32W4YNV,,RWWPSN100YE,1,5.68,2.32,2026-03-02 06:54:25,amazon Ledsone,false
1111397,204-7235826-0156339,AMAZON,B0CFXR95G2,,TPHTTF2PBRBM2PK+ICST64E272PK,1,39.39,32.82,2026-03-02 07:36:47,amazon Ledsone,false
1111398,203-0849009-3964328,AMAZON,B0CCJSK84F,,WCB1BM+RPR44WH,1,10.89,9.07,2026-03-02 07:31:19,amazon Ledsone,false
1111403,205-2607505-2585149,AMAZON,B0GLYWV3LG,,PLTRBM,1,50.89,42.41,2026-03-02 07:46:33,amazon Ledsone,false
1111405,203-0275984-7225942,AMAZON,B0D5B63S7G,,WCDTBM2PK+RPR44WH2PK,1,19.49,19.49,2026-03-02 07:46:24,amazon Dcvoltage,false
1111410,202-1981244-0821102,AMAZON,B0C6LV14PT,,12UK3P2A,1,10.78,7.89,2026-03-02 07:52:32,amazon Dcvoltage,false
1111411,205-2790065-0913112,AMAZON,B08X4TCVN8,,CRFF500BM+WCRN3CBM3PK,1,46.48,46.48,2026-03-02 07:55:01,amazon Dcvoltage,false
1111420,205-6695651-6017901,AMAZON,B0D7ZRWBS2,,LSCY290BI2PK+RPR44WH2PK,1,23.99,19.99,2026-03-02 08:18:20,amazon Ledsone,false
1111421,203-6527065-1613915,AMAZON,B0C6LV14PT,,12UK3P2A,1,10.78,7.89,2026-03-02 08:13:10,amazon Dcvoltage,false
1111422,202-2168414-0854748,AMAZON,B0DH9H7ZCM,,CL3TGL3PK,1,8.99,8.99,2026-03-02 08:14:55,amazon Dcvoltage,false
1111423,202-2168414-0854748,AMAZON,B0DH9B4NSC,,CL3TIV3PK,1,7.99,7.99,2026-03-02 08:14:55,amazon Dcvoltage,false
1111430,205-3480162-7663507,AMAZON,B0D9GYV6MY,,CMWHEPK,1,19.89,16.57,2026-03-02 08:37:34,amazon Ledsone,false
1111446,026-0412353-0991550,AMAZON,B0DZWXVV32,,RWWPSY0680YE,1,7.09,7.09,2026-03-02 08:52:31,amazon Dcvoltage,false
1111447,203-7947127-0906757,AMAZON,B0CPBY28LB,,LSCY290GY+RPR44WH,1,16.09,16.09,2026-03-02 09:10:00,amazon Dcvoltage,false
1111453,026-3493354-8147507,AMAZON,B0CBPSWQ16,,WCB6WH2PK+RPR44WH2PK,3,49.65,18.39,2026-03-02 09:08:48,amazon Dcvoltage,false
1111462,205-4184682-6364355,AMAZON,B08XWSBPHW,,WCB1BM+RPR44WH,1,10.69,10.69,2026-03-02 09:30:19,amazon Dcvoltage,false
1111463,202-7461856-1591510,AMAZON,B0C8NJDTJS,,WCDCBM+RPR44WH,1,10.89,9.07,2026-03-02 09:33:27,amazon Ledsone,false
1111473,204-0820632-0818738,AMAZON,B0CBLXL9R1,,WCVCBC2PK+RPR44WH2PK,1,15.98,15.98,2026-03-02 09:34:06,amazon Dcvoltage,false
1111474,205-1122218-0008314,AMAZON,B0DH9FSQNN,,CL3TGY3PK,2,15.98,7.99,2026-03-02 09:44:45,amazon Dcvoltage,false
1111479,026-2844378-9182758,AMAZON,B0B8DV248K,,CRSF1203BM,1,7.49,6.24,2026-03-02 09:53:39,amazon Ledsone,false
1111491,206-1858362-7957100,AMAZON,B0CCHXR4X2,,SPSDP2WH3PK,1,14.39,11.99,2026-03-02 10:01:13,amazon Ledsone,false
1111492,205-9009132-1109949,AMAZON,B0CNGGP2YF,,TPHTTN2PBRBM,1,20.89,20.89,2026-03-02 10:04:18,amazon Dcvoltage,false
1111493,205-3114401-9730733,AMAZON,B0CBPBQK1X,,WCB7BC2PK+RPR44WH2PK,1,16.99,16.99,2026-03-02 10:05:25,amazon Dcvoltage,false
1111498,202-3228165-6878717,AMAZON,B0F43QG2XS,,CENU88700BM,1,13.89,13.89,2026-03-02 10:21:48,amazon Dcvoltage,false
1111499,203-7860192-2003510,AMAZON,B0DG29SP2H,,LDMA60E274WW2PK,1,7.99,6.66,2026-03-02 10:12:16,amazon Ledsone,false
1111512,206-6014235-5535502,AMAZON,B0BNW49WGT,,CRSF100BC+LHNSE27YB+SCRN70BC+LSWD360BC,1,26.89,26.89,2026-03-02 10:19:35,amazon Dcvoltage,false
1111513,202-8615846-9493964,AMAZON,B0DH67R315,,CL2TIV3PK,1,7.99,7.99,2026-03-02 10:27:47,amazon Dcvoltage,false
1111514,026-4012601-5825149,AMAZON,B0CN32L9ZF,,WCB6BC2PK+RPR44WH2PK,1,18.89,18.89,2026-03-02 10:30:09,amazon Dcvoltage,false
1111519,206-7336070-8877967,AMAZON,B0G6D98NRY,,IMCWEPK,10,194.80,19.48,2026-03-02 10:31:02,amazon Dcvoltage,false
1111520,206-7336070-8877967,AMAZON,B0G6CQRZ6Z,,IMBLEPK,10,150.00,15.00,2026-03-02 10:31:02,amazon Dcvoltage,false
1111521,204-0073616-2241921,AMAZON,B0CQNKMFJH,,PLTTRR+LSFT220RR,2,43.98,21.99,2026-03-02 10:39:56,amazon Dcvoltage,false
1111533,202-6838360-8962732,AMAZON,B0D793WZ7Q,,WCB7BM5PK+RPR44WH5PK,1,27.11,22.59,2026-03-02 10:39:42,amazon Ledsone,false
1111535,202-7919571-7065906,AMAZON,B08S42FF38,,ENC788,2,38.36,16.82,2026-03-02 10:45:06,amazon Ledsone,false
1111536,206-9330298-4121137,AMAZON,B0DTPB2YC2,,WCB2BM3PK+RPR44WH3PK,1,22.89,19.07,2026-03-02 10:49:10,amazon Ledsone,false
1111545,203-7024534-9012306,AMAZON,B0CBPSNZG5,,WCB4RR2PK+RPR44WH2PK,1,15.89,15.89,2026-03-02 10:50:19,amazon Dcvoltage,false
1111546,204-8762143-1366755,AMAZON,B09479HV6W,,LDMG95E2783PK,1,16.88,14.07,2026-03-02 10:53:01,amazon Ledsone,false
1111547,203-3933213-9971506,AMAZON,B0CVLFG3DT,,RWWPSY0840YE,1,2.41,2.41,2026-03-02 10:58:50,amazon Ledsone,false
1111548,203-3933213-9971506,AMAZON,B0CVKZ67VL,,RWWPSY0860YE,1,2.41,2.41,2026-03-02 10:58:50,amazon Ledsone,false
1111551,203-4811396-2753123,AMAZON,B0BZDSH4D9,,CRFF105CH,1,11.78,7.41,2026-03-02 10:59:34,amazon Ledsone,false
1111556,202-5809320-8114724,AMAZON,B0DG29SP2H,,LDMA60E274WW2PK,2,15.98,6.66,2026-03-02 11:13:01,amazon Ledsone,false
1111564,026-2255374-2169116,AMAZON,B0B9NDY4GH,,CL2TOR5PK,1,11.49,11.49,2026-03-02 11:28:43,amazon Dcvoltage,false
1111565,205-2562764-4350723,AMAZON,B0FL79ZC43,,CRSF1202BM+PHRY2PCRBM2PK,1,21.89,18.24,2026-03-02 11:28:22,amazon Ledsone,false
1111571,206-8118967-7333141,AMAZON,B0F9WGLKMX,,LSHH240BG+RPR44WH,1,13.59,11.32,2026-03-02 11:37:46,amazon Ledsone,false
1111572,202-5271985-3961127,AMAZON,B0DJNRV58D,,PLADBM+LSDO210BG3PK,1,49.89,49.89,2026-03-02 11:34:35,amazon Dcvoltage,false
1111574,203-9892677-4435543,AMAZON,B0CGRJ1V8L,,TPOSBDBM,1,26.69,26.69,2026-03-02 11:42:53,amazon Dcvoltage,false
1111587,205-6741642-1542733,AMAZON,B0CNQ1MB3F,,LDMG125B228,1,10.99,10.99,2026-03-02 11:58:01,amazon Dcvoltage,false
1111593,205-2221078-8194767,AMAZON,B0D7ZRWBS2,,LSCY290BI2PK+RPR44WH2PK,1,24.99,20.82,2026-03-02 11:49:55,amazon Ledsone,false
1111594,202-8658468-8353110,AMAZON,B0F9YNBRZD,,LSMS320BG+RPR44WH,2,33.78,14.07,2026-03-02 12:01:22,amazon Ledsone,false
1111595,204-7660703-6479533,AMAZON,B0CTT4CH4C,,LSMS320GR+RPR44WH,1,14.99,14.99,2026-03-02 12:08:25,amazon Dcvoltage,false
1111628,204-9840036-0761916,AMAZON,B0CCJ57823,,SPSDP3BM3PK,1,10.19,8.49,2026-03-02 12:25:20,amazon Ledsone,false
1111629,204-7744316-9585136,AMAZON,B0DH9BZVRP,,CL3TBR5PK,2,23.98,11.99,2026-03-02 12:22:53,amazon Dcvoltage,false
1111630,204-7342382-2221926,AMAZON,B0CMTVMGMS,,LDG9D33C3,1,5.09,5.09,2026-03-02 12:23:15,amazon Dcvoltage,false
1111631,205-9357687-2829937,AMAZON,B0CL7X2J4P,,ENC5579,1,56.89,56.89,2026-03-02 12:30:00,amazon Dcvoltage,false
1111632,205-9357687-2829937,AMAZON,B08TMG646S,,LSFT220BC+RPR44WH,1,10.89,10.89,2026-03-02 12:30:00,amazon Dcvoltage,false
1111638,202-7855130-8366705,AMAZON,B08VGMKHT7,,LSCY290BM+RPR44WH,1,15.89,15.89,2026-03-02 12:29:25,amazon Dcvoltage,false
1111639,206-7228668-8753164,AMAZON,B0DCLQH97K,,STMT18FWH,1,3.89,0.83,2026-03-02 12:33:10,amazon Ledsone,false
1111642,026-0384041-4962762,AMAZON,B0CKHMQBBH,,CRFF500BM+PHNW1RBM3PK,1,40.89,40.89,2026-03-02 12:39:02,amazon Dcvoltage,false
1111649,202-2253194-3052323,AMAZON,B0DH92XGC2,,CL3TRS3PK,1,7.99,7.99,2026-03-02 12:44:57,amazon Dcvoltage,false
1111650,202-2253194-3052323,AMAZON,B0DH9831B6,,CL3TPE3PK,3,23.97,7.99,2026-03-02 12:44:57,amazon Dcvoltage,false
1111651,202-2253194-3052323,AMAZON,B0DH9D1Z8N,,CL3TAG3PK,3,26.97,8.99,2026-03-02 12:44:57,amazon Dcvoltage,false
1111652,206-4049525-0934733,AMAZON,B0D4Y8QBVC,,LDMG80B2243PK,1,16.39,16.39,2026-03-02 12:52:21,amazon Dcvoltage,false
1111665,205-1639178-1822716,AMAZON,B0B9Y5MRSK,,CL3TGD5PK,1,14.89,12.41,2026-03-02 13:13:43,amazon Ledsone,false
1111667,204-0873822-9876304,AMAZON,B0868DXK1B,,CCBKNWE48,5,53.01,9.82,2026-03-02 13:19:16,amazon Ledsone,false
1111683,203-6847797-1447525,AMAZON,B08PZ7Q1FD,,24IP6745,2,29.78,14.89,2026-03-02 13:20:52,amazon SRM Amazon,false
1111687,204-9170516-0423560,AMAZON,B0D9Q2TDSK,,PHCT80CHCCH,1,15.39,15.39,2026-03-02 13:32:08,amazon Dcvoltage,false
1111688,026-2227156-0550749,AMAZON,B07F9R3GVS,,LDMG95E278,1,8.19,8.19,2026-03-02 13:37:58,amazon Dcvoltage,false
1111689,202-5794190-9923510,AMAZON,B0B7KCXV72,,CRFF105GB,1,11.68,7.32,2026-03-02 13:39:12,amazon Ledsone,false
1111696,202-3395064-0201953,AMAZON,B0DQD8W18B,,PHSF1BMTBM5PK,3,129.48,35.97,2026-03-02 13:46:40,amazon Ledsone,false
1111698,204-2907395-2241135,AMAZON,B0987NMMM5,,PLWEBS+ICST64E2760,5,179.45,35.89,2026-03-02 13:52:34,amazon Dcvoltage,false
1111699,204-7739722-5923519,AMAZON,B08TX1V5BV,,LSMS320RE+RPR44WH,1,14.99,14.99,2026-03-02 13:48:11,amazon Dcvoltage,false
1111706,204-1920370-5437914,AMAZON,B0DH937VLZ,,CL3TCR3PK,1,8.99,8.99,2026-03-02 13:57:12,amazon Dcvoltage,false
1111709,205-4674411-5945929,AMAZON,B08YKBXRJ4,,CRSF2003YB+PHSH1PBRBC3PK+LSDM220YB3PK,2,79.98,39.99,2026-03-02 14:05:30,amazon Dcvoltage,false
1111712,203-9515055-4477136,AMAZON,B0DX7589SX,,CERU36200YE,1,4.78,1.57,2026-03-02 11:21:04,amazon Ledsone,false
1111713,204-4321108-2669159,AMAZON,B0F21WKMPJ,,WCBV62BC2PK+SCRN70BM2PK,1,16.89,14.07,2026-03-02 14:03:54,amazon Ledsone,false
1111721,204-6959943-7013937,AMAZON,B0CGRJ1V8L,,TPOSBDBM,1,26.69,26.69,2026-03-02 14:03:54,amazon Dcvoltage,false
1111726,203-9470217-9281935,AMAZON,B0863BZR2Z,,PHSF1GDTYB2PK,4,67.10,13.73,2026-03-02 14:19:59,amazon Ledsone,false
1111727,202-4882836-0709900,AMAZON,B07S16RWT2,,LDMST64B224,1,5.59,4.66,2026-03-02 14:28:30,amazon Ledsone,false
1111729,204-8006259-9381124,AMAZON,B0F1MMCQMQ,,RWWPSN60YE,1,5.78,2.89,2026-03-02 14:25:42,amazon Dcvoltage,false
1111730,026-3135419-1746762,AMAZON,B0D94JRJLR,,ENC4298,2,38.98,19.49,2026-03-02 14:25:28,amazon Dcvoltage,false
1111731,202-1510075-6130747,AMAZON,B0CSMK1P5N,,CRFF100SN2PK,1,11.89,11.89,2026-03-02 14:25:44,amazon Dcvoltage,false
1111739,205-7783015-3216325,AMAZON,B0G1TF1PDM,,CKA17ATC4441BL,1,15.09,12.57,2026-03-02 14:32:12,amazon Ledsone,false
1111740,206-1136125-4582702,AMAZON,B07FDTMWHC,,CCBC24,1,7.78,4.89,2026-03-02 14:34:51,amazon Dcvoltage,false
1111745,203-9206248-5793132,AMAZON,B0CB8BV8GD,,LSFT220GY+RPR44WH,1,10.79,10.79,2026-03-02 14:44:49,amazon Dcvoltage,false
1111746,026-2154876-2286757,AMAZON,B0DX6T74B9,,CENU36300BM,3,8.86,1.66,2026-03-02 14:41:09,amazon Ledsone,false
1111749,206-1616662-8141139,AMAZON,B0DZDW7B3D,,CL2RBW2PK,1,5.99,4.99,2026-03-02 14:50:46,amazon Ledsone,false
1111751,026-6958070-3935520,AMAZON,B0CG3HBJVQ,,WSOSBDBM2PK,1,37.89,31.57,2026-03-02 14:57:49,amazon Ledsone,false
1111759,204-9285332-7223568,AMAZON,B0DJQZQV1C,,CRFF108BM+WSST70BM+WCWVBM,1,16.89,14.07,2026-03-02 15:03:36,amazon Ledsone,false
1111760,205-4339260-2229955,AMAZON,B08KJJWJKK,,WCFSDCBM,1,41.89,34.91,2026-03-02 15:06:41,amazon Ledsone,false
1111771,205-6514079-6359504,AMAZON,B08VGPPCY1,,WCDTBM+RPR44WH,1,11.69,11.69,2026-03-02 15:27:57,amazon Dcvoltage,false
1111772,202-6806460-3430718,AMAZON,B091YWPYHD,,CRSF100YB+PHSH1PBRYB+LSSS300YB,1,17.49,14.57,2026-03-02 15:20:31,amazon Ledsone,false
1111773,026-9924368-4960341,AMAZON,B0C14R3L86,,LHRTE27WH,1,6.09,5.07,2026-03-02 15:26:26,amazon Ledsone,false
1111780,205-7210110-0672342,AMAZON,B0CRZ2C9QS,,LSCY290RR+RPR44WH,3,55.17,12.92,2026-03-02 15:29:57,amazon Dcvoltage,false
1111789,206-6931133-2516364,AMAZON,B09477YHK7,,LDMG95E278APK,1,35.18,29.32,2026-03-02 15:39:35,amazon Ledsone,false
1111791,203-7578629-6640369,AMAZON,B0DZNQCJX5,,RWWPSY08GY,1,4.78,1.57,2026-03-02 15:43:46,amazon Ledsone,false
1111792,026-6464612-3046731,AMAZON,B0C9X67GZJ,,LSWD360BC+RPR44WH,2,40.67,18.89,2026-03-02 15:43:44,amazon Dcvoltage,false
1111800,204-1269387-7561910,AMAZON,B0D4QKJS1H,,CSBEB6PI2PK,1,7.59,7.59,2026-03-02 15:52:07,amazon Dcvoltage,false
1111801,205-7953635-4945965,AMAZON,B0DH96DD61,,CL3TGR5PK,1,11.99,11.99,2026-03-02 15:54:53,amazon Dcvoltage,false
1111806,203-3129339-5409923,AMAZON,B0DG29SP2H,,LDMA60E274WW2PK,1,7.99,6.66,2026-03-02 15:56:29,amazon Ledsone,false
1111821,206-6050340-4065943,AMAZON,B0D7BZ726S,,LDSG125E274,1,10.99,9.16,2026-03-02 16:06:00,amazon Ledsone,false
1111822,202-3722263-7138739,AMAZON,B0DCS4YCFW,,WCWDRO+RPR44WH,1,10.89,9.07,2026-03-02 16:06:45,amazon Ledsone,false
1111823,203-1378783-0496310,AMAZON,B07CJHQ1KW,,5IP2030,1,6.99,6.99,2026-03-02 16:05:06,amazon Dcvoltage,false
1111826,204-9446595-5601906,AMAZON,B08P36B5LC,,CRSF100BM+LHNSE27YB+LSDM220GS+ICST64E27,1,21.89,21.89,2026-03-02 16:16:42,amazon SRM Amazon,false
1111827,204-9537537-3080358,AMAZON,B0CSMMG9C2,,CRFF100FG2PK,1,13.89,13.89,2026-03-02 16:15:56,amazon Dcvoltage,false
1111840,205-9520953-6866767,AMAZON,B0CP3FTNS9,,CRFF100CH+PHUP1PCRCH+CNT900CH+ICST64E27,1,25.48,21.79,2026-03-02 16:22:46,amazon Dcvoltage,false
1111841,026-0037417-9525104,AMAZON,B0BNW1NWB9,,ENC784,12,377.88,31.49,2026-03-02 16:28:41,amazon Dcvoltage,false
1111842,202-5479346-0087523,AMAZON,B08TMRT292,,LSFT220YE+RPR44WH,1,11.89,11.89,2026-03-02 16:29:30,amazon Dcvoltage,false
1111843,202-5479346-0087523,AMAZON,B0C7H2N8J4,,LSFT220NB+RPR44WH,1,10.89,10.89,2026-03-02 16:29:30,amazon Dcvoltage,false
1111844,202-5479346-0087523,AMAZON,B08TM2GGZQ,,LSFT220GR+RPR44WH,1,11.89,11.89,2026-03-02 16:29:30,amazon Dcvoltage,false
1111845,202-5479346-0087523,AMAZON,B0C7H2X9HQ,,LSFT220OR+RPR44WH,1,10.79,10.79,2026-03-02 16:29:30,amazon Dcvoltage,false
1111851,206-0028358-8591515,AMAZON,B0DH94WBWX,,CL3TLP5PK,1,9.99,9.99,2026-03-02 16:33:25,amazon Dcvoltage,false
1111856,203-0658487-5869941,AMAZON,B0FL7BRGF4,,PHSF2GDTYB2PK+ICST64E272PK,2,57.78,28.89,2026-03-02 16:44:43,amazon Dcvoltage,false
1111864,026-7337270-8989124,AMAZON,B08XXTQ5MN,,WCB2BS+RPR44WH,1,10.39,10.39,2026-03-02 16:53:00,amazon Dcvoltage,false
1111865,205-6284243-7225929,AMAZON,B0C9TWTCZ8,,LSCY210BG+RPR44WH,1,12.89,12.89,2026-03-02 16:56:12,amazon Dcvoltage,false
1111870,204-6613350-7685922,AMAZON,B0DF7BD73R,,CRSF100BM+PHRYWP1RBM,1,11.89,9.91,2026-03-02 16:57:54,amazon Ledsone,false
1111871,202-2564329-8861904,AMAZON,B07ZFWR48Y,,CRFF100BM+LHNSE27BM,1,13.89,13.89,2026-03-02 16:51:48,amazon Dcvoltage,false
1111872,202-2530070-6137100,AMAZON,B08V8XSXKB,,CRSF100BM+PHSH1PBRBM+LSMS320BI,1,19.69,19.69,2026-03-02 17:07:00,amazon Dcvoltage,false
1111873,204-7358872-1629133,AMAZON,B0FY22Q53W,,WCBCFBM2PK+RPR44WH2PK,1,25.89,25.89,2026-03-02 17:08:56,amazon Dcvoltage,false
1111882,026-0309892-0412314,AMAZON,B0CNTDJVMK,,WCB6WH+RPR44WH,1,11.89,11.89,2026-03-02 17:18:09,amazon Dcvoltage,false
1111892,205-0053929-9135524,AMAZON,B0CJ4Q2DF3,,LSMCSPFLMC+RPM40WH,1,25.89,25.89,2026-03-02 17:25:14,amazon Dcvoltage,false
1111893,206-3180389-5090747,AMAZON,B0F1CX6BYH,,RWWPSY0680YE,1,6.36,3.09,2026-03-02 17:26:24,amazon Dcvoltage,false
1111904,026-5821240-6073104,AMAZON,B08TX2837H,,LSMS320BI+RPR44WH,1,14.99,14.99,2026-03-02 17:28:57,amazon Dcvoltage,false
1111914,206-3197848-0629110,AMAZON,B0DHN6KFZL,,ENC787,2,49.24,21.82,2026-03-02 17:49:17,amazon Ledsone,false
1111915,206-9236998-4178768,AMAZON,B07DH89GTY,,12UK3P2A,1,7.69,6.41,2026-03-02 17:51:11,amazon Ledsone,false
1111920,026-4289169-5297138,AMAZON,B0B71MJFDZ,,CRSF100BM,1,8.88,4.99,2026-03-02 18:04:29,amazon Ledsone,false
1111921,203-7871994-4547527,AMAZON,B0CCHZNHT9,,SPSDP2WH,1,8.58,4.74,2026-03-02 18:06:01,amazon Ledsone,false
1111922,203-5345335-4353104,AMAZON,B0DG29SP2H,,LDMA60E274WW2PK,1,7.99,6.66,2026-03-02 16:35:40,amazon Ledsone,false
1111931,205-8636764-1848362,AMAZON,B0C7KP7KHF,,ENC2002,1,90.89,90.89,2026-03-02 18:19:42,amazon Dcvoltage,false
1111940,202-5601955-9490757,AMAZON,B0FL79ZC43,,CRSF1202BM+PHRY2PCRBM2PK,1,18.24,18.24,2026-03-02 18:22:00,amazon Ledsone,false
1111941,202-5601955-9490757,AMAZON,B0FZ96SQ2Z,,CRSF1204BM+PHRY2PCRBM4PK,1,29.91,29.91,2026-03-02 18:22:00,amazon Ledsone,false
1111949,205-8556828-7543524,AMAZON,B0929BBD84,,PLWEFBC,1,28.89,24.07,2026-03-02 18:32:26,amazon Ledsone,false
1111950,206-8584144-4022708,AMAZON,B0G57Z7PBB,,ENC641,1,32.89,27.41,2026-03-02 18:38:42,amazon Ledsone,false
1111956,026-7338214-0054726,AMAZON,B08TX1V5BV,,LSMS320RE+RPR44WH,1,14.99,14.99,2026-03-02 18:43:11,amazon Dcvoltage,false
1111958,026-1733574-6291561,AMAZON,B0CCHXR4X2,,SPSDP2WH3PK,1,14.39,11.99,2026-03-02 18:41:54,amazon Ledsone,false
1111963,205-9572040-7563501,AMAZON,B08V5MK449,,CRSF100BM+PHHT1PBRBM+LSCY290BM,1,21.89,21.89,2026-03-02 18:59:21,amazon Dcvoltage,false
1111971,026-2414856-5752327,AMAZON,B0DJBSQXTJ,,HLRK45BM5PK,1,12.58,8.07,2026-03-02 19:00:45,amazon Ledsone,false
1111972,204-2501573-9760311,AMAZON,B0CM9JVY8L,,CRSF2003CH+WCCY1ROCH3PK,1,53.89,44.91,2026-03-02 19:07:42,amazon Ledsone,false
1111981,205-6265619-7093954,AMAZON,B08VGPPCY1,,WCDTBM+RPR44WH,1,11.69,11.69,2026-03-02 19:17:11,amazon Dcvoltage,false
1111982,203-7792313-5831549,AMAZON,B0FZCQMY9B,,LSHM400HE2PK+RPR44WH2PK,1,54.89,54.89,2026-03-02 19:24:46,amazon Dcvoltage,false
1111989,206-9574326-9077125,AMAZON,B07B4RXHH5,,12IP6724,1,10.99,9.16,2026-03-02 19:25:17,amazon Ledsone,false
1111996,205-7128105-5405937,AMAZON,B0CVMZBLZ7,,RWWPSYBF25GY,1,4.48,1.59,2026-03-02 19:37:25,amazon Dcvoltage,false
1111997,206-0855665-0328357,AMAZON,B0GDF2B3ML,,LDMT185E273,1,6.99,5.82,2026-03-02 19:34:55,amazon Ledsone,false
1111998,203-2059608-8827555,AMAZON,B0DG2Q3GT1,,LDMA60E274WW6PK,1,19.99,16.66,2026-03-02 19:38:58,amazon Ledsone,false
1112016,205-9375088-9699526,AMAZON,B0D28WMPYX,,LSCY290AA+RPR44WH,1,15.99,13.32,2026-03-02 19:50:00,amazon Ledsone,false
1112018,026-8734704-1969925,AMAZON,B0FY5X423H,,LDSG1001E27,1,13.99,11.66,2026-03-02 19:58:22,amazon Ledsone,false
1112019,026-6814443-6783511,AMAZON,B08SM8X5Y2,,LSDG220WI,4,89.91,22.69,2026-03-02 19:59:46,amazon Dcvoltage,false
1112028,203-7714713-7141912,AMAZON,B0DP2RQWTH,,CRSF100BM+PHSH1PBRBM+LSCY290BC,2,46.79,20.74,2026-03-02 20:04:23,amazon Ledsone,false
1112029,205-9580741-4611527,AMAZON,B0DBQSJNY9,,LDSHEAE274,1,12.29,10.24,2026-03-02 20:04:16,amazon Ledsone,false
1112031,205-4290023-7818713,AMAZON,B0FN7G19XF,,CRSF100CO+LHNSE27CO+ICST64E27,4,49.56,12.39,2026-03-02 20:11:32,amazon SRM Amazon,false
1112032,203-1410000-3375531,AMAZON,B0DBWQLVMK,,CL2RBM5PK,1,17.68,13.99,2026-03-02 20:09:18,amazon Dcvoltage,false
1112043,206-4324615-6946751,AMAZON,B0CN4MPV6F,,PLPYBM,1,17.89,17.89,2026-03-02 20:23:29,amazon Dcvoltage,false
1112045,204-4573976-2624300,AMAZON,B0B9Y5MRSK,,CL3TGD5PK,1,14.89,12.41,2026-03-02 20:26:58,amazon Ledsone,false
1112053,202-8787873-4509917,AMAZON,B0DP2RQWTH,,CRSF100BM+PHSH1PBRBM+LSCY290BC,1,24.89,20.74,2026-03-02 20:32:04,amazon Ledsone,false
1112056,203-0165025-9689118,AMAZON,B0D73NH1FT,,ENC4932,1,19.33,20.79,2026-03-02 20:32:04,amazon Dcvoltage,false
1112067,026-8837753-9886707,AMAZON,B0FWBWKCNX,,PHHR3DSTHE+ICST64E272PK,1,21.89,21.89,2026-03-02 20:40:14,amazon Dcvoltage,false
1112068,204-8105298-1005902,AMAZON,B08R3Q75KL,,LSDO210BG+RPR44WH,5,69.67,13.89,2026-03-02 20:44:54,amazon Dcvoltage,false
1112074,206-3298642-8433926,AMAZON,B0CCHYJ6PP,,SPSDP2YB5PK,1,20.89,17.41,2026-03-02 20:51:35,amazon Ledsone,false
1112076,026-2930406-1555568,AMAZON,B0DH4KYFPD,,WCDTBM2PK+RPR44WH2PK,1,18.89,15.74,2026-03-02 20:52:33,amazon Ledsone,false
1112077,206-7193091-7017913,AMAZON,B0FRMR2GHX,,PLWSBM+ICST64E272PK,4,87.08,20.16,2026-03-02 20:53:26,amazon Ledsone,false
1112078,202-4568180-1868311,AMAZON,B0C43N2F3D,,WCDTWH+RPR44WH,1,11.89,9.91,2026-03-02 20:59:34,amazon Ledsone,false
1112080,205-0444197-4265943,AMAZON,B0DBV1PXNS,,LDSG125LOE2743PK,1,29.89,24.91,2026-03-02 21:04:01,amazon Ledsone,false
1112081,204-6707913-6880354,AMAZON,B08NDBQLMZ,,WCDTBM+RPR44WH,1,14.58,10.89,2026-03-02 21:02:25,amazon Dcvoltage,false
1112090,202-0430800-3398738,AMAZON,B0FPQVSMFT,,LDCWT75B2212,1,8.79,7.32,2026-03-02 21:15:39,amazon Ledsone,false
1112091,204-0917843-2652303,AMAZON,B08XWSBPHW,,WCB1BM+RPR44WH,1,10.69,10.69,2026-03-02 21:10:45,amazon Dcvoltage,false
1112092,206-7609001-4273942,AMAZON,B08WJGGJH7,,CRSF100GB+LHNSE27GB+LSRP260GB,1,28.89,28.89,2026-03-02 21:18:00,amazon Dcvoltage,false
1112108,204-9535496-5773158,AMAZON,B09N1NJR9D,,ENC2240,1,35.89,29.91,2026-03-02 21:43:23,amazon Ledsone,false
1112116,026-7352480-0647506,AMAZON,B0G5ZRFC58,,CRSF100BM+PHNW1RBM+ICST64E27,2,27.99,12.41,2026-03-02 21:59:34,amazon Ledsone,false
1112118,026-5409347-0377168,AMAZON,B0GCZ9ZLXK,,CRSF1203WH,1,10.38,6.24,2026-03-02 21:21:53,amazon Ledsone,false
1112124,204-1568773-7546726,AMAZON,B0B4K4VWDZ,,PSDS4BMRGD,2,26.64,11.81,2026-03-02 21:26:09,amazon Ledsone,false
1112126,205-6051261-5860359,AMAZON,B0D44XWSWS,,PHSF2GDTFG+ICST64E27,1,19.58,15.89,2026-03-02 21:25:16,amazon Dcvoltage,false
1112127,204-0199404-8449107,AMAZON,B0965HZJGN,,ENC686,1,58.89,58.89,2026-03-02 21:43:23,amazon Dcvoltage,false
1112133,203-7824959-4024367,AMAZON,B0FJXX5R5G,,LSHQ150WH+RPR44WH,3,39.45,11.66,2026-03-02 21:35:53,amazon Ledsone,false
1112134,206-6943944-7198734,AMAZON,B0CNT1QNSN,,PLADBM,1,49.89,49.89,2026-03-02 21:32:40,amazon Dcvoltage,false
1112135,203-3679537-6285110,AMAZON,B07CWS93WM,,LDMG95B224,1,7.29,7.29,2026-03-02 21:57:04,amazon Dcvoltage,false
1112136,203-6009518-8964303,AMAZON,B08P1HMKPK,,LSRP260SN+RPR44WH,1,17.00,18.89,2026-03-02 22:14:09,amazon Dcvoltage,false
1112137,206-0944945-4989924,AMAZON,B0FZCRB2RS,,LSHM400HE+RPR44WH,1,29.99,29.99,2026-03-02 22:19:09,amazon Dcvoltage,false
1112138,026-5745793-1001921,AMAZON,B07CVBX8L5,,LDMG95B224,2,15.18,7.59,2026-03-02 21:40:55,amazon Dcvoltage,false
1112141,202-7903139-4098716,AMAZON,B0BLP1JSRK,,LDMST64E2786PK,1,20.39,16.99,2026-03-02 21:42:49,amazon Ledsone,false
1112142,204-3054490-9471538,AMAZON,B0DH231R8H,,FWS143GY,1,9.78,5.74,2026-03-02 22:27:10,amazon Ledsone,false
1112143,202-2231756-5792336,AMAZON,B0DH4KYFPD,,WCDTBM2PK+RPR44WH2PK,2,35.89,15.74,2026-03-02 22:35:19,amazon Ledsone,false
1112150,206-4994222-9136340,AMAZON,B0CV7RDB5B,,RWGS1533WH,1,6.78,3.24,2026-03-02 22:38:22,amazon Ledsone,false
1112156,205-6700265-2953104,AMAZON,B0CCHXR4X2,,SPSDP2WH3PK,1,14.39,11.99,2026-03-02 22:55:17,amazon Ledsone,false
1112157,026-2881775-6461927,AMAZON,B0DH92JCT9,,CL3TLPAPK,2,33.98,16.99,2026-03-02 22:54:58,amazon Dcvoltage,false
1112162,206-0906853-9715502,AMAZON,B0CGRJ5PM4,,CRSF100BM+SPUPBM+PHRYWP2RBM,1,13.59,11.32,2026-03-02 23:06:37,amazon Ledsone,false
1112163,205-3260587-4028322,AMAZON,B0CHF49HKL,,PHUH1HETBM+LSHM400HE,2,65.38,27.24,2026-03-02 23:08:45,amazon Ledsone,false
1112167,205-1636907-9029901,AMAZON,B0BNXKQV1B,,CRSF100SN+PHRI1PCRSN+LSDO300SN+ICST64E27,3,64.83,19.16,2026-03-02 23:13:57,amazon Ledsone,false
1112170,203-9282947-0067508,AMAZON,B0CN376GSP,,CRSF1202BM+PHHT2PBRBM2PK+SPUPBM2PK,1,18.89,15.74,2026-03-02 23:25:15,amazon Ledsone,false
1112174,204-5896833-5332331,AMAZON,B0CFHKYH59,,CRSF100BM2PK+PHRNWP1RBM2PK,1,20.09,16.74,2026-03-03 00:03:26,amazon Ledsone,false
1112175,202-0844978-7021916,AMAZON,B0F1D3FS5C,,RWWPSY0660YE,1,5.88,2.99,2026-03-01 23:40:17,amazon Dcvoltage,false
1112176,206-9377279-5047510,AMAZON,B0DH64L6PN,,CL2TGD5PK,1,10.09,10.09,2026-03-03 00:35:18,amazon Dcvoltage,false
1112177,026-7157651-2169900,AMAZON,B0CLGW5P35,,CRFF140BM2PK+WSFSBA2PK+ICST64E272PK,1,24.89,20.74,2026-03-03 00:24:16,amazon Ledsone,false
1112183,204-2274537-0235526,AMAZON,B0DKF3CB48,,12IP20240,1,19.49,19.49,2026-03-03 00:54:54,amazon Dcvoltage,false
1112189,202-6403831-0079524,AMAZON,B0CVB98VVG,,RWWPSY08GY,1,4.78,1.89,2026-03-03 02:22:53,amazon Dcvoltage,false
1112190,203-0994823-1912360,AMAZON,B0F28Z2V3F,,LSCY290GY+RPR44WH,2,29.87,13.24,2026-03-03 02:26:07,amazon Ledsone,false
1112197,204-8389301-5974715,AMAZON,B0GCZG4XFD,,CRSF120WH,1,8.78,4.91,2026-03-03 02:45:11,amazon Ledsone,false
1112203,205-5434522-9675502,AMAZON,B0FXFK62XH,,WCFL180RO2PK,1,24.49,20.41,2026-03-03 02:45:55,amazon Ledsone,false
1112254,202-5526995-3241936,AMAZON,B0CVMX2MY5,,RWWPSYBF50GY,2,8.06,2.49,2026-03-03 05:59:15,amazon Dcvoltage,false
1112256,204-4463892-1761914,AMAZON,B0GD5FP27N,,ENC7768,1,24.49,24.49,2026-03-03 06:12:17,amazon Dcvoltage,false
1112257,203-9077335-7011549,AMAZON,B0DC44PDT5,,WLFSWDBM2PK,1,52.98,52.98,2026-03-03 06:11:56,amazon Dcvoltage,false
1112267,206-6145235-2356337,AMAZON,B0CVMZBLZ7,,RWWPSYBF25GY,1,4.48,1.59,2026-03-03 07:07:32,amazon Dcvoltage,false
1112273,202-8701149-9106753,AMAZON,B0G57TZ4TK,,CRFF500BC+PHNW1RBC3PK,1,28.89,19.91,2026-03-03 07:21:51,amazon Ledsone,false
1112274,026-0174879-2285969,AMAZON,B0BYKCVKLN,,ENC4562,1,53.89,53.89,2026-03-03 07:19:23,amazon Dcvoltage,false
1112278,204-7466131-6605102,AMAZON,B08S7G6YWN,,ENC809,1,58.73,58.73,2026-03-03 07:34:12,amazon SRM Amazon,false
1112280,206-1046331-8324314,AMAZON,B0CV7RDB5B,,RWGS1533WH,1,6.78,3.24,2026-03-03 07:29:28,amazon Ledsone,false
1112289,026-5903931-9725141,AMAZON,B0C2KTS5Z6,,LSCP150YE+RPR44WH,1,9.91,9.91,2026-03-03 07:42:51,amazon Ledsone,false
1112290,026-5903931-9725141,AMAZON,B0C2KRMRKX,,LSCP150GR+RPR44WH,1,10.74,10.74,2026-03-03 07:42:51,amazon Ledsone,false
1112291,026-5903931-9725141,AMAZON,B0F99DVCH6,,LSCP150OR+RPR44WH,1,9.91,9.91,2026-03-03 07:42:51,amazon Ledsone,false
1112292,026-5903931-9725141,AMAZON,B0C2KR7JQ6,,LSCP150BU+RPR44WH,1,9.91,9.91,2026-03-03 07:42:51,amazon Ledsone,false
1112293,026-5903931-9725141,AMAZON,B0C2KW36BR,,LSCP150RE+RPR44WH,1,10.74,10.74,2026-03-03 07:42:51,amazon Ledsone,false
1112294,026-5903931-9725141,AMAZON,B0C2KTQSBY,,LSCP150BL+RPR44WH,1,9.91,9.91,2026-03-03 07:42:51,amazon Ledsone,false
1112295,204-6677860-1509165,AMAZON,B0CCJ64FCR,,SPSDP3YB,1,6.78,3.24,2026-03-03 07:48:31,amazon Ledsone,false
1112298,203-8358589-8127542,AMAZON,B0DZFHCSDY,,CL2RCR5PK,1,13.99,11.66,2026-03-03 07:54:55,amazon Ledsone,false
1112306,203-1526220-0334742,AMAZON,B0F9YL55QB,,CRSF100HBM+WSWS1PBLBM+PSDS2BPB+ICST64E27,2,34.18,17.99,2026-03-03 07:53:13,amazon Dcvoltage,false
1112307,026-9351580-7969119,AMAZON,B0F1D3YQPG,,RWWPSY10GY,1,2.49,2.49,2026-03-03 08:40:30,amazon Dcvoltage,false
1112309,202-7013687-8307529,AMAZON,B0F1D3YQPG,,RWWPSY10GY,1,5.38,2.49,2026-03-03 08:04:22,amazon Dcvoltage,false
1112311,026-0131067-7209162,AMAZON,B0B8P49KHN,,LDA60B224WW,1,5.99,4.99,2026-03-03 08:09:53,amazon Ledsone,false
1112312,204-5615541-2535539,AMAZON,B0915WN365,,CRSF100BM+LHNSE27CO+SCRN70CO+LSFT220RR,1,18.89,18.89,2026-03-03 08:17:36,amazon Dcvoltage,false
1112325,026-9351580-7969119,AMAZON,B0F1D59PXR,,RWWPSY08GY,1,1.89,1.89,2026-03-03 08:40:30,amazon Dcvoltage,false
1112326,205-5085875-0169166,AMAZON,B0DH98XLXH,,CL3TBM3PK,1,12.88,9.99,2026-03-03 08:43:46,amazon Dcvoltage,false
1112331,202-4526616-5704369,AMAZON,B0B4K6NM87,,PSDS4BMRRE,3,39.96,11.81,2026-03-03 08:51:48,amazon Ledsone,false
1112332,206-7177025-4465946,AMAZON,B0DG29SP2H,,LDMA60E274WW2PK,1,7.99,6.66,2026-03-03 08:58:45,amazon Ledsone,false
1112344,205-9647313-8753147,AMAZON,B07KS3QCDB,,CL2RRE5PK,1,12.41,12.41,2026-03-03 09:21:57,amazon Dcvoltage,false
1112349,203-6151250-1500339,AMAZON,B0CRZ5DS7Q,,LSCY290WH+RPR44WH,1,15.89,15.89,2026-03-03 09:30:04,amazon Dcvoltage,false
1112350,202-1363419-0055533,AMAZON,B0CV7K4PZC,,RWGS1342WH,1,6.75,3.59,2026-03-03 09:34:27,amazon Dcvoltage,false
1112368,026-5903945-8878707,AMAZON,B0CVL8TQ73,,LSTF400WH2PK+RPR44WH2PK,1,31.98,26.65,2026-03-03 09:51:47,amazon Ledsone,false
1112370,203-9017963-8874715,AMAZON,B0B82Y8Q8N,,PHSF1GDRFG,5,70.60,13.07,2026-03-03 09:56:38,amazon Ledsone,false
1112395,202-6045381-7730717,AMAZON,B0DBPWGS2Y,,PHHR3DSTHE+ICST64E272PK,6,116.05,17.91,2026-03-03 10:27:03,amazon Ledsone,false
1112400,204-6275248-6877922,AMAZON,B0F5B9FJB3,,WCWYBC3PK,1,15.69,13.07,2026-03-03 10:33:33,amazon Ledsone,false
1112414,205-0181617-7852336,AMAZON,B0CM8MSM1C,,ENC5510,1,69.19,57.66,2026-03-03 10:46:27,amazon Ledsone,false
1112415,205-9827436-1677945,AMAZON,B0DH9FC86W,,CL3TRE3PK,1,7.99,7.99,2026-03-03 10:42:18,amazon Dcvoltage,false
1112416,205-9827436-1677945,AMAZON,B0DH9FZNF4,,CL3TGR3PK,1,8.49,8.49,2026-03-03 10:42:18,amazon Dcvoltage,false
1112417,202-9150207-6572315,AMAZON,B09B7VL73B,,LSTF40YB+RPR44WH,1,11.99,11.99,2026-03-03 10:34:04,amazon Dcvoltage,false
1112425,206-9394565-3771559,AMAZON,B0DTHKSNFS,,WCB6BM3PK+RPR44WH3PK,1,22.49,22.49,2026-03-03 10:54:25,amazon Dcvoltage,false
1112426,205-3607258-1200325,AMAZON,B0DQD9LY98,,PHSF1AGTGB3PK,1,25.89,21.57,2026-03-03 10:59:15,amazon Ledsone,false
1112431,206-4933877-5737138,AMAZON,B0FFS8BF7Q,,STIX245GR,1,5.38,2.07,2026-03-03 11:03:36,amazon Ledsone,false
1112433,204-6326619-2170761,AMAZON,B091B7NP2G,,LSMCSPDRFL+RPM40WH,1,20.89,20.89,2026-03-03 11:06:32,amazon Dcvoltage,false
1112434,205-9854845-1731532,AMAZON,B0CVN3NXDG,,CENU36300BM,1,5.38,1.99,2026-03-03 11:09:03,amazon Dcvoltage,false
1112446,205-3393048-6205916,AMAZON,B0DMF2KF74,,ENC9307,1,27.29,22.74,2026-03-03 11:13:42,amazon Ledsone,false
1112456,203-6090176-5866752,AMAZON,B0F24DM5H6,,WCBV62BC+SCRN70BM,5,42.35,8.47,2026-03-03 11:26:59,amazon Dcvoltage,false
1112460,026-2813104-1859510,AMAZON,B0DCKWL469,,STFG4845WH,1,6.38,2.91,2026-03-03 11:38:19,amazon Ledsone,false
1112461,202-7894647-4677955,AMAZON,B0D5711PRY,,WCB6BM2PK+RPR44WH2PK,1,19.48,15.79,2026-03-03 11:31:41,amazon Dcvoltage,false
1112462,206-2018015-2678768,AMAZON,B0DFHKZXZM,,LSCY290GB+RPR44WH,1,17.89,17.89,2026-03-03 11:33:31,amazon Dcvoltage,false
1112469,205-9457415-9380331,AMAZON,B07S8CCS1Q,,CRSF100YB,1,10.78,6.57,2026-03-03 11:44:26,amazon Ledsone,false
1112479,203-6201200-4868330,AMAZON,B0DH4KYFPD,,WCDTBM2PK+RPR44WH2PK,1,18.89,15.74,2026-03-03 11:51:19,amazon Ledsone,false
1112480,206-2533571-1509164,AMAZON,B0B7799FKL,,CRFF108GB+HK10GB,1,10.78,6.57,2026-03-03 11:46:04,amazon Ledsone,false
1112484,206-7196288-3522703,AMAZON,B0CV7K4PZC,,RWGS1342WH,1,6.75,3.59,2026-03-03 11:50:17,amazon Dcvoltage,false
1112485,202-3585050-3052364,AMAZON,B0DH9H7ZCM,,CL3TGL3PK,1,8.99,8.99,2026-03-03 11:52:17,amazon Dcvoltage,false
1112490,206-8713035-2080314,AMAZON,B0BT7PZRG6,,ENC4304,1,37.89,37.89,2026-03-03 12:04:37,amazon Dcvoltage,false
1112491,202-0148613-8081169,AMAZON,B0CGZQ6JCN,,LSMCSPMSMC+RPM40WH,2,43.03,19.07,2026-03-03 12:02:01,amazon Ledsone,false
1112495,202-2295769-7361920,AMAZON,B0G2YBCMRK,,ENC285,2,33.82,18.79,2026-03-03 12:18:51,amazon Dcvoltage,false
1112496,026-6625577-9709961,AMAZON,B0F9X4RS4W,,CL2RGDAPK,2,35.70,15.82,2026-03-03 12:09:27,amazon Ledsone,false
1112508,206-6953144-3021954,AMAZON,B0FPQVSMFT,,LDCWT75B2212,1,8.79,7.32,2026-03-03 12:21:34,amazon Ledsone,false
1112512,206-4841926-2021923,AMAZON,B0F28Z2V3C,,LSCY290GB+RPR44WH,1,17.89,14.91,2026-03-03 12:32:34,amazon Ledsone,false
1112519,026-4900833-0798722,AMAZON,B07VVCDNS2,,CRSF100BM+PHHT1PBRFG+CNT900BM,1,13.69,13.69,2026-03-03 12:39:29,amazon Dcvoltage,false
1112520,203-5545074-0972345,AMAZON,B0CNRJ2VNY,,LDMST64B224,1,7.19,7.19,2026-03-03 12:43:40,amazon Dcvoltage,false
1112521,204-7185946-6983538,AMAZON,B09M42QJCS,,LDMG125E2785PK,1,27.89,27.89,2026-03-03 12:48:21,amazon Dcvoltage,false
1112531,205-0572451-0225965,AMAZON,B094NK21SK,,CRFF5005BM+WCSN1BM5PK+LDST45E2745PK,1,54.89,54.89,2026-03-03 00:07:17,amazon Dcvoltage,false
1112532,202-3079843-5969913,AMAZON,B08S44XNJF,,CRSF100BC+LHNSE27YB+SCRN70BC+LSWD360BC,1,26.18,21.82,2026-03-03 12:48:47,amazon Ledsone,false
1112534,202-7137049-7329133,AMAZON,B0CHW3Q9VG,,CRSF100YB+PHCHPCRYB+LSCY290YB,2,48.67,21.57,2026-03-03 12:55:23,amazon Ledsone,false
1112537,205-4795891-9958768,AMAZON,B0CTCLPZGS,,CRSF100BM+CL3TWH+LHSHE27SN,5,52.76,9.99,2026-03-03 12:58:28,amazon Ledsone,false
1112540,202-1358388-4094720,AMAZON,B0CNPZHQPW,,LDMG80B224,3,20.97,6.99,2026-03-03 13:03:46,amazon Dcvoltage,false
1112541,205-0843690-2257143,AMAZON,B0G5XNNJVD,,CRSF1203BM+PHNW1RBM3PK+ICST64E273PK,1,31.89,31.89,2026-03-03 13:04:18,amazon Dcvoltage,false
1112542,026-7734266-7941966,AMAZON,B0DFTR3M3X,,RPM40BM2PK,1,5.88,2.49,2026-03-03 13:05:56,amazon Ledsone,false
1112543,204-7772914-8979523,AMAZON,B0CCYFH6XY,,LSCY290CO+RPR44WH,1,18.29,15.24,2026-03-03 13:08:17,amazon Ledsone,false
1112547,205-6020261-0156304,AMAZON,B0D7S58RX5,,LSMS320CB+RPR44WH,1,14.99,12.49,2026-03-03 13:13:45,amazon Ledsone,false
1112548,203-9535295-3677942,AMAZON,B0FPQVSMFT,,LDCWT75B2212,1,8.79,7.32,2026-03-03 13:15:41,amazon Ledsone,false
1112550,206-3975541-2995545,AMAZON,B0F7LRQW4Q,,LSFT220YB2PK+RPR44WH2PK,1,20.09,20.09,2026-03-03 13:13:13,amazon Dcvoltage,false
1112551,204-8779757-6231537,AMAZON,B0DH97YNLH,,CL3TBK5PK,1,11.99,11.99,2026-03-03 13:18:03,amazon Dcvoltage,false
1112557,026-5717820-3905115,AMAZON,B0DH4LFC25,,WCDCBM3PK+RPR44WH3PK,1,25.19,20.99,2026-03-03 13:25:22,amazon Ledsone,false
1112558,205-4533679-5622754,AMAZON,B0F9X1D46L,,CL3RBMAPK,2,46.79,20.74,2026-03-03 13:27:05,amazon Ledsone,false
1112568,026-2947958-6773106,AMAZON,B0F2919THD,,LSCY290CO+RPR44WH,1,18.29,15.24,2026-03-03 13:44:07,amazon Ledsone,false
1112571,205-7460588-1559552,AMAZON,B0F7QPMBCH,,CL2TGLAPK,1,19.49,16.24,2026-03-03 13:45:17,amazon Ledsone,false
1112574,026-5679021-3815516,AMAZON,B0F48KSRDK,,RWWPSY0680YE,1,9.16,5.89,2026-03-03 13:56:03,amazon Dcvoltage,false
1112575,204-1112168-4419516,AMAZON,B0DV5FSQVT,,ENC8213,1,32.89,27.41,2026-03-03 13:49:29,amazon Ledsone,false
1112578,202-6110167-4589126,AMAZON,B08L7P2MHQ,,LDCWE27183PK,1,15.99,13.32,2026-03-03 13:55:44,amazon Ledsone,false
1112587,206-7434416-9209943,AMAZON,B0DFM7W6M3,,BSTS815GY,1,8.69,8.69,2026-03-03 14:01:38,amazon Dcvoltage,false
1112588,204-4312819-2324355,AMAZON,B0DH9D1Z8N,,CL3TAG3PK,1,8.99,8.99,2026-03-03 14:06:41,amazon Dcvoltage,false
1112600,202-3871062-2343564,AMAZON,B0CMQFVGW1,,ENC5669,1,69.19,57.66,2026-03-03 14:19:56,amazon Ledsone,false
1112601,026-3975966-5869158,AMAZON,B0CVKZ67VL,,RWWPSY0860YE,1,5.78,2.41,2026-03-03 14:21:56,amazon Ledsone,false
1112602,202-4686770-4431546,AMAZON,B09XBCV8ZM,,CRFF500BM+PHHN1PBRCO3PK+LSDO210BI3PK,2,77.78,32.41,2026-03-03 14:29:38,amazon Ledsone,false
1112604,204-6524558-7733114,AMAZON,B0DHVPBKTW,,LHSHE27CH,1,6.89,6.89,2026-03-03 14:32:22,amazon Dcvoltage,false
1112605,205-2320683-2559530,AMAZON,B0CR9W5933,,WCFWROCO+RPR44WH,1,11.89,9.91,2026-03-03 14:29:03,amazon Ledsone,false
1112606,204-5253122-8105153,AMAZON,B0G25RNXTK,,ENC5880,1,21.89,18.24,2026-03-03 14:34:40,amazon Ledsone,false
1112607,026-2884677-8990747,AMAZON,B0FT8MPKC9,,WBERT29AP4PK,3,20.59,4.92,2026-03-03 14:33:50,amazon Ledsone,false
1112610,206-7640219-8070729,AMAZON,B0CGRJ1V8L,,TPOSBDBM,1,29.58,26.69,2026-03-03 14:50:46,amazon Dcvoltage,false
1112616,206-9498124-4160355,AMAZON,B0DH623GPF,,CL2TBM2PK,1,6.99,6.99,2026-03-03 14:54:21,amazon Dcvoltage,false
1112617,205-2967530-5793120,AMAZON,B0BBGNQVF4,,CL2RYE5PK,2,33.47,14.89,2026-03-03 14:54:57,amazon Dcvoltage,false
1112622,202-4849542-4477105,AMAZON,B0G64CVN8T,,ENC9239,3,56.69,19.89,2026-03-03 15:03:19,amazon Dcvoltage,false
1112625,203-3230019-0869919,AMAZON,B0C8TZ2ZY2,,ENC4321,1,34.89,29.07,2026-03-03 15:04:52,amazon Ledsone,false
1112631,202-6861040-7605117,AMAZON,B0CC5ZVTNP,,ENC4926,2,40.97,18.16,2026-03-03 15:17:58,amazon Ledsone,false
1112636,205-8607468-7137163,AMAZON,B0DFHLDDRV,,LSCY290WH+RPR44WH,20,286.02,15.89,2026-03-03 15:29:04,amazon Dcvoltage,false
1112645,026-4822856-1264308,AMAZON,B0B71KMCX4,,CRSF100GB,3,20.86,4.99,2026-03-03 15:39:55,amazon Ledsone,false
1112646,026-0430037-8353935,AMAZON,B0B8DX5FDW,,CRSF1207BM,2,22.54,9.99,2026-03-03 15:47:33,amazon Ledsone,false
1112653,204-6521725-8664320,AMAZON,B08PYZLJCK,,12IP6745,1,15.69,15.69,2026-03-03 15:56:38,amazon SRM Amazon,false
1112655,026-8013753-1682744,AMAZON,B0GQTS6GXY,,SPSDP2BM5PK,3,62.67,20.89,2026-03-03 15:47:33,amazon Dcvoltage,false
1112663,205-0159037-0089137,AMAZON,B08VGMKHT7,,LSCY290BM+RPR44WH,1,15.89,15.89,2026-03-03 16:03:57,amazon Dcvoltage,false
1112664,205-9809296-4442709,AMAZON,B08V8Q9JX8,,WCB4RR+RPR44WH,1,9.99,9.99,2026-03-03 16:03:27,amazon Dcvoltage,false
1112665,202-6076375-0703502,AMAZON,B0DJR6W8XX,,SPSPLBM2PK,1,5.78,2.41,2026-03-03 16:00:00,amazon Ledsone,false
1112671,026-1482137-1661145,AMAZON,B0CVMZBLZ7,,RWWPSYBF25GY,1,4.48,1.59,2026-03-03 16:16:32,amazon Dcvoltage,false
1112679,202-2718278-8722757,AMAZON,B0FPQVSMFT,,LDCWT75B2212,1,8.79,7.32,2026-03-03 16:24:09,amazon Ledsone,false
1112680,205-3468701-6108347,AMAZON,B0FPWXQWQD,,LDCWA60HB2296PK,1,6.24,6.24,2026-03-03 16:25:46,amazon Ledsone,false
1112681,205-3468701-6108347,AMAZON,B0FPWZHHHG,,LDCWA60HE2796PK,1,6.24,6.24,2026-03-03 16:25:46,amazon Ledsone,false
1112683,204-9483965-8729915,AMAZON,B0F1D59PXR,,RWWPSY08GY,1,5.16,1.89,2026-03-03 16:19:46,amazon Dcvoltage,false
1112689,203-5284321-2827540,AMAZON,B08XNQ1FT7,,LSSS300YB+RPR44WH,1,13.49,13.49,2026-03-03 16:36:21,amazon Dcvoltage,false
1112691,206-4130763-0635562,AMAZON,B0G1TCLR4H,,CKA12ATC518BM,1,10.34,8.62,2026-03-03 16:30:09,amazon Ledsone,false
1112702,203-2072282-9875504,AMAZON,B0B2K81GXH,,LHC5E27WH5PK,1,13.89,11.57,2026-03-03 16:52:07,amazon Ledsone,false
1112709,204-6757252-1828301,AMAZON,B0BWS8JP79,,LSDO210RE+RPR44WH,1,11.89,11.89,2026-03-03 17:07:41,amazon Dcvoltage,false
1112710,203-4224941-3846759,AMAZON,B0G4MH8JMJ,,ENC9244,1,25.89,21.57,2026-03-03 16:40:09,amazon Ledsone,false
1112715,206-7890905-3443541,AMAZON,B07CJHQ1KW,,5IP2030,1,6.99,6.99,2026-03-03 17:11:23,amazon Dcvoltage,false
1112716,202-2499028-0202742,AMAZON,B0D8L1HQXM,,RWWPSY0660YE,1,5.97,2.99,2026-03-03 17:11:45,amazon Dcvoltage,false
1112722,203-4858176-9131563,AMAZON,B0F28YNDZN,,LSCY290RO+RPR44WH,2,34.39,15.24,2026-03-03 17:24:11,amazon Ledsone,false
1112728,202-5571666-9825121,AMAZON,B09Z6P8H29,,LDCWA60HB227,1,6.98,3.41,2026-03-03 17:33:27,amazon Ledsone,false
1112729,202-7906347-6037129,AMAZON,B0C8V28CTZ,,ENC4325,1,34.89,29.07,2026-03-03 17:35:56,amazon Ledsone,false
1112733,204-5914070-0964356,AMAZON,B0CMQGHNC1,,ENC5670,1,82.39,68.66,2026-03-03 17:45:10,amazon Ledsone,false
1112740,203-7711787-7521966,AMAZON,B0DG29SP2H,,LDMA60E274WW2PK,1,7.99,6.66,2026-03-03 17:55:40,amazon Ledsone,false
1112750,026-5602124-1462719,AMAZON,B0FHPLR9C5,,CRFF100RO2PK+LHNSE27RO2PK,2,43.78,21.89,2026-03-03 18:02:13,amazon Dcvoltage,false
1112761,203-9257188-1653110,AMAZON,B0CRZ53C55,,LSCY290BL+RPR44WH,1,15.89,15.89,2026-03-03 18:23:33,amazon Dcvoltage,false
1112771,026-9298666-5866756,AMAZON,B07KS4FC2G,,CL3RBK5PK,1,15.89,15.89,2026-03-03 18:21:37,amazon Dcvoltage,false
1112772,205-7424320-9082766,AMAZON,B08X6KMXTC,,PLTEBM,2,35.80,19.89,2026-03-03 18:29:21,amazon Dcvoltage,false
1112779,203-2902127-9496360,AMAZON,B0CNTDNKCN,,WCB1RR+RPR44WH,1,13.28,10.39,2026-03-03 18:40:19,amazon Dcvoltage,false
1112781,202-4574897-6427524,AMAZON,B0DH5R6RFC,,CL2TLB3PK,1,7.99,7.99,2026-03-03 18:44:19,amazon Dcvoltage,false
1112788,203-5330838-1848359,AMAZON,B0DG2C248J,,LDMA60E274WW3PK,1,11.89,9.91,2026-03-03 18:53:12,amazon Ledsone,false
1112792,203-1906537-0819501,AMAZON,B0G4MK1GZR,,ENC9243,1,25.89,21.57,2026-03-03 18:58:36,amazon Ledsone,false
1112799,205-1829485-6618701,AMAZON,B0D944SCS4,,WCB6WH3PK+RPR44WH3PK,1,22.29,18.57,2026-03-03 19:03:26,amazon Ledsone,false
1112800,206-6829202-1053108,AMAZON,B0CMCP8X1X,,CRFF500CH+WCCY1ROCH3PK,1,103.88,44.54,2026-03-03 19:05:28,amazon Ledsone,false
1112801,202-2602141-0983533,AMAZON,B0DCG85579,,CRSF120OSBM+WSLS155YB+LSGLCY100BM,2,33.28,18.49,2026-03-03 19:07:29,amazon Dcvoltage,false
1112809,202-2757939-4129143,AMAZON,B08TM1SKRH,,ENC777,2,39.40,21.89,2026-03-03 19:21:48,amazon Dcvoltage,false
1112811,203-1373683-8408320,AMAZON,B0CY2966V8,,ENC6534,1,19.89,16.57,2026-03-03 19:19:16,amazon Ledsone,false
1112820,202-5993978-6796357,AMAZON,B0F5BMNGM3,,PLTEBC+WCWYBM,1,21.29,17.74,2026-03-03 19:21:57,amazon Ledsone,false
1112821,026-2941486-8775557,AMAZON,B0CMCP8X1X,,CRFF500CH+WCCY1ROCH3PK,1,53.89,44.91,2026-03-03 19:24:25,amazon Ledsone,false
1112822,026-4707816-2541926,AMAZON,B09Z6RHPL3,,CCBC5,2,10.70,4.74,2026-03-03 19:27:00,amazon Ledsone,false
1112823,203-0138607-0819553,AMAZON,B0C9TMW8FQ,,ENC1910,1,22.89,22.89,2026-03-03 19:19:16,amazon Dcvoltage,false
1112832,202-6173528-4888363,AMAZON,B0CVMZBLZ7,,RWWPSYBF25GY,1,4.48,1.59,2026-03-03 19:31:06,amazon Dcvoltage,false
1112833,205-4945330-0425166,AMAZON,B0DH5MHK8S,,CL2TGR3PK,1,7.99,7.99,2026-03-03 19:36:57,amazon Dcvoltage,false
1112834,204-6171213-7985921,AMAZON,B0CV197CKS,,CKCP38382T1,1,19.69,19.69,2026-03-03 19:36:48,amazon Dcvoltage,false
1112835,202-2096033-9311546,AMAZON,B0D59MHSXN,,WCB3WH2PK+RPR44WH2PK,1,16.89,16.89,2026-03-03 19:39:50,amazon Dcvoltage,false
1112841,203-8413458-9344311,AMAZON,B0DB5R2SP3,,LSEL400YE+RPR44WH,1,18.89,18.89,2026-03-03 19:45:26,amazon Dcvoltage,false
1112842,026-4200609-6221121,AMAZON,B0FPWV2SHR,,LDCWT75B22126PK,1,19.49,16.24,2026-03-03 19:48:32,amazon Ledsone,false
1112848,206-6682046-5093112,AMAZON,B0DGL13BYX,,LDMA60E274WW3PK,1,11.89,11.89,2026-03-03 19:49:21,amazon Dcvoltage,false
1112850,202-9960946-8449925,AMAZON,B0CMTW9X5R,,LDG9D33C32PK,1,6.59,6.59,2026-03-03 19:59:38,amazon Dcvoltage,false
1112855,206-4024357-6886767,AMAZON,B0BY38YSCF,,SCRN70FG2PK,2,12.67,4.07,2026-03-03 20:18:01,amazon Ledsone,false
1112856,204-3744997-2289940,AMAZON,B0F3XDMY7N,,TSLCQA10WH,1,6.38,2.91,2026-03-03 20:05:27,amazon Ledsone,false
1112857,206-6758922-8201903,AMAZON,B09LHL1FY9,,CRSF100BM+PHCH1BMRBM+LSSS300OR,1,19.89,16.57,2026-03-03 20:09:05,amazon Ledsone,false
1112861,202-5151423-0029126,AMAZON,B093H8YG8Z,,LSMS320GY+RPR44WH,1,14.99,12.49,2026-03-03 20:11:37,amazon Ledsone,false
1112867,205-5238250-1545960,AMAZON,B0CNPZ2FZZ,,LDMG95B228,1,9.28,6.39,2026-03-03 20:20:14,amazon Dcvoltage,false
1112868,203-7984235-5501112,AMAZON,B0CTTD21V2,,LSMS320NB+RPR44WH,3,44.97,14.99,2026-03-03 20:29:07,amazon Dcvoltage,false
1112869,202-5672201-8669914,AMAZON,B0CGRQZDWK,,CRSF100BM2PK+PHRNWP2RBM2PK,1,21.69,18.07,2026-03-03 20:19:43,amazon Ledsone,false
1112871,026-6830456-6953905,AMAZON,B0DCFXBYJG,,LDSG95DIE2745PK,1,29.89,24.91,2026-03-03 20:20:52,amazon Ledsone,false
1112873,204-5623852-2571501,AMAZON,B0DG29SP2H,,LDMA60E274WW2PK,1,7.99,6.66,2026-03-03 20:25:06,amazon Ledsone,false
1112874,205-9434735-9126749,AMAZON,B0D7ZTRLBH,,LSCY290BM2PK+RPR44WH2PK,1,27.89,23.24,2026-03-03 20:29:09,amazon Ledsone,false
1112881,026-1013310-6971562,AMAZON,B0DNK2H74S,,ENC5362,2,59.78,24.91,2026-03-03 20:34:11,amazon Ledsone,false
1112882,203-2356231-8250749,AMAZON,B0BV38DZR4,,PLOTRR,1,14.29,11.91,2026-03-03 20:34:58,amazon Ledsone,false
1112883,205-5856864-7486758,AMAZON,B07DH89GTY,,12UK3P2A,1,7.69,6.41,2026-03-03 20:37:38,amazon Ledsone,false
1112888,202-9637091-4962737,AMAZON,B0CF8W4ZWM,,WCVCBC+RPR44WH,1,9.39,7.82,2026-03-03 20:42:30,amazon Ledsone,false
1112889,204-8083287-6956359,AMAZON,B0D59MHSXN,,WCB3WH2PK+RPR44WH2PK,1,16.89,16.89,2026-03-03 20:43:58,amazon Dcvoltage,false
1112892,203-1810857-4873164,AMAZON,B0DFHM3D4X,,LSCY290CO+RPR44WH,1,17.89,17.89,2026-03-03 20:56:03,amazon Dcvoltage,false
1112893,206-6471763-2309956,AMAZON,B0DH8Z6FLZ,,CL3TGDAPK,1,25.99,25.99,2026-03-03 20:52:00,amazon Dcvoltage,false
1112895,205-5142737-3186713,AMAZON,B0CB1KJ3XJ,,LSMS320GY+RPR44WH,1,14.99,12.49,2026-03-03 20:50:30,amazon Ledsone,false
1112898,204-7008614-8498743,AMAZON,B0B7SJSZFR,,PHSF2BMTBM,1,12.89,10.74,2026-03-03 20:59:26,amazon Ledsone,false
1112903,026-0448333-7669121,AMAZON,B09ZQH9GSB,,LHCCE27WH4PK,1,18.69,15.57,2026-03-03 21:00:27,amazon Ledsone,false
1112905,204-4808796-0546735,AMAZON,B0C6KZDFBD,,ENC3538,1,35.89,29.91,2026-03-03 21:03:45,amazon Ledsone,false
1112907,026-2190726-8038711,AMAZON,B0DH5YFWM8,,CL2THE3PK,1,10.88,7.99,2026-03-03 20:53:32,amazon Dcvoltage,false
1112912,205-1700916-7002755,AMAZON,B0CW1TB57F,,RWWPSY0660YE,1,5.78,2.41,2026-03-03 21:00:55,amazon Ledsone,false
1112914,205-0559592-0269119,AMAZON,B0BLP2VGSC,,LDMST64E278APK,1,30.89,25.74,2026-03-03 21:15:29,amazon Ledsone,false
1112915,202-5882087-7951525,AMAZON,B0F24FJM23,,WCWYBM,1,10.89,10.89,2026-03-03 21:14:55,amazon Dcvoltage,false
1112921,206-5450311-0510714,AMAZON,B097727C1T,,PLADRR+SCRNSN3PK+WCVCRR3PK,1,45.89,38.24,2026-03-03 21:26:01,amazon Ledsone,false
1112927,206-3597979-7145109,AMAZON,B0D7S35MGY,,LSMS320GR+RPR44WH,1,14.99,12.49,2026-03-03 21:34:40,amazon Ledsone,false
1112928,202-1234876-6857102,AMAZON,B0F9VF8XYJ,,CL3RGY3PK,1,6.79,5.66,2026-03-03 21:38:42,amazon Ledsone,false
1112929,205-8295908-2927557,AMAZON,B0CCJ46SZT,,SPSDP3YB6PK,1,18.09,15.07,2026-03-03 21:39:10,amazon Ledsone,false
1112933,202-7269355-9184344,AMAZON,B0FZCRB2RS,,LSHM400HE+RPR44WH,1,29.99,29.99,2026-03-03 21:42:29,amazon Dcvoltage,false
1112934,026-9988827-4649123,AMAZON,B0CN95WHCG,,LSMCP1ULMC+ICST64E27,2,80.96,44.98,2026-03-03 21:44:46,amazon Dcvoltage,false
1112940,205-1469440-4795551,AMAZON,B08TX35XSK,,LSMS320GY+RPR44WH,1,14.99,14.99,2026-03-03 21:45:09,amazon Dcvoltage,false
1112941,203-9606313-2784336,AMAZON,B081H6KHSJ,,12IP67100,1,23.99,23.99,2026-03-03 21:56:04,amazon Dcvoltage,false
1112945,203-7741770-4666752,AMAZON,B0DHZ7T6J1,,LSCY290OR+RPR44WH,1,15.89,15.89,2026-03-03 21:58:17,amazon Dcvoltage,false
1112946,205-8435079-5965959,AMAZON,B0D8HY3HZ5,,PHDH1HETHE,1,15.79,15.79,2026-03-03 22:09:40,amazon Dcvoltage,false
1112947,204-3578840-8343543,AMAZON,B0DCDSZ719,,LDSG95DIE2743PK,1,24.89,20.74,2026-03-03 21:58:29,amazon Ledsone,false
1112949,202-9792794-6574758,AMAZON,B0DCK4QKVH,,STBFT50M48EWH5PK,1,9.31,5.35,2026-03-03 22:05:35,amazon Ledsone,false
1112957,206-7343261-1658705,AMAZON,B0DG29SP2H,,LDMA60E274WW2PK,2,15.98,6.66,2026-03-03 22:20:41,amazon Ledsone,false
1112960,205-5148819-9343522,AMAZON,B0DBWM4J5C,,CL2RRSAPK,1,18.49,18.49,2026-03-03 22:21:50,amazon Dcvoltage,false
1112961,206-1745672-1010752,AMAZON,B0CBPSSXC3,,WCB6BB2PK+RPR44WH2PK,1,16.89,16.89,2026-03-03 22:27:34,amazon Dcvoltage,false
1112962,203-3729246-7208305,AMAZON,B0CXX5K5LC,,WCDTGD2PK+RPR44WH2PK,1,23.98,20.29,2026-03-03 22:35:29,amazon Dcvoltage,false
1112963,202-3723870-8982701,AMAZON,B08V8XSXKB,,CRSF100BM+PHSH1PBRBM+LSMS320BI,1,19.69,19.69,2026-03-03 22:38:27,amazon Dcvoltage,false
1112964,026-1090530-8455553,AMAZON,B0DZ21BCNR,,RWWPSY10160YE2PK,2,41.15,18.24,2026-03-03 22:44:19,amazon Ledsone,false
1112965,203-3286146-8637154,AMAZON,B0DZNQCJX5,,RWWPSY08GY,1,4.78,1.57,2026-03-03 22:46:35,amazon Ledsone,false
1112967,204-2729249-1910703,AMAZON,B0D5QZ5D6Y,,LSMCSQWYRE2PK+RPM40WH2PK,1,36.89,36.89,2026-03-03 22:54:07,amazon Dcvoltage,false
1112968,204-2729249-1910703,AMAZON,B0CPBWV37P,,LSCY290BB+RPR44WH,1,15.89,15.89,2026-03-03 22:54:07,amazon Dcvoltage,false
1112969,202-6243701-9099518,AMAZON,B0G57TF1GT,,CRFF500BM+PHNW1RBM3PK,1,23.89,19.91,2026-03-03 22:57:44,amazon Ledsone,false
1112971,203-8621585-8538721,AMAZON,B0D73MHM4N,,ENC4852,1,20.79,20.79,2026-03-03 23:00:21,amazon Dcvoltage,false
1112978,202-3909444-2629951,AMAZON,B0F9WHLSFZ,,LSCY290BG+RPR44WH,1,16.59,13.82,2026-03-03 23:29:27,amazon Ledsone,false
1112979,205-7554721-5288321,AMAZON,B084C2T9QZ,,PLWEFBC+LDMST64E274,1,25.99,21.66,2026-03-03 23:40:17,amazon Ledsone,false
1112984,205-2728753-8139518,AMAZON,B0DH9H89G1,,CL3TGLAPK,1,20.99,20.99,2026-03-04 00:16:25,amazon Dcvoltage,false
1112985,206-6600009-2837909,AMAZON,B0F18DVJYB,,CGMLAGEPK,1,8.17,4.07,2026-03-04 00:26:42,amazon Ledsone,false
1112986,206-3638764-6650705,AMAZON,B07PM4M6LP,,CL3TGRAPK,1,23.89,23.89,2026-03-04 00:26:42,amazon Dcvoltage,false
1112987,206-3638764-6650705,AMAZON,B07PM5YJZC,,CL3TBKAPK,1,26.99,26.99,2026-03-04 00:26:42,amazon Dcvoltage,false
1112993,204-5017793-8089108,AMAZON,B0FZCW7KC7,,LSHM300HE+RPR44WH,1,22.99,22.99,2026-03-04 00:57:31,amazon Dcvoltage,false
1112995,202-7887227-7257137,AMAZON,B08X7H85GH,,PLPYBM,1,19.89,19.89,2026-03-04 01:01:59,amazon Dcvoltage,false
1113015,202-0016674-0228341,AMAZON,B095SPFV7X,,CRSF100BM+PHSH1PBRYB+WCSLBM,1,17.99,17.99,2026-03-04 03:23:42,amazon Dcvoltage,false
1113038,202-0526998-6082741,AMAZON,B0GP8C3TRW,,LHPVHRE27WH,1,4.69,4.69,2026-03-04 04:23:46,amazon Dcvoltage,false
1113058,202-7835080-7821941,AMAZON,B08S42FF38,,CRSF100HBM+PSDS4BPB+WSLS155BM+SCRN70BA+LSOL180BM,1,20.19,16.82,2026-03-04 06:49:48,amazon Ledsone,false
1113060,205-4698338-9157955,AMAZON,B0FLCMY2BV,,LDCWA65HB22156PK,1,14.69,12.24,2026-03-04 07:00:51,amazon Ledsone,false
1113065,202-5129151-3990759,AMAZON,B0CGZQV9Y7,,LSMCSPFLMC+RPM40WH,1,25.89,21.57,2026-03-04 06:57:13,amazon Ledsone,false
1113066,204-4270731-6614709,AMAZON,B0D83PFMTP,,WCDCBM3PK+RPR44WH3PK,1,24.49,24.49,2026-03-04 07:13:30,amazon Dcvoltage,false
1113067,204-0756447-4888307,AMAZON,B0FTGC8P44,,WCFL180RO,1,18.58,14.89,2026-03-04 07:13:30,amazon Dcvoltage,false
1113068,206-3423181-7596335,AMAZON,B07YV5HQGP,,PHSF1BMRBM3PK+LSCY290BM3PK,2,79.59,41.89,2026-03-04 07:20:01,amazon Dcvoltage,false
1113077,203-2481259-3861167,AMAZON,B08TX2837H,,LSMS320BI+RPR44WH,1,14.99,14.99,2026-03-04 07:45:36,amazon Dcvoltage,false
1113085,204-1033921-5045913,AMAZON,B0GGHFVG9H,,CRFF100GB2PK+LHNSE27GB2PK+ICST64E272PK,1,26.89,26.89,2026-03-04 07:52:11,amazon Dcvoltage,false
1113091,026-9767291-5654708,AMAZON,B0FB34GNHK,,LSFC280AS,1,16.39,13.66,2026-03-04 08:04:33,amazon Ledsone,false
1113098,026-7126282-9621903,AMAZON,B0CBB96GXT,,ENC1596,1,38.49,38.49,2026-03-04 08:19:15,amazon Dcvoltage,false
1113100,202-4279855-1393924,AMAZON,B0DH4KYFPD,,WCDTBM2PK+RPR44WH2PK,1,18.89,15.74,2026-03-04 08:15:58,amazon Ledsone,false
1113105,203-2987808-2173161,AMAZON,B0DTHJJLW2,,WCB6BS3PK+RPR44WH3PK,1,27.59,27.59,2026-03-04 08:28:10,amazon Dcvoltage,false
1113115,205-3961213-9577137,AMAZON,B07LFDY4D3,,CL3TBM5PK,1,13.89,13.89,2026-03-04 08:48:12,amazon Dcvoltage,false
1113125,202-6800773-7032351,AMAZON,B0C5CWPM3T,,CRSF100BM+WSHR135BM+LSFT220BB+ICST64E27,1,19.89,16.57,2026-03-04 09:01:29,amazon Ledsone,false
1113134,204-3307999-8413910,AMAZON,B08PYXY5QT,,12IP6730,1,12.89,12.89,2026-03-04 09:19:41,amazon SRM Amazon,false
1113139,203-5475711-0048312,AMAZON,B0CGD98GVG,,CRSF100WH+PHRY2PCRWH,1,14.17,11.81,2026-03-04 09:32:56,amazon Ledsone,false
1113143,203-3657258-0489141,AMAZON,B0CQNKMFJH,,PLTTRR+LSFT220RR,1,21.99,21.99,2026-03-04 09:39:29,amazon Dcvoltage,false
1113144,203-0706448-9963566,AMAZON,B0DH64Q1RJ,,CL2TBK3PK,1,7.99,7.99,2026-03-04 09:40:57,amazon Dcvoltage,false
1113149,206-1334747-3026769,AMAZON,B09M43YSGW,,CRSF100YB+WSLS170YB+LSFT220YB,2,37.78,15.74,2026-03-04 09:56:59,amazon Ledsone,false
1113151,202-0375106-0239508,AMAZON,B0DH9DJQKQ,,CL3THE5PK,1,11.99,11.99,2026-03-04 09:52:29,amazon Dcvoltage,false
1113152,206-5782032-6950764,AMAZON,B08XWFCLFB,,WCB2BM+RPR44WH,1,9.41,9.41,2026-03-04 09:56:32,amazon Dcvoltage,false
1113164,203-7884533-6782769,AMAZON,B0965HZJGN,,PLADBC+ICST64E273PK,1,58.89,58.89,2026-03-04 09:55:33,amazon Dcvoltage,false
1113166,206-9913463-1171558,AMAZON,B0DQD74HVG,,PHSF1BMTYB3PK,1,26.71,22.26,2026-03-04 10:01:46,amazon Ledsone,false
1113169,026-3209938-8077944,AMAZON,B093HJJ36X,,CL2TLB,1,8.38,4.24,2026-03-04 10:00:59,amazon Ledsone,false
1113170,202-1115847-6167517,AMAZON,B0D296DZPB,,LSCY290OR+RPR44WH,1,16.09,13.41,2026-03-04 10:14:16,amazon Ledsone,false
1113174,203-5538204-7370706,AMAZON,B0F7QVRVJ1,,TSTLRUMRB4PK,1,21.89,21.89,2026-03-04 10:17:04,amazon Dcvoltage,false
1113179,202-3006256-2959567,AMAZON,B0D9RWB87Q,,CRSF100BM3PK+PHSH1PBRYB3PK+SCRN70BM3PK+LSDO210BG3PK+ICST64E273PK,2,91.60,50.89,2026-03-04 10:19:52,amazon Dcvoltage,false
1113187,206-0907829-0573938,AMAZON,B0D5R1HHGH,,LSMCSQWYBL2PK+RPM40WH2PK,1,45.38,43.09,2026-03-04 10:32:23,amazon Dcvoltage,false
1113191,026-8528962-1018748,AMAZON,B0DPMF1BGT,,PCBI20MF,1,8.28,4.49,2026-03-04 10:47:44,amazon Ledsone,false
1113207,203-5776370-5379545,AMAZON,B08PC68QCM,,LHSHE27GB,3,23.97,6.66,2026-03-04 10:53:14,amazon Ledsone,false
1113208,206-4744160-6942710,AMAZON,B0DH93SBTS,,CL3TGY5PK,2,23.98,11.99,2026-03-04 10:58:06,amazon Dcvoltage,false
1113215,203-2656843-0369167,AMAZON,B0D6VL8R4M,,ENC7394,1,43.28,40.99,2026-03-04 11:02:57,amazon Dcvoltage,false
1113216,206-6511907-8576339,AMAZON,B0CV7K4PZC,,RWGS1342WH,1,6.75,3.59,2026-03-04 11:06:04,amazon Dcvoltage,false
1113217,203-2582430-0659511,AMAZON,B0C6LV14PT,,12UK3P2A,2,18.67,7.89,2026-03-04 11:08:16,amazon Dcvoltage,false
1113219,203-3230431-8430716,AMAZON,B0GCZG4XFD,,CRSF120WH,1,8.78,4.91,2026-03-04 11:07:20,amazon Ledsone,false
1113220,026-6415542-0841952,AMAZON,B0CGD9N7BV,,CRSF100WH+PHRY2PCRWH+LDST45E274,1,17.47,14.56,2026-03-04 11:07:55,amazon Ledsone,false
1113230,205-0683332-1714746,AMAZON,B0DK98XPXQ,,CRFF100FG,2,20.67,8.89,2026-03-04 11:22:31,amazon Dcvoltage,false
1113231,202-2620873-8052311,AMAZON,B0G5Y46X4G,,CRFF65YB2PK+RW1FG4PK+LHTTAGU10YB2PK+LDGU10WD52PK,7,112.39,16.99,2026-03-04 11:20:30,amazon Ledsone,false
1113232,203-4733440-6555528,AMAZON,B0BBS1VR82,,CL3THEAPK,1,21.89,18.24,2026-03-04 11:29:19,amazon Ledsone,false
1113246,206-0817304-9247504,AMAZON,B0DH9BZVRP,,CL3TBR5PK,1,11.99,11.99,2026-03-04 11:30:58,amazon Dcvoltage,false
1113252,026-9750695-2320318,AMAZON,B095PRHY6W,,LSBG136AR+SCRN70FG,1,16.89,16.89,2026-03-04 11:41:35,amazon Dcvoltage,false
1113254,202-6615572-2645148,AMAZON,B0F292MNGB,,LSCY290BG+RPR44WH,1,17.49,14.57,2026-03-04 11:46:10,amazon Ledsone,false
1113266,204-2560150-5141921,AMAZON,B0C7H2N8J4,,LSFT220NB+RPR44WH,1,10.89,10.89,2026-03-04 11:56:37,amazon Dcvoltage,false
1113272,205-5921174-5953935,AMAZON,B0FY5NVS4S,,LDSG1007E272PK,1,23.99,19.99,2026-03-04 12:01:55,amazon Ledsone,false
1113273,205-2984935-6339549,AMAZON,B0FL79ZC43,,CRSF1202BM+PHRY2PCRBM2PK,1,21.89,18.24,2026-03-04 11:59:52,amazon Ledsone,false
1113274,205-3110174-8722769,AMAZON,B0F23TLCZH,,WCNCBM2PK+RPR44WH2PK,3,39.59,11.57,2026-03-04 12:08:57,amazon Ledsone,false
1113275,205-1366672-6390757,AMAZON,B0CXX5K5LC,,WCDTGD2PK+RPR44WH2PK,1,20.29,20.29,2026-03-04 11:59:52,amazon Dcvoltage,false
1113279,026-8612994-1095554,AMAZON,B0C661S975,,CRSF100BM+WSSS70BM+LSTF40BM+ICST64E27,1,19.89,16.57,2026-03-04 12:13:29,amazon Ledsone,false
1113280,026-2941600-4184347,AMAZON,B09BV6MW9V,,PSDS2BMRBR,1,13.99,13.99,2026-03-04 12:09:23,amazon Dcvoltage,false
1113283,202-2116900-9085168,AMAZON,B0D8VP7JGP,,HLLK60BM,1,5.82,5.82,2026-03-04 12:25:50,amazon Dcvoltage,false
1113284,203-8465209-1403533,AMAZON,B0CWPCS4Y1,,WCWODSBM+RPR44WH,1,11.89,9.91,2026-03-04 12:21:40,amazon Ledsone,false
1113290,205-7007261-7177912,AMAZON,B0DQD9LY98,,PHSF1AGTGB3PK,2,41.86,20.93,2026-03-04 12:35:12,amazon Ledsone,false
1113291,205-7007261-7177912,AMAZON,B0DBZ22K1J,,LDSHEAE2746PK,1,34.82,34.82,2026-03-04 12:35:12,amazon Ledsone,false
1113292,203-9398144-4269917,AMAZON,B0DZWXVV32,,RWWPSY0680YE,1,7.09,7.09,2026-03-04 12:36:55,amazon Dcvoltage,false
1113300,026-2581877-0515501,AMAZON,B0FJ296YPH,,STPVC17AWH5PK,1,6.18,3.29,2026-03-04 12:45:43,amazon Dcvoltage,false
1113305,204-5728106-9902734,AMAZON,B09477VMYH,,LDMG95E2785PK,1,24.89,20.74,2026-03-04 12:57:20,amazon Ledsone,false
1113310,026-4821055-4452308,AMAZON,B0C6LV14PT,,12UK3P2A,1,10.78,7.89,2026-03-04 13:09:35,amazon Dcvoltage,false
1113313,206-6792082-6458730,AMAZON,B0DL9R1QSZ,,CL3RBKAPK,2,55.98,27.99,2026-03-04 13:14:52,amazon Dcvoltage,false
1113315,205-3020698-4864315,AMAZON,B0DH4KYFPD,,WCDTBM2PK+RPR44WH2PK,1,18.89,15.74,2026-03-04 13:18:13,amazon Ledsone,false
1113316,026-9343314-0651544,AMAZON,B0DK4TF9X2,,SPWL43BM2PK,1,11.32,11.32,2026-03-04 15:44:52,amazon Ledsone,false
1113322,026-2112241-6910754,AMAZON,B08XXTCSSG,,WCB1WH+RPR44WH,2,21.78,10.89,2026-03-04 13:28:32,amazon Dcvoltage,false
1113324,204-3829633-8756353,AMAZON,B0BV37VR12,,PLOTBM,2,30.38,13.32,2026-03-04 13:27:00,amazon Ledsone,false
1113326,204-4379842-8089118,AMAZON,B0GLNHSJZ8,,PL4HBM,1,33.15,29.07,2026-03-04 13:27:00,amazon Ledsone,false
1113332,205-9704963-4621911,AMAZON,B08V8MZLXQ,,WCB6BB+RPR44WH,1,10.09,10.09,2026-03-04 13:31:38,amazon Dcvoltage,false
1113339,205-8316846-1320346,AMAZON,B0DH9BRNQ7,,CL3THE3PK,1,10.88,7.99,2026-03-04 13:39:47,amazon Dcvoltage,false
1113341,026-9558339-6075562,AMAZON,B0F9466PK8,,CL3TGL3PK,1,6.99,5.82,2026-03-04 13:54:12,amazon Ledsone,false
1113351,206-8739228-0138764,AMAZON,B0DRZQSDXX,,CL3TGD5PK,1,15.89,15.89,2026-03-04 14:07:06,amazon SRM Amazon,false
1113363,204-1847535-7725118,AMAZON,B0CLGV1NMS,,CRFF140SN2PK+WSFSSN2PK,1,20.89,17.41,2026-03-04 14:27:43,amazon Ledsone,false
1113364,203-1963232-4002707,AMAZON,B0DH9BTVSJ,,CL3TIVAPK,1,20.99,20.99,2026-03-04 14:21:53,amazon Dcvoltage,false
1113372,204-8714979-9389955,AMAZON,B08VGP666V,,LSCY290WH+RPR44WH,1,15.99,15.99,2026-03-04 14:44:41,amazon Dcvoltage,false
1113373,206-0017448-8688324,AMAZON,B0DH6B49KD,,CL2TGL5PK,1,10.09,10.09,2026-03-04 14:39:08,amazon Dcvoltage,false
1113376,205-2794328-9920361,AMAZON,B0DZHP23L2,,CRSF108SN2PK,1,11.49,9.57,2026-03-04 14:44:22,amazon Ledsone,false
1113383,205-1979080-1537117,AMAZON,B0F48PYKWX,,RWWPSY0860YE,1,8.77,5.79,2026-03-04 14:53:31,amazon Dcvoltage,false
1113386,204-5510247-3525964,AMAZON,B0D87DJ8FQ,,CO232AGYAPK,1,5.78,2.41,2026-03-04 15:01:02,amazon Ledsone,false
1113394,206-0880733-5893966,AMAZON,B0DXQB65RY,,LSCY290AA2PK+RPR44WH2PK,1,27.79,23.16,2026-03-04 15:15:59,amazon Ledsone,false
1113398,206-5266964-4102713,AMAZON,B08KJJWJKK,,WCFSDCBM,1,41.89,34.91,2026-03-04 15:20:15,amazon Ledsone,false
1113400,026-3236784-1330737,AMAZON,B0DH9H7ZCM,,CL3TGL3PK,1,8.99,8.99,2026-03-04 15:19:19,amazon Dcvoltage,false
1113410,205-7373011-6922757,AMAZON,B0DH953WJC,,CL3TBD5PK,1,11.99,11.99,2026-03-04 15:31:25,amazon Dcvoltage,false
1113411,205-9204070-2441152,AMAZON,B0DG29SP2H,,LDMA60E274WW2PK,1,7.99,6.66,2026-03-04 15:33:59,amazon Ledsone,false
1113413,204-3529173-0425947,AMAZON,B0DH4KYFPD,,WCDTBM2PK+RPR44WH2PK,1,18.89,15.74,2026-03-04 15:42:10,amazon Ledsone,false
1113414,026-9343314-0651544,AMAZON,B0DK4TF9X2,,SPWL43BM2PK,1,11.32,11.32,2026-03-04 15:44:52,amazon Ledsone,false
1113424,203-7280495-8344340,AMAZON,B0FJ2JF399,,STPVC17ABLAPK,1,7.58,4.69,2026-03-04 15:54:44,amazon Dcvoltage,false
1113425,204-0976630-5963518,AMAZON,B0DH67R315,,CL2TIV3PK,1,7.99,7.99,2026-03-04 15:59:36,amazon Dcvoltage,false
1113426,026-2966175-9269901,AMAZON,B0CLD1T3J9,,LP3DRC18,1,14.99,12.49,2026-03-04 15:56:57,amazon Ledsone,false
1113434,026-0816277-2504367,AMAZON,B0C7KHY6DV,,ENC5034,1,98.49,98.49,2026-03-04 18:57:32,amazon Dcvoltage,false
1113435,205-5031050-8930758,AMAZON,B0D5B68326,,WCDTGD2PK+RPR44WH2PK,1,20.89,20.89,2026-03-04 16:06:23,amazon Dcvoltage,false
1113438,202-7993902-2043568,AMAZON,B086XBD15Y,,LHC5E27WH,1,6.29,5.24,2026-03-04 16:06:25,amazon Ledsone,false
1113444,206-7451117-6657105,AMAZON,B0FT2TS87M,,PLMJBC+LDMST64E2742PK,1,32.89,32.89,2026-03-04 16:04:00,amazon SRM Amazon,false
1113448,026-9711553-1970751,AMAZON,B0GDDXB14R,,LDMT185E2732PK,1,10.99,9.16,2026-03-04 16:17:29,amazon Ledsone,false
1113450,203-9247060-9038726,AMAZON,B08TRHH7G7,,CRSF100BM+LHNSE27YB+SCRN70BM+LSWD360BM,1,28.29,28.29,2026-03-04 16:13:29,amazon Dcvoltage,false
1113457,026-4787275-7761911,AMAZON,B0CPBXF168,,LSCY290BU+RPR44WH,1,15.89,15.89,2026-03-04 16:20:30,amazon Dcvoltage,false
1113459,206-7661732-6834738,AMAZON,B0FB3ZBZP1,,LDMC35E144APK,2,89.49,39.25,2026-03-04 16:28:59,amazon Ledsone,false
1113462,202-8749965-8494760,AMAZON,B0CNRL871B,,LDMST64E274,1,9.78,6.89,2026-03-04 16:45:34,amazon Dcvoltage,false
1113466,204-3393558-0372304,AMAZON,B0CVL6V2V4,,RWT570YE,1,12.29,12.29,2026-03-04 16:56:25,amazon Dcvoltage,false
1113469,202-5085154-8313132,AMAZON,B0CCJSK84F,,WCB1BM+RPR44WH,1,10.89,9.07,2026-03-04 16:54:47,amazon Ledsone,false
1113472,026-3738969-4353932,AMAZON,B07CJ9MDNT,,12IP20400,1,27.59,27.59,2026-03-04 17:04:15,amazon Dcvoltage,false
1113475,204-1326336-6420335,AMAZON,B0CNTG9QQ4,,WCB2WH+RPR44WH,1,11.78,8.89,2026-03-04 17:15:19,amazon Dcvoltage,false
1113508,205-4212029-7373957,AMAZON,B0FN7F1LD2,,CRSF100WH+LHNSE27WH+ICST64E27,1,15.99,15.99,2026-03-04 17:48:22,amazon SRM Amazon,false
1113512,203-1991458-7913938,AMAZON,B0D8PMFX2Y,,IMBLFPK,1,24.80,20.67,2026-03-04 17:45:50,amazon Ledsone,false
1113513,204-4342980-2995522,AMAZON,B0F1D3FS5C,,RWWPSY0660YE,1,5.88,2.99,2026-03-04 17:42:32,amazon Dcvoltage,false
1113514,026-9962727-8475508,AMAZON,B07FDTMWHC,,CCBC24,1,7.78,4.89,2026-03-04 17:47:23,amazon Dcvoltage,false
1113517,202-3358674-2556357,AMAZON,B094DN1XL1,,PLADBC,1,49.86,41.55,2026-03-04 17:57:04,amazon Ledsone,false
1113518,202-9732702-1564312,AMAZON,B0CBPQMKBF,,WCB7BM2PK+RPR44WH2PK,1,18.79,18.79,2026-03-04 17:51:22,amazon Dcvoltage,false
1113528,202-0738068-6443500,AMAZON,B0CBMPGYY2,,PHSF2BMRBY+SPSDP2YB,1,15.59,12.99,2026-03-04 18:02:15,amazon Ledsone,false
1113529,202-0278094-6453976,AMAZON,B097YR1WKC,,CRFF500BM+PHHT1PBRRO3PK+WCWDRO3PK,1,39.39,32.82,2026-03-04 18:03:15,amazon Ledsone,false
1113533,202-6319045-6245911,AMAZON,B0FBX5LP13,,PHSF1PBRYB+LSCY290BI,2,39.50,17.32,2026-03-04 18:04:09,amazon Ledsone,false
1113537,205-5838321-9207540,AMAZON,B08X4J2CSH,,CRSF100BM+LHNSE27CO+SCRN70CO+LSFT220RE,1,17.89,17.89,2026-03-04 18:12:03,amazon Dcvoltage,false
1113538,026-0104872-7585141,AMAZON,B0G5PGYQYB,,CRSF100BM+LHNSE27BM+SCRN70BM+LSTF40CH,1,16.69,16.69,2026-03-04 18:12:23,amazon Dcvoltage,false
1113539,204-2123927-2760325,AMAZON,B0FQVDFF8N,,CRFF108BM+PHRI1PBRBA+LSCY290BG,12,300.97,24.89,2026-03-04 18:16:26,amazon Dcvoltage,false
1113540,205-3318915-8408329,AMAZON,B0CP3CZ4TM,,CRFF100CH+PHUP1PCRCH+CNT900CH,1,18.57,18.57,2026-03-04 18:18:05,amazon Dcvoltage,false
1113541,204-9257401-8640309,AMAZON,B09M79BH75,,CRSF100CY+PHCH1PBRCY+LSCY290CY,1,22.89,19.07,2026-03-04 18:10:54,amazon Ledsone,false
1113544,202-1771581-7498758,AMAZON,B0D8L1HQXM,,RWWPSY0660YE,1,5.97,2.99,2026-03-04 18:28:30,amazon Dcvoltage,false
1113546,026-5396108-8137907,AMAZON,B0DCKWL469,,STFG4845WH,1,6.38,2.91,2026-03-04 18:18:01,amazon Ledsone,false
1113551,204-6725401-9933150,AMAZON,B07CT3WYLC,,CL3TBDAPK,1,22.99,22.99,2026-03-04 18:32:19,amazon Dcvoltage,false
1113554,203-9812754-2777167,AMAZON,B0FC1YZTFN,,SPSSDBMAPK,1,7.98,4.24,2026-03-04 18:35:28,amazon Ledsone,false
1113562,206-3626357-6810756,AMAZON,B0BY57G4PR,,LSMS320BG+RPR44WH,1,16.79,16.79,2026-03-04 18:48:37,amazon Dcvoltage,false
1113573,202-8784243-3261937,AMAZON,B07CRVLJM6,,12IP6780,1,17.99,17.99,2026-03-04 18:55:56,amazon Dcvoltage,false
1113574,204-0718894-2535531,AMAZON,B0D59SFQQL,,WCB6BM2PK+RPR44WH2PK,1,15.69,15.69,2026-03-04 18:56:14,amazon Dcvoltage,false
1113575,026-0816277-2504367,AMAZON,B0C7KHY6DV,,ENC5034,1,98.49,98.49,2026-03-04 18:57:32,amazon Dcvoltage,false
1113576,202-9841882-7837964,AMAZON,B0GLNHVVKS,,PL4HBC,1,34.89,29.07,2026-03-04 18:53:25,amazon Ledsone,false
1113582,205-4966681-5959542,AMAZON,B0BZ4YPVXF,,ENC8881,1,20.89,20.89,2026-03-04 19:14:17,amazon Dcvoltage,false
1113583,026-2397291-6725126,AMAZON,B0F9YJX982,,CRSF100HBM+WSWS1PHTBM+PSDS2BPB+WCDCBM,1,14.99,14.99,2026-03-04 19:16:15,amazon Dcvoltage,false
1113587,206-3571621-9330713,AMAZON,B0B8VVQSNV,,LDSG125LOE274,1,12.30,8.07,2026-03-04 19:17:02,amazon Ledsone,false
1113588,202-2147262-4723511,AMAZON,B0D7ZTRLBH,,LSCY290BM2PK+RPR44WH2PK,1,27.89,23.24,2026-03-04 19:17:14,amazon Ledsone,false
1113620,204-1759022-5191539,AMAZON,B0F9VDWTYX,,CL3RBM3PK,1,10.94,5.66,2026-03-04 19:39:38,amazon Ledsone,false
1113623,204-8117708-9903567,AMAZON,B08V5472P8,,CRSF100OR+PHCH1PWRSOR+LSCY290OR,1,21.89,21.89,2026-03-04 19:36:36,amazon Dcvoltage,false
1113624,204-8447276-9161104,AMAZON,B0CTSTBDXV,,LSMS320CB+RPR44WH,2,31.60,14.69,2026-03-04 19:43:50,amazon Dcvoltage,false
1113628,203-3910746-5745168,AMAZON,B0DFBMF3Q2,,WCDTRO3PK+RPR44WH3PK,1,24.29,24.29,2026-03-04 19:53:37,amazon Dcvoltage,false
1113629,203-3910746-5745168,AMAZON,B0DFC3CB5W,,WCDTRO+RPR44WH,1,11.49,11.49,2026-03-04 19:53:37,amazon Dcvoltage,false
1113630,203-3620100-4191557,AMAZON,B093WY3N73,,HLHG120CH5PK,1,9.69,9.69,2026-03-04 19:55:57,amazon Dcvoltage,false
1113631,202-0809017-4592312,AMAZON,B0CW37JT25,,BSTS815GY,1,9.59,9.59,2026-03-04 19:58:46,amazon Dcvoltage,false
1113633,204-7657425-3819551,AMAZON,B09479HV6W,,LDMG95E2783PK,1,16.89,14.07,2026-03-04 19:58:15,amazon Ledsone,false
1113639,204-2625368-1489964,AMAZON,B0DKHNMCBF,,RWWPSY0640YE,2,15.87,5.41,2026-03-04 20:07:34,amazon Ledsone,false
1113640,202-8492761-8364304,AMAZON,B08XNPN8YG,,LSSS300BI+RPR44WH,1,13.49,13.49,2026-03-04 20:02:20,amazon Dcvoltage,false
1113641,205-7401677-9356342,AMAZON,B0DH67R315,,CL2TIV3PK,1,7.99,7.99,2026-03-04 20:07:54,amazon Dcvoltage,false
1113646,204-8236838-1699555,AMAZON,B0D7ZTRLBH,,LSCY290BM2PK+RPR44WH2PK,1,27.89,23.24,2026-03-04 20:15:03,amazon Ledsone,false
1113650,202-7655510-2693105,AMAZON,B0CPBX28RC,,LSCY290BI+RPR44WH,1,15.89,15.89,2026-03-04 20:12:30,amazon Dcvoltage,false
1113651,205-4427472-9163521,AMAZON,B0G4QTRN1G,,CRSF100BS+PHHF1PBRBS+LSWD360BS,2,43.49,22.89,2026-03-04 20:14:25,amazon Dcvoltage,false
1113652,204-7086545-2771502,AMAZON,B0CVL9FRMG,,LSTF400GY2PK+RPR44WH2PK,1,29.69,29.69,2026-03-04 20:16:00,amazon Dcvoltage,false
1113657,202-8869604-5399546,AMAZON,B09JZ313P8,,LDST45E2746PK,1,45.99,45.99,2026-03-04 20:23:26,amazon Dcvoltage,false
1113658,202-8869604-5399546,AMAZON,B09JZ61NJM,,LDST45E2743PK,1,20.29,20.29,2026-03-04 20:23:26,amazon Dcvoltage,false
1113659,205-8758163-9041153,AMAZON,B0F7R1VSQD,,CL3TWHAPK,2,37.03,16.24,2026-03-04 20:22:38,amazon Ledsone,false
1113664,205-2387630-1929140,AMAZON,B0CN3CM8K5,,WCBLBM+RPR44WH,1,11.89,11.89,2026-03-04 20:30:30,amazon Dcvoltage,false
1113665,202-7549567-6657963,AMAZON,B0CC8QX5QJ,,CRSF100BM+WSSS70BM+LSWD360BM+ICST64E27,2,53.08,29.49,2026-03-04 20:23:11,amazon Dcvoltage,false
1113668,206-3537677-0592362,AMAZON,B0D7S53LSQ,,LSMS320GY2PK+RPR44WH2PK,1,25.89,21.57,2026-03-04 20:38:50,amazon Ledsone,false
1113675,202-8630679-7509953,AMAZON,B0D87BNW8Y,,CO332AGYDPK,2,14.08,4.91,2026-03-04 20:39:23,amazon Ledsone,false
1113676,026-4301156-1367533,AMAZON,B0CJ4QZ15C,,LSMCSPSQMC+RPM40WH,1,22.89,22.89,2026-03-04 20:39:29,amazon Dcvoltage,false
1113677,204-2053711-4907501,AMAZON,B0BB34B2QY,,CL2RBR5PK,1,13.79,11.49,2026-03-04 20:49:08,amazon Ledsone,false
1113678,205-4246345-4777911,AMAZON,B09MWJH3SX,,ENC2248,1,27.80,24.91,2026-03-04 20:56:44,amazon Ledsone,false
1113679,202-9700946-1013160,AMAZON,B09LHV32SZ,,CRSF1203WH+PHTT1PWR1WH3PK+SPSPWH2PK,1,21.79,18.16,2026-03-04 20:59:20,amazon Ledsone,false
1113681,204-2236776-5009922,AMAZON,B08V5MK449,,CRSF100BM+PHHT1PBRBM+LSCY290BM,1,21.89,21.89,2026-03-04 20:57:27,amazon Dcvoltage,false
1113685,205-0955168-2175520,AMAZON,B07RTXK3MJ,,HLRK45BM,4,20.36,5.09,2026-03-04 21:03:28,amazon Dcvoltage,false
1113686,202-8872896-6794720,AMAZON,B08W1RR25W,,CRFF108BY+LHNSE27BY+LSDO300GY,1,18.59,18.59,2026-03-04 21:04:57,amazon Dcvoltage,false
1113688,026-2348988-3437119,AMAZON,B0F9WZ6CD6,,LSFT220BM+RPR44WH,1,10.89,9.07,2026-03-04 21:06:37,amazon Ledsone,false
1113698,203-2352019-3265924,AMAZON,B0FR8C1X83,,PHUH1HETBM2PK+LSHM400HE2PK,3,151.78,59.52,2026-03-04 21:13:49,amazon Dcvoltage,false
1113701,203-1578017-6910749,AMAZON,B08LYNF2Q5,,LSWD360BC+RPR44WH,1,20.89,17.41,2026-03-04 21:17:42,amazon Ledsone,false
1113707,026-1954981-3591527,AMAZON,B0CPBVNNQX,,LSCY290YE+RPR44WH,1,15.89,15.89,2026-03-04 21:28:13,amazon Dcvoltage,false
1113708,203-6727022-7310759,AMAZON,B0CV19Q3RR,,CKCP38383,1,29.49,29.49,2026-03-04 21:28:52,amazon Dcvoltage,false
1113709,205-2937052-4675513,AMAZON,B079ZVSK6P,,12IP6710,1,6.39,5.32,2026-03-04 21:22:24,amazon Ledsone,false
1113716,206-2942081-0749903,AMAZON,B0CTZRW2J9,,ENC6202,1,40.89,40.89,2026-03-04 21:38:59,amazon Dcvoltage,false
1113721,202-1765148-3717124,AMAZON,B09LCSRKM1,,CRSF100BM+PHCH1BMRBM+LSCY290GR,1,20.79,17.32,2026-03-04 21:41:27,amazon Ledsone,false
1113723,205-2986474-7185934,AMAZON,B0CY26X644,,ENC6535,2,37.79,16.57,2026-03-04 21:48:03,amazon Ledsone,false
1113724,202-4456025-3005160,AMAZON,B0F4XY3MHC,,TSTS30WH,1,4.18,1.29,2026-03-04 21:47:54,amazon Dcvoltage,false
1113729,026-8189587-4228349,AMAZON,B0FPR1T3SF,,CRSF100BM+LHNSE27BM+SCRN70BM+LSTF40YB,1,16.69,13.91,2026-03-04 21:49:06,amazon Ledsone,false
1113730,204-6999466-0874760,AMAZON,B0G1TGGY4W,,CKAL047BBM+LDMST64E274,1,28.89,28.89,2026-03-04 21:53:58,amazon Ledsone,false
1113731,026-7200687-5217949,AMAZON,B07QW1KPCD,,12RPIP45400,1,27.99,27.99,2026-03-04 21:57:01,amazon Dcvoltage,false
1113732,026-6691738-2693939,AMAZON,B0DCNSX683,,PLADBC2PK,1,75.69,75.69,2026-03-04 22:03:15,amazon Ledsone,false
1113733,026-6691738-2693939,AMAZON,B094DN1XL1,,PLADBC,1,41.55,41.55,2026-03-04 22:03:15,amazon Ledsone,false
1113747,206-3820248-9189151,AMAZON,B08QJQS6VP,,PHTT1PBR3BM+LSWT300BM,1,24.89,20.74,2026-03-04 22:31:44,amazon Ledsone,false
1113749,202-5774142-0751518,AMAZON,B0CDQ447G4,,WCCYSQGD2PK+LDST45E2742PK,1,41.89,34.91,2026-03-04 22:36:28,amazon Ledsone,false
1113755,203-7858239-1887527,AMAZON,B0D7ZTRLBH,,LSCY290BM2PK+RPR44WH2PK,1,27.89,23.24,2026-03-04 22:42:07,amazon Ledsone,false
1113757,203-4007993-9820341,AMAZON,B0FXFMZLWV,,WCBCFBM2PK+RPR44WH2PK,1,25.89,21.57,2026-03-04 22:45:28,amazon Ledsone,false
1113758,026-1212242-4381912,AMAZON,B0CBPQMKBF,,WCB7BM2PK+RPR44WH2PK,1,18.79,18.79,2026-03-04 22:44:33,amazon Dcvoltage,false
1113762,206-0810586-4035500,AMAZON,B0CQNKTW88,,PLTTRR+LSDO210RR,1,20.89,20.89,2026-03-04 22:51:39,amazon Dcvoltage,false
1113763,204-4678152-2385924,AMAZON,B0DH9CY29Y,,CL3TPU5PK,1,11.99,11.99,2026-03-04 22:59:14,amazon Dcvoltage,false
1113764,203-0301991-5033917,AMAZON,B0CY25XD4L,,ENC6542,1,19.89,16.57,2026-03-04 22:53:37,amazon Ledsone,false
1113765,205-6480231-5549956,AMAZON,B0G3B4FM6X,,LSGD280AR+SCRN70FG,2,47.78,19.91,2026-03-04 23:06:31,amazon Ledsone,false
1113770,206-9649618-2252315,AMAZON,B0DTKFBBTV,,WCB6BM3PK+RPR44WH3PK,1,22.49,22.49,2026-03-04 23:12:07,amazon Dcvoltage,false
1113771,206-4849254-2595557,AMAZON,B0DP264BLC,,12UK3P10A,1,21.98,18.29,2026-03-04 23:16:29,amazon Dcvoltage,false
1113778,203-0841640-5381941,AMAZON,B0B8P4R7WF,,LDMA60E278WW2PK,1,10.18,6.07,2026-03-04 23:25:49,amazon Ledsone,false
1113779,206-1690612-3391553,AMAZON,B0DH69SJYX,,CL2THEAPK,2,32.92,18.29,2026-03-04 23:31:01,amazon Dcvoltage,false
1113780,203-6933731-0915569,AMAZON,B0CPBXK43C,,LSCY290NB+RPR44WH,1,16.09,16.09,2026-03-04 23:23:40,amazon Dcvoltage,false
1113783,202-4087668-1455563,AMAZON,B08TRHH7G7,,CRSF100BM+LHNSE27YB+SCRN70BM+LSWD360BM,1,28.29,28.29,2026-03-04 23:43:56,amazon Dcvoltage,false
1113790,206-6931873-7393936,AMAZON,B0DYT8NSY9,,RWWPSY0660YE,1,5.78,2.41,2026-03-05 00:02:35,amazon Ledsone,false
1113795,026-0847490-4641950,AMAZON,B0DHVLVBJF,,LHSHE27YB,2,13.78,6.89,2026-03-05 00:48:29,amazon Dcvoltage,false
1113796,204-2199660-9589147,AMAZON,B0DH9CZJ14,,CL3TRO5PK,1,11.99,11.99,2026-03-05 00:51:03,amazon Dcvoltage,false
1113803,206-2956283-8305132,AMAZON,B0DDY9SPT9,,LHCCE27RE+CGMLBM,1,9.58,5.57,2026-03-05 02:19:27,amazon Ledsone,false
1113845,206-8140996-0649123,AMAZON,B0GCZQW8R5,,CRFF100SN+LHNSE27SN+ICST64E27,1,20.68,16.99,2026-03-05 05:01:29,amazon Dcvoltage,false
1113846,202-4287435-0222767,AMAZON,B0CBPQMKBF,,WCB7BM2PK+RPR44WH2PK,1,18.79,18.79,2026-03-05 05:04:09,amazon Dcvoltage,false
1113855,026-4752894-3079563,AMAZON,B0FQVCJCKP,,ENC9107,2,59.47,27.89,2026-03-05 06:05:55,amazon Dcvoltage,false
1113882,206-2884192-7007531,AMAZON,B0D28V95FG,,LSCY290BL2PK+RPR44WH2PK,1,27.49,22.91,2026-03-05 07:19:50,amazon Ledsone,false
1113885,204-6749806-6358758,AMAZON,B08XWSBPHW,,WCB1BM+RPR44WH,1,10.69,10.69,2026-03-05 07:34:10,amazon Dcvoltage,false
1113887,205-8754054-6829101,AMAZON,B0CGZQV9Y7,,LSMCSPFLMC+RPM40WH,1,24.89,20.74,2026-03-05 07:38:05,amazon Ledsone,false
1113893,206-7486133-1141919,AMAZON,B0CBPSK675,,WCB6BC2PK+RPR44WH2PK,1,16.94,16.94,2026-03-04 21:44:33,amazon Dcvoltage,false
1113894,203-6045857-3864326,AMAZON,B0DG29SP2H,,LDMA60E274WW2PK,1,7.99,6.66,2026-03-05 07:42:06,amazon Ledsone,false
1113901,206-1687841-1017952,AMAZON,B08NDBQLMZ,,WCDTBM+RPR44WH,1,10.89,10.89,2026-03-05 07:52:58,amazon Dcvoltage,false
1113902,204-3686808-6356342,AMAZON,B0F9VDWTYX,,CL3RBM3PK,1,6.79,5.66,2026-03-05 07:55:01,amazon Ledsone,false
1113906,204-9561280-4241103,AMAZON,B09479HV6W,,LDMG95E2783PK,1,16.89,14.07,2026-03-05 08:02:02,amazon Ledsone,false
1113928,202-6591486-6454740,AMAZON,B0DH638RSR,,CL2TBMAPK,1,22.99,22.99,2026-03-05 08:47:41,amazon Dcvoltage,false
1113931,206-4954089-9033152,AMAZON,B0C8TZ2GMQ,,PLADBS+LSDO210BS3PK,1,49.89,49.89,2026-03-05 08:55:16,amazon Dcvoltage,false
1113933,204-0628400-2862709,AMAZON,B0DDXZ6J8B,,RPM40BM4PK,1,7.98,4.24,2026-03-05 08:54:31,amazon Ledsone,false
1113937,026-2007354-3369144,AMAZON,B0DPQDF5DB,,ENC7891,1,42.89,35.74,2026-03-05 09:13:17,amazon Ledsone,false
1113938,204-8388106-4120350,AMAZON,B08VGMKHT7,,LSCY290BM+RPR44WH,1,15.89,15.89,2026-03-05 09:12:16,amazon Dcvoltage,false
1113944,204-7615771-9669931,AMAZON,B0D7S1FK1Q,,LSMS320GR2PK+RPR44WH2PK,1,25.89,21.57,2026-03-05 09:13:23,amazon Ledsone,false
1113946,204-3693345-3817900,AMAZON,B0CTTGSYKH,,LSMS320YE+RPR44WH,1,14.99,14.99,2026-03-05 09:13:23,amazon Dcvoltage,false
1113947,026-7859243-5132368,AMAZON,B0C9TWTCZ8,,LSCY210BG+RPR44WH,1,12.89,12.89,2026-03-05 09:24:49,amazon Dcvoltage,false
1113951,202-4826105-9697921,AMAZON,B0CLGVG322,,CRFF140WH+WSFSWH,1,7.74,7.74,2026-03-05 09:28:49,amazon Ledsone,false
1113952,202-4826105-9697921,AMAZON,B0CLGTCMW3,,CRFF140WH2PK+WSFSWH2PK,2,29.48,14.74,2026-03-05 09:28:49,amazon Ledsone,false
1113953,026-7096935-7997100,AMAZON,B0DCNSX683,,PLADBC2PK,2,172.58,75.69,2026-03-05 09:38:45,amazon Ledsone,false
1113955,202-2202793-7141954,AMAZON,B0CSFZ77SJ,,STFT23M50NBM,1,10.09,10.09,2026-03-05 09:42:51,amazon Dcvoltage,false
1113956,203-8180137-9780350,AMAZON,B0DDTSZD6F,,LSEL400GY+RPR44WH,1,18.89,18.89,2026-03-05 09:50:00,amazon Dcvoltage,false
1113957,205-3451480-1711530,AMAZON,B0DG29SP2H,,LDMA60E274WW2PK,1,7.99,6.66,2026-03-05 09:41:21,amazon Ledsone,false
1113964,204-5198161-9209147,AMAZON,B07CW15JT4,,12IP6760,1,17.99,17.99,2026-03-05 10:07:38,amazon Dcvoltage,false
1113975,026-6799366-9950716,AMAZON,B0C3ZT8HVF,,LSCY290BI+RPR44WH,1,15.89,13.24,2026-03-05 10:10:34,amazon Ledsone,false
1113983,203-0190036-0976338,AMAZON,B0B8VVQSNV,,LDSG125LOE274,1,12.30,8.07,2026-03-05 10:23:45,amazon Ledsone,false
1113999,204-4169813-0229939,AMAZON,B0CRZ4FYL7,,LSCY290YE+RPR44WH,1,15.89,15.89,2026-03-05 10:46:47,amazon Dcvoltage,false
1114002,026-4452680-0617962,AMAZON,B0F9X5ZYQ2,,WSWTBM+LDMST64E274,7,137.91,18.24,2026-03-05 10:44:20,amazon Ledsone,false
1114008,203-9542425-0283561,AMAZON,B0FDQTFFVL,,CERU36150BL,2,2.82,1.41,2026-03-05 10:50:49,amazon Ledsone,false
1114009,203-9542425-0283561,AMAZON,B0FDQTMF7W,,CERU36150RE,1,1.41,1.41,2026-03-05 10:50:49,amazon Ledsone,false
1114010,204-1689114-3665162,AMAZON,B08Y5X9P4K,,ENC1067,2,71.38,41.99,2026-03-05 10:52:35,amazon Dcvoltage,false
1114011,203-6745750-3221132,AMAZON,B0C9TWTCZ8,,LSCY210BG+RPR44WH,1,12.89,12.89,2026-03-05 11:03:02,amazon Dcvoltage,false
1114015,203-2115729-2537920,AMAZON,B0B8VVQSNV,,LDSG125LOE274,1,12.30,8.07,2026-03-05 10:59:42,amazon Ledsone,false
1114016,203-8423711-7663565,AMAZON,B08XB1QLTN,,PSDS2BMRBR,1,11.99,11.99,2026-03-05 10:59:42,amazon Dcvoltage,false
1114039,203-9359157-2649166,AMAZON,B0FTL65QYG,,TSST349131GR9PK,1,43.88,36.57,2026-03-05 11:37:58,amazon Ledsone,false
1114041,205-7035080-5457940,AMAZON,B0CBPBQK1X,,WCB7BC2PK+RPR44WH2PK,1,16.99,16.99,2026-03-05 11:35:16,amazon Dcvoltage,false
1114042,203-7516156-1861938,AMAZON,B0F2YRB13Q,,RWWPSY10GY,1,5.38,2.49,2026-03-05 11:38:21,amazon Dcvoltage,false
1114061,202-1280477-7789125,AMAZON,B0B71MJFDZ,,CRSF100BM,1,8.88,4.99,2026-03-05 11:43:30,amazon Ledsone,false
1114072,206-8787404-6519535,AMAZON,B0DP24HTMV,,12UK3P5A,1,13.89,13.89,2026-03-05 11:50:01,amazon Dcvoltage,false
1114077,203-1572827-2125141,AMAZON,B0F2GGDBJ1,,RWT460YE,2,18.05,6.32,2026-03-05 12:05:57,amazon Ledsone,false
1114083,203-0748544-7857125,AMAZON,B0BMQQB5TX,,LDMST64E2742PK,1,14.89,12.41,2026-03-05 12:09:06,amazon Ledsone,false
1114084,206-5283618-1385128,AMAZON,B0F43P99NL,,CENU46450WH,1,6.89,3.89,2026-03-05 12:10:01,amazon Dcvoltage,false
1114085,203-9811424-8474704,AMAZON,B0FZCW7KC7,,LSHM300HE+RPR44WH,1,22.99,22.99,2026-03-05 12:11:12,amazon Dcvoltage,false
1114086,203-8711175-8465123,AMAZON,B0C869G3X9,,CRSF100GB2PK+PHCHPBRGB2PK+LSCY290GB2PK,1,44.89,44.89,2026-03-05 12:09:06,amazon Dcvoltage,false
1114087,203-8711175-8465123,AMAZON,B0DBWH9VTD,,CL2RHE5PK,1,13.99,13.99,2026-03-05 12:09:06,amazon Dcvoltage,false
1114095,205-3412567-9665125,AMAZON,B0CKDZFS7T,,PLOTBM+ICST64E2740,3,49.28,14.41,2026-03-05 12:27:18,amazon Ledsone,false
1114102,203-6495846-1402721,AMAZON,B08XXTQ5MN,,WCB2BS+RPR44WH,1,10.39,10.39,2026-03-05 12:38:23,amazon Dcvoltage,false
1114105,206-7645721-2554750,AMAZON,B0B8DWXLQ2,,CRSF1202BM,1,9.58,5.57,2026-03-05 12:42:21,amazon Ledsone,false
1114107,202-5540382-6411522,AMAZON,B0B8VVQSNV,,LDSG125LOE274,1,12.30,8.07,2026-03-05 12:44:49,amazon Ledsone,false
1114118,026-5500585-6794744,AMAZON,B0CN376GSP,,CRSF1202BM+PHHT2PBRBM2PK+SPUPBM2PK,1,18.89,15.74,2026-03-05 13:01:10,amazon Ledsone,false
1114119,205-8010138-9801165,AMAZON,B0D56YY6W8,,WCB6RR2PK+RPR44WH2PK,1,15.89,15.89,2026-03-05 13:00:47,amazon Dcvoltage,false
1114126,202-0368655-3397134,AMAZON,B0F48PYKWX,,RWWPSY0860YE,1,8.77,5.79,2026-03-05 13:16:17,amazon Dcvoltage,false
1114134,203-6524775-1407565,AMAZON,B0D97YV7TB,,WCWDBM2PK+RPR44WH2PK,1,15.89,13.24,2026-03-05 13:27:05,amazon Ledsone,false
1114136,205-2608060-5250720,AMAZON,B0DNK2H74S,,ENC5362,2,59.78,24.91,2026-03-05 13:27:21,amazon Ledsone,false
1114144,202-7676229-8273924,AMAZON,B0DMT5YWLR,,PCFT90TBM5PK,1,11.68,7.32,2026-03-05 13:43:31,amazon Ledsone,false
1114145,204-4668925-0008307,AMAZON,B083H3BRWZ,,CRSF100CO,1,8.07,4.32,2026-03-05 13:43:41,amazon Ledsone,false
1114150,203-4266726-7473154,AMAZON,B0D83PFMTP,,WCDCBM3PK+RPR44WH3PK,1,24.49,24.49,2026-03-05 13:49:37,amazon Dcvoltage,false
1114151,202-2827565-7824355,AMAZON,B0D8HYXLNQ,,ENC3535,1,23.89,23.89,2026-03-05 13:53:02,amazon Dcvoltage,false
1114155,203-6257173-9506716,AMAZON,B0DH4KYFPD,,WCDTBM2PK+RPR44WH2PK,1,18.89,15.74,2026-03-05 14:04:40,amazon Ledsone,false
1114166,205-6035299-8716342,AMAZON,B0B578T8J2,,CO1210ACLAPK,1,9.53,5.20,2026-03-05 14:10:03,amazon Ledsone,false
1114167,205-0098826-3997959,AMAZON,B0B2K81GXH,,LHC5E27WH5PK,1,13.88,11.57,2026-03-05 14:09:41,amazon Ledsone,false
1114175,202-0401023-2926761,AMAZON,B0D295J88V,,LSCY290RO+RPR44WH,2,36.58,15.24,2026-03-05 14:21:02,amazon Ledsone,false
1114176,026-9610469-8527568,AMAZON,B0B71MJFDZ,,CRSF100BM,2,14.27,4.99,2026-03-05 14:22:24,amazon Ledsone,false
1114178,206-8514851-3437953,AMAZON,B0BP2P7VDD,,LDMG125E2785PK,4,118.40,27.41,2026-03-05 14:24:40,amazon Ledsone,false
1114180,202-5735703-7477912,AMAZON,B0DMF2KF74,,ENC9307,1,27.29,22.74,2026-03-05 14:32:05,amazon Ledsone,false
1114185,026-7316111-5677909,AMAZON,B09M42QJCS,,LDMG125E2785PK,1,27.89,27.89,2026-03-05 14:35:27,amazon Dcvoltage,false
1114186,202-2723418-0713143,AMAZON,B08XWSBPHW,,WCB1BM+RPR44WH,1,10.69,10.69,2026-03-05 14:42:06,amazon Dcvoltage,false
1114187,202-2723418-0713143,AMAZON,B0CBPQMKBF,,WCB7BM2PK+RPR44WH2PK,1,18.79,18.79,2026-03-05 14:42:06,amazon Dcvoltage,false
1114194,026-0960298-5443527,AMAZON,B0DKNGTR54,,LHPHE27YB,1,12.58,8.89,2026-03-05 14:44:24,amazon Dcvoltage,false
1114201,204-1184610-6861939,AMAZON,B08NTKB1DM,,CRFF500BM+PHCH1BMRBM3PK+LSCY210BG3PK,1,40.89,34.07,2026-03-05 14:52:51,amazon Ledsone,false
1114202,026-3771874-9345108,AMAZON,B093DMBCS4,,CL2TGLAPK,1,21.49,17.91,2026-03-05 14:54:32,amazon Ledsone,false
1114212,203-6166259-9463561,AMAZON,B0FL79ZC43,,CRSF1202BM+PHRY2PCRBM2PK,1,21.89,18.24,2026-03-01 20:03:22,amazon Ledsone,false
1114213,026-0721179-4841919,AMAZON,B0CTSTBDXV,,LSMS320CB+RPR44WH,2,28.48,14.99,2026-03-05 15:11:57,amazon Dcvoltage,false
1114218,203-0861352-3282761,AMAZON,B0D8PYNSKQ,,CL2RBRAPK,1,24.99,20.82,2026-03-05 15:27:01,amazon Ledsone,false
1114225,026-1912330-8674753,AMAZON,B0BBS3NXFM,,CL3TBRAPK,1,21.89,18.24,2026-03-05 15:31:11,amazon Ledsone,false
1114246,204-5224949-1724365,AMAZON,B0C8TY8F18,,ENC4316,1,34.89,29.07,2026-03-05 16:13:55,amazon Ledsone,false
1114249,203-4479888-7089931,AMAZON,B0FLDDJJ71,,LDCWA65HB2215,1,5.39,4.49,2026-03-05 16:26:42,amazon Ledsone,false
1114253,202-5709981-0385930,AMAZON,B0F9WX6T4R,,LSFT220BI+RPR44WH,1,10.89,9.07,2026-03-05 16:36:57,amazon Ledsone,false
1114254,203-3216592-3733959,AMAZON,B08F7SRBC7,,12UK3P5A,1,16.79,16.79,2026-03-05 16:48:43,amazon SRM Amazon,false
1114263,206-1527227-1709918,AMAZON,B0DVLYLXH8,,PHSHF1PBRYB+LSCY290BG+ICST64E27,1,24.09,20.07,2026-03-05 16:50:14,amazon Ledsone,false
1114272,206-8507848-3798758,AMAZON,B0CN35JTS9,,WCB7BM2PK+RPR44WH2PK,1,17.89,17.89,2026-03-05 17:04:36,amazon Dcvoltage,false
1114274,203-7823963-3568334,AMAZON,B0F9WY3RVZ,,CL3RBRAPK,1,22.99,19.16,2026-03-05 17:05:04,amazon Ledsone,false
1114275,202-0977616-8021145,AMAZON,B0DMDVX4S7,,ENC9313,1,27.89,23.24,2026-03-05 17:05:15,amazon Ledsone,false
1114291,203-0428990-1446716,AMAZON,B0C6R1T87Q,,PHDH1HETHE+ICST64E272PK,1,20.49,17.07,2026-03-05 17:10:05,amazon Ledsone,false
1114302,203-7935817-8509945,AMAZON,B08X4K1LZH,,CRSF100BM+LHNSE27CH+SCRN70BM+LSFT220BM,1,17.89,17.89,2026-03-05 17:27:30,amazon Dcvoltage,false
1114311,205-8332517-5051525,AMAZON,B0BWTV2937,,LSCP150BA+RPR44WH,1,11.09,11.09,2026-03-05 17:33:14,amazon Dcvoltage,false
1114312,026-9845757-9469154,AMAZON,B0DBWFK3WS,,CL2RBUAPK,1,18.49,18.49,2026-03-05 17:36:06,amazon Dcvoltage,false
1114313,202-8037986-2514716,AMAZON,B0CPBXK43C,,LSCY290NB+RPR44WH,2,30.57,16.09,2026-03-05 17:33:13,amazon Dcvoltage,false
1114314,026-6758140-6756341,AMAZON,B094DL6WJK,,PLADRR,1,49.86,41.55,2026-03-05 17:30:09,amazon Ledsone,false
1114315,202-1052624-3650716,AMAZON,B0845RYZKW,,LDMG80E274,3,19.47,5.41,2026-03-05 17:35:41,amazon Ledsone,false
1114344,206-6549832-4261104,AMAZON,B0C7CJHCB3,,LSCY290CB+RPR44WH,1,15.89,15.89,2026-03-05 18:10:48,amazon Dcvoltage,false
1114348,026-5066555-8554706,AMAZON,B0BNVS2TG5,,ENC4113,1,29.99,29.99,2026-03-05 18:24:59,amazon Dcvoltage,false
1114349,203-1058089-8172367,AMAZON,B0GGDTRTN7,,CRFF100BM2PK+LHNSE27BM2PK+ICST64E272PK,1,27.89,27.89,2026-03-05 18:26:41,amazon Dcvoltage,false
1114352,202-0834055-1917148,AMAZON,B0CS3LSTMS,,WCB7BS+RPR44WH,1,11.78,8.89,2026-03-05 18:21:13,amazon Dcvoltage,false
1114353,205-3891000-4578714,AMAZON,B07JC85MV9,,CRSF100CH+PHUP1PCRCH,1,10.89,10.89,2026-03-05 18:36:18,amazon Dcvoltage,false
1114354,204-7635182-4190762,AMAZON,B0DG29SP2H,,LDMA60E274WW2PK,1,7.99,6.66,2026-03-05 18:34:07,amazon Ledsone,false
1114362,206-2091012-8299561,AMAZON,B0DZNXWHVM,,CGROYBCPK,1,9.08,6.79,2026-03-05 18:46:17,amazon SRM Amazon,false
1114364,204-3593109-9085936,AMAZON,B0D6YF7VPY,,CCGNNWE48,1,10.89,10.89,2026-03-05 18:44:47,amazon Dcvoltage,false
1114365,203-8200835-0150751,AMAZON,B07CRSLRRW,,12IP67300,2,78.18,45.99,2026-03-05 18:46:22,amazon Dcvoltage,false
1114366,205-5410388-0773107,AMAZON,B08TX35XSK,,LSMS320GY+RPR44WH,4,50.97,14.99,2026-03-05 18:49:20,amazon Dcvoltage,false
1114367,204-9432160-9133925,AMAZON,B08XBYXQC6,,CL3TBRAPK,1,19.99,19.99,2026-03-05 18:49:54,amazon Dcvoltage,false
1114373,204-1374286-9339556,AMAZON,B0DH63TD9T,,CL2TBK5PK,1,11.99,11.99,2026-03-05 18:53:13,amazon Dcvoltage,false
1114374,202-8327344-7637924,AMAZON,B0DKNGTR54,,LHPHE27YB,1,8.89,8.89,2026-03-05 18:55:04,amazon Dcvoltage,false
1114375,203-1879588-5389109,AMAZON,B07CK5BTR4,,12IP20240,1,25.29,25.29,2026-03-05 18:54:18,amazon Dcvoltage,false
1114376,026-3878180-6496317,AMAZON,B0CL7P5MMQ,,ENC6499,1,51.79,55.69,2026-03-05 18:55:13,amazon Dcvoltage,false
1114377,026-2772389-0645107,AMAZON,B07JC85MV9,,CRSF100CH+PHUP1PCRCH,1,10.89,10.89,2026-03-05 18:59:11,amazon Dcvoltage,false
1114382,204-8133937-9827528,AMAZON,B0863LVZNG,,PHSF1AGTGB,1,11.99,9.99,2026-03-05 19:01:50,amazon Ledsone,false
1114383,026-0467860-0258714,AMAZON,B0FH9MJR4X,,CRFF140CH+PHAH2RCHBW+SPSDP2SN,1,15.29,12.74,2026-03-05 18:59:11,amazon Ledsone,false
1114406,205-9951260-8140354,AMAZON,B0FC1YZTFN,,SPSSDBMAPK,1,7.98,4.24,2026-03-05 19:36:26,amazon Ledsone,false
1114407,205-3091190-2065963,AMAZON,B0B9Y5MRSK,,CL3TGD5PK,1,13.09,10.91,2026-03-05 19:36:11,amazon Ledsone,false
1114412,202-6286468-5741953,AMAZON,B0CS3BBKSQ,,STKP48EBR6PK,1,16.79,13.99,2026-03-05 19:46:04,amazon Ledsone,false
1114413,204-6764403-9261130,AMAZON,B0DTQ47GBY,,ENC9313,1,27.89,27.89,2026-03-05 19:44:04,amazon Dcvoltage,false
1114414,204-3450643-4478765,AMAZON,B08XBYXQC6,,CL3TBRAPK,1,19.99,19.99,2026-03-05 19:48:29,amazon Dcvoltage,false
1114415,203-3869861-9460312,AMAZON,B0CW3G3ZNR,,LDSSTRE274,1,11.89,11.89,2026-03-05 19:49:30,amazon Dcvoltage,false
1114424,206-0986063-2401110,AMAZON,B08XNV9B1M,,LSCY290BM+RPR44WH,2,28.60,15.89,2026-03-05 19:48:21,amazon Dcvoltage,false
1114428,026-7778524-3413910,AMAZON,B0C7Q6ZQ8T,,CRSF100BM+PHHT1PBRBM+LSHM400HE,1,35.69,35.69,2026-03-05 20:04:54,amazon Dcvoltage,false
1114435,205-9132349-8752350,AMAZON,B0F9X4RS4W,,CL2RGDAPK,2,36.08,15.82,2026-03-05 20:09:42,amazon Ledsone,false
1114437,204-8735954-1857147,AMAZON,B0CVL86ZQ4,,LSTF400WH+RPR44WH,1,17.49,14.57,2026-03-05 20:16:13,amazon Ledsone,false
1114438,205-1775673-7757967,AMAZON,B08V5MK449,,CRSF100BM+PHHT1PBRBM+LSCY290BM,1,21.89,21.89,2026-03-05 20:04:14,amazon Dcvoltage,false
1114439,204-0760497-6345160,AMAZON,B0FZCW7KC7,,LSHM300HE+RPR44WH,1,22.99,22.99,2026-03-05 20:09:11,amazon Dcvoltage,false
1114440,204-5175330-0630750,AMAZON,B0FY22Q53W,,WCBCFBM2PK+RPR44WH2PK,1,25.89,25.89,2026-03-05 20:16:50,amazon Dcvoltage,false
1114441,205-9872164-3693126,AMAZON,B0D9Q3SWV8,,PHCT80BMCBM,2,29.24,15.39,2026-03-05 20:19:33,amazon Dcvoltage,false
1114458,026-8990879-1917145,AMAZON,B0FL79ZC43,,CRSF1202BM+PHRY2PCRBM2PK,1,21.89,18.24,2026-03-05 20:21:06,amazon Ledsone,false
1114468,203-9476462-3993920,AMAZON,B0D9RW35SF,,ENC7500,1,50.89,50.89,2026-03-05 20:39:09,amazon Dcvoltage,false
1114472,202-3109942-5826736,AMAZON,B0CV7RDB5B,,RWGS1533WH,1,6.78,3.24,2026-03-05 20:41:16,amazon Ledsone,false
1114473,206-1121321-9297169,AMAZON,B0FKMB9NWG,,CRFF108BM2PK+LHTKE27BA2PK,1,18.29,15.24,2026-03-05 20:42:27,amazon Ledsone,false
1114479,204-4576943-3930737,AMAZON,B0CGRQ5Z4T,,CRSF100BM2PK+PHRYWP1RBM2PK,1,20.69,17.24,2026-03-05 20:55:01,amazon Ledsone,false
1114480,204-2544494-0448309,AMAZON,B0DQD74HVG,,PHSF1BMTYB3PK,1,26.71,22.26,2026-03-05 21:05:59,amazon Ledsone,false
1114484,206-9307010-8854711,AMAZON,B0DB29LMHK,,CRFF75BA2PK,1,11.49,9.57,2026-03-05 21:02:27,amazon Ledsone,false
1114485,204-2156083-9939545,AMAZON,B0DF7BD73R,,CRSF100BM+PHRYWP1RBM,1,11.89,9.91,2026-03-05 20:55:01,amazon Ledsone,false
1114486,202-6628711-1693142,AMAZON,B0B4K4VWDZ,,PSDS4BMRGD,1,14.17,11.81,2026-03-05 21:05:49,amazon Ledsone,false
1114488,204-2876982-1597168,AMAZON,B0DTHKKQV6,,WCB7BM3PK+RPR44WH3PK,1,22.89,22.89,2026-03-05 20:55:01,amazon Dcvoltage,false
1114489,204-2199263-1548352,AMAZON,B07L8GPT85,,CL3TGY5PK,1,15.99,15.99,2026-03-05 21:02:51,amazon Dcvoltage,false
1114490,203-6434784-0093146,AMAZON,B0DH64L6PN,,CL2TGD5PK,1,10.09,10.09,2026-03-05 21:04:39,amazon Dcvoltage,false
1114497,206-7642666-5707505,AMAZON,B0F43WZJ98,,LSCY290BI+RPR44WH,1,15.89,13.24,2026-03-05 21:10:41,amazon Ledsone,false
1114502,026-5958872-6442701,AMAZON,B08XWSBPHW,,WCB1BM+RPR44WH,1,10.69,10.69,2026-03-05 21:28:30,amazon Dcvoltage,false
1114508,203-9511058-8504319,AMAZON,B0DH97TV9Y,,CL3TOR2PK,1,5.99,5.99,2026-03-05 21:44:08,amazon Dcvoltage,false
1114509,202-8782871-8279557,AMAZON,B0CP9J4X6R,,ENC1292,2,47.78,23.89,2026-03-05 21:48:25,amazon Dcvoltage,false
1114511,026-8219526-6931550,AMAZON,B0G1TFFZZH,,CKA18ATC4255BM,1,19.99,16.66,2026-03-05 21:51:04,amazon Ledsone,false
1114512,204-7013216-2709149,AMAZON,B0BZJPDNPP,,PLTEBM+ICST64E27,1,19.99,19.99,2026-03-05 21:51:15,amazon Dcvoltage,false
1114514,205-9808361-1903509,AMAZON,B08XBQ6VPT,,PSDS4BMRBR,1,14.17,14.17,2026-03-05 22:09:49,amazon Dcvoltage,false
1114522,202-0354545-8579542,AMAZON,B0D44ZF4KW,,PHSF2ROTRO+ICST64E27,1,16.89,16.89,2026-03-05 22:36:38,amazon Dcvoltage,false
1114525,202-0349295-1549168,AMAZON,B095M2HMFW,,WCVCBC+RPR44WH,1,8.10,8.10,2026-03-05 22:36:38,amazon Ledsone,false
1114526,202-0349295-1549168,AMAZON,B0F945Z6H2,,CL3TAG3PK,1,6.66,6.66,2026-03-05 22:36:38,amazon Ledsone,false
1114527,202-0349295-1549168,AMAZON,B0D7MP6T33,,CRFF105CO2PK,1,11.57,11.57,2026-03-05 22:36:38,amazon Ledsone,false
1114528,202-0349295-1549168,AMAZON,B0D7MMR2GN,,CRFF105SN2PK,1,11.57,11.57,2026-03-05 22:36:38,amazon Ledsone,false
1114529,203-5776928-6517900,AMAZON,B0CKLM52VJ,,LSDO210BS+RPR44WH,1,11.89,9.91,2026-03-05 22:49:17,amazon Ledsone,false
1114530,202-0942060-5615538,AMAZON,B0BXXK3MRX,,SCRN70CH,1,5.09,5.09,2026-03-05 22:40:20,amazon Dcvoltage,false
1114531,202-0942060-5615538,AMAZON,B0BQCB8DXX,,SCRN70YB,1,4.49,4.49,2026-03-05 22:40:20,amazon Dcvoltage,false
1114532,202-0942060-5615538,AMAZON,B0BQC8XSCM,,SCRN70BM,1,5.09,5.09,2026-03-05 22:40:20,amazon Dcvoltage,false
1114533,206-8312869-0973964,AMAZON,B0C7Q6ZQ8T,,CRSF100BM+PHHT1PBRBM+LSHM400HE,1,35.69,35.69,2026-03-05 22:48:17,amazon Dcvoltage,false
1114536,206-7782201-3767543,AMAZON,B0FJ5J5T51,,CRSF100WH,1,6.99,6.99,2026-03-05 22:59:43,amazon Dcvoltage,false
1114537,202-4732484-0305139,AMAZON,B08PZ1DG5K,,12IP6720,1,11.89,11.89,2026-03-05 22:55:09,amazon SRM Amazon,false
1114542,206-2677199-4829129,AMAZON,B0CNQ1Q3BJ,,LDMG125E278,1,14.58,10.89,2026-03-05 23:17:36,amazon Dcvoltage,false
1114543,026-2789365-9429967,AMAZON,B0DTHKKQV6,,WCB7BM3PK+RPR44WH3PK,1,22.89,22.89,2026-03-05 23:21:54,amazon Dcvoltage,false
1114544,204-3830516-1011558,AMAZON,B07CWGNBBJ,,12IP20120,1,13.29,13.29,2026-03-05 23:26:00,amazon Dcvoltage,false
1114546,026-2564997-2567556,AMAZON,B0C171RYVR,,PSDS2RBM,1,11.89,11.89,2026-03-05 23:38:11,amazon Dcvoltage,false
1114550,202-4797977-1365933,AMAZON,B08XWSBPHW,,WCB1BM+RPR44WH,1,10.69,10.69,2026-03-06 00:41:36,amazon Dcvoltage,false
1114551,206-9940436-6523529,AMAZON,B0GLZ2SYN4,,PLTRBC,1,47.89,39.91,2026-03-06 00:39:40,amazon Ledsone,false
1114556,203-9220115-3516302,AMAZON,B0DMF2KF74,,ENC9307,1,27.29,22.74,2026-03-06 02:20:53,amazon Ledsone,false
1114559,205-9640716-9539515,AMAZON,B0FPQZHKXS,,LDCWT75B22122PK,1,15.89,13.24,2026-03-06 02:53:48,amazon Ledsone,false
1114570,202-4529366-2937112,AMAZON,B0FR8ZYWXB,,LSCY290BG2PK+RPR44WH2PK,2,54.04,31.79,2026-03-06 03:12:32,amazon Dcvoltage,false
1114603,203-2269438-0054710,AMAZON,B0DMDWM25D,,ENC9314,1,27.89,27.89,2026-03-06 05:19:25,amazon Dcvoltage,false
1114614,205-7865704-6350740,AMAZON,B0CPBXP32L,,LSCY290CY+RPR44WH,1,15.89,15.89,2026-03-06 06:20:05,amazon Dcvoltage,false
1114617,204-3952859-8579562,AMAZON,B0D59SFQQL,,WCB6BM2PK+RPR44WH2PK,1,15.69,15.69,2026-03-06 06:28:37,amazon Dcvoltage,false
1114619,203-0053699-1291515,AMAZON,B09Z6QKSCN,,LDWWE2712,10,69.73,6.12,2026-03-06 06:39:29,amazon Ledsone,false
1114624,206-7324416-0555552,AMAZON,B0C3GY6GVJ,,LSDO210OR+RPR44WH,1,11.99,9.99,2026-03-06 06:40:30,amazon Ledsone,false
1114626,205-6862670-8535513,AMAZON,B0GGHFVG9H,,CRFF100GB2PK+LHNSE27GB2PK+ICST64E272PK,1,26.89,26.89,2026-03-06 06:44:40,amazon Dcvoltage,false
1114635,026-9414971-0243569,AMAZON,B0F9YKVGP1,,ENC8591,1,21.08,17.39,2026-03-06 06:57:37,amazon Dcvoltage,false
1114638,202-7198245-9440354,AMAZON,B07WDY11V6,,CRSF1203YB,1,10.89,10.89,2026-03-06 06:59:50,amazon Dcvoltage,false
1114639,202-1091981-1184307,AMAZON,B07CJNZCFN,,5IP2050,1,11.78,8.99,2026-03-06 07:07:34,amazon Dcvoltage,false
1114644,204-4703155-5463555,AMAZON,B07PM5KN1T,,CL3TGL5PK,1,13.11,13.11,2026-03-06 07:23:37,amazon Dcvoltage,false
1114645,026-5963688-7891544,AMAZON,B0CVMX2MY5,,RWWPSYBF50GY,1,5.47,2.49,2026-03-06 07:30:26,amazon Dcvoltage,false
1114651,206-7459211-1459506,AMAZON,B0CJ4QZ15C,,LSMCSPSQMC+RPM40WH,1,22.89,22.89,2026-03-06 07:44:48,amazon Dcvoltage,false
1114652,203-3130574-1927526,AMAZON,B07CRSLRRW,,12IP67300,1,45.99,45.99,2026-03-06 07:43:34,amazon Dcvoltage,false
1114653,205-0677215-9004359,AMAZON,B07LFS7DY8,,CL3TBUAPK,1,22.99,22.99,2026-03-06 08:01:53,amazon Dcvoltage,false
1114657,206-9535538-1893116,AMAZON,B0DFBTNZBC,,WCDTWH3PK+RPR44WH3PK,1,22.39,22.39,2026-03-06 07:50:17,amazon Dcvoltage,false
1114658,202-5397341-7234710,AMAZON,B0CYZVX28V,,LSCY290CO2PK+RPR44WH2PK,2,50.20,27.89,2026-03-06 07:51:02,amazon Dcvoltage,false
1114659,202-1716997-8361906,AMAZON,B0D295XS3F,,LSCY290CB2PK+RPR44WH2PK,1,27.89,23.24,2026-03-06 07:52:14,amazon Ledsone,false
1114660,204-4267947-2509142,AMAZON,B07B4SSPLT,,12IP6710,1,6.99,5.82,2026-03-06 07:59:11,amazon Ledsone,false
1114664,206-7340794-3460331,AMAZON,B07CRSLRRW,,12IP67300,1,45.99,45.99,2026-03-06 08:01:28,amazon Dcvoltage,false
1114681,206-1887668-0298701,AMAZON,B0D83G5VKN,,ENC685,1,58.89,58.89,2026-03-06 08:36:39,amazon Dcvoltage,false
1114682,203-6444159-9869149,AMAZON,B0CM2RZNHV,,WCDTGD+RPR44WH,1,11.69,11.69,2026-03-06 08:32:53,amazon Dcvoltage,false
1114711,203-4556011-1580314,AMAZON,B0GDDXB14R,,LDMT185E2732PK,1,10.99,9.16,2026-03-06 09:25:29,amazon Ledsone,false
1114718,205-7018415-1860320,AMAZON,B08VGHVH8R,,LSCY290BC+RPR44WH,1,16.29,16.29,2026-03-06 09:26:20,amazon Dcvoltage,false
1114719,202-3260445-9283509,AMAZON,B0F29P1SH6,,CERU36150GR,3,7.96,1.41,2026-03-06 09:33:56,amazon Ledsone,false
1114723,203-2587019-5164323,AMAZON,B0CGRPTT6W,,CRSF100BM+PHRYWP2RBM,1,11.99,9.99,2026-03-06 09:39:45,amazon Ledsone,false
1114729,205-8153894-0733910,AMAZON,B09477VMYH,,LDMG95E2785PK,2,49.78,20.74,2026-03-06 09:49:46,amazon Ledsone,false
1114730,026-9567833-7710768,AMAZON,B0CW1TB57F,,RWWPSY0660YE,1,5.78,2.41,2026-03-06 09:56:13,amazon Ledsone,false
1114746,202-4302570-7126734,AMAZON,B0CL6XXS9Y,,LDCCB22102PK,1,12.89,12.89,2026-03-06 10:22:09,amazon Dcvoltage,false
1114748,026-1116972-0144325,AMAZON,B0DH6C8WJ3,,CL2TBU5PK,1,12.49,12.49,2026-03-06 10:37:35,amazon Dcvoltage,false
1114749,202-6657083-7033920,AMAZON,B0B8DWXLQ2,,CRSF1202BM,2,15.60,5.57,2026-03-06 10:52:24,amazon Ledsone,false
1114750,202-4246176-4486734,AMAZON,B0DG29SP2H,,LDMA60E274WW2PK,1,7.99,6.66,2026-03-06 10:34:12,amazon Ledsone,false
1114758,206-4218605-3593957,AMAZON,B0G5XNNJVD,,CRSF1203BM+PHNW1RBM3PK+ICST64E273PK,1,31.89,31.89,2026-03-06 10:46:31,amazon Dcvoltage,false
1114763,204-6926250-9377134,AMAZON,B0D7S35MGY,,LSMS320GR+RPR44WH,1,14.99,12.49,2026-03-06 10:49:36,amazon Ledsone,false
1114781,026-6953609-3153953,AMAZON,B0DC43SN5M,,WLFSWDBM2PK+ICST64E272PK,1,56.89,47.41,2026-03-06 10:42:05,amazon Ledsone,false
1114783,026-7002549-3834706,AMAZON,B0CN38PYG5,,WCB1BC+RPR44WH,1,10.39,10.39,2026-03-06 10:59:57,amazon Dcvoltage,false
1114789,204-3949899-9382764,AMAZON,B0F1CX6BYH,,RWWPSY0680YE,5,20.23,3.09,2026-03-06 11:17:08,amazon Dcvoltage,false
1114790,205-0061508-8274768,AMAZON,B0BJ2XWLC9,,LDMG80E2746PK,1,19.70,18.24,2026-03-06 11:15:55,amazon Ledsone,false
1114797,203-3674339-6603536,AMAZON,B0D7S3255K,,LSMS320RE2PK+RPR44WH2PK,1,28.79,23.99,2026-03-06 11:22:41,amazon Ledsone,false
1114799,026-3290320-3624349,AMAZON,B0CKBWB6JY,,CRSF100SN+WSSS70SN+LSCY290SN+ICST64E27,1,24.89,24.89,2026-03-06 11:22:00,amazon Dcvoltage,false
1114800,202-1456755-1375531,AMAZON,B07LB4KZ9S,,CL3RAGAPK,1,21.99,21.99,2026-03-06 11:27:41,amazon Dcvoltage,false
1114801,026-8902413-9975530,AMAZON,B07WH1745B,,CRSF1202BM,1,9.78,6.89,2026-03-06 11:28:41,amazon Dcvoltage,false
1114807,204-0474688-1275512,AMAZON,B0DH9FC86W,,CL3TRE3PK,1,7.99,7.99,2026-03-06 11:33:00,amazon Dcvoltage,false
1114811,206-1801121-7629163,AMAZON,B0DH937VLZ,,CL3TCR3PK,1,8.99,8.99,2026-03-06 11:43:51,amazon Dcvoltage,false
1114812,202-7649389-9945930,AMAZON,B0BQ6RV51D,,LDWWB22152PK,1,26.89,26.89,2026-03-06 11:39:54,amazon Dcvoltage,false
1114818,203-5821395-8985120,AMAZON,B0F32ZP7ST,,RWWPSN12GY,1,4.88,1.66,2026-03-06 11:54:13,amazon Ledsone,false
1114828,205-6599564-1685168,AMAZON,B0B9Y5MRSK,,CL3TGD5PK,1,13.09,10.91,2026-03-06 12:15:39,amazon Ledsone,false
1114837,206-0999601-2033967,AMAZON,B0DNK1NCSR,,WSFS2BMYB+SCRN70BM2PK+LSFT220WH2PK,1,29.89,24.91,2026-03-06 12:18:33,amazon Ledsone,false
1114838,206-8519544-5897955,AMAZON,B0DTPHMRW8,,WCB2WH3PK+RPR44WH3PK,1,20.60,19.07,2026-03-06 12:23:36,amazon Ledsone,false
1114839,202-0585637-3765143,AMAZON,B0CHRVWSBM,,CL3RBM5PK,1,13.89,11.57,2026-03-06 12:24:59,amazon Ledsone,false
1114842,202-2185705-5945951,AMAZON,B07GJPMHCT,,24IP6750,1,15.00,15.00,2026-03-06 12:20:57,amazon Dcvoltage,false
1114843,026-4247238-7784350,AMAZON,B0CB3YG6FT,,LHSPE27YB,1,7.89,7.89,2026-03-06 12:20:52,amazon Dcvoltage,false
1114844,205-0453890-7521127,AMAZON,B0DMDV1BF9,,ENC9307,1,27.89,27.89,2026-03-06 12:21:44,amazon Dcvoltage,false
1114847,205-9061124-0636367,AMAZON,B0DGG4GQ4W,,LDMST64B224,1,5.58,4.65,2026-03-06 12:29:22,amazon Ledsone,false
1114854,202-6136259-7310739,AMAZON,B0DH4LFC25,,WCDCBM3PK+RPR44WH3PK,1,25.19,20.99,2026-03-06 12:39:26,amazon Ledsone,false
1114855,205-9721931-4905146,AMAZON,B0CNRL871B,,LDMST64E274,1,9.78,6.89,2026-03-06 12:37:08,amazon Dcvoltage,false
1114856,203-1121004-9215527,AMAZON,B0DH9FGSM9,,CL3TOR3PK,1,7.99,7.99,2026-03-06 12:46:00,amazon Dcvoltage,false
1114859,205-8020643-9166732,AMAZON,B0FLXTPL92,,CRSF100YB+PHMH1HERYB,1,8.99,8.99,2026-03-06 12:48:33,amazon SRM Amazon,false
1114860,205-2732052-1638768,AMAZON,B09M6YWJM3,,LDMG95B2283PK,1,15.39,15.39,2026-03-06 12:49:08,amazon SRM Amazon,false
1114862,206-4142549-6150743,AMAZON,B0CQNKMFJH,,PLTFRR+ICST64E2740,1,21.99,21.99,2026-03-06 12:54:28,amazon Dcvoltage,false
1114868,026-6400003-0287558,AMAZON,B0CNPZHQPW,,LDMG80B224,2,13.98,6.99,2026-03-06 13:02:36,amazon Dcvoltage,false
1114869,203-1275430-8334725,AMAZON,B07GJTBWVR,,24IP6736,3,26.75,10.49,2026-03-06 13:00:51,amazon Dcvoltage,false
1114870,206-2560448-6413911,AMAZON,B0F9VDWTYX,,CL3RBM3PK,1,6.79,5.66,2026-03-06 12:59:27,amazon Ledsone,false
1114879,205-6439863-5253148,AMAZON,B0DMF2KF74,,ENC9307,1,27.29,22.74,2026-03-06 13:13:40,amazon Ledsone,false
1114880,204-8691445-0858716,AMAZON,B0FH6JJKV4,,SPSDP2BMY,2,14.27,4.74,2026-03-06 13:16:06,amazon Ledsone,false
1114881,205-7782468-9045937,AMAZON,B0CNQ1Q3BJ,,LDMG125E278,2,18.51,10.89,2026-03-06 13:37:40,amazon Dcvoltage,false
1114882,203-9945002-7217158,AMAZON,B0DL9VDCMJ,,CL3RBRAPK,1,18.89,18.89,2026-03-06 13:16:30,amazon Dcvoltage,false
1114885,206-8579159-7637946,AMAZON,B0CC9J3NRS,,LSDM220RO+RPR44WH,1,12.89,12.89,2026-03-06 13:28:44,amazon Dcvoltage,false
1114886,205-6184450-7351560,AMAZON,B091B7NP2G,,LSMCSPDRFL+RPM40WH,1,20.89,20.89,2026-03-06 13:29:02,amazon Dcvoltage,false
1114889,204-3841972-9479507,AMAZON,B0C9TJJ9XK,,ENC1908,1,21.89,21.89,2026-03-06 13:34:38,amazon Dcvoltage,false
1114890,206-2427549-5124301,AMAZON,B0CP93GWB2,,ENC7900,1,44.89,44.89,2026-03-06 13:36:56,amazon Dcvoltage,false
1114891,203-2121345-1530707,AMAZON,B0DG29SP2H,,LDMA60E274WW2PK,1,7.99,6.66,2026-03-06 13:35:13,amazon Ledsone,false
1114892,206-5460429-7291545,AMAZON,B0DCBQ3ZDY,,WLFS2202BM,2,56.79,24.91,2026-03-06 13:36:56,amazon Ledsone,false
1114902,206-5672734-9427537,AMAZON,B0DG29SP2H,,LDMA60E274WW2PK,1,7.99,6.66,2026-03-06 13:39:08,amazon Ledsone,false
1114906,202-2794156-5746700,AMAZON,B0D73KRWF7,,LDMT185B2245PK,1,16.89,16.89,2026-03-06 13:40:16,amazon Dcvoltage,false
1114907,206-3543490-7863555,AMAZON,B0DMS67346,,CCBKNWE12,1,7.65,5.29,2026-03-06 13:42:09,amazon Dcvoltage,false
1114908,204-9162039-1109168,AMAZON,B0DH5Z9D5K,,CL2TGY3PK,1,7.99,7.99,2026-03-06 13:49:23,amazon Dcvoltage,false
1114918,202-9939107-7517930,AMAZON,B0CRB18BK3,,CKB876875BM,1,34.99,34.99,2026-03-06 13:58:56,amazon Dcvoltage,false
1114919,202-0412282-7010707,AMAZON,B0D83PFMTP,,WCDCBM3PK+RPR44WH3PK,1,24.49,24.49,2026-03-06 14:05:44,amazon Dcvoltage,false
1114920,026-9433101-7737924,AMAZON,B0CMCPXP21,,CRFF500FG+WCCY1ROGD3PK+LDDTCE27123PK,1,62.89,52.41,2026-03-06 14:05:39,amazon Ledsone,false
1114927,203-5113979-0721121,AMAZON,B0DG29SP2H,,LDMA60E274WW2PK,1,7.99,6.66,2026-03-06 14:11:03,amazon Ledsone,false
1114928,203-9220924-1244358,AMAZON,B07CJHQ1KW,,5IP2030,2,17.67,6.99,2026-03-06 14:19:27,amazon Dcvoltage,false
1114929,204-6101311-7134759,AMAZON,B093T47MYR,,LSCY290CO+RPR44WH,1,17.89,14.91,2026-03-06 14:21:37,amazon Ledsone,false
1114932,204-8974420-2867501,AMAZON,B0DFHNX467,,LSCY290BM+RPR44WH,2,28.96,16.09,2026-03-06 14:23:42,amazon Dcvoltage,false
1114933,026-1677999-4769911,AMAZON,B08XBQ6VPT,,PSDS4BMRBR,1,14.17,14.17,2026-03-06 14:25:18,amazon Dcvoltage,false
1114936,026-9514424-0346767,AMAZON,B0CCD2QY2K,,ENC6129,2,35.78,14.91,2026-03-06 14:33:48,amazon Ledsone,false
1114942,206-4481975-7991520,AMAZON,B07DW3ZY1P,,CCBC3,1,5.89,5.89,2026-03-06 14:42:48,amazon Dcvoltage,false
1114943,203-7906939-8870754,AMAZON,B093T52NGL,,LSDO210BS+RPR44WH,1,11.99,9.99,2026-03-06 14:42:08,amazon Ledsone,false
1114946,206-7364935-2882769,AMAZON,B0DNK2H74S,,ENC5362,2,59.78,24.91,2026-03-06 14:47:52,amazon Ledsone,false
1114947,205-5714289-7074756,AMAZON,B09L8KS17V,,CRSF100BM+PHCH1BMRBM+LSDO400BI,1,21.69,18.07,2026-03-06 14:40:58,amazon Ledsone,false
1114955,203-0907073-6947525,AMAZON,B0FL78WQVD,,PHSF2BMTBM2PK+ICST64E272PK,2,49.11,28.89,2026-03-06 14:54:48,amazon Dcvoltage,false
1114956,026-3947973-9323523,AMAZON,B0BL7ZC6B7,,LDMT185E2746PK,1,21.19,17.66,2026-03-06 14:51:42,amazon Ledsone,false
1114957,206-3144222-9277156,AMAZON,B0CCHYJ6PP,,SPSDP2YB5PK,1,20.89,17.41,2026-03-06 14:51:58,amazon Ledsone,false
1114958,026-8774860-6544351,AMAZON,B0FY5TWHGH,,LDSG1007E27,1,13.99,11.66,2026-03-06 14:55:54,amazon Ledsone,false
1114959,205-9656127-7990750,AMAZON,B07B4SSPLT,,12IP6710,6,41.94,5.82,2026-03-06 14:56:27,amazon Ledsone,false
1114960,203-6897168-1255554,AMAZON,B0863BZR2Z,,PHSF1GDTYB2PK,2,39.59,13.73,2026-03-06 14:56:12,amazon Ledsone,false
1114972,203-3131191-6353941,AMAZON,B0CBKKB2RY,,WCDTRO2PK+RPR44WH2PK,1,18.29,18.29,2026-03-06 15:38:40,amazon Dcvoltage,false
1114973,203-2141618-2587526,AMAZON,B0CXX5K5LC,,WCDTGD2PK+RPR44WH2PK,1,20.29,20.29,2026-03-06 15:28:13,amazon Dcvoltage,false
1114980,026-2678107-1949911,AMAZON,B0DH936YBS,,CL3TAGAPK,1,20.99,20.99,2026-03-06 15:38:29,amazon Dcvoltage,false
1114982,204-6666435-0205946,AMAZON,B0DG29SP2H,,LDMA60E274WW2PK,1,7.99,6.66,2026-03-06 15:41:54,amazon Ledsone,false
1114984,202-6705152-1338701,AMAZON,B0BBGMMQXF,,CL2RHE5PK,1,14.89,14.89,2026-03-06 15:39:53,amazon SRM Amazon,false
1114989,204-0256507-1008335,AMAZON,B08PYZZP4Q,,12IP6736,1,9.23,9.23,2026-03-06 15:59:05,amazon SRM Amazon,false
1114990,026-3219401-5297907,AMAZON,B08VGP666V,,LSCY290WH+RPR44WH,1,15.99,15.99,2026-03-06 15:52:25,amazon Dcvoltage,false
1114991,202-2223824-6866739,AMAZON,B07F9R3GVS,,LDMG95E278,1,8.19,8.19,2026-03-06 15:55:21,amazon Dcvoltage,false
1114992,204-7846041-1033142,AMAZON,B0C8NJDTJS,,WCDCBM+RPR44WH,1,10.89,9.07,2026-03-06 15:49:51,amazon Ledsone,false
1114993,205-8272229-6678748,AMAZON,B0FN4C3B9T,,PLHCBM+LSDO210BM3PK,1,47.83,39.86,2026-03-06 15:53:32,amazon Ledsone,false
1115004,206-3693631-7566700,AMAZON,B0C6LV14PT,,12UK3P2A,1,10.78,7.89,2026-03-06 16:04:40,amazon Dcvoltage,false
1115008,206-5506352-2703540,AMAZON,B0D29516SS,,LSCY290GB+RPR44WH,2,35.78,14.91,2026-03-06 16:08:06,amazon Ledsone,false
1115009,202-2895073-3013165,AMAZON,B091B7NP2G,,LSMCSPDRFL+RPM40WH,1,20.89,20.89,2026-03-06 16:16:16,amazon Dcvoltage,false
1115017,205-7231021-1124367,AMAZON,B0DH4KYFPD,,WCDTBM2PK+RPR44WH2PK,1,18.89,15.74,2026-03-06 16:20:16,amazon Ledsone,false
1115019,205-7535186-5075560,AMAZON,B093T47MYR,,LSCY290CO+RPR44WH,1,17.89,14.91,2026-03-06 16:24:51,amazon Ledsone,false
1115022,203-7662380-6718758,AMAZON,B0DJBS759W,,HLRK45BM2PK,1,4.91,4.91,2026-03-06 16:31:36,amazon Ledsone,false
1115023,203-7662380-6718758,AMAZON,B0DJBSQXTJ,,HLRK45BM5PK,1,8.07,8.07,2026-03-06 16:31:36,amazon Ledsone,false
1115025,204-8594471-9574704,AMAZON,B0CBXBG2FC,,PLPYBM+ICST64E27,2,37.79,16.57,2026-03-06 16:35:07,amazon Ledsone,false
1115026,203-3789506-7408330,AMAZON,B0C5CS3J1H,,CRSF100BM+WSHR135BM+LSFT220BG,2,32.58,14.29,2026-03-06 16:34:33,amazon Ledsone,false
1115027,202-5095589-7933906,AMAZON,B0CGD9RQ7D,,CRSF100WH+PHRY1PCRWH,1,11.97,9.97,2026-03-06 16:38:27,amazon Ledsone,false
1115028,203-3224577-0596326,AMAZON,B0GLGLH64Z,,LSGLFP245BL,1,15.89,15.89,2026-03-06 16:33:43,amazon Dcvoltage,false
1115029,203-3224577-0596326,AMAZON,B0GLGGJD2R,,LSGLFP245GR,1,15.89,15.89,2026-03-06 16:33:43,amazon Dcvoltage,false
1115037,204-1741877-3756335,AMAZON,B0DMF2KF74,,ENC9307,1,27.29,22.74,2026-03-06 16:49:39,amazon Ledsone,false
1115038,203-9229291-1625122,AMAZON,B0DX6W8MTS,,CENU25200WH,1,4.58,1.07,2026-03-06 16:48:52,amazon Ledsone,false
1115045,026-9829216-4626740,AMAZON,B0D838YS3P,,ENC1509,1,58.89,58.89,2026-03-06 17:07:40,amazon Dcvoltage,false
1115047,205-8932115-6145121,AMAZON,B079ZV5MZL,,12IP6710,1,7.89,6.57,2026-03-06 17:11:21,amazon Ledsone,false
1115048,205-7910513-2962713,AMAZON,B0CVL5MYFT,,LSTF400WH+RPR44WH,1,16.59,16.59,2026-03-06 17:11:10,amazon Dcvoltage,false
1115052,206-3947164-6964337,AMAZON,B0DKP4GTH4,,LHTRE27GB,3,20.88,8.19,2026-03-06 17:26:40,amazon Dcvoltage,false
1115053,026-3307386-3476338,AMAZON,B093HB7L5H,,LSMS320BI+RPR44WH,2,28.48,12.49,2026-03-06 17:28:32,amazon Ledsone,false
1115060,204-9741533-4704364,AMAZON,B086228MDF,,LDMST64B2286PK,1,20.89,17.41,2026-03-06 17:32:55,amazon Ledsone,false
1115061,203-0289489-0288309,AMAZON,B0D5B5D134,,WCDTWH2PK+RPR44WH2PK,1,18.89,18.89,2026-03-06 17:39:13,amazon Dcvoltage,false
1115068,204-7527818-4302757,AMAZON,B0D5QY9SQ1,,LSMCSQWYBL+RPM40WH,1,23.89,23.89,2026-03-06 17:46:42,amazon Dcvoltage,false
1115069,204-8925937-2226768,AMAZON,B0C43MJXYS,,WCDTGR+RPR44WH,1,9.89,8.24,2026-03-06 17:48:55,amazon Ledsone,false
1115071,205-2111649-8431550,AMAZON,B0FKH6CWRV,,CRSF100SN+WSLS155SN,1,11.99,11.99,2026-03-06 17:40:14,amazon SRM Amazon,false
1115072,203-7538667-1589106,AMAZON,B0DTTMN698,,LDMG95B2242PK,1,10.89,10.89,2026-03-06 17:45:16,amazon SRM Amazon,false
1115076,203-6665234-7891549,AMAZON,B0CVB98VVG,,RWWPSY08GY,1,4.78,1.89,2026-03-06 17:52:50,amazon Dcvoltage,false
1115077,202-9863742-3185900,AMAZON,B0G8D97T75,,TPOS1PRBOT+LDSG95DIE274,1,20.99,20.99,2026-03-06 17:56:50,amazon Dcvoltage,false
1115080,205-6786291-5594766,AMAZON,B09475XCMR,,LDMG95E278,1,6.99,5.82,2026-03-06 18:00:58,amazon Ledsone,false
1115082,026-3201283-7313119,AMAZON,B0743GYD52,,CO332AGYAPK,1,5.88,2.49,2026-03-06 18:02:15,amazon Ledsone,false
1115083,205-7827490-0540354,AMAZON,B0BTTHW8VM,,ENC8092,1,33.89,33.89,2026-03-06 18:00:33,amazon Dcvoltage,false
1115096,205-7432578-7177912,AMAZON,B0CZXL6ZYG,,TPOSBDBM,1,25.89,21.57,2026-03-06 18:10:20,amazon Ledsone,false
1115101,202-9408586-4640307,AMAZON,B0CNJX1DV8,,WCB7WH+RPR44WH,1,11.18,8.29,2026-03-06 18:24:29,amazon Dcvoltage,false
1115105,203-8360821-2229151,AMAZON,B0FNQZKZRN,,BSFCDRWHPI,1,21.99,18.32,2026-03-06 18:27:04,amazon Ledsone,false
1115115,205-3238961-6408347,AMAZON,B0F43VSS5W,,LSCY290CB+RPR44WH,1,15.89,13.24,2026-03-06 18:46:54,amazon Ledsone,false
1115116,204-5474610-9808339,AMAZON,B07PM6VXCG,,CL3TBK5PK,1,13.04,13.04,2026-03-06 18:46:55,amazon Dcvoltage,false
1115119,202-4982579-4436360,AMAZON,B0DCKQW2PW,,STFG4845WH3PK,1,8.28,4.99,2026-03-06 18:50:05,amazon Ledsone,false
1115121,204-9936192-1269900,AMAZON,B08V87L9TG,,WCB6BC+RPR44WH,3,26.42,10.36,2026-03-06 19:00:02,amazon Dcvoltage,false
1115125,026-0859526-8091516,AMAZON,B09HV99D68,,CRFF500BM+PHCHPCRYB3PK+LSUL220BC3PK,1,41.89,34.91,2026-03-06 19:14:17,amazon Ledsone,false
1115131,202-0849150-0690769,AMAZON,B0CC5T23ZQ,,ENC785,1,27.89,27.89,2026-03-06 19:15:04,amazon Dcvoltage,false
1115138,206-5181536-4075508,AMAZON,B0G57SHHMT,,CRFF500BS+PHNW1RBS3PK+ICST64E273PK,1,32.89,27.41,2026-03-06 19:38:39,amazon Ledsone,false
1115139,206-0006507-7109116,AMAZON,B0DNQK6G8C,,LHC6E27WH,1,8.38,5.49,2026-03-06 19:32:23,amazon Dcvoltage,false
1115142,205-0225854-4693136,AMAZON,B0DH4KYFPD,,WCDTBM2PK+RPR44WH2PK,1,18.89,15.74,2026-03-06 19:45:00,amazon Ledsone,false
1115148,202-7920721-5441907,AMAZON,B0DCSG3CVL,,WCWDRO2PK+RPR44WH2PK,1,18.79,15.66,2026-03-06 19:55:41,amazon Ledsone,false
1115149,026-5120865-7198738,AMAZON,B0C5TH4HZL,,IMRGEPK,1,15.01,15.01,2026-03-06 20:01:48,amazon Dcvoltage,false
1115152,203-1140423-7616364,AMAZON,B0DH61X8CH,,CL2TBR3PK,2,17.98,8.99,2026-03-06 20:03:53,amazon Dcvoltage,false
1115153,206-7691363-8780302,AMAZON,B0G5ZRFC58,,CRSF100BM+PHNW1RBM+ICST64E27,2,28.29,12.41,2026-03-06 20:01:08,amazon Ledsone,false
1115154,204-4143890-6384313,AMAZON,B0DG2Q3GT1,,LDMA60E274WW6PK,1,19.99,16.66,2026-03-06 20:07:57,amazon Ledsone,false
1115155,205-7155177-8277906,AMAZON,B0F2919THD,,LSCY290CO+RPR44WH,1,18.29,15.24,2026-03-06 20:19:59,amazon Ledsone,false
1115156,205-6020272-5595510,AMAZON,B0DCFXBYJG,,LDSG95DIE2745PK,2,56.79,24.91,2026-03-06 20:07:51,amazon Ledsone,false
1115157,206-1416832-9691540,AMAZON,B086XB1TTQ,,LHC1E27WH,1,5.89,4.91,2026-03-06 20:07:41,amazon Ledsone,false
1115161,202-2006084-1714706,AMAZON,B0FTGCR179,,WCBCFBM,1,15.49,15.49,2026-03-06 20:17:40,amazon Dcvoltage,false
1115167,202-9398409-1590767,AMAZON,B0D59SFQQL,,WCB6BM2PK+RPR44WH2PK,1,15.69,15.69,2026-03-06 20:28:49,amazon Dcvoltage,false
1115172,202-3535882-5028318,AMAZON,B0DG29SP2H,,LDMA60E274WW2PK,1,7.99,6.66,2026-03-06 20:31:39,amazon Ledsone,false
1115181,026-4631435-5189964,AMAZON,B0FC1YZTFN,,SPSSDBMAPK,1,8.98,5.07,2026-03-06 20:59:49,amazon Ledsone,false
1115186,206-4811086-0957167,AMAZON,B08VGPWXG1,,LSCY290OR+RPR44WH,1,15.49,15.49,2026-03-06 21:04:08,amazon Dcvoltage,false
1115188,206-1368302-7639517,AMAZON,B0FJ26WKLN,,STPVC17AWHAPK,1,7.58,4.69,2026-03-06 21:17:33,amazon Dcvoltage,false
1115195,026-5740847-6688332,AMAZON,B08TM2GGZQ,,LSFT220GR+RPR44WH,1,11.89,11.89,2026-03-06 21:28:07,amazon Dcvoltage,false
1115203,205-0879629-3217114,AMAZON,B09CZFBTCX,,ENC904,1,27.39,22.82,2026-03-06 21:31:11,amazon Ledsone,false
1115204,206-9333711-0889167,AMAZON,B09882L649,,CRFF500BM+PHHT1PBRBM3PK+WCDTBM3PK,1,38.79,32.32,2026-03-06 21:36:19,amazon Ledsone,false
1115205,026-9060065-8433115,AMAZON,B0FZCY5184,,LSHM300HE2PK+RPR44WH2PK,1,43.89,43.89,2026-03-06 21:29:44,amazon Dcvoltage,false
1115207,026-7240247-6869139,AMAZON,B08PYZLJCK,,12IP6745,1,16.89,16.89,2026-03-06 21:45:27,amazon SRM Amazon,false
1115209,203-8122371-4085114,AMAZON,B0DH9D4KJJ,,CL3TRO3PK,1,7.99,7.99,2026-03-06 21:43:38,amazon Dcvoltage,false
1115221,204-4892305-1638700,AMAZON,B09477YHK7,,LDMG95E278APK,2,70.38,29.32,2026-03-06 22:10:27,amazon Ledsone,false
1115228,204-8650146-0959560,AMAZON,B0CM2RZNHV,,WCDTGD+RPR44WH,1,11.69,11.69,2026-03-06 22:27:59,amazon Dcvoltage,false
1115230,205-4458506-8639523,AMAZON,B0DKNGTR54,,LHPHE27YB,6,53.34,8.89,2026-03-06 22:35:05,amazon Dcvoltage,false
1115231,026-3380247-6306741,AMAZON,B0DG29SP2H,,LDMA60E274WW2PK,1,7.99,6.66,2026-03-06 22:31:55,amazon Ledsone,false
1115232,203-5058048-5266717,AMAZON,B0CF8W4ZWM,,WCVCBC+RPR44WH,1,9.39,7.82,2026-03-06 22:31:00,amazon Ledsone,false
1115234,203-9338283-8938732,AMAZON,B0D291QGY1,,LSCY290GR3PK+RPR44WH3PK,1,39.89,33.24,2026-03-06 22:33:05,amazon Ledsone,false
1115246,206-7068590-8687565,AMAZON,B0F1D3YQPG,,RWWPSY10GY,2,4.98,2.49,2026-03-06 23:02:32,amazon Dcvoltage,false
1115247,206-7068590-8687565,AMAZON,B0F1D2YMJS,,RWWPSY12GY,2,4.98,2.49,2026-03-06 23:02:32,amazon Dcvoltage,false
1115248,206-7068590-8687565,AMAZON,B0F1CX6BYH,,RWWPSY0680YE,2,6.18,3.09,2026-03-06 23:02:32,amazon Dcvoltage,false
1115249,206-7068590-8687565,AMAZON,B0F1CZT27Y,,RWWPSY0860YE,3,8.67,2.89,2026-03-06 23:02:32,amazon Dcvoltage,false
1115250,206-7068590-8687565,AMAZON,B0F1D59PXR,,RWWPSY08GY,2,3.78,1.89,2026-03-06 23:02:32,amazon Dcvoltage,false
1115251,204-0838719-0767547,AMAZON,B0CP7CFPB5,,ENC4234,1,33.58,29.89,2026-03-06 23:04:51,amazon Dcvoltage,false
1115254,204-3797548-2899526,AMAZON,B0FY3D927F,,WCFL180RO3PK+RPR44WH3PK,1,34.89,34.89,2026-03-06 23:24:21,amazon Dcvoltage,false
1115255,204-3102648-4333124,AMAZON,B0B2K963ZK,,LHC4E27WH,1,6.99,5.82,2026-03-06 23:25:16,amazon Ledsone,false
1115257,203-5557376-7221115,AMAZON,B0FPQZX69Y,,ENC6173,1,19.69,16.41,2026-03-06 23:31:04,amazon Ledsone,false
1115259,204-5795316-8733123,AMAZON,B0DG29SP2H,,LDMA60E274WW2PK,1,7.99,6.66,2026-03-06 23:46:05,amazon Ledsone,false
1115260,206-7732585-4226730,AMAZON,B0DMF2KF74,,ENC9307,1,27.29,22.74,2026-03-06 23:51:13,amazon Ledsone,false
1115267,205-1858211-1257157,AMAZON,B0G5PJ7L1B,,ENC6178,2,33.47,19.69,2026-03-07 02:42:35,amazon Dcvoltage,false
1115269,206-2395892-3247552,AMAZON,B0CR8WHMLC,,PHHR3DSTHE+LDSG125LOE2742PK,2,39.60,17.37,2026-03-07 03:54:00,amazon Ledsone,false
1115282,026-0694875-3124337,AMAZON,B0CN34X7HV,,WCB2BM2PK+RPR44WH2PK,1,15.89,15.89,2026-03-07 06:16:15,amazon Dcvoltage,false
1115301,206-6485968-8622719,AMAZON,B0DG29SP2H,,LDMA60E274WW2PK,1,7.99,6.66,2026-03-07 07:28:56,amazon Ledsone,false
1115309,205-6088550-9041902,AMAZON,B0CTCNQ4NB,,CRSF100WH+CL3TWH+LHSHE27WH,3,34.17,9.99,2026-03-07 07:54:19,amazon Ledsone,false
1115310,206-2382508-7201962,AMAZON,B0D7S2D47W,,LSMS320NB2PK+RPR44WH2PK,1,27.89,23.24,2026-03-07 07:58:47,amazon Ledsone,false
1115314,026-5497134-4294723,AMAZON,B0FY5NVS4S,,LDSG1007E272PK,1,23.99,19.99,2026-03-07 07:57:13,amazon Ledsone,false
1115319,202-6798730-0388339,AMAZON,B0DCKGXY3N,,STFG4845WH2PK,1,7.58,3.91,2026-03-07 08:10:10,amazon Ledsone,false
1115320,202-3822934-1462766,AMAZON,B0CN36M72W,,ENC5693,1,24.89,20.74,2026-03-07 08:15:09,amazon Ledsone,false
1115340,202-3099247-6406726,AMAZON,B0GCZ9ZLXK,,CRSF1203WH,1,10.38,6.24,2026-03-07 08:44:15,amazon Ledsone,false
1115347,204-0235110-2134774,AMAZON,B0CNZT7NNB,,CRSF100GB+WSSS70GB+LSFT220GB+ICST64E27,1,19.89,19.89,2026-03-07 09:24:09,amazon Dcvoltage,false
1115350,206-0174542-1767563,AMAZON,B0FPWZHHHG,,LDCWA60HE2796PK,1,10.13,6.24,2026-03-07 09:25:18,amazon Ledsone,false
1115357,206-0417696-1073122,AMAZON,B0CPBTW85Y,,LSCY290GY+RPR44WH,1,16.09,16.09,2026-03-07 09:43:20,amazon Dcvoltage,false
1115360,203-7042628-4322737,AMAZON,B0DBZ8NT3P,,ENC7393,1,42.89,35.74,2026-03-07 09:44:43,amazon Ledsone,false
1115362,204-3863911-7635511,AMAZON,B07JC85MV9,,CRSF100CH+PHUP1PCRCH,1,10.89,10.89,2026-03-07 09:56:03,amazon Dcvoltage,false
1115371,026-2515977-6925113,AMAZON,B0CNPZDQHZ,,LDMG95E278,2,15.98,7.99,2026-03-07 10:05:02,amazon Dcvoltage,false
1115376,206-3460279-9342763,AMAZON,B0D4Y9DKJD,,LDMG95E2786PK,1,21.49,21.49,2026-03-07 10:16:08,amazon Dcvoltage,false
1115385,203-5086512-3424346,AMAZON,B0863GXC13,,PHSF1BRTCO,1,13.89,11.57,2026-03-07 10:23:19,amazon Ledsone,false
1115386,026-7836989-1278719,AMAZON,B0GDDXB14R,,LDMT185E2732PK,1,10.99,9.16,2026-03-07 10:23:34,amazon Ledsone,false
1115387,205-3339036-1281930,AMAZON,B07S9S34B2,,CRSF2003YB,1,11.89,11.89,2026-03-07 10:19:35,amazon Dcvoltage,false
1115388,204-9104004-4878765,AMAZON,B0C9TWTCZ8,,LSCY210BG+RPR44WH,2,21.91,12.89,2026-03-07 10:23:22,amazon Dcvoltage,false
1115396,204-7588325-8852333,AMAZON,B0CVMZBLZ7,,RWWPSYBF25GY,1,4.78,1.89,2026-03-07 10:31:21,amazon Dcvoltage,false
1115397,205-6175113-3463509,AMAZON,B0G57SF7S7,,CRFF500BC+PHNW1RBC3PK+ICST64E273PK,1,32.89,32.89,2026-03-07 10:30:10,amazon Ledsone,false
1115403,203-3511968-6381968,AMAZON,B01B1J1YL2,,12IP6720,2,19.78,8.24,2026-03-07 10:41:35,amazon Ledsone,false
1115404,205-9798462-0125951,AMAZON,B0FR8ZYWXB,,LSCY290BG2PK+RPR44WH2PK,1,31.79,31.79,2026-03-07 10:39:26,amazon Dcvoltage,false
1115405,026-9655956-8603514,AMAZON,B08XXWJWVZ,,WCB2BC+RPR44WH,1,10.89,10.89,2026-03-07 10:46:03,amazon Dcvoltage,false
1115409,202-8803960-7377965,AMAZON,B0DH9CY29Z,,CL3TGL5PK,1,14.99,14.99,2026-03-07 10:51:13,amazon Dcvoltage,false
1115410,204-4672164-1165953,AMAZON,B0BT7PKTN3,,ENC4306,1,38.89,38.89,2026-03-07 10:57:59,amazon Dcvoltage,false
1115411,204-4672164-1165953,AMAZON,B0BTTJ6PNH,,ENC4398,1,33.89,33.89,2026-03-07 10:57:59,amazon Dcvoltage,false
1115417,203-5293425-9464337,AMAZON,B08XWSBPHW,,WCB1BM+RPR44WH,1,10.69,10.69,2026-03-07 11:01:38,amazon Dcvoltage,false
1115418,202-6381999-8375501,AMAZON,B0DP266JNT,,12UK3P6A,1,23.87,13.31,2026-03-07 11:08:14,amazon Dcvoltage,false
1115419,206-3516421-1557159,AMAZON,B0CJMD8ZHH,,LDDTCB2212,1,7.49,6.24,2026-03-07 11:05:22,amazon Ledsone,false
1115420,205-2054010-1144317,AMAZON,B084MD8QQT,,WSFS1YBYB,1,10.89,9.07,2026-03-07 11:06:40,amazon Ledsone,false
1115434,202-6317204-0222701,AMAZON,B0CFR1D4ZS,,WLFSWWHE2PK+ICST64E272PK,2,77.69,34.07,2026-03-07 11:16:21,amazon Ledsone,false
1115435,026-8211537-5241957,AMAZON,B0C43L42DK,,WCDTRE+RPR44WH,1,10.89,9.07,2026-03-07 11:23:20,amazon Ledsone,false
1115438,205-5681261-4874708,AMAZON,B0B8J8FJFN,,CRSF1202CO,1,5.49,5.49,2026-03-07 14:07:31,amazon Ledsone,false
1115439,202-5333375-7467568,AMAZON,B0C6F2ZPH4,,WCB2BB+RPR44WH,1,12.68,8.16,2026-03-07 11:27:38,amazon Ledsone,false
1115440,205-3822989-5745125,AMAZON,B0CVKZ67VL,,RWWPSY0860YE,1,5.78,2.41,2026-03-07 11:27:51,amazon Ledsone,false
1115447,206-1451656-8382721,AMAZON,B0GLNHVVKS,,PL4HBC,1,34.89,29.07,2026-03-07 11:33:56,amazon Ledsone,false
1115448,206-8150708-4077151,AMAZON,B0CTC7CWVB,,CRSF100GB+CL3TWH+LHSHE27SN,2,22.78,9.99,2026-03-07 11:33:49,amazon Ledsone,false
1115449,026-4321279-2874757,AMAZON,B0CBPSSXC3,,WCB6BB2PK+RPR44WH2PK,1,16.89,16.89,2026-03-07 11:29:25,amazon Dcvoltage,false
1115451,202-9784903-0863506,AMAZON,B0CVL8B7HT,,LSTF400GR2PK+RPR44WH2PK,1,29.69,29.69,2026-03-07 11:38:26,amazon Dcvoltage,false
1115459,205-2120114-7549904,AMAZON,B0CKDZZH1L,,PLOTBC+ICST64E2740,3,43.23,14.41,2026-03-07 13:00:08,amazon Ledsone,false
1115460,205-2120114-7549904,AMAZON,B0F29MP4SZ,,PLWLBC,2,29.48,14.74,2026-03-07 13:00:08,amazon Ledsone,false
1115462,205-5214829-4385120,AMAZON,B09B69MRN2,,PLOTBS+LSFT220BS,1,22.99,22.99,2026-03-07 11:44:05,amazon SRM Amazon,false
1115463,026-8273818-1593121,AMAZON,B0CP3GD14W,,LSDO210OR+RPR44WH,3,33.89,11.89,2026-03-07 11:47:17,amazon Dcvoltage,false
1115464,202-9884940-6278769,AMAZON,B08Y96CGVQ,,CRSF100BM+PHRB1PBRPB+PHGP1PBRBM,1,24.89,24.89,2026-03-07 11:54:08,amazon Dcvoltage,false
1115465,202-9884940-6278769,AMAZON,B08Y96BVS2,,LSDG220BG+CGWDWO,1,25.99,25.99,2026-03-07 11:54:08,amazon Dcvoltage,false
1115471,204-3407541-4477909,AMAZON,B0845RYZKW,,LDMG80E274,1,6.49,5.41,2026-03-07 11:50:50,amazon Ledsone,false
1115472,026-8224314-0537952,AMAZON,B0F32XTV5C,,RWWPSN08GY,1,5.78,2.41,2026-03-07 11:55:57,amazon Ledsone,false
1115474,204-8811326-0645120,AMAZON,B08KG9554K,,CL2RHEAPK,1,14.30,15.89,2026-03-07 11:54:11,amazon Dcvoltage,false
1115482,026-0028557-2445153,AMAZON,B0CTC9YQ9S,,ENC4085,3,69.90,25.89,2026-03-07 12:07:58,amazon Dcvoltage,false
1115483,026-9972287-9163501,AMAZON,B0CN3C2M7T,,WCB3RR+RPR44WH,1,9.89,9.89,2026-03-07 12:06:51,amazon Dcvoltage,false
1115489,204-6689119-5990766,AMAZON,B0G57Z7PBB,,ENC641,1,32.89,27.41,2026-03-07 12:17:22,amazon Ledsone,false
1115490,026-9890447-2709919,AMAZON,B0G2YBCMRK,,ENC285,1,18.79,18.79,2026-03-07 12:15:04,amazon Dcvoltage,false
1115499,206-7940166-5043508,AMAZON,B07VVBG326,,CRSF100BM+PHHT1PBRCH+CNT900BM,1,14.69,14.69,2026-03-07 12:36:33,amazon Dcvoltage,false
1115500,205-8341166-9501948,AMAZON,B0C9TWTCZ8,,LSCY210BG+RPR44WH,1,12.89,12.89,2026-03-07 12:36:52,amazon Dcvoltage,false
1115502,203-8177112-6898768,AMAZON,B0FB2VT3P2,,PHSF2BMRYB+SPSDP2BM,1,14.89,12.41,2026-03-07 12:31:35,amazon Ledsone,false
1115523,205-0840047-4852334,AMAZON,B0CC65QCMF,,LSMS320SE+RPR44WH,2,29.98,14.99,2026-03-07 13:04:31,amazon Dcvoltage,false
1115524,205-2120114-7549904,AMAZON,B0F29MP4SZ,,PLWLBC,1,14.74,14.74,2026-03-07 13:00:08,amazon Ledsone,false
1115528,204-9839318-9209139,AMAZON,B0D8HZLL1S,,ENC3538,1,35.89,35.89,2026-03-07 13:11:53,amazon Dcvoltage,false
1115529,205-5919360-1820304,AMAZON,B09BVZC1XT,,WCTBBB,1,41.89,34.91,2026-03-07 13:10:40,amazon Ledsone,false
1115530,205-2212118-0008329,AMAZON,B0CR416LWJ,,MBEX7090BMCPK,1,13.38,11.15,2026-03-07 13:14:57,amazon Ledsone,false
1115531,026-1115216-7530766,AMAZON,B0F28YNDZN,,LSCY290RO+RPR44WH,2,34.75,15.24,2026-03-07 13:18:18,amazon Ledsone,false
1115543,204-4708339-3085145,AMAZON,B0CTT9MRNT,,LSMS320SE+RPR44WH,1,14.99,14.99,2026-03-07 13:31:28,amazon Dcvoltage,false
1115549,204-4051816-6810719,AMAZON,B0D298ZBH2,,LSCY290WH2PK+RPR44WH2PK,1,26.99,22.49,2026-03-07 13:40:25,amazon Ledsone,false
1115550,205-7431163-5692326,AMAZON,B0G4MH1WL6,,ENC9245,1,25.89,21.57,2026-03-07 13:45:31,amazon Ledsone,false
1115552,204-8653475-0928360,AMAZON,B0FZCRB2RS,,LSHM400HE+RPR44WH,1,29.99,29.99,2026-03-07 13:47:06,amazon Dcvoltage,false
1115558,204-2976707-9133139,AMAZON,B0F9VGB8S2,,CL3RGD3PK,1,6.79,5.66,2026-03-07 13:49:46,amazon Ledsone,false
1115559,026-6288804-0339532,AMAZON,B0D9RX7K72,,CRSF100GB3PK,1,15.89,13.24,2026-03-07 13:54:48,amazon Ledsone,false
1115560,202-5293126-3274709,AMAZON,B0C8V28CTZ,,ENC4325,1,32.45,29.07,2026-03-07 13:56:12,amazon Ledsone,false
1115561,202-7514658-0862769,AMAZON,B0C9TWTCZ8,,LSCY210BG+RPR44WH,1,12.89,12.89,2026-03-07 13:55:16,amazon Dcvoltage,false
1115569,026-9513590-1726709,AMAZON,B0FH9MJR4X,,CRFF140CH+PHAH2RCHBW+SPSDP2SN,1,15.29,12.74,2026-03-07 14:06:50,amazon Ledsone,false
1115570,205-5681261-4874708,AMAZON,B0B9HFCMDG,,CL2RWH,4,13.28,3.32,2026-03-07 14:07:31,amazon Ledsone,false
1115572,205-8093442-8445906,AMAZON,B0F48KSRDK,,RWWPSY0680YE,1,9.16,5.89,2026-03-07 14:07:32,amazon Dcvoltage,false
1115577,203-6761005-0084308,AMAZON,B07DH89GTY,,12UK3P2A,1,7.69,6.41,2026-03-07 14:16:22,amazon Ledsone,false
1115586,206-7256843-3379569,AMAZON,B0CM8MSM1C,,ENC5510,1,69.19,57.66,2026-03-07 14:24:42,amazon Ledsone,false
1115594,204-0561954-3902735,AMAZON,B08TRHH7G7,,CRSF100BM+LHNSE27YB+SCRN70BM+LSWD360BM,2,50.92,28.29,2026-03-07 14:33:31,amazon Dcvoltage,false
1115595,203-8380869-7492355,AMAZON,B0D44SB3ZY,,PHSF2GYTCH+ICST64E27,1,15.89,15.89,2026-03-07 14:36:48,amazon Dcvoltage,false
1115596,203-1448723-5418729,AMAZON,B093T47MYR,,LSCY290CO+RPR44WH,1,17.89,14.91,2026-03-07 14:40:04,amazon Ledsone,false
1115602,026-0021322-7306716,AMAZON,B0BP2MLLJJ,,LDMG125E278,2,24.49,10.74,2026-03-07 14:45:48,amazon Ledsone,false
1115610,205-0161479-5081147,AMAZON,B0F28YNDZN,,LSCY290RO+RPR44WH,2,42.25,14.87,2026-03-07 14:51:49,amazon Ledsone,false
1115613,206-5456675-7379567,AMAZON,B0B9Y5MRSK,,CL3TGD5PK,1,13.09,10.91,2026-03-07 15:02:16,amazon Ledsone,false
1115614,205-9562424-7221117,AMAZON,B0C7GL352T,,ENC5167,1,27.49,27.49,2026-03-07 14:53:53,amazon Dcvoltage,false
1115615,026-7541432-0099546,AMAZON,B0CSK56QHX,,STKP48EBR6PK,1,16.79,16.79,2026-03-07 14:53:55,amazon Dcvoltage,false
1115616,206-6049863-1034759,AMAZON,B0DH68KSGY,,CL2TOR2PK,1,6.99,6.99,2026-03-07 14:54:04,amazon Dcvoltage,false
1115617,026-6742284-3082764,AMAZON,B08VGPWXG1,,LSCY290OR+RPR44WH,1,15.49,15.49,2026-03-07 14:59:22,amazon Dcvoltage,false
1115620,206-4235709-1945966,AMAZON,B07FDVJPTV,,CCBC12,1,6.49,6.49,2026-03-07 15:04:53,amazon Dcvoltage,false
1115621,206-4235709-1945966,AMAZON,B07FDXJG55,,CCBC36,1,8.89,8.89,2026-03-07 15:04:53,amazon Dcvoltage,false
1115622,206-4508615-9522718,AMAZON,B0DH69GC9F,,CL2TREAPK,1,18.29,18.29,2026-03-07 15:07:41,amazon Dcvoltage,false
1115628,206-1108727-7435564,AMAZON,B0B8P4R7WF,,LDMA60E278WW2PK,1,10.18,6.07,2026-03-07 15:13:16,amazon Ledsone,false
1115629,202-3800424-9073122,AMAZON,B08XMVSZ1F,,WCB7BC+RPR44WH,1,11.89,11.89,2026-03-07 15:14:57,amazon Dcvoltage,false
1115632,202-2796783-2919520,AMAZON,B0F6V9HH23,,ENC685,1,43.22,43.22,2026-03-07 15:25:24,amazon Ledsone,false
1115633,202-2796783-2919520,AMAZON,B0FPR1ZN7G,,ENC6168,2,32.82,16.41,2026-03-07 15:25:24,amazon Ledsone,false
1115637,202-5075771-4938700,AMAZON,B0CBPSWQ16,,WCB6WH2PK+RPR44WH2PK,1,18.39,18.39,2026-03-07 15:35:32,amazon Dcvoltage,false
1115638,204-1160557-1323544,AMAZON,B093T47MYR,,LSCY290CO+RPR44WH,1,17.89,14.91,2026-03-07 15:38:04,amazon Ledsone,false
1115643,026-8917359-9700337,AMAZON,B0BTTG9TR6,,ENC4390,1,31.52,33.89,2026-03-07 15:42:42,amazon Dcvoltage,false
1115644,204-6168971-9633141,AMAZON,B0DH4KYFPD,,WCDTBM2PK+RPR44WH2PK,1,18.89,15.74,2026-03-07 15:41:40,amazon Ledsone,false
1115645,202-7136046-4719569,AMAZON,B0CGZQV9Y7,,LSMCSPFLMC+RPM40WH,1,24.89,20.74,2026-03-07 15:44:28,amazon Ledsone,false
1115653,026-3449362-9789111,AMAZON,B0B2K81GXH,,LHC5E27WH5PK,1,13.89,11.57,2026-03-07 15:53:55,amazon Ledsone,false
1115654,203-4367734-2496323,AMAZON,B0D29516SS,,LSCY290GB+RPR44WH,1,17.89,14.91,2026-03-07 15:55:41,amazon Ledsone,false
1115655,206-0995020-6906712,AMAZON,B0C8V2H5GL,,ENC4304,1,34.89,29.07,2026-03-07 15:57:51,amazon Ledsone,false
1115662,204-9124486-3921149,AMAZON,B0D56WV9GR,,WCB7BS2PK+RPR44WH2PK,1,18.19,18.19,2026-03-07 15:57:25,amazon Dcvoltage,false
1115663,203-0200249-7517937,AMAZON,B0D9Q668K7,,LSGLCY100BM2PK+RPM40WH2PK,1,18.89,18.89,2026-03-07 16:03:38,amazon Dcvoltage,false
1115664,206-4149671-7357137,AMAZON,B0CNZ3B9FH,,ENC4325,1,41.89,41.89,2026-03-07 16:07:37,amazon Dcvoltage,false
1115665,206-4149671-7357137,AMAZON,B0CNZ34Y4X,,ENC4324,1,36.89,36.89,2026-03-07 16:07:37,amazon Dcvoltage,false
1115671,202-9524929-8275540,AMAZON,B0DH4KYFPD,,WCDTBM2PK+RPR44WH2PK,1,18.89,15.74,2026-03-07 16:13:25,amazon Ledsone,false
1115674,205-1251687-7874709,AMAZON,B0CPBWV37P,,LSCY290BB+RPR44WH,1,15.89,15.89,2026-03-07 16:13:33,amazon Dcvoltage,false
1115688,026-7080125-0097114,AMAZON,B0BTTGM3TT,,ENC4391,1,32.19,32.19,2026-03-07 16:22:12,amazon Dcvoltage,false
1115689,026-7080125-0097114,AMAZON,B0CP7D636F,,ENC4111,1,29.89,29.89,2026-03-07 16:22:12,amazon Dcvoltage,false
1115690,202-6564590-0065148,AMAZON,B0CL1K1T2T,,ENC5521,1,42.89,42.89,2026-03-07 16:30:03,amazon Dcvoltage,false
1115699,203-5727098-4741145,AMAZON,B08XXWLF8P,,WCB2BB+RPR44WH,1,10.70,11.89,2026-03-07 16:38:37,amazon Dcvoltage,false
1115706,205-4987677-2502711,AMAZON,B0F9VDWTYX,,CL3RBM3PK,1,6.79,5.66,2026-03-07 16:47:24,amazon Ledsone,false
1115707,203-8684874-1979547,AMAZON,B0G499B37C,,WCCYSP180WH2PK+RPR44WH2PK,1,24.89,20.74,2026-03-07 16:47:20,amazon Ledsone,false
1115715,203-1273646-8050717,AMAZON,B08Y96MZC3,,CRSF100WH+PHRB1PWRPW+LSGP350WI,1,22.89,22.89,2026-03-07 17:07:21,amazon Dcvoltage,false
1115716,205-0512662-6383544,AMAZON,B0F23SVBVW,,WCBV62BC+SCRN70BM,1,11.08,6.82,2026-03-07 16:45:25,amazon Ledsone,false
1115725,205-5136437-4049926,AMAZON,B0DBLPZSP6,,CL3RWHAPK,1,23.49,23.49,2026-03-07 17:15:17,amazon Dcvoltage,false
1115726,205-5136437-4049926,AMAZON,B0GP7RHSVG,,LHPVHRE27WH2PK,1,6.49,6.49,2026-03-07 17:15:17,amazon Dcvoltage,false
1115737,202-3385916-1880347,AMAZON,B0CBSNKKTM,,CRFF108CO2PK+HK10CO2PK,1,13.89,11.57,2026-03-07 17:24:40,amazon Ledsone,false
1115739,205-9866958-5159567,AMAZON,B0DH5MZ4V2,,CL2TOR3PK,1,7.99,7.99,2026-03-07 17:21:45,amazon Dcvoltage,false
1115740,206-1653418-2122701,AMAZON,B0D56ZN8NP,,WCB7WH2PK+RPR44WH2PK,1,15.89,15.89,2026-03-07 17:21:41,amazon Dcvoltage,false
1115745,202-4010889-6377956,AMAZON,B0FB33GC6K,,LSFC280BT,1,15.39,12.82,2026-03-07 17:32:41,amazon Ledsone,false
1115747,026-2880197-0253942,AMAZON,B093T47MYR,,LSCY290CO+RPR44WH,1,17.89,14.91,2026-03-07 17:32:41,amazon Ledsone,false
1115760,026-8005768-4523561,AMAZON,B0FPWV2SHR,,LDCWT75B22126PK,1,19.49,16.24,2026-03-07 17:23:38,amazon Ledsone,false
1115762,205-9476655-5689148,AMAZON,B0D293PM6V,,LSCY290BC3PK+RPR44WH3PK,1,40.99,34.16,2026-03-07 17:59:12,amazon Ledsone,false
1115764,205-0185203-1555520,AMAZON,B0F8QCPV9Q,,CTBOP22XXL3PK,1,12.89,12.89,2026-03-07 17:56:58,amazon Dcvoltage,false
1115772,205-6309228-6796334,AMAZON,B0BLZFGY38,,LDMG95E274APK,1,32.89,27.41,2026-03-07 18:06:16,amazon Ledsone,false
1115775,203-5944373-3876307,AMAZON,B0CRB19FKT,,CKB876875WH,1,34.99,34.99,2026-03-07 18:03:27,amazon Dcvoltage,false
1115776,206-9121611-5462728,AMAZON,B0DH6B67H8,,CL2TAG3PK,1,7.99,7.99,2026-03-07 18:05:18,amazon Dcvoltage,false
1115787,206-7623497-0220330,AMAZON,B08TX2837H,,LSMS320BI+RPR44WH,1,14.99,14.99,2026-03-07 18:11:43,amazon Dcvoltage,false
1115793,202-8877260-7277942,AMAZON,B0D83PFMTP,,WCDCBM3PK+RPR44WH3PK,1,24.49,24.49,2026-03-07 18:23:45,amazon Dcvoltage,false
1115803,204-2815350-7777145,AMAZON,B0FPR19VW5,,CRSF100BM+LHNSE27BM+SCRN70BM+LSTF40CH,1,13.91,13.91,2026-03-07 18:30:53,amazon Ledsone,false
1115804,204-2815350-7777145,AMAZON,B08S44XNJF,,CRSF100BC+LHNSE27YB+SCRN70BC+LSWD360BC,3,65.46,21.82,2026-03-07 18:30:53,amazon Ledsone,false
1115806,206-3916471-7655537,AMAZON,B0D8L1HQXM,,RWWPSY0660YE,1,5.97,2.99,2026-03-07 18:36:21,amazon Dcvoltage,false
1115810,202-0069445-4493139,AMAZON,B0F945Z6H2,,CL3TAG3PK,1,7.99,6.66,2026-03-07 18:43:10,amazon Ledsone,false
1115812,203-6902463-8201154,AMAZON,B0CQNKMFJH,,PLTFRR+ICST64E2740,1,21.99,21.99,2026-03-07 18:43:43,amazon Dcvoltage,false
1115814,204-8385176-8889114,AMAZON,B0DG29SP2H,,LDMA60E274WW2PK,1,7.99,6.66,2026-03-07 18:52:36,amazon Ledsone,false
1115815,205-7508426-3642742,AMAZON,B0DQD9W4R5,,PHSF1BMTBM3PK,1,23.89,19.91,2026-03-07 18:56:54,amazon Ledsone,false
1115818,205-6838027-2701907,AMAZON,B0CVKZ67VL,,RWWPSY0860YE,1,5.78,2.41,2026-03-07 19:04:20,amazon Ledsone,false
1115826,026-8760033-8175532,AMAZON,B0BY57G4PR,,LSMS320BG+RPR44WH,1,16.79,16.79,2026-03-07 19:16:02,amazon Dcvoltage,false
1115838,203-0763307-1456345,AMAZON,B0G57TF1GT,,CRFF500BM+PHNW1RBM3PK,1,23.89,19.91,2026-03-07 19:21:49,amazon Ledsone,false
1115840,204-8308987-2733905,AMAZON,B0FZCW7KC7,,LSHM300HE+RPR44WH,1,22.99,22.99,2026-03-07 19:27:09,amazon Dcvoltage,false
1115841,203-2505823-2341146,AMAZON,B0F1CX9BKB,,RWWPSY10100YE,1,9.88,6.99,2026-03-07 19:35:46,amazon Dcvoltage,false
1115845,206-6621319-5752354,AMAZON,B0B8DV248K,,CRSF1203BM,1,7.49,6.24,2026-03-07 19:41:13,amazon Ledsone,false
1115846,203-6500737-9105149,AMAZON,B0FH337XY7,,PLADBC,1,49.86,41.55,2026-03-07 19:42:50,amazon Ledsone,false
1115847,202-4478276-2482716,AMAZON,B0D3LY29Z9,,CSBEB6LG+CSBEB6PI,1,9.69,8.07,2026-03-07 19:40:24,amazon Ledsone,false
1115849,206-9527703-6608352,AMAZON,B0C8NJDTJS,,WCDCBM+RPR44WH,1,10.89,9.07,2026-03-07 19:58:17,amazon Ledsone,false
1115850,203-2297438-3598752,AMAZON,B0C43L42DK,,WCDTRE+RPR44WH,1,10.89,9.07,2026-03-07 19:58:00,amazon Ledsone,false
1115851,203-5760459-4562768,AMAZON,B0CFHMCP1L,,LDMST64E2783PK,1,17.89,14.91,2026-03-07 20:00:41,amazon Ledsone,false
1115867,203-3464300-2147525,AMAZON,B0GLGGJD2R,,LSGLFP245GR+RPM40WH,2,31.78,15.89,2026-03-07 20:24:44,amazon Dcvoltage,false
1115869,204-0122358-7535562,AMAZON,B0DKNCKSWK,,LHPHE27YB,1,8.89,8.89,2026-03-07 20:35:33,amazon Dcvoltage,false
1115870,206-5413637-6490712,AMAZON,B0DH6B49KD,,CL2TGL5PK,1,10.09,10.09,2026-03-07 20:39:00,amazon Dcvoltage,false
1115879,202-8109531-3938709,AMAZON,B0FB33GC6K,,LSFC280BT,1,15.39,12.82,2026-03-07 20:55:52,amazon Ledsone,false
1115881,202-7108345-7149921,AMAZON,B0GDDXB14R,,LDMT185E2732PK,1,10.99,9.16,2026-03-07 21:01:56,amazon Ledsone,false
1115882,202-5942363-1421153,AMAZON,B0FPWVFF9W,,LDCWA60HE27126PK,1,11.38,7.07,2026-03-07 21:10:43,amazon Ledsone,false
1115886,205-3702003-5205156,AMAZON,B0CNJS9YHQ,,WCB6WH+RPR44WH,1,10.89,10.89,2026-03-07 21:10:31,amazon Dcvoltage,false
1115887,204-8843142-4402731,AMAZON,B0C7GCTVP5,,LSFT220RR+RPR44WH,2,21.58,10.79,2026-03-07 21:14:54,amazon Dcvoltage,false
1115893,202-8442726-7279528,AMAZON,B0D4YNKTQH,,CRFF140BM+WSWH135BM+LSDO210BG,3,47.57,16.69,2026-03-07 21:44:25,amazon Dcvoltage,false
1115894,205-6102267-3396368,AMAZON,B0CB89662N,,LSSS300CH+RPR44WH,2,23.61,13.89,2026-03-07 21:56:35,amazon Dcvoltage,false
1115895,026-3595016-8354717,AMAZON,B07PM5KN1T,,CL3TGL5PK,1,13.11,13.11,2026-03-07 21:48:40,amazon Dcvoltage,false
1115901,202-2309197-4136363,AMAZON,B095KVLJM4,,CRSF100BM+LHHTE27BM+WCDCBM,2,35.78,14.91,2026-03-07 22:04:19,amazon Ledsone,false
1115902,026-1792174-4356359,AMAZON,B0DH9B4NSC,,CL3TIV3PK,1,7.99,7.99,2026-03-07 22:03:51,amazon Dcvoltage,false
1115906,203-8000883-5281926,AMAZON,B08PDMHBXB,,ENC622,1,37.89,37.89,2026-03-07 22:14:39,amazon Dcvoltage,false
1115908,205-6057559-5914759,AMAZON,B0CZXL6ZYG,,TPOSBDBM,1,25.89,21.57,2026-03-07 22:28:40,amazon Ledsone,false
1115912,206-4019022-3349909,AMAZON,B0DH9D2Z96,,CL3TBUAPK,1,20.99,20.99,2026-03-07 22:37:20,amazon Dcvoltage,false
1115919,203-4214579-3547533,AMAZON,B0C9TQGHKN,,LSCY210RR+RPR44WH,1,14.89,14.89,2026-03-07 22:55:38,amazon Dcvoltage,false
1115920,204-9849636-5056313,AMAZON,B09B7SVCDC,,LSTF40GB+RPR44WH,1,9.89,10.99,2026-03-07 22:58:03,amazon Dcvoltage,false
1115922,206-5125024-2837956,AMAZON,B0CZXL6ZYG,,TPOSBDBM,1,25.89,21.57,2026-03-07 22:52:42,amazon Ledsone,false
1115923,206-0281447-3889916,AMAZON,B0DZ1Z8B9V,,RWWPSY10120YE2PK,1,20.19,16.82,2026-03-07 22:57:56,amazon Ledsone,false
1115926,206-1580574-7534715,AMAZON,B0D59S467K,,WCB1BS2PK+RPR44WH2PK,1,15.89,15.89,2026-03-07 23:06:50,amazon Dcvoltage,false
1115928,206-0805709-9972327,AMAZON,B0D4Y9DKJD,,LDMG95E2786PK,2,36.53,21.49,2026-03-07 23:15:26,amazon Dcvoltage,false
1115929,203-9421492-8950736,AMAZON,B0CBPQH72B,,WCB4BS2PK+RPR44WH2PK,1,15.99,15.99,2026-03-07 23:19:04,amazon Dcvoltage,false
1115931,205-6343277-1708320,AMAZON,B0DBZQHHD2,,WCB2BS+RPR44WH,1,12.68,8.16,2026-03-07 23:12:28,amazon Ledsone,false
1115934,202-6416782-7718701,AMAZON,B0FLXTPL92,,CRSF100YB+PHMH1HERYB,2,17.98,8.99,2026-03-07 23:44:23,amazon SRM Amazon,false
1115936,026-4947318-0414725,AMAZON,B09Z6RHPL3,,CCBC5,1,5.69,4.74,2026-03-07 23:59:58,amazon Ledsone,false
1115938,203-8459070-2979508,AMAZON,B0G499B37C,,WCCYSP180WH2PK+RPR44WH2PK,1,24.89,20.74,2026-03-08 00:17:41,amazon Ledsone,false
1115940,202-8055553-6614744,AMAZON,B08TX2837H,,LSMS320BI+RPR44WH,1,14.99,14.99,2026-03-08 01:19:02,amazon Dcvoltage,false
1115941,204-8823421-5408332,AMAZON,B0C8NJDTJS,,WCDCBM+RPR44WH,1,10.89,9.07,2026-03-08 01:21:20,amazon Ledsone,false
1115944,203-7184709-1045147,AMAZON,B08X73HBD1,,PLTEBS,1,17.89,17.89,2026-03-08 01:35:50,amazon Dcvoltage,false
1116007,205-4515710-1595506,AMAZON,B0F1CZT27Y,,RWWPSY0860YE,1,2.89,2.89,2026-03-08 05:44:40,amazon Dcvoltage,false
1116008,205-4515710-1595506,AMAZON,B0F1D3FS5C,,RWWPSY0660YE,1,2.99,2.99,2026-03-08 05:44:40,amazon Dcvoltage,false
1116012,026-3980120-9905111,AMAZON,B0FB3ZBZP1,,LDMC35E144APK,2,89.49,39.25,2026-03-08 06:12:57,amazon Ledsone,false
1116014,026-6538556-0643530,AMAZON,B0DBWL4YQ5,,CL2RAGAPK,1,15.99,15.99,2026-03-08 06:29:34,amazon Dcvoltage,false
1116031,203-6739871-7978741,AMAZON,B0DH4KYFPD,,WCDTBM2PK+RPR44WH2PK,1,18.89,15.74,2026-03-08 07:40:39,amazon Ledsone,false
1116033,202-9978666-1684341,AMAZON,B0D7ZTRLBH,,LSCY290BM2PK+RPR44WH2PK,1,27.89,23.24,2026-03-08 07:44:08,amazon Ledsone,false
1116056,205-1303042-2265951,AMAZON,B0BWJWGXD4,,LSCY210BG+RPR44WH,2,21.23,12.49,2026-03-08 08:45:33,amazon Dcvoltage,false
1116069,206-4606799-4499530,AMAZON,B0CBLWW4NG,,WCVCBM2PK+RPR44WH2PK,1,17.89,17.89,2026-03-08 08:52:26,amazon Dcvoltage,false
1116074,026-9883646-2216322,AMAZON,B0DZF3XCVB,,CL2RCR2PK,1,5.99,4.99,2026-03-08 09:02:02,amazon Ledsone,false
1116075,202-5810162-6305968,AMAZON,B0D47L1JL2,,WJB2,2,8.89,2.50,2026-03-08 09:02:35,amazon Ledsone,false
1116077,026-6859986-5202755,AMAZON,B0743GYD52,,CO332AGYAPK,1,5.88,2.49,2026-03-08 09:04:28,amazon Ledsone,false
1116080,202-1742589-7411567,AMAZON,B0CNTDZQT7,,WCB825BM+RPR44WH,1,9.89,9.89,2026-03-08 09:03:11,amazon Dcvoltage,false
1116081,205-1261104-8475502,AMAZON,B0DH6FPVYK,,CL2TCRAPK,1,18.29,18.29,2026-03-08 09:06:31,amazon Dcvoltage,false
1116088,026-5348108-5894753,AMAZON,B0DCBQ3ZDY,,WLFS2202BM,1,29.89,24.91,2026-03-08 09:13:23,amazon Ledsone,false
1116101,026-4788622-1289962,AMAZON,B0FPQYLY9M,,ENC6167,1,19.69,16.41,2026-03-08 09:36:44,amazon Ledsone,false
1116102,204-4231452-5327502,AMAZON,B0D6YF7VPY,,CCGNNWE48,1,10.89,10.89,2026-03-08 09:30:47,amazon Dcvoltage,false
1116103,205-5788999-8775544,AMAZON,B0CPBXK43C,,LSCY290NB+RPR44WH,1,16.09,16.09,2026-03-08 09:33:26,amazon Dcvoltage,false
1116110,204-7101866-1916357,AMAZON,B0GDCN4LCW,,LDMT185E2736PK,1,20.99,17.49,2026-03-08 09:38:55,amazon Ledsone,false
1116111,202-3540009-4676338,AMAZON,B092DTV4GG,,PHCH1FBRBM+LSCY290BI,1,20.79,17.32,2026-03-08 09:48:52,amazon Ledsone,false
1116119,026-4710190-2145117,AMAZON,B0B71H28P7,,CRSF100RO,1,8.88,4.99,2026-03-08 09:49:26,amazon Ledsone,false
1116135,203-4395008-5585948,AMAZON,B0FQVK88R8,,ENC9103,1,24.89,24.89,2026-03-08 10:12:20,amazon Dcvoltage,false
1116144,205-7410766-5449947,AMAZON,B0BB3NVM9D,,CL2RGD5PK,1,13.89,11.57,2026-03-08 10:23:50,amazon Ledsone,false
1116145,205-3589278-8102708,AMAZON,B0DP2T9DV4,,CRSF100RE+PHCH1PWRSRE+LSCY290RE,4,82.40,19.07,2026-03-08 10:27:13,amazon Ledsone,false
1116146,202-6365296-1026758,AMAZON,B097DW1ZGK,,CBSF50,1,5.89,4.91,2026-03-08 10:26:02,amazon Ledsone,false
1116152,202-4922919-2055529,AMAZON,B0CLGV6R1L,,CRFF140CO2PK+WSFSCO2PK+ICST64E272PK,1,24.89,20.74,2026-03-08 10:33:43,amazon Ledsone,false
1116153,205-8583814-1922705,AMAZON,B0CK7ZQFXV,,CRFF500BM+PHBK1PBRBA3PK+ICST64E273PK,1,36.39,30.32,2026-03-08 10:37:17,amazon Ledsone,false
1116161,202-8132852-9685965,AMAZON,B09M42QJCS,,LDMG125E2785PK,1,27.89,27.89,2026-03-08 10:41:45,amazon Dcvoltage,false
1116167,202-1946775-2527554,AMAZON,B0D29516SS,,LSCY290GB+RPR44WH,2,35.78,14.91,2026-03-08 10:56:20,amazon Ledsone,false
1116175,026-8686964-8809969,AMAZON,B0GDDFC6TS,,LDMT185E2733PK,1,13.99,11.66,2026-03-08 10:59:54,amazon Ledsone,false
1116177,203-9304497-5735558,AMAZON,B0DX784TX6,,CERU80300BM,1,7.88,4.16,2026-03-08 11:03:07,amazon Ledsone,false
1116179,202-1101733-7920325,AMAZON,B0BLZHCRGZ,,LDMG95E2746PK,1,24.59,20.49,2026-03-08 11:01:45,amazon Ledsone,false
1116183,202-3281413-0081153,AMAZON,B0C4LWJMCS,,LSLC180BM+RPR44WH,1,11.89,9.91,2026-03-08 11:11:32,amazon Ledsone,false
1116184,202-0993297-5493944,AMAZON,B0CKSTLS8P,,CRFF75SN,1,9.78,5.74,2026-03-08 11:18:24,amazon Ledsone,false
1116191,026-2422398-5609148,AMAZON,B08XWSBPHW,,WCB1BM+RPR44WH,1,10.69,10.69,2026-03-08 11:22:58,amazon Dcvoltage,false
1116198,206-0272696-9619523,AMAZON,B084YRK8TB,,WSIWGY,1,16.89,14.07,2026-03-08 11:36:54,amazon Ledsone,false
1116199,205-3393729-4734767,AMAZON,B0DH65LQ8H,,CL2TBU3PK,1,7.99,7.99,2026-03-08 11:32:46,amazon Dcvoltage,false
1116208,026-1534915-1131555,AMAZON,B0DSBP4962,,PLTFBC+ICST64E2740,1,19.79,19.79,2026-03-08 11:42:57,amazon Dcvoltage,false
1116210,202-2344489-6216344,AMAZON,B07CWS93WM,,LDMG95B224,1,7.29,7.29,2026-03-08 11:39:58,amazon Dcvoltage,false
1116211,204-3087458-1026711,AMAZON,B0BVJ34G6G,,CRSF100CO+PHMU1PBRCO+LSDM220CO,3,68.34,23.98,2026-03-08 11:47:15,amazon Dcvoltage,false
1116217,206-9651585-3847508,AMAZON,B0CG21CP4J,,CRFF108BM+LHTKE27BA,1,10.99,9.16,2026-03-08 11:56:26,amazon Ledsone,false
1116220,026-5982560-6138729,AMAZON,B0DH623GPF,,CL2TBM2PK,1,6.99,6.99,2026-03-08 11:52:20,amazon Dcvoltage,false
1116228,203-9802193-4392323,AMAZON,B08X6KMXTC,,PLTEBM,1,19.89,19.89,2026-03-08 12:07:03,amazon Dcvoltage,false
1116232,204-1608230-6290752,AMAZON,B0BWJWGXD4,,LSCY210BG+RPR44WH,4,42.47,12.49,2026-03-08 12:09:23,amazon Dcvoltage,false
1116237,203-2806966-0782762,AMAZON,B0CG3GTY9C,,WSOSBDBM,1,21.69,18.07,2026-03-08 12:10:32,amazon Ledsone,false
1116248,203-9527632-5065111,AMAZON,B08XWSBPHW,,WCB1BM+RPR44WH,2,21.38,10.69,2026-03-08 12:15:11,amazon Dcvoltage,false
1116260,026-3030987-7792336,AMAZON,B09LHRCHKW,,CRSF1203WH+PHTT1PWRGY3PK+SPSPWH3PK,2,41.59,18.24,2026-03-08 12:37:25,amazon Ledsone,false
1116266,203-9216135-5645948,AMAZON,B0CXX5K5LC,,WCDTGD2PK+RPR44WH2PK,2,34.49,20.29,2026-03-08 12:41:57,amazon Dcvoltage,false
1116267,203-3146177-9393909,AMAZON,B0DG2BN5YP,,LDMA60E274WW5PK,1,18.89,15.74,2026-03-08 12:43:06,amazon Ledsone,false
1116279,204-5186507-6301128,AMAZON,B07F9R3GVS,,LDMG95E278,1,8.19,8.19,2026-03-08 12:51:09,amazon Dcvoltage,false
1116280,026-1005380-7265915,AMAZON,B0DFBMF3Q2,,WCDTRO3PK+RPR44WH3PK,1,24.29,24.29,2026-03-08 12:54:10,amazon Dcvoltage,false
1116281,203-7141422-8393920,AMAZON,B0GL73MNG3,,ENC3291,1,20.89,17.41,2026-03-08 12:50:10,amazon Ledsone,false
1116285,026-3988056-5007520,AMAZON,B0FNWFF268,,LSWD360BG+RPR44WH,2,39.38,16.41,2026-03-08 13:04:41,amazon Ledsone,false
1116286,203-4694419-2913968,AMAZON,B0DTQ2P2B4,,LDMST64E274,1,6.89,5.74,2026-03-08 13:05:39,amazon Ledsone,false
1116287,205-5027079-3026748,AMAZON,B0DMF2KF74,,ENC9307,2,54.58,22.74,2026-03-08 13:02:56,amazon Ledsone,false
1116289,204-6980702-6654703,AMAZON,B08DK8221B,,LSSS300YE+RPR44WH,1,13.49,13.49,2026-03-08 13:08:42,amazon SRM Amazon,false
1116294,205-1112641-5668361,AMAZON,B0CBKFJ1FB,,PHSF2GDTFG+SPSDP2YB,1,15.69,13.07,2026-03-08 13:04:29,amazon Ledsone,false
1116303,026-8436662-2412307,AMAZON,B0CXPV77DK,,LSCY290BL2PK+RPR44WH2PK,1,25.89,25.89,2026-03-08 13:27:22,amazon Dcvoltage,false
1116304,205-2326157-7746744,AMAZON,B0DZ22YF8C,,RWWPSY08120YE2PK,1,16.89,14.07,2026-03-08 13:20:26,amazon Ledsone,false
1116305,202-9764367-8191518,AMAZON,B0DJVSWSR7,,ENC7758,1,41.89,34.91,2026-03-08 13:20:42,amazon Ledsone,false
1116306,202-0851486-1831551,AMAZON,B0F9YNBRZD,,LSMS320BG+RPR44WH,1,16.89,14.07,2026-03-08 13:36:59,amazon Ledsone,false
1116308,203-8851156-5937939,AMAZON,B0F1CW7TY1,,WCB3RR3PK+RPR44WH3PK,1,13.41,11.17,2026-03-08 13:30:44,amazon Ledsone,false
1116313,202-3883207-5908353,AMAZON,B08TX216Y4,,LSMS320CB+RPR44WH,1,14.99,14.99,2026-03-08 13:43:06,amazon Dcvoltage,false
1116314,203-5298146-6152339,AMAZON,B093T47MYR,,LSCY290CO+RPR44WH,1,17.89,14.91,2026-03-08 13:45:06,amazon Ledsone,false
1116315,206-7936877-2180339,AMAZON,B0C3ZT8HVF,,LSCY290BI+RPR44WH,1,15.89,13.24,2026-03-08 13:47:57,amazon Ledsone,false
1116316,206-4648091-5390751,AMAZON,B0DH4KYFPD,,WCDTBM2PK+RPR44WH2PK,1,18.89,15.74,2026-03-08 13:50:30,amazon Ledsone,false
1116319,204-6914026-9844324,AMAZON,B0DYT146SS,,RWWPSY0680YE,1,5.78,2.41,2026-03-08 13:52:33,amazon Ledsone,false
1116320,204-4690161-8827511,AMAZON,B0BVJ2CQ2Q,,CRSF100GB+PHMU1PBRGB+LSDM220GB,1,23.99,23.99,2026-03-08 13:53:55,amazon Dcvoltage,false
1116324,206-0078853-7542768,AMAZON,B0F23SVBVW,,WCBV62BC+SCRN70BM,3,24.57,6.82,2026-03-08 13:59:40,amazon Ledsone,false
1116328,204-7722652-1132331,AMAZON,B0CC9G4XKH,,LSDM220GB+RPR44WH,1,12.89,12.89,2026-03-08 14:17:12,amazon Dcvoltage,false
1116329,203-0232700-5585151,AMAZON,B0DG29SP2H,,LDMA60E274WW2PK,2,15.98,6.66,2026-03-08 14:09:28,amazon Ledsone,false
1116330,203-0451929-0393128,AMAZON,B0CW1TB57F,,RWWPSY0660YE,1,5.78,2.41,2026-03-08 14:10:23,amazon Ledsone,false
1116339,205-0561490-5275542,AMAZON,B07PM47G6N,,CL3TAG5PK,1,12.79,12.79,2026-03-08 14:23:53,amazon Dcvoltage,false
1116340,203-7999660-5165135,AMAZON,B0GP139NG9,,LHXWPE27PPWH2PK,1,9.89,8.24,2026-03-08 14:21:50,amazon Ledsone,false
1116341,026-7677286-4746722,AMAZON,B07DHKGWGZ,,LDMG80E274,1,6.49,5.41,2026-03-08 14:23:28,amazon Ledsone,false
1116346,205-9082870-0265108,AMAZON,B0DJBS759W,,HLRK45BM2PK,1,8.78,4.91,2026-03-08 14:30:33,amazon Ledsone,false
1116347,205-3448686-7273913,AMAZON,B0FQVDFF8N,,CRFF108BM+PHRI1PBRBA+LSCY290BG,1,24.89,24.89,2026-03-08 14:28:31,amazon Dcvoltage,false
1116350,202-1823745-0966729,AMAZON,B093DL7MGB,,CL2TBRAPK,1,23.49,19.57,2026-03-08 14:39:33,amazon Ledsone,false
1116351,204-7573616-1281911,AMAZON,B0DZNLF6LK,,RWWPSY10GY,1,5.38,2.07,2026-03-08 14:43:57,amazon Ledsone,false
1116352,202-5497510-1429965,AMAZON,B07HRDKFG6,,CCBKNWE25,1,7.99,7.99,2026-03-08 14:42:18,amazon Dcvoltage,false
1116353,204-0815234-6456366,AMAZON,B0FPQZHKXS,,LDCWT75B22122PK,1,15.89,13.24,2026-03-08 14:49:31,amazon Ledsone,false
1116355,204-1359446-0299511,AMAZON,B0B7KCXV72,,CRFF105GB,3,26.37,7.32,2026-03-08 14:56:58,amazon Ledsone,false
1116356,206-2906369-2789901,AMAZON,B0965HZJGN,,ENC686,1,58.89,58.89,2026-03-08 14:54:24,amazon Dcvoltage,false
1116357,205-5915562-0012328,AMAZON,B0DMDV1BF9,,ENC9307,1,27.89,27.89,2026-03-08 14:59:17,amazon Dcvoltage,false
1116366,026-7557656-2435504,AMAZON,B07GJRJN69,,24IP6730,1,12.89,12.89,2026-03-08 15:03:08,amazon Dcvoltage,false
1116367,026-0369882-1133964,AMAZON,B0DBLQKJKZ,,CL3RROAPK,1,23.49,23.49,2026-03-08 15:05:39,amazon Dcvoltage,false
1116368,026-0369882-1133964,AMAZON,B0CBKKB2RY,,WCDTRO2PK+RPR44WH2PK,2,37.78,18.89,2026-03-08 15:05:39,amazon Dcvoltage,false
1116370,203-9537385-5616313,AMAZON,B09475XCMR,,LDMG95E278,1,6.99,5.82,2026-03-08 15:05:46,amazon Ledsone,false
1116371,204-9907238-1293155,AMAZON,B0845RYZKW,,LDMG80E274,1,6.49,5.41,2026-03-08 15:06:08,amazon Ledsone,false
1116380,204-2751127-3846763,AMAZON,B08B1N1LJT,,CRSF100CO+LHNSE27CO+SCRN70CO+LSTF40CO,1,16.89,16.89,2026-03-08 15:16:34,amazon Dcvoltage,false
1116387,026-8260142-2383543,AMAZON,B0C5TGB9R1,,IMCWEPK,1,19.48,19.48,2026-03-08 15:24:35,amazon Dcvoltage,false
1116388,026-4078764-0295537,AMAZON,B098QLN1W3,,CCBC7,1,5.89,4.91,2026-03-08 15:19:14,amazon Ledsone,false
1116396,203-3512776-9891518,AMAZON,B0F9VF3XSY,,CL3RBR3PK,1,6.79,5.66,2026-03-08 15:31:12,amazon Ledsone,false
1116397,204-3955093-2357112,AMAZON,B08XBQ6VPT,,PSDS4BMRBR,1,14.17,14.17,2026-03-08 15:29:28,amazon Dcvoltage,false
1116398,204-8488983-5445168,AMAZON,B0DH9BRNQ7,,CL3THE3PK,1,10.88,7.99,2026-03-08 15:33:26,amazon Dcvoltage,false
1116399,202-0600647-3391541,AMAZON,B0BY57G4PR,,LSMS320BG+RPR44WH,1,16.79,16.79,2026-03-08 15:33:56,amazon Dcvoltage,false
1116416,204-6113646-2013944,AMAZON,B093T47MYR,,LSCY290CO+RPR44WH,2,33.99,14.91,2026-03-08 15:52:24,amazon Ledsone,false
1116418,202-5770717-9851564,AMAZON,B0GCZ9ZLXK,,CRSF1203WH,1,10.38,6.24,2026-03-08 15:56:44,amazon Ledsone,false
1116439,206-4340156-5284302,AMAZON,B0DG29SP2H,,LDMA60E274WW2PK,2,15.98,6.66,2026-03-08 16:15:06,amazon Ledsone,false
1116444,205-9651058-0575560,AMAZON,B0C37PWHDM,,CRFF105WH,1,10.78,6.57,2026-03-08 16:19:48,amazon Ledsone,false
1116446,204-5152924-7720302,AMAZON,B0GCZG4XFD,,CRSF120WH,4,22.38,4.91,2026-03-08 16:26:05,amazon Ledsone,false
1116449,202-3907460-8485129,AMAZON,B0DH9H89G1,,CL3TGLAPK,1,20.99,20.99,2026-03-08 16:23:29,amazon Dcvoltage,false
1116450,206-8703744-6591500,AMAZON,B0DDTSZD6F,,LSEL400GY+RPR44WH,1,18.89,18.89,2026-03-08 16:21:44,amazon Dcvoltage,false
1116451,205-3368730-4653162,AMAZON,B07CLM7QWZ,,12IP20240,1,19.89,19.89,2026-03-08 16:29:00,amazon Dcvoltage,false
1116459,205-1975493-2718738,AMAZON,B0B8P49KHN,,LDA60B224WW,1,5.99,4.99,2026-03-08 16:30:06,amazon Ledsone,false
1116460,204-5808267-2505913,AMAZON,B093H8YG8Z,,LSMS320GY+RPR44WH,1,14.99,12.49,2026-03-08 16:31:05,amazon Ledsone,false
1116463,205-9622916-5493158,AMAZON,B0DG29SP2H,,LDMA60E274WW2PK,1,7.99,6.66,2026-03-08 16:36:01,amazon Ledsone,false
1116464,202-7824470-5310761,AMAZON,B09M453CVQ,,CRSF100GB+WSLS170GB+LSFT220GB,2,37.78,15.74,2026-03-08 16:36:24,amazon Ledsone,false
1116470,203-2150770-0953148,AMAZON,B0CGD9N7BV,,CRSF100WH+PHRY2PCRWH+LDST45E274,1,17.47,14.56,2026-03-08 16:40:30,amazon Ledsone,false
1116471,205-8216060-1698763,AMAZON,B0CGRPTT6W,,CRSF100BM+PHRYWP2RBM,3,34.17,9.99,2026-03-08 16:42:53,amazon Ledsone,false
1116472,204-1607873-3734712,AMAZON,B0DX6TP9TZ,,CENU36300WH,3,9.26,1.66,2026-03-08 16:44:34,amazon Ledsone,false
1116473,206-2474368-9012364,AMAZON,B0946ZK6D8,,CRSF100CO+PHMU1PBRCO+LSDO210BC+ICST64E27,1,19.53,18.08,2026-03-08 16:45:05,amazon Ledsone,false
1116474,026-4365760-7076342,AMAZON,B0B9Y5MRSK,,CL3TGD5PK,1,13.09,10.91,2026-03-08 16:45:14,amazon Ledsone,false
1116475,203-0416215-0197167,AMAZON,B0F9X37ZPM,,LSFT220YB+RPR44WH,1,10.89,9.07,2026-03-08 16:45:35,amazon Ledsone,false
1116476,205-4982303-7918753,AMAZON,B092SMYD2L,,PLWCBS,2,45.87,20.12,2026-03-08 16:46:15,amazon Ledsone,false
1116477,205-3882969-9391516,AMAZON,B0DHVK1N58,,LHSHE27BA,1,6.89,6.89,2026-03-08 16:51:11,amazon Dcvoltage,false
1116482,206-1952668-5577936,AMAZON,B0F48KSRDK,,RWWPSY0680YE,1,9.16,5.89,2026-03-08 16:57:40,amazon Dcvoltage,false
1116483,203-9329080-3301918,AMAZON,B096FR3CD5,,ENC1509,1,66.78,43.81,2026-03-08 16:58:54,amazon Dcvoltage,false
1116484,203-7743940-7727502,AMAZON,B0D5CM7CYS,,LDCWB22152PK,1,12.39,10.32,2026-03-08 16:51:45,amazon Ledsone,false
1116485,205-4279177-1161148,AMAZON,B0DG29SP2H,,LDMA60E274WW2PK,1,7.99,6.66,2026-03-08 16:51:52,amazon Ledsone,false
1116493,203-5666981-1039530,AMAZON,B0DPZZDXJ1,,PHSF2BMRBM2PK+SPSDP2BM2PK+ICST64E272PK,1,32.79,27.32,2026-03-08 17:01:39,amazon Ledsone,false
1116494,203-4956534-3823552,AMAZON,B0BWTY1TRR,,LSCP150GY+RPR44WH,1,11.89,11.89,2026-03-08 17:04:54,amazon Dcvoltage,false
1116504,203-2481306-1087511,AMAZON,B0DH68WNYV,,CL2TGY5PK,1,10.09,10.09,2026-03-08 17:14:58,amazon Dcvoltage,false
1116510,026-6717440-3745906,AMAZON,B0CQNKYM5S,,PLTTBS+WCBNBS,2,49.78,24.89,2026-03-08 17:23:36,amazon Dcvoltage,false
1116511,202-0279540-2140322,AMAZON,B07CJHL38X,,12IP20360,1,18.00,18.00,2026-03-08 17:24:27,amazon Dcvoltage,false
1116516,202-2706450-2340305,AMAZON,B0BLP2VGSC,,LDMST64E278APK,1,30.89,25.74,2026-03-08 17:23:56,amazon Ledsone,false
1116531,203-2792962-0173949,AMAZON,B0DBLP4QQ3,,CL3RBM5PK,1,13.49,13.49,2026-03-08 17:32:24,amazon Dcvoltage,false
1116532,206-4770010-2320340,AMAZON,B0D9Q283Y5,,PHCT80YBCYB,1,13.85,15.39,2026-03-08 17:35:10,amazon Dcvoltage,false
1116533,206-2361855-7961119,AMAZON,B08XBYXQC6,,CL3TBRAPK,1,19.99,19.99,2026-03-08 17:30:09,amazon Dcvoltage,false
1116534,203-4466604-1248354,AMAZON,B0C2Q51QDC,,CRSF100WH+PHRB1PBRWH+CGWDWO+LSWE315YE,1,20.89,17.41,2026-03-08 17:31:51,amazon Ledsone,false
1116535,206-5877643-6729116,AMAZON,B0FC62KTT6,,PSDS4WHBWH,1,14.17,11.81,2026-03-08 17:34:35,amazon Ledsone,false
1116536,026-1242980-7358753,AMAZON,B0B9Y59487,,CL3TBR5PK,1,13.79,11.49,2026-03-08 17:32:39,amazon Ledsone,false
1116544,202-5713604-3793915,AMAZON,B0B9Y5MRSK,,CL3TGD5PK,1,13.09,10.91,2026-03-08 17:36:33,amazon Ledsone,false
1116546,203-5677375-6541900,AMAZON,B0CN31R9YM,,WCB4BM+RPR44WH,1,8.89,8.89,2026-03-08 17:39:10,amazon Dcvoltage,false
1116547,204-8489330-7755565,AMAZON,B0F1CX6BYH,,RWWPSY0680YE,1,6.36,3.09,2026-03-08 17:40:35,amazon Dcvoltage,false
1116548,026-3443405-5391546,AMAZON,B09JVQ6VXT,,LDSG95DIE2743PK,1,24.89,24.89,2026-03-08 17:42:40,amazon Dcvoltage,false
1116553,206-6417296-8921949,AMAZON,B0CBKGJFPJ,,PHSF2GDTFG+SPSDP2YB+LDMST64E276,1,17.79,14.82,2026-03-08 17:55:39,amazon Ledsone,false
1116554,204-7577502-6401941,AMAZON,B0DH64L6PN,,CL2TGD5PK,1,10.09,10.09,2026-03-08 17:52:14,amazon Dcvoltage,false
1116561,202-5779011-1527523,AMAZON,B0CLCSVJB1,,LP3DRC122PK,2,41.78,18.32,2026-03-08 18:09:34,amazon Ledsone,false
1116570,202-7872623-7070742,AMAZON,B0CC9HMRPL,,LSDM220CO+RPR44WH,1,11.39,11.39,2026-03-08 18:13:13,amazon Dcvoltage,false
1116571,203-3630516-5746748,AMAZON,B0CPBXK43C,,LSCY290NB+RPR44WH,1,16.09,16.09,2026-03-08 18:14:18,amazon Dcvoltage,false
1116572,205-0706420-6617160,AMAZON,B0D3X4WHGV,,CCBKNWE482PK,1,16.99,14.16,2026-03-08 18:16:20,amazon Ledsone,false
1116573,205-3619506-4021159,AMAZON,B0DQDBNJQ8,,PHSF1ROTRO3PK,1,22.89,19.07,2026-03-08 18:16:45,amazon Ledsone,false
1116586,205-6506563-1165922,AMAZON,B0B71MJFDZ,,CRSF100BM,2,14.27,4.99,2026-03-08 18:16:09,amazon Ledsone,false
1116588,203-7034601-3148303,AMAZON,B0DDBY9LDM,,LSDO400BYI+RPR44WH,1,18.89,18.89,2026-03-08 18:27:51,amazon Dcvoltage,false
1116599,026-5965290-0712365,AMAZON,B0B7KCXV72,,CRFF105GB,1,11.68,7.32,2026-03-08 18:32:01,amazon Ledsone,false
1116600,026-9772896-6388327,AMAZON,B0CGD98GVG,,CRSF100WH+PHRY2PCRWH,1,14.17,11.81,2026-03-08 18:36:24,amazon Ledsone,false
1116601,204-8723750-8133161,AMAZON,B08TX2837H,,LSMS320BI+RPR44WH,1,14.99,14.99,2026-03-08 18:34:16,amazon Dcvoltage,false
1116602,202-4809033-5772334,AMAZON,B0D6B5DGFC,,SPSDP2BM3PK,1,14.39,14.39,2026-03-08 18:35:56,amazon Dcvoltage,false
1116609,203-4569998-8229121,AMAZON,B07CVWQ2WY,,LDMT45B2242PK,1,6.99,6.99,2026-03-08 18:40:43,amazon Dcvoltage,false
1116610,206-0904931-3423558,AMAZON,B08XC363RP,,CL3TROAPK,1,19.99,19.99,2026-03-08 18:42:07,amazon Dcvoltage,false
1116612,202-7800072-1183509,AMAZON,B0CN6YKTHK,,LDMST64E2743PK,1,17.59,12.41,2026-03-08 18:41:52,amazon Ledsone,false
1116613,204-3722504-9835503,AMAZON,B0F2GGDBJ1,,RWT460YE,1,10.48,6.32,2026-03-08 18:43:02,amazon Ledsone,false
1116614,205-6676987-4088352,AMAZON,B0CBK9X19J,,PHSF2GDRYB+SPSDP2YB,1,15.69,13.07,2026-03-08 18:43:39,amazon Ledsone,false
1116622,204-7998901-1351519,AMAZON,B07PM6VXCG,,CL3TBK5PK,1,13.04,13.04,2026-03-08 18:50:55,amazon Dcvoltage,false
1116623,202-2845713-8109149,AMAZON,B0DH997R9T,,CL3TBWAPK,1,20.99,20.99,2026-03-08 18:55:31,amazon Dcvoltage,false
1116625,026-9291493-7350718,AMAZON,B0CBPSWQ16,,WCB6WH2PK+RPR44WH2PK,1,18.39,18.39,2026-03-08 18:55:12,amazon Dcvoltage,false
1116632,204-1492798-5518755,AMAZON,B0D5711PRY,,WCB6BM2PK+RPR44WH2PK,1,15.79,15.79,2026-03-08 19:02:24,amazon Dcvoltage,false
1116650,206-0734244-0757169,AMAZON,B0DFBMF3Q2,,WCDTRO3PK+RPR44WH3PK,1,24.29,24.29,2026-03-08 19:17:34,amazon Dcvoltage,false
1116651,206-8358687-3201942,AMAZON,B0D9RWJGZY,,ENC7502,1,38.79,38.79,2026-03-08 19:17:27,amazon Dcvoltage,false
1116657,202-6310563-3747509,AMAZON,B0DH4KYFPD,,WCDTBM2PK+RPR44WH2PK,1,18.89,15.74,2026-03-08 19:19:45,amazon Ledsone,false
1116658,206-1816832-9777159,AMAZON,B09LHRCHKW,,CRSF1203WH+PHTT1PWRGY3PK+SPSPWH3PK,1,21.89,18.24,2026-03-08 19:24:07,amazon Ledsone,false
1116659,204-1430128-2194724,AMAZON,B0DV5DF7H5,,ENC8216,1,38.99,32.49,2026-03-08 19:27:23,amazon Ledsone,false
1116662,026-6249217-3513139,AMAZON,B0CBRL28PQ,,PHDH1HETHE,1,18.89,18.89,2026-03-08 19:26:52,amazon Dcvoltage,false
1116663,205-2065117-6557901,AMAZON,B07ZFWL5T1,,CRFF100GB+LHNSE27GB,1,13.89,13.89,2026-03-08 19:28:11,amazon Dcvoltage,false
1116664,205-0122551-5205975,AMAZON,B07WG26Z76,,CRSF1203BM,1,10.78,7.89,2026-03-08 19:27:52,amazon Dcvoltage,false
1116665,026-3925865-0519516,AMAZON,B0CBPQH72B,,WCB4BS2PK+RPR44WH2PK,1,19.68,15.99,2026-03-08 19:28:27,amazon Dcvoltage,false
1116672,202-2579736-9808363,AMAZON,B0D6B37R55,,SPSDP2BM2PK,1,11.09,11.09,2026-03-08 19:40:11,amazon Dcvoltage,false
1116673,026-6105206-3436316,AMAZON,B0DCG9KCPL,,LHTRE27RO2PK,1,14.39,11.99,2026-03-08 19:33:11,amazon Ledsone,false
1116674,203-7828976-5144308,AMAZON,B0DTPTMQHQ,,LSCY290YE+RPR44WH,2,30.19,13.24,2026-03-08 19:33:48,amazon Ledsone,false
1116681,204-4875915-9825937,AMAZON,B07PM4RK27,,CL3TWH5PK,1,11.79,11.79,2026-03-08 19:44:11,amazon Dcvoltage,false
1116690,202-5598606-1421916,AMAZON,B08P7QV151,,WCDTGD+RPR44WH,1,11.69,11.69,2026-03-08 19:52:50,amazon Dcvoltage,false
1116692,204-0219137-8232368,AMAZON,B0DCZJVNNM,,CL2TCR5PK,2,26.77,11.74,2026-03-08 19:50:12,amazon Ledsone,false
1116695,203-2240709-9895552,AMAZON,B0DNK1VRD2,,ENC5359,1,29.89,24.91,2026-03-08 19:58:22,amazon Ledsone,false
1116706,026-0494996-5041933,AMAZON,B0F2919THD,,LSCY290CO+RPR44WH,1,18.29,15.24,2026-03-08 20:03:14,amazon Ledsone,false
1116707,202-3461848-0091555,AMAZON,B0CKF9VPDR,,LDLIE27RD4,1,7.89,6.57,2026-03-08 19:59:25,amazon Ledsone,false
1116710,202-6312211-8603530,AMAZON,B0GLHFR7KV,,LDMT185E2742PK,1,12.99,12.99,2026-03-08 20:00:42,amazon Dcvoltage,false
1116712,026-3614867-6548351,AMAZON,B0DH952KYG,,CL3TBU5PK,1,11.99,11.99,2026-03-08 20:07:55,amazon Dcvoltage,false
1116714,204-5722186-7540332,AMAZON,B0CNJX1DV8,,WCB7WH+RPR44WH,3,24.87,8.29,2026-03-08 20:11:21,amazon Dcvoltage,false
1116715,202-5950785-1291548,AMAZON,B0FQVDFF8N,,CRFF108BM+PHRI1PBRBA+LSCY290BG,3,74.67,24.89,2026-03-08 20:11:07,amazon Dcvoltage,false
1116721,206-5446525-2269906,AMAZON,B0DH64T3YC,,CL2TIVAPK,3,59.97,19.99,2026-03-08 20:11:27,amazon Dcvoltage,false
1116727,203-5327103-0074759,AMAZON,B0CG3GTY9C,,WSOSBDBM,1,21.69,18.07,2026-03-08 20:24:58,amazon Ledsone,false
1116730,206-9076462-1659531,AMAZON,B0DJFFXYNY,,ENC7731,1,43.79,43.79,2026-03-08 20:25:03,amazon Dcvoltage,false
1116733,203-5503319-1438765,AMAZON,B0CGZQV9Y7,,LSMCSPFLMC+RPM40WH,1,24.89,20.74,2026-03-08 20:32:36,amazon Ledsone,false
1116735,202-2556986-0109144,AMAZON,B0GLH8N2MN,,LDMT185E2736PK,1,20.99,20.99,2026-03-08 20:39:39,amazon Dcvoltage,false
1116740,204-2627054-4777122,AMAZON,B0FPQVSMFT,,LDCWT75B2212,1,8.79,7.32,2026-03-08 19:46:46,amazon Ledsone,false
1116741,204-6194149-5930743,AMAZON,B0F43WZJ98,,LSCY290BI+RPR44WH,1,15.89,13.24,2026-03-08 20:47:51,amazon Ledsone,false
1116743,203-9515525-6524328,AMAZON,B0GLGGJD2R,,LSGLFP245GR+RPR44WH,1,15.89,15.89,2026-03-08 20:40:25,amazon Dcvoltage,false
1116744,204-1612809-2732367,AMAZON,B0F2YNF4WW,,RWWPSY12GY,1,4.88,1.99,2026-03-08 20:50:15,amazon Dcvoltage,false
1116760,205-0646762-3912327,AMAZON,B0DM61D265,,LSFT220BM3PK+RPR44WH3PK,1,19.89,19.89,2026-03-08 21:05:43,amazon Dcvoltage,false
1116761,203-8681820-2341915,AMAZON,B0D29516SS,,LSCY290GB+RPR44WH,2,35.78,14.91,2026-03-08 20:59:39,amazon Ledsone,false
1116768,026-0648610-1247505,AMAZON,B08X7CM6FK,,PLHWBM,1,21.89,21.89,2026-03-08 21:12:27,amazon Dcvoltage,false
1116769,203-5060543-2428334,AMAZON,B0DSC2PMD2,,LSDO400BM2PK+RPR44WH2PK,1,38.89,38.89,2026-03-08 21:16:13,amazon Dcvoltage,false
1116771,203-6768902-9089126,AMAZON,B0BBS44X58,,CL3TBPAPK,1,17.89,14.91,2026-03-08 21:15:09,amazon Ledsone,false
1116778,204-2513858-2680351,AMAZON,B0CDPZHVHG,,PHTT1PBR3RR+LSWT300RR,3,76.64,22.41,2026-03-08 21:21:23,amazon Ledsone,false
1116779,206-2351353-9953923,AMAZON,B0FHQ6NMQZ,,ENC9367,1,23.49,19.57,2026-03-08 21:25:27,amazon Ledsone,false
1116781,206-4562125-0095517,AMAZON,B0CTSTBDXV,,LSMS320CB+RPR44WH,1,14.99,14.99,2026-03-08 21:16:42,amazon Dcvoltage,false
1116782,206-4243145-0761168,AMAZON,B0G1TC8PWQ,,CKCSBY,1,11.99,11.99,2026-03-08 21:27:26,amazon Dcvoltage,false
1116787,204-0045034-8793150,AMAZON,B0FL78WQVD,,PHSF2BMTBM2PK+ICST64E272PK,1,28.89,28.89,2026-03-08 21:31:43,amazon Dcvoltage,false
1116790,203-2241207-3798715,AMAZON,B0DXQ9BPVH,,LSCY290BB2PK+RPR44WH2PK,1,25.89,21.57,2026-03-08 21:38:41,amazon Ledsone,false
1116792,205-2355439-4085100,AMAZON,B0B2K963ZK,,LHC4E27WH,2,13.98,5.82,2026-03-08 21:41:55,amazon Ledsone,false
1116793,202-4423980-4681923,AMAZON,B0D7S58MB1,,LSMS320BI2PK+RPR44WH2PK,1,25.89,21.57,2026-03-08 21:42:41,amazon Ledsone,false
1116800,203-3392293-1257121,AMAZON,B0DDXFRDZM,,LHDHE27RO2PK,1,12.89,10.74,2026-03-08 21:18:24,amazon Ledsone,false
1116805,206-1132814-0408333,AMAZON,B0CBKFJ1FB,,PHSF2GDTFG+SPSDP2YB,2,31.38,13.07,2026-03-08 22:07:48,amazon Ledsone,false
1116806,204-4341774-9287531,AMAZON,B0DTQ47GBY,,ENC9313,1,27.89,27.89,2026-03-08 22:03:46,amazon Dcvoltage,false
1116810,026-8400215-9739542,AMAZON,B094DL6WJK,,PLADRR,1,49.86,41.55,2026-03-08 22:10:23,amazon Ledsone,false
1116811,203-2358601-1582759,AMAZON,B09479HV6W,,LDMG95E2783PK,1,18.89,15.74,2026-03-08 22:09:13,amazon Ledsone,false
1116812,202-5424217-1061927,AMAZON,B0DH4KYFPD,,WCDTBM2PK+RPR44WH2PK,1,18.89,15.74,2026-03-08 22:16:56,amazon Ledsone,false
1116817,203-3807332-1809923,AMAZON,B08V8Q3NTM,,CRSF100WH+LHNSE27WH+LSMS320BT,1,18.89,18.89,2026-03-08 22:22:53,amazon Dcvoltage,false
1116818,204-8000163-4315547,AMAZON,B0CDBYNK9B,,WCB3BS+RPR44WH,1,8.97,7.47,2026-03-08 22:31:06,amazon Ledsone,false
1116820,204-2674863-3646729,AMAZON,B0DX6WMCT6,,CENU19150BM,1,3.78,0.74,2026-03-08 22:36:10,amazon Ledsone,false
1116823,206-4385120-4458764,AMAZON,B0FVMD24HC,,CERU72350GR,1,9.18,5.24,2026-03-08 22:42:28,amazon Ledsone,false
1116824,203-9896472-9684353,AMAZON,B0FN4BQ4N5,,PLHCRR+LSDO210RR3PK,1,47.83,39.86,2026-03-08 22:47:31,amazon Ledsone,false
1116825,202-5133616-3333161,AMAZON,B084VPLPS5,,CRSF2003YB,1,12.48,7.99,2026-03-08 22:49:24,amazon Ledsone,false
1116826,205-4259680-3876363,AMAZON,B0DHVK1N58,,LHSHE27BA,2,13.78,6.89,2026-03-08 22:44:15,amazon Dcvoltage,false
1116830,202-9708460-1372310,AMAZON,B0FBW8VSC9,,CRSF2003BC+PHNW1RBC3PK+ICST64E273PK,1,31.89,31.89,2026-03-08 23:02:55,amazon Dcvoltage,false
1116836,206-2291348-4537922,AMAZON,B0DF7BD73R,,CRSF100BM+PHRYWP1RBM,1,11.89,9.91,2026-03-08 23:23:18,amazon Ledsone,false
1116837,205-1092529-0254729,AMAZON,B09475XCMR,,LDMG95E278,1,6.99,5.82,2026-03-08 23:26:02,amazon Ledsone,false
1116844,204-1832853-6167560,AMAZON,B0DH6B49KD,,CL2TGL5PK,1,10.09,10.09,2026-03-08 23:48:14,amazon Dcvoltage,false
1116846,206-3090795-2349903,AMAZON,B0CGZQV9Y7,,LSMCSPFLMC+RPM40WH,1,24.89,20.74,2026-03-08 23:57:44,amazon Ledsone,false
1116850,026-3724462-8157955,AMAZON,B07L8G7F2K,,CL3TBKAPK,1,25.28,22.99,2026-03-09 00:17:55,amazon Dcvoltage,false
1116852,205-4542736-7446725,AMAZON,B0D4V2PRSJ,,WLFS220BM4PK,1,50.89,50.89,2026-03-09 00:25:20,amazon Dcvoltage,false
1116855,203-7162337-7280301,AMAZON,B0F292MNGB,,LSCY290BG+RPR44WH,3,49.85,14.57,2026-03-09 00:44:53,amazon Ledsone,false
1116860,202-5689462-1289167,AMAZON,B0F1TMC6HP,,CENU25200BM,1,4.09,1.09,2026-03-09 01:51:02,amazon Dcvoltage,false
1116901,026-1801601-7837923,AMAZON,B0CG21CP4J,,CRFF108BM+LHTKE27BA,1,10.99,9.16,2026-03-09 03:48:17,amazon Ledsone,false
1116934,203-5168719-1278717,AMAZON,B0DZNJDHCQ,,RWWPSY12GY,1,4.88,1.66,2026-03-09 05:56:53,amazon Ledsone,false
1116945,206-2990937-1122751,AMAZON,B0863J112Z,,PHSF1BMTBM2PK,1,16.89,14.07,2026-03-09 06:29:34,amazon Ledsone,false
1116950,205-3053205-4501905,AMAZON,B0BWNKLZDR,,LSDO300WH+RPR44WH,1,18.89,18.89,2026-03-09 06:36:11,amazon Dcvoltage,false
1116951,204-1146230-7334761,AMAZON,B0D7ZRWBS2,,LSCY290BI2PK+RPR44WH2PK,1,24.99,20.82,2026-03-09 06:43:38,amazon Ledsone,false
1116955,026-6881381-0761904,AMAZON,B0FZCQMY9B,,LSHM400HE2PK+RPR44WH2PK,1,54.89,54.89,2026-03-09 06:57:14,amazon Dcvoltage,false
1116965,204-5368198-8740340,AMAZON,B081H8KK5D,,CL2TBR3PK,1,10.88,7.99,2026-03-09 07:38:13,amazon Dcvoltage,false
1116969,203-7532775-4909158,AMAZON,B0DDXFRDZM,,LHDHE27RO2PK,2,21.48,10.74,2026-03-08 22:17:34,amazon Ledsone,false
1116972,203-7532775-4909158,AMAZON,B0DDXFRDZM,,LHDHE27RO2PK,2,21.48,10.74,2026-03-08 22:17:34,amazon Ledsone,false
1116973,203-7445999-7289162,AMAZON,B0D9RX7K72,,CRSF100GB3PK,1,15.89,13.24,2026-03-09 07:50:36,amazon Ledsone,false
1116982,202-5737476-1253916,AMAZON,B0DH66XQN6,,CL2TBW5PK,1,11.99,11.99,2026-03-09 08:17:33,amazon Dcvoltage,false
1116983,203-8003806-3793166,AMAZON,B0CHW3Q9VG,,CRSF100YB+PHCHPCRYB+LSCY290YB,2,49.19,21.57,2026-03-09 08:15:01,amazon Ledsone,false
1116995,206-0175006-5297972,AMAZON,B0CGD98GVG,,CRSF100WH+PHRY2PCRWH,1,14.17,11.81,2026-03-09 08:33:32,amazon Ledsone,false
1116996,206-7394213-0456313,AMAZON,B0CG928BJC,,WCFWROBM+RPR44WH,1,11.89,9.91,2026-03-09 08:34:58,amazon Ledsone,false
1117005,204-3926564-7561145,AMAZON,B0F2GJSFHD,,RWT6100YE,1,12.29,10.24,2026-03-09 08:44:22,amazon Ledsone,false
1117012,204-2683054-1049948,AMAZON,B0CFHKYH59,,CRSF100BM2PK+PHRNWP1RBM2PK,1,20.09,16.74,2026-03-09 08:50:10,amazon Ledsone,false
1117014,203-9434198-8789921,AMAZON,B086XBD15Y,,LHC5E27WH,4,23.90,5.24,2026-03-09 08:56:39,amazon Ledsone,false
1117016,204-0812854-0637166,AMAZON,B0C6LV14PT,,12UK3P2A,1,10.78,7.89,2026-03-09 08:45:51,amazon Dcvoltage,false
1117017,204-8898512-3375536,AMAZON,B08XXTCSSG,,WCB1WH+RPR44WH,1,10.89,10.89,2026-03-09 08:50:05,amazon Dcvoltage,false
1117018,026-6791438-8249913,AMAZON,B08XBF2V14,,CRSF100BM+LHNSE27CO+SCRN70BM+LSWD360BM,1,28.89,28.89,2026-03-09 08:57:34,amazon Dcvoltage,false
1117021,205-7745669-9267559,AMAZON,B0GD5FP27N,,ENC7768,1,24.49,24.49,2026-03-09 08:57:40,amazon Dcvoltage,false
1117023,204-0091784-7773162,AMAZON,B0CCJSK84F,,WCB1BM+RPR44WH,1,10.89,9.07,2026-03-09 09:03:20,amazon Ledsone,false
1117028,206-4362603-4561930,AMAZON,B0B2K8F78C,,LHC6E27WH5PK,1,19.78,14.07,2026-03-09 09:11:50,amazon Ledsone,false
1117029,202-5148445-9846765,AMAZON,B0F8QCGS5L,,CERU48250BM,1,5.88,2.49,2026-03-09 09:18:12,amazon Ledsone,false
1117037,204-7032885-3509914,AMAZON,B0DCKWL469,,STFG4845WH,2,9.52,2.91,2026-03-09 09:23:29,amazon Ledsone,false
1117049,206-2810792-5325949,AMAZON,B08XMVSZ1F,,WCB7BC+RPR44WH,1,11.89,11.89,2026-03-09 09:48:05,amazon Dcvoltage,false
1117063,203-5075012-1745141,AMAZON,B0FKH3GM28,,CRSF100HCH+WSLS155CH+ICST64E27,1,14.99,14.99,2026-03-09 10:09:02,amazon SRM Amazon,false
1117064,203-6150684-3579561,AMAZON,B0848VDXTB,,CL2TGD,1,6.28,2.99,2026-03-09 10:03:33,amazon Dcvoltage,false
1117065,203-7109606-9471554,AMAZON,B0CP7MYPTZ,,LHC2E27WH,1,6.69,6.69,2026-03-09 09:29:31,amazon Dcvoltage,false
1117071,202-4688462-3501162,AMAZON,B0CNJX1DV8,,WCB7WH+RPR44WH,1,11.18,8.29,2026-03-09 10:19:58,amazon Dcvoltage,false
1117079,205-0564388-7279516,AMAZON,B07L8GPT85,,CL3TGY5PK,1,13.49,13.49,2026-03-09 10:29:14,amazon Dcvoltage,false
1117080,026-6781111-0189133,AMAZON,B0C2Z62V55,,PHUH2HETBM+LSHM400HE,3,107.99,31.57,2026-03-09 10:22:50,amazon Ledsone,false
1117081,206-2577680-3224301,AMAZON,B0F29GB76Y,,SPSD78SN2PK,1,7.59,6.32,2026-03-09 10:23:08,amazon Ledsone,false
1117087,202-0334992-8205960,AMAZON,B0FH6JJKV4,,SPSDP2BMY,1,8.58,4.74,2026-03-09 10:38:17,amazon Ledsone,false
1117094,026-6373128-9542714,AMAZON,B0CN376GSP,,CRSF1202BM+PHHT2PBRBM2PK+SPUPBM2PK,2,35.89,15.74,2026-03-09 10:37:43,amazon Ledsone,false
1117100,204-2982144-3136356,AMAZON,B0DMF2KF74,,ENC9307,1,27.29,22.74,2026-03-09 10:46:40,amazon Ledsone,false
1117101,026-8156999-8899561,AMAZON,B0FPQVSMFT,,LDCWT75B2212,1,8.79,7.32,2026-03-09 10:52:33,amazon Ledsone,false
1117102,026-3915783-9427561,AMAZON,B0F9YHFVDF,,CRSF100HBM+WSWR1PFTBM+RD30+WR+PSDS4RBM,2,25.48,14.99,2026-03-09 10:57:00,amazon Dcvoltage,false
1117103,202-2345303-0141167,AMAZON,B0F2HJKY62,,PLHWRR,1,20.89,20.89,2026-03-09 10:59:05,amazon Dcvoltage,false
1117109,026-0254713-3969179,AMAZON,B0F746VWBP,,CERU80400MC,1,10.62,6.99,2026-03-09 10:53:16,amazon Dcvoltage,false
1117110,203-2291190-2895555,AMAZON,B0CPBWC2T4,,LSCY290WH+RPR44WH,2,28.60,15.89,2026-03-09 11:10:29,amazon Dcvoltage,false
1117122,205-9670389-0758767,AMAZON,B0DDKX2QDP,,SPSDP1YB2PK,1,9.08,5.16,2026-03-09 11:09:56,amazon Ledsone,false
1117123,204-3294885-1797907,AMAZON,B097DVN4SF,,CBSF60,1,5.89,4.91,2026-03-09 11:10:37,amazon Ledsone,false
1117124,203-7701479-0981166,AMAZON,B0DPMF1BGT,,PCBI20MF,1,8.28,4.49,2026-03-09 11:14:49,amazon Ledsone,false
1117130,206-4488931-9525919,AMAZON,B08XBYXQC6,,CL3TBRAPK,1,19.99,19.99,2026-03-09 11:22:58,amazon Dcvoltage,false
1117134,205-9289195-2746739,AMAZON,B07QV1ZDZX,,12RPIP4560,1,12.99,12.99,2026-03-09 11:33:43,amazon Dcvoltage,false
1117135,204-7294596-3833955,AMAZON,B0D83PFMTP,,WCDCBM3PK+RPR44WH3PK,1,24.49,24.49,2026-03-09 11:32:51,amazon Dcvoltage,false
1117136,205-7428128-1321953,AMAZON,B07LFS7DY8,,CL3TBUAPK,1,22.99,22.99,2026-03-09 11:36:26,amazon Dcvoltage,false
1117137,204-8087904-3104300,AMAZON,B0FY22Q53W,,WCBCFBM2PK+RPR44WH2PK,1,25.89,25.89,2026-03-09 11:32:51,amazon Dcvoltage,false
1117150,026-0724821-3685138,AMAZON,B0CVKZ67VL,,RWWPSY0860YE,1,5.78,2.41,2026-03-09 11:40:19,amazon Ledsone,false
1117152,204-0987561-0693125,AMAZON,B0C2VLCW5G,,CRSF100RO+LHNSE27RO+LSCY290RO,1,24.89,20.74,2026-03-09 11:43:10,amazon Ledsone,false
1117153,204-6466629-4932300,AMAZON,B0CNJS9YHQ,,WCB6WH+RPR44WH,1,10.89,10.89,2026-03-09 11:43:19,amazon Dcvoltage,false
1117165,205-4847115-9000337,AMAZON,B0DTYDJT7P,,WCVCRE3PK+RPR44WH3PK,1,20.19,16.82,2026-03-09 12:03:44,amazon Ledsone,false
1117166,202-8673074-2673145,AMAZON,B09Z6RHPL3,,CCBC5,2,10.81,4.74,2026-03-09 12:06:16,amazon Ledsone,false
1117167,026-1561639-0192356,AMAZON,B09479HV6W,,LDMG95E2783PK,1,18.89,15.74,2026-03-09 12:07:22,amazon Ledsone,false
1117173,026-1389026-0812338,AMAZON,B093HCCL5S,,LSMS320CB+RPR44WH,1,14.99,12.49,2026-03-09 12:09:00,amazon Ledsone,false
1117174,202-4187194-8442743,AMAZON,B0C8TZXCP4,,ENC4313,1,34.89,29.07,2026-03-09 12:13:01,amazon Ledsone,false
1117175,026-8564728-0082759,AMAZON,B0F43P99NL,,CENU46450WH,1,6.89,3.89,2026-03-09 12:10:11,amazon Dcvoltage,false
1117176,205-4050682-2012350,AMAZON,B0F1CX9BKB,,RWWPSY10100YE,1,9.88,6.99,2026-03-09 12:12:09,amazon Dcvoltage,false
1117187,206-5761889-7138728,AMAZON,B0BY57G4PR,,LSMS320BG+RPR44WH,1,16.79,16.79,2026-03-09 12:17:41,amazon Dcvoltage,false
1117188,205-9954013-6115519,AMAZON,B0DZHLXZ3C,,CRSF108GB2PK,1,12.49,10.41,2026-03-09 12:24:50,amazon Ledsone,false
1117189,205-5321169-0965117,AMAZON,B0GCZ9ZLXK,,CRSF1203WH,1,14.38,6.24,2026-03-09 12:24:46,amazon Ledsone,false
1117195,026-2263877-1792320,AMAZON,B0CTC82GM4,,ENC3291,1,22.89,22.89,2026-03-09 12:37:01,amazon Dcvoltage,false
1117196,204-2956889-9094739,AMAZON,B0F9WY3RVZ,,CL3RBRAPK,1,22.99,19.16,2026-03-09 12:29:07,amazon Ledsone,false
1117197,204-0426865-4432362,AMAZON,B0DBV1PXNS,,LDSG125LOE2743PK,3,85.19,24.91,2026-03-09 12:32:42,amazon Ledsone,false
1117198,206-5311476-6203545,AMAZON,B094VJWCF5,,PLADBC,1,49.86,41.55,2026-03-09 12:32:21,amazon Ledsone,false
1117207,206-3666415-8029144,AMAZON,B0CCD3BDS3,,CRFF140CO+PHAH2RCOBR+SPSDP2BM,1,13.34,13.34,2026-03-09 12:42:10,amazon Ledsone,false
1117208,206-3666415-8029144,AMAZON,B09JM45NCQ,,LDSG125MUE274,1,10.24,10.24,2026-03-09 12:42:10,amazon Ledsone,false
1117210,202-2771794-2458758,AMAZON,B0DZNLF6LK,,RWWPSY10GY,1,5.38,2.07,2026-03-09 12:47:47,amazon Ledsone,false
1117211,026-0096409-7580315,AMAZON,B0CXSXN4KX,,LSMS320BI2PK+RPR44WH2PK,1,27.09,27.09,2026-03-09 12:41:39,amazon Dcvoltage,false
1117223,206-7861838-9214726,AMAZON,B0FB2SG831,,PHSF1BMRYB+ICST64E27,3,39.59,11.57,2026-03-09 12:58:57,amazon Ledsone,false
1117229,026-8267033-6360367,AMAZON,B0D944SCS4,,WCB6WH3PK+RPR44WH3PK,1,22.29,18.57,2026-03-09 12:57:54,amazon Ledsone,false
1117231,204-9789876-3490753,AMAZON,B0DZNQCJX5,,RWWPSY08GY,2,6.48,1.57,2026-03-09 13:05:36,amazon Ledsone,false
1117232,204-3806850-1127567,AMAZON,B0CNLXMWTR,,ENC1830,2,43.78,18.24,2026-03-09 13:04:55,amazon Ledsone,false
1117243,026-5908260-0164349,AMAZON,B07L8FT74X,,CL3TGRAPK,2,39.08,22.99,2026-03-09 13:28:26,amazon Dcvoltage,false
1117244,202-4116472-6935509,AMAZON,B09ZVH3JKY,,CCBKNWE18,1,9.88,5.82,2026-03-09 13:21:46,amazon Ledsone,false
1117249,202-5191003-9256304,AMAZON,B0CRZ4J572,,LSCY290BM+RPR44WH,1,15.89,15.89,2026-03-09 13:35:32,amazon Dcvoltage,false
1117250,202-5892052-3457924,AMAZON,B0FB3Y2GWC,,LDMC35E144,1,5.99,4.99,2026-03-09 13:29:17,amazon Ledsone,false
1117251,026-9444141-7687514,AMAZON,B0GCZG4XFD,,CRSF120WH,2,14.67,4.91,2026-03-09 13:39:52,amazon Ledsone,false
1117252,204-0933160-9311533,AMAZON,B0DG29SP2H,,LDMA60E274WW2PK,1,7.99,6.66,2026-03-09 13:37:35,amazon Ledsone,false
1117257,203-4332692-3182727,AMAZON,B0FN7JRXT5,,CRSF100SN+LHNSE27SN+ICST64E27,2,23.80,11.90,2026-03-09 13:41:41,amazon SRM Amazon,false
1117261,026-8634910-9440342,AMAZON,B0DXQ8YFC6,,LSCY290RO2PK+RPR44WH2PK,4,119.56,24.91,2026-03-09 13:47:29,amazon Ledsone,false
1117262,206-6919467-8747533,AMAZON,B07CJHQ1KW,,5IP2030,1,6.99,6.99,2026-03-09 13:38:59,amazon Dcvoltage,false
1117263,205-1971120-4273967,AMAZON,B0GJSZVXPB,,ENC7763,1,26.99,26.99,2026-03-09 13:37:56,amazon Dcvoltage,false
1117273,202-1467291-8908311,AMAZON,B0DJVSWSR7,,ENC7758,1,41.89,34.91,2026-03-09 13:59:19,amazon Ledsone,false
1117278,205-4427681-9329162,AMAZON,B0GHWSMNGN,,ENC643,1,23.89,19.91,2026-03-09 14:09:48,amazon Ledsone,false
1117279,202-3814195-8065135,AMAZON,B0DTPB2YC2,,WCB2BM3PK+RPR44WH3PK,1,22.89,19.07,2026-03-09 14:11:36,amazon Ledsone,false
1117280,206-7377778-1538701,AMAZON,B0D793WZ7Q,,WCB7BM5PK+RPR44WH5PK,1,27.11,22.59,2026-03-09 14:19:31,amazon Ledsone,false
1117281,204-7798034-5523567,AMAZON,B0CTC7XPNX,,CRSF100BM+LHNSE27YB+SCRN70BM+LSFT220BG,1,17.89,17.89,2026-03-09 14:10:56,amazon Dcvoltage,false
1117282,203-9854779-3779555,AMAZON,B0DTTKL6KX,,WCVCBM3PK+RPR44WH3PK,1,23.99,23.99,2026-03-09 14:15:06,amazon Dcvoltage,false
1117283,205-8934731-2918705,AMAZON,B081H8KK5D,,CL2TBR3PK,1,10.88,7.99,2026-03-09 14:14:57,amazon Dcvoltage,false
1117284,204-5255511-0684348,AMAZON,B0DH8ZK8P8,,CL3TWHAPK,1,20.99,20.99,2026-03-09 14:17:23,amazon Dcvoltage,false
1117285,205-1402801-6848347,AMAZON,B0CM2RZNHV,,WCDTGD+RPR44WH,3,29.81,11.69,2026-03-09 14:16:20,amazon Dcvoltage,false
1117289,202-1415092-0703551,AMAZON,B0DBL2X1G6,,CL2TGDAPK,1,23.49,19.57,2026-03-09 14:20:45,amazon Ledsone,false
1117291,205-1053067-4411559,AMAZON,B0DB29BF1T,,CRFF75YB2PK,1,11.49,9.57,2026-03-09 14:25:01,amazon Ledsone,false
1117292,206-7152055-3237153,AMAZON,B0B2F3FLSL,,LHPVE27BM,1,6.19,5.16,2026-03-09 14:26:22,amazon Ledsone,false
1117297,203-8214449-9061953,AMAZON,B0DMF2KF74,,ENC9307,1,27.29,22.74,2026-03-09 14:33:31,amazon Ledsone,false
1117298,203-7202166-0377969,AMAZON,B0FPWRK1N5,,LSOL180BM2PK+RPR44WH2PK,1,17.89,14.91,2026-03-09 14:36:03,amazon Ledsone,false
1117307,205-3721302-7626755,AMAZON,B0F9WHLSFZ,,LSCY290BG+RPR44WH,1,16.59,13.82,2026-03-09 14:46:44,amazon Ledsone,false
1117308,206-2698212-7066719,AMAZON,B0FJ5J5T51,,CRSF100WH,1,8.88,5.99,2026-03-09 14:48:38,amazon Dcvoltage,false
1117317,206-2795946-1009124,AMAZON,B0F1CX6BYH,,RWWPSY0680YE,1,6.36,3.09,2026-03-09 14:55:20,amazon Dcvoltage,false
1117318,203-0556684-5458736,AMAZON,B0CFHKYH59,,CRSF100BM2PK+PHRNWP1RBM2PK,1,20.09,16.74,2026-03-09 14:50:32,amazon Ledsone,false
1117320,026-0663968-6094769,AMAZON,B0DXQ53JQF,,LSCY290CH2PK+RPR44WH2PK,1,27.89,23.24,2026-03-09 14:54:28,amazon Ledsone,false
1117322,203-8306920-2410748,AMAZON,B0C1T7SW1P,,ENC903,1,19.91,19.91,2026-03-09 14:57:29,amazon Ledsone,false
1117323,203-8306920-2410748,AMAZON,B0C1T7LCHN,,ENC684,1,19.91,19.91,2026-03-09 14:57:29,amazon Ledsone,false
1117324,026-1333931-6574723,AMAZON,B0FPWZ7H6Z,,LDCWA95B22226PK,1,12.89,10.74,2026-03-09 14:59:00,amazon Ledsone,false
1117325,203-7402999-8495558,AMAZON,B0F28YFTQ9,,LSCY290BU+RPR44WH,1,14.89,12.41,2026-03-09 14:59:02,amazon Ledsone,false
1117334,205-2724744-1183562,AMAZON,B0B2K963ZK,,LHC4E27WH,1,6.99,5.82,2026-03-09 15:04:21,amazon Ledsone,false
1117335,204-6472105-6182735,AMAZON,B0845RYZKW,,LDMG80E274,1,6.49,5.41,2026-03-09 15:05:11,amazon Ledsone,false
1117336,202-9410924-4928345,AMAZON,B0CVMX2MY5,,RWWPSYBF50GY,1,5.47,2.49,2026-03-09 15:08:41,amazon Dcvoltage,false
1117340,204-4142246-5595500,AMAZON,B0CC1RD8S9,,WLHSBMCY18,1,22.50,18.75,2026-03-09 15:11:24,amazon Ledsone,false
1117363,206-6857170-6821130,AMAZON,B0DH4KYFPD,,WCDTBM2PK+RPR44WH2PK,1,18.89,15.74,2026-03-09 15:25:02,amazon Ledsone,false
1117364,203-2556007-8855532,AMAZON,B0F9462Y2N,,CL3TBU3PK,1,6.99,5.82,2026-03-09 15:29:32,amazon Ledsone,false
1117365,026-1057104-0175500,AMAZON,B0D87BNW8Y,,CO332AGYDPK,1,10.78,6.57,2026-03-09 15:04:19,amazon Ledsone,false
1117369,206-1925378-2421902,AMAZON,B0863GXC13,,PHSF1BRTCO,2,27.78,11.57,2026-03-09 15:30:42,amazon Ledsone,false
1117371,203-5632114-9818755,AMAZON,B08DKLGDYK,,LSCY290BC+RPR44WH,1,15.89,15.89,2026-03-09 15:40:05,amazon Dcvoltage,false
1117374,203-0847255-5145117,AMAZON,B0D5BDGF22,,LSMS320OR2PK+RPR44WH2PK,1,27.27,27.09,2026-03-09 15:34:30,amazon Dcvoltage,false
1117392,202-0768048-0538755,AMAZON,B0DB29BF1T,,CRFF75YB2PK,1,11.49,9.57,2026-03-09 15:53:15,amazon Ledsone,false
1117393,202-7729729-5308356,AMAZON,B086996Y4H,,CRSF100RR+PHCH1PBRRR+LSCY290RR,3,53.84,15.74,2026-03-09 15:53:49,amazon Ledsone,false
1117396,203-0593180-5633117,AMAZON,B0FJ296YPH,,STPVC17AWH5PK,1,6.18,3.29,2026-03-09 15:54:37,amazon Dcvoltage,false
1117401,202-7679684-3948323,AMAZON,B0DH64VT65,,CL2THE,1,5.09,5.09,2026-03-09 16:04:53,amazon Dcvoltage,false
1117402,026-3338097-2489965,AMAZON,B0C43L42DK,,WCDTRE+RPR44WH,1,10.89,9.07,2026-03-09 16:01:14,amazon Ledsone,false
1117404,026-4082612-4873958,AMAZON,B0DV5DRX6Z,,ENC8212,1,39.89,39.89,2026-03-09 16:09:59,amazon SRM Amazon,false
1117409,203-1081653-6739554,AMAZON,B0FTZH49TJ,,WCBCFBM,1,14.29,11.91,2026-03-09 16:11:16,amazon Ledsone,false
1117410,204-9282075-6786709,AMAZON,B0B71MJFDZ,,CRSF100BM,2,14.27,4.99,2026-03-09 16:11:48,amazon Ledsone,false
1117419,205-2391660-6600338,AMAZON,B08QRGQ484,,ENC108,1,39.89,39.89,2026-03-09 16:37:03,amazon Dcvoltage,false
1117421,205-5408156-5966708,AMAZON,B0FPWZHHHG,,LDCWA60HE2796PK,1,10.13,6.24,2026-03-09 16:34:28,amazon Ledsone,false
1117426,026-3515680-6741909,AMAZON,B0DPPLFL92,,ENC7544,1,33.69,28.07,2026-03-09 16:45:38,amazon Ledsone,false
1117427,026-6513076-4415539,AMAZON,B0CVLF96JH,,RWT480YE,1,11.38,8.49,2026-03-09 16:43:00,amazon Dcvoltage,false
1117428,204-2672809-2915525,AMAZON,B0BSGSLZMD,,LDMST64E2786PK,1,15.49,15.49,2026-03-09 16:42:38,amazon Dcvoltage,false
1117429,202-6634819-7620339,AMAZON,B0DCG85579,,CRSF120OSBM+WSLS155YB+LSGLCY100BM,1,18.49,18.49,2026-03-09 16:44:01,amazon Dcvoltage,false
1117431,026-7655855-8087561,AMAZON,B08NDH26RG,,WCDTRE+RPR44WH,4,36.35,10.69,2026-03-09 16:45:38,amazon Dcvoltage,false
1117432,203-1838148-2443557,AMAZON,B0CX53SCZJ,,CRSF100BM+PHHT1PBRBM+LSTF400BM,1,17.99,17.99,2026-03-09 16:49:44,amazon SRM Amazon,false
1117440,205-8749716-6527501,AMAZON,B0C9DPGRGD,,SPSDP2BM,1,5.69,5.69,2026-03-09 16:51:04,amazon Dcvoltage,false
1117441,204-4843742-6357905,AMAZON,B0C7GLQRH8,,ENC5168,1,27.49,27.49,2026-03-09 16:58:12,amazon Dcvoltage,false
1117443,203-2660134-1963504,AMAZON,B0DTZ26LDY,,LSHH240BG,1,13.59,11.32,2026-03-09 16:57:48,amazon Ledsone,false
1117452,203-2374510-9869138,AMAZON,B0CNZ2W4BB,,ENC4312,1,38.89,38.89,2026-03-09 17:05:48,amazon Dcvoltage,false
1117453,205-4095872-9663504,AMAZON,B0DLWTP2WC,,PCGZ20MX2PK,1,7.79,6.49,2026-03-09 17:02:49,amazon Ledsone,false
1117458,204-1333146-6802742,AMAZON,B08XB2DN7Z,,PSDS4BMBBM+WCDTGD,1,24.99,24.99,2026-03-09 17:13:51,amazon Dcvoltage,false
1117468,026-3315310-5749932,AMAZON,B0863GXC13,,PHSF1BRTCO,1,13.89,11.57,2026-03-09 17:16:58,amazon Ledsone,false
1117469,205-2752179-1137936,AMAZON,B09NC4D7ZT,,CRSF100BM+WSCH135BM+SCRN70BM+LSOL180BM,9,147.80,14.91,2026-03-09 17:29:10,amazon Ledsone,false
1117470,026-9349922-5167525,AMAZON,B0BZQ7N5P7,,CRSF100OR+WSCH135OR+LSDO210OR,1,22.89,22.89,2026-03-09 17:30:11,amazon Dcvoltage,false
1117475,206-0710767-9494748,AMAZON,B0D7ZRWBS2,,LSCY290BI2PK+RPR44WH2PK,1,24.99,20.82,2026-03-09 17:29:03,amazon Ledsone,false
1117476,203-7705949-6078735,AMAZON,B0DGG4GQ4W,,LDMST64B224,1,5.58,4.65,2026-03-09 17:36:34,amazon Ledsone,false
1117486,202-2220372-0013142,AMAZON,B0BBBS77BZ,,CL3RRE5PK,1,15.79,13.16,2026-03-09 17:40:38,amazon Ledsone,false
1117488,206-2127120-9677934,AMAZON,B08NTKB1DM,,CRFF500BM+PHCH1BMRBM3PK+LSCY210BG3PK,2,77.69,34.07,2026-03-09 17:46:31,amazon Ledsone,false
1117498,204-8402353-0807511,AMAZON,B0D44ZF4KW,,PHSF2ROTRO+ICST64E27,1,16.89,16.89,2026-03-09 18:07:14,amazon Dcvoltage,false
1117504,205-7128682-2287543,AMAZON,B0CWNZRDZN,,WCWODVBM2PK+RPR44WH2PK,1,22.99,19.16,2026-03-09 18:12:50,amazon Ledsone,false
1117505,206-8289506-4869110,AMAZON,B0CLZYFPLL,,CRSF100GB+PHCHPBRGB+LSCY290GB,2,51.09,22.41,2026-03-09 18:18:00,amazon Ledsone,false
1117506,205-5326735-8198710,AMAZON,B0DP264BLC,,12UK3P10A,1,18.29,18.29,2026-03-09 18:12:14,amazon Dcvoltage,false
1117509,202-2893012-9823542,AMAZON,B0G499B37C,,WCCYSP180WH2PK+RPR44WH2PK,1,24.89,20.74,2026-03-09 18:23:34,amazon Ledsone,false
1117511,204-6944060-9273132,AMAZON,B0GLNBSJMP,,PL4HRR,1,34.89,29.07,2026-03-09 18:23:56,amazon Ledsone,false
1117514,204-2372289-8727528,AMAZON,B0DNK2H74S,,ENC5362,1,29.89,24.91,2026-03-09 18:28:10,amazon Ledsone,false
1117515,026-2904597-8254718,AMAZON,B0F1D3YQPG,,RWWPSY10GY,1,5.38,2.49,2026-03-09 18:26:06,amazon Dcvoltage,false
1117520,026-3276776-9045927,AMAZON,B0F43W5C1B,,LSCY290RO+RPR44WH,1,18.29,15.24,2026-03-09 18:36:34,amazon Ledsone,false
1117521,206-7472154-5466739,AMAZON,B08XWSBPHW,,WCB1BM+RPR44WH,1,10.69,10.69,2026-03-09 18:36:32,amazon Dcvoltage,false
1117525,202-8023939-5505948,AMAZON,B0DH4KYFPD,,WCDTBM2PK+RPR44WH2PK,1,18.89,15.74,2026-03-09 18:47:44,amazon Ledsone,false
1117535,026-6591308-8101106,AMAZON,B0DH5MZ4V2,,CL2TOR3PK,1,7.99,7.99,2026-03-09 18:51:56,amazon Dcvoltage,false
1117536,204-5041700-7824309,AMAZON,B0D4YPNVP1,,CRFF140BM+WSWH135BM+LSDO210BM,2,28.37,16.69,2026-03-09 18:54:44,amazon Dcvoltage,false
1117537,202-5729847-0886720,AMAZON,B0F7R54QXJ,,TSTLRUSRB4PK,1,19.29,19.29,2026-03-09 19:01:30,amazon Dcvoltage,false
1117538,206-1509067-0732350,AMAZON,B07ZFWL5T1,,CRFF100GB+LHNSE27GB,2,27.78,13.89,2026-03-09 18:58:53,amazon Dcvoltage,false
1117545,202-9270000-2779535,AMAZON,B0F1CX6BYH,,RWWPSY0680YE,1,6.36,3.09,2026-03-09 19:02:55,amazon Dcvoltage,false
1117546,203-2621490-6104355,AMAZON,B0DFHL3XS3,,LSCY290RE+RPR44WH,1,15.89,15.89,2026-03-09 19:09:11,amazon Dcvoltage,false
1117559,204-2544035-7828368,AMAZON,B0F1CX9BKB,,RWWPSY10100YE,1,9.88,6.99,2026-03-09 19:18:04,amazon Dcvoltage,false
1117561,203-2350011-6899560,AMAZON,B0DCK6K14N,,STBFT50M48EWH,1,6.38,2.91,2026-03-09 19:19:27,amazon Ledsone,false
1117566,203-9871823-7061966,AMAZON,B0743GYD52,,CO332AGYAPK,1,5.88,2.49,2026-03-09 19:25:19,amazon Ledsone,false
1117567,202-0981712-6441909,AMAZON,B0F9X1J63J,,CL3RGDAPK,1,18.99,15.82,2026-03-09 19:27:01,amazon Ledsone,false
1117568,026-2229157-5626736,AMAZON,B0F28YKH9K,,LSCY290RR+RPR44WH,1,15.89,13.24,2026-03-09 19:28:00,amazon Ledsone,false
1117569,204-1394433-2003565,AMAZON,B0DHXWZVD6,,CRSF100YB+PHHC1BMRYB,2,26.80,14.89,2026-03-09 19:22:51,amazon Dcvoltage,false
1117570,203-0787573-0480349,AMAZON,B08W5DQZP4,,CRSF100BM+WSLS155YB+SCRN70BM+LSFT220GR,1,20.89,15.89,2026-03-09 19:25:10,amazon Dcvoltage,false
1117571,026-2316611-8501115,AMAZON,B0F247LS1G,,WCBV62BC2PK+SCRN70BM2PK,2,28.71,16.89,2026-03-09 19:29:53,amazon Dcvoltage,false
1117572,026-4917751-9013104,AMAZON,B0FL7BRGF4,,PHSF2GDTYB2PK+ICST64E272PK,4,115.56,28.89,2026-03-09 19:30:02,amazon Dcvoltage,false
1117580,205-1219657-0660306,AMAZON,B0C6LY8XZG,,12UK3P1A,1,9.88,6.99,2026-03-09 19:34:44,amazon Dcvoltage,false
1117583,026-9028195-6119508,AMAZON,B0BBB6LRDT,,CL3ROR5PK,1,15.79,13.16,2026-03-09 19:26:34,amazon Ledsone,false
1117584,026-3871848-8949937,AMAZON,B0DB2FJY1T,,CL2THEAPK,2,40.83,17.91,2026-03-09 19:30:02,amazon Ledsone,false
1117586,204-4081964-0649122,AMAZON,B0DG25H3RQ,,LDMA60E274WW,1,6.19,5.16,2026-03-09 19:38:39,amazon Ledsone,false
1117589,204-4154289-6441915,AMAZON,B0863LVZNG,,PHSF1AGTGB,2,23.98,9.99,2026-03-09 19:41:24,amazon Ledsone,false
1117590,206-5069215-7333137,AMAZON,B0DZ1ZTXVW,,RWWPSY0660YE2PK,1,8.08,4.32,2026-03-09 19:44:05,amazon Ledsone,false
1117597,205-7426177-2029155,AMAZON,B08P1JKCZX,,LSRP260YB+RPR44WH,1,18.09,18.09,2026-03-09 19:44:39,amazon Dcvoltage,false
1117598,204-7729257-2049948,AMAZON,B0DH937VLZ,,CL3TCR3PK,2,17.98,8.99,2026-03-09 19:53:49,amazon Dcvoltage,false
1117599,026-6714470-9241909,AMAZON,B0BZ12WJN6,,ENC4473,1,50.89,50.89,2026-03-09 19:58:17,amazon Dcvoltage,false
1117600,026-0794452-3131561,AMAZON,B082DDY7BX,,CRSF2003WH,1,11.49,11.49,2026-03-09 19:57:42,amazon Dcvoltage,false
1117602,202-6856358-6057917,AMAZON,B083ZS9PGC,,LHAHE27CH,1,6.89,5.74,2026-03-09 19:57:47,amazon Ledsone,false
1117610,206-5209113-2235565,AMAZON,B0F43WZJ98,,LSCY290BI+RPR44WH,2,30.19,13.24,2026-03-09 20:04:06,amazon Ledsone,false
1117612,202-5106058-2405135,AMAZON,B0G8DM6RF4,,CRFF108BM+LHTKE27BA+ICST64E27,1,14.19,11.82,2026-03-09 20:05:46,amazon Ledsone,false
1117614,206-6791958-6697135,AMAZON,B0CCJ54K5H,,SPSDP3BM,1,7.78,4.07,2026-03-09 20:08:02,amazon Ledsone,false
1117615,026-3889356-6028319,AMAZON,B0D83PFMTP,,WCDCBM3PK+RPR44WH3PK,1,24.49,24.49,2026-03-09 19:59:46,amazon Dcvoltage,false
1117617,206-3552889-6501946,AMAZON,B08XNPBYMH,,LSSS300WH+RPR44WH,1,13.49,13.49,2026-03-09 20:06:19,amazon Dcvoltage,false
1117621,026-5670202-9857944,AMAZON,B0CNJX1DV8,,WCB7WH+RPR44WH,1,11.18,8.29,2026-03-09 20:15:25,amazon Dcvoltage,false
1117623,205-6402655-8163517,AMAZON,B0F9466PK8,,CL3TGL3PK,1,6.99,5.82,2026-03-09 20:10:05,amazon Ledsone,false
1117624,203-9648658-3340353,AMAZON,B0CCHX3S7L,,SPSDP2BM6PK,1,22.89,19.07,2026-03-09 20:06:34,amazon Ledsone,false
1117631,204-0087877-1765945,AMAZON,B09YYSLDWP,,PLADBM+LSDO210BG3PK+ICST64E273PK,1,58.89,58.89,2026-03-09 20:20:51,amazon Dcvoltage,false
1117632,026-0755593-9301125,AMAZON,B0CTCNY7MD,,CRSF100BM+LHNSE27YB+SCRN70BM+LSWD360BM,1,28.29,28.29,2026-03-09 20:22:12,amazon Dcvoltage,false
1117633,206-0342313-4641179,AMAZON,B0BTM7269K,,WCBCBM,1,12.99,12.99,2026-03-09 20:22:07,amazon Dcvoltage,false
1117634,204-4835412-9383563,AMAZON,B0CBPBRNSZ,,WCB2BB2PK+RPR44WH2PK,1,15.79,15.79,2026-03-09 20:28:54,amazon Dcvoltage,false
1117645,203-5494606-0153927,AMAZON,B0DH7Z3ZG2,,HLSC96BM2PK,1,10.79,10.79,2026-03-09 20:36:41,amazon Dcvoltage,false
1117646,205-4930654-5209962,AMAZON,B09477YHK7,,LDMG95E278APK,1,35.19,29.32,2026-03-09 20:32:30,amazon Ledsone,false
1117647,205-3791795-2998710,AMAZON,B0B8VVQSNV,,LDSG125LOE274,1,12.30,8.07,2026-03-09 20:32:28,amazon Ledsone,false
1117653,202-4685110-0708346,AMAZON,B0845RYZKW,,LDMG80E274,1,6.49,5.41,2026-03-09 20:42:07,amazon Ledsone,false
1117654,026-2683641-9065121,AMAZON,B0F2FYS1WB,,RWT570YE,1,12.29,10.24,2026-03-09 20:45:56,amazon Ledsone,false
1117663,206-1072854-9144362,AMAZON,B0FPR1YJZV,,ENC6176,1,19.69,16.41,2026-03-09 20:50:57,amazon Ledsone,false
1117665,026-7901881-9835510,AMAZON,B0D28Y45YZ,,LSCY290BL3PK+RPR44WH3PK,1,42.69,35.57,2026-03-09 20:57:01,amazon Ledsone,false
1117669,203-6699322-5404307,AMAZON,B0C2VJJMJ2,,CRSF100YB+LHNSE27YB+LSRP260YB,1,28.69,23.91,2026-03-09 21:06:14,amazon Ledsone,false
1117671,206-1215605-4598763,AMAZON,B0CY2966V8,,ENC6534,2,37.79,16.57,2026-03-09 21:02:19,amazon Ledsone,false
1117672,206-7228332-2668364,AMAZON,B08S44XNJF,,CRSF100BC+LHNSE27YB+SCRN70BC+LSWD360BC,1,26.19,21.82,2026-03-09 21:13:30,amazon Ledsone,false
1117673,206-7084019-9382757,AMAZON,B0CSNHHK98,,ENC7630,1,30.89,30.89,2026-03-09 21:02:19,amazon Dcvoltage,false
1117674,203-7549533-6772322,AMAZON,B0D6NCB51Z,,COY9ABM2PK,1,11.49,11.49,2026-03-09 21:01:31,amazon Dcvoltage,false
1117676,203-3155171-7952356,AMAZON,B0FL78WQVD,,PHSF2BMTBM2PK+ICST64E272PK,2,49.11,28.89,2026-03-09 21:20:17,amazon Dcvoltage,false
1117680,203-0008802-4581951,AMAZON,B0DNK13F2V,,ENC5355,1,29.89,24.91,2026-03-09 21:23:47,amazon Ledsone,false
1117683,204-0479669-1081960,AMAZON,B0CDLT63XN,,WLHSBMRE122PK,1,41.79,34.82,2026-03-09 21:28:40,amazon Ledsone,false
1117692,026-7482298-6224319,AMAZON,B0DCKWL469,,STFG4845WH,1,6.38,2.91,2026-03-09 21:42:06,amazon Ledsone,false
1117693,202-5025867-4641165,AMAZON,B0F9466PK8,,CL3TGL3PK,1,6.99,5.82,2026-03-09 21:38:02,amazon Ledsone,false
1117694,026-0076736-4883561,AMAZON,B0DTPB2YC2,,WCB2BM3PK+RPR44WH3PK,1,22.89,19.07,2026-03-09 21:43:00,amazon Ledsone,false
1117697,206-7763116-7115529,AMAZON,B0CVKZQNRT,,TSLTRE,1,8.18,4.41,2026-03-09 21:46:39,amazon Ledsone,false
1117707,204-3758432-5322748,AMAZON,B0CN376GSP,,CRSF1202BM+PHHT2PBRBM2PK+SPUPBM2PK,1,18.89,15.74,2026-03-09 21:51:24,amazon Ledsone,false
1117709,205-7536077-6279561,AMAZON,B0CBKKB2RY,,WCDTRO2PK+RPR44WH2PK,1,18.29,18.29,2026-03-09 22:02:47,amazon Dcvoltage,false
1117710,204-6994801-9389934,AMAZON,B0DH9B4NSC,,CL3TIV3PK,1,7.99,7.99,2026-03-09 22:01:29,amazon Dcvoltage,false
1117713,204-2461862-3122717,AMAZON,B0CQNKMFJH,,PLTFRR+ICST64E2740,1,21.99,21.99,2026-03-09 22:01:48,amazon Dcvoltage,false
1117714,204-7029442-5965107,AMAZON,B0FPFZ5KDS,,LDCWGU1036PK,1,13.89,11.57,2026-03-09 21:58:54,amazon Ledsone,false
1117718,205-6858426-2556329,AMAZON,B0FVM8LHNX,,CERU36150BL,1,4.58,1.41,2026-03-09 22:17:03,amazon Ledsone,false
1117720,204-1504304-2637968,AMAZON,B0DL2ZJ23Q,,PLHWBM2PK,3,59.10,21.89,2026-03-09 22:15:09,amazon Dcvoltage,false
1117726,026-0757107-3646763,AMAZON,B09475XCMR,,LDMG95E278,1,6.99,5.82,2026-03-09 22:21:56,amazon Ledsone,false
1117728,026-1707750-7393149,AMAZON,B0CHFMLZWQ,,WCB5BM+RPR44WH,1,9.98,8.32,2026-03-09 22:27:18,amazon Ledsone,false
1117729,204-1966622-7371548,AMAZON,B0CNZ28DK9,,ENC4323,1,36.89,36.89,2026-03-09 22:34:09,amazon Dcvoltage,false
1117730,204-9031216-7096330,AMAZON,B0DXQB7T3C,,LSCY290GY2PK+RPR44WH2PK,2,54.58,22.74,2026-03-09 22:38:58,amazon Ledsone,false
1117735,205-4995695-2110719,AMAZON,B0F1D3YQPG,,RWWPSY10GY,1,5.38,2.49,2026-03-09 22:55:22,amazon Dcvoltage,false
1117736,206-8807440-9504333,AMAZON,B0DF7S438X,,LSMS320WH2PK+RPR44WH2PK,1,27.99,23.32,2026-03-09 22:59:13,amazon Ledsone,false
1117744,202-0763063-7533114,AMAZON,B0DH9H89G1,,CL3TGLAPK,1,20.99,20.99,2026-03-09 23:28:22,amazon Dcvoltage,false
1117745,204-4192740-2777964,AMAZON,B09KNVBJZW,,CRSF2003BM+PHRB1PBR40BM3PK+LSBS160GR3PK,1,28.89,24.07,2026-03-09 23:42:03,amazon Ledsone,false
1117747,026-3097722-5729928,AMAZON,B08PZ7KFNS,,24IP6715,1,8.09,6.74,2026-03-09 23:52:19,amazon Ledsone,false
1117748,205-6992269-1663558,AMAZON,B0F2MYXJ7Y,,RWWPSYBF25GY,1,4.28,1.16,2026-03-09 23:58:04,amazon Ledsone,false
1117751,203-8267388-4397942,AMAZON,B0F945MW4Y,,CL3TGY3PK,1,10.28,5.82,2026-03-10 00:15:49,amazon Ledsone,false
1117810,202-0122995-4108342,AMAZON,B0F2919THD,,LSCY290CO+RPR44WH,2,34.76,15.24,2026-03-10 05:21:10,amazon Ledsone,false
1117817,204-7808581-5374731,AMAZON,B0FB3Y2GWC,,LDMC35E144,1,5.99,4.99,2026-03-10 06:22:09,amazon Ledsone,false
1117827,202-9243854-4929943,AMAZON,B094R3M2DC,,PLADBM,1,47.99,39.99,2026-03-10 06:47:27,amazon Ledsone,false
1117837,204-3468203-3229148,AMAZON,B093TDJGGL,,LSCY290BS+RPR44WH,2,30.19,13.24,2026-03-10 07:15:01,amazon Ledsone,false
1117845,203-4883780-3601136,AMAZON,B0FQVCJCKP,,ENC9107,3,83.67,27.89,2026-03-10 07:27:39,amazon Dcvoltage,false
1117846,205-6328022-6328326,AMAZON,B0F28YNDZN,,LSCY290RO+RPR44WH,2,34.75,15.24,2026-03-10 07:24:42,amazon Ledsone,false
1117847,206-8794713-8135567,AMAZON,B0DNK2WMKV,,ENC5360,2,59.78,24.91,2026-03-10 07:19:41,amazon Ledsone,false
1117855,026-1258296-4081952,AMAZON,B0FZCW7KC7,,LSHM300HE+RPR44WH,1,23.99,23.99,2026-03-10 07:38:22,amazon Dcvoltage,false
1117870,204-5874093-5024315,AMAZON,B0D5B68326,,WCDTGD2PK+RPR44WH2PK,1,20.89,20.89,2026-03-10 07:46:56,amazon Dcvoltage,false
1117871,204-8560213-7051538,AMAZON,B0CCJ13D4W,,SPSDP2WH5PK,1,20.89,17.41,2026-03-10 07:49:48,amazon Ledsone,false
1117876,205-6648224-6481157,AMAZON,B0DQD9LY98,,PHSF1AGTGB3PK,2,49.19,21.57,2026-03-10 08:03:31,amazon Ledsone,false
1117877,206-1999887-7649922,AMAZON,B0B4G9MW42,,CNT900BM,1,8.09,6.74,2026-03-10 08:05:24,amazon Ledsone,false
1117878,206-4694022-6058760,AMAZON,B0DYTM8NSM,,RWWPSY0860YE,1,5.78,2.41,2026-03-10 08:06:29,amazon Ledsone,false
1117887,206-3284365-7005922,AMAZON,B0CVKZ67VL,,RWWPSY0860YE,1,5.78,2.41,2026-03-10 08:18:06,amazon Ledsone,false
1117911,203-4360014-4525109,AMAZON,B0CPBXK43C,,LSCY290NB+RPR44WH,1,16.09,16.09,2026-03-10 08:41:53,amazon Dcvoltage,false
1117913,205-7773234-5453943,AMAZON,B0DMF2KF74,,ENC9307,1,27.29,22.74,2026-03-10 08:46:00,amazon Ledsone,false
1117932,202-9238614-2857932,AMAZON,B0C9TJPM1H,,ENC1911,1,18.89,18.89,2026-03-10 09:05:20,amazon Dcvoltage,false
1117937,026-2076349-6949919,AMAZON,B0F1D3YQPG,,RWWPSY10GY,1,5.38,2.49,2026-03-10 09:09:22,amazon Dcvoltage,false
1117938,204-9852131-9173124,AMAZON,B0DH969DS2,,CL3TLB3PK,1,7.99,7.99,2026-03-10 09:14:15,amazon Dcvoltage,false
1117944,205-8152880-5342712,AMAZON,B0CVMZBLZ7,,RWWPSYBF25GY,1,4.78,1.89,2026-03-10 09:20:28,amazon Dcvoltage,false
1117945,205-6529858-0282700,AMAZON,B0CGZQV9Y7,,LSMCSPFLMC+RPM40WH,1,24.89,20.74,2026-03-10 09:19:39,amazon Ledsone,false
1117946,204-8686334-8542727,AMAZON,B09475XCMR,,LDMG95E278,3,20.97,5.82,2026-03-10 09:29:14,amazon Ledsone,false
1117949,202-2980758-5429126,AMAZON,B0F23SVBVW,,WCBV62BC+SCRN70BM,1,11.08,6.82,2026-03-10 09:29:59,amazon Ledsone,false
1117953,202-6850461-9101163,AMAZON,B0DH937VLZ,,CL3TCR3PK,1,8.99,8.99,2026-03-10 09:48:31,amazon Dcvoltage,false
1117962,206-6087619-8843523,AMAZON,B0DXQ8WPCG,,LSCY290SN2PK+RPR44WH2PK,1,29.89,24.91,2026-03-10 09:55:56,amazon Ledsone,false
1117963,026-0237004-0717965,AMAZON,B0CNRSSLWZ,,LDST185E274,1,11.08,8.19,2026-03-10 09:59:14,amazon Dcvoltage,false
1117968,026-4680277-4582719,AMAZON,B0DH4LZZYX,,LDMG95E2786PK,1,31.99,31.99,2026-03-10 09:58:48,amazon SRM Amazon,false
1117977,202-3704804-4665948,AMAZON,B0GPVYCGFL,,PSDS2BMRRE,1,11.99,9.99,2026-03-10 10:14:58,amazon Ledsone,false
1117985,026-4057863-3559501,AMAZON,B0D7BZ726S,,LDSG125E274,1,10.99,9.16,2026-03-10 10:19:22,amazon Ledsone,false
1117986,203-4525657-3707552,AMAZON,B093HCLPM8,,LSCY290BS+RPR44WH,1,14.30,13.24,2026-03-10 10:26:09,amazon Ledsone,false
1117987,026-1905027-0208343,AMAZON,B0863LVZNG,,PHSF1AGTGB,1,11.99,9.99,2026-03-10 10:26:22,amazon Ledsone,false
1117990,202-3283921-3175543,AMAZON,B0CKWMGD1M,,CL3RBR5PK,1,14.19,14.19,2026-03-10 10:37:42,amazon Dcvoltage,false
1117991,206-9348311-7624313,AMAZON,B0FHWPN7GD,,PSDS4BMRBM,4,53.36,13.34,2026-03-10 10:39:23,amazon SRM Amazon,false
1117992,206-5048750-3648354,AMAZON,B0FH6JJKV4,,SPSDP2BMY,1,8.58,4.74,2026-03-10 10:35:32,amazon Ledsone,false
1118005,204-6922914-2480354,AMAZON,B07PM5KN1T,,CL3TGL5PK,1,13.11,13.11,2026-03-10 10:54:40,amazon Dcvoltage,false
1118007,204-1237921-2193934,AMAZON,B0D7BXHZP9,,LDSG125E2742PK,1,15.77,13.14,2026-03-10 10:57:51,amazon Ledsone,false
1118015,202-9732540-0384303,AMAZON,B0GHWNXJJ2,,ENC642,2,45.39,19.91,2026-03-10 11:10:30,amazon Ledsone,false
1118021,203-5227082-3258766,AMAZON,B0CL7KK2HZ,,ENC6494,1,55.69,55.69,2026-03-10 11:29:56,amazon Dcvoltage,false
1118022,206-4724981-8425117,AMAZON,B0G49DDJ63,,WCCYSP180GD2PK+RPR44WH2PK,1,23.89,19.91,2026-03-10 11:22:47,amazon Ledsone,false
1118031,204-1188099-5864348,AMAZON,B0GDDXB14R,,LDMT185E2732PK,1,10.99,9.16,2026-03-10 11:31:57,amazon Ledsone,false
1118032,203-6647518-9309961,AMAZON,B0BP2P7VDD,,LDMG125E2785PK,1,32.89,27.41,2026-03-10 11:38:24,amazon Ledsone,false
1118043,204-4705136-3461158,AMAZON,B0FNWFF268,,LSWD360BG+RPR44WH,1,19.69,16.41,2026-03-10 11:43:23,amazon Ledsone,false
1118044,204-8216631-6425165,AMAZON,B0CVL9L141,,LSEL400OR+RPR44WH,1,18.89,15.74,2026-03-10 11:43:44,amazon Ledsone,false
1118052,206-6838082-0977139,AMAZON,B0DH5Z7232,,CL2THE5PK,3,35.97,11.99,2026-03-10 11:54:16,amazon Dcvoltage,false
1118053,204-5574344-4900351,AMAZON,B0FPWXQWQD,,LDCWA60HB2296PK,1,10.13,6.24,2026-03-10 11:50:19,amazon Ledsone,false
1118054,204-9039290-8220339,AMAZON,B09Z6RHPL3,,CCBC5,1,5.12,4.74,2026-03-10 11:54:34,amazon Ledsone,false
1118055,204-1916982-8081966,AMAZON,B0F9VGLPDL,,CL3RGL3PK,1,6.79,5.66,2026-03-10 11:58:30,amazon Ledsone,false
1118060,202-9135696-5845945,AMAZON,B08VGPWXG1,,LSCY290OR+RPR44WH,3,46.47,15.49,2026-03-10 12:12:56,amazon Dcvoltage,false
1118081,204-8746516-0218763,AMAZON,B0C174KF9T,,PSDS2RBR,2,19.98,9.99,2026-03-10 12:35:26,amazon Dcvoltage,false
1118082,204-4389357-9783514,AMAZON,B09477YHK7,,LDMG95E278APK,2,70.38,29.32,2026-03-10 12:35:44,amazon Ledsone,false
1118090,205-3444900-3877148,AMAZON,B0C7R2PGD4,,CRSF2003BM+WCRNBM3PK+ICST64E273PK,1,53.89,53.89,2026-03-10 12:50:31,amazon Dcvoltage,false
1118105,026-2684167-0038739,AMAZON,B0CMCSXRHS,,WLWOCPBM2PK,3,89.83,26.27,2026-03-10 12:33:45,amazon Ledsone,false
1118106,203-6422846-8863564,AMAZON,B093HBRKWJ,,LSCY290BL+RPR44WH,1,15.29,12.74,2026-03-10 13:06:44,amazon Ledsone,false
1118122,202-7140652-9999534,AMAZON,B0DH9B4NSC,,CL3TIV3PK,1,7.99,7.99,2026-03-10 13:22:57,amazon Dcvoltage,false
1118131,205-9823626-9209912,AMAZON,B08PBV6THJ,,CRFF500WH+PHCN1PWRWH3PK+LSFT220RE3PK,1,38.99,38.99,2026-03-10 13:28:26,amazon SRM Amazon,false
1118132,205-3623573-1109116,AMAZON,B0DH69S4YV,,CL2TBK2PK,1,6.99,6.99,2026-03-10 13:40:28,amazon Dcvoltage,false
1118133,205-9752307-5844311,AMAZON,B07MF6MSMS,,CCBKNWE36,1,11.88,8.99,2026-03-10 13:48:32,amazon Dcvoltage,false
1118141,026-7760130-8322747,AMAZON,B0DK4TF9X2,,SPWL43BM2PK,1,16.48,11.32,2026-03-10 13:53:35,amazon Ledsone,false
1118143,204-4377603-2404332,AMAZON,B09LVF34XS,,PHCT1BMRBM+PHDO1PBRBM+LSCY290RO,3,83.07,23.07,2026-03-10 13:56:47,amazon Ledsone,false
1118145,204-3927651-0390722,AMAZON,B08KG9554K,,CL2RHEAPK,1,15.89,15.89,2026-03-10 14:01:25,amazon Dcvoltage,false
1118148,204-2695663-9021956,AMAZON,B0CR3KJPWW,,MBEX4055BMDPK,1,11.19,9.32,2026-03-10 14:06:11,amazon Ledsone,false
1118149,203-0633073-4188343,AMAZON,B0FQVDFF8N,,CRFF108BM+PHRI1PBRBA+LSCY290BG,1,24.89,24.89,2026-03-10 14:05:32,amazon Dcvoltage,false
1118153,205-7560823-9642732,AMAZON,B0DVGQ852R,,LSCY290BM3PK+RPR44WH3PK,1,39.89,39.89,2026-03-10 14:17:11,amazon Dcvoltage,false
1118154,206-7381075-8774744,AMAZON,B0GLGLH64Z,,LSGLFP245BL+RPM40WH,2,31.78,15.89,2026-03-10 14:18:30,amazon Dcvoltage,false
1118155,204-7014122-3909921,AMAZON,B0DCD25XPJ,,STPVC17ABL3PK,1,4.11,1.22,2026-03-10 14:47:39,amazon Dcvoltage,false
1118157,205-1403797-4442731,AMAZON,B0F9466PK8,,CL3TGL3PK,3,20.97,5.82,2026-03-10 14:19:27,amazon Ledsone,false
1118163,202-3669481-3853121,AMAZON,B0FQVCJCKP,,ENC9107,1,27.89,27.89,2026-03-10 14:27:45,amazon Dcvoltage,false
1118164,204-3385325-3415525,AMAZON,B0D961B99S,,CO532AGYAPK,1,5.78,2.41,2026-03-10 14:21:27,amazon Ledsone,false
1118174,206-6302131-2757134,AMAZON,B0FLXTPL92,,CRSF100YB+PHMH1HERYB,1,8.99,8.99,2026-03-10 14:33:01,amazon SRM Amazon,false
1118182,205-1932454-2691521,AMAZON,B0DPM9QV89,,LHSHE27CO,4,36.48,8.00,2026-03-10 14:44:50,amazon Ledsone,false
1118184,026-9311992-1786735,AMAZON,B0DZ1Z8B9V,,RWWPSY10120YE2PK,1,20.18,16.82,2026-03-10 14:13:24,amazon Ledsone,false
1118185,203-0393291-9237917,AMAZON,B0F23SVBVW,,WCBV62BC+SCRN70BM,1,11.08,6.82,2026-03-10 14:47:33,amazon Ledsone,false
1118193,202-1185781-9373146,AMAZON,B083NJ1XNR,,CRSF100BM+WCGSBM,1,15.99,13.32,2026-03-10 14:57:32,amazon Ledsone,false
1118196,206-9555780-4860326,AMAZON,B0C43L42DK,,WCDTRE+RPR44WH,1,10.89,9.07,2026-03-10 15:04:17,amazon Ledsone,false
1118197,203-7223119-3327526,AMAZON,B0FH9MJR4X,,CRFF140CH+PHAH2RCHBW+SPSDP2SN,1,15.29,12.74,2026-03-10 15:04:36,amazon Ledsone,false
1118199,205-0999275-8023517,AMAZON,B08KGF2ZG7,,CL3RHE5PK,1,15.79,15.79,2026-03-10 15:09:49,amazon Dcvoltage,false
1118204,204-0374345-0675566,AMAZON,B0B8J8FJFN,,CRSF1202CO,1,9.48,5.49,2026-03-10 15:18:05,amazon Ledsone,false
1118205,204-0663960-5513153,AMAZON,B0GLYWV3LG,,PLTRBM,1,47.89,39.91,2026-03-10 15:18:40,amazon Ledsone,false
1118212,203-2196725-7697950,AMAZON,B0C1KHWNCJ,,LSCY290SN+RPR44WH,1,17.29,14.41,2026-03-10 15:27:03,amazon Ledsone,false
1118223,203-3368016-0277134,AMAZON,B0C3GY929H,,LSDO210GR+RPR44WH,1,10.41,9.91,2026-03-10 15:29:16,amazon Ledsone,false
1118236,206-0475965-7871567,AMAZON,B0CJCDYC9G,,PSOS2HERBM,1,13.89,13.89,2026-03-10 15:57:16,amazon SRM Amazon,false
1118237,026-8115586-9933125,AMAZON,B08XWSBPHW,,WCB1BM+RPR44WH,1,10.69,10.69,2026-03-10 15:50:57,amazon Dcvoltage,false
1118241,203-0237442-0420357,AMAZON,B0DH98RWFJ,,CL3TBW5PK,1,11.99,11.99,2026-03-10 15:59:44,amazon Dcvoltage,false
1118249,203-6342080-2116300,AMAZON,B0FZ96SQ2Z,,CRSF1204BM+PHRY2PCRBM4PK,1,35.89,29.91,2026-03-10 16:15:45,amazon Ledsone,false
1118250,206-6242163-5689108,AMAZON,B0D6NBRV3X,,COY9ABM3PK,2,32.98,16.49,2026-03-10 16:14:14,amazon Dcvoltage,false
1118252,202-6388464-7080325,AMAZON,B0C9DPGRGD,,SPSDP2BM,1,5.69,5.69,2026-03-10 16:20:35,amazon Dcvoltage,false
1118267,202-7952632-4269114,AMAZON,B0DG2C248J,,LDMA60E274WW3PK,1,11.30,9.91,2026-03-10 16:33:22,amazon Ledsone,false
1118269,203-6597009-1833142,AMAZON,B0CTFKSJCZ,,CRSF100BM+PHHT2PBRBM+LSHM400HE,8,274.48,34.31,2026-03-10 16:33:21,amazon Dcvoltage,false
1118271,203-7751530-8573100,AMAZON,B0BWTY1TRR,,LSCP150GY+RPR44WH,1,11.89,11.89,2026-03-10 16:38:12,amazon Dcvoltage,false
1118282,204-9593607-2430741,AMAZON,B0BBGPSM2V,,CL2RWH5PK,1,14.89,14.89,2026-03-10 16:49:10,amazon Dcvoltage,false
1118283,202-2762429-8001116,AMAZON,B0CKSSCVJY,,CRFF75RO+HK10RO,1,9.78,5.74,2026-03-10 16:43:27,amazon Ledsone,false
1118290,026-6548790-0647555,AMAZON,B0CVL5MYFT,,LSTF400WH+RPR44WH,1,16.59,16.59,2026-03-10 16:53:14,amazon Dcvoltage,false
1118291,202-0546535-1889929,AMAZON,B0DCHM8TH7,,STND242RE2PK,1,5.58,2.24,2026-03-10 16:51:18,amazon Ledsone,false
1118292,206-8961028-5626767,AMAZON,B0FPQVSMFT,,LDCWT75B2212,1,8.79,7.32,2026-03-10 17:00:39,amazon Ledsone,false
1118294,204-0405529-7790732,AMAZON,B0B71MJFDZ,,CRSF100BM,1,8.88,4.99,2026-03-10 17:04:08,amazon Ledsone,false
1118305,204-9308858-9526705,AMAZON,B0CC8QX5QJ,,CRSF100BM+WSSS70BM+LSWD360BM+ICST64E27,1,29.49,29.49,2026-03-10 17:17:25,amazon Dcvoltage,false
1118313,206-5500417-2313109,AMAZON,B0CG9HYBJS,,WSLH200BM+ICST64E27,1,20.89,17.41,2026-03-10 17:31:37,amazon Ledsone,false
1118318,205-0160120-9064328,AMAZON,B0CFHKYH59,,CRSF100BM2PK+PHRNWP1RBM2PK,3,57.26,16.74,2026-03-10 17:36:02,amazon Ledsone,false
1118319,205-1663208-4308316,AMAZON,B0FPQTGFVN,,LDCWT75B22125PK,1,23.89,19.91,2026-03-10 17:35:30,amazon Ledsone,false
1118322,202-5070488-6513107,AMAZON,B0DH9B4NSC,,CL3TIV3PK,1,7.99,7.99,2026-03-10 17:42:59,amazon Dcvoltage,false
1118323,202-0246525-7597910,AMAZON,B0D93LY33B,,ENC7471,1,31.89,26.57,2026-03-10 17:39:08,amazon Ledsone,false
1118326,026-6064485-8653122,AMAZON,B0DH4KYFPD,,WCDTBM2PK+RPR44WH2PK,1,18.89,15.74,2026-03-10 17:41:39,amazon Ledsone,false
1118331,205-3803915-3433157,AMAZON,B0DTHZ1JX5,,WCDCBM4PK+RPR44WH4PK,1,32.49,27.07,2026-03-10 17:53:37,amazon Ledsone,false
1118333,026-4408840-1824362,AMAZON,B0D2TMLF64,,LSCY290WH2PK+RPR44WH2PK,1,27.89,27.89,2026-03-10 17:56:41,amazon Dcvoltage,false
1118339,204-9722027-3480326,AMAZON,B0BC1CY2XD,,CL3RPUAPK,1,21.50,19.91,2026-03-10 18:03:46,amazon Ledsone,false
1118342,206-4534119-3558765,AMAZON,B09XBCV8ZM,,CRFF500BM+PHHN1PBRCO3PK+LSDO210BI3PK,2,73.89,32.41,2026-03-10 18:08:08,amazon Ledsone,false
1118348,206-3653649-9288312,AMAZON,B0DH9FSQNN,,CL3TGY3PK,1,7.99,7.99,2026-03-10 18:16:04,amazon Dcvoltage,false
1118350,026-1820989-8833151,AMAZON,B0F1D1JZTY,,RWWPSY08120YE,1,12.48,9.59,2026-03-10 18:17:39,amazon Dcvoltage,false
1118361,202-6332100-2581920,AMAZON,B0BB32Q7YP,,CL2RBT5PK,1,10.19,8.49,2026-03-10 18:22:15,amazon Ledsone,false
1118363,203-4886288-2345108,AMAZON,B0DG29SP2H,,LDMA60E274WW2PK,1,8.99,7.49,2026-03-10 18:28:02,amazon Ledsone,false
1118367,202-4297616-7367519,AMAZON,B0F1D59PXR,,RWWPSY08GY,1,5.26,1.99,2026-03-10 18:36:38,amazon Dcvoltage,false
1118368,202-1368911-5204336,AMAZON,B07Q8KHJTW,,24IP6760,1,18.49,18.49,2026-03-10 18:39:23,amazon Dcvoltage,false
1118379,204-9677287-9976315,AMAZON,B0F2F8SKBV,,LSMS320BG+RPR44WH,2,32.09,14.07,2026-03-10 18:59:30,amazon Ledsone,false
1118384,203-3390456-9817900,AMAZON,B0DH9B4NSC,,CL3TIV3PK,1,7.99,7.99,2026-03-10 19:03:14,amazon Dcvoltage,false
1118389,206-5636244-4657914,AMAZON,B0G2L35YZ5,,ENC7764,1,27.89,23.24,2026-03-10 19:13:22,amazon Ledsone,false
1118390,026-1806946-0895535,AMAZON,B0G1S1XY23,,BSFCDRSIPI,1,21.99,18.32,2026-03-10 19:15:26,amazon Ledsone,false
1118395,204-9229090-6739518,AMAZON,B0845PVMD4,,LDMT45B224,1,5.78,4.82,2026-03-10 19:21:05,amazon Ledsone,false
1118396,205-9512871-7552328,AMAZON,B0GDDFC6TS,,LDMT185E2733PK,1,13.99,11.66,2026-03-10 19:27:09,amazon Ledsone,false
1118400,026-4020533-7386765,AMAZON,B094Y87SPY,,ENC614,1,38.09,31.74,2026-03-10 19:33:25,amazon Ledsone,false
1118402,205-6227541-9928301,AMAZON,B09YYSLDWP,,PLADBM+LSDO210BG3PK+ICST64E273PK,2,100.11,58.89,2026-03-10 19:35:36,amazon Dcvoltage,false
1118403,205-2726541-9330709,AMAZON,B08TX3HMFJ,,LSMS320WH+RPR44WH,1,14.99,14.99,2026-03-10 19:38:09,amazon Dcvoltage,false
1118404,206-5221988-3164348,AMAZON,B0F1CX6BYH,,RWWPSY0680YE,1,6.36,3.09,2026-03-10 19:39:06,amazon Dcvoltage,false
1118409,205-2565083-6630716,AMAZON,B0GD5FP27N,,ENC7768,1,24.49,24.49,2026-03-10 19:39:44,amazon Dcvoltage,false
1118411,205-5307295-0989136,AMAZON,B09475XCMR,,LDMG95E278,2,13.98,5.82,2026-03-10 19:49:38,amazon Ledsone,false
1118412,203-8050630-2174728,AMAZON,B07B2WVRJ5,,12IP6715,3,20.97,5.82,2026-03-10 19:49:24,amazon Ledsone,false
1118419,204-0647467-5063549,AMAZON,B0CSPDC2PX,,ENC6087,1,26.89,26.89,2026-03-10 19:52:06,amazon Dcvoltage,false
1118420,026-7882517-8032357,AMAZON,B0D56WV9GR,,WCB7BS2PK+RPR44WH2PK,1,18.19,18.19,2026-03-10 19:58:10,amazon Dcvoltage,false
1118421,203-0407428-5514757,AMAZON,B0DH8XKTL8,,CL3TBK3PK,1,8.99,8.99,2026-03-10 19:57:38,amazon Dcvoltage,false
1118430,204-9821099-4684303,AMAZON,B0CKSSF9F2,,CRFF75BA,1,9.78,5.74,2026-03-10 20:10:26,amazon Ledsone,false
1118435,205-2180040-1753941,AMAZON,B08Y973M6R,,LSLG190BG,2,55.08,28.99,2026-03-10 20:22:01,amazon Dcvoltage,false
1118444,204-5321132-0053111,AMAZON,B0DH61JZSJ,,CL2TAGAPK,1,18.29,18.29,2026-03-10 20:35:06,amazon Dcvoltage,false
1118451,026-7980997-0649141,AMAZON,B0F1CX6BYH,,RWWPSY0680YE,1,6.36,3.09,2026-03-10 20:48:01,amazon Dcvoltage,false
1118455,202-7456261-5091530,AMAZON,B0DF7LNMSD,,ENC5148,1,48.99,40.82,2026-03-10 20:52:22,amazon Ledsone,false
1118456,202-3485852-1132323,AMAZON,B0CWQXP1J1,,CKDCF331BM,1,21.99,21.99,2026-03-10 20:50:13,amazon Dcvoltage,false
1118457,203-9948283-2283564,AMAZON,B0CWMDS3RK,,RWWPSYAE25WH,1,4.56,1.29,2026-03-10 20:52:09,amazon Dcvoltage,false
1118458,203-2618795-0978719,AMAZON,B0CVMZBLZ7,,RWWPSYBF25GY,1,4.78,1.89,2026-03-10 20:56:38,amazon Dcvoltage,false
1118459,202-0622241-8733148,AMAZON,B0D83PFMTP,,WCDCBM3PK+RPR44WH3PK,1,24.49,24.49,2026-03-10 20:57:49,amazon Dcvoltage,false
1118468,026-1602974-5105122,AMAZON,B0D5QZ5D6Y,,LSMCSQWYRE2PK+RPM40WH2PK,1,36.89,36.89,2026-03-10 21:01:06,amazon Dcvoltage,false
1118470,204-9277961-9381961,AMAZON,B0DG29SP2H,,LDMA60E274WW2PK,2,17.98,7.49,2026-03-10 20:59:34,amazon Ledsone,false
1118471,204-6657522-3040307,AMAZON,B0D6LXW2MC,,CO232AGY2PK,3,11.13,2.41,2026-03-10 20:57:43,amazon Ledsone,false
1118472,206-7601287-6971532,AMAZON,B0GCZ9ZLXK,,CRSF1203WH,1,10.38,6.24,2026-03-10 20:54:33,amazon Ledsone,false
1118480,203-1506913-7701121,AMAZON,B0FPWZHHHG,,LDCWA60HE2796PK,1,10.13,6.24,2026-03-10 21:23:16,amazon Ledsone,false
1118482,203-3414599-7910744,AMAZON,B0DXQ8VVR7,,LSCY290WH2PK+RPR44WH2PK,1,25.89,25.89,2026-03-10 21:28:10,amazon Ledsone,false
1118488,202-6245595-0833156,AMAZON,B09479HV6W,,LDMG95E2783PK,2,35.89,15.74,2026-03-10 21:44:39,amazon Ledsone,false
1118489,026-4446727-0169957,AMAZON,B0DH63TD9T,,CL2TBK5PK,1,11.99,11.99,2026-03-10 21:41:56,amazon Dcvoltage,false
1118491,026-3492428-9069949,AMAZON,B0CGDBCFM1,,CRSF100WH+PHRY1PCRPI,3,34.11,9.97,2026-03-10 21:51:16,amazon Ledsone,false
1118495,202-2355146-3398728,AMAZON,B0C4LWFNNQ,,LSLC180BS+RPR44WH,1,9.99,8.32,2026-03-10 22:03:39,amazon Ledsone,false
1118496,202-8112508-1254705,AMAZON,B0CKSSCVJY,,CRFF75RO+HK10RO,1,5.74,5.74,2026-03-10 22:07:48,amazon Ledsone,false
1118497,202-8112508-1254705,AMAZON,B0CKSSBF61,,CRFF75CO+HK10CO,1,5.74,5.74,2026-03-10 22:07:48,amazon Ledsone,false
1118498,026-3408751-8243538,AMAZON,B0CLRMGJ8Z,,CO332AOR5PK,1,5.78,2.41,2026-03-10 22:08:33,amazon Ledsone,false
1118500,204-5679278-3617104,AMAZON,B0BX4C6Y19,,LSMS320OR+RPR44WH,1,14.99,14.99,2026-03-10 22:14:35,amazon Dcvoltage,false
1118502,026-0802636-8131533,AMAZON,B0FTL8FBDR,,TSST349131GRHPK,1,72.98,60.82,2026-03-10 22:16:09,amazon Ledsone,false
1118511,206-2699221-6481966,AMAZON,B08CXS3T8T,,LDMT45E274,1,6.69,5.57,2026-03-10 22:30:33,amazon Ledsone,false
1118512,202-2597831-4318723,AMAZON,B0DH69S4YV,,CL2TBK2PK,1,6.99,6.99,2026-03-10 22:39:12,amazon Dcvoltage,false
1118514,202-4890311-5505927,AMAZON,B09ZVH3JKY,,CCBKNWE18,1,6.99,5.82,2026-03-10 22:41:09,amazon Ledsone,false
1118516,203-7515371-0513932,AMAZON,B0DH6B49KD,,CL2TGL5PK,1,10.09,10.09,2026-03-10 22:44:19,amazon Dcvoltage,false
1118517,206-1409313-8925132,AMAZON,B0D9RWB87Q,,ENC7499,2,78.95,46.44,2026-03-10 22:50:22,amazon Dcvoltage,false
1118520,026-0719583-5357120,AMAZON,B08V8GXTQ1,,WCB6BM+RPR44WH,1,10.29,10.29,2026-03-10 22:50:03,amazon Dcvoltage,false
1118522,205-6661078-0809105,AMAZON,B0F8QCCLMM,,CERU80300BM,1,7.88,4.16,2026-03-10 23:08:23,amazon Ledsone,false
1118526,205-0737227-5541969,AMAZON,B08X6KMXTC,,PLTEBM,1,19.89,19.89,2026-03-10 23:04:20,amazon Dcvoltage,false
1118527,203-5584165-3207539,AMAZON,B0DMDV1BF9,,ENC9307,1,27.89,27.89,2026-03-10 23:15:15,amazon Dcvoltage,false
1118531,203-7822281-3474750,AMAZON,B0DHLDR6GQ,,LSCO335WH2PK+RPR44WH2PK,1,27.49,22.91,2026-03-10 23:22:07,amazon Ledsone,false
1118538,202-1392661-9738725,AMAZON,B0B7799FKL,,CRFF108GB+HK10GB,2,18.67,6.57,2026-03-10 23:43:54,amazon Ledsone,false
1118539,204-6999293-2365957,AMAZON,B0F1XXKTMG,,TSTLRUSRB4PK,4,65.84,15.24,2026-03-11 00:07:45,amazon Ledsone,false
1118540,206-0165973-5717158,AMAZON,B0CCHXR4X2,,SPSDP2WH3PK,1,14.39,11.99,2026-03-11 00:12:05,amazon Ledsone,false
1118541,204-7582625-4045927,AMAZON,B0F2919THD,,LSCY290CO+RPR44WH,1,18.29,15.24,2026-03-11 00:12:46,amazon Ledsone,false
1118544,205-8630322-9598728,AMAZON,B0BWYRD8SS,,CRSF100GS+WSWH135BM+LSHQ150PI,2,37.60,16.49,2026-03-11 00:29:11,amazon Ledsone,false
1118545,204-4330240-3782751,AMAZON,B08XNPBYMH,,LSSS300WH+RPR44WH,1,13.49,13.49,2026-03-11 00:44:18,amazon Dcvoltage,false
1118546,202-9083899-3621120,AMAZON,B0FY337MGC,,CRFF500CH+WCDC10CH3PK,1,39.39,32.82,2026-03-11 00:52:40,amazon Ledsone,false
1118552,203-4269414-9695506,AMAZON,B0FCRLXSD8,,ENC9164,1,18.80,20.89,2026-03-11 02:11:49,amazon Dcvoltage,false
1118561,202-1951505-4466702,AMAZON,B0B9K3PV1G,,CL2RRE,1,5.09,5.09,2026-03-11 03:08:21,amazon Dcvoltage,false
1118588,203-4431537-7977905,AMAZON,B0D83MBJW1,,WCDTGD3PK+RPR44WH3PK,1,26.19,26.19,2026-03-11 03:49:56,amazon Dcvoltage,false
1118608,205-9217168-6183516,AMAZON,B08L7NJRBK,,LDCWE27153PK,8,92.09,10.66,2026-03-11 06:29:39,amazon Ledsone,false
1118609,205-0858894-6773154,AMAZON,B0CM2RZNHV,,WCDTGD+RPR44WH,1,11.69,11.69,2026-03-11 06:36:28,amazon Dcvoltage,false
1118617,202-4816947-2305937,AMAZON,B0D73MJNS4,,ENC4843,1,20.48,24.09,2026-03-11 07:22:20,amazon Dcvoltage,false
1118620,206-0019765-7430734,AMAZON,B0GHWNXJJ2,,ENC642,1,23.89,19.91,2026-03-11 07:24:37,amazon Ledsone,false
1118623,204-1595514-9137108,AMAZON,B0F3HT9435,,ENC829,3,236.67,78.89,2026-03-11 07:14:37,amazon SRM Amazon,false
1118628,202-5538448-5987520,AMAZON,B0D9RWZ7H8,,CRSF100SN3PK,1,15.89,13.24,2026-03-11 07:32:13,amazon Ledsone,false
1118632,203-4370456-6926762,AMAZON,B0CM2RZNHV,,WCDTGD+RPR44WH,1,11.69,11.69,2026-03-11 07:49:36,amazon Dcvoltage,false
1118633,202-8806012-0080341,AMAZON,B0CH2XHVD9,,LSMCSPSQMC+RPM40WH,1,22.99,19.16,2026-03-11 07:55:44,amazon Ledsone,false
1118637,205-7401815-3196342,AMAZON,B0DNK1NCSR,,WSFS2BMYB+SCRN70BM2PK+LSFT220WH2PK,1,29.89,24.91,2026-03-11 07:55:11,amazon Ledsone,false
1118638,206-2664838-6581144,AMAZON,B0FY5NVS4S,,LDSG1007E272PK,1,23.99,19.99,2026-03-11 08:02:25,amazon Ledsone,false
1118644,205-6860672-0265961,AMAZON,B0CKWLHCCP,,CL3RGY5PK,1,13.89,13.89,2026-03-11 08:09:50,amazon Dcvoltage,false
1118648,204-6770122-3443500,AMAZON,B0FR8C1X83,,PHUH1HETBM2PK+LSHM400HE2PK,1,63.99,63.99,2026-03-11 08:25:36,amazon Dcvoltage,false
1118649,202-9044175-0785167,AMAZON,B0C43M1HH6,,WCDTBL+RPR44WH,1,9.79,8.16,2026-03-11 08:22:46,amazon Ledsone,false
1118660,205-3070663-4788361,AMAZON,B0CVL3463J,,LSEL400WH+RPR44WH,1,19.49,19.49,2026-03-11 08:39:12,amazon Dcvoltage,false
1118661,202-2219418-1815552,AMAZON,B0CNQ1Q3BJ,,LDMG125E278,1,10.89,10.89,2026-03-11 08:40:31,amazon Dcvoltage,false
1118662,203-4452747-1604364,AMAZON,B094R3M2DC,,PLADBM,1,47.99,39.99,2026-03-11 09:00:03,amazon Ledsone,false
1118668,026-4772531-6860323,AMAZON,B0DH937VLZ,,CL3TCR3PK,1,8.99,8.99,2026-03-11 08:53:32,amazon Dcvoltage,false
1118669,206-3927350-8901948,AMAZON,B0C5CWPM3T,,ENC5031,2,37.79,16.57,2026-03-11 08:52:39,amazon Ledsone,false
1118686,206-0756420-7645135,AMAZON,B08V5MK449,,CRSF100BM+PHHT1PBRBM+LSCY290BM,2,34.00,18.89,2026-03-11 09:11:09,amazon Dcvoltage,false
1118694,203-2282319-6281958,AMAZON,B0FRN3T3Q7,,HBGF730MAP,1,12.89,12.89,2026-03-11 09:20:00,amazon Dcvoltage,false
1118695,202-5043246-8661921,AMAZON,B0C7Q6ZQ8T,,CRSF100BM+PHHT1PBRBM+LSHM400HE,2,64.24,35.69,2026-03-11 09:24:19,amazon Dcvoltage,false
1118698,204-2664979-1536363,AMAZON,B0DG2DZJ6V,,ENC7619,2,62.49,27.41,2026-03-11 09:33:38,amazon Ledsone,false
1118702,204-9190787-8007547,AMAZON,B081H8KK5D,,CL2TBR3PK,1,10.88,7.99,2026-03-11 09:42:39,amazon Dcvoltage,false
1118708,206-4006244-0313123,AMAZON,B0F1CX6BYH,,RWWPSY0680YE,1,6.36,3.09,2026-03-11 09:51:25,amazon Dcvoltage,false
1118709,026-2178225-9563531,AMAZON,B0DX6TP9TZ,,CENU36300WH,1,5.28,1.66,2026-03-11 09:47:11,amazon Ledsone,false
1118715,203-8144607-6801150,AMAZON,B0FZCQMY9B,,LSHM400HE2PK+RPR44WH2PK,1,54.89,54.89,2026-03-11 10:02:46,amazon Dcvoltage,false
1118717,202-6537659-2847553,AMAZON,B0G49DDJ63,,WCCYSP180GD2PK+RPR44WH2PK,2,45.39,19.91,2026-03-11 10:07:21,amazon Ledsone,false
1118722,205-9400107-7175544,AMAZON,B0DH9FSQNN,,CL3TGY3PK,1,7.99,7.99,2026-03-11 10:18:54,amazon Dcvoltage,false
1118731,205-1497384-1078760,AMAZON,B0DX6VQMFH,,CENU46450BM,1,3.24,3.24,2026-03-11 10:23:28,amazon Ledsone,false
1118732,205-1497384-1078760,AMAZON,B0DX6T74B9,,CENU36300BM,1,1.66,1.66,2026-03-11 10:23:28,amazon Ledsone,false
1118733,206-8032655-4710745,AMAZON,B0CCJC5MDM,,LSDO300BI+RPR44WH,1,12.89,12.89,2026-03-11 10:24:12,amazon Dcvoltage,false
1118734,206-6899826-0345966,AMAZON,B0CPBW3J4P,,LSCY290RO+RPR44WH,1,17.89,17.89,2026-03-11 10:25:10,amazon Dcvoltage,false
1118738,203-5117974-6293959,AMAZON,B0F291VKCF,,LSCY290RE+RPR44WH,3,45.33,12.41,2026-03-11 10:33:45,amazon Ledsone,false
1118740,202-6354905-7061128,AMAZON,B0DX784TX6,,CERU80300BM,1,7.88,4.16,2026-03-11 10:32:32,amazon Ledsone,false
1118741,204-5420949-0821964,AMAZON,B0C3ZT3VR1,,LSCY290CB+RPR44WH,1,15.89,13.24,2026-03-11 10:35:44,amazon Ledsone,false
1118742,026-1445192-5847542,AMAZON,B0F2919THD,,LSCY290CO+RPR44WH,1,18.29,15.24,2026-03-11 10:36:27,amazon Ledsone,false
1118743,205-9889407-4803508,AMAZON,B0F9YNBRZD,,LSMS320BG+RPR44WH,1,16.89,14.07,2026-03-11 10:36:25,amazon Ledsone,false
1118745,026-4414750-4140353,AMAZON,B0BBS6B82P,,CL3TBMAPK,1,23.89,19.91,2026-03-11 10:36:27,amazon Ledsone,false
1118747,202-7859541-3448351,AMAZON,B0F9YJX982,,CRSF100HBM+WSWS1PHTBM+PSDS2BPB+WCDCBM,2,29.98,14.99,2026-03-11 10:37:18,amazon Dcvoltage,false
1118756,204-6757343-5106740,AMAZON,B0D2996WRV,,LSCY290SN3PK+RPR44WH3PK,1,42.89,35.74,2026-03-11 10:38:43,amazon Ledsone,false
1118757,205-4286609-7238702,AMAZON,B094DL6WJK,,PLADRR,1,49.86,41.55,2026-03-11 10:44:41,amazon Ledsone,false
1118758,206-3218764-7317945,AMAZON,B0DXPFBTCK,,LSDO210BI2PK+RPR44WH2PK,1,17.89,14.91,2026-03-11 10:48:34,amazon Ledsone,false
1118768,203-6583240-3215500,AMAZON,B0CZNJCBB6,,LSSS300BI2PK+RPR44WH2PK,1,22.79,22.79,2026-03-11 10:53:37,amazon Dcvoltage,false
1118770,203-7933084-1687558,AMAZON,B08VGPWXG1,,LSCY290OR+RPR44WH,1,15.49,15.49,2026-03-11 10:54:35,amazon Dcvoltage,false
1118773,206-4266390-1729952,AMAZON,B0FKMB9NWG,,CRFF108BM2PK+LHTKE27BA2PK,1,18.29,15.24,2026-03-11 10:59:33,amazon Ledsone,false
1118778,204-3077651-9189130,AMAZON,B0F1D3YQPG,,RWWPSY10GY,1,2.49,2.49,2026-03-11 11:05:54,amazon Dcvoltage,false
1118779,204-3077651-9189130,AMAZON,B0F1D2YMJS,,RWWPSY12GY,1,2.49,2.49,2026-03-11 11:05:54,amazon Dcvoltage,false
1118780,202-6938328-9676334,AMAZON,B0CQNKMFJH,,PLTFRR+ICST64E2740,1,21.99,21.99,2026-03-11 11:07:07,amazon Dcvoltage,false
1118784,203-9887003-9489967,AMAZON,B0BBS6B82P,,CL3TBMAPK,1,23.89,19.91,2026-03-11 11:19:22,amazon Ledsone,false
1118785,204-1065142-3317961,AMAZON,B0F43QJMH8,,CENU25200WH,1,4.25,1.29,2026-03-11 11:14:22,amazon Dcvoltage,false
1118799,202-8355049-6403560,AMAZON,B07HRGXZJD,,CCBKNWE18,4,26.56,6.99,2026-03-11 11:21:55,amazon Dcvoltage,false
1118800,206-0966354-7397966,AMAZON,B07CJNZCFN,,5IP2050,1,8.99,8.99,2026-03-11 11:25:06,amazon Dcvoltage,false
1118801,206-3499809-5117914,AMAZON,B08KGJT4DP,,CL3THE5PK,1,15.79,15.79,2026-03-11 11:24:53,amazon Dcvoltage,false
1118805,205-8830332-6557142,AMAZON,B0CLGY316H,,CRFF140CO+WSFSCO+ICST64E27,2,23.35,10.24,2026-03-11 11:29:00,amazon Ledsone,false
1118806,026-2922460-4113154,AMAZON,B0CV7RDB5B,,RWGS1533WH,2,10.67,3.24,2026-03-11 11:29:45,amazon Ledsone,false
1118807,026-1317568-4346750,AMAZON,B0BB31YPDF,,CL2RGY5PK,1,13.89,11.57,2026-03-11 11:33:51,amazon Ledsone,false
1118808,205-4852427-4737168,AMAZON,B09475XCMR,,LDMG95E278,1,6.99,5.82,2026-03-11 11:33:53,amazon Ledsone,false
1118814,205-9094257-9849906,AMAZON,B0FQVDFF8N,,CRFF108BM+PHRI1PBRBA+LSCY290BG,2,44.80,24.89,2026-03-11 11:42:47,amazon Dcvoltage,false
1118815,203-6515838-3955504,AMAZON,B0F9YHRMJ6,,CRSF100HBM+WSWS1PBLBM+PSDS2BPB,2,35.98,17.99,2026-03-11 11:43:15,amazon Dcvoltage,false
1118816,205-8366753-4343532,AMAZON,B0DH937VLZ,,CL3TCR3PK,1,8.99,8.99,2026-03-11 11:43:36,amazon Dcvoltage,false
1118832,203-4096488-7246705,AMAZON,B0B8P3MBNP,,LDMA60B224CW2PK,1,8.12,4.36,2026-03-11 11:58:50,amazon Ledsone,false
1118837,205-9246424-1493140,AMAZON,B09XBCV8ZM,,CRFF500BM+PHHN1PBRCO3PK+LSDO210BI3PK,1,38.89,32.41,2026-03-11 12:11:55,amazon Ledsone,false
1118838,204-9101561-2094764,AMAZON,B0CBN2W4KH,,WCB1BC+RPR44WH,1,9.89,8.24,2026-03-11 12:15:16,amazon Ledsone,false
1118839,205-9440737-7771516,AMAZON,B07GJPMHCT,,24IP6750,1,15.00,15.00,2026-03-11 12:16:06,amazon Dcvoltage,false
1118846,203-7904985-0732307,AMAZON,B0GGC4Q9W3,,ENC9291,1,21.89,21.89,2026-03-11 12:23:52,amazon Dcvoltage,false
1118847,202-1671348-3725133,AMAZON,B0D7MRR59N,,CRFF105BY2PK,1,13.89,11.57,2026-03-11 12:23:15,amazon Ledsone,false
1118853,202-4260054-6777905,AMAZON,B0FPWVFF9W,,LDCWA60HE27126PK,1,11.37,7.07,2026-03-06 15:29:20,amazon Ledsone,false
1118854,202-5409891-8189963,AMAZON,B0F1D1JZTY,,RWWPSY08120YE,1,9.59,9.59,2026-03-11 12:29:41,amazon Dcvoltage,false
1118855,202-5409891-8189963,AMAZON,B0F1CX6BYH,,RWWPSY0680YE,1,3.09,3.09,2026-03-11 12:29:41,amazon Dcvoltage,false
1118858,205-2450101-2504339,AMAZON,B0DCHNMY65,,STND242RE,1,4.88,1.66,2026-03-11 12:41:14,amazon Ledsone,false
1118859,206-0177253-1659579,AMAZON,B0CKWL49NX,,CL3RBU5PK,1,13.89,13.89,2026-03-11 12:40:10,amazon Dcvoltage,false
1118860,202-6017768-7367526,AMAZON,B0CG9GNX5L,,WCWODSBM2PK+RPR44WH2PK,1,19.89,19.89,2026-03-11 12:40:44,amazon Dcvoltage,false
1118861,203-5202984-2344316,AMAZON,B0BBGLYG4F,,CL2RHE5PK,1,18.99,13.99,2026-03-11 12:48:04,amazon Dcvoltage,false
1118872,026-9851257-8716352,AMAZON,B0CR63FXY6,,CKB6820PCBM,1,31.69,26.41,2026-03-11 12:49:16,amazon Ledsone,false
1118877,202-7451186-3274722,AMAZON,B0GLGB3M6Q,,LSGLFP245PU+RPM40WH,1,15.89,15.89,2026-03-11 12:56:29,amazon Dcvoltage,false
1118886,205-3982916-2713901,AMAZON,B0CSDPYCLM,,STBFT50M48EWH,1,5.65,2.30,2026-03-11 13:02:47,amazon Ledsone,false
1118896,026-5953431-2667538,AMAZON,B0DK8VQW2W,,LHTOE27RO,4,36.68,8.49,2026-03-11 13:16:21,amazon Ledsone,false
1118897,202-0835892-0038710,AMAZON,B0D2975QTC,,LSCY290OR2PK+RPR44WH2PK,1,23.89,19.91,2026-03-11 13:15:52,amazon Ledsone,false
1118908,026-3741238-9260351,AMAZON,B0CB1KJ3XJ,,LSMS320GY+RPR44WH,1,14.99,12.49,2026-03-11 13:20:27,amazon Ledsone,false
1118909,026-5365779-3199550,AMAZON,B0DHGLCQW2,,LSCY290WH+RPR44WH,3,45.29,13.24,2026-03-11 13:22:38,amazon Ledsone,false
1118910,206-3889188-8501149,AMAZON,B0FFTCK3PV,,TPFC300BG,1,21.39,16.39,2026-03-11 13:26:42,amazon Dcvoltage,false
1118911,206-0645572-7921116,AMAZON,B0D53J48SB,,WCB1WH2PK+RPR44WH2PK,1,15.94,15.94,2026-03-11 13:29:53,amazon Dcvoltage,false
1118913,204-4995978-6121946,AMAZON,B07WK7B3L2,,CRSF1202YB,1,9.89,9.89,2026-03-11 13:35:37,amazon Dcvoltage,false
1118914,205-2243201-7560366,AMAZON,B091FQ57MJ,,CRFF140YB+WSNW170YB+LSOL220YB,6,118.14,16.41,2026-03-11 13:36:13,amazon Ledsone,false
1118927,204-0792690-5578768,AMAZON,B0GDDXB14R,,LDMT185E2732PK,1,10.99,9.16,2026-03-11 13:51:20,amazon Ledsone,false
1118928,205-6540002-8340349,AMAZON,B0CNZ61S18,,CL3RREAPK,1,19.99,19.99,2026-03-11 13:54:14,amazon Dcvoltage,false
1118939,203-1814492-1933911,AMAZON,B0DVLYLXH8,,PHSHF1PBRYB+LSCY290BG+ICST64E27,2,45.77,20.07,2026-03-11 14:05:41,amazon Ledsone,false
1118940,206-2293931-8687521,AMAZON,B0F946K2LJ,,CL3TLB3PK,1,10.28,5.82,2026-03-11 14:02:34,amazon Ledsone,false
1118943,202-7071712-5920319,AMAZON,B0F29N4PNH,,CERU36300GR,1,5.58,2.24,2026-03-11 14:13:06,amazon Ledsone,false
1118944,205-4290735-7766710,AMAZON,B0CZXL6ZYG,,TPOSBDBM,1,25.89,21.57,2026-03-11 14:16:03,amazon Ledsone,false
1118951,205-2992695-3163501,AMAZON,B0FZWF19RP,,ENC8965,1,20.99,20.99,2026-03-11 14:27:28,amazon Dcvoltage,false
1118954,204-8278482-0702713,AMAZON,B08NTKB1DM,,CRFF500BM+PHCH1BMRBM3PK+LSCY210BG3PK,1,41.89,34.91,2026-03-11 14:22:12,amazon Ledsone,false
1118956,205-4972109-4875556,AMAZON,B0FL7PJGKF,,PSHYOS4WWH,1,14.12,13.07,2026-03-11 14:29:12,amazon Ledsone,false
1118958,203-3251784-5603568,AMAZON,B0FPWV2SHR,,LDCWT75B22126PK,1,19.49,16.24,2026-03-11 14:31:15,amazon Ledsone,false
1118963,205-2716807-5487557,AMAZON,B08XMT399Z,,WCB6BC+RPR44WH,1,10.89,10.89,2026-03-11 14:31:39,amazon Dcvoltage,false
1118971,203-0016983-0609910,AMAZON,B09LCR46B5,,PHCH1FBRBM+LSCY290BI,1,19.89,16.57,2026-03-11 14:43:07,amazon Ledsone,false
1118972,205-0141666-6389122,AMAZON,B0GDDXB14R,,LDMT185E2732PK,1,10.99,9.16,2026-03-11 14:47:58,amazon Ledsone,false
1118973,204-7861677-8286710,AMAZON,B0D2975M1Y,,LSCY290BS2PK+RPR44WH2PK,1,26.89,22.41,2026-03-11 14:46:32,amazon Ledsone,false
1118974,202-7112606-1672302,AMAZON,B0DH9H7ZCM,,CL3TGL3PK,1,8.99,8.99,2026-03-11 14:48:13,amazon Dcvoltage,false
1118979,203-7432909-7321939,AMAZON,B0F9VGLPDL,,CL3RGL3PK,1,6.79,5.66,2026-03-11 14:52:16,amazon Ledsone,false
1118980,026-4170003-2823556,AMAZON,B0D297QW6M,,LSCY290CB+RPR44WH,1,18.78,13.24,2026-03-11 14:49:02,amazon Ledsone,false
1118981,205-1732913-9579530,AMAZON,B0CCJ4Q33H,,SPSDP3BM5PK,1,12.09,10.07,2026-03-11 14:56:56,amazon Ledsone,false
1118982,026-1685796-3716329,AMAZON,B0FBRTCXMK,,SPHEBM,2,9.47,2.74,2026-03-11 14:57:11,amazon Ledsone,false
1118999,204-0539527-8409926,AMAZON,B0G57TZ4TK,,CRFF500BC+PHNW1RBC3PK,2,45.39,19.91,2026-03-11 14:58:59,amazon Ledsone,false
1119000,206-8781512-9969923,AMAZON,B0CR9W5933,,WCFWROCO+RPR44WH,1,11.89,9.91,2026-03-11 15:07:09,amazon Ledsone,false
1119002,204-8593461-5213909,AMAZON,B086XBYS87,,LHC3E27WH,1,6.49,5.41,2026-03-11 15:15:31,amazon Ledsone,false
1119003,202-7194348-3560362,AMAZON,B0F9YPW5KB,,LSMS320BU+RPR44WH,1,14.99,12.49,2026-03-11 15:17:09,amazon Ledsone,false
1119006,026-9969102-0432352,AMAZON,B0CJ4R5796,,LSMCSQWYBL+RPM40WH,2,39.40,21.89,2026-03-11 15:25:10,amazon Dcvoltage,false
1119015,206-4989308-1317940,AMAZON,B0D9425YB5,,LSLT360OR2PK+RPR44WH2PK,3,75.50,22.07,2026-03-11 15:38:12,amazon Ledsone,false
1119016,205-0836736-9761130,AMAZON,B0CTC82GM4,,ENC3291,1,22.89,22.89,2026-03-11 15:30:34,amazon Dcvoltage,false
1119031,026-1097561-4805134,AMAZON,B09BNRZCH2,,WCFRHE,2,23.78,11.89,2026-03-11 15:49:47,amazon Dcvoltage,false
1119032,206-6848964-3435501,AMAZON,B094JZRQGR,,PHSH1HETYB+SCRN70BC+LSWD360BC,3,89.97,29.99,2026-03-11 15:55:49,amazon Dcvoltage,false
1119037,204-9846168-8566736,AMAZON,B0CVN6PYHV,,CENU19150BM,3,5.50,0.69,2026-03-11 16:08:44,amazon Dcvoltage,false
1119039,205-2167426-6229141,AMAZON,B0D29516SS,,LSCY290GB+RPR44WH,2,35.78,14.91,2026-03-11 16:04:56,amazon Ledsone,false
1119044,202-7762802-2885139,AMAZON,B0FPFYTRVT,,LDCWGU1056PK,1,15.19,12.66,2026-03-11 16:17:27,amazon Ledsone,false
1119045,203-0761340-8833151,AMAZON,B0DX6W8MTS,,CENU25200WH,1,4.58,1.07,2026-03-11 16:16:10,amazon Ledsone,false
1119046,026-1220309-4588362,AMAZON,B0CVH36LHZ,,RWWPSY10120YE,1,14.88,11.99,2026-03-11 16:14:18,amazon Dcvoltage,false
1119047,203-6902466-8176313,AMAZON,B08XNPXBF3,,LSSS300SN+RPR44WH,3,36.42,13.49,2026-03-11 16:16:01,amazon Dcvoltage,false
1119052,205-0577110-6925133,AMAZON,B0DTHKKQV6,,WCB7BM3PK+RPR44WH3PK,1,22.89,22.89,2026-03-11 16:33:17,amazon Dcvoltage,false
1119065,026-0748399-5509118,AMAZON,B0DH5MZ4V2,,CL2TOR3PK,1,7.99,7.99,2026-03-11 16:34:23,amazon Dcvoltage,false
1119066,026-0748399-5509118,AMAZON,B0DH5MHK8S,,CL2TGR3PK,1,7.99,7.99,2026-03-11 16:34:23,amazon Dcvoltage,false
1119071,202-0670369-9718740,AMAZON,B0DH936YBS,,CL3TAGAPK,1,20.99,20.99,2026-03-11 16:53:49,amazon Dcvoltage,false
1119073,205-5534344-7141929,AMAZON,B08KJJWJKK,,WCFSDCBM,1,41.89,34.91,2026-03-11 17:06:31,amazon Ledsone,false
1119077,203-5183092-8731513,AMAZON,B0DH64L6PN,,CL2TGD5PK,2,19.17,10.09,2026-03-11 17:07:19,amazon Dcvoltage,false
1119078,204-4663786-2063527,AMAZON,B0CCJQZ1X8,,SPSDP1YB,1,7.34,3.71,2026-03-11 16:15:14,amazon Ledsone,false
1119079,204-1629910-7364369,AMAZON,B0DQL37SV7,,ENC8011,1,36.99,30.82,2026-03-11 17:05:22,amazon Ledsone,false
1119082,204-5175799-4528304,AMAZON,B0CCHXR4X2,,SPSDP2WH3PK,1,14.39,11.99,2026-03-11 17:12:59,amazon Ledsone,false
1119083,203-9920315-3576300,AMAZON,B09477YHK7,,LDMG95E278APK,1,35.19,29.32,2026-03-11 17:13:25,amazon Ledsone,false
1119085,204-5968776-3517116,AMAZON,B0FNWFF268,,LSWD360BG+RPR44WH,2,39.38,16.41,2026-03-11 17:19:27,amazon Ledsone,false
1119086,026-0386687-7760305,AMAZON,B08V5MK449,,CRSF100BM+PHHT1PBRBM+LSCY290BM,1,21.89,21.89,2026-03-11 17:18:27,amazon Dcvoltage,false
1119087,205-1854658-3497926,AMAZON,B0F3HQKJL2,,CRSF2003CO+PHHN1PBRCO3PK+LSGG200AR3PK,1,69.99,69.99,2026-03-11 12:38:24,amazon SRM Amazon,false
1119092,204-7049228-1893168,AMAZON,B0DYF1ZPHR,,CRFF100GB+LHNSE27GB,1,9.29,9.29,2026-03-11 17:25:06,amazon SRM Amazon,false
1119093,205-0765146-1257128,AMAZON,B0FPQVSMFT,,LDCWT75B2212,1,8.79,7.32,2026-03-11 17:11:36,amazon Ledsone,false
1119101,206-8574237-8792336,AMAZON,B0CT5PY35Z,,STFG4845WH,1,6.38,3.49,2026-03-11 17:33:37,amazon Dcvoltage,false
1119102,026-3460509-6385159,AMAZON,B0B82W84F2,,PHSF1AGRGB,1,11.09,9.24,2026-03-11 17:29:27,amazon Ledsone,false
1119103,202-8585073-7081100,AMAZON,B0F5B738QG,,WCWYBC2PK,1,16.19,9.32,2026-03-11 17:33:02,amazon Ledsone,false
1119104,202-6487118-9851507,AMAZON,B0DH4KYFPD,,WCDTBM2PK+RPR44WH2PK,1,18.89,15.74,2026-03-11 17:31:29,amazon Ledsone,false
1119108,204-6607873-2654759,AMAZON,B0D2996WRV,,LSCY290SN3PK+RPR44WH3PK,1,42.89,35.74,2026-03-11 17:35:41,amazon Ledsone,false
1119114,204-3739130-6604363,AMAZON,B07QW1KPCD,,12RPIP45400,1,27.99,27.99,2026-03-11 17:46:08,amazon Dcvoltage,false
1119115,206-8703347-7565953,AMAZON,B0FZWF19RP,,ENC8965,1,20.99,20.99,2026-03-11 17:48:22,amazon Dcvoltage,false
1119116,204-2124562-7324317,AMAZON,B09DL84KFN,,PLWEBC+PHHT1PBRBC+WCBNBC+ICT45E2760,2,50.66,26.86,2026-03-11 17:48:31,amazon Dcvoltage,false
1119117,203-3030873-1487517,AMAZON,B0G1TFFZZH,,CKA18ATC4255BM,1,18.69,15.57,2026-03-11 17:40:52,amazon Ledsone,false
1119118,203-4401042-3887531,AMAZON,B0FRMVJ1VM,,PLWSBC+ICST64E272PK,1,24.19,20.16,2026-03-11 17:48:30,amazon Ledsone,false
1119123,205-9945729-6620362,AMAZON,B0CN376GSP,,CRSF1202BM+PHHT2PBRBM2PK+SPUPBM2PK,1,17.94,14.95,2026-03-11 17:55:36,amazon Ledsone,false
1119124,202-9855040-9923543,AMAZON,B097DVNY5J,,CBSF175,1,10.08,5.99,2026-03-11 17:58:00,amazon Ledsone,false
1119125,202-1266539-1550758,AMAZON,B0FRMVJ1VM,,PLWSBC+ICST64E272PK,2,45.96,20.16,2026-03-11 17:59:12,amazon Ledsone,false
1119129,203-6021190-6644300,AMAZON,B094DL6WJK,,PLADRR,1,49.86,41.55,2026-03-11 18:02:52,amazon Ledsone,false
1119130,206-5660514-9753952,AMAZON,B086228MDF,,LDMST64B2286PK,1,20.89,17.41,2026-03-11 18:03:46,amazon Ledsone,false
1119137,202-2024213-5921914,AMAZON,B0GP73VLM8,,LHPVHRE27WH,1,4.69,3.91,2026-03-11 18:11:27,amazon Ledsone,false
1119149,026-9461161-1622709,AMAZON,B09Z6P9DCZ,,LDCWB225,1,6.19,5.16,2026-03-11 18:32:20,amazon Ledsone,false
1119150,202-8511342-3001910,AMAZON,B0FT7SZC65,,CRSF2003BM+PHRB1PBR40BM3PK+LSBS160CB3PK,1,30.89,25.74,2026-03-11 18:34:24,amazon Ledsone,false
1119151,026-9010758-3629160,AMAZON,B0DH4M42LR,,LDMG95E278,1,7.49,7.49,2026-03-11 18:33:36,amazon SRM Amazon,false
1119163,203-7146641-9897137,AMAZON,B08S3GJN47,,CRSF100CO+LHNSE27CO+LSSS300CO,2,51.09,22.41,2026-03-11 18:34:39,amazon Ledsone,false
1119174,204-9453929-9364355,AMAZON,B0863LVZNG,,PHSF1AGTGB,3,35.97,9.99,2026-03-11 19:03:33,amazon Ledsone,false
1119175,026-0748838-5461957,AMAZON,B0D83PFMTP,,WCDCBM3PK+RPR44WH3PK,1,22.04,24.49,2026-03-11 19:11:31,amazon Dcvoltage,false
1119182,203-1890373-7384334,AMAZON,B0CK8113S7,,CRFF500BM+PHBK1PBRBA3PK,1,27.39,22.82,2026-03-11 19:13:54,amazon Ledsone,false
1119189,205-6088031-7671518,AMAZON,B08TX1V5BV,,LSMS320RE+RPR44WH,1,14.99,14.99,2026-03-11 19:23:24,amazon Dcvoltage,false
1119203,026-2093206-5257947,AMAZON,B0CW5WC8KF,,ENC6341,2,45.73,20.06,2026-03-11 19:50:32,amazon Ledsone,false
1119204,202-3709787-2097933,AMAZON,B0D7ZRWBS2,,LSCY290BI2PK+RPR44WH2PK,1,24.99,20.82,2026-03-11 20:07:20,amazon Ledsone,false
1119205,203-7476404-3193905,AMAZON,B0DTPB2YC2,,WCB2BM3PK+RPR44WH3PK,1,22.89,19.07,2026-03-11 19:56:27,amazon Ledsone,false
1119210,203-2890701-8558738,AMAZON,B0D5B63S7G,,WCDTBM2PK+RPR44WH2PK,1,21.78,19.49,2026-03-11 20:06:13,amazon Dcvoltage,false
1119211,202-1267893-1622758,AMAZON,B0B71KXCZS,,CRSF100YB,1,8.88,4.99,2026-03-11 20:02:39,amazon Ledsone,false
1119213,206-1435100-0123501,AMAZON,B08QJQS6VP,,PHTT1PBR3BM+LSWT300BM,1,24.89,20.74,2026-03-11 20:06:51,amazon Ledsone,false
1119218,206-1599835-4735545,AMAZON,B0DTYS1RVR,,PLWTBM,4,87.08,20.16,2026-03-11 20:09:09,amazon Ledsone,false
1119222,202-8821535-7497126,AMAZON,B0D5B63S7G,,WCDTBM2PK+RPR44WH2PK,1,19.49,19.49,2026-03-11 20:18:01,amazon Dcvoltage,false
1119223,205-9790539-3227554,AMAZON,B0DFC68Q9Q,,WCDTRO2PK+RPR44WH2PK,1,18.29,18.29,2026-03-11 20:18:42,amazon Dcvoltage,false
1119235,203-6935486-6640347,AMAZON,B08PZ7Q1FD,,24IP6745,1,14.89,14.89,2026-03-11 20:25:25,amazon SRM Amazon,false
1119239,205-0668170-2928311,AMAZON,B0DN5VX1B2,,PLADBC+ICST64E273PK,1,58.89,58.89,2026-03-11 20:29:55,amazon Dcvoltage,false
1119240,205-3949232-7478758,AMAZON,B0BNXK6MGR,,CRSF100CO+PHSH1PBRCO+LSDM220CO,1,24.89,24.89,2026-03-11 20:30:49,amazon Dcvoltage,false
1119241,202-7749426-2025939,AMAZON,B09MTWLGQM,,ENC2193,1,41.89,34.91,2026-03-11 20:25:41,amazon Ledsone,false
1119243,202-8142463-2391568,AMAZON,B0DG2BN5YP,,LDMA60E274WW5PK,1,18.89,15.74,2026-03-11 20:38:50,amazon Ledsone,false
1119251,203-8903183-2082714,AMAZON,B0BQ6QVJSR,,LDCWA95B22222PK,1,10.42,10.42,2026-03-11 20:42:17,amazon Dcvoltage,false
1119252,206-7511580-3557125,AMAZON,B0DFBMF3Q2,,WCDTRO3PK+RPR44WH3PK,1,24.29,24.29,2026-03-11 20:48:18,amazon Dcvoltage,false
1119256,205-1092212-9667520,AMAZON,B0DH4KYFPD,,WCDTBM2PK+RPR44WH2PK,2,37.78,15.74,2026-03-11 20:48:15,amazon Ledsone,false
1119258,206-9354188-0213130,AMAZON,B0DRZQSDXX,,CL3TGD5PK,1,15.89,15.89,2026-03-11 20:50:07,amazon SRM Amazon,false
1119269,205-7039436-0491502,AMAZON,B0BBS55MK1,,CL3TCRAPK,1,21.89,18.24,2026-03-11 20:55:10,amazon Ledsone,false
1119275,026-2960071-4613102,AMAZON,B0D7MS1G25,,CRFF105WH2PK,1,13.79,11.49,2026-03-11 21:04:11,amazon Ledsone,false
1119277,204-5987656-2153105,AMAZON,B0G5ZRFC58,,CRSF100BM+PHNW1RBM+ICST64E27,2,33.29,12.41,2026-03-11 21:08:06,amazon Ledsone,false
1119286,026-3509339-5272330,AMAZON,B08X4V1M19,,CRSF2003BM+WCRN3CBM3PK,2,73.60,40.89,2026-03-11 21:19:18,amazon Dcvoltage,false
1119287,202-9927050-7841119,AMAZON,B09812FMGM,,PHCT1BMRBM+PHDO1PBRBM+LSMS320OR+LDWWE279,6,147.85,28.99,2026-03-11 21:26:17,amazon Dcvoltage,false
1119288,202-3998496-1421116,AMAZON,B0FVDV3WT3,,PLHSBM+WCBNBM,1,20.89,20.89,2026-03-11 21:25:24,amazon Dcvoltage,false
1119289,203-2675672-4700316,AMAZON,B09LHV32SZ,,CRSF1203WH+PHTT1PWR1WH3PK+SPSPWH2PK,1,21.79,18.16,2026-03-11 21:20:53,amazon Ledsone,false
1119292,204-6897720-9066710,AMAZON,B0FZCY5184,,LSHM300HE2PK+RPR44WH2PK,4,158.00,43.89,2026-03-11 21:32:37,amazon Dcvoltage,false
1119294,202-4621633-2059528,AMAZON,B0DG29SP2H,,LDMA60E274WW2PK,1,8.99,7.49,2026-03-11 21:37:21,amazon Ledsone,false
1119303,026-7280157-7433959,AMAZON,B07CRVMGZV,,CL3RBU5PK,1,14.89,14.89,2026-03-11 21:48:48,amazon Dcvoltage,false
1119304,206-1436910-5287549,AMAZON,B0CHJ7JD9B,,CRSF1208WH+PHTT1PWR1WH8PK+SPSPWH8PK,1,52.99,44.16,2026-03-11 21:46:16,amazon Ledsone,false
1119311,206-2000371-3092319,AMAZON,B0CCHZNHT9,,SPSDP2WH,1,8.58,4.74,2026-03-11 21:54:26,amazon Ledsone,false
1119312,204-3007588-7637905,AMAZON,B0CZXL6ZYG,,TPOSBDBM,1,24.60,21.57,2026-03-11 21:57:25,amazon Ledsone,false
1119314,204-9569798-7987545,AMAZON,B0G1TCCLVW,,CKA17ATC4031BM,1,15.19,13.32,2026-03-11 21:57:25,amazon Ledsone,false
1119325,202-5681497-7203507,AMAZON,B0CZ9CH465,,LSMS320BT2PK+RPR44WH2PK,1,26.59,26.59,2026-03-11 22:23:17,amazon Dcvoltage,false
1119326,202-4382430-7255508,AMAZON,B09XBCV8ZM,,CRFF500BM+PHHN1PBRCO3PK+LSDO210BI3PK,1,38.89,32.41,2026-03-11 22:25:15,amazon Ledsone,false
1119328,026-7314264-3693112,AMAZON,B0F9YMV74V,,LSMS320CB+RPR44WH,1,14.99,12.49,2026-03-11 22:29:35,amazon Ledsone,false
1119330,205-9459493-3405919,AMAZON,B07WG26Z76,,CRSF1203BM,1,10.78,7.89,2026-03-11 22:40:05,amazon Dcvoltage,false
1119331,026-5185874-9197939,AMAZON,B0D73KRWF7,,LDMT185B2245PK,1,16.89,16.89,2026-03-11 22:37:46,amazon Dcvoltage,false
1119332,202-7077878-8412356,AMAZON,B0CPBWRQKP,,LSCY290CO+RPR44WH,1,17.89,17.89,2026-03-11 22:47:58,amazon Dcvoltage,false
1119333,204-8860351-0253969,AMAZON,B08NTKB1DM,,CRFF500BM+PHCH1BMRBM3PK+LSCY210BG3PK,1,41.89,34.91,2026-03-11 22:40:37,amazon Ledsone,false
1119334,205-1150801-2108355,AMAZON,B083YRJCMX,,CRFF100FG+LHNSE27FG+SCRN70FG+LSFT220FG,1,17.89,17.89,2026-03-11 22:56:21,amazon Dcvoltage,false
1119335,026-5588779-8680341,AMAZON,B0FJ2JF399,,STPVC17ABLAPK,1,7.58,4.69,2026-03-11 22:58:20,amazon Dcvoltage,false
1119336,203-5714097-5436327,AMAZON,B0B7KG1L76,,CRFF105RO,1,11.78,7.41,2026-03-11 22:45:10,amazon Ledsone,false
1119338,203-5255638-6772337,AMAZON,B0DCS3C47V,,WCDTRE2PK+RPR44WH2PK,1,18.69,15.57,2026-03-11 22:58:37,amazon Ledsone,false
1119339,205-8529684-6344301,AMAZON,B0BTTGRCSD,,ENC4397,3,101.67,33.89,2026-03-11 23:00:09,amazon Dcvoltage,false
1119340,203-7871284-6249906,AMAZON,B08XWSBPHW,,WCB1BM+RPR44WH,1,10.69,10.69,2026-03-11 23:01:13,amazon Dcvoltage,false
1119341,204-9019271-6665927,AMAZON,B0BZJLPBDN,,PLTEBM,1,17.89,17.89,2026-03-11 23:04:54,amazon Dcvoltage,false
1119350,204-1399043-9666763,AMAZON,B0BY57G4PR,,LSMS320BG+RPR44WH,2,35.22,16.79,2026-03-12 00:05:13,amazon Dcvoltage,false
1119354,204-7588500-4908361,AMAZON,B0C9TWTCZ8,,LSCY210BG+RPR44WH,1,12.89,12.89,2026-03-12 00:45:25,amazon Dcvoltage,false
1119357,204-9537025-5647526,AMAZON,B0FR6M1MZK,,PHSF2GDTYB3PK+ICST64E273PK,1,41.89,41.89,2026-03-12 01:11:46,amazon Dcvoltage,false
1119389,206-2588266-7357918,AMAZON,B0CCHXR4X2,,SPSDP2WH3PK,1,13.67,11.39,2026-03-12 03:42:28,amazon Ledsone,false
1119405,203-6119177-7344313,AMAZON,B0DB5SX7NL,,LSEL400WH+RPR44WH,1,18.89,18.89,2026-03-12 05:52:04,amazon Dcvoltage,false
1119406,204-2337833-9017903,AMAZON,B0DH9BZVRP,,CL3TBR5PK,1,11.99,11.99,2026-03-12 05:56:29,amazon Dcvoltage,false
1119407,205-2623297-9939566,AMAZON,B0D7ZRWBS2,,LSCY290BI2PK+RPR44WH2PK,1,22.49,20.82,2026-03-12 06:11:47,amazon Ledsone,false
1119408,206-7950203-7103506,AMAZON,B0BXDC5572,,PHSF1BMRBM,1,10.75,8.96,2026-03-12 06:17:39,amazon Ledsone,false
1119422,026-6528989-2221137,AMAZON,B0C3GY6GVJ,,LSDO210OR+RPR44WH,1,11.99,9.99,2026-03-12 06:41:37,amazon Ledsone,false
1119426,206-8574399-8857939,AMAZON,B0DBWMF1J9,,CL2RIVAPK,1,18.49,18.49,2026-03-12 06:58:39,amazon Dcvoltage,false
1119429,026-3440201-4370721,AMAZON,B0CVMZBLZ7,,RWWPSYBF25GY,1,4.78,1.89,2026-03-12 07:03:39,amazon Dcvoltage,false
1119431,206-8262827-6280349,AMAZON,B0D298ZBH2,,LSCY290WH2PK+RPR44WH2PK,2,51.28,22.49,2026-03-12 07:08:13,amazon Ledsone,false
1119436,205-7465198-1320335,AMAZON,B0DTHKSNFS,,WCB6BM3PK+RPR44WH3PK,1,24.78,22.49,2026-03-12 07:13:11,amazon Dcvoltage,false
1119440,203-6393743-1433917,AMAZON,B0DJPH52NJ,,ENC7744,1,39.89,33.24,2026-03-12 07:24:12,amazon Ledsone,false
1119444,026-5085706-3150765,AMAZON,B0G64CVN8T,,ENC9239,3,53.70,19.89,2026-03-12 07:31:57,amazon Dcvoltage,false
1119445,026-8695472-1860303,AMAZON,B0C9TJPM1H,,ENC1911,2,34.00,18.89,2026-03-12 07:31:57,amazon Dcvoltage,false
1119446,206-7753731-7245121,AMAZON,B0DNK2H74S,,ENC5362,1,29.89,24.91,2026-03-12 07:33:01,amazon Ledsone,false
1119456,205-6310191-6690769,AMAZON,B0CGZQV9Y7,,LSMCSPFLMC+RPM40WH,1,24.89,20.74,2026-03-12 07:41:15,amazon Ledsone,false
1119462,206-5433137-7525910,AMAZON,B0DC9Y8ZC2,,WLFS220BM+ICST64E27,3,53.84,15.74,2026-03-12 08:08:44,amazon Ledsone,false
1119470,202-9772035-3591523,AMAZON,B0CH2XHVD9,,LSMCSPSQMC+RPM40WH,1,22.99,19.16,2026-03-12 08:25:53,amazon Ledsone,false
1119471,202-9532004-8882727,AMAZON,B0CQNKYM5S,,PLTTBS+WCBNBS,1,24.89,24.89,2026-03-12 08:29:16,amazon Dcvoltage,false
1119478,203-6356631-5543514,AMAZON,B0D4Y9DKJD,,LDMG95E2786PK,2,40.83,21.49,2026-03-12 08:45:43,amazon Dcvoltage,false
1119483,204-8807311-5125157,AMAZON,B0D4Y9DKJD,,LDMG95E2786PK,2,40.83,21.49,2026-03-12 08:56:10,amazon Dcvoltage,false
1119484,204-8601112-6279508,AMAZON,B0GP7RHSVG,,LHPVHRE27WH2PK,1,6.49,6.49,2026-03-12 08:57:07,amazon Dcvoltage,false
1119492,204-2871250-2237132,AMAZON,B092SPCPX5,,PLWCBM,2,47.29,20.74,2026-03-12 09:05:57,amazon Ledsone,false
1119501,203-8840047-2831557,AMAZON,B0CJ8BN5TM,,LSMCSPDRFL+RPM40WH,1,20.49,20.49,2026-03-12 09:18:53,amazon Dcvoltage,false
1119502,202-5982665-1429124,AMAZON,B0DXQ8VVR7,,LSCY290WH2PK+RPR44WH2PK,1,25.89,21.57,2026-03-12 09:21:39,amazon Ledsone,false
1119512,202-5563146-3502759,AMAZON,B07CJNZ8W8,,12IP20200,1,19.54,19.54,2026-03-12 09:37:45,amazon Dcvoltage,false
1119526,204-1508231-8585139,AMAZON,B0CRZ4F15Y,,LSCY290NB+RPR44WH,2,28.60,15.89,2026-03-12 09:40:17,amazon Dcvoltage,false
1119527,205-3163557-0465137,AMAZON,B08SHV91ZW,,CRFF100GB+PHUP1PBRGB+CNT900GB,1,11.99,11.99,2026-03-12 09:40:17,amazon Dcvoltage,false
1119528,202-7657899-4252351,AMAZON,B0D73NVWFZ,,ENC4838,1,20.48,24.09,2026-03-12 09:47:18,amazon Dcvoltage,false
1119533,202-1109666-2126752,AMAZON,B0DF7BD73R,,CRSF100BM+PHRYWP1RBM,3,33.89,9.91,2026-03-12 09:51:55,amazon Ledsone,false
1119551,204-1669565-1279501,AMAZON,B0D97YV7TB,,WCWDBM2PK+RPR44WH2PK,1,15.89,13.24,2026-03-12 10:13:42,amazon Ledsone,false
1119557,203-6720599-1808332,AMAZON,B0BBGGV4DW,,CL2RWH5PK,3,47.67,14.89,2026-03-12 10:19:53,amazon SRM Amazon,false
1119562,203-4214549-7201920,AMAZON,B0FLDLKHZ6,,CRSF100BM+PHRYWP1RBM+ICST64E27,1,13.69,13.69,2026-03-12 10:33:07,amazon SRM Amazon,false
1119563,203-6132527-7120353,AMAZON,B0BX422224,,LSSS300PI+RPR44WH,1,14.99,12.49,2026-03-12 10:34:45,amazon Ledsone,false
1119570,203-1648376-0569162,AMAZON,B0DH968RRD,,CL3TGD3PK,1,10.99,10.99,2026-03-12 10:56:52,amazon Dcvoltage,false
1119576,205-3825090-7817908,AMAZON,B0D961B99S,,CO532AGYAPK,1,5.78,2.41,2026-03-12 11:00:11,amazon Ledsone,false
1119586,205-0953332-5960348,AMAZON,B0D9Q283Y5,,PHCT80YBCYB,1,15.39,15.39,2026-03-12 11:11:27,amazon Dcvoltage,false
1119598,206-6365718-3855518,AMAZON,B08Z7RZC6W,,LSF1HU400HE,2,61.01,35.89,2026-03-12 11:20:02,amazon Dcvoltage,false
1119605,026-5039647-4034765,AMAZON,B0C3ZT8HVF,,LSCY290BI+RPR44WH,1,15.89,13.24,2026-03-12 11:32:30,amazon Ledsone,false
1119622,206-6983638-3615526,AMAZON,B0F1CX6BYH,,RWWPSY0680YE,1,6.36,3.09,2026-03-12 11:53:05,amazon Dcvoltage,false
1119624,203-2646980-1174762,AMAZON,B09CZH3TJW,,ENC8896,1,26.99,26.99,2026-03-12 11:54:03,amazon SRM Amazon,false
1119640,202-2886494-0512362,AMAZON,B0BNXK9R1L,,CRSF100CO+PHSH1PBRCO+LSDM220CO+LDWWE2715,2,41.20,22.89,2026-03-12 12:16:35,amazon Dcvoltage,false
1119641,205-2515908-9315512,AMAZON,B0CVLD9WMD,,LSTF400OR2PK+RPR44WH2PK,1,27.89,23.24,2026-03-12 12:16:06,amazon Ledsone,false
1119642,204-0100246-2513930,AMAZON,B0DV5F3N8Z,,ENC8218,1,32.89,27.41,2026-03-12 12:11:04,amazon Ledsone,false
1119649,202-6684028-4946760,AMAZON,B08NTKB1DM,,CRFF500BM+PHCH1BMRBM3PK+LSCY210BG3PK,1,41.89,34.91,2026-03-12 12:22:24,amazon Ledsone,false
1119651,206-3330384-3187521,AMAZON,B0CVMX2MY5,,RWWPSYBF50GY,1,5.47,2.49,2026-03-12 12:22:27,amazon Dcvoltage,false
1119652,206-7656323-8893134,AMAZON,B0C9TP29BD,,CNP1000CO,1,7.09,7.09,2026-03-12 12:30:29,amazon Dcvoltage,false
1119653,026-2174536-2511545,AMAZON,B0CTT4CH4C,,LSMS320GR+RPR44WH,1,14.99,14.99,2026-03-12 12:30:47,amazon Dcvoltage,false
1119654,205-7982665-0496302,AMAZON,B0F1CX9BKB,,RWWPSY10100YE,1,9.88,6.99,2026-03-12 12:38:29,amazon Dcvoltage,false
1119659,205-3506538-1441125,AMAZON,B07MF6MSMS,,CCBKNWE36,1,11.88,8.99,2026-03-12 12:46:02,amazon Dcvoltage,false
1119668,205-4203486-1850709,AMAZON,B0DH9BK5S4,,CL3TYH2PK,2,11.98,5.99,2026-03-12 12:52:29,amazon Dcvoltage,false
1119669,205-2704401-1737961,AMAZON,B08V945WZ5,,WCB7BC+RPR44WH,1,8.89,8.89,2026-03-12 12:54:01,amazon Dcvoltage,false
1119670,206-5887985-7281153,AMAZON,B0DZCVXZHR,,ENC8323,1,89.89,74.91,2026-03-12 12:53:33,amazon Ledsone,false
1119676,206-6511975-0347559,AMAZON,B0CKSSF9F2,,CRFF75BA,1,9.78,5.74,2026-03-12 13:06:00,amazon Ledsone,false
1119686,205-3395828-9309154,AMAZON,B0BJ2XSYKT,,LDMG80E274APK,1,27.99,23.32,2026-03-12 13:09:47,amazon Ledsone,false
1119687,206-1018050-2996315,AMAZON,B08638WV4N,,PHSF1AGTGB2PK,1,16.79,13.99,2026-03-12 13:17:07,amazon Ledsone,false
1119688,026-3079007-4061915,AMAZON,B0DK97ZCW1,,CRSF100GB,1,7.99,7.99,2026-03-12 13:14:30,amazon Dcvoltage,false
1119703,206-7023489-1892303,AMAZON,B0BB2ZZH1V,,CL2RRO5PK,1,13.79,11.49,2026-03-12 13:33:34,amazon Ledsone,false
1119704,202-5120530-8314717,AMAZON,B09WJ2LHRF,,CRSF100CH+PHMU1PBRCH+LSDM220CH+ICST64E27,1,18.89,15.74,2026-03-12 13:35:28,amazon Ledsone,false
1119705,204-9981418-0403539,AMAZON,B0DCK527TN,,STBFT50M48EWH,1,6.38,3.49,2026-03-12 13:32:33,amazon Dcvoltage,false
1119710,026-9636368-7653928,AMAZON,B07YZNR3SB,,CRSF100BM2PK+PHCH1PBRBS2PK+LSCY290BS2PK,1,34.99,34.99,2026-03-12 13:48:50,amazon Dcvoltage,false
1119711,026-9636368-7653928,AMAZON,B0CC5P53BR,,CRSF100BM+LHNSE27YB+SCRN70BS+LSWD360BS,1,25.89,25.89,2026-03-12 13:48:50,amazon Dcvoltage,false
1119717,026-5207418-9338759,AMAZON,B0GDDFC6TS,,LDMT185E2733PK,1,13.99,11.66,2026-03-12 13:55:45,amazon Ledsone,false
1119722,204-9663544-1169149,AMAZON,B0BZDSH4D9,,CRFF105CH,1,16.78,7.41,2026-03-12 14:00:46,amazon Ledsone,false
1119723,026-8038681-7563527,AMAZON,B0DP2RQWTH,,CRSF100BM+PHSH1PBRBM+LSCY290BC,2,45.87,20.12,2026-03-12 14:05:31,amazon Ledsone,false
1119735,026-4270263-2582740,AMAZON,B0743GYD52,,CO332AGYAPK,1,5.88,2.49,2026-03-12 14:28:04,amazon Ledsone,false
1119736,203-2806354-1279560,AMAZON,B0CJ4R5796,,LSMCSQWYBL+RPM40WH,1,21.89,21.89,2026-03-12 14:28:45,amazon Dcvoltage,false
1119737,204-7394789-8146767,AMAZON,B0DVSTK6T8,,ENC8256,2,48.05,21.07,2026-03-12 14:33:07,amazon Ledsone,false
1119743,206-7001576-7834740,AMAZON,B0F1D1JZTY,,RWWPSY08120YE,1,12.48,9.59,2026-03-12 14:44:53,amazon Dcvoltage,false
1119755,205-3731218-6201108,AMAZON,B0C9TWTCZ8,,LSCY210BG+RPR44WH,1,12.89,12.89,2026-03-12 15:03:18,amazon Dcvoltage,false
1119756,206-0393551-4508304,AMAZON,B082DDY7BX,,CRSF2003WH,1,11.49,11.49,2026-03-12 15:02:53,amazon Dcvoltage,false
1119757,206-9259718-2694711,AMAZON,B0BC1DZ1Z2,,CL3RBWAPK,1,23.89,19.91,2026-03-12 15:02:53,amazon Ledsone,false
1119763,026-5321830-2675535,AMAZON,B0CN38PYG5,,WCB1BC+RPR44WH,1,10.39,10.39,2026-03-12 15:15:55,amazon Dcvoltage,false
1119764,206-9217542-1256349,AMAZON,B0FY22Q53W,,WCBCFBM2PK+RPR44WH2PK,1,25.89,25.89,2026-03-12 15:17:21,amazon Dcvoltage,false
1119765,206-9217542-1256349,AMAZON,B0FTGCR179,,WCBCFBM+RPR44WH,1,15.49,15.49,2026-03-12 15:17:21,amazon Dcvoltage,false
1119766,202-4664648-1601954,AMAZON,B0DH9FSQNN,,CL3TGY3PK,1,7.99,7.99,2026-03-12 15:16:56,amazon Dcvoltage,false
1119767,203-2994587-4480326,AMAZON,B0CJ8BN5TM,,LSMCSPDRFL+RPM40WH,1,20.49,20.49,2026-03-12 15:18:53,amazon Dcvoltage,false
1119778,204-5055128-3241144,AMAZON,B0979CLWN9,,CNP1000BM,1,8.89,7.41,2026-03-12 15:26:24,amazon Ledsone,false
1119779,204-4928742-2688315,AMAZON,B0BNNTZSBR,,LDMG125B2286PK,1,25.19,20.99,2026-03-12 15:24:46,amazon Ledsone,false
1119786,205-2359139-5869945,AMAZON,B0DMF2KF74,,ENC9307,1,27.29,22.74,2026-03-12 15:34:08,amazon Ledsone,false
1119787,204-2471471-9001905,AMAZON,B0FB2VT3P2,,PHSF2BMRYB+SPSDP2BM,2,28.29,12.41,2026-03-12 15:38:32,amazon Ledsone,false
1119788,204-1991078-4245944,AMAZON,B0FPFYTRVT,,LDCWGU1056PK,1,13.29,12.66,2026-03-12 15:38:58,amazon Ledsone,false
1119805,026-7884771-3977110,AMAZON,B0G5XLBDKH,,CRSF2003BM+PHNW1RBM3PK,1,22.89,22.89,2026-03-12 15:48:22,amazon Dcvoltage,false
1119817,206-6562799-3437116,AMAZON,B0C6DGJLMN,,CRSF1202FG+PHBK1PBRFG2PK,1,21.89,21.89,2026-03-12 15:52:54,amazon Dcvoltage,false
1119822,203-6349739-7763552,AMAZON,B07L8GPT85,,CL3TGY5PK,1,13.49,13.49,2026-03-12 16:06:05,amazon Dcvoltage,false
1119823,026-2163202-9033957,AMAZON,B0GFD9P7Q2,,CRFF108BY+LHNSE27BY+LSDO300CB,1,18.59,18.59,2026-03-12 16:08:07,amazon Dcvoltage,false
1119829,202-0862898-2145969,AMAZON,B0D571W4XR,,WCB6BB2PK+RPR44WH2PK,2,28.60,15.89,2026-03-12 16:17:26,amazon Dcvoltage,false
1119830,204-5734100-8261150,AMAZON,B0FVM8LHNX,,CERU36150BL,2,6.27,1.41,2026-03-12 13:58:02,amazon Ledsone,false
1119831,205-5250287-2674721,AMAZON,B0DXQ7LC8N,,LSCY290GR2PK+RPR44WH2PK,1,27.89,23.24,2026-03-12 16:10:35,amazon Ledsone,false
1119832,202-5278465-2869159,AMAZON,B0CVL3STRN,,LSEL400GR2PK+RPR44WH2PK,1,27.80,25.74,2026-03-12 16:17:16,amazon Ledsone,false
1119838,026-5687849-1297937,AMAZON,B0DCNX6XFY,,WCB2WH5PK+RPR44WH5PK,1,35.19,29.32,2026-03-12 16:22:03,amazon Ledsone,false
1119840,203-7369711-1220367,AMAZON,B0D6KMPC9W,,LSCY290GB2PK+RPR44WH2PK,1,31.09,31.09,2026-03-12 16:17:09,amazon Dcvoltage,false
1119841,202-2883344-8511538,AMAZON,B0F1D1JZTY,,RWWPSY08120YE,1,12.48,9.59,2026-03-12 16:23:59,amazon Dcvoltage,false
1119842,204-7458066-2719524,AMAZON,B0DH5XZRWV,,CL2TBD3PK,1,7.99,7.99,2026-03-12 16:26:24,amazon Dcvoltage,false
1119844,205-2008638-6293162,AMAZON,B0CFHMCP1L,,LDMST64E2783PK,1,16.10,14.91,2026-03-12 16:33:50,amazon Ledsone,false
1119850,205-8711542-0041106,AMAZON,B0DCFP1CX8,,LDSG95DIE2746PK,1,35.19,29.32,2026-03-12 16:39:47,amazon Ledsone,false
1119859,026-2757057-8065104,AMAZON,B08XWSBPHW,,WCB1BM+RPR44WH,2,21.38,10.69,2026-03-12 16:47:28,amazon Dcvoltage,false
1119860,203-9788880-3287502,AMAZON,B095SPWDDR,,ENC1591,1,66.74,66.74,2026-03-12 16:54:14,amazon Dcvoltage,false
1119861,203-8243980-4243526,AMAZON,B0DG2C248J,,LDMA60E274WW3PK,1,11.89,9.91,2026-03-12 16:49:30,amazon Ledsone,false
1119862,206-3714211-7925114,AMAZON,B0G57TF1GT,,CRFF500BM+PHNW1RBM3PK,1,23.89,19.91,2026-03-12 16:52:07,amazon Ledsone,false
1119863,206-7755099-2113138,AMAZON,B0CGM2RRZ9,,WCDSBM2PK+RPR44WH2PK,1,16.99,14.16,2026-03-12 16:59:26,amazon Ledsone,false
1119866,206-5404492-9038742,AMAZON,B0DB29LMHK,,CRFF75BA2PK,1,9.57,9.57,2026-03-12 17:08:09,amazon Ledsone,false
1119867,206-5404492-9038742,AMAZON,B0F944BWSZ,,CL3TBM3PK,1,8.24,8.24,2026-03-12 17:08:09,amazon Ledsone,false
1119871,205-7402537-9104311,AMAZON,B0CVN2V8S4,,LDGU10CW53PK,1,8.29,8.29,2026-03-12 17:20:00,amazon Dcvoltage,false
1119872,205-5325907-8277955,AMAZON,B0CBPTFNRX,,WCB4BM2PK+RPR44WH2PK,1,15.89,15.89,2026-03-12 17:08:14,amazon Dcvoltage,false
1119878,026-5059975-2561128,AMAZON,B0DMSD8DPD,,CCBKNWE50,1,11.88,8.99,2026-03-12 17:18:54,amazon Dcvoltage,false
1119879,202-4213420-9266740,AMAZON,B096MSVTLT,,CRSF100RE+PHHS1PWRRE+LSDO400RE+ICST64E27,1,25.99,25.99,2026-03-12 17:28:27,amazon Dcvoltage,false
1119886,026-6754206-7636322,AMAZON,B094DN1XL1,,PLADBC,1,49.86,41.55,2026-03-12 16:54:52,amazon Ledsone,false
1119895,026-0097836-1354762,AMAZON,B0BZ12WJN6,,ENC4473,1,50.89,50.89,2026-03-12 17:44:56,amazon Dcvoltage,false
1119905,206-6746387-5105941,AMAZON,B08XMT5P2F,,WCB4BS+RPR44WH,1,9.29,9.29,2026-03-12 17:53:29,amazon Dcvoltage,false
1119906,204-2824033-9831528,AMAZON,B0GFCWKLD1,,CRSF100BM+LHNSE27BM+ICST64E27,1,13.99,13.99,2026-03-12 19:28:39,amazon Dcvoltage,false
1119915,205-1569277-3161944,AMAZON,B0C9X3BDL4,,LSDO210BG+RPR44WH,2,25.00,13.89,2026-03-12 18:08:28,amazon Dcvoltage,false
1119919,206-7869780-3921129,AMAZON,B0DH623GPF,,CL2TBM2PK,1,6.99,6.99,2026-03-12 18:11:22,amazon Dcvoltage,false
1119920,202-6819494-1212351,AMAZON,B0D571H8X3,,WCB7BB2PK+RPR44WH2PK,1,15.89,15.89,2026-03-12 18:19:01,amazon Dcvoltage,false
1119921,026-6799942-0988367,AMAZON,B0B8DWXLQ2,,CRSF1202BM,1,9.58,5.57,2026-03-12 18:05:12,amazon Ledsone,false
1119923,205-7544629-7460367,AMAZON,B0DH4KYFPD,,WCDTBM2PK+RPR44WH2PK,1,18.89,15.74,2026-03-12 18:07:29,amazon Ledsone,false
1119930,026-4848878-7129143,AMAZON,B0DS5DB1CZ,,PCFT90TBM+PCBSM2FYB+WSSS70YB,3,22.23,7.41,2026-03-12 18:21:30,amazon Ledsone,false
1119931,026-4848878-7129143,AMAZON,B0DQTC3P7P,,CRFF65YB+RW1FG2PK+LHTTAGU10YB+LDGU10WD5,3,29.22,9.74,2026-03-12 18:21:30,amazon Ledsone,false
1119933,203-8210177-8796332,AMAZON,B0DH4KYFPD,,WCDTBM2PK+RPR44WH2PK,1,18.89,15.74,2026-03-12 18:26:12,amazon Ledsone,false
1119947,204-3816561-3937146,AMAZON,B0D8791DPN,,CO232AGYEPK,1,8.72,4.86,2026-03-12 18:42:17,amazon Ledsone,false
1119964,204-2358249-1311529,AMAZON,B0FCRLXSD8,,ENC9164,1,20.89,20.89,2026-03-12 19:05:43,amazon Dcvoltage,false
1119965,206-0811789-2884314,AMAZON,B08TX2837H,,LSMS320BI+RPR44WH,1,14.99,14.99,2026-03-12 19:08:11,amazon Dcvoltage,false
1119976,206-3780442-5046750,AMAZON,B0CC5P53BR,,CRSF100BM+LHNSE27YB+SCRN70BS+LSWD360BS,1,25.89,25.89,2026-03-12 19:20:18,amazon Dcvoltage,false
1119977,206-0588756-3757116,AMAZON,B08XBL5RJK,,PSDS4BMRBW,1,14.17,14.17,2026-03-12 19:26:58,amazon Dcvoltage,false
1119978,204-2824033-9831528,AMAZON,B0GFCWKLD1,,CRSF100BM+LHNSE27BM+ICST64E27,2,27.98,13.99,2026-03-12 19:28:39,amazon Dcvoltage,false
1119995,204-4173995-4297903,AMAZON,B0CMCQHXZ3,,CRFF500FG+WCCY1ROGD3PK,1,53.89,44.91,2026-03-12 19:42:22,amazon Ledsone,false
1119996,026-8153526-3101932,AMAZON,B093Y224LS,,PHHT1FBRBM+LSHM400HE,1,37.69,31.41,2026-03-12 19:47:37,amazon Ledsone,false
1120001,202-4628511-6485114,AMAZON,B0C9DV894B,,SPSDP2YB,1,12.09,7.09,2026-03-12 19:55:37,amazon Dcvoltage,false
1120002,026-4475703-0496355,AMAZON,B0C9DPGRGD,,SPSDP2BM,1,5.69,5.69,2026-03-12 19:59:20,amazon Dcvoltage,false
1120011,206-6708256-2482754,AMAZON,B09LM5Q942,,CRFF140GB,1,9.78,5.74,2026-03-12 20:03:05,amazon Ledsone,false
1120014,206-4957906-7029161,AMAZON,B0CMQFVGW1,,ENC5669,1,69.19,57.66,2026-03-12 20:04:31,amazon Ledsone,false
1120021,206-9732103-4190744,AMAZON,B0DH4KYFPD,,WCDTBM2PK+RPR44WH2PK,1,18.89,15.74,2026-03-12 20:09:25,amazon Ledsone,false
1120023,206-0176343-8834769,AMAZON,B0F28ZSNQ7,,LSCY290YB+RPR44WH,2,33.99,14.91,2026-03-12 20:17:25,amazon Ledsone,false
1120032,204-4486684-7497903,AMAZON,B0FPQVSMFT,,LDCWT75B2212,1,8.79,7.32,2026-03-12 20:22:53,amazon Ledsone,false
1120041,203-1215883-2720321,AMAZON,B09MWJH3SX,,ENC2248,1,29.89,24.91,2026-03-12 20:37:58,amazon Ledsone,false
1120048,203-1142513-6613935,AMAZON,B08PYZLJCK,,12IP6745,1,16.89,14.07,2026-03-12 20:40:28,amazon Ledsone,false
1120049,026-6369830-8182709,AMAZON,B0CN333WR5,,WCB1BC2PK+RPR44WH2PK,1,22.89,22.89,2026-03-12 20:39:27,amazon Dcvoltage,false
1120054,205-4891345-1760303,AMAZON,B0CLDC2RQB,,CRSF108WH+WSST70WH,2,21.98,9.16,2026-03-12 20:52:05,amazon Ledsone,false
1120055,205-8647808-2253916,AMAZON,B0DX784TX6,,CERU80300BM,1,7.88,4.16,2026-03-12 21:00:36,amazon Ledsone,false
1120056,204-4816721-5536368,AMAZON,B0DH4KYFPD,,WCDTBM2PK+RPR44WH2PK,1,18.89,15.74,2026-03-12 21:03:08,amazon Ledsone,false
1120057,202-3870952-5401909,AMAZON,B0FPR1T3SF,,CRSF100BM+LHNSE27BM+SCRN70BM+LSTF40YB,1,16.69,13.91,2026-03-12 21:03:24,amazon Ledsone,false
1120062,202-8917112-2137142,AMAZON,B08XNTQCK7,,LSCY290OR+RPR44WH,1,15.89,15.89,2026-03-12 21:17:50,amazon Dcvoltage,false
1120068,203-6620679-4564346,AMAZON,B08NTKB1DM,,CRFF500BM+PHCH1BMRBM3PK+LSCY210BG3PK,1,34.91,34.91,2026-03-12 21:25:16,amazon Ledsone,false
1120069,203-6620679-4564346,AMAZON,B0C8V28CTZ,,ENC4325,1,29.07,29.07,2026-03-12 21:25:16,amazon Ledsone,false
1120071,203-2584064-6654768,AMAZON,B092ZRC5KH,,PLTFRR+ICST64E2740,1,29.69,18.04,2026-03-12 21:32:56,amazon Ledsone,false
1120079,203-0133968-9313117,AMAZON,B0F43QJMH8,,CENU25200WH,1,4.25,1.29,2026-03-12 21:44:48,amazon Dcvoltage,false
1120080,204-6440786-5352361,AMAZON,B0DH92XGC2,,CL3TRS3PK,1,7.99,7.99,2026-03-12 21:47:43,amazon Dcvoltage,false
1120081,202-8208381-2084365,AMAZON,B0CJLPTKHM,,LDCCB2210,1,5.89,4.91,2026-03-12 21:39:56,amazon Ledsone,false
1120086,206-0057124-2354725,AMAZON,B0FBW7G6YQ,,CRSF2003BS+PHNW1RBS3PK+ICST64E273PK,1,31.89,31.89,2026-03-12 21:49:09,amazon Dcvoltage,false
1120087,206-3566837-2941109,AMAZON,B094Y87SPY,,ENC614,1,38.09,31.74,2026-03-12 21:49:09,amazon Ledsone,false
1120092,206-0563326-7168361,AMAZON,B0DH5YFWM8,,CL2THE3PK,2,18.87,7.99,2026-03-12 22:00:59,amazon Dcvoltage,false
1120093,203-7673729-6134706,AMAZON,B0C9TLL8GW,,ENC1919,1,17.89,17.89,2026-03-12 22:02:21,amazon Dcvoltage,false
1120094,204-0741181-9252359,AMAZON,B0DPMZXPH7,,ENC7849,5,104.17,19.29,2026-03-12 21:59:59,amazon Ledsone,false
1120095,204-7490756-0385956,AMAZON,B0DVLBVG17,,PHSHF1PBRYB+LSMS320BG+ICST64E27,3,74.07,21.66,2026-03-12 21:59:52,amazon Ledsone,false
1120098,204-3212980-1384313,AMAZON,B0FPWXQWQD,,LDCWA60HB2296PK,1,10.13,6.24,2026-03-12 22:18:23,amazon Ledsone,false
1120100,026-3580603-3728329,AMAZON,B0DH4KYFPD,,WCDTBM2PK+RPR44WH2PK,1,18.89,15.74,2026-03-12 22:18:09,amazon Ledsone,false
1120103,206-9473350-9702750,AMAZON,B0GHWNXJJ2,,ENC642,1,23.89,19.91,2026-03-12 22:24:43,amazon Ledsone,false
1120105,203-0037626-2513936,AMAZON,B0FY5TMXGP,,LDSG1001E272PK,1,25.89,21.57,2026-03-12 22:29:10,amazon Ledsone,false
1120106,202-3926307-0669926,AMAZON,B0FB3Y2GWC,,LDMC35E144,1,5.99,4.99,2026-03-12 22:31:04,amazon Ledsone,false
1120109,026-0040524-0963542,AMAZON,B0CG3HD5Z5,,WSOSBDBM,1,21.89,18.24,2026-03-12 22:41:27,amazon Ledsone,false
1120110,205-5337459-5281946,AMAZON,B0F2919CBQ,,LSCY290AA+RPR44WH,2,28.67,12.57,2026-03-12 22:46:51,amazon Ledsone,false
1120113,205-1740656-1388316,AMAZON,B0CTC82GM4,,ENC3291,1,22.89,22.89,2026-03-12 23:00:42,amazon Dcvoltage,false
1120114,203-2333971-8699505,AMAZON,B09475XCMR,,LDMG95E278,1,6.99,5.82,2026-03-12 22:59:30,amazon Ledsone,false
1120116,206-4005083-8466700,AMAZON,B0CZXL6ZYG,,TPOSBDBM,1,25.89,21.57,2026-03-12 23:02:34,amazon Ledsone,false
1120117,026-3357405-9982709,AMAZON,B0D8PZZFX1,,CL3RBR5PK,1,13.79,11.49,2026-03-12 23:03:49,amazon Ledsone,false
1120118,205-6111077-7062734,AMAZON,B0G7JN7D7Y,,ENC9128,2,49.19,21.57,2026-03-12 23:05:19,amazon Ledsone,false
1120119,026-2037810-6745165,AMAZON,B0BT7PKTN3,,ENC4306,1,38.89,38.89,2026-03-12 23:19:34,amazon Dcvoltage,false
1120121,202-4206203-0969956,AMAZON,B0CXTJ4Z4Z,,ENC6535,1,18.79,18.79,2026-03-12 23:21:13,amazon Dcvoltage,false
1120122,203-0033814-0481159,AMAZON,B0CVL5MYFT,,LSTF400WH+RPR44WH,1,16.59,16.59,2026-03-12 23:21:48,amazon Dcvoltage,false
1120124,203-6250461-3277901,AMAZON,B0DRYR3MGR,,LHSHE27GB3PK,2,33.61,14.74,2026-03-12 23:40:37,amazon Ledsone,false
1120125,203-1097466-6225117,AMAZON,B09BNRZCH2,,WCFRHE,2,23.78,11.89,2026-03-12 23:44:21,amazon Dcvoltage,false
1120126,205-8064927-8638701,AMAZON,B0F1CX6BYH,,RWWPSY0680YE,1,6.36,3.09,2026-03-12 23:47:05,amazon Dcvoltage,false
1120133,026-1561705-7925135,AMAZON,B0DBZ8NT3P,,ENC7393,2,85.78,35.74,2026-03-13 00:49:18,amazon Ledsone,false
1120134,203-5572769-8933167,AMAZON,B0FB3ZFXY1,,LDMC35E1443PK,1,14.13,11.77,2026-03-13 00:50:56,amazon Ledsone,false
1120136,202-2653691-7204330,AMAZON,B0F2T3FKSZ,,RWWPSYBF25GY,1,4.28,1.39,2026-03-13 01:20:29,amazon Dcvoltage,false
1120137,206-8301734-4556327,AMAZON,B0DRP87NC8,,LHSHE27GB2PK,1,10.89,10.89,2026-03-13 01:22:38,amazon SRM Amazon,false
1120158,205-4357952-9484359,AMAZON,B0D8J1BYN2,,LDLIE27FW43PK,1,18.62,17.24,2026-03-13 03:14:48,amazon Ledsone,false
1120159,202-2018245-3403556,AMAZON,B0D59PJ89M,,WCB2BS2PK+RPR44WH2PK,1,15.79,15.79,2026-03-13 03:07:05,amazon Dcvoltage,false
1120183,204-6132229-1289143,AMAZON,B0CVN6PLC2,,LDGU10CW5APK,1,30.89,25.74,2026-03-13 03:36:42,amazon Ledsone,false
1120187,205-2322139-7806749,AMAZON,B0F1TQ94FY,,WCBNRR2PK+RPR44WH2PK,2,20.94,11.02,2026-03-13 04:19:43,amazon Dcvoltage,false
1120191,026-4079855-7972326,AMAZON,B0F29P1SH6,,CERU36150GR,1,4.58,1.41,2026-03-13 05:11:29,amazon Ledsone,false
1120192,204-0966813-4102700,AMAZON,B0CN37Z28F,,CRSF1206BM+PHRY2PCRBM6PK,1,33.89,33.89,2026-03-13 05:17:59,amazon Dcvoltage,false
1120216,204-0859741-0077969,AMAZON,B08X6KMXTC,,PLTEBM,1,20.99,20.99,2026-03-13 07:27:09,amazon Dcvoltage,false
1120223,203-5845059-4629104,AMAZON,B0FZB9M3MS,,WCB3BM5PK+RPR44WH5PK,1,32.89,32.89,2026-03-13 07:31:21,amazon Dcvoltage,false
1120224,202-4016900-9939556,AMAZON,B0FJ5J4WMV,,CRSF100WH2PK,1,11.48,11.48,2026-03-13 07:32:05,amazon Dcvoltage,false
1120237,205-0343324-3912348,AMAZON,B0FN7L73KF,,CRSF100CH+LHNSE27CH+ICST64E27,1,12.39,10.32,2026-03-13 07:55:22,amazon Ledsone,false
1120238,026-4898150-0457944,AMAZON,B08SWFSFYW,,CCBKNWE7,2,14.07,5.59,2026-03-13 08:02:18,amazon Dcvoltage,false
1120243,204-0910926-8617956,AMAZON,B0DG29SP2H,,LDMA60E274WW2PK,1,8.99,7.49,2026-03-13 08:10:14,amazon Ledsone,false
1120257,203-1701702-4385962,AMAZON,B0D9RWB87Q,,ENC7499,1,52.89,52.89,2026-03-13 08:34:06,amazon Dcvoltage,false
1120258,204-9778121-0135568,AMAZON,B0DNK5C3VZ,,ENC5357,1,23.89,19.91,2026-03-13 08:38:14,amazon Ledsone,false
1120262,202-4286273-1325926,AMAZON,B0F1CX6BYH,,RWWPSY0680YE,1,6.36,3.09,2026-03-13 08:48:11,amazon Dcvoltage,false
1120263,203-7555048-8972319,AMAZON,B094Y87SPY,,ENC614,1,31.74,31.74,2026-03-13 08:43:37,amazon Ledsone,false
1120264,203-7555048-8972319,AMAZON,B09FGQD4VK,,CRFF500BM+PHBL1PBRBM3PK+LSDO210BM3PK,1,34.82,34.82,2026-03-13 08:43:37,amazon Ledsone,false
1120275,206-6883134-1418757,AMAZON,B0CPBX28RC,,LSCY290BI+RPR44WH,1,15.89,15.89,2026-03-13 09:07:46,amazon Dcvoltage,false
1120293,026-0709746-9463556,AMAZON,B0DCDSZ719,,LDSG95DIE2743PK,1,24.89,20.74,2026-03-13 09:36:15,amazon Ledsone,false
1120294,204-5966145-1519525,AMAZON,B0GLFZ9BSJ,,LSGLFP245BR+RPM40WH,1,17.89,17.89,2026-03-13 09:35:06,amazon Dcvoltage,false
1120302,205-0330131-1193125,AMAZON,B08WWRJYCW,,ENC889,1,23.49,23.49,2026-03-13 09:45:45,amazon Dcvoltage,false
1120308,206-7905663-2732358,AMAZON,B0C5QK1H27,,WCVCRE+RPR44WH,1,9.89,9.89,2026-03-13 09:47:58,amazon Dcvoltage,false
1120317,204-3035985-1025161,AMAZON,B0D291QGY1,,LSCY290GR3PK+RPR44WH3PK,2,75.79,33.24,2026-03-13 10:13:12,amazon Ledsone,false
1120318,206-7590853-2625939,AMAZON,B0DHGM5NP4,,LSCY290WH2PK+RPR44WH2PK,1,26.89,22.41,2026-03-13 10:16:21,amazon Ledsone,false
1120320,203-4705010-0596367,AMAZON,B0F9YPW5KB,,LSMS320BU+RPR44WH,1,13.49,12.49,2026-03-13 10:25:12,amazon Ledsone,false
1120327,204-5671730-0788336,AMAZON,B0F2919THD,,LSCY290CO+RPR44WH,2,36.58,15.24,2026-03-13 10:28:19,amazon Ledsone,false
1120328,206-9363560-5192345,AMAZON,B08DRQ1BB6,,CRSF100SN+PHCHPCRSN,1,10.99,10.99,2026-03-13 10:29:38,amazon SRM Amazon,false
1120329,206-9363560-5192345,AMAZON,B08DRRKJ6Z,,CRSF100CH+PHCHPCRCH,1,10.99,10.99,2026-03-13 10:29:38,amazon SRM Amazon,false
1120336,205-5983265-0366724,AMAZON,B0FR8C1X83,,PHUH1HETBM2PK+LSHM400HE2PK,1,63.99,63.99,2026-03-13 10:36:50,amazon Dcvoltage,false
1120337,203-4411076-4330747,AMAZON,B09XBCV8ZM,,CRFF500BM+PHHN1PBRCO3PK+LSDO210BI3PK,1,38.89,32.41,2026-03-13 10:29:19,amazon Ledsone,false
1120339,203-5726077-4973132,AMAZON,B0D1VRPX47,,LSCY290GC+RPR44WH,1,15.89,15.89,2026-03-13 10:30:05,amazon SRM Amazon,false
1120346,026-7165183-3468330,AMAZON,B0DFC68Q9Q,,WCDTRO2PK+RPR44WH2PK,1,18.29,18.29,2026-03-13 10:45:42,amazon Dcvoltage,false
1120355,203-3430868-5974735,AMAZON,B0CZXL6ZYG,,TPOSBDBM,1,25.89,21.57,2026-03-13 10:51:26,amazon Ledsone,false
1120357,026-5576304-6524349,AMAZON,B0DH5MBL9F,,CL2TIV2PK,1,9.88,6.99,2026-03-13 10:51:14,amazon Dcvoltage,false
1120361,203-7540350-6651560,AMAZON,B0DTHJJLW2,,WCB6BS3PK+RPR44WH3PK,1,25.89,25.89,2026-03-13 11:08:07,amazon Dcvoltage,false
1120377,202-8491054-1246753,AMAZON,B0CB1D19PN,,CRSF100BM+LHNSE27YB+SCRN70BM+LSTF40BM,1,14.29,11.91,2026-03-13 11:19:03,amazon Ledsone,false
1120378,206-9276693-9001918,AMAZON,B0BY37173H,,ENC4431,1,29.89,29.89,2026-03-13 11:15:42,amazon Dcvoltage,false
1120383,203-1242527-8846716,AMAZON,B0D28V95FG,,LSCY290BL2PK+RPR44WH2PK,5,115.06,21.31,2026-03-13 10:57:40,amazon Ledsone,false
1120385,026-4147423-8155544,AMAZON,B0D59SHLCD,,WCB1WH2PK+RPR44WH2PK,1,15.89,15.89,2026-03-13 11:24:52,amazon Dcvoltage,false
1120389,204-3567798-9427549,AMAZON,B0CNQ1MB3F,,LDMG125B228,2,21.98,10.99,2026-03-13 11:30:01,amazon Dcvoltage,false
1120390,026-0486252-2379534,AMAZON,B086XBYS87,,LHC3E27WH,2,12.98,5.41,2026-03-13 11:34:04,amazon Ledsone,false
1120391,203-4153292-4189110,AMAZON,B0CCJ2TRB2,,SPSDP3WH3PK,1,10.09,8.41,2026-03-13 11:37:42,amazon Ledsone,false
1120402,205-4579338-7316319,AMAZON,B0CVL9C7P9,,LSTF400YE2PK+RPR44WH2PK,1,27.89,23.24,2026-03-13 11:43:57,amazon Ledsone,false
1120403,205-5613418-2575568,AMAZON,B09FGQD4VK,,CRFF500BM+PHBL1PBRBM3PK+LSDO210BM3PK,1,41.79,34.82,2026-03-13 11:43:29,amazon Ledsone,false
1120411,202-7612879-5487510,AMAZON,B0FY5TMXGP,,LDSG1001E272PK,1,25.89,21.57,2026-03-13 11:53:01,amazon Ledsone,false
1120412,026-0249064-3628372,AMAZON,B0743GYD52,,CO332AGYAPK,1,5.88,2.49,2026-03-13 11:54:40,amazon Ledsone,false
1120413,202-1989628-9885149,AMAZON,B0B8DWXLQ2,,CRSF1202BM,1,9.58,5.57,2026-03-13 11:54:32,amazon Ledsone,false
1120417,204-8687905-2586747,AMAZON,B0GS9MNQ44,,SPPGUK3PBR4PK,1,6.49,6.49,2026-03-13 12:00:50,amazon Dcvoltage,false
1120418,203-0195044-1159503,AMAZON,B0F9YGXDD2,,ENC2435,1,19.99,19.99,2026-03-13 12:03:27,amazon Dcvoltage,false
1120420,202-5927523-6836330,AMAZON,B0B9Y5MRSK,,CL3TGD5PK,1,13.09,10.91,2026-03-13 12:04:51,amazon Ledsone,false
1120423,206-5315717-6201908,AMAZON,B0FZSDVL38,,CRSF100BM+LHNSE27BM+LSSS300CH,1,22.89,19.07,2026-03-13 12:10:24,amazon Ledsone,false
1120427,203-5720516-1516355,AMAZON,B0BBGGV4DW,,CL2RWH5PK,1,17.89,14.89,2026-03-13 12:20:42,amazon SRM Amazon,false
1120428,026-6212557-9643532,AMAZON,B0CFHKYH59,,CRSF100BM2PK+PHRNWP1RBM2PK,1,20.09,16.74,2026-03-13 12:25:20,amazon Ledsone,false
1120433,202-8293542-6816314,AMAZON,B0DGPZG2K8,,ENC7659,1,48.89,40.74,2026-03-13 12:28:08,amazon Ledsone,false
1120437,026-5276367-7144358,AMAZON,B0743GYD52,,CO332AGYAPK,1,5.88,2.49,2026-03-13 12:40:16,amazon Ledsone,false
1120446,026-8279125-5662719,AMAZON,B0CCHZNHT9,,SPSDP2WH,1,8.58,4.74,2026-03-13 12:49:26,amazon Ledsone,false
1120449,203-0475712-4408338,AMAZON,B0FBGLHJLN,,WSHFBC+LSHQ160BC+ICST64E27,6,118.21,21.89,2026-03-13 13:03:11,amazon Dcvoltage,false
1120452,205-0329351-9501154,AMAZON,B0CCF5KBJH,,LSCY290BM+RPR44WH,1,15.89,13.24,2026-03-13 13:08:32,amazon Ledsone,false
1120459,204-7935889-1930750,AMAZON,B0FH9MJR4X,,CRFF140CH+PHAH2RCHBW+SPSDP2SN,1,15.29,12.74,2026-03-13 13:24:37,amazon Ledsone,false
1120460,026-4077851-9271528,AMAZON,B0F291VKCF,,LSCY290RE+RPR44WH,2,28.90,12.04,2026-03-13 13:27:12,amazon Ledsone,false
1120466,202-4177867-5538723,AMAZON,B0D44ZF4KW,,PHSF2ROTRO+ICST64E27,1,15.20,16.89,2026-03-13 13:29:36,amazon Dcvoltage,false
1120467,205-0710895-3751549,AMAZON,B0CHFMLZWQ,,WCB5BM+RPR44WH,1,9.98,8.32,2026-03-13 13:32:49,amazon Ledsone,false
1120477,026-4456954-6422719,AMAZON,B0CV577DHS,,WCB7BB2PK+RPR44WH2PK,1,16.69,13.91,2026-03-13 13:43:46,amazon Ledsone,false
1120486,026-0851738-2353150,AMAZON,B0D3X5SFSB,,CCBKNWE72PK,4,35.30,7.74,2026-03-13 13:58:21,amazon Ledsone,false
1120498,202-2549286-7409156,AMAZON,B0GLGLH64Z,,LSGLFP245BL+RPM40WH,1,15.89,15.89,2026-03-13 14:11:47,amazon Dcvoltage,false
1120499,202-5532373-0660366,AMAZON,B09ZVH3JKY,,CCBKNWE18,2,13.96,5.82,2026-03-13 13:06:21,amazon Ledsone,false
1120519,206-4285174-5194757,AMAZON,B0DMF2KF74,,ENC9307,1,27.29,22.74,2026-03-13 14:30:08,amazon Ledsone,false
1120520,026-6703596-0584332,AMAZON,B0CVMZBLZ7,,RWWPSYBF25GY,1,4.78,1.89,2026-03-13 14:16:55,amazon Dcvoltage,false
1120521,202-8026831-3204332,AMAZON,B0CQT843J9,,LSDO210OR+RPR44WH,1,11.89,11.89,2026-03-13 14:21:42,amazon Dcvoltage,false
1120522,206-1048315-4051525,AMAZON,B08NDBQLMZ,,WCDTBM+RPR44WH,1,10.89,10.89,2026-03-13 14:23:52,amazon Dcvoltage,false
1120529,204-0342672-0240350,AMAZON,B0F9VDWTYX,,CL3RBM3PK,1,6.79,5.66,2026-03-13 14:36:11,amazon Ledsone,false
1120530,203-4112152-8897929,AMAZON,B0F2FQNWTJ,,LPSQ5W6PK,1,20.59,17.16,2026-03-13 14:35:07,amazon Ledsone,false
1120536,202-9226692-3565150,AMAZON,B08BZKNC4L,,CBSF295,2,14.98,7.49,2026-03-13 14:40:58,amazon SRM Amazon,false
1120548,205-6668432-0501916,AMAZON,B0DH9CM4NZ,,CL3TLB5PK,1,11.99,11.99,2026-03-13 15:00:35,amazon Dcvoltage,false
1120563,203-3909309-6814711,AMAZON,B0CQNJFNM1,,PLTTBS+LSTF40BS,1,18.80,20.89,2026-03-13 15:10:56,amazon Dcvoltage,false
1120565,204-9871394-3864346,AMAZON,B0743GYD52,,CO332AGYAPK,1,5.88,2.49,2026-03-13 15:11:19,amazon Ledsone,false
1120573,026-0595260-9629127,AMAZON,B0F292MNGB,,LSCY290BG+RPR44WH,1,17.49,14.57,2026-03-13 15:28:24,amazon Ledsone,false
1120579,202-9597744-0501131,AMAZON,B08V5MK449,,CRSF100BM+PHHT1PBRBM+LSCY290BM,2,39.40,21.89,2026-03-13 15:41:02,amazon Dcvoltage,false
1120586,206-8777528-3617138,AMAZON,B09XBCV8ZM,,CRFF500BM+PHHN1PBRCO3PK+LSDO210BI3PK,1,38.89,32.41,2026-03-13 15:41:17,amazon Ledsone,false
1120591,202-3198410-9376320,AMAZON,B0GGHFVG9H,,CRFF100GB2PK+LHNSE27GB2PK+ICST64E272PK,1,26.89,26.89,2026-03-13 15:59:24,amazon Dcvoltage,false
1120596,206-2707934-7873157,AMAZON,B0FHBB73DZ,,CRSF2003WH+PHUM1PCRCH3PK+WCRWRE3PK,1,38.49,32.07,2026-03-13 16:06:19,amazon Ledsone,false
1120602,204-0501497-1344346,AMAZON,B0DX6WRK79,,CENU25200BM,1,3.98,0.91,2026-03-13 16:13:24,amazon Ledsone,false
1120603,206-3214117-0050765,AMAZON,B0BX4GWZK3,,LSMS320GY+RPR44WH,1,14.99,14.99,2026-03-13 16:20:14,amazon Dcvoltage,false
1120607,203-3233681-1295503,AMAZON,B0DBZGHLSR,,LDSHEAE2743PK,1,21.89,18.24,2026-03-13 16:21:55,amazon Ledsone,false
1120613,206-7070846-5779540,AMAZON,B0D3LY29Z9,,CSBEB6LG+CSBEB6PI,1,9.69,8.07,2026-03-13 16:32:10,amazon Ledsone,false
1120630,203-4305497-0977941,AMAZON,B0DZ5SWLZN,,CRSF120CH3PK,4,46.40,10.74,2026-03-13 16:47:06,amazon Ledsone,false
1120631,206-7456619-9990746,AMAZON,B0DH4KYFPD,,WCDTBM2PK+RPR44WH2PK,1,18.89,15.74,2026-03-13 16:45:41,amazon Ledsone,false
1120639,205-8578188-1013141,AMAZON,B09L54F3QS,,PLHABS+LSOL180BS,1,21.69,18.07,2026-03-13 16:52:35,amazon Ledsone,false
1120640,202-4818282-9763549,AMAZON,B0CPBXK43C,,LSCY290NB+RPR44WH,1,16.09,16.09,2026-03-13 16:54:06,amazon Dcvoltage,false
1120641,202-6475491-8301921,AMAZON,B0DTT4PKCH,,WCVCWH3PK+RPR44WH3PK,1,24.89,24.89,2026-03-13 16:53:42,amazon Dcvoltage,false
1120657,026-9335142-1143533,AMAZON,B0B82W84F2,,PHSF1AGRGB,2,22.18,9.24,2026-03-13 17:08:36,amazon Ledsone,false
1120658,026-0625612-3141936,AMAZON,B0DNK2WMKV,,ENC5360,1,29.89,24.91,2026-03-13 17:10:21,amazon Ledsone,false
1120661,204-2124013-0342746,AMAZON,B0DTJ19HSF,,WCDTBM+RPR44WH,1,10.39,8.66,2026-03-13 17:18:00,amazon Ledsone,false
1120662,206-2874056-1106737,AMAZON,B08G4YZDH5,,LDMG125E278,2,23.98,11.99,2026-03-13 17:17:22,amazon SRM Amazon,false
1120663,205-2329532-2652364,AMAZON,B0B8P4R7WF,,LDMA60E278WW2PK,1,10.18,6.07,2026-03-13 17:15:11,amazon Ledsone,false
1120666,202-1399832-4776311,AMAZON,B0F9VGB8S2,,CL3RGD3PK,1,6.79,5.66,2026-03-13 17:37:38,amazon Ledsone,false
1120667,206-1588486-5441140,AMAZON,B0DZNQCJX5,,RWWPSY08GY,1,4.78,1.57,2026-03-13 17:39:18,amazon Ledsone,false
1120670,206-2992212-2620327,AMAZON,B0CVL5MYFT,,LSTF400WH+RPR44WH,1,14.93,16.59,2026-03-13 17:41:53,amazon Dcvoltage,false
1120671,203-5362954-4014767,AMAZON,B0DZNLF6LK,,RWWPSY10GY,1,5.38,2.07,2026-03-13 17:42:51,amazon Ledsone,false
1120679,026-7800616-4204352,AMAZON,B0DCNSX683,,PLADBC2PK,1,90.83,75.69,2026-03-13 17:52:00,amazon Ledsone,false
1120680,026-7846486-0612316,AMAZON,B0D7BXHZP9,,LDSG125E2742PK,1,15.77,13.14,2026-03-13 17:52:43,amazon Ledsone,false
1120682,026-7157818-4219560,AMAZON,B0CRZ4L8DQ,,LSCY290RE+RPR44WH,1,15.89,15.89,2026-03-13 17:51:30,amazon Dcvoltage,false
1120683,026-7157818-4219560,AMAZON,B0CRZ53C55,,LSCY290BL+RPR44WH,1,15.89,15.89,2026-03-13 17:51:30,amazon Dcvoltage,false
1120686,203-7111496-9241105,AMAZON,B0CTTFVY5V,,LSMS320OR+RPR44WH,1,14.99,14.99,2026-03-13 18:01:22,amazon Dcvoltage,false
1120690,026-9446293-4910725,AMAZON,B086228MDF,,LDMST64B2286PK,1,20.89,17.41,2026-03-13 18:10:25,amazon Ledsone,false
1120691,203-3526923-0790703,AMAZON,B0B8P49KHN,,LDA60B224WW,1,5.99,4.99,2026-03-13 18:16:35,amazon Ledsone,false
1120692,204-2436372-6845163,AMAZON,B0CNJX1DV8,,WCB7WH+RPR44WH,1,11.18,8.29,2026-03-13 18:13:33,amazon Dcvoltage,false
1120696,203-4275217-3712312,AMAZON,B0FY5TWHGH,,LDSG1007E27,1,13.99,11.66,2026-03-13 18:22:23,amazon Ledsone,false
1120697,205-4827000-2240307,AMAZON,B0C43MJXYS,,WCDTGR+RPR44WH,1,9.89,8.24,2026-03-13 18:25:05,amazon Ledsone,false
1120718,204-9718254-5896323,AMAZON,B0DX19J4S2,,LHSHE27CO2PK,1,10.89,10.89,2026-03-13 18:51:25,amazon SRM Amazon,false
1120727,202-3797871-7759547,AMAZON,B0DNK2H74S,,ENC5362,1,29.89,24.91,2026-03-13 19:05:41,amazon Ledsone,false
1120736,204-8313847-7731562,AMAZON,B0DH937VLZ,,CL3TCR3PK,1,8.99,8.99,2026-03-13 19:14:12,amazon Dcvoltage,false
1120737,205-8483909-5274742,AMAZON,B0F28Z2V3C,,LSCY290GB+RPR44WH,1,17.89,14.91,2026-03-13 19:17:22,amazon Ledsone,false
1120750,026-6975899-6322741,AMAZON,B0CGRQCV7Y,,CRSF100BM+PHRNWP2RBM+ICST64E27,1,13.79,11.49,2026-03-13 19:38:24,amazon Ledsone,false
1120754,202-9645815-6537167,AMAZON,B0DTJ1QZ5F,,WCDTWH3PK+RPR44WH3PK,1,25.89,21.57,2026-03-13 19:45:26,amazon Ledsone,false
1120755,203-2035948-0787521,AMAZON,B09MWJ3JRH,,ENC2242,1,35.89,29.91,2026-03-13 19:47:26,amazon Ledsone,false
1120759,026-9126155-1171501,AMAZON,B07PM5YJZC,,CL3TBKAPK,2,45.88,26.99,2026-03-13 19:50:58,amazon Dcvoltage,false
1120760,204-7389639-3177964,AMAZON,B0CTTFVY5V,,LSMS320OR+RPR44WH,1,14.69,14.69,2026-03-13 19:55:30,amazon Dcvoltage,false
1120761,026-0500100-2346720,AMAZON,B0F28Z2V3C,,LSCY290GB+RPR44WH,1,17.89,14.91,2026-03-13 19:53:41,amazon Ledsone,false
1120763,202-0152774-1125966,AMAZON,B0C3ZT8HVF,,LSCY290BI+RPR44WH,1,15.89,13.24,2026-03-13 19:57:58,amazon Ledsone,false
1120766,205-3951446-0780349,AMAZON,B09V89M92G,,CRSF2003BM+PHHN1PBRGD3PK+LSDO210RE3PK,2,77.78,32.41,2026-03-13 19:59:39,amazon Ledsone,false
1120767,206-1469309-7531554,AMAZON,B0FB3WTV46,,LDMC35E1442PK,1,8.24,8.24,2026-03-13 20:00:33,amazon Ledsone,false
1120768,206-1469309-7531554,AMAZON,B0FB3ZFXY1,,LDMC35E1443PK,1,11.77,11.77,2026-03-13 20:00:33,amazon Ledsone,false
1120772,206-7450484-4049141,AMAZON,B0CJCF4J3H,,LSSS300BL2PK+RPR44WH2PK,1,26.89,26.89,2026-03-13 20:19:17,amazon Dcvoltage,false
1120781,202-0167437-5527536,AMAZON,B0F24FJM23,,WCWYBM,1,10.89,10.89,2026-03-13 20:34:37,amazon Dcvoltage,false
1120784,204-7767297-0121926,AMAZON,B0CXTDGWPP,,ENC6541,1,18.79,18.79,2026-03-13 20:47:13,amazon Dcvoltage,false
1120785,203-2496503-4659523,AMAZON,B0DX757H3G,,CERU72350RE,1,9.18,5.24,2026-03-13 20:41:56,amazon Ledsone,false
1120789,205-7950264-0701948,AMAZON,B0DTPB2YC2,,WCB2BM3PK+RPR44WH3PK,2,45.78,19.07,2026-03-13 20:57:12,amazon Ledsone,false
1120793,205-3239325-6703566,AMAZON,B0D298MYFM,,LSCY290GY+RPR44WH,1,16.09,13.41,2026-03-13 21:02:30,amazon Ledsone,false
1120797,026-5834472-4173928,AMAZON,B0CB1KJ3XJ,,LSMS320GY+RPR44WH,1,14.99,12.49,2026-03-13 21:13:46,amazon Ledsone,false
1120801,204-6003253-8888302,AMAZON,B08XWSBPHW,,WCB1BM+RPR44WH,1,10.69,10.69,2026-03-13 21:19:14,amazon Dcvoltage,false
1120806,203-5218897-7981905,AMAZON,B07L6T9P7B,,CRSF100GB,1,8.89,8.89,2026-03-13 21:34:36,amazon Dcvoltage,false
1120807,203-8841918-1658720,AMAZON,B0DH64Q1RJ,,CL2TBK3PK,1,7.99,7.99,2026-03-13 21:35:22,amazon Dcvoltage,false
1120808,204-9827176-9245146,AMAZON,B08VGMKHT7,,LSCY290BM+RPR44WH,1,15.89,15.89,2026-03-13 21:38:16,amazon Dcvoltage,false
1120809,204-9021660-3812362,AMAZON,B07FDXJG55,,CCBC36,4,33.78,8.89,2026-03-13 21:39:41,amazon Dcvoltage,false
1120812,026-9886257-0101921,AMAZON,B0DTY7H97T,,WCVCBC3PK+RPR44WH3PK,1,22.89,19.07,2026-03-13 21:43:38,amazon Ledsone,false
1120813,026-4307995-4202718,AMAZON,B0CKHMJ2FF,,CRFF500BC+PHNW1RBC3PK+ICST64E273PK,2,84.81,49.89,2026-03-13 21:43:38,amazon Dcvoltage,false
1120818,202-4393429-2114708,AMAZON,B0CB4RR7VK,,LSCY290YB+RPR44WH,1,17.89,17.89,2026-03-13 22:05:14,amazon Dcvoltage,false
1120819,205-8397855-1848332,AMAZON,B091B7NP2G,,LSMCSPDRFL+RPM40WH,1,20.89,20.89,2026-03-13 22:05:06,amazon Dcvoltage,false
1120825,204-0796442-7658740,AMAZON,B0DG5HXCYR,,CRSF100OR+WSCH135OR+LSDO210OR,1,22.89,22.89,2026-03-13 22:20:57,amazon Dcvoltage,false
1120826,204-1904213-0365122,AMAZON,B09MWJ3JRH,,ENC2242,1,35.89,29.91,2026-03-13 22:24:57,amazon Ledsone,false
1120829,203-9392009-4574714,AMAZON,B09WJCZPVM,,CRFF140RO+WSNW170RO+LSFT220RO,2,33.98,14.16,2026-03-13 22:36:15,amazon Ledsone,false
1120831,204-0761157-4947567,AMAZON,B08VGLZVBD,,LSCY290YE+RPR44WH,1,15.89,15.89,2026-03-13 22:38:51,amazon Dcvoltage,false
1120834,203-8203518-1509921,AMAZON,B0F292MNGB,,LSCY290BG+RPR44WH,1,17.49,14.57,2026-03-13 22:41:04,amazon Ledsone,false
1120838,204-7668365-9372369,AMAZON,B0FC1YZTFN,,SPSSDBMAPK,1,10.08,5.99,2026-03-13 23:10:17,amazon Ledsone,false
1120840,205-7678222-8531559,AMAZON,B0DFGGMPS6,,WCDTBM5PK+RPR44WH5PK,1,39.49,39.49,2026-03-13 23:10:57,amazon Dcvoltage,false
1120842,205-5570730-1103512,AMAZON,B09N1PLYST,,ENC2238,1,28.89,24.07,2026-03-13 23:54:14,amazon Ledsone,false
1120848,202-9564358-0845902,AMAZON,B0FNWFF268,,LSWD360BG+RPR44WH,1,19.69,16.41,2026-03-14 00:56:46,amazon Ledsone,false
1120852,204-2843801-3089131,AMAZON,B0G4QTRN1G,,CRSF100BS+PHHF1PBRBS+LSWD360BS,1,22.89,22.89,2026-03-14 02:06:32,amazon Dcvoltage,false
1120855,204-2503371-4441131,AMAZON,B0FPQVSMFT,,LDCWT75B2212,1,8.79,7.32,2026-03-14 02:16:32,amazon Ledsone,false
1120856,203-2293422-6717154,AMAZON,B0CV7K4PZC,,RWGS1342WH,1,6.75,3.59,2026-03-14 02:17:44,amazon Dcvoltage,false
1120860,206-6156525-9712338,AMAZON,B0CH2XHVD9,,LSMCSPSQMC+RPM40WH,1,22.99,19.16,2026-03-14 03:24:14,amazon Ledsone,false
1120865,202-1853011-1861139,AMAZON,B093Y6NMXT,,ENC1314,2,41.78,17.41,2026-03-14 03:54:25,amazon Ledsone,false
1120867,205-6565439-8280336,AMAZON,B0CV7K4PZC,,RWGS1342WH,1,6.75,3.59,2026-03-14 04:16:22,amazon Dcvoltage,false
1120870,205-5223308-4659537,AMAZON,B0CH17JLH8,,LSBF3BWG+ICST64E273PK,1,47.49,39.57,2026-03-14 04:51:00,amazon Ledsone,false
1120891,203-7942220-3938714,AMAZON,B0CXSYCZMR,,RWT6120YE,1,14.19,14.19,2026-03-14 07:16:35,amazon Dcvoltage,false
1120892,203-7942220-3938714,AMAZON,B0CXSLYXDK,,RWT6100YE,1,12.59,12.59,2026-03-14 07:16:35,amazon Dcvoltage,false
1120904,202-8604325-0293906,AMAZON,B0DGPZ76JC,,LDMG95B2286PK,1,22.49,22.49,2026-03-14 07:42:58,amazon Dcvoltage,false
1120911,206-0247816-3993968,AMAZON,B0DQD74HVG,,PHSF1BMTYB3PK,1,26.71,22.26,2026-03-14 08:01:34,amazon Ledsone,false
1120912,203-0668043-8713937,AMAZON,B0B8VVQSNV,,LDSG125LOE274,1,12.30,8.07,2026-03-14 08:00:06,amazon Ledsone,false
1120919,205-4462663-4604369,AMAZON,B0CVKZQNRT,,TSLTRE,1,8.18,4.41,2026-03-14 08:19:57,amazon Ledsone,false
1120936,026-6319547-5825924,AMAZON,B0CCHZNHT9,,SPSDP2WH,1,8.58,4.74,2026-03-14 08:43:05,amazon Ledsone,false
1120943,026-2114935-7390763,AMAZON,B0GGHFVG9H,,CRFF100GB2PK+LHNSE27GB2PK+ICST64E272PK,1,26.89,26.89,2026-03-14 08:54:15,amazon Dcvoltage,false
1120955,206-9023891-2305954,AMAZON,B0DCKWL469,,STFG4845WH,1,6.38,2.91,2026-03-14 09:18:45,amazon Ledsone,false
1120966,203-0535465-9933125,AMAZON,B08Y973M6R,,LSLG190BG,2,55.08,28.99,2026-03-14 09:45:00,amazon Dcvoltage,false
1120972,026-3867984-8811557,AMAZON,B0DTQ2WNZJ,,LDMST64E2742PK,1,14.89,12.41,2026-03-14 09:57:20,amazon Ledsone,false
1120973,026-4411007-6565911,AMAZON,B0DCKWL469,,STFG4845WH,1,6.38,2.91,2026-03-14 09:58:07,amazon Ledsone,false
1120976,202-0538097-4924308,AMAZON,B0DH937VLZ,,CL3TCR3PK,1,8.99,8.99,2026-03-14 10:09:36,amazon Dcvoltage,false
1120979,206-2536014-0497917,AMAZON,B0BL7LZR24,,LDMT45E2746PK,3,62.10,18.16,2026-03-14 10:00:00,amazon Ledsone,false
1120980,206-6402022-4073968,AMAZON,B0DH4KYFPD,,WCDTBM2PK+RPR44WH2PK,1,18.89,15.74,2026-03-14 10:03:40,amazon Ledsone,false
1120994,206-6942104-0423559,AMAZON,B0FPWV2SHR,,LDCWT75B22126PK,1,19.49,16.24,2026-03-14 10:20:48,amazon Ledsone,false
1121001,204-0045126-5007523,AMAZON,B0GR8XKW5B,,SPPGUK3PBM2PK,1,6.18,2.74,2026-03-14 10:22:25,amazon Ledsone,false
1121004,206-8441574-3484332,AMAZON,B0CCHYSJWC,,SPSDP2YB,1,8.58,4.74,2026-03-14 10:34:52,amazon Ledsone,false
1121005,202-0373450-0685928,AMAZON,B0B9Y5MRSK,,CL3TGD5PK,2,24.87,10.91,2026-03-14 10:33:54,amazon Ledsone,false
1121006,202-6064799-6432340,AMAZON,B07WDY11V6,,CRSF1203YB,1,10.89,10.89,2026-03-14 10:33:54,amazon Dcvoltage,false
1121011,206-5256208-4986764,AMAZON,B0GLNBSJMP,,PL4HRR,1,34.89,29.07,2026-03-14 11:00:44,amazon Ledsone,false
1121012,204-5194875-1998713,AMAZON,B0DH5WBPJN,,CL2TLB5PK,1,10.09,10.09,2026-03-14 10:40:55,amazon Dcvoltage,false
1121017,202-2305889-2599567,AMAZON,B08JJ76ZYR,,12IP6730,1,10.59,10.59,2026-03-14 10:50:39,amazon SRM Amazon,false
1121029,026-3815160-7181961,AMAZON,B0F9X3DK6V,,LSFT220BR+RPR44WH,1,10.89,9.07,2026-03-14 11:17:00,amazon Ledsone,false
1121045,206-2620621-0009902,AMAZON,B0F9X4RS4W,,CL2RGDAPK,1,18.99,15.82,2026-03-14 11:46:18,amazon Ledsone,false
1121046,204-5042572-1545102,AMAZON,B0DH9FDGZY,,CL3TBRAPK,2,41.98,20.99,2026-03-14 11:50:03,amazon Dcvoltage,false
1121059,026-7456817-5258761,AMAZON,B0BBS6B82P,,CL3TBMAPK,1,23.89,19.91,2026-03-14 12:02:30,amazon Ledsone,false
1121060,205-9357126-3233151,AMAZON,B0964613ZN,,CRSF2003BM+WCRN3CBM3PK,1,45.49,37.91,2026-03-14 12:03:40,amazon Ledsone,false
1121071,206-8381933-5962722,AMAZON,B0DCDSZ719,,LDSG95DIE2743PK,1,23.89,19.91,2026-03-14 12:20:58,amazon Ledsone,false
1121072,203-4549797-7414744,AMAZON,B0CCDR7C3Y,,WCVCBS2PK+RPR44WH2PK,1,15.89,13.24,2026-03-14 12:24:50,amazon Ledsone,false
1121077,026-3643825-5893968,AMAZON,B0F2FQNWTJ,,LPSQ5W6PK,1,20.59,17.16,2026-03-14 12:31:33,amazon Ledsone,false
1121082,206-4780717-3581125,AMAZON,B0D7MDP9XP,,LDMG95B224APK,2,48.58,26.99,2026-03-14 12:48:24,amazon Dcvoltage,false
1121084,203-8788644-9705916,AMAZON,B0GCZG4XFD,,CRSF120WH,2,14.67,4.91,2026-03-14 12:42:41,amazon Ledsone,false
1121085,026-0536682-3098718,AMAZON,B0DNK1NCSR,,WSFS2BMYB+SCRN70BM2PK+LSFT220WH2PK,2,59.78,24.91,2026-03-14 12:44:30,amazon Ledsone,false
1121094,206-6355368-3148349,AMAZON,B0CZXL6ZYG,,TPOSBDBM,1,25.89,21.57,2026-03-14 12:55:49,amazon Ledsone,false
1121108,026-5998282-9183566,AMAZON,B0DH92XGC2,,CL3TRS3PK,1,7.99,7.99,2026-03-14 13:27:23,amazon Dcvoltage,false
1121118,205-0862557-7624339,AMAZON,B0D676NPS6,,SPSDP2YB2PK,1,11.09,11.09,2026-03-14 13:40:43,amazon Dcvoltage,false
1121119,205-0862557-7624339,AMAZON,B0D675RHFR,,SPSDP3YB2PK,1,7.19,7.19,2026-03-14 13:40:43,amazon Dcvoltage,false
1121120,203-2170981-8771557,AMAZON,B0FXWRN6SM,,CRFF100SN2PK+LHNSE27SN2PK,1,17.49,14.57,2026-03-14 13:39:53,amazon Ledsone,false
1121122,202-3248730-5401168,AMAZON,B09L8KS17V,,CRSF100BM+PHCH1BMRBM+LSDO400BI,1,21.69,18.07,2026-03-14 13:44:02,amazon Ledsone,false
1121131,206-5703373-2542709,AMAZON,B0C6LY8XZG,,12UK3P1A,1,9.88,6.99,2026-03-14 13:51:34,amazon Dcvoltage,false
1121134,204-3181163-4758766,AMAZON,B0DXQ7YWGJ,,LSCY290YB2PK+RPR44WH2PK,1,27.89,23.24,2026-03-14 14:01:30,amazon Ledsone,false
1121135,026-7468367-7774724,AMAZON,B0F48PYKWX,,RWWPSY0860YE,1,8.77,5.79,2026-03-14 14:02:35,amazon Dcvoltage,false
1121136,206-6378136-7211508,AMAZON,B08TQSGTRN,,CRSF100BC+LHNSE27YB+SCRN70BC+LSWD360BC,1,26.89,26.89,2026-03-14 14:08:46,amazon Dcvoltage,false
1121155,205-5105845-6263567,AMAZON,B09DL84KFN,,PLWEBC+PHHT1PBRBC+WCBNBC+ICT45E2760,1,26.86,26.86,2026-03-14 14:26:40,amazon Dcvoltage,false
1121159,206-7453423-0526735,AMAZON,B0F2FYS1WB,,RWT570YE,1,12.29,10.24,2026-03-14 14:36:51,amazon Ledsone,false
1121160,203-8606644-4261123,AMAZON,B0CJCDJVLN,,LSSS300BC2PK+RPR44WH2PK,2,53.98,26.99,2026-03-14 14:38:25,amazon Dcvoltage,false
1121198,202-7739175-6316363,AMAZON,B0G5PMT5PT,,CRSF100BM+LHNSE27BM+SCRN70BM+LSTF40RR,1,16.69,16.69,2026-03-14 15:38:01,amazon Dcvoltage,false
1121199,206-2524687-6984300,AMAZON,B0CN37Z28F,,CRSF1206BM+PHRY2PCRBM6PK,1,33.89,33.89,2026-03-14 15:34:23,amazon Dcvoltage,false
1121200,206-8824439-8889966,AMAZON,B0CK7ZQFXV,,CRFF500BM+PHBK1PBRBA3PK+ICST64E273PK,1,36.39,30.32,2026-03-14 15:34:23,amazon Ledsone,false
1121206,205-5018024-8885147,AMAZON,B0DH4KYFPD,,WCDTBM2PK+RPR44WH2PK,1,18.89,15.74,2026-03-14 15:46:30,amazon Ledsone,false
1121207,203-2063610-4805142,AMAZON,B0GQ48BNBZ,,LSGLSC115AR+RPM40WH,2,19.78,9.89,2026-03-14 15:40:32,amazon Dcvoltage,false
1121208,026-2301348-8437953,AMAZON,B09M6YWJM3,,LDMG95B2283PK,1,15.39,15.39,2026-03-14 15:43:24,amazon SRM Amazon,false
1121225,205-2946094-1500324,AMAZON,B09BJSNY3R,,CRSF100GB+LHNSE27GB+SCRN70GB+LSTF40GB+ICST64E2740,1,19.89,19.89,2026-03-14 15:58:52,amazon SRM Amazon,false
1121234,204-0932197-9816326,AMAZON,B0B82W84F2,,PHSF1AGRGB,1,11.09,9.24,2026-03-14 16:17:33,amazon Ledsone,false
1121235,204-0238713-0205103,AMAZON,B0CS9PS8J3,,LSCY210BG3PK+RPR44WH3PK,1,32.89,32.89,2026-03-14 16:19:46,amazon Dcvoltage,false
1121236,204-0238713-0205103,AMAZON,B0D83PFMTP,,WCDCBM3PK+RPR44WH3PK,1,24.49,24.49,2026-03-14 16:19:46,amazon Dcvoltage,false
1121247,202-8558062-2208364,AMAZON,B0GCZMXQZF,,CRFF100CO+LHNSE27CO+ICST64E27,1,16.99,16.99,2026-03-14 16:30:22,amazon Dcvoltage,false
1121248,026-6641319-6516369,AMAZON,B0CNZ7D55V,,CL3RIVAPK,1,19.99,19.99,2026-03-14 16:32:47,amazon Dcvoltage,false
1121249,203-5173404-9413940,AMAZON,B0B8P72L62,,LDMA60E274WW3PK,1,15.89,13.24,2026-03-14 16:31:14,amazon Ledsone,false
1121250,204-1945428-0846763,AMAZON,B0G1TFS81B,,CKCSFG,1,14.48,9.66,2026-03-14 16:33:48,amazon Ledsone,false
1121254,206-8363121-1493125,AMAZON,B0DPMBXRPG,,LHCTOCO,2,15.78,6.57,2026-03-14 16:42:43,amazon Ledsone,false
1121257,026-1641433-9132329,AMAZON,B0D7BXHZP9,,LDSG125E2742PK,1,15.77,13.14,2026-03-14 16:45:10,amazon Ledsone,false
1121261,206-9360827-3191548,AMAZON,B0CBPB89LQ,,WCB1BC2PK+RPR44WH2PK,2,33.58,16.79,2026-03-14 16:48:44,amazon Dcvoltage,false
1121269,206-4980062-6161100,AMAZON,B0GP73VLM8,,LHPVHRE27WH,1,4.69,3.91,2026-03-14 16:50:30,amazon Ledsone,false
1121274,205-1319157-9221169,AMAZON,B0D2977G11,,LSCY290YB3PK+RPR44WH3PK,1,42.89,35.74,2026-03-14 17:04:28,amazon Ledsone,false
1121275,203-7418539-0346748,AMAZON,B09L8K1Q8T,,CRSF100BM+PHCH1BMRBM+LSDO400YE,1,21.89,18.24,2026-03-14 17:07:45,amazon Ledsone,false
1121276,205-6116649-0101121,AMAZON,B0D56ZN8NP,,WCB7WH2PK+RPR44WH2PK,1,15.89,15.89,2026-03-14 17:03:33,amazon Dcvoltage,false
1121279,203-4938142-9473959,AMAZON,B0B9Y5MRSK,,CL3TGD5PK,1,13.09,10.91,2026-03-14 17:14:14,amazon Ledsone,false
1121281,205-2980268-8713940,AMAZON,B0DKDY66WX,,CRFF100RO,2,10.70,5.35,2026-03-14 17:11:19,amazon Dcvoltage,false
1121287,205-4524363-5597159,AMAZON,B0DPMBXRPG,,LHCTORO,2,15.78,6.57,2026-03-14 17:20:48,amazon Ledsone,false
1121288,202-4213890-8492305,AMAZON,B0DH8XKTL8,,CL3TBK3PK,1,8.99,8.99,2026-03-14 17:21:58,amazon Dcvoltage,false
1121293,204-7814755-7636336,AMAZON,B0DG29SP2H,,LDMA60E274WW2PK,1,8.99,7.49,2026-03-14 17:35:59,amazon Ledsone,false
1121294,205-2009797-8444326,AMAZON,B0CNJQL3CQ,,WCB4BM+RPR44WH,1,8.89,8.89,2026-03-14 17:31:38,amazon Dcvoltage,false
1121299,026-8220594-5354766,AMAZON,B0DH623GPF,,CL2TBM2PK,1,6.99,6.99,2026-03-14 17:48:58,amazon Dcvoltage,false
1121301,206-0741545-3389126,AMAZON,B0FPWXQWQD,,LDCWA60HB2296PK,1,10.13,6.24,2026-03-14 17:34:10,amazon Ledsone,false
1121302,026-4221469-3757132,AMAZON,B0CF5NMTQX,,CRSF100CO+PHCHPBRCO+LSCY290CO,2,45.78,19.07,2026-03-14 17:46:09,amazon Ledsone,false
1121303,202-3075997-5217906,AMAZON,B0C2KRMRKX,,LSCP150GR+RPR44WH,1,12.89,10.74,2026-03-14 17:47:16,amazon Ledsone,false
1121304,026-9102472-4649163,AMAZON,B0C3ZT3VR1,,LSCY290CB+RPR44WH,1,15.89,13.24,2026-03-14 17:48:53,amazon Ledsone,false
1121309,026-3569355-8458700,AMAZON,B0DH5PRNR9,,CL2TSI3PK,1,7.99,7.99,2026-03-14 17:58:01,amazon Dcvoltage,false
1121322,206-7100701-1694761,AMAZON,B0F3NPV8P9,,RWGS1533WH,1,6.87,3.89,2026-03-14 18:22:41,amazon Dcvoltage,false
1121330,026-0370823-1847512,AMAZON,B07DW3ZY1P,,CCBC3,1,5.89,5.89,2026-03-14 18:35:04,amazon Dcvoltage,false
1121331,204-7163185-1657967,AMAZON,B091B7NP2G,,LSMCSPDRFL+RPM40WH,1,20.89,20.89,2026-03-14 18:32:42,amazon Dcvoltage,false
1121332,204-4779058-3709915,AMAZON,B0CC8Q6WD3,,CRSF100BM+WSSS70BM+LSCY290BI+ICST64E27,1,27.89,27.89,2026-03-14 18:40:59,amazon Dcvoltage,false
1121333,206-1485399-1369116,AMAZON,B0FB2JZ7RM,,PHSF2BMRYB+SPSDP2BM+LDMST64E274,1,16.89,14.07,2026-03-14 18:34:00,amazon Ledsone,false
1121335,204-2703001-4070748,AMAZON,B08BJ84P75,,12IP6715,1,9.34,6.45,2026-03-14 18:42:28,amazon SRM Amazon,false
1121350,206-1972688-9335509,AMAZON,B0CC9P946H,,LSLT360OR+RPR44WH,2,31.78,15.89,2026-03-14 18:55:59,amazon Dcvoltage,false
1121351,203-8688555-5953146,AMAZON,B0CHF49HKL,,PHUH1HETBM+LSHM400HE,3,91.21,27.24,2026-03-14 18:54:21,amazon Ledsone,false
1121352,205-2353881-3595513,AMAZON,B0GNZLCX15,,LHXSHE27BM3PK,1,21.89,18.24,2026-03-14 18:59:45,amazon Ledsone,false
1121353,205-9105566-4677958,AMAZON,B0DYT146SS,,RWWPSY0680YE,1,5.78,2.41,2026-03-14 18:58:45,amazon Ledsone,false
1121357,206-1966931-5644363,AMAZON,B0DMF2KF74,,ENC9307,1,27.29,22.74,2026-03-14 19:04:23,amazon Ledsone,false
1121359,026-9509745-4245938,AMAZON,B0C7CPLXK8,,LSSS300GR+RPR44WH,1,15.89,15.89,2026-03-14 19:00:16,amazon Dcvoltage,false
1121371,205-9056515-4294748,AMAZON,B081FBSJX8,,CNP1000WH,1,8.78,5.89,2026-03-14 19:24:01,amazon Dcvoltage,false
1121372,026-2374251-4801103,AMAZON,B09L8KS17V,,CRSF100BM+PHCH1BMRBM+LSDO400BI,3,61.82,21.69,2026-03-14 19:19:12,amazon Ledsone,false
1121373,026-6622379-4718709,AMAZON,B0D8PFN4W7,,IMCWEPK,1,19.48,16.23,2026-03-14 19:27:21,amazon Ledsone,false
1121379,204-7759172-0383560,AMAZON,B0FPQVSMFT,,LDCWT75B2212,1,8.79,7.32,2026-03-14 19:32:23,amazon Ledsone,false
1121382,204-3198595-6157946,AMAZON,B08L7P2MHQ,,LDCWE27183PK,4,57.56,13.32,2026-03-14 19:43:19,amazon Ledsone,false
1121383,204-4482186-1189153,AMAZON,B0FXXPSNB6,,LDSG1001E273PK,1,29.99,24.99,2026-03-14 19:45:20,amazon Ledsone,false
1121389,206-6102387-7581903,AMAZON,B0D83PFMTP,,WCDCBM3PK+RPR44WH3PK,1,24.49,24.49,2026-03-14 19:50:08,amazon Dcvoltage,false
1121390,203-5693165-0524314,AMAZON,B0DQD74HVG,,PHSF1BMTYB3PK,1,26.71,22.26,2026-03-14 19:49:52,amazon Ledsone,false
1121391,205-7409852-9635533,AMAZON,B092ZRC5KH,,PLTFRR+ICST64E2740,1,22.19,18.49,2026-03-14 19:52:45,amazon Ledsone,false
1121392,202-9362007-8714700,AMAZON,B0F2FRFP6N,,LPSQ3W4PK,1,12.69,10.57,2026-03-14 19:55:47,amazon Ledsone,false
1121395,203-9669719-2361926,AMAZON,B0GLNZYC5V,,LSGLWS180YC+RPR44WH,2,21.78,10.89,2026-03-14 20:01:08,amazon Dcvoltage,false
1121396,203-9669719-2361926,AMAZON,B0GLNWFGQ7,,LSGLWM200YC+RPR44WH,1,11.89,11.89,2026-03-14 20:01:08,amazon Dcvoltage,false
1121397,203-9669719-2361926,AMAZON,B0CNJZ2KZJ,,WCB7BS,2,21.78,10.89,2026-03-14 20:01:08,amazon Dcvoltage,false
1121398,204-1879897-4441114,AMAZON,B0BY35XHVG,,SCRN70BM2PK,3,16.83,4.07,2026-03-14 20:01:49,amazon Ledsone,false
1121399,203-6982319-1583505,AMAZON,B0D2N2MJRP,,CRFF500BM,1,11.89,9.91,2026-03-14 20:08:36,amazon Ledsone,false
1121404,202-7120597-2258711,AMAZON,B0BLZFXWDN,,LDMG95E274,1,7.19,5.99,2026-03-14 20:10:37,amazon Ledsone,false
1121405,202-5841142-5949923,AMAZON,B0C8NJDTJS,,WCDCBM+RPR44WH,1,11.99,9.99,2026-03-14 20:16:49,amazon Ledsone,false
1121416,205-4992500-5630703,AMAZON,B0CR3JKKCP,,MBEX4560BMFPK,1,23.80,19.83,2026-03-14 20:32:57,amazon Ledsone,false
1121428,204-3450422-6597967,AMAZON,B07CVCT7XN,,LDMG95E278,2,14.98,7.49,2026-03-14 20:47:20,amazon Dcvoltage,false
1121429,204-7537031-9312322,AMAZON,B0BC1CMSVD,,CL3RGDAPK,1,23.99,19.99,2026-03-14 20:48:44,amazon Ledsone,false
1121439,204-7918666-4992364,AMAZON,B0DCS3C47V,,WCDTRE2PK+RPR44WH2PK,1,18.69,15.57,2026-03-14 20:50:49,amazon Ledsone,false
1121440,202-9783922-1268325,AMAZON,B0F946ZJDH,,CL3TGD3PK,1,9.89,8.24,2026-03-14 20:51:25,amazon Ledsone,false
1121446,026-6254560-5237923,AMAZON,B0CN376GSP,,CRSF1202BM+PHHT2PBRBM2PK+SPUPBM2PK,1,15.74,15.74,2026-03-14 20:59:47,amazon Ledsone,false
1121447,026-6254560-5237923,AMAZON,B0CDPZHVHG,,PHTT1PBR3RR+LSWT300RR,1,22.41,22.41,2026-03-14 20:59:47,amazon Ledsone,false
1121449,026-7690121-5281116,AMAZON,B0G1TCLR4H,,CKA12ATC518BM,1,10.34,8.62,2026-03-14 21:04:19,amazon Ledsone,false
1121454,203-2589342-0665115,AMAZON,B079ZVSK6P,,12IP6710,2,15.78,6.57,2026-03-14 20:50:33,amazon Ledsone,false
1121466,204-7872173-9490756,AMAZON,B0C9TLSG9C,,ENC1912,1,18.89,18.89,2026-03-14 21:53:28,amazon Dcvoltage,false
1121470,204-0251675-6344326,AMAZON,B09479HV6W,,LDMG95E2783PK,2,35.78,14.91,2026-03-14 22:03:37,amazon Ledsone,false
1121477,026-1866657-5058764,AMAZON,B08638WV4N,,PHSF1AGTGB2PK,1,16.79,13.99,2026-03-14 22:20:58,amazon Ledsone,false
1121481,204-0269701-8451542,AMAZON,B0CVL5MYFT,,LSTF400WH+RPR44WH,1,16.59,16.59,2026-03-14 22:36:22,amazon Dcvoltage,false
1121483,203-8121398-1864332,AMAZON,B0BL82M8SB,,LDMT185E274,1,6.99,5.82,2026-03-14 22:41:25,amazon Ledsone,false
1121484,026-4961938-6268340,AMAZON,B0FPWV2SHR,,LDCWT75B22126PK,1,19.49,16.24,2026-03-14 22:41:58,amazon Ledsone,false
1121485,202-3891051-5916359,AMAZON,B0CGZQV9Y7,,LSMCSPFLMC+RPM40WH,1,25.89,21.57,2026-03-14 22:46:17,amazon Ledsone,false
1121491,026-7726543-3489924,AMAZON,B0DMF2KF74,,ENC9307,1,27.29,22.74,2026-03-14 23:00:45,amazon Ledsone,false
1121494,026-3603934-6441911,AMAZON,B0C2VMRDKB,,CRSF100CH2PK+WCDC10CH2PK,2,43.00,23.89,2026-03-14 23:09:42,amazon Dcvoltage,false
1121495,206-0720430-3765139,AMAZON,B0F945CZFB,,CL3TBK3PK,1,6.66,6.66,2026-03-14 23:18:41,amazon Ledsone,false
1121496,206-0720430-3765139,AMAZON,B0F9VFYCXZ,,CL3RCR3PK,1,5.66,5.66,2026-03-14 23:18:41,amazon Ledsone,false
1121497,205-1298987-5461922,AMAZON,B0B8P9BKXB,,LDMG125E278,1,10.89,9.07,2026-03-14 23:19:46,amazon Ledsone,false
1121498,204-7428546-4053902,AMAZON,B0CJ741MRL,,CL2TLBAPK,1,18.49,15.41,2026-03-14 23:20:42,amazon Ledsone,false
1121499,204-9421618-2461150,AMAZON,B07L8JDCQL,,CL3TBKAPK,1,24.99,24.99,2026-03-14 23:20:42,amazon Dcvoltage,false
1121500,203-8314457-6897132,AMAZON,B0CBPTFNRX,,WCB4BM2PK+RPR44WH2PK,1,15.89,15.89,2026-03-14 23:38:28,amazon Dcvoltage,false
1121513,203-9631731-6087534,AMAZON,B0CNXSNCKR,,CRSF100CO+LHNSE27CO+LSDM220CO,3,52.89,19.59,2026-03-15 01:32:05,amazon Dcvoltage,false
1121515,202-5503644-1253128,AMAZON,B09LHV32SZ,,CRSF1203WH+PHTT1PWR1WH3PK+SPSPWH2PK,1,21.79,18.16,2026-03-15 02:27:18,amazon Ledsone,false
1121558,204-9023600-0394716,AMAZON,B09L8KS17V,,CRSF100BM+PHCH1BMRBM+LSDO400BI,1,21.69,18.07,2026-03-15 04:08:11,amazon Ledsone,false
1121560,204-2045873-4237151,AMAZON,B09HV7T2B5,,CRFF500BM+PHCN1PBRYB3PK+LSDM220YB3PK,1,33.98,28.32,2026-03-15 06:02:58,amazon Ledsone,false
1121566,026-2381545-0938706,AMAZON,B0CCJ13D4W,,SPSDP2WH5PK,1,20.89,17.41,2026-03-15 06:10:31,amazon Ledsone,false
1121570,026-1193705-9814762,AMAZON,B0FB3WTV46,,LDMC35E1442PK,2,22.67,8.24,2026-03-15 06:53:42,amazon Ledsone,false
1121572,205-1048416-1559507,AMAZON,B0B3NCG5J4,,PLHWRR,2,35.88,14.95,2026-03-15 07:01:05,amazon Ledsone,false
1121573,206-0614120-2411508,AMAZON,B0D5QY9SQ1,,LSMCSQWYBL+RPM40WH,1,23.89,23.89,2026-03-15 07:18:57,amazon Dcvoltage,false
1121610,206-4256299-0827509,AMAZON,B09LHV32SZ,,CRSF1203WH+PHTT1PWR1WH3PK+SPSPWH2PK,1,21.79,18.16,2026-03-15 08:29:28,amazon Ledsone,false
1121615,206-8464318-2968318,AMAZON,B094NJ34NS,,ENC866,1,37.89,37.89,2026-03-15 08:33:50,amazon Dcvoltage,false
1121622,202-3150992-1690768,AMAZON,B093DMBCS4,,CL2TGLAPK,1,21.49,17.91,2026-03-15 08:45:56,amazon Ledsone,false
1121627,205-6925247-1869114,AMAZON,B093T3PN37,,LSDO210BC+RPR44WH,1,11.89,9.91,2026-03-15 08:50:14,amazon Ledsone,false
1121628,202-1741266-6429963,AMAZON,B08X4VXZ38,,CRSF100AA+PHCH1PBRAA+LSCY290AA,1,18.89,15.74,2026-03-15 08:47:13,amazon Ledsone,false
1121650,202-1316552-0895527,AMAZON,B0DH638RSR,,CL2TBMAPK,1,22.99,22.99,2026-03-15 09:20:58,amazon Dcvoltage,false
1121652,206-4018211-6440335,AMAZON,B09YYTYMKP,,PLADBC+LSDO210BC3PK+ICST64E273PK,2,100.11,58.89,2026-03-15 09:38:05,amazon Dcvoltage,false
1121658,206-6779793-7321931,AMAZON,B094DL6WJK,,PLADRR,1,49.86,41.55,2026-03-15 09:43:03,amazon Ledsone,false
1121660,203-7862371-9945945,AMAZON,B0CVLFG3DT,,RWWPSY0840YE,1,5.88,2.49,2026-03-15 09:48:09,amazon Ledsone,false
1121665,204-4777616-0391545,AMAZON,B0F7R1VSQD,,CL3TWHAPK,1,19.49,16.24,2026-03-15 09:58:47,amazon Ledsone,false
1121674,205-2250328-4488350,AMAZON,B0FRMR2GHX,,PLWSBM+ICST64E272PK,2,45.96,20.16,2026-03-15 10:00:01,amazon Ledsone,false
1121677,026-8533347-2104316,AMAZON,B0F28Z2V3F,,LSCY290GY+RPR44WH,1,15.89,13.24,2026-03-15 10:18:19,amazon Ledsone,false
1121683,026-0931684-3810719,AMAZON,B094DL6WJK,,PLADRR,1,44.87,41.55,2026-03-15 10:20:51,amazon Ledsone,false
1121687,205-5045145-0877906,AMAZON,B0BBGPSM2V,,CL2RWH5PK,1,14.89,14.89,2026-03-15 10:23:56,amazon Dcvoltage,false
1121690,026-0534118-3598708,AMAZON,B0FHWPN7GD,,PSDS4BMRBM,1,13.89,13.89,2026-03-15 10:36:16,amazon SRM Amazon,false
1121691,204-4445795-5958711,AMAZON,B0DZ1Z8B9V,,RWWPSY10120YE2PK,1,20.19,16.82,2026-03-15 10:34:11,amazon Ledsone,false
1121696,202-9577093-7956353,AMAZON,B0F7QPMBCH,,CL2TGLAPK,1,19.49,16.24,2026-03-15 10:43:02,amazon Ledsone,false
1121704,203-6448681-6377962,AMAZON,B0CHDXNQMR,,CL3TBP5PK,1,8.66,8.66,2026-03-15 10:51:54,amazon Ledsone,false
1121705,203-6448681-6377962,AMAZON,B0B9Y5MRSK,,CL3TGD5PK,1,10.91,10.91,2026-03-15 10:51:54,amazon Ledsone,false
1121707,204-4409834-4334766,AMAZON,B0G4QTRN1G,,CRSF100BS+PHHF1PBRBS+LSWD360BS,3,61.80,22.89,2026-03-15 10:51:02,amazon Dcvoltage,false
1121708,206-5931024-0655512,AMAZON,B0DH937VLZ,,CL3TCR3PK,1,8.99,8.99,2026-03-15 10:50:37,amazon Dcvoltage,false
1121711,206-4877216-4923549,AMAZON,B08KGF2ZG7,,CL3RHE5PK,1,15.79,15.79,2026-03-15 11:00:33,amazon Dcvoltage,false
1121721,203-3811506-6128357,AMAZON,B0CNPZDQHZ,,LDMG95E278,1,7.99,7.99,2026-03-15 11:20:22,amazon Dcvoltage,false
1121722,202-3995264-3788358,AMAZON,B0DX6T74B9,,CENU36300BM,1,4.88,1.66,2026-03-15 11:23:23,amazon Ledsone,false
1121724,206-1408033-0057112,AMAZON,B0DX6TP9TZ,,CENU36300WH,1,5.28,1.66,2026-03-15 11:26:46,amazon Ledsone,false
1121725,203-2778222-1872346,AMAZON,B0FPWXQWQD,,LDCWA60HB2296PK,1,10.13,6.24,2026-03-15 11:28:14,amazon Ledsone,false
1121726,026-7910629-0145935,AMAZON,B0FPR1YJZV,,ENC6176,1,19.69,16.41,2026-03-15 11:27:00,amazon Ledsone,false
1121729,203-7844106-7765126,AMAZON,B094Y91XH8,,ENC620,1,41.89,34.91,2026-03-15 11:26:20,amazon Ledsone,false
1121732,026-7526256-4564333,AMAZON,B0DH8XKTL8,,CL3TBK3PK,1,8.99,8.99,2026-03-15 11:31:41,amazon Dcvoltage,false
1121744,204-2711240-9486721,AMAZON,B0D6YW8QH3,,CBSF802PK,1,9.48,5.49,2026-03-15 11:58:52,amazon Ledsone,false
1121766,206-0827722-1373914,AMAZON,B093HBMN1F,,LSMS320WH+RPR44WH,1,14.99,12.49,2026-03-15 12:19:19,amazon Ledsone,false
1121767,204-6625843-7918723,AMAZON,B0B57B6RLH,,CO125ACL5PK,1,6.78,3.24,2026-03-15 12:21:02,amazon Ledsone,false
1121769,204-4342032-0655507,AMAZON,B0CYZVX28V,,LSCY290CO2PK+RPR44WH2PK,1,27.89,27.89,2026-03-15 12:27:24,amazon Dcvoltage,false
1121777,203-7986800-1281119,AMAZON,B093TJ9XMH,,LSSS300YE+RPR44WH,7,94.44,12.49,2026-03-15 12:21:20,amazon Ledsone,false
1121779,026-5208190-2395535,AMAZON,B0GLNHVVKS,,PL4HBC,2,69.78,29.07,2026-03-15 12:36:54,amazon Ledsone,false
1121782,202-6036832-7434769,AMAZON,B0CCHXR4X2,,SPSDP2WH3PK,1,14.39,11.99,2026-03-15 12:35:00,amazon Ledsone,false
1121788,204-5600185-6993124,AMAZON,B0F28YFTQ9,,LSMS320BU+RPR44WH,1,12.41,12.41,2026-03-15 12:45:50,amazon Ledsone,false
1121789,204-5600185-6993124,AMAZON,B093HBRKWJ,,LSMS320CB+RPR44WH,1,12.74,12.74,2026-03-15 12:45:50,amazon Ledsone,false
1121794,206-7388361-3678767,AMAZON,B0DH4KYFPD,,WCDTBM2PK+RPR44WH2PK,1,18.89,15.74,2026-03-15 12:49:42,amazon Ledsone,false
1121799,026-2443273-3649112,AMAZON,B08B1N1LJT,,CRSF100CO+LHNSE27CO+SCRN70CO+LSTF40CO,2,32.09,16.89,2026-03-15 13:00:45,amazon Dcvoltage,false
1121800,026-9665939-3171544,AMAZON,B095SVN17X,,CRSF100BC+LHSHE27BC+SCRN70BC+LSUL220BC,1,18.59,15.49,2026-03-15 13:00:45,amazon Ledsone,false
1121816,205-5996151-0551540,AMAZON,B0D6B5DGFC,,SPSDP2BM3PK,1,14.39,14.39,2026-03-15 13:25:26,amazon Dcvoltage,false
1121817,205-4958375-9791530,AMAZON,B0D9Q1QWPF,,LSGLBP120BM2PK,1,16.39,13.66,2026-03-15 13:32:46,amazon Ledsone,false
1121824,206-3702678-2853931,AMAZON,B0CGR4SZMF,,WLFS2202BM+ICST64E272PK,1,35.89,29.91,2026-03-15 13:38:59,amazon Ledsone,false
1121825,202-8837759-7705918,AMAZON,B08B1N1LJT,,CRSF100CO+LHNSE27CO+SCRN70CO+LSTF40CO,3,48.14,16.89,2026-03-15 13:35:23,amazon Dcvoltage,false
1121852,203-2289573-2987569,AMAZON,B08P7QV151,,WCDTGD+RPR44WH,1,11.69,11.69,2026-03-15 14:13:01,amazon Dcvoltage,false
1121854,204-6912349-0898751,AMAZON,B0F8QCCLMM,,CERU80300BM,1,7.88,4.16,2026-03-15 14:19:44,amazon Ledsone,false
1121862,205-9305522-2285927,AMAZON,B09B7VJ93H,,LSTF40CO+RPR44WH,1,10.99,10.99,2026-03-15 14:20:57,amazon Dcvoltage,false
1121863,026-5333654-7501101,AMAZON,B08XC4QHHG,,CL3TAGAPK,1,19.99,19.99,2026-03-15 14:22:11,amazon Dcvoltage,false
1121864,202-1936978-3184331,AMAZON,B0G2Y99L5B,,ENC8104,1,18.79,18.79,2026-03-15 14:21:21,amazon Dcvoltage,false
1121870,203-8544275-5841930,AMAZON,B08XMVSZ1F,,WCB7BC+RPR44WH,1,11.89,11.89,2026-03-15 14:31:05,amazon Dcvoltage,false
1121871,206-4809382-6901112,AMAZON,B0D4YRGJDR,,LDMG95B2283PK,1,15.09,15.09,2026-03-15 14:32:11,amazon Dcvoltage,false
1121879,202-4722471-5079526,AMAZON,B0BZDSH4D9,,CRFF105CH,1,11.78,7.41,2026-03-15 14:47:44,amazon Ledsone,false
1121881,202-7127295-5570755,AMAZON,B0DCKWL469,,STFG4845WH,1,6.38,2.91,2026-03-15 14:57:10,amazon Ledsone,false
1121883,206-8602964-4136356,AMAZON,B0846Q48F2,,LHS3E27CH,1,10.05,8.37,2026-03-15 14:57:55,amazon Ledsone,false
1121895,202-5976141-8717963,AMAZON,B0CKWK8TNJ,,CL3RCR5PK,1,13.89,13.89,2026-03-15 15:03:51,amazon Dcvoltage,false
1121896,202-9852856-5591559,AMAZON,B0B9Y5MRSK,,CL3TGD5PK,1,13.09,10.91,2026-03-15 15:03:51,amazon Ledsone,false
1121899,205-6026147-8753909,AMAZON,B0DH9CMJ5Q,,CL3TLB2PK,1,5.39,5.99,2026-03-15 15:13:40,amazon Dcvoltage,false
1121900,204-1400379-5349149,AMAZON,B0F1CX6BYH,,RWWPSY0680YE,1,6.36,3.09,2026-03-15 15:15:38,amazon Dcvoltage,false
1121907,206-7537861-0501101,AMAZON,B0DYT146SS,,RWWPSY0680YE,1,2.41,2.41,2026-03-15 15:22:28,amazon Ledsone,false
1121908,206-7537861-0501101,AMAZON,B0DYTM8NSM,,RWWPSY0860YE,1,2.41,2.41,2026-03-15 15:22:28,amazon Ledsone,false
1121916,026-1781272-2337106,AMAZON,B0DDTSZD6F,,LSEL400GY+RPR44WH,1,18.89,18.89,2026-03-15 15:37:15,amazon Dcvoltage,false
1121918,206-0020912-4666762,AMAZON,B0CV7K4PZC,,RWGS1342WH,1,6.75,3.59,2026-03-15 15:41:19,amazon Dcvoltage,false
1121930,205-2909561-4162754,AMAZON,B081FCN22D,,CNP1000CO,1,8.78,5.89,2026-03-15 15:42:47,amazon Dcvoltage,false
1121931,206-1563968-8856331,AMAZON,B0D2975M1Y,,LSCY290BS2PK+RPR44WH2PK,1,26.89,22.41,2026-03-15 15:40:15,amazon Ledsone,false
1121936,202-5584328-1166739,AMAZON,B0DMF2KF74,,ENC9307,1,27.29,22.74,2026-03-15 15:51:42,amazon Ledsone,false
1121942,202-2005232-8568329,AMAZON,B0DXQ9SDTK,,LSCY290OR2PK+RPR44WH2PK,1,23.89,19.91,2026-03-15 16:00:55,amazon Ledsone,false
1121943,026-3845554-4653969,AMAZON,B0C3ZTBRHZ,,LSCY290BM+RPR44WH,2,30.19,13.24,2026-03-15 16:06:04,amazon Ledsone,false
1121965,203-4658340-6729101,AMAZON,B0C9X67GZJ,,LSWD360BC+RPR44WH,1,18.89,18.89,2026-03-15 16:33:53,amazon Dcvoltage,false
1121974,205-8893240-2329967,AMAZON,B093T47MYR,,LSCY290CO+RPR44WH,1,17.89,14.91,2026-03-15 16:30:13,amazon Ledsone,false
1121976,026-1605849-7813107,AMAZON,B0DP2RQWTH,,CRSF100BM+PHSH1PBRBM+LSCY290BC,1,24.89,20.74,2026-03-15 16:37:04,amazon Ledsone,false
1121977,202-2011487-9570767,AMAZON,B0CV7K3P22,,RWGS1533WH,1,7.25,3.89,2026-03-15 16:34:15,amazon Dcvoltage,false
1121989,206-2979402-5329159,AMAZON,B0CGRJ1V8L,,TPOSBDBM,1,25.89,25.89,2026-03-15 16:50:07,amazon Dcvoltage,false
1121990,026-8315810-3313923,AMAZON,B08V8XSXKB,,CRSF100BM+PHSH1PBRBM+LSMS320BI,2,39.40,21.89,2026-03-15 16:53:37,amazon Dcvoltage,false
1121991,204-4017127-5118714,AMAZON,B0F9X1J63J,,CL3RGDAPK,1,18.99,15.82,2026-03-15 16:50:36,amazon Ledsone,false
1122000,206-3761212-6316354,AMAZON,B0F48KSRDK,,RWWPSY0680YE,1,9.16,5.89,2026-03-15 16:58:53,amazon Dcvoltage,false
1122008,203-7242729-8929911,AMAZON,B0FJ5J5T51,,CRSF100WH,1,8.88,5.99,2026-03-15 17:10:35,amazon Dcvoltage,false
1122010,203-2701022-8701908,AMAZON,B0GGC4Q9W3,,ENC9291,1,21.89,21.89,2026-03-15 17:11:57,amazon Dcvoltage,false
1122011,026-7808438-2569901,AMAZON,B0DH9CZ3TC,,CL3TPU2PK,1,5.99,5.99,2026-03-15 17:13:52,amazon Dcvoltage,false
1122012,204-6027388-1845933,AMAZON,B0C9TY8GWK,,LSCY210BC+RPR44WH,1,10.89,10.89,2026-03-15 17:18:27,amazon Dcvoltage,false
1122014,206-7352493-7088325,AMAZON,B0DX784TX6,,CERU80300BM,1,7.88,4.16,2026-03-15 17:12:11,amazon Ledsone,false
1122015,026-6598609-8750717,AMAZON,B0F2919THD,,LSCY290CO+RPR44WH,1,18.29,15.24,2026-03-15 17:14:45,amazon Ledsone,false
1122016,202-2732518-8697946,AMAZON,B0F7R1VSQD,,CL3TWHAPK,1,19.49,16.24,2026-03-15 17:20:22,amazon Ledsone,false
1122022,203-9213105-6477934,AMAZON,B07X1YN5MT,,CRSF100BM,1,14.39,5.60,2026-03-15 17:29:17,amazon Dcvoltage,false
1122023,206-2569193-2211501,AMAZON,B0C7VDPPZ9,,CRSF100BM+PHUP1PBRBM+LSHB310HE,1,30.89,30.89,2026-03-15 17:25:42,amazon Dcvoltage,false
1122026,206-2601008-5788321,AMAZON,B07CM5GJW2,,12IP6780,2,37.98,15.82,2026-03-15 17:26:45,amazon Ledsone,false
1122039,202-4545579-7733946,AMAZON,B08S42FF38,,ENC788,2,38.36,16.82,2026-03-15 17:42:41,amazon Ledsone,false
1122043,203-3062912-4608333,AMAZON,B081FBSJX8,,CNP1000WH,1,8.78,5.89,2026-03-15 17:43:03,amazon Dcvoltage,false
1122044,026-4009172-4536356,AMAZON,B096MVWNBL,,ENC871,1,23.99,23.99,2026-03-15 17:43:26,amazon Dcvoltage,false
1122052,202-4883643-8280338,AMAZON,B0CCHZNHT9,,SPSDP2WH,1,8.58,4.74,2026-03-15 17:55:56,amazon Ledsone,false
1122054,026-4572583-0543515,AMAZON,B0BL7LQC5P,,LDMT45E2743PK,1,16.89,14.07,2026-03-15 17:54:59,amazon Ledsone,false
1122064,202-0077761-6129144,AMAZON,B0B2K963ZK,,LHC4E27WH,1,6.49,5.41,2026-03-15 18:01:21,amazon Ledsone,false
1122066,203-3042872-8274721,AMAZON,B0D7BXHZP9,,LDSG125E2742PK,1,15.77,13.14,2026-03-15 18:03:42,amazon Ledsone,false
1122068,202-8946107-0887503,AMAZON,B0B9Y5MRSK,,CL3TGD5PK,1,13.09,10.91,2026-03-15 18:10:25,amazon Ledsone,false
1122069,202-2231811-8268307,AMAZON,B0CKQS1ZV3,,CRSF2003BC,1,10.09,8.41,2026-03-15 18:09:18,amazon Ledsone,false
1122074,204-4016578-5444300,AMAZON,B07R96JXLG,,LDMG125B228,1,9.19,9.19,2026-03-15 18:17:19,amazon Dcvoltage,false
1122075,026-1470498-9469903,AMAZON,B08WPM22BQ,,CRSF100OR+PHHS1PWROR+LSDO400OR,1,24.78,24.78,2026-03-15 18:24:09,amazon Dcvoltage,false
1122091,203-1253498-5335506,AMAZON,B0CNQ1MB3F,,LDMG125B228,1,9.99,9.99,2026-03-15 18:27:40,amazon Dcvoltage,false
1122097,203-4344678-8545900,AMAZON,B0CTTFPLLV,,LSMS320BI+RPR44WH,1,14.99,14.99,2026-03-15 18:32:17,amazon Dcvoltage,false
1122098,202-5537684-0550755,AMAZON,B0CVMX2MY5,,RWWPSYBF50GY,1,5.47,2.49,2026-03-15 18:35:46,amazon Dcvoltage,false
1122099,206-3335458-1253924,AMAZON,B0D87B2KSZ,,CO532AGYDPK,1,9.51,5.52,2026-03-15 18:34:36,amazon Ledsone,false
1122100,202-3059066-3879568,AMAZON,B0D298RPWW,,LSCY290RE+RPR44WH,1,15.89,13.24,2026-03-15 18:37:02,amazon Ledsone,false
1122105,202-8727029-5805919,AMAZON,B0CXX5K5LC,,WCDTGD2PK+RPR44WH2PK,1,20.29,20.29,2026-03-15 18:43:55,amazon Dcvoltage,false
1122106,202-0667052-0077913,AMAZON,B07F9W6BQW,,LDMG80E274,1,6.19,6.19,2026-03-15 18:46:10,amazon Dcvoltage,false
1122107,202-8153240-5267554,AMAZON,B0DV5F6LSF,,ENC8219,1,38.99,38.99,2026-03-15 18:36:04,amazon SRM Amazon,false
1122112,203-1233373-8345913,AMAZON,B0C43L42DK,,WCDTRE+RPR44WH,1,10.89,9.07,2026-03-15 18:54:03,amazon Ledsone,false
1122113,206-5032346-5207526,AMAZON,B08KJJWJKK,,WCFSDCBM,1,41.89,34.91,2026-03-15 18:55:50,amazon Ledsone,false
1122117,203-3078668-8742760,AMAZON,B0D44NGFNR,,PHSF1AGTGB+ICST64E27,2,33.78,16.89,2026-03-15 19:03:51,amazon Dcvoltage,false
1122120,206-4890767-0577936,AMAZON,B0F7QRS48B,,CL3TBMAPK,1,22.89,19.07,2026-03-15 19:07:45,amazon Ledsone,false
1122130,203-5324343-3263534,AMAZON,B0F48KSRDK,,RWWPSY0680YE,2,15.42,5.89,2026-03-15 19:10:52,amazon Dcvoltage,false
1122145,205-7579947-5569136,AMAZON,B0CVLC55W4,,LSTF400GY+RPR44WH,1,16.39,16.39,2026-03-15 19:20:30,amazon Dcvoltage,false
1122146,206-8305131-5541959,AMAZON,B0DH9BZVRP,,CL3TBR5PK,1,11.99,11.99,2026-03-15 19:20:51,amazon Dcvoltage,false
1122151,202-3733692-7893133,AMAZON,B092ZRC5KH,,PLTFRR+ICST64E2740,2,44.38,18.49,2026-03-15 19:35:27,amazon Ledsone,false
1122166,202-5793252-6697925,AMAZON,B0C43L42DK,,WCDTRE+RPR44WH,1,10.89,9.07,2026-03-15 19:51:12,amazon Ledsone,false
1122167,202-6865910-5257938,AMAZON,B0DZBWFQ2S,,CBSF85,2,11.69,5.84,2026-03-15 20:01:07,amazon SRM Amazon,false
1122173,206-6270437-6735568,AMAZON,B0F1CZT27Y,,RWWPSY0860YE,1,2.89,2.89,2026-03-15 20:07:00,amazon Dcvoltage,false
1122174,206-6270437-6735568,AMAZON,B0F1CX6BYH,,RWWPSY0680YE,1,3.09,3.09,2026-03-15 20:07:00,amazon Dcvoltage,false
1122182,026-6720371-0846722,AMAZON,B0DH4KYFPD,,WCDTBM2PK+RPR44WH2PK,1,18.89,15.74,2026-03-15 20:14:02,amazon Ledsone,false
1122183,204-6032197-3721157,AMAZON,B0DQL35H41,,BL1CO300BM,1,23.89,23.89,2026-03-15 20:14:42,amazon Dcvoltage,false
1122192,204-8916549-7364331,AMAZON,B0DG29SP2H,,LDMA60E274WW2PK,1,8.99,7.49,2026-03-15 20:21:39,amazon Ledsone,false
1122193,203-2818240-1928319,AMAZON,B0CNQ1MB3F,,LDMG125B228,1,9.99,9.99,2026-03-15 20:25:57,amazon Dcvoltage,false
1122202,202-5872010-6156352,AMAZON,B0CVH36LHZ,,RWWPSY10120YE,1,14.88,11.99,2026-03-15 20:39:40,amazon Dcvoltage,false
1122210,202-0274653-9265158,AMAZON,B0C6F8XWJ3,,WCB2BM+RPR44WH,1,12.68,8.16,2026-03-15 20:41:58,amazon Ledsone,false
1122211,204-7293288-8417147,AMAZON,B0CCJ13D4W,,SPSDP2WH5PK,1,20.89,17.41,2026-03-15 20:41:41,amazon Ledsone,false
1122212,205-1350068-5951502,AMAZON,B09JVQ6VXT,,LDSG95DIE2743PK,1,24.89,24.89,2026-03-15 20:47:53,amazon Dcvoltage,false
1122219,026-4452066-0325166,AMAZON,B0G1TFFZZH,,CKA18ATC4255BM,1,18.69,15.57,2026-03-15 20:53:38,amazon Ledsone,false
1122222,203-6974603-4496364,AMAZON,B087QCDY7T,,PHSF1BRRCO+LSDM220CO,3,51.27,14.99,2026-03-15 20:55:18,amazon Ledsone,false
1122223,202-7190646-1567504,AMAZON,B0CGRJ1V8L,,TPOSBDBM,1,25.89,25.89,2026-03-15 20:50:20,amazon Dcvoltage,false
1122231,202-6466191-2870765,AMAZON,B0DH4KYFPD,,WCDTBM2PK+RPR44WH2PK,1,18.89,15.74,2026-03-15 21:15:07,amazon Ledsone,false
1122232,205-2297314-6969106,AMAZON,B0DZNQCJX5,,RWWPSY08GY,1,4.78,1.57,2026-03-15 21:15:46,amazon Ledsone,false
1122234,204-0050257-6510730,AMAZON,B08XWSBPHW,,WCB1BM+RPR44WH,1,10.69,10.69,2026-03-15 21:14:33,amazon Dcvoltage,false
1122243,205-5980857-2568351,AMAZON,B0D2N4PFZJ,,CRFF500FG,1,11.89,9.91,2026-03-15 21:23:02,amazon Ledsone,false
1122247,203-3685737-4467518,AMAZON,B0FXWRN6SM,,CRFF100SN2PK+LHNSE27SN2PK,1,17.49,14.57,2026-03-15 21:31:44,amazon Ledsone,false
1122249,202-4314490-0168337,AMAZON,B0FPQVSMFT,,LDCWT75B2212,1,8.79,7.32,2026-03-15 21:32:07,amazon Ledsone,false
1122255,203-5694699-1811530,AMAZON,B0D28VF8S2,,LSCY290BI+RPR44WH,1,15.89,13.24,2026-03-15 21:39:59,amazon Ledsone,false
1122256,202-9158610-0729917,AMAZON,B0CN376GSP,,CRSF1202BM+PHHT2PBRBM2PK+SPUPBM2PK,1,18.89,15.74,2026-03-15 21:40:50,amazon Ledsone,false
1122260,205-5142731-0485113,AMAZON,B0D299JDV6,,LSCY290YB+RPR44WH,1,17.89,14.91,2026-03-15 21:51:54,amazon Ledsone,false
1122261,026-2572290-5761932,AMAZON,B0FPWV2SHR,,LDCWT75B22126PK,1,19.49,16.24,2026-03-15 21:55:19,amazon Ledsone,false
1122270,204-3043796-0681160,AMAZON,B0DH9H7ZCM,,CL3TGL3PK,1,8.99,8.99,2026-03-15 22:10:55,amazon Dcvoltage,false
1122275,202-0101776-3789946,AMAZON,B0DGG631Z2,,LDMST64B224APK,1,36.99,30.82,2026-03-15 22:22:15,amazon Ledsone,false
1122276,026-8087455-3466724,AMAZON,B08462DT5R,,LDMG80B224,3,17.64,5.16,2026-03-15 22:17:14,amazon Ledsone,false
1122278,203-6369020-8365123,AMAZON,B0DH61JZSJ,,CL2TAGAPK,1,18.29,18.29,2026-03-15 22:17:20,amazon Dcvoltage,false
1122280,204-6065605-6077951,AMAZON,B0CN376GSP,,CRSF1202BM+PHHT2PBRBM2PK+SPUPBM2PK,1,18.89,15.74,2026-03-15 22:32:16,amazon Ledsone,false
1122281,204-2085975-5408346,AMAZON,B09477VMYH,,LDMG95E2785PK,1,24.89,20.74,2026-03-15 22:37:42,amazon Ledsone,false
1122282,204-3954723-2567553,AMAZON,B0DGG4GQ4W,,LDMST64B224,1,5.58,4.65,2026-03-15 22:37:06,amazon Ledsone,false
1122284,202-5044517-3469105,AMAZON,B0D4YL9KCR,,LDMG95B2286PK,1,23.89,23.89,2026-03-15 22:41:23,amazon Dcvoltage,false
1122286,204-0767389-8145137,AMAZON,B0DH9H89G1,,CL3TGLAPK,1,20.99,20.99,2026-03-15 22:56:40,amazon Dcvoltage,false
1122295,202-4986479-9613936,AMAZON,B0D9QJV3B3,,CL2RBD5PK,1,13.79,11.49,2026-03-15 23:29:09,amazon Ledsone,false
1122296,205-1758826-5999524,AMAZON,B0D794K9Y2,,WCB7BM2PK+RPR44WH2PK,1,16.29,13.57,2026-03-15 23:28:40,amazon Ledsone,false
1122301,204-0193846-8290732,AMAZON,B0FY22X6WL,,WCFL180RO2PK+RPR44WH2PK,1,24.89,24.89,2026-03-15 23:57:28,amazon Dcvoltage,false
1122310,026-8632574-8807556,AMAZON,B0F9VDWTYX,,CL3RBM3PK,1,6.79,5.66,2026-03-16 02:21:34,amazon Ledsone,false
1122393,203-0796280-1133925,AMAZON,B0DTHKSHFY,,WCB7BS3PK+RPR44WH3PK,1,24.89,24.89,2026-03-16 04:55:27,amazon Dcvoltage,false
1122408,206-3093239-4315523,AMAZON,B0D8PYY5F8,,CL2TBR5PK,1,14.79,12.32,2026-03-16 06:35:52,amazon Ledsone,false
1122420,026-1309613-8012343,AMAZON,B0D2945NZS,,LSCY290CO2PK+RPR44WH2PK,1,32.89,27.41,2026-03-16 07:09:47,amazon Ledsone,false
1122429,205-3406337-7947534,AMAZON,B0D944SCS4,,WCB6WH3PK+RPR44WH3PK,1,22.29,18.57,2026-03-16 07:17:12,amazon Ledsone,false
1122446,205-0373440-7529910,AMAZON,B0G5P88BGR,,ENC6168,2,35.44,19.69,2026-03-16 07:55:51,amazon Dcvoltage,false
1122457,202-0305088-2197948,AMAZON,B093H9BJWL,,LSMS320RE+RPR44WH,1,15.89,13.24,2026-03-16 08:22:46,amazon Ledsone,false
1122459,204-5202707-8425148,AMAZON,B07Q8KHJTW,,24IP6760,1,18.49,18.49,2026-03-16 08:25:51,amazon Dcvoltage,false
1122475,026-7975144-8793914,AMAZON,B0GLGGJD2R,,LSGLFP245GR+RPM40WH,1,15.89,15.89,2026-03-16 08:52:39,amazon Dcvoltage,false
1122476,026-8771035-2644303,AMAZON,B0F48PYKWX,,RWWPSY0860YE,1,8.77,5.79,2026-03-16 08:59:06,amazon Dcvoltage,false
1122482,204-2767249-6268310,AMAZON,B0FQVFP61X,,CRFF108BM+PHRI1PBRBA+LSCY290BI,1,21.89,21.89,2026-03-16 09:06:41,amazon Dcvoltage,false
1122483,203-5523799-7865941,AMAZON,B0DBZPLK3L,,CL3RYE5PK,1,11.99,11.99,2026-03-16 09:03:55,amazon SRM Amazon,false
1122493,203-8733822-9355510,AMAZON,B0D2975M1Y,,LSCY290BS2PK+RPR44WH2PK,1,24.20,22.41,2026-03-16 09:14:55,amazon Ledsone,false
1122499,202-1380750-2620330,AMAZON,B09JVQ6VXT,,LDSG95DIE2743PK,2,39.20,20.74,2026-03-16 09:23:45,amazon Dcvoltage,false
1122510,026-8020210-3789135,AMAZON,B0CP7NTJPZ,,LHC3E27WH,1,9.38,6.49,2026-03-16 09:41:25,amazon Dcvoltage,false
1122511,026-8559373-0869967,AMAZON,B07CJNZCFN,,5IP2050,1,8.99,8.99,2026-03-16 09:45:19,amazon Dcvoltage,false
1122517,206-1041065-9029140,AMAZON,B0GCZ9ZLXK,,CRSF1203WH,1,10.38,6.24,2026-03-16 09:52:44,amazon Ledsone,false
1122550,206-2005934-2157936,AMAZON,B0DJ8JDCRB,,PHSF1PWR20WH+LSWE315WH+ICST64E27,1,21.89,21.89,2026-03-16 10:24:01,amazon Dcvoltage,false
1122552,026-8839925-6140323,AMAZON,B0BBS55MK1,,CL3TCRAPK,1,21.89,18.24,2026-03-16 10:44:23,amazon Ledsone,false
1122553,206-7323787-5641940,AMAZON,B0F9YQJN3N,,LSMS320YE+RPR44WH,1,14.99,12.49,2026-03-16 10:28:10,amazon Ledsone,false
1122564,204-5341330-1669921,AMAZON,B095Z3GZFK,,CRFF500BM+PHRI1PBRYB3PK+LSFT220BM3PK,1,37.79,31.49,2026-03-16 10:31:45,amazon Ledsone,false
1122565,026-4996234-1485924,AMAZON,B0FHB8DFFT,,CRSF2003WH+PHUM1PCRCH3PK+WCRWGR3PK,1,38.49,32.07,2026-03-16 10:36:36,amazon Ledsone,false
1122567,206-6912525-9885147,AMAZON,B0D9RVLLF7,,WCDTWH3PK+RPR44WH3PK,1,23.89,19.91,2026-03-16 10:38:13,amazon Ledsone,false
1122574,204-3635412-8489918,AMAZON,B0F8QCGS5L,,CERU48250BM,1,5.88,2.49,2026-03-16 09:45:02,amazon Ledsone,false
1122576,204-7565208-5119509,AMAZON,B08XWSBPHW,,WCB1BM+RPR44WH,1,10.69,10.69,2026-03-16 10:40:13,amazon Dcvoltage,false
1122577,202-2072261-2948335,AMAZON,B0F4XX23Z5,,TSTS20WH,1,3.78,0.89,2026-03-16 10:46:12,amazon Dcvoltage,false
1122578,204-4241108-0825958,AMAZON,B0CVGY5P13,,RWWPSY08120YE,1,12.48,9.59,2026-03-16 10:49:59,amazon Dcvoltage,false
1122588,205-5125076-6801958,AMAZON,B0DBHQQLJ4,,CRSF100BM+SPUPBM+PHRYWP2RBM,1,11.69,11.69,2026-03-16 10:50:07,amazon Dcvoltage,false
1122589,026-0068934-5473918,AMAZON,B082DDY7BX,,CRSF2003WH,1,11.49,11.49,2026-03-16 10:52:35,amazon Dcvoltage,false
1122590,026-1301333-5954747,AMAZON,B0FG2YH42V,,ENC8743,1,32.89,27.41,2026-03-16 10:45:14,amazon Ledsone,false
1122598,205-3720431-4132341,AMAZON,B07PM5KN1T,,CL3TGL5PK,1,13.09,13.09,2026-03-16 11:16:57,amazon Dcvoltage,false
1122610,206-4787441-6287514,AMAZON,B08PC415TL,,LHSHE27BA,1,7.99,7.99,2026-03-16 11:28:33,amazon SRM Amazon,false
1122611,203-8887978-6233159,AMAZON,B0FZCRB2RS,,LSHM400HE+RPR44WH,1,26.90,29.89,2026-03-16 10:37:55,amazon Dcvoltage,false
1122619,204-5120481-4854722,AMAZON,B0DC1HX37B,,STMT4845WH,1,5.64,2.75,2026-03-16 11:33:53,amazon Dcvoltage,false
1122620,206-8569698-8409124,AMAZON,B0CK7ZYY1T,,CRFF500FG+PHBK1PBRFG3PK,1,27.39,22.82,2026-03-16 11:30:33,amazon Ledsone,false
1122634,204-7646362-5266763,AMAZON,B0C6LV14PT,,12UK3P2A,1,10.78,7.89,2026-03-16 11:41:56,amazon Dcvoltage,false
1122647,206-2636237-0137167,AMAZON,B0DH4KYFPD,,WCDTBM2PK+RPR44WH2PK,1,18.89,15.74,2026-03-16 11:24:03,amazon Ledsone,false
1122648,206-9082559-1383553,AMAZON,B08TX1V5BV,,LSMS320RE+RPR44WH,1,14.99,14.99,2026-03-16 11:48:55,amazon Dcvoltage,false
1122649,206-9041826-8883552,AMAZON,B0CM2RZNHV,,WCDTGD+RPR44WH,1,11.69,11.69,2026-03-16 11:51:14,amazon Dcvoltage,false
1122650,204-8464147-8877166,AMAZON,B07CWTNPKD,,LDMT185E274,1,6.89,6.89,2026-03-16 11:53:08,amazon Dcvoltage,false
1122651,026-8417049-9106720,AMAZON,B08V14MSY5,,CRSF100GB+WSLS155GB+SCRN70GB+LSTF40GB,4,80.36,20.09,2026-03-16 11:58:36,amazon Dcvoltage,false
1122657,203-2030310-6523516,AMAZON,B07CJHQ1KW,,5IP2030,1,9.88,6.99,2026-03-16 12:09:37,amazon Dcvoltage,false
1122658,205-4345026-7872331,AMAZON,B0CM2RZNHV,,WCDTGD+RPR44WH,1,16.69,11.69,2026-03-16 12:14:21,amazon Dcvoltage,false
1122666,202-6631341-5193911,AMAZON,B09JVQ6VXT,,LDSG95DIE2743PK,1,24.89,24.89,2026-03-16 12:20:06,amazon Dcvoltage,false
1122668,026-1812583-6954707,AMAZON,B0DNK1NCSR,,WSFS2BMYB+SCRN70BM2PK+LSFT220WH2PK,1,42.78,24.30,2026-03-16 12:22:50,amazon Ledsone,false
1122672,202-5852058-0919525,AMAZON,B08S42FF38,,ENC788,2,38.36,16.82,2026-03-16 12:31:33,amazon Ledsone,false
1122673,204-0811734-1589113,AMAZON,B0C43M1HH6,,WCDTBL+RPR44WH,1,9.79,8.16,2026-03-16 12:29:12,amazon Ledsone,false
1122677,203-6123454-4870747,AMAZON,B0F945CZFB,,CL3TBK3PK,1,11.28,6.66,2026-03-16 12:34:18,amazon Ledsone,false
1122680,204-0074944-6726749,AMAZON,B0DMDVX4S7,,ENC9313,1,27.89,23.24,2026-03-16 12:38:21,amazon Ledsone,false
1122681,202-7964482-5905901,AMAZON,B08TX2837H,,LSMS320BI+RPR44WH,1,14.99,14.99,2026-03-16 12:22:04,amazon Dcvoltage,false
1122682,206-4436277-0147561,AMAZON,B0CVMZBLZ7,,RWWPSYBF25GY,1,4.78,1.89,2026-03-16 12:29:44,amazon Dcvoltage,false
1122685,026-3304433-1524341,AMAZON,B0CVH31X72,,RWWPSY10120YE2PK,1,20.59,20.59,2026-03-16 12:36:38,amazon Dcvoltage,false
1122686,205-5662429-3048303,AMAZON,B0C869G3X9,,CRSF100GB2PK+PHCHPBRGB2PK+LSCY290GB2PK,2,89.78,44.89,2026-03-16 12:38:28,amazon Dcvoltage,false
1122693,205-4067862-2167500,AMAZON,B0BT82BNTS,,LSFT220GR+RPR44WH,1,11.99,9.99,2026-03-16 12:47:15,amazon Ledsone,false
1122694,206-7352084-4133900,AMAZON,B07ZFWL5T1,,CRFF100GB+LHNSE27GB,1,13.89,13.89,2026-03-16 12:46:07,amazon Dcvoltage,false
1122701,205-7712053-8211516,AMAZON,B0DH638RSR,,CL2TBMAPK,1,22.99,22.99,2026-03-16 12:51:26,amazon Dcvoltage,false
1122712,206-7926466-2283538,AMAZON,B08KW8R4R8,,CL2TBDAPK,1,21.49,17.91,2026-03-16 13:08:30,amazon Ledsone,false
1122728,206-6929533-6307531,AMAZON,B0F2GGDBJ1,,RWT460YE,1,10.48,6.32,2026-03-16 13:23:31,amazon Ledsone,false
1122729,202-0020885-7320306,AMAZON,B0DH4KYFPD,,WCDTBM2PK+RPR44WH2PK,1,18.89,15.74,2026-03-16 13:29:26,amazon Ledsone,false
1122733,202-0135988-9837140,AMAZON,B0BBS5YWRL,,CL3TGLAPK,1,21.79,18.16,2026-03-16 13:33:52,amazon Ledsone,false
1122734,202-3282772-4820320,AMAZON,B0G49DDJ63,,WCCYSP180GD2PK+RPR44WH2PK,1,23.89,19.91,2026-03-16 13:31:59,amazon Ledsone,false
1122736,202-3664325-2323566,AMAZON,B0DH96ZNZ4,,CL3TBR3PK,1,8.99,8.99,2026-03-16 13:35:33,amazon Dcvoltage,false
1122759,202-4892930-1055509,AMAZON,B0FPQYM3KQ,,LDCWT75B22123PK,1,20.89,17.41,2026-03-16 13:59:13,amazon Ledsone,false
1122764,206-1771986-2060343,AMAZON,B093Y224LS,,PHHT1FBRBM+LSHM400HE,2,75.38,31.41,2026-03-16 14:07:56,amazon Ledsone,false
1122765,206-5394721-1005902,AMAZON,B0B9NYZGM7,,CL2TRO5PK,1,14.89,14.89,2026-03-16 14:10:02,amazon SRM Amazon,false
1122777,202-1341912-6243562,AMAZON,B0G8D97T75,,TPOS1PRBOT+LDSG95DIE274,1,21.99,21.99,2026-03-16 14:10:45,amazon Dcvoltage,false
1122783,026-0951525-6413151,AMAZON,B0DBZPFS7Q,,CL3RIV5PK,1,13.99,13.99,2026-03-16 14:27:26,amazon SRM Amazon,false
1122792,206-1729726-2835534,AMAZON,B07CJNZCFN,,5IP2050,1,8.99,8.99,2026-03-16 14:44:56,amazon Dcvoltage,false
1122801,026-1797530-8715564,AMAZON,B0DZ1Z8B9V,,RWWPSY10120YE2PK,1,20.19,16.82,2026-03-15 20:53:51,amazon Ledsone,false
1122802,026-4534560-5278722,AMAZON,B0DCLRJX5M,,STMT4845WH2PK,1,7.58,3.91,2026-03-16 14:55:57,amazon Ledsone,false
1122803,206-2752979-3668302,AMAZON,B08SWFSFYW,,CCBKNWE7,8,44.72,5.59,2026-03-16 14:54:33,amazon Dcvoltage,false
1122804,205-6318734-3624310,AMAZON,B0BSGSHRJK,,LDMST64E278APK,1,38.89,38.89,2026-03-16 14:59:02,amazon Dcvoltage,false
1122815,202-0746174-5137159,AMAZON,B0C3ZVCSP7,,LSCY290GB+RPR44WH,1,17.89,14.91,2026-03-16 15:03:53,amazon Ledsone,false
1122817,202-2218972-4842764,AMAZON,B07CV97DHX,,WJB2,3,17.67,5.89,2026-03-16 15:06:05,amazon Dcvoltage,false
1122818,206-5400280-7320313,AMAZON,B0D59QFGN7,,WCB2BB2PK+RPR44WH2PK,1,15.49,15.49,2026-03-16 15:10:44,amazon Dcvoltage,false
1122825,204-2790585-3609922,AMAZON,B0F2FRXGPM,,LPSQ5W4PK,1,15.89,13.24,2026-03-16 15:17:41,amazon Ledsone,false
1122826,202-3813581-7887564,AMAZON,B0F799YBJ9,,CTBOP13L+CTBOP23L+CTBOP28L,1,14.89,14.89,2026-03-16 15:13:30,amazon Dcvoltage,false
1122837,026-1338758-9473923,AMAZON,B0868DXK1B,,CCBKNWE48,2,22.38,9.82,2026-03-16 15:33:30,amazon Ledsone,false
1122838,203-5008582-0296333,AMAZON,B0DQD74HVG,,PHSF1BMTYB3PK,1,26.71,22.26,2026-03-16 15:38:17,amazon Ledsone,false
1122839,202-4400820-3509137,AMAZON,B0F28ZYP9G,,CERU72450GR,1,11.01,7.99,2026-03-16 15:30:38,amazon Dcvoltage,false
1122843,202-3476947-8140357,AMAZON,B0DX6BP7GV,,CENU46450WH,1,3.24,3.24,2026-03-16 15:39:25,amazon Ledsone,false
1122844,202-3476947-8140357,AMAZON,B0DX6TP9TZ,,CENU36300WH,1,1.66,1.66,2026-03-16 15:39:25,amazon Ledsone,false
1122847,205-2893155-2715560,AMAZON,B0C9TY8GWK,,LSCY210BC+RPR44WH,2,19.60,10.89,2026-03-16 15:47:54,amazon Dcvoltage,false
1122856,206-8696054-9222715,AMAZON,B0D8V6PJ9Q,,HLLK100BM,2,12.18,6.09,2026-03-16 15:58:05,amazon Dcvoltage,false
1122864,026-9641511-9041924,AMAZON,B0CNLZLJZT,,WCB2BM+RPR44WH,1,9.89,9.89,2026-03-16 16:03:30,amazon Dcvoltage,false
1122865,026-4000227-4016310,AMAZON,B0C6KGHRXF,,WCWYBB,1,10.89,9.07,2026-03-16 16:08:33,amazon Ledsone,false
1122869,205-6915199-0597947,AMAZON,B0DH63V7B1,,CL2TLG,2,10.18,5.09,2026-03-16 16:17:04,amazon Dcvoltage,false
1122872,206-2025640-8819503,AMAZON,B0DX6T74B9,,CENU36300BM,1,4.88,1.66,2026-03-16 16:20:26,amazon Ledsone,false
1122876,206-9581986-5947512,AMAZON,B0C3ZTBRHZ,,LSCY290BM+RPR44WH,1,15.89,13.24,2026-03-16 16:22:05,amazon Ledsone,false
1122877,205-6007804-3392330,AMAZON,B0CVL1NK4R,,RWWPSY08120YE2PK,1,16.89,14.07,2026-03-16 16:25:35,amazon Ledsone,false
1122878,202-1063351-4101133,AMAZON,B0DNJZDCXN,,ENC5361,1,29.89,24.91,2026-03-16 16:24:55,amazon Ledsone,false
1122884,202-2781173-0115525,AMAZON,B0CBPQMKBF,,WCB7BM2PK+RPR44WH2PK,1,18.79,18.79,2026-03-16 16:35:21,amazon Dcvoltage,false
1122896,203-9512726-6987514,AMAZON,B0FX8YH933,,CODH632AGY3PK,1,7.28,3.66,2026-03-16 16:46:57,amazon Ledsone,false
1122904,206-6870101-5073110,AMAZON,B0BWJVXGT6,,LSCY210BC+RPR44WH,1,10.89,10.89,2026-03-16 16:50:41,amazon Dcvoltage,false
1122909,203-4255755-9668311,AMAZON,B093DJ4K6V,,CL2TIVAPK,1,21.49,17.91,2026-03-16 17:05:55,amazon Ledsone,false
1122920,205-7804101-1605143,AMAZON,B0CMT2SD76,,LDDTCE27162PK,1,14.69,14.69,2026-03-16 17:13:42,amazon Dcvoltage,false
1122925,204-2082109-1504362,AMAZON,B0D7ZRWBS2,,LSCY290BI2PK+RPR44WH2PK,2,49.98,20.82,2026-03-16 17:24:37,amazon Ledsone,false
1122926,026-0545893-3531515,AMAZON,B08DK76YF6,,LSCY290GB+RPR44WH,1,17.89,17.89,2026-03-16 17:25:24,amazon Dcvoltage,false
1122931,202-5320731-2172363,AMAZON,B0CF26SSLF,,CRSF2003BM+PHRI1PBRYB3PK+LSFT220BM3PK,1,40.89,34.07,2026-03-16 17:37:14,amazon Ledsone,false
1122932,204-7941928-1491515,AMAZON,B0DYT146SS,,RWWPSY0680YE,1,5.49,2.41,2026-03-16 17:36:55,amazon Ledsone,false
1122933,202-8758304-4073955,AMAZON,B0DP78B2BM,,CRSF100YB2PK+PHCHPCRYB2PK+LSCY290YB2PK,1,34.89,29.07,2026-03-16 17:38:35,amazon Ledsone,false
1122934,205-0764967-4652323,AMAZON,B0FZWK7C6Y,,ENC8963,1,19.99,19.99,2026-03-16 17:33:21,amazon Dcvoltage,false
1122935,026-6743630-9891558,AMAZON,B0GCZQW8R5,,CRFF100SN+LHNSE27SN+ICST64E27,1,12.56,12.99,2026-03-16 17:38:10,amazon Dcvoltage,false
1122944,026-4917572-5417168,AMAZON,B0GGHKNJ1M,,CRFF100SN2PK+LHNSE27SN2PK+ICST64E272PK,1,26.02,26.89,2026-03-16 17:38:10,amazon Dcvoltage,false
1122951,206-0421024-4959531,AMAZON,B07X62T49N,,CRSF100GN,1,9.78,6.89,2026-03-16 17:48:47,amazon Dcvoltage,false
1122959,206-5188930-8685168,AMAZON,B09CGJVLZ7,,CRSF2003BC+PHSH1PBRYB3PK+LSDO210BC3PK,1,37.92,31.60,2026-03-16 18:05:03,amazon Ledsone,false
1122964,206-0968401-3595523,AMAZON,B09479HV6W,,LDMG95E2783PK,1,17.89,14.91,2026-03-16 18:12:55,amazon Ledsone,false
1122965,206-9489794-2129908,AMAZON,B0B8DWXLQ2,,CRSF1202BM,1,9.58,5.57,2026-03-16 18:15:32,amazon Ledsone,false
1122976,206-0277726-9845960,AMAZON,B094VJWCF5,,PLADBC,2,94.73,41.55,2026-03-16 18:20:00,amazon Ledsone,false
1122977,206-6286339-9533135,AMAZON,B0F43TQPZW,,LSCY290BG+RPR44WH,1,17.49,14.57,2026-03-16 18:26:35,amazon Ledsone,false
1122978,205-3950019-9971555,AMAZON,B0CQNKMFJH,,PLTFRR+ICST64E2740,1,21.99,21.99,2026-03-16 18:22:41,amazon Dcvoltage,false
1122982,204-8785517-8651551,AMAZON,B0CJ8BN5TM,,LSMCSPDRFL+RPM40WH,1,20.49,20.49,2026-03-16 18:39:37,amazon Dcvoltage,false
1122984,202-1528702-7764341,AMAZON,B0CC1RD8S9,,WLHSBMCY18,1,22.50,18.75,2026-03-16 18:36:31,amazon Ledsone,false
1122991,202-9065995-2994740,AMAZON,B095Z3GZFK,,CRFF500BM+PHRI1PBRYB3PK+LSFT220BM3PK,1,37.79,31.49,2026-03-16 18:44:00,amazon Ledsone,false
1122993,206-9515452-9342701,AMAZON,B0F24DPF64,,WCWYBB,1,10.89,10.89,2026-03-16 18:47:05,amazon Dcvoltage,false
1123000,203-6746121-3712355,AMAZON,B0FZCRB2RS,,LSHM400HE+RPR44WH,1,26.90,29.89,2026-03-16 18:52:43,amazon Dcvoltage,false
1123001,205-7022771-6445947,AMAZON,B0CVMZBLZ7,,RWWPSYBF25GY,1,4.78,1.89,2026-03-16 18:56:14,amazon Dcvoltage,false
1123002,204-1067134-1478724,AMAZON,B0F7B1PXV6,,CTBOP28XL+CTBOP27XL+CTBOP26XL,1,14.89,14.89,2026-03-16 18:25:58,amazon Dcvoltage,false
1123003,203-2278475-5985910,AMAZON,B0D93QM7CS,,ENC5356,8,194.32,20.24,2026-03-16 18:56:27,amazon Ledsone,false
1123011,204-1485212-6548320,AMAZON,B0CPBXK43C,,LSCY290NB+RPR44WH,1,16.09,16.09,2026-03-16 19:04:00,amazon Dcvoltage,false
1123013,203-0434548-1751526,AMAZON,B0FY5TWHGH,,LDSG1007E27,1,13.99,11.66,2026-03-16 19:05:58,amazon Ledsone,false
1123020,205-2019128-3236319,AMAZON,B09HV84TXK,,ENC588,1,38.79,32.32,2026-03-16 19:21:42,amazon Ledsone,false
1123024,203-6443921-2763532,AMAZON,B0BWJWGXD4,,LSCY210BG+RPR44WH,2,22.48,12.49,2026-03-16 19:22:17,amazon Dcvoltage,false
1123025,203-3633053-1066720,AMAZON,B0D9Q634M6,,PLMJBC,4,139.56,34.89,2026-03-16 19:34:37,amazon Dcvoltage,false
1123026,205-7516026-9527526,AMAZON,B094NH8Z7R,,CRFF5005BM+WCSN1BM5PK,1,54.89,54.89,2026-03-16 19:29:59,amazon Dcvoltage,false
1123033,203-3790534-3201901,AMAZON,B0CKF2H36X,,PLOTBS+ICST64E2740,4,62.24,14.41,2026-03-16 19:34:37,amazon Ledsone,false
1123035,202-5430553-4545967,AMAZON,B0FKZ1KJXL,,ENC8072,1,20.79,20.79,2026-03-16 19:38:26,amazon Dcvoltage,false
1123036,026-8085903-6785143,AMAZON,B0BTTJZQZ1,,ENC4400,1,28.81,33.89,2026-03-16 19:38:54,amazon Dcvoltage,false
1123046,202-4262282-1402708,AMAZON,B0FPWZ7H6Z,,LDCWA95B22226PK,1,12.89,10.74,2026-03-16 19:44:28,amazon Ledsone,false
1123047,205-9981213-6901951,AMAZON,B0F9VF8XYJ,,CL3RGY3PK,1,6.79,5.66,2026-03-16 19:33:27,amazon Ledsone,false
1123048,202-5291696-8193121,AMAZON,B0CC8L3YCS,,CRSF100GB+WSSS70GB+LSRP260GB+ICST64E27,1,26.89,26.89,2026-03-16 19:46:30,amazon Dcvoltage,false
1123056,026-5239359-1793149,AMAZON,B0C6R1T87Q,,PHDH1HETHE+ICST64E272PK,1,20.49,17.07,2026-03-16 19:51:12,amazon Ledsone,false
1123060,204-8374273-5421113,AMAZON,B0G1LSPX9N,,CRFF100CH+LHNSE27CH+LSFT220RE,1,16.29,13.57,2026-03-16 19:55:07,amazon Ledsone,false
1123061,026-1946319-8026717,AMAZON,B0D9M7Y4DY,,LDMST64E274APK,1,42.89,35.74,2026-03-16 19:57:44,amazon Ledsone,false
1123063,205-3027966-0091515,AMAZON,B0DH9BRNQ7,,CL3THE3PK,1,10.88,7.99,2026-03-16 19:33:27,amazon Dcvoltage,false
1123067,203-2991453-0448350,AMAZON,B0F2919THD,,LSCY290CO+RPR44WH,1,18.89,15.74,2026-03-16 20:06:12,amazon Ledsone,false
1123079,205-6682939-2885968,AMAZON,B0FPWZHHHG,,LDCWA60HE2796PK,1,10.13,6.24,2026-03-16 20:24:44,amazon Ledsone,false
1123080,205-3896548-3301133,AMAZON,B0CLGY316H,,CRFF140CO+WSFSCO+ICST64E27,2,24.58,10.24,2026-03-16 20:30:14,amazon Ledsone,false
1123081,026-9308161-2849943,AMAZON,B09D3YMR65,,PLDMBC+ICST64E27,2,48.16,24.08,2026-03-16 20:39:48,amazon Dcvoltage,false
1123094,206-1793450-8967500,AMAZON,B0D9425YB5,,LSLT360OR2PK+RPR44WH2PK,1,26.49,22.07,2026-03-16 20:43:10,amazon Ledsone,false
1123095,205-2031438-0142745,AMAZON,B0B8VWLDFP,,LDSG125MUE2742PK,1,21.39,17.82,2026-03-16 20:48:42,amazon Ledsone,false
1123097,203-3024203-8625916,AMAZON,B0C9DPGRGD,,SPSDP2BM,1,5.69,5.69,2026-03-16 20:50:06,amazon Dcvoltage,false
1123101,204-9035868-0125956,AMAZON,B0D2N4PFZJ,,CRFF500FG,1,11.89,9.91,2026-03-16 20:57:31,amazon Ledsone,false
1123103,205-5922599-5456304,AMAZON,B0B9Y5MRSK,,CL3TGD5PK,1,13.09,10.91,2026-03-16 20:58:46,amazon Ledsone,false
1123112,205-7467264-2641157,AMAZON,B0D6GGRNP6,,CRSF100BM+PHNW1RBM,3,40.20,14.89,2026-03-16 21:09:10,amazon Dcvoltage,false
1123113,204-0565460-4489966,AMAZON,B0CRZ5BVRY,,LSCY290OR+RPR44WH,1,14.30,15.89,2026-03-16 21:08:55,amazon Dcvoltage,false
1123114,026-0414817-2968305,AMAZON,B07LB4KZ9S,,CL3RAGAPK,2,39.58,21.99,2026-03-16 21:08:51,amazon Dcvoltage,false
1123117,205-6415834-6490731,AMAZON,B0D794K9Y2,,WCB7BM2PK+RPR44WH2PK,1,16.29,13.57,2026-03-16 21:07:40,amazon Ledsone,false
1123122,202-8810774-9797118,AMAZON,B0F7R1VSQD,,CL3TWHAPK,1,19.49,16.24,2026-03-16 21:13:06,amazon Ledsone,false
1123131,202-8779287-6967538,AMAZON,B0CCHX3S7L,,SPSDP2BM6PK,2,45.78,19.07,2026-03-16 21:20:40,amazon Ledsone,false
1123132,204-7606031-9329915,AMAZON,B0DJBSQXTJ,,HLRK45BM5PK,1,12.58,8.07,2026-03-16 21:24:44,amazon Ledsone,false
1123133,205-9719246-8942714,AMAZON,B0CBMQZ8P6,,PHSF2BMRBM+SPSDP2BM,1,14.89,12.41,2026-03-16 21:26:42,amazon Ledsone,false
1123139,205-4666166-2497121,AMAZON,B0F7QRS48B,,CL3TBMAPK,1,19.07,19.07,2026-03-16 21:37:30,amazon Ledsone,false
1123140,205-4666166-2497121,AMAZON,B0F7R1VSQD,,CL3TWHAPK,1,16.24,16.24,2026-03-16 21:37:30,amazon Ledsone,false
1123141,205-0239498-8681935,AMAZON,B0F944VB2B,,CL3TRE3PK,1,6.99,5.82,2026-03-16 21:37:48,amazon Ledsone,false
1123143,205-4958326-4685139,AMAZON,B09KNR8L6C,,CRSF2003BM+PHRB1PBR40BM3PK+LSBS160YE3PK,1,37.89,31.57,2026-03-16 21:48:10,amazon Ledsone,false
1123151,206-5098681-7217930,AMAZON,B0CNJQ228F,,WCB1WH+RPR44WH,1,10.89,10.89,2026-03-16 21:54:45,amazon Dcvoltage,false
1123152,204-7851944-4203536,AMAZON,B0D9P2WN9Q,,WSFTWH,1,10.89,10.89,2026-03-16 21:55:41,amazon Dcvoltage,false
1123154,203-7938987-7442728,AMAZON,B07F9W6BQW,,LDMG80E274,2,12.38,6.19,2026-03-16 22:02:03,amazon Dcvoltage,false
1123157,204-4746627-5390710,AMAZON,B08V8VZTMZ,,CRSF100RO+PHSH1PBRRO+LSCY290RO,2,47.58,27.99,2026-03-16 22:13:54,amazon Dcvoltage,false
1123164,026-9663099-1408328,AMAZON,B0DCKWL469,,STFG4845WH,1,6.38,2.91,2026-03-16 22:22:41,amazon Ledsone,false
1123169,202-5091812-3741923,AMAZON,B0CTTFVY5V,,LSMS320OR+RPR44WH,1,14.99,14.99,2026-03-16 22:49:10,amazon Dcvoltage,false
1123170,202-5091812-3741923,AMAZON,B0CTT4CH4C,,LSMS320GR+RPR44WH,1,14.99,14.99,2026-03-16 22:49:10,amazon Dcvoltage,false
1123171,202-5091812-3741923,AMAZON,B0CTT9MRNT,,LSMS320SE+RPR44WH,1,14.99,14.99,2026-03-16 22:49:10,amazon Dcvoltage,false
1123174,203-7316739-3097931,AMAZON,B0CFHKYH59,,CRSF100BM2PK+PHRNWP1RBM2PK,1,20.09,16.74,2026-03-16 22:51:52,amazon Ledsone,false
1123176,026-3175389-9845939,AMAZON,B0D7BXHZP9,,LDSG125E2742PK,1,15.77,13.14,2026-03-16 23:13:00,amazon Ledsone,false
1123178,202-9031236-9688344,AMAZON,B08NDF5WD2,,WCDTWH+RPR44WH,1,14.78,11.89,2026-03-16 23:14:32,amazon Dcvoltage,false
1123179,026-5601676-8816346,AMAZON,B0CR94JDG7,,CKB762679PI,1,10.48,7.59,2026-03-16 23:15:09,amazon Dcvoltage,false
1123181,204-9375886-4214727,AMAZON,B0C869G3X9,,CRSF100GB2PK+PHCHPBRGB2PK+LSCY290GB2PK,1,44.89,44.89,2026-03-16 23:22:55,amazon Dcvoltage,false
1123183,205-5149258-2492329,AMAZON,B0D93QM7CS,,ENC5356,2,48.58,20.24,2026-03-16 23:31:08,amazon Ledsone,false
1123188,026-6384018-1232337,AMAZON,B09KNVBJZW,,CRSF2003BM+PHRB1PBR40BM3PK+LSBS160GR3PK,1,30.89,25.74,2026-03-16 23:58:07,amazon Ledsone,false
1123189,206-0928444-9139531,AMAZON,B0CGM2T63S,,LHRFE27WH,1,10.78,7.89,2026-03-16 23:59:58,amazon Dcvoltage,false
1123190,202-8034053-1241165,AMAZON,B0DYF1ZPHR,,CRFF100GB+LHNSE27GB,1,12.89,12.89,2026-03-17 00:06:15,amazon SRM Amazon,false
1123191,206-7560381-8796327,AMAZON,B0CCHZNHT9,,SPSDP2WH,1,8.58,4.74,2026-03-17 00:11:21,amazon Ledsone,false
1123193,203-8756468-2430723,AMAZON,B0FY22X6WL,,WCFL180RO2PK+RPR44WH2PK,1,24.89,24.89,2026-03-17 00:18:12,amazon Dcvoltage,false
1123197,203-1738076-5491524,AMAZON,B0B7KCXV72,,CRFF105GB,1,11.68,7.32,2026-03-17 00:43:27,amazon Ledsone,false
1123212,204-2857960-5133147,AMAZON,B0CJ4RX6S2,,LSMCSPMSMC+RPM40WH,1,26.99,26.99,2026-03-17 02:36:12,amazon Dcvoltage,false
1123213,204-2857960-5133147,AMAZON,B0CJ4QZ15C,,LSMCSPSQMC+RPM40WH,1,22.89,22.89,2026-03-17 02:36:12,amazon Dcvoltage,false
1123246,204-5793267-8323542,AMAZON,B0GQ48BNBZ,,LSGLSC115AR+RPM40WH,1,12.78,9.89,2026-03-17 05:06:51,amazon Dcvoltage,false
1123249,206-8735814-9379564,AMAZON,B09L8KS17V,,CRSF100BM+PHCH1BMRBM+LSDO400BI,3,57.40,16.78,2026-03-17 05:19:43,amazon Ledsone,false
1123250,203-7994527-9527505,AMAZON,B0F9X1J63J,,CL3RGDAPK,1,18.99,15.82,2026-03-17 05:28:31,amazon Ledsone,false
1123254,204-2793915-5589910,AMAZON,B0917RQ9PM,,PLHCBC+LSDO210BC3PK,1,44.90,41.57,2026-03-17 05:52:33,amazon Ledsone,false
1123255,202-6097303-3841154,AMAZON,B0DQD74HVG,,PHSF1BMTYB3PK,1,26.71,22.26,2026-03-17 05:55:49,amazon Ledsone,false
1123268,203-3402483-5420321,AMAZON,B09Z6P8H29,,LDCWA60HB227,1,6.98,3.41,2026-03-17 06:31:34,amazon Ledsone,false
1123271,026-8367544-3021907,AMAZON,B0CCDR7C3Y,,WCVCBS2PK+RPR44WH2PK,1,15.89,13.24,2026-03-17 06:41:27,amazon Ledsone,false
1123272,205-0241544-1002727,AMAZON,B0F6V9HH23,,ENC685,1,51.86,43.22,2026-03-16 22:27:19,amazon Ledsone,false
1123277,206-9275622-5595546,AMAZON,B0DXQ7YWGJ,,LSCY290YB2PK+RPR44WH2PK,1,27.89,23.24,2026-03-17 07:00:44,amazon Ledsone,false
1123278,202-9879098-7851556,AMAZON,B0DCK1WP5M,,SPSDP3WH2PK,1,10.08,5.99,2026-03-17 07:02:41,amazon Ledsone,false
1123281,205-2845913-5507551,AMAZON,B0C9DPGRGD,,SPSDP2BM,1,5.69,5.69,2026-03-17 07:14:19,amazon Dcvoltage,false
1123288,026-8074164-0033959,AMAZON,B0D9S72T3T,,CL2RGYAPK,1,21.49,17.91,2026-03-17 07:36:44,amazon Ledsone,false
1123289,203-2787220-1351529,AMAZON,B0FQVDFF8N,,CRFF108BM+PHRI1PBRBA+LSCY290BG,2,47.29,24.89,2026-03-17 07:37:03,amazon Dcvoltage,false
1123293,204-5493082-6670732,AMAZON,B08P7HRL5X,,WCBKHE+RPR44WH,1,15.69,13.07,2026-03-17 07:40:00,amazon Ledsone,false
1123294,206-8795214-6853103,AMAZON,B0D8J28F5D,,PHHR2HETHE,3,41.67,13.89,2026-03-17 07:40:55,amazon Dcvoltage,false
1123295,205-4370413-0416321,AMAZON,B0DKNBKTGR,,LHCCE27WH,1,6.09,6.09,2026-03-17 07:42:23,amazon Dcvoltage,false
1123307,206-9013956-5284320,AMAZON,B0CQT843J9,,LSDO210OR+RPR44WH,1,11.89,11.89,2026-03-17 08:02:05,amazon Dcvoltage,false
1123315,202-4938850-3099531,AMAZON,B0F9WHLSFZ,,LSCY290BG+RPR44WH,1,16.59,13.82,2026-03-17 08:12:35,amazon Ledsone,false
1123320,202-9722914-7276320,AMAZON,B0CVB8N9HV,,RWWPSY10GY,1,5.38,2.49,2026-03-17 08:24:03,amazon Dcvoltage,false
1123326,205-4931228-5725106,AMAZON,B0F7QRS48B,,CL3TBMAPK,2,43.49,19.07,2026-03-17 08:36:46,amazon Ledsone,false
1123333,202-1259186-3725149,AMAZON,B0DP2SCC3K,,CRSF100CH+PHCHPCRCH+LSCY290CH,1,24.89,20.74,2026-03-17 08:42:03,amazon Ledsone,false
1123339,205-4646487-9271560,AMAZON,B0FNWFF268,,LSWD360BG+RPR44WH,1,19.69,16.41,2026-03-17 08:52:42,amazon Ledsone,false
1123349,204-2687254-5741124,AMAZON,B0D6YF7VPY,,CCGNNWE48,1,10.89,10.89,2026-03-17 09:08:22,amazon Dcvoltage,false
1123356,206-9838585-7285922,AMAZON,B0F9PH4NYF,,WSOSBDBM,1,21.59,21.59,2026-03-17 09:12:34,amazon Dcvoltage,false
1123371,202-0463677-3046705,AMAZON,B0FVMDMLND,,CERU36150RE,1,1.24,1.24,2026-03-17 09:22:04,amazon Ledsone,false
1123372,202-0463677-3046705,AMAZON,B0FVM9L8TM,,CERU72350RE,1,5.24,5.24,2026-03-17 09:22:04,amazon Ledsone,false
1123374,205-7501504-8442728,AMAZON,B08Y6YGMRV,,LSSS300RE+RPR44WH,22,313.29,14.99,2026-03-17 09:26:36,amazon Dcvoltage,false
1123375,205-6666846-8176323,AMAZON,B0FJ5J4WMV,,CRSF100WH2PK,1,11.48,11.48,2026-03-17 09:28:22,amazon Dcvoltage,false
1123394,205-8856723-7496358,AMAZON,B0GP87YX8W,,LHPVHRE27WH3PK,1,11.18,8.29,2026-03-17 09:38:40,amazon Dcvoltage,false
1123396,204-3695558-3251542,AMAZON,B09CZFGJ5C,,ENC8881,1,26.99,22.49,2026-03-17 09:44:11,amazon Ledsone,false
1123409,203-1116342-8803553,AMAZON,B0D2N2MJRP,,CRFF500BM,1,11.89,9.91,2026-03-17 09:55:50,amazon Ledsone,false
1123410,205-9904836-5433903,AMAZON,B0DFTR3M3X,,RPM40BM2PK,1,5.88,2.49,2026-03-17 09:58:35,amazon Ledsone,false
1123429,205-9650939-8664323,AMAZON,B07CRWZWQQ,,12IP67250,1,44.50,44.50,2026-03-17 10:12:44,amazon Dcvoltage,false
1123430,204-1746350-9445158,AMAZON,B0CV5FGN5Z,,LDST185E2742PK,1,14.82,14.82,2026-03-17 10:17:41,amazon Ledsone,false
1123431,204-1746350-9445158,AMAZON,B0D7BXHZP9,,LDSG125E2742PK,1,15.47,15.47,2026-03-17 10:17:41,amazon Ledsone,false
1123437,202-7801594-0812316,AMAZON,B0943Z3MM5,,BC3W50,1,6.09,6.09,2026-03-17 10:28:43,amazon Dcvoltage,false
1123439,205-1470638-2680361,AMAZON,B09ZVH3JKY,,CCBKNWE18,2,13.98,5.82,2026-03-17 10:24:19,amazon Ledsone,false
1123445,202-4531878-4937146,AMAZON,B0FPWV2SHR,,LDCWT75B22126PK,1,19.49,16.24,2026-03-17 10:32:09,amazon Ledsone,false
1123446,206-7498983-6782764,AMAZON,B098QLN1W3,,CCBC7,2,11.78,4.91,2026-03-17 10:32:08,amazon Ledsone,false
1123452,204-1242471-0423537,AMAZON,B0FPQVSMFT,,LDCWT75B2212,1,8.79,7.32,2026-03-17 10:44:17,amazon Ledsone,false
1123457,204-8627755-8599501,AMAZON,B0DH5Y9829,,CL2TRS5PK,1,10.09,10.09,2026-03-17 10:52:53,amazon Dcvoltage,false
1123458,205-3804578-6450705,AMAZON,B0DX6TP9TZ,,CENU36300WH,5,13.24,1.66,2026-03-17 11:03:41,amazon Ledsone,false
1123466,206-0167015-4185139,AMAZON,B0C6LV14PT,,12UK3P2A,1,10.78,7.89,2026-03-17 10:59:18,amazon Dcvoltage,false
1123467,202-6992746-2005964,AMAZON,B0DH9CFGZ1,,CL3TCR2PK,1,5.99,5.99,2026-03-17 11:05:29,amazon Dcvoltage,false
1123468,206-1931350-8144362,AMAZON,B0F9VDWTYX,,CL3RBM3PK,1,6.79,5.66,2026-03-17 11:05:44,amazon Ledsone,false
1123479,026-1589074-1507533,AMAZON,B0DCKWL469,,STFG4845WH,1,6.38,2.91,2026-03-17 11:14:04,amazon Ledsone,false
1123488,204-2551173-9765927,AMAZON,B0D2949Q4K,,LSCY290BS3PK+RPR44WH3PK,1,39.49,32.91,2026-03-17 11:25:22,amazon Ledsone,false
1123489,203-3241579-1734731,AMAZON,B0FVMDMLND,,CERU36150RE,1,4.38,1.24,2026-03-17 11:28:16,amazon Ledsone,false
1123490,203-1002061-7674761,AMAZON,B08XWSBPHW,,WCB1BM+RPR44WH,1,10.69,10.69,2026-03-17 11:27:12,amazon Dcvoltage,false
1123499,206-9093733-5631511,AMAZON,B0D794K9Y2,,WCB7BM2PK+RPR44WH2PK,1,16.29,13.57,2026-03-17 11:39:22,amazon Ledsone,false
1123500,206-7967709-9442701,AMAZON,B0FRMVJ1VM,,PLWSBC+ICST64E272PK,1,24.19,20.16,2026-03-17 11:38:54,amazon Ledsone,false
1123512,205-9701364-9706731,AMAZON,B0D6KMPC9W,,LSCY290GB2PK+RPR44WH2PK,1,31.09,31.09,2026-03-17 11:11:25,amazon Dcvoltage,false
1123520,204-1459990-2725908,AMAZON,B0FN7GZ1FJ,,CRSF100WH+LHNSE27WH,1,14.28,11.99,2026-03-17 11:57:18,amazon SRM Amazon,false
1123521,203-8273627-4107542,AMAZON,B0D7ZTRLBH,,LSCY290BM2PK+RPR44WH2PK,1,27.89,23.24,2026-03-17 11:52:56,amazon Ledsone,false
1123525,026-4462175-0134768,AMAZON,B0CV7K4PZC,,RWGS1342WH,1,3.59,3.59,2026-03-17 12:00:13,amazon Dcvoltage,false
1123526,026-4462175-0134768,AMAZON,B0CV7K3P22,,RWGS1533WH,1,3.89,3.89,2026-03-17 12:00:13,amazon Dcvoltage,false
1123527,026-4693973-4508342,AMAZON,B07HRFS84S,,CCBKNWE7,1,6.50,6.50,2026-03-17 12:01:12,amazon Dcvoltage,false
1123541,206-2293170-0156309,AMAZON,B0DC44ZC8T,,WLFSWDBM,1,29.89,24.91,2026-03-17 12:16:19,amazon Ledsone,false
1123559,204-5502759-1170723,AMAZON,B084MG7VWS,,LSSS300SN+RPR44WH,5,62.50,11.57,2026-03-17 12:43:01,amazon Ledsone,false
1123560,204-5387091-1554761,AMAZON,B0DCKWL469,,STFG4845WH,2,9.87,2.91,2026-03-17 12:43:31,amazon Ledsone,false
1123573,204-6210560-9708350,AMAZON,B0G1LSPX9N,,CRFF100CH+LHNSE27CH+LSFT220RE,1,16.29,13.57,2026-03-17 12:50:54,amazon Ledsone,false
1123574,203-3916713-6070756,AMAZON,B0F29FJ1D9,,PLHWRR,1,21.39,17.82,2026-03-17 12:57:09,amazon Ledsone,false
1123575,205-3285166-5032340,AMAZON,B0C8NJDTJS,,WCDCBM+RPR44WH,1,11.99,9.99,2026-03-17 12:56:34,amazon Ledsone,false
1123576,204-8639450-2188310,AMAZON,B0CRZ54MPY,,LSCY290SN+RPR44WH,1,16.89,16.89,2026-03-17 12:43:01,amazon Dcvoltage,false
1123580,203-0959492-8090752,AMAZON,B0C6KZDFBD,,ENC3538,1,35.89,29.91,2026-03-17 12:59:12,amazon Ledsone,false
1123594,204-4491533-5490733,AMAZON,B0GCZG4XFD,,CRSF120WH,1,8.78,4.91,2026-03-17 13:39:32,amazon Ledsone,false
1123598,205-8795492-5715544,AMAZON,B0F9VGLPDL,,CL3RGL3PK,1,6.79,5.66,2026-03-17 13:41:33,amazon Ledsone,false
1123601,205-1341239-0037929,AMAZON,B0DLWPX2QC,,CL3TGLAPK,1,28.89,28.89,2026-03-17 13:51:40,amazon Dcvoltage,false
1123602,205-2558755-7170728,AMAZON,B0DLWPQ6NW,,CL3TGDAPK,1,28.89,28.89,2026-03-17 13:51:40,amazon Dcvoltage,false
1123603,203-5223136-7885127,AMAZON,B0CG5XVG11,,LSCY290BS2PK+RPR44WH2PK,1,28.89,28.89,2026-03-17 13:55:20,amazon Dcvoltage,false
1123605,205-2157694-4382747,AMAZON,B083TNFR73,,LDMST64E2783PK,1,16.89,14.07,2026-03-17 13:51:40,amazon Ledsone,false
1123609,202-1766721-9897123,AMAZON,B087QCDY7T,,PHSF1BRRCO+LSDM220CO,4,64.76,14.99,2026-03-17 14:03:59,amazon Ledsone,false
1123611,206-7435896-7347510,AMAZON,B0DH9FSQNN,,CL3TGY3PK,1,7.99,7.99,2026-03-17 13:59:19,amazon Dcvoltage,false
1123612,205-1218227-9788364,AMAZON,B0CNZ7D55V,,CL3RIVAPK,1,19.99,19.99,2026-03-17 14:02:16,amazon Dcvoltage,false
1123613,204-3561283-1729157,AMAZON,B0CVMZBLZ7,,RWWPSYBF25GY,1,4.78,1.89,2026-03-17 14:02:30,amazon Dcvoltage,false
1123614,202-5049779-9177965,AMAZON,B0CTTD21V2,,LSMS320NB+RPR44WH,1,14.99,14.99,2026-03-17 14:08:40,amazon Dcvoltage,false
1123617,202-4551020-9873943,AMAZON,B0DBZQVRLZ,,CL3RHE5PK,1,12.99,12.99,2026-03-17 14:17:53,amazon SRM Amazon,false
1123618,026-6352559-6997155,AMAZON,B08Y973M6R,,LSLG190BG,2,57.98,28.99,2026-03-17 14:09:31,amazon Dcvoltage,false
1123619,026-4306439-7178725,AMAZON,B0DL9VZVCX,,CL3RBMAPK,1,25.89,25.89,2026-03-17 14:14:51,amazon Dcvoltage,false
1123624,204-5681404-3799545,AMAZON,B08XNNNTHT,,LSSS300CO+RPR44WH,1,13.49,13.49,2026-03-17 14:20:13,amazon Dcvoltage,false
1123627,206-6010059-4620325,AMAZON,B0D6KRFN41,,LSDM220GS2PK+RPR44WH2PK,1,20.89,17.41,2026-03-17 14:27:01,amazon Ledsone,false
1123634,206-1080098-9546707,AMAZON,B0G1TC8PWQ,,CKCSBY,1,11.99,11.99,2026-03-17 14:29:25,amazon Dcvoltage,false
1123641,205-6120094-8625145,AMAZON,B0FL76QGJH,,PHSF2BWTSN2PK+ICST64E272PK,1,28.89,28.89,2026-03-17 14:47:24,amazon Dcvoltage,false
1123644,206-0641187-0791545,AMAZON,B0BBS3NXFM,,CL3TBRAPK,1,21.89,18.24,2026-03-17 14:51:39,amazon Ledsone,false
1123646,204-7374072-2389120,AMAZON,B09HV84TXK,,ENC588,1,38.79,32.32,2026-03-17 14:56:00,amazon Ledsone,false
1123650,204-0766990-4283523,AMAZON,B0DTPB2YC2,,WCB2BM3PK+RPR44WH3PK,1,22.89,19.07,2026-03-17 14:59:54,amazon Ledsone,false
1123651,205-3940197-3706763,AMAZON,B091B7NP2G,,LSMCSPDRFL+RPM40WH,1,20.89,20.89,2026-03-17 15:01:46,amazon Dcvoltage,false
1123652,204-3679937-9598703,AMAZON,B08XWSBPHW,,WCB1BM+RPR44WH,1,10.69,10.69,2026-03-17 14:59:54,amazon Dcvoltage,false
1123653,205-2799714-9476355,AMAZON,B0CPBXJMSS,,LSCY290OR+RPR44WH,3,45.29,15.89,2026-03-17 15:10:19,amazon Dcvoltage,false
1123654,204-1962241-5382762,AMAZON,B0C43L42DK,,WCDTRE+RPR44WH,1,10.89,9.07,2026-03-17 15:05:19,amazon Ledsone,false
1123655,203-7973855-0902714,AMAZON,B0D28XC4DK,,LSCY290BM3PK+RPR44WH3PK,1,42.89,35.74,2026-03-17 15:06:14,amazon Ledsone,false
1123668,026-4897703-1449948,AMAZON,B08PC4N942,,LHSHE27CO,1,10.88,6.66,2026-03-17 15:15:33,amazon Ledsone,false
1123673,026-7248719-3542754,AMAZON,B0B82V3JJS,,PHSF1BMRBM,1,11.69,9.74,2026-03-17 15:23:43,amazon Ledsone,false
1123674,202-9525375-0135540,AMAZON,B0BP2QJ28B,,LHBPE27BM3PK,1,19.19,19.19,2026-03-17 15:27:15,amazon Dcvoltage,false
1123675,202-2972894-7312322,AMAZON,B0DH5Z9D5K,,CL2TGY3PK,1,7.99,7.99,2026-03-17 15:30:00,amazon Dcvoltage,false
1123679,204-4941547-0933914,AMAZON,B07CT3WYLC,,CL3TBDAPK,1,22.99,22.99,2026-03-17 15:38:49,amazon Dcvoltage,false
1123680,203-1174421-8434768,AMAZON,B0C8NJDTJS,,WCDCBM+RPR44WH,1,11.99,9.99,2026-03-17 15:36:29,amazon Ledsone,false
1123681,204-4426688-3852337,AMAZON,B0C2KW36BR,,LSCP150RE+RPR44WH,1,12.89,10.74,2026-03-17 15:40:38,amazon Ledsone,false
1123686,202-6046690-7263568,AMAZON,B09B69PGNG,,PLOTBC+LSFT220BC,1,22.99,22.99,2026-03-17 15:47:39,amazon SRM Amazon,false
1123691,204-7214328-4729139,AMAZON,B0DSBP4962,,PLTFBC+ICST64E2740,1,19.79,19.79,2026-03-17 15:52:47,amazon Dcvoltage,false
1123693,204-3769288-6224348,AMAZON,B0FH9MJR4S,,CRFF140BM+PHAH2RBMBM+SPSDP2BM,3,42.66,12.74,2026-03-17 15:58:59,amazon Ledsone,false
1123702,205-0973637-0472333,AMAZON,B0DFHM8LHQ,,LSCY290CH+RPR44WH,1,17.89,17.89,2026-03-17 16:07:12,amazon Dcvoltage,false
1123705,206-2820341-4897942,AMAZON,B09MWJ3JRH,,ENC2242,1,35.89,29.91,2026-03-17 16:15:08,amazon Ledsone,false
1123707,206-4423748-7717136,AMAZON,B0DH4KYFPD,,WCDTBM2PK+RPR44WH2PK,1,18.89,15.74,2026-03-17 16:15:53,amazon Ledsone,false
1123721,026-8748462-5076358,AMAZON,B0DNK2H74S,,ENC5362,2,56.79,24.91,2026-03-17 16:21:33,amazon Ledsone,false
1123722,205-9596050-5294729,AMAZON,B0C3ZT8HVF,,LSCY290BI+RPR44WH,1,15.89,13.24,2026-03-17 16:21:11,amazon Ledsone,false
1123723,204-7572308-2488366,AMAZON,B0FT7SZC65,,CRSF2003BM+PHRB1PBR40BM3PK+LSBS160CB3PK,1,30.89,25.74,2026-03-17 16:26:28,amazon Ledsone,false
1123724,202-0790646-1588322,AMAZON,B0CRZ39GPD,,LSCY290GB+RPR44WH,2,35.78,17.89,2026-03-17 16:23:03,amazon Dcvoltage,false
1123725,204-4201536-1529120,AMAZON,B0D73MV34W,,ENC4839,1,20.79,20.79,2026-03-17 16:25:41,amazon Dcvoltage,false
1123737,205-2608206-0046735,AMAZON,B0FVMDMLND,,CERU36150RE,1,4.38,1.24,2026-03-17 16:45:21,amazon Ledsone,false
1123738,205-0242648-4583535,AMAZON,B0FXXCYH2Y,,PLADBC+LSDO210BC3PK,1,50.89,42.41,2026-03-17 16:47:48,amazon Ledsone,false
1123739,202-0313059-7670709,AMAZON,B0D7969XMQ,,WCB6BB2PK+RPR44WH2PK,1,16.59,13.82,2026-03-17 16:48:49,amazon Ledsone,false
1123749,203-9554757-3221125,AMAZON,B0CHFMLZWQ,,WCB5BM+RPR44WH,1,9.98,8.32,2026-03-17 16:49:14,amazon Ledsone,false
1123750,205-8894389-6629153,AMAZON,B0F29P1SH6,,CERU36150GR,1,4.58,1.41,2026-03-17 16:57:19,amazon Ledsone,false
1123756,206-9488075-4409119,AMAZON,B09KNVBJZW,,CRSF2003BM+PHRB1PBR40BM3PK+LSBS160GR3PK,1,30.89,25.74,2026-03-17 17:16:06,amazon Ledsone,false
1123766,026-4352992-2719511,AMAZON,B0CVMZBLZ7,,RWWPSYBF25GY,1,4.78,1.89,2026-03-17 17:28:43,amazon Dcvoltage,false
1123772,205-6815984-3809927,AMAZON,B0D4Y9DKJD,,LDMG95E2786PK,1,21.49,21.49,2026-03-17 17:34:38,amazon Dcvoltage,false
1123778,206-5783429-0642755,AMAZON,B0DX6TP9TZ,,CENU36300WH,1,5.28,1.66,2026-03-17 17:39:42,amazon Ledsone,false
1123779,202-2374067-9087528,AMAZON,B0DTHKSNFS,,WCB6BM3PK+RPR44WH3PK,1,22.49,22.49,2026-03-17 17:45:19,amazon Dcvoltage,false
1123783,206-2198185-1434759,AMAZON,B093T4L68X,,LSCY290WH+RPR44WH,1,18.89,15.74,2026-03-17 17:57:01,amazon Ledsone,false
1123784,203-8543422-4752342,AMAZON,B0CVLC55W4,,LSTF400GY+RPR44WH,1,16.39,16.39,2026-03-17 17:52:37,amazon Dcvoltage,false
1123804,206-3027134-4804347,AMAZON,B0FPQVSMFT,,LDCWT75B2212,1,8.79,7.32,2026-03-17 18:28:27,amazon Ledsone,false
1123805,203-4418452-8859532,AMAZON,B0CKRB5B6X,,PLHWBS+ICST64E273PK,1,27.89,27.89,2026-03-17 18:23:03,amazon Dcvoltage,false
1123813,026-1106668-5926720,AMAZON,B0F53L3ZDY,,PLHWRR,2,42.98,21.49,2026-03-17 18:38:13,amazon Dcvoltage,false
1123817,202-6811368-9257118,AMAZON,B0CBKFJ1FB,,PHSF2GDTFG+SPSDP2YB,1,15.69,13.07,2026-03-17 18:35:31,amazon Ledsone,false
1123829,204-8961092-5251512,AMAZON,B09JZ313P8,,LDST45E2746PK,1,45.99,45.99,2026-03-17 18:50:30,amazon Dcvoltage,false
1123832,202-7533547-7561903,AMAZON,B0DH9CY29Z,,CL3TGL5PK,1,14.99,14.99,2026-03-17 19:04:31,amazon Dcvoltage,false
1123839,026-2574540-0534741,AMAZON,B0BL7LQC5P,,LDMT45E2743PK,1,16.89,14.07,2026-03-17 19:10:03,amazon Ledsone,false
1123840,205-3639875-2229901,AMAZON,B0CVF1R77B,,TSTLRUMRB,1,6.49,6.49,2026-03-17 19:18:18,amazon Dcvoltage,false
1123849,026-6211216-9713902,AMAZON,B0DDTTYY58,,LSLT360GY+RPR44WH,1,14.89,14.89,2026-03-17 19:28:37,amazon Dcvoltage,false
1123851,202-2926059-2927552,AMAZON,B07PM5KN1T,,CL3TGL5PK,1,13.09,13.09,2026-03-17 19:33:50,amazon Dcvoltage,false
1123858,202-2596586-6301923,AMAZON,B08KJJWJKK,,WCFSDCBM,1,41.89,34.91,2026-03-17 19:43:45,amazon Ledsone,false
1123859,206-2030965-9731543,AMAZON,B0DDKJXLT9,,WCDTGR3PK+RPR44WH3PK,1,24.49,20.41,2026-03-17 19:43:48,amazon Ledsone,false
1123864,205-9939648-9931507,AMAZON,B0GGHFVG9H,,CRFF100GB2PK+LHNSE27GB2PK+ICST64E272PK,1,26.89,26.89,2026-03-17 19:57:18,amazon Dcvoltage,false
1123865,205-9939648-9931507,AMAZON,B0FY22Q53W,,WCBCFBM2PK+RPR44WH2PK,1,25.89,25.89,2026-03-17 19:57:18,amazon Dcvoltage,false
1123866,203-1383779-5448351,AMAZON,B0G7CBNVMV,,12UK3P5A+SLW8,1,15.99,15.99,2026-03-17 19:58:09,amazon Dcvoltage,false
1123870,203-7188842-0033132,AMAZON,B0FB3Y2GWC,,LDMC35E144,1,5.99,4.99,2026-03-17 20:02:11,amazon Ledsone,false
1123871,202-7462878-1789938,AMAZON,B0DH4KYFPD,,WCDTBM2PK+RPR44WH2PK,1,18.89,15.74,2026-03-17 20:03:30,amazon Ledsone,false
1123873,026-9699398-6077962,AMAZON,B0DP2RQWTH,,CRSF100BM+PHSH1PBRBM+LSCY290BC,1,24.89,20.74,2026-03-17 20:04:39,amazon Ledsone,false
1123880,205-8515300-0840331,AMAZON,B0D4Y9DKJD,,LDMG95E2786PK,1,21.49,21.49,2026-03-17 20:18:57,amazon Dcvoltage,false
1123888,203-7238402-1120344,AMAZON,B093H9BJWL,,LSMS320RE+RPR44WH,1,15.89,13.24,2026-03-17 20:33:01,amazon Ledsone,false
1123889,203-9416238-8063523,AMAZON,B08XNPZBR6,,LSSS300RE+RPR44WH,1,14.99,14.99,2026-03-17 20:32:15,amazon Dcvoltage,false
1123890,204-7244404-7519529,AMAZON,B07L8JDCQL,,CL3TBKAPK,1,24.99,24.99,2026-03-17 20:45:13,amazon Dcvoltage,false
1123895,206-8915946-7617961,AMAZON,B0CMCP8X1X,,CRFF500CH+WCCY1ROCH3PK,1,53.89,44.91,2026-03-17 20:53:01,amazon Ledsone,false
1123896,206-8171237-9311512,AMAZON,B0GCZG4XFD,,CRSF120WH,2,14.67,4.91,2026-03-17 20:55:55,amazon Ledsone,false
1123898,205-1081812-8001153,AMAZON,B0CXPT6W9C,,LSCY290RO2PK+RPR44WH2PK,1,27.89,27.89,2026-03-17 20:53:07,amazon Dcvoltage,false
1123899,026-1773279-0213964,AMAZON,B0CKBWB6JY,,CRSF100SN+WSSS70SN+LSCY290SN+ICST64E27,1,24.89,24.89,2026-03-17 20:55:57,amazon Dcvoltage,false
1123904,203-5898716-5317115,AMAZON,B0FVMCY494,,CERU36150YE,1,4.38,1.24,2026-03-17 19:39:52,amazon Ledsone,false
1123905,203-9040255-9577919,AMAZON,B0F9WHLSFZ,,LSCY290BG+RPR44WH,2,33.18,13.82,2026-03-17 21:03:59,amazon Ledsone,false
1123907,204-0273135-1193116,AMAZON,B0DSBP4962,,PLTFBC+ICST64E2740,1,19.79,19.79,2026-03-17 21:02:31,amazon Dcvoltage,false
1123917,204-8090003-5922763,AMAZON,B0F29DBR59,,CERU36300RE,1,5.58,2.24,2026-03-17 21:21:32,amazon Ledsone,false
1123918,205-3955379-7346737,AMAZON,B0D93QM7CS,,ENC5356,1,24.29,20.24,2026-03-17 21:22:48,amazon Ledsone,false
1123920,202-1136307-7867564,AMAZON,B0DH937VLZ,,CL3TCR3PK,1,8.99,8.99,2026-03-17 21:19:37,amazon Dcvoltage,false
1123922,204-5267695-9727544,AMAZON,B08V5MK449,,CRSF100BM+PHHT1PBRBM+LSCY290BM,1,21.89,21.89,2026-03-17 21:29:21,amazon Dcvoltage,false
1123923,202-7489770-3609952,AMAZON,B0FMKC5FVC,,CRFF140YB+PHAH2RYBGD+SPSDP2YB,1,15.29,15.29,2026-03-17 21:30:32,amazon Dcvoltage,false
1123928,203-7194137-6193107,AMAZON,B0F9VDWTYX,,CL3RBM3PK,1,6.79,5.66,2026-03-17 21:41:29,amazon Ledsone,false
1123930,204-2710263-2841102,AMAZON,B07HRFS84S,,CCBKNWE7,8,52.00,6.50,2026-03-17 21:29:32,amazon Dcvoltage,false
1123931,026-6199212-2945903,AMAZON,B0DKFNXM3T,,PHHR1HETHE2PK,2,43.98,21.99,2026-03-17 21:35:53,amazon Dcvoltage,false
1123933,026-4433643-1705923,AMAZON,B0DH4KYFPD,,WCDTBM2PK+RPR44WH2PK,1,18.89,15.74,2026-03-17 21:43:37,amazon Ledsone,false
1123939,202-7831638-6917966,AMAZON,B0DMT5YWLR,,PCFT90TBM5PK,1,11.68,7.32,2026-03-17 21:50:42,amazon Ledsone,false
1123947,026-4834804-8784309,AMAZON,B0D9RWZ7H8,,CRSF100SN3PK,2,31.78,13.24,2026-03-17 22:05:44,amazon Ledsone,false
1123951,205-8520072-6309117,AMAZON,B07DH89GTY,,12UK3P2A,1,7.69,6.41,2026-03-17 22:14:29,amazon Ledsone,false
1123963,205-1087371-4873102,AMAZON,B0DC42TYHC,,WLFSWDBM+ICST64E27,1,29.79,24.82,2026-03-17 22:20:11,amazon Ledsone,false
1123967,202-4217872-7607551,AMAZON,B0DLW1PW74,,CL2TBDAPK,1,18.89,18.89,2026-03-17 22:27:57,amazon Dcvoltage,false
1123973,204-2869552-7915518,AMAZON,B09479HV6W,,LDMG95E2783PK,1,17.89,14.91,2026-03-17 22:53:05,amazon Ledsone,false
1123981,202-6523449-9823555,AMAZON,B0F1TMC6HP,,CENU25200BM,1,4.09,1.09,2026-03-17 23:07:45,amazon Dcvoltage,false
1123984,202-9986963-2217121,AMAZON,B0FHPMM3WZ,,CRFF100CO2PK+LHNSE27CO2PK,3,68.09,23.89,2026-03-17 23:15:03,amazon Dcvoltage,false
1123985,202-8337422-7351541,AMAZON,B0GGHMCRK3,,CRFF100CO2PK+LHNSE27CO2PK+ICST64E272PK,3,80.67,26.89,2026-03-17 23:15:03,amazon Dcvoltage,false
1123986,203-7983677-5293119,AMAZON,B0946Y4C6M,,CRSF100BM+PHMU1PBRGS+LSDO210BG,7,113.71,15.04,2026-03-17 23:13:18,amazon Ledsone,false
1123987,203-7445030-6256327,AMAZON,B0FH6HCQ1Q,,SPSDP2BMY5PK,1,20.89,17.41,2026-03-17 23:15:00,amazon Ledsone,false
1123988,206-3189052-2833165,AMAZON,B0D28X8ZF9,,LSCY290BC+RPR44WH,2,33.78,14.07,2026-03-17 23:12:45,amazon Ledsone,false
1123998,202-6072982-2300351,AMAZON,B0B9Y5MRSK,,CL3TGD5PK,1,13.09,10.91,2026-03-18 00:13:21,amazon Ledsone,false
1124001,203-5945903-9770710,AMAZON,B0CJ4R5796,,LSMCSQWYBL+RPM40WH,1,21.89,21.89,2026-03-18 00:39:06,amazon Dcvoltage,false
1124005,203-8243099-6755518,AMAZON,B0CXX5K5LC,,WCDTGD2PK+RPR44WH2PK,1,20.29,20.29,2026-03-18 01:32:30,amazon Dcvoltage,false
1124043,205-9890209-1815520,AMAZON,B0CNJS9YHQ,,WCB6WH+RPR44WH,1,10.89,10.89,2026-03-18 04:28:52,amazon Dcvoltage,false
1124047,203-6653880-5913160,AMAZON,B08V5MK449,,CRSF100BM+PHHT1PBRBM+LSCY290BM,4,87.56,21.89,2026-03-18 05:41:35,amazon Dcvoltage,false
1124055,205-0725064-7981948,AMAZON,B0B8VRRDVM,,LDSG125MUE274,1,14.19,11.82,2026-03-18 06:28:06,amazon Ledsone,false
1124056,206-8171492-4358744,AMAZON,B0F1CX6BYH,,RWWPSY0680YE,1,6.36,3.09,2026-03-18 06:18:53,amazon Dcvoltage,false
1124059,204-2691425-1909129,AMAZON,B0CN6WCGHT,,LDMST64E2764PK,1,18.89,15.74,2026-03-18 06:25:23,amazon Ledsone,false
1124061,203-5238501-3497162,AMAZON,B0CM2RZNHV,,WCDTGD+RPR44WH,1,11.69,11.69,2026-03-18 06:20:24,amazon Dcvoltage,false
1124064,026-7500999-2125118,AMAZON,B0CNTC7LM4,,WCB1BM,1,11.19,11.19,2026-03-18 06:41:23,amazon Dcvoltage,false
1124065,026-2015585-7875566,AMAZON,B0CCJ4FBP9,,SPSDP3SN5PK,1,12.09,10.07,2026-03-18 06:47:19,amazon Ledsone,false
1124067,205-0975130-7518761,AMAZON,B0DH61X8CH,,CL2TBR3PK,1,8.99,8.99,2026-03-18 06:50:23,amazon Dcvoltage,false
1124091,203-5885999-6440365,AMAZON,B0CJ8BN5TM,,LSMCSPDRFL+RPM40WH,1,20.49,20.49,2026-03-18 07:45:40,amazon Dcvoltage,false
1124119,206-0356149-4231524,AMAZON,B09Z6RMG91,,12MIP2025,1,5.48,5.07,2026-03-18 08:26:15,amazon Ledsone,false
1124121,203-6739114-9701923,AMAZON,B0F48KSRDK,,RWWPSY0680YE,1,9.16,5.89,2026-03-18 08:35:36,amazon Dcvoltage,false
1124122,203-9587548-0723548,AMAZON,B0CQR15PPF,,CL2TCR,1,6.38,3.09,2026-03-18 08:36:37,amazon Dcvoltage,false
1124124,206-4385186-0496331,AMAZON,B08PD8W1MM,,CRSF100BM+LHNSE27YB+LSHH240BM+ICST64E27,1,19.69,16.41,2026-03-18 08:44:59,amazon Ledsone,false
1124127,204-1121879-8110744,AMAZON,B0D28TWPYD,,LSCY290BC2PK+RPR44WH2PK,1,25.79,21.49,2026-03-18 08:52:26,amazon Ledsone,false
1124131,026-5789378-3970714,AMAZON,B0D944SCS4,,WCB6WH3PK+RPR44WH3PK,1,22.29,18.57,2026-03-18 08:59:14,amazon Ledsone,false
1124132,202-7940680-6701958,AMAZON,B0CPBX28RC,,LSCY290BI+RPR44WH,1,15.89,15.89,2026-03-18 09:01:48,amazon Dcvoltage,false
1124134,026-0035543-2342700,AMAZON,B0868DXK1B,,CCBKNWE48,1,11.79,9.82,2026-03-18 09:09:08,amazon Ledsone,false
1124144,206-7689859-5150760,AMAZON,B0BBS5YWRL,,CL3TGLAPK,1,21.79,18.16,2026-03-18 09:24:40,amazon Ledsone,false
1124149,204-0325671-1431500,AMAZON,B0DX6W8MTS,,CENU25200WH,1,4.57,1.07,2026-03-18 09:33:47,amazon Ledsone,false
1124150,204-1511815-0754723,AMAZON,B0DH9BRNQ7,,CL3THE3PK,1,10.88,7.99,2026-03-18 09:31:59,amazon Dcvoltage,false
1124151,206-5801419-7117950,AMAZON,B0CBPSSXC3,,WCB6BB2PK+RPR44WH2PK,1,16.89,16.89,2026-03-18 09:34:19,amazon Dcvoltage,false
1124157,202-1375496-5945130,AMAZON,B0F8QCGS5L,,CERU48250BM,1,5.88,2.49,2026-03-18 09:47:15,amazon Ledsone,false
1124168,204-8325008-4412346,AMAZON,B07CRWS5KR,,12IP6750,1,15.51,15.51,2026-03-18 10:01:15,amazon Dcvoltage,false
1124171,206-6632877-6526709,AMAZON,B0CVL8B7HT,,LSTF400GR2PK+RPR44WH2PK,1,29.69,29.69,2026-03-18 10:16:00,amazon Dcvoltage,false
1124173,205-1459932-2396352,AMAZON,B0FPFYTRVT,,LDCWGU1056PK,1,15.19,12.66,2026-03-18 10:12:29,amazon Ledsone,false
1124179,202-0756629-1897112,AMAZON,B0CCHZNHT9,,SPSDP2WH,1,8.58,4.74,2026-03-18 10:23:21,amazon Ledsone,false
1124183,206-5048235-3556315,AMAZON,B0BLZFGY38,,LDMG95E274APK,2,65.78,27.41,2026-03-18 10:36:57,amazon Ledsone,false
1124189,203-1084338-5248332,AMAZON,B0DZNLF6LK,,RWWPSY10GY,1,5.38,2.07,2026-03-18 10:42:11,amazon Ledsone,false
1124202,206-9636206-5248308,AMAZON,B0B8P49KHN,,LDA60B224WW,1,5.99,4.99,2026-03-18 11:06:58,amazon Ledsone,false
1124211,206-6682709-2757904,AMAZON,B0DG29SP2H,,LDMA60E274WW2PK,1,8.99,7.49,2026-03-18 11:23:20,amazon Ledsone,false
1124220,205-1204622-9354763,AMAZON,B0F48PYKWX,,RWWPSY0860YE,1,8.77,5.79,2026-03-18 11:36:21,amazon Dcvoltage,false
1124222,202-4866565-9693146,AMAZON,B0FY5X423H,,LDSG1001E27,1,13.99,11.66,2026-03-18 11:35:05,amazon Ledsone,false
1124223,026-2318619-9433124,AMAZON,B0CVL9C7P9,,LSTF400YE2PK+RPR44WH2PK,1,27.89,23.24,2026-03-18 11:35:57,amazon Ledsone,false
1124224,026-7460645-0841903,AMAZON,B0FPQZHKXS,,LDCWT75B22122PK,1,15.89,13.24,2026-03-18 11:37:43,amazon Ledsone,false
1124232,204-8977880-0969135,AMAZON,B0CVN6PYHV,,CENU19150BM,5,7.14,0.79,2026-03-18 11:47:23,amazon Dcvoltage,false
1124233,206-2247874-3369109,AMAZON,B0CFHKYH59,,CRSF100BM2PK+PHRNWP1RBM2PK,3,57.26,16.74,2026-03-18 11:41:49,amazon Ledsone,false
1124234,206-1974698-4479560,AMAZON,B0CKSV67CC,,CRFF75GB,1,9.48,5.49,2026-03-18 11:44:03,amazon Ledsone,false
1124248,203-9480288-5889164,AMAZON,B07CRTS1LD,,12IP67100,1,18.00,18.00,2026-03-18 11:56:00,amazon Dcvoltage,false
1124249,204-3543329-5771504,AMAZON,B0FN4C3B9T,,PLHCBM+LSDO210BM3PK,1,47.83,39.86,2026-03-18 11:52:25,amazon Ledsone,false
1124250,204-8574845-4869103,AMAZON,B0CM3FPZV6,,CRFF500BM+LHLAE2710DBM2PK+LHLAE2710BBM,1,18.89,15.74,2026-03-18 12:02:38,amazon Ledsone,false
1124271,203-8555251-2849137,AMAZON,B084R7G746,,WCB7BC+RPR44WH,2,23.78,9.91,2026-03-18 12:18:43,amazon Ledsone,false
1124281,206-0231432-0894770,AMAZON,B07CRSLRRW,,12IP67300,1,45.99,45.99,2026-03-18 12:25:07,amazon Dcvoltage,false
1124285,202-2345754-1261112,AMAZON,B0BBB4H59J,,CL3RGY5PK,3,44.05,13.16,2026-03-18 12:45:23,amazon Ledsone,false
1124286,204-0958266-3750748,AMAZON,B0D7ZRWBS2,,LSCY290BI2PK+RPR44WH2PK,1,24.99,20.82,2026-03-18 12:47:04,amazon Ledsone,false
1124287,205-8678747-3102718,AMAZON,B0CTTGSYKH,,LSMS320YE+RPR44WH,1,14.99,14.99,2026-03-18 12:43:41,amazon Dcvoltage,false
1124288,205-8678747-3102718,AMAZON,B0CTT9MRNT,,LSMS320SE+RPR44WH,1,14.99,14.99,2026-03-18 12:43:41,amazon Dcvoltage,false
1124289,205-9014680-3386701,AMAZON,B08XVT2VKW,,WCB6WH+RPR44WH,1,10.89,10.89,2026-03-18 12:48:42,amazon Dcvoltage,false
1124300,205-0541719-2141920,AMAZON,B0GDF2B3ML,,LDMT185E273,1,7.19,5.99,2026-03-18 12:50:14,amazon Ledsone,false
1124301,026-5868854-3421115,AMAZON,B0FVM9XG95,,CERU72450RE,1,10.78,6.57,2026-03-18 12:50:28,amazon Ledsone,false
1124302,204-5993702-1163557,AMAZON,B0DB29BF1T,,CRFF75YB2PK,1,10.34,9.57,2026-03-18 12:57:03,amazon Ledsone,false
1124303,202-0793422-1046700,AMAZON,B0F2GGDBJ1,,RWT460YE,1,10.48,6.32,2026-03-18 12:57:57,amazon Ledsone,false
1124304,205-4919669-6019501,AMAZON,B0C9TLL8GW,,ENC1919,1,17.89,17.89,2026-03-18 12:53:47,amazon Dcvoltage,false
1124309,203-0470365-0267556,AMAZON,B0CTTGSYKH,,LSMS320YE+RPR44WH,1,14.99,14.99,2026-03-18 13:04:45,amazon Dcvoltage,false
1124316,026-0615520-6917954,AMAZON,B08XB16LF5,,PSDS4BMRRE,1,14.17,14.17,2026-03-18 13:06:27,amazon Dcvoltage,false
1124317,206-8669089-5251562,AMAZON,B0G4QXYX5W,,CRSF100BM+PHHF1PBRBM+LSWD360BM,1,22.89,22.89,2026-03-18 13:13:49,amazon Dcvoltage,false
1124318,204-6857291-6530767,AMAZON,B07D1KHHT8,,CRSF108YB,1,10.18,7.29,2026-03-18 13:19:21,amazon Dcvoltage,false
1124325,206-9465001-8747501,AMAZON,B0DH6HZ1KM,,CL2TAG5PK,1,11.99,11.99,2026-03-18 13:30:51,amazon Dcvoltage,false
1124326,026-3577373-9135567,AMAZON,B08DK76YF6,,LSCY290GB+RPR44WH,1,16.10,17.89,2026-03-18 13:32:34,amazon Dcvoltage,false
1124327,202-7751158-5150757,AMAZON,B0CCHZNHT9,,SPSDP2WH,1,8.58,4.74,2026-03-18 13:29:32,amazon Ledsone,false
1124329,206-0262489-4599579,AMAZON,B0CCHZNHT9,,SPSDP2WH,1,8.58,4.74,2026-03-18 13:33:46,amazon Ledsone,false
1124342,206-8529186-1449156,AMAZON,B0CNTFR3YK,,WCB2BB+RPR44WH,1,9.89,9.89,2026-03-18 13:42:53,amazon Dcvoltage,false
1124343,026-7775551-8941125,AMAZON,B0GLGGJD2R,,LSGLFP245GR+RPM40WH,4,59.12,14.78,2026-03-18 13:46:06,amazon Dcvoltage,false
1124348,202-4190080-3015535,AMAZON,B0BC1CYP2F,,CL3RBMAPK,1,25.88,21.57,2026-03-18 13:51:12,amazon Ledsone,false
1124349,026-7478908-4744346,AMAZON,B0CNKHS2VX,,ENC739,2,39.78,16.57,2026-03-18 13:57:28,amazon Ledsone,false
1124350,202-1595949-0757932,AMAZON,B0DBV9CLPW,,LDSG125MUE274,1,11.24,11.24,2026-03-18 14:00:56,amazon Ledsone,false
1124351,202-1595949-0757932,AMAZON,B0B8VVQSNV,,LDSG125LOE274,1,8.07,8.07,2026-03-18 14:00:56,amazon Ledsone,false
1124361,206-9436390-5814724,AMAZON,B0F74DNTZ4,,CERU36200WH2PK,2,11.25,3.99,2026-03-18 14:03:36,amazon Dcvoltage,false
1124362,026-3860897-9006766,AMAZON,B096JY1LL5,,PLWEFBM,2,51.98,21.66,2026-03-18 14:02:12,amazon Ledsone,false
1124371,204-7315160-4889133,AMAZON,B0D28TWPYD,,LSCY290BC2PK+RPR44WH2PK,1,23.21,21.49,2026-03-18 14:13:41,amazon Ledsone,false
1124372,026-1828237-3635555,AMAZON,B092ZPHVWJ,,PLTTRR+LSTF40RR,1,26.89,22.41,2026-03-18 14:10:58,amazon Ledsone,false
1124377,026-5366402-0741948,AMAZON,B0CT5PY35Z,,STFG4845WH,1,6.38,3.49,2026-03-18 14:25:10,amazon Dcvoltage,false
1124378,026-9704506-5619536,AMAZON,B0FL78WQVD,,PHSF2BMTBM2PK+ICST64E272PK,1,28.89,28.89,2026-03-18 14:27:48,amazon Dcvoltage,false
1124380,205-6291768-6149143,AMAZON,B0B8P4R7WF,,LDMA60E278WW2PK,1,10.18,6.07,2026-03-18 14:34:39,amazon Ledsone,false
1124381,205-6625288-1981917,AMAZON,B0BY57G4PR,,LSMS320BG+RPR44WH,1,16.79,16.79,2026-03-18 14:40:40,amazon Dcvoltage,false
1124385,026-0363785-8502728,AMAZON,B0CR94JDG7,,CKB762679PI,1,10.48,7.59,2026-03-18 14:58:04,amazon Dcvoltage,false
1124389,026-6908568-9361962,AMAZON,B082DDY7BX,,CRSF2003WH,1,11.49,11.49,2026-03-18 15:07:02,amazon Dcvoltage,false
1124390,026-5611229-1669957,AMAZON,B0FVMDMLND,,CERU36150RE,1,4.38,1.24,2026-03-18 14:59:20,amazon Ledsone,false
1124396,205-2778295-3575520,AMAZON,B0DCKWL469,,STFG4845WH,1,6.38,2.91,2026-03-18 15:25:29,amazon Ledsone,false
1124409,203-1593291-0113151,AMAZON,B08THLVJKV,,LSCY290BI+RPR44WH,2,29.43,15.49,2026-03-18 15:43:48,amazon Dcvoltage,false
1124432,206-7224518-1709152,AMAZON,B0FTMHJWX1,,WLGLDSCH2PK+LDMT45E2742PK,2,83.14,41.57,2026-03-18 16:27:23,amazon Ledsone,false
1124433,206-7224518-1709152,AMAZON,B0FTMF2CP5,,WLGLCPSC2PK+LDMT45E2742PK,2,86.48,43.24,2026-03-18 16:27:23,amazon Ledsone,false
1124437,204-5753913-8401167,AMAZON,B0CY1TW68Y,,CRSF100BM+LHNSE27BM+LSTF400YE,1,20.89,17.41,2026-03-18 16:32:11,amazon Ledsone,false
1124438,204-5281682-9785101,AMAZON,B0CVX33H3Y,,WMS2003AGL,1,16.99,14.16,2026-03-18 16:32:41,amazon Ledsone,false
1124442,203-7113354-5109925,AMAZON,B0DCFP1CX8,,LDSG95DIE2746PK,1,35.19,29.32,2026-03-18 16:42:58,amazon Ledsone,false
1124449,202-4058550-3548318,AMAZON,B0CV7K4PZC,,RWGS1342WH,1,6.75,3.59,2026-03-18 16:54:55,amazon Dcvoltage,false
1124453,203-6214292-7724369,AMAZON,B0F799YBJ9,,CTBOP13L+CTBOP23L+CTBOP28L,1,14.89,14.89,2026-03-18 17:10:15,amazon Dcvoltage,false
1124459,026-5455884-8503542,AMAZON,B0GQ477V54,,LSGLLF170AR+RPM40WH,1,11.89,11.89,2026-03-18 17:14:37,amazon Dcvoltage,false
1124460,202-6568029-9936321,AMAZON,B0GLPPRX74,,ENC8911,1,61.09,50.91,2026-03-18 17:09:35,amazon Ledsone,false
1124461,203-3413220-0810765,AMAZON,B0FPWTHD66,,LSOL180BC2PK+RPR44WH2PK,4,62.50,14.47,2026-03-18 17:12:51,amazon Ledsone,false
1124466,204-8843580-3892329,AMAZON,B09479HV6W,,LDMG95E2783PK,1,17.89,14.91,2026-03-18 17:19:46,amazon Ledsone,false
1124467,203-5391842-3517951,AMAZON,B0BLP2VGSC,,LDMST64E278APK,5,139.00,25.74,2026-03-18 17:22:40,amazon Ledsone,false
1124474,026-6823439-3234714,AMAZON,B09D3YMR65,,PLDMBC+ICST64E27,1,24.08,24.08,2026-03-18 17:36:30,amazon Dcvoltage,false
1124486,205-6917876-1642739,AMAZON,B0G4QTRN1G,,CRSF100BS+PHHF1PBRBS+LSWD360BS,1,22.89,22.89,2026-03-18 17:53:31,amazon Dcvoltage,false
1124489,202-6943118-7059515,AMAZON,B0CSYX1HC6,,CKVOBY,1,12.38,7.91,2026-03-18 17:52:48,amazon Ledsone,false
1124495,203-0005698-5573954,AMAZON,B0FRMR2GHX,,PLWSBM+ICST64E272PK,1,24.19,20.16,2026-03-18 18:08:07,amazon Ledsone,false
1124503,204-3415703-7126735,AMAZON,B0DNK2H74S,,ENC5362,4,119.56,24.91,2026-03-18 18:16:40,amazon Ledsone,false
1124509,206-4756170-8209114,AMAZON,B0DCFN75MZ,,LDSG95DIE274APK,1,67.89,56.57,2026-03-18 18:22:23,amazon Ledsone,false
1124524,206-6577028-0894727,AMAZON,B0GGS4DFB1,,CRFF100BM+PHUP1PBRBM+CNT900BM,2,37.14,18.57,2026-03-18 18:42:34,amazon Dcvoltage,false
1124525,204-1233112-3493915,AMAZON,B095M2J2JX,,WCVCRR+RPR44WH,1,9.19,7.66,2026-03-18 13:44:38,amazon Ledsone,false
1124526,204-3185411-6978739,AMAZON,B0FY5NVS4S,,LDSG1007E272PK,1,23.99,19.99,2026-03-18 18:48:32,amazon Ledsone,false
1124534,026-6550671-3141903,AMAZON,B0DG5HXCYR,,CRSF100OR+WSCH135OR+LSDO210OR,2,45.78,22.89,2026-03-18 18:56:30,amazon Dcvoltage,false
1124535,026-6550671-3141903,AMAZON,B08V8D1874,,CRSF100WH+LHNSE27WH+LSMS320OR,2,37.18,18.59,2026-03-18 18:56:30,amazon Dcvoltage,false
1124541,206-3825172-3401154,AMAZON,B0D2N4PFZJ,,CRFF500FG,1,9.91,9.91,2026-03-18 19:05:09,amazon Ledsone,false
1124542,206-3825172-3401154,AMAZON,B0D2N2MJRP,,CRFF500BM,1,9.91,9.91,2026-03-18 19:05:09,amazon Ledsone,false
1124543,206-4566287-3316327,AMAZON,B0CCHZNHT9,,SPSDP2WH,1,8.58,4.74,2026-03-18 19:08:34,amazon Ledsone,false
1124544,206-8460236-6646741,AMAZON,B083YRHG2L,,CRSF100RO+LHNSE27RO+SCRN70RO+LSFT220RO,1,17.89,17.89,2026-03-18 19:00:47,amazon Dcvoltage,false
1124548,205-7083857-1467547,AMAZON,B0CF5NMTQX,,CRSF100CO+PHCHPBRCO+LSCY290CO,1,22.89,19.07,2026-03-18 19:08:59,amazon Ledsone,false
1124556,026-7709290-8821942,AMAZON,B0DF7BD73R,,CRSF100BM+PHRYWP1RBM,5,53.50,9.91,2026-03-18 19:26:11,amazon Ledsone,false
1124565,202-7861879-3597955,AMAZON,B07YW55RSC,,WCBNBM2PK+RPR44WH2PK,1,15.59,12.99,2026-03-18 19:34:36,amazon Ledsone,false
1124572,203-8550565-9218751,AMAZON,B0F1CZT27Y,,RWWPSY0860YE,1,5.78,2.89,2026-03-18 19:45:31,amazon Dcvoltage,false
1124573,205-3334164-5666739,AMAZON,B0D5QY9SQ1,,LSMCSQWYBL+RPM40WH,1,23.89,23.89,2026-03-18 19:49:06,amazon Dcvoltage,false
1124577,026-4664193-5552354,AMAZON,B0D59SFQQL,,WCB6BM2PK+RPR44WH2PK,1,15.69,15.69,2026-03-18 19:51:06,amazon Dcvoltage,false
1124582,204-1451130-2801143,AMAZON,B0CVMZBLZ7,,RWWPSYBF25GY,1,4.78,1.89,2026-03-18 20:00:57,amazon Dcvoltage,false
1124583,206-7045009-9281118,AMAZON,B0CH39MWRF,,WSOSBDBM,1,21.59,21.59,2026-03-18 20:08:48,amazon Dcvoltage,false
1124586,026-2452278-8532306,AMAZON,B0DYTCM9LM,,RWWPSY10100YE,1,11.78,7.41,2026-03-18 20:15:40,amazon Ledsone,false
1124587,026-7600266-1433152,AMAZON,B0CNQ1MB3F,,LDMG125B228,1,9.99,9.99,2026-03-18 20:16:32,amazon Dcvoltage,false
1124588,202-1742930-7939527,AMAZON,B0DH688STH,,CL2TIV5PK,1,11.99,11.99,2026-03-18 20:17:12,amazon Dcvoltage,false
1124589,205-1837025-6956310,AMAZON,B0CVMZBLZ7,,RWWPSYBF25GY,1,4.78,1.89,2026-03-18 20:17:14,amazon Dcvoltage,false
1124600,202-0698979-3492305,AMAZON,B0BLZFGY38,,LDMG95E274APK,6,177.61,27.41,2026-03-18 20:25:03,amazon Ledsone,false
1124601,026-5499166-9118721,AMAZON,B07DH89GTY,,12UK3P2A,1,9.58,5.57,2026-03-18 20:29:19,amazon Ledsone,false
1124608,026-2845767-8469963,AMAZON,B0DPZZDXJ1,,PHSF2BMRBM2PK+SPSDP2BM2PK+ICST64E272PK,1,32.79,27.32,2026-03-18 20:33:29,amazon Ledsone,false
1124614,026-7828398-3589926,AMAZON,B0F9YSF6H8,,PSFW4RBR,1,14.89,12.41,2026-03-18 20:39:29,amazon Ledsone,false
1124616,205-8874507-7896334,AMAZON,B0D9RYF987,,ENC7498,1,48.99,48.99,2026-03-18 20:39:00,amazon Dcvoltage,false
1124617,205-5513391-1685126,AMAZON,B0963T25NK,,CRSF1203BM+PHNW2RBM3PK+SPUPBM3PK,1,44.99,44.99,2026-03-18 20:43:20,amazon Dcvoltage,false
1124626,206-0145692-5276315,AMAZON,B0D7ZRWBS2,,LSCY290BI2PK+RPR44WH2PK,1,22.49,20.82,2026-03-18 20:50:03,amazon Ledsone,false
1124633,202-0644271-5699568,AMAZON,B0CCHYTN4H,,SPSDP2YB6PK,1,21.99,18.32,2026-03-18 21:07:25,amazon Ledsone,false
1124634,206-9321545-9741156,AMAZON,B0CJCDPV58,,LSSS300GR2PK+RPR44WH2PK,2,40.44,23.79,2026-03-18 21:01:58,amazon Dcvoltage,false
1124635,206-3378066-3669966,AMAZON,B0DH9D59PT,,CL3TAG5PK,1,11.99,11.99,2026-03-18 21:03:57,amazon Dcvoltage,false
1124638,204-3132171-9517156,AMAZON,B0DYDC9W2N,,RWWPSY0630YE2PK,1,10.39,10.39,2026-03-18 21:00:28,amazon SRM Amazon,false
1124641,204-4914629-4213959,AMAZON,B0CLGVTF4T,,CRFF140GB+WSFSGB,3,32.06,9.57,2026-03-18 21:16:15,amazon Ledsone,false
1124642,203-5503553-4639530,AMAZON,B08TMJ2DJJ,,CRSF100YB+WSNW170YB+LSDM220YB,2,35.62,19.79,2026-03-18 21:11:58,amazon Dcvoltage,false
1124643,204-2750389-0818749,AMAZON,B08V5MK449,,CRSF100BM+PHHT1PBRBM+LSCY290BM,1,21.89,21.89,2026-03-18 21:12:14,amazon Dcvoltage,false
1124652,203-7081683-4385125,AMAZON,B0C3GX7DNZ,,LSDO210YE+RPR44WH,1,11.69,9.74,2026-03-18 21:37:28,amazon Ledsone,false
1124655,206-1931040-6436366,AMAZON,B0DC6C46FL,,LSFT220WH2PK+RPR44WH2PK,1,19.89,16.57,2026-03-18 21:43:54,amazon Ledsone,false
1124656,203-2789054-6819555,AMAZON,B0D83DZKGD,,PLADRR+ICST64E273PK,1,58.89,58.89,2026-03-18 21:42:58,amazon Dcvoltage,false
1124668,204-5236290-9056356,AMAZON,B0D676H42D,,SPSDP3WH2PK,1,10.08,7.19,2026-03-18 21:54:05,amazon Dcvoltage,false
1124669,202-9266421-1017953,AMAZON,B0CRZ5BVRY,,LSCY290OR+RPR44WH,1,15.89,15.89,2026-03-18 21:58:35,amazon Dcvoltage,false
1124670,204-2667888-2176322,AMAZON,B0BXDC5572,,PHSF1BMRBM,2,21.50,8.96,2026-03-18 21:53:12,amazon Ledsone,false
1124676,205-8500444-1738740,AMAZON,B092SPCPX5,,PLWCBM,2,49.78,20.74,2026-03-18 22:18:32,amazon Ledsone,false
1124680,203-0511073-3265911,AMAZON,B0FPWV2SHR,,LDCWT75B22126PK,1,19.49,16.24,2026-03-18 22:22:02,amazon Ledsone,false
1124688,203-4825438-8265108,AMAZON,B0B1F9V3H7,,CRSF100NB,1,7.64,3.96,2026-03-18 22:33:10,amazon Ledsone,false
1124689,205-9023510-5787501,AMAZON,B0GLFZ9BSJ,,LSGLFP245BR+RPM40WH,1,17.89,17.89,2026-03-18 22:44:32,amazon Dcvoltage,false
1124694,205-8515212-9665163,AMAZON,B0D299JDV6,,LSCY290YB+RPR44WH,2,35.78,14.91,2026-03-18 22:44:32,amazon Ledsone,false
1124695,205-1660096-6913957,AMAZON,B0FPWXQWQD,,LDCWA60HB2296PK,3,24.46,6.24,2026-03-18 22:58:53,amazon Ledsone,false
1124696,203-7582041-1501945,AMAZON,B08NBZ397N,,CRSF100BM+PHOP1PBRBM+LSDO300YE,3,59.10,21.89,2026-03-18 23:10:21,amazon Dcvoltage,false
1124697,026-0913600-7234761,AMAZON,B0957T2CJF,,PLADBM+LSTF40BG3PK,1,52.89,44.07,2026-03-18 23:15:54,amazon Ledsone,false
1124700,202-9746276-8995559,AMAZON,B0CVMZBLZ7,,RWWPSYBF25GY,1,4.78,1.89,2026-03-18 23:35:44,amazon Dcvoltage,false
1124703,205-4528537-2536304,AMAZON,B0F7QQYMSM,,CL3TGDAPK,1,21.99,18.32,2026-03-18 23:53:44,amazon Ledsone,false
1124704,206-2433167-8755529,AMAZON,B0DCDSZ719,,LDSG95DIE2743PK,1,23.89,19.91,2026-03-18 23:59:58,amazon Ledsone,false
1124705,203-9311682-1526753,AMAZON,B09YYSLDWP,,PLADBM+LSDO210BG3PK+ICST64E273PK,1,58.89,58.89,2026-03-19 00:09:22,amazon Dcvoltage,false
1124711,205-2745553-1646756,AMAZON,B0F28YSS5K,,LSCY290CH+RPR44WH,1,18.29,15.24,2026-03-19 01:46:20,amazon Ledsone,false
1124735,203-8466340-6772345,AMAZON,B0D9M1BCWK,,LSFC300OW+RPR44WH,1,20.39,15.39,2026-03-19 03:14:04,amazon Dcvoltage,false
1124765,203-3555977-7429109,AMAZON,B0CLGXZ1WF,,CRFF140WH+WSFSWH+ICST64E27,3,34.29,10.24,2026-03-19 05:51:25,amazon Ledsone,false
1124768,204-5366593-1697153,AMAZON,B0BW9S4B1Z,,LSLT360CB+RPR44WH,2,29.78,12.41,2026-03-19 06:06:12,amazon Ledsone,false
1124772,203-7203009-2373946,AMAZON,B0G1T7HWRL,,CKKLYB,1,9.99,9.99,2026-03-19 06:18:39,amazon Dcvoltage,false
1124773,206-8467963-2435513,AMAZON,B07QVK5R1L,,12RPIP45400,1,27.99,27.99,2026-03-19 06:24:06,amazon Dcvoltage,false
1124786,206-1902427-5552357,AMAZON,B08VGLLMK8,,LSCY290RO+RPR44WH,2,32.20,17.89,2026-03-19 07:04:16,amazon Dcvoltage,false
1124793,204-2698426-7699562,AMAZON,B0CGRJ5PM4,,CRSF100BM+SPUPBM+PHRYWP2RBM,1,13.59,11.32,2026-03-19 07:19:05,amazon Ledsone,false
1124806,206-2337243-9387515,AMAZON,B0DTT7FGYZ,,WCVCBS3PK+RPR44WH3PK,1,20.79,20.79,2026-03-19 07:38:41,amazon Dcvoltage,false
1124807,203-1005331-2079543,AMAZON,B0DXQ7YWGJ,,LSCY290YB2PK+RPR44WH2PK,4,100.40,23.24,2026-03-19 07:45:37,amazon Ledsone,false
1124815,026-1736029-4587528,AMAZON,B0D5QY9SQ1,,LSMCSQWYBL+RPM40WH,1,23.89,23.89,2026-03-19 07:55:03,amazon Dcvoltage,false
1124820,205-9276091-9170735,AMAZON,B0D28VF8S2,,LSCY290BI+RPR44WH,1,15.89,13.24,2026-03-19 08:01:03,amazon Ledsone,false
1124822,026-0337517-8680375,AMAZON,B0FN4CNSPS,,PLHCBS+LSDO210BS3PK,1,47.83,39.86,2026-03-19 08:06:39,amazon Ledsone,false
1124839,206-8368481-8586702,AMAZON,B09MSJBH7S,,ENC2212,1,41.89,34.91,2026-03-19 08:43:19,amazon Ledsone,false
1124840,205-4398471-4573934,AMAZON,B0D97YV7TB,,WCWDBM2PK+RPR44WH2PK,1,15.89,13.24,2026-03-19 08:45:37,amazon Ledsone,false
1124852,202-0467475-3212346,AMAZON,B0CRZ5BVRY,,LSCY290OR+RPR44WH,1,15.89,15.89,2026-03-19 08:59:54,amazon Dcvoltage,false
1124853,204-5812329-0568352,AMAZON,B0CPBX28RC,,LSCY290BI+RPR44WH,1,15.89,15.89,2026-03-19 09:01:36,amazon Dcvoltage,false
1124854,205-5041304-3654709,AMAZON,B07QV1YKZW,,12RPIP45100,1,14.99,14.99,2026-03-19 09:01:45,amazon Dcvoltage,false
1124862,204-0603275-8032337,AMAZON,B0D298QXXM,,LSCY290GY2PK+RPR44WH2PK,1,28.29,23.57,2026-03-19 09:21:37,amazon Ledsone,false
1124864,205-4808025-6176321,AMAZON,B0CKSSF9F2,,CRFF75BA,1,9.43,5.45,2026-03-19 09:27:27,amazon Ledsone,false
1124865,204-9932908-9897120,AMAZON,B0D298QXXM,,LSCY290GY2PK+RPR44WH2PK,1,28.29,23.57,2026-03-19 09:32:49,amazon Ledsone,false
1124866,205-2291426-9641938,AMAZON,B0B8VVQSNV,,LDSG125LOE274,3,30.65,8.07,2026-03-19 09:32:44,amazon Ledsone,false
1124867,203-4363651-8173116,AMAZON,B0CBKFJ1FB,,PHSF2GDTFG+SPSDP2YB,1,15.69,13.07,2026-03-19 09:34:24,amazon Ledsone,false
1124880,204-4853323-2317119,AMAZON,B09B42DZ51,,LSFT220GR+RPR44WH,5,52.38,11.64,2026-03-19 09:49:26,amazon Dcvoltage,false
1124882,204-4880404-0417114,AMAZON,B0C9JFJGGH,,PHUH1HETBM+LSHM400HE,1,32.18,26.82,2026-03-19 09:52:29,amazon Ledsone,false
1124890,205-2257722-7911537,AMAZON,B0DTQ2P2B4,,LDMST64E274,1,6.89,5.74,2026-03-19 10:01:18,amazon Ledsone,false
1124893,204-7726845-6605933,AMAZON,B0GLFZ9BSJ,,LSGLFP245BR+RPM40WH,1,17.89,17.89,2026-03-19 10:02:24,amazon Dcvoltage,false
1124900,205-8169771-5450709,AMAZON,B0CM2RZNHV,,WCDTGD+RPR44WH,1,11.69,11.69,2026-03-19 10:15:04,amazon Dcvoltage,false
1124909,206-5934924-6207548,AMAZON,B08V5DJWL9,,CRSF100BS+PHCH1PBRBS+LSCY290BS,2,43.78,21.89,2026-03-19 10:33:19,amazon Dcvoltage,false
1124910,026-6014723-0973165,AMAZON,B0D4QRX7DJ,,CSBEB6WH2PK,1,7.59,7.59,2026-03-19 10:36:19,amazon Dcvoltage,false
1124911,203-0176273-9542707,AMAZON,B0G1TCLR4H,,CKA12ATC518BM,1,10.34,8.62,2026-03-19 10:36:31,amazon Ledsone,false
1124919,202-5714725-7257948,AMAZON,B0F9X1J63J,,CL3RGDAPK,1,18.99,15.82,2026-03-19 10:39:42,amazon Ledsone,false
1124925,202-4974114-8412353,AMAZON,B0CVMZBLZ7,,RWWPSYBF25GY,1,4.78,1.89,2026-03-19 10:49:38,amazon Dcvoltage,false
1124926,203-3909444-7555526,AMAZON,B0CFHKYH59,,CRSF100BM2PK+PHRNWP1RBM2PK,3,57.26,16.74,2026-03-19 10:52:37,amazon Ledsone,false
1124931,206-9640977-4240327,AMAZON,B0DH8ZK8P8,,CL3TWHAPK,1,20.99,20.99,2026-03-19 10:59:59,amazon Dcvoltage,false
1124932,204-0672586-8536317,AMAZON,B0DH9JQDRM,,CL3TGR2PK,1,5.99,5.99,2026-03-19 11:06:27,amazon Dcvoltage,false
1124933,202-3048526-5730735,AMAZON,B0CCHYJ6PP,,SPSDP2YB5PK,1,20.09,16.74,2026-03-19 11:00:21,amazon Ledsone,false
1124935,026-9023060-7677944,AMAZON,B0FH9MJR4S,,CRFF140BM+PHAH2RBMBM+SPSDP2BM,1,15.29,12.74,2026-03-19 11:00:21,amazon Ledsone,false
1124936,203-2961253-2471541,AMAZON,B09MWJW3WN,,ENC2234,1,35.89,29.91,2026-03-19 11:09:45,amazon Ledsone,false
1124937,205-0880429-8101947,AMAZON,B0CCHZNHT9,,SPSDP2WH,1,8.58,4.74,2026-03-19 11:10:24,amazon Ledsone,false
1124941,206-2269183-0926769,AMAZON,B0DBWK6JGN,,CL2RHEAPK,1,18.49,18.49,2026-03-19 11:11:13,amazon Dcvoltage,false
1124942,206-9087906-4733949,AMAZON,B0DH5RKBNQ,,CL2TGL2PK,1,8.99,8.99,2026-03-19 11:16:57,amazon Dcvoltage,false
1124955,202-9445186-4615522,AMAZON,B0DX6WMCT6,,CENU19150BM,1,3.78,0.74,2026-03-19 11:31:22,amazon Ledsone,false
1124956,202-0306557-6337966,AMAZON,B0D793XNFS,,WCB6BS2PK+RPR44WH2PK,1,19.89,16.57,2026-03-19 11:35:26,amazon Ledsone,false
1124963,205-9164057-4475553,AMAZON,B0D9RXDDRM,,CRSF100CH2PK,1,9.07,9.07,2026-03-19 11:40:47,amazon Ledsone,false
1124964,205-9164057-4475553,AMAZON,B0B71CHFDH,,CRSF100SN,1,4.99,4.99,2026-03-19 11:40:47,amazon Ledsone,false
1124965,026-7582103-8243558,AMAZON,B0DJ19521Q,,12IP6720,1,8.88,4.99,2026-03-19 11:48:58,amazon Ledsone,false
1124966,026-8558801-5674739,AMAZON,B0CTCLH9GX,,CRSF100BM+CL3TBM+LHSHE27CO,1,11.99,9.99,2026-03-19 11:46:31,amazon Ledsone,false
1124967,204-8012197-0501935,AMAZON,B0GF22BWSR,,ENC1801,1,20.59,17.16,2026-03-19 11:46:15,amazon Ledsone,false
1124968,203-5926891-0961167,AMAZON,B09L8LZF86,,CRSF100BM+PHCH1BMRBM+LSDO400BT,1,21.89,18.24,2026-03-19 11:47:57,amazon Ledsone,false
1124975,026-7866135-1746712,AMAZON,B0CL7N4BQG,,ENC5604,1,55.69,55.69,2026-03-19 11:46:31,amazon Dcvoltage,false
1124976,205-6670338-5740357,AMAZON,B0DLWPX2QC,,CL3TGLAPK,5,137.23,28.89,2026-03-19 11:54:36,amazon Dcvoltage,false
1124982,202-4040478-2177131,AMAZON,B0C3ZTBRHZ,,LSCY290BM+RPR44WH,3,45.29,13.24,2026-03-19 12:09:06,amazon Ledsone,false
1125000,203-8995636-6643545,AMAZON,B0G8F3CTP7,,TPOS1PRBSQ+LDLIE27XM8,1,15.89,15.89,2026-03-19 12:46:03,amazon Dcvoltage,false
1125005,202-1143751-4107538,AMAZON,B09MWJZ9NQ,,ENC2232,1,35.89,29.91,2026-03-19 12:51:26,amazon Ledsone,false
1125012,202-4608045-3357167,AMAZON,B0BPHBW9GF,,CGMLWH,1,6.88,3.99,2026-03-19 13:05:35,amazon Dcvoltage,false
1125017,202-4051169-8759506,AMAZON,B0CFHKYH59,,CRSF100BM2PK+PHRNWP1RBM2PK,2,33.48,16.74,2026-03-19 13:14:00,amazon Ledsone,false
1125018,202-4051169-8759506,AMAZON,B0DH4KYFPD,,WCDTBM2PK+RPR44WH2PK,2,30.82,15.41,2026-03-19 13:14:00,amazon Ledsone,false
1125019,206-3317521-2118710,AMAZON,B09CZDX5ML,,WSFH1BMYB+PSDS2RBW+SCRN70BM+LSFT220BI,2,46.56,19.40,2026-03-19 13:15:23,amazon Ledsone,false
1125020,206-8731656-7823529,AMAZON,B07HRFS84S,,CCBKNWE7,1,6.50,6.50,2026-03-19 13:10:59,amazon Dcvoltage,false
1125021,026-6943846-6917918,AMAZON,B0FZCW7KC7,,LSHM300HE+RPR44WH,1,22.99,22.99,2026-03-19 13:18:39,amazon Dcvoltage,false
1125028,202-1619170-5861137,AMAZON,B0CCJ13D4W,,SPSDP2WH5PK,1,20.09,16.74,2026-03-19 13:22:24,amazon Ledsone,false
1125029,206-5849984-0675543,AMAZON,B0CN376GSP,,CRSF1202BM+PHHT2PBRBM2PK+SPUPBM2PK,1,18.89,15.74,2026-03-19 13:28:45,amazon Ledsone,false
1125037,204-5796067-4792339,AMAZON,B0FXX8H5KH,,CKAT1552BM,1,11.99,11.99,2026-03-19 13:30:53,amazon Dcvoltage,false
1125045,205-6192251-7576362,AMAZON,B0CFHMTJDJ,,CRSF100BM2PK+PHRNWP1RBM2PK+ICST64E272PK,1,27.69,23.07,2026-03-19 13:45:21,amazon Ledsone,false
1125056,205-0305571-0016312,AMAZON,B0F7QPMBCH,,CL2TGLAPK,1,19.49,16.24,2026-03-19 14:00:26,amazon Ledsone,false
1125060,204-3987236-9807537,AMAZON,B0D792N7B3,,LSTL260BM5PK+RPR44WH5PK,1,49.49,41.24,2026-03-19 14:15:15,amazon Ledsone,false
1125064,202-9380922-7310767,AMAZON,B0B82XR5Y1,,PHSF1GDRYB,1,13.69,11.41,2026-03-19 14:24:07,amazon Ledsone,false
1125065,202-7356373-3018703,AMAZON,B0F2GJSFHD,,RWT6100YE,1,12.29,10.24,2026-03-19 14:24:19,amazon Ledsone,false
1125070,204-4470018-4809157,AMAZON,B0D7S1FK1Q,,LSMS320GR2PK+RPR44WH2PK,1,25.89,21.57,2026-03-19 14:38:31,amazon Ledsone,false
1125082,204-2335222-0831519,AMAZON,B0D73KRWF7,,LDMT185B2245PK,1,16.89,16.89,2026-03-19 14:54:18,amazon Dcvoltage,false
1125084,026-1362681-8256318,AMAZON,B07VFV228J,,12RPIP45400,1,27.99,23.32,2026-03-19 14:54:51,amazon Ledsone,false
1125094,205-8530831-9296342,AMAZON,B08XBYXQC6,,CL3TBRAPK,1,19.99,19.99,2026-03-19 15:11:18,amazon Dcvoltage,false
1125095,203-9449137-6088336,AMAZON,B07YV5HQGP,,PHSF1BMRBM3PK+LSCY290BM3PK,1,44.99,44.99,2026-03-19 15:15:33,amazon Dcvoltage,false
1125096,026-7598748-0880357,AMAZON,B0F7QPMBCH,,CL2TGLAPK,1,19.49,16.24,2026-03-19 15:17:31,amazon Ledsone,false
1125099,206-6501235-2403528,AMAZON,B096FYMVPJ,,CRSF100BM+PHCHPBRGB+LSCY290GB+ICST64E27,1,25.89,25.89,2026-03-19 15:19:57,amazon Dcvoltage,false
1125101,026-2376170-1665169,AMAZON,B0F2FYS1WB,,RWT570YE,1,12.29,10.24,2026-03-19 15:26:54,amazon Ledsone,false
1125102,203-0449042-5361925,AMAZON,B0BMQQB5TX,,LDMST64E2742PK,1,12.41,12.41,2026-03-19 15:24:46,amazon Ledsone,false
1125103,203-0449042-5361925,AMAZON,B0CN3D9CDQ,,LDMST64E274,1,5.74,5.74,2026-03-19 15:24:46,amazon Ledsone,false
1125104,026-0060186-8142740,AMAZON,B0F2GD6W7B,,RWT590YE,1,19.69,16.41,2026-03-19 15:26:54,amazon Ledsone,false
1125106,202-2229198-4099509,AMAZON,B0F28Z2V3F,,LSCY290GY+RPR44WH,1,15.89,13.24,2026-03-19 15:37:10,amazon Ledsone,false
1125117,206-7645150-1361950,AMAZON,B0FQV19811,,CRFF140BM+WSCH135BM+LSCY290WH,3,56.40,20.89,2026-03-19 15:50:57,amazon Dcvoltage,false
1125124,203-3276826-5377960,AMAZON,B0CVL9L141,,LSEL400OR+RPR44WH,1,18.89,15.74,2026-03-19 15:47:01,amazon Ledsone,false
1125125,203-9641599-6118713,AMAZON,B0845Z2MZ2,,LDMST64B228,1,7.69,6.41,2026-03-19 15:57:12,amazon Ledsone,false
1125129,202-3092808-1677152,AMAZON,B08WPM22BQ,,CRSF100OR+PHHS1PWROR+LSDO400OR,1,24.78,24.78,2026-03-19 16:04:25,amazon Dcvoltage,false
1125130,205-5453118-0724344,AMAZON,B0DFHQGPZP,,LSCY290GR+RPR44WH,1,15.89,15.89,2026-03-19 16:08:34,amazon Dcvoltage,false
1125131,204-6362511-7090720,AMAZON,B0DH5YFWM8,,CL2THE3PK,2,18.87,7.99,2026-03-19 16:08:32,amazon Dcvoltage,false
1125135,026-3091197-3911542,AMAZON,B0FCRLXSD8,,ENC9164,1,20.89,20.89,2026-03-19 16:17:54,amazon Dcvoltage,false
1125136,205-3551398-4018769,AMAZON,B0DF7BD73R,,CRSF100BM+PHRYWP1RBM,7,72.70,9.62,2026-03-19 16:15:39,amazon Ledsone,false
1125141,202-8058149-8993139,AMAZON,B0CVL9L141,,LSEL400OR+RPR44WH,1,18.89,15.74,2026-03-19 16:30:03,amazon Ledsone,false
1125143,205-8907131-5533918,AMAZON,B0DH96L1ZH,,CL3TBMAPK,1,25.89,25.89,2026-03-19 16:21:32,amazon Dcvoltage,false
1125144,205-8907131-5533918,AMAZON,B0DH638RSR,,CL2TBMAPK,1,22.99,22.99,2026-03-19 16:21:32,amazon Dcvoltage,false
1125149,026-8676935-1806726,AMAZON,B0CVKZ9NMV,,LSTF400WH2PK+RPR44WH2PK,1,31.98,31.98,2026-03-19 16:30:04,amazon Dcvoltage,false
1125151,206-7655403-5248364,AMAZON,B0CG21CP4J,,CRFF108BM+LHTKE27BA,1,10.99,9.16,2026-03-19 16:47:40,amazon Ledsone,false
1125155,202-4667704-7030765,AMAZON,B07SBVXTP1,,CRSF2003GB,1,12.89,12.89,2026-03-19 16:58:31,amazon Dcvoltage,false
1125156,206-6087148-6345946,AMAZON,B0CKXJB35T,,CRSF1202BM+PHBK1PBRBA2PK,1,14.30,13.24,2026-03-19 16:59:10,amazon Ledsone,false
1125158,205-8657875-2381958,AMAZON,B0B7SL3GJ2,,PHSF1GDTFG,1,13.89,11.57,2026-03-19 17:04:57,amazon Ledsone,false
1125159,202-0606161-6997158,AMAZON,B07PM4FHXP,,CL3TLBAPK,1,20.89,20.89,2026-03-19 17:01:45,amazon Dcvoltage,false
1125163,203-7476076-4082711,AMAZON,B093T4L68X,,LSCY290WH+RPR44WH,1,18.89,15.74,2026-03-19 17:16:10,amazon Ledsone,false
1125175,203-2959588-8228332,AMAZON,B0F48PYKWX,,RWWPSY0860YE,2,14.66,5.79,2026-03-19 17:23:16,amazon Dcvoltage,false
1125176,026-9234351-4876307,AMAZON,B0CKRBRPRR,,PLHWBM+ICST64E273PK,1,32.89,32.89,2026-03-19 17:27:59,amazon Dcvoltage,false
1125181,026-9918265-3893101,AMAZON,B08K96BTZF,,LDMST64B2243PK,2,34.18,18.99,2026-03-19 17:29:22,amazon Dcvoltage,false
1125183,202-1227967-1301111,AMAZON,B0CF4ZFZKM,,WCB4BM+RPR44WH,1,8.99,7.49,2026-03-19 17:48:39,amazon Ledsone,false
1125187,203-5744735-7414769,AMAZON,B0CFHKYH59,,CRSF100BM2PK+PHRNWP1RBM2PK,1,20.09,16.74,2026-03-19 17:55:13,amazon Ledsone,false
1125199,202-9073646-4685965,AMAZON,B0DZNJDHCQ,,RWWPSY12GY,1,4.88,1.66,2026-03-19 18:11:39,amazon Ledsone,false
1125203,205-2674417-5979527,AMAZON,B0CZXL6ZYG,,TPOSBDBM,1,26.89,22.41,2026-03-19 18:23:26,amazon Ledsone,false
1125212,026-9369793-1378748,AMAZON,B0D53DFPS4,,WCB1BM2PK+RPR44WH2PK,1,15.89,15.89,2026-03-19 18:35:27,amazon Dcvoltage,false
1125229,205-1912953-9473919,AMAZON,B08XNTWYY2,,LSCY290CO+RPR44WH,1,18.89,18.89,2026-03-19 18:50:37,amazon Dcvoltage,false
1125234,204-3564498-4669102,AMAZON,B0F2919THD,,LSCY290CO+RPR44WH,1,18.89,15.74,2026-03-19 19:08:06,amazon Ledsone,false
1125237,202-8233589-6105934,AMAZON,B0CC5Z16D1,,ENC4046,1,22.89,19.07,2026-03-19 19:15:41,amazon Ledsone,false
1125239,205-0739891-0991516,AMAZON,B0D73JHB8R,,LDMT185B2242PK,1,12.89,12.89,2026-03-19 19:10:44,amazon Dcvoltage,false
1125242,205-1831253-2673941,AMAZON,B0FKMDBX5K,,CRFF108WH2PK+LHTKE27WH2PK,1,18.29,15.24,2026-03-19 19:25:15,amazon Ledsone,false
1125255,026-3174324-1237966,AMAZON,B0F1TJ463D,,CENU19150BM,1,3.84,0.89,2026-03-19 19:41:16,amazon Dcvoltage,false
1125272,026-9751509-1896359,AMAZON,B0C7KHY6DV,,ENC5034,1,98.49,98.49,2026-03-19 20:00:18,amazon Dcvoltage,false
1125274,205-7405822-1797105,AMAZON,B0BT82BNTS,,LSFT220GR+RPR44WH,1,11.99,9.99,2026-03-19 20:01:03,amazon Ledsone,false
1125275,206-4862213-1370701,AMAZON,B08L7P2MHQ,,LDCWE27183PK,1,15.99,13.32,2026-03-19 20:03:53,amazon Ledsone,false
1125276,205-0560935-5789910,AMAZON,B0B8P49KHN,,LDA60B224WW,1,5.99,4.99,2026-03-19 20:05:14,amazon Ledsone,false
1125281,204-3777572-7983558,AMAZON,B0CN36YZH2,,WCB4BM2PK+RPR44WH2PK,1,14.99,14.99,2026-03-19 20:14:32,amazon Dcvoltage,false
1125288,204-7295802-4632314,AMAZON,B0CJ8BN5TM,,LSMCSPDRFL+RPM40WH,1,20.49,20.49,2026-03-19 20:22:05,amazon Dcvoltage,false
1125289,205-3658172-0705918,AMAZON,B0FPWV2SHR,,LDCWT75B22126PK,1,19.49,16.24,2026-03-19 20:29:43,amazon Ledsone,false
1125290,206-6473961-7268325,AMAZON,B07VDSFT4B,,12RPIP45250,1,18.99,15.82,2026-03-19 20:34:00,amazon Ledsone,false
1125306,205-2572352-3555504,AMAZON,B0CKSTLS8P,,CRFF75SN,1,9.78,5.74,2026-03-19 21:02:26,amazon Ledsone,false
1125312,202-4157757-3481900,AMAZON,B07VFV228J,,12RPIP45400,2,55.98,23.32,2026-03-19 21:09:53,amazon Ledsone,false
1125313,204-2987502-8690756,AMAZON,B0BL7LQC5P,,LDMT45E2743PK,1,16.89,14.07,2026-03-19 21:08:08,amazon Ledsone,false
1125314,206-1136880-5934749,AMAZON,B0CGRJ1V8L,,TPOSBDBM,1,26.89,26.89,2026-03-19 21:10:29,amazon Dcvoltage,false
1125316,206-5503716-1425106,AMAZON,B08XBYXQC6,,CL3TBRAPK,1,19.99,19.99,2026-03-19 21:13:19,amazon Dcvoltage,false
1125321,026-2720058-3417147,AMAZON,B0CVMZBLZ7,,RWWPSYBF25GY,1,4.78,1.89,2026-03-19 21:21:06,amazon Dcvoltage,false
1125322,026-3395656-4544326,AMAZON,B0CNT2ML5D,,PLADBC,1,49.89,49.89,2026-03-19 21:27:21,amazon Dcvoltage,false
1125323,206-7119477-2322735,AMAZON,B0FZCW7KC7,,LSHM300HE+RPR44WH,1,22.99,22.99,2026-03-19 21:24:57,amazon Dcvoltage,false
1125334,206-1997879-6013948,AMAZON,B0DH4KYFPD,,WCDTBM2PK+RPR44WH2PK,1,18.49,15.41,2026-03-19 21:46:53,amazon Ledsone,false
1125335,202-3591566-1150715,AMAZON,B086228MDF,,LDMST64B2286PK,1,20.89,17.41,2026-03-19 21:48:00,amazon Ledsone,false
1125336,206-3565009-7940329,AMAZON,B0DH9D1Z8N,,CL3TAG3PK,1,8.99,8.99,2026-03-19 21:41:34,amazon Dcvoltage,false
1125337,205-6808489-6630702,AMAZON,B0D83PFMTP,,WCDCBM3PK+RPR44WH3PK,1,24.49,24.49,2026-03-19 21:45:15,amazon Dcvoltage,false
1125338,203-4247662-3212353,AMAZON,B08P1H5JLL,,LSRP260CO+RPR44WH,1,18.29,18.29,2026-03-19 21:49:10,amazon Dcvoltage,false
1125349,206-3761148-7839520,AMAZON,B08PYZLJCK,,12IP6745,1,16.89,14.07,2026-03-19 22:09:03,amazon Ledsone,false
1125350,206-3048337-3816338,AMAZON,B0CPBVT5KZ,,LSCY290OR+RPR44WH,1,15.89,15.89,2026-03-19 22:05:08,amazon Dcvoltage,false
1125351,206-3048337-3816338,AMAZON,B08VGPWXG1,,LSCY290OR+RPR44WH,1,15.49,15.49,2026-03-19 22:05:08,amazon Dcvoltage,false
1125355,202-5972397-1668329,AMAZON,B08XBYXQC6,,CL3TBRAPK,1,19.99,19.99,2026-03-19 22:32:12,amazon Dcvoltage,false
1125356,203-8188339-3401916,AMAZON,B0FH6HCQ1Q,,SPSDP2BMY5PK,1,20.09,16.74,2026-03-19 22:35:23,amazon Ledsone,false
1125362,202-3521544-0633904,AMAZON,B0C9DPGRGD,,SPSDP2BM,1,5.69,5.69,2026-03-19 22:59:48,amazon Dcvoltage,false
1125364,206-3650237-2436305,AMAZON,B0CBRL28PQ,,PHDH1HETHE,1,18.89,18.89,2026-03-19 23:15:04,amazon Dcvoltage,false
1125365,204-4560133-1299505,AMAZON,B07CQNWZ4P,,LDMG95B228,1,9.78,5.74,2026-03-19 23:10:03,amazon Ledsone,false
1125375,026-5499347-3921146,AMAZON,B0CF5NMTQX,,CRSF100CO+PHCHPBRCO+LSCY290CO,2,45.78,19.07,2026-03-19 23:30:03,amazon Ledsone,false
1125382,203-1994707-7201121,AMAZON,B0CN3DVWTR,,WCB7BM+RPR44WH,1,11.79,11.79,2026-03-20 00:19:05,amazon Dcvoltage,false
1125384,202-6831570-1810766,AMAZON,B08V5DJWL9,,CRSF100BS+PHCH1PBRBS+LSCY290BS,1,21.89,21.89,2026-03-20 00:31:51,amazon Dcvoltage,false
1125388,206-7066277-4642709,AMAZON,B0B8P4MCRK,,LDA60B224WW2PK,1,10.89,9.07,2026-03-20 01:08:42,amazon Ledsone,false
1125412,202-0923549-4752357,AMAZON,B0B1JPM3DZ,,PSDS4BMRRO+WCWDRO,1,22.89,19.07,2026-03-20 03:55:25,amazon Ledsone,false
1125414,206-6379350-1905149,AMAZON,B08TLP8FZ7,,LSFT220BM+RPR44WH,1,10.89,10.89,2026-03-20 04:05:03,amazon Dcvoltage,false
1125417,205-6422001-4594714,AMAZON,B0FWBWKCNX,,PHHR3DSTHE+ICST64E272PK,1,21.89,21.89,2026-03-20 04:16:40,amazon Dcvoltage,false
1125434,026-3641873-5595544,AMAZON,B099SHJ841,,CRSF100BM+PHRI1PBRGB+LSOL220GB,1,19.69,16.41,2026-03-20 06:34:21,amazon Ledsone,false
1125438,205-9512723-9961963,AMAZON,B0DSBP4962,,PLTFBC,1,19.79,19.79,2026-03-20 07:07:40,amazon Dcvoltage,false
1125439,206-2298584-6320328,AMAZON,B08PYZLJCK,,12IP6745,1,16.89,16.89,2026-03-20 07:00:15,amazon SRM Amazon,false
1125441,204-5673906-7901121,AMAZON,B0CNJTVX9J,,WCB3WH+RPR44WH,1,11.78,8.89,2026-03-20 07:07:45,amazon Dcvoltage,false
1125446,204-2489098-4549938,AMAZON,B0DB1WNX1D,,HLRK35BM2PK,1,10.09,8.41,2026-03-20 07:29:45,amazon Ledsone,false
1125449,204-2363294-5840348,AMAZON,B0C9TWTCZ8,,LSCY210BG+RPR44WH,1,12.89,12.89,2026-03-20 07:26:46,amazon Dcvoltage,false
1125454,203-3652205-3017910,AMAZON,B0DXQ7YWGJ,,LSCY290YB2PK+RPR44WH2PK,1,27.89,23.24,2026-03-20 07:49:31,amazon Ledsone,false
1125455,026-1282583-2083521,AMAZON,B0CBMQZ8P6,,PHSF2BMRBM+SPSDP2BM,1,14.89,12.41,2026-03-20 07:55:20,amazon Ledsone,false
1125460,203-7182800-3929902,AMAZON,B0FQVCR27X,,ENC9102,3,69.45,23.15,2026-03-19 19:22:29,amazon Dcvoltage,false
1125466,202-1826010-1405950,AMAZON,B0CBBFL216,,LSMS320WH+RPR44WH,1,14.99,14.99,2026-03-20 08:18:19,amazon Dcvoltage,false
1125488,205-6043808-8269147,AMAZON,B0D7ZRWBS2,,LSCY290BI2PK+RPR44WH2PK,1,24.99,20.82,2026-03-20 08:59:44,amazon Ledsone,false
1125489,206-4865558-9589123,AMAZON,B0FLXTPL92,,CRSF100YB+PHMH1HERYB,1,8.99,8.99,2026-03-20 09:04:12,amazon SRM Amazon,false
1125493,206-6846309-6511527,AMAZON,B0DJPH52NJ,,ENC7744,1,39.89,33.24,2026-03-20 09:11:53,amazon Ledsone,false
1125494,203-4339944-0540354,AMAZON,B0C9JFJGGH,,PHUH1HETBM+LSHM400HE,1,28.24,28.24,2026-03-20 09:15:33,amazon Ledsone,false
1125495,203-4339944-0540354,AMAZON,B09L8H6F15,,PHSH1HETYB+LSCY290CO,1,19.07,19.07,2026-03-20 09:15:33,amazon Ledsone,false
1125502,204-9148060-3384314,AMAZON,B0CSYY22LD,,CKVOFG,1,12.38,7.91,2026-03-20 09:20:39,amazon Ledsone,false
1125503,202-4970078-4917153,AMAZON,B0FPFZ5KDS,,LDCWGU1036PK,1,13.89,11.57,2026-03-20 09:24:01,amazon Ledsone,false
1125522,203-0958627-8640355,AMAZON,B0GMHQTBSQ,,LHXSHE27BM2PK,1,16.69,13.91,2026-03-20 09:55:42,amazon Ledsone,false
1125528,202-9814854-1312309,AMAZON,B0DB2B9NYZ,,CRFF75GB2PK,1,11.49,9.57,2026-03-20 10:02:50,amazon Ledsone,false
1125537,204-6058812-7942746,AMAZON,B0DH5Z7232,,CL2THE5PK,1,11.99,11.99,2026-03-20 10:20:19,amazon Dcvoltage,false
1125547,205-1455608-2493920,AMAZON,B0DTHKSNFS,,WCB6BM3PK+RPR44WH3PK,1,22.49,22.49,2026-03-20 10:46:03,amazon Dcvoltage,false
1125550,026-0535390-8850730,AMAZON,B0CTCLK11W,,CRSF100CH+CL3TBM+LHSHE27CH,1,11.69,9.74,2026-03-20 10:42:29,amazon Ledsone,false
1125551,206-1168274-1623520,AMAZON,B0979FP63J,,CNP1000WH,2,20.67,7.41,2026-03-20 10:43:08,amazon Ledsone,false
1125552,206-0145198-3071541,AMAZON,B0CCHYSJWC,,SPSDP2YB,1,8.58,4.74,2026-03-20 10:44:01,amazon Ledsone,false
1125554,202-7812185-6217166,AMAZON,B0FB2YWDK5,,PHSF1BMRBM+ICST64E27,7,87.51,11.57,2026-03-20 10:46:43,amazon Ledsone,false
1125555,202-0627178-7521925,AMAZON,B0DJCXSN6G,,LDMT45E2742PK,1,12.49,12.49,2026-03-20 10:45:39,amazon Dcvoltage,false
1125556,026-8449034-7246747,AMAZON,B0CL7GV86B,,ENC5587,1,55.69,55.69,2026-03-20 10:42:29,amazon Dcvoltage,false
1125557,206-7731880-1919527,AMAZON,B08XWSBPHW,,WCB1BM+RPR44WH,1,10.69,10.69,2026-03-20 10:49:18,amazon Dcvoltage,false
1125565,205-5872323-7831539,AMAZON,B08XNQ9CYY,,LSSS300CH+RPR44WH,1,13.49,13.49,2026-03-20 10:49:36,amazon Dcvoltage,false
1125569,202-9387392-4183529,AMAZON,B0C3ZTBRHZ,,LSCY290BM+RPR44WH,1,15.89,13.24,2026-03-20 11:03:16,amazon Ledsone,false
1125570,206-3746074-6224350,AMAZON,B0D6B5DGFC,,SPSDP2BM3PK,1,14.39,14.39,2026-03-20 11:02:56,amazon Dcvoltage,false
1125578,206-1506777-2369117,AMAZON,B0D7ZRWBS2,,LSCY290BI2PK+RPR44WH2PK,1,24.99,20.82,2026-03-20 11:16:51,amazon Ledsone,false
1125579,204-3738670-6436308,AMAZON,B0DR228CL1,,PSDS2WHBWH2PK,1,15.89,15.89,2026-03-20 11:10:41,amazon SRM Amazon,false
1125590,026-7892603-0224365,AMAZON,B0DG2FP5X6,,CRSF100BM2PK+WSHR135BM2PK+LSFT220BB2PK,1,27.89,23.24,2026-03-20 11:24:02,amazon Ledsone,false
1125591,204-1131429-2737968,AMAZON,B0B1F9V3H7,,CRSF100NB,1,7.64,3.96,2026-03-20 11:24:06,amazon Ledsone,false
1125592,202-7954139-1074745,AMAZON,B0D293PM6V,,LSCY290BC3PK+RPR44WH3PK,1,40.99,34.16,2026-03-20 11:27:21,amazon Ledsone,false
1125593,026-5093156-9996332,AMAZON,B0DX6TP9TZ,,CENU36300WH,1,5.28,1.66,2026-03-20 11:27:12,amazon Ledsone,false
1125598,203-9968815-9756360,AMAZON,B0CVMX2MY5,,RWWPSYBF50GY,1,5.47,2.49,2026-03-20 11:34:37,amazon Dcvoltage,false
1125599,202-0508677-9862716,AMAZON,B0F1CX9BKB,,RWWPSY10100YE,1,9.88,6.99,2026-03-20 11:39:02,amazon Dcvoltage,false
1125605,026-2673292-5797936,AMAZON,B0F9X4RS4W,,CL2RGDAPK,3,52.95,15.82,2026-03-20 11:40:10,amazon Ledsone,false
1125606,203-4408245-1297152,AMAZON,B0CV7K4PZC,,RWGS1342WH,1,6.75,3.59,2026-03-20 11:45:00,amazon Dcvoltage,false
1125607,203-2491205-6315524,AMAZON,B0FZ9LXX79,,LSCY290SN3PK+RPR44WH3PK,1,39.89,39.89,2026-03-20 11:48:14,amazon Dcvoltage,false
1125610,206-4279717-0058723,AMAZON,B0BL81LQ4W,,LDMT185E2743PK,1,12.49,10.41,2026-03-20 11:52:55,amazon Ledsone,false
1125611,203-8496774-3592352,AMAZON,B094R3M2DC,,PLADBM,1,47.89,39.91,2026-03-20 12:10:19,amazon Ledsone,false
1125615,206-1588738-7916367,AMAZON,B0GCZG4XFD,,CRSF120WH,2,14.67,4.91,2026-03-20 12:04:15,amazon Ledsone,false
1125616,202-1990359-5997927,AMAZON,B0B77H4HFS,,CRFF108CO2PK+HK10CO2PK,1,8.58,7.15,2026-03-20 12:06:51,amazon Ledsone,false
1125617,204-4654086-0189913,AMAZON,B08V5472P8,,CRSF100OR+PHCH1PWRSOR+LSCY290OR,1,21.89,21.89,2026-03-20 12:09:11,amazon Dcvoltage,false
1125620,204-6883247-1703515,AMAZON,B0CXTDGWPP,,ENC6541,1,18.79,18.79,2026-03-20 12:18:12,amazon Dcvoltage,false
1125640,205-5476634-1029136,AMAZON,B0BRQC2VY9,,LDWWE27252PK,1,15.98,13.32,2026-03-20 12:29:52,amazon Ledsone,false
1125644,205-5231029-3808316,AMAZON,B0F291VKCF,,LSCY290RE+RPR44WH,1,14.89,12.41,2026-03-20 12:46:57,amazon Ledsone,false
1125646,202-9198738-2281110,AMAZON,B0DH92M1HX,,CL3TIV5PK,1,11.99,11.99,2026-03-20 12:50:40,amazon Dcvoltage,false
1125647,205-6547150-9376315,AMAZON,B0CTSTBDXV,,LSMS320CB+RPR44WH,1,14.99,14.99,2026-03-20 12:46:57,amazon Dcvoltage,false
1125648,202-8001457-0829900,AMAZON,B08PC4KXGK,,LHSHE27WH,1,10.88,6.66,2026-03-20 12:50:40,amazon Ledsone,false
1125653,205-5244681-6661122,AMAZON,B0CBPQH72B,,WCB4BS2PK+RPR44WH2PK,1,16.19,16.19,2026-03-20 13:17:43,amazon Dcvoltage,false
1125659,026-3468881-4915505,AMAZON,B0DG5HXCYR,,CRSF100OR+WSCH135OR+LSDO210OR,2,45.78,22.89,2026-03-20 13:18:18,amazon Dcvoltage,false
1125660,206-9786827-9463540,AMAZON,B0DH97YNLH,,CL3TBK5PK,1,10.79,11.99,2026-03-20 13:26:56,amazon Dcvoltage,false
1125661,206-2467241-3707548,AMAZON,B0CJCCYQQZ,,PSOS2HERBM+ICST64E27,1,16.89,14.07,2026-03-20 13:21:09,amazon Ledsone,false
1125666,026-9886981-7631533,AMAZON,B0G499B37C,,WCCYSP180WH2PK+RPR44WH2PK,1,24.89,20.74,2026-03-20 13:29:57,amazon Ledsone,false
1125667,206-9568829-5742739,AMAZON,B0BBS6B82P,,CL3TBMAPK,1,23.89,19.91,2026-03-20 13:36:27,amazon Ledsone,false
1125674,203-0193293-9693128,AMAZON,B0G1TGXFF7,,CKKLBY,1,10.99,9.16,2026-03-20 13:48:39,amazon Ledsone,false
1125679,203-7580440-8951525,AMAZON,B0C172ZDLC,,CRSF100BM+PHOP1PBRBM+LSDO300WH,1,21.89,18.24,2026-03-20 13:53:33,amazon Ledsone,false
1125681,204-0803923-7594734,AMAZON,B0G4MH8JMJ,,ENC9244,1,25.89,21.57,2026-03-20 14:00:21,amazon Ledsone,false
1125682,026-9765787-7704338,AMAZON,B0DH4KYFPD,,WCDTBM2PK+RPR44WH2PK,1,18.49,15.41,2026-03-20 14:04:53,amazon Ledsone,false
1125683,026-7192102-8301127,AMAZON,B0DKF5347P,,12IP20480,1,32.99,32.99,2026-03-20 14:03:40,amazon Dcvoltage,false
1125687,205-0215161-5263564,AMAZON,B0DTHJJLW2,,WCB6BS3PK+RPR44WH3PK,1,25.89,25.89,2026-03-20 14:12:23,amazon Dcvoltage,false
1125692,202-9169372-0369924,AMAZON,B0DH64L6PN,,CL2TGD5PK,1,10.09,10.09,2026-03-20 14:24:31,amazon Dcvoltage,false
1125693,204-3232853-4354709,AMAZON,B0CNQ1MB3F,,LDMG125B228,5,48.50,9.70,2026-03-20 14:25:17,amazon Dcvoltage,false
1125694,204-7029866-9646756,AMAZON,B0C8NJDTJS,,WCDCBM+RPR44WH,1,11.99,9.99,2026-03-20 14:16:34,amazon Ledsone,false
1125698,204-0543039-6956352,AMAZON,B07CVVKVLJ,,12IP67100,3,68.67,22.89,2026-03-20 14:47:12,amazon Dcvoltage,false
1125707,203-9098334-1377109,AMAZON,B0CVL9XQ1L,,LSEL400YE+RPR44WH,1,14.94,12.45,2026-03-20 14:53:05,amazon Ledsone,false
1125708,203-4986816-9075527,AMAZON,B096K5VL6K,,PLWEFBC,4,111.20,25.74,2026-03-20 14:53:57,amazon Ledsone,false
1125712,206-1550299-9343552,AMAZON,B0FPWV2SHR,,LDCWT75B22126PK,1,19.49,16.24,2026-03-20 15:00:43,amazon Ledsone,false
1125716,202-4221618-2854744,AMAZON,B0DJCXSN6G,,LDMT45E2742PK,1,12.49,12.49,2026-03-20 15:15:07,amazon Dcvoltage,false
1125719,026-5334735-2114752,AMAZON,B093HBRKWJ,,LSCY290BL+RPR44WH,1,15.29,12.74,2026-03-20 15:15:58,amazon Ledsone,false
1125738,206-8640108-8218766,AMAZON,B07FDXJG55,,CCBC36,1,8.89,8.89,2026-03-20 15:45:54,amazon Dcvoltage,false
1125739,202-7317399-5441122,AMAZON,B09C2DPRFF,,ENC1291,1,22.89,19.07,2026-03-20 15:41:11,amazon Ledsone,false
1125752,026-8629294-4973949,AMAZON,B0DCKWL469,,STFG4845WH,1,6.38,2.91,2026-03-20 16:03:32,amazon Ledsone,false
1125753,204-6537864-9152345,AMAZON,B0DX6WHN2Q,,CENU50300WH,1,5.78,2.07,2026-03-20 16:04:05,amazon Ledsone,false
1125757,202-6676043-5129118,AMAZON,B0F28Z2V3F,,LSCY290GY+RPR44WH,1,15.89,13.24,2026-03-20 16:18:35,amazon Ledsone,false
1125758,206-5348806-2764352,AMAZON,B0G5Z4H2Q6,,ENC5490,1,64.89,54.07,2026-03-20 16:18:20,amazon Ledsone,false
1125764,206-5075212-5161904,AMAZON,B0CQNKMFJH,,PLTFRR+ICST64E2740,1,21.99,21.99,2026-03-20 16:26:20,amazon Dcvoltage,false
1125766,206-5583814-5677168,AMAZON,B0DCS73YS7,,WCWDRO3PK+RPR44WH3PK,1,29.69,24.74,2026-03-20 16:23:14,amazon Ledsone,false
1125772,203-2171237-2057128,AMAZON,B0DBV9CLPW,,LDSG125MUE274,1,13.49,11.24,2026-03-20 16:39:00,amazon Ledsone,false
1125782,026-1890160-0705166,AMAZON,B0D299JDV6,,LSCY290YB+RPR44WH,2,35.78,14.91,2026-03-20 16:41:46,amazon Ledsone,false
1125783,026-5393626-8137149,AMAZON,B0BLZFGY38,,LDMG95E274APK,1,32.89,27.41,2026-03-20 16:43:04,amazon Ledsone,false
1125789,026-0824640-4341957,AMAZON,B0DH96ZNZ4,,CL3TBR3PK,2,22.98,8.99,2026-03-20 17:19:58,amazon Dcvoltage,false
1125790,203-7667949-0915501,AMAZON,B0FPWZHHHG,,LDCWA60HE2796PK,1,10.13,6.24,2026-03-20 16:57:17,amazon Ledsone,false
1125794,204-3949581-9833163,AMAZON,B0D7MP6T33,,CRFF105CO2PK,1,11.57,11.57,2026-03-21 19:57:42,amazon Ledsone,false
1125796,203-1628365-4452358,AMAZON,B08W5F4CTV,,CRSF100BM+WSLS155YB+SCRN70BM+LSFT220BC,3,42.90,15.89,2026-03-20 17:03:56,amazon Dcvoltage,false
1125803,026-5100712-9684335,AMAZON,B0CV7K4PZC,,RWGS1342WH,1,6.75,3.59,2026-03-20 17:12:01,amazon Dcvoltage,false
1125808,204-9557558-0152364,AMAZON,B0FM7WKKV7,,ENC9035,1,27.89,23.24,2026-03-20 17:27:25,amazon Ledsone,false
1125813,026-9580622-6626727,AMAZON,B08P1JKCZX,,LSRP260YB+RPR44WH,1,18.09,18.09,2026-03-20 17:36:49,amazon Dcvoltage,false
1125816,203-8423187-0595517,AMAZON,B0CKWK8TNJ,,CL3RCR5PK,1,13.89,13.89,2026-03-20 17:44:15,amazon Dcvoltage,false
1125820,202-2487570-2006763,AMAZON,B0DH64Q1RJ,,CL2TBK3PK,1,7.99,7.99,2026-03-20 17:57:41,amazon Dcvoltage,false
1125821,026-3294109-5445110,AMAZON,B08L7P2MHQ,,LDCWE27183PK,1,15.99,13.32,2026-03-20 17:52:31,amazon Ledsone,false
1125823,203-9144392-7993125,AMAZON,B0FY5X423H,,LDSG1001E27,1,13.99,11.66,2026-03-20 17:57:08,amazon Ledsone,false
1125824,203-1569247-8114701,AMAZON,B0DNJZDCXN,,ENC5361,1,29.89,24.91,2026-03-20 17:59:46,amazon Ledsone,false
1125834,205-5471138-7934743,AMAZON,B0GGS4DFB1,,CRFF100BM+PHUP1PBRBM+CNT900BM,1,18.57,18.57,2026-03-20 18:07:27,amazon Dcvoltage,false
1125836,026-7546634-6207514,AMAZON,B0DH4M42LR,,LDMG95E278,1,7.49,7.49,2026-03-20 18:07:35,amazon SRM Amazon,false
1125840,206-0389143-5259560,AMAZON,B0DR9523PT,,PSHYOS2BRBM+ICST64E27,1,14.99,12.49,2026-03-20 18:11:23,amazon Ledsone,false
1125841,203-0467958-2136324,AMAZON,B0DQD9LY98,,PHSF1AGTGB3PK,1,25.89,21.57,2026-03-20 18:11:04,amazon Ledsone,false
1125842,204-6868460-2946728,AMAZON,B0B9KFV1PH,,CL3TGL5PK,1,15.79,13.16,2026-03-20 18:18:45,amazon Ledsone,false
1125845,203-0859176-8586724,AMAZON,B0D7969XMQ,,WCB6BB2PK+RPR44WH2PK,1,16.59,13.82,2026-03-20 18:32:37,amazon Ledsone,false
1125855,026-0073905-7514724,AMAZON,B0D5QZ5D6Y,,LSMCSQWYRE2PK+RPM40WH2PK,1,36.89,36.89,2026-03-20 18:45:42,amazon Dcvoltage,false
1125867,203-1476067-4273925,AMAZON,B0D4YG1QFJ,,LDMG95E2783PK,1,12.19,12.19,2026-03-20 19:02:19,amazon Dcvoltage,false
1125870,205-0236945-0127500,AMAZON,B0863BZR2Z,,PHSF1GDTYB2PK,1,16.89,14.07,2026-03-20 19:11:32,amazon Ledsone,false
1125871,204-5830667-2520355,AMAZON,B0FXL911BX,,CODH632AGY6PK,1,10.48,6.32,2026-03-20 19:13:43,amazon Ledsone,false
1125880,206-8511934-2225914,AMAZON,B0CL13FGTS,,ENC5533,1,42.89,42.89,2026-03-20 19:20:00,amazon Dcvoltage,false
1125881,202-7827832-7599539,AMAZON,B0DDXPQVGG,,LHDHE27BN2PK,1,18.89,15.74,2026-03-20 19:22:10,amazon Ledsone,false
1125882,202-3061985-4216368,AMAZON,B0D7MQC47C,,CRFF105BA2PK,1,13.89,11.57,2026-03-20 19:22:10,amazon Ledsone,false
1125888,204-7203826-1506728,AMAZON,B0CXSXN4KX,,LSMS320BI2PK+RPR44WH2PK,1,27.09,27.09,2026-03-20 19:36:48,amazon Dcvoltage,false
1125894,203-3911491-9905129,AMAZON,B0DFTR3M3X,,RPM40BM2PK,1,5.88,2.49,2026-03-20 19:50:54,amazon Ledsone,false
1125895,206-7350479-5468303,AMAZON,B0FNWFF268,,LSWD360BG+RPR44WH,1,19.69,16.41,2026-03-20 20:14:28,amazon Ledsone,false
1125896,203-0302964-6749944,AMAZON,B0CH9P18WV,,WCB6WH2PK+RPR44WH2PK,1,16.89,14.07,2026-03-20 20:17:32,amazon Ledsone,false
1125897,203-3424009-6914750,AMAZON,B08V5MK449,,CRSF100BM+PHHT1PBRBM+LSCY290BM,1,21.89,21.89,2026-03-20 20:13:30,amazon Dcvoltage,false
1125902,205-0859316-5789126,AMAZON,B0DSBPHK7T,,PLTFBC+ICST64E2740,1,19.79,16.49,2026-03-20 20:21:13,amazon Ledsone,false
1125903,204-5208958-6609155,AMAZON,B0DG25H3RQ,,LDMA60E274WW,1,6.19,5.16,2026-03-20 20:16:49,amazon Ledsone,false
1125904,206-7334983-8449133,AMAZON,B0845RMSPF,,LDMT185E274,1,6.99,5.82,2026-03-20 20:14:28,amazon Ledsone,false
1125905,026-7280275-7136356,AMAZON,B0BX4CCRYC,,LSMS320RE+RPR44WH,1,15.89,15.89,2026-03-20 20:21:51,amazon Dcvoltage,false
1125906,204-1091491-4674700,AMAZON,B08TM48R5F,,LSFT220CO+RPR44WH,1,11.89,11.89,2026-03-20 20:24:56,amazon Dcvoltage,false
1125915,204-6051062-3002759,AMAZON,B0GDDXB14R,,LDMT185E2732PK,1,10.99,9.16,2026-03-20 20:32:29,amazon Ledsone,false
1125916,203-8958679-3885954,AMAZON,B0DM5XD46N,,LDMT185E274,1,6.99,5.82,2026-03-20 20:35:23,amazon Ledsone,false
1125923,205-5059903-0298764,AMAZON,B0B9Y59487,,CL3TBR5PK,1,13.79,11.49,2026-03-20 20:47:37,amazon Ledsone,false
1125934,026-3428782-6525166,AMAZON,B0BWJVXGT6,,LSCY210BC+RPR44WH,1,10.89,10.89,2026-03-20 20:54:13,amazon Dcvoltage,false
1125936,026-3666884-1225916,AMAZON,B0915WN365,,CRSF100BM+LHNSE27CO+SCRN70CO+LSFT220RR,1,18.89,18.89,2026-03-20 20:56:23,amazon Dcvoltage,false
1125937,205-0210071-5889911,AMAZON,B093T2C59D,,LSMS320GY+RPR44WH,1,14.99,12.49,2026-03-20 20:59:31,amazon Ledsone,false
1125942,204-9740115-2947513,AMAZON,B09Z6P8H29,,LDCWA60HB227,4,18.43,3.41,2026-03-20 21:21:32,amazon Ledsone,false
1125947,204-1998112-1186745,AMAZON,B0B8DV248K,,CRSF1203BM,1,7.49,6.24,2026-03-20 22:00:52,amazon Ledsone,false
1125952,202-8422843-4459513,AMAZON,B08TX35XSK,,LSMS320GY+RPR44WH,1,14.99,14.99,2026-03-20 22:24:37,amazon Dcvoltage,false
1125953,202-8422843-4459513,AMAZON,B0CTSTBDXV,,LSMS320CB+RPR44WH,2,29.98,14.99,2026-03-20 22:24:37,amazon Dcvoltage,false
1125969,204-8377775-2579512,AMAZON,B0CSFHQ8Y7,,STMT4845WH,1,5.64,2.29,2026-03-20 23:12:50,amazon Ledsone,false
1125970,205-7522581-9210763,AMAZON,B0CGD9LSYY,,CRSF100WH+PHRY1PCRRE,1,11.97,9.97,2026-03-20 23:26:02,amazon Ledsone,false
1125971,206-5162782-9422756,AMAZON,B0DH8XKTL8,,CL3TBK3PK,1,8.99,8.99,2026-03-20 23:34:22,amazon Dcvoltage,false
1125976,206-7241823-7983547,AMAZON,B0D6B5DGFC,,SPSDP2BM3PK,1,14.39,14.39,2026-03-21 00:12:04,amazon Dcvoltage,false
1125981,202-9930464-9451546,AMAZON,B0DCK527TN,,STBFT50M48EWH,1,6.38,3.49,2026-03-21 00:51:24,amazon Dcvoltage,false
1125982,203-1462780-2679539,AMAZON,B0DTPB2YC2,,WCB2BM3PK+RPR44WH3PK,1,22.89,19.07,2026-03-21 00:50:13,amazon Ledsone,false
1125983,205-5503183-5141144,AMAZON,B0D6RDL8H5,,LDCWE2718,1,6.69,5.57,2026-03-21 01:00:49,amazon Ledsone,false
1125999,026-3328427-2797165,AMAZON,B09B7MSD9C,,PLTTBM+WCBNBM+ICST64E27,1,26.63,24.66,2026-03-21 04:58:12,amazon Ledsone,false
1126014,205-8889912-7387539,AMAZON,B0CTSTBDXV,,LSMS320CB+RPR44WH,1,14.99,14.99,2026-03-21 07:06:09,amazon Dcvoltage,false
1126018,026-6620390-1637948,AMAZON,B0BSFSHJNP,,ENC4252,1,29.89,29.89,2026-03-21 07:13:03,amazon Dcvoltage,false
1126026,203-1138278-8969134,AMAZON,B0F1THM7LY,,CENU36300BM,15,35.05,1.99,2026-03-21 07:30:32,amazon Dcvoltage,false
1126034,206-1735394-1445967,AMAZON,B0D295XS3F,,LSCY290CB2PK+RPR44WH2PK,1,27.89,23.24,2026-03-21 07:52:47,amazon Ledsone,false
1126035,026-4212173-2701144,AMAZON,B08XNPKHZX,,LSSS300YE+RPR44WH,1,13.49,13.49,2026-03-21 07:54:46,amazon Dcvoltage,false
1126045,204-7741441-6668354,AMAZON,B0BNW49WGT,,CRSF100BC+LHNSE27YB+SCRN70BC+LSWD360BC,1,26.89,26.89,2026-03-21 08:10:17,amazon Dcvoltage,false
1126051,206-9993370-1653922,AMAZON,B0DH9BRNQ7,,CL3THE3PK,1,10.88,7.99,2026-03-21 08:21:52,amazon Dcvoltage,false
1126057,203-2187427-2817169,AMAZON,B0GGDTRTN7,,CRFF100BM2PK+LHNSE27BM2PK+ICST64E272PK,1,28.89,28.89,2026-03-21 08:29:13,amazon Dcvoltage,false
1126058,026-8014272-2057957,AMAZON,B09477YHK7,,LDMG95E278APK,1,35.19,29.32,2026-03-21 08:33:30,amazon Ledsone,false
1126064,204-9677977-8937169,AMAZON,B0CNQ1MB3F,,LDMG125B228,1,9.99,9.99,2026-03-21 08:43:41,amazon Dcvoltage,false
1126065,205-0555708-0897147,AMAZON,B0CDPZHVHG,,PHTT1PBR3RR+LSWT300RR,1,26.89,22.41,2026-03-21 08:40:11,amazon Ledsone,false
1126066,026-2932007-9281112,AMAZON,B0D28XC4DK,,LSCY290BM3PK+RPR44WH3PK,1,42.89,35.74,2026-03-21 08:24:16,amazon Ledsone,false
1126070,026-4313283-3599518,AMAZON,B09479HV6W,,LDMG95E2783PK,1,17.89,14.91,2026-03-21 08:54:36,amazon Ledsone,false
1126073,202-7378309-4877143,AMAZON,B0FXLQLFRN,,CKAN1942BL,1,13.89,13.89,2026-03-21 09:01:32,amazon Dcvoltage,false
1126074,206-5011256-7873913,AMAZON,B0CL1K1T2T,,ENC5521,1,42.89,42.89,2026-03-21 09:01:38,amazon Dcvoltage,false
1126075,204-8085257-9955515,AMAZON,B0GP771MFX,,LHPVHRE27WH2PK,1,6.49,5.41,2026-03-21 09:08:11,amazon Ledsone,false
1126090,206-6948996-1529963,AMAZON,B0DG29SP2H,,LDMA60E274WW2PK,1,8.99,7.49,2026-03-21 09:22:36,amazon Ledsone,false
1126095,205-6244299-5160315,AMAZON,B08VGPWXG1,,LSCY290OR+RPR44WH,1,15.49,15.49,2026-03-21 09:24:38,amazon Dcvoltage,false
1126096,205-2796071-3224332,AMAZON,B0BY37173H,,ENC4431,1,29.89,29.89,2026-03-21 09:38:08,amazon Dcvoltage,false
1126115,202-4589808-5002740,AMAZON,B0CNRL871B,,LDMST64E274,3,20.67,6.89,2026-03-21 09:53:56,amazon Dcvoltage,false
1126116,026-2865617-9074732,AMAZON,B0DCK1WP5M,,SPSDP3WH2PK,1,10.08,5.99,2026-03-21 09:56:21,amazon Ledsone,false
1126129,205-2457052-5060300,AMAZON,B0DZNLF6LK,,RWWPSY10GY,1,5.38,2.07,2026-03-21 10:07:19,amazon Ledsone,false
1126136,026-0227816-6648304,AMAZON,B0G499B37C,,WCCYSP180WH2PK+RPR44WH2PK,1,24.89,20.74,2026-03-21 10:08:28,amazon Ledsone,false
1126143,203-7391764-6050715,AMAZON,B0C7KWQ15H,,ENC5170,1,28.89,24.07,2026-03-21 10:19:18,amazon Ledsone,false
1126147,026-9803868-6151521,AMAZON,B0G1TKCWLW,,CKAN1903BM,1,11.89,9.91,2026-03-21 10:34:59,amazon Ledsone,false
1126149,206-2954563-4581962,AMAZON,B0F1MMCQMQ,,RWWPSN60YE,1,5.78,2.89,2026-03-21 10:46:55,amazon Dcvoltage,false
1126151,205-8110480-4293130,AMAZON,B09L8KS17V,,CRSF100BM+PHCH1BMRBM+LSDO400BI,1,21.69,18.07,2026-03-21 10:46:45,amazon Ledsone,false
1126152,202-6978431-2892314,AMAZON,B0B9Y5MRSK,,CL3TGD5PK,1,13.09,10.91,2026-03-21 10:48:26,amazon Ledsone,false
1126161,203-2397530-6659511,AMAZON,B08XNPSWMN,,CRSF100BC+LHNSE27YB+SCRN70BC+LSWD360BC,1,29.89,29.89,2026-03-21 10:51:45,amazon Dcvoltage,false
1126163,205-8081351-5253961,AMAZON,B0DZ1ZYLWS,,RWWPSY10100YE2PK,1,16.99,14.16,2026-03-21 10:58:53,amazon Ledsone,false
1126167,203-6529919-6869111,AMAZON,B0DHX3RMZF,,CRFF110HFG,1,14.19,11.82,2026-03-21 11:15:00,amazon Ledsone,false
1126173,202-3214194-0184312,AMAZON,B0FJM11D6H,,PLTEBM,1,16.41,16.41,2026-03-21 11:24:53,amazon Ledsone,false
1126174,202-3214194-0184312,AMAZON,B0GLYWV3LG,,PLTRBM,1,39.91,39.91,2026-03-21 11:24:53,amazon Ledsone,false
1126178,026-0087517-4943511,AMAZON,B0DBZPFS7Q,,CL3RIV5PK,1,13.99,13.99,2026-03-21 11:25:52,amazon SRM Amazon,false
1126183,026-6283758-3613964,AMAZON,B0946YF51K,,CRSF100BM+PHMU1PBRGS+LSDO210BG+ICST64E27,1,21.67,18.06,2026-03-21 11:40:46,amazon Ledsone,false
1126195,204-0033508-3842755,AMAZON,B07CMWKLPK,,LDMST64E274,1,6.29,5.24,2026-03-21 11:50:19,amazon Ledsone,false
1126196,205-3023074-3729945,AMAZON,B0F8QCCLMM,,CERU80300BM,1,7.88,4.16,2026-03-20 21:42:37,amazon Ledsone,false
1126198,026-5537251-3536306,AMAZON,B0C9DPGRGD,,SPSDP2BM,1,5.69,5.69,2026-03-21 11:46:53,amazon Dcvoltage,false
1126204,026-8041534-7157905,AMAZON,B08L641475,,LDCWE2715,3,17.79,6.59,2026-03-21 12:05:53,amazon Dcvoltage,false
1126209,203-8944286-2212330,AMAZON,B0CS3LSTMS,,WCB7BS+RPR44WH,1,11.78,8.89,2026-03-21 12:12:46,amazon Dcvoltage,false
1126214,026-6435977-8704345,AMAZON,B08XW91G7T,,WCB7WH+RPR44WH,1,10.49,10.49,2026-03-21 12:24:11,amazon Dcvoltage,false
1126215,026-1559501-2029118,AMAZON,B09LHV32SZ,,CRSF1203WH+PHTT1PWR1WH3PK+SPSPWH2PK,1,21.79,18.16,2026-03-21 12:20:01,amazon Ledsone,false
1126218,202-5201661-7348333,AMAZON,B08NDBQLMZ,,WCDTBM+RPR44WH,1,10.89,10.89,2026-03-21 12:36:07,amazon Dcvoltage,false
1126219,203-6717072-9577112,AMAZON,B07HRDKFG6,,CCBKNWE25,1,7.99,7.99,2026-03-21 12:38:31,amazon Dcvoltage,false
1126224,203-3930151-2608360,AMAZON,B097DTVB4B,,CBSF75,1,5.89,4.91,2026-03-21 12:45:32,amazon Ledsone,false
1126226,202-8136459-5340305,AMAZON,B0G5PD5514,,ENC6177,1,19.69,19.69,2026-03-21 12:40:55,amazon Dcvoltage,false
1126230,202-6638992-2362703,AMAZON,B0GLPHBN8D,,PL4HRR,1,34.09,34.09,2026-03-21 12:40:55,amazon Dcvoltage,false
1126231,205-0196869-3031563,AMAZON,B0G4QTRN1G,,CRSF100BS+PHHF1PBRBS+LSWD360BS,1,22.89,22.89,2026-03-21 12:56:43,amazon Dcvoltage,false
1126232,206-0069535-6246720,AMAZON,B084VPJ2M2,,CRSF2003WH,2,22.98,9.57,2026-03-21 12:52:07,amazon Ledsone,false
1126250,204-2396935-7204358,AMAZON,B08V5DJWL9,,CRSF100BS+PHCH1PBRBS+LSCY290BS,3,65.67,21.89,2026-03-20 13:09:25,amazon Dcvoltage,false
1126287,206-7592088-3505926,AMAZON,B0CNJX1DV8,,WCB7WH+RPR44WH,1,11.18,8.29,2026-03-21 13:57:01,amazon Dcvoltage,false
1126288,204-8647403-8898749,AMAZON,B0CNJS9YHQ,,WCB6WH+RPR44WH,1,10.89,10.89,2026-03-21 13:59:20,amazon Dcvoltage,false
1126303,205-5335610-9926764,AMAZON,B0B9Y5MRSK,,CL3TGD5PK,1,13.09,10.91,2026-03-21 14:24:28,amazon Ledsone,false
1126304,202-8964891-6303559,AMAZON,B08XWSBPHW,,WCB1BM+RPR44WH,1,10.69,10.69,2026-03-21 14:28:11,amazon Dcvoltage,false
1126308,205-4502747-4443508,AMAZON,B0DX77VMDC,,CERU36300BL,1,5.58,2.24,2026-03-21 14:20:49,amazon Ledsone,false
1126309,026-9087716-3705968,AMAZON,B0B9KFV1PH,,CL3TGL5PK,1,15.79,13.16,2026-03-21 14:36:25,amazon Ledsone,false
1126310,205-0497348-7758758,AMAZON,B0DX79MMZF,,CERU72450BL,1,10.78,6.57,2026-03-21 14:39:10,amazon Ledsone,false
1126316,205-3396156-2627565,AMAZON,B0FPR2K373,,CRSF100BM+LHNSE27BM+SCRN70BM+LSTF40CO,1,20.69,17.24,2026-03-21 14:32:21,amazon Ledsone,false
1126318,204-5578980-3245131,AMAZON,B0C8NJDTJS,,WCDCBM+RPR44WH,1,11.99,9.99,2026-03-21 14:47:01,amazon Ledsone,false
1126330,203-3823015-2467526,AMAZON,B07B26JKDT,,12IP67250,1,32.99,27.49,2026-03-21 15:18:16,amazon Ledsone,false
1126331,203-0181753-0328331,AMAZON,B0D293PM6V,,LSCY290BC3PK+RPR44WH3PK,1,40.99,34.16,2026-03-21 15:17:01,amazon Ledsone,false
1126340,204-9203866-8942751,AMAZON,B0DMT5YWLR,,PCFT90TBM5PK,1,11.68,7.32,2026-03-21 15:22:33,amazon Ledsone,false
1126341,205-5029510-5017968,AMAZON,B07C7STSRY,,12IP6750,1,16.49,16.49,2026-03-21 15:26:03,amazon Dcvoltage,false
1126343,203-4229260-8759566,AMAZON,B093H8YG8Z,,LSMS320GY+RPR44WH,1,14.99,12.49,2026-03-21 15:32:15,amazon Ledsone,false
1126344,203-0570532-0463514,AMAZON,B0BWJVXGT6,,LSCY210BC+RPR44WH,1,10.89,10.89,2026-03-21 15:34:49,amazon Dcvoltage,false
1126352,205-4597272-3134720,AMAZON,B0BJ327RRV,,LDMG80E2745PK,1,18.89,15.74,2026-03-21 15:47:42,amazon Ledsone,false
1126353,026-3850325-5188308,AMAZON,B0C3QVPKYF,,ENC3549,1,74.42,68.91,2026-03-21 15:51:01,amazon Ledsone,false
1126358,205-5712964-7161108,AMAZON,B08XBP7PFW,,PSDS4BMBBM+WCDTBL,5,99.95,19.99,2026-03-21 15:47:42,amazon Dcvoltage,false
1126359,204-7289162-3556344,AMAZON,B0DFHM8LHQ,,LSCY290CH+RPR44WH,1,17.89,17.89,2026-03-21 15:51:12,amazon Dcvoltage,false
1126360,026-5777248-0640324,AMAZON,B0C7KHY9BH,,ENC1971,1,80.08,88.98,2026-03-21 15:51:01,amazon Dcvoltage,false
1126372,204-2700699-9113931,AMAZON,B0FN4C3B9T,,PLHCBM+LSDO210BM3PK,1,47.83,39.86,2026-03-21 16:14:55,amazon Ledsone,false
1126374,205-1083531-8960318,AMAZON,B0CC1RD8S9,,WLHSBMCY18,1,22.49,18.74,2026-03-21 16:18:35,amazon Ledsone,false
1126379,203-8332315-4469932,AMAZON,B08XXWJWVZ,,WCB2BC+RPR44WH,1,10.89,10.89,2026-03-21 16:25:40,amazon Dcvoltage,false
1126382,026-9753473-5166733,AMAZON,B0CN38WYDC,,CRSF1202BM+PHRY2PCRBM2PK,1,19.89,19.89,2026-03-21 16:33:28,amazon Dcvoltage,false
1126386,203-4487206-1473165,AMAZON,B0D2N2MJRP,,CRFF500BM,1,11.89,9.91,2026-03-21 16:46:09,amazon Ledsone,false
1126387,026-3466593-8404322,AMAZON,B093H8YG8Z,,LSMS320GY+RPR44WH,1,13.49,12.49,2026-03-21 16:46:36,amazon Ledsone,false
1126388,202-5343502-9139515,AMAZON,B0DFTR3M3X,,RPM40BM2PK,1,5.88,2.49,2026-03-21 16:47:15,amazon Ledsone,false
1126397,204-7129708-8869111,AMAZON,B0DH221ZSY,,LSHQ180BS2PK+RPR44WH2PK,1,16.49,13.74,2026-03-21 17:03:28,amazon Ledsone,false
1126404,202-2667546-4545946,AMAZON,B0DZHNNZYL,,CRSF108CO2PK,2,20.82,10.41,2026-03-21 17:13:42,amazon Ledsone,false
1126405,026-4450847-1461152,AMAZON,B0CGDBCFM1,,CRSF100WH+PHRY1PCRPI,1,11.97,9.97,2026-03-21 17:12:44,amazon Ledsone,false
1126406,203-3925610-5348326,AMAZON,B0BBS3NXFM,,CL3TBRAPK,1,21.89,18.24,2026-03-21 17:13:27,amazon Ledsone,false
1126408,202-2667546-4545946,AMAZON,B084645W4S,,LDMST64E2783PK,2,21.48,10.74,2026-03-21 17:13:42,amazon Ledsone,false
1126411,204-7491474-5481920,AMAZON,B0C9TMW8FQ,,ENC1910,1,22.89,22.89,2026-03-21 17:20:09,amazon Dcvoltage,false
1126413,205-8871932-2093163,AMAZON,B0C6KJG9L8,,WCVCRE+RPR44WH,1,9.09,7.57,2026-03-21 17:23:12,amazon Ledsone,false
1126425,206-7063551-8801128,AMAZON,B0DH5MBL9F,,CL2TIV2PK,1,9.88,6.99,2026-03-21 17:40:51,amazon Dcvoltage,false
1126426,202-5652869-4702719,AMAZON,B0D9SCH1HX,,CRSF2003RR,6,55.38,7.69,2026-03-21 17:47:04,amazon Ledsone,false
1126432,204-3202715-1789142,AMAZON,B0G49DDJ63,,WCCYSP180GD2PK+RPR44WH2PK,1,23.89,19.91,2026-03-21 17:48:37,amazon Ledsone,false
1126434,202-5622385-4001109,AMAZON,B0DFHHJHZ6,,HLCH96BM,2,10.79,5.39,2026-03-21 17:44:01,amazon Dcvoltage,false
1126443,203-1796688-8708319,AMAZON,B0BP2MVWKC,,ENC4121,1,28.89,28.89,2026-03-21 18:20:21,amazon Dcvoltage,false
1126452,202-0992772-7769954,AMAZON,B0DJBSQXTJ,,HLRK45BM5PK,1,12.58,8.07,2026-03-21 18:23:05,amazon Ledsone,false
1126453,206-5003782-9347512,AMAZON,B09LM63CRF,,CRFF140CH,1,6.69,5.57,2026-03-21 18:23:51,amazon Ledsone,false
1126466,203-3087939-2541947,AMAZON,B0CVGY5P13,,RWWPSY08120YE,1,9.59,9.59,2026-03-21 18:34:29,amazon Dcvoltage,false
1126467,203-3087939-2541947,AMAZON,B0CVH87Z3W,,RWWPSY0840YE,1,4.99,4.99,2026-03-21 18:34:29,amazon Dcvoltage,false
1126468,203-3087939-2541947,AMAZON,B0CVGYLB25,,RWWPSY0860YE,1,5.79,5.79,2026-03-21 18:34:29,amazon Dcvoltage,false
1126476,204-8265347-3643566,AMAZON,B0C9DV894B,,SPSDP2YB,1,7.09,7.09,2026-03-21 18:49:01,amazon Dcvoltage,false
1126477,026-7048216-9973168,AMAZON,B0FH9MMVWS,,ENC8926,1,16.28,13.57,2026-03-21 18:49:38,amazon Ledsone,false
1126480,026-4406975-5559513,AMAZON,B08XW91G7T,,WCB7WH+RPR44WH,1,10.49,10.49,2026-03-21 18:58:27,amazon Dcvoltage,false
1126487,204-9602836-6803562,AMAZON,B0DBTXCX9V,,LSLT360WH2PK+RPR44WH2PK,1,21.99,18.32,2026-03-21 19:09:52,amazon Ledsone,false
1126488,203-7555262-4408340,AMAZON,B0CGRJBVMM,,ENC5327,1,29.69,24.74,2026-03-21 19:12:00,amazon Ledsone,false
1126503,203-4267614-3471503,AMAZON,B09FGQD4VK,,CRFF500BM+PHBL1PBRBM3PK+LSDO210BM3PK,1,41.79,34.82,2026-03-21 19:37:29,amazon Ledsone,false
1126509,204-4112331-7656335,AMAZON,B0FY22Q53W,,WCBCFBM2PK+RPR44WH2PK,1,25.89,25.89,2026-03-21 19:41:38,amazon Dcvoltage,false
1126515,206-2088228-7503517,AMAZON,B0DSBPHK7T,,PLTFBC+ICST64E2740,1,19.79,16.49,2026-03-21 19:54:47,amazon Ledsone,false
1126517,204-3949581-9833163,AMAZON,B0B8J7B3XN,,CRSF1205CO,1,8.07,8.07,2026-03-21 19:57:42,amazon Ledsone,false
1126518,202-4390842-8070708,AMAZON,B0C9TWTCZ8,,LSCY210BG+RPR44WH,1,12.89,12.89,2026-03-21 19:50:42,amazon Dcvoltage,false
1126522,204-0272477-1593957,AMAZON,B086228MDF,,LDMST64B2286PK,1,20.89,17.41,2026-03-21 20:07:26,amazon Ledsone,false
1126525,203-7395110-0589967,AMAZON,B0C43L42DK,,WCDTRE+RPR44WH,1,10.89,9.07,2026-03-21 20:11:07,amazon Ledsone,false
1126526,202-1704112-0653151,AMAZON,B07MV6GZ78,,CRFF100BM+WSLS155YB+SCRN70YB+LSFT220YB,1,22.69,17.69,2026-03-21 20:11:43,amazon Dcvoltage,false
1126527,205-7726081-3617944,AMAZON,B0D9RWB87Q,,ENC7499,1,52.89,52.89,2026-03-21 20:12:33,amazon Dcvoltage,false
1126528,206-1935439-7741901,AMAZON,B0DDTTHTG6,,LSMS320GY+RPR44WH,2,26.98,14.99,2026-03-21 20:21:42,amazon Dcvoltage,false
1126535,205-0941635-0680344,AMAZON,B0CDPZHVHG,,PHTT1PBR3RR+LSWT300RR,1,26.89,22.41,2026-03-21 20:14:15,amazon Ledsone,false
1126536,204-4545308-6036338,AMAZON,B0DCFXBYJG,,LDSG95DIE2745PK,1,29.89,24.91,2026-03-21 20:24:23,amazon Ledsone,false
1126541,203-4186755-0785108,AMAZON,B0D2949Q4K,,LSCY290BS3PK+RPR44WH3PK,1,39.49,32.91,2026-03-21 20:34:28,amazon Ledsone,false
1126560,205-3572547-3565114,AMAZON,B0C9TWTCZ8,,LSCY210BG+RPR44WH,1,12.89,12.89,2026-03-21 21:03:49,amazon Dcvoltage,false
1126561,205-3266775-2612311,AMAZON,B0CKWK8TNJ,,CL3RCR5PK,1,13.89,13.89,2026-03-21 21:00:55,amazon Dcvoltage,false
1126572,202-2979866-2112323,AMAZON,B0BJ317B7S,,LDMG80E2743PK,1,16.39,13.66,2026-03-21 21:26:56,amazon Ledsone,false
1126573,206-2598084-1272361,AMAZON,B0B8P9BKXB,,LDMG125E278,1,10.89,9.07,2026-03-21 21:29:47,amazon Ledsone,false
1126576,206-0518757-9045146,AMAZON,B0DF7BD73R,,CRSF100BM+PHRYWP1RBM,1,11.89,9.91,2026-03-21 21:32:01,amazon Ledsone,false
1126578,204-1897818-3238764,AMAZON,B0F2FQNWTJ,,LPSQ5W6PK,1,20.59,17.16,2026-03-21 21:47:14,amazon Ledsone,false
1126579,026-5076408-2123560,AMAZON,B0FXGTL5MQ,,PLADBM2PK,2,193.82,96.91,2026-03-21 21:41:52,amazon Dcvoltage,false
1126580,205-4591783-0968345,AMAZON,B0F8ML4W33,,ENC8743,1,34.89,29.07,2026-03-21 21:49:51,amazon Ledsone,false
1126592,206-3082298-1551537,AMAZON,B0B9Y5MRSK,,CL3TGD5PK,1,13.09,10.91,2026-03-21 21:58:42,amazon Ledsone,false
1126599,205-6234428-2797913,AMAZON,B0CKSV67CC,,CRFF75GB,1,9.48,5.49,2026-03-21 22:31:31,amazon Ledsone,false
1126600,205-0626295-1165146,AMAZON,B0DH5YFWM8,,CL2THE3PK,1,10.88,7.99,2026-03-21 22:33:35,amazon Dcvoltage,false
1126604,204-3748113-0188335,AMAZON,B0F28Z2V3F,,LSCY290GY+RPR44WH,1,15.89,13.24,2026-03-21 23:12:57,amazon Ledsone,false
1126606,202-2935884-6801118,AMAZON,B0GQ48BNBZ,,LSGLSC115AR+RPM40WH,2,22.67,9.89,2026-03-21 23:45:37,amazon Dcvoltage,false
1126609,205-7786805-7125945,AMAZON,B0DFGKSMPP,,WCDTGD5PK+RPR44WH5PK,1,41.49,41.49,2026-03-22 00:06:01,amazon Dcvoltage,false
1126611,026-4339328-6537903,AMAZON,B0DGG631Z2,,LDMST64B224APK,2,71.78,29.91,2026-03-22 00:37:03,amazon Ledsone,false
1126614,202-4950802-0785159,AMAZON,B0D59PJ89M,,WCB2BS2PK+RPR44WH2PK,1,15.79,15.79,2026-03-22 01:09:24,amazon Dcvoltage,false
1126615,206-5919265-5822758,AMAZON,B0CF5NMTQX,,CRSF100CO+PHCHPBRCO+LSCY290CO,1,22.89,19.07,2026-03-22 01:18:41,amazon Ledsone,false
1126649,203-9713799-2406738,AMAZON,B0CVL1HNQJ,,RWT6150YE,1,15.19,15.19,2026-03-22 02:08:46,amazon Dcvoltage,false
1126658,202-2214919-7481154,AMAZON,B0DH69GC9F,,CL2TREAPK,1,18.29,18.29,2026-03-22 05:05:56,amazon Dcvoltage,false
1126660,203-8383430-8969959,AMAZON,B098QLN1W3,,CCBC7,1,5.89,4.91,2026-03-22 05:12:21,amazon Ledsone,false
1126672,206-7891276-5491524,AMAZON,B0D53DFPS4,,WCB1BM2PK+RPR44WH2PK,1,15.89,15.89,2026-03-22 06:31:08,amazon Dcvoltage,false
1126673,206-5041467-2016365,AMAZON,B0D9RQQZYB,,WCDCBM3PK+RPR44WH3PK,1,24.89,20.74,2026-03-22 06:31:08,amazon Ledsone,false
1126679,206-4529163-3563541,AMAZON,B0C8V4J9CV,,ENC4324,1,34.89,29.07,2026-03-22 06:45:28,amazon Ledsone,false
1126681,026-9775119-3361158,AMAZON,B0DH97X8DP,,CL3TBK2PK,1,5.99,5.99,2026-03-22 06:43:28,amazon Dcvoltage,false
1126687,204-4315365-9146717,AMAZON,B0G4QXYX5W,,CRSF100BM+PHHF1PBRBM+LSWD360BM,1,22.89,22.89,2026-03-22 07:09:57,amazon Dcvoltage,false
1126688,206-5550315-8200325,AMAZON,B0D59SHLCD,,WCB1WH2PK+RPR44WH2PK,2,28.60,15.89,2026-03-22 07:13:14,amazon Dcvoltage,false
1126710,203-8245133-8501943,AMAZON,B0BW9SGHDN,,LSLT360WH+RPR44WH,1,13.79,11.49,2026-03-22 08:04:42,amazon Ledsone,false
1126715,203-5524035-8197954,AMAZON,B0F945Z6H2,,CL3TAG3PK,1,7.99,6.66,2026-03-22 08:12:19,amazon Ledsone,false
1126719,204-5841027-6773108,AMAZON,B0F2FYS1WB,,RWT570YE,1,12.29,10.24,2026-03-22 08:22:00,amazon Ledsone,false
1126720,205-4153701-7948366,AMAZON,B0FZCQMY9B,,LSHM400HE2PK+RPR44WH2PK,1,53.79,53.79,2026-03-22 08:25:22,amazon Dcvoltage,false
1126725,206-9611993-0734708,AMAZON,B0B2K81GXH,,LHC5E27WH5PK,1,13.88,11.57,2026-03-22 08:33:26,amazon Ledsone,false
1126727,205-9085150-6225129,AMAZON,B0C3ZT8HVF,,LSCY290BI+RPR44WH,1,15.89,13.24,2026-03-22 08:43:05,amazon Ledsone,false
1126751,205-6365934-1979516,AMAZON,B0BY38YSCF,,SCRN70FG2PK,2,12.27,3.91,2026-03-22 09:07:47,amazon Ledsone,false
1126764,203-5255715-7226707,AMAZON,B0F28Z2V3F,,LSCY290GY+RPR44WH,1,15.89,13.24,2026-03-22 09:26:00,amazon Ledsone,false
1126769,205-8818911-6842702,AMAZON,B0CKSTLS8P,,CRFF75SN,1,9.78,5.74,2026-03-22 09:30:54,amazon Ledsone,false
1126770,205-4123446-8664303,AMAZON,B0D6KKSWN8,,LSCY290YE2PK+RPR44WH2PK,1,27.89,27.89,2026-03-22 09:31:41,amazon Dcvoltage,false
1126778,026-6041710-1439552,AMAZON,B0CTTGSYKH,,LSMS320YE+RPR44WH,1,14.99,14.99,2026-03-22 09:41:09,amazon Dcvoltage,false
1126783,205-1151444-1469129,AMAZON,B0FPQVSMFT,,LDCWT75B2212,1,8.79,7.32,2026-03-22 09:56:46,amazon Ledsone,false
1126788,203-5058590-0697906,AMAZON,B0F79L35DH,,CTBOP21L+CTBOP25L+CTBOP14L,1,14.89,14.89,2026-03-22 10:03:54,amazon Dcvoltage,false
1126789,203-8613128-9046761,AMAZON,B0CQR15PPF,,CL2TCR,1,6.38,3.09,2026-03-22 10:05:15,amazon Dcvoltage,false
1126797,204-2307302-9974719,AMAZON,B0CNQ1Q3BJ,,LDMG125E278,1,13.78,10.89,2026-03-22 10:25:27,amazon Dcvoltage,false
1126798,202-1460785-7707522,AMAZON,B0GHXFLP5N,,ENC644,1,23.89,19.91,2026-03-22 10:20:37,amazon Ledsone,false
1126799,202-9354766-2711522,AMAZON,B09WJ9HTXV,,CRFF140BM+WSNW170BM+LSFT220BM,2,37.78,15.74,2026-03-22 10:24:45,amazon Ledsone,false
1126804,205-3428136-2574750,AMAZON,B0GLPJH67X,,PL4HBM,1,34.09,34.09,2026-03-22 10:35:00,amazon Dcvoltage,false
1126805,026-4471333-2486707,AMAZON,B08X6DTXQS,,PLTEBC,1,21.89,21.89,2026-03-22 10:36:39,amazon Dcvoltage,false
1126806,203-1956398-4005158,AMAZON,B0DYDXYGQS,,CRFF100SN+LHNSE27SN,1,10.29,8.57,2026-03-22 10:25:43,amazon Ledsone,false
1126815,026-4725812-3501148,AMAZON,B0FQVCJCKP,,ENC9107,2,55.78,27.89,2026-03-22 10:47:59,amazon Dcvoltage,false
1126816,026-0761863-5921125,AMAZON,B092DTV4GG,,PHCH1FBRBM+LSCY290BI,1,20.79,17.32,2026-03-22 10:46:50,amazon Ledsone,false
1126828,202-8327298-9902701,AMAZON,B0CRZ4FYL7,,LSCY290YE+RPR44WH,2,28.60,15.89,2026-03-22 10:59:56,amazon Dcvoltage,false
1126829,026-6085332-2992317,AMAZON,B0F9VDWTYX,,CL3RBM3PK,1,6.79,5.66,2026-03-22 10:51:37,amazon Ledsone,false
1126830,204-7149440-7885154,AMAZON,B0FPWVFF9W,,LDCWA60HE27126PK,1,11.38,7.07,2026-03-22 10:59:59,amazon Ledsone,false
1126839,202-4058639-0919527,AMAZON,B08KJJWJKK,,WCFSDCBM,1,41.89,34.91,2026-03-22 11:03:43,amazon Ledsone,false
1126843,204-8228170-4615541,AMAZON,B0C9TWTCZ8,,LSCY210BG+RPR44WH,1,12.89,12.89,2026-03-22 11:13:26,amazon Dcvoltage,false
1126844,205-0875331-2473900,AMAZON,B0CBC1GDL6,,LSDO210CB+RPR44WH,4,47.56,11.89,2026-03-22 11:14:50,amazon Dcvoltage,false
1126853,026-1039286-8914735,AMAZON,B0F2919THD,,LSCY290CO+RPR44WH,1,18.89,15.74,2026-03-22 11:24:37,amazon Ledsone,false
1126854,204-1195812-6806734,AMAZON,B0CVH36LHZ,,RWWPSY10120YE,1,14.88,11.99,2026-03-22 11:22:36,amazon Dcvoltage,false
1126859,205-3634810-2798700,AMAZON,B0CS3M8FP2,,WCB7BC+RPR44WH,1,13.38,10.49,2026-03-22 11:31:25,amazon Dcvoltage,false
1126863,203-5250945-9889120,AMAZON,B0FPQVSMFT,,LDCWT75B2212,1,8.79,7.32,2026-03-22 11:44:32,amazon Ledsone,false
1126864,205-7991059-4425930,AMAZON,B0CL7HDVC6,,LDCCB2210,1,5.99,5.99,2026-03-22 11:43:55,amazon Dcvoltage,false
1126872,204-8273024-2864316,AMAZON,B08VGLLMK8,,LSCY290RO+RPR44WH,1,17.89,17.89,2026-03-22 11:59:06,amazon Dcvoltage,false
1126874,204-3165397-6370760,AMAZON,B0F945CZFB,,CL3TBK3PK,1,11.28,6.66,2026-03-22 12:01:56,amazon Ledsone,false
1126878,026-4134861-5977924,AMAZON,B07NJQ8DYV,,12IP6780,1,20.79,20.79,2026-03-22 12:12:16,amazon Dcvoltage,false
1126879,203-6638454-4397166,AMAZON,B0FTG6BQM8,,TSST349134GY6PK,1,21.49,17.91,2026-03-22 12:16:17,amazon Ledsone,false
1126889,026-9491189-9968359,AMAZON,B08SJ2MW2R,,CRFF100WH+PHUP1PWRWH+CNT900WH,1,18.57,18.57,2026-03-22 12:30:46,amazon Dcvoltage,false
1126891,202-1536342-6581139,AMAZON,B0F7QPMBCH,,CL2TGLAPK,1,19.49,16.24,2026-03-22 12:37:29,amazon Ledsone,false
1126899,205-6371614-6741960,AMAZON,B0DH4KYFPD,,WCDTBM2PK+RPR44WH2PK,1,18.49,15.41,2026-03-22 12:42:26,amazon Ledsone,false
1126906,026-8684679-7894763,AMAZON,B0CV5HMZM3,,CRFF108CH2PK+HK10CH2PK,1,13.99,11.66,2026-03-22 13:04:15,amazon Ledsone,false
1126917,204-0921976-2185930,AMAZON,B0DC1T5YLF,,STMT4845WHAPK,1,14.09,14.09,2026-03-22 13:07:23,amazon Dcvoltage,false
1126919,206-2600816-5788329,AMAZON,B0D28VF8S2,,LSCY290BI+RPR44WH,1,15.89,13.24,2026-03-22 13:16:28,amazon Ledsone,false
1126924,204-8650416-8971521,AMAZON,B0GDDXRR5K,,LDMT185E2735PK,2,37.98,15.82,2026-03-22 13:26:57,amazon Ledsone,false
1126933,026-4663903-7773907,AMAZON,B0G499B37C,,WCCYSP180WH2PK+RPR44WH2PK,1,24.89,20.74,2026-03-22 13:46:35,amazon Ledsone,false
1126942,026-9244727-8165969,AMAZON,B0979FVT5K,,CNP1000GB,2,17.78,7.41,2026-03-22 13:54:55,amazon Ledsone,false
1126948,026-0402923-8142758,AMAZON,B084RNDPPW,,WCB4BB+RPR44WH,1,12.38,7.91,2026-03-22 14:06:13,amazon Ledsone,false
1126952,203-7282738-6367547,AMAZON,B0CHF49HKL,,PHUH1HETBM+LSHM400HE,1,32.69,27.24,2026-03-22 14:09:16,amazon Ledsone,false
1126953,205-2849068-5441138,AMAZON,B0C3ZT3VR1,,LSCY290CB+RPR44WH,2,31.78,13.24,2026-03-22 14:15:45,amazon Ledsone,false
1126954,205-9816869-7741150,AMAZON,B0DCBPD3S6,,WLFS220BM,1,16.89,14.07,2026-03-22 14:15:45,amazon Ledsone,false
1126955,206-5223335-8660345,AMAZON,B09LM63CRF,,CRFF140CH,2,13.38,5.57,2026-03-22 14:15:05,amazon Ledsone,false
1126956,206-5860666-4809926,AMAZON,B08NTKB1DM,,CRFF500BM+PHCH1BMRBM3PK+LSCY210BG3PK,1,41.89,34.91,2026-03-22 14:17:59,amazon Ledsone,false
1126957,202-7979945-6652342,AMAZON,B0FPWVFF9W,,LDCWA60HE27126PK,1,11.38,7.07,2026-03-22 14:17:42,amazon Ledsone,false
1126963,204-7525634-6971501,AMAZON,B0F29P1SH6,,CERU36150GR,1,4.58,1.41,2026-03-22 14:18:39,amazon Ledsone,false
1126965,206-3008146-0660364,AMAZON,B0DHN6KFZL,,ENC787,2,52.38,21.82,2026-03-22 14:34:46,amazon Ledsone,false
1126966,026-5276407-9891531,AMAZON,B09479HV6W,,LDMG95E2783PK,1,17.89,14.91,2026-03-22 14:34:58,amazon Ledsone,false
1126970,205-0965900-9645915,AMAZON,B0DYT146SS,,RWWPSY0680YE,1,5.78,2.41,2026-03-22 14:38:42,amazon Ledsone,false
1126972,205-2207498-4384333,AMAZON,B0CCHZNHT9,,SPSDP2WH,1,8.58,4.74,2026-03-22 14:44:38,amazon Ledsone,false
1126973,204-8835029-4076339,AMAZON,B07GCPMLSY,,CL2TGYAPK,1,16.19,16.19,2026-03-22 14:43:48,amazon Dcvoltage,false
1126981,202-0457730-2021931,AMAZON,B0CVGYLB25,,RWWPSY0860YE,1,8.68,5.79,2026-03-22 14:57:51,amazon Dcvoltage,false
1126987,203-1445132-6377120,AMAZON,B0DCVYX867,,LHC3E27WH2PK,2,20.98,8.74,2026-03-22 15:04:31,amazon Ledsone,false
1126998,202-0409779-3196325,AMAZON,B0DH9FZNF4,,CL3TGR3PK,1,8.49,8.49,2026-03-22 15:21:44,amazon Dcvoltage,false
1127002,026-7524152-0725938,AMAZON,B0DZ1VPNYY,,RWWPSY1080YE2PK,1,16.89,14.07,2026-03-22 15:25:19,amazon Ledsone,false
1127004,204-5025114-8027548,AMAZON,B0CBKGJFPJ,,PHSF2GDTFG+SPSDP2YB+LDMST64E274,1,17.79,14.82,2026-03-22 15:30:12,amazon Ledsone,false
1127011,206-3143899-7055569,AMAZON,B0CV19Q3RR,,CKCP38383,1,29.49,29.49,2026-03-22 15:31:51,amazon Dcvoltage,false
1127012,205-3010867-8681115,AMAZON,B0DBLNS2RZ,,CL3RGY5PK,1,13.49,13.49,2026-03-22 15:37:27,amazon Dcvoltage,false
1127019,203-4156355-3003509,AMAZON,B0DSC2PMD2,,LSDO400BM2PK+RPR44WH2PK,2,77.78,38.89,2026-03-22 15:44:29,amazon Dcvoltage,false
1127020,202-6307464-2065151,AMAZON,B0FY268HX2,,WCBCFRO2PK+RPR44WH2PK,1,23.89,23.89,2026-03-22 15:44:16,amazon Dcvoltage,false
1127021,205-0129164-1697156,AMAZON,B09BVZ6DXT,,WCTBRR,1,41.89,34.91,2026-03-22 15:48:50,amazon Ledsone,false
1127030,206-8717416-6651553,AMAZON,B0DTT4PKCH,,WCVCWH3PK+RPR44WH3PK,1,23.49,23.49,2026-03-22 15:54:10,amazon Dcvoltage,false
1127033,202-9216189-4252353,AMAZON,B0GCZG4XFD,,CRSF120WH,2,14.67,4.91,2026-03-22 16:02:22,amazon Ledsone,false
1127034,206-9082028-8226706,AMAZON,B0F28Z2V3F,,LSCY290GY+RPR44WH,1,15.89,13.24,2026-03-22 15:58:55,amazon Ledsone,false
1127035,205-7336355-1765949,AMAZON,B0F9VGLPDL,,CL3RGL3PK,1,6.79,5.66,2026-03-22 16:06:21,amazon Ledsone,false
1127043,203-9358656-9551539,AMAZON,B0C9DPGRGD,,SPSDP2BM,1,5.69,5.69,2026-03-22 16:09:22,amazon Dcvoltage,false
1127044,203-5740464-8339563,AMAZON,B0DBZQH95Z,,CL3RBM5PK,1,13.99,13.99,2026-03-22 16:09:22,amazon SRM Amazon,false
1127051,205-2950098-2485124,AMAZON,B0F291VKCF,,LSCY290RE+RPR44WH,1,14.89,12.41,2026-03-22 16:20:31,amazon Ledsone,false
1127053,203-5439379-6160351,AMAZON,B0CN32L9ZF,,WCB6BC2PK+RPR44WH2PK,1,18.89,18.89,2026-03-22 16:21:36,amazon Dcvoltage,false
1127059,203-2674691-3097114,AMAZON,B0CB89662N,,LSSS300CH+RPR44WH,1,13.89,13.89,2026-03-22 16:32:00,amazon Dcvoltage,false
1127060,206-1622339-4259562,AMAZON,B0CPBXK43C,,LSCY290NB+RPR44WH,1,16.09,16.09,2026-03-22 16:31:54,amazon Dcvoltage,false
1127072,204-8747804-0828321,AMAZON,B08XVV335M,,WCB6BM+RPR44WH,1,10.49,10.49,2026-03-22 16:50:19,amazon Dcvoltage,false
1127073,206-1474474-1209144,AMAZON,B0DCZ3ZWDZ,,CRFF108CH2PK,1,11.69,9.74,2026-03-22 16:58:19,amazon Ledsone,false
1127078,206-1423029-0234764,AMAZON,B0G8DTWJ34,,ENC5353,1,24.39,20.32,2026-03-22 16:59:04,amazon Ledsone,false
1127079,026-5540842-1802709,AMAZON,B0CKSV67CC,,CRFF75GB,1,9.48,5.49,2026-03-22 17:02:52,amazon Ledsone,false
1127080,205-9585435-5991539,AMAZON,B0FPR3V9RD,,CRSF100BM+LHNSE27BM+SCRN70BM+LSTF40BC,1,16.69,13.91,2026-03-22 17:06:46,amazon Ledsone,false
1127086,026-8726421-6624369,AMAZON,B0DF79WFPK,,CRSF120BM2PK,1,11.49,9.57,2026-03-22 17:12:21,amazon Ledsone,false
1127098,205-5039000-6945919,AMAZON,B0FR8S2WJF,,LSCY290BG+RPR44WH,1,17.49,17.49,2026-03-22 17:26:00,amazon Dcvoltage,false
1127099,206-9230811-7713901,AMAZON,B0CYXB8RPH,,ENC771,1,20.79,20.79,2026-03-22 17:27:03,amazon Dcvoltage,false
1127100,026-2112763-1134760,AMAZON,B08PD6QTFG,,LSSS300SN+RPR44WH,1,14.99,12.49,2026-03-22 17:21:03,amazon Ledsone,false
1127103,202-7806390-7648366,AMAZON,B0D7ZRWBS2,,LSCY290BI2PK+RPR44WH2PK,1,24.99,20.82,2026-03-22 17:26:32,amazon Ledsone,false
1127113,203-9246420-7191526,AMAZON,B0F8QCCLMM,,CERU80300BM,1,7.88,4.16,2026-03-22 17:31:13,amazon Ledsone,false
1127114,204-4164027-5261958,AMAZON,B0F7L66VHH,,TSTS50WH,1,4.58,1.41,2026-03-22 17:32:56,amazon Ledsone,false
1127115,203-6824165-4843505,AMAZON,B0GCZ9ZLXK,,CRSF1203WH,1,10.38,6.24,2026-03-22 17:36:09,amazon Ledsone,false
1127120,202-4747466-5140359,AMAZON,B0D8P6VR32,,IMCWFPK,1,31.39,26.16,2026-03-22 17:45:05,amazon Ledsone,false
1127121,204-3834581-0990756,AMAZON,B0823ZDYDS,,LDMST64E2746PK,1,19.29,19.29,2026-03-22 17:44:30,amazon Dcvoltage,false
1127122,026-3248315-0321162,AMAZON,B0D59PM2Y5,,WCB3BM2PK+RPR44WH2PK,1,15.98,15.98,2026-03-22 17:47:41,amazon Dcvoltage,false
1127140,206-3119969-0602715,AMAZON,B0CKHMQBBH,,CRFF500BM+PHNW1RBM3PK,1,40.89,40.89,2026-03-22 18:11:47,amazon Dcvoltage,false
1127141,205-7829278-0883528,AMAZON,B08XNPXBF3,,LSSS300SN+RPR44WH,1,13.49,13.49,2026-03-22 18:15:21,amazon Dcvoltage,false
1127142,202-3244692-0161961,AMAZON,B0CVMWVTSD,,CENU46450BM,1,7.27,3.89,2026-03-22 18:16:04,amazon Dcvoltage,false
1127143,204-5622431-1465129,AMAZON,B0DHVLVBJF,,LHSHE27YB,1,7.89,7.89,2026-03-22 18:17:57,amazon Dcvoltage,false
1127144,204-5622431-1465129,AMAZON,B0DH68WNYV,,CL2TGY5PK,1,10.09,10.09,2026-03-22 18:17:57,amazon Dcvoltage,false
1127145,202-2378536-8164367,AMAZON,B0DG29SP2H,,LDMA60E274WW2PK,1,8.99,7.49,2026-03-22 18:17:10,amazon Ledsone,false
1127146,203-2520950-5539515,AMAZON,B0FPWXQWQD,,LDCWA60HB2296PK,1,10.13,6.24,2026-03-22 18:18:54,amazon Ledsone,false
1127147,205-5822876-8801132,AMAZON,B0FPWZ7H6Z,,LDCWA95B22226PK,1,12.89,10.74,2026-03-22 18:16:56,amazon Ledsone,false
1127148,206-5867834-6071504,AMAZON,B0CCLC75FH,,LSMS320RE+RPR44WH,1,15.89,13.24,2026-03-22 18:17:01,amazon Ledsone,false
1127153,206-0078263-9861946,AMAZON,B0B9Y59487,,CL3TBR5PK,1,13.79,11.49,2026-03-22 18:20:01,amazon Ledsone,false
1127155,205-5076909-6013151,AMAZON,B0DFTR3M3X,,RPM40BM2PK,1,5.88,2.49,2026-03-22 18:38:33,amazon Ledsone,false
1127156,026-6988015-8195534,AMAZON,B08R3PLCH3,,LSDO210BM+RPR44WH,5,53.50,11.89,2026-03-22 18:27:22,amazon Dcvoltage,false
1127161,206-3894787-7749969,AMAZON,B0D59PM2Y5,,WCB3BM2PK+RPR44WH2PK,1,20.98,15.98,2026-03-22 18:32:57,amazon Dcvoltage,false
1127162,206-3180321-4998729,AMAZON,B0DZ22YF8C,,RWWPSY08120YE2PK,1,16.89,14.07,2026-03-22 18:35:07,amazon Ledsone,false
1127163,204-8146893-0365931,AMAZON,B0BBB5FNDF,,CL3RLG5PK,1,15.79,13.16,2026-03-22 18:31:18,amazon Ledsone,false
1127164,026-2412527-4634703,AMAZON,B0F2FYS1WB,,RWT570YE,1,12.29,10.24,2026-03-22 18:33:40,amazon Ledsone,false
1127172,205-5325472-8089150,AMAZON,B0BLP2VGSC,,LDMST64E278APK,1,30.89,25.74,2026-03-22 18:41:09,amazon Ledsone,false
1127173,204-6035971-7914738,AMAZON,B0G2L2T8YG,,ENC7763,2,45.58,18.99,2026-03-22 18:44:31,amazon Ledsone,false
1127174,204-3687288-6591569,AMAZON,B0FY5X423H,,LDSG1001E27,1,13.99,11.66,2026-03-22 18:47:38,amazon Ledsone,false
1127176,205-4846296-7833967,AMAZON,B0CP7CFPB5,,ENC4234,1,29.89,29.89,2026-03-22 18:45:26,amazon Dcvoltage,false
1127177,204-7165772-3467559,AMAZON,B0DGPZ76JC,,LDMG95B2286PK,1,22.49,22.49,2026-03-22 18:42:46,amazon Dcvoltage,false
1127178,203-5699841-6943515,AMAZON,B07JH4C4MF,,HLLK75BM,1,5.99,5.99,2026-03-22 18:42:37,amazon Dcvoltage,false
1127179,203-1554859-2154702,AMAZON,B081FBS4ZK,,CNP1000CH,1,8.78,5.89,2026-03-22 18:50:48,amazon Dcvoltage,false
1127180,203-2909403-3264362,AMAZON,B0CL1JXFXP,,ENC5547,1,39.89,42.89,2026-03-22 18:49:15,amazon Dcvoltage,false
1127195,206-3412048-6545932,AMAZON,B0CKSSBF61,,CRFF75CO+HK10CO,1,9.78,5.74,2026-03-22 18:52:21,amazon Ledsone,false
1127196,205-2013907-4750729,AMAZON,B0D296W5SC,,LSCY290OR3PK+RPR44WH3PK,1,35.99,29.99,2026-03-22 18:55:10,amazon Ledsone,false
1127203,206-1232899-2471558,AMAZON,B0FY3B8JKY,,WCBCFBM3PK+RPR44WH3PK,1,28.89,28.89,2026-03-22 19:04:08,amazon Dcvoltage,false
1127204,205-6156373-4563527,AMAZON,B0C43LPR9Y,,WCDTGD+RPR44WH,1,11.89,9.91,2026-03-22 19:00:41,amazon Ledsone,false
1127208,202-3805355-1997925,AMAZON,B0D93LH1YN,,ENC7472,1,31.89,26.57,2026-03-22 19:11:46,amazon Ledsone,false
1127211,206-5869935-5815545,AMAZON,B09L8KTBJS,,CRSF100BM+PHCH1BMRBM+LSDO400GY,1,21.89,18.24,2026-03-22 19:19:10,amazon Ledsone,false
1127219,026-1494852-7449941,AMAZON,B0CLZYFPLL,,CRSF100GB+PHCHPBRGB+LSCY290GB,1,26.89,22.41,2026-03-22 19:22:37,amazon Ledsone,false
1127223,205-5330503-9267546,AMAZON,B0FPWV2SHR,,LDCWT75B22126PK,1,19.49,16.24,2026-03-22 19:30:53,amazon Ledsone,false
1127225,206-5455815-8295505,AMAZON,B0D5B3CMQY,,WCDTRO2PK+RPR44WH2PK,1,18.89,18.89,2026-03-22 19:37:30,amazon Dcvoltage,false
1127229,203-4386727-0525913,AMAZON,B0CNQ1MB3F,,LDMG125B228,1,9.99,9.99,2026-03-22 19:41:48,amazon Dcvoltage,false
1127230,202-8994524-7464316,AMAZON,B0DH9FC86W,,CL3TRE3PK,1,7.99,7.99,2026-03-22 19:46:42,amazon Dcvoltage,false
1127231,026-3368198-6556342,AMAZON,B0CS9PS8J3,,LSCY210BG3PK+RPR44WH3PK,1,32.89,32.89,2026-03-22 19:48:22,amazon Dcvoltage,false
1127232,203-4467499-7957940,AMAZON,B0CVDVKW8H,,TSTLRUMRB2PK,1,16.89,9.91,2026-03-22 19:48:03,amazon Ledsone,false
1127243,204-7007725-0337114,AMAZON,B0F48M8XP1,,RWWPSY08120YE,1,12.57,9.59,2026-03-22 19:54:43,amazon Dcvoltage,false
1127244,026-1325089-3819512,AMAZON,B0CQT8BC9L,,LSDO210BM+RPR44WH,1,11.89,11.89,2026-03-22 19:51:02,amazon Dcvoltage,false
1127246,206-4238179-0412319,AMAZON,B08DR7RZL7,,PHSHF1PBRYB2PK+LSCY290YE2PK,1,35.89,35.89,2026-03-22 20:01:06,amazon Dcvoltage,false
1127247,026-2064100-5281108,AMAZON,B0DH64L6PN,,CL2TGD5PK,1,10.09,10.09,2026-03-22 20:07:58,amazon Dcvoltage,false
1127254,204-0665741-9585128,AMAZON,B0BY3972CW,,SCRN70BB2PK,1,7.58,3.91,2026-03-22 20:13:43,amazon Ledsone,false
1127255,026-2190547-6927568,AMAZON,B0DBV1PXNS,,LDSG125LOE2743PK,1,29.89,29.89,2026-03-22 20:16:24,amazon Ledsone,false
1127256,202-4786696-7501954,AMAZON,B0CVKZ67VL,,RWWPSY0860YE,2,8.67,2.41,2026-03-22 20:17:38,amazon Ledsone,false
1127263,206-8136143-0737944,AMAZON,B0B8P3Y7BD,,LDMA60B224CW,1,4.89,4.07,2026-03-22 20:21:38,amazon Ledsone,false
1127269,202-5272006-4821163,AMAZON,B0C9TWTCZ8,,LSCY210BG+RPR44WH,1,12.89,12.89,2026-03-22 20:34:11,amazon Dcvoltage,false
1127277,026-1848796-3397158,AMAZON,B0F9VGDBB8,,CL3RBW3PK,1,6.79,5.66,2026-03-22 20:46:55,amazon Ledsone,false
1127279,206-0256969-9771518,AMAZON,B0DH9831B6,,CL3TPE3PK,1,7.99,7.99,2026-03-22 20:38:13,amazon Dcvoltage,false
1127287,204-3108840-8785943,AMAZON,B0DXQ9BPVH,,LSCY290BB2PK+RPR44WH2PK,1,25.89,21.57,2026-03-22 20:51:31,amazon Ledsone,false
1127289,205-8020815-9205926,AMAZON,B093Y224LS,,PHHT1FBRBM+LSHM400HE,1,37.69,31.41,2026-03-22 20:51:08,amazon Ledsone,false
1127290,205-4414685-4205110,AMAZON,B0D28VF8S2,,LSCY290BI+RPR44WH,1,15.89,13.24,2026-03-22 20:51:08,amazon Ledsone,false
1127291,204-0810653-4699537,AMAZON,B0GJSK5VNQ,,ENC4631,1,26.99,26.99,2026-03-22 20:50:28,amazon Dcvoltage,false
1127292,204-0810653-4699537,AMAZON,B0GD5FP27N,,ENC7768,1,24.49,24.49,2026-03-22 20:50:28,amazon Dcvoltage,false
1127296,206-1612296-1863512,AMAZON,B0D296W2FG,,LSCY290GY3PK+RPR44WH3PK,1,41.79,34.82,2026-03-22 20:59:27,amazon Ledsone,false
1127301,205-7081573-6575527,AMAZON,B0F8Q9RWCH,,CERU80300WH,1,4.16,4.16,2026-03-22 21:10:40,amazon Ledsone,false
1127302,205-7081573-6575527,AMAZON,B0F8QCCLMM,,CERU80300BM,1,4.16,4.16,2026-03-22 21:10:40,amazon Ledsone,false
1127303,202-1354369-5222705,AMAZON,B0FTZH49TJ,,WCBCFBM+RPR44WH,1,14.29,11.91,2026-03-22 21:18:43,amazon Ledsone,false
1127311,204-6745248-5074748,AMAZON,B0B82XR5Y1,,PHSF1GDRYB,2,27.38,11.41,2026-03-22 21:21:40,amazon Ledsone,false
1127313,204-7727374-1232362,AMAZON,B07L6T9P7B,,CRSF100GB,1,8.89,8.89,2026-03-22 21:29:34,amazon Dcvoltage,false
1127314,026-1225907-7869169,AMAZON,B0FZCRB2RS,,LSHM400HE+RPR44WH,1,29.89,29.89,2026-03-22 21:36:54,amazon Dcvoltage,false
1127315,206-2382668-1497166,AMAZON,B094Y87SPY,,ENC614,1,38.09,31.74,2026-03-22 21:39:20,amazon Ledsone,false
1127318,203-7193115-3301119,AMAZON,B0B9KFV1PH,,CL3TGL5PK,1,12.41,12.41,2026-03-22 21:51:45,amazon Ledsone,false
1127319,203-7193115-3301119,AMAZON,B0B9YNKP23,,CL3TGL5PK,1,12.32,12.32,2026-03-22 21:51:45,amazon Ledsone,false
1127326,026-7011050-0589953,AMAZON,B0F1CX6BYH,,RWWPSY0680YE,1,6.36,3.09,2026-03-22 21:56:49,amazon Dcvoltage,false
1127327,204-5401540-2328334,AMAZON,B07YW9J1ST,,WCBNBC2PK+RPR44WH2PK,1,16.89,14.07,2026-03-22 21:52:18,amazon Ledsone,false
1127328,026-7353989-3795543,AMAZON,B0G49DDJ63,,WCCYSP180GD2PK+RPR44WH2PK,1,23.89,19.91,2026-03-22 21:59:51,amazon Ledsone,false
1127330,204-7458176-2913105,AMAZON,B0CNQ1MB3F,,LDMG125B228,1,9.99,9.99,2026-03-22 21:59:35,amazon Dcvoltage,false
1127331,205-4187686-2341148,AMAZON,B0CXSXN4KX,,LSMS320BI2PK+RPR44WH2PK,1,27.09,27.09,2026-03-22 21:57:30,amazon Dcvoltage,false
1127333,203-3003799-3527546,AMAZON,B093HBMN1F,,LSMS320WH+RPR44WH,1,14.99,12.49,2026-03-22 22:03:04,amazon Ledsone,false
1127345,202-0262473-7679534,AMAZON,B0B9SGCRWT,,CL2TBW5PK,1,12.49,10.41,2026-03-22 22:15:12,amazon Ledsone,false
1127346,026-7500723-7263511,AMAZON,B0FH6JJKV4,,SPSDP2BMY,1,8.58,4.74,2026-03-22 22:17:15,amazon Ledsone,false
1127353,205-6878139-3107513,AMAZON,B0GGDTRTN7,,CRFF100BM2PK+LHNSE27BM2PK+ICST64E272PK,1,28.89,28.89,2026-03-22 22:31:52,amazon Dcvoltage,false
1127362,202-7853456-5714734,AMAZON,B0F28YNDZN,,LSCY290RO+RPR44WH,1,15.24,15.24,2026-03-22 22:53:05,amazon Ledsone,false
1127363,202-7853456-5714734,AMAZON,B0F28YNDZN,,LSCY290RO+RPR44WH,1,15.24,15.24,2026-03-22 22:53:05,amazon Ledsone,false
1127369,203-8605305-0855542,AMAZON,B0CTTGSYKH,,LSMS320YE+RPR44WH,1,14.99,14.99,2026-03-22 23:20:24,amazon Dcvoltage,false
1127370,206-8783229-4916327,AMAZON,B09479HV6W,,LDMG95E2783PK,1,17.89,14.91,2026-03-22 23:30:45,amazon Ledsone,false
1127371,205-4619741-8902724,AMAZON,B0D4Y9DKJD,,LDMG95E2786PK,1,21.49,21.49,2026-03-22 23:41:45,amazon Dcvoltage,false
1127373,206-4016890-7185944,AMAZON,B0F9YMV74V,,LSMS320CB+RPR44WH,2,29.98,12.49,2026-03-22 23:44:35,amazon Ledsone,false
1127378,202-5165520-2815533,AMAZON,B0GMHQTBSQ,,LHXSHE27BM2PK,1,19.61,13.91,2026-03-22 23:56:49,amazon Ledsone,false
1127379,204-2734861-6002712,AMAZON,B07FDTMWHC,,CCBC24,1,7.78,4.89,2026-03-23 00:39:24,amazon Dcvoltage,false
1127380,205-9079129-2963561,AMAZON,B0FPWV2SHR,,LDCWT75B22126PK,1,19.49,16.24,2026-03-23 00:45:02,amazon Ledsone,false
1127449,205-7972908-9478758,AMAZON,B0CR8VKYRL,,LBSP400GY2PK,1,16.39,13.66,2026-03-23 04:02:42,amazon Ledsone,false
1127489,206-0528758-9965112,AMAZON,B0D94LCNBL,,PHSF1BWTWH2PK,1,16.89,14.07,2026-03-23 06:49:41,amazon Ledsone,false
1127491,206-9646427-8477966,AMAZON,B0CB7SWGD3,,SPSDP2WH2PK,1,11.09,11.09,2026-03-23 07:00:45,amazon Dcvoltage,false
1127511,203-5066585-3793102,AMAZON,B0DSC67GJ4,,PHSF1PBR20WH+LSWE315BY,5,75.55,13.99,2026-03-23 07:45:11,amazon Ledsone,false
1127512,026-4200442-0736336,AMAZON,B0D6GDQP8G,,CRSF100BC+PHNW1RBC+ICST64E27,1,16.89,14.07,2026-03-23 07:46:41,amazon Ledsone,false
1127528,205-5232111-1881969,AMAZON,B0FZCRB2RS,,LSHM400HE+RPR44WH,1,29.89,29.89,2026-03-23 08:16:13,amazon Dcvoltage,false
1127540,205-1276101-7764360,AMAZON,B0FVM8LHNX,,CERU36150BL,1,1.41,1.41,2026-03-23 08:32:26,amazon Ledsone,false
1127541,205-1276101-7764360,AMAZON,B0F8QBXCV2,,CERU48250WH,1,2.49,2.49,2026-03-23 08:32:26,amazon Ledsone,false
1127542,205-1276101-7764360,AMAZON,B0FVMCY494,,CERU36150YE,1,1.24,1.24,2026-03-23 08:32:26,amazon Ledsone,false
1127543,205-1276101-7764360,AMAZON,B0FVMD24HC,,CERU72350GR,1,5.24,5.24,2026-03-23 08:32:26,amazon Ledsone,false
1127551,026-9119119-2157144,AMAZON,B0DCZJTTPF,,CL2TAG5PK,1,12.49,10.41,2026-03-23 08:40:59,amazon Ledsone,false
1127553,206-8185279-8059561,AMAZON,B0F945Z6H2,,CL3TAG3PK,1,7.99,6.66,2026-03-23 08:45:29,amazon Ledsone,false
1127555,204-7397075-5181138,AMAZON,B08X6FT5PM,,PLTERR,1,17.90,19.89,2026-03-23 08:48:14,amazon Dcvoltage,false
1127568,204-2349743-6380359,AMAZON,B0CNJXGHSS,,WCB2BC,1,10.49,10.49,2026-03-23 08:52:43,amazon Dcvoltage,false
1127592,204-9495052-2323548,AMAZON,B0G1TC8PWQ,,CKCSBY,1,11.99,11.99,2026-03-23 09:31:54,amazon Dcvoltage,false
1127593,026-5179902-4875511,AMAZON,B0GLFZ9BSJ,,LSGLFP245BR+RPM40WH,3,53.67,17.89,2026-03-23 09:32:08,amazon Dcvoltage,false
1127594,203-4278428-4273968,AMAZON,B0F9YSF6H8,,PSFW4RBR,1,14.89,12.41,2026-03-23 09:38:19,amazon Ledsone,false
1127602,203-6167688-3625957,AMAZON,B07CV97DHX,,WJB2,1,5.89,5.89,2026-03-23 09:57:18,amazon Dcvoltage,false
1127603,204-3280272-6181119,AMAZON,B0FVMDMLND,,CERU36150RE,1,4.38,1.24,2026-03-23 09:52:55,amazon Ledsone,false
1127614,204-3204751-4892339,AMAZON,B0F7QQYMSM,,CL3TGDAPK,1,21.99,18.32,2026-03-23 10:17:50,amazon Ledsone,false
1127620,206-4425456-0576352,AMAZON,B09FGQD4VK,,CRFF500BM+PHBL1PBRBM3PK+LSDO210BM3PK,1,41.79,34.82,2026-03-23 10:19:46,amazon Ledsone,false
1127623,205-8156220-4318712,AMAZON,B08V5MK449,,CRSF100BM+PHHT1PBRBM+LSCY290BM,2,43.78,21.89,2026-03-23 10:22:49,amazon Dcvoltage,false
1127634,026-6680646-6874755,AMAZON,B0FN7L73KF,,CRSF100CH+LHNSE27CH+ICST64E27,1,11.15,10.32,2026-03-23 10:38:34,amazon Ledsone,false
1127640,203-3773482-8841966,AMAZON,B0CGM38FFG,,WCDSBM+RPR44WH,1,15.89,9.07,2026-03-23 10:54:11,amazon Ledsone,false
1127653,202-9442845-1965111,AMAZON,B08L7TCKHX,,LDCWB22185PK,1,16.89,16.89,2026-03-23 11:16:19,amazon SRM Amazon,false
1127664,206-5042813-1156342,AMAZON,B0D5QY9SQ1,,LSMCSQWYBL+RPM40WH,1,23.89,23.89,2026-03-23 11:26:25,amazon Dcvoltage,false
1127673,203-1897375-7812316,AMAZON,B0DKNLNC5G,,ENC7794,1,41.89,34.91,2026-03-23 11:30:44,amazon Ledsone,false
1127674,206-5297881-7735524,AMAZON,B0BB3NVM9D,,CL2RGD5PK,1,13.89,11.57,2026-03-23 11:32:48,amazon Ledsone,false
1127693,203-1026832-3659539,AMAZON,B0CKSTLS8P,,CRFF75SN,1,9.78,5.74,2026-03-23 11:47:09,amazon Ledsone,false
1127694,206-6635892-7666759,AMAZON,B0D83PFMTP,,WCDCBM3PK+RPR44WH3PK,1,24.49,24.49,2026-03-23 11:48:40,amazon Dcvoltage,false
1127706,202-1446528-1579505,AMAZON,B0C43MJXYS,,WCDTGR+RPR44WH,1,9.89,8.24,2026-03-23 11:48:39,amazon Ledsone,false
1127707,204-7470751-7701940,AMAZON,B0DP2SCC3K,,CRSF100CH+PHCHPCRCH+LSCY290CH,1,24.89,20.74,2026-03-23 11:50:23,amazon Ledsone,false
1127709,203-9184835-7200343,AMAZON,B0D9RVLLF7,,WCDTWH3PK+RPR44WH3PK,1,23.89,19.91,2026-03-23 11:59:05,amazon Ledsone,false
1127717,203-7496615-8238742,AMAZON,B0D2N2MJRP,,CRFF500BM,1,11.89,9.91,2026-03-23 12:10:37,amazon Ledsone,false
1127724,205-1499454-6719544,AMAZON,B0D5B68326,,WCDTGD2PK+RPR44WH2PK,1,20.89,20.89,2026-03-23 12:14:42,amazon Dcvoltage,false
1127725,202-1990102-2919540,AMAZON,B0DDC11VMP,,LSMCSPDRFL+RPM40WH,1,17.89,14.91,2026-03-23 12:14:03,amazon Ledsone,false
1127727,203-2312579-3339532,AMAZON,B0D794K9Y2,,WCB7BM2PK+RPR44WH2PK,1,16.29,13.57,2026-03-23 12:19:31,amazon Ledsone,false
1127741,203-5072352-9278746,AMAZON,B0CW1JN55M,,CKB29243DG,1,16.69,9.74,2026-03-23 12:26:20,amazon Ledsone,false
1127743,202-0452026-4710726,AMAZON,B0DMT5YWLR,,PCFT90TBM5PK,1,11.68,7.32,2026-03-23 12:29:13,amazon Ledsone,false
1127747,206-7325477-4013120,AMAZON,B0CVGLP41D,,RWWPSY0840YE2PK,1,14.88,11.99,2026-03-23 12:30:57,amazon Dcvoltage,false
1127748,204-2378414-2147569,AMAZON,B0BB3NVM9D,,CL2RGD5PK,1,13.89,11.57,2026-03-23 12:29:43,amazon Ledsone,false
1127749,203-5863080-2663536,AMAZON,B0DXQ53JQF,,LSCY290CH2PK+RPR44WH2PK,1,27.89,23.24,2026-03-23 12:31:00,amazon Ledsone,false
1127773,026-1082299-4713106,AMAZON,B0CTT266YY,,LSCO335GY2PK+RPR44WH2PK,1,23.89,23.89,2026-03-23 13:00:19,amazon Dcvoltage,false
1127774,202-6218218-6657910,AMAZON,B0F9VF3XSY,,CL3RBR3PK,1,6.79,5.66,2026-03-23 13:00:55,amazon Ledsone,false
1127775,026-9021065-4893153,AMAZON,B0DZDW7B3D,,CL2RBW2PK,1,5.99,4.99,2026-03-23 13:08:44,amazon Ledsone,false
1127776,203-4167454-0908365,AMAZON,B0D298QXXM,,LSCY290GY2PK+RPR44WH2PK,1,28.29,23.57,2026-03-23 13:08:52,amazon Ledsone,false
1127794,026-9781951-6626758,AMAZON,B0DX6TP9TZ,,CENU36300WH,1,5.28,1.66,2026-03-23 13:25:19,amazon Ledsone,false
1127795,205-9380949-1711522,AMAZON,B08X6FT5PM,,PLTERR,1,19.89,19.89,2026-03-23 13:21:24,amazon Dcvoltage,false
1127796,204-8231640-7709935,AMAZON,B0F7LTW1CX,,LSFT220RR2PK+RPR44WH2PK,1,20.09,20.09,2026-03-23 13:22:51,amazon Dcvoltage,false
1127797,203-3140704-0204331,AMAZON,B08XW91G7T,,WCB7WH+RPR44WH,1,10.49,10.49,2026-03-23 13:23:22,amazon Dcvoltage,false
1127798,202-2461325-9410734,AMAZON,B0FXXCPV7L,,CKAP111BM,1,16.89,16.89,2026-03-23 13:27:06,amazon Dcvoltage,false
1127799,203-7606722-6713911,AMAZON,B08XBT1WYQ,,PSDS2BMRBW,1,11.99,11.99,2026-03-23 13:27:16,amazon Dcvoltage,false
1127802,202-5262530-5216313,AMAZON,B08S7G6YWN,,ENC809,1,58.73,58.73,2026-03-23 13:32:35,amazon SRM Amazon,false
1127803,205-5603355-1169962,AMAZON,B0D297H6ZM,,LSCY290BM2PK+RPR44WH2PK,1,26.89,22.41,2026-03-23 13:36:56,amazon Ledsone,false
1127804,026-3953336-4812344,AMAZON,B0FWBWKCNX,,PHHR3DSTHE+ICST64E272PK,2,41.59,21.89,2026-03-23 13:36:14,amazon Dcvoltage,false
1127805,204-7885122-7667529,AMAZON,B0CZNLY8CR,,LSSS300BC2PK+RPR44WH2PK,1,23.99,23.99,2026-03-23 13:38:49,amazon Dcvoltage,false
1127826,203-3087033-5137934,AMAZON,B0DX6BP7GV,,CENU46450WH,3,14.38,3.24,2026-03-23 14:14:29,amazon Ledsone,false
1127828,206-5543110-2185946,AMAZON,B0D44ZF4KW,,PHSF2ROTRO+ICST64E27,1,16.89,16.89,2026-03-23 14:13:10,amazon Dcvoltage,false
1127829,202-7254838-2166720,AMAZON,B0D59PJ89M,,WCB2BS2PK+RPR44WH2PK,1,15.79,15.79,2026-03-23 14:15:42,amazon Dcvoltage,false
1127833,202-5306306-2680365,AMAZON,B0DH937VLZ,,CL3TCR3PK,2,17.98,8.99,2026-03-23 14:22:58,amazon Dcvoltage,false
1127840,203-5279453-8093946,AMAZON,B08XBQ6VPT,,PSDS4BMRBR,2,26.92,14.17,2026-03-23 14:38:37,amazon Dcvoltage,false
1127846,204-5019646-4111556,AMAZON,B0DFBMF3Q2,,WCDTRO3PK+RPR44WH3PK,1,24.29,24.29,2026-03-23 14:43:28,amazon Dcvoltage,false
1127849,206-9291002-7119557,AMAZON,B07CR174H2,,CL3TGR5PK,1,9.91,9.91,2026-03-23 14:43:43,amazon Ledsone,false
1127850,206-9291002-7119557,AMAZON,B0B9Y5MRSK,,CL3TGD5PK,1,10.91,10.91,2026-03-23 14:43:43,amazon Ledsone,false
1127851,202-9535627-2258712,AMAZON,B0DZ22YF8C,,RWWPSY08120YE2PK,1,16.89,14.07,2026-03-23 14:45:04,amazon Ledsone,false
1127852,206-9297185-8260342,AMAZON,B09L8H35VL,,PHSH1HETYB+LSCY290BC,1,21.89,18.24,2026-03-23 14:49:58,amazon Ledsone,false
1127853,206-8742901-7109105,AMAZON,B0DBPWGS2Y,,PHHR3DSTHE+ICST64E272PK,1,21.49,17.91,2026-03-23 14:46:41,amazon Ledsone,false
1127866,026-7975640-0945114,AMAZON,B0DF7BD73R,,CRSF100BM+PHRYWP1RBM,3,33.89,9.91,2026-03-23 14:54:54,amazon Ledsone,false
1127867,204-4789847-7437104,AMAZON,B0D4Y9DKJD,,LDMG95E2786PK,1,21.49,21.49,2026-03-23 14:54:28,amazon Dcvoltage,false
1127878,026-2648294-4897106,AMAZON,B0CH17JLH8,,LSBF3BWG+ICST64E273PK,1,47.49,39.57,2026-03-23 15:13:54,amazon Ledsone,false
1127880,203-6726267-7444327,AMAZON,B0D28VF8S2,,LSCY290BI+RPR44WH,8,114.41,13.24,2026-03-23 15:32:43,amazon Ledsone,false
1127886,203-6244155-2154721,AMAZON,B0C3GX7DNZ,,LSDO210YE+RPR44WH,1,11.69,9.74,2026-03-23 15:26:37,amazon Ledsone,false
1127892,204-6633092-7509124,AMAZON,B0DH4LFC25,,WCDCBM3PK+RPR44WH3PK,1,25.19,20.99,2026-03-23 15:34:34,amazon Ledsone,false
1127893,205-8669403-6048322,AMAZON,B0CVQ5H4NX,,RWT5120YE,1,15.39,12.82,2026-03-23 15:35:15,amazon Ledsone,false
1127894,205-4917762-8418762,AMAZON,B0GLXRPL51,,LHXWPE27PPWH,1,8.18,4.41,2026-03-23 15:38:35,amazon Ledsone,false
1127895,026-1426236-3357125,AMAZON,B0DY7NXLY4,,RWWPSY0640YE,1,6.49,6.49,2026-03-23 15:37:54,amazon SRM Amazon,false
1127899,204-1684777-7590733,AMAZON,B08B1N1LJT,,CRSF100CO+LHNSE27CO+SCRN70CO+LSTF40CO,2,30.40,16.89,2026-03-23 15:36:32,amazon Dcvoltage,false
1127900,205-7019165-5318727,AMAZON,B09B7T6173,,LSTF40BM+RPR44WH,1,10.89,10.89,2026-03-23 15:43:35,amazon Dcvoltage,false
1127901,203-0035764-7825912,AMAZON,B0DCZLZ3J1,,CL2TIV5PK,1,12.49,10.41,2026-03-23 15:44:29,amazon Ledsone,false
1127914,206-1992939-0829961,AMAZON,B0F291K6SL,,LSCY290YE+RPR44WH,1,15.89,13.24,2026-03-23 15:51:23,amazon Ledsone,false
1127915,205-4921114-8687534,AMAZON,B0B4BGQRQL,,PSDS2BMRBR,4,43.16,9.99,2026-03-23 15:54:40,amazon Ledsone,false
1127916,026-6554309-5436327,AMAZON,B0C37PWHDM,,CRFF105WH,1,10.78,6.57,2026-03-23 15:58:56,amazon Ledsone,false
1127922,206-8649918-1196347,AMAZON,B0DX7589SX,,CERU36200YE,1,4.78,1.57,2026-03-23 16:07:45,amazon Ledsone,false
1127924,203-4221785-4569941,AMAZON,B08XW91G7T,,WCB7WH+RPR44WH,1,10.49,10.49,2026-03-23 16:07:30,amazon Dcvoltage,false
1127931,203-0230758-2038754,AMAZON,B0D2979K33,,LSCY290YE3PK+RPR44WH3PK,1,40.99,34.16,2026-03-23 16:16:41,amazon Ledsone,false
1127932,026-7418324-1873907,AMAZON,B0FJ2L7LQF,,STPVC17ABL,1,4.98,2.09,2026-03-23 16:17:14,amazon Dcvoltage,false
1127939,204-9244077-8927515,AMAZON,B0CP7X9FY9,,ENC7626,1,24.89,24.89,2026-03-23 16:22:56,amazon Dcvoltage,false
1127940,206-1801240-9584332,AMAZON,B0BNW49WGT,,CRSF100BC+LHNSE27YB+SCRN70BC+LSWD360BC,2,53.78,26.89,2026-03-23 16:24:22,amazon Dcvoltage,false
1127942,026-0960154-7197928,AMAZON,B0B9Y5MRSK,,CL3TGD5PK,1,13.09,10.91,2026-03-23 16:27:21,amazon Ledsone,false
1127950,202-3773394-0045152,AMAZON,B0F2T3FKSZ,,RWWPSYBF25GY,1,4.28,1.39,2026-03-23 16:35:21,amazon Dcvoltage,false
1127959,205-2940109-3599525,AMAZON,B0DF9VCS2S,,LHSHE27SN2PK,1,17.49,14.57,2026-03-23 16:43:39,amazon Ledsone,false
1127960,206-4532829-6134755,AMAZON,B0DB29LMHK,,CRFF75BA2PK,2,22.98,9.57,2026-03-23 16:39:35,amazon Ledsone,false
1127961,202-1288261-6761141,AMAZON,B0BRQC2VY9,,LDWWE27252PK,1,15.98,13.32,2026-03-23 16:47:01,amazon Ledsone,false
1127962,204-8552022-4680352,AMAZON,B0FPQVSMFT,,LDCWT75B2212,1,8.79,7.32,2026-03-23 16:45:07,amazon Ledsone,false
1127963,205-6742175-1793139,AMAZON,B0CS3K4LTZ,,WCB7BM+RPR44WH,1,10.91,8.02,2026-03-23 16:41:02,amazon Dcvoltage,false
1127972,202-5190729-1511557,AMAZON,B0GCZG4XFD,,CRSF120WH,1,8.78,4.91,2026-03-23 16:51:24,amazon Ledsone,false
1127973,203-3755202-8903534,AMAZON,B0FKGDP8YB,,ENC7268,1,130.88,109.07,2026-03-23 00:56:23,amazon Ledsone,false
1127974,202-1595603-4052359,AMAZON,B0CKWLS9WR,,CL3RHE5PK,1,14.09,14.09,2026-03-23 16:58:16,amazon Dcvoltage,false
1127984,205-8776538-4592356,AMAZON,B07F9HBHVY,,LDMT45E274,1,5.89,5.89,2026-03-23 17:11:56,amazon Dcvoltage,false
1128001,204-1857431-2724318,AMAZON,B0F28YNDZN,,LSCY290RO+RPR44WH,2,36.58,15.24,2026-03-23 17:36:44,amazon Ledsone,false
1128002,205-4294448-4066760,AMAZON,B0DC1T5YLF,,STMT4845WHAPK,1,9.89,9.89,2026-03-23 17:41:16,amazon Dcvoltage,false
1128006,203-0942024-2295526,AMAZON,B0FM7WKKV7,,ENC9035,1,27.89,23.24,2026-03-23 17:45:27,amazon Ledsone,false
1128011,026-2008944-6346740,AMAZON,B0CKSRCVKQ,,CRFF75CH,1,9.78,5.74,2026-03-23 17:51:06,amazon Ledsone,false
1128015,206-5711068-9007501,AMAZON,B0CNQ1MB3F,,LDMG125B228,1,9.99,9.99,2026-03-23 17:46:27,amazon Dcvoltage,false
1128018,205-4402284-3578706,AMAZON,B08XC1QT69,,CL3THEAPK,35,769.65,21.99,2026-03-23 18:06:00,amazon Dcvoltage,false
1128024,202-8707961-4183501,AMAZON,B0CVXBKBPD,,WMBS1WO,1,21.69,18.07,2026-03-23 18:18:00,amazon Ledsone,false
1128025,203-7240551-2582722,AMAZON,B0DH9BRNQ7,,CL3THE3PK,1,10.88,7.99,2026-03-23 18:15:01,amazon Dcvoltage,false
1128034,202-9428751-7751521,AMAZON,B0C7Q6ZQ8T,,CRSF100BM+PHHT1PBRBM+LSHM400HE,1,35.69,35.69,2026-03-23 18:28:12,amazon Dcvoltage,false
1128039,206-3110054-4152333,AMAZON,B0CP7CFPB5,,ENC4234,1,29.89,29.89,2026-03-23 18:29:09,amazon Dcvoltage,false
1128040,203-0766560-7365967,AMAZON,B0DH8XKTL8,,CL3TBK3PK,1,8.99,8.99,2026-03-23 18:37:27,amazon Dcvoltage,false
1128041,026-5732865-8005908,AMAZON,B0DY7LXYJ3,,RWWPSY0860YE,1,9.88,6.99,2026-03-23 18:37:22,amazon SRM Amazon,false
1128059,026-9687162-9202721,AMAZON,B0CMCPXP21,,CRFF500FG+WCCY1ROGD3PK+LDDTCE27123PK,1,62.89,52.41,2026-03-23 18:57:50,amazon Ledsone,false
1128060,205-3197202-3614755,AMAZON,B0CVGSG4WH,,CENU19150BM,1,4.18,0.74,2026-03-23 18:58:14,amazon Ledsone,false
1128061,026-6111131-5145909,AMAZON,B0CFHMTJDJ,,CRSF100BM2PK+PHRNWP1RBM2PK+ICST64E272PK,1,27.69,23.07,2026-03-23 18:59:14,amazon Ledsone,false
1128062,202-7698794-5522717,AMAZON,B0CVGSRCN1,,RWWPSY0680YE2PK,1,11.49,11.49,2026-03-23 18:58:12,amazon Dcvoltage,false
1128063,202-7698794-5522717,AMAZON,B0CVGY5P13,,RWWPSY08120YE,1,9.59,9.59,2026-03-23 18:58:12,amazon Dcvoltage,false
1128064,204-4827566-2004342,AMAZON,B07L85XG3N,,CL3TWHAPK,1,21.99,21.99,2026-03-23 18:59:25,amazon Dcvoltage,false
1128069,202-5859081-4101969,AMAZON,B08TQSGTRN,,CRSF100BC+LHNSE27YB+SCRN70BC+LSWD360BC,1,26.89,26.89,2026-03-23 19:01:32,amazon Dcvoltage,false
1128070,205-0818196-4834728,AMAZON,B08XW91G7T,,WCB7WH+RPR44WH,1,10.49,10.49,2026-03-23 19:03:04,amazon Dcvoltage,false
1128071,206-9388094-9378714,AMAZON,B0F1D3YQPG,,RWWPSY10GY,1,2.49,2.49,2026-03-23 19:05:43,amazon Dcvoltage,false
1128072,206-9388094-9378714,AMAZON,B0F1D59PXR,,RWWPSY08GY,1,1.99,1.99,2026-03-23 19:05:43,amazon Dcvoltage,false
1128080,204-8479218-5891555,AMAZON,B0DC49B5SC,,LSDO300CO+RPR44WH,1,18.49,15.41,2026-03-23 19:16:39,amazon Ledsone,false
1128081,204-0552073-3535547,AMAZON,B0DH9831B6,,CL3TPE3PK,1,7.99,7.99,2026-03-23 19:10:12,amazon Dcvoltage,false
1128082,026-3232817-6120326,AMAZON,B0C9WZSBGH,,LSDO210RR+RPR44WH,1,11.89,11.89,2026-03-23 19:14:18,amazon Dcvoltage,false
1128083,206-2065761-7001157,AMAZON,B0FHPMM3WZ,,CRFF100CO2PK+LHNSE27CO2PK,1,23.89,23.89,2026-03-23 19:12:07,amazon Dcvoltage,false
1128089,203-5327651-0916369,AMAZON,B0F5WFYR8X,,LSFC280BT,1,15.39,15.39,2026-03-23 19:28:52,amazon Dcvoltage,false
1128090,026-6302982-2396348,AMAZON,B0CCW6LMXF,,LSCY290RO+RPR44WH,1,18.29,15.24,2026-03-23 19:27:21,amazon Ledsone,false
1128091,206-6317317-5669127,AMAZON,B0CN376GSP,,CRSF1202BM+PHHT2PBRBM2PK+SPUPBM2PK,1,18.89,15.74,2026-03-23 19:24:51,amazon Ledsone,false
1128098,203-4792269-1085140,AMAZON,B09YYSLDWP,,PLADBM+LSDO210BG3PK+ICST64E273PK,1,58.89,58.89,2026-03-23 19:26:59,amazon Dcvoltage,false
1128099,026-2769292-5319507,AMAZON,B0CCHYSJWC,,SPSDP2YB,1,8.58,4.74,2026-03-23 19:31:31,amazon Ledsone,false
1128108,026-6628496-4639553,AMAZON,B08XMVGF2V,,WCB7RR+RPR44WH,3,35.67,11.89,2026-03-23 19:39:42,amazon Dcvoltage,false
1128109,202-2376776-6765159,AMAZON,B0DTHKKQV6,,WCB7BM3PK+RPR44WH3PK,1,22.89,22.89,2026-03-23 19:42:56,amazon Dcvoltage,false
1128118,202-0156121-8932344,AMAZON,B0CCHZNHT9,,SPSDP2WH,2,14.27,4.74,2026-03-23 19:54:12,amazon Ledsone,false
1128119,206-4986799-2729158,AMAZON,B0DH5QZDFH,,CL2TRO,1,5.09,5.09,2026-03-23 19:27:05,amazon Dcvoltage,false
1128128,205-1929118-2812322,AMAZON,B0DF7BD73R,,CRSF100BM+PHRYWP1RBM,1,11.89,9.91,2026-03-23 20:00:59,amazon Ledsone,false
1128129,202-0330884-1329138,AMAZON,B0CTCMMMRT,,CRSF100CO+CL3TBR+LHSHE27CO,1,11.89,9.91,2026-03-23 20:06:09,amazon Ledsone,false
1128136,205-7705596-5530748,AMAZON,B0FH9LPKCX,,ENC8927,1,17.89,14.91,2026-03-23 20:16:19,amazon Ledsone,false
1128137,206-4521692-6601949,AMAZON,B0FJ5J4WMV,,CRSF100WH2PK,1,11.48,11.48,2026-03-23 20:11:42,amazon Dcvoltage,false
1128138,203-8491805-0912314,AMAZON,B09JZ313P8,,LDST45E2746PK,1,45.99,45.99,2026-03-23 20:15:22,amazon Dcvoltage,false
1128145,205-7473784-9540369,AMAZON,B0F1CX9BKB,,RWWPSY10100YE,1,9.88,6.99,2026-03-23 20:21:55,amazon Dcvoltage,false
1128146,026-6117233-2146709,AMAZON,B0DWDY6DW1,,WSNWBM+LSHQ180BM+ICST64E27,2,47.78,23.89,2026-03-23 20:28:16,amazon Dcvoltage,false
1128147,026-2069168-1206769,AMAZON,B0BWYR87HL,,CRSF100GS+WSWH135BM+LSHQ150OR,3,50.46,15.57,2026-03-23 20:21:27,amazon Ledsone,false
1128149,202-9088019-5807548,AMAZON,B0C43N2F3D,,WCDTWH+RPR44WH,1,11.89,9.91,2026-03-23 20:30:32,amazon Ledsone,false
1128154,203-4995078-8309906,AMAZON,B0CCHYSJWC,,SPSDP2YB,1,8.58,4.74,2026-03-23 20:36:29,amazon Ledsone,false
1128159,203-3662807-9678723,AMAZON,B0GDCN4LCW,,LDMT185E2736PK,3,58.56,17.49,2026-03-23 20:41:41,amazon Ledsone,false
1128164,205-7444706-1449164,AMAZON,B07CRVMGZV,,CL3RBU5PK,1,14.89,14.89,2026-03-23 20:51:29,amazon Dcvoltage,false
1128165,206-1396175-9984318,AMAZON,B08V5MK449,,CRSF100BM+PHHT1PBRBM+LSCY290BM,2,43.78,21.89,2026-03-23 20:49:39,amazon Dcvoltage,false
1128176,205-9140782-9412358,AMAZON,B0BBS12BDR,,CL3TBTAPK,1,23.29,19.41,2026-03-23 21:13:00,amazon Ledsone,false
1128180,204-6828600-0098739,AMAZON,B0C43L42DK,,WCDTRE+RPR44WH,1,10.89,9.07,2026-03-23 21:16:57,amazon Ledsone,false
1128181,206-0975168-2297151,AMAZON,B0B8P4MCRK,,LDA60B224WW2PK,1,10.89,9.07,2026-03-23 21:17:22,amazon Ledsone,false
1128182,205-0479506-3122710,AMAZON,B0CMCQHXZ3,,CRFF500FG+WCCY1ROGD3PK,1,53.89,44.91,2026-03-23 21:21:25,amazon Ledsone,false
1128187,026-6816860-9361936,AMAZON,B0DH9CFGZ1,,CL3TCR2PK,1,5.99,5.99,2026-03-23 21:23:57,amazon Dcvoltage,false
1128189,205-5219006-2113934,AMAZON,B0F9VGLPDL,,CL3RGL3PK,1,6.79,5.66,2026-03-23 21:24:34,amazon Ledsone,false
1128190,202-4226535-3147510,AMAZON,B0C4LWJMCS,,LSLC180BM+RPR44WH,1,11.89,9.91,2026-03-23 21:26:52,amazon Ledsone,false
1128193,206-2748470-5851513,AMAZON,B0G49DDJ63,,WCCYSP180GD2PK+RPR44WH2PK,1,23.89,19.91,2026-03-23 21:34:31,amazon Ledsone,false
1128194,204-1756325-8305964,AMAZON,B0F9WHLSFZ,,LSCY290BG+RPR44WH,1,16.59,13.82,2026-03-23 21:38:01,amazon Ledsone,false
1128195,205-3826034-7016340,AMAZON,B0DH65T5C9,,CL2THE2PK,1,6.99,6.99,2026-03-23 21:33:44,amazon Dcvoltage,false
1128211,204-9694310-4555502,AMAZON,B0CGD9RQ7D,,CRSF100WH+PHRY1PCRWH,1,12.89,10.74,2026-03-23 22:04:44,amazon Ledsone,false
1128212,203-6313511-9201933,AMAZON,B09479HV6W,,LDMG95E2783PK,1,17.89,14.91,2026-03-23 22:06:57,amazon Ledsone,false
1128217,206-0045142-0684303,AMAZON,B0FGJGK9G3,,PHUH2HETBM+LSHM300HE,1,33.89,28.24,2026-03-23 22:18:55,amazon Ledsone,false
1128218,026-8025962-9724343,AMAZON,B0FPR1Y5NR,,ENC6172,1,19.69,16.41,2026-03-23 22:19:44,amazon Ledsone,false
1128219,026-9613722-2820302,AMAZON,B0BLZHCRGZ,,LDMG95E2746PK,1,24.59,20.49,2026-03-23 22:21:08,amazon Ledsone,false
1128224,205-4461045-7017924,AMAZON,B0G616NMFD,,CRSF100BM+PHNW1RBM,3,31.04,9.07,2026-03-23 22:31:25,amazon Ledsone,false
1128230,026-9804459-1091502,AMAZON,B0D7S1FK1Q,,LSMS320GR2PK+RPR44WH2PK,1,25.89,21.57,2026-03-23 22:51:17,amazon Ledsone,false
1128232,205-8373002-6396300,AMAZON,B0CM2RZNHV,,WCDTGD+RPR44WH,1,11.69,11.69,2026-03-23 23:39:38,amazon Dcvoltage,false
1128233,205-9908534-8726730,AMAZON,B09472PVQF,,LSF1HU400HE,1,35.89,35.89,2026-03-23 23:39:26,amazon Dcvoltage,false
1128234,202-1855419-8699503,AMAZON,B08S7G6YWN,,ENC809,1,58.73,58.73,2026-03-23 23:30:42,amazon SRM Amazon,false
1128240,203-5177077-3065902,AMAZON,B0F43WZJ98,,LSCY290BI+RPR44WH,1,15.89,13.24,2026-03-23 23:53:22,amazon Ledsone,false
1128241,204-0444642-1240316,AMAZON,B0CMX4P499,,WCDTWH2PK+RPR44WH2PK,1,16.89,14.07,2026-03-24 00:18:51,amazon Ledsone,false
1128242,026-9466041-8599567,AMAZON,B0CVKZ9NMV,,LSTF400WH2PK+RPR44WH2PK,2,63.96,31.98,2026-03-24 00:22:31,amazon Dcvoltage,false
1128277,204-0237410-6121967,AMAZON,B0FPWXQWQD,,LDCWA60HB2296PK,1,10.13,6.24,2026-03-24 04:37:30,amazon Ledsone,false
1128281,204-7281332-9669125,AMAZON,B0BLP2VGSC,,LDMST64E278APK,1,30.89,25.74,2026-03-24 05:19:47,amazon Ledsone,false
1128284,202-1364364-1510767,AMAZON,B0G8DYV66F,,TPOS1PRBOT+LDSHEAE274,1,24.99,19.99,2026-03-24 05:40:21,amazon Dcvoltage,false
1128291,206-4877493-3480320,AMAZON,B0F2YRB13Q,,RWWPSY10GY,1,5.38,2.49,2026-03-24 06:20:25,amazon Dcvoltage,false
1128299,205-2704653-9281952,AMAZON,B0DFC68Q9Q,,WCDTRO2PK+RPR44WH2PK,1,18.29,18.29,2026-03-24 06:41:59,amazon Dcvoltage,false
1128302,206-5682723-2871527,AMAZON,B0DJBSQXTJ,,HLRK45BM5PK,1,12.58,8.07,2026-03-24 06:57:41,amazon Ledsone,false
1128305,202-9478831-0466716,AMAZON,B0DH1YP56N,,FWS145RL,1,6.20,5.74,2026-03-24 07:04:41,amazon Ledsone,false
1128307,204-6009478-2901931,AMAZON,B0D2996WRV,,LSCY290SN3PK+RPR44WH3PK,1,42.89,35.74,2026-03-24 07:11:08,amazon Ledsone,false
1128313,026-4307777-3656337,AMAZON,B0FFS8BF7Q,,STIX245GR,1,5.38,2.07,2026-03-24 07:37:27,amazon Ledsone,false
1128314,202-4592706-3088364,AMAZON,B0CMCP8X1X,,CRFF500CH+WCCY1ROCH3PK,1,53.89,44.91,2026-03-24 07:38:53,amazon Ledsone,false
1128321,205-6991606-2599523,AMAZON,B0BZPZ49Y8,,SLW8,2,14.67,4.91,2026-03-24 07:46:54,amazon Ledsone,false
1128327,206-3573304-3099534,AMAZON,B0DNK1NCSR,,WSFS2BMYB+SCRN70BM2PK+LSFT220WH2PK,1,29.79,24.82,2026-03-24 07:51:12,amazon Ledsone,false
1128328,206-4379082-9823513,AMAZON,B0FN4CNSPS,,PLHCBS+LSDO210BS3PK,2,95.66,39.86,2026-03-24 08:02:15,amazon Ledsone,false
1128343,026-2339645-5046705,AMAZON,B09BVZC1XR,,WCTBBM,1,41.89,34.91,2026-03-24 08:09:06,amazon Ledsone,false
1128345,205-5696817-2619522,AMAZON,B0CVKZ67VL,,RWWPSY0860YE,1,5.78,2.41,2026-03-24 08:15:20,amazon Ledsone,false
1128346,026-5303588-8445149,AMAZON,B08XXLDKDG,,WCBNBS+RPR44WH,1,10.47,10.47,2026-03-24 08:09:31,amazon Dcvoltage,false
1128348,026-4330745-1048317,AMAZON,B07GJTBWVR,,24IP6736,1,10.49,10.49,2026-03-23 16:44:16,amazon Dcvoltage,false
1128355,206-1249921-7123513,AMAZON,B08VGPWXG1,,LSCY290OR+RPR44WH,1,15.49,15.49,2026-03-24 08:39:19,amazon Dcvoltage,false
1128381,202-5745407-8880325,AMAZON,B09TW8WFNQ,,CRSF108BM+WSST70BM+WCLCBM,1,19.89,16.57,2026-03-24 08:54:12,amazon Ledsone,false
1128396,204-2930377-0904326,AMAZON,B0946ZK6D8,,CRSF100CO+PHMU1PBRCO+LSDO210BC+ICST64E27,1,21.70,18.08,2026-03-24 09:13:08,amazon Ledsone,false
1128397,203-4368917-0245969,AMAZON,B0FPQHSDCP,,LSLC180BM2PK+RPR44WH2PK,1,15.89,13.24,2026-03-24 09:15:48,amazon Ledsone,false
1128398,203-9222033-6386741,AMAZON,B0DKF5347P,,12IP20480,1,32.99,32.99,2026-03-24 09:09:20,amazon Dcvoltage,false
1128426,202-8826069-1877151,AMAZON,B0CVL3DW4Q,,LSTF400BM+RPR44WH,1,16.39,13.66,2026-03-24 09:56:12,amazon Ledsone,false
1128427,205-8419499-6247500,AMAZON,B0C7H57Y9P,,LSFT220BM+RPR44WH,1,10.79,10.79,2026-03-24 09:59:40,amazon Dcvoltage,false
1128430,202-9722120-0143565,AMAZON,B083JWH1W2,,12IP2015,5,28.45,4.99,2026-03-24 10:01:37,amazon Ledsone,false
1128437,206-6369303-5874763,AMAZON,B0CR63FXY6,,CKB6820PCBM,1,31.69,26.41,2026-03-24 10:16:06,amazon Ledsone,false
1128443,204-8775068-7940363,AMAZON,B07HRGXZJD,,CCBKNWE18,1,6.99,6.99,2026-03-24 10:25:16,amazon Dcvoltage,false
1128450,205-7827780-3220349,AMAZON,B0CQR15PPF,,CL2TCR,1,6.38,3.09,2026-03-24 10:32:46,amazon Dcvoltage,false
1128459,205-5352637-7631520,AMAZON,B0DXQ53JQF,,LSCY290CH2PK+RPR44WH2PK,1,27.89,23.24,2026-03-24 10:55:44,amazon Ledsone,false
1128473,202-9180572-7627560,AMAZON,B07MMSXVG2,,CL3RPIAPK,2,51.78,21.57,2026-03-24 11:26:58,amazon Ledsone,false
1128480,203-2181847-6194718,AMAZON,B0F7LLBKDX,,PCBM20PCBMAPK,3,27.90,8.16,2026-03-24 11:30:11,amazon Ledsone,false
1128481,202-7658338-1672326,AMAZON,B0CTT9GB4R,,LSMS320WH+RPR44WH,1,14.99,14.99,2026-03-24 11:29:25,amazon Dcvoltage,false
1128482,203-1300859-1376367,AMAZON,B0DBWFK3WS,,CL2RBUAPK,1,18.49,18.49,2026-03-24 11:34:42,amazon Dcvoltage,false
1128498,206-8450427-5073106,AMAZON,B0FBRS4891,,SPHEBM5PK,1,26.39,21.99,2026-03-24 11:52:07,amazon Ledsone,false
1128504,206-3895036-8305947,AMAZON,B0FKT9FH4X,,ENC8271,10,220.10,22.01,2026-03-24 12:03:15,amazon Dcvoltage,false
1128509,026-6320109-9236312,AMAZON,B0BWS7PZ92,,LSDO210WH+RPR44WH,6,67.77,11.89,2026-03-24 12:15:36,amazon Dcvoltage,false
1128511,206-2959596-6741100,AMAZON,B0DPMXQNBH,,ENC7859,10,94.86,8.78,2026-03-24 12:03:15,amazon Ledsone,false
1128520,206-5191928-4813957,AMAZON,B0DH88CM2Z,,HLSC96BM,1,6.39,6.39,2026-03-24 12:26:23,amazon Dcvoltage,false
1128521,203-3091000-4781110,AMAZON,B0DH5Z7232,,CL2THE5PK,1,11.99,11.99,2026-03-24 12:29:05,amazon Dcvoltage,false
1128543,206-9701001-1227537,AMAZON,B09477YHK7,,LDMG95E278APK,2,70.38,29.32,2026-03-24 12:07:11,amazon Ledsone,false
1128559,205-4561448-7689945,AMAZON,B08W9BGDYY,,PHUH1HETBM+LSHM400HE,2,67.78,33.89,2026-03-24 13:14:39,amazon Dcvoltage,false
1128569,204-9060934-1078766,AMAZON,B0FN7F1LD2,,CRSF100WH+LHNSE27WH+ICST64E27,2,31.98,15.99,2026-03-24 13:21:52,amazon SRM Amazon,false
1128573,204-9068707-6772309,AMAZON,B08V5MK449,,CRSF100BM+PHHT1PBRBM+LSCY290BM,1,21.89,21.89,2026-03-24 13:38:06,amazon Dcvoltage,false
1128578,202-0410717-8320336,AMAZON,B092DTV4GG,,PHCH1FBRBM+LSCY290BI,1,20.79,17.32,2026-03-24 13:40:39,amazon Ledsone,false
1128579,202-5418879-6992312,AMAZON,B0FBX489TM,,PHSF1PBRYB+LSCY290GY,1,20.79,17.32,2026-03-24 13:42:56,amazon Ledsone,false
1128580,204-4638376-6301111,AMAZON,B0D9RWZ7H8,,CRSF100SN3PK,1,15.89,13.24,2026-03-24 13:46:14,amazon Ledsone,false
1128585,202-8364229-3295554,AMAZON,B0D9RXFTSD,,WCDTGD2PK+RPR44WH2PK,1,19.89,16.57,2026-03-24 13:54:25,amazon Ledsone,false
1128586,026-9849481-5522745,AMAZON,B09B7CB845,,ENC1715,1,91.69,76.41,2026-03-24 13:54:15,amazon Ledsone,false
1128590,203-7137973-9071525,AMAZON,B0CQNKMFJH,,PLTFRR+ICST64E2740,1,21.99,21.99,2026-03-24 14:08:18,amazon Dcvoltage,false
1128599,206-8581488-9854724,AMAZON,B08V5MK449,,CRSF100BM+PHHT1PBRBM+LSCY290BM,1,21.89,21.89,2026-03-24 14:19:16,amazon Dcvoltage,false
1128621,205-6511606-5039561,AMAZON,B0F1D1YCKQ,,RWWPSY0630YE,1,1.49,1.49,2026-03-24 14:57:48,amazon Dcvoltage,false
1128622,205-6511606-5039561,AMAZON,B0F1CX9BKB,,RWWPSY10100YE,1,6.99,6.99,2026-03-24 14:57:48,amazon Dcvoltage,false
1128623,202-9319090-2539539,AMAZON,B0DXQ8WPCG,,LSCY290SN2PK+RPR44WH2PK,1,26.90,24.91,2026-03-24 14:46:45,amazon Ledsone,false
1128629,204-0131772-7358739,AMAZON,B09ZQHGBP7,,LHCCE27BL4PK,1,18.89,15.74,2026-03-24 15:09:48,amazon Ledsone,false
1128630,204-1419069-1145956,AMAZON,B0C3QVPKYF,,ENC3549,1,78.55,65.46,2026-03-24 15:08:43,amazon Ledsone,false
1128633,026-0800064-7565918,AMAZON,B0CCF83CYJ,,LSCY290RE+RPR44WH,1,15.89,13.24,2026-03-24 15:17:42,amazon Ledsone,false
1128643,026-5742650-9326725,AMAZON,B0F1CX9BKB,,RWWPSY10100YE,1,9.88,6.99,2026-03-24 15:20:32,amazon Dcvoltage,false
1128644,026-3624913-9346740,AMAZON,B0DH68WNYV,,CL2TGY5PK,1,10.09,10.09,2026-03-24 15:23:17,amazon Dcvoltage,false
1128645,202-1448594-4502700,AMAZON,B0DH5Z7232,,CL2THE5PK,1,11.99,11.99,2026-03-24 15:28:46,amazon Dcvoltage,false
1128648,202-2491076-9128331,AMAZON,B0DH5YFWM8,,CL2THE3PK,1,10.88,7.99,2026-03-24 15:31:27,amazon Dcvoltage,false
1128649,205-2698396-6490714,AMAZON,B0D2983TQX,,LSCY290WH+RPR44WH,1,15.89,13.24,2026-03-24 15:29:51,amazon Ledsone,false
1128651,204-4349715-4322739,AMAZON,B09477YHK7,,LDMG95E278APK,1,35.19,29.32,2026-03-24 15:32:41,amazon Ledsone,false
1128652,202-8211264-1487561,AMAZON,B09479HV6W,,LDMG95E2783PK,1,17.89,14.91,2026-03-24 15:38:37,amazon Ledsone,false
1128656,204-6525144-0591554,AMAZON,B0FJ5L1H8C,,CRSF100BM2PK,1,11.48,11.48,2026-03-24 15:43:23,amazon Dcvoltage,false
1128657,204-6525144-0591554,AMAZON,B0DH69K124,,CL2TBM3PK,1,9.99,9.99,2026-03-24 15:43:23,amazon Dcvoltage,false
1128658,203-1936390-6501964,AMAZON,B0DZNQCJX5,,RWWPSY08GY,1,4.78,1.57,2026-03-24 15:40:39,amazon Ledsone,false
1128659,026-5823247-6702729,AMAZON,B08F7SRBC7,,12UK3P5A,1,16.79,16.79,2026-03-24 15:49:16,amazon SRM Amazon,false
1128663,204-6247640-6657154,AMAZON,B0CG21CP4J,,CRFF108BM+LHTKE27BA,1,10.99,9.16,2026-03-24 15:52:05,amazon Ledsone,false
1128665,204-2814225-5774746,AMAZON,B0F6Y3MZ5P,,PCGZFF+PCGZ400TP+WCPC220YE,2,45.38,18.91,2026-03-24 15:53:28,amazon Ledsone,false
1128672,205-6533828-4169158,AMAZON,B0FLXTPL92,,CRSF100YB+PHMH1HERYB,1,8.99,8.99,2026-03-24 16:07:54,amazon SRM Amazon,false
1128673,203-8230088-0298733,AMAZON,B0CW5LTNWS,,CRSF100BM+PHHT1PBRBM+LSFT320WH,2,41.56,17.32,2026-03-24 16:05:28,amazon Ledsone,false
1128686,202-9647008-8652347,AMAZON,B0DH69PYK5,,CL2TGR5PK,1,11.99,11.99,2026-03-24 16:27:16,amazon Dcvoltage,false
1128700,203-7750385-8997130,AMAZON,B0DJ98JG6N,,12IP6780,1,16.99,14.16,2026-03-24 16:36:38,amazon Ledsone,false
1128707,206-1076370-7525141,AMAZON,B0DKP2PBDZ,,HLRK45BM,1,7.98,4.24,2026-03-24 16:40:46,amazon Ledsone,false
1128708,026-1293601-9597942,AMAZON,B0G4MK1GZR,,ENC9243,1,25.89,21.57,2026-03-24 16:43:30,amazon Ledsone,false
1128709,206-6030322-9133933,AMAZON,B0F4KT3LJB,,PCGZ4WC2PK,1,6.89,5.74,2026-03-24 16:43:44,amazon Ledsone,false
1128710,206-8398250-0249909,AMAZON,B0C43L42DK,,WCDTRE+RPR44WH,1,10.89,9.07,2026-03-24 16:45:58,amazon Ledsone,false
1128714,203-9651460-9926720,AMAZON,B0DG29SP2H,,LDMA60E274WW2PK,1,8.99,7.49,2026-03-24 16:55:34,amazon Ledsone,false
1128716,026-5422143-3617950,AMAZON,B0GGS4DFB1,,CRFF100BM+PHUP1PBRBM+CNT900BM,1,18.57,18.57,2026-03-24 16:54:47,amazon Dcvoltage,false
1128721,026-2180822-5226769,AMAZON,B0CQLNCYX1,,WBMG2535WH,1,9.89,8.24,2026-03-24 17:02:40,amazon Ledsone,false
1128736,026-2444815-6913941,AMAZON,B0G1TC8PWQ,,CKCSBY,1,11.99,11.99,2026-03-24 17:20:50,amazon Dcvoltage,false
1128740,203-3714422-8671525,AMAZON,B0DFTR3M3X,,RPM40BM2PK,1,5.88,2.49,2026-03-24 17:37:28,amazon Ledsone,false
1128742,203-9955256-3105141,AMAZON,B0DSBP4962,,PLTFBC,1,19.79,19.79,2026-03-24 17:32:35,amazon Dcvoltage,false
1128743,205-2213828-8791562,AMAZON,B0CSCZ6F2V,,PHSF1BMTYB,1,19.49,9.75,2026-03-24 17:35:10,amazon Dcvoltage,false
1128745,204-0450725-9295565,AMAZON,B0DH6B49KD,,CL2TGL5PK,1,10.09,10.09,2026-03-24 17:42:13,amazon Dcvoltage,false
1128746,202-7504593-9681900,AMAZON,B07X1YN5MT,,CRSF100BM,6,41.34,6.89,2026-03-24 17:43:29,amazon Dcvoltage,false
1128747,205-4870499-0541123,AMAZON,B08V8S4719,,WCB7RR+RPR44WH,1,9.89,9.89,2026-03-24 17:44:28,amazon Dcvoltage,false
1128754,204-4415408-5720306,AMAZON,B09L8KS17V,,CRSF100BM+PHCH1BMRBM+LSDO400BI,1,21.69,18.07,2026-03-24 17:57:50,amazon Ledsone,false
1128764,206-9190638-6319548,AMAZON,B0DCKWL469,,STFG4845WH,1,6.38,2.91,2026-03-24 18:12:04,amazon Ledsone,false
1128772,026-9188377-0412328,AMAZON,B0DZ1ZYLWS,,RWWPSY10100YE2PK,1,16.99,14.16,2026-03-24 18:20:18,amazon Ledsone,false
1128775,205-1116327-4355561,AMAZON,B0FGJGK9G3,,PHUH2HETBM+LSHM300HE,1,33.89,28.24,2026-03-24 18:38:23,amazon Ledsone,false
1128776,026-6168202-8461126,AMAZON,B0D4Y9DKJD,,LDMG95E2786PK,1,19.34,21.49,2026-03-24 18:36:39,amazon Dcvoltage,false
1128777,203-9793028-7290750,AMAZON,B0CTT2G3B5,,LSMS320BU+RPR44WH,1,14.99,14.99,2026-03-24 18:36:23,amazon Dcvoltage,false
1128778,203-9793028-7290750,AMAZON,B0CTTFPLLV,,LSMS320BI+RPR44WH,1,14.99,14.99,2026-03-24 18:36:23,amazon Dcvoltage,false
1128779,203-9793028-7290750,AMAZON,B0CTTGSYKH,,LSMS320YE+RPR44WH,1,14.99,14.99,2026-03-24 18:36:23,amazon Dcvoltage,false
1128791,202-5085549-7457920,AMAZON,B0CG1PVDWD,,CRFF108CH+LHTKE27CH,1,10.01,8.34,2026-03-24 18:42:45,amazon Ledsone,false
1128802,206-6303264-6966755,AMAZON,B0DG29SP2H,,LDMA60E274WW2PK,1,8.99,7.49,2026-03-24 18:50:21,amazon Ledsone,false
1128809,203-9035065-9751517,AMAZON,B0C5CTNZKR,,CRSF100BM+WSHR135BM+LSFT220GS+ICST64E27,2,39.78,16.57,2026-03-24 19:06:56,amazon Ledsone,false
1128810,202-4190374-8048353,AMAZON,B0F32XTV5C,,RWWPSN08GY,1,5.78,2.41,2026-03-24 19:06:43,amazon Ledsone,false
1128815,026-9611258-9137131,AMAZON,B08XNPSWMN,,CRSF100BC+LHNSE27YB+SCRN70BC+LSWD360BC,2,59.78,29.89,2026-03-24 19:11:56,amazon Dcvoltage,false
1128819,206-4204700-9883502,AMAZON,B09477YHK7,,LDMG95E278APK,1,35.19,29.32,2026-03-24 19:19:16,amazon Ledsone,false
1128820,202-4040078-4801163,AMAZON,B0DZD3XWVX,,WCBNGD3PK+RPR44WH3PK,1,16.03,13.36,2026-03-24 19:25:03,amazon Ledsone,false
1128821,203-4289220-5439504,AMAZON,B0CHBDSKK4,,WCDTRO+RPR44WH,1,11.69,11.69,2026-03-24 19:19:04,amazon Dcvoltage,false
1128822,026-2113839-8313115,AMAZON,B0CVGQ8N3K,,RWWPSY0640YE,1,4.78,1.89,2026-03-24 19:21:38,amazon Dcvoltage,false
1128828,204-1743436-7510726,AMAZON,B096MTN6CQ,,CRSF100RE+PHCH1PWRSRE+LSCY290RE+ICST64E27,2,47.98,23.99,2026-03-24 19:29:31,amazon Dcvoltage,false
1128844,204-0908343-2277945,AMAZON,B081H6HHCN,,12IP6780,1,19.99,19.99,2026-03-24 20:05:36,amazon Dcvoltage,false
1128845,026-1605091-0125948,AMAZON,B0F9YMV74V,,LSMS320CB+RPR44WH,1,14.99,12.49,2026-03-24 20:04:34,amazon Ledsone,false
1128866,026-2070191-9109959,AMAZON,B07DH89GTY,,12UK3P2A,1,9.58,5.57,2026-03-24 20:23:48,amazon Ledsone,false
1128867,204-4974131-2977921,AMAZON,B07MF6MSMS,,CCBKNWE36,1,9.88,9.88,2026-03-24 20:23:10,amazon Dcvoltage,false
1128873,204-2146214-0135543,AMAZON,B0CKQSMQVC,,CRSF2003BB,1,10.09,8.41,2026-03-24 20:33:45,amazon Ledsone,false
1128879,202-9719011-6664349,AMAZON,B0BMXK47KP,,LDMA60B224CW,1,4.99,4.16,2026-03-24 20:44:32,amazon Ledsone,false
1128883,202-4136493-5289123,AMAZON,B0DD37KWMB,,CRFF108CO3PK,1,18.69,15.57,2026-03-24 20:51:24,amazon Ledsone,false
1128884,206-7837657-2714702,AMAZON,B079ZVSK6P,,12IP6710,1,7.89,6.57,2026-03-24 20:55:11,amazon Ledsone,false
1128885,203-4836660-3324318,AMAZON,B0D297QW6M,,LSCY290CB+RPR44WH,1,15.89,13.24,2026-03-24 20:56:48,amazon Ledsone,false
1128886,204-4634829-3471516,AMAZON,B0D4Y9DKJD,,LDMG95E2786PK,3,64.47,21.49,2026-03-24 20:55:39,amazon Dcvoltage,false
1128890,205-8105313-1406743,AMAZON,B0CKDZZH1L,,PLOTBC+ICST64E2740,1,16.43,14.41,2026-03-24 21:04:49,amazon Ledsone,false
1128891,205-5534626-5535506,AMAZON,B0FG2YH42V,,ENC8743,1,32.89,27.41,2026-03-24 21:06:50,amazon Ledsone,false
1128892,026-0667413-0349945,AMAZON,B0GGHCW9TP,,CRFF100CH2PK+LHNSE27CH2PK+ICST64E272PK,1,27.89,27.89,2026-03-24 21:05:30,amazon Dcvoltage,false
1128893,204-6770795-5149160,AMAZON,B0CQNKMFJH,,PLTFRR+ICST64E2740,1,21.99,21.99,2026-03-24 21:08:06,amazon Dcvoltage,false
1128895,204-1225191-4589107,AMAZON,B0FRMXL7J3,,HBGF090MAP,1,12.89,12.89,2026-03-24 21:12:07,amazon Dcvoltage,false
1128896,204-1225191-4589107,AMAZON,B0FRMM2DT6,,HBGF632BAP,1,12.89,12.89,2026-03-24 21:12:07,amazon Dcvoltage,false
1128916,205-9038317-6190739,AMAZON,B0CMX4P499,,WCDTWH2PK+RPR44WH2PK,1,16.89,14.07,2026-03-24 21:19:49,amazon Ledsone,false
1128917,205-4969808-6584339,AMAZON,B0DCKWL469,,STFG4845WH,1,6.38,2.91,2026-03-24 21:19:44,amazon Ledsone,false
1128926,203-5632249-1509119,AMAZON,B0D8YMGWWP,,CRSF100BM+WSCH135BM+LSDO210BG,1,17.99,14.99,2026-03-24 21:46:17,amazon Ledsone,false
1128927,205-4025866-6723515,AMAZON,B0F1CZF38F,,RWWPSY0840YE,1,4.88,1.99,2026-03-24 21:40:32,amazon Dcvoltage,false
1128928,205-0700866-9029939,AMAZON,B0C9TWTCZ8,,LSCY210BG+RPR44WH,1,12.89,12.89,2026-03-24 21:43:02,amazon Dcvoltage,false
1128932,206-5988134-9769943,AMAZON,B0FH6GTT5L,,SPSDP2BMY6PK,1,21.99,18.32,2026-03-24 21:50:30,amazon Ledsone,false
1128933,206-0303946-7405959,AMAZON,B0FN7H975R,,CRSF100CH+LHNSE27CH,1,12.28,7.82,2026-03-24 21:56:34,amazon Ledsone,false
1128936,203-2935585-4322744,AMAZON,B0CVL87QT7,,RWWPSY10120YE,1,10.38,6.24,2026-03-24 22:01:14,amazon Ledsone,false
1128937,204-4417162-5905146,AMAZON,B09HV6YPCH,,CRFF500BM+PHHT1PBRBM3PK+WCDTBM3PK,1,37.79,31.49,2026-03-24 22:07:49,amazon Ledsone,false
1128939,203-5511509-1454717,AMAZON,B0F9YKVGP1,,ENC8591,2,38.78,19.39,2026-03-24 22:04:48,amazon Dcvoltage,false
1128940,026-9149315-4109964,AMAZON,B08Y6YGMRV,,LSSS300RE+RPR44WH,1,14.99,14.99,2026-03-24 22:17:34,amazon Dcvoltage,false
1128943,206-5017099-0562708,AMAZON,B0DBQSJNY9,,LDSHEAE274,3,34.29,10.24,2026-03-24 22:36:51,amazon Ledsone,false
1128947,026-5253545-6401901,AMAZON,B0DH937VLZ,,CL3TCR3PK,1,8.99,8.99,2026-03-24 22:47:31,amazon Dcvoltage,false
1128948,204-2238386-9842728,AMAZON,B0DBWY3P4Q,,CL2RBMAPK,1,18.49,18.49,2026-03-24 22:57:57,amazon Dcvoltage,false
1128952,205-2754824-6458707,AMAZON,B08V5MK449,,CRSF100BM+PHHT1PBRBM+LSCY290BM,1,21.89,21.89,2026-03-24 23:02:41,amazon Dcvoltage,false
1128954,202-6537802-2997900,AMAZON,B08PC3PVWS,,ENC100,1,34.89,29.07,2026-03-24 23:14:23,amazon Ledsone,false
1128957,206-3733830-6201957,AMAZON,B0DHGLCQW2,,LSCY290WH+RPR44WH,1,15.89,13.24,2026-03-24 23:18:35,amazon Ledsone,false
1128958,204-3259326-0861935,AMAZON,B0DQD9LY98,,PHSF1AGTGB3PK,2,50.51,21.57,2026-03-24 23:25:52,amazon Ledsone,false
1128959,204-0715513-9446762,AMAZON,B0D94LCNBL,,PHSF1BWTWH2PK,1,16.47,14.07,2026-03-24 23:25:52,amazon Ledsone,false
1128960,026-8439539-2990752,AMAZON,B0CN376GSP,,CRSF1202BM+PHHT2PBRBM2PK+SPUPBM2PK,1,18.89,15.74,2026-03-24 23:34:51,amazon Ledsone,false
1128962,203-0809562-3298752,AMAZON,B08P7QV151,,WCDTGD+RPR44WH,1,11.69,11.69,2026-03-24 23:43:56,amazon Dcvoltage,false
1128963,203-0809562-3298752,AMAZON,B0BTMGT3RC,,WCBNFG+RPR44WH,1,9.89,9.89,2026-03-24 23:43:56,amazon Dcvoltage,false
1128964,202-7126783-2843525,AMAZON,B0C3HFQR8L,,ENC686,1,58.86,49.05,2026-03-24 23:42:18,amazon Ledsone,false
1128969,205-3115177-6538744,AMAZON,B0DKNBKTGR,,LHCCE27WH,1,6.09,6.09,2026-03-24 23:53:27,amazon Dcvoltage,false
1128970,203-1351789-7073927,AMAZON,B0FTL65QYG,,TSST349131GR9PK,8,316.01,36.57,2026-03-24 23:52:12,amazon Ledsone,false
1128973,203-0416146-4457910,AMAZON,B0F7942PGH,,CTBOP19L+CTBOP15L+CTBOP14L,1,14.89,14.89,2026-03-25 00:30:29,amazon Dcvoltage,false
1128987,203-1811747-2302722,AMAZON,B08XNPKHZX,,LSSS300YE+RPR44WH,1,13.49,13.49,2026-03-25 02:36:53,amazon Dcvoltage,false
1128993,206-3906651-3711502,AMAZON,B0DXQ8WPCG,,LSCY290SN2PK+RPR44WH2PK,1,29.89,24.91,2026-03-25 03:03:33,amazon Ledsone,false
1129019,026-0305313-7057174,AMAZON,B0CNW4C1VM,,ENC4304,1,37.89,37.89,2026-03-25 04:57:30,amazon Dcvoltage,false
1129020,206-8307320-2348333,AMAZON,B0F9VDWTYX,,CL3RBM3PK,1,6.79,5.66,2026-03-25 05:06:47,amazon Ledsone,false
1129021,206-5845105-8860360,AMAZON,B0CW63VJVN,,WCBNBM+RPR44WH,2,17.78,8.89,2026-03-25 05:02:36,amazon Dcvoltage,false
1129026,203-6337864-9930749,AMAZON,B0F1CX6BYH,,RWWPSY0680YE,1,6.36,3.09,2026-03-25 05:35:58,amazon Dcvoltage,false
1129031,202-0675701-0312314,AMAZON,B0DH8XPWLY,,CL3TSI3PK,1,7.99,7.99,2026-03-25 05:51:28,amazon Dcvoltage,false
1129035,026-9254828-2657139,AMAZON,B0GCZG4XFD,,CRSF120WH,1,8.78,4.91,2026-03-25 06:19:29,amazon Ledsone,false
1129042,202-6944283-5325139,AMAZON,B0FPWVFF9W,,LDCWA60HE27126PK,1,11.38,7.07,2026-03-25 06:31:01,amazon Ledsone,false
1129043,026-9310584-7581935,AMAZON,B0DF7BD73R,,CRSF100BM+PHRYWP1RBM,3,35.67,9.91,2026-03-25 06:32:05,amazon Ledsone,false
1129049,202-0317234-4616360,AMAZON,B0GR8XKW5B,,SPPGUK3PBM2PK,1,6.18,2.74,2026-03-25 07:04:58,amazon Ledsone,false
1129050,202-4323720-3192300,AMAZON,B096Y9F455,,PHDH1HETHE,1,15.79,13.16,2026-03-25 07:08:12,amazon Ledsone,false
1129051,205-6706326-3429119,AMAZON,B0F9466PK8,,CL3TGL3PK,2,13.98,5.82,2026-03-25 07:18:06,amazon Ledsone,false
1129062,206-7037967-2865968,AMAZON,B0G49DDJ63,,WCCYSP180GD2PK+RPR44WH2PK,1,23.89,19.91,2026-03-25 07:47:13,amazon Ledsone,false
1129068,206-0502789-9916329,AMAZON,B08XNPZZ6W,,LSSS300RO+RPR44WH,33,400.65,13.49,2026-03-25 07:52:05,amazon Dcvoltage,false
1129073,202-2680777-5575522,AMAZON,B0BNNTZSBR,,LDMG125B2286PK,1,24.19,20.16,2026-03-25 08:01:05,amazon Ledsone,false
1129077,206-8793348-3066709,AMAZON,B0CL7HDVC6,,LDCCB2210,1,5.99,5.99,2026-03-25 08:10:35,amazon Dcvoltage,false
1129089,204-7980761-2655521,AMAZON,B08PYZLJCK,,12IP6745,1,19.89,16.89,2026-03-25 08:35:37,amazon SRM Amazon,false
1129091,206-3907989-1042742,AMAZON,B0CCHZNHT9,,SPSDP2WH,1,8.58,4.74,2026-03-25 08:19:45,amazon Ledsone,false
1129101,202-4153261-5375547,AMAZON,B0B71MJFDZ,,CRSF100BM,1,8.88,4.99,2026-03-25 08:40:06,amazon Ledsone,false
1129102,205-6783542-2540338,AMAZON,B0FBX42VZ3,,PHSF1PBRYB+LSCY290BC,3,59.67,16.57,2026-03-25 08:40:00,amazon Ledsone,false
1129112,206-1724765-3448328,AMAZON,B0DXQ53JQF,,LSCY290CH2PK+RPR44WH2PK,1,27.89,23.24,2026-03-25 09:06:52,amazon Ledsone,false
1129113,205-5881300-1441104,AMAZON,B0BL7LQC5P,,LDMT45E2743PK,1,16.89,14.07,2026-03-25 09:08:18,amazon Ledsone,false
1129126,204-3296828-4617951,AMAZON,B0FTZFHVV1,,WCFL180RO,1,14.49,12.07,2026-03-25 09:14:23,amazon Ledsone,false
1129135,202-1763575-5116343,AMAZON,B0CN376GSP,,CRSF1202BM+PHHT2PBRBM2PK+SPUPBM2PK,1,19.89,16.57,2026-03-25 09:39:16,amazon Ledsone,false
1129148,205-0081948-6877105,AMAZON,B09479HV6W,,LDMG95E2783PK,1,17.89,14.91,2026-03-25 09:51:47,amazon Ledsone,false
1129149,204-7776836-9993156,AMAZON,B08XXWBD15,,WCB3BM+RPR44WH,1,10.29,10.29,2026-03-25 09:58:31,amazon Dcvoltage,false
1129154,204-4827408-1081926,AMAZON,B0BP2P7VDD,,LDMG125E2785PK,1,30.89,25.74,2026-03-25 10:04:38,amazon Ledsone,false
1129155,202-3778133-2700364,AMAZON,B0CNZ7RYSF,,CL3RCRAPK,1,19.99,19.99,2026-03-25 10:03:47,amazon Dcvoltage,false
1129161,202-2196797-0596337,AMAZON,B0DH4LFC25,,WCDCBM3PK+RPR44WH3PK,1,25.19,20.99,2026-03-25 10:15:42,amazon Ledsone,false
1129168,204-5726583-8831553,AMAZON,B0FY268HX2,,WCBCFRO2PK+RPR44WH2PK,1,23.89,23.89,2026-03-25 10:25:22,amazon Dcvoltage,false
1129178,202-6585042-3265130,AMAZON,B0CFLJDTLD,,WCWODV1BM2PK+ICST64E272PK,2,84.40,39.07,2026-03-25 10:35:17,amazon Ledsone,false
1129179,204-0091720-5051507,AMAZON,B0DX6WMCT6,,CENU19150BM,1,3.78,0.74,2026-03-25 10:36:11,amazon Ledsone,false
1129180,204-0386287-0151513,AMAZON,B0GQ48BNBZ,,LSGLSC115AR+RPM40WH,1,12.78,9.89,2026-03-25 10:29:53,amazon Dcvoltage,false
1129193,206-3461785-8765126,AMAZON,B0GLGGJD2R,,LSGLFP245GR+RPM40WH,1,16.10,17.89,2026-03-25 10:51:57,amazon Dcvoltage,false
1129200,204-2117365-5227544,AMAZON,B0CGZSD2RV,,LSMCSPFLMC2PK+RPM40WH2PK,1,41.30,38.24,2026-03-25 11:02:55,amazon Ledsone,false
1129201,205-3057399-5919516,AMAZON,B08VGPWXG1,,LSCY290OR+RPR44WH,1,15.49,15.49,2026-03-25 10:57:54,amazon Dcvoltage,false
1129206,203-9780955-2457931,AMAZON,B0DHX4BNBS,,CRFF110HYB,1,14.19,11.82,2026-03-25 11:10:06,amazon Ledsone,false
1129208,203-3904651-0677955,AMAZON,B0CNZ7D55V,,CL3RIVAPK,1,19.99,19.99,2026-03-25 11:13:40,amazon Dcvoltage,false
1129209,206-0558099-3657961,AMAZON,B0CNXL52CF,,CL3RBM,3,5.97,1.99,2026-03-25 11:20:27,amazon Dcvoltage,false
1129210,206-0558099-3657961,AMAZON,B0CNXKGR14,,CL3RBU,3,8.97,2.99,2026-03-25 11:20:27,amazon Dcvoltage,false
1129211,026-5650785-7489908,AMAZON,B07DW3ZY1P,,CCBC3,1,5.89,5.89,2026-03-25 11:20:02,amazon Dcvoltage,false
1129215,204-3201903-2685910,AMAZON,B0F9VF3XSY,,CL3RBR3PK,1,6.79,5.66,2026-03-25 11:25:52,amazon Ledsone,false
1129233,205-9709438-2273137,AMAZON,B0D56WV9GR,,WCB7BS2PK+RPR44WH2PK,1,18.19,18.19,2026-03-25 11:42:44,amazon Dcvoltage,false
1129234,203-6385202-7701145,AMAZON,B0BX3YZZX5,,LSSS300OR+RPR44WH,1,14.99,12.49,2026-03-25 11:39:09,amazon Ledsone,false
1129246,206-5358871-3371547,AMAZON,B0DFTR3M3X,,RPM40BM2PK,1,5.88,2.49,2026-03-25 12:01:40,amazon Ledsone,false
1129247,206-7822826-3721936,AMAZON,B094VJWCF5,,PLADBC,1,50.89,42.41,2026-03-25 12:08:05,amazon Ledsone,false
1129248,202-9286477-0176347,AMAZON,B0CP3CZ4TM,,CRFF100CH+PHUP1PCRCH+CNT900CH,1,18.57,18.57,2026-03-25 12:01:28,amazon Dcvoltage,false
1129256,206-8137229-2976337,AMAZON,B0D4Y9DKJD,,LDMG95E2786PK,1,21.49,21.49,2026-03-25 12:14:56,amazon Dcvoltage,false
1129257,205-9737775-1225967,AMAZON,B0G1TC8PWQ,,CKCSBY,1,11.99,11.99,2026-03-25 12:09:57,amazon Dcvoltage,false
1129259,026-6808815-7585103,AMAZON,B0GCZG4XFD,,CRSF120WH,1,8.78,4.91,2026-03-25 12:10:56,amazon Ledsone,false
1129276,206-3128151-7416315,AMAZON,B0F1CZT27Y,,RWWPSY0860YE,1,6.16,2.89,2026-03-25 12:27:28,amazon Dcvoltage,false
1129277,026-0595725-1496320,AMAZON,B0DCSG3CVL,,WCWDRO2PK+RPR44WH2PK,2,37.58,15.66,2026-03-25 12:34:37,amazon Ledsone,false
1129284,204-7891073-3885134,AMAZON,B093H8YG8Z,,LSMS320GY+RPR44WH,1,14.99,12.49,2026-03-25 12:48:37,amazon Ledsone,false
1129303,202-9830448-8995532,AMAZON,B0BBB4H59J,,CL3RGY5PK,2,31.58,13.16,2026-03-25 13:08:25,amazon Ledsone,false
1129310,202-0741560-6725902,AMAZON,B0743GYD52,,CO332AGYAPK,1,5.78,2.41,2026-03-25 13:11:26,amazon Ledsone,false
1129316,202-4534339-2873922,AMAZON,B09L8KS17V,,CRSF100BM+PHCH1BMRBM+LSDO400BI,1,21.69,18.07,2026-03-25 13:20:32,amazon Ledsone,false
1129324,203-8702491-4947540,AMAZON,B0DJ19521Q,,12IP6720,1,8.88,4.99,2026-03-25 13:30:50,amazon Ledsone,false
1129325,204-1655579-7639529,AMAZON,B0CLGVTF4T,,CRFF140GB+WSFSGB,14,165.86,9.57,2026-03-25 13:31:27,amazon Ledsone,false
1129336,026-8949590-5056347,AMAZON,B0D3TRBXPG,,LDDTCB22122PK,1,12.99,10.82,2026-03-25 13:50:51,amazon Ledsone,false
1129337,206-0257501-5211555,AMAZON,B0DTPG9D8M,,WCB2BM4PK+RPR44WH4PK,1,26.49,22.07,2026-03-25 13:52:09,amazon Ledsone,false
1129338,205-1333975-3198725,AMAZON,B09Z6PSMXX,,LDWWB2212,1,8.05,4.30,2026-03-25 13:52:51,amazon Ledsone,false
1129344,205-0694448-5508307,AMAZON,B0CTT4CH4C,,LSMS320GR+RPR44WH,1,14.99,14.99,2026-03-25 14:00:28,amazon Dcvoltage,false
1129345,203-5265808-8981948,AMAZON,B09C2DPRFF,,WSFH1BMYB+PSDS2RBW+SCRN70BM+LSFT220BI,1,23.99,19.99,2026-03-25 14:02:20,amazon Ledsone,false
1129346,026-8547483-5944317,AMAZON,B09HXPX2XM,,ENC1715,1,91.89,76.57,2026-03-25 14:08:44,amazon Ledsone,false
1129349,203-1946699-6273119,AMAZON,B0DCBHCVDT,,IMBLEPK,3,45.00,15.00,2026-03-25 14:10:13,amazon Dcvoltage,false
1129354,204-3388031-0772368,AMAZON,B0F48NWQLK,,RWWPSY10120YE,1,11.99,11.99,2026-03-25 14:19:33,amazon Dcvoltage,false
1129355,205-7467956-6251513,AMAZON,B0DH64L6PN,,CL2TGD5PK,1,10.09,10.09,2026-03-25 14:19:32,amazon Dcvoltage,false
1129357,206-4470934-1352342,AMAZON,B0D73P3GFS,,ENC4933,1,21.68,24.09,2026-03-25 14:25:07,amazon Dcvoltage,false
1129359,206-7946507-8973158,AMAZON,B0CQR15PPF,,CL2TCR,2,9.47,3.09,2026-03-25 14:29:09,amazon Dcvoltage,false
1129360,206-8120063-9085936,AMAZON,B0GS9MNQ44,,SPPGUK3PBR4PK,3,21.01,6.04,2026-03-25 14:27:38,amazon Dcvoltage,false
1129366,204-0502049-3867566,AMAZON,B0DH4KYFPD,,WCDTBM2PK+RPR44WH2PK,1,18.49,15.41,2026-03-25 14:29:40,amazon Ledsone,false
1129372,205-7365277-4601107,AMAZON,B0CVL87QT7,,RWWPSY10120YE,1,10.38,6.24,2026-03-25 14:36:18,amazon Ledsone,false
1129377,206-3967803-4983509,AMAZON,B0DMS67346,,CCBKNWE12,1,8.18,5.29,2026-03-25 14:46:56,amazon Dcvoltage,false
1129382,205-4073376-1487507,AMAZON,B09B7VL73B,,LSTF40YB+RPR44WH,1,11.99,11.99,2026-03-25 14:47:08,amazon Dcvoltage,false
1129383,026-3697257-1981935,AMAZON,B0DCKWL469,,STFG4845WH,1,6.38,2.91,2026-03-25 14:49:28,amazon Ledsone,false
1129384,204-0551320-9385901,AMAZON,B08KJJWJKK,,WCFSDCBM,1,46.89,34.91,2026-03-25 14:54:34,amazon Ledsone,false
1129389,204-6103776-7382766,AMAZON,B0DH63Q1QS,,CL2TBR2PK,1,6.99,6.99,2026-03-25 15:03:24,amazon Dcvoltage,false
1129390,203-3635815-5903517,AMAZON,B0C869G3X9,,CRSF100GB2PK+PHCHPBRGB2PK+LSCY290GB2PK,1,44.89,44.89,2026-03-25 15:00:11,amazon Dcvoltage,false
1129391,205-9109183-4642750,AMAZON,B0C9TWTCZ8,,LSCY210BG+RPR44WH,1,12.89,12.89,2026-03-25 15:09:15,amazon Dcvoltage,false
1129392,203-1682107-0725123,AMAZON,B0DH97YNLH,,CL3TBK5PK,1,11.99,11.99,2026-03-25 15:03:33,amazon Dcvoltage,false
1129399,202-6718734-2130758,AMAZON,B0DFHHJHZ6,,HLCH96BM,12,64.74,1.79,2026-03-25 15:08:27,amazon Dcvoltage,false
1129400,204-5465396-6774700,AMAZON,B0C9TMW8FQ,,ENC1910,2,46.20,22.89,2026-03-25 15:16:54,amazon Dcvoltage,false
1129406,202-4244804-0474708,AMAZON,B0DLWM5SKW,,CL3TCRAPK,1,20.89,20.89,2026-03-25 15:21:46,amazon Dcvoltage,false
1129410,204-8902470-8262754,AMAZON,B0DH8XKTL8,,CL3TBK3PK,1,8.99,8.99,2026-03-25 15:32:03,amazon Dcvoltage,false
1129412,204-4743408-0996351,AMAZON,B0DH9H7ZCM,,CL3TGL3PK,1,8.99,8.99,2026-03-25 15:33:40,amazon Dcvoltage,false
1129413,206-5369194-4868345,AMAZON,B0C43MJXYS,,WCDTGR+RPR44WH,1,9.89,8.24,2026-03-25 15:34:41,amazon Ledsone,false
1129419,203-1243037-0244368,AMAZON,B0FDQVB4HG,,CERU48250BM,1,7.28,3.32,2026-03-25 15:44:11,amazon Ledsone,false
1129430,026-6912134-6580361,AMAZON,B0F93PWKNB,,ENC8604,1,27.89,23.24,2026-03-25 15:50:07,amazon Ledsone,false
1129433,205-7118774-9293113,AMAZON,B09475XCMR,,LDMG95E278,7,41.93,4.99,2026-03-25 15:56:23,amazon Ledsone,false
1129436,206-9717804-3600323,AMAZON,B0CFVCM4Z5,,PSOS4BMTHE+ICST64E27,1,19.69,16.41,2026-03-25 15:58:22,amazon Ledsone,false
1129451,204-8710065-6093946,AMAZON,B0D7ZRWBS2,,LSCY290BI2PK+RPR44WH2PK,1,24.99,20.82,2026-03-25 16:05:00,amazon Ledsone,false
1129464,203-6641689-3728366,AMAZON,B0D93PN1ZS,,WCDTGR2PK+RPR44WH2PK,1,17.29,14.41,2026-03-25 16:20:41,amazon Ledsone,false
1129466,204-2784214-2969157,AMAZON,B0DCH8PGJQ,,STND242RE6PK,1,8.71,4.85,2026-03-25 16:27:28,amazon Ledsone,false
1129469,205-5891623-3073910,AMAZON,B0B9Y5MRSK,,CL3TGD5PK,1,13.09,10.91,2026-03-25 16:31:18,amazon Ledsone,false
1129470,206-0309999-7877165,AMAZON,B0CVH4KSZV,,CENU50300WH,2,7.87,2.07,2026-03-25 16:36:55,amazon Ledsone,false
1129472,204-0209864-9951516,AMAZON,B09KNVBJZW,,CRSF2003BM+PHRB1PBR40BM3PK+LSBS160GR3PK,2,65.78,27.41,2026-03-25 16:36:14,amazon Ledsone,false
1129473,205-6555194-1975512,AMAZON,B09479HV6W,,LDMG95E2783PK,1,17.89,14.91,2026-03-25 16:36:17,amazon Ledsone,false
1129483,204-8369327-8488330,AMAZON,B086XB1TTQ,,LHC1E27WH,1,5.89,4.91,2026-03-25 16:41:35,amazon Ledsone,false
1129484,026-4009728-1581111,AMAZON,B093Y7ZZQF,,ENC1312,2,40.78,16.99,2026-03-25 16:49:29,amazon Ledsone,false
1129494,205-3473110-6133161,AMAZON,B08XWSBPHW,,WCB1BM+RPR44WH,1,10.69,10.69,2026-03-25 16:49:05,amazon Dcvoltage,false
1129495,206-1269954-0428365,AMAZON,B0D9RQQZYB,,WCDCBM3PK+RPR44WH3PK,1,24.89,20.74,2026-03-25 16:56:02,amazon Ledsone,false
1129496,203-8856319-2429949,AMAZON,B0DG2BN5YP,,LDMA60E274WW5PK,2,37.78,15.74,2026-03-25 16:56:57,amazon Ledsone,false
1129504,026-5257260-5696357,AMAZON,B0DMF2KF74,,ENC9307,1,27.29,22.74,2026-03-25 17:10:27,amazon Ledsone,false
1129508,202-8940350-5360369,AMAZON,B09477YHK7,,LDMG95E278APK,1,31.67,29.32,2026-03-25 17:12:11,amazon Ledsone,false
1129510,205-2469173-7377127,AMAZON,B0GLPJH67X,,PL4HBM,1,32.48,36.09,2026-03-25 17:16:59,amazon Dcvoltage,false
1129516,202-2314507-7605932,AMAZON,B0FQVDFF8N,,CRFF108BM+PHRI1PBRBA+LSCY290BG,1,24.89,24.89,2026-03-25 17:23:13,amazon Dcvoltage,false
1129517,204-0010921-8532309,AMAZON,B0CNRL871B,,LDMST64E274,3,20.67,6.89,2026-03-25 17:24:01,amazon Dcvoltage,false
1129518,206-7063629-6765946,AMAZON,B0DWDY6DW1,,WSNWBM+LSHQ180BM+ICST64E27,4,95.56,23.89,2026-03-25 17:27:48,amazon Dcvoltage,false
1129519,206-9417636-5280308,AMAZON,B098QLN1W3,,CCBC7,1,5.89,4.91,2026-03-25 17:20:07,amazon Ledsone,false
1129520,026-2479733-9837939,AMAZON,B0CN376GSP,,CRSF1202BM+PHHT2PBRBM2PK+SPUPBM2PK,1,19.89,16.57,2026-03-25 17:29:00,amazon Ledsone,false
1129521,026-0275882-9209160,AMAZON,B0CCF6W85M,,CRSF100BM+WSLS155YB+LSFT220CH,1,16.89,14.07,2026-03-25 17:24:30,amazon Ledsone,false
1129532,202-2983290-5878744,AMAZON,B0CBCN1B9S,,CRFF500BM+PHCH1BMRBM3PK+LSCY210BG3PK+ICST64E273PK,1,46.89,39.07,2026-03-25 17:37:27,amazon Ledsone,false
1129534,026-3918393-1250747,AMAZON,B0DFTR3M3X,,RPM40BM2PK,1,5.88,2.49,2026-03-25 17:38:42,amazon Ledsone,false
1129540,204-8184165-3825962,AMAZON,B0CCJS4LPS,,SPSDP1YB3PK,1,10.09,8.41,2026-03-25 17:41:32,amazon Ledsone,false
1129541,204-7353137-0741105,AMAZON,B09LHRCHKW,,CRSF1203WH+PHTT1PWRGY3PK+SPSPWH3PK,1,21.89,18.24,2026-03-25 17:44:32,amazon Ledsone,false
1129557,203-0303996-2249155,AMAZON,B0DB2FJY1T,,CL2THEAPK,1,21.49,17.91,2026-03-25 18:04:37,amazon Ledsone,false
1129561,203-3293079-0741152,AMAZON,B0F944VB2B,,CL3TRE3PK,1,6.98,5.82,2026-03-25 18:10:37,amazon Ledsone,false
1129574,206-5671994-2823539,AMAZON,B0B71KXCZS,,CRSF100YB,1,8.88,4.99,2026-03-25 18:30:00,amazon Ledsone,false
1129575,205-7870902-3492334,AMAZON,B0C6DKPP73,,CRSF1203BM+PHBK1PBRBA3PK,1,24.89,24.89,2026-03-25 18:28:59,amazon Dcvoltage,false
1129576,203-3057020-6442732,AMAZON,B0DP24V286,,12UK3P2A,1,8.69,8.69,2026-03-25 18:40:25,amazon Dcvoltage,false
1129591,205-2190671-9289133,AMAZON,B0DXQ571HR,,LSLT360BY+RPR44WH,1,14.89,12.41,2026-03-25 19:05:23,amazon Ledsone,false
1129600,202-5571133-8216336,AMAZON,B0CNZ4NXC5,,ENC4428,1,29.89,29.89,2026-03-25 19:15:07,amazon Dcvoltage,false
1129609,026-3126752-2988337,AMAZON,B0DH4KYFPD,,WCDTBM2PK+RPR44WH2PK,1,18.49,15.41,2026-03-25 19:27:31,amazon Ledsone,false
1129610,206-5487849-0059568,AMAZON,B0D296W5SD,,LSCY290GR+RPR44WH,1,16.89,14.07,2026-03-25 19:23:44,amazon Ledsone,false
1129619,206-3073350-3060367,AMAZON,B0DH66Y429,,CL2TBP5PK,1,10.09,10.09,2026-03-25 19:42:45,amazon Dcvoltage,false
1129620,204-0563043-1417962,AMAZON,B0D793XNFS,,WCB6BS2PK+RPR44WH2PK,1,19.89,16.57,2026-03-25 19:42:35,amazon Ledsone,false
1129621,202-2040607-4299552,AMAZON,B0DCNSX683,,PLADBC2PK,1,98.89,82.41,2026-03-25 19:45:12,amazon Ledsone,false
1129629,204-9247131-3648316,AMAZON,B086XBYS87,,LHC3E27WH,1,6.49,5.41,2026-03-25 19:51:33,amazon Ledsone,false
1129631,204-6636094-9277110,AMAZON,B0FPQVSMFT,,LDCWT75B2212,1,8.79,7.32,2026-03-25 19:57:24,amazon Ledsone,false
1129632,206-7643057-4941920,AMAZON,B0CNRL871B,,LDMST64E274,3,20.67,6.89,2026-03-25 19:50:05,amazon Dcvoltage,false
1129644,204-6604160-3873126,AMAZON,B0CKSSF9F2,,CRFF75BA,2,15.29,5.74,2026-03-25 20:11:24,amazon Ledsone,false
1129647,205-5733768-6854749,AMAZON,B0DJCZRJGK,,WSLH200BM2PK+ICST64E272PK,1,20.89,17.41,2026-03-25 20:15:43,amazon Ledsone,false
1129651,205-2223494-2843500,AMAZON,B0DH88CM2Z,,HLSC96BM,3,19.17,6.39,2026-03-25 20:21:06,amazon Dcvoltage,false
1129652,203-4893995-3416362,AMAZON,B08XNPSWMN,,CRSF100BC+LHNSE27YB+SCRN70BC+LSWD360BC,2,59.78,29.89,2026-03-25 20:20:02,amazon Dcvoltage,false
1129653,202-7145263-7168342,AMAZON,B0C7GKYFRW,,ENC5166,1,19.89,19.89,2026-03-25 20:26:31,amazon Dcvoltage,false
1129654,203-9333189-5162702,AMAZON,B0C2VN1M6S,,CRSF100GB+LHNSE27GB+LSRP260GB,1,28.89,24.07,2026-03-25 20:20:02,amazon Ledsone,false
1129658,203-2365345-0540330,AMAZON,B0G7BBHQKH,,LLSQWB9W4PK,1,24.28,22.48,2026-03-25 20:30:17,amazon Ledsone,false
1129667,203-9881469-2877164,AMAZON,B0GR8KX976,,SPPGUK3PBR2PK,1,6.18,2.74,2026-03-25 20:32:29,amazon Ledsone,false
1129676,206-0942497-7528321,AMAZON,B0F9VDWTYX,,CL3RBM3PK,1,6.79,5.66,2026-03-25 20:43:28,amazon Ledsone,false
1129678,026-4493619-3877118,AMAZON,B0D4Y9DKJD,,LDMG95E2786PK,1,21.49,21.49,2026-03-25 20:51:58,amazon Dcvoltage,false
1129686,026-6975395-5930764,AMAZON,B0FH6JJKV4,,SPSDP2BMY,1,8.58,4.74,2026-03-25 20:51:44,amazon Ledsone,false
1129687,203-7044409-7246722,AMAZON,B0C9TJPM1H,,ENC1911,1,18.89,18.89,2026-03-25 20:56:31,amazon Dcvoltage,false
1129693,205-9925079-1109920,AMAZON,B0FQVCJCKP,,ENC9107,2,55.78,27.89,2026-03-25 21:00:56,amazon Dcvoltage,false
1129696,204-7490612-5078749,AMAZON,B0F8MX1L71,,CRFF140BM+LHLFE27BM+LSSS300BI,1,19.99,19.99,2026-03-25 21:14:33,amazon Dcvoltage,false
1129707,026-4468358-9614763,AMAZON,B0D794K9Y2,,WCB7BM2PK+RPR44WH2PK,1,16.29,13.57,2026-03-25 21:20:33,amazon Ledsone,false
1129708,204-4632176-8746720,AMAZON,B09477YHK7,,LDMG95E278APK,1,35.19,29.32,2026-03-25 21:25:31,amazon Ledsone,false
1129713,206-4774368-3753169,AMAZON,B08S42FF38,,ENC788,1,20.19,16.82,2026-03-25 21:33:15,amazon Ledsone,false
1129714,203-1030110-3144308,AMAZON,B0DH4KYFPD,,WCDTBM2PK+RPR44WH2PK,1,18.49,15.41,2026-03-25 21:33:08,amazon Ledsone,false
1129716,204-5551399-4427560,AMAZON,B0FPQZHKXS,,LDCWT75B22122PK,1,15.89,13.24,2026-03-25 21:39:53,amazon Ledsone,false
1129717,026-1450276-5567547,AMAZON,B0BL7LZR24,,LDMT45E2746PK,1,21.79,18.16,2026-03-25 21:42:12,amazon Ledsone,false
1129718,026-4931668-2579532,AMAZON,B0DFBMF3Q2,,WCDTRO3PK+RPR44WH3PK,1,24.29,24.29,2026-03-25 21:40:46,amazon Dcvoltage,false
1129719,205-1949398-6867555,AMAZON,B0CVGYLB25,,RWWPSY0860YE,1,8.68,5.79,2026-03-25 21:44:15,amazon Dcvoltage,false
1129725,026-4018150-2657128,AMAZON,B0CLGWCC55,,CRFF140WH2PK+WSFSWH2PK+ICST64E272PK,1,24.89,20.74,2026-03-25 21:46:07,amazon Ledsone,false
1129728,026-0286583-5433905,AMAZON,B0FXXP9BLQ,,LDSG1001E27,1,13.89,11.57,2026-03-25 22:05:23,amazon Ledsone,false
1129729,202-8751772-3697927,AMAZON,B0C7H57Y9P,,LSFT220BM+RPR44WH,2,21.58,10.79,2026-03-25 22:09:11,amazon Dcvoltage,false
1129734,205-6305860-0758760,AMAZON,B0CS3LSTMS,,WCB7BS+RPR44WH,1,11.78,8.89,2026-03-25 22:14:04,amazon Dcvoltage,false
1129739,205-3309513-1745146,AMAZON,B0BNNTZSBR,,LDMG125B2286PK,1,24.19,20.16,2026-03-25 22:26:24,amazon Ledsone,false
1129741,202-8821022-4898761,AMAZON,B0FTGCR179,,WCBCFBM+RPR44WH,1,13.94,15.49,2026-03-25 22:27:06,amazon Dcvoltage,false
1129742,203-6909404-1122764,AMAZON,B0CJCDPV58,,LSSS300GR2PK+RPR44WH2PK,1,23.79,23.79,2026-03-25 22:28:50,amazon Dcvoltage,false
1129743,202-2680509-5114709,AMAZON,B0DF2TN499,,PHSF2BMRYB2PK+SPSDP2BM2PK,1,26.89,22.41,2026-03-25 22:29:40,amazon Ledsone,false
1129747,206-9202101-9488314,AMAZON,B0CBPRYPMC,,WCB7BC2PK+RPR44WH2PK,1,21.89,21.89,2026-03-25 22:42:23,amazon Dcvoltage,false
1129749,206-2120474-8329951,AMAZON,B08JYTDJ4S,,PSDS2BMRGR,1,14.89,12.41,2026-03-25 23:05:10,amazon Ledsone,false
1129750,205-5308294-4893900,AMAZON,B0FC62KTT6,,PSDS4WHBWH,1,14.17,11.81,2026-03-25 22:55:15,amazon Ledsone,false
1129751,204-9002005-0131522,AMAZON,B0DBZ8NT3P,,ENC7393,1,42.89,35.74,2026-03-25 22:56:12,amazon Ledsone,false
1129753,206-8611460-4176320,AMAZON,B0DH4KYFPD,,WCDTBM2PK+RPR44WH2PK,1,18.49,15.41,2026-03-25 22:58:17,amazon Ledsone,false
1129755,026-0522440-7518768,AMAZON,B082DDY7BX,,CRSF2003WH,1,11.49,11.49,2026-03-25 23:14:14,amazon Dcvoltage,false
1129756,026-0522440-7518768,AMAZON,B0CB7SWGD3,,SPSDP2WH2PK,1,11.09,11.09,2026-03-25 23:14:14,amazon Dcvoltage,false
1129759,206-9818631-2377148,AMAZON,B0DTHZ1JX5,,WCDCBM4PK+RPR44WH4PK,1,30.87,27.07,2026-03-25 23:27:49,amazon Ledsone,false
1129760,205-7664670-0635526,AMAZON,B0DH4KYFPD,,WCDTBM2PK+RPR44WH2PK,2,36.98,15.41,2026-03-25 23:29:56,amazon Ledsone,false
1129761,206-1984861-4397134,AMAZON,B0CCHYSJWC,,SPSDP2YB,1,8.58,4.74,2026-03-25 23:36:12,amazon Ledsone,false
1129763,206-7956820-5233140,AMAZON,B0C9DPGRGD,,SPSDP2BM,1,5.69,5.69,2026-03-25 23:40:11,amazon Dcvoltage,false
1129764,204-2329820-5840356,AMAZON,B0F9YGXDD2,,ENC2435,2,39.98,19.99,2026-03-25 23:44:20,amazon Dcvoltage,false
1129765,204-5669342-5527527,AMAZON,B0D2N3YH2G,,CRFF500GB,1,11.89,9.91,2026-03-25 23:39:51,amazon Ledsone,false
1129766,206-1656118-3153907,AMAZON,B084C2T9QZ,,PLWEBC+PHNW1RBC+LDMST64E274,3,77.97,21.66,2026-03-25 23:45:44,amazon Ledsone,false
1129769,205-0470032-0399527,AMAZON,B08V5BWBQT,,CRSF100RR+PHCH1PBRRR+LSCY290RR,1,21.89,21.89,2026-03-25 23:51:29,amazon Dcvoltage,false
1129770,205-3759167-0820320,AMAZON,B09LR68Z1N,,CRSF100CO+LHNSE27CO+SCRN70CO+LSTF40CO,1,16.39,13.66,2026-03-25 23:51:29,amazon Ledsone,false
1129773,026-1786512-6804306,AMAZON,B08XNPSWMN,,CRSF100BC+LHNSE27YB+SCRN70BC+LSWD360BC,1,25.41,29.89,2026-03-26 00:16:37,amazon Dcvoltage,false
1129780,203-8500385-5911550,AMAZON,B0FYD6GHDY,,ENC8921,8,190.32,23.79,2026-03-26 00:50:26,amazon SRM Amazon,false
1129783,205-7850657-7253146,AMAZON,B09JVQ6VXT,,LDSG95DIE2743PK,1,24.89,24.89,2026-03-26 01:10:12,amazon Dcvoltage,false
1129784,206-4722036-3269932,AMAZON,B0CJ4RX6S2,,LSMCSPMSMC+RPM40WH,1,26.99,26.99,2026-03-26 01:25:09,amazon Dcvoltage,false
1129786,206-1617303-6429133,AMAZON,B0C9TWTCZ8,,LSCY210BG+RPR44WH,1,12.89,12.89,2026-03-26 01:25:09,amazon Dcvoltage,false
1129787,202-8661584-3708345,AMAZON,B0DH9BRNQ7,,CL3THE3PK,1,10.88,7.99,2026-03-26 02:25:23,amazon Dcvoltage,false
1129823,203-6554129-5053153,AMAZON,B0G499B37C,,WCCYSP180WH2PK+RPR44WH2PK,1,24.89,20.74,2026-03-26 04:48:37,amazon Ledsone,false
1129841,206-0027576-7650710,AMAZON,B0D76M7WF1,,LSRP260YB2PK+RPR44WH2PK,1,38.59,38.59,2026-03-26 06:53:54,amazon Dcvoltage,false
1129847,205-6950730-6339552,AMAZON,B0743GYD52,,CO332AGYAPK,1,5.78,2.41,2026-03-26 07:02:51,amazon Ledsone,false
1129855,206-6923325-2853942,AMAZON,B0DKP2PBDZ,,HLRK45BM,1,7.98,4.24,2026-03-26 07:18:06,amazon Ledsone,false
1129857,205-9430575-6546716,AMAZON,B0DQD9W4R5,,PHSF1BMTBM3PK,1,23.89,19.91,2026-03-26 07:18:07,amazon Ledsone,false
1129889,026-0037044-2840373,AMAZON,B0D794K9Y2,,WCB7BM2PK+RPR44WH2PK,1,16.29,13.57,2026-03-26 08:26:26,amazon Ledsone,false
1129894,202-6675261-9960351,AMAZON,B0CL1K1T2T,,ENC5521,1,42.89,42.89,2026-03-26 08:35:10,amazon Dcvoltage,false
1129895,204-4278722-9465153,AMAZON,B0F1CZT27Y,,RWWPSY0860YE,1,6.16,2.89,2026-03-26 08:35:07,amazon Dcvoltage,false
1129914,205-0058143-7408351,AMAZON,B08G1GZG4N,,PLTTBM+LSOL180BM,1,26.39,26.39,2026-03-26 09:42:32,amazon SRM Amazon,false
1129950,206-4107711-5376329,AMAZON,B0FS1GR136,,CRSF100YB+LHTPE27JYB+LDST45E274,8,119.12,14.89,2026-03-26 11:10:10,amazon SRM Amazon,false
1129976,205-3093964-3785957,AMAZON,B08KW4CKK4,,12IP67150,1,15.99,15.99,2026-03-26 12:08:49,amazon SRM Amazon,false
1130021,202-6133875-4685907,AMAZON,B0DH4L8NY1,,LDMG95E278APK,2,112.78,54.89,2026-03-26 13:18:28,amazon SRM Amazon,false
1130028,203-3130713-4235567,AMAZON,B0FKMJV8Q6,,CRSF100BM+WSLS155BM,2,23.98,11.99,2026-03-26 13:27:23,amazon SRM Amazon,false
1130037,203-3266998-2068329,AMAZON,B09BVZC1XT,,WCTBBB,1,41.89,34.91,2026-03-26 08:52:30,amazon Ledsone,false
1130039,204-1240401-4052362,AMAZON,B0DH4KYFPD,,WCDTBM2PK+RPR44WH2PK,1,18.49,15.41,2026-03-26 10:27:36,amazon Ledsone,false
1130040,204-0015862-0814768,AMAZON,B0D2985XLY,,LSCY290RO3PK+RPR44WH3PK,1,42.89,35.74,2026-03-26 10:41:46,amazon Ledsone,false
1130041,204-8742141-7228361,AMAZON,B0CL7X2J4P,,ENC5579,1,50.12,55.69,2026-03-26 11:46:07,amazon Dcvoltage,false
1130042,206-0625678-4612329,AMAZON,B0DHGM5NP4,,LSCY290WH2PK+RPR44WH2PK,1,26.89,22.41,2026-03-26 11:09:30,amazon Ledsone,false
1130044,204-2554227-6015563,AMAZON,B0DSBPHK7T,,PLTFBC,1,19.79,16.49,2026-03-26 11:16:38,amazon Ledsone,false
1130045,204-7628025-8473968,AMAZON,B0CJ4R5796,,LSMCSQWYBL+RPM40WH,1,23.89,23.89,2026-03-26 11:10:00,amazon Dcvoltage,false
1130046,026-0022007-1842740,AMAZON,B0C6TMDBVL,,WSFH1BMYB+PSDS2RBW+SCRN70BM+LSFT220WH,1,22.09,18.41,2026-03-26 11:19:05,amazon Ledsone,false
1130047,205-5160419-9857935,AMAZON,B09L8KTBJS,,CRSF100BM+PHCH1BMRBM+LSDO400GY,1,21.89,18.24,2026-03-26 12:46:03,amazon Ledsone,false
1130048,203-3070863-7945933,AMAZON,B0CJ9GW6TP,,BLOB1GU4002PK,1,56.89,47.41,2026-03-26 13:10:54,amazon Ledsone,false
1130049,204-3573528-9592354,AMAZON,B0DQD74HVG,,PHSF1BMTYB3PK,5,120.19,22.26,2026-03-26 13:31:50,amazon Ledsone,false
1130050,203-0458822-8093156,AMAZON,B0FZ96SQ2Z,,CRSF1204BM+PHRY2PCRBM4PK,1,35.89,29.91,2026-03-26 13:33:14,amazon Ledsone,false
1130051,204-6780661-7090755,AMAZON,B0DDPHJXK6,,ENC7579,1,45.89,38.24,2026-03-26 13:36:32,amazon Ledsone,false
1130058,203-9261781-3605117,AMAZON,B08XXWJJW9,,WCB1RR+RPR44WH,1,13.28,10.39,2026-03-26 08:53:20,amazon Dcvoltage,false
1130059,202-5668532-0746733,AMAZON,B0C7H1D9JN,,LSFT220GB+RPR44WH,1,10.79,10.79,2026-03-26 09:48:50,amazon Dcvoltage,false
1130060,206-0935790-0988318,AMAZON,B0DH93SBTS,,CL3TGY5PK,1,11.99,11.99,2026-03-26 09:50:38,amazon Dcvoltage,false
1130061,026-5409019-6256352,AMAZON,B07CJ9J658,,24IP20240,3,71.97,23.99,2026-03-26 09:56:40,amazon Dcvoltage,false
1130062,202-0566830-3814726,AMAZON,B0F48M8XP1,,RWWPSY08120YE,2,22.26,9.59,2026-03-26 10:13:59,amazon Dcvoltage,false
1130064,202-5931891-8261918,AMAZON,B081H8KK5D,,CL2TBR3PK,1,10.88,7.99,2026-03-26 10:49:31,amazon Dcvoltage,false
1130066,202-6599368-8815553,AMAZON,B0F4XY3MHC,,TSTS30WH,2,5.47,1.29,2026-03-26 11:22:49,amazon Dcvoltage,false
1130067,205-9703410-2080321,AMAZON,B08XXTQ5MN,,WCB2BS+RPR44WH,1,10.39,10.39,2026-03-26 11:22:49,amazon Dcvoltage,false
1130068,205-8798685-9506718,AMAZON,B0DH98XLXH,,CL3TBM3PK,2,20.87,9.99,2026-03-26 12:10:20,amazon Dcvoltage,false
1130072,203-0334714-2066707,AMAZON,B0GLFZ9BSJ,,LSGLFP245BR+RPM40WH,2,35.78,17.89,2026-03-26 13:03:00,amazon Dcvoltage,false
1130074,204-8717759-6765914,AMAZON,B0DF7BD73R,,CRSF100BM+PHRYWP1RBM,1,11.89,9.91,2026-03-26 08:52:22,amazon Ledsone,false
1130075,202-1059377-0962749,AMAZON,B0D6GDQP8G,,CRSF100BC+PHNW1RBC+ICST64E27,2,30.40,14.07,2026-03-26 09:07:12,amazon Ledsone,false
1130077,204-6596452-9506744,AMAZON,B0DK4TF9X2,,SPWL43BM2PK,1,13.59,11.32,2026-03-26 10:16:20,amazon Ledsone,false
1130079,026-0757628-8764355,AMAZON,B0GR8KX976,,SPPGUK3PBR2PK,1,6.18,2.74,2026-03-26 10:30:22,amazon Ledsone,false
1130081,206-9507556-1961965,AMAZON,B0DSBPHK7T,,PLTFBC,1,17.31,16.49,2026-03-26 10:37:29,amazon Ledsone,false
1130082,203-9677154-2978734,AMAZON,B0CVWZMVSD,,CKMIBC,1,7.91,7.91,2026-03-26 10:39:30,amazon Ledsone,false
1130083,203-9677154-2978734,AMAZON,B0D6B581HL,,CKBYFG,1,7.91,7.91,2026-03-26 10:39:30,amazon Ledsone,false
1130085,203-3301979-2945136,AMAZON,B0DZNLF6LK,,RWWPSY10GY,1,5.38,2.07,2026-03-26 10:44:54,amazon Ledsone,false
1130087,202-7148475-1149115,AMAZON,B0CBKFJ1FB,,PHSF2GDTFG+SPSDP2YB,2,28.24,13.07,2026-03-26 11:23:22,amazon Ledsone,false
1130088,026-8916661-4117124,AMAZON,B0DC477M3Q,,LSDO300BI+RPR44WH,1,12.89,10.74,2026-03-26 11:19:01,amazon Ledsone,false
1130089,202-3108378-9481952,AMAZON,B0DJVSWSR7,,ENC7758,1,41.89,34.91,2026-03-26 11:26:27,amazon Ledsone,false
1130093,203-7183749-4815522,AMAZON,B0F9X156JP,,LSFT220SN+RPR44WH,1,10.89,9.07,2026-03-26 12:13:18,amazon Ledsone,false
1130094,205-0230934-7801903,AMAZON,B08PYZLJCK,,12IP6745,1,16.88,14.07,2026-03-26 12:23:30,amazon Ledsone,false
1130098,206-1676998-1787533,AMAZON,B0CKSSF9F2,,CRFF75BA,1,9.78,5.74,2026-03-26 12:44:36,amazon Ledsone,false
1130101,205-7160935-3661967,AMAZON,B0C1KHWNCJ,,LSCY290SN+RPR44WH,1,17.29,14.41,2026-03-26 12:52:38,amazon Ledsone,false
1130104,205-8764647-6631534,AMAZON,B0C43MJXYS,,WCDTGR+RPR44WH,1,9.89,8.24,2026-03-26 13:40:12,amazon Ledsone,false
1130105,204-3405078-0377906,AMAZON,B0D9RXR847,,WCDTRO3PK+RPR44WH3PK,5,108.85,20.16,2026-03-26 13:51:12,amazon Ledsone,false
1130107,206-3559421-3625168,AMAZON,B0DTPTDJZS,,LSCY290YB+RPR44WH,1,17.89,14.91,2026-03-26 13:58:25,amazon Ledsone,false
1130112,204-7148751-8420309,AMAZON,B0CV7K4PZC,,RWGS1342WH,1,6.75,3.59,2026-03-26 14:07:31,amazon Dcvoltage,false
1130113,204-2114118-3385127,AMAZON,B0D794K9Y2,,WCB7BM2PK+RPR44WH2PK,1,16.29,13.57,2026-03-26 14:03:19,amazon Ledsone,false
1130117,203-5872986-8063509,AMAZON,B0F7LLBKDX,,PCBM20PCBMAPK,2,19.58,8.16,2026-03-26 14:11:33,amazon Ledsone,false
1130126,205-7990274-1413964,AMAZON,B08PYZZP4Q,,12IP6736,1,9.23,9.23,2026-03-26 14:21:49,amazon SRM Amazon,false
1130127,205-0389072-4163565,AMAZON,B0CF28734Y,,WCB4BM+RPR44WH,1,8.99,7.49,2026-03-26 14:22:45,amazon Ledsone,false
1130128,203-3340740-3006704,AMAZON,B0CGM38FFG,,WCDSBM+RPR44WH,1,15.89,9.07,2026-03-26 14:24:17,amazon Ledsone,false
1130140,204-4571988-9976307,AMAZON,B0C9DPGRGD,,SPSDP2BM,1,5.69,5.69,2026-03-26 14:28:28,amazon Dcvoltage,false
1130148,206-5193600-4791560,AMAZON,B08XXWBD15,,WCB3BM+RPR44WH,1,10.29,10.29,2026-03-26 14:49:59,amazon Dcvoltage,false
1130152,206-7758356-5296362,AMAZON,B0D5QY9SQ1,,LSMCSQWYBL+RPM40WH,1,23.89,23.89,2026-03-26 14:50:24,amazon Dcvoltage,false
1130153,203-0354183-3502750,AMAZON,B0B71CHFDH,,CRSF100SN,1,5.99,4.99,2026-03-26 14:59:58,amazon Ledsone,false
1130159,202-2751400-4229921,AMAZON,B0DH684WB8,,CL2TBR5PK,1,11.99,11.99,2026-03-26 15:11:45,amazon Dcvoltage,false
1130160,206-3571813-8337155,AMAZON,B0D73Q3P6S,,ENC4849,1,24.09,24.09,2026-03-26 15:14:28,amazon Dcvoltage,false
1130168,203-0875230-2162704,AMAZON,B0F9WHLSFZ,,LSCY290BG+RPR44WH,1,16.59,13.82,2026-03-26 15:24:38,amazon Ledsone,false
1130170,205-0164744-8842709,AMAZON,B0F1CX9BKB,,RWWPSY10100YE,1,9.88,6.99,2026-03-26 15:19:30,amazon Dcvoltage,false
1130180,205-1466898-8009141,AMAZON,B0DG29SP2H,,LDMA60E274WW2PK,1,8.99,7.49,2026-03-26 15:38:26,amazon Ledsone,false
1130195,205-4760188-2909159,AMAZON,B0CVL4GG2F,,LSTF400YE+RPR44WH,1,16.39,13.66,2026-03-26 15:55:33,amazon Ledsone,false
1130202,206-8264231-9353954,AMAZON,B0DJVSWSR7,,ENC7758,1,41.89,34.91,2026-03-26 16:02:25,amazon Ledsone,false
1130203,203-0230395-3337175,AMAZON,B0DZTPLBTR,,LSDO400BYI2PK+RPR44WH2PK,1,25.89,25.89,2026-03-26 16:01:13,amazon Dcvoltage,false
1130219,202-7146773-1513926,AMAZON,B0863LVZNG,,PHSF1AGTGB,1,11.99,9.99,2026-03-26 16:35:36,amazon Ledsone,false
1130220,206-5529388-0526750,AMAZON,B0CPBW3J4P,,LSCY290RO+RPR44WH,1,17.89,17.89,2026-03-26 16:32:47,amazon Dcvoltage,false
1130229,203-2729294-0169934,AMAZON,B0FBGLHJLN,,WSHFBC+LSHQ160BC+ICST64E27,2,43.78,21.89,2026-03-26 16:46:52,amazon Dcvoltage,false
1130230,202-3505693-7257120,AMAZON,B0GCZG4XFD,,CRSF120WH,3,20.56,4.91,2026-03-26 16:42:32,amazon Ledsone,false
1130231,206-8058305-4432313,AMAZON,B0DC6KFRL2,,PLWLBS2PK,1,28.69,23.91,2026-03-26 16:42:22,amazon Ledsone,false
1130232,205-7993160-2352309,AMAZON,B0DC44ZC8T,,WLFSWDBM,1,29.89,24.91,2026-03-26 16:43:49,amazon Ledsone,false
1130240,202-4948402-3204365,AMAZON,B0CPBXK43C,,LSCY290NB+RPR44WH,1,16.09,16.09,2026-03-26 16:45:41,amazon Dcvoltage,false
1130241,204-2005068-7184314,AMAZON,B0CNRL871B,,LDMST64E274,3,20.67,6.89,2026-03-26 16:54:49,amazon Dcvoltage,false
1130242,204-2204039-8957129,AMAZON,B0CNLZLJZT,,WCB2BM+RPR44WH,1,9.89,9.89,2026-03-26 16:58:53,amazon Dcvoltage,false
1130247,204-8869888-2752343,AMAZON,B0BX4B6F3W,,LSMS320GR+RPR44WH,3,44.97,14.99,2026-03-26 17:07:08,amazon Dcvoltage,false
1130249,203-8231726-1945111,AMAZON,B0FVM8SNYC,,CERU72450BL,1,10.78,6.57,2026-03-26 17:04:11,amazon Ledsone,false
1130258,026-6183055-9537939,AMAZON,B0DX77Y7BK,,CERU72450YE,5,41.69,6.47,2026-03-26 17:16:32,amazon Ledsone,false
1130277,204-4196582-8349150,AMAZON,B0CM2RZNHV,,WCDTGD+RPR44WH,1,11.69,11.69,2026-03-26 17:29:25,amazon Dcvoltage,false
1130292,203-9010791-0128340,AMAZON,B0GT3N3TKR,,ENC9458,2,51.78,25.89,2026-03-26 17:59:51,amazon Dcvoltage,false
1130306,203-7705040-4167558,AMAZON,B0DH92JCT9,,CL3TLPAPK,1,16.99,16.99,2026-03-26 18:06:56,amazon Dcvoltage,false
1130326,203-9558124-8630747,AMAZON,B0DJBS759W,,HLRK45BM2PK,1,8.78,4.91,2026-03-26 18:22:34,amazon Ledsone,false
1130327,203-7733306-7769919,AMAZON,B0F29KGJF5,,PLHTBM,1,16.39,13.66,2026-03-26 18:27:15,amazon Ledsone,false
1130333,204-6860671-6003544,AMAZON,B0D7S58MB1,,LSMS320BI2PK+RPR44WH2PK,1,25.89,21.57,2026-03-26 18:36:57,amazon Ledsone,false
1130334,206-4986678-7038737,AMAZON,B08B1N1LJT,,CRSF100CO+LHNSE27CO+SCRN70CO+LSTF40CO,1,16.89,16.89,2026-03-26 18:27:12,amazon Dcvoltage,false
1130335,026-1324969-9859504,AMAZON,B0B9NH45ZQ,,CL2TBU5PK,1,12.49,12.49,2026-03-26 18:51:01,amazon Dcvoltage,false
1130336,206-3347065-8908334,AMAZON,B0D6YF7VPY,,CCGNNWE48,1,10.89,10.89,2026-03-26 18:36:15,amazon Dcvoltage,false
1130337,203-1256692-7328345,AMAZON,B08VGP666V,,LSCY290WH+RPR44WH,1,15.99,15.99,2026-03-26 18:39:55,amazon Dcvoltage,false
1130351,204-3343897-2007522,AMAZON,B07FNP5GYB,,CL3TGD5PK,1,12.59,12.59,2026-03-26 18:52:27,amazon Dcvoltage,false
1130360,203-2775205-7807510,AMAZON,B09479HV6W,,LDMG95E2783PK,1,17.89,14.91,2026-03-26 19:09:43,amazon Ledsone,false
1130362,204-8387024-5391561,AMAZON,B08XNPSWMN,,CRSF100BC+LHNSE27YB+SCRN70BC+LSWD360BC,1,25.41,29.89,2026-03-26 19:15:11,amazon Dcvoltage,false
1130367,202-3645407-5883515,AMAZON,B0DKF5347P,,12IP20480,2,65.98,32.99,2026-03-26 19:24:03,amazon Dcvoltage,false
1130368,026-2115128-4383557,AMAZON,B09LCSZRYM,,PHCH1FBRBM+LSCY290GY,3,62.37,17.32,2026-03-26 19:20:10,amazon Ledsone,false
1130373,206-2066861-3606710,AMAZON,B08TRHH7G7,,CRSF100BM+LHNSE27YB+SCRN70BM+LSWD360BM,1,24.05,28.29,2026-03-26 19:38:24,amazon Dcvoltage,false
1130379,206-3795832-7421111,AMAZON,B0CRZ54MPY,,LSCY290SN+RPR44WH,2,38.78,16.89,2026-03-26 19:43:10,amazon Dcvoltage,false
1130380,205-5624780-5203550,AMAZON,B07F9HBHVY,,LDMT45E274,1,5.89,5.89,2026-03-26 19:47:27,amazon Dcvoltage,false
1130381,202-5077843-2086726,AMAZON,B0B8P3MBNP,,LDMA60B224CW2PK,1,8.12,4.36,2026-03-26 19:39:28,amazon Ledsone,false
1130382,206-5633746-3477963,AMAZON,B0BL81LQ4W,,LDMT185E2743PK,1,12.49,10.41,2026-03-26 19:45:23,amazon Ledsone,false
1130389,202-0102435-3889965,AMAZON,B0D794M7PJ,,WCB4BC2PK+RPR44WH2PK,1,15.89,13.24,2026-03-26 19:50:24,amazon Ledsone,false
1130390,202-4385568-1653133,AMAZON,B0D6GG1682,,CRSF100BC+PHNW1RBC,3,44.67,12.41,2026-03-26 19:57:00,amazon Ledsone,false
1130398,203-0071680-6744315,AMAZON,B08CXS3T8T,,LDMT45E274,1,6.69,5.57,2026-03-26 20:01:15,amazon Ledsone,false
1130400,204-4357486-1728344,AMAZON,B0CKLM52VJ,,LSDO210BS+RPR44WH,1,11.89,9.91,2026-03-26 20:00:25,amazon Ledsone,false
1130401,203-8483776-4749124,AMAZON,B0FZCQMY9B,,LSHM400HE2PK+RPR44WH2PK,1,54.89,54.89,2026-03-26 20:00:38,amazon Dcvoltage,false
1130402,204-0090376-1729920,AMAZON,B0CZNLY8CR,,LSSS300BC2PK+RPR44WH2PK,1,23.99,23.99,2026-03-26 20:05:31,amazon Dcvoltage,false
1130405,206-3343588-9449937,AMAZON,B07PM4RK27,,CL3TWH5PK,1,11.79,11.79,2026-03-26 20:07:40,amazon Dcvoltage,false
1130433,204-6991885-8162737,AMAZON,B0CPBY28LB,,LSCY290GY+RPR44WH,1,14.48,16.09,2026-03-26 20:50:22,amazon Dcvoltage,false
1130434,204-8258429-7545936,AMAZON,B0D83PFMTP,,WCDCBM3PK+RPR44WH3PK,1,24.49,24.49,2026-03-26 20:58:48,amazon Dcvoltage,false
1130436,203-0672964-1379510,AMAZON,B0C3HSXMCL,,PHSF1PWR20WH2PK+LSWE315RE2PK,1,35.69,29.74,2026-03-26 20:56:58,amazon Ledsone,false
1130437,204-6813536-8629956,AMAZON,B0F7QNZ95S,,ENC8614,1,37.89,31.57,2026-03-26 20:59:15,amazon Ledsone,false
1130448,202-0726696-9118718,AMAZON,B0CCJQ6V29,,SPSDP1BM,1,7.58,3.91,2026-03-26 21:13:43,amazon Ledsone,false
1130455,203-9185874-9586739,AMAZON,B0F7QQ4Q6F,,TSTLRUSRB,1,10.38,7.49,2026-03-26 21:26:23,amazon Dcvoltage,false
1130456,202-8880717-5193160,AMAZON,B0C9DV894B,,SPSDP2YB,1,7.09,7.09,2026-03-26 21:18:05,amazon Dcvoltage,false
1130457,202-4042967-7242722,AMAZON,B0B71MJFDZ,,CRSF100BM,3,20.86,4.99,2026-03-26 21:29:29,amazon Ledsone,false
1130461,202-2509021-6596317,AMAZON,B0DFHL7MZ1,,LSCY290BS+RPR44WH,1,15.89,15.89,2026-03-26 21:31:43,amazon Dcvoltage,false
1130462,026-4134536-7120306,AMAZON,B0FR8S2WJF,,LSCY290BG+RPR44WH,2,34.98,17.49,2026-03-26 21:36:42,amazon Dcvoltage,false
1130463,206-7833336-0226744,AMAZON,B0F9X1D46L,,CL3RBMAPK,1,25.89,21.57,2026-03-26 21:31:14,amazon Ledsone,false
1130467,206-9101554-1507528,AMAZON,B0C2Q51QDC,,CRSF100WH+PHRB1PBRWH+CGWDWO+LSWE315YE,1,20.89,17.41,2026-03-26 21:38:37,amazon Ledsone,false
1130468,026-4414556-8377958,AMAZON,B0DX6XSSZP,,CERU36150YE,1,4.58,1.41,2026-03-26 21:48:50,amazon Ledsone,false
1130473,205-8276287-6123566,AMAZON,B0DH8XPJC1,,CL3TRE2PK,1,5.99,5.99,2026-03-26 22:00:15,amazon Dcvoltage,false
1130476,204-5959898-3889160,AMAZON,B0B4BHWYR9,,PSDS2BMRGD,1,9.99,9.99,2026-03-26 22:01:08,amazon Ledsone,false
1130477,204-5959898-3889160,AMAZON,B0CVL9L141,,LSEL400OR+RPR44WH,1,15.74,15.74,2026-03-26 22:01:08,amazon Ledsone,false
1130479,202-6891196-4546715,AMAZON,B0DG25H3RQ,,LDMA60E274WW,1,6.19,5.16,2026-03-26 22:13:47,amazon Ledsone,false
1130481,203-2522566-9989930,AMAZON,B0DMF2KF74,,ENC9307,1,27.29,22.74,2026-03-26 22:20:53,amazon Ledsone,false
1130482,203-9471889-0149140,AMAZON,B0DMF2KF74,,ENC9307,1,27.29,22.74,2026-03-26 22:24:11,amazon Ledsone,false
1130488,204-6025430-5496308,AMAZON,B0D4YG1QFJ,,LDMG95E2783PK,1,12.19,12.19,2026-03-26 22:54:40,amazon Dcvoltage,false
1130489,203-3303684-4388345,AMAZON,B0GLPHBN8D,,PL4HRR,1,36.09,36.09,2026-03-26 22:59:00,amazon Dcvoltage,false
1130490,203-6112325-8194764,AMAZON,B0DH4KYFPD,,WCDTBM2PK+RPR44WH2PK,1,18.49,15.41,2026-03-26 23:07:42,amazon Ledsone,false
1130491,206-0474360-7645905,AMAZON,B08THHV6J7,,LSCY290GY+RPR44WH,1,14.89,14.89,2026-03-26 22:57:10,amazon Dcvoltage,false
1130492,206-0129832-9752336,AMAZON,B0DH9BTVSJ,,CL3TIVAPK,1,18.89,20.99,2026-03-26 23:13:40,amazon Dcvoltage,false
1130497,202-9450974-6615553,AMAZON,B0D9Q283Y5,,PHCT80YBCYB,1,15.39,15.39,2026-03-26 23:35:02,amazon Dcvoltage,false
1130498,202-9450974-6615553,AMAZON,B0DH9H89G1,,CL3TGLAPK,1,20.99,20.99,2026-03-26 23:35:02,amazon Dcvoltage,false
1130499,206-7871741-4585108,AMAZON,B0F32XDDL4,,RWWPSN60YE,1,5.78,2.41,2026-03-26 23:43:07,amazon Ledsone,false
1130500,205-9550610-3552364,AMAZON,B0DR954YJT,,PSOS4BMTHE+CBMP140BM+ICST64E27,1,17.89,14.91,2026-03-27 00:02:40,amazon Ledsone,false
1130501,204-7011773-6088343,AMAZON,B0F28ZYP9G,,CERU72450GR,1,11.01,7.99,2026-03-27 00:02:25,amazon Dcvoltage,false
1130502,204-8536862-0033109,AMAZON,B0B8DZFLX9,,CRSF120BM,2,13.49,4.91,2026-03-27 00:15:53,amazon Ledsone,false
1130508,206-7370867-2049919,AMAZON,B0DH6HYYFT,,CL2TBD5PK,1,10.09,10.09,2026-03-27 01:02:56,amazon Dcvoltage,false
1130509,206-7370867-2049919,AMAZON,B0DH63TD9T,,CL2TBK5PK,1,11.99,11.99,2026-03-27 01:02:56,amazon Dcvoltage,false
1130510,204-1473689-4520305,AMAZON,B0DX6KTNS1,,CENU1001200WH,1,18.89,15.74,2026-03-27 01:05:05,amazon Ledsone,false
1130515,204-7031939-6549167,AMAZON,B092W947D9,,PHSF1PWR20WH+LSWE315GY,1,22.89,19.07,2026-03-27 02:37:51,amazon Ledsone,false
1130558,205-6191064-2191552,AMAZON,B08XBF2V14,,CRSF100BM+LHNSE27CO+SCRN70BM+LSWD360BM,1,28.89,28.89,2026-03-27 05:15:33,amazon Dcvoltage,false
1130559,205-1971226-7155506,AMAZON,B0CKSSF9F2,,CRFF75BA,1,9.78,5.74,2026-03-27 05:11:52,amazon Ledsone,false
1130564,204-6262684-0211500,AMAZON,B0DH68NN77,,CL2TBTAPK,1,18.29,18.29,2026-03-27 05:59:08,amazon Dcvoltage,false
1130565,026-1952003-2533153,AMAZON,B0FVMCY494,,CERU36150YE,1,1.24,1.24,2026-03-27 05:59:46,amazon Ledsone,false
1130566,026-1952003-2533153,AMAZON,B0FVM8LHNX,,CERU36150BL,1,1.41,1.41,2026-03-27 05:59:46,amazon Ledsone,false
1130586,206-3440188-1677107,AMAZON,B0CCHZ98M6,,SPSDP2BM,1,8.58,4.74,2026-03-27 06:40:16,amazon Ledsone,false
1130592,026-7938997-0767534,AMAZON,B0BNVSGT59,,LHC4E27WH,1,7.68,4.79,2026-03-27 06:55:32,amazon Dcvoltage,false
1130598,205-9709920-4890719,AMAZON,B0DF7BD73R,,CRSF100BM+PHRYWP1RBM,1,11.89,9.91,2026-03-27 07:16:36,amazon Ledsone,false
1130601,203-2088620-3533955,AMAZON,B0FZCW7KC7,,LSHM300HE+RPR44WH,1,22.99,22.99,2026-03-27 07:31:12,amazon Dcvoltage,false
1130606,204-8567269-3481954,AMAZON,B0DCDSZ719,,LDSG95DIE2743PK,1,23.89,19.91,2026-03-27 07:45:46,amazon Ledsone,false
1130612,202-9253164-7032327,AMAZON,B08V8X7LN8,,PHFSH1PBRBM+LSMS320CB,3,59.07,19.69,2026-03-27 07:51:58,amazon Dcvoltage,false
1130616,205-7316377-6329140,AMAZON,B08DHZG9VQ,,RPR44WH2PK,1,5.09,5.09,2026-03-27 08:05:58,amazon Dcvoltage,false
1130624,206-1884854-7494758,AMAZON,B0C3ZVCSP7,,LSCY290GB+RPR44WH,1,17.89,14.91,2026-03-27 08:15:38,amazon Ledsone,false
1130629,203-5613174-9142747,AMAZON,B0DF7BD73R,,CRSF100BM+PHRYWP1RBM,1,11.89,9.91,2026-03-27 08:21:47,amazon Ledsone,false
1130630,203-7802879-8661137,AMAZON,B08V14MSY5,,CRSF100GB+WSLS155GB+SCRN70GB+LSTF40GB,1,20.09,20.09,2026-03-27 08:26:33,amazon Dcvoltage,false
1130634,026-2101229-6733111,AMAZON,B0D3M1SWZ3,,CSBEB6GY+CSBEB6OR,1,12.58,9.69,2026-03-27 08:47:18,amazon SRM Amazon,false
1130635,202-2090570-7922761,AMAZON,B0DCSJH8XT,,LSSS300YB2PK+RPR44WH2PK,1,27.09,22.57,2026-03-27 08:40:30,amazon Ledsone,false
1130639,206-9280904-7057153,AMAZON,B0F9WL4L72,,LSMS320BG+RPR44WH,1,16.59,13.82,2026-03-27 08:50:38,amazon Ledsone,false
1130640,026-5158024-5305910,AMAZON,B0CP9J4X6R,,ENC1292,2,43.00,23.89,2026-03-27 08:59:30,amazon Dcvoltage,false
1130646,206-0208058-3153903,AMAZON,B09N1PLYST,,ENC2238,1,28.89,24.07,2026-03-27 09:08:18,amazon Ledsone,false
1130648,205-0377938-4072302,AMAZON,B0CBPQMKBF,,WCB7BM2PK+RPR44WH2PK,1,18.79,18.79,2026-03-27 09:08:01,amazon Dcvoltage,false
1130651,026-0140601-3009943,AMAZON,B0DPMRRK56,,12IP67102PK,1,10.28,7.39,2026-03-27 09:06:43,amazon SRM Amazon,false
1130652,206-7544467-2576331,AMAZON,B0BWYGL5JL,,LSDO400RE+RPR44WH,1,20.49,20.49,2026-03-27 09:15:25,amazon Dcvoltage,false
1130653,026-0229880-1922779,AMAZON,B0DH937VLZ,,CL3TCR3PK,1,8.99,8.99,2026-03-27 09:15:58,amazon Dcvoltage,false
1130659,204-2931192-7375539,AMAZON,B08THKWZGB,,LSCY290CO,1,16.89,16.89,2026-03-27 09:24:36,amazon Dcvoltage,false
1130660,204-2931192-7375539,AMAZON,B0C9TY8GWK,,LSCY210BC+RPR44WH,1,10.89,10.89,2026-03-27 09:24:36,amazon Dcvoltage,false
1130661,206-7401163-5541935,AMAZON,B0FQVCJCKP,,ENC9107,3,83.67,27.89,2026-03-27 09:28:11,amazon Dcvoltage,false
1130665,202-0337060-8862771,AMAZON,B09477YHK7,,LDMG95E278APK,1,35.19,29.32,2026-03-27 09:37:09,amazon Ledsone,false
1130670,203-0453654-4093167,AMAZON,B0D5B5D134,,WCDTWH2PK+RPR44WH2PK,1,18.89,18.89,2026-03-27 09:45:32,amazon Dcvoltage,false
1130672,203-2140816-7819547,AMAZON,B0B9HDN3XQ,,CL2RGD,1,7.28,3.32,2026-03-27 09:43:10,amazon Ledsone,false
1130674,205-7636146-5752318,AMAZON,B0D28VF8S2,,LSCY290BI+RPR44WH,1,15.89,13.24,2026-03-27 09:56:51,amazon Ledsone,false
1130675,202-1702792-4697919,AMAZON,B0C869G3X9,,CRSF100GB2PK+PHCHPBRGB2PK+LSCY290GB2PK,1,44.89,44.89,2026-03-27 09:52:31,amazon Dcvoltage,false
1130685,206-0493774-1199552,AMAZON,B08WWYLK73,,ENC897,1,23.89,23.89,2026-03-27 10:11:24,amazon Dcvoltage,false
1130686,026-3386746-8390721,AMAZON,B0DH6FPVYK,,CL2TCRAPK,1,18.29,18.29,2026-03-27 10:11:37,amazon Dcvoltage,false
1130690,026-3381100-3688368,AMAZON,B0FH6GTT5L,,SPSDP2BMY6PK,1,21.09,17.57,2026-03-27 10:15:59,amazon Ledsone,false
1130697,206-0670817-7840328,AMAZON,B0F43P99NL,,CENU46450WH,1,6.89,3.89,2026-03-27 10:36:23,amazon Dcvoltage,false
1130698,204-3481549-8762713,AMAZON,B0FPQVSMFT,,LDCWT75B2212,1,8.79,7.32,2026-03-27 10:36:11,amazon Ledsone,false
1130702,205-3755031-7874735,AMAZON,B0DXQ53JQF,,LSCY290CH2PK+RPR44WH2PK,1,27.89,23.24,2026-03-27 10:42:31,amazon Ledsone,false
1130707,203-2499582-6715515,AMAZON,B0DXQ85YB6,,LSCY290GB2PK+RPR44WH2PK,1,29.89,24.91,2026-03-27 10:56:27,amazon Ledsone,false
1130709,202-2516899-2478724,AMAZON,B0D4YG1QFJ,,LDMG95E2783PK,1,12.19,12.19,2026-03-27 10:55:24,amazon Dcvoltage,false
1130719,203-5528213-6090702,AMAZON,B0D7LWPJQT,,FWS34243BM,1,6.59,6.59,2026-03-27 11:13:41,amazon Dcvoltage,false
1130720,202-0849556-9644321,AMAZON,B0FTG792N7,,TSST349134GY9PK,1,29.49,24.57,2026-03-27 11:16:20,amazon Ledsone,false
1130728,205-9894713-4260329,AMAZON,B0DH6DFDSB,,CL2TGDAPK,2,37.78,20.99,2026-03-27 11:27:23,amazon Dcvoltage,false
1130742,206-1142025-0864329,AMAZON,B0F29N25PN,,CERU72350GR,1,9.18,5.24,2026-03-27 11:37:06,amazon Ledsone,false
1130743,204-0896629-5619503,AMAZON,B0D4VH1Z22,,CRFF140BM+WSWH135BM+LSDO210BC,4,81.16,20.29,2026-03-27 11:30:30,amazon Dcvoltage,false
1130744,205-5604176-2405126,AMAZON,B07WH25HKQ,,CRSF1206BM,1,9.80,10.89,2026-03-27 11:27:23,amazon Dcvoltage,false
1130745,204-2497933-3904359,AMAZON,B0DH5XWQYC,,CL2TOR5PK,1,10.99,10.99,2026-03-27 11:39:10,amazon Dcvoltage,false
1130752,205-3772581-5014744,AMAZON,B0CQNHPKT7,,PLTTBM+LSFT220BM,1,20.89,20.89,2026-03-27 11:56:48,amazon Dcvoltage,false
1130754,202-2995165-4097948,AMAZON,B0FX8YH933,,CODH632AGY3PK,2,11.67,3.66,2026-03-27 11:56:18,amazon Ledsone,false
1130757,206-0554876-5872335,AMAZON,B08V5MK449,,CRSF100BM+PHHT1PBRBM+LSCY290BM,1,21.89,21.89,2026-03-27 12:00:02,amazon Dcvoltage,false
1130763,026-5217229-9292358,AMAZON,B0D9RXR847,,WCDTRO3PK+RPR44WH3PK,1,24.19,20.16,2026-03-27 12:08:09,amazon Ledsone,false
1130764,026-7990854-8537101,AMAZON,B0CHBDSKK4,,WCDTRO+RPR44WH,1,11.69,11.69,2026-03-27 12:08:09,amazon Dcvoltage,false
1130769,205-3026324-3258716,AMAZON,B0C3ZT6D5G,,LSCY290YB+RPR44WH,1,17.89,14.91,2026-03-27 12:22:11,amazon Ledsone,false
1130772,026-6710445-4415539,AMAZON,B08XWSBPHW,,WCB1BM+RPR44WH,1,10.69,10.69,2026-03-27 12:21:48,amazon Dcvoltage,false
1130773,026-9024452-5045932,AMAZON,B0BNVVH3N6,,ENC4111,1,29.99,29.99,2026-03-27 12:22:27,amazon Dcvoltage,false
1130774,203-0756507-6575504,AMAZON,B0CJ4QZ15C,,LSMCSPSQMC+RPM40WH,1,22.89,22.89,2026-03-27 12:21:28,amazon Dcvoltage,false
1130778,203-9289922-7151511,AMAZON,B07RY18NRX,,PLTEBS,1,19.99,16.66,2026-03-27 12:35:41,amazon Ledsone,false
1130792,205-0776205-4070709,AMAZON,B0C2CZPSMG,,ENC1915,1,22.89,19.07,2026-03-27 12:43:29,amazon Ledsone,false
1130793,204-8285341-5905139,AMAZON,B0CH17JLH8,,LSBF3BWG+ICST64E273PK,1,47.49,39.57,2026-03-27 12:42:24,amazon Ledsone,false
1130794,026-4327804-1819517,AMAZON,B0F2F96Q8R,,LSMS320NB+RPR44WH,1,14.99,12.49,2026-03-27 12:43:48,amazon Ledsone,false
1130795,026-8385547-9264355,AMAZON,B093H9BJWL,,LSMS320RE+RPR44WH,1,15.89,13.24,2026-03-27 12:43:13,amazon Ledsone,false
1130805,203-6379242-8104322,AMAZON,B0F2919THD,,LSCY290CO+RPR44WH,3,56.67,15.74,2026-03-27 12:51:22,amazon Ledsone,false
1130822,205-0369376-1562751,AMAZON,B0CCF83CYJ,,LSCY290RE+RPR44WH,1,15.89,13.24,2026-03-27 13:14:24,amazon Ledsone,false
1130830,026-7110391-9383518,AMAZON,B07JC85MV9,,CRSF100CH+PHUP1PCRCH,4,43.56,10.89,2026-03-27 13:22:40,amazon Dcvoltage,false
1130831,205-4197170-5432312,AMAZON,B07CSSJD3X,,CL3RBUAPK,1,19.99,19.99,2026-03-27 13:25:24,amazon Dcvoltage,false
1130838,206-8359163-8861920,AMAZON,B0CHW3Q9VG,,CRSF100YB+PHCHPCRYB+LSCY290YB,1,25.89,21.57,2026-03-27 13:32:06,amazon Ledsone,false
1130849,204-2185781-0553132,AMAZON,B0FH6JJKV4,,SPSDP2BMY,1,8.58,4.74,2026-03-27 13:46:42,amazon Ledsone,false
1130858,202-2735341-3141969,AMAZON,B0BWJWGXD4,,LSCY210BG+RPR44WH,1,12.49,12.49,2026-03-27 13:54:15,amazon Dcvoltage,false
1130859,205-9014955-1499511,AMAZON,B0F48KSRDK,,RWWPSY0680YE,1,9.16,5.89,2026-03-27 13:56:32,amazon Dcvoltage,false
1130861,026-8283233-2557907,AMAZON,B07YWJ853J,,WCBNBM+RPR44WH,1,8.89,7.41,2026-03-27 13:52:13,amazon Ledsone,false
1130862,204-4050632-5759538,AMAZON,B0F9VFT56T,,CL3RBK3PK,1,6.79,5.66,2026-03-27 13:54:38,amazon Ledsone,false
1130868,206-2192254-9803531,AMAZON,B0C2J9Z5KT,,PSOS4YBRPB+SCRN70BM+LSFT220BM,1,35.78,18.61,2026-03-27 14:08:13,amazon Ledsone,false
1130887,204-1511841-5604314,AMAZON,B0B8P49KHN,,LDA60B224WW,2,11.98,4.99,2026-03-27 14:23:40,amazon Ledsone,false
1130889,202-4400427-4514752,AMAZON,B0C8BLHFF5,,LSDO210BL+RPR44WH,1,11.79,9.82,2026-03-27 14:26:52,amazon Ledsone,false
1130890,202-4961636-6273905,AMAZON,B0GGDTRTN7,,CRFF100BM2PK+LHNSE27BM2PK+ICST64E272PK,1,28.89,28.89,2026-03-27 14:23:10,amazon Dcvoltage,false
1130896,203-0846949-3577920,AMAZON,B08C5CGXVC,,CL3TBK,1,3.09,3.09,2026-03-27 14:37:32,amazon SRM Amazon,false
1130900,026-1764571-0283568,AMAZON,B0DH69PYK5,,CL2TGR5PK,1,11.99,11.99,2026-03-27 14:41:51,amazon Dcvoltage,false
1130901,205-2820534-7945919,AMAZON,B0CM2RZNHV,,WCDTGD+RPR44WH,1,11.69,11.69,2026-03-27 08:31:44,amazon Dcvoltage,false
1130911,203-9570033-5925915,AMAZON,B0FJ5J5T51,,CRSF100WH,1,8.88,5.99,2026-03-27 15:01:52,amazon Dcvoltage,false
1130930,206-0821618-3148359,AMAZON,B0GS9MNQ44,,SPPGUK3PBR4PK,1,10.78,7.89,2026-03-27 15:32:29,amazon Dcvoltage,false
1130933,206-5149271-5930739,AMAZON,B09JZ61NJM,,LDST45E2743PK,1,20.29,20.29,2026-03-27 15:46:32,amazon Dcvoltage,false
1130947,204-1261793-2014769,AMAZON,B0DTHZD8NY,,WCDTRE+RPR44WH,1,10.89,9.07,2026-03-27 15:53:05,amazon Ledsone,false
1130948,205-0862087-1967559,AMAZON,B0DTP65X4G,,CRSF1202BM+LHLF220E27BM2PK,2,29.05,12.74,2026-03-27 15:55:31,amazon Ledsone,false
1130950,206-0436040-3741109,AMAZON,B07QVK5R1L,,12RPIP45400,1,27.99,27.99,2026-03-27 15:55:12,amazon Dcvoltage,false
1130971,205-3953632-6563546,AMAZON,B08KHK4BSK,,CL2TGRAPK,1,25.89,25.89,2026-03-27 16:17:30,amazon Dcvoltage,false
1130972,204-0187919-3413910,AMAZON,B0DBWQX62X,,CL2RBR5PK,1,14.99,14.99,2026-03-27 16:19:38,amazon Dcvoltage,false
1130977,026-4749259-1050702,AMAZON,B083ZN1ZVH,,CRSF100BM+LHNSE27BM+SCRN70BM+LSFT220WH,1,17.89,17.89,2026-03-27 16:24:44,amazon Dcvoltage,false
1130981,202-5670674-6741165,AMAZON,B0FPQVSMFT,,LDCWT75B2212,1,8.79,7.32,2026-03-27 16:31:00,amazon Ledsone,false
1130986,026-7710507-5373125,AMAZON,B0CCHYH7YT,,SPSDP2SN5PK,2,31.14,14.42,2026-03-27 16:43:17,amazon Ledsone,false
1130991,202-9154761-3436338,AMAZON,B0D73JHB8R,,LDMT185B2242PK,1,12.89,12.89,2026-03-27 16:52:15,amazon Dcvoltage,false
1130998,026-1033610-3508353,AMAZON,B0DH9H7ZCM,,CL3TGL3PK,1,8.99,8.99,2026-03-27 17:02:45,amazon Dcvoltage,false
1130999,202-9760224-8742753,AMAZON,B0FC6T7YHG,,CRSF100BM2PK+PHCH1BMRBM2PK+LSCY290BI2PK,1,36.99,30.82,2026-03-27 17:04:46,amazon Ledsone,false
1131003,204-5484930-8528355,AMAZON,B09LHSL6Y4,,CRSF1203WH+PHTT1PWROR3PK+SPSPWH3PK,1,20.89,17.41,2026-03-27 17:17:26,amazon Ledsone,false
1131004,205-1716912-3986767,AMAZON,B0CNRL871B,,LDMST64E274,1,9.78,6.89,2026-03-27 17:18:41,amazon Dcvoltage,false
1131009,204-6226884-2929156,AMAZON,B0CKSNWTYT,,CRFF75YB,1,9.48,5.49,2026-03-27 17:30:50,amazon Ledsone,false
1131010,205-3190586-7347536,AMAZON,B0C9DPGRGD,,SPSDP2BM,1,5.69,5.69,2026-03-27 17:26:58,amazon Dcvoltage,false
1131018,203-8395258-6949107,AMAZON,B08TX2837H,,LSMS320BI+RPR44WH,1,14.99,14.99,2026-03-27 17:45:23,amazon Dcvoltage,false
1131019,026-5826191-7117907,AMAZON,B07GJTBWVR,,24IP6736,2,20.98,10.49,2026-03-27 17:49:12,amazon Dcvoltage,false
1131026,026-0152329-4040306,AMAZON,B0DRCP85V8,,LDMT45E2742PK,3,35.97,11.99,2026-03-27 17:49:39,amazon SRM Amazon,false
1131027,203-5380964-0401901,AMAZON,B0CXSXN4KX,,LSMS320BI2PK+RPR44WH2PK,1,27.09,27.09,2026-03-27 17:45:23,amazon Dcvoltage,false
1131039,206-1691127-3903519,AMAZON,B0F6SLG78J,,PHUH1HETBM,2,24.16,10.07,2026-03-27 18:21:58,amazon Ledsone,false
1131045,202-1794459-7389911,AMAZON,B0C9DPGRGD,,SPSDP2BM,1,5.69,5.69,2026-03-27 18:29:03,amazon Dcvoltage,false
1131046,205-6157687-7917108,AMAZON,B0F48M8XP1,,RWWPSY08120YE,1,12.57,9.59,2026-03-27 18:33:14,amazon Dcvoltage,false
1131047,203-6667418-8273125,AMAZON,B0DTHJYV3K,,WCB6BC3PK+RPR44WH3PK,1,21.14,23.49,2026-03-27 18:36:20,amazon Dcvoltage,false
1131048,205-8062886-9076303,AMAZON,B0CC5ZMHTZ,,ENC5295,2,51.78,21.57,2026-03-27 18:35:33,amazon Ledsone,false
1131060,204-4560619-9637162,AMAZON,B0F99BTSDT,,LSFT220OR+RPR44WH,1,10.89,9.07,2026-03-27 18:45:10,amazon Ledsone,false
1131061,026-7496383-3213930,AMAZON,B0DG29SP2H,,LDMA60E274WW2PK,1,8.99,7.49,2026-03-27 18:49:05,amazon Ledsone,false
1131068,204-9821368-3801121,AMAZON,B08S3GJN47,,CRSF100CO+LHNSE27CO+LSSS300CO,1,26.89,22.41,2026-03-27 19:07:11,amazon Ledsone,false
1131070,202-6790009-1045127,AMAZON,B0DH937VLZ,,CL3TCR3PK,1,8.99,8.99,2026-03-27 19:10:00,amazon Dcvoltage,false
1131074,026-8245912-7909962,AMAZON,B0CC8L3YCS,,CRSF100GB+WSSS70GB+LSRP260GB+ICST64E27,1,26.89,26.89,2026-03-27 19:29:05,amazon Dcvoltage,false
1131075,204-1690033-6892329,AMAZON,B0917RQ9PM,,PLHCBC+LSDO210BC3PK,1,49.89,41.57,2026-03-27 19:27:10,amazon Ledsone,false
1131078,204-3028986-5973912,AMAZON,B09N1PLYST,,ENC2238,1,28.89,24.07,2026-03-27 19:32:16,amazon Ledsone,false
1131080,026-6683472-4785908,AMAZON,B0GLWWJT8F,,PLHNBC,2,27.78,11.57,2026-03-27 19:29:05,amazon Ledsone,false
1131087,206-6430301-1060337,AMAZON,B0DH9H7ZCM,,CL3TGL3PK,1,8.99,8.99,2026-03-27 19:45:31,amazon Dcvoltage,false
1131095,202-1082968-3879522,AMAZON,B0CQT78SLK,,LSDO210BI+RPR44WH,1,11.89,11.89,2026-03-27 19:57:38,amazon Dcvoltage,false
1131096,206-7636875-8873168,AMAZON,B0GP84PWQN,,LHPVHRE27WHAPK,1,20.89,20.89,2026-03-27 19:58:26,amazon Dcvoltage,false
1131104,206-9770114-5219536,AMAZON,B07RX5Z231,,LDMG95B2242PK,1,7.29,7.29,2026-03-27 20:09:20,amazon Dcvoltage,false
1131112,205-8385845-2594700,AMAZON,B08PC415TL,,LHSHE27BA,1,7.99,7.99,2026-03-27 20:22:38,amazon SRM Amazon,false
1131113,204-4697076-6145139,AMAZON,B09472PVQF,,LSF1HU400HE,1,35.89,35.89,2026-03-27 20:19:42,amazon Dcvoltage,false
1131115,205-8359251-0465168,AMAZON,B0DXPFBTCK,,LSDO210BI2PK+RPR44WH2PK,1,17.89,14.91,2026-03-27 20:21:41,amazon Ledsone,false
1131120,206-4387976-8209962,AMAZON,B0DLW5C14D,,CL2TGLAPK,1,18.89,18.89,2026-03-27 20:34:57,amazon Dcvoltage,false
1131125,203-1491608-7014738,AMAZON,B0G2WQSD55,,ENC7448,1,16.89,14.07,2026-03-27 20:48:32,amazon Ledsone,false
1131126,205-0351236-4705129,AMAZON,B08V4PP7B6,,PHSF1PWR20WH+CGWDWO+LSWE315GY,1,23.29,23.29,2026-03-27 20:45:12,amazon Dcvoltage,false
1131131,026-1775156-5877954,AMAZON,B0C6KJG9L8,,WCVCRE+RPR44WH,1,9.09,7.57,2026-03-27 20:50:18,amazon Ledsone,false
1131135,202-0224262-8281975,AMAZON,B08DQYB2H4,,CRSF100BM2PK+PHCH1BMRBM2PK+LSCY290BM2PK,1,35.89,35.89,2026-03-27 21:11:56,amazon Dcvoltage,false
1131137,204-0464572-5206719,AMAZON,B0CLGWHB57,,CRFF140GB2PK+WSFSGB2PK,1,20.89,17.41,2026-03-27 21:19:56,amazon Ledsone,false
1131147,206-7701080-7528363,AMAZON,B08YFGLJ7R,,CRSF2003CO+PHHN1PBRCO3PK+LSDO210BC3PK,2,75.79,39.89,2026-03-27 21:47:31,amazon Dcvoltage,false
1131152,026-6858500-4846752,AMAZON,B0BWYR87HL,,CRSF100GS+WSWH135BM+LSHQ150OR,1,18.69,15.57,2026-03-27 21:49:20,amazon Ledsone,false
1131153,203-6307952-2817166,AMAZON,B0CVLD9WMD,,LSTF400OR2PK+RPR44WH2PK,1,27.89,23.24,2026-03-27 21:56:30,amazon Ledsone,false
1131154,206-9102755-7216344,AMAZON,B0CC62QM7Y,,LSMS320BU+RPR44WH,1,19.99,14.99,2026-03-27 22:05:16,amazon Dcvoltage,false
1131155,205-3921364-3357950,AMAZON,B0D28WMPYX,,LSCY290AA+RPR44WH,1,15.99,13.32,2026-03-27 21:54:35,amazon Ledsone,false
1131156,206-7181773-6354755,AMAZON,B0CCHZNHT9,,SPSDP2WH,1,8.58,4.74,2026-03-27 21:59:26,amazon Ledsone,false
1131157,203-7779029-2077147,AMAZON,B0D295J88V,,LSCY290RO+RPR44WH,3,54.87,15.24,2026-03-27 21:56:30,amazon Ledsone,false
1131159,202-9776911-6908316,AMAZON,B0DH952KYG,,CL3TBU5PK,1,11.99,11.99,2026-03-27 22:09:22,amazon Dcvoltage,false
1131162,203-4519156-1641138,AMAZON,B0D44Z5JC7,,PHSF2BMTBY+ICST64E27,1,15.89,15.89,2026-03-27 22:34:50,amazon Dcvoltage,false
1131163,205-3430456-0982759,AMAZON,B08KG8HQ89,,CL2THE5PK,1,13.49,13.49,2026-03-27 22:38:28,amazon Dcvoltage,false
1131173,205-5933097-7333150,AMAZON,B0D4YG1QFJ,,LDMG95E2783PK,1,12.19,12.19,2026-03-27 23:34:38,amazon Dcvoltage,false
1131174,204-3746380-3549937,AMAZON,B0DCJJRDJB,,PHCH1FBRBM2PK+LSCY290RE2PK,1,36.99,30.82,2026-03-27 23:36:20,amazon Ledsone,false
1131176,026-3161717-4880358,AMAZON,B0DFTR3M3X,,RPM40BM2PK,1,5.88,2.49,2026-03-27 23:44:04,amazon Ledsone,false
1131177,202-2983692-7291535,AMAZON,B0CKQT5DD8,,CRSF2003BS,1,10.09,8.41,2026-03-27 23:45:21,amazon Ledsone,false
1131178,202-4885163-9678741,AMAZON,B0BX4D9YS6,,LSMS320NB+RPR44WH,1,14.99,14.99,2026-03-27 23:55:17,amazon Dcvoltage,false
1131181,203-4839013-2190760,AMAZON,B0F1N9NWJS,,CL3RWX,1,1.50,1.25,2026-03-28 00:09:38,amazon Ledsone,false
1131183,202-3182238-5270744,AMAZON,B0CRDHN2NB,,CRSF100BM2PK+PHSH1PBRBM2PK+LSMS320BI2PK,1,38.89,38.89,2026-03-28 01:10:55,amazon Dcvoltage,false
1131184,026-8925517-5881155,AMAZON,B0DH5MWGZ2,,CL2TGD3PK,1,7.99,7.99,2026-03-28 01:48:16,amazon Dcvoltage,false
1131185,204-8726541-9946721,AMAZON,B0CVN6PLC2,,LDGU10CW5APK,2,61.78,25.74,2026-03-28 02:04:40,amazon Ledsone,false
1131198,206-0056646-4501133,AMAZON,B0CG21CP4J,,CRFF108BM+LHTKE27BA,1,10.99,9.16,2026-03-28 05:45:07,amazon Ledsone,false
1131227,202-9176400-9533160,AMAZON,B0B71KXCZS,,CRSF100YB,1,8.88,4.99,2026-03-28 07:36:33,amazon Ledsone,false
1131231,204-3751797-0625107,AMAZON,B092W947D9,,PHSF1PWR20WH+LSWE315GY,1,22.89,19.07,2026-03-28 07:40:58,amazon Ledsone,false
1131232,203-7039552-3407527,AMAZON,B0D5B63S7G,,WCDTBM2PK+RPR44WH2PK,1,19.49,19.49,2026-03-28 07:42:21,amazon Dcvoltage,false
1131239,204-6483918-3925921,AMAZON,B0CVKXQMNQ,,RWWPSY1050YE2PK,1,11.28,6.99,2026-03-28 07:51:48,amazon Ledsone,false
1131241,206-7458149-2901161,AMAZON,B0D2996NVS,,LSCY290YE+RPR44WH,1,15.89,13.24,2026-03-28 08:03:39,amazon Ledsone,false
1131242,202-8822124-2314768,AMAZON,B09CZFBTCX,,ENC904,1,27.39,27.39,2026-03-28 08:02:21,amazon SRM Amazon,false
1131247,026-9370821-9067542,AMAZON,B0CBPTFNRX,,WCB4BM2PK+RPR44WH2PK,1,15.89,15.89,2026-03-28 08:20:42,amazon Dcvoltage,false
1131253,206-2043437-3356349,AMAZON,B09477YHK7,,LDMG95E278APK,1,35.19,29.32,2026-03-28 08:29:20,amazon Ledsone,false
1131264,205-5022821-5792305,AMAZON,B08S42FF38,,ENC788,1,20.19,16.82,2026-03-28 08:52:53,amazon Ledsone,false
1131270,205-7347290-3631533,AMAZON,B08C5DNQMM,,CL3TWH,1,5.09,5.09,2026-03-28 09:01:36,amazon SRM Amazon,false
1131271,205-0967213-3533966,AMAZON,B0979FP63J,,CNP1000WH,1,11.78,7.41,2026-03-28 09:00:00,amazon Ledsone,false
1131272,204-9791056-1225131,AMAZON,B0DH96ZNZ4,,CL3TBR3PK,1,8.99,8.99,2026-03-28 09:00:33,amazon Dcvoltage,false
1131273,205-7899140-6951568,AMAZON,B0D838YS3P,,ENC1509,1,58.89,58.89,2026-03-28 08:59:45,amazon Dcvoltage,false
1131275,205-3653739-0657166,AMAZON,B0DTYVJNN6,,LSCY290BI3PK+RPR44WH3PK,1,40.69,40.69,2026-03-28 09:12:35,amazon SRM Amazon,false
1131284,203-9446435-1668308,AMAZON,B0CVL84J2H,,LSTF400OR2PK+RPR44WH2PK,1,29.69,29.69,2026-03-28 09:38:08,amazon Dcvoltage,false
1131290,202-4834664-6800338,AMAZON,B0CCJ5NB8Z,,SPSDP3BM6PK,1,15.09,12.57,2026-03-28 09:39:49,amazon Ledsone,false
1131292,026-6269191-3252318,AMAZON,B08XWSBPHW,,WCB1BM+RPR44WH,1,10.69,10.69,2026-03-28 09:36:36,amazon Dcvoltage,false
1131300,204-9685988-1461900,AMAZON,B09WVSSVJ3,,12BO72,1,11.58,9.65,2026-03-28 09:51:38,amazon Ledsone,false
1131303,026-5336235-4881964,AMAZON,B08PYZLJCK,,12IP6745,1,16.89,16.89,2026-03-28 10:00:53,amazon SRM Amazon,false
1131308,203-1042603-0014751,AMAZON,B0DT9TX7Z6,,LDMST64B2286PK,1,20.89,20.89,2026-03-28 10:17:08,amazon Dcvoltage,false
1131310,202-4914842-2817150,AMAZON,B087NP4CCH,,CRSF100YE,1,5.99,4.99,2026-03-28 10:14:25,amazon Ledsone,false
1131312,202-8092911-1067529,AMAZON,B08XXW4PKK,,WCB7BM+RPR44WH,1,12.38,9.49,2026-03-28 10:27:03,amazon Dcvoltage,false
1131313,206-2614884-4330715,AMAZON,B0DH4KYFPD,,WCDTBM2PK+RPR44WH2PK,1,18.49,15.41,2026-03-28 10:27:09,amazon Ledsone,false
1131314,206-5392575-2990763,AMAZON,B0DPM9QV89,,LHSHE27CO,1,11.79,8.24,2026-03-28 10:23:10,amazon Ledsone,false
1131319,204-3616302-2930735,AMAZON,B0CWGCH6JS,,LSTF400BM+RPR44WH,1,16.39,16.39,2026-03-28 10:32:29,amazon SRM Amazon,false
1131320,204-1663565-5765902,AMAZON,B0DH96ZNZ4,,CL3TBR3PK,1,8.99,8.99,2026-03-28 10:34:09,amazon Dcvoltage,false
1131321,205-9802526-8945920,AMAZON,B07CJNZCFN,,5IP2050,1,8.99,8.99,2026-03-28 10:35:50,amazon Dcvoltage,false
1131327,205-7091205-4141929,AMAZON,B0BX42221D,,LSSS300NB+RPR44WH,1,14.99,12.49,2026-03-28 10:43:32,amazon Ledsone,false
1131332,205-3672860-4986747,AMAZON,B0DH66XQN6,,CL2TBW5PK,1,11.99,11.99,2026-03-28 10:55:37,amazon Dcvoltage,false
1131333,204-4882930-7937905,AMAZON,B08PYZZP4Q,,12IP6736,1,9.23,9.23,2026-03-28 10:51:53,amazon SRM Amazon,false
1131334,202-4349255-8636363,AMAZON,B0G1TFFZZH,,CKA18ATC4255BM,1,18.69,15.57,2026-03-28 10:52:35,amazon Ledsone,false
1131341,205-4577269-2201912,AMAZON,B0CCJ5YGRJ,,SPSDP3WH6PK,1,15.09,12.57,2026-03-28 11:05:23,amazon Ledsone,false
1131342,202-6508062-8167528,AMAZON,B08F74TBB7,,CRFF75SN,1,10.78,7.89,2026-03-28 11:00:48,amazon Dcvoltage,false
1131354,204-4946296-9874767,AMAZON,B0C7KHDV56,,ENC1972,1,95.89,95.89,2026-03-28 11:28:43,amazon Dcvoltage,false
1131356,206-3852510-5115549,AMAZON,B0FN7H975R,,CRSF100CH+LHNSE27CH,1,12.28,7.82,2026-03-28 11:27:36,amazon Ledsone,false
1131357,202-5849761-2845167,AMAZON,B08S7G6YWN,,ENC809,1,66.89,66.89,2026-03-28 11:25:39,amazon SRM Amazon,false
1131361,206-7808701-7096302,AMAZON,B0GLFZ9BSJ,,LSGLFP245BR+RPM40WH,1,17.89,17.89,2026-03-28 11:36:17,amazon Dcvoltage,false
1131363,202-5460877-2982705,AMAZON,B0F944BWSZ,,CL3TBM3PK,1,8.90,8.24,2026-03-28 11:32:32,amazon Ledsone,false
1131364,205-2009867-8885103,AMAZON,B0F28Z2V3C,,LSCY290GB+RPR44WH,1,17.89,14.91,2026-03-28 11:33:31,amazon Ledsone,false
1131370,203-3924966-4123511,AMAZON,B0DJCTBCNS,,CRFF110HBM,1,14.19,11.82,2026-03-28 11:40:20,amazon Ledsone,false
1131371,204-9276713-4028313,AMAZON,B0F291VKCF,,LSCY290RE+RPR44WH,1,14.89,12.41,2026-03-28 11:42:40,amazon Ledsone,false
1131375,203-4396559-7314753,AMAZON,B0DSLGCNR3,,LSFT220GR3PK+RPR44WH3PK,1,22.79,22.79,2026-03-28 11:44:20,amazon SRM Amazon,false
1131379,203-7962597-1989155,AMAZON,B0D28X8ZF9,,LSCY290BC+RPR44WH,2,33.78,14.07,2026-03-28 11:52:31,amazon Ledsone,false
1131381,205-2978397-7377130,AMAZON,B0CXX5K5LC,,WCDTGD2PK+RPR44WH2PK,1,20.29,20.29,2026-03-28 11:54:41,amazon Dcvoltage,false
1131382,203-9538577-3825151,AMAZON,B0FZK3RMYV,,LSRP260CO2PK+RPR44WH2PK,1,35.89,35.89,2026-03-28 11:52:49,amazon SRM Amazon,false
1131383,205-5202986-7057912,AMAZON,B0D6W7T344,,FWS33839BL,1,6.09,6.09,2026-03-28 11:59:07,amazon SRM Amazon,false
1131388,203-8120066-6489166,AMAZON,B0DJVSWSR7,,ENC7758,2,83.56,34.82,2026-03-27 09:58:18,amazon Ledsone,false
1131408,026-1392787-8389954,AMAZON,B0DRP87NC8,,LHSHE27GB2PK,1,13.89,10.89,2026-03-28 12:25:28,amazon SRM Amazon,false
1131409,202-8319526-3716339,AMAZON,B0DHXYBJ51,,WSHFBC+LSHQ160BM,2,49.78,20.74,2026-03-28 12:19:47,amazon Ledsone,false
1131410,204-0961805-5136322,AMAZON,B0B7799FKL,,CRFF108GB+HK10GB,1,10.78,6.57,2026-03-28 12:12:50,amazon Ledsone,false
1131411,202-6784574-1705157,AMAZON,B0CC8NCG7T,,CRSF100BM+WSSS70BM+LSTL260BM+ICST64E27,1,24.49,24.49,2026-03-28 12:21:14,amazon Dcvoltage,false
1131412,206-4856354-9848321,AMAZON,B0D59SFQQL,,WCB6BM2PK+RPR44WH2PK,1,15.69,15.69,2026-03-28 12:27:35,amazon Dcvoltage,false
1131418,203-0182917-0237923,AMAZON,B0CF5GWSJM,,WLFS220BM2PK,2,57.78,24.07,2026-03-28 12:30:41,amazon Ledsone,false
1131421,202-7909380-0110751,AMAZON,B0D4VD95WQ,,CRFF140BM+WSWH135BM+LSDO210GR+ICST64E27,2,40.58,20.29,2026-03-28 12:42:56,amazon Dcvoltage,false
1131434,204-7773998-4648309,AMAZON,B0F29P1SH6,,CERU36150GR,2,6.27,1.41,2026-03-28 12:51:52,amazon Ledsone,false
1131444,204-4858591-4841955,AMAZON,B0D8PSM4WH,,IMRGEPK,2,32.38,13.49,2026-03-28 13:06:20,amazon Ledsone,false
1131445,202-3767345-1025932,AMAZON,B0DMF2KF74,,ENC9307,1,27.29,22.74,2026-03-28 13:07:00,amazon Ledsone,false
1131449,205-1854911-5676304,AMAZON,B0CM2RZNHV,,WCDTGD+RPR44WH,1,11.69,11.69,2026-03-28 13:15:25,amazon Dcvoltage,false
1131450,203-7324366-0826732,AMAZON,B0F9X1J63J,,CL3RGDAPK,1,18.99,15.82,2026-03-28 13:13:01,amazon Ledsone,false
1131460,203-3250030-9760303,AMAZON,B0CNRL871B,,LDMST64E274,1,9.78,6.89,2026-03-28 13:37:39,amazon Dcvoltage,false
1131461,206-9713641-2841154,AMAZON,B0DH5MHK8S,,CL2TGR3PK,1,7.99,7.99,2026-03-28 13:37:39,amazon Dcvoltage,false
1131462,206-8491480-4979543,AMAZON,B0CLGX4P3G,,CRFF140CH2PK+WSFSCH2PK,1,20.89,17.41,2026-03-28 13:30:37,amazon Ledsone,false
1131463,026-7585569-4424341,AMAZON,B0BX3YZZX5,,LSSS300OR+RPR44WH,1,12.49,12.49,2026-03-28 13:41:57,amazon Ledsone,false
1131464,026-7585569-4424341,AMAZON,B0DTK6662D,,LSSS300RE+RPR44WH,2,24.98,12.49,2026-03-28 13:41:57,amazon Ledsone,false
1131465,026-7585569-4424341,AMAZON,B0BX3WFQ54,,LSSS300BL+RPR44WH,1,12.49,12.49,2026-03-28 13:41:57,amazon Ledsone,false
1131466,026-7585569-4424341,AMAZON,B0BX43LBC1,,LSSS300GR+RPR44WH,1,12.49,12.49,2026-03-28 13:41:57,amazon Ledsone,false
1131467,026-7585569-4424341,AMAZON,B0BX45BX2R,,LSSS300YE+RPR44WH,1,12.49,12.49,2026-03-28 13:41:57,amazon Ledsone,false
1131468,202-2080489-7177925,AMAZON,B0DS5GNVLL,,ENC8050,1,16.49,13.74,2026-03-28 13:37:09,amazon Ledsone,false
1131472,203-2602443-3637153,AMAZON,B0CN31R9YM,,WCB4BM+RPR44WH,1,8.89,8.89,2026-03-28 13:51:23,amazon Dcvoltage,false
1131473,203-2602443-3637153,AMAZON,B0CQT6KV3H,,LSDO210GY+RPR44WH,1,11.89,11.89,2026-03-28 13:51:23,amazon Dcvoltage,false
1131475,204-9003439-7506761,AMAZON,B08L7P2MHQ,,LDCWE27183PK,1,15.99,13.32,2026-03-28 13:40:34,amazon Ledsone,false
1131479,026-1845147-1742714,AMAZON,B0FKMB9NWG,,CRFF108BM2PK+LHTKE27BA2PK,1,18.29,15.24,2026-03-28 13:53:28,amazon Ledsone,false
1131486,205-0294105-6733967,AMAZON,B0DH5YFWM8,,CL2THE3PK,1,10.88,7.99,2026-03-28 14:00:54,amazon Dcvoltage,false
1131492,206-8154026-2020311,AMAZON,B0DZDQCC1F,,CL2RAG,3,17.97,4.99,2026-03-28 14:21:30,amazon Ledsone,false
1131493,206-5787135-1359568,AMAZON,B07MHGPFDG,,12BO282PK,2,41.78,20.89,2026-03-28 14:15:42,amazon Dcvoltage,false
1131500,203-7412590-3468309,AMAZON,B0CFHKYH59,,CRSF100BM2PK+PHRNWP1RBM2PK,1,20.09,16.74,2026-03-28 14:19:56,amazon Ledsone,false
1131502,026-1388729-8714706,AMAZON,B0FPWZHHHG,,LDCWA60HE2796PK,2,17.86,6.24,2026-03-28 14:28:42,amazon Ledsone,false
1131525,203-1114711-7639527,AMAZON,B08VGQFBDQ,,WCDTRE+RPR44WH,1,18.39,8.85,2026-03-28 15:01:58,amazon Dcvoltage,false
1131527,205-0131855-6328316,AMAZON,B0CF1L686D,,BLOB1GU400+LDGU10WD5,1,29.89,29.89,2026-03-28 15:07:53,amazon Dcvoltage,false
1131536,205-3363598-5793113,AMAZON,B0CVKZ67VL,,RWWPSY0860YE,1,5.78,2.41,2026-03-28 15:19:40,amazon Ledsone,false
1131542,202-9164134-7995529,AMAZON,B08TX35XSK,,LSMS320GY+RPR44WH,1,14.99,14.99,2026-03-28 15:22:43,amazon Dcvoltage,false
1131543,203-7789886-7437935,AMAZON,B0CM2RZNHV,,WCDTGD+RPR44WH,1,11.69,11.69,2026-03-28 15:23:01,amazon Dcvoltage,false
1131544,202-8922081-3161127,AMAZON,B0CTT9GB4R,,LSMS320WH+RPR44WH,1,14.99,14.99,2026-03-28 15:27:33,amazon Dcvoltage,false
1131545,205-8704821-1889167,AMAZON,B09KS16CXD,,CRSF100BM+PHSH1PBRYB+SCRN70BM+LSGG200AR,1,28.69,28.69,2026-03-28 15:23:55,amazon SRM Amazon,false
1131547,026-8161972-9616313,AMAZON,B07FGFC7MJ,,CCBC5,1,5.69,4.74,2026-03-28 15:22:39,amazon Ledsone,false
1131548,203-4928286-2921923,AMAZON,B0F9X2RK3V,,CL3TBRAPK,1,20.99,17.49,2026-03-28 15:29:55,amazon Ledsone,false
1131549,206-0011257-1313140,AMAZON,B0CCHZNHT9,,SPSDP2WH,1,8.58,4.74,2026-03-28 15:29:34,amazon Ledsone,false
1131564,204-2525882-0967528,AMAZON,B0FH6JJKV4,,SPSDP2BMY,1,8.58,4.74,2026-03-28 15:32:07,amazon Ledsone,false
1131565,202-0514079-2985163,AMAZON,B097DX5557,,CBSF70,1,5.89,4.91,2026-03-28 15:32:13,amazon Ledsone,false
1131571,204-9692425-1491566,AMAZON,B0B8P9BKXB,,LDMG125E278,4,43.56,9.07,2026-03-28 15:44:53,amazon Ledsone,false
1131572,206-4491845-8078736,AMAZON,B0D9PF7594,,CBMP140BM,1,9.79,9.79,2026-03-28 15:49:57,amazon Dcvoltage,false
1131593,202-2423574-3939551,AMAZON,B08TX2837H,,LSMS320BI+RPR44WH,1,14.99,14.99,2026-03-28 16:09:24,amazon Dcvoltage,false
1131600,204-1453809-6857164,AMAZON,B08W5DQZP4,,CRSF100BM+WSLS155YB+SCRN70BM+LSFT220GR,1,15.89,15.89,2026-03-28 16:22:33,amazon Dcvoltage,false
1131603,203-7620287-6578722,AMAZON,B0F2FZKWDT,,RWT680YE,1,11.98,7.57,2026-03-28 16:25:45,amazon Ledsone,false
1131604,206-1593092-5897937,AMAZON,B0DNJZDCXN,,ENC5361,2,59.78,24.91,2026-03-28 16:24:50,amazon Ledsone,false
1131606,204-7516656-6629932,AMAZON,B0F1D1JZTY,,RWWPSY08120YE,1,12.48,9.59,2026-03-28 16:26:41,amazon Dcvoltage,false
1131618,203-8987064-9797108,AMAZON,B0DX6WMCT6,,CENU19150BM,1,0.74,0.74,2026-03-28 16:32:49,amazon Ledsone,false
1131619,203-8987064-9797108,AMAZON,B0DX6T74B9,,CENU36300BM,1,1.66,1.66,2026-03-28 16:32:49,amazon Ledsone,false
1131620,203-4966667-3685111,AMAZON,B0CPBW3J4P,,LSCY290RO+RPR44WH,1,17.89,17.89,2026-03-28 16:28:41,amazon Dcvoltage,false
1131621,026-7618411-5249967,AMAZON,B0F48KSRDK,,RWWPSY0680YE,1,9.16,5.89,2026-03-28 16:39:45,amazon Dcvoltage,false
1131636,204-6162190-8933141,AMAZON,B0CVKZ67VL,,RWWPSY0860YE,1,5.78,2.41,2026-03-28 16:55:54,amazon Ledsone,false
1131643,203-4678769-8884359,AMAZON,B097DW1ZGK,,CBSF50,1,5.89,4.91,2026-03-28 17:06:10,amazon Ledsone,false
1131644,204-2696138-6675560,AMAZON,B0DCNX6XFY,,WCB2WH5PK+RPR44WH5PK,1,35.19,29.32,2026-03-28 17:06:00,amazon Ledsone,false
1131645,026-5854865-2061140,AMAZON,B0D83PFMTP,,WCDCBM3PK+RPR44WH3PK,1,24.49,24.49,2026-03-28 17:05:44,amazon Dcvoltage,false
1131646,205-3440492-5712352,AMAZON,B0D9MB1CXX,,TPFC160BU+RPR44WH,1,15.39,15.39,2026-03-28 17:07:42,amazon Dcvoltage,false
1131652,204-9920253-4246744,AMAZON,B0DBLRNVWK,,WCB2WH2PK+RPR44WH2PK,1,16.29,13.57,2026-03-28 17:06:00,amazon Ledsone,false
1131653,205-2560824-9048346,AMAZON,B0CKSSF9F2,,CRFF75BA,1,9.78,5.74,2026-03-28 17:17:33,amazon Ledsone,false
1131654,204-2028099-3947506,AMAZON,B0CNLZD7WR,,WCB4BC+RPR44WH,1,9.89,9.89,2026-03-28 17:12:13,amazon Dcvoltage,false
1131655,202-0532942-3378749,AMAZON,B0DH9BRNQ7,,CL3THE3PK,1,10.88,7.99,2026-03-28 17:16:46,amazon Dcvoltage,false
1131656,205-2786155-1733125,AMAZON,B0CJ4QZ15C,,LSMCSPSQMC+RPM40WH,1,22.89,22.89,2026-03-28 17:14:43,amazon Dcvoltage,false
1131657,204-4450911-5201900,AMAZON,B08W5CZ4HH,,WSFS1BMYB+SCRN70BM+LSFT220BM,2,28.60,15.89,2026-03-28 17:20:02,amazon Dcvoltage,false
1131673,206-4857941-0266703,AMAZON,B0FBRTCXMK,,SPHEBM,1,6.18,2.74,2026-03-28 17:28:56,amazon Ledsone,false
1131674,026-9710816-5646718,AMAZON,B0CKSNWTYT,,CRFF75YB,1,9.48,5.49,2026-03-28 17:29:20,amazon Ledsone,false
1131675,202-9657835-4393130,AMAZON,B0FG2YH42V,,ENC8743,1,29.60,27.41,2026-03-28 17:36:36,amazon Ledsone,false
1131677,204-8407380-5282729,AMAZON,B096FR3CD5,,ENC1509,1,53.89,53.89,2026-03-28 17:39:03,amazon Dcvoltage,false
1131681,204-8822026-7505969,AMAZON,B0BX3YZZX5,,LSSS300OR+RPR44WH,1,14.99,12.49,2026-03-28 17:40:15,amazon Ledsone,false
1131684,205-3310124-5745946,AMAZON,B0FPWV2SHR,,LDCWT75B22126PK,1,17.54,16.24,2026-03-28 17:50:40,amazon Ledsone,false
1131685,202-4670911-6056312,AMAZON,B0DB2B9NYZ,,CRFF75GB2PK,1,11.49,9.57,2026-03-28 17:49:14,amazon Ledsone,false
1131686,202-9571136-0911547,AMAZON,B0D59SFQQL,,WCB6BM2PK+RPR44WH2PK,1,15.69,15.69,2026-03-28 17:54:46,amazon Dcvoltage,false
1131687,204-4453587-9977935,AMAZON,B0C6LV14PT,,12UK3P2A,1,10.78,7.89,2026-03-28 18:04:46,amazon Dcvoltage,false
1131691,203-1925908-3287526,AMAZON,B0GLFZ9BSJ,,LSGLFP245BR+RPM40WH,1,17.89,17.89,2026-03-28 18:01:04,amazon Dcvoltage,false
1131692,202-1889066-6877957,AMAZON,B0D76FQX9G,,CRSF108SN2PK+WSST70SN2PK,1,17.39,17.39,2026-03-28 18:08:43,amazon Dcvoltage,false
1131693,203-5334734-6882739,AMAZON,B0863411M8,,PHSF1BMTYB,1,11.99,9.99,2026-03-28 18:01:01,amazon Ledsone,false
1131694,205-4709535-4081959,AMAZON,B0FVM9L8TM,,CERU72350RE,1,5.24,5.24,2026-03-28 18:04:41,amazon Ledsone,false
1131695,205-4709535-4081959,AMAZON,B0FVMF53CK,,CERU72450YE,1,6.57,6.57,2026-03-28 18:04:41,amazon Ledsone,false
1131696,026-1144687-3574723,AMAZON,B0D7S35MGY,,LSMS320GR+RPR44WH,1,14.99,12.49,2026-03-28 18:05:36,amazon Ledsone,false
1131697,205-7177138-6382749,AMAZON,B0C65W1C91,,CRFF500CH+PHCHPCRCH3PK+LSOL220CH3PK,1,28.99,28.99,2026-03-28 18:09:08,amazon SRM Amazon,false
1131702,206-5215627-5254733,AMAZON,B0F637JS56,,CGSRCO,3,5.55,1.85,2026-03-28 18:12:44,amazon SRM Amazon,false
1131703,206-5215627-5254733,AMAZON,B0F6NLP99K,,CGSRYB3PK,1,0.61,0.61,2026-03-28 18:12:44,amazon SRM Amazon,false
1131711,205-6246056-2890730,AMAZON,B0D9RXR847,,WCDTRO3PK+RPR44WH3PK,1,24.19,20.16,2026-03-28 18:28:21,amazon Ledsone,false
1131721,203-8805923-2912369,AMAZON,B0BT7PVW7H,,ENC4323,1,38.89,38.89,2026-03-28 18:35:56,amazon Dcvoltage,false
1131723,206-5086436-1968315,AMAZON,B0GDDFC6TS,,LDMT185E2733PK,1,13.99,11.66,2026-03-28 18:43:10,amazon Ledsone,false
1131724,204-7579731-3238755,AMAZON,B0C1T4JPLJ,,ENC899,1,23.89,19.91,2026-03-28 18:48:59,amazon Ledsone,false
1131730,202-0775576-2056311,AMAZON,B093T2C59D,,LSMS320GY+RPR44WH,1,14.99,12.49,2026-03-28 18:46:49,amazon Ledsone,false
1131733,206-8017334-0843547,AMAZON,B0DX6TP9TZ,,CENU36300WH,1,5.28,1.66,2026-03-28 18:58:14,amazon Ledsone,false
1131756,205-5582671-4745913,AMAZON,B08XWSBPHW,,WCB1BM+RPR44WH,1,10.69,10.69,2026-03-28 19:22:11,amazon Dcvoltage,false
1131757,202-7996700-4593149,AMAZON,B0DH8XKTL8,,CL3TBK3PK,1,8.99,8.99,2026-03-28 19:24:02,amazon Dcvoltage,false
1131762,205-9019753-2303569,AMAZON,B0CGZSD2RV,,LSMCSPFLMC2PK+RPM40WH2PK,1,45.89,38.24,2026-03-28 19:25:10,amazon Ledsone,false
1131776,204-5626948-1693925,AMAZON,B07GCPMLSY,,CL2TGYAPK,1,16.19,16.19,2026-03-28 19:49:27,amazon Dcvoltage,false
1131777,202-9092810-9853118,AMAZON,B0DJR6W8XX,,SPSPLBM2PK,1,5.78,2.41,2026-03-28 19:43:13,amazon Ledsone,false
1131784,206-3568889-3565134,AMAZON,B0CBMG2VZN,,WCNCBM2PK+RPR44WH2PK,1,13.89,13.89,2026-03-28 19:54:19,amazon Dcvoltage,false
1131788,203-9331127-3667502,AMAZON,B0F1D4718F,,CRSF1205SN,2,15.72,7.86,2026-03-28 20:12:57,amazon Ledsone,false
1131789,203-9331127-3667502,AMAZON,B097F5VZBL,,LHTRE27SN,8,52.56,6.57,2026-03-28 20:12:57,amazon Ledsone,false
1131790,203-9331127-3667502,AMAZON,B0G2BRJ6N8,,SPSDP2SN4PK,2,19.32,9.66,2026-03-28 20:12:57,amazon Ledsone,false
1131791,026-5199230-6857926,AMAZON,B07CV97DHX,,WJB2,4,23.56,5.89,2026-03-28 20:01:26,amazon Dcvoltage,false
1131795,204-0100289-6152370,AMAZON,B0D9RQQZYB,,WCDCBM3PK+RPR44WH3PK,1,24.89,20.74,2026-03-28 20:16:31,amazon Ledsone,false
1131804,202-8620696-9734750,AMAZON,B0DBTX2GLJ,,LSLT360GR2PK+RPR44WH2PK,1,21.99,18.32,2026-03-28 20:20:59,amazon Ledsone,false
1131809,204-1360826-1057943,AMAZON,B0DBHQQLJ4,,CRSF100BM+SPUPBM+PHRYWP2RBM,1,11.69,11.69,2026-03-28 20:32:39,amazon Dcvoltage,false
1131810,026-7663983-2589957,AMAZON,B0F9YJLRGY,,ENC8791,2,38.78,19.39,2026-03-28 20:35:54,amazon Dcvoltage,false
1131815,206-3802386-5947565,AMAZON,B0GLXRPL51,,LHXWPE27PPWH,1,8.18,4.41,2026-03-28 20:53:38,amazon Ledsone,false
1131819,206-9047490-6753127,AMAZON,B0F1TJ463D,,CENU19150BM,1,3.84,0.89,2026-03-28 20:53:04,amazon Dcvoltage,false
1131820,205-3511861-4628331,AMAZON,B0CV7K3P22,,RWGS1533WH,1,7.25,3.89,2026-03-28 20:56:53,amazon Dcvoltage,false
1131823,203-1597946-1641146,AMAZON,B0FVYFT9XL,,CRFF110HSN,1,19.19,14.19,2026-03-28 21:07:13,amazon Dcvoltage,false
1131825,205-9893674-4769117,AMAZON,B0C7KM618G,,ENC5033,1,88.89,88.89,2026-03-28 21:14:34,amazon Dcvoltage,false
1131826,026-6357641-3571530,AMAZON,B08XNPXBF3,,LSSS300SN+RPR44WH,1,13.49,13.49,2026-03-28 21:15:34,amazon Dcvoltage,false
1131827,202-8598201-6629125,AMAZON,B0CJ4RX6S2,,LSMCSPMSMC+RPM40WH,2,48.58,26.99,2026-03-28 21:17:00,amazon Dcvoltage,false
1131828,202-4593456-8571551,AMAZON,B0FB41DWMV,,LDMC35E1446PK,1,28.29,23.57,2026-03-28 21:10:38,amazon Ledsone,false
1131833,205-7209683-0093935,AMAZON,B0CL16BWS3,,ENC5523,1,42.89,42.89,2026-03-28 21:27:30,amazon Dcvoltage,false
1131835,202-2657873-7119524,AMAZON,B0DGL8XMR7,,LDMA60E274WW,1,5.39,3.19,2026-03-28 21:31:41,amazon Dcvoltage,false
1131850,204-5431906-6357150,AMAZON,B0BWK8JTT6,,PHSF1PWR20WH+LSWE315RE,1,18.89,18.89,2026-03-28 22:06:17,amazon Dcvoltage,false
1131852,205-8098053-7193135,AMAZON,B07CQL5WJR,,CRSF100BM,3,18.27,5.07,2026-03-28 22:00:51,amazon Ledsone,false
1131858,202-8120252-1949136,AMAZON,B0F6775Q2J,,LSMCSQWYRE+RPM40WH,1,20.79,17.32,2026-03-28 22:17:08,amazon Ledsone,false
1131860,202-4832324-4314710,AMAZON,B0DDC11VMP,,LSMCSPDRFL+RPM40WH,1,17.89,14.91,2026-03-28 22:17:08,amazon Ledsone,false
1131863,203-3576412-4985125,AMAZON,B0B8P9BKXB,,LDMG125E278,1,10.89,9.07,2026-03-28 22:28:25,amazon Ledsone,false
1131867,202-1772453-0648320,AMAZON,B084VPLPS5,,CRSF2003YB,1,9.59,7.99,2026-03-28 22:40:08,amazon Ledsone,false
1131870,203-6605980-1577960,AMAZON,B0CVGYLB25,,RWWPSY0860YE,1,8.68,5.79,2026-03-28 23:00:35,amazon Dcvoltage,false
1131871,202-7691664-1526753,AMAZON,B0CTTD21V2,,LSMS320NB+RPR44WH,1,14.99,14.99,2026-03-28 23:00:59,amazon Dcvoltage,false
1131874,204-1129246-2758765,AMAZON,B09L8H35VL,,PHSH1HETYB+LSCY290BC,1,18.24,18.24,2026-03-28 23:16:26,amazon Ledsone,false
1131875,204-1129246-2758765,AMAZON,B0CNLZKBMR,,ENC1831,1,18.24,18.24,2026-03-28 23:16:26,amazon Ledsone,false
1131878,205-2422890-0641110,AMAZON,B0D94LCNBL,,PHSF1BWTWH2PK,1,15.20,14.07,2026-03-28 23:38:19,amazon Ledsone,false
1131879,204-6451812-0881906,AMAZON,B0FZ98L16S,,ENC5732,1,48.39,48.39,2026-03-28 23:33:32,amazon SRM Amazon,false
1131884,205-3694229-0816329,AMAZON,B0DH4KYFPD,,WCDTBM2PK+RPR44WH2PK,1,18.49,15.41,2026-03-23 00:41:43,amazon Ledsone,false
1131885,204-7988188-5271566,AMAZON,B0B9Y59487,,CL3TBR5PK,2,27.58,11.49,2026-03-29 00:04:02,amazon Ledsone,false
1131886,206-9155368-6493952,AMAZON,B0D28VF8S2,,LSCY290BI+RPR44WH,1,15.89,13.24,2026-03-29 00:24:13,amazon Ledsone,false
1131887,202-2976274-4642714,AMAZON,B0CQT8BC9L,,LSDO210BM+RPR44WH,1,11.89,11.89,2026-03-29 00:35:44,amazon Dcvoltage,false
1131890,203-2640015-7448307,AMAZON,B0D293PM6V,,LSCY290BC3PK+RPR44WH3PK,1,40.99,34.16,2026-03-29 02:25:19,amazon Ledsone,false
1131891,206-0001705-6641966,AMAZON,B0B9Y5MRSK,,CL3TGD5PK,1,13.19,10.99,2026-03-29 02:35:27,amazon Ledsone,false
1131957,206-4062585-7181940,AMAZON,B0GLPLNXXC,,PL4HBC,2,72.18,36.09,2026-03-29 05:16:19,amazon Dcvoltage,false
1131964,204-6447195-2465116,AMAZON,B09882L649,,CRFF500BM+PHHT1PBRBM3PK+WCDTBM3PK,1,38.79,32.32,2026-03-29 06:32:20,amazon Ledsone,false
1131966,026-4876630-9500347,AMAZON,B0DX77S984,,CERU36300GR,5,16.84,2.32,2026-03-29 07:12:47,amazon Ledsone,false
1131969,026-9944531-3446714,AMAZON,B0F2FDYS4Q,,LSMS320OR+RPR44WH,1,14.99,12.49,2026-03-29 07:19:51,amazon Ledsone,false
1131980,206-1603869-0554709,AMAZON,B0BP2MVWKC,,ENC4121,1,28.89,28.89,2026-03-29 08:19:20,amazon Dcvoltage,false
1131992,204-5899195-2339535,AMAZON,B0DBZPLK3L,,CL3RYE5PK,1,11.99,11.99,2026-03-29 08:55:02,amazon SRM Amazon,false
1131993,204-0541940-3659505,AMAZON,B0CMCN53QH,,CRFF500BM+WCCY1ROCH3PK,1,58.29,48.57,2026-03-28 15:14:48,amazon Ledsone,false
1131994,206-0882476-5751537,AMAZON,B0GQ48BNBZ,,LSGLSC115AR+RPM40WH,1,12.78,9.89,2026-03-29 08:57:40,amazon Dcvoltage,false
1132000,026-0856589-2827537,AMAZON,B0D9RWZ7H8,,CRSF100SN3PK,1,15.89,13.24,2026-03-29 09:01:23,amazon Ledsone,false
1132004,205-8054004-6223509,AMAZON,B0FXXP9BLQ,,LDSG1001E27,1,13.89,11.57,2026-03-29 09:25:27,amazon Ledsone,false
1132005,204-0659407-6141917,AMAZON,B0DZNJDHCQ,,RWWPSY12GY,1,4.88,1.66,2026-03-29 09:24:04,amazon Ledsone,false
1132009,205-6003594-9421123,AMAZON,B0CCHZ98M6,,SPSDP2BM,1,8.01,4.74,2026-03-29 09:33:19,amazon Ledsone,false
1132010,204-5205648-1773904,AMAZON,B08XWJFN5R,,WCB4WH+RPR44WH,1,10.00,10.00,2026-03-29 09:31:26,amazon Dcvoltage,false
1132015,206-6992986-7277123,AMAZON,B0CSSK9B17,,CKEC06GD,1,15.99,15.99,2026-03-29 09:40:20,amazon Dcvoltage,false
1132018,205-1730847-1081139,AMAZON,B0C43M1HH6,,WCDTBL+RPR44WH,1,10.89,9.07,2026-03-29 09:48:12,amazon Ledsone,false
1132021,026-8090952-9645906,AMAZON,B0CV7K4PZC,,RWGS1342WH,1,6.75,3.59,2026-03-29 09:49:45,amazon Dcvoltage,false
1132023,206-4357853-6306714,AMAZON,B0FB2JZ7RM,,PHSF2BMRYB+SPSDP2BM+LDMST64E274,1,16.89,14.07,2026-03-29 09:58:00,amazon Ledsone,false
1132027,204-2944883-8419559,AMAZON,B0D7S2J3GP,,LSMS320WH2PK+RPR44WH2PK,1,27.99,23.32,2026-03-29 10:02:21,amazon Ledsone,false
1132030,202-1856786-4041148,AMAZON,B0DTPB2YC2,,WCB2BM3PK+RPR44WH3PK,1,22.89,19.07,2026-03-29 10:05:20,amazon Ledsone,false
1132039,202-3766408-8497937,AMAZON,B0C9DV894B,,SPSDP2YB,1,7.09,7.09,2026-03-29 10:18:33,amazon Dcvoltage,false
1132048,206-0690310-5568334,AMAZON,B0CF5K9JQD,,CRSF100BM+PHCHPBRRO+LSCY290RO,1,24.89,20.74,2026-03-29 10:28:44,amazon Ledsone,false
1132054,204-6574788-9273939,AMAZON,B0BTTJ6PNH,,ENC4398,1,30.50,33.89,2026-03-29 10:41:52,amazon Dcvoltage,false
1132055,205-4795269-8177915,AMAZON,B0F48M8XP1,,RWWPSY08120YE,2,22.26,9.59,2026-03-29 10:46:59,amazon Dcvoltage,false
1132061,204-8858117-2854747,AMAZON,B0DH63TD9T,,CL2TBK5PK,1,11.99,11.99,2026-03-29 10:55:02,amazon Dcvoltage,false
1132062,206-6059298-9428325,AMAZON,B09YYSLDWP,,PLADBM+LSDO210BG3PK+ICST64E273PK,1,53.00,58.89,2026-03-29 10:58:11,amazon Dcvoltage,false
1132069,205-7411223-3857163,AMAZON,B0CVL5MYFT,,LSTF400WH+RPR44WH,2,31.52,16.59,2026-03-29 11:02:47,amazon Dcvoltage,false
1132070,202-3842656-5978711,AMAZON,B0B71MJFDZ,,CRSF100BM,1,8.88,4.99,2026-03-29 10:58:07,amazon Ledsone,false
1132073,203-8972092-2017921,AMAZON,B08PC68QCM,,LHSHE27GB,1,10.88,6.66,2026-03-29 11:03:07,amazon Ledsone,false
1132082,202-1663173-8329149,AMAZON,B09LM63CRF,,CRFF140CH,1,6.69,5.57,2026-03-29 11:17:29,amazon Ledsone,false
1132116,204-1573609-9292358,AMAZON,B0C9TWTCZ8,,LSCY210BG+RPR44WH,1,12.89,12.89,2026-03-29 12:01:30,amazon Dcvoltage,false
1132118,204-3282746-6753933,AMAZON,B0BWNHGMMR,,PLTABM+ICST64E27,3,64.50,19.91,2026-03-29 12:01:06,amazon Ledsone,false
1132120,203-5343892-6564311,AMAZON,B0DNK2H74S,,ENC5362,1,29.89,24.91,2026-03-29 12:04:38,amazon Ledsone,false
1132122,202-6428846-0259500,AMAZON,B0F9467GTW,,CL3TCR3PK,1,5.82,5.82,2026-03-29 12:09:11,amazon Ledsone,false
1132126,202-6428846-0259500,AMAZON,B0GR8KX976,,SPPGUK3PBR2PK,1,3.32,3.32,2026-03-29 12:09:11,amazon Ledsone,false
1132127,206-3066614-4198739,AMAZON,B0D7S35MGY,,LSMS320GR+RPR44WH,1,14.99,12.49,2026-03-29 12:14:36,amazon Ledsone,false
1132128,203-7205287-1374713,AMAZON,B0C43M1HH6,,WCDTBL+RPR44WH,1,10.89,9.07,2026-03-29 12:18:22,amazon Ledsone,false
1132136,026-8282353-1202717,AMAZON,B092DTV4GG,,PHCH1FBRBM+LSCY290BI,1,20.79,17.32,2026-03-29 12:21:08,amazon Ledsone,false
1132147,203-0235102-0541170,AMAZON,B0F9VGB8S2,,CL3RGD3PK,1,6.79,5.66,2026-03-29 12:35:14,amazon Ledsone,false
1132149,203-9684469-6580342,AMAZON,B0DRP6F5D8,,LHSHE27RO2PK,1,10.89,10.89,2026-03-29 12:31:52,amazon SRM Amazon,false
1132150,205-1724223-1573109,AMAZON,B0CQNKKQTK,,PLTTBS+LSFT220BS,1,20.89,20.89,2026-03-29 12:32:46,amazon Dcvoltage,false
1132151,205-1724223-1573109,AMAZON,B0CQNHPKT7,,PLTTBM+LSFT220BM,1,20.89,20.89,2026-03-29 12:32:46,amazon Dcvoltage,false
1132156,205-9345131-7505115,AMAZON,B0D9RWZ7H8,,CRSF100SN3PK,1,15.89,13.24,2026-03-29 12:47:24,amazon Ledsone,false
1132161,026-3434391-6978722,AMAZON,B0FN4C3B9T,,PLHCBM+LSDO210BM3PK,1,47.83,39.86,2026-03-29 12:54:53,amazon Ledsone,false
1132162,202-9975823-1546706,AMAZON,B094JXL9R9,,CRSF100YE+PHCH1PWRSYE+LSCY290YE,1,22.89,19.07,2026-03-29 12:55:20,amazon Ledsone,false
1132163,206-7529119-3331538,AMAZON,B0DMT5YWLR,,PCFT90TBM5PK,1,11.68,7.32,2026-03-29 12:58:48,amazon Ledsone,false
1132164,202-6439755-8153121,AMAZON,B08FXSKT7L,,LSFT220WH+RPR44WH,1,10.79,10.79,2026-03-29 12:54:06,amazon Dcvoltage,false
1132169,205-9289594-5650740,AMAZON,B0DH984LPF,,CL3TGL2PK,1,5.99,5.99,2026-03-29 13:07:02,amazon Dcvoltage,false
1132170,205-9289594-5650740,AMAZON,B0DH9B4NSC,,CL3TIV3PK,1,7.99,7.99,2026-03-29 13:07:02,amazon Dcvoltage,false
1132179,203-7856494-1421116,AMAZON,B08X7H85GH,,PLPYBM,2,39.78,19.89,2026-03-29 13:06:47,amazon Dcvoltage,false
1132180,202-1663071-7309163,AMAZON,B0BSFRFZ3N,,ENC4246,1,29.89,29.89,2026-03-29 13:17:38,amazon Dcvoltage,false
1132186,204-4012530-7361951,AMAZON,B0CVKZ67VL,,RWWPSY0860YE,1,5.78,2.41,2026-03-29 13:20:15,amazon Ledsone,false
1132188,206-0848253-3569948,AMAZON,B0CCHZ98M6,,SPSDP2BM,1,8.58,4.74,2026-03-29 13:27:17,amazon Ledsone,false
1132189,026-0412309-5949105,AMAZON,B0DTHKSHFY,,WCB7BS3PK+RPR44WH3PK,1,24.89,24.89,2026-03-29 13:20:21,amazon Dcvoltage,false
1132192,204-2247036-4514764,AMAZON,B0D5Y3NVDY,,CKTCBC,1,11.98,9.09,2026-03-29 13:32:36,amazon Dcvoltage,false
1132193,204-4852612-3992321,AMAZON,B0DGQKC1N1,,LSLT360BC+RPR44WH,9,98.17,10.10,2026-03-29 13:29:22,amazon Ledsone,false
1132194,205-9567074-4904360,AMAZON,B0DBZGHLSR,,LDSHEAE2743PK,1,21.89,18.24,2026-03-29 13:31:36,amazon Ledsone,false
1132195,206-5665472-4697153,AMAZON,B08L7P2MHQ,,LDCWE27183PK,1,15.99,13.32,2026-03-29 13:32:19,amazon Ledsone,false
1132196,205-0482571-0664316,AMAZON,B0CLGWHVMC,,CRFF140FG+WSFSFG,2,23.58,7.74,2026-03-29 13:33:38,amazon Ledsone,false
1132197,026-3484953-1060303,AMAZON,B0F29GCPTY,,SPSD88SN2PK,1,7.59,6.32,2026-03-29 13:34:45,amazon Ledsone,false
1132199,203-9225441-8780301,AMAZON,B09CZDT41W,,ENC903,1,23.99,23.99,2026-03-29 13:37:31,amazon SRM Amazon,false
1132207,203-8503921-9029906,AMAZON,B0D944SCS4,,WCB6WH3PK+RPR44WH3PK,1,22.29,18.57,2026-03-29 13:41:46,amazon Ledsone,false
1132211,204-8539668-8441931,AMAZON,B08DHY67YJ,,RPM40WH2PK,1,8.88,5.99,2026-03-29 13:51:12,amazon Dcvoltage,false
1132212,202-7176683-3024330,AMAZON,B08V8HWBYG,,CRSF100BM+PHSH1PBRBM+LSMS320GY,1,16.06,18.89,2026-03-29 13:57:15,amazon Dcvoltage,false
1132213,204-5330974-8104303,AMAZON,B0CGZQV9Y7,,LSMCSPFLMC+RPM40WH,1,25.89,21.57,2026-03-29 13:52:27,amazon Ledsone,false
1132214,206-6802608-9282705,AMAZON,B0D297QW6M,,LSCY290CB+RPR44WH,1,15.89,13.24,2026-03-29 13:53:39,amazon Ledsone,false
1132217,203-0490297-7870740,AMAZON,B0851CVQR3,,CRSF1206CO,1,14.49,7.91,2026-03-29 14:02:01,amazon Ledsone,false
1132218,026-2683209-2975505,AMAZON,B07BB324Q1,,CRFF108GB+HK10GB,1,9.38,5.41,2026-03-29 14:02:19,amazon Ledsone,false
1132219,203-1640722-6109152,AMAZON,B0CVKZ67VL,,RWWPSY0860YE,2,8.67,2.41,2026-03-28 22:39:10,amazon Ledsone,false
1132224,204-6459509-6736354,AMAZON,B0DTPPXX87,,LSCY290BM+RPR44WH,1,15.89,13.24,2026-03-29 14:16:12,amazon Ledsone,false
1132229,204-5485046-0041944,AMAZON,B0979H9NHS,,CNP1000FG,1,7.89,6.57,2026-03-29 14:21:58,amazon Ledsone,false
1132231,204-6755173-0697114,AMAZON,B0F2DRB7FZ,,LSFS230BM+ICST64E27,1,26.49,22.07,2026-03-29 14:29:27,amazon Ledsone,false
1132233,026-5064578-5205932,AMAZON,B08KJJWJKK,,WCFSDCBM,1,41.89,34.91,2026-03-29 14:26:55,amazon Ledsone,false
1132234,206-8006336-3344344,AMAZON,B07DH89GTY,,12UK3P2A,1,9.58,5.57,2026-03-29 14:25:33,amazon Ledsone,false
1132249,202-6081129-4317159,AMAZON,B0CBMG2N9K,,WCBNBS2PK+RPR44WH2PK,1,17.26,17.26,2026-03-29 14:31:08,amazon Dcvoltage,false
1132259,202-1621108-6901124,AMAZON,B0B9Y78BWX,,CL3TAG5PK,1,13.99,11.66,2026-03-29 14:43:49,amazon Ledsone,false
1132260,206-3092018-3905159,AMAZON,B0C3ZPTYTQ,,LSCY290NB+RPR44WH,1,16.09,13.41,2026-03-29 14:48:45,amazon Ledsone,false
1132272,205-0351148-9801903,AMAZON,B0C62DNV2L,,WCSRBC,1,10.89,10.89,2026-03-29 14:55:33,amazon Dcvoltage,false
1132279,202-5687775-9438710,AMAZON,B0B8P49KHN,,LDA60B224WW,1,5.99,4.99,2026-03-29 15:06:13,amazon Ledsone,false
1132287,205-8383469-0040368,AMAZON,B0DH9FZNF4,,CL3TGR3PK,1,8.49,8.49,2026-03-29 15:11:51,amazon Dcvoltage,false
1132288,202-2871421-9534731,AMAZON,B096FP59Q2,,PLADRR+ICST64E27603PK,1,51.89,51.89,2026-03-29 15:14:12,amazon Dcvoltage,false
1132289,206-3410257-8905147,AMAZON,B0DCZKCC5F,,CL2TGL5PK,1,12.49,10.41,2026-03-29 15:10:32,amazon Ledsone,false
1132290,026-1130856-4017103,AMAZON,B095M2DSYV,,WCVCBM+RPR44WH,1,13.68,8.99,2026-03-29 15:19:05,amazon Ledsone,false
1132292,206-2220411-2137932,AMAZON,B0DQDBNJQ8,,PHSF1ROTRO3PK,2,41.20,19.07,2026-03-29 15:19:29,amazon Ledsone,false
1132297,205-0679809-0717103,AMAZON,B0DTHYPHJJ,,WCDTBL+RPR44WH,1,10.89,9.07,2026-03-29 15:36:47,amazon Ledsone,false
1132298,202-0021601-0762764,AMAZON,B0F1CYVFBD,,RWWPSY10120YE,3,25.36,7.49,2026-03-29 15:32:25,amazon Dcvoltage,false
1132299,206-9020260-0548300,AMAZON,B0DBWYGLKG,,CL2RGLAPK,1,18.49,18.49,2026-03-29 15:39:39,amazon Dcvoltage,false
1132312,205-2483222-8912301,AMAZON,B0CF1L686D,,BLOB1GU400+LDGU10WD5,1,29.89,29.89,2026-03-29 15:41:52,amazon Dcvoltage,false
1132313,026-4968094-5397954,AMAZON,B0BNW14HRC,,ENC785,1,28.89,28.89,2026-03-29 15:39:53,amazon Dcvoltage,false
1132314,026-0376899-3917934,AMAZON,B07CK1NRBT,,12IP2060,1,12.89,12.89,2026-03-29 15:49:35,amazon Dcvoltage,false
1132322,205-2511664-4029158,AMAZON,B0DCKWL469,,STFG4845WH,1,6.38,2.91,2026-03-29 15:49:42,amazon Ledsone,false
1132337,205-5280962-5509967,AMAZON,B0F1TMC6HP,,CENU25200BM,1,4.09,1.09,2026-03-29 16:06:12,amazon Dcvoltage,false
1132338,202-8945702-0197912,AMAZON,B08V5MK449,,CRSF100BM+PHHT1PBRBM+LSCY290BM,1,21.89,21.89,2026-03-29 16:08:43,amazon Dcvoltage,false
1132351,026-8812679-9969103,AMAZON,B0C9TWTCZ8,,LSCY210BG+RPR44WH,1,12.89,12.89,2026-03-29 16:10:10,amazon Dcvoltage,false
1132352,206-1644273-6460315,AMAZON,B0DH63TD9T,,CL2TBK5PK,1,11.99,11.99,2026-03-29 16:14:01,amazon Dcvoltage,false
1132353,203-7371653-3884327,AMAZON,B0DH5XZQRB,,CL2TGD,1,5.09,5.09,2026-03-29 16:15:00,amazon Dcvoltage,false
1132354,202-8380065-9421949,AMAZON,B09WJD9ZR5,,CRFF140CO+WSNW170CO+LSOL220CO,1,19.89,16.57,2026-03-29 16:12:26,amazon Ledsone,false
1132360,205-2539685-1257164,AMAZON,B09DD49XZB,,LDCWE27183PK,1,13.79,11.49,2026-03-29 16:21:43,amazon Ledsone,false
1132361,026-6211053-3385103,AMAZON,B0BL82M8SB,,LDMT185E274,1,6.99,5.82,2026-03-29 16:20:39,amazon Ledsone,false
1132368,205-7424407-4533122,AMAZON,B0F9X151P9,,CL2TIVAPK,1,20.99,17.49,2026-03-29 16:32:45,amazon Ledsone,false
1132376,026-6361401-9063568,AMAZON,B0DH65LQ8H,,CL2TBU3PK,1,7.99,7.99,2026-03-29 16:40:48,amazon Dcvoltage,false
1132377,026-9282420-8985167,AMAZON,B0DH8FMT37,,CL3TGY,1,5.09,5.09,2026-03-29 16:49:12,amazon Dcvoltage,false
1132384,205-6046422-1025914,AMAZON,B0F1D1JZTY,,RWWPSY08120YE,1,12.48,9.59,2026-03-29 16:56:44,amazon Dcvoltage,false
1132385,205-6783767-6562715,AMAZON,B0C8NJDTJS,,WCDCBM+RPR44WH,1,11.49,9.57,2026-03-29 16:54:46,amazon Ledsone,false
1132395,204-3920930-5475504,AMAZON,B0CVN6PYHV,,CENU19150BM,1,3.64,0.69,2026-03-29 17:06:15,amazon Dcvoltage,false
1132396,026-9578763-5178746,AMAZON,B0DTZ24CTF,,LSMS320BG+RPR44WH,1,16.59,13.82,2026-03-29 17:01:13,amazon Ledsone,false
1132405,205-8025305-9677951,AMAZON,B0CBPRYPMC,,WCB7BC2PK+RPR44WH2PK,1,21.89,21.89,2026-03-29 17:05:57,amazon Dcvoltage,false
1132406,202-8056414-2888343,AMAZON,B0BNW14HRC,,ENC785,2,57.78,28.89,2026-03-29 17:15:09,amazon Dcvoltage,false
1132408,205-1283486-9585964,AMAZON,B0DH4KYFPD,,WCDTBM2PK+RPR44WH2PK,1,18.49,15.41,2026-03-29 17:13:39,amazon Ledsone,false
1132409,204-4775737-8855552,AMAZON,B0DF7BD73R,,CRSF100BM+PHRYWP1RBM,1,11.89,9.91,2026-03-29 17:17:53,amazon Ledsone,false
1132419,205-6567766-7206748,AMAZON,B07MDRCBWP,,12BO72,2,41.58,20.79,2026-03-29 17:17:55,amazon Dcvoltage,false
1132420,203-5330764-4421169,AMAZON,B0D6769L8H,,SPSDP2BM2PK,1,11.09,11.09,2026-03-29 17:21:58,amazon Dcvoltage,false
1132421,206-4317872-9961109,AMAZON,B0BP2MVWKC,,ENC4121,1,28.89,28.89,2026-03-29 17:28:41,amazon Dcvoltage,false
1132426,206-6933105-8720331,AMAZON,B0D296W5SD,,LSCY290GR+RPR44WH,1,16.89,14.07,2026-03-29 17:28:55,amazon Ledsone,false
1132433,202-5827845-3850706,AMAZON,B0DG29SP2H,,LDMA60E274WW2PK,1,8.99,7.49,2026-03-29 17:36:19,amazon Ledsone,false
1132435,026-1072919-4844311,AMAZON,B08XVV335M,,WCB6BM+RPR44WH,1,10.49,10.49,2026-03-29 17:30:26,amazon Dcvoltage,false
1132444,203-1896723-6814738,AMAZON,B0DYT146SS,,RWWPSY0680YE,1,5.78,2.41,2026-03-29 17:44:36,amazon Ledsone,false
1132445,202-5194721-9706740,AMAZON,B0B8P9BKXB,,LDMG125E278,1,10.89,9.07,2026-03-29 17:44:27,amazon Ledsone,false
1132446,026-5630182-3085145,AMAZON,B0DH9FGSM9,,CL3TOR3PK,1,7.99,7.99,2026-03-29 17:42:00,amazon Dcvoltage,false
1132450,204-1099980-3812309,AMAZON,B0CCHZNHT9,,SPSDP2WH,1,8.58,4.74,2026-03-29 17:58:55,amazon Ledsone,false
1132451,026-8777349-5745903,AMAZON,B08WWRJYCW,,ENC889,1,19.97,23.49,2026-03-29 17:54:01,amazon Dcvoltage,false
1132452,026-5127636-7777907,AMAZON,B07DK5R68L,,5IP20200,1,22.89,22.89,2026-03-29 17:56:56,amazon Dcvoltage,false
1132453,202-5047704-9651547,AMAZON,B0GLGGJD2R,,LSGLFP245GR+RPM40WH,1,17.89,17.89,2026-03-29 17:57:54,amazon Dcvoltage,false
1132460,026-0948724-8573938,AMAZON,B0GR8KX976,,SPPGUK3PBR2PK,1,6.87,3.32,2026-03-29 18:04:28,amazon Ledsone,false
1132467,205-8719803-7989133,AMAZON,B0D94LCNBL,,PHSF1BWTWH2PK,1,16.89,14.07,2026-03-29 18:16:00,amazon Ledsone,false
1132469,026-2498270-0096347,AMAZON,B0CNQ1MB3F,,LDMG125B228,2,19.98,9.99,2026-03-29 18:20:06,amazon Dcvoltage,false
1132470,205-6932387-4400305,AMAZON,B07F9HBHVY,,LDMT45E274,1,5.89,5.89,2026-03-29 18:17:35,amazon Dcvoltage,false
1132476,203-2612090-7255515,AMAZON,B092R14C82,,CRSF100BM+WSCH135BM+SCRN70CO+LSTF40CO,3,55.47,15.41,2026-03-29 18:20:06,amazon Ledsone,false
1132477,206-3192747-6413147,AMAZON,B0DCKGXY3N,,STFG4845WH2PK,2,12.27,3.91,2026-03-29 18:22:07,amazon Ledsone,false
1132478,204-3619225-9953909,AMAZON,B0FPWXQWQD,,LDCWA60HB2296PK,1,10.13,6.24,2026-03-29 18:24:18,amazon Ledsone,false
1132479,203-6698164-7161133,AMAZON,B0GDDXB14R,,LDMT185E2732PK,1,10.99,9.16,2026-03-29 18:26:33,amazon Ledsone,false
1132480,203-6508640-3033164,AMAZON,B0BY57G4PR,,LSMS320BG+RPR44WH,1,16.79,16.79,2026-03-29 18:22:14,amazon Dcvoltage,false
1132486,026-6573259-4773966,AMAZON,B0917RQ9PM,,PLHCBC+LSDO210BC3PK,1,49.89,41.57,2026-03-29 18:29:53,amazon Ledsone,false
1132490,204-8931029-3325917,AMAZON,B08ZHK126R,,CRSF2003BM+PHRI1PBRGB3PK+LSDO210BB3PK,1,38.89,38.89,2026-03-29 18:39:15,amazon Dcvoltage,false
1132496,206-0073485-8162750,AMAZON,B0CVLCQKTG,,LSEL400YE2PK+RPR44WH2PK,2,62.58,26.07,2026-03-29 18:49:05,amazon Ledsone,false
1132510,026-1980516-0367528,AMAZON,B0CB4RR7VK,,LSCY290YB+RPR44WH,1,17.89,17.89,2026-03-29 18:56:09,amazon Dcvoltage,false
1132511,206-9386148-9136341,AMAZON,B0DH96ZNZ4,,CL3TBR3PK,1,8.99,8.99,2026-03-29 18:53:11,amazon Dcvoltage,false
1132512,026-9147267-9409930,AMAZON,B08V8HWBYG,,CRSF100BM+PHSH1PBRBM+LSMS320GY,1,16.06,18.89,2026-03-29 18:54:58,amazon Dcvoltage,false
1132514,203-2844644-6246728,AMAZON,B0F9462Y2N,,CL3TBU3PK,1,6.99,5.82,2026-03-29 18:56:21,amazon Ledsone,false
1132519,206-8848553-4474737,AMAZON,B0D9GYS3S4,,CMWHCPK,1,10.78,6.24,2026-03-29 19:02:32,amazon Ledsone,false
1132520,203-7259571-5757943,AMAZON,B08P1HMKPK,,LSRP260SN+RPR44WH,1,18.89,18.89,2026-03-29 19:01:04,amazon Dcvoltage,false
1132521,205-3041433-4181935,AMAZON,B08TRHH7G7,,CRSF100BM+LHNSE27YB+SCRN70BM+LSWD360BM,1,24.05,28.29,2026-03-29 19:04:44,amazon Dcvoltage,false
1132526,206-3267444-1831541,AMAZON,B0FY5TWHGH,,LDSG1007E27,1,13.99,11.66,2026-03-29 19:10:59,amazon Ledsone,false
1132527,026-9183849-7334764,AMAZON,B0DF7CPG15,,CRSF120BM3PK,1,17.29,14.41,2026-03-29 19:18:26,amazon Ledsone,false
1132528,202-1752900-5042738,AMAZON,B0GLZ4SY9Q,,LSGLCP120SY+PHHT1PBRBM,1,12.89,12.89,2026-03-29 19:17:15,amazon Dcvoltage,false
1132529,202-1752900-5042738,AMAZON,B0GCZBM524,,CRFF100SN+LHNSE27SN,1,11.99,11.99,2026-03-29 19:17:15,amazon Dcvoltage,false
1132535,206-6309912-0792314,AMAZON,B0DCKWL469,,STFG4845WH,1,6.38,2.91,2026-03-29 19:18:28,amazon Ledsone,false
1132537,205-7225072-1115530,AMAZON,B0B7799FKL,,CRFF108GB+HK10GB,1,10.78,6.57,2026-03-29 19:20:09,amazon Ledsone,false
1132538,026-6762184-7985167,AMAZON,B0F291VKCF,,LSCY290RE+RPR44WH,1,14.89,12.41,2026-03-29 19:21:18,amazon Ledsone,false
1132539,206-8259890-0388312,AMAZON,B09477YHK7,,LDMG95E278APK,1,35.19,29.32,2026-03-29 19:23:46,amazon Ledsone,false
1132540,026-5619608-4669938,AMAZON,B098LM77CM,,LHSHE27GB,1,10.88,6.66,2026-03-29 19:29:12,amazon Ledsone,false
1132546,206-9658710-7255534,AMAZON,B0DGL8XMR7,,LDMA60E274WW,1,5.39,3.19,2026-03-29 19:30:25,amazon Dcvoltage,false
1132547,205-1368054-1785166,AMAZON,B0FQVDFF8N,,CRFF108BM+PHRI1PBRBA+LSCY290BG,2,49.78,24.89,2026-03-29 19:33:40,amazon Dcvoltage,false
1132549,202-3289780-3083539,AMAZON,B0F9VFT56T,,CL3RBK3PK,1,6.79,5.66,2026-03-29 19:34:32,amazon Ledsone,false
1132550,202-2989668-4631545,AMAZON,B0D292M8M7,,LSCY290CY3PK+RPR44WH3PK,2,71.80,33.24,2026-03-29 19:38:48,amazon Ledsone,false
1132551,206-0051720-8244326,AMAZON,B0C3ZT8HVF,,LSCY290BI+RPR44WH,1,15.89,13.24,2026-03-29 19:35:24,amazon Ledsone,false
1132552,202-1491329-8921910,AMAZON,B09V8BWNFZ,,CRSF2003BM+PHHN1PBRGD3PK+LSDO210NB3PK,1,38.89,32.41,2026-03-29 19:45:20,amazon Ledsone,false
1132553,205-0087764-9724375,AMAZON,B08462DT5R,,LDMG80B224,1,6.19,5.16,2026-03-29 19:39:01,amazon Ledsone,false
1132562,204-8507898-7074719,AMAZON,B08W8R28RD,,LSRP260CO+RPR44WH,1,18.89,18.89,2026-03-29 19:42:58,amazon Dcvoltage,false
1132563,026-0704501-7792301,AMAZON,B0D9RRFVV1,,WCDCBM2PK+RPR44WH2PK,1,18.89,15.74,2026-03-29 19:43:12,amazon Ledsone,false
1132581,204-9085081-4037948,AMAZON,B07QV1ZDZX,,12RPIP4560,1,12.99,12.99,2026-03-29 19:52:25,amazon Dcvoltage,false
1132582,206-9320456-0545100,AMAZON,B0F79WMWRG,,CTBOP28L+CTBOP27L+CTBOP26L,1,14.89,14.89,2026-03-29 19:52:35,amazon Dcvoltage,false
1132583,203-3480009-0489123,AMAZON,B0C3HFQR8L,,ENC686,1,59.86,49.88,2026-03-29 19:50:13,amazon Ledsone,false
1132584,026-6729645-2653142,AMAZON,B0CCJ57823,,SPSDP3BM3PK,1,10.09,8.41,2026-03-29 19:56:11,amazon Ledsone,false
1132594,205-0941475-7065930,AMAZON,B0CSP7BXJ9,,ENC6084,1,24.79,24.79,2026-03-29 19:57:17,amazon Dcvoltage,false
1132596,203-0701002-3559556,AMAZON,B093QJRVZJ,,PLTEBC,1,22.79,18.99,2026-03-29 20:03:42,amazon Ledsone,false
1132601,206-9689520-7771526,AMAZON,B0DFTR3M3X,,RPM40BM2PK,1,5.88,2.49,2026-03-29 20:14:58,amazon Ledsone,false
1132603,206-2358906-1333922,AMAZON,B0C43MJXYS,,WCDTGR+RPR44WH,1,9.89,8.24,2026-03-29 20:19:56,amazon Ledsone,false
1132606,026-5631118-5273935,AMAZON,B0C43M1HH6,,WCDTBL+RPR44WH,1,10.89,9.07,2026-03-29 20:31:27,amazon Ledsone,false
1132607,202-8479953-3761949,AMAZON,B0FPWQN4RL,,LSOL180BS+RPR44WH,1,10.69,8.91,2026-03-29 20:34:10,amazon Ledsone,false
1132608,026-8149632-2573132,AMAZON,B0B8J8FJFN,,CRSF1202CO,1,19.48,5.36,2026-03-29 20:38:17,amazon Ledsone,false
1132611,202-5993376-2832342,AMAZON,B0DH64L6PN,,CL2TGD5PK,1,11.99,11.99,2026-03-29 20:33:28,amazon Dcvoltage,false
1132614,204-7708854-4417946,AMAZON,B08XWSBPHW,,WCB1BM+RPR44WH,1,10.69,10.69,2026-03-29 20:46:46,amazon Dcvoltage,false
1132615,202-0048166-0257169,AMAZON,B0DNK2WMKV,,ENC5360,1,29.89,24.91,2026-03-29 20:41:43,amazon Ledsone,false
1132620,204-0855547-4681141,AMAZON,B0DH97Y8D4,,CL3TBD3PK,1,7.99,7.99,2026-03-29 20:53:52,amazon Dcvoltage,false
1132621,202-2452916-0456339,AMAZON,B0D47L1JL2,,WJB2,1,5.89,2.50,2026-03-29 20:52:20,amazon Ledsone,false
1132625,204-3356980-8477966,AMAZON,B0CVL3JZJD,,RWWPSY0860YE2PK,1,8.08,4.32,2026-03-29 20:58:53,amazon Ledsone,false
1132634,206-1022553-7470713,AMAZON,B0GLGGJD2R,,LSGLFP245GR+RPM40WH,2,35.78,17.89,2026-03-29 21:00:12,amazon Dcvoltage,false
1132636,203-8581260-1672302,AMAZON,B093H8YG8Z,,LSMS320GY+RPR44WH,1,14.99,12.49,2026-03-29 21:03:46,amazon Ledsone,false
1132637,202-2892668-0084351,AMAZON,B0DKP2PBDZ,,HLRK45BM,1,4.24,4.24,2026-03-29 21:00:15,amazon Ledsone,false
1132638,202-2892668-0084351,AMAZON,B0DJBSQXTJ,,HLRK45BM5PK,1,8.07,8.07,2026-03-29 21:00:15,amazon Ledsone,false
1132652,202-6162084-0507540,AMAZON,B0F2FYS1WB,,RWT570YE,1,12.29,10.24,2026-03-29 21:10:29,amazon Ledsone,false
1132653,206-2253589-7185164,AMAZON,B0BBRYQJ43,,CL3TGRAPK,1,23.89,19.91,2026-03-29 21:10:08,amazon Ledsone,false
1132654,203-3113943-2536331,AMAZON,B0D929SXGT,,LSOL180BC3PK+RPR44WH3PK,1,28.89,24.07,2026-03-29 21:16:00,amazon Ledsone,false
1132655,204-1229405-6398724,AMAZON,B0D4YG1QFJ,,LDMG95E2783PK,1,12.19,12.19,2026-03-29 21:09:11,amazon Dcvoltage,false
1132662,206-8575345-7539566,AMAZON,B08XNQ1FT7,,LSSS300YB+RPR44WH,2,24.28,13.49,2026-03-29 21:19:58,amazon Dcvoltage,false
1132674,205-3499089-4077942,AMAZON,B0C9DV894B,,SPSDP2YB,1,7.09,7.09,2026-03-29 21:43:13,amazon Dcvoltage,false
1132675,205-3499089-4077942,AMAZON,B0D44XWSWS,,PHSF2GDTFG+ICST64E27,1,15.89,15.89,2026-03-29 21:43:13,amazon Dcvoltage,false
1132676,205-3689623-5313906,AMAZON,B0F28T2226,,CERU72450BL,1,10.91,7.89,2026-03-29 21:47:17,amazon Dcvoltage,false
1132677,206-6931770-3853149,AMAZON,B0FH6JJKV4,,SPSDP2BMY,1,4.74,4.74,2026-03-29 21:41:58,amazon Ledsone,false
1132678,206-6931770-3853149,AMAZON,B0F9VDWTYX,,CL3RBM3PK,1,5.66,5.66,2026-03-29 21:41:58,amazon Ledsone,false
1132686,205-6273060-5218716,AMAZON,B0B4BHWYR9,,PSDS2BMRGD,1,11.99,9.99,2026-03-29 21:52:59,amazon Ledsone,false
1132689,205-4936127-2468319,AMAZON,B0FY22X6WL,,WCFL180RO2PK+RPR44WH2PK,1,24.89,24.89,2026-03-29 22:03:42,amazon Dcvoltage,false
1132691,202-1834673-0979554,AMAZON,B09Z6P8H29,,LDCWA60HB227,2,10.66,3.41,2026-03-29 22:16:35,amazon Ledsone,false
1132692,026-3880312-2657123,AMAZON,B09477VMYH,,LDMG95E2785PK,1,24.89,20.74,2026-03-29 22:06:10,amazon Ledsone,false
1132699,206-1773562-6605940,AMAZON,B0CNGVNGWZ,,CRSF2003BM+PHCHPCRYB3PK+LSFT220FG3PK,1,36.89,30.74,2026-03-29 22:18:15,amazon Ledsone,false
1132706,203-4123966-8091526,AMAZON,B0BY3972CW,,SCRN70BB2PK,1,7.58,3.91,2026-03-29 22:20:48,amazon Ledsone,false
1132707,202-3442482-0645937,AMAZON,B0DH4KYFPD,,WCDTBM2PK+RPR44WH2PK,1,18.49,15.41,2026-03-29 22:23:37,amazon Ledsone,false
1132713,204-5427970-0679541,AMAZON,B0DMT9WWDF,,PCMT20CH5PK,2,16.38,6.82,2026-03-29 22:43:01,amazon Ledsone,false
1132716,206-2088336-2429112,AMAZON,B0FVM8LHNX,,CERU36150BL,1,4.58,1.41,2026-03-29 22:51:12,amazon Ledsone,false
1132719,205-5455318-4521167,AMAZON,B0C3ZT8HVF,,LSCY290BI+RPR44WH,1,15.89,13.24,2026-03-29 23:24:32,amazon Ledsone,false
1132720,205-5266456-9982721,AMAZON,B0CPBY28LB,,LSCY290GY+RPR44WH,1,16.09,16.09,2026-03-29 23:24:55,amazon Dcvoltage,false
1132722,205-7494599-6793940,AMAZON,B0DQDBNJQ8,,PHSF1ROTRO3PK,1,22.89,19.07,2026-03-29 23:37:49,amazon Ledsone,false
1132723,204-2766218-0393127,AMAZON,B0FH6JJKV4,,SPSDP2BMY,1,8.58,4.74,2026-03-29 23:36:22,amazon Ledsone,false
1132727,203-6272965-0507539,AMAZON,B0DTHKKQV6,,WCB7BM3PK+RPR44WH3PK,1,22.89,22.89,2026-03-29 23:44:07,amazon Dcvoltage,false
1132729,203-3958329-1104361,AMAZON,B0D4YG1QFJ,,LDMG95E2783PK,1,12.19,12.19,2026-03-29 23:59:28,amazon Dcvoltage,false
1132731,205-3605519-5689133,AMAZON,B0F1N9NWJS,,CL3RWX,2,3.00,1.25,2026-03-30 00:08:07,amazon Ledsone,false
1132732,202-0495796-5321937,AMAZON,B0DG29SP2H,,LDMA60E274WW2PK,1,8.99,7.49,2026-03-30 00:02:12,amazon Ledsone,false
1132733,205-9263865-9203556,AMAZON,B0G3Y37B3T,,PHBR1BMRBM+ICST64E272PK,1,23.89,23.89,2026-03-30 00:38:36,amazon Dcvoltage,false
1132736,202-8354140-1297150,AMAZON,B0FZCW7KC7,,LSHM300HE+RPR44WH,1,22.99,22.99,2026-03-30 01:28:27,amazon Dcvoltage,false
1132771,205-4313013-5231527,AMAZON,B0D4YG1QFJ,,LDMG95E2783PK,1,12.19,12.19,2026-03-30 04:02:20,amazon Dcvoltage,false
1132828,206-8777430-2789139,AMAZON,B0FJM1F3NP,,PLTTRR+LSDO210RR,1,20.29,16.91,2026-03-30 04:37:51,amazon Ledsone,false
1132846,204-1200619-1009109,AMAZON,B09L8KS17V,,CRSF100BM+PHCH1BMRBM+LSDO400BI,1,21.69,18.07,2026-03-30 05:12:48,amazon Ledsone,false
1132881,202-3154547-4411525,AMAZON,B0DLWN6VQ1,,CL3TBMAPK,2,41.20,22.89,2026-03-30 07:16:23,amazon Dcvoltage,false
1132906,204-6585701-4772351,AMAZON,B0F2HB8DK3,,RWT6150YE,1,15.29,15.29,2026-03-30 08:17:33,amazon Dcvoltage,false
1132912,026-9574664-3289950,AMAZON,B0DBWK6JGN,,CL2RHEAPK,1,18.49,18.49,2026-03-30 08:34:15,amazon Dcvoltage,false
1132915,026-3346425-1110708,AMAZON,B09479HV6W,,LDMG95E2783PK,1,17.89,14.91,2026-03-30 08:45:17,amazon Ledsone,false
1132916,202-6646472-7678728,AMAZON,B0FN4CNSPS,,PLHCBS+LSDO210BS3PK,1,45.44,39.86,2026-03-30 08:53:36,amazon Ledsone,false
1132917,206-2986160-2588337,AMAZON,B0F8QCCLMM,,CERU80300BM,1,7.88,4.16,2026-03-30 08:57:02,amazon Ledsone,false
1132925,203-3514153-5782768,AMAZON,B0C8NJDTJS,,WCDCBM+RPR44WH,1,11.49,9.57,2026-03-30 09:08:09,amazon Ledsone,false
1132950,206-5065512-8316332,AMAZON,B0BLP3Q9H6,,LDMST64E2783PK,1,14.89,12.41,2026-03-30 09:31:03,amazon Ledsone,false
1132952,026-0374273-1861159,AMAZON,B08V85S83J,,CRSF100BM+PHSH1PBRBM+LSMS320YE,1,19.69,19.69,2026-03-30 09:36:11,amazon Dcvoltage,false
1132960,026-7530219-5706740,AMAZON,B096FR3CD5,,ENC1509,2,94.60,47.30,2026-03-30 08:43:04,amazon Dcvoltage,false
1132961,026-7530219-5706740,AMAZON,B096FPKPNQ,,ENC685,1,45.49,45.49,2026-03-30 08:43:04,amazon Dcvoltage,false
1132963,026-1855548-1717153,AMAZON,B094R3M2DC,,PLADBM,1,39.99,39.99,2026-03-30 08:43:04,amazon Ledsone,false
1132964,026-1855548-1717153,AMAZON,B097LHH62X,,PLADBS,1,41.55,41.55,2026-03-30 08:43:04,amazon Ledsone,false
1132965,026-6363854-2019511,AMAZON,B0FH6FYJ57,,SPSDP2BMY3PK,1,12.68,11.74,2026-03-30 09:45:24,amazon Ledsone,false
1132986,206-7450343-9361937,AMAZON,B096FR3CD5,,ENC1509,1,53.89,53.89,2026-03-30 10:01:47,amazon Dcvoltage,false
1132987,026-5941282-1806744,AMAZON,B08X7BRL3N,,ENC863,1,22.89,22.89,2026-03-30 10:08:29,amazon Dcvoltage,false
1132990,203-1081421-8756334,AMAZON,B0D56WV9GR,,WCB7BS2PK+RPR44WH2PK,1,18.19,18.19,2026-03-30 10:11:09,amazon Dcvoltage,false
1132992,026-3057925-0047540,AMAZON,B0D94LCNBL,,PHSF1BWTWH2PK,1,16.89,14.07,2026-03-30 10:11:54,amazon Ledsone,false
1132993,203-3852931-8841945,AMAZON,B0DMF2KF74,,ENC9307,1,27.29,22.74,2026-03-30 10:11:17,amazon Ledsone,false
1132994,203-9523385-2544313,AMAZON,B0D7944QDY,,WCB6BM2PK+RPR44WH2PK,1,21.49,13.74,2026-03-30 10:12:39,amazon Ledsone,false
1133007,204-2522102-4753146,AMAZON,B0DH8Z5RGR,,CL3TBW3PK,1,7.99,7.99,2026-03-30 10:34:25,amazon Dcvoltage,false
1133012,203-1980288-8425112,AMAZON,B0C6LV14PT,,12UK3P2A,1,10.78,7.89,2026-03-30 10:44:00,amazon Dcvoltage,false
1133014,206-2487027-9605925,AMAZON,B0CCYY9W4J,,CRFF500CH+PHHT1PCRCH3PK+WCWDCH3PK,1,39.89,33.24,2026-03-30 10:40:50,amazon Ledsone,false
1133015,204-6864631-6346764,AMAZON,B0DZNJDHCQ,,RWWPSY12GY,4,10.85,1.66,2026-03-30 10:41:13,amazon Ledsone,false
1133027,204-1566666-5192361,AMAZON,B0F944VB2B,,CL3TRE3PK,1,6.99,5.82,2026-03-30 10:53:35,amazon Ledsone,false
1133028,202-5094645-5424368,AMAZON,B0BX42DWWZ,,LSSS300GY+RPR44WH,1,14.99,12.49,2026-03-30 10:55:29,amazon Ledsone,false
1133032,204-3890598-2854718,AMAZON,B0D299LXGP,,LSCY290RR+RPR44WH,2,31.78,13.24,2026-03-30 11:00:54,amazon Ledsone,false
1133034,205-0617843-4477101,AMAZON,B0CGZSD2RV,,LSMCSPFLMC2PK+RPM40WH2PK,1,45.89,38.24,2026-03-30 11:03:35,amazon Ledsone,false
1133035,026-5357749-8245960,AMAZON,B0C6LV14PT,,12UK3P2A,1,10.78,7.89,2026-03-30 11:07:03,amazon Dcvoltage,false
1133039,203-2772730-1361928,AMAZON,B0D299566W,,LSCY290NB+RPR44WH,1,16.09,13.41,2026-03-30 11:19:20,amazon Ledsone,false
1133040,204-5887227-4721143,AMAZON,B0C9DPGRGD,,SPSDP2BM,1,5.69,5.69,2026-03-30 11:11:19,amazon Dcvoltage,false
1133048,204-2534505-1201153,AMAZON,B0F291VKCF,,LSCY290RE+RPR44WH,1,14.89,12.41,2026-03-30 11:24:31,amazon Ledsone,false
1133082,202-6639592-4844324,AMAZON,B0F944BWSZ,,CL3TBM3PK,1,9.89,8.24,2026-03-30 11:41:26,amazon Ledsone,false
1133083,203-3051421-2539543,AMAZON,B0FPQVSMFT,,LDCWT75B2212,1,8.79,7.32,2026-03-30 11:41:45,amazon Ledsone,false
1133086,202-3098229-4657133,AMAZON,B0FVMD8CKN,,CERU72450GR,1,6.41,6.41,2026-03-30 11:44:42,amazon Ledsone,false
1133087,202-3098229-4657133,AMAZON,B0FVMDMLND,,CERU36150RE,1,1.21,1.21,2026-03-30 11:44:42,amazon Ledsone,false
1133088,206-8060098-9770760,AMAZON,B0FLDDJJ71,,LDCWA65HB2215,1,5.39,4.49,2026-03-30 11:46:40,amazon Ledsone,false
1133089,203-6292385-0522765,AMAZON,B078T7GTT9,,LDMST64E274,1,9.78,5.74,2026-03-30 11:47:05,amazon Ledsone,false
1133091,205-2317084-9160344,AMAZON,B0D73K1RW3,,LDMT185B224APK,1,30.89,30.89,2026-03-30 11:41:02,amazon Dcvoltage,false
1133092,202-5563423-1069153,AMAZON,B0GS9MNQ44,,SPPGUK3PBR4PK,1,10.78,7.89,2026-03-30 11:46:16,amazon Dcvoltage,false
1133103,205-6507682-3028348,AMAZON,B0CL1BB5GB,,ENC5535,1,38.60,42.89,2026-03-30 12:06:01,amazon Dcvoltage,false
1133104,202-2542498-5318750,AMAZON,B0BP2P7VDD,,LDMG125E2785PK,1,30.89,25.74,2026-03-30 12:01:04,amazon Ledsone,false
1133108,203-6207367-4200360,AMAZON,B08JYTDJ4S,,PSDS2BMRGR,1,14.89,14.89,2026-03-30 12:02:17,amazon SRM Amazon,false
1133113,204-1194053-3066769,AMAZON,B0BX4C6Y19,,LSMS320OR+RPR44WH,1,14.99,14.99,2026-03-30 12:16:50,amazon Dcvoltage,false
1133124,202-8937420-3708324,AMAZON,B07DH89GTY,,12UK3P2A,10,66.90,5.57,2026-03-30 12:25:37,amazon Ledsone,false
1133125,203-2152298-2941111,AMAZON,B0CNLY5BGK,,WCB1BC+RPR44WH,1,10.39,10.39,2026-03-30 12:21:02,amazon Dcvoltage,false
1133126,206-2729035-2076310,AMAZON,B0FQTGBLT3,,CRFF140BM+WSCH135BM+LSCY290BL,2,41.78,20.89,2026-03-30 12:22:05,amazon Dcvoltage,false
1133127,204-4348973-1359530,AMAZON,B0DH9H89G1,,CL3TGLAPK,1,20.99,20.99,2026-03-30 11:52:49,amazon Dcvoltage,false
1133142,202-8036415-9661102,AMAZON,B08X4K83DM,,ENC9699,1,18.89,18.89,2026-03-30 12:44:58,amazon Dcvoltage,false
1133158,202-7541332-3738739,AMAZON,B0BWTZ1238,,LSCP150OR+RPR44WH,1,11.89,11.89,2026-03-30 12:43:02,amazon Dcvoltage,false
1133159,026-9732969-9669941,AMAZON,B08TX3HMFJ,,LSMS320WH+RPR44WH,1,14.99,14.99,2026-03-30 12:53:44,amazon Dcvoltage,false
1133166,202-1607426-3593102,AMAZON,B0F2YRB13Q,,RWWPSY10GY,1,5.38,2.49,2026-03-30 13:01:09,amazon Dcvoltage,false
1133171,205-8583292-7673146,AMAZON,B0863J112Z,,PHSF1BMTBM2PK,1,15.20,14.07,2026-03-30 13:16:11,amazon Ledsone,false
1133173,204-7045240-7595545,AMAZON,B08V5MK449,,CRSF100BM+PHHT1PBRBM+LSCY290BM,2,43.78,21.89,2026-03-30 13:18:47,amazon Dcvoltage,false
1133181,204-0899543-2261114,AMAZON,B0FNN717PN,,CRSF1203BM+PHRN2PCRBM3PK,8,184.96,19.27,2026-03-30 13:26:32,amazon Ledsone,false
1133182,205-4198147-0032316,AMAZON,B0G1TD2P7P,,CKAP111BM,1,16.89,14.07,2026-03-30 13:24:33,amazon Ledsone,false
1133183,206-1087624-7233953,AMAZON,B0F9VDWTYX,,CL3RBM3PK,1,6.79,5.66,2026-03-30 13:26:36,amazon Ledsone,false
1133184,202-1153620-5926763,AMAZON,B0F9467GTW,,CL3TCR3PK,1,10.28,5.82,2026-03-30 13:18:28,amazon Ledsone,false
1133187,026-2371943-2233119,AMAZON,B0C9TWTCZ8,,LSCY210BG+RPR44WH,1,12.89,12.89,2026-03-30 13:29:10,amazon Dcvoltage,false
1133188,205-7897891-4736335,AMAZON,B0D5B68326,,WCDTGD2PK+RPR44WH2PK,1,20.89,20.89,2026-03-30 13:30:33,amazon Dcvoltage,false
1133189,204-6259372-8524305,AMAZON,B0C7R2PGD4,,CRSF2003BM+WCRNBM3PK+ICST64E273PK,1,53.89,53.89,2026-03-30 13:31:57,amazon Dcvoltage,false
1133202,204-7991354-9806749,AMAZON,B0DMF2KF74,,ENC9307,1,27.29,22.74,2026-03-30 13:48:02,amazon Ledsone,false
1133204,026-1307409-2462713,AMAZON,B08PC415TL,,LHSHE27BA,1,7.99,7.99,2026-03-30 13:50:11,amazon SRM Amazon,false
1133205,206-5344870-6735549,AMAZON,B0DBWQLVMK,,CL2RBM5PK,1,13.99,13.99,2026-03-30 13:40:36,amazon Dcvoltage,false
1133206,202-1860591-5093135,AMAZON,B08V8XSXKB,,CRSF100BM+PHSH1PBRBM+LSMS320BI,6,96.60,16.10,2026-03-27 10:59:43,amazon Dcvoltage,false
1133207,026-4832066-3421155,AMAZON,B07L8H4S54,,CL3TBWAPK,1,19.99,19.99,2026-03-30 13:49:18,amazon Dcvoltage,false
1133214,203-1300213-0781964,AMAZON,B0B9Y59487,,CL3TBR5PK,1,13.79,11.49,2026-03-30 13:49:17,amazon Ledsone,false
1133215,206-0290202-1976334,AMAZON,B0B71MJFDZ,,CRSF100BM,3,20.86,4.99,2026-03-30 13:52:34,amazon Ledsone,false
1133217,204-0839981-7231506,AMAZON,B083ZS9PGC,,LHAHE27CH,2,13.78,5.74,2026-03-30 13:58:31,amazon Ledsone,false
1133218,203-8751196-7445909,AMAZON,B0BP2MVWKC,,ENC4121,1,28.89,28.89,2026-03-30 13:55:01,amazon Dcvoltage,false
1133223,206-1655979-2279504,AMAZON,B09JVQ6VXT,,LDSG95DIE2743PK,1,24.89,24.89,2026-03-30 14:07:38,amazon Dcvoltage,false
1133226,205-8039978-9399531,AMAZON,B0FB41DWMV,,LDMC35E1446PK,1,28.29,23.57,2026-03-30 14:12:40,amazon Ledsone,false
1133227,204-1908444-2998702,AMAZON,B0D2985XLY,,LSCY290RO3PK+RPR44WH3PK,1,38.60,35.74,2026-03-30 14:14:06,amazon Ledsone,false
1133234,206-6944648-4661108,AMAZON,B0DLWVMSJW,,PCGZ20MX,1,8.88,4.99,2026-03-30 14:20:56,amazon Ledsone,false
1133235,202-3689768-3325912,AMAZON,B0B8VVQSNV,,LDSG125LOE274,1,12.30,8.07,2026-03-30 14:23:59,amazon Ledsone,false
1133241,202-0556772-6257162,AMAZON,B0CXSXN4KX,,LSMS320BI2PK+RPR44WH2PK,1,27.09,27.09,2026-03-30 14:32:12,amazon Dcvoltage,false
1133249,204-3817422-1893913,AMAZON,B0FP1Z2V5T,,STND182RE,1,5.48,2.59,2026-03-30 14:34:39,amazon Dcvoltage,false
1133250,203-4945574-6868363,AMAZON,B0CS9PS8J3,,LSCY210BG3PK+RPR44WH3PK,1,32.89,32.89,2026-03-30 14:38:58,amazon Dcvoltage,false
1133256,204-2083937-2380327,AMAZON,B0D295JDDS,,LSCY290CO3PK+RPR44WH3PK,3,137.67,38.24,2026-03-30 14:39:33,amazon Ledsone,false
1133257,202-4578799-6407527,AMAZON,B0D794CYXT,,WCB5BM2PK+RPR44WH2PK,1,15.89,13.24,2026-03-30 14:43:54,amazon Ledsone,false
1133258,205-5837082-5741906,AMAZON,B095PRHY6W,,LSBG136AR+SCRN70FG,2,31.42,16.89,2026-03-30 14:42:06,amazon Dcvoltage,false
1133260,206-0479374-2725942,AMAZON,B07PM6VXCG,,CL3TBK5PK,2,26.18,13.09,2026-03-30 14:50:04,amazon Dcvoltage,false
1133263,202-7168280-9895532,AMAZON,B0F43QD6KT,,CENU36300WH,1,4.99,1.99,2026-03-30 14:56:11,amazon Dcvoltage,false
1133264,206-6856533-1336334,AMAZON,B0F1CL86YS,,CRFF4002BM,1,10.19,8.49,2026-03-30 14:52:35,amazon Ledsone,false
1133279,203-1269981-9786706,AMAZON,B09JM3PLLH,,LDSG125LOE274,1,10.39,8.66,2026-03-30 15:09:28,amazon Ledsone,false
1133282,206-5662446-0182751,AMAZON,B0C43L42DK,,WCDTRE+RPR44WH,1,10.89,9.07,2026-03-30 15:07:13,amazon Ledsone,false
1133283,206-9464971-5785169,AMAZON,B0FPWVFF9W,,LDCWA60HE27126PK,1,11.38,7.07,2026-03-30 15:15:44,amazon Ledsone,false
1133295,202-0828526-8829110,AMAZON,B0D4YG1QFJ,,LDMG95E2783PK,1,12.19,12.19,2026-03-30 15:25:14,amazon Dcvoltage,false
1133296,204-6485144-4191559,AMAZON,B07Q8KKJJS,,24IP6780,1,17.15,17.15,2026-03-30 15:26:53,amazon Dcvoltage,false
1133304,202-9328066-9936356,AMAZON,B0DTHYPHJJ,,WCDTBL+RPR44WH,1,9.07,9.07,2026-03-30 15:36:38,amazon Ledsone,false
1133305,202-9328066-9936356,AMAZON,B0DTJ19HSF,,WCDTBM+RPR44WH,1,8.66,8.66,2026-03-30 15:36:38,amazon Ledsone,false
1133307,204-1555077-7312311,AMAZON,B0CVN6PYHV,,CENU19150BM,5,6.29,0.69,2026-03-30 15:26:12,amazon Dcvoltage,false
1133308,206-6164329-6869953,AMAZON,B08W5CZ4HH,,WSFS1BMYB+SCRN70BM+LSFT220BM,2,28.60,15.89,2026-03-30 15:35:37,amazon Dcvoltage,false
1133323,203-1458289-1772355,AMAZON,B0G2YBCMRK,,ENC285,1,18.79,18.79,2026-03-30 15:55:58,amazon Dcvoltage,false
1133324,026-9783337-6418738,AMAZON,B0FPWXQWQD,,LDCWA60HB2296PK,1,10.13,6.24,2026-03-30 15:52:54,amazon Ledsone,false
1133328,026-9780662-1705967,AMAZON,B095SVYQ68,,CRSF100BM+PHRI1PBRRO+LSFT220RO+ICST64E27,2,47.98,23.99,2026-03-30 16:08:35,amazon Dcvoltage,false
1133336,203-7623661-5589960,AMAZON,B0DH5YFWM8,,CL2THE3PK,1,10.88,7.99,2026-03-30 16:08:46,amazon Dcvoltage,false
1133337,206-9196659-0400347,AMAZON,B08KJJWJKK,,WCFSDCBM,1,39.99,33.32,2026-03-30 16:12:48,amazon Ledsone,false
1133338,203-9831240-5660369,AMAZON,B0D794LVNL,,LSTL260BM3PK+RPR44WH3PK,1,29.69,24.74,2026-03-30 16:18:32,amazon Ledsone,false
1133344,026-1885492-0768337,AMAZON,B0BLZGM2D3,,LDMG95E2745PK,1,23.09,19.24,2026-03-30 16:26:24,amazon Ledsone,false
1133358,205-8064697-3973169,AMAZON,B0F9467GTW,,CL3TCR3PK,1,10.28,5.82,2026-03-30 16:35:43,amazon Ledsone,false
1133361,204-1876354-7560326,AMAZON,B0GP771MFX,,LHPVHRE27WH2PK,1,6.49,5.41,2026-03-30 16:42:38,amazon Ledsone,false
1133366,203-0665349-4772317,AMAZON,B075XQNZBL,,LDMST64E274,2,12.98,5.41,2026-03-30 16:55:38,amazon Ledsone,false
1133371,203-2968033-7605901,AMAZON,B0DH9BRNQ7,,CL3THE3PK,1,10.88,7.99,2026-03-30 17:02:37,amazon Dcvoltage,false
1133378,204-8796728-2081963,AMAZON,B08DRQ1BB6,,CRSF100SN+PHCHPCRSN,1,13.99,10.99,2026-03-30 17:14:50,amazon SRM Amazon,false
1133379,206-9937396-0081101,AMAZON,B0CLGVK56H,,CRFF140BM+WSFSBA+ICST64E27,1,14.19,11.82,2026-03-30 17:18:42,amazon Ledsone,false
1133392,206-2263374-9129963,AMAZON,B0DH6B49KD,,CL2TGL5PK,1,10.09,10.09,2026-03-30 17:31:42,amazon Dcvoltage,false
1133400,204-8204940-0052312,AMAZON,B0DH64L6PN,,CL2TGD5PK,1,11.99,11.99,2026-03-30 17:38:44,amazon Dcvoltage,false
1133403,204-0629567-7037165,AMAZON,B0C6KJ757Y,,WCVCWH+RPR44WH,2,17.44,8.07,2026-03-30 17:46:37,amazon Ledsone,false
1133410,205-4310311-8823517,AMAZON,B0D59PJ89M,,WCB2BS2PK+RPR44WH2PK,1,15.79,15.79,2026-03-30 17:55:08,amazon Dcvoltage,false
1133411,204-4355289-6961122,AMAZON,B0CYZWJ7WJ,,LSCY290CH2PK+RPR44WH2PK,1,28.89,28.89,2026-03-30 17:55:39,amazon Dcvoltage,false
1133413,205-0617710-9529142,AMAZON,B0DCKWL469,,STFG4845WH,1,6.38,2.91,2026-03-30 17:58:13,amazon Ledsone,false
1133418,205-2525369-0104340,AMAZON,B0FKMDBX5K,,CRFF108WH2PK+LHTKE27WH2PK,1,18.29,15.24,2026-03-30 18:01:11,amazon Ledsone,false
1133420,026-9789756-6223525,AMAZON,B08NTKB1DM,,CRFF500BM+PHCH1BMRBM3PK+LSCY210BG3PK,2,71.26,32.99,2026-03-30 18:04:19,amazon Ledsone,false
1133425,206-9577813-3511509,AMAZON,B09JVSRK4Y,,LDSG95DIE274APK,1,58.89,58.89,2026-03-30 18:13:23,amazon Dcvoltage,false
1133426,202-4029257-8124341,AMAZON,B0DH9BZVRP,,CL3TBR5PK,1,11.99,11.99,2026-03-30 18:13:56,amazon Dcvoltage,false
1133427,203-9933060-3617106,AMAZON,B0DH937VLZ,,CL3TCR3PK,1,8.99,8.99,2026-03-30 18:15:08,amazon Dcvoltage,false
1133428,026-0890129-1041164,AMAZON,B0D4YG1QFJ,,LDMG95E2783PK,1,12.19,12.19,2026-03-30 18:17:07,amazon Dcvoltage,false
1133429,206-8802684-5736355,AMAZON,B0G1TB51MR,,CKAN1942BL,1,13.89,11.57,2026-03-30 18:09:04,amazon Ledsone,false
1133433,026-6717091-8309142,AMAZON,B0GLGLH64Z,,LSGLFP245BL+RPM40WH,1,17.89,17.89,2026-03-30 18:15:33,amazon Dcvoltage,false
1133434,026-6717091-8309142,AMAZON,B0GLGB3M6Q,,LSGLFP245PU+RPM40WH,2,31.78,15.89,2026-03-30 18:15:33,amazon Dcvoltage,false
1133442,202-9310581-0212348,AMAZON,B0DTTKL6KX,,WCVCBM3PK+RPR44WH3PK,1,23.99,23.99,2026-03-30 18:30:46,amazon Dcvoltage,false
1133443,026-0674352-6253124,AMAZON,B0GGDTRTN7,,CRFF100BM2PK+LHNSE27BM2PK+ICST64E272PK,1,28.89,28.89,2026-03-30 18:32:50,amazon Dcvoltage,false
1133446,026-3184540-7934729,AMAZON,B07YV5HQGP,,PHSF1BMRBM3PK+LSCY290BM3PK,3,116.87,41.89,2026-03-30 18:43:58,amazon Dcvoltage,false
1133453,026-6201170-1399528,AMAZON,B0CVL9L141,,LSEL400OR+RPR44WH,1,18.89,15.74,2026-03-30 18:58:20,amazon Ledsone,false
1133455,026-6086706-8861152,AMAZON,B0B4G8D4D8,,CNT900YB,2,14.18,5.91,2026-03-30 18:57:17,amazon Ledsone,false
1133456,205-9244566-3447527,AMAZON,B0CXSXN4KX,,LSMS320BI2PK+RPR44WH2PK,1,27.09,27.09,2026-03-30 18:53:02,amazon Dcvoltage,false
1133464,204-9377026-6817156,AMAZON,B08VGP666V,,LSCY290WH+RPR44WH,1,15.99,15.99,2026-03-30 19:07:30,amazon Dcvoltage,false
1133466,026-8681536-3278766,AMAZON,B0DB29CX49,,CRFF75BA3PK,1,17.69,14.74,2026-03-30 19:01:54,amazon Ledsone,false
1133469,203-6709985-5432335,AMAZON,B0GR8KX976,,SPPGUK3PBR2PK,1,6.87,3.32,2026-03-30 19:07:25,amazon Ledsone,false
1133473,206-2759214-6814716,AMAZON,B0CQT81DRB,,LSDO210BG+RPR44WH,1,13.89,13.89,2026-03-30 19:10:30,amazon Dcvoltage,false
1133474,202-8571284-0743510,AMAZON,B0B9NDY4GH,,CL2TOR5PK,1,11.49,11.49,2026-03-30 19:08:51,amazon Dcvoltage,false
1133475,202-9335994-8651530,AMAZON,B0DH9BRNQ7,,CL3THE3PK,1,10.88,7.99,2026-03-30 19:13:23,amazon Dcvoltage,false
1133476,203-7089696-6309926,AMAZON,B0DH95RBZR,,CL3THE2PK,1,5.99,5.99,2026-03-30 19:18:34,amazon Dcvoltage,false
1133477,026-0617273-0042758,AMAZON,B0DCW13DMC,,LHPHE27CO2PK,1,17.49,14.57,2026-03-30 19:10:40,amazon Ledsone,false
1133478,203-2438792-8222702,AMAZON,B08S44W7RC,,CRSF100BM+LHNSE27YB+SCRN70BM+LSWD360BM,1,27.69,23.07,2026-03-30 19:15:25,amazon Ledsone,false
1133479,205-4986153-4219568,AMAZON,B0F9466PK8,,CL3TGL3PK,2,13.98,5.82,2026-03-30 19:17:09,amazon Ledsone,false
1133497,204-0235731-8093156,AMAZON,B0CB89RMST,,LSSS300CO+RPR44WH,1,13.20,13.20,2026-03-30 19:34:01,amazon Dcvoltage,false
1133513,204-5376850-7860329,AMAZON,B0DPM9QV89,,LHCTOBM,1,12.78,8.24,2026-03-30 19:45:19,amazon Ledsone,false
1133514,205-1835866-7869155,AMAZON,B0FCRL3TXM,,LSFSCO220BM,1,18.89,18.89,2026-03-30 19:57:23,amazon Dcvoltage,false
1133515,204-4215215-1173929,AMAZON,B0DHVPBKTW,,LHSHE27CH,2,15.78,7.89,2026-03-30 19:58:14,amazon Dcvoltage,false
1133516,026-3282119-0410746,AMAZON,B0CB4RR7VK,,LSCY290YB+RPR44WH,1,17.89,17.89,2026-03-30 19:59:17,amazon Dcvoltage,false
1133517,202-8051763-2141161,AMAZON,B0DL2ZJ23Q,,PLHWBM2PK,1,21.89,21.89,2026-03-30 20:00:07,amazon Dcvoltage,false
1133523,206-1550082-7123517,AMAZON,B0F9YMV74V,,LSMS320CB+RPR44WH,1,14.99,12.49,2026-03-30 19:59:34,amazon Ledsone,false
1133525,203-1528276-4604306,AMAZON,B0FJ26WKLN,,STPVC17AWHAPK,2,12.27,4.69,2026-03-30 20:09:20,amazon Dcvoltage,false
1133532,205-5880340-0117916,AMAZON,B0GR8KX976,,SPPGUK3PBR2PK,1,6.87,3.32,2026-03-30 20:10:56,amazon Ledsone,false
1133534,202-7756985-5288301,AMAZON,B08TX3HMFJ,,LSMS320WH+RPR44WH,1,14.99,14.99,2026-03-30 20:14:32,amazon Dcvoltage,false
1133542,206-4297914-3192352,AMAZON,B0F2FY43G3,,RWT480YE,2,25.64,12.82,2026-03-30 20:21:12,amazon Ledsone,false
1133543,206-4297914-3192352,AMAZON,B0F2GGDBJ1,,RWT460YE,2,12.64,6.32,2026-03-30 20:21:12,amazon Ledsone,false
1133545,205-1388166-8973106,AMAZON,B0DH952KYG,,CL3TBU5PK,1,11.99,11.99,2026-03-30 20:17:37,amazon Dcvoltage,false
1133546,026-2994689-2554766,AMAZON,B0DH937VLZ,,CL3TCR3PK,2,17.98,8.99,2026-03-30 20:28:54,amazon Dcvoltage,false
1133547,026-2994689-2554766,AMAZON,B0DH8WCL96,,CL3TWH3PK,2,15.98,7.99,2026-03-30 20:28:54,amazon Dcvoltage,false
1133550,026-3658820-4494766,AMAZON,B0CKSV67CC,,CRFF75GB,1,9.48,5.49,2026-03-30 20:28:54,amazon Ledsone,false
1133551,202-4510348-9189133,AMAZON,B0F2GGDBJ1,,RWT460YE,1,10.48,6.32,2026-03-30 20:34:23,amazon Ledsone,false
1133552,202-4423396-5711560,AMAZON,B0CPBXJMSS,,LSCY290OR+RPR44WH,1,15.89,15.89,2026-03-30 20:48:35,amazon Dcvoltage,false
1133553,202-4423396-5711560,AMAZON,B0CPBXJ8N8,,LSCY290BL+RPR44WH,2,31.78,15.89,2026-03-30 20:48:35,amazon Dcvoltage,false
1133563,202-1314009-0640343,AMAZON,B0DLWM5SKW,,CL3TCRAPK,1,20.89,20.89,2026-03-30 20:52:15,amazon Dcvoltage,false
1133564,206-5278511-7147507,AMAZON,B0DQD9LY98,,PHSF1AGTGB3PK,1,25.89,21.57,2026-03-30 20:54:21,amazon Ledsone,false
1133580,205-6578131-7853952,AMAZON,B0DG25H3RQ,,LDMA60E274WW,1,6.19,5.16,2026-03-30 21:17:16,amazon Ledsone,false
1133581,206-4239751-6796364,AMAZON,B096MTN6CQ,,CRSF100RE+PHCH1PWRSRE+LSCY290RE+ICST64E27,1,23.99,23.99,2026-03-30 21:17:02,amazon Dcvoltage,false
1133582,203-3491033-3477908,AMAZON,B07WJ6F6S5,,CRSF1204YB,1,11.89,11.89,2026-03-30 21:18:09,amazon Dcvoltage,false
1133604,203-9446549-9740353,AMAZON,B08XNPBYMH,,LSSS300WH+RPR44WH,1,13.49,13.49,2026-03-30 21:34:11,amazon Dcvoltage,false
1133605,204-8828901-5586762,AMAZON,B08L641475,,LDCWE2715,1,6.59,6.59,2026-03-30 21:39:28,amazon Dcvoltage,false
1133630,204-7470086-2628301,AMAZON,B0DH4KYFPD,,WCDTBM2PK+RPR44WH2PK,1,18.49,15.41,2026-03-30 21:53:40,amazon Ledsone,false
1133631,026-8029551-0900301,AMAZON,B0FPWZHHHG,,LDCWA60HE2796PK,1,10.13,6.24,2026-03-30 21:59:50,amazon Ledsone,false
1133632,203-0890259-3785917,AMAZON,B0F9YJX982,,CRSF100HBM+WSWS1PHTBM+PSDS2BPB+WCDCBM,1,19.99,19.99,2026-03-30 21:51:31,amazon Dcvoltage,false
1133633,203-8165455-2972344,AMAZON,B0FRMWWH4C,,CRSF100RO+WS2LHRO,2,35.78,17.89,2026-03-30 21:51:40,amazon Dcvoltage,false
1133634,205-5956340-4462764,AMAZON,B0CL7X2J4P,,ENC5579,1,50.12,55.69,2026-03-30 21:53:40,amazon Dcvoltage,false
1133635,206-8889072-5047511,AMAZON,B0963P71QD,,CRFF500BM+PHRI1PBRCO3PK+LSOL220CO3PK,1,36.79,30.66,2026-03-30 21:55:38,amazon Ledsone,false
1133636,206-5098916-3683508,AMAZON,B0BV6STH5F,,CRSF100BM+WSTR135BM+PSDS4BPB+WCDCBM,2,44.38,18.49,2026-03-30 22:07:01,amazon Ledsone,false
1133637,026-6541006-6820322,AMAZON,B0D7S2XG6V,,LSMS320BI+RPR44WH,1,14.99,12.49,2026-03-30 22:04:50,amazon Ledsone,false
1133638,204-5788911-6354764,AMAZON,B0FZ96SQ2Z,,CRSF1204BM+PHRY2PCRBM4PK,1,35.89,35.89,2026-03-30 22:12:58,amazon SRM Amazon,false
1133639,206-1611132-1993142,AMAZON,B0DHN6KFZL,,ENC787,1,26.19,21.82,2026-03-30 22:14:18,amazon Ledsone,false
1133640,204-5862531-5050741,AMAZON,B0FNN717PN,,CRSF1203BM+PHRN2PCRBM3PK,1,22.13,20.49,2026-03-30 22:06:58,amazon Ledsone,false
1133648,205-6647335-8668328,AMAZON,B0FR5G18QL,,PHSF2BWTSN3PK+ICST64E273PK,1,41.89,41.89,2026-03-30 22:20:06,amazon Dcvoltage,false
1133649,206-8510862-1014708,AMAZON,B0G8D97T75,,TPOS1PRBOT+LDSG95DIE274,1,21.99,21.99,2026-03-30 22:23:30,amazon Dcvoltage,false
1133665,204-9109902-5686749,AMAZON,B096MTN6CQ,,CRSF100RE+PHCH1PWRSRE+LSCY290RE+ICST64E27,2,47.98,23.99,2026-03-30 22:41:41,amazon Dcvoltage,false
1133666,203-1439768-6192314,AMAZON,B0CVL32JC1,,LSTF400GY+RPR44WH,1,16.29,13.57,2026-03-30 22:40:06,amazon Ledsone,false
1133667,202-6293732-7664331,AMAZON,B093T26CQL,,LSMS320BI+RPR44WH,1,14.99,12.49,2026-03-30 22:41:35,amazon Ledsone,false
1133668,202-0562810-1899568,AMAZON,B0D28X8ZF9,,LSCY290BC+RPR44WH,1,16.89,14.07,2026-03-30 22:41:23,amazon Ledsone,false
1133671,205-8029535-0063532,AMAZON,B0D97YV7TB,,WCWDBM2PK+RPR44WH2PK,1,15.10,13.24,2026-03-30 22:51:10,amazon Ledsone,false
1133673,205-1253529-8603563,AMAZON,B0F9VDWTYX,,CL3RBM3PK,1,6.79,5.66,2026-03-30 22:56:48,amazon Ledsone,false
1133675,204-4775968-9779509,AMAZON,B0C7L17VP5,,ENC5166,2,34.00,15.74,2026-03-30 23:04:07,amazon Ledsone,false
1133681,026-6784702-0411551,AMAZON,B0DH9FZNF4,,CL3TGR3PK,1,8.49,8.49,2026-03-30 23:09:32,amazon Dcvoltage,false
1133682,204-6328204-9780321,AMAZON,B0DH6FPVYK,,CL2TCRAPK,1,18.29,18.29,2026-03-30 23:17:10,amazon Dcvoltage,false
1133683,204-6328204-9780321,AMAZON,B0DH69SJYX,,CL2THEAPK,1,18.29,18.29,2026-03-30 23:17:10,amazon Dcvoltage,false
1133684,204-6328204-9780321,AMAZON,B0DH66Y7TL,,CL2TBWAPK,1,20.99,20.99,2026-03-30 23:17:10,amazon Dcvoltage,false
1133685,204-0382566-9514741,AMAZON,B0CM2RZNHV,,WCDTGD+RPR44WH,1,11.69,11.69,2026-03-30 23:17:21,amazon Dcvoltage,false
1133687,205-2901578-4021921,AMAZON,B0DC1KN2BR,,STMT4845WH3PK,1,9.38,6.49,2026-03-30 23:23:34,amazon Dcvoltage,false
1133688,206-9325282-1986714,AMAZON,B0CW1JN55M,,CKB29243DG,1,11.69,9.74,2026-03-30 23:22:38,amazon Ledsone,false
1133689,206-9478217-5138748,AMAZON,B0D295JDDS,,LSCY290CO3PK+RPR44WH3PK,1,45.89,38.24,2026-03-30 23:21:36,amazon Ledsone,false
1133690,205-2365390-5445125,AMAZON,B0F9X1GLK8,,CL3THEAPK,1,20.99,17.49,2026-03-30 23:27:27,amazon Ledsone,false
1133692,026-5019371-6162729,AMAZON,B0CVDXS6L4,,TSTLRULRB3PK,1,20.79,17.32,2026-03-30 23:29:02,amazon Ledsone,false
1133694,206-4918489-8861967,AMAZON,B0C4LHMWHL,,PLADBM,1,49.86,41.55,2026-03-30 23:41:08,amazon Ledsone,false
1133695,204-1414149-8760320,AMAZON,B091N5YNF6,,PHDH1HETHE,4,56.48,13.07,2026-03-30 23:38:57,amazon Ledsone,false
1133696,203-1306493-8608320,AMAZON,B0BV38XY82,,PLOTBC,1,14.29,11.91,2026-03-30 23:25:43,amazon Ledsone,false
1133700,202-1532505-6789111,AMAZON,B08XB16LF5,,PSDS4BMRRE,1,14.17,14.17,2026-03-31 00:14:07,amazon Dcvoltage,false
1133701,202-1110348-3813118,AMAZON,B0CBPBRNSZ,,WCB2BB2PK+RPR44WH2PK,1,15.79,15.79,2026-03-31 00:17:42,amazon Dcvoltage,false
1133702,205-6451644-0813129,AMAZON,B0CB1KJ3XJ,,LSMS320GY+RPR44WH,2,28.48,12.49,2026-03-31 00:16:13,amazon Ledsone,false
1133703,026-3110761-8439534,AMAZON,B078TBM5G3,,LDMST64E2746PK,1,29.89,24.91,2026-03-31 00:19:13,amazon Ledsone,false
1133714,026-8023735-8177954,AMAZON,B0C9X67GZJ,,LSWD360BC+RPR44WH,1,18.89,18.89,2026-03-31 02:19:09,amazon Dcvoltage,false
1133717,204-1066421-8509946,AMAZON,B0GLXHL585,,PLHNBM,4,54.17,11.57,2026-03-31 03:03:11,amazon Ledsone,false
1133735,204-1727881-4701142,AMAZON,B0DDTTHTG6,,LSMS320GY+RPR44WH,1,14.99,14.99,2026-03-31 04:02:50,amazon Dcvoltage,false
1133771,206-0707799-9435519,AMAZON,B0CKSTLS8P,,CRFF75SN,3,18.60,5.74,2026-03-31 05:14:27,amazon Ledsone,false
1133780,026-0644393-4760349,AMAZON,B0DH4KYFPD,,WCDTBM2PK+RPR44WH2PK,1,18.49,15.41,2026-03-31 06:36:42,amazon Ledsone,false
1133784,026-1180463-4050700,AMAZON,B08Z7W3SYL,,PHUH1HETBM+LSHM300HE,2,62.49,32.89,2026-03-31 06:47:27,amazon Dcvoltage,false
1133792,206-8450153-9989958,AMAZON,B0D299JDV6,,LSCY290YB+RPR44WH,1,17.89,14.91,2026-03-31 07:13:47,amazon Ledsone,false
1133797,204-9919273-6181926,AMAZON,B0CYZVX28V,,LSCY290CO2PK+RPR44WH2PK,1,29.89,29.89,2026-03-31 07:34:48,amazon Dcvoltage,false
1133798,206-5840726-2761102,AMAZON,B0CLGTCMW3,,CRFF140WH2PK+WSFSWH2PK,1,17.69,14.74,2026-03-31 07:29:35,amazon Ledsone,false
1133799,026-5554060-1033108,AMAZON,B09479HV6W,,LDMG95E2783PK,1,17.89,14.91,2026-03-31 07:35:34,amazon Ledsone,false
1133812,205-5217416-2800347,AMAZON,B0DH5YFWM8,,CL2THE3PK,1,10.88,7.99,2026-03-31 07:46:24,amazon Dcvoltage,false
1133818,205-6529460-8806715,AMAZON,B0FTL8FBDR,,TSST349131GRHPK,1,72.98,60.82,2026-03-31 08:04:02,amazon Ledsone,false
1133826,203-6578643-5491534,AMAZON,B07CRVLJM6,,12IP6780,1,17.99,17.99,2026-03-31 08:10:36,amazon Dcvoltage,false
1133831,203-1783348-8665120,AMAZON,B0DVLYLXH8,,PHSHF1PBRYB+LSCY290BG+ICST64E27,6,144.54,20.07,2026-03-31 08:13:10,amazon Ledsone,false
1133837,026-2261901-2901911,AMAZON,B0CGRJ1V8L,,TPOSBDBM,1,25.89,25.89,2026-03-31 08:35:15,amazon Dcvoltage,false
1133838,205-2264142-5042730,AMAZON,B0GDDFC6TS,,LDMT185E2733PK,1,13.99,11.66,2026-03-31 08:25:27,amazon Ledsone,false
1133844,202-8547558-0353166,AMAZON,B0DMF2KF74,,ENC9307,1,27.29,22.74,2026-03-31 08:40:09,amazon Ledsone,false
1133845,206-1341658-0685105,AMAZON,B0F6T9DD7Q,,PHCT1BMRBM+PHBA1BMRBM+LSYG410GY,1,30.69,25.57,2026-03-31 08:42:30,amazon Ledsone,false
1133846,026-1875296-2137909,AMAZON,B0BBS3NXFM,,CL3TBRAPK,1,19.70,18.24,2026-03-31 08:41:33,amazon Ledsone,false
1133859,205-1980670-2087568,AMAZON,B0DZNQCJX5,,RWWPSY08GY,2,6.67,1.57,2026-03-31 08:54:18,amazon Ledsone,false
1133860,206-9444137-0974721,AMAZON,B0D5B63S7G,,WCDTBM2PK+RPR44WH2PK,3,58.47,19.49,2026-03-31 08:51:49,amazon Dcvoltage,false
1133868,203-2869604-9009907,AMAZON,B08XXTQ5MN,,WCB2BS+RPR44WH,1,10.39,10.39,2026-03-31 09:10:24,amazon Dcvoltage,false
1133869,202-8200998-1909106,AMAZON,B0C9DPGRGD,,SPSDP2BM,1,5.89,5.89,2026-03-31 09:10:51,amazon Dcvoltage,false
1133870,205-9982138-0069946,AMAZON,B0DH8Z6FM1,,CL3TBKAPK,1,20.99,20.99,2026-03-31 09:17:38,amazon Dcvoltage,false
1133871,204-4157177-9898702,AMAZON,B0BX3WFQ54,,LSSS300BL+RPR44WH,1,14.99,12.49,2026-03-31 09:11:19,amazon Ledsone,false
1133873,026-5410894-6820316,AMAZON,B0DP2V45K3,,CRSF100BL+PHCH1PWRSBL+LSCY290BL,1,22.89,19.07,2026-03-31 09:12:20,amazon Ledsone,false
1133874,204-1148705-5825911,AMAZON,B0F9X1GLK8,,CL3THEAPK,1,20.99,17.49,2026-03-31 09:16:37,amazon Ledsone,false
1133884,204-6720826-9576367,AMAZON,B0CN4NRB1D,,PLDMBC,1,21.89,21.89,2026-03-31 09:36:52,amazon Dcvoltage,false
1133894,203-4125693-9957103,AMAZON,B0DH6DFDSB,,CL2TGDAPK,1,20.99,20.99,2026-03-31 09:42:04,amazon Dcvoltage,false
1133895,206-9376570-3547548,AMAZON,B0DH5RKBNQ,,CL2TGL2PK,1,8.99,8.99,2026-03-31 09:42:21,amazon Dcvoltage,false
1133896,026-3185667-6608319,AMAZON,B07DX6F734,,12MIP20360,1,19.99,19.99,2026-03-31 09:44:43,amazon Dcvoltage,false
1133897,204-0234462-0209955,AMAZON,B0F9YHZS4H,,CRSF100HBM+WSWR1PFTBM+RD30+WR+PSDS4BPB,2,35.98,17.99,2026-03-31 09:46:36,amazon Dcvoltage,false
1133904,206-7256531-9770745,AMAZON,B0CSMK1P5N,,CRFF100SN2PK,1,11.89,11.89,2026-03-31 09:49:19,amazon Dcvoltage,false
1133905,203-0952315-1504337,AMAZON,B0D6KKSWN8,,LSCY290YE2PK+RPR44WH2PK,1,27.89,27.89,2026-03-31 09:54:39,amazon Dcvoltage,false
1133912,205-1727371-7017116,AMAZON,B08638WV4N,,PHSF1AGTGB2PK,1,16.10,14.91,2026-03-31 09:59:13,amazon Ledsone,false
1133920,206-6407006-9903547,AMAZON,B0D56WV9GR,,WCB7BS2PK+RPR44WH2PK,1,18.19,18.19,2026-03-31 10:13:04,amazon Dcvoltage,false
1133921,026-0153030-0641971,AMAZON,B0BNW1NWB9,,ENC784,1,31.49,31.49,2026-03-31 10:13:59,amazon Dcvoltage,false
1133922,206-6624098-1085935,AMAZON,B0D6B4WGHS,,CKBYBY,1,9.49,7.91,2026-03-31 10:21:59,amazon Ledsone,false
1133929,206-8596330-3413119,AMAZON,B0C4DRYJ5T,,CRSF2003BM+WCRN3CBM3PK,1,38.89,38.89,2026-03-31 10:22:54,amazon Dcvoltage,false
1133930,026-9286583-1805956,AMAZON,B0FXFQ7F2X,,PLHTBC2PK,1,30.99,30.99,2026-03-31 10:25:44,amazon Dcvoltage,false
1133936,202-4364758-2984358,AMAZON,B0F9WZMPR3,,LSFT220CO+RPR44WH,2,21.78,9.07,2026-03-31 10:30:21,amazon Ledsone,false
1133944,206-9204867-2256368,AMAZON,B08S42FF38,,ENC788,1,20.19,16.82,2026-03-31 10:44:53,amazon Ledsone,false
1133952,202-5724140-4083519,AMAZON,B098BGCM4B,,CRSF100BM+WSLS155YB+SCRN70BM+LSOL180BG,2,37.58,18.59,2026-03-31 10:52:50,amazon SRM Amazon,false
1133953,205-7538470-1164352,AMAZON,B09479HV6W,,LDMG95E2783PK,1,17.89,14.91,2026-03-31 10:53:56,amazon Ledsone,false
1133954,206-2811708-9196311,AMAZON,B0DG29SP2H,,LDMA60E274WW2PK,1,8.99,7.49,2026-03-31 10:55:28,amazon Ledsone,false
1133959,203-1661695-8993920,AMAZON,B0C3ZT8HVF,,LSCY290BI+RPR44WH,4,63.56,13.24,2026-03-31 11:03:28,amazon Ledsone,false
1133960,205-2727124-1141945,AMAZON,B0DH61JZSJ,,CL2TAGAPK,1,18.29,18.29,2026-03-31 11:06:53,amazon Dcvoltage,false
1133966,202-3663472-2382729,AMAZON,B0FY5X423H,,LDSG1001E27,1,13.99,11.66,2026-03-31 11:16:16,amazon Ledsone,false
1133974,202-7708699-6841965,AMAZON,B0C5QLSZNP,,WCVCBC+RPR44WH,1,10.16,8.08,2026-03-31 11:26:31,amazon Dcvoltage,false
1133996,203-2868186-8589125,AMAZON,B0CBPSWQ16,,WCB6WH2PK+RPR44WH2PK,1,18.39,18.39,2026-03-31 11:42:07,amazon Dcvoltage,false
1134002,202-8963985-4984331,AMAZON,B096FR3CD5,,ENC1509,1,47.30,47.30,2026-03-31 11:46:47,amazon Dcvoltage,false
1134003,026-0617882-4030710,AMAZON,B0FXWNN2S9,,CRFF100CO2PK+LHNSE27CO2PK,2,48.80,24.89,2026-03-31 11:55:40,amazon SRM Amazon,false
1134016,205-8071021-5759529,AMAZON,B095SR13VZ,,ENC1588,1,48.89,48.89,2026-03-31 12:09:08,amazon Dcvoltage,false
1134017,205-8071021-5759529,AMAZON,B095SPHVXL,,ENC1589,1,48.99,48.99,2026-03-31 12:09:08,amazon Dcvoltage,false
1134018,026-0203428-0653101,AMAZON,B0BSFX73CY,,ENC4257,1,29.89,29.89,2026-03-31 12:17:41,amazon Dcvoltage,false
1134019,205-3810501-1392332,AMAZON,B0F8H7547G,,PCGZFF+PCGZ250TP+WCPC210YE,1,21.59,17.99,2026-03-31 12:12:20,amazon Ledsone,false
1134027,206-7249027-2273956,AMAZON,B0D944SCS4,,WCB6WH3PK+RPR44WH3PK,1,22.29,18.57,2026-03-31 12:26:22,amazon Ledsone,false
1134028,026-1348838-6557105,AMAZON,B08SVWVMG5,,PLDMBC,1,23.89,23.89,2026-03-31 12:21:47,amazon Dcvoltage,false
1134041,204-2629072-3651569,AMAZON,B0FXX9JZX7,,CKA15STC425WH,1,13.99,13.99,2026-03-31 12:39:21,amazon Dcvoltage,false
1134042,206-8066855-4947532,AMAZON,B0DH9B4NSC,,CL3TIV3PK,1,7.99,7.99,2026-03-31 12:48:08,amazon Dcvoltage,false
1134056,203-5758332-3451563,AMAZON,B0C9DPGRGD,,SPSDP2BM,1,5.89,5.89,2026-03-31 12:51:03,amazon Dcvoltage,false
1134060,202-7492461-0841136,AMAZON,B08S44XNJF,,CRSF100BC+LHNSE27YB+SCRN70BC+LSWD360BC,1,24.88,21.82,2026-03-31 13:00:42,amazon Ledsone,false
1134061,202-9373776-9465123,AMAZON,B0DDH4FKD1,,CL3TRE5PK,1,13.99,13.99,2026-03-31 13:08:57,amazon SRM Amazon,false
1134066,026-8376905-6919512,AMAZON,B0CBK9X19J,,PHSF2GDRYB+SPSDP2YB,1,13.07,13.07,2026-03-31 13:15:06,amazon Ledsone,false
1134067,026-8376905-6919512,AMAZON,B0CBKFJ1FB,,PHSF2GDTFG+SPSDP2YB,1,13.07,13.07,2026-03-31 13:15:06,amazon Ledsone,false
1134079,206-3519133-2229154,AMAZON,B0GS9H5YGG,,SPPGUK3PBR4PK,1,12.78,9.89,2026-03-31 13:32:16,amazon Dcvoltage,false
1134080,206-2104670-8869128,AMAZON,B07CRSLRRW,,12IP67300,1,45.99,45.99,2026-03-31 13:34:53,amazon Dcvoltage,false
1134081,203-0629310-7354701,AMAZON,B0DH9H7ZCM,,CL3TGL3PK,1,8.99,8.99,2026-03-31 13:37:43,amazon Dcvoltage,false
1134086,203-8215075-3674718,AMAZON,B0FZK4KS4H,,ENC7844,1,16.39,13.66,2026-03-31 13:40:24,amazon Ledsone,false
1134087,206-7677584-2159536,AMAZON,B0FVMCY494,,CERU36150YE,1,4.38,1.24,2026-03-31 13:43:22,amazon Ledsone,false
1134093,202-2496652-9014702,AMAZON,B0DLWN6VQ1,,CL3TBMAPK,1,22.89,22.89,2026-03-31 13:51:55,amazon Dcvoltage,false
1134096,205-2693371-4547500,AMAZON,B0CW5RKZRH,,ENC6342,1,24.09,20.07,2026-03-31 14:00:12,amazon Ledsone,false
1134097,203-5547213-4303538,AMAZON,B0F9X1D46L,,CL3RBMAPK,1,25.89,21.57,2026-03-31 14:05:19,amazon Ledsone,false
1134099,205-5738747-2647524,AMAZON,B0CHW3Q9VG,,CRSF100YB+PHCHPCRYB+LSCY290YB,2,51.78,21.57,2026-03-31 14:06:24,amazon Ledsone,false
1134105,205-3278044-7936328,AMAZON,B0DBZQHHD2,,WCB2BS+RPR44WH,2,22.47,8.16,2026-03-31 14:09:17,amazon Ledsone,false
1134106,206-2246678-9803518,AMAZON,B07S8CCS1Q,,CRSF100YB,1,10.78,6.57,2026-03-31 14:14:28,amazon Ledsone,false
1134107,202-5124256-2458700,AMAZON,B09LHV32SZ,,CRSF1203WH+PHTT1PWR1WH3PK+SPSPWH2PK,1,18.16,18.16,2026-03-31 14:18:21,amazon Ledsone,false
1134108,202-5124256-2458700,AMAZON,B09LHT9D8C,,CRSF1203WH+PHTT1PWRBL3PK+SPSPWH3PK,1,17.41,17.41,2026-03-31 14:18:21,amazon Ledsone,false
1134115,206-3134015-8894730,AMAZON,B0DH9G7F4M,,CL3TROAPK,1,20.99,20.99,2026-03-31 14:26:01,amazon Dcvoltage,false
1134116,205-5464227-1765127,AMAZON,B0CKQSMQVC,,CRSF2003BB,1,10.09,8.41,2026-03-31 14:22:51,amazon Ledsone,false
1134117,206-4055775-0431503,AMAZON,B0CHRVWSBM,,CL3RBM5PK,1,13.99,11.66,2026-03-31 14:19:22,amazon Ledsone,false
1134123,202-8341818-2385144,AMAZON,B08XWSBPHW,,WCB1BM+RPR44WH,1,10.69,10.69,2026-03-31 14:35:42,amazon Dcvoltage,false
1134133,206-1115662-8537111,AMAZON,B094JX22PF,,CRSF1208WH+PHTT1PWR1WH8PK+SPSPWH8PK,1,52.89,44.07,2026-03-31 14:42:41,amazon Ledsone,false
1134139,205-0180072-6395560,AMAZON,B0F1TSLWR6,,WCBNBS3PK+RPR44WH3PK,1,18.03,18.03,2026-03-31 14:59:04,amazon Dcvoltage,false
1134140,206-7270705-6545942,AMAZON,B0863BZR2Z,,PHSF1GDTYB2PK,1,17.89,14.91,2026-03-31 14:54:47,amazon Ledsone,false
1134145,206-6802163-7292332,AMAZON,B0DXQB7T3C,,LSCY290GY2PK+RPR44WH2PK,1,27.29,22.74,2026-03-31 15:03:30,amazon Ledsone,false
1134147,206-4060215-1683536,AMAZON,B0CJCDJVLN,,LSSS300BC2PK+RPR44WH2PK,1,25.78,25.78,2026-03-31 15:11:50,amazon Dcvoltage,false
1134149,206-1716278-7563524,AMAZON,B0F2HDMBFZ,,RWT480YE,1,11.38,8.49,2026-03-31 15:16:34,amazon Dcvoltage,false
1134154,202-1792106-8711512,AMAZON,B0D5B77MF7,,WCDTRE2PK+RPR44WH2PK,1,18.89,18.89,2026-03-31 15:23:10,amazon Dcvoltage,false
1134160,203-9580627-1047518,AMAZON,B0GS9MNQ44,,SPPGUK3PBR4PK,1,10.78,7.89,2026-03-31 15:29:32,amazon Dcvoltage,false
1134172,204-2659129-1101956,AMAZON,B0BLP3Q9H6,,LDMST64E2783PK,1,14.89,12.41,2026-03-31 15:54:50,amazon Ledsone,false
1134188,204-4802635-2436306,AMAZON,B0DS5GNVLL,,ENC8050,2,32.98,13.74,2026-03-31 16:09:45,amazon Ledsone,false
1134198,204-6587048-2875504,AMAZON,B0FJ5J5T51,,CRSF100WH,1,8.88,5.99,2026-03-31 16:22:28,amazon Dcvoltage,false
1134199,026-5686422-9402723,AMAZON,B0GQ48BNBZ,,LSGLSC115AR,1,12.78,9.89,2026-03-31 16:29:10,amazon Dcvoltage,false
1134200,206-2790363-0265156,AMAZON,B08V5MK449,,CRSF100BM+PHHT1PBRBM+LSCY290BM,1,21.89,21.89,2026-03-31 16:28:05,amazon Dcvoltage,false
1134202,206-5100594-7904365,AMAZON,B0C4LHMWHL,,PLADBM,1,49.86,41.55,2026-03-31 16:23:34,amazon Ledsone,false
1134205,202-2692315-4227517,AMAZON,B0DCDSZ719,,LDSG95DIE2743PK,1,23.89,19.91,2026-03-31 16:33:10,amazon Ledsone,false
1134211,206-2356201-7001953,AMAZON,B0F9X1LW96,,CL3RIVAPK,1,22.99,19.16,2026-03-31 16:41:10,amazon Ledsone,false
1134215,205-1852293-3177117,AMAZON,B08KGF2ZG7,,CL3RHE5PK,1,15.79,15.79,2026-03-30 18:01:34,amazon Dcvoltage,false
1134216,206-5772859-6773152,AMAZON,B0F7LSQCGZ,,LSFT220BU2PK+RPR44WH2PK,1,20.09,20.09,2026-03-31 16:48:30,amazon Dcvoltage,false
1134217,204-7717011-5089967,AMAZON,B0CCHZNHT9,,SPSDP2WH,1,8.78,4.91,2026-03-31 16:53:35,amazon Ledsone,false
1134218,204-5465800-7521121,AMAZON,B0G57TF1GT,,CRFF500BM+PHNW1RBM3PK,1,23.89,19.91,2026-03-31 16:57:39,amazon Ledsone,false
1134219,206-7631648-2533149,AMAZON,B0CL16BWS3,,ENC5523,1,42.89,42.89,2026-03-31 16:56:10,amazon Dcvoltage,false
1134224,203-7553617-9867521,AMAZON,B0BBS2Z9XZ,,CL3TBRAPK,1,21.89,18.24,2026-03-31 17:04:19,amazon Ledsone,false
1134232,204-7615515-8786710,AMAZON,B0FGPRRVF4,,STAS505YE,1,7.28,3.66,2026-03-27 13:43:42,amazon Ledsone,false
1134234,205-5319592-1753911,AMAZON,B08XBHQ8JJ,,PSDS2BMRGR,1,11.99,11.99,2026-03-31 17:15:04,amazon Dcvoltage,false
1134237,203-5871633-4594769,AMAZON,B0CN32L9ZF,,WCB6BC2PK+RPR44WH2PK,1,18.89,18.89,2026-03-31 17:16:15,amazon Dcvoltage,false
1134238,205-6732465-2502762,AMAZON,B0F1CX6BYH,,RWWPSY0680YE,1,6.36,3.09,2026-03-31 17:26:58,amazon Dcvoltage,false
1134239,026-1890612-5883504,AMAZON,B0DH4KYFPD,,WCDTBM2PK+RPR44WH2PK,1,18.49,15.41,2026-03-31 17:23:18,amazon Ledsone,false
1134241,205-1647796-4365118,AMAZON,B095HZKGLN,,CRSF100SN+LHNSE27SN+SCRN70SN+LSOL220SN,1,18.89,15.74,2026-03-31 17:25:30,amazon Ledsone,false
1134251,204-6496924-6081963,AMAZON,B0BTHS733Y,,ENC4258,1,29.89,29.89,2026-03-31 17:26:44,amazon Dcvoltage,false
1134252,205-1695494-3813121,AMAZON,B0CWPCJV6S,,WCWODSBM2PK+RPR44WH2PK,1,19.89,16.57,2026-03-31 17:31:11,amazon Ledsone,false
1134263,203-1464098-7001963,AMAZON,B0F291VKCF,,LSCY290RE+RPR44WH,1,14.89,12.41,2026-03-31 17:44:17,amazon Ledsone,false
1134264,202-3629937-0865114,AMAZON,B09L8H89KT,,PHSH1HETYB+LSCY290YB,2,43.78,18.24,2026-03-31 17:44:21,amazon Ledsone,false
1134290,026-1092386-6961965,AMAZON,B0825YJNWX,,CO1230ACL5PK,1,8.88,5.99,2026-03-31 18:10:48,amazon Dcvoltage,false
1134291,206-7484996-1781100,AMAZON,B081FBS4ZK,,CNP1000CH,1,8.78,5.89,2026-03-31 18:15:54,amazon Dcvoltage,false
1134293,026-5265449-0145909,AMAZON,B0B71CHFDH,,CRSF100SN,2,11.98,4.99,2026-03-31 18:11:48,amazon Ledsone,false
1134298,026-4377225-9473132,AMAZON,B08THLVJKV,,LSCY290BI+RPR44WH,1,15.49,15.49,2026-03-31 18:18:58,amazon Dcvoltage,false
1134299,203-3130324-9173900,AMAZON,B08XXVD3TW,,WCB1BC+RPR44WH,1,9.17,10.19,2026-03-31 18:28:49,amazon Dcvoltage,false
1134300,026-0849348-4028340,AMAZON,B0BL7LZR24,,LDMT45E2746PK,1,21.79,18.16,2026-03-31 18:24:27,amazon Ledsone,false
1134301,026-4004482-4249140,AMAZON,B0F28YKH9K,,LSCY290RR+RPR44WH,3,47.67,13.24,2026-03-31 18:25:32,amazon Ledsone,false
1134305,205-4361278-3424300,AMAZON,B0D28TWPYD,,LSCY290BC2PK+RPR44WH2PK,1,25.79,21.49,2026-03-31 18:30:42,amazon Ledsone,false
1134308,202-6669805-6876360,AMAZON,B0D9RXR2CM,,WCDTGD3PK+RPR44WH3PK,1,24.89,20.74,2026-03-31 18:44:38,amazon Ledsone,false
1134310,202-5925016-2545140,AMAZON,B0FN7GVTJC,,CRSF100BM+LHNSE27BM+ICST64E27,1,18.99,15.99,2026-03-31 18:46:46,amazon SRM Amazon,false
1134317,026-8080623-9607513,AMAZON,B0DXQ8WPCG,,LSCY290SN2PK+RPR44WH2PK,1,29.89,24.91,2026-03-31 18:53:59,amazon Ledsone,false
1134320,206-9262246-5706701,AMAZON,B07WP51SL6,,LSGLBC160AR,1,16.89,16.89,2026-03-31 18:54:17,amazon Dcvoltage,false
1134331,205-5964800-0248317,AMAZON,B0F291VKCF,,LSCY290RE+RPR44WH,1,14.89,12.41,2026-03-31 19:09:05,amazon Ledsone,false
1134332,202-0411469-9798755,AMAZON,B0CVMZBLZ7,,RWWPSYBF25GY,1,5.16,1.89,2026-03-31 18:59:43,amazon Dcvoltage,false
1134333,206-6680629-3263503,AMAZON,B0GLWWJT8F,,PLHNBC,1,13.89,11.57,2026-03-31 19:16:34,amazon Ledsone,false
1134334,026-2150263-7213967,AMAZON,B0CV19Q3RR,,CKCP38383,1,29.49,29.49,2026-03-31 19:13:31,amazon Dcvoltage,false
1134345,026-7740485-3493943,AMAZON,B084RFZNH8,,WCB7BM+RPR44WH,1,11.89,9.91,2026-03-31 19:26:08,amazon Ledsone,false
1134346,206-1488109-4019512,AMAZON,B0CTTB5FC2,,LSCO335WH2PK+RPR44WH2PK,1,24.89,24.89,2026-03-31 19:28:44,amazon Dcvoltage,false
1134349,202-8842843-8453965,AMAZON,B0DH68NN77,,CL2TBTAPK,1,18.29,18.29,2026-03-31 19:38:13,amazon Dcvoltage,false
1134368,026-9931286-5070719,AMAZON,B07DH89GTY,,12UK3P2A,1,9.58,5.57,2026-03-31 20:06:25,amazon Ledsone,false
1134385,203-3708169-1396351,AMAZON,B0G57Z7PBB,,ENC641,1,37.89,27.41,2026-03-31 20:13:47,amazon Ledsone,false
1134386,026-6582940-8316368,AMAZON,B0DJBSQXTJ,,HLRK45BM5PK,1,12.58,8.07,2026-03-31 20:15:07,amazon Ledsone,false
1134392,206-4482351-6226739,AMAZON,B0DRP5L3MM,,LHSHE27SN2PK,2,21.78,10.89,2026-03-31 20:21:03,amazon SRM Amazon,false
1134393,206-1204361-4720315,AMAZON,B0D2N472B2,,CRFF500SN,1,10.89,9.07,2026-03-31 20:21:03,amazon Ledsone,false
1134402,205-2689320-2825148,AMAZON,B0C948Q2C2,,PLTYBC+WCBNBC+LDST45E274,1,18.89,18.89,2026-03-31 20:33:10,amazon Dcvoltage,false
1134403,202-6607645-5154726,AMAZON,B0CFHMYK8Q,,CRSF100BM2PK+PHRNWP2RBM2PK+ICST64E272PK,2,57.38,23.91,2026-03-31 20:30:52,amazon Ledsone,false
1134404,204-2773981-1501158,AMAZON,B0DXPFBTCK,,LSDO210BI2PK+RPR44WH2PK,1,17.89,14.91,2026-03-31 20:38:13,amazon Ledsone,false
1134409,202-3227981-4060334,AMAZON,B08V91YGNM,,CRSF100WH+LHNSE27WH+LSMS320GY,2,34.00,18.89,2026-03-31 20:43:00,amazon Dcvoltage,false
1134421,202-2555721-3309160,AMAZON,B0CHBDSKK4,,WCDTRO+RPR44WH,1,11.69,11.69,2026-03-31 21:24:09,amazon Dcvoltage,false
1134423,202-8599652-8887554,AMAZON,B095M2HMFW,,WCVCBC+RPR44WH,1,9.72,8.10,2026-03-31 21:17:05,amazon Ledsone,false
1134427,205-0594940-1753940,AMAZON,B0DQ53XTGM,,ENC7925,1,34.79,28.99,2026-03-31 21:20:06,amazon Ledsone,false
1134428,204-2413465-1385127,AMAZON,B0CBKGJFPJ,,PHSF2GDTFG+SPSDP2YB+LDMST64E274,1,17.79,14.82,2026-03-31 21:18:03,amazon Ledsone,false
1134429,206-3470887-5048331,AMAZON,B0CMCP8X1X,,CRFF500CH+WCCY1ROCH3PK,1,52.99,44.16,2026-03-31 21:24:52,amazon Ledsone,false
1134452,205-7424247-5049150,AMAZON,B0DXQ7YWGJ,,LSCY290YB2PK+RPR44WH2PK,1,27.89,23.24,2026-03-31 22:09:09,amazon Ledsone,false
1134453,203-7503976-4926718,AMAZON,B0BY57G4PR,,LSMS320BG+RPR44WH,1,16.79,16.79,2026-03-31 22:05:57,amazon Dcvoltage,false
1134454,204-5535519-6179524,AMAZON,B0DH943NPH,,CL3TREAPK,1,20.99,20.99,2026-03-31 22:07:00,amazon Dcvoltage,false
1134460,026-9741249-4284306,AMAZON,B0DH97X8DP,,CL3TBK2PK,2,11.98,5.99,2026-03-31 22:09:27,amazon Dcvoltage,false
1134463,203-7077328-5342762,AMAZON,B09M79BH75,,CRSF100CY+PHCH1PBRCY+LSCY290CY,1,22.89,19.07,2026-03-31 22:28:15,amazon Ledsone,false
1134472,203-7336321-0206752,AMAZON,B0CL7B9SXM,,LDCCB225,1,5.89,5.89,2026-03-31 23:00:36,amazon Dcvoltage,false
1134474,206-2763093-1321158,AMAZON,B0C6DKBR4C,,CRSF1203BM+PHBK1PBRBA3PK+ICST64E273PK,1,33.89,33.89,2026-03-31 23:14:44,amazon Dcvoltage,false
1134475,204-8224686-1833116,AMAZON,B07SD1RSLK,,CRFF108CH,1,9.78,6.89,2026-03-31 23:08:58,amazon Dcvoltage,false
1134476,203-4427454-6672363,AMAZON,B0F1TPPY8J,,WCBNCH5PK+RPR44WH5PK,3,75.15,25.05,2026-03-31 23:17:44,amazon Dcvoltage,false
1134479,205-3487145-2029118,AMAZON,B0DQD9W4R5,,PHSF1BMTBM3PK,1,23.89,19.91,2026-03-31 23:22:49,amazon Ledsone,false
1134481,026-5793345-6269910,AMAZON,B07S9S34B2,,CRSF2003YB,1,11.89,11.89,2026-03-31 23:36:58,amazon Dcvoltage,false
1134482,205-1060312-6671516,AMAZON,B0CCHZNHT9,,SPSDP2WH,1,8.78,4.91,2026-03-31 23:32:02,amazon Ledsone,false
800720000000,206-1722241-9346732,AMAZON,B07L8HQG6Y,,CL3TGD5PK,1,13.99,13.99,2026-03-01 08:06:20,amazon Dcvoltage,true
800730000000,026-6503208-9791536,AMAZON,B0C7BZ5756,,LSCY290GC+RPR44WH,1,15.49,15.49,2026-03-01 08:33:56,amazon Dcvoltage,true
800740000000,204-5180596-8109146,AMAZON,B0CS9Q78XH,,LSCY210BG2PK+RPR44WH2PK,1,21.49,21.49,2026-03-01 09:10:22,amazon Dcvoltage,true
800750000000,203-1883466-0054732,AMAZON,B0DH9CY29Z,,CL3TGL5PK,1,14.89,14.89,2026-03-01 09:23:00,amazon Dcvoltage,true
800760000000,202-1821307-8513906,AMAZON,B0CG9G8PBV,,WCWODSBM+RPR44WH,1,10.89,10.89,2026-03-01 09:48:05,amazon Dcvoltage,true
800770000000,026-2000351-9686730,AMAZON,B0DH8Z6FLZ,,CL3TGDAPK,1,23.99,23.99,2026-03-01 10:51:38,amazon Dcvoltage,true
800780000000,204-6179294-1969925,AMAZON,B0CJ4Q2DF3,,LSMCSPFLMC,1,24.79,,2026-03-01 10:56:54,amazon Dcvoltage,true
800790000000,204-0335149-6913917,AMAZON,B07CVCT7XN,,LDMG95E278,1,6.30,6.30,2026-03-01 11:02:40,amazon Dcvoltage,true
800800000000,026-7961090-7739535,AMAZON,B0FQVFP61X,,CRFF108BM+PHRI1PBRBA+LSCY290BI,1,18.99,18.99,2026-03-01 11:40:43,amazon Dcvoltage,true
800810000000,203-5806479-8771553,AMAZON,B0BWJWGXD4,,LSCY210BG+RPR44WH,1,12.49,12.49,2026-03-01 13:01:48,amazon Dcvoltage,true
800820000000,202-9962695-8141146,AMAZON,B0DKNCKSWK,,LHPHE27YB,1,8.79,8.79,2026-03-01 13:32:43,amazon Dcvoltage,true
800830000000,026-3902733-6201103,AMAZON,B0D44XWSWS,,PHSF2GDTFG+ICST64E27,1,13.89,13.89,2026-03-01 14:34:47,amazon Dcvoltage,true
800840000000,203-4379802-4355537,AMAZON,B0BWJWGXD4,,LSCY210BG+RPR44WH,1,12.49,12.49,2026-03-01 14:58:32,amazon Dcvoltage,true
800850000000,202-5504927-2329927,AMAZON,B0DKNCKSWK,,LHPHE27YB,1,8.79,8.79,2026-03-01 15:01:51,amazon Dcvoltage,true
800860000000,204-8527126-2830735,AMAZON,B0D6B5DGFC,,SPSDP2BM3PK,1,12.49,12.49,2026-03-01 15:09:37,amazon Dcvoltage,true
800870000000,203-0099714-4269140,AMAZON,B07ZFWL5T1,,CRFF100GB+LHNSE27GB,1,13.89,,2026-03-01 15:21:53,amazon Dcvoltage,true
800880000000,204-7879653-6204323,AMAZON,B0DKNCKSWK,,LHPHE27YB,1,8.79,8.79,2026-03-01 15:36:39,amazon Dcvoltage,true
800890000000,206-1348013-8161901,AMAZON,B08P1NX6SB,,CRFF500BM+PHHT1PBRBM3PK+WCDCBM3PKAM,1,32.89,32.89,2026-03-01 16:02:22,amazon Dcvoltage,true
800900000000,202-5116481-3589937,AMAZON,B08VGP666V,,LSCY290WH+RPR44WH,1,18.28,15.79,2026-03-01 16:17:25,amazon Dcvoltage,true
800910000000,202-2600839-4323504,AMAZON,B0D44XWSWS,,PHSF2GDTFG+ICST64E27,1,13.89,13.89,2026-03-01 17:14:41,amazon Dcvoltage,true
800920000000,203-2043238-7498716,AMAZON,B07RWJR1D2,,PLPYBC,1,14.21,15.79,2026-03-01 17:35:02,amazon Dcvoltage,true
800930000000,205-9256740-8198701,AMAZON,B0DH9BSF4C,,CL3TBM5PK,1,14.09,14.09,2026-03-01 18:04:05,amazon Dcvoltage,true
800940000000,205-8474087-9166755,AMAZON,B0D32YBFXP,,LSCY290RE2PK+RPR44WH2PK,1,25.79,25.79,2026-03-01 19:30:31,amazon Dcvoltage,true
800950000000,203-4897328-2229152,AMAZON,B0BWJWGXD4,,LSCY210BG+RPR44WH,1,12.49,,2026-03-01 20:09:01,amazon Dcvoltage,true
800960000000,206-8733069-3529127,AMAZON,B0CKWK8TNJ,,CL3RCR5PK,1,12.49,,2026-03-01 22:19:55,amazon Dcvoltage,true
800980000000,202-3292705-6576343,AMAZON,B0CFVCM4Z5,,PSOS4BMTHE+ICST64E27,1,19.59,19.59,2026-03-01 00:44:24,amazon Ledsone,true
800990000000,204-7626385-7873100,AMAZON,B0CBMQZ8P6,,PHSF2BMRBM+SPSDP2BM,1,0.00,,2026-03-01 09:38:13,amazon Ledsone,true
801000000000,204-7626385-7873100,AMAZON,B0CBMQZ8P6,,PHSF2BMRBM+SPSDP2BM,1,13.77,13.77,2026-03-01 09:38:13,amazon Ledsone,true
801020000000,206-1512427-7686718,AMAZON,B08S44XNJF,,CRSF100BC+LHNSE27YB+SCRN70BC+LSWD360BC,1,26.19,26.19,2026-03-01 12:06:36,amazon Ledsone,true
801030000000,026-5425813-1320343,AMAZON,B0B7SH5CPX,,PHSF1BWTSN,1,14.19,14.19,2026-03-01 12:28:11,amazon Ledsone,true
801040000000,204-4480957-9158707,AMAZON,B0D296FXJP,,LSCY290SN+RPR44WH,2,35.78,35.78,2026-03-01 13:02:26,amazon Ledsone,true
801060000000,205-5427693-8049908,AMAZON,B0D794K9Y2,,WCB7BM2PK+RPR44WH2PK,1,16.19,,2026-03-01 16:19:25,amazon Ledsone,true
801070000000,206-9122264-5493917,AMAZON,B0CCHYTN4H,,SPSDP2YB6PK,1,19.46,19.46,2026-03-01 17:15:53,amazon Ledsone,true
801080000000,206-9122264-5493917,AMAZON,B0CCHYTRLV,,SPSDP2WH6PK,2,85.72,42.86,2026-03-01 17:15:53,amazon Ledsone,true
801090000000,206-9122264-5493917,AMAZON,B0CCHYJ6PP,,SPSDP2YB5PK,1,17.49,17.49,2026-03-01 17:15:53,amazon Ledsone,true
801100000000,204-9257451-6945930,AMAZON,B0CGRJ5PM4,,CRSF100BM+SPSPLBM+PHRNWP2RBM,1,13.59,13.59,2026-03-01 17:32:43,amazon Ledsone,true
801110000000,203-0794114-8601918,AMAZON,B0B82Y8Q8N,,PHSF1GDRFG,1,14.99,,2026-03-01 19:54:50,amazon Ledsone,true
801120000000,026-7814086-6760367,AMAZON,B0CCJ13D4W,,SPSDP2WH5PK,1,18.89,18.89,2026-03-01 21:01:41,amazon Ledsone,true
801130000000,202-6705353-2313964,AMAZON,B0BBBHFCPF,,CL3RPU5PK,1,12.66,12.66,2026-03-01 21:17:16,amazon Ledsone,true
801140000000,202-6705353-2313964,AMAZON,B0BBB3CF25,,CL3RBT5PK,1,12.66,12.66,2026-03-01 21:17:16,amazon Ledsone,true
801150000000,205-9986279-3673949,AMAZON,B0CCHYH7YT,,SPSDP2SN5PK,1,18.79,,2026-03-01 21:25:50,amazon Ledsone,true
801160000000,205-2708268-4677935,AMAZON,B0CHDX9PTC,,CL3TPU5PK,1,12.49,,2026-03-01 22:48:05,amazon Ledsone,true
802520000000,026-7422898-1831502,AMAZON,B0DFHMDZYQ,,LSCY290NB+RPR44WH,1,15.79,15.79,2026-03-02 07:19:21,amazon Dcvoltage,true
802530000000,206-5389785-9106747,AMAZON,B0CYZVX28V,,LSCY290CO2PK+RPR44WH2PK,1,27.89,27.89,2026-03-02 07:44:48,amazon Dcvoltage,true
802540000000,206-6715596-6051509,AMAZON,B0D6B5DGFC,,SPSDP2BM3PK,1,12.49,12.49,2026-03-02 08:14:13,amazon Dcvoltage,true
802550000000,206-1357194-2739543,AMAZON,B0CTTD21V2,,LSMS320NB+RPR44WH,3,44.97,44.97,2026-03-02 09:04:17,amazon Dcvoltage,true
802560000000,203-7884879-6675505,AMAZON,B0D44XWSWS,,PHSF2GDTFG+ICST64E27,1,13.89,,2026-03-02 09:19:23,amazon Dcvoltage,true
802570000000,202-2107371-3519536,AMAZON,B0DM63L7J1,,LSFT220BM2PK+RPR44WH2PK,1,16.79,,2026-03-02 10:43:51,amazon Dcvoltage,true
802580000000,206-9750721-6645921,AMAZON,B0BWJWGXD4,,LSCY210BG+RPR44WH,1,12.49,12.49,2026-03-02 11:32:43,amazon Dcvoltage,true
802590000000,204-4330843-3964341,AMAZON,B07F9SH71F,,LDMG95E274,4,26.59,,2026-03-02 13:46:57,amazon Dcvoltage,true
802600000000,202-9494915-2261912,AMAZON,B0DH66Z6JM,,CL2TBM5PK,1,13.99,13.99,2026-03-02 14:34:09,amazon Dcvoltage,true
802610000000,204-3625718-3921900,AMAZON,B0CSPDC2PX,,ENC6087,1,26.89,,2026-03-02 15:15:21,amazon Dcvoltage,true
802620000000,204-0247588-9728352,AMAZON,B0CH39MWRF,,WSOSBDBM,1,25.58,20.59,2026-03-02 16:49:31,amazon Dcvoltage,true
802630000000,206-5003954-4844368,AMAZON,B07CJHL38X,,12IP20360,1,20.08,17.59,2026-03-02 16:57:28,amazon Dcvoltage,true
802650000000,026-8273155-6525144,AMAZON,B0CBLWLZ4W,,WCWDBM2PK+RPR44WH2PK,1,14.89,14.89,2026-03-02 19:05:50,amazon Dcvoltage,true
802660000000,203-7394786-8445909,AMAZON,B07PM5KN1T,,CL3TGL5PK,1,15.26,15.26,2026-03-02 19:17:24,amazon Dcvoltage,true
802670000000,026-4525682-6833948,AMAZON,B0CYZWJ7WJ,,LSCY290CH2PK+RPR44WH2PK,1,26.89,26.89,2026-03-02 19:24:55,amazon Dcvoltage,true
802680000000,203-9197767-9872359,AMAZON,B0D6VLZXY4,,ENC7392,1,40.69,,2026-03-02 19:37:06,amazon Dcvoltage,true
802690000000,205-6829743-0236352,AMAZON,B0C7C8LWY9,,LSCY290NB+RPR44WH,1,15.79,15.79,2026-03-02 20:00:53,amazon Dcvoltage,true
802700000000,026-1666774-4170721,AMAZON,B0D6B5DGFC,,SPSDP2BM3PK,1,12.80,12.80,2026-03-02 20:22:08,amazon Dcvoltage,true
802710000000,204-0667969-8245962,AMAZON,B0CBLWLZ4W,,WCWDBM2PK+RPR44WH2PK,1,14.89,,2026-03-02 21:00:45,amazon Dcvoltage,true
802720000000,206-6857529-6972351,AMAZON,B0D5BFMF7Z,,LSMS320RE2PK+RPR44WH2PK,1,25.89,,2026-03-02 21:07:58,amazon Dcvoltage,true
802730000000,026-0087784-5678761,AMAZON,B0CG9G8PBV,,WCWODSBM+RPR44WH,1,10.89,,2026-03-02 21:21:01,amazon Dcvoltage,true
802740000000,202-9768560-9750705,AMAZON,B08VGPPQ48,,LSCY290GY+RPR44WH,1,15.49,,2026-03-02 22:11:46,amazon Dcvoltage,true
802750000000,202-4475480-9091562,AMAZON,B0D453YVGN,,PHSF2BMTBM+ICST64E27,1,13.89,,2026-03-02 22:33:55,amazon Dcvoltage,true
802760000000,202-2704840-9861915,AMAZON,B0DMDWM25D,,WCCYSP160WH2PK,1,26.89,,2026-03-02 23:17:58,amazon Dcvoltage,true
802770000000,204-2437550-2323500,AMAZON,B0F48K41L6,,RWWPSY10100YE,1,9.99,,2026-03-02 23:48:21,amazon Dcvoltage,true
802780000000,202-8431708-1963504,AMAZON,B0C3ZTBRHZ,,LSCY290BM+RPR44WH,1,15.29,15.29,2026-03-02 00:20:44,amazon Ledsone,true
802800000000,026-9956225-1942729,AMAZON,B0F21TXF2F,,amzn.gr.WCWYBM2PK-1RtECQicUdiMfET_XWw-VG,1,10.71,10.71,2026-03-02 07:42:59,amazon Ledsone,true
802810000000,206-9657986-7244322,AMAZON,B0F28YFTQ9,,LSCY290BU+RPR44WH,2,27.99,29.48,2026-03-02 08:34:46,amazon Ledsone,true
802820000000,205-9923642-8364345,AMAZON,B0B9Y5MRSK,,CL3TGD5PK,1,13.09,,2026-03-02 10:30:32,amazon Ledsone,true
802830000000,203-3798719-3876348,AMAZON,B094DN1XL1,,PLADBC,3,142.41,148.50,2026-03-02 11:03:15,amazon Ledsone,true
802840000000,026-0703732-2398757,AMAZON,B0F28YFTQ9,,LSCY290BU+RPR44WH,1,14.89,14.89,2026-03-02 14:03:31,amazon Ledsone,true
802850000000,026-4703731-1153915,AMAZON,B0C2CZ7T5L,,ENC1904,1,16.32,16.32,2026-03-02 15:10:51,amazon Ledsone,true
802860000000,026-4703731-1153915,AMAZON,B0C2CZ7T5L,,ENC1904,2,65.30,32.65,2026-03-02 15:10:51,amazon Ledsone,true
802870000000,026-4876050-0333937,AMAZON,B0B4K4LN25,,PSDS4BMRBL,1,14.09,13.97,2026-03-02 15:19:50,amazon Ledsone,true
802880000000,202-8458942-4519521,AMAZON,B0BBB5YCJN,,CL3RCR5PK,1,14.79,14.79,2026-03-02 15:57:06,amazon Ledsone,true
802890000000,206-4409561-9431527,AMAZON,B0B9Y5MRSK,,CL3TGD5PK,1,15.58,,2026-03-02 17:16:09,amazon Ledsone,true
802900000000,026-8972923-4777115,AMAZON,B0DXQ85YB6,,LSCY290GB2PK+RPR44WH2PK,1,28.89,28.89,2026-03-02 17:32:25,amazon Ledsone,true
802910000000,026-1968073-3123556,AMAZON,B0D794K9Y2,,WCB7BM2PK+RPR44WH2PK,1,16.19,,2026-03-02 17:44:13,amazon Ledsone,true
802920000000,206-3022124-9761161,AMAZON,B0DPM9XXGM,,LHCTOCH,1,9.09,9.09,2026-03-02 18:59:11,amazon Ledsone,true
802930000000,206-1610629-3353135,AMAZON,B0CCHYD2JP,,SPSDP2BM3PK,1,12.89,12.89,2026-03-02 19:51:57,amazon Ledsone,true
802950000000,206-1753279-1266765,AMAZON,B0CCJ3CSB6,,SPSDP2YB3PK,1,12.89,12.89,2026-03-02 21:08:05,amazon Ledsone,true
802960000000,203-1599704-8473126,AMAZON,B0DXQBPJRS,,LSCY290YE2PK+RPR44WH2PK,1,25.89,,2026-03-02 21:19:13,amazon Ledsone,true
802970000000,203-5600670-5205118,AMAZON,B0C3ZTR2VC,,LSCY290CH+RPR44WH,1,16.29,,2026-03-02 21:56:30,amazon Ledsone,true
802980000000,026-3414730-9005954,AMAZON,B0CGRJ5PM4,,CRSF100BM+SPSPLBM+PHRNWP2RBM,1,13.59,,2026-03-02 22:15:40,amazon Ledsone,true
804400000000,206-8333468-4125167,AMAZON,B08KGJT4DP,,CL3THE5PK,1,15.69,15.69,2026-03-03 07:18:56,amazon Dcvoltage,true
804410000000,026-6743370-2237916,AMAZON,B0DH9DJQKQ,,CL3THE5PK,1,11.99,11.99,2026-03-03 09:34:04,amazon Dcvoltage,true
804420000000,204-1372917-3503563,AMAZON,B0C7C8LWY9,,LSCY290NB+RPR44WH,1,15.79,15.79,2026-03-03 12:08:58,amazon Dcvoltage,true
804430000000,206-0555180-9008364,AMAZON,B0CJ4R5796,,amzn.gr.LSMCSQWYBL-_TywWgHrQclV3GLVw1-LN,1,1.04,,2026-03-03 14:05:04,amazon Dcvoltage,true
804440000000,206-7524243-9449918,AMAZON,B07L8GPT85,,CL3TGY5PK,1,13.79,13.79,2026-03-03 15:32:30,amazon Dcvoltage,true
804450000000,026-3540877-2497161,AMAZON,B0CTT2G3B5,,LSMS320BU+RPR44WH,1,14.99,14.99,2026-03-03 15:37:48,amazon Dcvoltage,true
804470000000,203-6883254-1371506,AMAZON,B0DH8Z6FLZ,,CL3TGDAPK,1,0.00,,2026-03-03 17:04:00,amazon Dcvoltage,true
804480000000,203-6883254-1371506,AMAZON,B0DH8Z6FLZ,,CL3TGDAPK,1,23.99,23.99,2026-03-03 17:04:00,amazon Dcvoltage,true
804490000000,203-9856503-0908337,AMAZON,B0DH8Z6FLZ,,CL3TGDAPK,1,23.99,23.99,2026-03-03 17:12:10,amazon Dcvoltage,true
804500000000,026-9011883-3156315,AMAZON,B0D56ZN8NP,,WCB7WH2PK+RPR44WH2PK,1,16.79,16.79,2026-03-03 17:16:37,amazon Dcvoltage,true
804510000000,206-0653030-0777933,AMAZON,B0CS9PNL8L,,LSFT220BG3PK,1,31.98,31.98,2026-03-03 18:35:13,amazon Dcvoltage,true
804520000000,026-4959066-6477157,AMAZON,B0CS9PS8J3,,LSCY210BG3PK+RPR44WH3PK,3,78.40,,2026-03-03 18:57:15,amazon Dcvoltage,true
804530000000,202-2647814-5871520,AMAZON,B0D453YVGN,,PHSF2BMTBM+ICST64E27,1,13.89,13.89,2026-03-03 21:49:31,amazon Dcvoltage,true
804540000000,205-7026014-4541941,AMAZON,B07L8GPT85,,CL3TGY5PK,1,13.79,13.79,2026-03-03 23:01:20,amazon Dcvoltage,true
804550000000,205-1012067-0893134,AMAZON,B0DKF35RMQ,,12IP20300,2,30.94,,2026-03-03 23:31:09,amazon Dcvoltage,true
804560000000,026-6367955-2401111,AMAZON,B0CHRVWSBM,,amzn.gr.CL3RBM5PK_J-bfwO4OuRnSgV0AnZ3-LN,1,12.67,12.67,2026-03-03 01:02:52,amazon Ledsone,true
804570000000,203-1851584-7217963,AMAZON,B0CHRVWSBM,,CL3RBM5PK,1,11.99,11.99,2026-03-03 08:28:31,amazon Ledsone,true
804580000000,202-8871036-8331533,AMAZON,B0CHRVWSBM,,CL3RBM5PK,1,11.99,11.99,2026-03-03 10:27:03,amazon Ledsone,true
804590000000,204-0402733-9712329,AMAZON,B0B9Y7SRPV,,CL3TWH5PK,1,14.09,14.09,2026-03-03 10:45:48,amazon Ledsone,true
804600000000,026-5129860-0615541,AMAZON,B0F9WXH3SL,,CL2RBMAPK,1,18.79,18.79,2026-03-03 11:26:38,amazon Ledsone,true
804610000000,204-0593263-0340343,AMAZON,B0DG2DZJ6V,,ENC7619,1,31.89,,2026-03-03 13:28:39,amazon Ledsone,true
804620000000,202-0419637-9769134,AMAZON,B0D7ZTRLBH,,LSCY290BM2PK+RPR44WH2PK,1,25.89,,2026-03-03 14:46:14,amazon Ledsone,true
804630000000,205-9522989-3477925,AMAZON,B0F2919THD,,LSCY290CO+RPR44WH,1,18.19,,2026-03-03 15:04:23,amazon Ledsone,true
804640000000,203-1418542-4743565,AMAZON,B0F21TXF2F,,WCWYBM2PK,1,11.98,11.98,2026-03-03 15:14:42,amazon Ledsone,true
804650000000,202-9659857-7781939,AMAZON,B0F2919CBQ,,LSCY290AA+RPR44WH,1,15.89,15.89,2026-03-03 15:30:25,amazon Ledsone,true
804660000000,204-3610834-7685920,AMAZON,B0BWNQVZTJ,,PLTABC,2,37.21,,2026-03-03 16:36:48,amazon Ledsone,true
804670000000,202-7491203-1366749,AMAZON,B0DCNWF2D4,,PHSF2BMRBM2PK+SPSDP2BM2PK,1,29.79,29.79,2026-03-03 16:43:51,amazon Ledsone,true
804680000000,202-8484232-7122741,AMAZON,B07BB324Q1,,FF-AZ7G-JER3,1,5.89,,2026-03-03 16:51:29,amazon Ledsone,true
804690000000,205-5192939-9567526,AMAZON,B0F7QNZ95S,,ENC8614,1,36.69,,2026-03-03 17:12:58,amazon Ledsone,true
804700000000,203-7027905-0269935,AMAZON,B0CCJ3MP82,,amzn.gr.SPSDP2SN3PK-AMN-B9sSLRc9Igk-4-VG,1,9.74,,2026-03-03 17:14:44,amazon Ledsone,true
804710000000,026-5779423-4009168,AMAZON,B0BC1CYP2F,,CL3RBMAPK,1,22.89,22.89,2026-03-03 18:41:56,amazon Ledsone,true
804720000000,204-3240769-1000328,AMAZON,B0D28XC4DK,,LSCY290BM3PK+RPR44WH3PK,1,42.79,,2026-03-03 19:48:16,amazon Ledsone,true
804730000000,204-7984179-3068352,AMAZON,B0CCJ13D4W,,SPSDP2WH5PK,1,23.88,,2026-03-03 19:55:19,amazon Ledsone,true
804740000000,204-3109155-8191507,AMAZON,B0CCDKF18M,,WCB3B+RPR44WH,1,10.49,,2026-03-03 20:06:53,amazon Ledsone,true
804750000000,205-8235324-1396334,AMAZON,B07B2WVRJ5,,12IP6715,1,6.59,6.59,2026-03-03 20:08:55,amazon Ledsone,true
804760000000,202-2984931-7469102,AMAZON,B0DXQ8VVR7,,LSCY290WH2PK+RPR44WH2PK,1,25.79,,2026-03-03 20:15:14,amazon Ledsone,true
804770000000,204-2676543-7484350,AMAZON,B0B8VRRDVM,,LDSG125MUE274,1,13.89,,2026-03-03 21:24:36,amazon Ledsone,true
804780000000,202-8657048-2283530,AMAZON,B0D7ZTRLBH,,LSCY290BM2PK+RPR44WH2PK,1,25.89,,2026-03-03 21:34:09,amazon Ledsone,true
804790000000,202-2802692-3941960,AMAZON,B0DH182H6J,,LSHQ180BM2PK++RPR44WH2PK,1,16.13,16.13,2026-03-03 21:49:54,amazon Ledsone,true
804800000000,202-9982771-8198703,AMAZON,B0D794K9Y2,,WCB7BM2PK+RPR44WH2PK,1,16.19,,2026-03-03 21:53:08,amazon Ledsone,true
804810000000,205-2047440-0383503,AMAZON,B0F21TXF2F,,WCWYBM2PK,1,11.98,11.98,2026-03-03 22:18:46,amazon Ledsone,true
804820000000,205-7948985-6991507,AMAZON,B0DH221ZSY,,LSHQ180BS2PK+RPR44WH,1,16.49,16.49,2026-03-03 22:32:40,amazon Ledsone,true
804990000000,202-2802692-3941960,AMAZON,B0DH182H6J,,LSHQ180BM2PK++RPR44WH2PK,1,0.00,,2026-03-03 21:49:54,amazon Ledsone,true
806150000000,202-3342875-3536332,AMAZON,B0CTTFPLLV,,LSMS320BI+RPR44WH,1,14.99,14.99,2026-03-04 00:05:57,amazon Dcvoltage,true
806160000000,202-7690732-9628330,AMAZON,B0DBWY3P4Q,,CL2RBMAPK,1,18.39,18.39,2026-03-04 07:41:51,amazon Dcvoltage,true
806170000000,203-8721192-6216366,AMAZON,B0G2YBJVW4,,ENC7844,1,17.89,,2026-03-04 09:29:37,amazon Dcvoltage,true
806180000000,206-1987893-0359557,AMAZON,B0CRZ25PXP,,LSCY290BC,1,15.89,15.89,2026-03-04 09:51:39,amazon Dcvoltage,true
806190000000,203-6343112-0589952,AMAZON,B0CXSS7XYX,,LSCY290WH2PK+RPR44WH2PK,1,25.89,25.89,2026-03-04 09:57:01,amazon Dcvoltage,true
806200000000,202-3874268-0037931,AMAZON,B08VGPPQ48,,LSCY290GY+RPR44WH,1,15.49,15.49,2026-03-04 11:22:22,amazon Dcvoltage,true
806210000000,202-8544499-6806765,AMAZON,B0CTT4CH4C,,LSMS320GR+RPR44WH,1,14.99,14.99,2026-03-04 12:30:14,amazon Dcvoltage,true
806220000000,206-5951876-0789157,AMAZON,B07CWFSGB3,,IP20 12V 360W,1,24.98,19.99,2026-03-04 13:52:48,amazon Dcvoltage,true
806230000000,204-3994761-1421901,AMAZON,B0FR738SKW,,PHSF2BMTBM3PK+ICST64E273PK,1,40.89,40.89,2026-03-04 15:17:32,amazon Dcvoltage,true
806250000000,203-8094909-6823537,AMAZON,B08XNPKHZX,,LSSS300YE+RPR44WH,1,13.49,13.49,2026-03-04 15:45:57,amazon Dcvoltage,true
806260000000,202-7385357-7782737,AMAZON,B0DBWH9VTG,,CL2RAG5PK,1,12.49,12.49,2026-03-04 16:12:54,amazon Dcvoltage,true
806270000000,204-4319041-6383516,AMAZON,B0D6B5DGFC,,SPSDP2BM3PK,1,12.49,12.49,2026-03-04 18:31:45,amazon Dcvoltage,true
806280000000,205-6318363-2665140,AMAZON,B0BNVSGT59,,LHC4E27WH,1,6.19,6.19,2026-03-04 19:18:03,amazon Dcvoltage,true
806290000000,206-6072177-9324306,AMAZON,B0G2YBJVW4,,ENC7844,1,17.89,,2026-03-04 19:27:35,amazon Dcvoltage,true
806300000000,202-9637402-0881961,AMAZON,B09643CJ5N,,CRFF500BM+PHCH1BMRBM3PK+LSDO210BG3PK,1,39.48,39.48,2026-03-04 19:34:41,amazon Dcvoltage,true
806310000000,202-4842061-4130751,AMAZON,B0BNVSGT59,,LHC4E27WH,2,12.70,12.70,2026-03-04 20:06:14,amazon Dcvoltage,true
806320000000,206-7971947-3545148,AMAZON,B0CKWMJ9YL,,CL3RBW5PK,1,12.99,12.99,2026-03-04 20:25:22,amazon Dcvoltage,true
806330000000,204-2851751-1389924,AMAZON,B08V8Y2TT3,,CRSF100WH+LHNSE27WH+LSMS320BD,1,20.79,20.79,2026-03-04 20:45:40,amazon Dcvoltage,true
806340000000,206-1898031-1173131,AMAZON,B0F48LNB6J,,RWWPSY1080YE,1,8.89,8.89,2026-03-04 21:45:54,amazon Dcvoltage,true
806350000000,204-6714986-8884309,AMAZON,B0DBLB6ZSH,,LSDO210GR2PK+RPR44WH2PK,1,16.99,16.99,2026-03-04 07:50:18,amazon Ledsone,true
806360000000,204-3834360-3567541,AMAZON,B0BL7LQC5P,,LDMT45E2743PK,1,15.99,15.99,2026-03-04 09:27:49,amazon Ledsone,true
806370000000,203-3303736-9445929,AMAZON,B07CP4SFT5,,12IP6750,1,14.99,14.99,2026-03-04 10:04:49,amazon Ledsone,true
806380000000,203-6314324-1277968,AMAZON,B0C2VDBRDW,,CRSF100CO+LHNSE27CO+LSRP260CO,2,54.38,,2026-03-04 11:19:11,amazon Ledsone,true
806390000000,203-4542249-7866738,AMAZON,B0B4KBGPV6,,PSDS4BMRBW,1,13.37,13.95,2026-03-04 13:15:57,amazon Ledsone,true
806400000000,026-4059416-4285903,AMAZON,B0C3ZT3VR1,,LSCY290BD+RPR44WH,1,14.89,14.89,2026-03-04 13:28:32,amazon Ledsone,true
806410000000,206-8153784-2419568,AMAZON,B0CHRVWSBM,,CL3RBM5PK,1,11.99,11.99,2026-03-04 14:22:36,amazon Ledsone,true
806420000000,026-5635165-3886769,AMAZON,B0B4KBGPV6,,PSDS4BMRBW,1,13.37,13.95,2026-03-04 15:44:52,amazon Ledsone,true
806430000000,203-0467773-3137148,AMAZON,B0CCHYTRLV,,SPSDP2WH6PK,1,21.79,21.79,2026-03-04 16:13:55,amazon Ledsone,true
806440000000,206-0254369-3237933,AMAZON,B0CW5RLSQL,,CRFF105GB2PK+HK10GB2PK,1,13.79,13.79,2026-03-04 17:08:24,amazon Ledsone,true
806450000000,205-2379139-3673151,AMAZON,B0B4KBGPV6,,PSDS4BMRBW,1,14.07,14.07,2026-03-04 18:03:09,amazon Ledsone,true
806490000000,203-5027648-2687535,AMAZON,B0CHRVWSBM,,CL3RBM5PK,1,11.99,,2026-03-04 21:14:06,amazon Ledsone,true
806500000000,206-8964101-6071524,AMAZON,B0F291VKCF,,LSCY290RE+RPR44WH,1,19.88,14.89,2026-03-04 21:22:11,amazon Ledsone,true
806510000000,203-7160983-2832343,AMAZON,B0D7ZTRLBH,,LSCY290BM2PK+RPR44WH2PK,1,25.89,,2026-03-04 22:04:38,amazon Ledsone,true
806520000000,204-2694162-2439536,AMAZON,B0CBMQZ8P6,,PHSF2BMRBM+SPSDP2BM,1,13.89,,2026-03-04 22:21:47,amazon Ledsone,true
806530000000,205-4874481-7216308,AMAZON,B0B4K5LXH9,,PSDS4BMRBM,1,14.07,14.07,2026-03-04 22:21:51,amazon Ledsone,true
807710000000,204-1679896-9293126,AMAZON,B08V5RPGD1,,CRSF100BC+PHCH1PBRBC+LSCY290BC,2,29.75,,2026-03-05 08:10:15,amazon Dcvoltage,true
807720000000,205-1784600-3270729,AMAZON,B0D53FZ8GS,,WCB2WH2PK+RPR44WH2PK,1,15.89,15.89,2026-03-05 08:35:09,amazon Dcvoltage,true
807730000000,205-3585418-4777900,AMAZON,B0CNZ5QRHW,,CL3RYEAPK,1,17.89,17.89,2026-03-05 08:53:09,amazon Dcvoltage,true
807740000000,202-4968129-6152317,AMAZON,B0BNVPDQS8,,LHC4E27WH5PK,1,16.08,16.08,2026-03-05 08:54:13,amazon Dcvoltage,true
807750000000,205-7528709-7224325,AMAZON,B07ZFWL5T1,,CRFF100GB+LHNSE27GB,1,13.89,13.89,2026-03-05 09:17:00,amazon Dcvoltage,true
807760000000,026-3752448-1770749,AMAZON,B0DKF3RBTL,,12IP20400,1,24.89,24.89,2026-03-05 09:37:30,amazon Dcvoltage,true
807770000000,205-4374919-0734766,AMAZON,B07PM5KN1T,,CL3TGL5PK,1,14.89,14.89,2026-03-05 10:09:19,amazon Dcvoltage,true
807780000000,026-0888143-8998749,AMAZON,B0DH629QP2,,CL2TGLAPK,3,54.87,54.87,2026-03-05 11:53:33,amazon Dcvoltage,true
807790000000,202-1790410-3753957,AMAZON,B07PM6VXCG,,CL3TBK5PK,1,13.01,13.01,2026-03-05 12:17:48,amazon Dcvoltage,true
807800000000,206-5929219-7148350,AMAZON,B0CXSXN4KX,,LSMS320BI2PK+RPR44WH2PK,1,0.00,,2026-03-05 13:19:12,amazon Dcvoltage,true
807810000000,206-5929219-7148350,AMAZON,B0D5LSD942,,LSFT220BI2PK+RPR44WH2PK,2,71.96,35.98,2026-03-05 13:19:12,amazon Dcvoltage,true
807820000000,206-5929219-7148350,AMAZON,B0CXSXN4KX,,LSMS320BI2PK+RPR44WH2PK,2,102.36,51.18,2026-03-05 13:19:12,amazon Dcvoltage,true
807830000000,205-2047570-3550706,AMAZON,B0CZNPP2K1,,LSSS300CH2PK+RPR44WH2PK,1,23.89,23.89,2026-03-05 14:59:32,amazon Dcvoltage,true
807840000000,026-0741531-2767562,AMAZON,B0F48K41L6,,RWWPSY10100YE,1,9.99,9.99,2026-03-05 15:22:10,amazon Dcvoltage,true
807850000000,202-4726612-7871535,AMAZON,B08WLZ2KCB,,CRSF100BM+WSNW170BM+SCRN70BM+LSFT220BGAM,1,16.69,16.69,2026-03-05 16:10:57,amazon Dcvoltage,true
807860000000,205-7254816-5963564,AMAZON,B07F9SH71F,,LDMG95E274,1,10.39,,2026-03-05 17:49:39,amazon Dcvoltage,true
807870000000,205-5356871-4877100,AMAZON,B0CTT4CH4C,,LSMS320GR+RPR44WH,2,29.98,29.98,2026-03-05 18:49:20,amazon Dcvoltage,true
807880000000,203-6003059-0518732,AMAZON,B0FHPNSB7S,,CRFF100GB2PK+LHNSE27GB2PK,1,23.49,23.49,2026-03-05 19:01:23,amazon Dcvoltage,true
807890000000,203-2470602-0759549,AMAZON,B0CTT4CH4C,,LSMS320GR+RPR44WH,1,14.99,14.99,2026-03-05 19:13:02,amazon Dcvoltage,true
807900000000,203-1764014-4248311,AMAZON,B0D4YDHJNZ,,LDMG80E2743PK,1,12.39,12.39,2026-03-05 19:22:28,amazon Dcvoltage,true
807910000000,205-7097124-1308352,AMAZON,B0CPBWRQKP,,LSCY290CO+RPR44WH,1,17.89,,2026-03-05 20:10:26,amazon Dcvoltage,true
807920000000,026-6704177-2874769,AMAZON,B0CTT9GB4R,,LSMS320WH+RPR44WH,2,29.98,29.98,2026-03-05 20:13:01,amazon Dcvoltage,true
807930000000,202-2282511-8223515,AMAZON,B07PM6VXCG,,CL3TBK5PK,1,13.01,13.01,2026-03-05 20:49:40,amazon Dcvoltage,true
807940000000,202-8569101-1791510,AMAZON,B0CJCDXV8R,,LSSS300WH2PK+RPR44WH2PK,1,23.79,23.79,2026-03-05 22:40:20,amazon Dcvoltage,true
807950000000,203-9415518-3445932,AMAZON,B0D5711PRY,,WCB6BM2PK+RPR44WH2PK,1,15.89,,2026-03-05 23:44:34,amazon Dcvoltage,true
807960000000,203-7579924-4921959,AMAZON,B0DH9DJQKQ,,CL3THE5PK,1,11.99,11.99,2026-03-05 23:51:33,amazon Dcvoltage,true
807980000000,203-9806074-6843526,AMAZON,B0B9Y67S6V,,CL3TCR5PK,1,13.89,13.89,2026-03-05 07:24:43,amazon Ledsone,true
807990000000,204-5599066-6431543,AMAZON,B0CV5CW477,,LDSHEAE2742PK,1,17.89,17.89,2026-03-05 11:12:54,amazon Ledsone,true
808000000000,203-8508167-9505955,AMAZON,B0CV5CW477,,LDSHEAE2742PK,1,17.89,17.89,2026-03-05 12:09:06,amazon Ledsone,true
808010000000,202-5935846-8756363,AMAZON,B0BB371NGW,,CL2RBM5PK,1,12.47,12.47,2026-03-05 12:21:19,amazon Ledsone,true
808020000000,026-8602558-7702765,AMAZON,B0C3ZTBRHZ,,LSCY290BM+RPR44WH,3,43.58,45.48,2026-03-05 13:29:22,amazon Ledsone,true
808030000000,026-8592912-8153138,AMAZON,B0CHRVWSBM,,CL3RBM5PK,1,11.99,11.99,2026-03-05 14:05:19,amazon Ledsone,true
808040000000,203-1873418-2300312,AMAZON,B0BBS118NM,,CL3TBKAPK,1,21.89,,2026-03-05 14:40:28,amazon Ledsone,true
808050000000,205-7536612-9772306,AMAZON,B0B77GWCPC,,CRFF108GB2PK+HK10GB2PK,1,13.79,13.79,2026-03-05 14:41:26,amazon Ledsone,true
808060000000,026-0329933-2899579,AMAZON,B0F7QNZ95S,,ENC8614,1,36.69,,2026-03-05 15:28:39,amazon Ledsone,true
808070000000,204-9925576-6613933,AMAZON,B0BLZHCRGZ,,LDMG95E2746PK,1,24.59,24.59,2026-03-05 16:01:16,amazon Ledsone,true
808080000000,202-9703802-7138751,AMAZON,B07CPWC9PP,,dc12IP6780,1,15.69,15.69,2026-03-05 16:29:46,amazon Ledsone,true
808090000000,204-7833709-1549129,AMAZON,B094R3M2DC,,PLADBM,1,43.89,43.89,2026-03-05 16:56:59,amazon Ledsone,true
808100000000,202-0192590-7028371,AMAZON,B0F43VK2KY,,LSCY290CO+RPR44WH,1,16.89,16.89,2026-03-05 18:08:19,amazon Ledsone,true
808110000000,026-1046387-4256358,AMAZON,B0F291VKCF,,LSCY290RE+RPR44WH,1,14.89,,2026-03-05 18:33:52,amazon Ledsone,true
808120000000,202-9531254-0265914,AMAZON,B09HSB7NBL,,CL2TGD5PK,1,13.89,,2026-03-05 18:51:07,amazon Ledsone,true
808130000000,204-4626748-7916304,AMAZON,B0C2VLCW5G,,CRSF100RO+LHNSE27RO+LSCY290RO,1,24.79,24.79,2026-03-05 21:12:15,amazon Ledsone,true
808140000000,026-8411597-9833162,AMAZON,B0F9WL4L72,,LSMS320BG+RPR44WH,1,16.49,16.49,2026-03-05 21:16:27,amazon Ledsone,true
808150000000,026-1543018-3147543,AMAZON,B07PSPC8GB,,CL2RBMAPK,1,18.09,,2026-03-05 22:27:26,amazon Ledsone,true
808160000000,202-8718008-7570749,AMAZON,B0B82W84F2,,PHSF1AGRGB,1,10.53,11.00,2026-03-05 22:36:38,amazon Ledsone,true
809550000000,204-9177601-2805163,AMAZON,B0C7C8LWY9,,LSCY290NB+RPR44WH,1,15.79,15.79,2026-03-06 00:34:51,amazon Dcvoltage,true
809560000000,204-5781435-0900348,AMAZON,B0DH6FPVYK,,amzn.gr.CL2TCRAPK_AMD-TTIpZARu9RdUpQQ-LN,1,0.91,,2026-03-06 03:46:32,amazon Dcvoltage,true
809570000000,205-3987343-1463535,AMAZON,B0D6B5DGFC,,SPSDP2BM3PK,1,12.49,12.49,2026-03-06 07:08:31,amazon Dcvoltage,true
809580000000,205-7239379-4818766,AMAZON,B0CKWLFKR7,,CL3RGR5PK,1,12.89,12.89,2026-03-06 08:42:46,amazon Dcvoltage,true
809590000000,202-7922809-0985153,AMAZON,B0DKNCKSWK,,LHPHE27YB,1,8.79,8.79,2026-03-06 09:57:46,amazon Dcvoltage,true
809600000000,202-7094719-1598735,AMAZON,B0DKNCKSWK,,LHPHE27YB,1,8.79,,2026-03-06 09:59:02,amazon Dcvoltage,true
809610000000,202-6275380-8831527,AMAZON,B08XBF9C5P,,PSDS4BMRGR PK1,1,14.07,14.07,2026-03-06 10:27:19,amazon Dcvoltage,true
809620000000,202-3947936-5977934,AMAZON,B0CS9PS8J3,,LSCY210BG3PK+RPR44WH3PK,1,28.19,28.19,2026-03-06 12:59:54,amazon Dcvoltage,true
809630000000,203-7674775-4258750,AMAZON,B08V8D9RCF,,CRSF100WH+LHNSE27WH+LSMS320GR,1,18.79,18.79,2026-03-06 13:13:05,amazon Dcvoltage,true
809640000000,203-7674775-4258750,AMAZON,B0CTT4CH4C,,LSMS320GR+RPR44WH,1,14.99,14.99,2026-03-06 13:13:05,amazon Dcvoltage,true
809650000000,026-6120951-0969918,AMAZON,B0C7CLVDHR,,LSCY290BI+RPR44WH,1,14.89,14.89,2026-03-06 13:18:05,amazon Dcvoltage,true
809660000000,204-1130804-0839555,AMAZON,B0CYZVX28V,,LSCY290CO2PK+RPR44WH2PK,1,27.89,27.89,2026-03-06 14:38:44,amazon Dcvoltage,true
809670000000,204-0763866-6684337,AMAZON,B0DH9BSF4C,,CL3TBM5PK,1,13.81,,2026-03-06 15:09:08,amazon Dcvoltage,true
809680000000,204-8713227-8591556,AMAZON,B0DM61D265,,LSFT220BM3PK+RPR44WH3PK,2,33.81,,2026-03-06 16:17:44,amazon Dcvoltage,true
809690000000,206-3860262-2719507,AMAZON,B0CXSXN4KX,,LSMS320BI2PK+RPR44WH2PK,1,25.59,25.59,2026-03-06 16:28:30,amazon Dcvoltage,true
809710000000,204-2293340-9751562,AMAZON,B07CWFSGB3,,IP20 12V 360W,2,37.98,,2026-03-06 17:14:29,amazon Dcvoltage,true
809720000000,206-8317660-9447538,AMAZON,B0DH67XKP9,,CL2TBRAPK,1,18.19,18.19,2026-03-06 17:33:01,amazon Dcvoltage,true
809730000000,026-8031241-6688359,AMAZON,B07PM6VXCG,,CL3TBK5PK,1,13.01,,2026-03-06 17:38:52,amazon Dcvoltage,true
809740000000,203-4649109-8618765,AMAZON,B07PM6VXCG,,CL3TBK5PK,1,13.01,13.01,2026-03-06 17:44:46,amazon Dcvoltage,true
809750000000,026-6302969-8069147,AMAZON,B0DFHMC949,,LSCY290BI+RPR44WH-,1,15.29,15.29,2026-03-06 17:48:48,amazon Dcvoltage,true
809760000000,204-0718550-2654715,AMAZON,B08WX7NWWL,,ENC899,1,22.89,22.89,2026-03-06 18:17:11,amazon Dcvoltage,true
809770000000,206-6626448-5882715,AMAZON,B0CGRJ1V8L,,TPOSBDBM,1,24.69,,2026-03-06 18:31:39,amazon Dcvoltage,true
809780000000,206-6215240-2967516,AMAZON,B09643CJ5N,,CRFF500BM+PHCH1BMRBM3PK+LSDO210BG3PK,1,39.48,39.48,2026-03-06 19:04:12,amazon Dcvoltage,true
809790000000,206-1273989-8269121,AMAZON,B0F48K41L6,,RWWPSY10100YE,1,12.49,9.99,2026-03-06 19:33:23,amazon Dcvoltage,true
809800000000,026-3729278-1308316,AMAZON,B0CYZVX28V,,LSCY290CO2PK+RPR44WH2PK,1,27.89,27.89,2026-03-06 21:18:41,amazon Dcvoltage,true
809810000000,026-2677578-2688322,AMAZON,B07ZFWL5T1,,CRFF100GB+LHNSE27GB,1,13.89,13.89,2026-03-06 22:24:17,amazon Dcvoltage,true
809820000000,202-2854436-0727515,AMAZON,B0BWJWGXD4,,LSCY210BG+RPR44WH,1,12.49,12.49,2026-03-06 23:15:11,amazon Dcvoltage,true
809830000000,202-8791700-6158753,AMAZON,B07F9SH71F,,LDMG95E274,1,5.40,,2026-03-06 23:20:28,amazon Dcvoltage,true
809840000000,206-3305768-4429951,AMAZON,B0CFVCM4Z5,,PSOS4BMTHE+ICST64E27,1,19.59,19.59,2026-03-06 09:16:21,amazon Ledsone,true
809850000000,206-9450525-2574718,AMAZON,B0C3ZT3VR1,,LSCY290BD+RPR44WH,1,14.89,,2026-03-06 10:30:57,amazon Ledsone,true
809860000000,203-6473074-3596346,AMAZON,B094R3M2DC,,PLADBM,1,44.98,,2026-03-06 10:51:14,amazon Ledsone,true
809870000000,203-2403657-9515514,AMAZON,B0DXQBPJRS,,LSCY290YE2PK+RPR44WH2PK,1,26.53,,2026-03-06 12:48:45,amazon Ledsone,true
809880000000,202-2175267-7144363,AMAZON,B0CCL729S8,,ENC1313,2,41.78,,2026-03-06 13:00:33,amazon Ledsone,true
809900000000,204-1505793-8270756,AMAZON,B0F7QRPZY7,,CL3TBRAPK,1,19.89,19.89,2026-03-06 14:15:47,amazon Ledsone,true
809910000000,206-9136975-0961932,AMAZON,B09HSB7NBL,,CL2TGD5PK,1,16.39,13.89,2026-03-06 14:19:48,amazon Ledsone,true
809920000000,026-5071118-9388325,AMAZON,B08S44XNJF,,CRSF100BC+LHNSE27YB+SCRN70BC+LSWD360BC,1,26.19,,2026-03-06 15:53:49,amazon Ledsone,true
809930000000,205-8446510-6909954,AMAZON,B0BC1CMSVD,,CL3RGDAPK,1,19.99,19.99,2026-03-06 15:57:52,amazon Ledsone,true
809940000000,026-1070714-0117160,AMAZON,B0DXQ9SDTK,,LSCY290OR2PK+RPR44WH2PK,1,24.81,19.82,2026-03-06 17:20:44,amazon Ledsone,true
809950000000,203-8072891-9397169,AMAZON,B0D297QW6M,,LSCY290CB+RPR44WH,1,14.89,14.89,2026-03-06 18:18:45,amazon Ledsone,true
809960000000,203-9744373-9045115,AMAZON,B0CHF49HKL,,CRSF100BM+PHUH1HETBM+LSHM400HE,1,32.69,32.69,2026-03-06 18:24:57,amazon Ledsone,true
809970000000,202-7433721-0729934,AMAZON,B084C2T9QZ,,PLWEBC+PHNW1RBC+LDMST64E274,1,22.89,22.89,2026-03-06 19:15:04,amazon Ledsone,true
809980000000,205-5940360-2379567,AMAZON,B091FP56Y5,,CRSF2003BM+PHHN1PBRCO3PK+LSDO210BI3PK,1,33.11,36.18,2026-03-06 19:49:01,amazon Ledsone,true
809990000000,206-1064328-6313122,AMAZON,B0CKBCZHLB,,CL3TGL5PK,1,19.88,14.89,2026-03-06 20:07:54,amazon Ledsone,true
810000000000,204-6828331-7338755,AMAZON,B0F7QWMBLY,,CL3TGLAPK,1,19.69,,2026-03-06 22:50:57,amazon Ledsone,true
810010000000,026-8507646-6166718,AMAZON,B0B4K6NM87,,PSDS4BMRRE,1,14.07,14.07,2026-03-06 23:52:42,amazon Ledsone,true
811430000000,026-8807474-6493947,AMAZON,B0CG5YFN9X,,LSCY290BI2PK+RPR44WH2PK,1,26.79,26.79,2026-03-07 07:58:14,amazon Dcvoltage,true
811440000000,203-3646296-3775559,AMAZON,B0D453YVGN,,PHSF2BMTBM+ICST64E27,1,13.89,13.89,2026-03-07 08:01:10,amazon Dcvoltage,true
811450000000,206-3740174-6503548,AMAZON,B0CH3BD4MP,,WSOSBDBM2PK,1,34.79,34.79,2026-03-07 08:36:41,amazon Dcvoltage,true
811460000000,202-3338957-8965165,AMAZON,B0CZLCKY5W,,LSSS300GY2PK+RPR44WH2PK,1,21.89,21.89,2026-03-07 08:51:02,amazon Dcvoltage,true
811470000000,203-2572778-6529168,AMAZON,B0CH39MWRF,,WSOSBDBM,1,20.59,20.59,2026-03-07 10:04:34,amazon Dcvoltage,true
811480000000,205-7340268-9038711,AMAZON,B0DH9BSF4C,,CL3TBM5PK,1,14.09,14.09,2026-03-07 10:19:35,amazon Dcvoltage,true
811490000000,202-1891533-8982738,AMAZON,B07F9SH71F,,LDMG95E274,1,5.40,5.40,2026-03-07 10:42:37,amazon Dcvoltage,true
811500000000,202-6947502-9568355,AMAZON,B0D53DFPS4,,WCB1BM2PK+RPR44WH2PK,1,15.89,15.89,2026-03-07 11:48:13,amazon Dcvoltage,true
811510000000,203-4021403-2918725,AMAZON,B08XBZNV5C,,CL3TGDAPK,1,20.89,20.89,2026-03-07 11:52:23,amazon Dcvoltage,true
811520000000,204-6827410-4991519,AMAZON,B0BWJWGXD4,,LSCY210BG+RPR44WH,1,12.49,12.49,2026-03-07 11:58:04,amazon Dcvoltage,true
811530000000,205-1464890-3005904,AMAZON,B0DH96KQ88,,CL3TOR5PK,1,11.89,11.89,2026-03-07 12:44:53,amazon Dcvoltage,true
811540000000,026-8679727-9169103,AMAZON,B08B1MSFTT,,CLTGBS+LSFT4HGBS+SFCRGBS,1,20.88,15.89,2026-03-07 12:51:08,amazon Dcvoltage,true
811550000000,026-0944791-4289943,AMAZON,B07L9V6L4Y,,CL3RGDAPK,1,22.99,22.99,2026-03-07 13:05:14,amazon Dcvoltage,true
811560000000,026-9971801-8489101,AMAZON,B0CTSTBDXV,,LSMS320BD+RPR44WH,1,14.99,,2026-03-07 13:20:16,amazon Dcvoltage,true
811570000000,204-2094997-1405956,AMAZON,B0CTC7XPNX,,CRSF100BM+LHNSE27YB+SCRN70BM+LSFT220BG,1,20.79,20.79,2026-03-07 13:30:42,amazon Dcvoltage,true
811580000000,206-7040481-9437146,AMAZON,B08X9WZXK1,,PSDS4BMRBM,1,14.07,,2026-03-07 14:05:30,amazon Dcvoltage,true
811590000000,205-6138027-1602748,AMAZON,B0C7GK1BRT,,ENC5170,2,44.96,49.96,2026-03-07 14:53:53,amazon Dcvoltage,true
811600000000,206-2965401-3469938,AMAZON,B08VGPPQ48,,LSCY290GY+RPR44WH,1,15.49,15.49,2026-03-07 15:18:39,amazon Dcvoltage,true
811610000000,205-2816493-2785958,AMAZON,B08V5RPGD1,,CRSF100BC+PHCH1PBRBC+LSCY290BC,1,18.89,18.89,2026-03-07 15:28:46,amazon Dcvoltage,true
811620000000,202-7132620-5644364,AMAZON,B0CXSS7XYX,,LSCY290WH2PK+RPR44WH2PK,1,25.89,25.89,2026-03-07 16:58:42,amazon Dcvoltage,true
811630000000,205-6030194-4141157,AMAZON,B0CPBWRQKP,,LSCY290CO+RPR44WH,1,22.88,17.89,2026-03-07 17:11:08,amazon Dcvoltage,true
811640000000,026-8252376-1156350,AMAZON,B07CWFSGB3,,IP20 12V 360W,1,19.99,19.99,2026-03-07 17:20:19,amazon Dcvoltage,true
811650000000,026-4247283-2365137,AMAZON,B0DFHMC949,,LSCY290BI+RPR44WH-,1,15.29,15.29,2026-03-07 17:43:08,amazon Dcvoltage,true
811660000000,026-9086030-7996347,AMAZON,B08VGP666V,,LSCY290WH+RPR44WH,1,15.79,15.79,2026-03-07 18:16:00,amazon Dcvoltage,true
811670000000,206-0213728-1857931,AMAZON,B07ZFWL5T1,,CRFF100GB+LHNSE27GB,1,13.89,13.89,2026-03-07 18:50:53,amazon Dcvoltage,true
811680000000,206-8524820-7399529,AMAZON,B0CGRJ1V8L,,TPOSBDBM,1,24.69,,2026-03-07 19:25:24,amazon Dcvoltage,true
811690000000,206-4495172-6473924,AMAZON,B0DFHMDZYQ,,LSCY290NB+RPR44WH,1,15.79,15.79,2026-03-07 19:36:44,amazon Dcvoltage,true
811700000000,205-6104244-5957905,AMAZON,B0C7C8LWY9,,LSCY290NB+RPR44WH,1,15.79,15.79,2026-03-07 19:58:51,amazon Dcvoltage,true
811710000000,026-3455655-6262752,AMAZON,B08KGJT4DP,,CL3THE5PK,1,15.69,15.69,2026-03-07 20:11:32,amazon Dcvoltage,true
811720000000,205-0687496-8069954,AMAZON,B0CBPQVC6K,,WCB4WH2PK+RPR44WH2PK,1,16.59,16.59,2026-03-07 20:19:00,amazon Dcvoltage,true
811730000000,203-6105776-1100321,AMAZON,B0CGRJ1V8L,,TPOSBDBM,1,24.69,24.69,2026-03-07 20:23:35,amazon Dcvoltage,true
811740000000,205-3602898-6336328,AMAZON,B08VGRJM38,,LSCY290BS+RPR44WH,1,15.39,15.39,2026-03-07 21:05:21,amazon Dcvoltage,true
811750000000,026-6401017-4757934,AMAZON,B0DH9BSF4C,,CL3TBM5PK,1,14.09,14.09,2026-03-07 21:28:41,amazon Dcvoltage,true
811760000000,206-0464570-4677925,AMAZON,B08KGJT4DP,,CL3THE5PK,1,15.69,,2026-03-07 21:44:53,amazon Dcvoltage,true
811770000000,026-5058787-9973117,AMAZON,B07CS22K8L,,12IP6720,1,10.19,10.19,2026-03-07 22:10:50,amazon Dcvoltage,true
811780000000,205-3791358-5813955,AMAZON,B0D6VM1XGC,,ENC7385,1,41.69,41.69,2026-03-07 22:18:44,amazon Dcvoltage,true
811790000000,203-4101527-4027557,AMAZON,B0DH629QP2,,CL2TGLAPK,1,18.29,,2026-03-07 22:20:38,amazon Dcvoltage,true
811800000000,206-4159372-6099541,AMAZON,B07L8HKFZH,,CL3TAG5PK APK,1,13.49,,2026-03-07 22:54:21,amazon Dcvoltage,true
811810000000,026-8691131-1096334,AMAZON,B0CTTFPLLV,,LSMS320BI+RPR44WH,1,14.99,14.99,2026-03-07 23:09:45,amazon Dcvoltage,true
811820000000,026-4785656-3637142,AMAZON,B0F9X1G8Y2,,CL3TGDAPK,1,20.89,20.89,2026-03-07 06:46:16,amazon Ledsone,true
811830000000,205-2576417-9941929,AMAZON,B072R5FSMB,,12IP20300,1,17.99,17.99,2026-03-07 07:46:31,amazon Ledsone,true
811840000000,205-7096434-1516359,AMAZON,B0B9Y9F73N,,CL3TIV5PK,1,13.89,13.89,2026-03-07 08:26:52,amazon Ledsone,true
811850000000,026-6382076-1993922,AMAZON,B0C7CXCV4K,,CNP1000FG3PK,1,13.89,13.89,2026-03-07 11:23:10,amazon Ledsone,true
811860000000,202-7999309-1144328,AMAZON,B0B4K5THS1,,PSDS4BMRRO_MAN,1,13.95,13.95,2026-03-07 12:05:15,amazon Ledsone,true
811870000000,202-7999309-1144328,AMAZON,B0B4KBGPV6,,PSDS4BMRBW,1,13.95,13.95,2026-03-07 12:05:15,amazon Ledsone,true
811880000000,206-5754187-6964318,AMAZON,B0FP4WWXBH,,CRSF100BM+LHNSE27BM+LSCY290BG,1,23.79,23.79,2026-03-07 12:18:01,amazon Ledsone,true
811890000000,026-0627137-5864361,AMAZON,B0DXQB7T3C,,LSCY290GY2PK+RPR44WH2PK,1,27.29,27.29,2026-03-07 12:25:13,amazon Ledsone,true
811900000000,206-4890878-3543515,AMAZON,B0B9Y9F73N,,CL3TIV5PK,1,13.89,13.89,2026-03-07 14:44:48,amazon Ledsone,true
811910000000,205-0182025-7589905,AMAZON,B0CW5RLSQL,,CRFF105GB2PK+HK10GB2PK,1,13.79,13.79,2026-03-07 16:28:04,amazon Ledsone,true
811920000000,203-7529451-4512355,AMAZON,B0B9YNKP23,,CL3TLB5PK,1,13.79,13.79,2026-03-07 16:32:29,amazon Ledsone,true
811930000000,205-7771153-4350712,AMAZON,B0CCHYTRLV,,SPSDP2WH6PK,1,21.79,21.79,2026-03-07 16:57:50,amazon Ledsone,true
811940000000,202-9311357-5765911,AMAZON,B0F2919THD,,LSCY290CO+RPR44WH,1,18.19,,2026-03-07 17:06:23,amazon Ledsone,true
811950000000,026-6740966-1834753,AMAZON,B0BWK7RQ27,,PLTYRR+ICST64E27,1,19.49,19.49,2026-03-07 17:27:43,amazon Ledsone,true
811960000000,203-3924476-6677968,AMAZON,B0F291VKCF,,LSCY290RE+RPR44WH,1,14.89,14.89,2026-03-07 19:18:36,amazon Ledsone,true
811970000000,203-4964738-1889152,AMAZON,B083TNFR73,,LDMST64E278pck3,1,14.79,14.79,2026-03-07 20:30:26,amazon Ledsone,true
811980000000,026-8081180-4369151,AMAZON,B0BBS81CB8,,CL3TGYAPK,1,21.69,21.69,2026-03-07 21:32:58,amazon Ledsone,true
811990000000,206-0564321-5872329,AMAZON,B0CBKGJFPJ,,PHSF2GDTFG+SPSDP2YB+ICST64E27,1,17.79,17.79,2026-03-07 21:38:48,amazon Ledsone,true
812000000000,205-9169813-3269959,AMAZON,B094R3M2DC,,PLADBM,1,43.89,,2026-03-07 23:00:02,amazon Ledsone,true
812010000000,206-5540150-2673933,AMAZON,B0BBS5YWRL,,CL3TGLAPK,2,41.21,,2026-03-07 23:43:30,amazon Ledsone,true
813790000000,202-4387177-3621163,AMAZON,B08KGJT4DP,,CL3THE5PK,1,15.69,15.69,2026-03-08 09:23:06,amazon Dcvoltage,true
813800000000,204-1689514-8019529,AMAZON,B0CRZ25PXP,,LSCY290BC,1,15.89,15.89,2026-03-08 09:25:48,amazon Dcvoltage,true
813810000000,205-6571779-5290768,AMAZON,B0CTT2G3B5,,LSMS320BU+RPR44WH,1,14.99,,2026-03-08 10:33:42,amazon Dcvoltage,true
813820000000,203-8111812-4772321,AMAZON,B0CS9Q78XH,,LSCY210BG2PK+RPR44WH2PK,1,21.49,21.49,2026-03-08 10:35:45,amazon Dcvoltage,true
813830000000,203-6101420-1433934,AMAZON,B0CTT2G3B5,,amzn.gr.LSMS320BU_RPR44WH_AMD-3yZAp_y-VG,1,0.60,,2026-03-08 11:05:47,amazon Dcvoltage,true
813840000000,204-6943819-4658742,AMAZON,B07F9SH71F,,LDMG95E274,1,5.40,5.40,2026-03-08 11:55:35,amazon Dcvoltage,true
813850000000,026-0828733-6209968,AMAZON,B0CJ4R5796,,amzn.gr.LSMCSQWYBL_AMD-yUYTSwJmqU3aTP-LN,1,1.04,,2026-03-08 13:03:25,amazon Dcvoltage,true
813860000000,206-6280238-8456314,AMAZON,B07F9SH71F,,LDMG95E274,1,5.40,5.40,2026-03-08 13:05:18,amazon Dcvoltage,true
813870000000,026-9685404-9645923,AMAZON,B09644RJ2Q,,CRFF500BM+PHCH1BMRBM3PK+LSCY210BG3PKAM,1,40.89,40.89,2026-03-08 13:15:54,amazon Dcvoltage,true
813890000000,202-4719154-1476305,AMAZON,B0D5711PRY,,WCB6BM2PK+RPR44WH2PK,1,15.89,15.89,2026-03-08 15:18:24,amazon Dcvoltage,true
813900000000,203-0398102-2023516,AMAZON,B07CJHL38X,,12IP20360,1,17.99,17.99,2026-03-08 15:33:15,amazon Dcvoltage,true
813910000000,026-8719346-8811514,AMAZON,B0CZLDL8DQ,,LSSS300RO2PK+RPR44WH2PK,1,22.89,22.89,2026-03-08 16:07:29,amazon Dcvoltage,true
813920000000,026-7873498-9557155,AMAZON,B07CJHL38X,,12IP20360,1,17.99,17.99,2026-03-08 16:28:14,amazon Dcvoltage,true
813930000000,204-5483139-5009933,AMAZON,B08KGJT4DP,,CL3THE5PK,1,15.69,15.69,2026-03-08 17:02:03,amazon Dcvoltage,true
813940000000,206-3924175-3260346,AMAZON,B0CPBWRQKP,,LSCY290CO+RPR44WH,1,17.89,17.89,2026-03-08 17:13:29,amazon Dcvoltage,true
813950000000,202-0857450-4999513,AMAZON,B0BWJWGXD4,,LSCY210BG+RPR44WH,1,12.49,,2026-03-08 17:25:48,amazon Dcvoltage,true
813960000000,206-8462406-0542708,AMAZON,B0CTSTBDXV,,LSMS320BD+RPR44WH,1,14.99,,2026-03-08 18:05:15,amazon Dcvoltage,true
813970000000,203-6609295-2907549,AMAZON,B0F48K41L6,,RWWPSY10100YE,1,9.99,9.99,2026-03-08 19:15:42,amazon Dcvoltage,true
813980000000,203-9697023-3935545,AMAZON,B0CZLDKF3Z,,LSSS300GB2PK+RPR44WH2PK,1,23.99,23.99,2026-03-08 19:37:58,amazon Dcvoltage,true
813990000000,204-1525795-1879525,AMAZON,B0DH9DJQKQ,,CL3THE5PK,1,11.99,11.99,2026-03-08 19:57:57,amazon Dcvoltage,true
814000000000,026-1089903-9985130,AMAZON,B0CZNTPXYD,,LSSS300YB2PK+RPR44WH2PK,1,24.79,24.79,2026-03-08 20:34:24,amazon Dcvoltage,true
814010000000,205-1477673-6195545,AMAZON,B0D2TCJKT7,,LSCY290OR2PK+RPR44WH2PK,1,28.88,23.89,2026-03-08 20:46:58,amazon Dcvoltage,true
814020000000,206-4676278-6109945,AMAZON,B0CS9PS8J3,,LSCY210BG3PK+RPR44WH3PK,1,27.51,27.51,2026-03-08 22:17:14,amazon Dcvoltage,true
814030000000,026-1692624-7840351,AMAZON,B0CZ9FPLB7,,LSMS320GR2PK+RPR44WH2PK,1,25.09,,2026-03-08 22:21:39,amazon Dcvoltage,true
814040000000,205-5073580-0642761,AMAZON,B07CVXRPPZ,,12IP67150,1,19.99,19.99,2026-03-08 22:35:44,amazon Dcvoltage,true
814050000000,026-5132155-0498756,AMAZON,B0D5711PRY,,WCB6BM2PK+RPR44WH2PK,1,15.89,15.89,2026-03-08 23:14:52,amazon Dcvoltage,true
814060000000,202-6514486-9733160,AMAZON,B0BB3NVM9D,,CL2RGD5PK,1,13.89,13.89,2026-03-08 09:13:42,amazon Ledsone,true
814070000000,202-8680670-5761140,AMAZON,B094DN1XL1,,amzn.gr.PLADBC_AM-LVlI5WlKaYGlA5VLJ9t-LN,1,42.38,42.38,2026-03-08 10:07:09,amazon Ledsone,true
814080000000,203-4363120-1168365,AMAZON,B09HV88XVH,,amzn.gr.CRFF500BM_PHHT1PBRRO3P-d3wqEh-VG,1,38.89,38.89,2026-03-08 10:51:23,amazon Ledsone,true
814090000000,205-4148569-0164343,AMAZON,B0B77GF35H,,CRFF108CH2PK+HK10CH2PK,1,11.79,11.79,2026-03-08 11:45:54,amazon Ledsone,true
814110000000,203-8272559-6064332,AMAZON,B0C2CXYHRL,,ENC1917,1,16.85,16.85,2026-03-08 12:44:44,amazon Ledsone,true
814120000000,203-8294884-4742701,AMAZON,B09C2D484C,,ENC1289,1,20.83,22.72,2026-03-08 18:05:14,amazon Ledsone,true
814130000000,203-5250830-9722714,AMAZON,B0F28YR5JN,,LSCY290NB+RPR44WH,1,15.99,15.99,2026-03-08 18:06:25,amazon Ledsone,true
814150000000,205-4254715-7505157,AMAZON,B0BBS6B82P,,CL3TBMAPK,2,45.39,47.38,2026-03-08 19:17:33,amazon Ledsone,true
814160000000,206-1230185-3721916,AMAZON,B0DXPCJVCN,,LSDO210BM2PK+RPR44WH2PK,1,17.79,17.79,2026-03-08 19:36:41,amazon Ledsone,true
814170000000,202-5981628-9293101,AMAZON,B0CCHXR4X2,,SPSDP2WH3PK,1,14.09,14.09,2026-03-08 20:04:42,amazon Ledsone,true
814180000000,026-0957615-5213143,AMAZON,B09HSB7NBL,,amzn.gr.CL2TGD5PK_AM-jrnwG8-1yUC_BAoM-LN,1,11.89,11.89,2026-03-08 20:49:45,amazon Ledsone,true
815470000000,204-6939081-3809112,AMAZON,B07L8HQG6Y,,CL3TGD5PK,1,13.99,13.99,2026-03-09 01:13:09,amazon Dcvoltage,true
815480000000,204-5251675-6021969,AMAZON,B0CS9PS8J3,,LSCY210BG3PK+RPR44WH3PK,1,27.51,27.51,2026-03-09 01:30:12,amazon Dcvoltage,true
815490000000,202-3825772-6821140,AMAZON,B0D5BFGM4G,,LSMS320WH2PK+RPR44WH2PK,1,24.11,26.79,2026-03-09 07:02:39,amazon Dcvoltage,true
815500000000,205-6786947-8704306,AMAZON,B08X9Z14CG,,PSDS4BMRGY,3,40.10,,2026-03-09 08:29:38,amazon Dcvoltage,true
815510000000,026-8068550-3633958,AMAZON,B08V8C19VZ,,CRSF100BM+PHSH1PBRBM+LSMS320BT,1,18.79,18.79,2026-03-09 09:33:25,amazon Dcvoltage,true
815520000000,203-6270135-1041159,AMAZON,B07CVCT7XN,,LDMG95E278,2,12.60,12.60,2026-03-09 10:08:45,amazon Dcvoltage,true
815530000000,026-0264749-2641100,AMAZON,B07PM5144C,,CL2RCR5PK,1,10.79,10.79,2026-03-09 10:15:43,amazon Dcvoltage,true
815540000000,026-1247190-0702719,AMAZON,B0DFHMDZYQ,,LSCY290NB+RPR44WH,1,16.19,16.19,2026-03-09 10:22:24,amazon Dcvoltage,true
815550000000,205-6964930-8595519,AMAZON,B08V5C7BXW,,CRSF100WH+PHCH1PWRSWH+LSCY290WH,1,18.89,18.89,2026-03-09 11:10:17,amazon Dcvoltage,true
815560000000,206-2207946-9657168,AMAZON,B0CTTFPLLV,,LSMS320BI+RPR44WH,1,14.99,14.99,2026-03-09 11:53:12,amazon Dcvoltage,true
815570000000,026-8355260-7313937,AMAZON,B0CTTFPLLV,,LSMS320BI+RPR44WH,1,14.99,14.99,2026-03-09 11:54:52,amazon Dcvoltage,true
815580000000,205-9926227-2932322,AMAZON,B07F9SH71F,,LDMG95E274,1,5.40,5.40,2026-03-09 13:15:34,amazon Dcvoltage,true
815590000000,204-9905962-0688300,AMAZON,B07DKBSBG4,,LDMT185E274,1,6.15,6.15,2026-03-09 15:02:34,amazon Dcvoltage,true
815600000000,204-5954842-0183562,AMAZON,B0CJ4R5796,,LSMCSQWYBL,1,20.89,20.89,2026-03-09 15:27:07,amazon Dcvoltage,true
815610000000,203-8505817-8218732,AMAZON,B0CXT2NJD9,,LSMS320YE2PK+RPR44WH2PK,1,0.00,,2026-03-09 15:34:30,amazon Dcvoltage,true
815620000000,203-8505817-8218732,AMAZON,B0D5BFMF7Z,,LSMS320RE2PK+RPR44WH2PK,1,0.00,,2026-03-09 15:34:30,amazon Dcvoltage,true
815630000000,206-6998646-2721142,AMAZON,B0BNW2P8GV,,CRSF100BM+LHNSE27YB+SCRN70BS+LSWD360BSXA,2,46.60,,2026-03-09 17:01:21,amazon Dcvoltage,true
815640000000,026-0247167-2279577,AMAZON,B07F9SH71F,,LDMG95E274,1,5.40,,2026-03-09 17:38:27,amazon Dcvoltage,true
815650000000,026-7646240-8059524,AMAZON,B07PM5144C,,CL2RCR5PK,1,10.61,10.61,2026-03-09 17:43:18,amazon Dcvoltage,true
815660000000,026-7646240-8059524,AMAZON,B07PM5KN1T,,CL3TGL5PK,1,14.59,14.59,2026-03-09 17:43:18,amazon Dcvoltage,true
815670000000,205-8247926-9197150,AMAZON,B0CB8D5MMC,,LSMS320GY+RPR44WH,1,14.99,14.99,2026-03-09 17:48:16,amazon Dcvoltage,true
815680000000,205-5868536-1370757,AMAZON,B0CTTFPLLV,,LSMS320BI+RPR44WH,1,14.99,14.99,2026-03-09 18:46:51,amazon Dcvoltage,true
815690000000,026-7909693-1038735,AMAZON,B0CSPDC2PX,,ENC6087,1,26.89,26.89,2026-03-09 18:46:59,amazon Dcvoltage,true
815700000000,026-0551952-7241108,AMAZON,B0FR738SKW,,PHSF2BMTBM3PK+ICST64E273PK,1,40.89,40.89,2026-03-09 18:49:36,amazon Dcvoltage,true
815710000000,026-9208741-1718714,AMAZON,B096FPKPNQ,,ENC685,1,48.50,,2026-03-09 19:51:15,amazon Dcvoltage,true
815720000000,206-3814792-1481111,AMAZON,B07L8GPT85,,CL3TGY5PK,1,13.79,,2026-03-09 20:41:28,amazon Dcvoltage,true
815730000000,202-1460044-7450711,AMAZON,B0CJ4R5796,,LSMCSQWYBL,1,20.89,,2026-03-09 23:22:37,amazon Dcvoltage,true
815740000000,205-6661222-1433939,AMAZON,B0965HZJGN,,ENC686,1,50.89,50.89,2026-03-09 23:54:27,amazon Dcvoltage,true
815750000000,026-8943380-6723551,AMAZON,B094R3M2DC,,PLADBM,1,43.89,43.89,2026-03-09 00:56:57,amazon Ledsone,true
815760000000,204-4072741-8087501,AMAZON,B0CHRVWSBM,,CL3RBM5PK,1,11.99,11.99,2026-03-09 06:45:36,amazon Ledsone,true
815770000000,205-6034803-4288319,AMAZON,B083TNFR73,,LDMST64E278pck3,1,14.79,14.79,2026-03-09 08:21:37,amazon Ledsone,true
815780000000,205-1550831-3079568,AMAZON,B0F8ML4W33,,ENC8743,1,32.89,32.89,2026-03-09 08:50:00,amazon Ledsone,true
815790000000,203-8085925-7462740,AMAZON,B0C3ZTBRHZ,,LSCY290BM+RPR44WH,1,15.29,15.29,2026-03-09 09:21:50,amazon Ledsone,true
815800000000,206-1954277-6247562,AMAZON,B0C3ZTBRHZ,,LSCY290BM+RPR44WH,1,15.29,,2026-03-09 09:42:14,amazon Ledsone,true
815810000000,204-5623355-1471536,AMAZON,B095Z3GZFK,,CRFF500BM+PHRI1PBRYB3PK+LSFT220BM3PK,1,36.89,36.89,2026-03-09 09:44:53,amazon Ledsone,true
815820000000,204-4916046-4608302,AMAZON,B0B4BG19YY,,PSDS2BMRBM,1,13.89,13.89,2026-03-09 10:42:13,amazon Ledsone,true
815830000000,206-5517759-1433914,AMAZON,B0DXQ727KG,,LSCY290RE2PK+RPR44WH2PK,1,25.89,25.89,2026-03-09 11:04:22,amazon Ledsone,true
815840000000,206-6052223-7798746,AMAZON,B0F7QWMBLY,,CL3TGLAPK,1,19.69,19.69,2026-03-09 11:18:33,amazon Ledsone,true
815850000000,205-4311180-8044360,AMAZON,B0CWPCJV6S,,WCWODSBM2PK+RPR44WH2PK,1,17.99,17.99,2026-03-09 12:17:00,amazon Ledsone,true
815860000000,202-1613612-6955547,AMAZON,B0CW5RLSQL,,CRFF105GB2PK+HK10GB2PK,1,13.79,13.79,2026-03-09 13:39:07,amazon Ledsone,true
815880000000,202-5289105-2491552,AMAZON,B0CW5RLSQL,,CRFF105GB2PK+HK10GB2PK,1,13.79,13.79,2026-03-09 14:05:13,amazon Ledsone,true
815890000000,204-4713949-7877969,AMAZON,B0BLZHCRGZ,,LDMG95E2746PK,1,24.59,24.59,2026-03-09 14:20:40,amazon Ledsone,true
815900000000,203-3227343-5010721,AMAZON,B0CBCN1B9S,,CRFF500BM+PHCH1BMRBM3PK+LSCY210BG3PK+IC,1,46.69,46.69,2026-03-09 14:40:08,amazon Ledsone,true
815910000000,203-6651196-0961963,AMAZON,B0BBS1R9DM,,CL3TBDAPK,1,19.69,19.69,2026-03-09 15:56:55,amazon Ledsone,true
815920000000,205-1436306-2109956,AMAZON,B0CDWVF7VV,,PSHYOS4WRWH,1,14.19,14.19,2026-03-09 16:49:32,amazon Ledsone,true
815930000000,205-0034918-8574718,AMAZON,B0B4KBGPV6,,PSDS4BMRBW,1,14.07,14.07,2026-03-09 17:56:45,amazon Ledsone,true
815940000000,203-8784070-4222748,AMAZON,B0F43VK2KY,,LSCY290CO+RPR44WH,1,16.89,16.89,2026-03-09 18:19:17,amazon Ledsone,true
815950000000,203-5268306-9441969,AMAZON,B0B9SF386M,,CL2TWH5PK,1,13.69,13.69,2026-03-09 19:24:52,amazon Ledsone,true
815960000000,204-2040840-6351528,AMAZON,B0F291VKCF,,LSCY290RE+RPR44WH,1,14.89,14.89,2026-03-09 20:50:50,amazon Ledsone,true
815980000000,026-3958355-2401151,AMAZON,B0CFVCM4Z5,,PSOS4BMTHE+ICST64E27,1,19.59,19.59,2026-03-09 21:25:13,amazon Ledsone,true
815990000000,204-7879839-4175501,AMAZON,B0FH337XY7,,PLADBC,1,49.76,49.76,2026-03-09 21:38:29,amazon Ledsone,true
816010000000,206-7742080-1170741,AMAZON,B0B77GF35H,,CRFF108CH2PK+HK10CH2PK,1,11.79,11.79,2026-03-09 22:06:27,amazon Ledsone,true
816020000000,204-1260854-0514714,AMAZON,B0F7QNZ95S,,ENC8614,1,36.69,,2026-03-09 22:07:25,amazon Ledsone,true
816030000000,204-2962566-1388332,AMAZON,B0C3ZTBRHZ,,LSCY290BM+RPR44WH,1,15.29,15.29,2026-03-09 22:10:32,amazon Ledsone,true
816040000000,204-1644038-3258739,AMAZON,B08638WV4N,,PHSF1AGTGB,1,16.79,16.79,2026-03-09 22:58:25,amazon Ledsone,true
816050000000,026-5507509-3697146,AMAZON,B0CCJ2NWRP,,SPSDP2BM5PK,1,17.89,17.89,2026-03-09 22:59:36,amazon Ledsone,true
817830000000,202-0568189-7680347,AMAZON,B0D5711PRY,,WCB6BM2PK+RPR44WH2PK,1,15.89,15.89,2026-03-10 03:53:41,amazon Dcvoltage,true
817840000000,205-3163882-6752319,AMAZON,B0CXSQZ68C,,LSCY290BD2PK+RPR44WH2PK,2,51.78,,2026-03-10 09:03:08,amazon Dcvoltage,true
817850000000,026-0671760-6337111,AMAZON,B0D6B5DGFC,,SPSDP2BM3PK,1,12.49,12.49,2026-03-10 10:56:41,amazon Dcvoltage,true
817860000000,203-8239301-6282705,AMAZON,B0BZ4YPVXF,,ENC1292,1,20.89,,2026-03-10 11:08:40,amazon Dcvoltage,true
817870000000,026-2407876-5816313,AMAZON,B08X9WV762,,PSDS4BMRBU,1,14.89,14.89,2026-03-10 11:26:32,amazon Dcvoltage,true
817880000000,204-5274277-2758718,AMAZON,B07PM6VXCG,,CL3TBK5PK,1,13.01,13.01,2026-03-10 11:28:03,amazon Dcvoltage,true
817890000000,026-9288700-2122733,AMAZON,B0CH39MWRF,,WSOSBDBM,1,20.59,20.59,2026-03-10 12:28:54,amazon Dcvoltage,true
817900000000,203-1529150-9116368,AMAZON,B0DH9DJQKQ,,CL3THE5PK,1,11.99,11.99,2026-03-10 13:00:07,amazon Dcvoltage,true
817910000000,026-6068817-1301140,AMAZON,B0CS9PS8J3,,LSCY210BG3PK+RPR44WH3PK,1,27.51,27.51,2026-03-10 15:00:18,amazon Dcvoltage,true
817920000000,026-6012260-5021152,AMAZON,B0CS9Q78XH,,LSCY210BG2PK+RPR44WH2PK,1,21.49,21.49,2026-03-10 15:17:20,amazon Dcvoltage,true
817930000000,205-6907836-8573114,AMAZON,B0CKWLS9WR,,CL3RHE5PK,1,13.09,13.09,2026-03-10 16:22:45,amazon Dcvoltage,true
817940000000,206-1747839-2219536,AMAZON,B0CNZ21Z3Z,,ENC4304,2,61.18,,2026-03-10 16:23:15,amazon Dcvoltage,true
817950000000,205-9177078-5532310,AMAZON,B08V8XSXKB,,CRSF100BM+PHSH1PBRBM+LSMS320BI,2,35.38,,2026-03-10 16:40:48,amazon Dcvoltage,true
817960000000,026-0078155-2937126,AMAZON,B0DGPZBHVT,,LDMG95B2283PK,1,16.22,16.22,2026-03-10 17:00:36,amazon Dcvoltage,true
817970000000,205-4491062-2042720,AMAZON,B0CKWLQZ83,,CL3RBD5PK,1,12.89,12.89,2026-03-10 17:14:11,amazon Dcvoltage,true
817980000000,203-1660815-5591526,AMAZON,B0CJ4R5796,,LSMCSQWYBL,1,20.89,20.89,2026-03-10 17:34:38,amazon Dcvoltage,true
817990000000,026-7174302-2079564,AMAZON,B0CKWMJ9YL,,CL3RBW5PK,1,12.99,12.99,2026-03-10 18:33:37,amazon Dcvoltage,true
818000000000,203-6075252-2425102,AMAZON,B0CSNHHK98,,ENC7630,1,30.89,30.89,2026-03-10 18:52:24,amazon Dcvoltage,true
818010000000,202-3096248-8969949,AMAZON,B08TLRK8PT,,ENC773,1,25.88,,2026-03-10 19:09:24,amazon Dcvoltage,true
818020000000,202-7386513-7737160,AMAZON,B0CYZWJ7WJ,,LSCY290CH2PK+RPR44WH2PK,1,26.89,26.89,2026-03-10 19:15:18,amazon Dcvoltage,true
818030000000,203-5025002-5728313,AMAZON,B07PM6VXCG,,CL3TBK5PK,1,13.01,,2026-03-10 20:13:58,amazon Dcvoltage,true
818040000000,204-7950198-8291564,AMAZON,B0C7BZ5756,,LSCY290GC+RPR44WH,1,15.49,15.49,2026-03-10 20:20:53,amazon Dcvoltage,true
818050000000,206-9226761-9933904,AMAZON,B0BWJWGXD4,,LSCY210BG+RPR44WH,1,12.49,,2026-03-10 20:30:31,amazon Dcvoltage,true
818060000000,026-5400829-0413920,AMAZON,B0CYZWJ7WJ,,LSCY290CH2PK+RPR44WH2PK,1,26.89,26.89,2026-03-10 21:01:57,amazon Dcvoltage,true
818070000000,202-4703923-0981941,AMAZON,B0CZNNRGMB,,LSSS300GR2PK+RPR44WH2PK,1,23.49,23.49,2026-03-10 21:05:06,amazon Dcvoltage,true
818080000000,204-5156724-0853134,AMAZON,B0CTTFPLLV,,LSMS320BI+RPR44WH,1,14.99,14.99,2026-03-10 21:15:31,amazon Dcvoltage,true
818090000000,206-7364521-7055509,AMAZON,B0D5BFGM4G,,LSMS320WH2PK+RPR44WH2PK,1,0.00,,2026-03-10 21:17:54,amazon Dcvoltage,true
818100000000,206-7364521-7055509,AMAZON,B0D5BFHKBN,,LSMS320GY2PK+RPR44WH2PK,1,0.00,,2026-03-10 21:17:54,amazon Dcvoltage,true
818110000000,202-9722081-2849951,AMAZON,B0CKWK8TNJ,,CL3RCR5PK,1,12.49,,2026-03-10 21:19:24,amazon Dcvoltage,true
818120000000,206-9084949-6855536,AMAZON,B0D6B5DGFC,,SPSDP2BM3PK,1,12.49,,2026-03-10 21:32:28,amazon Dcvoltage,true
818130000000,206-1391309-7569968,AMAZON,B07F9SH71F,,LDMG95E274,1,5.40,5.40,2026-03-10 22:17:36,amazon Dcvoltage,true
818140000000,202-7785815-2524318,AMAZON,B0CYZVX28V,,LSCY290CO2PK+RPR44WH2PK,1,29.39,,2026-03-10 22:36:30,amazon Dcvoltage,true
818150000000,026-7514841-8899529,AMAZON,B0CPBX49HJ,,amzn.gr.LSCY290GN_RPR44WH_DC-1W-LELp5-LN,1,14.13,14.13,2026-03-10 22:58:05,amazon Dcvoltage,true
818160000000,205-6093833-2933127,AMAZON,B0B9Y7SRPV,,CL3TWH5PK,1,14.09,14.09,2026-03-10 00:00:52,amazon Ledsone,true
818170000000,202-9314375-7872310,AMAZON,B0C3ZT3VR1,,LSCY290BD+RPR44WH,1,14.14,14.77,2026-03-10 05:21:10,amazon Ledsone,true
818180000000,204-6853218-6943544,AMAZON,B0DXQ7LC8N,,LSCY290GR2PK+RPR44WH2PK,1,24.89,24.89,2026-03-10 07:47:53,amazon Ledsone,true
818190000000,202-5943195-5945901,AMAZON,B0F7QPMBCH,,CL2TGLAPK,1,19.39,19.39,2026-03-10 08:18:25,amazon Ledsone,true
818200000000,205-2511253-7778767,AMAZON,B09ZQH9GSB,,LHCCE27WH4PK,1,18.49,18.49,2026-03-10 08:52:12,amazon Ledsone,true
818210000000,026-1717592-9675522,AMAZON,B0F2919CBQ,,LSCY290AA+RPR44WH,1,15.89,15.89,2026-03-10 09:19:46,amazon Ledsone,true
818220000000,206-8328485-8612343,AMAZON,B07PSPC8GB,,CL2RBMAPK,2,33.32,34.78,2026-03-10 10:34:02,amazon Ledsone,true
818230000000,205-8256088-1316321,AMAZON,B0CBMQZ8P6,,PHSF2BMRBM+SPSDP2BM,1,17.64,12.65,2026-03-10 11:38:14,amazon Ledsone,true
818240000000,202-6919767-2727529,AMAZON,B0D7ZTRLBH,,LSCY290BM2PK+RPR44WH2PK,1,24.59,24.59,2026-03-10 12:09:39,amazon Ledsone,true
818250000000,204-9658043-0617105,AMAZON,B0D298QXXM,,LSCY290GY2PK+RPR44WH2PK,1,27.97,27.97,2026-03-10 12:28:49,amazon Ledsone,true
818260000000,204-9007463-8493925,AMAZON,B0CHRVWSBM,,CL3RBM5PK,1,11.67,,2026-03-10 12:39:51,amazon Ledsone,true
818270000000,206-8328242-3961166,AMAZON,B0CCHYH7YT,,SPSDP2SN5PK,1,18.79,18.79,2026-03-10 14:25:37,amazon Ledsone,true
818280000000,203-8635795-3932358,AMAZON,B0DG2DZJ6V,,ENC7619,1,31.89,31.89,2026-03-10 14:36:33,amazon Ledsone,true
818290000000,202-3591062-6105127,AMAZON,B0DX1C6274,,LHSHE27CO3PK,1,17.59,17.59,2026-03-10 15:32:20,amazon Ledsone,true
818300000000,204-8709715-5266729,AMAZON,B0B4K6KG4F,,PSDS4BMRBR,1,14.07,,2026-03-10 15:34:22,amazon Ledsone,true
818310000000,204-8485452-3258707,AMAZON,B0B82W84F2,,PHSF1AGRGB,1,11.09,11.09,2026-03-10 15:44:17,amazon Ledsone,true
818320000000,026-3361037-3116312,AMAZON,B0DPQFRMCD,,ENC7893,2,81.08,81.08,2026-03-10 16:08:03,amazon Ledsone,true
818330000000,202-0680926-4377149,AMAZON,B0B82W84F2,,PHSF1AGRGB,1,10.53,11.00,2026-03-10 16:33:22,amazon Ledsone,true
818340000000,202-8886657-6412352,AMAZON,B0C3ZTBRHZ,,LSCY290BM+RPR44WH,1,12.99,12.99,2026-03-10 17:07:05,amazon Ledsone,true
818350000000,206-8323628-7823520,AMAZON,B0CDWVF7VV,,PSHYOS4WRWH,1,14.19,14.19,2026-03-10 17:50:32,amazon Ledsone,true
818360000000,205-8973663-7797949,AMAZON,B0C3ZT3VR1,,LSCY290BD+RPR44WH,1,14.89,14.89,2026-03-10 17:52:23,amazon Ledsone,true
818370000000,206-6166408-4334730,AMAZON,B0CCDKF18M,,WCB3B+RPR44WH,1,10.49,10.49,2026-03-10 18:08:12,amazon Ledsone,true
818380000000,202-5369180-2633934,AMAZON,B0CCHXR4X2,,SPSDP2WH3PK,1,14.09,14.09,2026-03-10 18:08:17,amazon Ledsone,true
818390000000,026-1038638-5341908,AMAZON,B08638WV4N,,PHSF1AGTGB,1,16.79,16.79,2026-03-10 18:35:19,amazon Ledsone,true
818400000000,026-2591273-1911521,AMAZON,B0BB371NGW,,amzn.gr.CL2RBM5PK_AM-aZW_UBphpLQ6akD2-GD,1,9.89,9.89,2026-03-10 19:00:44,amazon Ledsone,true
818410000000,204-8585600-4255505,AMAZON,B0CGRJ5PM4,,CRSF100BM+SPSPLBM+PHRNWP2RBM,1,13.59,,2026-03-10 19:22:01,amazon Ledsone,true
818420000000,202-6833323-8353156,AMAZON,B0D7ZTRLBH,,LSCY290BM2PK+RPR44WH2PK,1,24.59,24.59,2026-03-10 19:45:03,amazon Ledsone,true
818430000000,204-1646198-2337108,AMAZON,B0D7ZTRLBH,,LSCY290BM2PK+RPR44WH2PK,1,24.59,,2026-03-10 22:17:59,amazon Ledsone,true
820270000000,206-7717026-4688349,AMAZON,B0CTTFPLLV,,LSMS320BI+RPR44WH,1,14.99,14.99,2026-03-11 05:42:13,amazon Dcvoltage,true
820280000000,203-7134952-2148326,AMAZON,B0CKWMV3JZ,,CL3RBT5PK,1,12.49,12.49,2026-03-11 08:55:52,amazon Dcvoltage,true
820290000000,205-8833000-8265103,AMAZON,B0DMDV1BF9,,WCCYSP160BM2PK,1,19.89,,2026-03-11 09:51:50,amazon Dcvoltage,true
820300000000,203-6599849-5748332,AMAZON,B0DH9CY29Z,,CL3TGL5PK,1,14.89,14.89,2026-03-11 10:02:46,amazon Dcvoltage,true
820310000000,205-9507958-3627548,AMAZON,B07F9SH71F,,LDMG95E274,1,5.40,,2026-03-11 11:01:57,amazon Dcvoltage,true
820320000000,202-0498425-5702737,AMAZON,B0CJ4R5796,,LSMCSQWYBL,1,23.39,20.89,2026-03-11 12:04:54,amazon Dcvoltage,true
820330000000,203-8708327-7625957,AMAZON,B0D453YVGN,,PHSF2BMTBM+ICST64E27,1,15.55,,2026-03-11 12:18:49,amazon Dcvoltage,true
820340000000,203-5805064-8121964,AMAZON,B0FL767CVP,,PHSF2GYTCH2PK+ICST64E272PK,1,28.89,28.89,2026-03-11 12:23:23,amazon Dcvoltage,true
820350000000,204-4546435-4559566,AMAZON,B0DFHP411K,,LSCY290YE+RPR44WH,2,28.60,31.78,2026-03-11 13:21:07,amazon Dcvoltage,true
820360000000,202-0388138-8028318,AMAZON,B0DH9BSF4C,,CL3TBM5PK,1,14.09,14.09,2026-03-11 13:24:42,amazon Dcvoltage,true
820380000000,026-5711729-8448321,AMAZON,B07F9SH71F,,LDMG95E274,1,5.40,,2026-03-11 13:36:19,amazon Dcvoltage,true
820400000000,202-8700199-1274708,AMAZON,B0DH9DJQKQ,,CL3THE5PK,1,11.99,11.99,2026-03-11 13:56:28,amazon Dcvoltage,true
820410000000,205-6024132-6367533,AMAZON,B0D56YL7CS,,WCB6BC2PK+RPR44WH2PK,1,14.89,14.89,2026-03-11 14:04:35,amazon Dcvoltage,true
820420000000,202-4844407-6727562,AMAZON,B0CJ4R5796,,LSMCSQWYBL,1,18.80,20.89,2026-03-11 14:59:53,amazon Dcvoltage,true
820430000000,205-7514458-2880335,AMAZON,B0BWJWGXD4,,LSCY210BG+RPR44WH,1,12.49,12.49,2026-03-11 15:29:26,amazon Dcvoltage,true
820440000000,203-4674332-3689120,AMAZON,B0BWJWGXD4,,LSCY210BG+RPR44WH,1,12.49,12.49,2026-03-11 15:51:13,amazon Dcvoltage,true
820450000000,204-1590427-8961114,AMAZON,B07L8HQG6Y,,CL3TGD5PK,2,25.18,27.98,2026-03-11 15:59:14,amazon Dcvoltage,true
820460000000,206-9479052-4588318,AMAZON,B0F48K41L6,,RWWPSY10100YE,1,9.99,9.99,2026-03-11 17:29:11,amazon Dcvoltage,true
820470000000,205-6773769-8734734,AMAZON,B08Z7W3SYL,,CRSF100BM+PHUH1HETBM+LSHM300HE,1,32.89,32.89,2026-03-11 17:38:36,amazon Dcvoltage,true
820480000000,026-6785635-1624331,AMAZON,B0CH39MWRF,,WSOSBDBM,1,20.59,,2026-03-11 18:40:22,amazon Dcvoltage,true
820490000000,203-1740360-6782750,AMAZON,B07CSZ7YKC,,CL2TGDAPK,1,17.89,17.89,2026-03-11 18:42:23,amazon Dcvoltage,true
820500000000,203-7464871-4763561,AMAZON,B0CBPBQK1X,,WCB2BC2PK+RPR44WH2PK,1,15.99,15.99,2026-03-11 19:28:16,amazon Dcvoltage,true
820510000000,202-3890316-9485945,AMAZON,B0F48K41L6,,RWWPSY10100YE,1,9.99,,2026-03-11 19:51:10,amazon Dcvoltage,true
820520000000,205-8101797-3565928,AMAZON,B08X9WZXK1,,PSDS4BMRBM,1,12.66,14.07,2026-03-11 20:24:48,amazon Dcvoltage,true
820530000000,026-6070138-7689169,AMAZON,B0D5LRVWYD,,LSFT220BG2PK+RPR44WH2PK,1,22.89,22.89,2026-03-11 20:46:37,amazon Dcvoltage,true
820540000000,202-7714846-5900345,AMAZON,B0D453YVGN,,PHSF2BMTBM+ICST64E27,1,13.89,13.89,2026-03-11 21:10:39,amazon Dcvoltage,true
820550000000,204-9205929-9273913,AMAZON,B0CGRJ1V8L,,TPOSBDBM,1,24.69,24.69,2026-03-11 21:35:27,amazon Dcvoltage,true
820560000000,205-3687116-6005961,AMAZON,B0D6B5DGFC,,SPSDP2BM3PK,1,12.49,12.49,2026-03-11 21:55:06,amazon Dcvoltage,true
820570000000,205-7459300-6777145,AMAZON,B08VGPPQ48,,LSCY290GY+RPR44WH,1,15.49,15.49,2026-03-11 22:22:20,amazon Dcvoltage,true
820580000000,203-6181250-4450759,AMAZON,B0DBLN5KN6,,CL3RGD5PK,1,12.29,12.29,2026-03-11 23:49:37,amazon Dcvoltage,true
820590000000,204-9887128-2526764,AMAZON,B0CZNLY8CR,,LSSS300BC2PK+RPR44WH2PK,1,23.89,23.89,2026-03-11 23:58:51,amazon Dcvoltage,true
820600000000,204-9887128-2526764,AMAZON,B0CZLDKF3Z,,LSSS300GB2PK+RPR44WH2PK,1,23.99,23.99,2026-03-11 23:58:51,amazon Dcvoltage,true
820610000000,203-9903678-9477957,AMAZON,B0BBS1HPYD,,CL3TREAPK,1,20.89,20.89,2026-03-11 00:03:25,amazon Ledsone,true
820620000000,202-5574561-2083502,AMAZON,B0D794K9Y2,,WCB7BM2PK+RPR44WH2PK,1,16.19,16.19,2026-03-11 01:23:38,amazon Ledsone,true
820630000000,204-2777922-2605116,AMAZON,B0CDWVF7VV,,PSHYOS4WRWH,1,14.19,14.19,2026-03-11 06:42:34,amazon Ledsone,true
820640000000,205-5506985-3238730,AMAZON,B0B9Y5MRSK,,CL3TGD5PK,1,11.47,11.47,2026-03-11 06:45:36,amazon Ledsone,true
820650000000,203-5500855-1136328,AMAZON,B0CW5RLSQL,,CRFF105GB2PK+HK10GB2PK,1,13.79,13.79,2026-03-11 08:27:10,amazon Ledsone,true
820660000000,205-3218382-9320338,AMAZON,B0F21TXF2F,,WCWYBM2PK,2,22.76,,2026-03-11 09:00:04,amazon Ledsone,true
820670000000,202-6719355-6180332,AMAZON,B07CQLS5VT,,12IP6750,1,12.79,12.79,2026-03-11 10:28:16,amazon Ledsone,true
820680000000,204-5028253-2665954,AMAZON,B0D7ZTRLBH,,LSCY290BM2PK+RPR44WH2PK,1,24.59,24.59,2026-03-11 10:34:31,amazon Ledsone,true
820690000000,205-4391457-1767561,AMAZON,B0DXQ7YWGJ,,LSCY290YB2PK+RPR44WH2PK,1,26.69,26.69,2026-03-11 10:35:42,amazon Ledsone,true
820700000000,206-3896708-8765145,AMAZON,B0DXQ85YB6,,LSCY290GB2PK+RPR44WH2PK,2,57.78,57.78,2026-03-11 11:40:19,amazon Ledsone,true
820720000000,203-1812082-7430727,AMAZON,B0CW5X3HHV,,LSDO210GY2PK+RPR44WH2PK,2,35.89,,2026-03-11 13:45:53,amazon Ledsone,true
820730000000,206-5104140-7212344,AMAZON,B0CBMS78L8,,PHSF2BMRBM+SPSDP2BM+ICST64E27,1,19.79,,2026-03-11 13:47:59,amazon Ledsone,true
820740000000,206-0381855-5694737,AMAZON,B0B9Y5MRSK,,CL3TGD5PK,1,11.47,11.47,2026-03-11 15:31:11,amazon Ledsone,true
820750000000,203-0085717-0425953,AMAZON,B0F7QQYMSM,,CL3TGDAPK,1,25.38,20.39,2026-03-11 15:34:22,amazon Ledsone,true
820760000000,203-5371651-8962760,AMAZON,B0CW5X3HHV,,LSDO210GY2PK+RPR44WH2PK,1,23.88,18.89,2026-03-11 16:12:57,amazon Ledsone,true
820770000000,204-6979772-1880346,AMAZON,B0BC1CMSVD,,CL3RGDAPK,1,19.99,19.99,2026-03-11 16:15:14,amazon Ledsone,true
820780000000,204-9430687-8050740,AMAZON,B0D7ZTRLBH,,LSCY290BM2PK+RPR44WH2PK,1,24.59,24.59,2026-03-11 17:10:55,amazon Ledsone,true
820790000000,206-6831837-5448324,AMAZON,B0C1T64M5F,,ENC678,1,22.99,22.99,2026-03-11 18:50:50,amazon Ledsone,true
820800000000,205-1021010-1741964,AMAZON,B0B82Y8Q8N,,PHSF1GDRFG,1,15.36,15.36,2026-03-11 19:21:28,amazon Ledsone,true
820810000000,204-0387945-9831521,AMAZON,B0CHRVWSBM,,CL3RBM5PK,1,11.67,,2026-03-11 19:30:42,amazon Ledsone,true
820820000000,205-2767796-2510732,AMAZON,B07CPWC9PP,,dc12IP6780,1,15.69,,2026-03-11 20:31:15,amazon Ledsone,true
820830000000,205-6865489-4784307,AMAZON,B0CCHYD2JP,,SPSDP2BM3PK,1,12.89,,2026-03-11 22:02:30,amazon Ledsone,true
820840000000,204-2823675-8093917,AMAZON,B0CFV9JG2H,,PSOS4BMTHE,1,17.59,,2026-03-11 22:46:59,amazon Ledsone,true
820850000000,204-2779477-7025131,AMAZON,B0F9WZZ52L,,CL3TBMAPK,1,23.89,23.89,2026-03-11 22:49:16,amazon Ledsone,true
822630000000,205-4421365-4886751,AMAZON,B0D5BFHKBN,,LSMS320GY2PK+RPR44WH2PK,1,25.39,25.39,2026-03-12 00:35:32,amazon Dcvoltage,true
822640000000,202-6553608-8021112,AMAZON,B0CGRJ1V8L,,TPOSBDBM,1,24.69,,2026-03-12 06:29:42,amazon Dcvoltage,true
822650000000,204-6521341-1717138,AMAZON,B0CTT2G3B5,,LSMS320BU+RPR44WH,1,14.99,14.99,2026-03-12 08:58:39,amazon Dcvoltage,true
822660000000,203-7681196-4023516,AMAZON,B0D6VK2QFK,,ENC7391,1,41.69,41.69,2026-03-12 11:13:22,amazon Dcvoltage,true
822670000000,026-7092956-4286715,AMAZON,B07CVCT7XN,,LDMG95E278,1,6.30,6.30,2026-03-12 11:43:55,amazon Dcvoltage,true
822680000000,202-9513564-7215538,AMAZON,B0CBPBQK1X,,WCB2BC2PK+RPR44WH2PK,1,15.99,15.99,2026-03-12 13:05:29,amazon Dcvoltage,true
822690000000,026-2586514-3037122,AMAZON,B07CVXRPPZ,,12IP67150,1,19.99,19.99,2026-03-12 13:27:50,amazon Dcvoltage,true
822700000000,026-6018438-5170711,AMAZON,B08XC1QT69,,CL3THEAPK,1,19.99,19.99,2026-03-12 13:32:15,amazon Dcvoltage,true
822710000000,206-1637548-1978724,AMAZON,B0D56ZN8NP,,WCB7WH2PK+RPR44WH2PK,1,16.79,16.79,2026-03-12 13:39:49,amazon Dcvoltage,true
822720000000,205-9700338-5225154,AMAZON,B0FL767CVP,,PHSF2GYTCH2PK+ICST64E272PK,1,28.89,,2026-03-12 14:23:08,amazon Dcvoltage,true
822730000000,205-8756092-1790726,AMAZON,B0C171RYVR,,PSDS2RBM,1,11.79,11.79,2026-03-12 14:58:30,amazon Dcvoltage,true
822740000000,204-4963347-5881961,AMAZON,B0CTTFPLLV,,LSMS320BI+RPR44WH,1,14.99,14.99,2026-03-12 15:07:54,amazon Dcvoltage,true
822750000000,206-5377212-8995520,AMAZON,B0CVKZ9NMV,,LSTF400WH2PK+RPR44WH2PK,1,31.98,31.98,2026-03-12 15:16:47,amazon Dcvoltage,true
822760000000,205-5033414-1119526,AMAZON,B0DH9DJQKQ,,CL3THE5PK,1,11.99,11.99,2026-03-12 15:24:06,amazon Dcvoltage,true
822770000000,206-8966823-7035528,AMAZON,B0C7C8LWY9,,LSCY290NB+RPR44WH,1,15.79,15.79,2026-03-12 15:45:01,amazon Dcvoltage,true
822780000000,202-5301811-1802743,AMAZON,B0F48LNB6J,,RWWPSY1080YE,1,8.89,8.89,2026-03-12 16:03:44,amazon Dcvoltage,true
822790000000,203-3083942-5898712,AMAZON,B0D6VLZXY4,,ENC7392,1,40.69,40.69,2026-03-12 16:36:23,amazon Dcvoltage,true
822800000000,026-5731208-8747525,AMAZON,B08XC1QT69,,CL3THEAPK,1,19.99,19.99,2026-03-12 17:09:41,amazon Dcvoltage,true
822810000000,203-0694312-3605915,AMAZON,B0DH9CY29Z,,CL3TGL5PK,1,14.89,14.89,2026-03-12 17:23:12,amazon Dcvoltage,true
822820000000,203-5303591-3148365,AMAZON,B07PM5KN1T,,CL3TGL5PK,1,14.89,14.89,2026-03-12 17:29:01,amazon Dcvoltage,true
822830000000,202-7017947-4444346,AMAZON,B0CTTFPLLV,,LSMS320BI+RPR44WH,1,14.99,14.99,2026-03-12 17:33:30,amazon Dcvoltage,true
822840000000,204-5855013-1126760,AMAZON,B0CGRJ1V8L,,TPOSBDBM,1,29.68,24.69,2026-03-12 17:50:05,amazon Dcvoltage,true
822850000000,206-9313789-8383543,AMAZON,B0C7C8LWY9,,LSCY290NB+RPR44WH,1,15.79,15.79,2026-03-12 18:00:27,amazon Dcvoltage,true
822860000000,205-4270112-4970705,AMAZON,B0BWJWGXD4,,LSCY210BG+RPR44WH,1,12.49,,2026-03-12 18:22:29,amazon Dcvoltage,true
822870000000,202-0372799-7568342,AMAZON,B0CTTD21V2,,LSMS320NB+RPR44WH,1,14.99,14.99,2026-03-12 18:23:13,amazon Dcvoltage,true
822880000000,203-1115170-7188369,AMAZON,B0CXPRNXLT,,LSCY290OR2PK+RPR44WH2PK,1,24.89,24.89,2026-03-12 18:38:54,amazon Dcvoltage,true
822890000000,202-0729972-5669928,AMAZON,B0D44XWSWS,,PHSF2GDTFG+ICST64E27,1,13.89,13.89,2026-03-12 18:39:39,amazon Dcvoltage,true
822900000000,203-4029006-8909913,AMAZON,B0CZNJCBB6,,LSSS300BI2PK+RPR44WH2PK,1,22.79,22.79,2026-03-12 18:41:40,amazon Dcvoltage,true
822910000000,026-8236078-1561938,AMAZON,B0CZNTPXYD,,LSSS300YB2PK+RPR44WH2PK,1,24.79,24.79,2026-03-12 18:42:21,amazon Dcvoltage,true
822920000000,206-8254789-2585123,AMAZON,B09K7GSHQ9,,ENC2016Z,1,24.79,24.79,2026-03-12 18:53:00,amazon Dcvoltage,true
822930000000,026-0037362-7732300,AMAZON,B08XBYXQC6,,CL3TBRAPK,1,19.89,19.89,2026-03-12 19:09:45,amazon Dcvoltage,true
822940000000,204-0999624-9394756,AMAZON,B08VGPPQ48,,LSCY290GY+RPR44WH,1,15.49,,2026-03-12 19:13:08,amazon Dcvoltage,true
822950000000,202-8612422-4169954,AMAZON,B0D4YJWDZD,,LDMG95B2246PK,2,32.18,32.18,2026-03-12 19:50:27,amazon Dcvoltage,true
822960000000,205-0873777-6085143,AMAZON,B0GCZQVHRF,,CRFF100BM+LHNSE27BM+ICST64E27,1,16.99,16.99,2026-03-12 20:02:04,amazon Dcvoltage,true
822970000000,202-0875909-7877149,AMAZON,B0DFHMDZYQ,,LSCY290NB+RPR44WH,2,28.42,31.58,2026-03-12 20:02:25,amazon Dcvoltage,true
822980000000,202-2198590-8903551,AMAZON,B0965HZJGN,,ENC686,1,51.89,51.89,2026-03-12 21:03:24,amazon Dcvoltage,true
822990000000,206-0523921-8171511,AMAZON,B08Z7W3SYL,,CRSF100BM+PHUH1HETBM+LSHM300HE,1,31.89,31.89,2026-03-12 21:14:45,amazon Dcvoltage,true
823000000000,206-1827207-9608329,AMAZON,B0D32YBFXP,,LSCY290RE2PK+RPR44WH2PK,1,25.79,,2026-03-12 21:21:33,amazon Dcvoltage,true
823010000000,026-5508168-1232320,AMAZON,B0CSPDC2PX,,ENC6087,1,26.89,,2026-03-12 21:22:59,amazon Dcvoltage,true
823020000000,205-2294961-8345141,AMAZON,B0CKWK8TNJ,,CL3RCR5PK,1,12.49,12.49,2026-03-12 21:36:01,amazon Dcvoltage,true
823030000000,204-5969049-9978735,AMAZON,B08XC1QT69,,CL3THEAPK,1,19.99,19.99,2026-03-12 21:40:44,amazon Dcvoltage,true
823040000000,026-7975095-8370706,AMAZON,B0BWJWGXD4,,LSCY210BG+RPR44WH,1,12.49,12.49,2026-03-12 21:46:41,amazon Dcvoltage,true
823050000000,205-7633648-5907541,AMAZON,B0CXSQZ68C,,LSCY290BD2PK+RPR44WH2PK,1,25.89,25.89,2026-03-12 22:07:11,amazon Dcvoltage,true
823060000000,026-4319825-5500309,AMAZON,B0D7ZTRLBH,,LSCY290BM2PK+RPR44WH2PK,1,24.59,,2026-03-12 06:54:49,amazon Ledsone,true
823070000000,204-4640996-0131539,AMAZON,B0B9Y67S6V,,CL3TCR5PK,1,13.89,13.89,2026-03-12 07:23:06,amazon Ledsone,true
823080000000,203-0020389-3452352,AMAZON,B093DJQC1W,,CL2TGDAPK,1,18.99,18.99,2026-03-12 08:12:29,amazon Ledsone,true
823090000000,205-4602286-2097962,AMAZON,B0F7QRS48B,,CL3TBMAPK,1,23.89,23.89,2026-03-12 08:17:51,amazon Ledsone,true
823100000000,206-0392852-8393108,AMAZON,B0F28Z2V3F,,LSCY290GY+RPR44WH,1,15.89,15.89,2026-03-12 08:32:53,amazon Ledsone,true
823110000000,202-3672922-1959565,AMAZON,B0B77KX4P8,,CRFF108BM2PK+HK10BM2PK,1,13.59,13.59,2026-03-12 09:03:15,amazon Ledsone,true
823120000000,204-4494606-1088331,AMAZON,B0B8VRRDVM,,LDSG125MUE274,1,13.89,13.89,2026-03-12 09:22:16,amazon Ledsone,true
823130000000,202-9165883-8582757,AMAZON,B0CHRVWSBM,,CL3RBM5PK,1,11.67,11.67,2026-03-12 09:51:19,amazon Ledsone,true
823140000000,202-3952802-5875556,AMAZON,B0F7QQYMSM,,CL3TGDAPK,1,20.39,20.39,2026-03-12 10:45:25,amazon Ledsone,true
823150000000,206-2559998-3137148,AMAZON,B0C2CXX3KD,,ENC1906,1,15.89,15.89,2026-03-12 10:57:18,amazon Ledsone,true
823160000000,203-0443467-2935513,AMAZON,B0F7QPMBCH,,CL2TGLAPK,1,19.39,19.39,2026-03-12 10:57:24,amazon Ledsone,true
823170000000,026-1984285-5614745,AMAZON,B0B9Y5MRSK,,CL3TGD5PK,1,11.47,11.47,2026-03-12 11:44:02,amazon Ledsone,true
823180000000,203-6384198-0105950,AMAZON,B0CBMQZ8P6,,PHSF2BMRBM+SPSDP2BM,2,25.30,,2026-03-12 11:45:39,amazon Ledsone,true
823190000000,205-3690961-2790738,AMAZON,B0B2K81GXH,,LHC5E27WH5PK,1,13.88,13.88,2026-03-12 12:05:18,amazon Ledsone,true
823200000000,205-6684075-0164311,AMAZON,B0B4K4MVSK,,PSDS4BMRBU,1,14.06,14.06,2026-03-12 12:43:27,amazon Ledsone,true
823210000000,204-2421022-9297943,AMAZON,B0DXQ7LC8N,,LSCY290GR2PK+RPR44WH2PK,1,24.89,24.89,2026-03-12 12:55:38,amazon Ledsone,true
823220000000,203-1607028-8861118,AMAZON,B0F2919CBQ,,LSCY290AA+RPR44WH,1,14.30,15.62,2026-03-12 13:03:04,amazon Ledsone,true
823230000000,203-6891488-1443558,AMAZON,B0D794K9Y2,,WCB7BM2PK+RPR44WH2PK,1,16.19,16.19,2026-03-12 13:30:12,amazon Ledsone,true
823240000000,203-1614580-9001907,AMAZON,B093T4L68X,,LSCY290WH+RPR44WH,1,15.89,15.89,2026-03-12 14:23:31,amazon Ledsone,true
823250000000,204-4169499-0195503,AMAZON,B0C3ZT6D5G,,LSCY290YB+RPR44WH,1,17.89,17.89,2026-03-12 14:58:07,amazon Ledsone,true
823260000000,202-2160200-0120311,AMAZON,B0CW5RLSQL,,CRFF105GB2PK+HK10GB2PK,1,13.79,13.79,2026-03-12 15:57:17,amazon Ledsone,true
823270000000,026-6877579-3140308,AMAZON,B0D794K9Y2,,WCB7BM2PK+RPR44WH2PK,1,16.19,16.19,2026-03-12 17:50:27,amazon Ledsone,true
823280000000,204-6730596-1857128,AMAZON,B0DPM9XXGM,,LHCTOCH,2,18.18,,2026-03-12 18:33:13,amazon Ledsone,true
823290000000,203-1917147-0733904,AMAZON,B0CFV9JG2H,,PSOS4BMTHE,1,17.59,,2026-03-12 19:03:15,amazon Ledsone,true
823310000000,026-8383473-4893965,AMAZON,B0BBS1HPYD,,CL3TREAPK,1,20.89,20.89,2026-03-12 20:25:29,amazon Ledsone,true
823320000000,202-5576450-2695506,AMAZON,B093T4L68X,,LSCY290WH+RPR44WH,1,16.29,,2026-03-12 20:35:31,amazon Ledsone,true
823330000000,204-8859365-4730724,AMAZON,B0G2L2T8YG,,ENC7763,1,21.69,21.69,2026-03-12 20:53:46,amazon Ledsone,true
823340000000,206-9085463-6193133,AMAZON,B0CGRQCV7Y,,amzn.gr.CRSF100BM_PHRNWP2RBM_I-DuFihJ-VG,1,12.96,,2026-03-12 21:04:52,amazon Ledsone,true
823350000000,202-1432564-3285102,AMAZON,B0B2K81GXH,,LHC5E27WH5PK,1,13.88,,2026-03-12 21:20:23,amazon Ledsone,true
823360000000,203-2281499-6527548,AMAZON,B0C2CY2Y9D,,ENC1918,1,15.69,15.69,2026-03-12 22:13:44,amazon Ledsone,true
823370000000,205-3788306-4921126,AMAZON,B0CW5RLSQL,,CRFF105GB2PK+HK10GB2PK,1,15.45,,2026-03-12 23:14:44,amazon Ledsone,true
825630000000,202-5966215-1693969,AMAZON,B0CS9PS8J3,,LSCY210BG3PK+RPR44WH3PK,1,27.51,27.51,2026-03-13 00:14:15,amazon Dcvoltage,true
825640000000,206-1931900-8662763,AMAZON,B0BWJWGXD4,,LSCY210BG+RPR44WH,1,12.49,12.49,2026-03-13 01:08:59,amazon Dcvoltage,true
825650000000,206-6840843-0595513,AMAZON,B0CBPQVC6K,,WCB4WH2PK+RPR44WH2PK,2,33.18,33.18,2026-03-13 01:24:27,amazon Dcvoltage,true
825680000000,206-6775784-2991503,AMAZON,B0CTSTBDXV,,LSMS320BD+RPR44WH,1,14.99,14.99,2026-03-13 09:54:33,amazon Dcvoltage,true
825690000000,026-5375688-6146735,AMAZON,B0CTTD21V2,,LSMS320NB+RPR44WH,1,14.99,14.99,2026-03-13 10:12:15,amazon Dcvoltage,true
825700000000,202-3934382-5584334,AMAZON,B0CH39MWRF,,WSOSBDBM,1,20.59,20.59,2026-03-13 11:16:54,amazon Dcvoltage,true
825710000000,205-0821295-7621145,AMAZON,B0CS9PS8J3,,LSCY210BG3PK+RPR44WH3PK,1,27.51,27.51,2026-03-13 12:14:17,amazon Dcvoltage,true
825720000000,026-0486648-7347563,AMAZON,B0CPBX49HJ,,LSCY290GR+RPR44WH,2,32.58,32.58,2026-03-13 12:57:31,amazon Dcvoltage,true
825730000000,203-3333732-7888319,AMAZON,B0C7CPG7LG,,LSSS300GB+RPR44WH,1,13.89,13.89,2026-03-13 14:04:11,amazon Dcvoltage,true
825740000000,206-4241195-5509902,AMAZON,B0CGRJ1V8L,,TPOSBDBM,1,24.69,24.69,2026-03-13 15:08:02,amazon Dcvoltage,true
825750000000,202-2320765-6917965,AMAZON,B0CBLXL9R1,,WCVCBC2PK+RPR44WH2PK,1,15.89,15.89,2026-03-13 15:31:04,amazon Dcvoltage,true
825760000000,203-0506705-1368310,AMAZON,B0DH9BSF4C,,CL3TBM5PK,1,14.09,14.09,2026-03-13 16:16:45,amazon Dcvoltage,true
825770000000,204-7230991-1752327,AMAZON,B09643CJ5N,,CRFF500BM+PHCH1BMRBM3PK+LSDO210BG3PK,1,39.48,39.48,2026-03-13 16:25:47,amazon Dcvoltage,true
825780000000,026-2917631-4679507,AMAZON,B0D5LRVWYD,,LSFT220BG2PK+RPR44WH2PK,1,22.89,22.89,2026-03-13 17:12:37,amazon Dcvoltage,true
825790000000,203-2380787-3289133,AMAZON,B0BWJWGXD4,,LSCY210BG+RPR44WH,1,12.49,12.49,2026-03-13 17:16:17,amazon Dcvoltage,true
825800000000,204-6321905-0909109,AMAZON,B08VGPPQ48,,LSCY290GY+RPR44WH,1,15.49,15.49,2026-03-13 17:36:39,amazon Dcvoltage,true
825810000000,202-5036138-1310760,AMAZON,B0C7CLVDHR,,LSCY290BI+RPR44WH,1,14.89,,2026-03-13 17:40:44,amazon Dcvoltage,true
825820000000,204-3905474-1436316,AMAZON,B08VGPPQ48,,LSCY290GY+RPR44WH,1,15.49,15.49,2026-03-13 17:45:27,amazon Dcvoltage,true
825830000000,204-2876009-4862759,AMAZON,B0CZLCKY5W,,LSSS300GY2PK+RPR44WH2PK,2,43.78,43.78,2026-03-13 17:59:30,amazon Dcvoltage,true
825850000000,206-4897182-7614767,AMAZON,B07PM5KN1T,,CL3TGL5PK,2,0.00,,2026-03-13 18:51:40,amazon Ledsone,true
825860000000,206-6418761-4845935,AMAZON,B0C7CPG7LG,,LSSS300GB+RPR44WH,1,14.72,13.89,2026-03-13 18:59:05,amazon Dcvoltage,true
825870000000,205-8150798-0431517,AMAZON,B0DH629QP2,,CL2TGLAPK,2,34.75,36.58,2026-03-13 19:14:04,amazon Dcvoltage,true
825880000000,026-1333026-2638717,AMAZON,B08Z7W3SYL,,CRSF100BM+PHUH1HETBM+LSHM300HE,1,31.89,31.89,2026-03-13 20:17:02,amazon Dcvoltage,true
825890000000,205-5333270-6949968,AMAZON,B0CZNPJGMM,,LSSS300RE2PK+RPR44WH2PK,1,19.79,,2026-03-13 20:32:24,amazon Dcvoltage,true
825900000000,205-2336187-4800326,AMAZON,B0CS9PS8J3,,LSCY210BG3PK+RPR44WH3PK,1,27.51,27.51,2026-03-13 20:42:41,amazon Dcvoltage,true
825910000000,206-1180059-1572300,AMAZON,B0BNXHF2BR,,CRSF100CO+PHSH1PBRCO+LSDO300CO,2,49.78,49.78,2026-03-13 22:19:44,amazon Dcvoltage,true
825920000000,203-9281559-6257934,AMAZON,B07QV1YKZW,,12RPIP45100,1,14.89,,2026-03-13 23:00:24,amazon Dcvoltage,true
825930000000,205-9213893-5864359,AMAZON,B0CKWK8TNJ,,CL3RCR5PK,1,12.49,,2026-03-13 23:08:05,amazon Dcvoltage,true
825940000000,026-4920045-3253127,AMAZON,B07L8HKFZH,,CL3TAG5PK APK,1,13.49,13.49,2026-03-13 23:55:47,amazon Dcvoltage,true
825950000000,026-4529728-4983547,AMAZON,B0CHDZXZGJ,,CL3TAG5PK,1,14.13,,2026-03-13 09:36:20,amazon Ledsone,true
825960000000,202-9333249-2887508,AMAZON,B0CCJ2NWRP,,SPSDP2BM5PK,1,17.74,17.74,2026-03-13 10:48:48,amazon Ledsone,true
825970000000,026-8008211-2534739,AMAZON,B0CV54J7JN,,WCB1BM2PK+RPR44WH2PK,1,15.39,15.39,2026-03-13 11:38:59,amazon Ledsone,true
825980000000,202-8204517-9093131,AMAZON,B0CFHP2XX3,,LDMST64E278,1,6.19,6.19,2026-03-13 11:40:47,amazon Ledsone,true
825990000000,203-2975730-1277162,AMAZON,B0G2L3Q28C,,ENC4631,1,21.39,21.39,2026-03-13 11:42:30,amazon Ledsone,true
826000000000,204-2819181-9767533,AMAZON,B0D9Q175RY,,LSGLCY120CO2PK+RPM40WH2PK,1,16.39,16.39,2026-03-13 11:49:12,amazon Ledsone,true
826010000000,026-3085663-6299519,AMAZON,B0C7CYXB9Y,,CNP1000GB3PK,1,19.78,14.79,2026-03-13 13:31:26,amazon Ledsone,true
826020000000,203-8836265-0563559,AMAZON,B0B9K41YZ7,,CL3TBK5PK,1,13.49,13.49,2026-03-13 13:44:51,amazon Ledsone,true
826040000000,205-8968315-9667511,AMAZON,B0B9Y78BWX,,CL3TAG5PK,1,13.79,13.79,2026-03-13 14:32:29,amazon Ledsone,true
826050000000,203-5143396-8046729,AMAZON,B0CW5RLSQL,,CRFF105GB2PK+HK10GB2PK,1,13.79,13.79,2026-03-13 15:45:05,amazon Ledsone,true
826060000000,205-4864947-0025944,AMAZON,B0D93QM7CS,,ENC7473,1,25.79,,2026-03-13 15:53:35,amazon Ledsone,true
826070000000,202-3924966-3745125,AMAZON,B0DG29SP2H,,LDMA60E274WW2PK,1,7.89,,2026-03-13 16:20:24,amazon Ledsone,true
826080000000,026-3028585-6455509,AMAZON,B0CW5RLSQL,,CRFF105GB2PK+HK10GB2PK,1,13.79,13.79,2026-03-13 17:26:06,amazon Ledsone,true
826090000000,204-7398971-5247548,AMAZON,B0BBB4H59J,,CL3RGY5PK,1,14.79,,2026-03-13 17:56:59,amazon Ledsone,true
826100000000,206-4897182-7614767,AMAZON,B0F7QQZYNX,,CL2TBRAPK,1,0.00,,2026-03-13 18:51:40,amazon Ledsone,true
826110000000,203-3305491-2911568,AMAZON,B0CHRVWSBM,,CL3RBM5PK,1,11.67,11.67,2026-03-13 18:58:45,amazon Ledsone,true
826120000000,204-8730813-4673162,AMAZON,B09HS8WY1F,,CL2TGL5PK,1,12.79,,2026-03-13 19:51:55,amazon Ledsone,true
826130000000,206-4406804-7397906,AMAZON,B0B4K6NM87,,PSDS4BMRRE,1,14.07,14.07,2026-03-13 20:55:50,amazon Ledsone,true
826140000000,205-0238656-8917136,AMAZON,B0CGRJ5PM4,,CRSF100BM+SPSPLBM+PHRNWP2RBM,2,27.18,27.18,2026-03-13 21:18:29,amazon Ledsone,true
826150000000,202-8134270-7653964,AMAZON,B0CV5D5D6G,,LDSSTRE2742PK,1,18.69,,2026-03-13 23:33:07,amazon Ledsone,true
827540000000,202-9333249-2887508,AMAZON,B0CCJ2NWRP,,SPSDP2BM5PK,2,0.00,,2026-03-13 10:48:48,amazon Ledsone,true
827760000000,204-4094172-6268365,AMAZON,B08XBYXQC6,,CL3TBRAPK,1,19.89,19.89,2026-03-14 00:04:56,amazon Dcvoltage,true
827770000000,204-4094172-6268365,AMAZON,B0DH8Z6FLZ,,CL3TGDAPK,1,23.99,23.99,2026-03-14 00:04:56,amazon Dcvoltage,true
827780000000,202-0046828-3357163,AMAZON,B0BNXHF2BR,,CRSF100CO+PHSH1PBRCO+LSDO300CO,2,51.02,51.02,2026-03-14 07:22:00,amazon Dcvoltage,true
827790000000,026-7586032-1224348,AMAZON,B08XC1QT69,,CL3THEAPK,1,19.99,19.99,2026-03-14 07:31:22,amazon Dcvoltage,true
827800000000,202-8923099-1934753,AMAZON,B0CGRJ1V8L,,TPOSBDBM,1,24.69,24.69,2026-03-14 07:38:47,amazon Dcvoltage,true
827810000000,026-5456502-6921122,AMAZON,B0CGRJ1V8L,,TPOSBDBM,1,24.69,,2026-03-14 07:58:27,amazon Dcvoltage,true
827820000000,205-2109704-0548350,AMAZON,B0D5BFHKBN,,LSMS320GY2PK+RPR44WH2PK,1,25.39,25.39,2026-03-14 08:10:47,amazon Dcvoltage,true
827830000000,202-7054780-0581951,AMAZON,B0CJCDZWRB,,LSSS300SN2PK+RPR44WH2PK,1,23.49,23.49,2026-03-14 10:37:16,amazon Dcvoltage,true
827840000000,026-4463253-8083549,AMAZON,B0DH66Z6JM,,CL2TBM5PK,1,13.99,13.99,2026-03-14 10:45:13,amazon Ledsone,true
827850000000,203-5367306-2203540,AMAZON,B0DB1J6TVW,,PLPYBS,2,31.58,31.58,2026-03-14 11:39:42,amazon Dcvoltage,true
827860000000,206-3335822-9086767,AMAZON,B0FR738SKW,,PHSF2BMTBM3PK+ICST64E273PK,1,40.89,40.89,2026-03-14 11:46:13,amazon Dcvoltage,true
827870000000,202-2509612-7573969,AMAZON,B09CYVFZWZ,,CRSF100BM+LHNSE27BM+SCRN70YB+LSMS320GY,1,21.79,21.79,2026-03-14 11:46:23,amazon Dcvoltage,true
827880000000,203-6787976-6002725,AMAZON,B0CKWLFKR7,,CL3RGR5PK,1,12.89,,2026-03-14 12:30:59,amazon Dcvoltage,true
827890000000,206-6526427-8430754,AMAZON,B0CYZVX28V,,LSCY290CO2PK+RPR44WH2PK,1,27.89,27.89,2026-03-14 13:29:31,amazon Dcvoltage,true
827900000000,205-1006935-3104342,AMAZON,B07PM6VXCG,,CL3TBK5PK,1,13.01,13.01,2026-03-14 13:45:41,amazon Dcvoltage,true
827910000000,205-7682606-6169967,AMAZON,B0D44XWSWS,,PHSF2GDTFG+ICST64E27,1,13.89,13.89,2026-03-14 13:51:15,amazon Dcvoltage,true
827920000000,205-4161374-7701129,AMAZON,B0D5BFHKBN,,LSMS320GY2PK+RPR44WH2PK,1,25.39,25.39,2026-03-14 13:51:41,amazon Dcvoltage,true
827930000000,026-1446477-2987504,AMAZON,B08XNPKHZX,,LSSS300YE+RPR44WH,1,13.22,13.22,2026-03-14 15:17:59,amazon Dcvoltage,true
827940000000,202-7413929-2891539,AMAZON,B07PM5KN1T,,CL3TGL5PK,1,13.09,,2026-03-14 15:19:31,amazon Dcvoltage,true
827950000000,026-2274978-9402714,AMAZON,B0CKWMGD1M,,CL3RBR5PK,1,12.99,12.99,2026-03-14 15:33:20,amazon Dcvoltage,true
827960000000,026-2037322-2210748,AMAZON,B0D6VM1XGC,,ENC7385,1,41.69,41.69,2026-03-14 15:58:44,amazon Dcvoltage,true
827970000000,206-5110495-0137135,AMAZON,B08S45CM19,,CRSF100BM+LHNSE27YB+SCRN70BS+LSWD360BSD,2,48.24,50.78,2026-03-14 16:31:55,amazon Dcvoltage,true
827980000000,206-7133727-9204345,AMAZON,B096FP59Q2,,ENC707,1,45.89,,2026-03-14 16:56:10,amazon Dcvoltage,true
827990000000,204-0222761-2938746,AMAZON,B08VGMKHT7,,LSCY290BM+RPR44WH,1,15.89,15.89,2026-03-14 17:17:11,amazon Dcvoltage,true
828000000000,204-7906709-6619533,AMAZON,B0DH9CY29Z,,CL3TGL5PK,1,14.89,14.89,2026-03-14 17:53:12,amazon Dcvoltage,true
828010000000,205-1759487-3863501,AMAZON,B0CTSTBDXV,,LSMS320BD+RPR44WH,1,14.69,14.69,2026-03-14 18:29:35,amazon Dcvoltage,true
828020000000,026-9884860-4293128,AMAZON,B07CS22K8L,,12IP6720,1,10.19,10.19,2026-03-14 18:30:56,amazon Dcvoltage,true
828030000000,203-3554861-8791549,AMAZON,B0CKWLS9WR,,CL3RHE5PK,1,11.78,13.09,2026-03-14 19:01:38,amazon Dcvoltage,true
828040000000,205-7583020-6646753,AMAZON,B0CXPRNXLT,,LSCY290OR2PK+RPR44WH2PK,1,24.89,24.89,2026-03-14 19:24:37,amazon Dcvoltage,true
828050000000,203-9919318-3274742,AMAZON,B08VGPPQ48,,LSCY290GY+RPR44WH,2,27.88,30.98,2026-03-14 20:19:24,amazon Dcvoltage,true
828060000000,203-5786735-9850760,AMAZON,B0CTTD21V2,,LSMS320NB+RPR44WH,2,29.98,,2026-03-14 20:35:34,amazon Dcvoltage,true
828070000000,203-0489976-5915523,AMAZON,B07LFDY4D3,,CL3TBM5PK,1,14.89,14.89,2026-03-14 21:24:29,amazon Dcvoltage,true
828080000000,026-0267419-8609166,AMAZON,B0G5P88BGR,,ENC6168,2,32.98,36.64,2026-03-14 22:05:37,amazon Dcvoltage,true
828090000000,204-9753153-6774769,AMAZON,B0CJCDZWRB,,LSSS300SN2PK+RPR44WH2PK,2,46.98,,2026-03-14 22:58:52,amazon Dcvoltage,true
828100000000,026-8334949-0874710,AMAZON,B0CBLXL9R1,,WCVCBC2PK+RPR44WH2PK,1,20.88,,2026-03-14 23:18:18,amazon Dcvoltage,true
828110000000,205-9538401-2782736,AMAZON,B0868DXK1B,,CCBKNWE48,1,10.59,10.59,2026-03-14 00:19:07,amazon Ledsone,true
828130000000,202-9813544-6535528,AMAZON,B0CCJ3CSB6,,SPSDP2YB3PK,1,12.89,12.89,2026-03-14 10:33:54,amazon Ledsone,true
828140000000,204-8894653-4125962,AMAZON,B0F2919THD,,LSCY290CO+RPR44WH,1,18.19,,2026-03-14 10:34:37,amazon Ledsone,true
828150000000,026-4463253-8083549,AMAZON,B0DCG91JX6,,LHTRE27BN2PK,1,13.39,13.39,2026-03-14 10:45:13,amazon Ledsone,true
828160000000,204-7542967-2912307,AMAZON,B0DXQ7YWGJ,,LSCY290YB2PK+RPR44WH2PK,1,26.69,26.69,2026-03-14 12:11:10,amazon Ledsone,true
828170000000,203-9574257-0472313,AMAZON,B0D28XC4DK,,LSCY290BM3PK+RPR44WH3PK,1,42.79,42.79,2026-03-14 12:49:16,amazon Ledsone,true
828180000000,204-4495488-4963561,AMAZON,B0B9Y5MRSK,,amzn.gr.CL3TGD5PK_AM-Y2EOW4S-32AaHM_K-LN,1,10.47,10.47,2026-03-14 13:20:59,amazon Ledsone,true
828190000000,204-3248907-7725101,AMAZON,B0CGZQV9Y7,,LSMCSPFLMC+RPR44WH,1,24.89,24.89,2026-03-14 13:54:36,amazon Ledsone,true
828200000000,203-9267483-2837113,AMAZON,B0CHF49HKL,,CRSF100BM+PHUH1HETBM+LSHM400HE,1,32.69,32.69,2026-03-14 14:11:13,amazon Ledsone,true
828210000000,205-0023553-7505910,AMAZON,B084C2T9QZ,,PLWEBC+PHNW1RBC+LDMST64E274,1,22.89,22.89,2026-03-14 14:26:40,amazon Ledsone,true
828220000000,205-0023553-7505910,AMAZON,B0929BBD84,,PLWEBC,1,27.79,27.79,2026-03-14 14:26:40,amazon Ledsone,true
828230000000,204-5119307-8730750,AMAZON,B0DXQB7T3C,,LSCY290GY2PK+RPR44WH2PK,1,27.29,27.29,2026-03-14 14:37:50,amazon Ledsone,true
828240000000,204-5119307-8730750,AMAZON,B0DXQB7T3C,,LSCY290GY2PK+RPR44WH2PK,2,0.00,,2026-03-14 14:37:50,amazon Ledsone,true
828250000000,205-1832643-0607503,AMAZON,B0C3ZT3VR1,,LSCY290BD+RPR44WH,1,14.89,14.89,2026-03-14 15:35:19,amazon Ledsone,true
828260000000,205-9613393-0029142,AMAZON,B0BC1CYP2F,,CL3RBMAPK,1,25.89,25.89,2026-03-14 16:44:55,amazon Ledsone,true
828270000000,205-8436532-5859517,AMAZON,B0F28ZSNQ7,,LSCY290YB+RPR44WH,1,17.89,17.89,2026-03-14 16:53:59,amazon Ledsone,true
828280000000,203-4757170-9604300,AMAZON,B0F9X1D46L,,CL3RBMAPK,1,22.89,22.89,2026-03-14 17:12:11,amazon Ledsone,true
828290000000,204-2357589-0703548,AMAZON,B0DG29SP2H,,LDMA60E274WW2PK,1,7.89,,2026-03-14 17:27:37,amazon Ledsone,true
828300000000,203-6807396-7895507,AMAZON,B0CDWVF7VV,,PSHYOS4WRWH,1,14.19,14.19,2026-03-14 18:50:49,amazon Ledsone,true
828310000000,202-1950552-9012300,AMAZON,B0CCHYD2JP,,SPSDP2BM3PK,2,30.77,25.78,2026-03-14 18:54:19,amazon Ledsone,true
828320000000,203-7235335-6805150,AMAZON,B0F28YR5JN,,LSCY290NB+RPR44WH,1,15.99,15.99,2026-03-14 19:00:48,amazon Ledsone,true
828330000000,026-5718483-0000365,AMAZON,B0F2915RW5,,LSCY290CY+RPR44WH,2,32.58,32.58,2026-03-14 19:04:23,amazon Ledsone,true
828340000000,205-0216419-3124325,AMAZON,B0B77GPTQ7,,CRFF108WH2PK+HK10WH2PK,1,13.65,13.65,2026-03-14 19:24:01,amazon Ledsone,true
828350000000,206-9291157-5063519,AMAZON,B0DB2FJY1T,,CL2THEAPK,1,21.19,21.19,2026-03-14 19:31:35,amazon Ledsone,true
828360000000,204-7080328-4827501,AMAZON,B0D296FXJP,,LSCY290SN+RPR44WH,1,17.89,17.89,2026-03-14 19:39:11,amazon Ledsone,true
828380000000,204-4421405-7756356,AMAZON,B0DXQ7LC8N,,LSCY290GR2PK+RPR44WH2PK,1,24.89,24.89,2026-03-14 20:00:04,amazon Ledsone,true
828390000000,204-2958875-7840359,AMAZON,B0CFVCM4Z5,,PSOS4BMTHE+ICST64E27,1,19.59,19.59,2026-03-14 20:32:10,amazon Ledsone,true
828400000000,206-1101871-3977134,AMAZON,B0BBS1VR82,,CL3THEAPK,1,21.79,,2026-03-14 21:49:42,amazon Ledsone,true
828410000000,206-3470070-8475544,AMAZON,B094R3M2DC,,PLADBM,1,43.89,,2026-03-14 23:09:39,amazon Ledsone,true
830400000000,205-3274664-0869154,AMAZON,B09643CJ5N,,CRFF500BM+PHCH1BMRBM3PK+LSDO210BG3PK,1,39.48,,2026-03-15 07:59:14,amazon Dcvoltage,true
830410000000,202-2617791-1112301,AMAZON,B0DFHMDZYQ,,amzn.gr.LSCY290NB_RPR44WH_AC-0c6KCR_u-LN,1,2.37,2.37,2026-03-15 10:10:22,amazon Dcvoltage,true
830430000000,205-4153744-1587504,AMAZON,B0965HZJGN,,ENC686,1,46.70,51.89,2026-03-15 11:14:14,amazon Dcvoltage,true
830440000000,202-9946705-5636302,AMAZON,B07ZFWL5T1,,CRFF100GB+LHNSE27GB,1,13.89,,2026-03-15 12:21:50,amazon Dcvoltage,true
830450000000,205-3239253-8991557,AMAZON,B096FPKPNQ,,ENC685,1,48.50,53.89,2026-03-15 12:23:07,amazon Dcvoltage,true
830460000000,205-6548802-4766713,AMAZON,B0CJ4Q2DF3,,LSMCSPFLMC,1,24.79,24.79,2026-03-15 13:09:05,amazon Dcvoltage,true
830470000000,206-0458511-8946703,AMAZON,B07DJYLJ4C,,24IP20400,1,17.83,17.83,2026-03-15 13:53:29,amazon Dcvoltage,true
830480000000,204-6921218-5197146,AMAZON,B0DH9DJQKQ,,CL3THE5PK,1,11.99,,2026-03-15 14:16:45,amazon Dcvoltage,true
830490000000,206-5456466-2014758,AMAZON,B0CS9PNL8L,,LSFT220BG3PK,1,31.98,31.98,2026-03-15 15:15:35,amazon Dcvoltage,true
830500000000,204-9287481-0496326,AMAZON,B0BZ4YPVXF,,ENC1292,1,20.89,20.89,2026-03-15 16:48:54,amazon Dcvoltage,true
830510000000,026-2522202-2517917,AMAZON,B0C9TTZBV7,,LSCY210BS+RPR44WH,1,12.50,13.89,2026-03-15 17:17:55,amazon Dcvoltage,true
830520000000,205-4550892-5805961,AMAZON,B0D5BFHKBN,,LSMS320GY2PK+RPR44WH2PK,1,25.39,,2026-03-15 19:13:38,amazon Dcvoltage,true
830530000000,203-5785178-6801912,AMAZON,B0CB7WP6YJ,,SPSDP2BM6PK,1,18.51,18.51,2026-03-15 19:15:28,amazon Dcvoltage,true
830540000000,026-6673175-2886766,AMAZON,B07CS22K8L,,12IP6720,1,10.19,,2026-03-15 19:15:34,amazon Dcvoltage,true
830550000000,206-5706388-3644368,AMAZON,B08P1NX6SB,,CRFF500BM+PHHT1PBRBM3PK+WCDCBM3PKAM,1,32.89,32.89,2026-03-15 19:43:54,amazon Dcvoltage,true
830560000000,204-5332382-6997140,AMAZON,B0CXSXN4KX,,LSMS320BI2PK+RPR44WH2PK,1,25.59,,2026-03-15 19:58:12,amazon Dcvoltage,true
830570000000,203-3252625-6249912,AMAZON,B0CYZVX28V,,LSCY290CO2PK+RPR44WH2PK,1,27.89,,2026-03-15 20:30:20,amazon Dcvoltage,true
830580000000,203-8481514-5862746,AMAZON,B08XBZNV5C,,CL3TGDAPK,1,20.89,20.89,2026-03-15 20:32:39,amazon Dcvoltage,true
830590000000,202-0018303-2356330,AMAZON,B08VGRJM38,,LSCY290BS+RPR44WH,1,15.39,15.39,2026-03-15 20:35:34,amazon Dcvoltage,true
830600000000,206-4382702-2755561,AMAZON,B09643CJ5N,,CRFF500BM+PHCH1BMRBM3PK+LSDO210BG3PK,1,39.48,39.48,2026-03-15 20:42:13,amazon Ledsone,true
830610000000,202-0632782-1446766,AMAZON,B08X9WZXK1,,PSDS4BMRBM,1,19.06,14.07,2026-03-15 22:16:59,amazon Dcvoltage,true
830620000000,202-6215014-4565100,AMAZON,B0F7R1VSQD,,CL3TWHAPK,1,22.56,17.61,2026-03-15 05:16:22,amazon Ledsone,true
830630000000,206-5195426-1316356,AMAZON,B0C5CTR1JC,,CRSF100BM+WSHR135BM+LSFT220BC+ICST64E27A,1,19.89,19.89,2026-03-15 08:07:36,amazon Ledsone,true
830640000000,203-7628796-0764343,AMAZON,B0BBS3NXFM,,CL3TBRAPK,1,18.26,18.26,2026-03-15 09:59:20,amazon Ledsone,true
830650000000,026-9476010-8142766,AMAZON,B0C3ZTBRHZ,,LSCY290BM+RPR44WH,1,12.99,,2026-03-15 11:27:40,amazon Ledsone,true
830660000000,202-1136724-8037128,AMAZON,B0F9WL4L72,,LSMS320BG+RPR44WH,1,16.49,16.49,2026-03-15 12:54:50,amazon Ledsone,true
830670000000,203-6886922-4409964,AMAZON,B094R3M2DC,,PLADBM,1,43.89,43.89,2026-03-15 12:58:05,amazon Ledsone,true
830680000000,206-7147258-8866726,AMAZON,B0868DXK1B,,CCBKNWE48,1,10.59,,2026-03-15 12:59:13,amazon Ledsone,true
830690000000,026-7518467-6813126,AMAZON,B0B4K6KG4F,,PSDS4BMRBR,1,14.07,14.07,2026-03-15 13:34:55,amazon Ledsone,true
830700000000,206-7122469-3534758,AMAZON,B0D93QM7CS,,ENC7473,1,24.68,24.68,2026-03-15 13:38:59,amazon Ledsone,true
830710000000,205-6008143-2185143,AMAZON,B083TNFR73,,LDMST64E278pck3,1,15.15,,2026-03-15 14:04:43,amazon Ledsone,true
830720000000,203-9085704-6643544,AMAZON,B0D93LH1YN,,ENC7472,1,29.89,29.89,2026-03-15 14:47:13,amazon Ledsone,true
830730000000,026-1047360-0243524,AMAZON,B09JM3PLLH,,LDSG125LOE274,1,10.19,10.19,2026-03-15 14:55:53,amazon Ledsone,true
830740000000,206-3106739-6209144,AMAZON,B0C3ZTBRHZ,,LSCY290BM+RPR44WH,2,29.67,,2026-03-15 14:57:38,amazon Ledsone,true
830750000000,205-5573325-2599507,AMAZON,B093DK8NZW,,CL2TORAPK,1,19.89,19.89,2026-03-15 15:30:30,amazon Ledsone,true
830760000000,206-3123344-5632311,AMAZON,B094R3M2DC,,PLADBM,2,87.78,87.78,2026-03-15 15:46:37,amazon Ledsone,true
830770000000,206-9472999-5201902,AMAZON,B0CZXHLR1Q,,TPOSBDBM2PK,1,46.89,,2026-03-15 15:48:46,amazon Ledsone,true
830780000000,205-6684193-8628334,AMAZON,B0BBS3NXFM,,CL3TBRAPK,1,18.26,18.26,2026-03-15 15:52:31,amazon Ledsone,true
830790000000,204-0118568-6900372,AMAZON,B0B9Y5MRSK,,CL3TGD5PK,1,11.47,,2026-03-15 17:26:29,amazon Ledsone,true
830810000000,026-9737170-0817923,AMAZON,B0B4BHWYR9,,PSDS2BMRGD,1,15.29,15.29,2026-03-15 19:14:10,amazon Ledsone,true
830820000000,206-9961604-3948325,AMAZON,B086385W3W,,PHSF1BRTCO2PK,3,50.67,50.67,2026-03-15 19:46:54,amazon Ledsone,true
830840000000,203-8542341-0209119,AMAZON,B0CCL729S8,,ENC1313,1,20.89,20.89,2026-03-15 20:27:14,amazon Ledsone,true
830850000000,206-5125439-3549923,AMAZON,B0CCHX3S7L,,SPSDP2BM6PK,1,21.79,21.79,2026-03-15 20:34:50,amazon Ledsone,true
830860000000,206-4382702-2755561,AMAZON,B095Z3GZFK,,CRFF500BM+PHRI1PBRYB3PK+LSFT220BM3PK,1,36.89,36.89,2026-03-15 20:42:13,amazon Ledsone,true
830870000000,202-8316754-8005934,AMAZON,B0DXQ9SDTK,,LSCY290OR2PK+RPR44WH2PK,1,23.79,23.79,2026-03-15 21:19:30,amazon Ledsone,true
832320000000,204-8123489-2738758,AMAZON,B096FPKPNQ,,amzn.gr.ENC685_K-mJcEr0rmucLVIs6kfeiX-LN,1,49.89,49.89,2026-03-16 00:23:00,amazon Dcvoltage,true
832330000000,202-1664011-8085921,AMAZON,B08XNPKHZX,,LSSS300YE+RPR44WH,2,26.98,26.98,2026-03-16 07:21:51,amazon Dcvoltage,true
832340000000,203-3370577-7127515,AMAZON,B0CNZ5N8L3,,CL3RWHAPK,1,19.99,19.99,2026-03-16 07:27:55,amazon Dcvoltage,true
832350000000,205-6824386-8656318,AMAZON,B0CS9Q78XH,,LSCY210BG2PK+RPR44WH2PK,1,21.49,21.49,2026-03-16 08:54:51,amazon Dcvoltage,true
832360000000,206-9456020-3103551,AMAZON,B0D32YBFXP,,LSCY290RE2PK+RPR44WH2PK,1,25.79,25.79,2026-03-16 10:55:43,amazon Dcvoltage,true
832370000000,205-8357014-2817918,AMAZON,B0BZ4ZRNCC,,ENC1291,1,20.89,20.89,2026-03-16 11:27:28,amazon Dcvoltage,true
832380000000,026-2556261-0430752,AMAZON,B08VRY5HL8,,amzn.gr.CRSF100BC_LHNSE27YB_LS-2FpLyn-VG,1,16.89,16.89,2026-03-16 12:18:37,amazon Dcvoltage,true
832390000000,205-7833396-3482764,AMAZON,B0D5BFHKBN,,LSMS320GY2PK+RPR44WH2PK,1,30.38,25.39,2026-03-16 13:24:58,amazon Dcvoltage,true
832400000000,205-8350337-8865934,AMAZON,B07PM6VXCG,,CL3TBK5PK,1,13.01,,2026-03-16 14:09:04,amazon Dcvoltage,true
832410000000,026-5410394-9375506,AMAZON,B0CKWMJ9YL,,CL3RBW5PK,1,12.99,12.99,2026-03-16 14:54:01,amazon Dcvoltage,true
832420000000,205-9120786-5407558,AMAZON,B0F7QQMJN9,,TSTLRULRB2PK,2,29.57,24.58,2026-03-16 15:24:58,amazon Dcvoltage,true
832430000000,026-1202809-4686752,AMAZON,B08XC1QT69,,CL3THEAPK,1,19.99,,2026-03-16 15:25:11,amazon Dcvoltage,true
832440000000,206-0163019-6756368,AMAZON,B096FPKPNQ,,ENC685,1,53.89,53.89,2026-03-16 15:44:01,amazon Dcvoltage,true
832450000000,205-9490313-8829143,AMAZON,B0D4YDHJNZ,,LDMG80E2743PK,1,12.39,12.39,2026-03-16 16:16:50,amazon Dcvoltage,true
832460000000,206-2702649-3341940,AMAZON,B08XBYXQC6,,CL3TBRAPK,1,19.89,19.89,2026-03-16 16:22:27,amazon Dcvoltage,true
832470000000,206-7019553-9269962,AMAZON,B0D5BFHKBN,,LSMS320GY2PK+RPR44WH2PK,1,25.39,25.39,2026-03-16 16:24:20,amazon Dcvoltage,true
832480000000,026-2250183-2849935,AMAZON,B07LFDY4D3,,CL3TBM5PK,1,14.89,14.89,2026-03-16 16:46:12,amazon Dcvoltage,true
832490000000,204-8003289-1315540,AMAZON,B09643CJ5N,,CRFF500BM+PHCH1BMRBM3PK+LSDO210BG3PK,1,39.48,39.48,2026-03-16 17:05:14,amazon Dcvoltage,true
832500000000,026-2920440-2541935,AMAZON,B0CXSXN4KX,,LSMS320BI2PK+RPR44WH2PK,1,26.22,26.22,2026-03-16 17:20:52,amazon Dcvoltage,true
832510000000,206-6263793-1305139,AMAZON,B08P1NX6SB,,CRFF500BM+PHHT1PBRBM3PK+WCDCBM3PKAM,2,62.49,65.78,2026-03-16 17:49:25,amazon Dcvoltage,true
832520000000,026-8391320-1446749,AMAZON,B07L8HQG6Y,,CL3TGD5PK,1,13.99,13.99,2026-03-16 18:43:50,amazon Dcvoltage,true
832530000000,026-1865956-8653129,AMAZON,B0CYZVX28V,,LSCY290CO2PK+RPR44WH2PK,1,27.89,,2026-03-16 20:00:09,amazon Dcvoltage,true
832540000000,203-9213761-2705136,AMAZON,B0DFHMC949,,LSCY290BI+RPR44WH-,1,15.29,15.29,2026-03-16 20:09:40,amazon Dcvoltage,true
832550000000,206-8545669-5550767,AMAZON,B0DH9CY29Z,,CL3TGL5PK,1,14.89,,2026-03-16 21:31:31,amazon Dcvoltage,true
832560000000,205-9772536-1047526,AMAZON,B0CTC7XPNX,,CRSF100BM+LHNSE27YB+SCRN70BM+LSFT220BG,1,18.99,,2026-03-16 21:41:12,amazon Dcvoltage,true
832570000000,206-9789283-8608325,AMAZON,B0D5BFHKBN,,LSMS320GY2PK+RPR44WH2PK,2,45.70,,2026-03-16 21:58:49,amazon Dcvoltage,true
832580000000,202-6933259-9529900,AMAZON,B0CTT2G3B5,,LSMS320BU+RPR44WH,1,13.49,14.99,2026-03-16 22:49:10,amazon Dcvoltage,true
832590000000,202-4387768-0725910,AMAZON,B07CSZ7YKC,,CL2TGDAPK,1,17.89,17.89,2026-03-16 23:17:56,amazon Dcvoltage,true
832600000000,203-9800145-5062712,AMAZON,B0CH39MWRF,,WSOSBDBM,1,21.11,,2026-03-16 23:49:41,amazon Dcvoltage,true
832610000000,202-9774808-4833167,AMAZON,B0CGRJ1V8L,,TPOSBDBM,1,24.69,,2026-03-16 23:59:44,amazon Dcvoltage,true
832630000000,203-8731911-1817922,AMAZON,B0BLZHCRGZ,,LDMG95E2746PK,2,47.18,47.18,2026-03-16 00:07:56,amazon Ledsone,true
832640000000,206-1728828-3013950,AMAZON,B0B4K4LN25,,PSDS4BMRBL,1,14.09,14.09,2026-03-16 04:16:34,amazon Ledsone,true
832650000000,206-4916458-5817939,AMAZON,B0BBS6B82P,,CL3TBMAPK,1,21.89,21.89,2026-03-16 04:59:08,amazon Ledsone,true
832660000000,203-2808877-7851508,AMAZON,B0B2K8F78C,,LHC6E27WH5PK,3,47.09,,2026-03-16 09:31:57,amazon Ledsone,true
832670000000,203-3751673-1303553,AMAZON,B0F28YR5JN,,LSCY290NB+RPR44WH,1,15.99,15.99,2026-03-16 09:32:35,amazon Ledsone,true
832680000000,026-0863248-0723503,AMAZON,B0CCJ3CSB6,,SPSDP2YB3PK,1,12.89,12.89,2026-03-16 09:35:51,amazon Ledsone,true
832690000000,204-0298208-0424351,AMAZON,B0B8VRRDVM,,LDSG125MUE274,1,13.89,13.89,2026-03-16 10:15:16,amazon Ledsone,true
832700000000,204-8613036-4080339,AMAZON,B0BW9SGHDN,,LSLT360WH+RPR44WH,1,13.79,13.79,2026-03-16 10:21:43,amazon Ledsone,true
832710000000,204-4220264-7782711,AMAZON,B0CCJ3CSB6,,SPSDP2YB3PK,1,12.89,12.89,2026-03-16 10:33:22,amazon Ledsone,true
832730000000,026-6857969-5155512,AMAZON,B0D7S1FK1Q,,LSMS320GR2PK+RPR44WH2PK,1,25.89,25.89,2026-03-16 13:57:48,amazon Ledsone,true
832740000000,204-9434897-1925941,AMAZON,B0CGRQCV7Y,,CRSF100BM+PHRNWP2RBM+ICST64E27,1,13.79,13.79,2026-03-16 14:30:12,amazon Ledsone,true
832750000000,202-0896712-0074709,AMAZON,B0CGRQCV7Y,,CRSF100BM+PHRNWP2RBM+ICST64E27,1,13.79,13.79,2026-03-16 15:03:18,amazon Ledsone,true
832760000000,204-2290688-2861118,AMAZON,B0C3ZTBRHZ,,LSCY290BM+RPR44WH,1,12.99,,2026-03-16 15:15:15,amazon Ledsone,true
832770000000,204-2859858-5282754,AMAZON,B0CCHX3S7L,,SPSDP2BM6PK,1,21.79,21.79,2026-03-16 16:15:49,amazon Ledsone,true
832780000000,026-8134111-9299541,AMAZON,B0B77GPTQ7,,CRFF108WH2PK+HK10WH2PK,1,13.65,,2026-03-16 16:35:08,amazon Ledsone,true
832790000000,202-8946984-4676361,AMAZON,B095Z3GZFK,,CRFF500BM+PHRI1PBRYB3PK+LSFT220BM3PK,1,36.89,36.89,2026-03-16 17:37:14,amazon Ledsone,true
832800000000,203-4283306-0273106,AMAZON,B0F1N8D5PR,,CL3RSI5PK,1,10.49,10.49,2026-03-16 17:55:31,amazon Ledsone,true
832810000000,026-5969272-6581163,AMAZON,B0BC1CYP2F,,CL3RBMAPK,1,25.89,,2026-03-16 18:30:30,amazon Ledsone,true
832820000000,203-6415142-1802754,AMAZON,B093T4FQVW,,LSMS320GR+RPR44WH,1,14.79,,2026-03-16 18:37:27,amazon Ledsone,true
832830000000,205-1982496-3464353,AMAZON,B09JM3PLLH,,LDSG125LOE274,1,10.19,,2026-03-16 18:51:42,amazon Ledsone,true
832840000000,205-9964760-2512313,AMAZON,B0D794K9Y2,,WCB7BM2PK+RPR44WH2PK,1,16.19,,2026-03-16 18:52:00,amazon Ledsone,true
832850000000,204-6750359-0069949,AMAZON,B0D298QXXM,,LSCY290GY2PK+RPR44WH2PK,1,27.29,27.29,2026-03-16 19:18:08,amazon Ledsone,true
832880000000,203-2638476-8463508,AMAZON,B0CBMQZ8P6,,amzn.gr.PHSF2BMRBM_SPSDP2BM_T-3vOL-Ru-VG,1,9.89,10.33,2026-03-16 19:40:11,amazon Ledsone,true
832890000000,203-4954461-7998729,AMAZON,B0CBMQZ8P6,,PHSF2BMRBM+SPSDP2BM,1,12.54,12.54,2026-03-16 19:40:11,amazon Ledsone,true
832900000000,203-4954461-7998729,AMAZON,B0CBMQZ8P6,,PHSF2BMRBM+SPSDP2BM,1,12.55,12.55,2026-03-16 19:40:11,amazon Ledsone,true
832910000000,205-9264827-1961113,AMAZON,B0DXQ9WYPB,,LSCY290NB2PK+RPR44WH2PK,2,53.98,,2026-03-16 19:54:07,amazon Ledsone,true
832920000000,204-2189060-0657156,AMAZON,B0CBMQZ8P6,,PHSF2BMRBM+SPSDP2BM,1,12.65,,2026-03-16 20:28:14,amazon Ledsone,true
832930000000,204-9388209-1172345,AMAZON,B0B8VWLDFP,,LDSG125MUE2742PK,1,20.39,,2026-03-16 20:36:27,amazon Ledsone,true
832940000000,206-6524974-3561912,AMAZON,B0DH221ZSY,,LSHQ180BS2PK+RPR44WH,1,16.49,16.49,2026-03-16 21:29:08,amazon Ledsone,true
832950000000,026-4291236-9792364,AMAZON,B0D7ZTRLBH,,LSCY290BM2PK+RPR44WH2PK,1,24.59,,2026-03-16 21:58:31,amazon Ledsone,true
832960000000,026-5562621-9941116,AMAZON,B086385W3W,,PHSF1BRTCO2PK,1,16.89,,2026-03-16 22:21:46,amazon Ledsone,true
832970000000,026-6726179-1169159,AMAZON,B0DH182H6J,,LSHQ180BM2PK++RPR44WH2PK,1,16.29,16.29,2026-03-16 23:09:16,amazon Ledsone,true
834960000000,204-1376866-7554739,AMAZON,B0CTT2G3B5,,LSMS320BU+RPR44WH,1,14.99,14.99,2026-03-17 00:46:52,amazon Dcvoltage,true
834970000000,204-5284479-7317105,AMAZON,B0CJ4Q2DF3,,LSMCSPFLMC,1,24.79,24.79,2026-03-17 02:36:12,amazon Dcvoltage,true
834980000000,026-0914314-1854739,AMAZON,B0CS9QXNXQ,,LSDO210BG3PK+RPR44WH3PK,1,29.89,29.89,2026-03-17 06:55:43,amazon Dcvoltage,true
834990000000,202-2648537-4977150,AMAZON,B0CXPV77DK,,LSCY290BL2PK+RPR44WH2PK,1,30.88,25.89,2026-03-17 07:01:02,amazon Dcvoltage,true
835020000000,202-8187513-4390734,AMAZON,B0CKWMJ9YL,,CL3RBW5PK,1,12.99,12.99,2026-03-17 10:07:28,amazon Dcvoltage,true
835030000000,204-9663649-0909155,AMAZON,B0D4YPCPPS,,LDMG80E2746PK,1,18.89,18.89,2026-03-17 10:15:23,amazon Dcvoltage,true
835040000000,204-0665737-2862730,AMAZON,B0CGRJ1V8L,,TPOSBDBM,1,24.69,24.69,2026-03-17 12:21:36,amazon Dcvoltage,true
835050000000,026-1593116-4427562,AMAZON,B0CKWLS9WR,,CL3RHE5PK,1,13.09,13.09,2026-03-17 12:32:18,amazon Dcvoltage,true
835060000000,202-7953668-3335569,AMAZON,B0CJ4R5796,,LSMCSQWYBL,1,20.89,,2026-03-17 13:10:22,amazon Dcvoltage,true
835070000000,205-3182156-0137966,AMAZON,B0CB8D5MMC,,LSMS320GY+RPR44WH,1,14.99,14.99,2026-03-17 13:52:07,amazon Dcvoltage,true
835080000000,206-4691686-6621913,AMAZON,B08VGP666V,,LSCY290WH+RPR44WH,1,15.79,15.79,2026-03-17 14:27:29,amazon Dcvoltage,true
835090000000,202-9734994-7528339,AMAZON,B0CH3BD4MP,,WSOSBDBM2PK,1,34.79,34.79,2026-03-17 14:40:47,amazon Dcvoltage,true
835100000000,026-0220216-2409166,AMAZON,B0CXSXN4KX,,LSMS320BI2PK+RPR44WH2PK,1,25.59,25.59,2026-03-17 15:02:28,amazon Dcvoltage,true
835110000000,206-4601741-4407550,AMAZON,B08XBNXQ3X,,PSDS2BMRBL,1,13.99,13.99,2026-03-17 15:12:45,amazon Dcvoltage,true
835120000000,206-0994767-1872314,AMAZON,B0DGPZBHVT,,LDMG95B2283PK,1,15.29,,2026-03-17 15:24:13,amazon Dcvoltage,true
835130000000,204-2291730-7152347,AMAZON,B0D53FZ8GS,,WCB2WH2PK+RPR44WH2PK,2,31.78,31.78,2026-03-17 15:30:06,amazon Dcvoltage,true
835140000000,026-4847613-5168366,AMAZON,B0CXSQZ68C,,LSCY290BD2PK+RPR44WH2PK,1,25.89,25.89,2026-03-17 15:49:25,amazon Dcvoltage,true
835150000000,205-1442870-7536302,AMAZON,B0F48K41L6,,RWWPSY10100YE,1,9.99,9.99,2026-03-17 17:04:06,amazon Dcvoltage,true
835160000000,206-2678556-1841143,AMAZON,B07CSVGZMV,,CL3TBUAPK,2,39.78,39.78,2026-03-17 18:04:04,amazon Dcvoltage,true
835170000000,203-2277071-4623545,AMAZON,B0C7C59JYH,,LSCY290CH+RPR44WH,1,16.79,16.79,2026-03-17 19:25:08,amazon Dcvoltage,true
835180000000,204-1722373-7639553,AMAZON,B0GCZQVHRF,,CRFF100BM+LHNSE27BM+ICST64E27,1,16.99,16.99,2026-03-17 19:34:17,amazon Dcvoltage,true
835190000000,026-3557734-8855536,AMAZON,B0D6VK2QFK,,ENC7391,1,38.46,41.93,2026-03-17 20:03:37,amazon Dcvoltage,true
835200000000,205-7626417-1700364,AMAZON,B0CXSQZ68C,,LSCY290BD2PK+RPR44WH2PK,1,25.89,25.89,2026-03-17 21:13:13,amazon Dcvoltage,true
835210000000,203-8907695-8733107,AMAZON,B0CTTFPLLV,,LSMS320BI+RPR44WH,1,14.99,14.99,2026-03-17 21:28:36,amazon Dcvoltage,true
835220000000,026-4154826-7394748,AMAZON,B0GD51HL84,,ENC7770,1,25.89,,2026-03-17 21:39:09,amazon Dcvoltage,true
835230000000,026-3285480-4429101,AMAZON,B0F48K41L6,,RWWPSY10100YE,1,9.99,9.99,2026-03-17 21:40:29,amazon Dcvoltage,true
835240000000,202-4795195-9997167,AMAZON,B08XC25WCD,,CL3TBMAPK,1,24.89,24.89,2026-03-17 21:45:56,amazon Dcvoltage,true
835250000000,204-5059798-6487512,AMAZON,B07F9SH71F,,LDMG95E274,1,5.69,,2026-03-17 22:06:34,amazon Dcvoltage,true
835260000000,205-3528086-2325953,AMAZON,B07CST825S,,CL2RBMAPK,1,20.29,20.29,2026-03-17 22:23:54,amazon Dcvoltage,true
835270000000,203-4100071-8240365,AMAZON,B0CGRJ1V8L,,TPOSBDBM,1,24.69,24.69,2026-03-17 22:26:25,amazon Dcvoltage,true
835280000000,205-6223094-5041901,AMAZON,B07ZFWL5T1,,CRFF100GB+LHNSE27GB,1,13.89,,2026-03-17 23:21:34,amazon Dcvoltage,true
835290000000,204-5002421-4348359,AMAZON,B0D28XF1RG,,LSCY290AA3PK+RPR44WH3PK,1,40.79,40.79,2026-03-17 00:41:36,amazon Ledsone,true
835300000000,202-3960102-1018741,AMAZON,B0CCJ2GVV9,,SPSDP2SN6PK,1,20.09,20.09,2026-03-17 07:02:41,amazon Ledsone,true
835310000000,203-3670302-9065917,AMAZON,B0F291K6SL,,LSCY290YE+RPR44WH,2,31.78,31.78,2026-03-17 07:28:40,amazon Ledsone,true
835320000000,204-7906490-5998743,AMAZON,B0BB34B2QY,,CL2RBR5PK,1,13.79,13.79,2026-03-17 10:11:42,amazon Ledsone,true
835330000000,202-6336174-9413163,AMAZON,B0CCHYTN4H,,SPSDP2YB6PK,1,19.79,19.79,2026-03-17 12:30:20,amazon Ledsone,true
835340000000,206-4334927-5486768,AMAZON,B093T4L68X,,LSCY290WH+RPR44WH,1,15.89,15.89,2026-03-17 12:47:41,amazon Ledsone,true
835350000000,203-2256168-0688307,AMAZON,B09JM3PLLH,,LDSG125LOE274,1,10.19,10.19,2026-03-17 13:15:58,amazon Ledsone,true
835360000000,206-7050972-3329153,AMAZON,B07CPWC9PP,,dc12IP6780,1,15.69,15.69,2026-03-17 13:17:07,amazon Ledsone,true
835370000000,205-8851567-6774721,AMAZON,B093T4FQVW,,LSMS320GR+RPR44WH,1,14.79,14.79,2026-03-17 13:45:18,amazon Ledsone,true
835380000000,205-4256357-1137164,AMAZON,B0CHDZXZGJ,,CL3TAG5PK,1,13.79,13.79,2026-03-17 13:51:17,amazon Ledsone,true
835390000000,206-6038497-4377954,AMAZON,B0C3ZT3VR1,,LSCY290BD+RPR44WH,1,14.89,,2026-03-17 14:34:45,amazon Ledsone,true
835400000000,204-0908946-9642725,AMAZON,B0CFVCM4Z5,,PSOS4BMTHE+ICST64E27,1,19.59,19.59,2026-03-17 15:12:42,amazon Ledsone,true
835410000000,204-7510611-6455558,AMAZON,B08KW8R4R8,,CL2TBDAPK,1,21.49,21.49,2026-03-17 16:11:19,amazon Ledsone,true
835420000000,203-4590352-6797145,AMAZON,B094DN1XL1,,PLADBC,1,48.76,,2026-03-17 17:34:08,amazon Ledsone,true
835430000000,202-6964068-2157134,AMAZON,B0CCHXR4X2,,SPSDP2WH3PK,1,14.09,14.09,2026-03-17 18:52:38,amazon Ledsone,true
835440000000,203-0063310-1091505,AMAZON,B0D28XC4DK,,amzn.gr.LSCY290BM3PK_RPR44WH3P-_NED9x-VG,1,32.17,,2026-03-17 19:10:42,amazon Ledsone,true
835450000000,204-2908077-3265944,AMAZON,B0DBTV74L3,,LSLT360BI2PK+RPR44WH2PK,1,20.89,20.89,2026-03-17 19:51:17,amazon Ledsone,true
835460000000,026-0714669-9529921,AMAZON,B0BW9SGHDN,,LSLT360WH+RPR44WH,1,13.79,13.79,2026-03-17 20:00:21,amazon Ledsone,true
835470000000,205-4196424-5768319,AMAZON,B0C3ZT3VR1,,LSCY290BD+RPR44WH,1,17.38,,2026-03-17 20:32:26,amazon Ledsone,true
835480000000,204-8872397-8785969,AMAZON,B0F2919THD,,LSCY290CO+RPR44WH,1,18.19,,2026-03-17 21:04:10,amazon Ledsone,true
835490000000,026-4055738-5817139,AMAZON,B0CFVBZ2GH,,PSOS2BMTHE+ICST64E27,1,20.59,20.59,2026-03-17 22:04:38,amazon Ledsone,true
835500000000,205-9892653-2746739,AMAZON,B0D296W2FG,,LSCY290GY3PK+RPR44WH3PK,1,41.59,41.59,2026-03-17 23:32:49,amazon Ledsone,true
837160000000,206-9700824-0246728,AMAZON,B0BNW14HRC,,ENC785,1,28.89,28.89,2026-03-18 00:52:13,amazon Dcvoltage,true
837170000000,204-8449442-6654744,AMAZON,B08VGPPQ48,,LSCY290GY+RPR44WH,1,15.49,15.49,2026-03-18 07:00:49,amazon Dcvoltage,true
837180000000,202-5368143-4598741,AMAZON,B07ZFWL5T1,,CRFF100GB+LHNSE27GB,1,13.89,13.89,2026-03-18 07:46:07,amazon Dcvoltage,true
837190000000,204-0350085-1540325,AMAZON,B0F48K41L6,,RWWPSY10100YE,1,9.99,9.99,2026-03-18 07:58:33,amazon Dcvoltage,true
837200000000,205-4379803-5603553,AMAZON,B08X9WZXK1,,PSDS4BMRBM,1,14.07,14.07,2026-03-18 10:02:03,amazon Dcvoltage,true
837210000000,204-5349293-0594769,AMAZON,B0DH66Z6JM,,CL2TBM5PK,1,13.99,13.99,2026-03-18 10:26:39,amazon Dcvoltage,true
837220000000,026-0016284-1072357,AMAZON,B0D5BFHKBN,,amzn.gr.LSMS320GY2PK_RPR44WH2P-4NeCsc-LN,1,25.51,,2026-03-18 11:39:14,amazon Dcvoltage,true
837230000000,202-9093249-4021139,AMAZON,B0D5BFMF7Z,,LSMS320RE2PK+RPR44WH2PK,1,25.89,25.89,2026-03-18 12:35:39,amazon Dcvoltage,true
837240000000,026-1563890-7901128,AMAZON,B096FR3CD5,,ENC1509,1,49.79,49.79,2026-03-18 12:48:21,amazon Dcvoltage,true
837250000000,206-4823774-7228302,AMAZON,B0D2TF3H6H,,LSCY290CO2PK+RPR44WH2PK,1,37.48,32.49,2026-03-18 13:34:09,amazon Dcvoltage,true
837260000000,202-7896950-9708312,AMAZON,B08V8Y2TT3,,CRSF100WH+LHNSE27WH+LSMS320BD,2,41.58,41.58,2026-03-18 13:41:51,amazon Dcvoltage,true
837270000000,203-8830233-7817969,AMAZON,B0CJ4R5796,,LSMCSQWYBL,1,21.89,,2026-03-18 14:08:53,amazon Dcvoltage,true
837280000000,203-2490002-8313126,AMAZON,B0DM63L7J1,,LSFT220BM2PK+RPR44WH2PK,1,16.79,16.79,2026-03-18 14:24:02,amazon Dcvoltage,true
837290000000,205-2776829-2152345,AMAZON,B07PM4GDGP,,CL3TBM5PK,1,11.79,11.79,2026-03-18 14:51:20,amazon Dcvoltage,true
837300000000,206-6565390-5727569,AMAZON,B0FZCRB2RS,,LSHM400HE+RPR44WH,1,28.99,,2026-03-18 14:53:51,amazon Dcvoltage,true
837310000000,204-4196664-4518760,AMAZON,B0CXSXN4KX,,LSMS320BI2PK+RPR44WH2PK,1,25.59,25.59,2026-03-18 15:27:26,amazon Dcvoltage,true
837320000000,202-8130137-0357932,AMAZON,B0D6B5DGFC,,SPSDP2BM3PK,1,12.80,12.80,2026-03-18 16:17:16,amazon Dcvoltage,true
837330000000,206-6300139-1026760,AMAZON,B0DM61D265,,LSFT220BM3PK+RPR44WH3PK,1,19.89,19.89,2026-03-18 16:29:30,amazon Dcvoltage,true
837340000000,203-0519077-7076348,AMAZON,B0D53DFPS4,,WCB1BM2PK+RPR44WH2PK,2,31.78,,2026-03-18 16:40:25,amazon Dcvoltage,true
837350000000,203-4998171-3064351,AMAZON,B0CTTFPLLV,,LSMS320BI+RPR44WH,1,14.99,14.99,2026-03-18 16:55:56,amazon Dcvoltage,true
837370000000,205-9269574-2251514,AMAZON,B0DBWY3P4Q,,CL2RBMAPK,1,18.39,18.39,2026-03-18 17:59:13,amazon Dcvoltage,true
837380000000,203-4437407-1572362,AMAZON,B07DKBSBG4,,LDMT185E274,2,11.07,12.30,2026-03-18 18:04:07,amazon Dcvoltage,true
837390000000,204-3156452-1148313,AMAZON,B08VGPPQ48,,LSCY290GY+RPR44WH,2,30.98,30.98,2026-03-18 18:13:36,amazon Dcvoltage,true
837400000000,205-6480453-7793162,AMAZON,B07QV1YKZW,,12RPIP45100,1,14.89,14.89,2026-03-18 18:46:41,amazon Dcvoltage,true
837410000000,206-4577350-6413917,AMAZON,B08TLRK8PT,,ENC773,1,20.89,20.89,2026-03-18 19:22:24,amazon Dcvoltage,true
837420000000,206-4126682-9350712,AMAZON,B07L8HQG6Y,,CL3TGD5PK,1,13.99,13.99,2026-03-18 20:13:00,amazon Dcvoltage,true
837430000000,203-5727193-1713933,AMAZON,B0CTT4CH4C,,LSMS320GR+RPR44WH,1,16.99,16.99,2026-03-18 20:32:36,amazon Dcvoltage,true
837440000000,202-8691542-1364330,AMAZON,B0BNW14HRC,,ENC785,3,83.67,83.67,2026-03-18 20:34:59,amazon Dcvoltage,true
837450000000,204-8296390-3716359,AMAZON,B0G2YBJVW4,,ENC7844,1,17.89,,2026-03-18 21:33:44,amazon Dcvoltage,true
837460000000,204-3359341-1926730,AMAZON,B08XBYXQC6,,CL3TBRAPK,1,19.89,,2026-03-18 21:40:24,amazon Dcvoltage,true
837470000000,203-2672366-5803534,AMAZON,B0965HZJGN,,ENC686,1,51.89,51.89,2026-03-18 21:42:58,amazon Dcvoltage,true
837480000000,203-6834443-2998741,AMAZON,B08X9WV762,,PSDS4BMRBU,1,14.89,,2026-03-18 21:43:02,amazon Dcvoltage,true
837490000000,205-7013004-5347518,AMAZON,B0CKWLQZ83,,CL3RBD5PK,1,12.89,12.89,2026-03-18 22:06:29,amazon Dcvoltage,true
837500000000,204-6948946-3660330,AMAZON,B0CKWLQZ83,,CL3RBD5PK,1,12.89,12.89,2026-03-18 22:47:21,amazon Dcvoltage,true
837510000000,202-1324855-2433168,AMAZON,B0CXSXN4KX,,LSMS320BI2PK+RPR44WH2PK,1,25.59,25.59,2026-03-18 22:53:29,amazon Dcvoltage,true
837520000000,203-1623007-5295548,AMAZON,B0CGRQCV7Y,,CRSF100BM+PHRNWP2RBM+ICST64E27,1,13.79,13.79,2026-03-18 00:09:03,amazon Ledsone,true
837530000000,203-4299198-3051531,AMAZON,B0B4K5THS1,,PSDS4BMRRO_MAN,1,14.07,14.07,2026-03-18 06:46:17,amazon Ledsone,true
837540000000,026-4597217-5957932,AMAZON,B0F7QRPZY7,,CL3TBRAPK,1,19.89,19.89,2026-03-18 07:14:30,amazon Ledsone,true
837550000000,202-1928384-6331559,AMAZON,B0C3ZT6D5G,,LSCY290YB+RPR44WH,1,17.89,17.89,2026-03-18 07:29:27,amazon Ledsone,true
837560000000,206-2091570-7694723,AMAZON,B0C2D1HNCJ,,amzn.gr.ENC1919-AM-cO9qm8T0ziukKVGVFf-LN,1,14.39,,2026-03-18 08:44:59,amazon Ledsone,true
837570000000,026-1114680-3776324,AMAZON,B0BBS3NXFM,,CL3TBRAPK,1,21.69,21.69,2026-03-18 11:34:45,amazon Ledsone,true
837580000000,204-0563558-1760353,AMAZON,B0FH337XY7,,PLADBC,1,49.76,,2026-03-18 16:44:04,amazon Ledsone,true
837590000000,026-9608260-6745933,AMAZON,B0BBS6B82P,,CL3TBMAPK,1,21.89,21.89,2026-03-18 16:45:16,amazon Ledsone,true
837600000000,205-3439854-3542711,AMAZON,B09JM3PLLH,,LDSG125LOE274,1,10.19,10.19,2026-03-18 19:03:46,amazon Ledsone,true
837610000000,026-3588962-2401165,AMAZON,B0CCDKF18M,,WCB3B+RPR44WH,1,10.49,10.49,2026-03-18 19:21:26,amazon Ledsone,true
837620000000,203-7245271-1237162,AMAZON,B0BBS41T71,,CL3TAGAPK,1,21.69,21.69,2026-03-18 19:40:17,amazon Ledsone,true
837630000000,202-5624548-2203504,AMAZON,B0868DXK1B,,CCBKNWE48,1,10.59,,2026-03-18 20:00:53,amazon Ledsone,true
837640000000,204-5259961-9870731,AMAZON,B0D9692XN7,,PHSF1BWTWH3PK,1,27.35,,2026-03-18 20:09:03,amazon Ledsone,true
837650000000,202-1815749-9434725,AMAZON,B07KW7TW1C,,CL2RBWAPK,1,17.59,,2026-03-18 21:16:48,amazon Ledsone,true
837660000000,204-5492489-2498733,AMAZON,B0F8ML4W33,,ENC8743,1,32.89,,2026-03-18 22:34:18,amazon Ledsone,true
839200000000,206-4303754-8371507,AMAZON,B0C7Q6ZQ8T,,amzn.gr.CRSF100BM_PHHT1PBRBM_L-UbCZ37-LN,1,4.97,4.97,2026-03-19 02:06:07,amazon Dcvoltage,true
839210000000,203-2259470-2880357,AMAZON,B08VGPPQ48,,LSCY290GY+RPR44WH,1,15.49,15.49,2026-03-19 02:43:25,amazon Dcvoltage,true
839220000000,206-2902777-6607523,AMAZON,B0BNVPDQS8,,LHC4E27WH5PK,1,15.38,15.38,2026-03-19 07:40:35,amazon Dcvoltage,true
839230000000,206-8531326-2230719,AMAZON,B0DFHMC949,,LSCY290BI+RPR44WH-,1,15.29,15.29,2026-03-19 07:45:54,amazon Dcvoltage,true
839240000000,206-7027008-9218737,AMAZON,B07F9SH71F,,LDMG95E274,1,5.69,5.69,2026-03-19 09:37:17,amazon Dcvoltage,true
839250000000,206-8150798-6015506,AMAZON,B07PM6VXCG,,CL3TBK5PK,2,26.02,26.02,2026-03-19 11:03:24,amazon Dcvoltage,true
839260000000,203-3020050-5356359,AMAZON,B0CKWLFKR7,,CL3RGR5PK,1,12.89,12.89,2026-03-19 11:34:44,amazon Dcvoltage,true
839270000000,026-4337793-0704325,AMAZON,B0CTTFPLLV,,LSMS320BI+RPR44WH,1,14.99,14.99,2026-03-19 13:06:41,amazon Dcvoltage,true
839280000000,204-7641518-5077168,AMAZON,B07F9SH71F,,LDMG95E274,1,5.69,5.69,2026-03-19 17:11:39,amazon Dcvoltage,true
839290000000,203-9671714-2125158,AMAZON,B07PM5144C,,CL2RCR5PK,1,10.79,10.79,2026-03-19 17:49:08,amazon Dcvoltage,true
839300000000,203-0761746-6508339,AMAZON,B08XBHQ8JJ,,PSDS2BMRGR,1,14.89,14.89,2026-03-19 18:48:24,amazon Dcvoltage,true
839310000000,206-3510802-4153117,AMAZON,B07F9SH71F,,LDMG95E274,1,5.69,5.69,2026-03-19 19:00:41,amazon Dcvoltage,true
839320000000,203-8302173-7677938,AMAZON,B0C7C8LWY9,,LSCY290NB+RPR44WH,1,15.79,15.79,2026-03-19 20:03:27,amazon Dcvoltage,true
839330000000,203-0962156-6236302,AMAZON,B07F9SH71F,,LDMG95E274,1,10.68,5.69,2026-03-19 20:12:26,amazon Dcvoltage,true
839340000000,202-0767861-8979500,AMAZON,B0CYZWJ7WJ,,LSCY290CH2PK+RPR44WH2PK,1,26.89,26.89,2026-03-19 20:32:00,amazon Dcvoltage,true
839350000000,026-5196104-9082730,AMAZON,B07PM4GDGP,,CL3TBM5PK,1,11.79,11.79,2026-03-19 20:33:55,amazon Dcvoltage,true
839360000000,203-6988597-8289943,AMAZON,B08XNPKHZX,,LSSS300YE+RPR44WH,1,13.49,13.49,2026-03-19 20:42:10,amazon Dcvoltage,true
839370000000,206-7551607-5417122,AMAZON,B0CTT9GB4R,,LSMS320WH+RPR44WH,1,14.99,14.99,2026-03-19 20:43:42,amazon Dcvoltage,true
839380000000,206-9298276-6246716,AMAZON,B0D5LSD942,,LSFT220BI2PK+RPR44WH2PK,1,17.99,,2026-03-19 21:56:43,amazon Dcvoltage,true
839390000000,206-7267271-3249133,AMAZON,B0DBLB6ZSH,,LSDO210GR2PK+RPR44WH2PK,1,16.99,16.99,2026-03-19 00:09:16,amazon Ledsone,true
839400000000,206-7267271-3249133,AMAZON,B0DXPCJVCN,,LSDO210BM2PK+RPR44WH2PK,1,17.79,17.79,2026-03-19 00:09:16,amazon Ledsone,true
839420000000,204-5298660-5622727,AMAZON,B0BBS1HPYD,,CL3TREAPK,1,20.89,20.89,2026-03-19 00:17:25,amazon Ledsone,true
839430000000,204-9904152-1332344,AMAZON,B0B82W84F2,,PHSF1AGRGB,1,11.09,11.09,2026-03-19 09:27:03,amazon Ledsone,true
839450000000,203-2446763-4741162,AMAZON,B0B4K4MVSK,,PSDS4BMRBU,1,16.57,14.07,2026-03-19 12:58:08,amazon Ledsone,true
839470000000,202-0326865-6458768,AMAZON,B0CGRJ5PM4,,CRSF100BM+SPSPLBM+PHRNWP2RBM,1,13.59,13.59,2026-03-19 19:05:58,amazon Ledsone,true
839480000000,206-0456513-6276307,AMAZON,B0CZXHLR1Q,,TPOSBDBM2PK,1,46.89,46.89,2026-03-19 19:30:55,amazon Ledsone,true
839490000000,204-4987429-2102702,AMAZON,B0B4K4LN25,,PSDS4BMRBL,1,0.00,,2026-03-19 22:59:19,amazon Ledsone,true
839500000000,204-4987429-2102702,AMAZON,B0B4K4MVSK,,PSDS4BMRBU,1,14.07,14.07,2026-03-19 22:59:19,amazon Ledsone,true
840440000000,205-4329272-3760311,AMAZON,B0C7BZ5756,,LSCY290GC+RPR44WH,1,15.49,15.49,2026-03-20 00:40:45,amazon Dcvoltage,true
840450000000,026-9752487-4992356,AMAZON,B0D4YDHJNZ,,LDMG80E2743PK,1,12.39,12.39,2026-03-20 01:56:13,amazon Dcvoltage,true
840460000000,206-0833616-2533940,AMAZON,B08XC25WCD,,CL3TBMAPK,1,24.89,24.89,2026-03-20 02:26:55,amazon Dcvoltage,true
840470000000,026-2708151-8568302,AMAZON,B096FR3CD5,,ENC1509,1,49.79,49.79,2026-03-20 11:13:23,amazon Dcvoltage,true
840480000000,202-7659622-7183503,AMAZON,B0CXSXN4KX,,LSMS320BI2PK+RPR44WH2PK,1,25.59,25.59,2026-03-20 11:16:02,amazon Dcvoltage,true
840490000000,026-8732722-1841109,AMAZON,B0CKWMJ9YL,,CL3RBW5PK,1,13.59,12.99,2026-03-20 11:59:10,amazon Dcvoltage,true
840500000000,202-8097424-1901168,AMAZON,B08VGQMLYX,,LSCY290BL+RPR44WH,1,15.79,15.79,2026-03-20 13:06:49,amazon Dcvoltage,true
840510000000,203-1988974-2559536,AMAZON,B07NGMCVVV,,LHC2E27WH5PK,1,16.79,16.79,2026-03-20 13:16:23,amazon Dcvoltage,true
840520000000,203-2246010-2241951,AMAZON,B0D4YPCPPS,,LDMG80E2746PK,1,18.89,18.89,2026-03-20 14:07:41,amazon Dcvoltage,true
840530000000,206-2143135-4353916,AMAZON,B08VGP666V,,LSCY290WH+RPR44WH,1,15.79,15.79,2026-03-20 14:28:41,amazon Dcvoltage,true
840550000000,205-6160871-5488313,AMAZON,B0D4XZMBW6,,LDMG80B2246PK,1,17.99,17.99,2026-03-20 16:50:47,amazon Dcvoltage,true
840560000000,202-1020437-4819540,AMAZON,B0CB8D5MMC,,LSMS320GY+RPR44WH,1,14.99,14.99,2026-03-20 17:01:03,amazon Dcvoltage,true
840570000000,204-1470067-8637911,AMAZON,B0DH9DJQKQ,,CL3THE5PK,1,11.99,11.99,2026-03-20 17:01:25,amazon Dcvoltage,true
840580000000,206-6275764-9969133,AMAZON,B0CS9PNL8L,,LSFT220BG3PK,1,31.98,31.98,2026-03-20 17:33:56,amazon Dcvoltage,true
840590000000,202-6159602-9497144,AMAZON,B0CKWMJ9YL,,CL3RBW5PK,1,12.99,12.99,2026-03-20 17:59:09,amazon Dcvoltage,true
840600000000,205-0083218-9265121,AMAZON,B07LFDY4D3,,CL3TBM5PK,1,14.89,14.89,2026-03-20 18:22:46,amazon Dcvoltage,true
840610000000,205-6697119-0518744,AMAZON,B0CJCDZWRB,,LSSS300SN2PK+RPR44WH2PK,1,23.49,,2026-03-20 18:53:08,amazon Dcvoltage,true
840620000000,026-8261025-3959563,AMAZON,B0CTT9GB4R,,LSMS320WH+RPR44WH,2,28.48,,2026-03-20 19:42:31,amazon Dcvoltage,true
840630000000,206-2010039-3957169,AMAZON,B07CWFSGB3,,IP20 12V 360W,1,19.89,19.89,2026-03-20 20:27:28,amazon Dcvoltage,true
840640000000,202-7975490-0661151,AMAZON,B0DH66Y9T8,,CL2TBKAPK,1,18.29,18.29,2026-03-20 21:37:49,amazon Dcvoltage,true
840650000000,202-9355504-3510713,AMAZON,B0CTT2G3B5,,LSMS320BU+RPR44WH,1,14.99,14.99,2026-03-20 22:24:37,amazon Dcvoltage,true
840660000000,202-9355504-3510713,AMAZON,B0CTT9GB4R,,LSMS320WH+RPR44WH,1,14.99,14.99,2026-03-20 22:24:37,amazon Dcvoltage,true
840670000000,202-9479404-2569113,AMAZON,B08Z7RZC6W,,CRSF100BM+PHUH1HETBM+LSHM400HE,1,33.89,,2026-03-20 22:51:51,amazon Dcvoltage,true
840680000000,026-6334292-5097918,AMAZON,B0DYTN8YBR,,RWWPSY10120YE,1,10.89,10.89,2026-03-20 07:46:50,amazon Ledsone,true
840690000000,206-6097674-6178731,AMAZON,B0D7ZTRLBH,,LSCY290BM2PK+RPR44WH2PK,1,25.89,,2026-03-20 10:06:05,amazon Ledsone,true
840700000000,203-8925164-7791529,AMAZON,B093Y7ZZQF,,ENC1312,1,21.39,21.39,2026-03-20 10:57:52,amazon Ledsone,true
840710000000,203-8925164-7791529,AMAZON,B093Y7ZZQF,,ENC1312,1,21.39,21.39,2026-03-20 10:57:52,amazon Ledsone,true
840720000000,202-8075535-6335520,AMAZON,B0CCHXR4X2,,SPSDP2WH3PK,1,14.09,14.09,2026-03-20 12:03:48,amazon Ledsone,true
840730000000,205-0682382-2053156,AMAZON,B0F291K6SL,,LSCY290YE+RPR44WH,1,15.89,15.89,2026-03-20 15:52:29,amazon Ledsone,true
840740000000,204-6045641-2387557,AMAZON,B0CCHXR4X2,,SPSDP2WH3PK,1,14.09,14.09,2026-03-20 16:19:15,amazon Ledsone,true
840750000000,204-9480556-7442754,AMAZON,B0CGRQCV7Y,,CRSF100BM+PHRNWP2RBM+ICST64E27,1,13.79,13.79,2026-03-20 18:04:52,amazon Ledsone,true
840760000000,204-3558474-0005126,AMAZON,B0CCJ3CSB6,,SPSDP2YB3PK,1,12.89,,2026-03-20 18:19:12,amazon Ledsone,true
840770000000,202-7223547-1835566,AMAZON,B0B82Y8Q8N,,PHSF1GDRFG,1,14.99,14.99,2026-03-20 18:22:43,amazon Ledsone,true
840780000000,203-6795953-7209151,AMAZON,B0B8VVQDZR,,LDSG125LOE2742PK,1,20.89,20.89,2026-03-20 20:26:12,amazon Ledsone,true
841840000000,026-0195959-3950721,AMAZON,B0CXT2NJD9,,LSMS320YE2PK+RPR44WH2PK,1,25.89,25.89,2026-03-21 03:50:23,amazon Dcvoltage,true
841850000000,026-5091733-2430759,AMAZON,B0CTT4CH4C,,LSMS320GR+RPR44WH,2,33.98,33.98,2026-03-21 06:46:53,amazon Dcvoltage,true
841860000000,204-2432665-5674749,AMAZON,B0CS9PS8J3,,LSCY210BG3PK+RPR44WH3PK,1,27.51,,2026-03-21 09:24:13,amazon Dcvoltage,true
841870000000,203-3601257-8046769,AMAZON,B0DH8Z6FLZ,,CL3TGDAPK,1,23.99,23.99,2026-03-21 10:14:47,amazon Dcvoltage,true
841880000000,205-6320235-6574749,AMAZON,B0CS9PS8J3,,LSCY210BG3PK+RPR44WH3PK,1,27.51,,2026-03-21 11:36:18,amazon Dcvoltage,true
841890000000,206-4407884-1762716,AMAZON,B08XB1Q8YP,,PSDS2BMRRE,1,11.89,11.89,2026-03-21 12:15:44,amazon Dcvoltage,true
841900000000,202-5399979-7646764,AMAZON,B0CKWLS9WR,,CL3RHE5PK,1,11.78,13.09,2026-03-21 13:48:43,amazon Dcvoltage,true
841910000000,206-1082133-9731551,AMAZON,B0CGRJBVL2,,TPOSBDBM2PK,1,46.89,46.89,2026-03-21 14:14:27,amazon Dcvoltage,true
841920000000,203-5082782-9844329,AMAZON,B08XC1QT69,,CL3THEAPK,1,24.98,19.99,2026-03-21 14:21:15,amazon Dcvoltage,true
841930000000,026-9872735-5189946,AMAZON,B07CVCT7XN,,LDMG95E278,1,6.30,6.30,2026-03-21 16:16:22,amazon Dcvoltage,true
841940000000,205-0779668-0997111,AMAZON,B0BWJWGXD4,,LSCY210BG+RPR44WH,1,12.80,,2026-03-21 16:44:41,amazon Dcvoltage,true
841950000000,202-2291261-6159558,AMAZON,B07LFDY4D3,,CL3TBM5PK,1,14.89,14.89,2026-03-21 17:03:41,amazon Dcvoltage,true
841960000000,203-2003972-3405161,AMAZON,B0C7C8LWY9,,LSCY290NB+RPR44WH,1,15.79,15.79,2026-03-21 17:54:50,amazon Dcvoltage,true
841970000000,026-5420111-9108342,AMAZON,B08XC25WCD,,CL3TBMAPK,1,24.89,24.89,2026-03-21 18:54:01,amazon Dcvoltage,true
841980000000,204-9996779-1665121,AMAZON,B0D5BFGM4G,,LSMS320WH2PK+RPR44WH2PK,1,26.79,26.79,2026-03-21 19:09:52,amazon Ledsone,true
841990000000,204-0089223-1790739,AMAZON,B08Z7W3SYL,,CRSF100BM+PHUH1HETBM+LSHM300HE,1,31.89,31.89,2026-03-21 19:30:21,amazon Dcvoltage,true
842000000000,204-0583609-1685969,AMAZON,B0CS9PS8J3,,LSCY210BG3PK+RPR44WH3PK,1,27.51,,2026-03-21 20:04:58,amazon Dcvoltage,true
842010000000,205-8585191-7461921,AMAZON,B0DH9CY29Z,,CL3TGL5PK,1,14.89,14.89,2026-03-21 20:17:53,amazon Dcvoltage,true
842020000000,206-0764846-2009945,AMAZON,B09K7H6CYW,,ENC2017,1,28.39,28.39,2026-03-21 20:18:08,amazon Dcvoltage,true
842030000000,203-8293338-5935525,AMAZON,B08V8MYCZR,,CRSF100BM+PHSH1PBRBM+LSMS320GR,1,19.89,,2026-03-21 20:33:34,amazon Dcvoltage,true
842040000000,205-6021946-3931506,AMAZON,B0CTT9GB4R,,LSMS320WH+RPR44WH,1,13.11,13.11,2026-03-21 23:10:10,amazon Dcvoltage,true
842050000000,203-2464451-8587527,AMAZON,B0D7ZTRLBH,,LSCY290BM2PK+RPR44WH2PK,1,25.89,25.89,2026-03-21 07:48:26,amazon Ledsone,true
842060000000,026-0012861-1310729,AMAZON,B0CGZQV9Y7,,LSMCSPFLMC+RPR44WH,1,24.89,24.89,2026-03-21 08:38:50,amazon Ledsone,true
842070000000,203-6182244-7320318,AMAZON,B0BBS41T71,,CL3TAGAPK,1,21.69,21.69,2026-03-21 10:16:51,amazon Ledsone,true
842080000000,203-2602119-6952348,AMAZON,B0B77GWCPC,,CRFF108GB2PK+HK10GB2PK,1,13.79,13.79,2026-03-21 10:59:52,amazon Ledsone,true
842090000000,205-9210509-9296364,AMAZON,B0CDWS523Q,,PSHYOS4BRBM,1,14.19,14.19,2026-03-21 11:04:47,amazon Ledsone,true
842100000000,206-1007009-7758756,AMAZON,B0F28ZSNQ7,,LSCY290YB+RPR44WH,1,17.89,17.89,2026-03-21 11:21:59,amazon Ledsone,true
842110000000,205-9854710-6622705,AMAZON,B07CP4SFT5,,12IP6750,1,14.99,14.99,2026-03-21 11:39:48,amazon Ledsone,true
842120000000,205-5658432-8197909,AMAZON,B0CGRJ5PM4,,CRSF100BM+SPSPLBM+PHRNWP2RBM,2,27.18,27.18,2026-03-21 11:43:15,amazon Ledsone,true
842140000000,202-0542699-2451550,AMAZON,B0F2FQNL18,,LPSQ3W6PK,1,17.09,17.09,2026-03-21 13:13:33,amazon Ledsone,true
842150000000,204-4066029-9668331,AMAZON,B0F21TXF2F,,WCWYBM2PK,1,11.98,11.98,2026-03-21 15:19:39,amazon Ledsone,true
842160000000,206-8209019-7661165,AMAZON,B0CBKGJFPJ,,amzn.gr.PHSF2GDTFG_SPSDP2YB_IC-mEUWqi-VG,1,16.72,16.72,2026-03-21 15:41:06,amazon Ledsone,true
842170000000,203-6206482-9603509,AMAZON,B0BBS3NXFM,,CL3TBRAPK,1,21.69,21.69,2026-03-21 15:45:27,amazon Ledsone,true
842180000000,205-1783443-0534726,AMAZON,B09HSB7NBL,,CL2TGD5PK,1,15.14,13.89,2026-03-21 16:27:29,amazon Ledsone,true
842200000000,204-9996779-1665121,AMAZON,B0BW9SGHDN,,LSLT360WH+RPR44WH,1,13.79,13.79,2026-03-21 19:09:52,amazon Ledsone,true
842210000000,202-6605960-2497966,AMAZON,B0FTZFHVV1,,WCFL180RO,1,13.89,13.89,2026-03-21 19:22:37,amazon Ledsone,true
842220000000,203-0645850-6854766,AMAZON,B0CGRJ5PM4,,CRSF100BM+SPSPLBM+PHRNWP2RBM,1,13.59,13.59,2026-03-21 19:48:40,amazon Ledsone,true
842230000000,204-7208948-7080322,AMAZON,B0B9Y9F73N,,CL3TIV5PK,1,13.89,13.89,2026-03-21 20:04:12,amazon Ledsone,true
842240000000,026-8425248-2263531,AMAZON,B0CBMQZ8P6,,PHSF2BMRBM+SPSDP2BM,1,13.89,13.89,2026-03-21 20:28:42,amazon Ledsone,true
842250000000,026-4375241-4849963,AMAZON,B0CCHXR4X2,,SPSDP2WH3PK,1,14.09,14.09,2026-03-21 20:51:11,amazon Ledsone,true
843520000000,203-5324025-9127509,AMAZON,B0DB1J6TVW,,PLPYBS,1,15.79,15.79,2026-03-22 08:58:51,amazon Dcvoltage,true
843530000000,026-9482139-2222735,AMAZON,B0D453YVGN,,PHSF2BMTBM+ICST64E27,1,13.89,13.89,2026-03-22 09:40:49,amazon Dcvoltage,true
843540000000,202-5575693-3893932,AMAZON,B08XC1QT69,,CL3THEAPK,1,19.99,19.99,2026-03-22 10:52:02,amazon Dcvoltage,true
843550000000,203-3898023-5877927,AMAZON,B08XC25WCD,,CL3TBMAPK,1,24.89,24.89,2026-03-22 12:05:30,amazon Dcvoltage,true
843560000000,204-7738534-5849133,AMAZON,B0C7C59JYH,,LSCY290CH+RPR44WH,1,16.79,16.79,2026-03-22 12:23:45,amazon Dcvoltage,true
843570000000,202-7992518-8809112,AMAZON,B08VGP666V,,LSCY290WH+RPR44WH,1,15.79,15.79,2026-03-22 13:07:41,amazon Dcvoltage,true
843580000000,204-6838960-3045942,AMAZON,B08Z7RZC6W,,CRSF100BM+PHUH1HETBM+LSHM400HE,1,33.89,33.89,2026-03-22 14:27:39,amazon Dcvoltage,true
843590000000,204-1305923-2881909,AMAZON,B0CPBXMLYW,,LSCY290CH+RPR44WH RAMZ,1,16.89,16.89,2026-03-22 14:58:54,amazon Dcvoltage,true
843600000000,203-1234064-9434744,AMAZON,B0DFHMC949,,LSCY290BI+RPR44WH-,1,15.29,15.29,2026-03-22 15:07:56,amazon Dcvoltage,true
843610000000,026-9494610-8059504,AMAZON,B0F48LNB6J,,RWWPSY1080YE,3,25.78,,2026-03-22 15:46:28,amazon Dcvoltage,true
843620000000,026-0733340-7213104,AMAZON,B07F9SH71F,,LDMG95E274,1,5.69,5.69,2026-03-22 16:58:10,amazon Dcvoltage,true
843630000000,206-4652386-9473112,AMAZON,B0DH66Z6JM,,CL2TBM5PK,1,13.99,13.99,2026-03-22 16:58:19,amazon Dcvoltage,true
843640000000,026-5057589-7113904,AMAZON,B096FP59Q2,,ENC707,1,45.89,45.89,2026-03-22 17:10:05,amazon Dcvoltage,true
843650000000,202-0425178-8467533,AMAZON,B0DFHMC949,,LSCY290BI+RPR44WH-,1,15.29,,2026-03-22 17:59:57,amazon Dcvoltage,true
843660000000,202-3042147-3117943,AMAZON,B07F9SH71F,,LDMG95E274,1,5.69,5.69,2026-03-22 18:17:41,amazon Dcvoltage,true
843670000000,203-2705878-1949119,AMAZON,B07PM5144C,,CL2RCR5PK,1,10.79,10.79,2026-03-22 19:40:34,amazon Dcvoltage,true
843680000000,026-7150383-1489915,AMAZON,B0DBWY3P4Q,,CL2RBMAPK,1,18.39,18.39,2026-03-22 19:57:56,amazon Dcvoltage,true
843690000000,205-7720292-7365925,AMAZON,B0CKWMJ9YL,,CL3RBW5PK,1,12.99,12.99,2026-03-22 20:19:04,amazon Dcvoltage,true
843700000000,203-7035747-7378721,AMAZON,B0CTTFPLLV,,LSMS320BI+RPR44WH,1,14.99,,2026-03-22 20:40:01,amazon Dcvoltage,true
843710000000,203-8744829-2795563,AMAZON,B07PM6VXCG,,CL3TBK5PK,1,12.75,,2026-03-22 21:26:03,amazon Dcvoltage,true
843720000000,204-1344369-0852308,AMAZON,B0D56ZN8NP,,WCB7WH2PK+RPR44WH2PK,1,16.79,16.79,2026-03-22 21:54:18,amazon Dcvoltage,true
843730000000,204-1344369-0852308,AMAZON,B0D56Z8CHY,,WCB6WH2PK+RPR44WH2PK,1,16.89,16.89,2026-03-22 21:54:18,amazon Dcvoltage,true
843740000000,202-3925128-9189931,AMAZON,B08V8C19VZ,,CRSF100BM+PHSH1PBRBM+LSMS320BT,1,18.79,18.79,2026-03-22 22:57:59,amazon Dcvoltage,true
843750000000,205-7047281-6253965,AMAZON,B0D4YPCPPS,,LDMG80E2746PK,1,18.89,,2026-03-22 23:41:45,amazon Dcvoltage,true
843760000000,205-9444924-6398737,AMAZON,B0DXQ8VVR7,,LSCY290WH2PK+RPR44WH2PK,1,25.79,25.79,2026-03-22 06:52:53,amazon Ledsone,true
843770000000,205-8270666-5673112,AMAZON,B0BW9R2WQ6,,LSLT360RE+RPR44WH,1,14.59,14.59,2026-03-22 08:43:05,amazon Ledsone,true
843780000000,204-6501793-0993153,AMAZON,B0DXQ85YB6,,LSCY290GB2PK+RPR44WH2PK,2,57.78,,2026-03-22 09:22:23,amazon Ledsone,true
843790000000,204-9606830-3516360,AMAZON,B0CCJ2NWRP,,SPSDP2BM5PK,1,17.89,17.89,2026-03-22 11:37:07,amazon Ledsone,true
843800000000,203-4697151-5841932,AMAZON,B0B9K32R7K,,CL2THE5PK,1,14.39,14.39,2026-03-22 13:12:36,amazon Ledsone,true
843810000000,203-8231908-2180325,AMAZON,B0D296W2FG,,LSCY290GY3PK+RPR44WH3PK,1,41.59,41.59,2026-03-22 13:24:35,amazon Ledsone,true
843820000000,026-9866379-0465106,AMAZON,B0B7SJSZFR,,PHSF1BMTBM,1,11.89,11.89,2026-03-22 13:37:05,amazon Ledsone,true
843830000000,026-2444063-1142733,AMAZON,B0BLZHCRGZ,,LDMG95E2746PK,1,23.59,23.59,2026-03-22 14:37:13,amazon Ledsone,true
843840000000,205-2153191-0073114,AMAZON,B0F1N8D5PR,,CL3RSI5PK,1,10.49,10.49,2026-03-22 15:18:06,amazon Ledsone,true
843850000000,026-9690298-1100311,AMAZON,B0C7CXCV4K,,CNP1000FG3PK,1,12.89,12.89,2026-03-22 15:22:26,amazon Ledsone,true
843860000000,026-8973725-4765953,AMAZON,B0C4PNFVK4,,CRSF2003BM+PHMU1PBRGS3PK+LSDM220GS3PKFBA,1,43.59,43.59,2026-03-22 17:16:09,amazon Ledsone,true
843870000000,203-7293106-5914746,AMAZON,B07CPWC9PP,,dc12IP6780,1,15.69,15.69,2026-03-22 17:58:32,amazon Ledsone,true
843880000000,202-1820719-8100348,AMAZON,B09WJC8S2P,,CRFF140YB+WSNW170YB+LSOL220YB+ICST64E27,2,37.78,,2026-03-22 18:14:38,amazon Ledsone,true
843890000000,204-5480833-3436368,AMAZON,B0CHRVWSBM,,CL3RBM5PK,1,11.99,11.99,2026-03-22 18:40:00,amazon Ledsone,true
843900000000,202-0793984-3292369,AMAZON,B0C3ZT3VR1,,LSCY290BD+RPR44WH,1,14.89,,2026-03-22 20:12:07,amazon Ledsone,true
843910000000,205-2759474-8308310,AMAZON,B0F291K6SL,,LSCY290YE+RPR44WH,1,15.89,,2026-03-22 22:17:32,amazon Ledsone,true
845120000000,026-2283292-1784352,AMAZON,B0BZ4YPVXF,,ENC1292,1,20.89,20.89,2026-03-23 05:38:37,amazon Dcvoltage,true
845130000000,026-9108283-5890739,AMAZON,B08XC1QT69,,CL3THEAPK,1,19.99,19.99,2026-03-23 06:46:20,amazon Dcvoltage,true
845140000000,026-6881101-8326701,AMAZON,B09643CJ5N,,CRFF500BM+PHCH1BMRBM3PK+LSDO210BG3PK,1,39.48,,2026-03-23 07:37:54,amazon Dcvoltage,true
845150000000,206-4601015-7345160,AMAZON,B07CSZ7YKC,,CL2TGDAPK,1,17.89,17.89,2026-03-23 08:48:49,amazon Dcvoltage,true
845160000000,206-1888957-7034710,AMAZON,B0CTC7XPNX,,CRSF100BM+LHNSE27YB+SCRN70BM+LSFT220BG,1,18.99,18.99,2026-03-23 10:42:16,amazon Dcvoltage,true
845170000000,203-7890661-7500330,AMAZON,B08XC25WCD,,CL3TBMAPK,1,24.89,24.89,2026-03-23 10:58:24,amazon Dcvoltage,true
845180000000,203-1895789-5760333,AMAZON,B0DFHMDZYQ,,LSCY290NB+RPR44WH,1,15.79,15.79,2026-03-23 12:18:56,amazon Dcvoltage,true
845190000000,202-6531438-8247514,AMAZON,B0C9TSHB33,,LSCY210BM+RPR44WH,1,13.79,13.79,2026-03-23 12:28:11,amazon Dcvoltage,true
845200000000,206-0082657-0249900,AMAZON,B07F9SH71F,,LDMG95E274,1,5.69,5.69,2026-03-23 13:04:27,amazon Dcvoltage,true
845210000000,202-9278604-8048334,AMAZON,B07CVXRPPZ,,12IP67150,1,19.99,19.99,2026-03-23 13:08:46,amazon Dcvoltage,true
845220000000,205-7194243-1883529,AMAZON,B0CNZ5QRHW,,CL3RYEAPK,2,36.68,,2026-03-23 13:19:41,amazon Dcvoltage,true
845230000000,203-4614250-8041168,AMAZON,B0CTC7XPNX,,CRSF100BM+LHNSE27YB+SCRN70BM+LSFT220BG,2,37.98,37.98,2026-03-23 13:36:59,amazon Dcvoltage,true
845240000000,026-5259509-4320327,AMAZON,B0C171T3ZR,,PSDS2RGY,1,9.89,9.89,2026-03-23 13:45:35,amazon Dcvoltage,true
845250000000,205-4739350-9122733,AMAZON,B07L8GPT85,,CL3TGY5PK,1,14.13,14.13,2026-03-23 14:08:30,amazon Dcvoltage,true
845260000000,206-8373369-9373904,AMAZON,B0D44XWSWS,,PHSF2GDTFG+ICST64E27,1,13.89,13.89,2026-03-23 14:11:16,amazon Dcvoltage,true
845270000000,206-1629159-1629956,AMAZON,B0CKWLQZ83,,CL3RBD5PK,1,12.89,12.89,2026-03-23 14:43:43,amazon Ledsone,true
845280000000,204-5203149-7709109,AMAZON,B0CGRJ1V8L,,TPOSBDBM,1,24.69,24.69,2026-03-23 14:51:20,amazon Dcvoltage,true
845290000000,206-1459061-6173109,AMAZON,B0CS9Q78XH,,LSCY210BG2PK+RPR44WH2PK,1,21.49,21.49,2026-03-23 15:57:56,amazon Dcvoltage,true
845300000000,204-3961375-3618749,AMAZON,B08VGP666V,,LSCY290WH+RPR44WH,1,15.79,15.79,2026-03-23 15:59:10,amazon Dcvoltage,true
845310000000,206-5480879-4069945,AMAZON,B07F9SH71F,,LDMG95E274,1,5.69,5.69,2026-03-23 16:36:21,amazon Dcvoltage,true
845330000000,206-0170137-9873167,AMAZON,B07CWGNBBJ,,12IP20120,1,15.49,15.49,2026-03-23 17:10:31,amazon Dcvoltage,true
845340000000,206-8786189-8199551,AMAZON,B07PM6VXCG,,CL3TBK5PK,1,13.01,13.01,2026-03-23 17:43:26,amazon Dcvoltage,true
845350000000,202-2438014-8619536,AMAZON,B0CYZVX28V,,LSCY290CO2PK+RPR44WH2PK,1,27.89,27.89,2026-03-23 17:47:51,amazon Dcvoltage,true
845360000000,205-5477053-4606762,AMAZON,B07PM6VXCG,,CL3TBK5PK,1,13.01,13.01,2026-03-23 18:06:57,amazon Dcvoltage,true
845370000000,202-2962997-3931551,AMAZON,B0CYZVX28V,,LSCY290CO2PK+RPR44WH2PK,1,27.89,27.89,2026-03-23 18:10:13,amazon Dcvoltage,true
845380000000,204-9208391-4472321,AMAZON,B0DH67XKP9,,CL2TBRAPK,1,18.19,18.19,2026-03-23 18:21:10,amazon Dcvoltage,true
845390000000,205-6214036-3180325,AMAZON,B0CTTFPLLV,,LSMS320BI+RPR44WH,1,14.99,14.99,2026-03-23 18:52:20,amazon Dcvoltage,true
845400000000,202-6873902-3496351,AMAZON,B07F9SH71F,,LDMG95E274,1,5.69,5.69,2026-03-23 19:13:47,amazon Dcvoltage,true
845410000000,026-2934198-3615565,AMAZON,B0CGRJ1V8L,,TPOSBDBM,1,24.69,24.69,2026-03-23 19:45:51,amazon Dcvoltage,true
845420000000,203-2005058-7613900,AMAZON,B0DH66Z6JM,,CL2TBM5PK,1,13.99,13.99,2026-03-23 19:59:54,amazon Dcvoltage,true
845430000000,203-7948677-5290751,AMAZON,B0D6VK2QFK,,amzn.gr.ENC7391--vontr2VshA75t3s1JK_I-LN,1,38.89,38.89,2026-03-23 20:09:07,amazon Dcvoltage,true
845440000000,026-8089963-9859542,AMAZON,B0C7GK1BRT,,ENC5170,2,49.96,,2026-03-23 20:44:35,amazon Dcvoltage,true
845450000000,026-8644589-9343556,AMAZON,B0FR738SKW,,PHSF2BMTBM3PK+ICST64E273PK,2,80.14,,2026-03-23 22:21:08,amazon Dcvoltage,true
845460000000,026-3177596-0680355,AMAZON,B096FPKPNQ,,ENC685,1,53.89,53.89,2026-03-23 22:46:09,amazon Dcvoltage,true
845470000000,206-7384075-3408318,AMAZON,B0CB7WP6YJ,,SPSDP2BM6PK,1,18.51,18.51,2026-03-23 22:50:38,amazon Dcvoltage,true
845480000000,206-9736064-6421963,AMAZON,B0D93QM7CS,,ENC7473,1,24.68,24.68,2026-03-23 09:00:54,amazon Ledsone,true
845490000000,202-2613090-3521147,AMAZON,B0D7S17C9W,,LSMS320BU+RPR44WH,1,14.99,14.99,2026-03-23 09:01:07,amazon Ledsone,true
845500000000,202-1395265-0471561,AMAZON,B0B7SH5CPX,,PHSF1BWTSN,1,14.19,14.19,2026-03-23 09:34:27,amazon Ledsone,true
845510000000,205-8462317-4230729,AMAZON,B08638WV4N,,PHSF1AGTGB,1,16.79,16.79,2026-03-23 10:23:52,amazon Ledsone,true
845520000000,206-5420314-0381940,AMAZON,B0DRYSCF1X,,LHSHE27WH3PK,1,13.92,,2026-03-23 12:30:09,amazon Ledsone,true
845530000000,206-3412111-3140360,AMAZON,B0D7ZTRLBH,,LSCY290BM2PK+RPR44WH2PK,1,25.89,,2026-03-23 12:34:49,amazon Ledsone,true
845540000000,203-7921512-5759527,AMAZON,B0CCHXR4X2,,SPSDP2WH3PK,1,14.09,14.09,2026-03-23 13:15:46,amazon Ledsone,true
845550000000,205-1779328-7564363,AMAZON,B09WJC8S2P,,CRFF140YB+WSNW170YB+LSOL220YB+ICST64E27,1,18.89,,2026-03-23 14:17:57,amazon Ledsone,true
845560000000,206-1629159-1629956,AMAZON,B0CHDZ8L2S,,CL3TBL5PK,1,10.39,10.39,2026-03-23 14:43:43,amazon Ledsone,true
845570000000,026-3741164-2838719,AMAZON,B0F291VKCF,,LSCY290RE+RPR44WH,1,14.89,,2026-03-23 15:54:26,amazon Ledsone,true
845580000000,026-9414075-8501937,AMAZON,B0CFHMCP1L,,LDMST64E2783PK,1,17.59,17.59,2026-03-23 18:10:37,amazon Ledsone,true
845590000000,204-5916832-3535535,AMAZON,B0F9X1D46L,,CL3RBMAPK,1,22.89,22.89,2026-03-23 18:23:36,amazon Ledsone,true
845600000000,206-0605303-9809954,AMAZON,B0B4K4LN25,,PSDS4BMRBL,1,13.00,14.17,2026-03-23 19:18:49,amazon Ledsone,true
845610000000,026-0307775-8481149,AMAZON,B093DJJ8J3,,CL2TBMAPK,1,18.38,18.38,2026-03-23 19:54:59,amazon Ledsone,true
845620000000,202-0878763-3769168,AMAZON,B0CBCN1B9S,,CRFF500BM+PHCH1BMRBM3PK+LSCY210BG3PK+IC,1,46.69,,2026-03-23 20:03:51,amazon Ledsone,true
845630000000,026-3051717-3303546,AMAZON,B0BWYR87HL,,CRSF100GS+WSWH135BM+LSHQ150OR,1,14.93,,2026-03-23 20:21:27,amazon Ledsone,true
845640000000,205-6719497-1173142,AMAZON,B093T4FQVW,,LSMS320GR+RPR44WH,1,14.79,,2026-03-23 20:23:17,amazon Ledsone,true
845650000000,203-1016945-0319569,AMAZON,B0CHRVWSBM,,CL3RBM5PK,2,22.78,23.78,2026-03-23 20:45:35,amazon Ledsone,true
845660000000,205-6689968-6838706,AMAZON,B0BBS1HPYD,,CL3TREAPK,1,20.89,,2026-03-23 21:13:00,amazon Ledsone,true
845670000000,205-5341242-3291538,AMAZON,B0B4K5THS1,,PSDS4BMRRO_MAN,1,14.06,14.06,2026-03-23 22:03:17,amazon Ledsone,true
845680000000,206-8982021-9515556,AMAZON,B09JM3PLLH,,LDSG125LOE274,1,10.19,10.19,2026-03-23 22:26:34,amazon Ledsone,true
845690000000,204-5560923-5035518,AMAZON,B0CCJ3MP82,,SPSDP2SN3PK,1,12.99,12.99,2026-03-23 22:42:05,amazon Ledsone,true
845700000000,206-5650863-6936321,AMAZON,B0F7QNZ95S,,ENC8614,1,33.02,,2026-03-23 22:48:48,amazon Ledsone,true
845710000000,203-4632816-1485938,AMAZON,B0BBS81CB8,,CL3TGYAPK,1,21.69,21.69,2026-03-23 23:24:02,amazon Ledsone,true
845720000000,204-8299930-1953121,AMAZON,B0D7S1FK1Q,,LSMS320GR2PK+RPR44WH2PK,1,26.53,26.53,2026-03-23 23:48:33,amazon Ledsone,true
847560000000,204-6556530-7472333,AMAZON,B08XC25WCD,,CL3TBMAPK,1,24.39,,2026-03-24 00:03:12,amazon Dcvoltage,true
847570000000,203-8552845-0805914,AMAZON,B0CS9Q78XH,,LSCY210BG2PK+RPR44WH2PK,1,21.49,21.49,2026-03-24 07:25:00,amazon Dcvoltage,true
847580000000,202-9559429-5283565,AMAZON,B0BNXHF2BR,,CRSF100CO+PHSH1PBRCO+LSDO300CO,1,24.89,24.89,2026-03-24 08:12:35,amazon Dcvoltage,true
847590000000,205-0026462-8005929,AMAZON,B0CZNVZHT6,,LSSS300YE2PK+RPR44WH2PK,2,44.62,49.58,2026-03-24 09:09:11,amazon Dcvoltage,true
847600000000,204-5623560-2205169,AMAZON,B0CTTD21V2,,LSMS320NB+RPR44WH,1,14.99,14.99,2026-03-24 09:32:47,amazon Dcvoltage,true
847610000000,205-2711774-4975533,AMAZON,B07CST825S,,CL2RBMAPK,1,20.29,20.29,2026-03-24 11:35:55,amazon Dcvoltage,true
847620000000,206-2819846-4087553,AMAZON,B0CTTFPLLV,,LSMS320BI+RPR44WH,1,14.99,14.99,2026-03-24 11:47:41,amazon Dcvoltage,true
847630000000,202-6616380-4836360,AMAZON,B0965HZJGN,,ENC686,1,51.89,51.89,2026-03-24 12:36:20,amazon Dcvoltage,true
847640000000,202-8790696-8307533,AMAZON,B0CTT2G3B5,,LSMS320BU+RPR44WH,2,28.48,29.98,2026-03-24 13:37:27,amazon Dcvoltage,true
847650000000,026-0582704-1987507,AMAZON,B0D56ZN8NP,,WCB7WH2PK+RPR44WH2PK,1,16.79,16.79,2026-03-24 13:56:56,amazon Dcvoltage,true
847660000000,204-8048737-0601133,AMAZON,B0C7C6LPRH,,LSCY290BU+RPR44WH,1,16.99,16.99,2026-03-24 14:01:47,amazon Dcvoltage,true
847670000000,206-2847853-6827512,AMAZON,B0D56ZN8NP,,WCB7WH2PK+RPR44WH2PK,1,16.79,16.79,2026-03-24 15:56:51,amazon Dcvoltage,true
847680000000,026-9504975-4202764,AMAZON,B0CXSXN4KX,,LSMS320BI2PK+RPR44WH2PK,1,25.59,,2026-03-24 16:08:04,amazon Dcvoltage,true
847690000000,205-6932030-6421927,AMAZON,B07PM6VXCG,,CL3TBK5PK,1,13.01,,2026-03-24 16:26:57,amazon Dcvoltage,true
847700000000,026-2440737-4693161,AMAZON,B0CBLWLZ4W,,WCWDBM2PK+RPR44WH2PK,1,14.89,,2026-03-24 16:27:27,amazon Dcvoltage,true
847710000000,205-7259448-3145106,AMAZON,B0DH9DJQKQ,,CL3THE5PK,1,11.99,11.99,2026-03-24 17:11:22,amazon Dcvoltage,true
847720000000,203-6936081-6649916,AMAZON,B08Z7RZC6W,,CRSF100BM+PHUH1HETBM+LSHM400HE,1,33.89,33.89,2026-03-24 17:28:54,amazon Dcvoltage,true
847730000000,203-5824879-4960361,AMAZON,B0CB8D5MMC,,LSMS320GY+RPR44WH,1,14.99,14.99,2026-03-24 17:52:10,amazon Dcvoltage,true
847740000000,206-1182957-6021947,AMAZON,B08X4KB22H,,CRSF100BM+LHNSE27CO+SCRN70CO+LSFT220BC,1,17.92,17.92,2026-03-24 18:50:05,amazon Dcvoltage,true
847750000000,202-5623350-9369926,AMAZON,B0CYZWJ7WJ,,LSCY290CH2PK+RPR44WH2PK,1,26.89,26.89,2026-03-24 19:06:57,amazon Dcvoltage,true
847760000000,026-5594064-0399550,AMAZON,B0CTTD21V2,,LSMS320NB+RPR44WH,1,14.99,14.99,2026-03-24 19:07:37,amazon Dcvoltage,true
847770000000,206-9779871-9921914,AMAZON,B07CK4Y6R6,,24IP2024,2,14.28,14.28,2026-03-24 19:13:48,amazon Dcvoltage,true
847780000000,202-0024212-6127511,AMAZON,B0CTTFPLLV,,LSMS320BI+RPR44WH,1,14.99,14.99,2026-03-24 19:16:48,amazon Dcvoltage,true
847790000000,204-1576157-0535500,AMAZON,B0C6LV14PT,,12UK3P2A,1,6.99,,2026-03-24 19:40:11,amazon Dcvoltage,true
847800000000,202-6122977-4119537,AMAZON,B07PM4GDGP,,CL3TBM5PK,1,11.79,11.79,2026-03-24 19:56:06,amazon Dcvoltage,true
847810000000,026-1178198-8948360,AMAZON,B0C7C8LWY9,,LSCY290NB+RPR44WH,1,15.79,15.79,2026-03-24 20:03:42,amazon Dcvoltage,true
847820000000,026-1602990-4213158,AMAZON,B0CBLXL9R1,,WCVCBC2PK+RPR44WH2PK,1,15.89,15.89,2026-03-24 20:26:38,amazon Dcvoltage,true
847830000000,202-7770066-2497924,AMAZON,B0CTTD21V2,,LSMS320NB+RPR44WH,1,14.99,14.99,2026-03-24 20:31:47,amazon Dcvoltage,true
847840000000,204-0243771-6665114,AMAZON,B0CH39MWRF,,WSOSBDBM,1,20.59,20.59,2026-03-24 20:54:09,amazon Dcvoltage,true
847850000000,205-4839002-0220312,AMAZON,B0CBLWLZ4W,,WCWDBM2PK+RPR44WH2PK,1,15.26,15.26,2026-03-24 20:55:46,amazon Dcvoltage,true
847860000000,205-3471008-0734761,AMAZON,B0CXSS7XYX,,LSCY290WH2PK+RPR44WH2PK,1,25.89,25.89,2026-03-24 20:57:12,amazon Dcvoltage,true
847870000000,202-0548882-2401966,AMAZON,B0CBLWLZ4W,,WCWDBM2PK+RPR44WH2PK,1,14.89,14.89,2026-03-24 21:20:26,amazon Dcvoltage,true
847890000000,206-5437876-1182745,AMAZON,B08TMBY3QM,,ENC771,1,16.79,16.79,2026-03-24 22:15:23,amazon Dcvoltage,true
847900000000,206-5329575-3176301,AMAZON,B0DM61D265,,LSFT220BM3PK+RPR44WH3PK,1,19.89,19.89,2026-03-24 23:14:06,amazon Dcvoltage,true
847910000000,203-6847325-2186769,AMAZON,B0BB371NGW,,CL2RBM5PK,1,12.00,12.00,2026-03-24 10:32:53,amazon Ledsone,true
847920000000,026-3685213-8483562,AMAZON,B0CCJ2NWRP,,SPSDP2BM5PK,1,17.89,17.89,2026-03-24 12:14:22,amazon Ledsone,true
847930000000,203-3097536-4933169,AMAZON,B0CW5RLSQL,,CRFF105GB2PK+HK10GB2PK,1,13.79,13.79,2026-03-24 12:29:05,amazon Ledsone,true
847940000000,026-7148182-3221118,AMAZON,B0B4K6KG4F,,PSDS4BMRBR,1,14.07,14.07,2026-03-24 12:30:06,amazon Ledsone,true
847950000000,202-6869289-0802755,AMAZON,B0CFHMCP1L,,LDMST64E2783PK,1,17.59,17.59,2026-03-24 14:45:32,amazon Ledsone,true
847960000000,206-4011138-4978726,AMAZON,B0DXQ7LC8N,,LSCY290GR2PK+RPR44WH2PK,1,24.89,,2026-03-24 17:32:48,amazon Ledsone,true
847970000000,203-8070180-9004365,AMAZON,B0CW5RLSQL,,CRFF105GB2PK+HK10GB2PK,1,13.79,13.79,2026-03-24 18:43:30,amazon Ledsone,true
847980000000,206-9919515-1575524,AMAZON,B0863J112Z,,PHSF1BMTBM2PK,1,16.89,16.89,2026-03-24 19:30:09,amazon Ledsone,true
847990000000,206-1573657-8223533,AMAZON,B0863J112Z,,PHSF1BMTBM2PK,1,16.89,16.89,2026-03-24 19:49:23,amazon Ledsone,true
848000000000,204-5438092-0390728,AMAZON,B0BBS5YWRL,,CL3TGLAPK,1,21.69,21.69,2026-03-24 20:48:35,amazon Ledsone,true
849360000000,206-8654631-9982708,AMAZON,B08XB1Q8YP,,PSDS2BMRRE,1,10.70,11.89,2026-03-25 03:40:57,amazon Dcvoltage,true
849370000000,204-1229634-5835506,AMAZON,B0D56ZN8NP,,WCB7WH2PK+RPR44WH2PK,1,16.79,16.79,2026-03-25 06:42:07,amazon Dcvoltage,true
849380000000,206-7786241-1665129,AMAZON,B0F7QQMJN9,,TSTLRULRB2PK,1,12.29,12.29,2026-03-25 08:08:26,amazon Dcvoltage,true
849390000000,204-0374073-5552315,AMAZON,B07PM4GDGP,,CL3TBM5PK,1,11.79,11.79,2026-03-25 09:21:54,amazon Dcvoltage,true
849400000000,202-2302199-8577162,AMAZON,B0CKWLFKR7,,CL3RGR5PK,1,12.89,12.89,2026-03-25 09:35:19,amazon Dcvoltage,true
849410000000,026-3755542-5437138,AMAZON,B0DMDV1BF9,,WCCYSP160BM2PK,1,26.89,,2026-03-25 10:19:06,amazon Dcvoltage,true
849420000000,202-4265117-8728336,AMAZON,B08VGQMLYX,,LSCY290BL+RPR44WH,1,15.79,15.79,2026-03-25 10:26:12,amazon Dcvoltage,true
849430000000,202-4265117-8728336,AMAZON,B08VGQMLYX,,LSCY290BL+RPR44WH,1,15.79,15.79,2026-03-25 10:26:12,amazon Dcvoltage,true
849440000000,026-5832121-3469117,AMAZON,B0D5LSD942,,LSFT220BI2PK+RPR44WH2PK,1,17.99,17.99,2026-03-25 10:53:19,amazon Dcvoltage,true
849450000000,205-1215509-4287525,AMAZON,B08TX216Y4,,LSMS320BD+RPR44WH,1,14.99,14.99,2026-03-25 11:25:37,amazon Dcvoltage,true
849460000000,026-4650267-1435554,AMAZON,B0CXSXN4KX,,LSMS320BI2PK+RPR44WH2PK,1,26.22,26.22,2026-03-25 11:51:12,amazon Dcvoltage,true
849470000000,204-4347524-3315563,AMAZON,B0F48PQWQB,,RWWPSY1050YE,1,8.69,8.69,2026-03-25 11:58:33,amazon Dcvoltage,true
849480000000,206-9491543-5964326,AMAZON,B07PM5KN1T,,CL3TGL5PK,1,13.09,13.09,2026-03-25 13:04:43,amazon Dcvoltage,true
849490000000,206-7046023-5582755,AMAZON,B0CNZ21Z3Z,,ENC4304,1,29.60,32.89,2026-03-25 13:19:19,amazon Dcvoltage,true
849500000000,205-9582126-4838759,AMAZON,B09643CJ5N,,CRFF500BM+PHCH1BMRBM3PK+LSDO210BG3PK,1,35.53,39.48,2026-03-25 13:37:30,amazon Dcvoltage,true
849510000000,203-8107559-1196334,AMAZON,B0DH9DJQKQ,,CL3THE5PK,1,11.99,11.99,2026-03-25 14:19:00,amazon Dcvoltage,true
849520000000,203-5266491-5541143,AMAZON,B0D453YVGN,,PHSF2BMTBM+ICST64E27,1,13.89,13.89,2026-03-25 15:19:28,amazon Dcvoltage,true
849530000000,203-3404242-4084322,AMAZON,B0CH3BD4MP,,WSOSBDBM2PK,1,34.79,34.79,2026-03-25 15:24:12,amazon Dcvoltage,true
849540000000,202-7216760-7084353,AMAZON,B0CXT2NJD9,,LSMS320YE2PK+RPR44WH2PK,1,25.89,25.89,2026-03-25 15:51:29,amazon Dcvoltage,true
849550000000,202-6257129-6929162,AMAZON,B096FP59Q2,,ENC707,1,45.89,45.89,2026-03-25 16:07:50,amazon Dcvoltage,true
849580000000,203-3355427-7933140,AMAZON,B07CVXRPPZ,,12IP67150,1,19.99,19.99,2026-03-25 18:08:40,amazon Dcvoltage,true
849590000000,202-8293201-2377163,AMAZON,B0CBPBQK1X,,WCB2BC2PK+RPR44WH2PK,1,15.99,15.99,2026-03-25 18:27:14,amazon Dcvoltage,true
849600000000,202-2496657-4633120,AMAZON,B0F48LNB6J,,RWWPSY1080YE,1,8.89,,2026-03-25 19:04:42,amazon Dcvoltage,true
849610000000,205-1026246-3364351,AMAZON,B07L8GPT85,,CL3TGY5PK,1,13.79,13.79,2026-03-25 19:55:01,amazon Dcvoltage,true
849620000000,202-6947505-4443544,AMAZON,B0D53FZ8GS,,WCB2WH2PK+RPR44WH2PK,1,16.29,16.29,2026-03-25 19:57:10,amazon Dcvoltage,true
849630000000,205-1539078-1892366,AMAZON,B0D4YDHJNZ,,LDMG80E2743PK,1,12.39,12.39,2026-03-25 20:01:51,amazon Dcvoltage,true
849640000000,206-1784546-8652359,AMAZON,B07L8GPT85,,CL3TGY5PK,1,13.79,13.79,2026-03-25 20:18:34,amazon Dcvoltage,true
849650000000,202-2369848-5810719,AMAZON,B0CZNJCBB6,,LSSS300BI2PK+RPR44WH2PK,1,22.79,22.79,2026-03-25 21:00:29,amazon Dcvoltage,true
849660000000,205-4124862-5033931,AMAZON,B0CG5YFN9X,,LSCY290BI2PK+RPR44WH2PK,1,26.79,26.79,2026-03-25 21:00:33,amazon Dcvoltage,true
849670000000,026-0643413-0305166,AMAZON,B0CGRJ1V8L,,TPOSBDBM,1,24.69,,2026-03-25 22:46:19,amazon Dcvoltage,true
849680000000,203-0332406-0566713,AMAZON,B0C2CL6NK2,,CL3TBM5PK,1,14.09,14.09,2026-03-25 06:04:29,amazon Ledsone,true
849690000000,026-0205985-1261169,AMAZON,B0CW5X3HHV,,LSDO210GY2PK+RPR44WH2PK,1,18.89,18.89,2026-03-25 07:28:43,amazon Ledsone,true
849700000000,202-1571662-5869909,AMAZON,B0F7R4P38W,,CL2TGDAPK,1,21.29,21.29,2026-03-25 09:38:26,amazon Ledsone,true
849710000000,203-5885610-1756368,AMAZON,B0CBKCDMKH,,PHSF2GDRYB+SPSDP2YB+ICST64E27,1,17.39,17.39,2026-03-25 09:38:50,amazon Ledsone,true
849720000000,203-6288317-8734712,AMAZON,B0FPWTHD66,,LSOL180BC2PK+RPR44WH2PK,1,17.89,17.89,2026-03-25 09:41:12,amazon Ledsone,true
849730000000,205-7087282-4317909,AMAZON,B0DXQ8VVR7,,LSCY290WH2PK+RPR44WH2PK,1,25.79,25.79,2026-03-25 11:15:13,amazon Ledsone,true
849740000000,205-4832905-9865138,AMAZON,B0B2K9RXV1,,LHC2E27WH5PK,1,21.19,21.19,2026-03-25 11:26:27,amazon Ledsone,true
849750000000,206-7916176-7867547,AMAZON,B07PFMPYD4,,CL3TGDAPK,1,20.70,20.70,2026-03-25 14:27:38,amazon Ledsone,true
849760000000,206-9733516-6298765,AMAZON,B0B4BG19YY,,PSDS2BMRBM,1,13.88,13.88,2026-03-25 14:44:35,amazon Ledsone,true
849770000000,204-3448826-6323531,AMAZON,B093T4L68X,,amzn.gr.LSCY290WH_RPR44WH_AMN-JwXeDul-VG,1,14.94,14.94,2026-03-25 16:29:43,amazon Ledsone,true
849780000000,204-7497139-7057959,AMAZON,B0B4BHWYR9,,PSDS2BMRGD,1,15.67,15.67,2026-03-25 17:21:40,amazon Ledsone,true
849790000000,203-7583632-3769139,AMAZON,B0DJFD9Q82,,LSFT220BM3PK+RPR44WH3PK,1,22.79,22.79,2026-03-25 17:22:23,amazon Ledsone,true
849800000000,202-4796741-2801118,AMAZON,B0CHRVWSBM,,CL3RBM5PK,1,11.57,,2026-03-25 18:25:19,amazon Ledsone,true
849810000000,206-6658969-3011565,AMAZON,B0BC1CMSVD,,CL3RGDAPK,1,19.99,19.99,2026-03-25 18:30:00,amazon Ledsone,true
849820000000,203-4886843-4138729,AMAZON,B0CDWVF7VV,,PSHYOS4WRWH,1,14.19,14.19,2026-03-25 19:17:41,amazon Ledsone,true
849830000000,205-2029189-6105129,AMAZON,B0BBS6B82P,,CL3TBMAPK,1,21.89,21.89,2026-03-25 19:18:32,amazon Ledsone,true
849840000000,203-2247275-6719569,AMAZON,B084C3LZ91,,PLWEFBM+LDMST64E274,1,24.89,24.89,2026-03-25 19:19:59,amazon Ledsone,true
849850000000,206-4204459-4905160,AMAZON,B0CCHXR4X2,,SPSDP2WH3PK,1,14.09,,2026-03-25 21:30:10,amazon Ledsone,true
849860000000,206-6458533-7783540,AMAZON,B0DXQ85YB6,,LSCY290GB2PK+RPR44WH2PK,1,28.89,28.89,2026-03-25 21:33:28,amazon Ledsone,true
849870000000,202-1531885-9626703,AMAZON,B0CCL729S8,,amzn.gr.ENC1313_AMN-wouEzMTP1Ymo2wBRn-VG,1,15.67,15.67,2026-03-25 21:42:21,amazon Ledsone,true
849880000000,206-0306982-7865163,AMAZON,B0863J112Z,,PHSF1BMTBM2PK,1,16.89,,2026-03-25 21:44:05,amazon Ledsone,true
849890000000,026-4670158-4671508,AMAZON,B0CZXL6ZYG,,TPOSBDBM,1,29.68,,2026-03-25 21:55:41,amazon Ledsone,true
849900000000,204-8397902-1593948,AMAZON,B0CHRVWSBM,,CL3RBM5PK,1,11.99,,2026-03-25 22:40:25,amazon Ledsone,true
849910000000,206-9983820-9599547,AMAZON,B084C2T9QZ,,amzn.gr.WLWL-CS-WCGENCBCR-liQDR4IJAdr-VG,1,19.49,,2026-03-25 23:45:44,amazon Ledsone,true
851040000000,202-3673056-1253904,AMAZON,B0CXT2NJD9,,LSMS320YE2PK+RPR44WH2PK,1,23.30,25.89,2026-03-26 03:29:57,amazon Dcvoltage,true
851050000000,204-0655968-9135511,AMAZON,B0CSPDC2PX,,ENC6087,1,26.89,26.89,2026-03-26 09:35:16,amazon Dcvoltage,true
851060000000,206-4386243-0144354,AMAZON,B0CZLDKF3Z,,LSSS300GB2PK+RPR44WH2PK,1,23.99,23.99,2026-03-26 10:17:09,amazon Dcvoltage,true
851070000000,203-9838207-2500316,AMAZON,B08VGMKHT7,,LSCY290BM+RPR44WH,1,15.89,15.89,2026-03-26 12:32:54,amazon Dcvoltage,true
851080000000,026-9401963-2711550,AMAZON,B07PM4GDGP,,CL3TBM5PK,1,11.79,11.79,2026-03-26 12:57:33,amazon Dcvoltage,true
851090000000,203-4471279-1031565,AMAZON,B07QV1YKZW,,12RPIP45100,1,14.89,14.89,2026-03-26 12:58:29,amazon Dcvoltage,true
851100000000,202-9870007-1181903,AMAZON,B0CTTFPLLV,,LSMS320BI+RPR44WH,1,14.99,14.99,2026-03-26 14:17:19,amazon Dcvoltage,true
851110000000,204-8020670-4342705,AMAZON,B0CKWMGD1M,,CL3RBR5PK,1,12.99,12.99,2026-03-26 14:58:18,amazon Dcvoltage,true
851120000000,206-5330816-4604302,AMAZON,B0CZNVZHT6,,LSSS300YE2PK+RPR44WH2PK,1,24.79,24.79,2026-03-26 16:48:02,amazon Dcvoltage,true
851130000000,205-3715131-4089152,AMAZON,B0BWJWGXD4,,LSCY210BG+RPR44WH,1,12.49,,2026-03-26 17:32:52,amazon Dcvoltage,true
851140000000,206-2936249-0143536,AMAZON,B0D56YL7CS,,WCB6BC2PK+RPR44WH2PK,1,14.89,14.89,2026-03-26 17:35:59,amazon Dcvoltage,true
851150000000,026-7010998-7268329,AMAZON,B0C6LV14PT,,12UK3P2A,1,6.99,6.99,2026-03-26 17:38:53,amazon Dcvoltage,true
851160000000,204-8979471-0887519,AMAZON,B08TX216Y4,,LSMS320BD+RPR44WH,1,14.99,14.99,2026-03-26 18:41:31,amazon Dcvoltage,true
851170000000,202-3472989-3292315,AMAZON,B0DMDWM25D,,WCCYSP160WH2PK,1,27.56,,2026-03-26 18:47:13,amazon Dcvoltage,true
851180000000,202-6882899-7754748,AMAZON,B0CTT4CH4C,,LSMS320GR+RPR44WH,1,16.99,16.99,2026-03-26 19:46:44,amazon Dcvoltage,true
851190000000,202-6882899-7754748,AMAZON,B0CTT4CH4C,,LSMS320GR+RPR44WH,1,16.99,16.99,2026-03-26 19:46:44,amazon Dcvoltage,true
851200000000,205-7987407-0846711,AMAZON,B08XBHQ8JJ,,PSDS2BMRGR,1,14.89,14.89,2026-03-26 20:22:28,amazon Dcvoltage,true
851210000000,205-9378946-4289936,AMAZON,B0DM63L7J1,,LSFT220BM2PK+RPR44WH2PK,1,16.79,,2026-03-26 21:32:53,amazon Dcvoltage,true
851220000000,203-1256177-3133127,AMAZON,B0B9Y5MRSK,,CL3TGD5PK,1,13.09,,2026-03-26 09:18:30,amazon Ledsone,true
851230000000,204-5667513-6109145,AMAZON,B0D6KSHMXF,,LSDM220SN2PK+RPR44WH2PK,1,20.49,20.49,2026-03-26 09:50:56,amazon Ledsone,true
851240000000,026-5625603-1322714,AMAZON,B0CHRVWSBM,,CL3RBM5PK,1,11.99,,2026-03-26 10:08:50,amazon Ledsone,true
851250000000,204-3242119-0539535,AMAZON,B0CGRJ5PM4,,CRSF100BM+SPSPLBM+PHRNWP2RBM,1,16.91,13.92,2026-03-26 10:10:47,amazon Ledsone,true
851260000000,203-6320635-9686725,AMAZON,B0F7QQZYNX,,CL2TBRAPK,1,21.39,21.39,2026-03-26 10:14:45,amazon Ledsone,true
851270000000,205-2300400-5690719,AMAZON,B0DXQB7T3C,,LSCY290GY2PK+RPR44WH2PK,1,27.29,27.29,2026-03-26 11:01:54,amazon Ledsone,true
851280000000,206-5566048-7612325,AMAZON,B0D7S17C9W,,LSMS320BU+RPR44WH,1,14.29,14.29,2026-03-26 12:15:26,amazon Ledsone,true
851290000000,206-5566048-7612325,AMAZON,B0CW9FNBRX,,LSFT220NB2PK+RPR44WH2PK,1,18.79,18.79,2026-03-26 12:15:26,amazon Ledsone,true
851300000000,026-9706826-5621960,AMAZON,B0DPM8YNL9,,amzn.gr.LHCTOCO_-_rr-fNISxShf06ZA_Jv6-GD,1,9.10,9.10,2026-03-26 12:31:49,amazon Ledsone,true
851310000000,205-6906838-5337941,AMAZON,B0CZXL6ZYG,,TPOSBDBM,1,24.69,24.69,2026-03-26 12:45:27,amazon Ledsone,true
851320000000,026-8481310-0493154,AMAZON,B08KW84CBN,,CL2TGYAPK,1,20.69,20.69,2026-03-26 13:40:41,amazon Ledsone,true
851330000000,203-0239274-6952306,AMAZON,B0B2K8YYHF,,LHC1E27WH,1,6.20,6.77,2026-03-26 14:34:01,amazon Ledsone,true
851340000000,203-2555998-0491504,AMAZON,B0CHDZXZGJ,,CL3TAG5PK,1,13.79,13.79,2026-03-26 14:45:48,amazon Ledsone,true
851350000000,204-0111743-5553961,AMAZON,B0F28ZSNQ7,,LSCY290YB+RPR44WH,1,17.89,17.89,2026-03-26 15:02:53,amazon Ledsone,true
851360000000,206-3803191-9704356,AMAZON,B0CCL729S8,,ENC1313,1,18.80,20.54,2026-03-26 16:00:33,amazon Ledsone,true
851370000000,206-1984064-5580326,AMAZON,B0F2919CBQ,,LSCY290AA+RPR44WH,1,15.89,15.89,2026-03-26 16:52:55,amazon Ledsone,true
851380000000,202-6513489-3943509,AMAZON,B0BWK65T48,,PLTYBC+ICST64E27,1,10.99,10.99,2026-03-26 17:15:02,amazon Ledsone,true
851390000000,205-4369028-6096304,AMAZON,B0DXQB7T3C,,LSCY290GY2PK+RPR44WH2PK,1,27.29,27.29,2026-03-26 17:37:42,amazon Ledsone,true
851400000000,204-4638772-5478745,AMAZON,B0D7S28YVZ,,LSMS320OR2PK+RPR44WH2PK,1,24.89,24.89,2026-03-26 18:15:42,amazon Ledsone,true
851410000000,206-8447908-1869932,AMAZON,B0BWNHGMMR,,PLTABM+ICST64E27,2,36.30,,2026-03-26 19:00:07,amazon Ledsone,true
851420000000,204-5313184-3973157,AMAZON,B0DH182H6J,,LSHQ180BM2PK++RPR44WH2PK,1,16.29,16.29,2026-03-26 19:41:28,amazon Ledsone,true
851430000000,026-9545334-4553907,AMAZON,B09WJC8S2P,,CRFF140YB+WSNW170YB+LSOL220YB+ICST64E27,1,18.89,18.89,2026-03-26 19:46:58,amazon Ledsone,true
851440000000,205-2744591-4351534,AMAZON,B0CCJ2GVV9,,SPSDP2SN6PK,1,20.09,20.09,2026-03-26 20:00:56,amazon Ledsone,true
851450000000,202-3368714-4220314,AMAZON,B0CHFMLZWQ,,WCB5BM+RPR44WH,1,9.89,9.89,2026-03-26 20:33:06,amazon Ledsone,true
851460000000,204-5475085-0279523,AMAZON,B0CCHYTRLV,,SPSDP2WH6PK,1,20.79,20.79,2026-03-26 21:17:52,amazon Ledsone,true
851470000000,203-8285660-1673152,AMAZON,B0CGZQV9Y7,,LSMCSPFLMC+RPR44WH,1,24.89,,2026-03-26 22:40:40,amazon Ledsone,true
851480000000,205-7563767-2544361,AMAZON,B0D296Z5B4,,LSCY290WH3PK+RPR44WH3PK,1,36.29,36.29,2026-03-26 23:03:24,amazon Ledsone,true
851490000000,206-1257978-9480331,AMAZON,B0CGRQCV7Y,,CRSF100BM+PHRNWP2RBM+ICST64E27,2,27.58,27.58,2026-03-26 23:26:27,amazon Ledsone,true
852880000000,206-4616690-9378725,AMAZON,B08XB1QLTN,,PSDS2BMRBR,1,13.89,13.89,2026-03-27 00:10:31,amazon Dcvoltage,true
852890000000,204-5531505-8377962,AMAZON,B0CTT2G3B5,,LSMS320BU+RPR44WH,1,14.99,14.99,2026-03-27 00:17:38,amazon Dcvoltage,true
852900000000,203-6033488-3681931,AMAZON,B0965HZJGN,,ENC686,1,52.89,52.89,2026-03-27 00:20:47,amazon Dcvoltage,true
852910000000,204-6138093-6514764,AMAZON,B07ZFWL5T1,,CRFF100GB+LHNSE27GB,1,13.89,,2026-03-27 00:31:10,amazon Dcvoltage,true
852920000000,026-6497038-3351549,AMAZON,B07PM5KN1T,,CL3TGL5PK,1,13.09,13.09,2026-03-27 04:35:07,amazon Dcvoltage,true
852930000000,204-8693271-9788335,AMAZON,B0GCZQVHRF,,CRFF100BM+LHNSE27BM+ICST64E27,1,16.99,16.99,2026-03-27 07:20:49,amazon Dcvoltage,true
852940000000,026-1493287-2622727,AMAZON,B0CTT4CH4C,,LSMS320GR+RPR44WH,1,14.99,14.99,2026-03-27 09:36:36,amazon Dcvoltage,true
852950000000,206-0169272-1412325,AMAZON,B0CKWMGD1M,,CL3RBR5PK,1,12.99,12.99,2026-03-27 10:29:13,amazon Dcvoltage,true
852960000000,205-3505137-5107557,AMAZON,B07CVCT7XN,,LDMG95E278,1,6.30,6.30,2026-03-27 10:54:19,amazon Dcvoltage,true
852970000000,202-7813039-7900358,AMAZON,B0DH9BSF4C,,CL3TBM5PK,1,14.09,14.09,2026-03-27 11:30:48,amazon Dcvoltage,true
852990000000,204-2602100-7324331,AMAZON,B08P1NX6SB,,CRFF500BM+PHHT1PBRBM3PK+WCDCBM3PKAM,1,32.89,32.89,2026-03-27 12:46:58,amazon Dcvoltage,true
853000000000,203-2894308-1254736,AMAZON,B08KGJT4DP,,CL3THE5PK,1,15.69,15.69,2026-03-27 13:07:40,amazon Dcvoltage,true
853010000000,204-9679255-0137949,AMAZON,B07CJHL38X,,12IP20360,2,35.98,35.98,2026-03-27 13:15:21,amazon Dcvoltage,true
853020000000,205-4205320-5422701,AMAZON,B0CH39MWRF,,WSOSBDBM,1,20.59,20.59,2026-03-27 14:39:41,amazon Dcvoltage,true
853030000000,203-3224097-0336344,AMAZON,B07CS22K8L,,12IP6720,2,20.38,20.38,2026-03-27 15:12:55,amazon Dcvoltage,true
853040000000,203-3668670-5787551,AMAZON,B07L8GPT85,,CL3TGY5PK,1,12.99,12.99,2026-03-27 15:35:53,amazon Dcvoltage,true
853050000000,202-0670412-1182742,AMAZON,B07L8GPT85,,CL3TGY5PK,1,12.99,12.99,2026-03-27 15:43:55,amazon Dcvoltage,true
853060000000,204-9555076-9880344,AMAZON,B08VRY5HL8,,CRSF100BC+LHNSE27YB+LSCY290BC,2,37.58,37.58,2026-03-27 16:06:00,amazon Dcvoltage,true
853070000000,206-5094172-5178741,AMAZON,B0CS9PS8J3,,amzn.gr.LSCY210BG3PK-six8x-Xw8LxfBtPU-VG,1,26.89,26.89,2026-03-27 16:21:34,amazon Dcvoltage,true
853080000000,202-6733679-1260330,AMAZON,B0DFHMDZYQ,,LSCY290NB+RPR44WH,1,15.79,15.79,2026-03-27 16:37:32,amazon Dcvoltage,true
853090000000,202-1590017-7201160,AMAZON,B0D6761D6B,,SPSDP2YB6PK,1,16.89,16.89,2026-03-27 16:58:22,amazon Dcvoltage,true
853100000000,026-4244604-4193906,AMAZON,B0CKWLS9WR,,CL3RHE5PK,1,13.09,13.09,2026-03-27 17:30:36,amazon Dcvoltage,true
853110000000,205-6257704-3817107,AMAZON,B07CST825S,,CL2RBMAPK,1,20.29,20.29,2026-03-27 17:51:07,amazon Dcvoltage,true
853120000000,026-3503831-0927502,AMAZON,B0CGRJ1V8L,,TPOSBDBM,1,24.69,24.69,2026-03-27 19:59:25,amazon Dcvoltage,true
853130000000,205-5591887-7964327,AMAZON,B0DBWY3P4Q,,CL2RBMAPK,1,18.39,18.39,2026-03-27 20:23:46,amazon Dcvoltage,true
853140000000,202-0111914-3817165,AMAZON,B0FHPNSB7S,,CRFF100GB2PK+LHNSE27GB2PK,1,23.49,23.49,2026-03-27 21:50:32,amazon Dcvoltage,true
853150000000,203-8273753-4578742,AMAZON,B0CZLCKY5W,,LSSS300GY2PK+RPR44WH2PK,1,0.00,,2026-03-27 22:16:09,amazon Dcvoltage,true
853160000000,203-8273753-4578742,AMAZON,B0CZLDL8DQ,,LSSS300RO2PK+RPR44WH2PK,1,22.89,22.89,2026-03-27 22:16:09,amazon Dcvoltage,true
853170000000,204-5059689-4741922,AMAZON,B0CBLWLZ4W,,amzn.gr.WCWDBM2PK_RPR44WH2PK-jqllCH7G-LN,1,12.89,12.89,2026-03-27 22:36:11,amazon Dcvoltage,true
853180000000,205-8775916-8969916,AMAZON,B0CR3JKKCP,,MBEX4560BMFPK,1,23.80,23.80,2026-03-27 07:44:57,amazon Ledsone,true
853190000000,026-5011082-4203545,AMAZON,B0F2919THD,,LSCY290CO+RPR44WH,1,18.19,,2026-03-27 08:20:37,amazon Ledsone,true
853200000000,206-1237242-5533141,AMAZON,B0B7SH5CPX,,PHSF1BWTSN,1,14.19,14.19,2026-03-27 08:22:42,amazon Ledsone,true
853210000000,206-9980743-3945968,AMAZON,B0DXQB7T3C,,LSCY290GY2PK+RPR44WH2PK,1,26.29,26.29,2026-03-27 09:09:31,amazon Ledsone,true
853220000000,204-5161547-2785942,AMAZON,B0CHRVWSBM,,CL3RBM5PK,1,11.99,11.99,2026-03-27 09:40:16,amazon Ledsone,true
853230000000,205-4206238-8950748,AMAZON,B0F291K6SL,,LSCY290YE+RPR44WH,1,15.89,15.89,2026-03-27 10:03:43,amazon Ledsone,true
853240000000,203-3605720-7726764,AMAZON,B0DXQ727KG,,LSCY290RE2PK+RPR44WH2PK,1,25.89,25.89,2026-03-27 10:56:24,amazon Ledsone,true
853250000000,206-6129478-3932360,AMAZON,B0863J112Z,,PHSF1BMTBM2PK,1,16.89,16.89,2026-03-27 11:07:39,amazon Ledsone,true
853260000000,202-3034136-5746700,AMAZON,B0B9Y78BWX,,CL3TAG5PK,1,13.79,13.79,2026-03-27 11:26:24,amazon Ledsone,true
853270000000,206-0451651-0244321,AMAZON,B07PFMPYD4,,CL3TGDAPK,1,20.70,20.70,2026-03-27 12:08:26,amazon Ledsone,true
853280000000,026-7165741-6486760,AMAZON,B0CCHXR4X2,,SPSDP2WH3PK,1,12.89,12.89,2026-03-27 13:16:10,amazon Ledsone,true
853290000000,205-7635223-1154729,AMAZON,B0BBS1HPYD,,CL3TREAPK,1,21.41,,2026-03-27 13:19:13,amazon Ledsone,true
853300000000,204-7744233-6950703,AMAZON,B0B4K4MVSK,,PSDS4BMRBU,1,14.07,14.07,2026-03-27 14:26:09,amazon Ledsone,true
853310000000,202-2235238-4024328,AMAZON,B0F7R4P38W,,CL2TGDAPK,1,19.16,,2026-03-27 14:43:20,amazon Ledsone,true
853320000000,203-2849830-9735557,AMAZON,B0CF8RVSCL,,LSMS320BT+RPR44WH,1,17.49,14.99,2026-03-27 17:32:30,amazon Ledsone,true
853330000000,206-6670329-1729141,AMAZON,B0BB371NGW,,CL2RBM5PK,1,12.47,12.47,2026-03-27 18:53:06,amazon Ledsone,true
853350000000,205-3019830-5273938,AMAZON,B0BW9SGHDN,,LSLT360WH+RPR44WH,2,27.58,27.58,2026-03-27 20:06:28,amazon Ledsone,true
853360000000,202-3286722-8802766,AMAZON,B0F8ML4W33,,ENC8743,1,33.71,,2026-03-27 20:25:55,amazon Ledsone,true
853370000000,202-7020135-8236369,AMAZON,B0F7QRPZY7,,CL3TBRAPK,1,19.89,19.89,2026-03-27 20:26:10,amazon Ledsone,true
853380000000,203-2889218-7793935,AMAZON,B0D93QM7CS,,ENC7473,1,25.79,,2026-03-27 20:48:32,amazon Ledsone,true
853390000000,205-9731216-9625120,AMAZON,B0BLZHCRGZ,,LDMG95E2746PK,1,23.59,23.59,2026-03-27 21:23:39,amazon Ledsone,true
853400000000,204-8518294-1610740,AMAZON,B0B9Y5MRSK,,CL3TGD5PK,1,13.09,13.09,2026-03-27 23:49:20,amazon Ledsone,true
854780000000,206-8563525-6582727,AMAZON,B08X9WZXK1,,PSDS4BMRBM,1,16.06,14.07,2026-03-28 00:15:52,amazon Dcvoltage,true
854790000000,203-5430940-7129155,AMAZON,B0DFHP411K,,LSCY290YE+RPR44WH,2,31.78,31.78,2026-03-28 01:43:29,amazon Dcvoltage,true
854800000000,026-7485622-8107565,AMAZON,B0CTC7XPNX,,amzn.gr.CRSF100BM_LHNSE27YB_SC-XvVp-a-VG,1,0.76,,2026-03-28 02:43:30,amazon Dcvoltage,true
854810000000,206-0030336-7165112,AMAZON,B0CJCDZWRB,,LSSS300SN2PK+RPR44WH2PK,1,25.98,23.49,2026-03-28 08:11:18,amazon Dcvoltage,true
854830000000,026-2513993-1699522,AMAZON,B096FP59Q2,,ENC707,1,45.89,45.89,2026-03-28 10:07:48,amazon Dcvoltage,true
854840000000,205-7023183-7130739,AMAZON,B07QV1YKZW,,12RPIP45100,1,14.89,14.89,2026-03-28 10:23:24,amazon Dcvoltage,true
854850000000,026-7958325-6845936,AMAZON,B0F7LTLLG3,,LSFT220WH2PK+RPR44WH2PK,1,17.90,,2026-03-28 10:59:09,amazon Dcvoltage,true
854860000000,026-7111818-4131560,AMAZON,B07L8HQG6Y,,CL3TGD5PK,1,13.99,13.99,2026-03-28 11:20:38,amazon Dcvoltage,true
854870000000,205-3581868-9629926,AMAZON,B08XBHQ8JJ,,PSDS2BMRGR,1,14.89,14.89,2026-03-28 12:00:55,amazon Dcvoltage,true
854880000000,204-9734860-2371505,AMAZON,B0CXPRNXLT,,LSCY290OR2PK+RPR44WH2PK,1,24.89,24.89,2026-03-28 12:03:41,amazon Dcvoltage,true
854890000000,204-1395733-3653940,AMAZON,B0CKWLQZ83,,CL3RBD5PK,1,12.89,12.89,2026-03-28 13:16:24,amazon Dcvoltage,true
854900000000,204-8317806-5836312,AMAZON,B0C7C8LWY9,,LSCY290NB+RPR44WH,1,15.79,15.79,2026-03-28 14:16:34,amazon Dcvoltage,true
854910000000,026-5059409-4588350,AMAZON,B0CG5ZHJYF,,LSCY290BC2PK+RPR44WH2PK,1,27.79,,2026-03-28 15:08:49,amazon Dcvoltage,true
854920000000,206-3062559-9145149,AMAZON,B0CTTD21V2,,LSMS320NB+RPR44WH,1,14.99,14.99,2026-03-28 15:49:47,amazon Dcvoltage,true
854930000000,202-9408578-3153160,AMAZON,B0CPBX49HJ,,LSCY290GR+RPR44WH,1,15.89,15.89,2026-03-28 16:29:42,amazon Dcvoltage,true
854940000000,202-1652930-5565127,AMAZON,B0DKNCKSWK,,amzn.gr.LHPHE27YB-J2WDEgj4gr0PiyQIVkN-VG,1,7.89,7.89,2026-03-28 17:16:46,amazon Dcvoltage,true
854950000000,202-0829262-0968328,AMAZON,B0CXSXN4KX,,LSMS320BI2PK+RPR44WH2PK,1,25.59,,2026-03-28 17:36:55,amazon Dcvoltage,true
854970000000,026-6306189-3848366,AMAZON,B0CRZ25PXP,,LSCY290BC,1,15.89,15.89,2026-03-28 18:03:04,amazon Dcvoltage,true
854980000000,205-1484718-4185945,AMAZON,B0CGRJ1V8L,,TPOSBDBM,1,24.69,24.69,2026-03-28 18:57:03,amazon Dcvoltage,true
854990000000,205-7769871-4493953,AMAZON,B0CH39MWRF,,WSOSBDBM,1,20.59,20.59,2026-03-28 19:01:39,amazon Dcvoltage,true
855000000000,203-7489629-2691545,AMAZON,B0BNW14HRC,,ENC785,2,27.89,,2026-03-28 19:09:25,amazon Dcvoltage,true
855010000000,203-0296577-0017166,AMAZON,B0D5LSD942,,LSFT220BI2PK+RPR44WH2PK,1,17.99,17.99,2026-03-28 19:15:02,amazon Dcvoltage,true
855020000000,204-0357873-7981150,AMAZON,B0CB8D5MMC,,LSMS320GY+RPR44WH,1,14.99,14.99,2026-03-28 19:22:05,amazon Dcvoltage,true
855040000000,204-6363056-6329110,AMAZON,B0DFHMC949,,LSCY290BI+RPR44WH-,1,15.67,15.67,2026-03-28 19:50:09,amazon Dcvoltage,true
855050000000,026-6195565-0025141,AMAZON,B0DBLN5KN6,,CL3RGD5PK,1,12.29,12.29,2026-03-28 22:14:34,amazon Dcvoltage,true
855060000000,204-2484781-6789119,AMAZON,B09CYXKRBR,,CRSF100BM+LHNSE27BM+SCRN70YB+LSMS320B,1,19.79,,2026-03-28 22:46:10,amazon Dcvoltage,true
855070000000,026-9200127-7332347,AMAZON,B08V8C19VZ,,CRSF100BM+PHSH1PBRBM+LSMS320BT,1,18.79,,2026-03-28 22:48:49,amazon Dcvoltage,true
855080000000,205-6305449-8705954,AMAZON,B0BLP1JSRK,,LDMST64E2786PK,1,20.39,20.39,2026-03-28 00:00:27,amazon Ledsone,true
855090000000,205-5078997-5337148,AMAZON,B09ZQH9GSB,,LHCCE27WH4PK,1,18.49,18.49,2026-03-28 01:18:07,amazon Ledsone,true
855100000000,202-4109326-0397936,AMAZON,B093DJQC1W,,CL2TGDAPK,1,17.09,18.67,2026-03-28 04:38:01,amazon Ledsone,true
855110000000,205-3081573-0941909,AMAZON,B094R3M2DC,,PLADBM,1,43.89,43.89,2026-03-28 07:29:20,amazon Ledsone,true
855120000000,204-8396218-8154721,AMAZON,B094R3M2DC,,PLADBM,1,43.89,43.89,2026-03-28 09:44:46,amazon Ledsone,true
855130000000,026-4200065-8110737,AMAZON,B0C7CXCV4K,,CNP1000FG3PK,1,12.89,,2026-03-28 10:42:29,amazon Ledsone,true
855140000000,203-1086738-9199541,AMAZON,B0DXQB7T3C,,LSCY290GY2PK+RPR44WH2PK,1,26.29,26.29,2026-03-28 12:10:35,amazon Ledsone,true
855150000000,205-1419049-2081147,AMAZON,B0B9Y5MRSK,,CL3TGD5PK,1,13.09,,2026-03-28 12:40:28,amazon Ledsone,true
855160000000,204-8711469-5056355,AMAZON,B0CBMQZ8P6,,amzn.gr.PHSF2BMRBM_SPSDP2BM_T-SrFg1Ij-LN,1,11.91,11.91,2026-03-28 12:53:51,amazon Ledsone,true
855170000000,204-7676717-0949957,AMAZON,B0C661S975,,CRSF100BM+WSSS70BM+LSHH240BM+ICST64E27,1,18.69,18.69,2026-03-28 13:34:00,amazon Ledsone,true
855180000000,202-8546613-6043561,AMAZON,B0D29516SS,,LSCY290GB+RPR44WH,1,17.89,17.89,2026-03-28 14:36:28,amazon Ledsone,true
855190000000,205-6365920-4524307,AMAZON,B0F9X1GLK8,,CL3THEAPK,1,19.99,19.99,2026-03-28 14:53:11,amazon Ledsone,true
855200000000,205-4191333-7983526,AMAZON,B0D794K9Y2,,WCB7BM2PK+RPR44WH2PK,2,32.38,,2026-03-28 15:04:27,amazon Ledsone,true
855210000000,202-0467517-6930730,AMAZON,B0CV55T6YK,,WCB3BM2PK+RPR44WH2PK,1,17.79,17.79,2026-03-28 15:11:59,amazon Ledsone,true
855220000000,203-9141224-7756303,AMAZON,B0BB371NGW,,CL2RBM5PK,1,12.47,12.47,2026-03-28 15:16:37,amazon Ledsone,true
855230000000,203-6755086-7045918,AMAZON,B094R3M2DC,,PLADBM,1,43.89,43.89,2026-03-28 15:53:46,amazon Ledsone,true
855240000000,204-0489853-6521118,AMAZON,B0DXQ8YFC6,,LSCY290RO2PK+RPR44WH2PK,1,29.79,29.79,2026-03-28 16:40:11,amazon Ledsone,true
855250000000,206-4196270-2093129,AMAZON,B0D93QM7CS,,ENC7473,1,25.79,25.79,2026-03-28 16:40:44,amazon Ledsone,true
855260000000,203-7471535-7627537,AMAZON,B094R3M2DC,,PLADBM,1,43.89,43.89,2026-03-28 16:53:24,amazon Ledsone,true
855270000000,204-8259446-8469167,AMAZON,B0CGZQV9Y7,,LSMCSPFLMC+RPR44WH,1,24.89,24.89,2026-03-28 17:02:07,amazon Ledsone,true
855280000000,204-5696947-6971558,AMAZON,B0C3ZTBRHZ,,LSCY290BM+RPR44WH,1,15.29,15.29,2026-03-28 17:10:07,amazon Ledsone,true
855290000000,203-9447140-5023559,AMAZON,B0CCHYTN4H,,SPSDP2YB6PK,1,19.79,19.79,2026-03-28 17:14:42,amazon Ledsone,true
855300000000,204-9580102-4836331,AMAZON,B0CGRJ5PM4,,CRSF100BM+SPSPLBM+PHRNWP2RBM,1,13.59,13.59,2026-03-28 17:29:09,amazon Ledsone,true
855310000000,026-1172558-2059504,AMAZON,B0C3ZTBRHZ,,LSCY290BM+RPR44WH,1,15.67,15.67,2026-03-28 18:16:22,amazon Ledsone,true
855320000000,026-4535246-7574722,AMAZON,B0D29516SS,,LSCY290GB+RPR44WH,1,17.89,17.89,2026-03-28 18:31:27,amazon Ledsone,true
855330000000,026-5344792-7936360,AMAZON,B0B4KBGPV6,,PSDS4BMRBW,1,14.07,14.07,2026-03-28 18:50:01,amazon Ledsone,true
855340000000,205-0197320-6377966,AMAZON,B0D7ZTRLBH,,LSCY290BM2PK+RPR44WH2PK,1,25.89,25.89,2026-03-28 19:40:37,amazon Ledsone,true
855350000000,206-0697731-5423506,AMAZON,B0DXQB7T3C,,LSCY290GY2PK+RPR44WH2PK,1,26.29,26.29,2026-03-28 19:53:09,amazon Ledsone,true
855360000000,205-2998262-3823503,AMAZON,B09B3VTSQG,,CRFF500BM+PHMU1PBRYB3PK+LSDM220YB3PK,1,37.79,37.79,2026-03-28 20:10:05,amazon Ledsone,true
855370000000,206-3861175-4903529,AMAZON,B0D9Q175RY,,LSGLCY120CO2PK+RPM40WH2PK,1,16.39,16.39,2026-03-28 21:55:52,amazon Ledsone,true
855380000000,204-5476272-2150763,AMAZON,B0D7ZTRLBH,,LSCY290BM2PK+RPR44WH2PK,1,25.89,25.89,2026-03-28 23:34:16,amazon Ledsone,true
856610000000,202-2051735-9503546,AMAZON,B0DH629QP2,,CL2TGLAPK,1,18.29,18.29,2026-03-29 06:34:37,amazon Dcvoltage,true
856620000000,202-7754726-5125106,AMAZON,B07LFDY4D3,,CL3TBM5PK,1,14.89,14.89,2026-03-29 08:02:30,amazon Dcvoltage,true
856630000000,206-9080915-7720307,AMAZON,B08P1NX6SB,,CRFF500BM+PHHT1PBRBM3PK+WCDCBM3PKAM,1,29.60,32.89,2026-03-29 08:13:40,amazon Dcvoltage,true
856640000000,205-2492361-0560341,AMAZON,B096FP59Q2,,ENC707,1,47.04,47.04,2026-03-29 11:05:42,amazon Dcvoltage,true
856650000000,205-4506183-7029169,AMAZON,B07CS22K8L,,12IP6720,1,15.18,10.19,2026-03-29 11:43:34,amazon Dcvoltage,true
856660000000,026-1066541-0013158,AMAZON,B07F9SH71F,,amzn.gr.DM_LDG95E274-H_XmtOseU6fQMFWJ-LN,1,4.89,4.89,2026-03-29 12:54:57,amazon Dcvoltage,true
856670000000,204-4222727-3168326,AMAZON,B08X4KB22H,,CRSF100BM+LHNSE27CO+SCRN70CO+LSFT220BC,1,17.49,17.49,2026-03-29 13:12:19,amazon Dcvoltage,true
856680000000,206-6647288-8328368,AMAZON,B0D53QKVBY,,WCB3BM2PK+RPR44WH2PK,1,15.89,15.89,2026-03-29 14:07:35,amazon Dcvoltage,true
856690000000,204-2293865-5773132,AMAZON,B07LFDY4D3,,CL3TBM5PK,1,14.89,,2026-03-29 14:24:27,amazon Dcvoltage,true
856700000000,026-4339756-7869114,AMAZON,B0DGPZBHVT,,amzn.gr.LDMG95B2283PK_AMD-lHcyTMGtTbo-LN,1,13.89,13.89,2026-03-29 14:26:36,amazon Dcvoltage,true
856710000000,204-2694606-6537138,AMAZON,B0C7BZ5756,,LSCY290GC+RPR44WH,2,30.98,,2026-03-29 14:32:12,amazon Dcvoltage,true
856720000000,206-6846630-7601907,AMAZON,B0CXSQZ68C,,LSCY290BD2PK+RPR44WH2PK,1,25.89,25.89,2026-03-29 15:33:57,amazon Dcvoltage,true
856730000000,204-7014638-7697110,AMAZON,B0CTT4CH4C,,LSMS320GR+RPR44WH,1,15.36,15.36,2026-03-29 15:38:48,amazon Dcvoltage,true
856740000000,202-4692850-3715531,AMAZON,B08KGJT4DP,,CL3THE5PK,1,15.69,15.69,2026-03-29 15:49:44,amazon Dcvoltage,true
856750000000,204-7835276-1365109,AMAZON,B096FPKPNQ,,ENC685,1,54.89,54.89,2026-03-29 18:10:00,amazon Dcvoltage,true
856760000000,204-3819062-1795556,AMAZON,B08Z7RZC6W,,CRSF100BM+PHUH1HETBM+LSHM400HE,1,33.89,33.89,2026-03-29 18:16:10,amazon Dcvoltage,true
856770000000,206-4319065-0835515,AMAZON,B0CS9Q78XH,,LSCY210BG2PK+RPR44WH2PK,1,21.49,21.49,2026-03-29 18:55:16,amazon Ledsone,true
856780000000,203-5983174-6639521,AMAZON,B0CB8D5MMC,,LSMS320GY+RPR44WH,1,14.99,14.99,2026-03-29 20:11:51,amazon Dcvoltage,true
856790000000,205-7758501-5577139,AMAZON,B08X9Z14CG,,PSDS4BMRGY,1,14.07,,2026-03-29 21:24:56,amazon Dcvoltage,true
856800000000,206-1155406-0191513,AMAZON,B0BB371NGW,,CL2RBM5PK,1,12.47,12.47,2026-03-29 01:27:49,amazon Ledsone,true
856810000000,026-9792230-0282737,AMAZON,B08638WV4N,,PHSF1AGTGB,1,16.79,16.79,2026-03-29 06:46:58,amazon Ledsone,true
856820000000,205-0057468-4743578,AMAZON,B08638WV4N,,PHSF1AGTGB,1,16.79,16.79,2026-03-29 07:16:15,amazon Ledsone,true
856830000000,202-3243974-5155563,AMAZON,B0CFVCM4Z5,,PSOS4BMTHE+ICST64E27,1,19.59,19.59,2026-03-29 07:23:52,amazon Ledsone,true
856840000000,202-3243974-5155563,AMAZON,B0CFVCM4Z5,,amzn.gr.PSOS4BMTHE_ICST64E27-SakgjA4Y-VG,1,14.69,14.69,2026-03-29 07:23:52,amazon Ledsone,true
856850000000,204-4747747-4834742,AMAZON,B0B7SH5CPX,,PHSF1BWTSN,1,12.77,13.95,2026-03-29 08:35:53,amazon Ledsone,true
856860000000,205-9667098-9261921,AMAZON,B0BBS3NXFM,,CL3TBRAPK,1,21.69,21.69,2026-03-29 08:56:12,amazon Ledsone,true
856870000000,204-3063009-9895567,AMAZON,B0D7S1FK1Q,,LSMS320GR2PK+RPR44WH2PK,1,25.89,25.89,2026-03-29 08:58:11,amazon Ledsone,true
856880000000,026-9350382-6894710,AMAZON,B0BBS118NM,,CL3TBKAPK,1,21.89,21.89,2026-03-29 09:12:44,amazon Ledsone,true
856890000000,204-5416038-1581957,AMAZON,B0D7S1FK1Q,,LSMS320GR2PK+RPR44WH2PK,1,25.89,25.89,2026-03-29 09:13:39,amazon Ledsone,true
856900000000,206-0888065-6034769,AMAZON,B0B8VRRDVM,,LDSG125MUE274,1,13.89,13.89,2026-03-29 09:15:55,amazon Ledsone,true
856910000000,206-4726115-4994756,AMAZON,B0C7CYXB9Y,,CNP1000GB3PK,1,14.79,14.79,2026-03-29 09:21:16,amazon Ledsone,true
856920000000,026-5570801-5213965,AMAZON,B0DCG91JX6,,LHTRE27BN2PK,1,18.38,13.39,2026-03-29 10:22:38,amazon Ledsone,true
856930000000,026-1157260-3120329,AMAZON,B0B4K4MVSK,,PSDS4BMRBU,1,14.07,14.07,2026-03-29 10:40:45,amazon Ledsone,true
856940000000,203-0984051-2473159,AMAZON,B0CJC62KSS,,LSCY290GR+RPR44WH,2,33.78,33.78,2026-03-29 10:50:38,amazon Ledsone,true
856950000000,026-3640527-7082723,AMAZON,B0BBS1R9DM,,CL3TBDAPK,1,24.68,19.69,2026-03-29 11:25:14,amazon Ledsone,true
856960000000,026-7643618-0253115,AMAZON,B095Z3GZFK,,CRFF500BM+PHRI1PBRYB3PK+LSFT220BM3PK,1,36.89,36.89,2026-03-29 11:37:33,amazon Ledsone,true
856970000000,026-5563146-3267556,AMAZON,B0F9X1G8Y2,,CL3TGDAPK,1,20.89,20.89,2026-03-29 11:49:13,amazon Ledsone,true
856980000000,205-5923091-2217129,AMAZON,B0DBL9YWDM,,LSDO210YE2PK+RPR44WH2PK,1,12.79,12.79,2026-03-29 11:52:02,amazon Ledsone,true
856990000000,205-1514315-5178729,AMAZON,B09JM3PLLH,,LDSG125LOE274,2,21.08,,2026-03-29 12:31:36,amazon Ledsone,true
857000000000,202-0540744-3945942,AMAZON,B09HSB7NBL,,CL2TGD5PK,1,13.89,13.89,2026-03-29 12:33:18,amazon Ledsone,true
857010000000,206-8697379-1726707,AMAZON,B0F2919THD,,LSCY290CO+RPR44WH,2,36.38,15.16,2026-03-29 13:02:32,amazon Ledsone,true
857020000000,205-7766384-0565960,AMAZON,B0B2K81GXH,,LHC5E27WH5PK,1,13.89,13.89,2026-03-29 13:06:20,amazon Ledsone,true
857030000000,206-9015763-3427558,AMAZON,B0CCHXR4X2,,SPSDP2WH3PK,1,12.89,12.89,2026-03-29 13:17:55,amazon Ledsone,true
857040000000,203-2783943-7343556,AMAZON,B0CW5RLSQL,,CRFF105GB2PK+HK10GB2PK,3,41.37,41.37,2026-03-29 13:33:41,amazon Ledsone,true
857050000000,202-9223200-4462758,AMAZON,B0B2K8F78C,,LHC6E27WH5PK,1,16.89,16.89,2026-03-29 14:00:32,amazon Ledsone,true
857060000000,026-8897229-7653153,AMAZON,B0DXQ8VVR7,,LSCY290WH2PK+RPR44WH2PK,1,26.43,26.43,2026-03-29 14:09:03,amazon Ledsone,true
857070000000,202-6686575-4691566,AMAZON,B0DBL9YWDM,,LSDO210YE2PK+RPR44WH2PK,1,12.79,12.79,2026-03-29 15:52:15,amazon Ledsone,true
857080000000,205-2192597-8309963,AMAZON,B0DXQ8YFC6,,LSCY290RO2PK+RPR44WH2PK,1,29.79,29.79,2026-03-29 15:53:31,amazon Ledsone,true
857090000000,205-7803000-6767516,AMAZON,B0CCJ13D4W,,SPSDP2WH5PK,1,17.89,17.89,2026-03-29 16:22:10,amazon Ledsone,true
857100000000,203-3943128-3515563,AMAZON,B0D7ZTRLBH,,LSCY290BM2PK+RPR44WH2PK,1,25.89,25.89,2026-03-29 16:58:34,amazon Ledsone,true
857110000000,026-4299999-2105145,AMAZON,B0863J112Z,,PHSF1BMTBM2PK,1,16.89,16.89,2026-03-29 17:26:03,amazon Ledsone,true
857120000000,026-5961642-3101924,AMAZON,B0863J112Z,,PHSF1BMTBM2PK,1,16.89,16.89,2026-03-29 18:04:27,amazon Ledsone,true
857130000000,205-7992969-7145113,AMAZON,B0CCDKF18M,,WCB3B+RPR44WH,1,10.49,10.49,2026-03-29 18:07:18,amazon Ledsone,true
857140000000,205-4896308-0467564,AMAZON,B0863J112Z,,PHSF1BMTBM2PK,1,16.89,,2026-03-29 18:29:52,amazon Ledsone,true
857150000000,206-4319065-0835515,AMAZON,B0D7ZTRLBH,,LSCY290BM2PK+RPR44WH2PK,1,25.89,25.89,2026-03-29 18:55:16,amazon Ledsone,true
857160000000,204-7642422-7953137,AMAZON,B093T4L68X,,LSCY290WH+RPR44WH,1,15.89,,2026-03-29 18:59:53,amazon Ledsone,true
857170000000,203-6824557-2613112,AMAZON,B0BBBHFCPF,,CL3RPU5PK,1,12.79,12.79,2026-03-29 20:01:33,amazon Ledsone,true
857180000000,206-4694377-2677927,AMAZON,B0BBS1R9DM,,CL3TBDAPK,1,19.69,,2026-03-29 20:10:08,amazon Ledsone,true
857190000000,205-8597982-2672322,AMAZON,B0DXQ9WYPB,,LSCY290NB2PK+RPR44WH2PK,1,26.99,,2026-03-29 20:23:07,amazon Ledsone,true
857200000000,204-0468517-5524368,AMAZON,B0DXPCJVCN,,LSDO210BM2PK+RPR44WH2PK,1,17.79,17.79,2026-03-29 21:09:23,amazon Ledsone,true
857210000000,203-9862920-0045940,AMAZON,B0B82Y8Q8N,,PHSF1GDRFG,1,14.99,,2026-03-29 23:00:20,amazon Ledsone,true
859050000000,202-6389271-7576355,AMAZON,B0CKWMGD1M,,CL3RBR5PK,1,12.99,12.99,2026-03-30 05:53:42,amazon Dcvoltage,true
859060000000,206-6074929-7800342,AMAZON,B0GCZQVHRF,,CRFF100BM+LHNSE27BM+ICST64E27,1,16.99,16.99,2026-03-30 08:48:22,amazon Dcvoltage,true
859070000000,205-9918068-1062705,AMAZON,B0CTC7XPNX,,CRSF100BM+LHNSE27YB+SCRN70BM+LSFT220BG,1,18.99,18.99,2026-03-30 09:15:34,amazon Dcvoltage,true
859080000000,026-8518783-8753922,AMAZON,B0D4YJWDZD,,LDMG95B2246PK,1,16.09,16.09,2026-03-30 09:16:28,amazon Dcvoltage,true
859090000000,026-5524883-1677112,AMAZON,B07CWGNBBJ,,12IP20120,1,15.49,15.49,2026-03-30 10:24:35,amazon Dcvoltage,true
859100000000,026-7116483-3927525,AMAZON,B0CYZWJ7WJ,,LSCY290CH2PK+RPR44WH2PK,4,107.56,107.56,2026-03-30 11:45:29,amazon Dcvoltage,true
859110000000,205-4472119-8959554,AMAZON,B0D56ZN8NP,,WCB7WH2PK+RPR44WH2PK,1,16.79,16.79,2026-03-30 13:42:55,amazon Dcvoltage,true
859120000000,026-5697034-5772344,AMAZON,B0CGRJ1V8L,,TPOSBDBM,1,24.69,24.69,2026-03-30 13:52:57,amazon Dcvoltage,true
859130000000,206-2192930-0670748,AMAZON,B0C9TSHB33,,LSCY210BM+RPR44WH,1,13.79,13.79,2026-03-30 13:58:36,amazon Dcvoltage,true
859140000000,203-6754152-5528359,AMAZON,B0CB7WP6YJ,,SPSDP2BM6PK,1,18.51,18.51,2026-03-30 15:54:33,amazon Dcvoltage,true
859150000000,203-2893115-7148335,AMAZON,B0CXPV77DK,,LSCY290BL2PK+RPR44WH2PK,1,25.89,25.89,2026-03-30 16:30:38,amazon Dcvoltage,true
859160000000,203-1551314-9085100,AMAZON,B0C7C8LWY9,,LSCY290NB+RPR44WH,2,31.58,31.58,2026-03-30 16:32:05,amazon Dcvoltage,true
859170000000,026-0261934-5153139,AMAZON,B0D6761D6B,,SPSDP2YB6PK,1,16.89,16.89,2026-03-30 16:32:56,amazon Dcvoltage,true
859180000000,026-6047536-8533947,AMAZON,B0CBPQVC6K,,WCB4WH2PK+RPR44WH2PK,2,29.86,,2026-03-30 18:05:33,amazon Dcvoltage,true
859190000000,202-1872160-3477102,AMAZON,B0965HZJGN,,ENC686,1,52.89,52.89,2026-03-30 18:16:55,amazon Dcvoltage,true
859200000000,204-1038027-9832307,AMAZON,B07L8HQG6Y,,CL3TGD5PK,1,13.99,13.99,2026-03-30 18:22:31,amazon Dcvoltage,true
859210000000,206-1072265-7393104,AMAZON,B08Z7RZC6W,,CRSF100BM+PHUH1HETBM+LSHM400HE,1,33.89,33.89,2026-03-30 18:44:45,amazon Dcvoltage,true
859220000000,202-3156400-9273146,AMAZON,B096FPKPNQ,,ENC685,1,54.89,,2026-03-30 19:00:07,amazon Dcvoltage,true
859230000000,205-2168427-2173900,AMAZON,B08XBKHY6C,,PSDS4BMRBL,1,14.07,14.07,2026-03-30 19:10:13,amazon Dcvoltage,true
859240000000,205-1123054-1685937,AMAZON,B08X4KB22H,,CRSF100BM+LHNSE27CO+SCRN70CO+LSFT220BC,2,34.98,,2026-03-30 19:54:38,amazon Dcvoltage,true
859250000000,203-2103394-6479526,AMAZON,B08XBYXQC6,,CL3TBRAPK,1,19.89,,2026-03-30 20:14:32,amazon Dcvoltage,true
859260000000,205-8989709-9958724,AMAZON,B08XC1QT69,,CL3THEAPK,1,20.49,,2026-03-30 20:23:16,amazon Dcvoltage,true
859270000000,202-7762674-5839569,AMAZON,B0F7QQMJN9,,TSTLRULRB2PK,1,12.29,12.29,2026-03-30 20:44:25,amazon Dcvoltage,true
859280000000,202-7583382-5443503,AMAZON,B0GCZJ9XRB,,CRFF100SN2PK+LHNSE27SN2PK,1,24.89,,2026-03-30 22:16:38,amazon Dcvoltage,true
859290000000,205-7289441-1368320,AMAZON,B0D2TCJKT7,,LSCY290OR2PK+RPR44WH2PK,1,24.49,,2026-03-30 23:48:55,amazon Dcvoltage,true
859300000000,202-2541746-6545949,AMAZON,B0B4KBGPV6,,PSDS4BMRBW,1,14.07,14.07,2026-03-30 09:48:08,amazon Ledsone,true
859310000000,204-9236864-0862722,AMAZON,B0D297QW6M,,LSCY290CB+RPR44WH,1,14.89,,2026-03-30 10:00:54,amazon Ledsone,true
859320000000,026-6681385-3503518,AMAZON,B0CW5RLSQL,,CRFF105GB2PK+HK10GB2PK,1,13.79,,2026-03-30 10:04:38,amazon Ledsone,true
859330000000,205-8928670-4490723,AMAZON,B0C2CL6NK2,,CL3TBM5PK,1,14.09,14.09,2026-03-30 11:00:38,amazon Ledsone,true
859340000000,205-0538846-9732369,AMAZON,B0D298ZBH2,,LSCY290WH2PK+RPR44WH2PK,2,53.98,53.98,2026-03-30 11:42:33,amazon Ledsone,true
859350000000,202-9489246-3769153,AMAZON,B0CW5X3HHV,,LSDO210GY2PK+RPR44WH2PK,1,18.89,18.89,2026-03-30 11:43:02,amazon Ledsone,true
859360000000,205-6895951-7901907,AMAZON,B0CBCN1B9S,,CRFF500BM+PHCH1BMRBM3PK+LSCY210BG3PK+IC,1,39.99,39.99,2026-03-30 11:47:49,amazon Ledsone,true
859370000000,205-8626242-2442715,AMAZON,B0CHRVWSBM,,CL3RBM5PK,1,11.99,,2026-03-30 12:39:11,amazon Ledsone,true
859380000000,204-8026418-9121941,AMAZON,B0BBS3NXFM,,CL3TBRAPK,1,21.69,21.69,2026-03-30 12:39:27,amazon Ledsone,true
859390000000,205-9956681-9672301,AMAZON,B0CKBSD2YW,,CL3TGY5PK,1,15.39,15.39,2026-03-30 12:40:40,amazon Ledsone,true
859410000000,202-2205525-9593124,AMAZON,B0D7ZTRLBH,,LSCY290BM2PK+RPR44WH2PK,1,25.88,25.88,2026-03-30 13:09:36,amazon Ledsone,true
859420000000,202-5403805-4561116,AMAZON,B0DXPCJVCN,,LSDO210BM2PK+RPR44WH2PK,1,17.79,17.79,2026-03-30 15:10:50,amazon Ledsone,true
859430000000,205-5107734-3000342,AMAZON,B07CM4KTJW,,12IP67100,1,18.99,18.99,2026-03-30 15:29:14,amazon Ledsone,true
859440000000,202-6548512-4661927,AMAZON,B0B7SH5CPX,,amzn.gr.PHSF1BWTSN-qcXBYCM_pwj70pJAZd-LN,1,13.48,13.48,2026-03-30 15:31:31,amazon Ledsone,true
859450000000,206-6941936-7617114,AMAZON,B0DBLB6ZSH,,LSDO210GR2PK+RPR44WH2PK,1,15.99,15.99,2026-03-30 15:36:16,amazon Ledsone,true
859460000000,203-4877832-3904358,AMAZON,B0868DXK1B,,CCBKNWE48,1,10.59,10.59,2026-03-30 17:10:17,amazon Ledsone,true
859470000000,202-7807211-6823521,AMAZON,B0C2CZ3K8S,,ENC1912,1,16.79,16.79,2026-03-30 17:35:06,amazon Ledsone,true
859480000000,205-6722857-6665950,AMAZON,B0CHRVWSBM,,CL3RBM5PK,1,11.99,,2026-03-30 17:50:42,amazon Ledsone,true
859490000000,026-8098654-7437957,AMAZON,B0CW5RLSQL,,CRFF105GB2PK+HK10GB2PK,1,13.79,13.79,2026-03-30 18:01:54,amazon Ledsone,true
859500000000,026-8790661-8037915,AMAZON,B0B82W84F2,,PHSF1AGRGB,1,11.09,,2026-03-30 18:10:40,amazon Ledsone,true
859510000000,202-8556801-0545926,AMAZON,B0B2K81GXH,,LHC5E27WH5PK,1,13.89,,2026-03-30 18:17:55,amazon Ledsone,true
859520000000,204-0530963-3926759,AMAZON,B0CCJ2NWRP,,SPSDP2BM5PK,1,17.89,17.89,2026-03-30 18:20:28,amazon Ledsone,true
859530000000,203-7612400-0808350,AMAZON,B0F7QQYMSM,,CL3TGDAPK,1,20.39,,2026-03-30 18:25:01,amazon Ledsone,true
859540000000,203-2021556-9492317,AMAZON,B0CCJ3CSB6,,SPSDP2YB3PK,1,12.89,,2026-03-30 19:21:12,amazon Ledsone,true
859550000000,206-5698452-6661116,AMAZON,B094DN1XL1,,PLADBC,2,99.98,99.98,2026-03-30 19:37:26,amazon Ledsone,true
859560000000,206-8725650-9911554,AMAZON,B0CCJ3CSB6,,SPSDP2YB3PK,1,12.89,12.89,2026-03-30 20:01:19,amazon Ledsone,true
859570000000,205-4329784-5067543,AMAZON,B0F9X1GLK8,,CL3THEAPK,1,19.99,19.99,2026-03-30 20:10:04,amazon Ledsone,true
859580000000,205-6732833-0778720,AMAZON,B0BBS6B82P,,CL3TBMAPK,1,21.89,21.89,2026-03-30 20:11:43,amazon Ledsone,true
859590000000,203-8614536-2960363,AMAZON,B0CBMQZ8P6,,PHSF2BMRBM+SPSDP2BM,1,13.89,,2026-03-30 20:16:37,amazon Ledsone,true
859600000000,202-9708794-3007528,AMAZON,B0C3ZTBRHZ,,LSCY290BM+RPR44WH,1,15.29,,2026-03-30 21:06:15,amazon Ledsone,true
859610000000,205-0648174-5554708,AMAZON,B0D9QHCGWF,,CL2RCR5PK,1,12.29,12.29,2026-03-30 21:07:20,amazon Ledsone,true
859620000000,202-6495112-3246751,AMAZON,B0CBMQZ8P6,,PHSF2BMRBM+SPSDP2BM,1,13.89,13.89,2026-03-30 21:48:04,amazon Ledsone,true
859630000000,026-7501061-3785100,AMAZON,B0CHFMLZWQ,,WCB5BM+RPR44WH,1,9.89,,2026-03-30 22:01:34,amazon Ledsone,true
859640000000,204-7044961-1676338,AMAZON,B0DXQ8VVR7,,LSCY290WH2PK+RPR44WH2PK,1,25.79,25.79,2026-03-30 22:30:33,amazon Ledsone,true
859650000000,206-9059371-5996314,AMAZON,B0C3ZTBRHZ,,LSCY290BM+RPR44WH,1,20.28,,2026-03-30 22:31:39,amazon Ledsone,true
861490000000,206-2969398-0678700,AMAZON,B0BWJWGXD4,,LSCY210BG+RPR44WH,1,12.49,12.49,2026-03-31 03:22:56,amazon Dcvoltage,true
861500000000,203-1982433-7717131,AMAZON,B0C171T3ZR,,PSDS2RGY,1,9.89,9.89,2026-03-31 10:49:16,amazon Dcvoltage,true
861510000000,206-4450766-7944351,AMAZON,B07CQNNPKW,,CL2TBU5PK,1,12.89,12.89,2026-03-31 11:40:25,amazon Dcvoltage,true
861520000000,206-9719040-5671545,AMAZON,B08X9WZXK1,,PSDS4BMRBM,1,14.07,14.07,2026-03-31 12:16:28,amazon Dcvoltage,true
861530000000,026-2965932-3147523,AMAZON,B0D5BFHKBN,,LSMS320GY2PK+RPR44WH2PK,1,25.39,25.39,2026-03-31 13:54:02,amazon Dcvoltage,true
861540000000,204-7648080-5871556,AMAZON,B07PM4GDGP,,CL3TBM5PK,1,11.79,11.79,2026-03-31 14:27:45,amazon Dcvoltage,true
861550000000,205-8309936-4217123,AMAZON,B0CS9Q78XH,,LSCY210BG2PK+RPR44WH2PK,1,21.49,21.49,2026-03-31 14:28:59,amazon Dcvoltage,true
861560000000,202-0288245-2693120,AMAZON,B08TMBY3QM,,ENC771,2,33.58,33.58,2026-03-31 14:30:32,amazon Dcvoltage,true
861570000000,205-1231383-2517131,AMAZON,B0D5BFHKBN,,LSMS320GY2PK+RPR44WH2PK,3,68.55,76.17,2026-03-31 14:35:48,amazon Dcvoltage,true
861580000000,205-3206666-6447543,AMAZON,B0D5BFHKBN,,LSMS320GY2PK+RPR44WH2PK,1,30.38,25.39,2026-03-31 14:38:17,amazon Dcvoltage,true
861590000000,205-5819557-2533951,AMAZON,B0CYZVX28V,,LSCY290CO2PK+RPR44WH2PK,1,29.89,,2026-03-31 14:52:01,amazon Dcvoltage,true
861600000000,205-0175690-5701906,AMAZON,B08XC1QT69,,CL3THEAPK,1,19.99,,2026-03-31 15:44:03,amazon Dcvoltage,true
861610000000,205-6965674-2292301,AMAZON,B07PM4GDGP,,CL3TBM5PK,1,11.79,,2026-03-31 15:51:21,amazon Dcvoltage,true
861620000000,026-5440671-6014714,AMAZON,B0DBLN5KN6,,CL3RGD5PK,1,12.29,12.29,2026-03-31 16:29:59,amazon Dcvoltage,true
861630000000,026-4762029-2682715,AMAZON,B0D32YBFXP,,LSCY290RE2PK+RPR44WH2PK,1,25.79,25.79,2026-03-31 16:46:04,amazon Dcvoltage,true
861640000000,206-5470079-5021133,AMAZON,B0DH9DJQKQ,,CL3THE5PK,1,11.99,11.99,2026-03-31 17:17:42,amazon Dcvoltage,true
861650000000,205-0434804-6329931,AMAZON,B07F9SH71F,,LDMG95E274,1,5.69,5.69,2026-03-31 18:46:00,amazon Dcvoltage,true
861660000000,203-3605123-6673930,AMAZON,B08XBYXQC6,,CL3TBRAPK,1,19.89,19.89,2026-03-31 18:48:43,amazon Dcvoltage,true
861680000000,205-9331521-2925152,AMAZON,B08V8D1874,,CRSF100WH+LHNSE27WH+LSMS320OR,1,18.49,18.49,2026-03-31 19:09:25,amazon Dcvoltage,true
861690000000,204-1614919-4649134,AMAZON,B0FZCRB2RS,,LSHM400HE+RPR44WH,1,28.49,,2026-03-31 20:55:57,amazon Dcvoltage,true
861700000000,202-1891464-0306763,AMAZON,B08KGJT4DP,,CL3THE5PK,1,0.00,,2026-03-31 22:33:56,amazon Ledsone,true
861710000000,204-8269521-7793946,AMAZON,B0D5711PRY,,WCB6BM2PK+RPR44WH2PK,1,16.99,16.99,2026-03-31 23:52:30,amazon Dcvoltage,true
861720000000,205-5581032-1522737,AMAZON,B07CPWC9PP,,dc12IP6780,1,15.69,15.69,2026-03-31 00:57:22,amazon Ledsone,true
861730000000,204-9548524-1471515,AMAZON,B0D794K9Y2,,WCB7BM2PK+RPR44WH2PK,1,16.19,16.19,2026-03-31 02:19:03,amazon Ledsone,true
861740000000,204-4792217-1298760,AMAZON,B0CGZQV9Y7,,LSMCSPFLMC+RPR44WH,1,24.89,24.89,2026-03-31 02:43:42,amazon Ledsone,true
861750000000,206-3048662-9146749,AMAZON,B0BBS81CB8,,CL3TGYAPK,1,21.69,21.69,2026-03-31 03:56:08,amazon Ledsone,true
861760000000,204-4894552-8565954,AMAZON,B0F7QRPZY7,,CL3TBRAPK,1,19.89,19.89,2026-03-31 06:25:10,amazon Ledsone,true
861770000000,206-3175629-5513155,AMAZON,B0F7QQZYNX,,CL2TBRAPK,1,21.39,21.39,2026-03-31 08:10:17,amazon Ledsone,true
861780000000,203-9160670-1668331,AMAZON,B0B9Y5MRSK,,CL3TGD5PK,1,13.09,13.09,2026-03-31 09:01:05,amazon Ledsone,true
861790000000,026-7736243-5705156,AMAZON,B09WJC8S2P,,CRFF140YB+WSNW170YB+LSOL220YB+ICST64E27,1,18.89,18.89,2026-03-31 09:39:56,amazon Ledsone,true
861800000000,204-7683905-0715551,AMAZON,B0BBS6B82P,,CL3TBMAPK,1,21.89,21.89,2026-03-31 11:05:34,amazon Ledsone,true
861810000000,204-7288753-0359500,AMAZON,B0CW9HNB4G,,CRSF108YB2PK,1,11.49,11.49,2026-03-31 11:22:59,amazon Ledsone,true
861820000000,202-9878555-2104343,AMAZON,B0BB35CF4F,,CL2RLB5PK,1,14.69,14.69,2026-03-31 11:27:48,amazon Ledsone,true
861830000000,206-7106562-3094758,AMAZON,B0F7QQYMSM,,CL3TGDAPK,1,20.39,20.39,2026-03-31 12:32:16,amazon Ledsone,true
861840000000,204-1841224-9079554,AMAZON,B0CBMQZ8P6,,PHSF2BMRBM+SPSDP2BM,1,13.89,13.89,2026-03-31 12:48:30,amazon Ledsone,true
861850000000,206-0756590-5474722,AMAZON,B0CGZQV9Y7,,LSMCSPFLMC+RPR44WH,1,24.89,24.89,2026-03-31 12:51:59,amazon Ledsone,true
861860000000,203-0969345-7761145,AMAZON,B094DN7SGG,,PLADBS,1,44.87,49.03,2026-03-31 13:40:05,amazon Ledsone,true
861870000000,206-4988336-3882762,AMAZON,B07PFMPYD4,,CL3TGDAPK,1,21.31,20.70,2026-03-31 13:57:30,amazon Ledsone,true
861880000000,206-6515810-7949960,AMAZON,B0CFHMCP1L,,LDMST64E2783PK,1,17.59,17.59,2026-03-31 14:18:34,amazon Ledsone,true
861890000000,205-1012768-4963531,AMAZON,B0B9Y67S6V,,CL3TCR5PK,1,13.89,13.89,2026-03-31 15:07:55,amazon Ledsone,true
861900000000,203-9861322-2288354,AMAZON,B0B82W84F2,,PHSF1AGRGB,1,11.09,11.09,2026-03-31 15:28:00,amazon Ledsone,true
861910000000,026-6304320-7559565,AMAZON,B0BW9SGHDN,,LSLT360WH+RPR44WH,1,14.13,14.13,2026-03-31 15:47:00,amazon Ledsone,true
861920000000,202-9272607-9364350,AMAZON,B0BWK65T48,,PLTYBC+ICST64E27,1,10.99,10.99,2026-03-31 15:48:52,amazon Ledsone,true
861930000000,202-0939650-0425166,AMAZON,B0B9Y9F73N,,CL3TIV5PK,1,13.89,13.89,2026-03-31 16:08:52,amazon Ledsone,true
861940000000,026-3572448-6303561,AMAZON,B0C2D1HNCJ,,ENC1919,1,16.89,16.89,2026-03-31 16:27:57,amazon Ledsone,true
861950000000,202-3514925-3928369,AMAZON,B0C2D1HNCJ,,ENC1919,1,16.89,16.89,2026-03-31 16:44:21,amazon Ledsone,true
861960000000,205-7246556-8520320,AMAZON,B086385W3W,,PHSF1BRTCO2PK,1,16.89,16.89,2026-03-31 17:13:42,amazon Ledsone,true
861980000000,203-7927877-5984356,AMAZON,B0BC1CMSVD,,CL3RGDAPK,1,19.99,,2026-03-31 17:56:07,amazon Ledsone,true
861990000000,204-8855670-8188365,AMAZON,B0F28YR5JN,,LSCY290NB+RPR44WH,1,15.99,15.99,2026-03-31 18:00:26,amazon Ledsone,true
862000000000,203-3213297-0349150,AMAZON,B0D7S28YVZ,,LSMS320OR2PK+RPR44WH2PK,1,24.89,24.89,2026-03-31 18:36:22,amazon Ledsone,true
862010000000,205-5411482-5360362,AMAZON,B0BBS6B82P,,CL3TBMAPK,1,21.89,21.89,2026-03-31 18:39:05,amazon Ledsone,true
862020000000,203-0470718-2841957,AMAZON,B0B9Y5MRSK,,CL3TGD5PK,1,13.09,13.09,2026-03-31 19:50:25,amazon Ledsone,true
862030000000,205-3158473-4928325,AMAZON,B0CZXL6ZYG,,TPOSBDBM,1,24.69,,2026-03-31 20:01:25,amazon Ledsone,true
862040000000,026-0793273-8201930,AMAZON,B0CFVCGMDF,,PSOS4BMTHE2PK,1,30.79,30.79,2026-03-31 20:18:35,amazon Ledsone,true
862050000000,204-0286528-0158706,AMAZON,B0DXQ7LC8N,,LSCY290GR2PK+RPR44WH2PK,1,24.89,24.89,2026-03-31 20:31:00,amazon Ledsone,true
862060000000,203-0350662-5909970,AMAZON,B09WJC8S2P,,CRFF140YB+WSNW170YB+LSOL220YB+ICST64E27,1,18.89,18.89,2026-03-31 21:12:42,amazon Ledsone,true
862070000000,202-1891464-0306763,AMAZON,B084VPHL47,,CRSF2003CO,1,0.00,,2026-03-31 22:33:56,amazon Ledsone,true
862080000000,026-5069940-8987513,AMAZON,B0CCJ3CSB6,,SPSDP2YB3PK,1,12.89,12.89,2026-03-31 22:36:27,amazon Ledsone,true
