order_item_info,order_id,source_name,asin,item_id,sku,quantity,order_total,item_price,order_date,ss_name,fba_sales
1001340000000,026-9918847-5589137,AMAZON,B0F7QQMJN9,,TSTLRULRB2PK,1,12.29,12.29,2026-06-10 05:09:53,amazon Dcvoltage,true
1001350000000,202-6166151-9204318,AMAZON,B08Z7W3SYL,,CRSF100BM+PHUH1HETBM+LSHM300HE,1,31.69,31.69,2026-06-10 08:49:00,amazon Dcvoltage,true
1001360000000,205-5499775-3467543,AMAZON,B0CKWLFKR7,,CL3RGR5PK,1,12.89,12.89,2026-06-10 09:50:29,amazon Dcvoltage,true
1001370000000,202-9378367-5603546,AMAZON,B0CH3BD4MP,,WSOSBDBM2PK,1,34.79,34.79,2026-06-10 10:32:06,amazon Dcvoltage,true
1001380000000,026-5895703-4883537,AMAZON,B0GCZJ9XRB,,CRFF100SN2PK+LHNSE27SN2PK,1,24.89,24.89,2026-06-10 10:33:17,amazon Dcvoltage,true
1001390000000,206-1217034-4353104,AMAZON,B0DH6FPVYK,,CL2TCRAPK,1,18.29,18.29,2026-06-10 10:34:46,amazon Dcvoltage,true
1001400000000,205-3524206-6624322,AMAZON,B0D6VKJJB3,,ENC7393,1,40.79,40.79,2026-06-10 11:36:56,amazon Dcvoltage,true
1001420000000,205-5496873-7121934,AMAZON,B0D5711PRY,,WCB6BM2PK+RPR44WH2PK,1,15.49,15.49,2026-06-10 14:32:47,amazon Dcvoltage,true
1001430000000,205-5137968-3023500,AMAZON,B08X9WV762,,PSDS4BMRBU,1,0.00,,2026-06-10 16:01:34,amazon Ledsone,true
1001440000000,205-6523764-9746728,AMAZON,B09CYXKRBR,,CRSF100BM+LHNSE27BM+SCRN70YB+LSMS320B,1,19.79,19.79,2026-06-10 16:12:01,amazon Dcvoltage,true
1001450000000,205-6523764-9746728,AMAZON,B08V5MK449,,CRSF100BM+PHCH1BMRBM+LSCY290BM,1,20.49,20.49,2026-06-10 16:12:01,amazon Dcvoltage,true
1001460000000,203-1585337-9041957,AMAZON,B0CB7WP6YJ,,SPSDP2BM6PK,1,16.06,18.89,2026-06-10 16:35:18,amazon Dcvoltage,true
1001470000000,205-2169775-6206717,AMAZON,B0FR738SKW,,PHSF2BMTBM3PK+ICST64E273PK,1,40.89,40.89,2026-06-10 17:27:12,amazon Dcvoltage,true
1001480000000,026-0457055-0374713,AMAZON,B08KGJT4DP,,CL3THE5PK,2,27.38,27.38,2026-06-10 17:34:32,amazon Dcvoltage,true
1001490000000,204-2010905-0566754,AMAZON,B0D453YVGN,,PHSF2BMTBM+ICST64E27,2,25.00,27.78,2026-06-10 18:11:10,amazon Dcvoltage,true
1001500000000,203-9197858-0903554,AMAZON,B0D53FZ8GS,,WCB2WH2PK+RPR44WH2PK,1,15.89,15.89,2026-06-10 18:36:10,amazon Dcvoltage,true
1001510000000,204-9197982-1085108,AMAZON,B0CTC7XPNX,,CRSF100BM+LHNSE27YB+SCRN70BM+LSFT220BG,1,18.99,,2026-06-10 19:56:53,amazon Dcvoltage,true
1001520000000,206-9720699-2292357,AMAZON,B0CXT2NJD9,,LSMS320YE2PK+RPR44WH2PK,1,25.49,,2026-06-10 20:16:37,amazon Dcvoltage,true
1001530000000,026-7853853-1337911,AMAZON,B0D5711PRY,,WCB6BM2PK+RPR44WH2PK,1,15.49,15.49,2026-06-10 20:18:22,amazon Dcvoltage,true
1001550000000,203-9863499-8373151,AMAZON,B07LFDY4D3,,CL3TBM5PK,1,13.49,13.49,2026-06-10 20:50:46,amazon Dcvoltage,true
1001560000000,206-1873048-5945939,AMAZON,B07PM4GDGP,,CL3TBM5PK,1,11.79,,2026-06-10 21:58:59,amazon Dcvoltage,true
1001570000000,204-3416680-9821149,AMAZON,B0C7C8LWY9,,LSCY290NB+RPR44WH,1,15.79,,2026-06-10 22:30:41,amazon Dcvoltage,true
1001580000000,204-7546671-2927521,AMAZON,B0FZCRB2RS,,LSHM400HE+RPR44WH,1,28.29,28.29,2026-06-10 22:41:59,amazon Dcvoltage,true
1001590000000,205-7233723-9165938,AMAZON,B0CBMQZ8P6,,PHSF2BMRBM+SPSDP2BM,1,13.89,13.89,2026-06-10 04:07:13,amazon Ledsone,true
1001600000000,202-0711098-4067531,AMAZON,B0B9YBYDLP,,CL3TBD5PK,1,13.51,13.51,2026-06-10 04:36:54,amazon Ledsone,true
1001610000000,203-5749215-1002754,AMAZON,B0CHRVWSBM,,CL3RBM5PK,1,11.99,,2026-06-10 06:27:37,amazon Ledsone,true
1001620000000,204-3831745-2773165,AMAZON,B0CCL729S8,,ENC1313,2,41.78,41.78,2026-06-10 06:53:24,amazon Ledsone,true
1001630000000,203-6684200-7713160,AMAZON,B0D7ZTRLBH,,LSCY290BM2PK+RPR44WH2PK,1,25.89,25.89,2026-06-10 07:34:56,amazon Ledsone,true
1001640000000,206-0943072-1117145,AMAZON,B0CHRVWSBM,,CL3RBM5PK,1,11.99,,2026-06-10 08:09:04,amazon Ledsone,true
1001650000000,205-3769695-2078752,AMAZON,B0B7SLHYYK,,PHSF1ROTRO,1,14.29,14.29,2026-06-10 09:37:07,amazon Ledsone,true
1001660000000,205-3590448-7460316,AMAZON,B0D7ZTRLBH,,LSCY290BM2PK+RPR44WH2PK,1,25.89,25.89,2026-06-10 10:07:24,amazon Ledsone,true
1001670000000,026-0739803-6534768,AMAZON,B0GMHQTBSQ,,LHXSHE27BM2PK,1,14.69,14.69,2026-06-10 10:40:15,amazon Ledsone,true
1001680000000,204-7336839-1361908,AMAZON,B0BBS41T71,,CL3TAGAPK,1,21.69,21.69,2026-06-10 10:45:12,amazon Ledsone,true
1001690000000,204-8137700-8812335,AMAZON,B0CGZQV9Y7,,amzn.gr.LSMCSPFLMC_RPR44WH-JaJkbm2yFB-VG,1,18.67,18.67,2026-06-10 11:27:42,amazon Ledsone,true
1001700000000,206-5762089-5445966,AMAZON,B083TNFR73,,LDMST64E278pck3,1,14.79,14.79,2026-06-10 12:25:31,amazon Ledsone,true
1001710000000,206-1432175-0927501,AMAZON,B0F7QZQS3Y,,amzn.gr.CL2TWHAPK_JK-RbmONOuvvqoNVZxc-VG,1,13.87,13.87,2026-06-10 12:29:58,amazon Ledsone,true
1001720000000,026-4536967-5349108,AMAZON,B0GNZLCX15,,LHXSHE27BM3PK,1,13.79,13.79,2026-06-10 12:33:44,amazon Ledsone,true
1001730000000,206-8777550-1012348,AMAZON,B0BC1CYP2F,,CL3RBMAPK,1,22.89,22.89,2026-06-10 12:41:25,amazon Ledsone,true
1001740000000,205-7509995-8174727,AMAZON,B0DB2FJY1T,,CL2THEAPK,1,20.19,20.19,2026-06-10 13:29:07,amazon Ledsone,true
1001760000000,206-2458701-3542743,AMAZON,B0G1TKZTS4,,CKAN1937BM,1,14.99,14.99,2026-06-10 15:00:42,amazon Ledsone,true
1001770000000,205-5137968-3023500,AMAZON,B0B4K4MVSK,,PSDS4BMRBU,1,0.00,,2026-06-10 16:01:34,amazon Ledsone,true
1001780000000,202-2106048-3231567,AMAZON,B0C3ZT3VR1,,LSCY290BD+RPR44WH,1,14.89,14.89,2026-06-10 16:16:46,amazon Ledsone,true
1001790000000,205-0999301-0671558,AMAZON,B0CW5RLSQL,,CRFF105GB2PK+HK10GB2PK,1,13.79,13.79,2026-06-10 16:48:41,amazon Ledsone,true
1001800000000,026-6231707-9033131,AMAZON,B0FTZFHVV1,,WCFL180RO,1,13.89,,2026-06-10 18:34:20,amazon Ledsone,true
1001810000000,204-4607053-2442726,AMAZON,B0CCJ3CSB6,,SPSDP2YB3PK,1,12.49,12.49,2026-06-10 19:30:58,amazon Ledsone,true
1001820000000,204-3533579-8527521,AMAZON,B0CZXL6ZYG,,TPOSBDBM,1,25.30,,2026-06-10 19:48:12,amazon Ledsone,true
1001830000000,026-0589867-9557944,AMAZON,B093TBM9LD,,CRSF100BB+PHCH1PBRBB+LSCY290BB,2,46.58,46.58,2026-06-10 19:48:27,amazon Ledsone,true
1001840000000,203-8352516-3161917,AMAZON,B0CBMQZ8P6,,PHSF2BMRBM+SPSDP2BM,1,0.00,,2026-06-10 20:10:10,amazon Ledsone,true
1001850000000,203-8352516-3161917,AMAZON,B0DCNWF2D4,,PHSF2BMRBM2PK+SPSDP2BM2PK,1,29.79,29.79,2026-06-10 20:10:10,amazon Ledsone,true
1001860000000,206-0155463-0453951,AMAZON,B0BB31YPDF,,CL2RGY5PK,1,13.49,13.49,2026-06-10 20:29:14,amazon Ledsone,true
1001870000000,206-7069698-0149925,AMAZON,B0963P71QD,,CRFF500BM+PHRI1PBRCO3PK+LSOL220CO3PK,1,34.56,34.56,2026-06-10 21:23:33,amazon Ledsone,true
1001880000000,202-6213519-7928326,AMAZON,B09HSBKLHK,,CL2TRO5PK,1,13.49,13.49,2026-06-10 22:22:45,amazon Ledsone,true
1003540000000,203-5918081-9985944,AMAZON,B08P1NX6SB,,CRFF500BM+PHHT1PBRBM3PK+WCDCBM3PKAM,1,32.89,32.89,2026-06-11 08:12:53,amazon Dcvoltage,true
1003550000000,203-0197750-9338733,AMAZON,B0D453YVGN,,amzn.gr.PHSF2BMTBM_ICST64E27-14QXt4rO-VG,1,12.50,,2026-06-11 08:49:44,amazon Dcvoltage,true
1003560000000,202-6040900-5744319,AMAZON,B07L8GPT85,,CL3TGY5PK,1,12.99,12.99,2026-06-11 09:26:12,amazon Dcvoltage,true
1003570000000,026-1868379-1490744,AMAZON,B0BY34N1KJ,,ENC4113,1,26.79,26.79,2026-06-11 09:32:12,amazon Dcvoltage,true
1003580000000,206-4108523-8120314,AMAZON,B0965HZJGN,,ENC686,1,49.49,,2026-06-11 10:26:54,amazon Dcvoltage,true
1003590000000,203-8072350-7918767,AMAZON,B0DH96KQ88,,CL3TOR5PK,1,11.89,11.89,2026-06-11 10:54:05,amazon Dcvoltage,true
1003600000000,206-7326874-1836314,AMAZON,B0D56YL7CS,,WCB6BC2PK+RPR44WH2PK,1,14.89,14.89,2026-06-11 11:03:41,amazon Dcvoltage,true
1003610000000,202-4365190-3799517,AMAZON,B0CKWLFKR7,,CL3RGR5PK,1,12.89,12.89,2026-06-11 11:15:37,amazon Dcvoltage,true
1003620000000,202-2443697-4069150,AMAZON,B08TLSNGD7,,ENC775,1,16.99,,2026-06-11 11:36:31,amazon Dcvoltage,true
1003630000000,204-5544255-1874729,AMAZON,B08XBYXQC6,,CL3TBRAPK,1,19.89,19.89,2026-06-11 12:28:25,amazon Dcvoltage,true
1003640000000,204-9143974-9618742,AMAZON,B07CSVGZMV,,3CTBD10M,1,19.99,,2026-06-11 12:28:25,amazon Dcvoltage,true
1003650000000,205-2648429-9031524,AMAZON,B08XBZNV5C,,CL3TGDAPK,1,20.89,20.89,2026-06-11 13:51:38,amazon Dcvoltage,true
1003660000000,203-0619688-4412367,AMAZON,B0CXSS7XYX,,LSCY290WH2PK+RPR44WH2PK,2,51.78,51.78,2026-06-11 14:10:21,amazon Dcvoltage,true
1003670000000,206-6334145-3833118,AMAZON,B0CBPB46GY,,WCB1RR2PK+RPR44WH2PK,1,15.89,15.89,2026-06-11 14:17:17,amazon Dcvoltage,true
1003680000000,203-6203840-1437951,AMAZON,B0CXSS7XYX,,LSCY290WH2PK+RPR44WH2PK,1,25.89,25.89,2026-06-11 14:23:04,amazon Dcvoltage,true
1003690000000,203-3359746-1281131,AMAZON,B0D6B5DGFC,,SPSDP2BM3PK,1,12.49,12.49,2026-06-11 15:28:11,amazon Dcvoltage,true
1003700000000,026-0779612-0497924,AMAZON,B08KGJT4DP,,CL3THE5PK,1,13.69,13.69,2026-06-11 16:02:58,amazon Dcvoltage,true
1003710000000,202-8391410-1320356,AMAZON,B0CTSTBDXV,,LSMS320BD+RPR44WH,1,14.99,,2026-06-11 16:52:47,amazon Dcvoltage,true
1003720000000,206-8655640-1847560,AMAZON,B0CKBZ4V22,,CRSF100BM+LHNSE27CO+SCRN70CO+LSFT220BI,1,15.89,,2026-06-11 16:56:42,amazon Dcvoltage,true
1003730000000,206-9305597-0110720,AMAZON,B0CH3BD4MP,,WSOSBDBM2PK,1,34.79,34.79,2026-06-11 17:11:40,amazon Dcvoltage,true
1003740000000,202-3325308-4159568,AMAZON,B07L8HQG6Y,,CL3TGD5PK,1,13.99,13.99,2026-06-11 17:19:53,amazon Dcvoltage,true
1003750000000,204-7927796-6632333,AMAZON,B0D56ZN8NP,,WCB7WH2PK+RPR44WH2PK,1,15.69,15.69,2026-06-11 18:12:28,amazon Dcvoltage,true
1003760000000,203-0309878-3957130,AMAZON,B095PVFF8B,,LSGG200AR+SCRN70FG,1,24.49,24.49,2026-06-11 18:28:37,amazon Dcvoltage,true
1003770000000,205-1046728-0539557,AMAZON,B0CS9Q78XH,,LSCY210BG2PK+RPR44WH2PK,2,46.98,,2026-06-11 18:30:59,amazon Dcvoltage,true
1003780000000,206-8915719-3296322,AMAZON,B0D4Y3Q9CR,,LDMG95B2243PK,1,10.39,,2026-06-11 20:41:29,amazon Dcvoltage,true
1003790000000,026-3368988-5349924,AMAZON,B0FZCRB2RS,,LSHM400HE+RPR44WH,1,28.29,28.29,2026-06-11 20:48:02,amazon Dcvoltage,true
1003800000000,026-4358023-5589938,AMAZON,B0F48LNB6J,,RWWPSY1080YE,1,8.89,8.89,2026-06-11 20:53:11,amazon Dcvoltage,true
1003810000000,205-9096264-3354709,AMAZON,B0D6B5DGFC,,SPSDP2BM3PK,1,12.49,,2026-06-11 21:49:31,amazon Dcvoltage,true
1003820000000,026-6114966-9601101,AMAZON,B0FZCRB2RS,,LSHM400HE+RPR44WH,1,28.29,28.29,2026-06-11 21:49:53,amazon Dcvoltage,true
1003830000000,204-8229078-8612363,AMAZON,B08VGMKHT7,,LSCY290BM+RPR44WH,1,15.49,15.49,2026-06-11 22:27:58,amazon Dcvoltage,true
1003840000000,026-0417723-1514718,AMAZON,B0DFHMC949,,LSCY290BI+RPR44WH-,2,30.58,,2026-06-11 22:40:30,amazon Dcvoltage,true
1003850000000,204-2526216-1753900,AMAZON,B08TMHKY6K,,ENC770,1,17.89,17.89,2026-06-11 22:51:51,amazon Dcvoltage,true
1003860000000,205-1304268-4777916,AMAZON,B0D5BFHKBN,,LSMS320GY2PK+RPR44WH2PK,1,30.38,,2026-06-11 23:43:25,amazon Dcvoltage,true
1003870000000,202-8893616-8457157,AMAZON,B0CK8BGCXQ,,ENC5632,1,21.49,21.49,2026-06-11 00:54:46,amazon Ledsone,true
1003880000000,206-9262317-7283544,AMAZON,B0CCHXR4X2,,SPSDP2WH3PK,1,13.49,13.49,2026-06-11 08:53:38,amazon Ledsone,true
1003890000000,202-0174954-6649104,AMAZON,B0CZXL6ZYG,,TPOSBDBM,1,23.99,23.99,2026-06-11 09:18:31,amazon Ledsone,true
1003900000000,205-8266478-4333163,AMAZON,B08638WV4N,,PHSF1AGTGB,1,16.79,16.79,2026-06-11 09:57:27,amazon Ledsone,true
1003910000000,202-1939201-9404361,AMAZON,B0CFV9JG2H,,PSOS4BMTHE,1,16.59,16.59,2026-06-11 10:01:41,amazon Ledsone,true
1003920000000,026-0473259-5495530,AMAZON,B0D7S17C9W,,LSMS320BU+RPR44WH,1,14.29,14.29,2026-06-11 10:21:58,amazon Ledsone,true
1003930000000,026-6992142-8988367,AMAZON,B086385W3W,,PHSF1BRTCO2PK,1,20.89,20.89,2026-06-11 10:22:18,amazon Ledsone,true
1003940000000,206-4081998-2496345,AMAZON,B0F2919THD,,LSCY290CO+RPR44WH,1,18.19,,2026-06-11 11:21:20,amazon Ledsone,true
1003950000000,204-1171725-7396332,AMAZON,B0B9Y7SRPV,,CL3TWH5PK,1,14.09,14.09,2026-06-11 13:25:56,amazon Ledsone,true
1003960000000,202-2708865-4155510,AMAZON,B0CW5RLSQL,,CRFF105GB2PK+HK10GB2PK,1,13.79,13.79,2026-06-11 13:36:55,amazon Ledsone,true
1003970000000,204-0662611-5413159,AMAZON,B0CCHXR4X2,,SPSDP2WH3PK,1,13.49,13.49,2026-06-11 13:42:31,amazon Ledsone,true
1003980000000,202-3005319-5474741,AMAZON,B0CG5QLXR8,,CL2ROR5PK,1,12.39,12.39,2026-06-11 15:09:20,amazon Ledsone,true
1003990000000,203-8489998-0157939,AMAZON,B0C3ZTBRHZ,,LSCY290BM+RPR44WH,2,30.58,30.58,2026-06-11 15:29:54,amazon Ledsone,true
1004000000000,206-1303838-9983563,AMAZON,B0B77KX4P8,,CRFF108BM2PK+HK10BM2PK,1,13.39,13.39,2026-06-11 15:35:02,amazon Ledsone,true
1004010000000,204-2095141-2424335,AMAZON,B0F2919THD,,LSCY290CO+RPR44WH,1,18.19,,2026-06-11 15:55:53,amazon Ledsone,true
1004030000000,204-2337448-2681117,AMAZON,B0B4BHWYR9,,PSDS2BMRGD,1,11.89,11.89,2026-06-11 17:29:00,amazon Ledsone,true
1004040000000,206-1243425-2174767,AMAZON,B0D296Z5B4,,LSCY290WH3PK+RPR44WH3PK,1,36.29,36.29,2026-06-11 17:43:48,amazon Ledsone,true
1004050000000,206-2243582-0345937,AMAZON,B08638WV4N,,PHSF1AGTGB,1,16.79,16.79,2026-06-11 17:45:49,amazon Ledsone,true
1004060000000,026-3769988-6988304,AMAZON,B0FKMDBX5K,,CRFF108WH2PK+LHTKE27WH2PK,1,18.29,18.29,2026-06-11 17:55:54,amazon Ledsone,true
1004070000000,206-8409131-4349926,AMAZON,B0CCJ2NWRP,,SPSDP2BM5PK,3,53.37,53.37,2026-06-11 18:06:07,amazon Ledsone,true
1004080000000,026-6179111-4100338,AMAZON,B0GDDXRR5K,,LDMT185E2735PK,1,16.39,16.39,2026-06-11 18:39:48,amazon Ledsone,true
1004090000000,026-6673398-4929912,AMAZON,B0B82Y8Q8N,,PHSF1GDRFG,1,14.99,14.99,2026-06-11 18:43:42,amazon Ledsone,true
1004100000000,206-9300084-1177117,AMAZON,B086385W3W,,PHSF1BRTCO2PK,1,20.89,20.89,2026-06-11 19:07:54,amazon Ledsone,true
1004110000000,202-3595760-3921921,AMAZON,B08638WV4N,,PHSF1AGTGB,1,17.21,,2026-06-11 19:35:00,amazon Ledsone,true
1004120000000,206-3201998-5531539,AMAZON,B0CHRVWSBM,,CL3RBM5PK,1,11.99,,2026-06-11 20:06:30,amazon Ledsone,true
1004130000000,206-7941414-7956352,AMAZON,B0CZXL6ZYG,,TPOSBDBM,1,23.99,,2026-06-11 20:26:26,amazon Ledsone,true
1004140000000,206-9295623-4516357,AMAZON,B0CDWVF7VV,,PSHYOS4WRWH,1,14.09,,2026-06-11 21:30:02,amazon Ledsone,true
1004150000000,203-3584661-8889931,AMAZON,B0BBS3RDGZ,,CL3TLBAPK,1,21.69,21.69,2026-06-11 21:31:46,amazon Ledsone,true
1006020000000,026-5601804-8869131,AMAZON,B0CG5YFN9X,,LSCY290BI2PK+RPR44WH2PK,1,26.79,26.79,2026-06-12 00:30:44,amazon Dcvoltage,true
1006030000000,206-5052127-0839508,AMAZON,B0FQVFP61X,,CRFF108BM+PHRI1PBRBA+LSCY290BI,1,19.46,,2026-06-12 01:49:52,amazon Dcvoltage,true
1006040000000,202-3508941-0947560,AMAZON,B08V5MK449,,CRSF100BM+PHCH1BMRBM+LSCY290BM,1,20.49,,2026-06-12 02:00:54,amazon Dcvoltage,true
1006050000000,203-3307975-8779500,AMAZON,B0CXSS7XYX,,LSCY290WH2PK+RPR44WH2PK,1,25.89,,2026-06-12 06:01:36,amazon Dcvoltage,true
1006060000000,206-9883037-3217905,AMAZON,B07L8HQG6Y,,CL3TGD5PK,1,13.99,13.99,2026-06-12 06:10:15,amazon Dcvoltage,true
1006070000000,204-7344667-3068300,AMAZON,B096FPKPNQ,,ENC685,1,54.89,54.89,2026-06-12 06:33:49,amazon Dcvoltage,true
1006080000000,026-3226671-4346753,AMAZON,B0C7BZ5756,,LSCY290GC+RPR44WH,1,15.49,,2026-06-12 07:25:40,amazon Dcvoltage,true
1006090000000,202-3521760-9187508,AMAZON,B08XC1QT69,,CL3THEAPK,1,21.98,19.99,2026-06-12 07:40:02,amazon Dcvoltage,true
1006100000000,202-3549208-4253142,AMAZON,B08XC1QT69,,CL3THEAPK,1,19.99,19.99,2026-06-12 07:42:59,amazon Dcvoltage,true
1006110000000,026-0669975-6590727,AMAZON,B0FHPM5GYP,,CRFF100CH2PK+LHNSE27CH2PK,1,24.89,24.89,2026-06-12 09:00:01,amazon Dcvoltage,true
1006120000000,202-8546728-0649160,AMAZON,B08VGMKHT7,,LSCY290BM+RPR44WH,1,15.49,15.49,2026-06-12 09:07:37,amazon Dcvoltage,true
1006130000000,205-7171875-5277911,AMAZON,B07L8HQG6Y,,CL3TGD5PK,1,13.99,13.99,2026-06-12 09:08:39,amazon Dcvoltage,true
1006140000000,203-6524507-9725937,AMAZON,B0GGDTRTN7,,amzn.gr.CRFF100BM2PK_LHNSE27BM-kEAoe--LN,1,26.89,26.89,2026-06-12 11:57:59,amazon Dcvoltage,true
1006150000000,202-5049467-9511542,AMAZON,B0CXSXN4KX,,LSMS320BI2PK+RPR44WH2PK,1,25.59,,2026-06-12 13:22:32,amazon Dcvoltage,true
1006160000000,206-2118106-3394751,AMAZON,B07RWJR1D2,,PLPYBC,1,14.79,14.79,2026-06-12 13:51:12,amazon Dcvoltage,true
1006170000000,205-7251964-3017109,AMAZON,B08VGMKHT7,,amzn.gr.LSCY290BM_RPR44WH_W-v-6oAP1FZ-LN,1,13.94,,2026-06-12 14:31:17,amazon Dcvoltage,true
1006180000000,202-2046057-9006759,AMAZON,B0CB7VJNLD,,SPSDP2YB3PK,1,11.39,11.39,2026-06-12 15:37:57,amazon Dcvoltage,true
1006190000000,203-8180919-8877909,AMAZON,B07ZFWL5T1,,CRFF100GB+LHNSE27GB,1,13.89,,2026-06-12 16:33:45,amazon Dcvoltage,true
1006200000000,205-0286754-4759546,AMAZON,B0C7C8LWY9,,LSCY290NB+RPR44WH,1,15.79,15.79,2026-06-12 17:14:44,amazon Dcvoltage,true
1006210000000,203-5978377-1101111,AMAZON,B0DFHMDZYQ,,LSCY290NB+RPR44WH,1,15.09,15.09,2026-06-12 17:18:40,amazon Dcvoltage,true
1006220000000,206-8210772-2964310,AMAZON,B08VGP666V,,LSCY290WH+RPR44WH,1,15.79,15.79,2026-06-12 17:44:20,amazon Dcvoltage,true
1006230000000,026-7392835-1260338,AMAZON,B08VGPPQ48,,LSCY290GY+RPR44WH,1,15.29,15.29,2026-06-12 18:06:38,amazon Dcvoltage,true
1006240000000,205-6677380-4126742,AMAZON,B0CXSS7XYX,,LSCY290WH2PK+RPR44WH2PK,1,25.89,,2026-06-12 18:27:58,amazon Dcvoltage,true
1006250000000,026-6883317-0339565,AMAZON,B08XC1QT69,,CL3THEAPK,2,39.98,39.98,2026-06-12 19:02:28,amazon Dcvoltage,true
1006260000000,026-4862662-6940361,AMAZON,B08TMBY3QM,,ENC771,2,37.58,37.58,2026-06-12 19:09:44,amazon Dcvoltage,true
1006270000000,202-4599118-5648333,AMAZON,B08XBYXQC6,,CL3TBRAPK,1,19.89,19.89,2026-06-12 20:37:37,amazon Dcvoltage,true
1006290000000,205-9784122-8325153,AMAZON,B0CSPDC2PX,,ENC6087,1,27.56,27.56,2026-06-12 21:35:37,amazon Dcvoltage,true
1006300000000,202-2456848-6337966,AMAZON,B0CTC7XPNX,,CRSF100BM+LHNSE27YB+SCRN70BM+LSFT220BG,2,37.98,37.98,2026-06-12 22:29:31,amazon Dcvoltage,true
1006310000000,204-6295935-7922711,AMAZON,B0CBLXL9R1,,WCVCBC2PK+RPR44WH2PK,1,16.29,16.29,2026-06-12 23:36:25,amazon Dcvoltage,true
1006320000000,203-1250112-7505162,AMAZON,B09479HV6W,,LDMG95E2783PK,1,14.09,,2026-06-12 00:11:41,amazon Ledsone,true
1006330000000,203-9295612-3224366,AMAZON,B09479HV6W,,amzn.gr.LDMG95E2783PK_A-ScPjiL8g4Kkek-LN,1,11.29,11.29,2026-06-12 00:11:41,amazon Ledsone,true
1006340000000,203-6960864-6904368,AMAZON,B0DSC67GJ4,,PHSF1PBR20WH+LSWE315BY,1,17.89,17.89,2026-06-12 02:00:17,amazon Ledsone,true
1006350000000,206-8292507-0561110,AMAZON,B0D7ZTRLBH,,LSCY290BM2PK+RPR44WH2PK,3,74.67,74.67,2026-06-12 06:29:23,amazon Ledsone,true
1006360000000,203-6035208-3509150,AMAZON,B0DXQ7LC8N,,LSCY290GR2PK+RPR44WH2PK,1,24.89,,2026-06-12 06:50:48,amazon Ledsone,true
1006370000000,206-0966152-8445915,AMAZON,B0CCHXR4X2,,SPSDP2WH3PK,1,18.48,,2026-06-12 08:44:51,amazon Ledsone,true
1006380000000,203-4179178-5388366,AMAZON,B086385W3W,,PHSF1BRTCO2PK,1,23.38,20.89,2026-06-12 09:09:58,amazon Ledsone,true
1006390000000,205-0287705-1420345,AMAZON,B0GNZLCX15,,LHXSHE27BM3PK,1,13.79,,2026-06-12 09:11:23,amazon Ledsone,true
1006400000000,026-6962054-6241967,AMAZON,B0GMHQTBSQ,,LHXSHE27BM2PK,1,14.39,14.39,2026-06-12 09:14:50,amazon Ledsone,true
1006410000000,206-5806701-5555537,AMAZON,B0D3X4WHGV,,CCBKNWE482PK,1,15.89,,2026-06-12 10:14:14,amazon Ledsone,true
1006420000000,206-2509483-0211560,AMAZON,B0CZXL6ZYG,,TPOSBDBM,1,23.99,,2026-06-12 10:20:25,amazon Ledsone,true
1006440000000,205-1363130-0285153,AMAZON,B0C3ZT3VR1,,LSCY290BD+RPR44WH,1,14.89,14.89,2026-06-12 10:30:57,amazon Ledsone,true
1006450000000,202-4761855-6125925,AMAZON,B0B2K913QC,,LHC4E27WH5PK,1,16.49,16.49,2026-06-12 10:52:52,amazon Ledsone,true
1006460000000,204-3105524-8590764,AMAZON,B07PFMPYD4,,CL3TGDAPK,1,20.70,20.70,2026-06-12 11:19:08,amazon Ledsone,true
1006470000000,206-1368204-7584310,AMAZON,B0CCHX3S7L,,SPSDP2BM6PK,1,20.79,20.79,2026-06-12 12:39:28,amazon Ledsone,true
1006480000000,205-1046073-8315558,AMAZON,B0CBVBWZCG,,ENC7567,1,28.89,28.89,2026-06-12 13:19:58,amazon Ledsone,true
1006490000000,204-2697109-5835547,AMAZON,B0F291K6SL,,LSCY290YE+RPR44WH,1,15.89,15.89,2026-06-12 13:44:17,amazon Ledsone,true
1006500000000,202-5627595-3964332,AMAZON,B0DF2WV971,,LHC5E27WH2PK,1,12.09,12.09,2026-06-12 13:49:16,amazon Ledsone,true
1006510000000,206-6934810-5290704,AMAZON,B0D7ZTRLBH,,LSCY290BM2PK+RPR44WH2PK,1,25.89,25.89,2026-06-12 14:18:44,amazon Ledsone,true
1006520000000,206-7960438-9156307,AMAZON,B0DCNNVB21,,LHC6E27WH4PK,1,13.39,13.39,2026-06-12 16:07:10,amazon Ledsone,true
1006530000000,202-2203290-6564317,AMAZON,B0C3ZT3VR1,,LSCY290BD+RPR44WH,1,15.26,15.26,2026-06-12 16:59:37,amazon Ledsone,true
1006540000000,206-6596889-9337958,AMAZON,B0F21TXF2F,,WCWYBM2PK,1,11.29,11.29,2026-06-12 17:46:11,amazon Ledsone,true
1006550000000,204-6405137-3745919,AMAZON,B094DN1XL1,,PLADBC,1,45.99,45.99,2026-06-12 18:00:15,amazon Ledsone,true
1006560000000,202-3174751-0823531,AMAZON,B093T4FQVW,,LSMS320GR+RPR44WH,1,14.79,14.79,2026-06-12 19:12:21,amazon Ledsone,true
1006570000000,026-5739855-4289944,AMAZON,B0DXQ9BPVH,,LSCY290BB2PK+RPR44WH2PK,1,27.89,27.89,2026-06-12 21:31:52,amazon Ledsone,true
1006580000000,202-5962389-3557949,AMAZON,B0DXQ8YFC6,,LSCY290RO2PK+RPR44WH2PK,1,29.79,29.79,2026-06-12 23:01:59,amazon Ledsone,true
1008310000000,026-9796132-8833949,AMAZON,B0DP264BLC,,12UK3P10A,1,17.89,,2026-06-13 01:43:15,amazon Dcvoltage,true
1008320000000,204-4144254-1579508,AMAZON,B09BV65JL2,,PSDS2BMRBW.1,1,11.89,11.89,2026-06-13 08:51:13,amazon Dcvoltage,true
1008330000000,204-2933578-9121913,AMAZON,B096FPKPNQ,,ENC685,2,109.78,109.78,2026-06-13 08:56:02,amazon Dcvoltage,true
1008340000000,202-1703005-9886753,AMAZON,B07PM5KN1T,,CL3TGL5PK,1,12.73,,2026-06-13 10:20:29,amazon Dcvoltage,true
1008350000000,206-5436623-3053931,AMAZON,B0C7BZ5756,,LSCY290GC+RPR44WH,1,15.49,,2026-06-13 10:49:01,amazon Dcvoltage,true
1008360000000,203-0630438-4419559,AMAZON,B0CH39MWRF,,WSOSBDBM,1,19.59,19.59,2026-06-13 11:07:51,amazon Dcvoltage,true
1008370000000,203-4890797-8065965,AMAZON,B0CGRJ1V8L,,TPOSBDBM,1,23.99,,2026-06-13 11:07:51,amazon Dcvoltage,true
1008380000000,203-9484877-8688353,AMAZON,B07CS22K8L,,12IP6720,1,10.09,,2026-06-13 11:51:09,amazon Dcvoltage,true
1008390000000,202-7610481-8835550,AMAZON,B0DH629QP2,,CL2TGLAPK,1,18.29,18.29,2026-06-13 12:06:50,amazon Dcvoltage,true
1008400000000,026-1129205-3298732,AMAZON,B08XC1QT69,,CL3THEAPK,1,19.99,19.99,2026-06-13 12:17:56,amazon Dcvoltage,true
1008410000000,026-0335770-3297979,AMAZON,B08VGHVH8R,,LSCY290BC+RPR44WH,1,20.88,,2026-06-13 12:25:14,amazon Dcvoltage,true
1008430000000,205-3760254-9543515,AMAZON,B0CNGGP2YF,,TPHTTN2PBRBM,1,15.89,,2026-06-13 13:21:39,amazon Dcvoltage,true
1008440000000,205-4835875-8693904,AMAZON,B0CJ4R5796,,LSMCSQWYBL,3,65.67,65.67,2026-06-13 14:22:34,amazon Dcvoltage,true
1008450000000,026-8716579-0917958,AMAZON,B0FZCRB2RS,,LSHM400HE+RPR44WH,1,28.29,28.29,2026-06-13 14:57:01,amazon Dcvoltage,true
1008460000000,026-7154975-8834757,AMAZON,B0CXSQZ68C,,LSCY290BD2PK+RPR44WH2PK,1,25.89,25.89,2026-06-13 15:14:13,amazon Dcvoltage,true
1008470000000,205-7263019-5698709,AMAZON,B0DH9CY29Z,,CL3TGL5PK,1,12.89,12.89,2026-06-13 16:36:13,amazon Dcvoltage,true
1008480000000,026-1086648-1925962,AMAZON,B0CYZWJ7WJ,,LSCY290CH2PK+RPR44WH2PK,1,28.89,28.89,2026-06-13 17:47:27,amazon Dcvoltage,true
1008490000000,204-3773891-3089921,AMAZON,B0C7C59JYH,,LSCY290CH+RPR44WH,1,17.21,17.21,2026-06-13 18:28:11,amazon Dcvoltage,true
1008500000000,202-0349708-5174724,AMAZON,B0G4QXYX5W,,CRSF100BM+PHHF1PBRBM+LSWD360BM,1,21.89,,2026-06-13 18:38:40,amazon Dcvoltage,true
1008510000000,205-1911850-4437912,AMAZON,B08VGMNGYN,,LSCY290YB+RPR44WH,1,17.89,,2026-06-13 18:55:49,amazon Dcvoltage,true
1008520000000,026-6986452-3289111,AMAZON,B0D5BFGM4G,,LSMS320WH2PK+RPR44WH2PK,1,26.79,26.79,2026-06-13 21:02:18,amazon Dcvoltage,true
1008530000000,203-4408763-3879522,AMAZON,B0DJH1K2T5,,PLPYBC2PK,1,25.89,25.89,2026-06-13 21:15:43,amazon Dcvoltage,true
1008540000000,202-6859008-6260340,AMAZON,B0C7BZ5756,,amzn.gr.LSCY290GC_RPR44WH__W-8dlrVXnN-VG,1,14.88,,2026-06-13 21:39:12,amazon Dcvoltage,true
1008550000000,205-9206539-8525142,AMAZON,B08XC1QT69,,CL3THEAPK,1,19.99,,2026-06-13 21:54:58,amazon Dcvoltage,true
1008560000000,205-3295703-9088304,AMAZON,B0D56ZN8NP,,WCB7WH2PK+RPR44WH2PK,1,15.69,15.69,2026-06-13 22:38:44,amazon Dcvoltage,true
1008570000000,206-9810453-9254735,AMAZON,B08XC25WCD,,CL3TBMAPK,1,20.99,20.99,2026-06-13 22:57:03,amazon Dcvoltage,true
1008580000000,026-9526592-5003535,AMAZON,B0DGQM511D,,LSLT360BC2PK+RPR44WH2PK,1,23.20,23.20,2026-06-13 08:14:10,amazon Ledsone,true
1008590000000,205-2151814-4777941,AMAZON,B093T4L68X,,LSCY290WH+RPR44WH,1,15.89,,2026-06-13 09:26:42,amazon Ledsone,true
1008600000000,204-6459870-2113139,AMAZON,B0D9QJNFWK,,CL2RAG5PK,1,12.29,12.29,2026-06-13 09:37:10,amazon Ledsone,true
1008610000000,205-9217697-4966743,AMAZON,B0CGRJ5PM4,,CRSF100BM+SPSPLBM+PHRNWP2RBM,1,13.29,13.29,2026-06-13 10:28:51,amazon Ledsone,true
1008620000000,026-8741175-7824315,AMAZON,B0BBB5YCJN,,CL3RCR5PK,1,13.79,13.79,2026-06-13 12:19:38,amazon Ledsone,true
1008630000000,204-9531014-0908317,AMAZON,B0CHDZXZGJ,,CL3TAG5PK,1,13.79,,2026-06-13 12:23:39,amazon Ledsone,true
1008640000000,202-7821811-0077938,AMAZON,B0BBS3NXFM,,CL3TBRAPK,1,20.89,20.89,2026-06-13 13:11:17,amazon Ledsone,true
1008650000000,202-9006389-7091545,AMAZON,B0BWK7RQ27,,PLTYRR+ICST64E27,1,19.49,,2026-06-13 13:25:16,amazon Ledsone,true
1008660000000,203-8729238-5274731,AMAZON,B0GW7VBY3J,,LHSWPBB22GD,1,9.79,,2026-06-13 13:28:48,amazon Ledsone,true
1008670000000,026-1370051-7900306,AMAZON,B0CFV9JG2H,,PSOS4BMTHE,2,33.18,,2026-06-13 13:41:39,amazon Ledsone,true
1008680000000,206-3762276-1501941,AMAZON,B0DR934Q32,,PSHYOS4WRWH+ICST64E27,1,14.89,,2026-06-13 14:19:59,amazon Ledsone,true
1008690000000,026-5267507-5276356,AMAZON,B0C3ZT3VR1,,LSCY290BD+RPR44WH,1,14.89,14.89,2026-06-13 14:30:12,amazon Ledsone,true
1008700000000,206-1236750-8855522,AMAZON,B0D963FBMS,,amzn.gr.ENC7481-IKtAmPukpbXOoK4fbMRW9-VG,1,23.77,23.77,2026-06-13 14:33:12,amazon Ledsone,true
1008710000000,026-7304108-8139530,AMAZON,B0BBS3NXFM,,CL3TBRAPK,1,20.89,20.89,2026-06-13 14:34:58,amazon Ledsone,true
1008720000000,205-8169790-3878759,AMAZON,B093Y224LS,,CRSF100BM+PHHT1PBRBM+LSHM400HE,1,35.58,30.59,2026-06-13 15:23:20,amazon Ledsone,true
1008730000000,206-0223264-6710766,AMAZON,B0CW5RLSQL,,CRFF105GB2PK+HK10GB2PK,1,13.79,,2026-06-13 18:01:32,amazon Ledsone,true
1008740000000,206-9790340-6160356,AMAZON,B0BB34G298,,CL2RBK5PK,1,12.09,12.09,2026-06-13 18:58:30,amazon Ledsone,true
1008750000000,206-6870750-8184300,AMAZON,B0CFVCM4Z5,,PSOS4BMTHE+ICST64E27,1,17.59,17.59,2026-06-13 19:26:54,amazon Ledsone,true
1008760000000,205-0853562-0541939,AMAZON,B0C7L17VP5,,ENC5166,1,18.89,18.89,2026-06-13 20:02:02,amazon Ledsone,true
1008770000000,204-5693492-0015548,AMAZON,B0C3ZTBRHZ,,LSCY290BM+RPR44WH,1,17.78,15.29,2026-06-13 20:53:40,amazon Ledsone,true
1008780000000,202-4950005-5851505,AMAZON,B0C3ZTBRHZ,,LSCY290BM+RPR44WH,2,30.58,,2026-06-13 20:53:58,amazon Ledsone,true
1008790000000,204-9821939-6544355,AMAZON,B0CDWVF7VV,,PSHYOS4WRWH,1,14.09,14.09,2026-06-13 21:07:41,amazon Ledsone,true
1008800000000,203-8314414-6088342,AMAZON,B0C3ZTBRHZ,,LSCY290BM+RPR44WH,1,15.29,15.29,2026-06-13 21:45:00,amazon Ledsone,true
1010340000000,205-7124005-2617931,AMAZON,B0CG9G8PBV,,WCWODSBM+RPR44WH,1,10.89,10.89,2026-06-14 01:58:22,amazon Dcvoltage,true
1010350000000,202-5190020-5704313,AMAZON,B0CS9Q78XH,,LSCY210BG2PK+RPR44WH2PK,2,23.49,,2026-06-14 08:39:30,amazon Dcvoltage,true
1010360000000,206-4896004-6833147,AMAZON,B0CKWLQZ83,,CL3RBD5PK,1,12.89,,2026-06-14 10:20:53,amazon Dcvoltage,true
1010370000000,205-2468172-6449125,AMAZON,B0D6B5DGFC,,SPSDP2BM3PK,1,12.49,12.49,2026-06-14 10:32:07,amazon Dcvoltage,true
1010380000000,203-1484485-1149952,AMAZON,B0DH96KQ88,,CL3TOR5PK,1,11.89,11.89,2026-06-14 12:08:20,amazon Dcvoltage,true
1010390000000,204-7153071-8159567,AMAZON,B08KGJT4DP,,CL3THE5PK,1,13.69,13.69,2026-06-14 12:09:37,amazon Dcvoltage,true
1010400000000,205-0590153-7321157,AMAZON,B08XBYXQC6,,CL3TBRAPK,1,19.89,19.89,2026-06-14 12:09:44,amazon Dcvoltage,true
1010410000000,203-7485031-9697102,AMAZON,B0C6LV14PT,,12UK3P2A,2,13.78,13.78,2026-06-14 13:37:51,amazon Dcvoltage,true
1010420000000,205-9766097-1623552,AMAZON,B08V5MK449,,CRSF100BM+PHCH1BMRBM+LSCY290BM,1,20.49,20.49,2026-06-14 14:10:32,amazon Dcvoltage,true
1010430000000,204-5387610-2933138,AMAZON,B0GCZQVHRF,,CRFF100BM+LHNSE27BM+ICST64E27,2,33.98,33.98,2026-06-14 14:25:19,amazon Dcvoltage,true
1010440000000,205-2733412-3921160,AMAZON,B07F9SH71F,,LDMG95E274,1,5.69,,2026-06-14 14:43:32,amazon Dcvoltage,true
1010450000000,202-5627550-1273902,AMAZON,B0CZNNRGMB,,LSSS300GR2PK+RPR44WH2PK,2,46.98,46.98,2026-06-14 15:23:57,amazon Dcvoltage,true
1010460000000,203-7220907-4675520,AMAZON,B0DFHMC949,,LSCY290BI+RPR44WH-,1,15.29,,2026-06-14 16:30:17,amazon Dcvoltage,true
1010470000000,026-4657254-1253963,AMAZON,B07ZFWL5T1,,CRFF100GB+LHNSE27GB,1,13.89,,2026-06-14 16:59:42,amazon Dcvoltage,true
1010480000000,202-7790758-0992325,AMAZON,B0965HZJGN,,ENC686,1,49.49,49.49,2026-06-14 17:08:18,amazon Dcvoltage,true
1010490000000,203-1364865-2285912,AMAZON,B08P1NX6SB,,CRFF500BM+PHHT1PBRBM3PK+WCDCBM3PKAM,1,31.25,32.89,2026-06-14 17:36:47,amazon Dcvoltage,true
1010500000000,206-2893621-8173127,AMAZON,B0CZNPJGMM,,LSSS300RE2PK+RPR44WH2PK,1,19.79,19.79,2026-06-14 17:38:10,amazon Dcvoltage,true
1010510000000,206-5581126-4825922,AMAZON,B0DFHMDZYQ,,LSCY290NB+RPR44WH,1,15.09,15.09,2026-06-14 17:55:59,amazon Dcvoltage,true
1010520000000,205-9774084-9069939,AMAZON,B0CTT4CH4C,,LSMS320GR+RPR44WH,1,14.99,14.99,2026-06-14 18:15:29,amazon Dcvoltage,true
1010530000000,026-3870117-8625938,AMAZON,B0C6LV14PT,,12UK3P2A,1,9.88,6.89,2026-06-14 18:41:50,amazon Dcvoltage,true
1010540000000,206-4950094-5606723,AMAZON,B0D44XWSWS,,PHSF2GDTFG+ICST64E27,1,21.88,16.89,2026-06-14 19:16:41,amazon Dcvoltage,true
1010550000000,202-4499769-5935527,AMAZON,B09643CJ5N,,CRFF500BM+PHCH1BMRBM3PK+LSDO210BG3PK,1,35.48,35.48,2026-06-14 19:47:06,amazon Dcvoltage,true
1010560000000,203-6657720-3674746,AMAZON,B0FZCRB2RS,,LSHM400HE+RPR44WH,2,113.16,56.58,2026-06-14 19:47:15,amazon Ledsone,true
1010570000000,205-8866729-1348351,AMAZON,B0D5BFGM4G,,LSMS320WH2PK+RPR44WH2PK,1,27.45,27.45,2026-06-14 20:29:51,amazon Dcvoltage,true
1010580000000,026-0191166-9511514,AMAZON,B09K7GSHQ9,,ENC2016Z,1,24.79,24.79,2026-06-14 20:45:54,amazon Dcvoltage,true
1010590000000,204-9094868-8273924,AMAZON,B0C9TTZBV7,,LSCY210BS+RPR44WH,1,13.89,,2026-06-14 22:48:28,amazon Dcvoltage,true
1010600000000,205-4575791-9215529,AMAZON,B0DB2FJY1T,,CL2THEAPK,1,20.19,20.19,2026-06-14 00:18:42,amazon Ledsone,true
1010610000000,203-1081498-1039514,AMAZON,B0CCJ3CSB6,,SPSDP2YB3PK,1,12.49,12.49,2026-06-14 01:33:09,amazon Ledsone,true
1010630000000,205-3436280-1149126,AMAZON,B0BBB4H59J,,CL3RGY5PK,1,14.79,14.79,2026-06-14 05:53:43,amazon Ledsone,true
1010640000000,206-0432085-1395559,AMAZON,B093T4L68X,,LSCY290WH+RPR44WH,1,15.89,,2026-06-14 06:35:34,amazon Ledsone,true
1010660000000,202-2353037-2184350,AMAZON,B0CCJ13D4W,,amzn.gr.SPSDP2WH5PK-TTRbkkcn_esBKHNWc-VG,1,13.42,13.42,2026-06-14 08:47:31,amazon Ledsone,true
1010670000000,204-1518805-7544362,AMAZON,B0CHW3Q9VG,,CRSF100YB+PHCHPCRYB+LSCY290YB,1,23.09,,2026-06-14 10:41:57,amazon Ledsone,true
1010680000000,206-2622813-0025946,AMAZON,B0BBS6BLHF,,CL3TROAPK,1,22.79,22.79,2026-06-14 10:48:26,amazon Ledsone,true
1010690000000,202-0638795-4015523,AMAZON,B0B8VVQDZR,,LDSG125LOE2742PK,1,15.29,15.29,2026-06-14 11:00:39,amazon Ledsone,true
1010700000000,204-8668369-4762702,AMAZON,B0DBLB6ZSH,,LSDO210GR2PK+RPR44WH2PK,1,15.99,15.99,2026-06-14 12:54:34,amazon Ledsone,true
1010710000000,203-1169094-1041155,AMAZON,B0D298RPWW,,LSCY290RE+RPR44WH,1,15.79,15.79,2026-06-14 13:20:04,amazon Ledsone,true
1010720000000,205-3828986-0781922,AMAZON,B0C3ZTBRHZ,,LSCY290BM+RPR44WH,1,15.29,15.29,2026-06-14 16:07:45,amazon Ledsone,true
1010730000000,026-8555621-3573918,AMAZON,B0DXQ8VVR7,,LSCY290WH2PK+RPR44WH2PK,1,25.79,25.79,2026-06-14 16:39:35,amazon Ledsone,true
1010740000000,026-0968252-0659520,AMAZON,B0CGRJ5PM4,,amzn.gr.CRSF100BM_SPSPLBM_PHRN-Qa9cZ8-LN,1,10.63,,2026-06-14 17:38:43,amazon Ledsone,true
1010750000000,203-2330260-0739532,AMAZON,B0BBB3V9M6,,CL3RBW5PK,1,13.01,13.01,2026-06-14 17:56:17,amazon Ledsone,true
1010760000000,202-1714025-1968310,AMAZON,B0B82Y8Q8N,,PHSF1GDRFG,1,14.99,14.99,2026-06-14 18:33:12,amazon Ledsone,true
1010770000000,206-1074143-6697900,AMAZON,B0GW84WQXL,,LHSWPBB22SN,1,9.79,9.79,2026-06-14 18:46:58,amazon Ledsone,true
1010780000000,203-3708313-0533126,AMAZON,B0CGRJ5PM4,,CRSF100BM+SPSPLBM+PHRNWP2RBM,1,13.29,13.29,2026-06-14 18:51:55,amazon Ledsone,true
1010790000000,202-6625630-6737929,AMAZON,B0DHGLCQW2,,LSCY290WH+RPR44WH,1,16.29,,2026-06-14 18:56:40,amazon Ledsone,true
1010800000000,202-0758383-7447524,AMAZON,B0CZXL6ZYG,,TPOSBDBM,1,23.99,,2026-06-14 19:12:39,amazon Ledsone,true
1010810000000,202-9167591-1397105,AMAZON,B0C2CXYHRK,,ENC1914,1,18.39,18.39,2026-06-14 19:23:07,amazon Ledsone,true
1010820000000,203-6657720-3674746,AMAZON,B093Y224LS,,CRSF100BM+PHHT1PBRBM+LSHM400HE,4,481.28,120.32,2026-06-14 19:47:15,amazon Ledsone,true
1010830000000,203-6657720-3674746,AMAZON,B093Y224LS,,amzn.gr.CRSF100BM_PHHT1PBRBM_L-p9b1HA-LN,2,98.60,49.30,2026-06-14 19:47:15,amazon Ledsone,true
1010840000000,202-2511379-1896308,AMAZON,B0GLYWJ4WL,,PLTRULBM,1,55.99,55.99,2026-06-14 19:51:00,amazon Ledsone,true
1010850000000,206-5664793-2773948,AMAZON,B0FTZFHVV1,,WCFL180RO,1,13.89,,2026-06-14 20:02:09,amazon Ledsone,true
1010860000000,026-0706798-9979518,AMAZON,B0C5CTR1JC,,CRSF100BM+WSHR135BM+LSFT220BC+ICST64E27A,1,17.89,17.89,2026-06-14 20:30:31,amazon Ledsone,true
1010870000000,203-7937433-3569125,AMAZON,B0CCHXR4X2,,SPSDP2WH3PK,1,13.49,,2026-06-14 20:52:44,amazon Ledsone,true
1010890000000,202-6047584-9603525,AMAZON,B0B82Y8Q8N,,PHSF1GDRFG,1,14.99,14.99,2026-06-14 21:24:49,amazon Ledsone,true
1010900000000,026-1179667-3826700,AMAZON,B0DXQB7T3C,,LSCY290GY2PK+RPR44WH2PK,1,26.29,26.29,2026-06-14 21:42:13,amazon Ledsone,true
1010910000000,205-7879512-7255526,AMAZON,B0BW9RPJ23,,LSLT360BM+RPR44WH,1,13.50,13.50,2026-06-14 21:59:12,amazon Ledsone,true
1010920000000,204-4720639-5162731,AMAZON,B09479HV6W,,LDMG95E2783PK,1,14.09,,2026-06-14 22:14:27,amazon Ledsone,true
1010930000000,026-6211495-3465917,AMAZON,B083TNFR73,,LDMST64E278pck3,1,14.79,,2026-06-14 22:56:54,amazon Ledsone,true
1011800000000,203-6657720-3674746,AMAZON,B093Y224LS,,CRSF100BM+PHHT1PBRBM+LSHM400HE,3,0.00,,2026-06-14 19:47:15,amazon Ledsone,true
1012760000000,203-5029700-8783500,AMAZON,B08XNPKHZX,,LSSS300YE+RPR44WH,2,26.98,26.98,2026-06-15 06:47:16,amazon Dcvoltage,true
1012770000000,206-4027505-4620309,AMAZON,B0965HZJGN,,ENC686,1,49.49,49.49,2026-06-15 07:38:22,amazon Dcvoltage,true
1012780000000,204-2793828-9201132,AMAZON,B08V5MK449,,CRSF100BM+PHCH1BMRBM+LSCY290BM,1,20.49,20.49,2026-06-15 07:57:49,amazon Dcvoltage,true
1012790000000,203-8136757-9833159,AMAZON,B0CYZVX28V,,LSCY290CO2PK+RPR44WH2PK,1,31.89,31.89,2026-06-15 11:25:51,amazon Dcvoltage,true
1012800000000,026-8796667-5633128,AMAZON,B08VGPPQ48,,LSCY290GY+RPR44WH,1,15.29,,2026-06-15 11:28:24,amazon Dcvoltage,true
1012810000000,204-6083912-9536301,AMAZON,B0FR738SKW,,PHSF2BMTBM3PK+ICST64E273PK,1,40.89,40.89,2026-06-15 11:47:28,amazon Dcvoltage,true
1012820000000,204-0217912-8062751,AMAZON,B0CH39MWRF,,WSOSBDBM,1,19.59,19.59,2026-06-15 11:49:11,amazon Dcvoltage,true
1012830000000,202-2024747-5601906,AMAZON,B0CPBXMLYW,,LSCY290CH+RPR44WH RAMZ,2,33.78,33.78,2026-06-15 12:27:47,amazon Dcvoltage,true
1012840000000,203-3762711-3685907,AMAZON,B0965HZJGN,,ENC686,1,49.49,,2026-06-15 13:47:29,amazon Dcvoltage,true
1012850000000,026-8813467-4698702,AMAZON,B0CTT4CH4C,,LSMS320GR+RPR44WH,1,14.99,14.99,2026-06-15 13:51:07,amazon Dcvoltage,true
1012870000000,205-1876011-7838756,AMAZON,B07L8JDCQL,,CL3TBRAPK,1,24.49,24.49,2026-06-15 16:01:21,amazon Dcvoltage,true
1012880000000,202-3555256-7784332,AMAZON,B0D6B5DGFC,,SPSDP2BM3PK,1,12.49,12.49,2026-06-15 16:02:12,amazon Dcvoltage,true
1012890000000,206-3906273-4241103,AMAZON,B0DFHMDZYQ,,LSCY290NB+RPR44WH,1,15.09,15.09,2026-06-15 16:45:35,amazon Dcvoltage,true
1012900000000,203-9917570-0395500,AMAZON,B0D5BFHKBN,,LSMS320GY2PK+RPR44WH2PK,1,25.39,25.39,2026-06-15 17:53:35,amazon Dcvoltage,true
1012920000000,206-1606157-7430731,AMAZON,B08WX7NWWL,,ENC899,2,37.60,41.78,2026-06-15 18:24:52,amazon Dcvoltage,true
1012930000000,026-9842417-0316349,AMAZON,B0FQVFP61X,,amzn.gr.CRFF108BM_PHRI1PBRBA_L-S0fFAS-LN,1,19.70,19.70,2026-06-15 18:40:35,amazon Dcvoltage,true
1012940000000,205-3617300-1941920,AMAZON,B08XC1QT69,,CL3THEAPK,1,19.99,,2026-06-15 18:41:14,amazon Dcvoltage,true
1012950000000,206-5619746-8645925,AMAZON,B0CTC7XPNX,,CRSF100BM+LHNSE27YB+SCRN70BM+LSFT220BG,1,18.99,18.99,2026-06-15 18:51:37,amazon Dcvoltage,true
1012960000000,026-3057267-4188301,AMAZON,B0D53FZ8GS,,WCB2WH2PK+RPR44WH2PK,1,15.89,,2026-06-15 20:45:57,amazon Dcvoltage,true
1012970000000,205-4341960-9472322,AMAZON,B07DKBSBG4,,LDMT185E274,1,6.19,,2026-06-15 20:50:11,amazon Dcvoltage,true
1012980000000,203-4406731-9796360,AMAZON,B0CKWMGD1M,,CL3RBR5PK,1,12.99,12.99,2026-06-15 20:52:10,amazon Dcvoltage,true
1012990000000,204-2341401-5221146,AMAZON,B08KGJT4DP,,CL3THE5PK,1,13.69,13.69,2026-06-15 21:42:19,amazon Dcvoltage,true
1013010000000,204-4526293-1811525,AMAZON,B0B9Y5MRSK,,CL3TGD5PK,2,25.98,25.98,2026-06-15 08:14:00,amazon Ledsone,true
1013020000000,206-1574601-6426765,AMAZON,B0C3ZT3VR1,,LSCY290BD+RPR44WH,1,14.89,14.89,2026-06-15 09:46:16,amazon Ledsone,true
1013030000000,202-2291655-4021157,AMAZON,B0FY5TWHGH,,LDSG1007E27,1,12.89,12.89,2026-06-15 09:53:18,amazon Ledsone,true
1013040000000,204-9299330-0213163,AMAZON,B0CCJ13D4W,,SPSDP2WH5PK,1,17.89,,2026-06-15 10:28:48,amazon Ledsone,true
1013050000000,203-0557801-0341138,AMAZON,B0CBCN1B9S,,CRFF500BM+PHCH1BMRBM3PK+LSCY210BG3PK+IC,1,37.89,37.89,2026-06-15 10:34:16,amazon Ledsone,true
1013060000000,202-2176346-4550722,AMAZON,B0D2997QLZ,,LSCY290RE3PK+RPR44WH3PK,1,37.89,,2026-06-15 10:41:18,amazon Ledsone,true
1013070000000,204-8831417-0253927,AMAZON,B0C3ZT3VR1,,LSCY290BD+RPR44WH,1,14.89,,2026-06-15 11:30:17,amazon Ledsone,true
1013080000000,206-6504546-4482701,AMAZON,B07CPWC9PP,,dc12IP6780,1,14.99,14.99,2026-06-15 11:54:03,amazon Ledsone,true
1013090000000,026-9091236-4583569,AMAZON,B0F2919THD,,LSCY290CO+RPR44WH,1,18.19,,2026-06-15 12:09:22,amazon Ledsone,true
1013100000000,202-9170475-8177916,AMAZON,B0CCJ3CSB6,,SPSDP2YB3PK,1,12.49,12.49,2026-06-15 12:13:56,amazon Ledsone,true
1013110000000,205-0641191-9782765,AMAZON,B0F2919THD,,LSCY290CO+RPR44WH,1,18.19,18.19,2026-06-15 12:32:25,amazon Ledsone,true
1013120000000,204-0692734-8128364,AMAZON,B0F7QQYMSM,,CL3TGDAPK,1,20.39,20.39,2026-06-15 12:36:57,amazon Ledsone,true
1013130000000,206-7453872-7109119,AMAZON,B093T4L68X,,LSCY290WH+RPR44WH,1,15.89,,2026-06-15 12:57:57,amazon Ledsone,true
1013140000000,202-5399508-3294749,AMAZON,B07CM1B86W,,12IP67150,1,21.49,21.49,2026-06-15 13:04:35,amazon Ledsone,true
1013150000000,202-9315766-6849916,AMAZON,B0CHRVWSBM,,CL3RBM5PK,1,11.99,,2026-06-15 13:21:27,amazon Ledsone,true
1013160000000,206-6081099-1293909,AMAZON,B0CHRVWSBM,,CL3RBM5PK,1,11.99,,2026-06-15 13:35:11,amazon Ledsone,true
1013170000000,204-7440119-6309909,AMAZON,B0B8VVQDZR,,amzn.gr.LDSG125LOE2742PK_AM-xPNN4iZl4-VG,1,15.22,15.22,2026-06-15 13:39:14,amazon Ledsone,true
1013180000000,203-6454414-6009109,AMAZON,B0BC1CMSVD,,CL3RGDAPK,1,19.99,19.99,2026-06-15 15:37:00,amazon Ledsone,true
1013190000000,205-2726758-6111530,AMAZON,B0BBS3NXFM,,CL3TBRAPK,1,20.89,,2026-06-15 15:50:22,amazon Ledsone,true
1013200000000,205-5013004-2674719,AMAZON,B0F9X36HX4,,CL3TIVAPK,1,19.99,19.99,2026-06-15 16:01:21,amazon Ledsone,true
1013210000000,205-5013004-2674719,AMAZON,B0F7QWMBLY,,CL3TGLAPK,1,19.69,19.69,2026-06-15 16:01:21,amazon Ledsone,true
1013220000000,205-5013004-2674719,AMAZON,B07PFMPYD4,,CL3TGDAPK,1,20.70,20.70,2026-06-15 16:01:21,amazon Ledsone,true
1013230000000,026-8360445-9764301,AMAZON,B07CPWC9PP,,dc12IP6780,1,14.99,,2026-06-15 17:30:50,amazon Ledsone,true
1013240000000,202-0315361-1643569,AMAZON,B0B77GWCPC,,CRFF108GB2PK+HK10GB2PK,1,13.79,13.79,2026-06-15 18:10:16,amazon Ledsone,true
1013250000000,204-5785376-9439512,AMAZON,B0F7QWMBLY,,CL3TGLAPK,1,24.68,,2026-06-15 18:30:53,amazon Ledsone,true
1013260000000,205-5682815-9437939,AMAZON,B0FY5TWHGH,,LDSG1007E27,1,12.89,12.89,2026-06-15 19:30:21,amazon Ledsone,true
1013270000000,204-4672450-5579514,AMAZON,B0CGZQV9Y7,,LSMCSPFLMC+RPR44WH,1,24.89,24.89,2026-06-15 19:33:03,amazon Ledsone,true
1013280000000,204-7635963-3225949,AMAZON,B094R3M2DC,,PLADBM,1,45.89,,2026-06-15 19:33:18,amazon Ledsone,true
1013290000000,204-3198497-4081943,AMAZON,B0DB2FJY1T,,CL2THEAPK,1,20.19,20.19,2026-06-15 20:34:47,amazon Ledsone,true
1013300000000,205-0077418-5218723,AMAZON,B0D7ZTRLBH,,LSCY290BM2PK+RPR44WH2PK,1,25.89,,2026-06-15 20:50:14,amazon Ledsone,true
1013310000000,202-7378470-3976319,AMAZON,B093T4L68X,,LSCY290WH+RPR44WH,1,15.89,,2026-06-15 21:15:24,amazon Ledsone,true
1013320000000,205-0283676-6071551,AMAZON,B0CHRVWSBM,,CL3RBM5PK,1,11.99,,2026-06-15 21:42:04,amazon Ledsone,true
1013330000000,204-0776241-2273967,AMAZON,B0DXP6XRY5,,LSDO210BC2PK+RPR44WH2PK,1,18.89,18.89,2026-06-15 21:50:57,amazon Ledsone,true
1013340000000,204-2014160-3567515,AMAZON,B0B77KX4P8,,CRFF108BM2PK+HK10BM2PK,1,13.39,,2026-06-15 22:11:13,amazon Ledsone,true
1013360000000,203-1495655-3878730,AMAZON,B0D7ZTRLBH,,LSCY290BM2PK+RPR44WH2PK,1,25.89,25.89,2026-06-15 22:24:52,amazon Ledsone,true
1013370000000,203-7158840-5023554,AMAZON,B0CZXL6ZYG,,TPOSBDBM,1,23.99,23.99,2026-06-15 22:49:26,amazon Ledsone,true
1013380000000,203-4624301-2887532,AMAZON,B0BBB3VZ86,,CL3RBU5PK,1,12.79,12.79,2026-06-15 22:59:48,amazon Ledsone,true
1013390000000,204-2793828-9201132,AMAZON,B08V5MK449,,CRSF100BM+PHCH1BMRBM+LSCY290BM,2,0.00,,2026-06-15 07:57:49,amazon Dcvoltage,true
1015310000000,203-8140569-9193124,AMAZON,B0D6B5DGFC,,SPSDP2BM3PK,1,12.49,12.49,2026-06-16 06:00:20,amazon Dcvoltage,true
1015320000000,206-7842198-7621141,AMAZON,B0CTC7XPNX,,amzn.gr.CRSF100BM_LHNSE27YB_SC-doTBFt-LN,1,16.89,16.89,2026-06-16 06:01:50,amazon Dcvoltage,true
1015330000000,203-5570655-1142761,AMAZON,B0CH3BD4MP,,WSOSBDBM2PK,1,34.79,34.79,2026-06-16 10:00:49,amazon Dcvoltage,true
1015340000000,026-1249998-2495554,AMAZON,B08V5MK449,,CRSF100BM+PHCH1BMRBM+LSCY290BM,1,20.49,20.49,2026-06-16 10:49:32,amazon Dcvoltage,true
1015350000000,203-8750955-2812343,AMAZON,B0DH9CY29Z,,CL3TGL5PK,1,12.89,12.89,2026-06-16 11:37:22,amazon Dcvoltage,true
1015360000000,205-0111551-4229924,AMAZON,B0CXPT6W9C,,LSCY290RO2PK+RPR44WH2PK,1,26.89,26.89,2026-06-16 11:41:37,amazon Dcvoltage,true
1015370000000,204-9096608-8884348,AMAZON,B0CTC7XPNX,,CRSF100BM+LHNSE27YB+SCRN70BM+LSFT220BG,1,18.99,18.99,2026-06-16 12:48:22,amazon Dcvoltage,true
1015390000000,026-4066267-7220364,AMAZON,B0CKWLS9WR,,CL3RHE5PK,1,13.09,13.09,2026-06-16 12:54:47,amazon Dcvoltage,true
1015400000000,202-9221035-1993922,AMAZON,B096FP59Q2,,ENC707,2,95.18,95.18,2026-06-16 13:19:34,amazon Dcvoltage,true
1015430000000,026-9372362-8351526,AMAZON,B0DH9CY29Z,,CL3TGL5PK,1,12.89,12.89,2026-06-16 15:38:43,amazon Dcvoltage,true
1015440000000,026-7552504-4952362,AMAZON,B08XC1QT69,,CL3THEAPK,1,19.99,19.99,2026-06-16 16:17:46,amazon Dcvoltage,true
1015450000000,206-9384615-5471541,AMAZON,B07CS22K8L,,12IP6720,1,10.09,10.09,2026-06-16 16:54:35,amazon Dcvoltage,true
1015460000000,202-2251894-1420311,AMAZON,B0DBWY3P4Q,,CL2RBMAPK,1,18.39,18.39,2026-06-16 18:09:17,amazon Dcvoltage,true
1015470000000,203-6288958-2617145,AMAZON,B07F9SH71F,,LDMG95E274,1,5.69,5.69,2026-06-16 19:37:48,amazon Dcvoltage,true
1015480000000,202-4770999-6313142,AMAZON,B0CB7WP6YJ,,SPSDP2BM6PK,1,18.89,18.89,2026-06-16 20:20:43,amazon Dcvoltage,true
1015490000000,202-5471945-7097917,AMAZON,B07L8HQG6Y,,CL3TGD5PK,1,13.99,,2026-06-16 20:29:05,amazon Dcvoltage,true
1015500000000,026-7736851-4155531,AMAZON,B0BB371NGW,,CL2RBM5PK,1,12.08,12.00,2026-06-16 06:03:26,amazon Ledsone,true
1015510000000,026-8037942-2704363,AMAZON,B0BB34G298,,CL2RBK5PK,1,12.08,12.08,2026-06-16 06:03:26,amazon Ledsone,true
1015520000000,205-7013188-9020358,AMAZON,B0B9Y5MRSK,,CL3TGD5PK,1,12.99,12.99,2026-06-16 07:40:58,amazon Ledsone,true
1015530000000,205-2022479-2892304,AMAZON,B0CCHX3S7L,,SPSDP2BM6PK,1,20.79,20.79,2026-06-16 07:41:41,amazon Ledsone,true
1015540000000,202-6404048-0428351,AMAZON,B0D7ZTRLBH,,LSCY290BM2PK+RPR44WH2PK,1,30.88,25.89,2026-06-16 08:06:03,amazon Ledsone,true
1015550000000,026-3536559-9389913,AMAZON,B0CCHYTRLV,,SPSDP2WH6PK,1,19.79,19.79,2026-06-16 09:45:08,amazon Ledsone,true
1015560000000,206-8704439-4532342,AMAZON,B0CDWVF7VV,,PSHYOS4WRWH,1,14.09,14.09,2026-06-16 11:31:26,amazon Ledsone,true
1015570000000,205-6845273-6977932,AMAZON,B0F7QRS48B,,CL3TBMAPK,1,19.88,19.88,2026-06-16 11:48:09,amazon Ledsone,true
1015580000000,026-0695130-7841955,AMAZON,B0BBS6B82P,,CL3TBMAPK,1,21.89,21.89,2026-06-16 11:49:11,amazon Ledsone,true
1015590000000,205-4457915-5012360,AMAZON,B0C3ZTBRHZ,,LSCY290BM+RPR44WH,1,15.29,15.29,2026-06-16 12:09:30,amazon Ledsone,true
1015600000000,205-8249102-6805114,AMAZON,B0F9WXH3SL,,CL2RBMAPK,1,18.79,18.79,2026-06-16 12:12:14,amazon Ledsone,true
1015610000000,202-7545630-1126705,AMAZON,B0D7ZTRLBH,,LSCY290BM2PK+RPR44WH2PK,2,51.78,51.78,2026-06-16 12:17:07,amazon Ledsone,true
1015620000000,204-7805300-4797130,AMAZON,B0B9Y7S524,,CL3TBW5PK,1,13.99,13.99,2026-06-16 12:40:14,amazon Ledsone,true
1015630000000,203-7389427-7490748,AMAZON,B0BWNHGMMR,,PLTABM+ICST64E27,2,38.67,41.09,2026-06-16 13:17:36,amazon Ledsone,true
1015640000000,026-9284400-7548336,AMAZON,B0D298QXXM,,LSCY290GY2PK+RPR44WH2PK,1,27.29,27.29,2026-06-16 13:59:10,amazon Ledsone,true
1015650000000,204-1915460-3416366,AMAZON,B0CGZQV9Y7,,LSMCSPFLMC+RPR44WH,1,24.89,,2026-06-16 14:21:16,amazon Ledsone,true
1015660000000,202-2225157-0290740,AMAZON,B0F7QRPZY7,,CL3TBRAPK,1,19.89,19.89,2026-06-16 14:23:59,amazon Ledsone,true
1015670000000,206-5364656-4830745,AMAZON,B0CCHYD2JP,,SPSDP2BM3PK,1,0.00,,2026-06-16 14:51:18,amazon Ledsone,true
1015680000000,206-5364656-4830745,AMAZON,B0C9JFJGGH,,PHUH1HETBM+LSHM400HE,1,32.19,32.19,2026-06-16 14:51:18,amazon Ledsone,true
1015690000000,026-8214666-7028305,AMAZON,B09HSB7NBL,,CL2TGD5PK,1,13.19,13.19,2026-06-16 15:04:03,amazon Ledsone,true
1015700000000,204-7672857-5885113,AMAZON,B0DHGLCQW2,,LSCY290WH+RPR44WH,1,15.89,15.89,2026-06-16 15:15:23,amazon Ledsone,true
1015710000000,026-3957514-7285936,AMAZON,B0BBB5C64C,,CL3RWH5PK,1,12.69,12.69,2026-06-16 15:24:55,amazon Ledsone,true
1015720000000,204-0925817-9966767,AMAZON,B0BBS3NXFM,,CL3TBRAPK,1,20.89,20.89,2026-06-16 15:28:43,amazon Ledsone,true
1015730000000,205-5669718-3277159,AMAZON,B0B77GWCPC,,CRFF108GB2PK+HK10GB2PK,1,13.79,,2026-06-16 15:52:13,amazon Ledsone,true
1015740000000,204-7994952-9733916,AMAZON,B0DXQB65RY,,LSCY290AA2PK+RPR44WH2PK,1,26.49,26.49,2026-06-16 15:58:13,amazon Ledsone,true
1015750000000,206-3390539-6843565,AMAZON,B0B82W84F2,,PHSF1AGRGB,1,13.89,13.89,2026-06-16 16:18:02,amazon Ledsone,true
1015760000000,026-3838083-0386739,AMAZON,B0BBS81CB8,,CL3TGYAPK,1,21.69,21.69,2026-06-16 16:35:46,amazon Ledsone,true
1015770000000,206-4581541-8526759,AMAZON,B0BBS5YWRL,,CL3TGLAPK,1,20.99,20.99,2026-06-16 16:53:32,amazon Ledsone,true
1015780000000,206-6846402-5881905,AMAZON,B0CGZQV9Y7,,LSMCSPFLMC+RPR44WH,1,24.89,24.89,2026-06-16 17:18:22,amazon Ledsone,true
1015790000000,205-4510048-6993911,AMAZON,B0CW5RLSQL,,CRFF105GB2PK+HK10GB2PK,1,13.79,13.79,2026-06-16 17:50:22,amazon Ledsone,true
1015800000000,202-4882106-7493965,AMAZON,B0B9K41YZ7,,CL3TBK5PK,1,13.49,13.49,2026-06-16 18:36:38,amazon Ledsone,true
1015810000000,206-5126169-4385126,AMAZON,B0F1N8D5PR,,CL3RSI5PK,1,10.49,10.49,2026-06-16 18:41:21,amazon Ledsone,true
1015820000000,203-7177602-2954700,AMAZON,B0CW5RLSQL,,CRFF105GB2PK+HK10GB2PK,1,13.79,13.79,2026-06-16 18:48:03,amazon Ledsone,true
1015830000000,026-1088957-2002734,AMAZON,B0963P71QD,,amzn.gr.CRFF500BM_PHRI1PBRCO3P-h7OWpW-VG,1,25.92,25.92,2026-06-16 18:53:16,amazon Ledsone,true
1015840000000,202-8466759-7822752,AMAZON,B0C3ZTBRHZ,,LSCY290BM+RPR44WH,1,15.29,,2026-06-16 19:06:39,amazon Ledsone,true
1015850000000,203-3184597-9194740,AMAZON,B0CBKGJFPJ,,PHSF2GDTFG+SPSDP2YB+ICST64E27,1,17.79,,2026-06-16 19:07:49,amazon Ledsone,true
1015860000000,206-3043952-0601954,AMAZON,B0B9SF386M,,CL2TWH5PK,1,13.69,,2026-06-16 19:34:42,amazon Ledsone,true
1015870000000,204-5377490-8538738,AMAZON,B093T4FQVW,,LSMS320GR+RPR44WH,1,14.79,14.79,2026-06-16 19:59:45,amazon Ledsone,true
1015880000000,204-7592951-6868316,AMAZON,B0CGRJ5PM4,,CRSF100BM+SPSPLBM+PHRNWP2RBM,1,13.29,,2026-06-16 21:05:23,amazon Ledsone,true
1015890000000,205-9181672-3572332,AMAZON,B0CW5X3HHV,,LSDO210GY2PK+RPR44WH2PK,1,18.89,18.89,2026-06-16 21:39:34,amazon Ledsone,true
1015900000000,203-9592310-1829136,AMAZON,B09MSHG25R,,CRFF500BM+PHCH1BMRBM3PK+LSCY210BG3PK,1,34.49,,2026-06-16 21:45:08,amazon Ledsone,true
1017710000000,204-6060418-3641942,AMAZON,B0D32YBFXP,,LSCY290RE2PK+RPR44WH2PK,1,25.79,,2026-06-17 06:23:51,amazon Dcvoltage,true
1017720000000,026-3839983-2465912,AMAZON,B0DH9CY29Z,,CL3TGL5PK,1,12.89,12.89,2026-06-17 08:08:17,amazon Dcvoltage,true
1017730000000,204-1960871-9949909,AMAZON,B0DFHMDZYQ,,LSCY290NB+RPR44WH,1,15.09,15.09,2026-06-17 09:13:05,amazon Dcvoltage,true
1017740000000,026-8932867-2593115,AMAZON,B0DH9CY29Z,,CL3TGL5PK,1,12.89,12.89,2026-06-17 09:20:48,amazon Dcvoltage,true
1017750000000,202-2567184-8527569,AMAZON,B0CL1K1T2T,,ENC5521,1,41.79,41.79,2026-06-17 09:44:26,amazon Dcvoltage,true
1017760000000,203-8691262-7717912,AMAZON,B08P1NX6SB,,CRFF500BM+PHHT1PBRBM3PK+WCDCBM3PKAM,1,32.89,32.89,2026-06-17 09:56:44,amazon Dcvoltage,true
1017770000000,203-1141675-9067521,AMAZON,B08XBNXQ3X,,PSDS2BMRBL,1,13.99,13.99,2026-06-17 10:34:24,amazon Dcvoltage,true
1017780000000,205-1960697-5793132,AMAZON,B0CKWMGD1M,,CL3RBR5PK,1,12.99,12.99,2026-06-17 10:47:05,amazon Dcvoltage,true
1017790000000,203-9884753-7851515,AMAZON,B0GJT6PGJ2,,ENC7769,1,24.89,24.89,2026-06-17 11:15:03,amazon Dcvoltage,true
1017800000000,202-5976686-6556325,AMAZON,B08VGPPQ48,,LSCY290GY+RPR44WH,1,15.29,15.29,2026-06-17 12:04:44,amazon Dcvoltage,true
1017810000000,203-3785573-8809124,AMAZON,B0BZ514CFP,,ENC1290,1,17.79,17.79,2026-06-17 12:54:13,amazon Dcvoltage,true
1017820000000,026-9626235-6044307,AMAZON,B08XBYXQC6,,CL3TBRAPK,1,19.89,19.89,2026-06-17 12:57:03,amazon Dcvoltage,true
1017830000000,203-3401433-4636301,AMAZON,B0C7CMT1PQ,,LSSS300BM+RPR44WH,1,13.69,13.69,2026-06-17 12:58:24,amazon Dcvoltage,true
1017840000000,203-3401433-4636301,AMAZON,B08X9WV762,,PSDS4BMRBU,1,14.29,14.29,2026-06-17 12:58:24,amazon Dcvoltage,true
1017850000000,205-8123369-6177921,AMAZON,B08VGMKHT7,,LSCY290BM+RPR44WH,1,15.49,15.49,2026-06-17 13:42:39,amazon Dcvoltage,true
1017860000000,203-9896845-1691548,AMAZON,B0DFHMDZYQ,,LSCY290NB+RPR44WH,1,15.09,15.09,2026-06-17 14:45:43,amazon Dcvoltage,true
1017870000000,026-9573022-1110732,AMAZON,B0CXSXN4KX,,LSMS320BI2PK+RPR44WH2PK,1,25.59,25.59,2026-06-17 15:01:58,amazon Dcvoltage,true
1017880000000,203-1250076-1428329,AMAZON,B0CPBX49HJ,,LSCY290GR+RPR44WH,3,47.67,47.67,2026-06-17 16:10:10,amazon Dcvoltage,true
1017890000000,204-3766219-1149137,AMAZON,B07F9SH71F,,LDMG95E274,1,5.69,,2026-06-17 16:18:12,amazon Dcvoltage,true
1017900000000,202-9957403-9747510,AMAZON,B0D53FZ8GS,,WCB2WH2PK+RPR44WH2PK,1,15.89,15.89,2026-06-17 17:07:56,amazon Dcvoltage,true
1017910000000,203-7488267-9911503,AMAZON,B0D53FZ8GS,,WCB2WH2PK+RPR44WH2PK,1,15.89,,2026-06-17 17:22:43,amazon Dcvoltage,true
1017930000000,205-1206853-1277923,AMAZON,B08VGPPQ48,,LSCY290GY+RPR44WH,1,15.29,15.29,2026-06-17 19:23:04,amazon Dcvoltage,true
1017940000000,202-7582617-3429141,AMAZON,B08KGJT4DP,,CL3THE5PK,1,13.69,13.69,2026-06-17 19:30:10,amazon Dcvoltage,true
1017950000000,205-3878716-7865104,AMAZON,B08V5MK449,,CRSF100BM+PHCH1BMRBM+LSCY290BM,1,20.49,,2026-06-17 19:34:40,amazon Dcvoltage,true
1017960000000,026-9441917-5533143,AMAZON,B0C7BZ5756,,LSCY290GC+RPR44WH,1,15.49,15.49,2026-06-17 20:14:50,amazon Dcvoltage,true
1017970000000,206-6392652-0358731,AMAZON,B0CXSS7XYX,,LSCY290WH2PK+RPR44WH2PK,1,25.89,,2026-06-17 20:23:28,amazon Dcvoltage,true
1017980000000,203-9069294-1809923,AMAZON,B09CYXKRBR,,CRSF100BM+LHNSE27BM+SCRN70YB+LSMS320B,1,19.79,19.79,2026-06-17 23:15:44,amazon Ledsone,true
1017990000000,203-5590989-1413161,AMAZON,B0D7ZTRLBH,,LSCY290BM2PK+RPR44WH2PK,1,25.89,25.89,2026-06-17 04:55:25,amazon Ledsone,true
1018010000000,203-6536509-9595565,AMAZON,B0GLZ2SYN4,,PLTRBC,1,43.89,43.89,2026-06-17 06:52:20,amazon Ledsone,true
1018020000000,202-8843721-2645928,AMAZON,B0F2919THD,,LSCY290CO+RPR44WH,1,18.19,18.19,2026-06-17 07:20:58,amazon Ledsone,true
1018030000000,204-1740975-4062745,AMAZON,B0CCHYJ6PP,,SPSDP2YB5PK,1,17.79,17.79,2026-06-17 07:21:04,amazon Ledsone,true
1018040000000,206-1358364-5773126,AMAZON,B0DCNWF2D4,,PHSF2BMRBM2PK+SPSDP2BM2PK,1,29.79,29.79,2026-06-17 08:02:01,amazon Ledsone,true
1018050000000,202-1772519-8474766,AMAZON,B0F6SLG78J,,PHUH1HETBM,1,11.89,11.89,2026-06-17 08:48:40,amazon Ledsone,true
1018060000000,026-9733510-2597952,AMAZON,B0BBS1R9DM,,CL3TBDAPK,1,19.69,19.69,2026-06-17 09:27:16,amazon Ledsone,true
1018070000000,026-5931118-0760328,AMAZON,B0D7ZTRLBH,,LSCY290BM2PK+RPR44WH2PK,1,25.89,25.89,2026-06-17 10:46:24,amazon Ledsone,true
1018080000000,205-3737658-1987559,AMAZON,B0F43VK2KY,,LSCY290CO+RPR44WH,1,16.89,16.89,2026-06-17 10:52:15,amazon Ledsone,true
1018090000000,202-8928255-1351518,AMAZON,B093Y224LS,,CRSF100BM+PHHT1PBRBM+LSHM400HE,1,28.02,28.02,2026-06-17 11:26:02,amazon Ledsone,true
1018100000000,205-8816131-6501944,AMAZON,B0CGRSQKF1,,CRSF100BM+PHRYWP1RBM+ICST64E27,1,12.29,12.29,2026-06-17 11:29:42,amazon Ledsone,true
1018110000000,206-0031907-4573939,AMAZON,B0CCL729S8,,ENC1313,1,20.89,20.89,2026-06-17 12:42:03,amazon Ledsone,true
1018120000000,203-7928783-2138749,AMAZON,B0D296Z5B4,,LSCY290WH3PK+RPR44WH3PK,1,36.29,36.29,2026-06-17 12:44:37,amazon Ledsone,true
1018130000000,205-5890307-2819538,AMAZON,B0CV5D2N3N,,LDSG95DIE2742PK,1,15.89,,2026-06-17 12:50:18,amazon Ledsone,true
1018140000000,204-5059354-9111538,AMAZON,B0CDWVF7VV,,PSHYOS4WRWH,1,14.09,14.09,2026-06-17 13:25:05,amazon Ledsone,true
1018160000000,205-8028169-9387540,AMAZON,B0DBL2X1G6,,CL2TGDAPK,1,21.99,21.99,2026-06-17 16:04:37,amazon Ledsone,true
1018170000000,204-1733960-9450763,AMAZON,B0BW9R2WQ6,,LSLT360RE+RPR44WH,1,13.20,13.20,2026-06-17 17:40:00,amazon Ledsone,true
1018180000000,206-4570402-6935553,AMAZON,B0B9Y78BWX,,CL3TAG5PK,1,12.99,12.99,2026-06-17 18:33:43,amazon Ledsone,true
1018190000000,204-9689230-0356304,AMAZON,B0CCJ2NWRP,,amzn.gr.SPSDP2BM5PK-AMN-GAgamICKAGksE-VG,1,13.34,,2026-06-17 19:02:24,amazon Ledsone,true
1018200000000,026-7497785-5006736,AMAZON,B09KNVBJZW,,CRSF2003BM+PHRB1PBR40BM3PK+LSBS160GR3PKA,1,29.89,29.89,2026-06-17 19:14:43,amazon Ledsone,true
1018210000000,026-7315193-4169964,AMAZON,B0BWK7RQ27,,PLTYRR+ICST64E27,1,19.49,19.49,2026-06-17 19:47:58,amazon Ledsone,true
1018220000000,205-2313844-1603529,AMAZON,B0B77KX4P8,,CRFF108BM2PK+HK10BM2PK,1,12.95,,2026-06-17 21:01:25,amazon Ledsone,true
1018230000000,205-7148526-9126717,AMAZON,B0D3X4WHGV,,CCBKNWE482PK,2,28.85,,2026-06-17 21:15:34,amazon Ledsone,true
1018240000000,026-6375289-5709959,AMAZON,B093DKVKM7,,CL2TROAPK,1,20.89,20.89,2026-06-17 21:43:28,amazon Ledsone,true
1018250000000,205-1001201-9179518,AMAZON,B0C2VWXNZ2,,CRSF100BM+WSLS155YB+SCRN70BM+LSFT220GYAM,1,15.19,,2026-06-17 22:24:31,amazon Ledsone,true
1018260000000,203-7392776-5059539,AMAZON,B0B4K4LN25,,PSDS4BMRBL,1,14.09,14.09,2026-06-17 22:24:42,amazon Ledsone,true
1018270000000,203-9069294-1809923,AMAZON,B094R3M2DC,,PLADBM,1,45.89,45.89,2026-06-17 23:15:44,amazon Ledsone,true
1018280000000,205-9778677-5199518,AMAZON,B0B9Y9F73N,,CL3TIV5PK,1,12.89,,2026-06-17 23:47:51,amazon Ledsone,true
1020030000000,026-5504373-1288335,AMAZON,B0BBGMC9HS,,CL2RBW5PK,4,44.23,47.56,2026-06-18 07:41:33,amazon Dcvoltage,true
1020040000000,205-5320937-6581961,AMAZON,B08Z7RZC6W,,CRSF100BM+PHUH1HETBM+LSHM400HE,1,31.91,33.59,2026-06-18 08:04:34,amazon Dcvoltage,true
1020050000000,026-5531057-8637929,AMAZON,B07ZFWL5T1,,CRFF100GB+LHNSE27GB,1,13.89,13.89,2026-06-18 09:16:14,amazon Dcvoltage,true
1020060000000,205-1158297-7923541,AMAZON,B0DBWRBK6J,,CL2RBKAPK,1,17.79,,2026-06-18 10:29:52,amazon Dcvoltage,true
1020070000000,203-6832578-7126704,AMAZON,B0C7CLVDHR,,LSCY290BI+RPR44WH,1,14.89,14.89,2026-06-18 11:45:25,amazon Dcvoltage,true
1020080000000,203-4370228-2643517,AMAZON,B0CTC7XPNX,,CRSF100BM+LHNSE27YB+SCRN70BM+LSFT220BG,1,18.99,18.99,2026-06-18 11:46:40,amazon Dcvoltage,true
1020090000000,205-8866277-9293143,AMAZON,B0CGRJ1V8L,,TPOSBDBM,1,23.99,23.99,2026-06-18 11:55:14,amazon Dcvoltage,true
1020100000000,203-4261580-6223542,AMAZON,B0DH9DJQKQ,,CL3THE5PK,1,11.99,11.99,2026-06-18 12:43:54,amazon Dcvoltage,true
1020110000000,205-0328202-7833122,AMAZON,B0DMNS6SJ3,,LHCCE27BM,1,4.98,4.98,2026-06-18 13:05:33,amazon Dcvoltage,true
1020120000000,204-9325337-1467516,AMAZON,B0FX2XDLT5,,LSCYRO200BM2PK+RPR44WH2PK,1,22.79,,2026-06-18 13:42:36,amazon Dcvoltage,true
1020130000000,203-7494026-6638711,AMAZON,B0CKWLFKR7,,CL3RGR5PK,1,12.89,12.89,2026-06-18 13:45:47,amazon Dcvoltage,true
1020140000000,206-6706024-6179542,AMAZON,B08X4J9CQ1,,CRSF100BM+LHNSE27CO+SCRN70CO+LSFT220ORAM,1,17.59,17.59,2026-06-18 14:07:44,amazon Dcvoltage,true
1020150000000,026-0281290-4052313,AMAZON,B07CS22K8L,,12IP6720,1,10.09,10.09,2026-06-18 14:31:43,amazon Dcvoltage,true
1020160000000,205-4130348-3670720,AMAZON,B07PM5KN1T,,CL3TGL5PK,1,12.99,12.99,2026-06-18 14:53:24,amazon Dcvoltage,true
1020170000000,205-5644627-8949122,AMAZON,B0DH6FPVYK,,CL2TCRAPK,1,18.75,18.75,2026-06-18 16:06:09,amazon Dcvoltage,true
1020180000000,205-0011973-6892319,AMAZON,B0DBWY3P4Q,,CL2RBMAPK,1,18.39,18.39,2026-06-18 16:14:50,amazon Dcvoltage,true
1020190000000,203-9439333-6604324,AMAZON,B07ZFWL5T1,,CRFF100GB+LHNSE27GB,2,27.78,27.78,2026-06-18 16:32:28,amazon Dcvoltage,true
1020200000000,205-0654081-6049909,AMAZON,B0D5LV2NC3,,LSFT220BL2PK+RPR44WH2PK,1,21.88,16.89,2026-06-18 16:33:40,amazon Dcvoltage,true
1020210000000,205-1979623-4886745,AMAZON,B0G4QXYX5W,,CRSF100BM+PHHF1PBRBM+LSWD360BM,1,20.80,,2026-06-18 16:38:38,amazon Dcvoltage,true
1020220000000,202-5307519-7474722,AMAZON,B07ZFWL5T1,,CRFF100GB+LHNSE27GB,1,13.89,13.89,2026-06-18 16:49:30,amazon Dcvoltage,true
1020230000000,204-4352461-7403503,AMAZON,B0965HZJGN,,ENC686,1,0.00,,2026-06-18 17:52:35,amazon Ledsone,true
1020240000000,204-7282857-7501939,AMAZON,B08VGMKHT7,,LSCY290BM+RPR44WH,2,30.98,,2026-06-18 18:01:25,amazon Dcvoltage,true
1020250000000,206-2219448-7213120,AMAZON,B08X9WV762,,PSDS4BMRBU,1,13.58,14.29,2026-06-18 18:20:01,amazon Dcvoltage,true
1020260000000,026-0455207-5041953,AMAZON,B0C7C8LWY9,,LSCY290NB+RPR44WH,1,15.79,15.79,2026-06-18 18:36:06,amazon Dcvoltage,true
1020270000000,202-9456306-6196339,AMAZON,B0965HZJGN,,ENC686,1,49.49,49.49,2026-06-18 18:45:03,amazon Dcvoltage,true
1020280000000,205-8774764-1637122,AMAZON,B07RWJR1D2,,PLPYBC,1,14.05,14.79,2026-06-18 18:52:15,amazon Dcvoltage,true
1020290000000,206-5790293-5593936,AMAZON,B0C7C59JYH,,LSCY290CH+RPR44WH,1,16.79,16.79,2026-06-18 19:59:43,amazon Dcvoltage,true
1020300000000,205-6847365-7615506,AMAZON,B08VGMKHT7,,LSCY290BM+RPR44WH,1,15.49,,2026-06-18 21:30:10,amazon Dcvoltage,true
1020320000000,026-9750292-3747546,AMAZON,B0CKWMGD1M,,CL3RBR5PK,1,12.99,,2026-06-18 22:28:03,amazon Dcvoltage,true
1020330000000,204-9747790-9120327,AMAZON,B0CZLDKF3Z,,LSSS300GB2PK+RPR44WH2PK,1,23.99,,2026-06-18 23:17:45,amazon Dcvoltage,true
1020350000000,205-5854297-7580363,AMAZON,B0CGRSQKF1,,CRSF100BM+PHRYWP1RBM+ICST64E27,1,12.29,12.29,2026-06-18 07:40:44,amazon Ledsone,true
1020360000000,205-5854297-7580363,AMAZON,B0CGRSQKF1,,amzn.gr.CRSF100BM_PHRYWP1RBM_I-uRoLqQ-GD,1,0.00,,2026-06-18 07:40:44,amazon Ledsone,true
1020370000000,206-8149468-7414700,AMAZON,B0CCHXR4X2,,SPSDP2WH3PK,1,13.49,13.49,2026-06-18 08:03:26,amazon Ledsone,true
1020380000000,026-3247162-7126765,AMAZON,B0CW9HNB4G,,CRSF108YB2PK,1,11.49,11.49,2026-06-18 09:25:54,amazon Ledsone,true
1020390000000,202-9063550-1583546,AMAZON,B0957XC6K9,,ENC1312,1,22.49,22.49,2026-06-18 09:32:33,amazon Ledsone,true
1020400000000,206-0345230-8153965,AMAZON,B0F28YNDZN,,LSCY290RO+RPR44WH,1,18.29,18.29,2026-06-18 09:39:42,amazon Ledsone,true
1020410000000,202-6440163-4443507,AMAZON,B0B9Y5MRSK,,CL3TGD5PK,1,12.99,,2026-06-18 10:13:18,amazon Ledsone,true
1020420000000,204-8454680-6253137,AMAZON,B094R3M2DC,,PLADBM,1,45.89,45.89,2026-06-18 11:59:10,amazon Ledsone,true
1020430000000,202-8062549-1123520,AMAZON,B0C3ZTBRHZ,,LSCY290BM+RPR44WH,1,15.29,15.29,2026-06-18 13:17:34,amazon Ledsone,true
1020440000000,026-4150381-5685950,AMAZON,B0B9Y5MRSK,,CL3TGD5PK,1,12.99,,2026-06-18 14:52:48,amazon Ledsone,true
1020450000000,204-8224567-2908349,AMAZON,B09ZQH9GSB,,LHCCE27WH4PK,1,23.18,18.19,2026-06-18 15:53:27,amazon Ledsone,true
1020460000000,205-8406335-1489137,AMAZON,B0B9Y9F73N,,CL3TIV5PK,1,12.89,12.89,2026-06-18 15:56:13,amazon Ledsone,true
1020470000000,026-8714352-8333122,AMAZON,B0CBCN1B9S,,CRFF500BM+PHCH1BMRBM3PK+LSCY210BG3PK+IC,1,37.89,37.89,2026-06-18 16:59:44,amazon Ledsone,true
1020480000000,204-6182620-0962704,AMAZON,B093T37BQ8,,LSMS320OR+RPR44WH,1,14.99,14.99,2026-06-18 17:10:52,amazon Ledsone,true
1020490000000,203-3157566-2016365,AMAZON,B0D794K9Y2,,WCB7BM2PK+RPR44WH2PK,1,16.19,16.19,2026-06-18 17:24:56,amazon Ledsone,true
1020500000000,205-8481515-4553963,AMAZON,B09479HV6W,,LDMG95E2783PK,1,14.09,14.09,2026-06-18 17:48:37,amazon Ledsone,true
1020510000000,204-4352461-7403503,AMAZON,B09L54F3QS,,PLHABS+LSOL180BS,2,75.96,37.98,2026-06-18 17:52:35,amazon Ledsone,true
1020520000000,203-5347658-8996313,AMAZON,B093Y224LS,,CRSF100BM+PHHT1PBRBM+LSHM400HE,1,30.59,,2026-06-18 17:55:01,amazon Ledsone,true
1020530000000,205-2624429-4579532,AMAZON,B0B4KBGPV6,,PSDS4BMRBW,1,14.07,14.07,2026-06-18 18:49:43,amazon Ledsone,true
1020540000000,206-5144097-4961166,AMAZON,B0F2915RW5,,LSCY290CY+RPR44WH,1,15.89,15.89,2026-06-18 19:07:52,amazon Ledsone,true
1020550000000,205-4026092-2814769,AMAZON,B0D7ZTRLBH,,LSCY290BM2PK+RPR44WH2PK,1,25.89,,2026-06-18 19:42:11,amazon Ledsone,true
1020560000000,204-4031456-5653922,AMAZON,B0F28YFTQ9,,LSCY290BU+RPR44WH,1,14.79,,2026-06-18 19:45:30,amazon Ledsone,true
1020570000000,026-2150152-8070734,AMAZON,B0GNZLCX15,,LHXSHE27BM3PK,1,13.79,,2026-06-18 19:58:40,amazon Ledsone,true
1020580000000,206-2546836-1133104,AMAZON,B0B9Y5MRSK,,CL3TGD5PK,1,12.99,,2026-06-18 20:00:38,amazon Ledsone,true
1020590000000,202-2648676-8215517,AMAZON,B0DXQ8VVR7,,LSCY290WH2PK+RPR44WH2PK,1,26.43,26.43,2026-06-18 20:31:12,amazon Ledsone,true
1020600000000,203-8784624-5015500,AMAZON,B09JM3PLLH,,LDSG125LOE274,1,10.19,10.19,2026-06-18 21:19:30,amazon Ledsone,true
1020610000000,205-5115806-0434724,AMAZON,B094R3M2DC,,PLADBM,1,45.89,45.89,2026-06-18 21:28:18,amazon Ledsone,true
1020620000000,202-5275497-2184313,AMAZON,B07CM4KTJW,,12IP67100,1,18.89,18.89,2026-06-18 22:51:22,amazon Ledsone,true
1020630000000,204-7321225-8471518,AMAZON,B09MSHG25R,,CRFF500BM+PHCH1BMRBM3PK+LSCY210BG3PK,1,34.49,,2026-06-18 23:08:02,amazon Ledsone,true
1020640000000,206-0635331-2020332,AMAZON,B0F1NBC76Q,,CL3RYE5PK,1,10.49,10.49,2026-06-18 23:52:52,amazon Ledsone,true
1022510000000,205-8402400-3509148,AMAZON,B08B1MSFTT,,CLTGBS+LSFT4HGBS+SFCRGBS,1,17.89,,2026-06-19 04:54:11,amazon Dcvoltage,true
1022520000000,202-5492349-5296349,AMAZON,B0G1TC8PWQ,,CKCSBY,1,9.89,9.89,2026-06-19 05:16:11,amazon Dcvoltage,true
1022530000000,204-0447709-7444366,AMAZON,B0CGRJ1V8L,,TPOSBDBM,1,23.99,23.99,2026-06-19 06:54:51,amazon Dcvoltage,true
1022540000000,206-1256571-5530706,AMAZON,B07LFDY4D3,,CL3TBM5PK,1,13.49,13.49,2026-06-19 07:15:47,amazon Dcvoltage,true
1022550000000,202-2687952-4943535,AMAZON,B0CTC7XPNX,,CRSF100BM+LHNSE27YB+SCRN70BM+LSFT220BG,1,18.99,18.99,2026-06-19 09:21:31,amazon Dcvoltage,true
1022560000000,206-4841261-5055505,AMAZON,B08DKQP89H,,LSCY290GR+RPR44WH,1,15.89,15.89,2026-06-19 10:06:37,amazon Dcvoltage,true
1022570000000,203-4260161-7705919,AMAZON,B07CK4Y6R6,,24IP2024,1,6.39,6.39,2026-06-19 10:16:37,amazon Dcvoltage,true
1022580000000,026-5773415-8786754,AMAZON,B08XC1QT69,,CL3THEAPK,1,19.99,19.99,2026-06-19 10:37:14,amazon Dcvoltage,true
1022590000000,205-8758689-0038731,AMAZON,B0FX2SZFZM,,LSCYRO300BM2PK+RPR44WH2PK,1,26.89,,2026-06-19 10:44:13,amazon Dcvoltage,true
1022600000000,204-2545526-7071560,AMAZON,B07PM6VXCG,,CL3TBK5PK,1,13.01,13.01,2026-06-19 11:07:25,amazon Dcvoltage,true
1022610000000,204-3274263-4529102,AMAZON,B0F48LNB6J,,RWWPSY1080YE,1,8.89,8.89,2026-06-19 11:10:25,amazon Dcvoltage,true
1022620000000,203-7909567-9561919,AMAZON,B07L8HQG6Y,,CL3TGD5PK,1,13.99,13.99,2026-06-19 12:58:25,amazon Dcvoltage,true
1022630000000,203-7694757-5006743,AMAZON,B07LFDY4D3,,CL3TBM5PK,1,13.49,13.49,2026-06-19 13:09:33,amazon Dcvoltage,true
1022640000000,204-6901266-0698730,AMAZON,B0DMNS6SJ3,,LHCCE27BM,1,4.98,4.98,2026-06-19 13:45:04,amazon Dcvoltage,true
1022650000000,205-0598270-8180327,AMAZON,B0D6YF7VPY,,CCGNNWE48,2,19.78,19.78,2026-06-19 13:49:37,amazon Dcvoltage,true
1022670000000,204-5808903-9669110,AMAZON,B0CKWLQZ83,,CL3RBD5PK,1,12.89,12.89,2026-06-19 15:01:40,amazon Dcvoltage,true
1022680000000,203-3822668-5008354,AMAZON,B08VGP666V,,LSCY290WH+RPR44WH,1,15.79,15.79,2026-06-19 15:55:53,amazon Dcvoltage,true
1022690000000,204-0124729-5293152,AMAZON,B08TMBY3QM,,ENC771,1,18.79,,2026-06-19 16:46:05,amazon Dcvoltage,true
1022700000000,202-7245384-5965921,AMAZON,B07F9SH71F,,LDMG95E274,1,5.69,,2026-06-19 17:52:07,amazon Dcvoltage,true
1022710000000,204-4190664-3606769,AMAZON,B0DH9CY29Z,,CL3TGL5PK,1,17.88,,2026-06-19 18:42:42,amazon Dcvoltage,true
1022720000000,206-3540899-4030703,AMAZON,B0C9TSHB33,,LSCY210BM+RPR44WH,1,13.79,13.79,2026-06-19 19:32:24,amazon Dcvoltage,true
1022730000000,205-2288980-7206759,AMAZON,B08Z7RZC6W,,CRSF100BM+PHUH1HETBM+LSHM400HE,1,33.59,,2026-06-19 19:52:50,amazon Dcvoltage,true
1022740000000,026-7376431-2817929,AMAZON,B0C7CLVDHR,,LSCY290BI+RPR44WH,1,14.89,14.89,2026-06-19 20:02:41,amazon Dcvoltage,true
1022750000000,206-0425526-5984329,AMAZON,B096FPKPNQ,,ENC685,1,54.89,,2026-06-19 20:23:30,amazon Dcvoltage,true
1022760000000,026-0421085-7701946,AMAZON,B08TX216Y4,,LSMS320BD+RPR44WH,1,14.99,14.99,2026-06-19 20:35:27,amazon Dcvoltage,true
1022770000000,026-2861349-5757115,AMAZON,B0CTC7XPNX,,CRSF100BM+LHNSE27YB+SCRN70BM+LSFT220BG,1,18.99,,2026-06-19 20:51:39,amazon Dcvoltage,true
1022780000000,203-1779030-9342738,AMAZON,B0CTC7XPNX,,CRSF100BM+LHNSE27YB+SCRN70BM+LSFT220BG,1,18.99,18.99,2026-06-19 21:05:28,amazon Dcvoltage,true
1022790000000,206-8267434-5839531,AMAZON,B0CZ9FPLB7,,LSMS320GR2PK+RPR44WH2PK,1,25.09,25.09,2026-06-19 21:11:02,amazon Dcvoltage,true
1022800000000,026-8930230-0912351,AMAZON,B07PM5KN1T,,CL3TGL5PK,1,12.99,,2026-06-19 22:00:12,amazon Dcvoltage,true
1022820000000,202-2167965-5014706,AMAZON,B07L8HQG6Y,,CL3TGD5PK,1,13.99,,2026-06-19 22:23:56,amazon Dcvoltage,true
1022830000000,203-1122350-4570721,AMAZON,B0CFVCM4Z5,,PSOS4BMTHE+ICST64E27,1,17.59,,2026-06-19 00:13:25,amazon Ledsone,true
1022840000000,205-2455172-7644344,AMAZON,B0CCHXR4X2,,SPSDP2WH3PK,1,13.89,13.89,2026-06-19 01:02:08,amazon Ledsone,true
1022850000000,203-8570160-6644335,AMAZON,B0D7ZTRLBH,,LSCY290BM2PK+RPR44WH2PK,1,25.89,25.89,2026-06-19 06:20:24,amazon Ledsone,true
1022860000000,203-7390366-4949147,AMAZON,B0CHRVWSBM,,CL3RBM5PK,1,11.99,,2026-06-19 06:51:51,amazon Ledsone,true
1022870000000,206-7463938-1437125,AMAZON,B0CFVCM4Z5,,PSOS4BMTHE+ICST64E27,1,17.59,17.59,2026-06-19 06:52:44,amazon Ledsone,true
1022880000000,204-9560823-6231522,AMAZON,B09479HV6W,,LDMG95E2783PK,1,14.09,14.09,2026-06-19 07:45:55,amazon Ledsone,true
1022890000000,206-6557650-5179554,AMAZON,B095Z3GZFK,,CRFF500BM+PHRI1PBRYB3PK+LSFT220BM3PK,2,65.58,65.58,2026-06-19 08:20:19,amazon Ledsone,true
1022900000000,203-6518877-6539533,AMAZON,B0B9Y5MRSK,,CL3TGD5PK,1,12.99,,2026-06-19 08:56:35,amazon Ledsone,true
1022910000000,026-6299853-0033959,AMAZON,B0DXQ8YFC6,,amzn.gr.LSCY290RO2PK_RPR44WH2P-LRlJYZ-GD,1,20.85,20.85,2026-06-19 09:11:17,amazon Ledsone,true
1022920000000,202-2146109-1940318,AMAZON,B0BBS1VR82,,CL3THEAPK,1,20.79,20.79,2026-06-19 09:37:45,amazon Ledsone,true
1022930000000,206-4650654-6421955,AMAZON,B0C3ZT3VR1,,LSCY290BD+RPR44WH,1,14.89,14.89,2026-06-19 10:18:34,amazon Ledsone,true
1022940000000,205-2602560-6464365,AMAZON,B0B9Y9F73N,,CL3TIV5PK,1,12.89,,2026-06-19 11:45:38,amazon Ledsone,true
1022950000000,026-3280111-3525922,AMAZON,B094R3M2DC,,PLADBM,1,45.89,45.89,2026-06-19 12:12:15,amazon Ledsone,true
1022960000000,206-1713309-2972332,AMAZON,B072R5FSMB,,12IP20300,1,17.99,17.99,2026-06-19 12:15:44,amazon Ledsone,true
1022970000000,203-1385461-6822712,AMAZON,B0CZXHLR1Q,,TPOSBDBM2PK,1,43.39,43.39,2026-06-19 14:00:42,amazon Ledsone,true
1022980000000,205-0519118-4997964,AMAZON,B0CGZQV9Y7,,LSMCSPFLMC+RPR44WH,1,24.89,24.89,2026-06-19 14:39:53,amazon Ledsone,true
1022990000000,203-3291474-8753910,AMAZON,B0F7R1VSQD,,CL3TWHAPK,1,19.39,19.39,2026-06-19 15:01:37,amazon Ledsone,true
1023000000000,204-0004386-4038722,AMAZON,B0CCHYTRLV,,SPSDP2WH6PK,1,19.79,,2026-06-19 16:07:38,amazon Ledsone,true
1023010000000,026-5534839-0297925,AMAZON,B08638WV4N,,PHSF1AGTGB,1,18.79,,2026-06-19 16:09:53,amazon Ledsone,true
1023020000000,205-0696353-5743516,AMAZON,B0CFVCM4Z5,,PSOS4BMTHE+ICST64E27,2,35.18,35.18,2026-06-19 16:16:12,amazon Ledsone,true
1023040000000,206-5380960-8002758,AMAZON,B0D7S58RX5,,LSMS320CB+RPR44WH,1,14.99,,2026-06-19 17:06:37,amazon Ledsone,true
1023050000000,204-7243395-3399508,AMAZON,B0B7SH5CPX,,PHSF1BWTSN,1,14.19,14.19,2026-06-19 17:12:38,amazon Ledsone,true
1023060000000,203-3443237-3209945,AMAZON,B0F28YFTQ9,,LSCY290BU+RPR44WH,1,14.79,,2026-06-19 17:24:25,amazon Ledsone,true
1023070000000,026-7291491-7621936,AMAZON,B093DKF852,,CL2TBKAPK,1,19.52,20.74,2026-06-19 18:30:37,amazon Ledsone,true
1023080000000,206-4990001-0598718,AMAZON,B0CBCN1B9S,,CRFF500BM+PHCH1BMRBM3PK+LSCY210BG3PK+IC,1,37.89,37.89,2026-06-19 18:50:30,amazon Ledsone,true
1023090000000,205-8039840-1920356,AMAZON,B0CV5D2N3N,,LDSG95DIE2742PK,2,29.56,31.40,2026-06-19 19:29:08,amazon Ledsone,true
1023110000000,203-7880510-4758703,AMAZON,B0D794K9Y2,,WCB7BM2PK+RPR44WH2PK,1,16.19,,2026-06-19 20:21:33,amazon Ledsone,true
1023120000000,202-0407777-9048313,AMAZON,B0CGRQCV7Y,,CRSF100BM+PHRNWP2RBM+ICST64E27,1,13.79,,2026-06-19 21:57:08,amazon Ledsone,true
1025030000000,204-2490121-9606739,AMAZON,B0CXPT6W9C,,LSCY290RO2PK+RPR44WH2PK,1,26.89,26.89,2026-06-20 00:53:54,amazon Dcvoltage,true
1025040000000,204-4242950-9665121,AMAZON,B08TX2PF6H,,LSMS320BT+RPR44WH,1,14.99,14.99,2026-06-20 04:22:32,amazon Dcvoltage,true
1025050000000,203-6040311-6217963,AMAZON,B0CKWMGD1M,,CL3RBR5PK,1,12.99,12.99,2026-06-20 08:32:46,amazon Dcvoltage,true
1025060000000,203-1242888-3603542,AMAZON,B0CTC7XPNX,,CRSF100BM+LHNSE27YB+SCRN70BM+LSFT220BG,1,18.99,18.99,2026-06-20 08:53:04,amazon Dcvoltage,true
1025070000000,026-9142693-2417157,AMAZON,B0965HZJGN,,ENC686,1,49.49,49.49,2026-06-20 09:02:05,amazon Dcvoltage,true
1025080000000,026-9114325-1296322,AMAZON,B07PM6VXCG,,CL3TBK5PK,1,13.01,13.01,2026-06-20 10:07:08,amazon Dcvoltage,true
1025090000000,202-2509141-0639510,AMAZON,B0D6B5DGFC,,SPSDP2BM3PK,1,12.49,12.49,2026-06-20 10:23:29,amazon Dcvoltage,true
1025100000000,206-9241224-3799520,AMAZON,B0CG5ZHJYF,,LSCY290BC2PK+RPR44WH2PK,1,27.79,,2026-06-20 10:53:14,amazon Dcvoltage,true
1025110000000,205-6340166-5212369,AMAZON,B0DTQ47GBY,,WCCYSP160GD2PK,1,22.86,26.89,2026-06-20 11:33:11,amazon Dcvoltage,true
1025120000000,205-2845584-6564355,AMAZON,B08VGP666V,,LSCY290WH+RPR44WH,1,15.79,15.79,2026-06-20 11:43:58,amazon Dcvoltage,true
1025130000000,206-0571095-7281114,AMAZON,B0CYZVX28V,,LSCY290CO2PK+RPR44WH2PK,1,31.89,31.89,2026-06-20 12:25:29,amazon Dcvoltage,true
1025140000000,204-0313951-2328340,AMAZON,B0C6LV14PT,,12UK3P2A,1,6.19,6.88,2026-06-20 12:49:53,amazon Dcvoltage,true
1025150000000,026-3848030-8503544,AMAZON,B0FL785BNH,,PHSF2ROTRO2PK+ICST64E272PK,1,28.89,28.89,2026-06-20 12:50:13,amazon Dcvoltage,true
1025160000000,204-0507323-7041169,AMAZON,B07ZFWL5T1,,CRFF100GB+LHNSE27GB,1,13.89,13.89,2026-06-20 12:54:14,amazon Dcvoltage,true
1025170000000,205-8753143-5158744,AMAZON,B08VGPPQ48,,LSCY290GY+RPR44WH,1,15.29,15.29,2026-06-20 14:19:05,amazon Dcvoltage,true
1025180000000,205-9012643-2360354,AMAZON,B0D5BFGM4G,,LSMS320WH2PK+RPR44WH2PK,1,26.79,26.79,2026-06-20 14:27:30,amazon Dcvoltage,true
1025190000000,026-9059284-6006738,AMAZON,B0F48LNB6J,,RWWPSY1080YE,1,8.89,8.89,2026-06-20 15:46:05,amazon Dcvoltage,true
1025210000000,203-8446179-4195563,AMAZON,B08XC25WCD,,CL3TBMAPK,1,20.99,,2026-06-20 16:20:22,amazon Dcvoltage,true
1025220000000,026-5631448-4961905,AMAZON,B0BZ4YPVXF,,ENC1292,1,20.89,20.89,2026-06-20 16:45:56,amazon Dcvoltage,true
1025230000000,206-9850690-0404349,AMAZON,B07F9SH71F,,LDMG95E274,1,5.69,5.69,2026-06-20 18:50:17,amazon Dcvoltage,true
1025240000000,204-9379377-8125966,AMAZON,B07PM4GDGP,,CL3TBM5PK,2,23.58,23.58,2026-06-20 19:00:21,amazon Dcvoltage,true
1025250000000,203-3659865-5931518,AMAZON,B0CKWMGD1M,,CL3RBR5PK,1,12.99,12.99,2026-06-20 19:34:06,amazon Dcvoltage,true
1025260000000,206-9811914-1919537,AMAZON,B0F2HHRGLQ,,PLWLBC,1,10.96,12.89,2026-06-20 19:44:41,amazon Dcvoltage,true
1025270000000,026-6715792-3613145,AMAZON,B08V5RPGD1,,CRSF100BC+PHCH1PBRBC+LSCY290BC,4,75.56,,2026-06-20 19:56:13,amazon Dcvoltage,true
1025280000000,026-1524677-5886763,AMAZON,B0G4QXV4B3,,CRSF100BC+PHHF1PBRBC+LSWD360BC,1,20.36,,2026-06-20 20:01:57,amazon Dcvoltage,true
1025290000000,205-2294436-6974769,AMAZON,B07F9SH71F,,LDMG95E274,1,5.69,,2026-06-20 21:42:45,amazon Dcvoltage,true
1025300000000,026-8926769-5376323,AMAZON,B0CH3BD4MP,,WSOSBDBM2PK,1,29.57,34.79,2026-06-20 22:00:19,amazon Dcvoltage,true
1025310000000,204-6120814-3746719,AMAZON,B0DBL9YWDM,,LSDO210YE2PK+RPR44WH2PK,1,12.79,12.79,2026-06-20 00:36:59,amazon Ledsone,true
1025320000000,203-8147902-4464337,AMAZON,B093X4CBSK,,CRSF100BM+PHHT1PBRBM+LSHM400HE,3,97.47,97.47,2026-06-20 01:17:38,amazon Ledsone,true
1025340000000,206-3746222-0397922,AMAZON,B0B9Y5MRSK,,CL3TGD5PK,1,17.98,12.99,2026-06-20 06:43:44,amazon Ledsone,true
1025350000000,204-7247821-5329928,AMAZON,B0CHRVWSBM,,CL3RBM5PK,1,11.99,11.99,2026-06-20 08:19:33,amazon Ledsone,true
1025360000000,202-0858984-4233958,AMAZON,B0CBCN1B9S,,CRFF500BM+PHCH1BMRBM3PK+LSCY210BG3PK+IC,1,37.89,37.89,2026-06-20 08:25:32,amazon Ledsone,true
1025370000000,026-2607572-5115536,AMAZON,B0DK4TF9X2,,SPWL43BM2PK,1,11.59,11.59,2026-06-20 09:08:30,amazon Ledsone,true
1025380000000,204-1816924-0961103,AMAZON,B094R3M2DC,,PLADBM,1,45.89,45.89,2026-06-20 09:58:06,amazon Ledsone,true
1025390000000,202-6645638-6062765,AMAZON,B0CHRVWSBM,,CL3RBM5PK,1,11.99,11.99,2026-06-20 10:29:05,amazon Ledsone,true
1025400000000,026-3725837-7617132,AMAZON,B0DBLB6ZSH,,LSDO210GR2PK+RPR44WH2PK,1,15.99,15.99,2026-06-20 10:34:01,amazon Ledsone,true
1025410000000,203-2755406-5244353,AMAZON,B0B9K41YZ7,,CL3TBK5PK,1,13.49,13.49,2026-06-20 10:59:59,amazon Ledsone,true
1025420000000,204-8278196-3837145,AMAZON,B0868DXK1B,,CCBKNWE48,1,10.29,10.29,2026-06-20 11:34:03,amazon Ledsone,true
1025430000000,202-9536979-4318764,AMAZON,B0CFVCM4Z5,,PSOS4BMTHE+ICST64E27,1,17.59,17.59,2026-06-20 11:51:17,amazon Ledsone,true
1025440000000,203-1799571-6964332,AMAZON,B0CZXHLR1Q,,TPOSBDBM2PK,1,43.39,43.39,2026-06-20 12:49:48,amazon Ledsone,true
1025450000000,205-8878508-0644328,AMAZON,B0B2K8F78C,,LHC6E27WH5PK,1,13.89,13.89,2026-06-20 13:12:35,amazon Ledsone,true
1025460000000,202-0136486-1162774,AMAZON,B09JM3PLLH,,LDSG125LOE274,1,10.19,10.19,2026-06-20 13:23:59,amazon Ledsone,true
1025470000000,026-6408061-5011512,AMAZON,B0BBS3NXFM,,amzn.gr.CL3TBRAPK-QTU8zrJ1Dl3Q3Zvb-RN-VG,1,15.67,15.67,2026-06-20 13:59:24,amazon Ledsone,true
1025480000000,204-2996789-8966725,AMAZON,B0F7QZQS3Y,,CL2TWHAPK,1,18.29,18.29,2026-06-20 15:56:09,amazon Ledsone,true
1025490000000,202-8983915-9921130,AMAZON,B0B4K5LXH9,,PSDS4BMRBM,1,14.00,14.00,2026-06-20 15:58:46,amazon Ledsone,true
1025500000000,203-8918046-9486746,AMAZON,B0BBS118NM,,CL3TBKAPK,1,21.89,21.89,2026-06-20 16:15:10,amazon Ledsone,true
1025510000000,204-1417358-7388360,AMAZON,B0F6V3GXXV,,PHUH1HETBM+LSHM400HE,1,32.29,32.29,2026-06-20 16:36:51,amazon Ledsone,true
1025520000000,205-3035940-0176355,AMAZON,B095Z3GZFK,,CRFF500BM+PHRI1PBRYB3PK+LSFT220BM3PK,1,32.79,32.79,2026-06-20 17:09:59,amazon Ledsone,true
1025530000000,205-8404535-9195520,AMAZON,B093T4L68X,,LSCY290WH+RPR44WH,1,15.89,,2026-06-20 17:56:25,amazon Ledsone,true
1025540000000,026-3964297-8880327,AMAZON,B094R3M2DC,,PLADBM,1,45.89,45.89,2026-06-20 19:00:55,amazon Ledsone,true
1025550000000,206-6217167-2365166,AMAZON,B0CF8RVSCL,,LSMS320BT+RPR44WH,1,14.99,14.99,2026-06-20 19:24:11,amazon Ledsone,true
1025560000000,203-8759086-8576357,AMAZON,B0DXQ727KG,,LSCY290RE2PK+RPR44WH2PK,1,25.89,25.89,2026-06-20 20:58:30,amazon Ledsone,true
1025570000000,204-7909645-4365113,AMAZON,B0CHF49HKL,,CRSF100BM+PHUH1HETBM+LSHM400HE,1,32.19,32.19,2026-06-20 21:26:59,amazon Ledsone,true
1025580000000,202-3976635-8802747,AMAZON,B0CHRVWSBM,,CL3RBM5PK,1,11.99,,2026-06-20 21:43:26,amazon Ledsone,true
1025590000000,206-3167437-4562723,AMAZON,B09JM3PLLH,,LDSG125LOE274,1,10.19,,2026-06-20 23:35:41,amazon Ledsone,true
1027310000000,203-2286622-1405139,AMAZON,B0CTC7XPNX,,CRSF100BM+LHNSE27YB+SCRN70BM+LSFT220BG,1,18.99,18.99,2026-06-21 06:08:46,amazon Dcvoltage,true
1027320000000,204-5745526-2069932,AMAZON,B0BZ4YPVXF,,ENC1292,1,17.76,20.89,2026-06-21 08:15:58,amazon Dcvoltage,true
1027330000000,203-2505322-7849145,AMAZON,B0CJ4QZ15C,,LSMCSPSQMC+RPM40WH,1,19.46,22.89,2026-06-21 09:10:49,amazon Dcvoltage,true
1027340000000,204-2937114-0388307,AMAZON,B0CL1K1T2T,,ENC5521,1,41.79,41.79,2026-06-21 10:30:21,amazon Dcvoltage,true
1027350000000,026-6419639-0603567,AMAZON,B0DH9BSF4C,,CL3TBM5PK,1,12.83,12.83,2026-06-21 10:33:10,amazon Dcvoltage,true
1027360000000,026-9176975-3733903,AMAZON,B0D6B5DGFC,,SPSDP2BM3PK,1,12.49,12.49,2026-06-21 12:41:21,amazon Ledsone,true
1027370000000,202-4863077-1090738,AMAZON,B0CTT9GB4R,,LSMS320WH+RPR44WH,1,14.49,14.49,2026-06-21 12:53:01,amazon Dcvoltage,true
1027380000000,026-4934659-8992331,AMAZON,B0CBLWLZ4W,,WCWDBM2PK+RPR44WH2PK,1,14.89,14.89,2026-06-21 13:14:24,amazon Dcvoltage,true
1027390000000,202-3040553-2169911,AMAZON,B07L8HQG6Y,,CL3TGD5PK,1,13.99,13.99,2026-06-21 13:29:17,amazon Dcvoltage,true
1027400000000,206-8780916-7583557,AMAZON,B08XC25WCD,,CL3TBMAPK,1,20.99,20.99,2026-06-21 15:47:51,amazon Dcvoltage,true
1027410000000,202-8500670-2789909,AMAZON,B0DH96KQ88,,CL3TOR5PK,1,11.89,11.89,2026-06-21 17:30:22,amazon Dcvoltage,true
1027420000000,202-2267557-7572365,AMAZON,B08VGP666V,,LSCY290WH+RPR44WH,1,15.47,15.47,2026-06-21 17:31:52,amazon Dcvoltage,true
1027430000000,203-4599018-3948328,AMAZON,B0CG9G8PBV,,WCWODSBM+RPR44WH,1,10.89,10.89,2026-06-21 17:53:30,amazon Dcvoltage,true
1027440000000,205-4068340-5683548,AMAZON,B0CSPDC2PX,,ENC6087,1,22.86,,2026-06-21 18:20:07,amazon Dcvoltage,true
1027450000000,026-3930433-7753936,AMAZON,B0DMNS6SJ3,,LHCCE27BM,1,4.98,4.98,2026-06-21 19:47:44,amazon Dcvoltage,true
1027460000000,204-4017035-2657935,AMAZON,B0GCZQVHRF,,CRFF100BM+LHNSE27BM+ICST64E27,1,14.44,16.99,2026-06-21 21:07:58,amazon Dcvoltage,true
1027470000000,202-9573882-3567561,AMAZON,B08KGJT4DP,,CL3THE5PK,1,13.69,13.69,2026-06-21 21:16:00,amazon Dcvoltage,true
1027480000000,204-8963672-9753943,AMAZON,B0CB7VJNLD,,SPSDP2YB3PK,1,9.68,,2026-06-21 21:38:25,amazon Dcvoltage,true
1027490000000,204-5786010-5059537,AMAZON,B0CJ4R5796,,LSMCSQWYBL,1,21.89,21.89,2026-06-21 23:08:25,amazon Dcvoltage,true
1027510000000,204-4667661-4541961,AMAZON,B094R3M2DC,,PLADBM,1,45.89,,2026-06-21 04:41:41,amazon Ledsone,true
1027520000000,203-1226917-4780341,AMAZON,B0F7QZQS3Y,,CL2TWHAPK,1,18.29,18.29,2026-06-21 08:35:25,amazon Ledsone,true
1027530000000,026-1521527-0024324,AMAZON,B09L115HFJ,,12UK3P10A,1,16.99,16.99,2026-06-21 08:43:50,amazon Ledsone,true
1027540000000,203-4803636-8061118,AMAZON,B0CGZQV9Y7,,LSMCSPFLMC+RPR44WH,1,24.89,24.89,2026-06-21 09:16:35,amazon Ledsone,true
1027550000000,026-5215105-6432333,AMAZON,B0F6V3GXXV,,PHUH1HETBM+LSHM400HE,1,32.29,32.29,2026-06-21 09:26:43,amazon Ledsone,true
1027560000000,205-0029737-6885106,AMAZON,B0C3ZTBRHZ,,LSCY290BM+RPR44WH,1,15.29,15.29,2026-06-21 10:18:07,amazon Ledsone,true
1027570000000,205-1083422-8657936,AMAZON,B0GLYWJ4WL,,PLTRULBM,1,55.99,55.99,2026-06-21 10:19:45,amazon Ledsone,true
1027580000000,026-2145717-5490717,AMAZON,B0BLP1JSRK,,LDMST64E2786PK,1,20.39,20.39,2026-06-21 12:01:08,amazon Ledsone,true
1027590000000,203-7268165-8132347,AMAZON,B0C3ZTBRHZ,,LSCY290BM+RPR44WH,1,15.29,,2026-06-21 12:24:02,amazon Ledsone,true
1027600000000,205-6520384-2712306,AMAZON,B083TNFR73,,LDMST64E278pck3,1,12.57,14.42,2026-06-21 12:38:47,amazon Ledsone,true
1027610000000,026-9176975-3733903,AMAZON,B0BBS6B82P,,CL3TBMAPK,1,21.52,21.52,2026-06-21 12:41:21,amazon Ledsone,true
1027620000000,204-3280846-4131527,AMAZON,B0F43VK2KY,,LSCY290CO+RPR44WH,1,17.31,17.31,2026-06-21 12:42:20,amazon Ledsone,true
1027630000000,206-3146328-9751502,AMAZON,B0GNZLCX15,,LHXSHE27BM3PK,1,13.79,13.79,2026-06-21 12:46:32,amazon Ledsone,true
1027640000000,026-1019733-4561910,AMAZON,B0DBLB6ZSH,,amzn.gr.LSDO210GR2PK_RPR44WH2P-PM6BxN-LN,1,12.79,12.79,2026-06-21 15:36:32,amazon Ledsone,true
1027650000000,206-7177016-5296322,AMAZON,B0F9WXH3SL,,CL2RBMAPK,1,15.97,18.32,2026-06-21 15:39:49,amazon Ledsone,true
1027660000000,202-8612741-4127518,AMAZON,B0BLP1JSRK,,LDMST64E2786PK,1,20.39,20.39,2026-06-21 16:32:26,amazon Ledsone,true
1027670000000,026-3165096-2437940,AMAZON,B0CVL9NNFT,,LSTF400BM2PK+RPR44WH2PK,1,27.79,27.79,2026-06-21 18:36:10,amazon Ledsone,true
1027680000000,205-7938915-4371510,AMAZON,B0CCJ2GVV9,,SPSDP2SN6PK,2,36.81,39.12,2026-06-21 18:38:21,amazon Ledsone,true
1027690000000,026-5430054-6706707,AMAZON,B0BBS1R9DM,,CL3TBDAPK,1,19.69,19.69,2026-06-21 19:27:15,amazon Ledsone,true
1027700000000,202-5042097-9100321,AMAZON,B0C3ZT3VR1,,LSCY290BD+RPR44WH,1,14.89,,2026-06-21 19:59:43,amazon Ledsone,true
1027710000000,206-5132110-9000308,AMAZON,B094DN1XL1,,PLADBC,2,94.28,,2026-06-21 20:55:02,amazon Ledsone,true
1027720000000,203-4076185-9185116,AMAZON,B0CGZQV9Y7,,LSMCSPFLMC+RPR44WH,1,24.89,24.89,2026-06-21 21:00:10,amazon Ledsone,true
1027730000000,206-2319708-7268359,AMAZON,B094DN1XL1,,PLADBC,2,94.28,94.28,2026-06-21 21:17:03,amazon Ledsone,true
1027750000000,026-6321484-1805110,AMAZON,B094DN1XL1,,PLADBC,1,45.99,45.99,2026-06-21 22:21:16,amazon Ledsone,true
1027760000000,026-6912815-4102730,AMAZON,B0BBB5C64C,,CL3RWH5PK,1,12.69,,2026-06-21 22:21:30,amazon Ledsone,true
1027770000000,206-9122581-3352349,AMAZON,B0CHDZXZGJ,,CL3TAG5PK,1,13.79,13.79,2026-06-21 22:22:13,amazon Ledsone,true
1029190000000,203-3011675-6713933,AMAZON,B07L8GPT85,,CL3TGY5PK,1,15.48,12.99,2026-06-22 00:02:28,amazon Dcvoltage,true
1029200000000,205-1203843-4910721,AMAZON,B0CGRJ1V8L,,TPOSBDBM,1,23.99,23.99,2026-06-22 00:21:00,amazon Dcvoltage,true
1029210000000,026-6852472-7100347,AMAZON,B08XC1QT69,,CL3THEAPK,1,19.99,19.99,2026-06-22 07:03:41,amazon Dcvoltage,true
1029230000000,205-7395172-3829136,AMAZON,B08XC25WCD,,CL3TBMAPK,2,39.04,41.98,2026-06-22 08:29:18,amazon Dcvoltage,true
1029240000000,203-5230837-2488302,AMAZON,B0GCZJ9XRB,,CRFF100SN2PK+LHNSE27SN2PK,1,21.16,24.89,2026-06-22 08:42:53,amazon Dcvoltage,true
1029250000000,203-8118457-0738757,AMAZON,B0CKWLS9WR,,CL3RHE5PK,1,13.09,,2026-06-22 11:46:37,amazon Dcvoltage,true
1029260000000,202-9182640-6237110,AMAZON,B0C7BZ5756,,LSCY290GC+RPR44WH,1,15.49,15.49,2026-06-22 12:53:15,amazon Dcvoltage,true
1029270000000,206-0437746-6227565,AMAZON,B0CXSS7XYX,,LSCY290WH2PK+RPR44WH2PK,1,25.89,25.89,2026-06-22 13:18:05,amazon Dcvoltage,true
1029280000000,206-2255875-2945958,AMAZON,B0CXPT6W9C,,LSCY290RO2PK+RPR44WH2PK,1,26.89,26.89,2026-06-22 15:12:05,amazon Dcvoltage,true
1029290000000,202-3946558-4412346,AMAZON,B0CJCDZWRB,,LSSS300SN2PK+RPR44WH2PK,1,23.49,23.49,2026-06-22 15:47:06,amazon Dcvoltage,true
1029300000000,202-0550915-8237931,AMAZON,B0D53FZ8GS,,WCB2WH2PK+RPR44WH2PK,1,15.89,,2026-06-22 15:56:01,amazon Dcvoltage,true
1029310000000,206-7495922-1032350,AMAZON,B096FPKPNQ,,ENC685,1,54.89,54.89,2026-06-22 16:23:31,amazon Dcvoltage,true
1029320000000,202-0734757-1397944,AMAZON,B0CKBZ4V22,,CRSF100BM+LHNSE27CO+SCRN70CO+LSFT220BI,1,15.89,15.89,2026-06-22 17:10:40,amazon Dcvoltage,true
1029330000000,203-5838060-4910755,AMAZON,B0915YM5YZ,,CRSF100BM+LHNSE27CO+SCRN70CO+LSFT220CHA,2,28.60,31.78,2026-06-22 17:48:38,amazon Dcvoltage,true
1029340000000,205-2540780-5327512,AMAZON,B0CKWLS9WR,,CL3RHE5PK,1,11.13,13.09,2026-06-22 17:57:44,amazon Dcvoltage,true
1029350000000,202-7616870-7304320,AMAZON,B0CB8D5MMC,,LSMS320GY+RPR44WH,1,14.99,14.99,2026-06-22 18:06:57,amazon Dcvoltage,true
1029360000000,206-1080547-3289132,AMAZON,B0965HZJGN,,ENC686,1,49.49,,2026-06-22 18:22:45,amazon Dcvoltage,true
1029370000000,205-7582923-4536356,AMAZON,B07ZFWL5T1,,CRFF100GB+LHNSE27GB,1,13.89,13.89,2026-06-22 18:26:29,amazon Dcvoltage,true
1029380000000,205-9003910-0366768,AMAZON,B0FHPMM3WZ,,CRFF100CO2PK+LHNSE27CO2PK,1,20.31,23.89,2026-06-22 18:26:29,amazon Dcvoltage,true
1029390000000,202-5960754-5365161,AMAZON,B08V8MYCZR,,CRSF100BM+PHSH1PBRBM+LSMS320GR,2,39.78,39.78,2026-06-22 20:33:04,amazon Dcvoltage,true
1029400000000,205-7610737-0767505,AMAZON,B0CJ4R5796,,LSMCSQWYBL,1,18.61,,2026-06-22 20:43:02,amazon Dcvoltage,true
1029410000000,204-6435636-0760306,AMAZON,B0GGDTRTN7,,CRFF100BM2PK+LHNSE27BM2PK+ICST64E272PK,1,24.56,28.89,2026-06-22 21:05:59,amazon Dcvoltage,true
1029420000000,203-3192550-6514761,AMAZON,B0C6LV14PT,,12UK3P2A,1,6.02,6.69,2026-06-22 21:42:06,amazon Dcvoltage,true
1029430000000,205-8871129-0675520,AMAZON,B07PM6VXCG,,CL3TBK5PK,2,23.42,,2026-06-22 21:53:01,amazon Dcvoltage,true
1029440000000,204-1157096-1923533,AMAZON,B07F9SH71F,,LDMG95E274,1,5.69,5.69,2026-06-22 22:41:30,amazon Dcvoltage,true
1029450000000,203-0865964-5329136,AMAZON,B0F48LNB6J,,RWWPSY1080YE,1,7.56,8.89,2026-06-22 22:57:18,amazon Dcvoltage,true
1029460000000,203-6170808-9093163,AMAZON,B0FKMDBX5K,,amzn.gr.CRFF108WH2PK_LHTKE27WH-Ye_LEA-LN,1,14.63,14.63,2026-06-22 08:15:55,amazon Ledsone,true
1029470000000,202-4988672-6606730,AMAZON,B0CCL729S8,,ENC1313,1,20.89,20.89,2026-06-22 08:30:36,amazon Ledsone,true
1029480000000,204-6557459-3988355,AMAZON,B0CGZQV9Y7,,LSMCSPFLMC+RPR44WH,1,24.89,24.89,2026-06-22 08:53:05,amazon Ledsone,true
1029490000000,203-5091357-0248353,AMAZON,B0D3X4WHGV,,CCBKNWE482PK,1,15.89,,2026-06-22 09:29:50,amazon Ledsone,true
1029500000000,202-2049294-6991542,AMAZON,B0963P71QD,,amzn.gr.CRFF500BM_PHRI1PBRCO3P-b9eFiS-LN,1,27.65,,2026-06-22 09:36:47,amazon Ledsone,true
1029510000000,202-5974187-3304304,AMAZON,B094R3M2DC,,PLADBM,1,45.89,45.89,2026-06-22 09:45:50,amazon Ledsone,true
1029520000000,026-6803600-2157922,AMAZON,B0DXQB7T3C,,LSCY290GY2PK+RPR44WH2PK,1,26.29,26.29,2026-06-22 10:12:42,amazon Ledsone,true
1029530000000,203-8494035-8619547,AMAZON,B0CHRYH5K8,,CL3RBR5PK,1,12.39,12.39,2026-06-22 10:41:44,amazon Ledsone,true
1029540000000,202-3850936-6856344,AMAZON,B098138JF2,,12IP20720,1,44.99,44.99,2026-06-22 11:16:38,amazon Ledsone,true
1029550000000,204-6629076-5163565,AMAZON,B0CHDZXZGJ,,CL3TAG5PK,1,13.79,13.79,2026-06-22 11:44:57,amazon Ledsone,true
1029560000000,205-7289752-2868347,AMAZON,B0GW7VBY3J,,LHSWPBB22GD,1,9.69,9.69,2026-06-22 12:00:04,amazon Ledsone,true
1029570000000,206-5079245-6867538,AMAZON,B0BLZHCRGZ,,LDMG95E2746PK,1,16.73,18.28,2026-06-22 12:07:46,amazon Ledsone,true
1029580000000,206-1273090-5014735,AMAZON,B09HSB7NBL,,CL2TGD5PK,1,13.19,13.19,2026-06-22 12:18:54,amazon Ledsone,true
1029590000000,205-3324831-1734749,AMAZON,B0979H9NHS,,CNP1000FG,1,4.09,4.09,2026-06-22 13:09:01,amazon Ledsone,true
1029600000000,206-4408842-8473952,AMAZON,B0GDCN4LCW,,LDMT185E2736PK,2,30.58,33.42,2026-06-22 13:43:11,amazon Ledsone,true
1029610000000,202-7724733-2545950,AMAZON,B0F7QRPZY7,,CL3TBRAPK,1,19.89,19.89,2026-06-22 14:03:44,amazon Ledsone,true
1029620000000,204-9415139-1694768,AMAZON,B0BB31YPDF,,CL2RGY5PK,1,11.47,13.15,2026-06-22 16:20:51,amazon Ledsone,true
1029630000000,204-3355933-4199563,AMAZON,B0D97RKT3N,,ENC7486,1,26.29,26.29,2026-06-22 17:37:43,amazon Ledsone,true
1029640000000,205-3905797-8437954,AMAZON,B0CFVBZ2GH,,PSOS2BMTHE+ICST64E27,1,15.08,15.08,2026-06-22 17:59:13,amazon Ledsone,true
1029650000000,203-6052146-2723550,AMAZON,B094R3M2DC,,PLADBM,1,45.89,45.89,2026-06-22 18:22:07,amazon Ledsone,true
1029660000000,202-0363328-4144375,AMAZON,B0D7ZTRLBH,,LSCY290BM2PK+RPR44WH2PK,1,25.89,25.89,2026-06-22 19:06:34,amazon Ledsone,true
1029670000000,202-3342597-2015529,AMAZON,B0F7QWMBLY,,CL3TGLAPK,1,16.74,19.20,2026-06-22 19:42:25,amazon Ledsone,true
1029680000000,205-3752053-4155560,AMAZON,B09479HV6W,,LDMG95E2783PK,1,14.09,,2026-06-22 19:49:13,amazon Ledsone,true
1029690000000,026-4646661-7771514,AMAZON,B09JM3PLLH,,LDSG125LOE274,1,10.19,,2026-06-22 20:15:25,amazon Ledsone,true
1029700000000,205-0195045-4597118,AMAZON,B0D794K9Y2,,WCB7BM2PK+RPR44WH2PK,1,16.19,,2026-06-22 21:39:30,amazon Ledsone,true
1029710000000,203-8077032-8449126,AMAZON,B07VFV228J,,12RPIP245400,2,46.42,,2026-06-22 22:30:09,amazon Ledsone,true
1029720000000,205-5737062-3806765,AMAZON,B0GDDXRR5K,,LDMT185E2735PK,1,13.93,,2026-06-22 22:58:55,amazon Ledsone,true
1031350000000,204-5020793-4089112,AMAZON,B0D53FZ8GS,,amzn.gr.WCB2WH2PK_RPR44WH2PK-45sKL0KE-VG,1,12.71,12.71,2026-06-23 07:26:46,amazon Dcvoltage,true
1031360000000,205-0865374-1106728,AMAZON,B0BWJWGXD4,,LSCY210BG+RPR44WH,1,12.09,12.09,2026-06-23 07:53:18,amazon Dcvoltage,true
1031370000000,202-5831558-3156324,AMAZON,B08VGHVH8R,,LSCY290BC+RPR44WH,1,15.89,15.89,2026-06-23 08:07:05,amazon Dcvoltage,true
1031380000000,205-8534625-6552332,AMAZON,B0C7C8LWY9,,LSCY290NB+RPR44WH,1,15.79,15.79,2026-06-23 08:28:47,amazon Dcvoltage,true
1031390000000,026-0460795-4997163,AMAZON,B0CSPDC2PX,,ENC6087,1,22.86,26.89,2026-06-23 08:36:39,amazon Dcvoltage,true
1031400000000,205-9643227-8566760,AMAZON,B07L8HQG6Y,,CL3TGD5PK,1,13.99,,2026-06-23 09:00:46,amazon Dcvoltage,true
1031410000000,205-4620739-5029937,AMAZON,B0CJ4QZ15C,,LSMCSPSQMC+RPM40WH,1,22.89,,2026-06-23 09:12:37,amazon Dcvoltage,true
1031420000000,026-5059715-0357109,AMAZON,B07ZFWL5T1,,CRFF100GB+LHNSE27GB,1,13.89,13.89,2026-06-23 09:23:42,amazon Dcvoltage,true
1031430000000,203-2952930-2771546,AMAZON,B07L8HQG6Y,,CL3TGD5PK,1,13.99,,2026-06-23 09:47:05,amazon Dcvoltage,true
1031440000000,205-8823593-8991547,AMAZON,B07F9SH71F,,LDMG95E274,1,5.69,5.69,2026-06-23 09:55:44,amazon Dcvoltage,true
1031450000000,205-5077017-5720345,AMAZON,B08XNPKHZX,,LSSS300YE+RPR44WH,1,13.49,13.49,2026-06-23 10:01:06,amazon Dcvoltage,true
1031460000000,203-0226117-7559542,AMAZON,B0D2TCJKT7,,LSCY290OR2PK+RPR44WH2PK,1,23.89,23.89,2026-06-23 10:05:16,amazon Dcvoltage,true
1031470000000,205-7702336-4119500,AMAZON,B07CS22K8L,,12IP6720,1,8.58,10.09,2026-06-23 10:09:23,amazon Dcvoltage,true
1031480000000,026-4509736-8462707,AMAZON,B0CPBX49HJ,,LSCY290GR+RPR44WH,1,15.89,15.89,2026-06-23 10:40:12,amazon Dcvoltage,true
1031490000000,206-0865517-2551501,AMAZON,B0D6B5DGFC,,SPSDP2BM3PK,1,11.24,12.49,2026-06-23 10:54:40,amazon Dcvoltage,true
1031500000000,203-1772437-6314704,AMAZON,B08V5C7BXW,,CRSF100WH+PHCH1PWRSWH+LSCY290WH,1,16.06,18.89,2026-06-23 11:01:35,amazon Dcvoltage,true
1031510000000,204-5289592-4957916,AMAZON,B0GD51HL84,,ENC7770,2,54.34,60.38,2026-06-23 11:46:36,amazon Dcvoltage,true
1031520000000,202-6858696-8197118,AMAZON,B0DBLLNYRP,,CL3RHE5PK,1,13.39,13.39,2026-06-23 12:05:49,amazon Dcvoltage,true
1031530000000,204-9454428-2177134,AMAZON,B07CST825S,,CL2RBMAPK,1,20.29,20.29,2026-06-23 12:24:25,amazon Dcvoltage,true
1031540000000,026-7315334-3063567,AMAZON,B08VGNL22C,,LSCY290CO+RPR44WH,1,17.79,,2026-06-23 12:25:01,amazon Dcvoltage,true
1031550000000,206-6269014-2470755,AMAZON,B0G2YBCMRK,,ENC285,1,20.89,20.89,2026-06-23 13:02:15,amazon Dcvoltage,true
1031560000000,202-0499191-0004354,AMAZON,B0C7CLVDHR,,LSCY290BI+RPR44WH,1,14.89,14.89,2026-06-23 14:40:30,amazon Dcvoltage,true
1031570000000,203-0526115-7081948,AMAZON,B0BZ4YPVXF,,ENC1292,1,17.76,20.89,2026-06-23 16:14:19,amazon Dcvoltage,true
1031580000000,205-0998970-5282711,AMAZON,B07CQNNPKW,,CL2TBU5PK,1,11.24,12.49,2026-06-23 16:44:18,amazon Dcvoltage,true
1031590000000,206-2293586-6763569,AMAZON,B0G4QXYX5W,,CRSF100BM+PHHF1PBRBM+LSWD360BM,2,39.40,,2026-06-23 17:40:45,amazon Dcvoltage,true
1031600000000,202-7369270-1181123,AMAZON,B08XC1QT69,,CL3THEAPK,2,39.98,39.98,2026-06-23 19:01:12,amazon Dcvoltage,true
1031610000000,203-9698541-5073102,AMAZON,B0DFHMC949,,LSCY290BI+RPR44WH-,1,15.29,,2026-06-23 20:10:49,amazon Dcvoltage,true
1031620000000,204-1881820-2035535,AMAZON,B07CWGNBBJ,,12IP20120,2,23.16,24.38,2026-06-23 20:17:28,amazon Dcvoltage,true
1031630000000,205-6405526-4805914,AMAZON,B0C7BZ5756,,LSCY290GC+RPR44WH,1,15.49,,2026-06-23 20:30:18,amazon Dcvoltage,true
1031640000000,202-9538472-2563525,AMAZON,B0DH9DJQKQ,,CL3THE5PK,1,11.99,11.99,2026-06-23 21:08:47,amazon Dcvoltage,true
1031650000000,205-6370064-1688348,AMAZON,B08V8N6TGD,,CRSF100WH+LHNSE27WH+LSMS320YE,1,15.72,18.49,2026-06-23 21:11:23,amazon Dcvoltage,true
1031660000000,203-1297980-0966705,AMAZON,B07F9SH71F,,LDMG95E274,1,5.69,,2026-06-23 21:31:05,amazon Dcvoltage,true
1031670000000,203-1304699-3028302,AMAZON,B08XC1QT69,,CL3THEAPK,1,19.99,,2026-06-23 22:15:01,amazon Dcvoltage,true
1031680000000,206-7396014-1116360,AMAZON,B0CGZQV9Y7,,LSMCSPFLMC+RPR44WH,1,24.89,,2026-06-23 04:47:49,amazon Ledsone,true
1031690000000,026-9911132-5411530,AMAZON,B0CZXHLR1Q,,TPOSBDBM2PK,1,36.88,42.31,2026-06-23 07:15:43,amazon Ledsone,true
1031700000000,205-0183514-5569912,AMAZON,B07CM4KTJW,,12IP67100,1,16.06,18.42,2026-06-23 07:24:26,amazon Ledsone,true
1031710000000,206-2068873-7029130,AMAZON,B0B9YBYDLP,,CL3TBD5PK,1,11.48,13.17,2026-06-23 08:16:54,amazon Ledsone,true
1031720000000,203-2848834-9166724,AMAZON,B0F7QWMBLY,,CL3TGLAPK,1,16.74,19.20,2026-06-23 09:11:26,amazon Ledsone,true
1031730000000,202-4628745-9950743,AMAZON,B0BBS6B82P,,CL3TBMAPK,1,19.70,21.52,2026-06-23 09:54:51,amazon Ledsone,true
1031740000000,203-0720456-5409940,AMAZON,B093T3WNMZ,,LSCY290YE+RPR44WH,1,15.29,15.29,2026-06-23 10:13:10,amazon Ledsone,true
1031750000000,204-7429904-1825108,AMAZON,B0FY5TWHGH,,LDSG1007E27,1,10.96,,2026-06-23 11:01:05,amazon Ledsone,true
1031760000000,204-7337605-2617958,AMAZON,B0GW8313KY,,LHSWPBB22CH,1,9.79,9.79,2026-06-23 11:22:17,amazon Ledsone,true
1031770000000,204-8185720-4309116,AMAZON,B093DKF852,,CL2TBKAPK,1,17.84,20.46,2026-06-23 11:46:45,amazon Ledsone,true
1031780000000,026-4999725-5037136,AMAZON,B0B82Y8Q8N,,PHSF1GDRFG,1,14.99,14.99,2026-06-23 11:59:23,amazon Ledsone,true
1031790000000,205-0785588-9653916,AMAZON,B0CHRVWSBM,,CL3RBM5PK,1,11.99,11.99,2026-06-23 12:08:07,amazon Ledsone,true
1031800000000,204-0198003-7680318,AMAZON,B0FKMB9NWG,,CRFF108BM2PK+LHTKE27BA2PK,1,18.29,18.29,2026-06-23 13:08:28,amazon Ledsone,true
1031810000000,205-0352023-8350745,AMAZON,B0BBS1VR82,,CL3THEAPK,1,20.79,20.29,2026-06-23 14:00:05,amazon Ledsone,true
1031820000000,203-2682634-5976302,AMAZON,B0CCW86LQF,,LSCY290BL+RPR44WH,2,31.58,31.58,2026-06-23 14:16:37,amazon Ledsone,true
1031830000000,206-9703183-0429956,AMAZON,B07CQLS5VT,,12IP6750,1,9.60,11.01,2026-06-23 14:40:47,amazon Ledsone,true
1031840000000,206-8977941-0198757,AMAZON,B09HSB7NBL,,CL2TGD5PK,1,13.70,12.86,2026-06-23 15:28:00,amazon Ledsone,true
1031850000000,026-8085715-4730747,AMAZON,B0CBMQZ8P6,,PHSF2BMRBM+SPSDP2BM,1,13.89,13.89,2026-06-23 15:33:23,amazon Ledsone,true
1031860000000,206-9747129-1301956,AMAZON,B0FKMB9NWG,,CRFF108BM2PK+LHTKE27BA2PK,1,18.29,18.29,2026-06-23 15:36:13,amazon Ledsone,true
1031870000000,203-8273388-0613137,AMAZON,B0DRYSCF1X,,LHSHE27WH3PK,1,13.39,13.39,2026-06-23 15:36:34,amazon Ledsone,true
1031880000000,026-1773727-7872307,AMAZON,B0DXQ8WPCG,,LSCY290SN2PK+RPR44WH2PK,1,28.89,,2026-06-23 15:47:37,amazon Ledsone,true
1031890000000,204-0192873-7938732,AMAZON,B0CHW3Q9VG,,CRSF100YB+PHCHPCRYB+LSCY290YB,3,69.27,69.27,2026-06-23 16:37:58,amazon Ledsone,true
1031900000000,203-7435344-5501126,AMAZON,B093X4CBSK,,CRSF100BM+PHHT1PBRBM+LSHM400HE,1,32.49,,2026-06-23 18:03:15,amazon Ledsone,true
1031910000000,203-8624453-7578743,AMAZON,B0CHRVWSBM,,CL3RBM5PK,1,11.99,,2026-06-23 18:12:50,amazon Ledsone,true
1031920000000,204-3056261-3414746,AMAZON,B0C3ZTBRHZ,,LSCY290BM+RPR44WH,1,15.29,,2026-06-23 18:42:16,amazon Ledsone,true
1031930000000,204-6050333-8120355,AMAZON,B0B77GWCPC,,CRFF108GB2PK+HK10GB2PK,1,11.72,13.44,2026-06-23 19:49:00,amazon Ledsone,true
1031940000000,206-7089455-9928336,AMAZON,B0BBS1VR82,,CL3THEAPK,1,22.66,20.27,2026-06-23 20:04:25,amazon Ledsone,true
1031950000000,204-2886214-3092311,AMAZON,B0CDWVF7VV,,PSHYOS4WRWH,1,11.98,,2026-06-23 20:22:00,amazon Ledsone,true
1031960000000,206-7348795-3188363,AMAZON,B0CHRVWSBM,,CL3RBM5PK,1,11.99,,2026-06-23 20:46:37,amazon Ledsone,true
1031970000000,026-0861559-9237167,AMAZON,B0CZXHLR1Q,,TPOSBDBM2PK,1,36.88,,2026-06-23 21:00:33,amazon Ledsone,true
1031980000000,203-6165565-9781911,AMAZON,B0F7QWMBLY,,CL3TGLAPK,1,16.74,19.20,2026-06-23 21:18:42,amazon Ledsone,true
1031990000000,205-0333427-4493934,AMAZON,B0CCJ3CSB6,,SPSDP2YB3PK,1,11.24,,2026-06-23 21:35:48,amazon Ledsone,true
1033950000000,204-4142068-0321113,AMAZON,B08TMBY3QM,,ENC771,1,18.79,,2026-06-24 05:49:04,amazon Dcvoltage,true
1033960000000,202-3879111-9233148,AMAZON,B07PM5KN1T,,CL3TGL5PK,1,12.99,12.99,2026-06-24 06:36:16,amazon Dcvoltage,true
1033970000000,204-5410377-9735569,AMAZON,B08VGMKHT7,,LSCY290BM+RPR44WH,1,15.49,15.49,2026-06-24 07:19:36,amazon Dcvoltage,true
1033980000000,026-1190585-5792334,AMAZON,B0CH39MWRF,,WSOSBDBM,1,17.63,19.59,2026-06-24 07:48:48,amazon Dcvoltage,true
1033990000000,204-5513178-7443533,AMAZON,B0DFHN3XPG,,LSCY290BL+RPR44WH,2,31.78,31.78,2026-06-24 07:58:06,amazon Dcvoltage,true
1034000000000,206-2639441-3837921,AMAZON,B07CK4Y6R6,,24IP2024,1,6.29,6.29,2026-06-24 08:26:18,amazon Dcvoltage,true
1034010000000,204-8944569-1681118,AMAZON,B0CPBX49HJ,,LSCY290GR+RPR44WH,1,15.89,15.89,2026-06-24 09:16:32,amazon Dcvoltage,true
1034020000000,205-8686502-4105935,AMAZON,B07PM6VXCG,,CL3TBK5PK,1,13.01,13.01,2026-06-24 09:20:02,amazon Dcvoltage,true
1034030000000,204-1559328-5605948,AMAZON,B0BY38BKBD,,ENC4428,1,26.89,26.89,2026-06-24 09:38:27,amazon Dcvoltage,true
1034040000000,026-0423293-0751502,AMAZON,B08VGHVH8R,,LSCY290BC+RPR44WH,1,17.88,15.89,2026-06-24 09:58:43,amazon Dcvoltage,true
1034050000000,026-9565217-9930705,AMAZON,B0D4XZMBW6,,LDMG80B2246PK,2,33.98,,2026-06-24 10:19:30,amazon Dcvoltage,true
1034060000000,203-7597531-6977950,AMAZON,B0DH96KQ88,,CL3TOR5PK,1,11.89,,2026-06-24 10:48:11,amazon Dcvoltage,true
1034070000000,026-4879195-8121945,AMAZON,B07CS22K8L,,12IP6720,1,10.09,10.09,2026-06-24 11:16:34,amazon Dcvoltage,true
1034080000000,206-9000816-8623515,AMAZON,B09643CJ5N,,CRFF500BM+PHCH1BMRBM3PK+LSDO210BG3PK,1,35.48,35.48,2026-06-24 12:02:28,amazon Dcvoltage,true
1034090000000,026-4029199-1507537,AMAZON,B08XC1QT69,,CL3THEAPK,1,19.99,,2026-06-24 12:45:09,amazon Dcvoltage,true
1034100000000,203-2266179-7181159,AMAZON,B07ZFWL5T1,,CRFF100GB+LHNSE27GB,2,26.39,,2026-06-24 12:57:46,amazon Dcvoltage,true
1034110000000,203-7696048-2491541,AMAZON,B0CG5YFN9X,,LSCY290BI2PK+RPR44WH2PK,1,26.79,,2026-06-24 13:06:11,amazon Dcvoltage,true
1034120000000,026-8838746-6252304,AMAZON,B0CH39MWRF,,WSOSBDBM,1,17.63,19.59,2026-06-24 13:31:39,amazon Dcvoltage,true
1034140000000,026-9255057-6839569,AMAZON,B0FZCRB2RS,,LSHM400HE+RPR44WH,2,56.58,56.58,2026-06-24 14:25:53,amazon Dcvoltage,true
1034150000000,203-5352826-5596317,AMAZON,B08XBYXQC6,,CL3TBRAPK,1,20.60,19.89,2026-06-24 15:26:49,amazon Dcvoltage,true
1034160000000,026-2429609-1541919,AMAZON,B0BWJWGXD4,,LSCY210BG+RPR44WH,1,12.09,12.09,2026-06-24 16:34:02,amazon Dcvoltage,true
1034180000000,205-4665135-0969132,AMAZON,B08X9WV762,,PSDS4BMRBU,2,25.72,28.58,2026-06-24 18:49:42,amazon Dcvoltage,true
1034190000000,204-6756111-2141954,AMAZON,B0965HZJGN,,ENC686,1,49.49,49.49,2026-06-24 19:01:49,amazon Dcvoltage,true
1034200000000,204-9882336-3740346,AMAZON,B0CS9PS8J3,,LSCY210BG3PK+RPR44WH3PK,1,37.88,,2026-06-24 20:03:17,amazon Dcvoltage,true
1034210000000,204-0518994-1749955,AMAZON,B0CBPB46GY,,WCB1RR2PK+RPR44WH2PK,1,15.89,,2026-06-24 20:32:19,amazon Dcvoltage,true
1034220000000,203-0994057-0552348,AMAZON,B0CH39MWRF,,WSOSBDBM,1,19.59,,2026-06-24 20:36:00,amazon Dcvoltage,true
1034230000000,202-2129866-7303566,AMAZON,B08VGP666V,,LSCY290WH+RPR44WH,1,15.79,15.79,2026-06-24 20:58:22,amazon Dcvoltage,true
1034240000000,026-5758977-4212343,AMAZON,B0FHPMM3WZ,,CRFF100CO2PK+LHNSE27CO2PK,1,23.89,,2026-06-24 21:23:46,amazon Dcvoltage,true
1034250000000,202-8665469-6739560,AMAZON,B0B77GWCPC,,CRFF108GB2PK+HK10GB2PK,1,13.79,13.79,2026-06-24 04:18:55,amazon Ledsone,true
1034260000000,204-3287891-2096356,AMAZON,B0C3ZT3VR1,,LSCY290BD+RPR44WH,1,14.89,14.89,2026-06-24 05:21:27,amazon Ledsone,true
1034270000000,206-7551061-4687523,AMAZON,B0DPQFRMCD,,ENC7893,1,41.79,41.79,2026-06-24 05:50:22,amazon Ledsone,true
1034290000000,206-5117925-9139545,AMAZON,B0CCJ2NWRP,,SPSDP2BM5PK,1,14.59,,2026-06-24 07:25:45,amazon Ledsone,true
1034300000000,026-4167493-0024315,AMAZON,B0B9Y5MRSK,,CL3TGD5PK,1,12.99,12.99,2026-06-24 08:51:52,amazon Ledsone,true
1034310000000,203-7799448-7141961,AMAZON,B0F2919THD,,LSCY290CO+RPR44WH,1,18.00,,2026-06-24 09:01:59,amazon Ledsone,true
1034320000000,206-8651378-1324350,AMAZON,B0F9X1GLK8,,CL3THEAPK,1,19.99,19.99,2026-06-24 09:15:38,amazon Ledsone,true
1034330000000,203-7047185-1244352,AMAZON,B0DFWQ777V,,LSMS320GY2PK+RPR44WH2PK,1,25.69,25.69,2026-06-24 09:17:15,amazon Ledsone,true
1034340000000,202-8236291-6520318,AMAZON,B093DK8NZW,,CL2TORAPK,1,19.89,19.89,2026-06-24 10:02:10,amazon Ledsone,true
1034350000000,204-5192245-1290761,AMAZON,B079Z8W7FF,,2 Core Twised Gold 10 Meters,1,19.99,19.99,2026-06-24 10:02:59,amazon Ledsone,true
1034370000000,202-4493505-4402753,AMAZON,B0CW5RLSQL,,CRFF105GB2PK+HK10GB2PK,1,13.79,13.79,2026-06-24 10:25:17,amazon Ledsone,true
1034380000000,206-2001052-6973114,AMAZON,B0GNZLCX15,,LHXSHE27BM3PK,1,12.06,,2026-06-24 10:57:15,amazon Ledsone,true
1034390000000,206-1171700-1644302,AMAZON,B0GW8313KY,,LHSWPBB22CH,1,9.79,9.79,2026-06-24 11:14:32,amazon Ledsone,true
1034400000000,202-9830617-1873943,AMAZON,B07CQLS5VT,,12IP6750,1,11.29,11.29,2026-06-24 11:20:21,amazon Ledsone,true
1034410000000,026-1238274-0522713,AMAZON,B0BLP1JSRK,,LDMST64E2786PK,2,36.70,40.10,2026-06-24 11:49:49,amazon Ledsone,true
1034420000000,206-2492822-7305117,AMAZON,B0917RQ9PM,,PLHCBC+LSDO210BC3PK,1,46.99,46.99,2026-06-24 12:18:08,amazon Ledsone,true
1034430000000,205-1558363-2236359,AMAZON,B0BBS1VR82,,CL3THEAPK,1,17.67,20.27,2026-06-24 12:49:24,amazon Ledsone,true
1034440000000,026-3238677-0597119,AMAZON,B0CDWS523Q,,PSHYOS4BRBM,1,14.19,14.19,2026-06-24 13:20:38,amazon Ledsone,true
1034450000000,206-4880997-1693938,AMAZON,B09479HV6W,,LDMG95E2783PK,1,14.09,14.09,2026-06-24 13:26:50,amazon Ledsone,true
1034460000000,203-5555135-5305108,AMAZON,B09WJC8S2P,,CRFF140YB+WSNW170YB+LSOL220YB+ICST64E27,2,41.78,41.78,2026-06-24 14:03:14,amazon Ledsone,true
1034470000000,206-4928322-1713122,AMAZON,B0D8YHSBLV,,LSCY210BG2PK+RPR44WH2PK,1,20.89,20.89,2026-06-24 14:39:54,amazon Ledsone,true
1034480000000,026-3639095-3895553,AMAZON,B0CBCN1B9S,,amzn.gr.CRFF500BM_PHCH1BMRBM3P-dR3PGf-LN,1,30.31,30.31,2026-06-24 14:49:21,amazon Ledsone,true
1034490000000,206-8405723-3058701,AMAZON,B0863J112Z,,PHSF1BMTBM2PK,1,17.29,17.29,2026-06-24 16:06:52,amazon Ledsone,true
1034500000000,202-5986343-9211512,AMAZON,B0CBMS78L8,,PHSF2BMRBM+SPSDP2BM+ICST64E27,1,16.82,,2026-06-24 16:52:02,amazon Ledsone,true
1034510000000,026-4723398-3935545,AMAZON,B0CJC62KSS,,LSCY290GR+RPR44WH,1,16.89,,2026-06-24 17:44:55,amazon Ledsone,true
1034520000000,026-1351359-4148347,AMAZON,B0D7ZTRLBH,,LSCY290BM2PK+RPR44WH2PK,1,25.89,25.89,2026-06-24 18:09:33,amazon Ledsone,true
1034530000000,205-2474514-8218768,AMAZON,B0BBB4SC4Y,,CL3RBK5PK,1,14.69,14.69,2026-06-24 18:10:59,amazon Ledsone,true
1034540000000,204-8515446-0065941,AMAZON,B0BBB4H59J,,CL3RGY5PK,1,12.57,,2026-06-24 18:21:00,amazon Ledsone,true
1034550000000,203-4522586-3923503,AMAZON,B0B9Y5MRSK,,CL3TGD5PK,1,12.99,,2026-06-24 18:31:11,amazon Ledsone,true
1034560000000,205-6908510-6429159,AMAZON,B0BC1CMSVD,,CL3RGDAPK,1,19.99,19.99,2026-06-24 18:38:50,amazon Ledsone,true
1034570000000,206-5272498-5637920,AMAZON,B0DX1C6274,,LHSHE27CO3PK,1,14.95,17.15,2026-06-24 18:51:48,amazon Ledsone,true
1034580000000,204-5672203-8318721,AMAZON,B0F7R1VSQD,,CL3TWHAPK,1,21.47,18.91,2026-06-24 19:22:06,amazon Ledsone,true
1034600000000,026-3865389-6617102,AMAZON,B0CCHXR4X2,,SPSDP2WH3PK,1,13.89,13.89,2026-06-24 20:26:46,amazon Ledsone,true
1034610000000,206-9006070-3055526,AMAZON,B0BW9SGHDN,,LSLT360WH+RPR44WH,1,13.20,,2026-06-24 20:26:54,amazon Ledsone,true
1036630000000,202-3850281-3789938,AMAZON,B0D6YF7VPY,,CCGNNWE48,1,9.59,9.59,2026-06-25 00:08:45,amazon Dcvoltage,true
1036640000000,206-5887129-7026739,AMAZON,B0FX2XDLT5,,LSCYRO200BM2PK+RPR44WH2PK,1,22.79,22.79,2026-06-25 03:44:16,amazon Dcvoltage,true
1036650000000,205-3428387-4812366,AMAZON,B07PM5KN1T,,CL3TGL5PK,2,24.03,12.99,2026-06-25 05:33:43,amazon Dcvoltage,true
1036660000000,206-4202085-6709100,AMAZON,B0D53FZ8GS,,WCB2WH2PK+RPR44WH2PK,1,15.89,15.89,2026-06-25 07:34:25,amazon Dcvoltage,true
1036670000000,202-5410665-5000333,AMAZON,B0CS9Q78XH,,LSCY210BG2PK+RPR44WH2PK,1,23.49,23.49,2026-06-25 08:20:13,amazon Dcvoltage,true
1036680000000,204-5345775-9867500,AMAZON,B0DBWY3P4Q,,CL2RBMAPK,1,18.39,18.39,2026-06-25 09:31:41,amazon Dcvoltage,true
1036690000000,204-4572270-9605104,AMAZON,B08XNPKHZX,,LSSS300YE+RPR44WH,1,13.49,,2026-06-25 10:19:42,amazon Dcvoltage,true
1036700000000,202-4866013-4211532,AMAZON,B08XBYXQC6,,CL3TBRAPK,1,19.89,19.89,2026-06-25 11:21:13,amazon Dcvoltage,true
1036710000000,204-4894222-1537148,AMAZON,B0DH9BSF4C,,CL3TBM5PK,1,11.78,13.09,2026-06-25 11:23:42,amazon Dcvoltage,true
1036730000000,203-8611047-9566716,AMAZON,B0CTTFPLLV,,LSMS320BI+RPR44WH,2,29.78,29.78,2026-06-25 12:25:15,amazon Dcvoltage,true
1036740000000,206-0880016-7641921,AMAZON,B08TX216Y4,,LSMS320BD+RPR44WH,1,14.99,14.99,2026-06-25 13:39:52,amazon Dcvoltage,true
1036750000000,203-2879959-4257124,AMAZON,B0FHPMM3WZ,,CRFF100CO2PK+LHNSE27CO2PK,1,20.82,23.80,2026-06-25 14:45:22,amazon Dcvoltage,true
1036760000000,206-0690004-7977168,AMAZON,B08V5MK449,,CRSF100BM+PHCH1BMRBM+LSCY290BM,1,20.49,20.49,2026-06-25 15:24:06,amazon Dcvoltage,true
1036770000000,204-6297424-8606761,AMAZON,B0GCZQVHRF,,CRFF100BM+LHNSE27BM+ICST64E27,1,14.44,16.99,2026-06-25 15:36:51,amazon Dcvoltage,true
1036780000000,205-1636431-6535548,AMAZON,B08VGPPQ48,,LSCY290GY+RPR44WH,1,15.29,,2026-06-25 16:38:55,amazon Dcvoltage,true
1036790000000,204-6358428-5625154,AMAZON,B0CG5ZHJYF,,LSCY290BC2PK+RPR44WH2PK,1,27.79,27.79,2026-06-25 17:41:25,amazon Dcvoltage,true
1036800000000,202-5207247-4701961,AMAZON,B07F9SH71F,,LDMG95E274,5,28.45,,2026-06-25 18:37:01,amazon Dcvoltage,true
1036810000000,203-4051015-3652308,AMAZON,B08XC1QT69,,CL3THEAPK,1,19.99,19.99,2026-06-25 18:54:18,amazon Dcvoltage,true
1036820000000,026-9573388-6305131,AMAZON,B0CTC7XPNX,,CRSF100BM+LHNSE27YB+SCRN70BM+LSFT220BG,1,18.99,18.99,2026-06-25 19:29:42,amazon Dcvoltage,true
1036830000000,202-3988164-4165940,AMAZON,B09M42QJCS,,LDMG125E2785PK,1,22.01,25.89,2026-06-25 19:56:19,amazon Dcvoltage,true
1036840000000,202-0256708-6705928,AMAZON,B0BWJWGXD4,,LSCY210BG+RPR44WH,2,24.18,,2026-06-25 21:21:55,amazon Dcvoltage,true
1036850000000,205-6626144-2935547,AMAZON,B096FPKPNQ,,ENC685,3,164.67,,2026-06-25 21:31:04,amazon Dcvoltage,true
1036860000000,026-0436745-4871520,AMAZON,B0CJ4R5796,,LSMCSQWYBL,1,19.07,,2026-06-25 21:56:43,amazon Dcvoltage,true
1036870000000,202-2891188-6931545,AMAZON,B0D32YBFXP,,LSCY290RE2PK+RPR44WH2PK,1,25.79,,2026-06-25 22:37:52,amazon Dcvoltage,true
1036880000000,202-3633764-3441110,AMAZON,B08XBYXQC6,,CL3TBRAPK,1,19.89,,2026-06-25 22:40:23,amazon Dcvoltage,true
1036890000000,202-9040442-7418752,AMAZON,B0D32YBFXP,,LSCY290RE2PK+RPR44WH2PK,1,30.78,25.79,2026-06-25 22:43:33,amazon Dcvoltage,true
1036900000000,026-6899619-3005130,AMAZON,B08VGHVH8R,,LSCY290BC+RPR44WH,1,15.89,,2026-06-25 22:58:34,amazon Dcvoltage,true
1036910000000,203-9444483-4989946,AMAZON,B0CCJ3CSB6,,SPSDP2YB3PK,1,12.49,12.49,2026-06-25 05:48:09,amazon Ledsone,true
1036920000000,026-7692412-9501969,AMAZON,B0DB2FJY1T,,CL2THEAPK,1,18.17,19.85,2026-06-25 06:00:47,amazon Ledsone,true
1036930000000,026-5567908-0193917,AMAZON,B0BB335TJ3,,CL2RGL5PK,1,11.64,13.35,2026-06-25 06:26:32,amazon Ledsone,true
1036940000000,204-4717709-6241922,AMAZON,B0CGRJ5PM4,,CRSF100BM+SPSPLBM+PHRNWP2RBM,4,47.84,,2026-06-25 06:29:09,amazon Ledsone,true
1036950000000,204-5242379-0925130,AMAZON,B0F28YNDZN,,LSCY290RO+RPR44WH,1,17.29,17.29,2026-06-25 09:04:28,amazon Ledsone,true
1036960000000,204-9298472-4826725,AMAZON,B0F2919CBQ,,LSCY290AA+RPR44WH,1,15.89,15.89,2026-06-25 09:12:54,amazon Ledsone,true
1036970000000,026-7738266-4841159,AMAZON,B09L115HFJ,,12UK3P10A,1,16.99,16.99,2026-06-25 10:38:09,amazon Ledsone,true
1036980000000,202-6515257-3096331,AMAZON,B07CM4KTJW,,12IP67100,1,16.06,18.42,2026-06-25 10:39:01,amazon Ledsone,true
1036990000000,202-2096853-6150750,AMAZON,B0BBB5C64C,,CL3RWH5PK,1,12.69,12.69,2026-06-25 11:16:43,amazon Ledsone,true
1037010000000,205-1363219-9589962,AMAZON,B094R3M2DC,,PLADBM,1,45.89,,2026-06-25 13:39:13,amazon Ledsone,true
1037020000000,203-2573532-2707528,AMAZON,B0BB3NVM9D,,CL2RGD5PK,1,11.72,13.44,2026-06-25 13:40:40,amazon Ledsone,true
1037030000000,206-4896721-7323548,AMAZON,B0CCHYTN4H,,SPSDP2YB6PK,1,19.79,19.79,2026-06-25 14:06:30,amazon Ledsone,true
1037040000000,202-5276824-6744311,AMAZON,B0CBCN1B9S,,CRFF500BM+PHCH1BMRBM3PK+LSCY210BG3PK+IC,1,37.89,37.89,2026-06-25 15:38:07,amazon Ledsone,true
1037050000000,202-0933485-1532336,AMAZON,B0GDDXRR5K,,LDMT185E2735PK,1,16.39,16.39,2026-06-25 15:44:14,amazon Ledsone,true
1037060000000,205-1075938-6941936,AMAZON,B07CQLS5VT,,12IP6750,1,11.29,11.29,2026-06-25 16:08:11,amazon Ledsone,true
1037070000000,202-8987866-5325126,AMAZON,B0F2919THD,,LSCY290CO+RPR44WH,1,18.19,18.19,2026-06-25 16:54:57,amazon Ledsone,true
1037080000000,205-1497534-3939549,AMAZON,B0F292MNGB,,LSCY290BG+RPR44WH,1,16.99,,2026-06-25 16:57:30,amazon Ledsone,true
1037090000000,205-6200801-9092351,AMAZON,B0DBL9YWDM,,LSDO210YE2PK+RPR44WH2PK,1,13.11,13.11,2026-06-25 17:04:56,amazon Ledsone,true
1037100000000,204-0190012-3927502,AMAZON,B0C2CYBB2B,,ENC1907,1,15.79,15.79,2026-06-25 17:50:53,amazon Ledsone,true
1037110000000,203-4720239-5840357,AMAZON,B0CBMQZ8P6,,PHSF2BMRBM+SPSDP2BM,1,13.89,13.89,2026-06-25 17:53:42,amazon Ledsone,true
1037120000000,205-8677824-9965932,AMAZON,B0917RQ9PM,,PLHCBC+LSDO210BC3PK,1,46.99,46.99,2026-06-25 17:57:49,amazon Ledsone,true
1037130000000,205-6926646-2090718,AMAZON,B093TBM9LD,,CRSF100BB+PHCH1PBRBB+LSCY290BB,1,23.29,,2026-06-25 18:03:12,amazon Ledsone,true
1037140000000,206-1686952-1906717,AMAZON,B0868DXK1B,,CCBKNWE48,3,26.97,29.47,2026-06-25 19:54:47,amazon Ledsone,true
1038750000000,203-9043338-2110724,AMAZON,B0D53QKVBY,,WCB3BM2PK+RPR44WH2PK,1,15.89,15.89,2026-06-26 05:36:05,amazon Dcvoltage,true
1038760000000,204-8970550-3567568,AMAZON,B0CGRJ1V8L,,TPOSBDBM,1,23.99,23.99,2026-06-26 07:13:38,amazon Dcvoltage,true
1038770000000,026-9670746-0686740,AMAZON,B08VGPPQ48,,LSCY290GY+RPR44WH,1,15.29,15.29,2026-06-26 07:31:12,amazon Dcvoltage,true
1038780000000,204-4331130-2573901,AMAZON,B0CTC7XPNX,,CRSF100BM+LHNSE27YB+SCRN70BM+LSFT220BG,1,18.99,,2026-06-26 08:19:25,amazon Dcvoltage,true
1038790000000,026-8157381-7833940,AMAZON,B0D53FZ8GS,,WCB2WH2PK+RPR44WH2PK,1,15.89,15.89,2026-06-26 10:06:30,amazon Dcvoltage,true
1038800000000,203-7133400-3597957,AMAZON,B0DKF35RMQ,,12IP20300,1,13.93,16.39,2026-06-26 10:41:42,amazon Dcvoltage,true
1038810000000,206-5962088-7126705,AMAZON,B0GCZJ9XRB,,CRFF100SN2PK+LHNSE27SN2PK,2,44.80,49.78,2026-06-26 10:59:53,amazon Dcvoltage,true
1038820000000,026-1203315-8432336,AMAZON,B08WX7NWWL,,ENC899,1,17.76,20.89,2026-06-26 11:25:03,amazon Dcvoltage,true
1038830000000,202-4704614-3905958,AMAZON,B0CXSXN4KX,,LSMS320BI2PK+RPR44WH2PK,1,25.59,25.59,2026-06-26 11:33:39,amazon Dcvoltage,true
1038840000000,202-9210494-9964365,AMAZON,B0FHPM5GYP,,CRFF100CH2PK+LHNSE27CH2PK,1,21.16,24.89,2026-06-26 12:07:05,amazon Dcvoltage,true
1038850000000,205-8603555-4289129,AMAZON,B08VGMKHT7,,LSCY290BM+RPR44WH,1,15.88,15.88,2026-06-26 12:39:14,amazon Dcvoltage,true
1038860000000,203-5858909-5015566,AMAZON,B0CBLXL9R1,,WCVCBC2PK+RPR44WH2PK,1,15.89,,2026-06-26 13:39:31,amazon Dcvoltage,true
1038870000000,026-3260220-3537969,AMAZON,B0CZLDKF3Z,,LSSS300GB2PK+RPR44WH2PK,1,23.99,23.99,2026-06-26 13:49:25,amazon Dcvoltage,true
1038880000000,026-3669831-6337968,AMAZON,B07CQNNPKW,,CL2TBU5PK,1,12.49,12.49,2026-06-26 13:56:51,amazon Dcvoltage,true
1038890000000,205-9503020-4385919,AMAZON,B0CH39MWRF,,WSOSBDBM,2,35.26,39.18,2026-06-26 14:04:24,amazon Dcvoltage,true
1038900000000,026-4980865-8453923,AMAZON,B08V5MK449,,CRSF100BM+PHCH1BMRBM+LSCY290BM,2,40.98,40.98,2026-06-26 14:04:59,amazon Dcvoltage,true
1038910000000,204-9801732-8848334,AMAZON,B0C7CLVDHR,,LSCY290BI+RPR44WH,1,14.89,,2026-06-26 15:12:43,amazon Dcvoltage,true
1038920000000,026-0719146-0729945,AMAZON,B0DMDWM25D,,WCCYSP160WH2PK,1,22.86,,2026-06-26 16:09:08,amazon Dcvoltage,true
1038930000000,204-4685942-4904330,AMAZON,B0CPBXMLYW,,LSCY290CH+RPR44WH RAMZ,3,50.67,,2026-06-26 16:27:12,amazon Dcvoltage,true
1038940000000,026-1769033-0017935,AMAZON,B0CNZ5N8L3,,CL3RWHAPK,1,19.89,,2026-06-26 16:27:13,amazon Dcvoltage,true
1038950000000,026-0987442-7625116,AMAZON,B08V5MK449,,CRSF100BM+PHCH1BMRBM+LSCY290BM,1,20.49,,2026-06-26 16:31:59,amazon Dcvoltage,true
1038960000000,205-8697826-5881936,AMAZON,B0CXSXN4KX,,LSMS320BI2PK+RPR44WH2PK,1,25.59,25.59,2026-06-26 17:05:23,amazon Dcvoltage,true
1038970000000,206-8382020-2195535,AMAZON,B0D53DFPS4,,WCB1BM2PK+RPR44WH2PK,1,15.89,15.89,2026-06-26 17:07:49,amazon Dcvoltage,true
1038980000000,202-0566193-5919523,AMAZON,B0CZ9FPLB7,,LSMS320GR2PK+RPR44WH2PK,2,50.18,,2026-06-26 18:31:21,amazon Dcvoltage,true
1038990000000,202-9587941-8360362,AMAZON,B0D53YC5HZ,,WCB2BM2PK+RPR44WH2PK,1,15.89,,2026-06-26 18:53:20,amazon Dcvoltage,true
1039000000000,203-5091822-0317916,AMAZON,B0C7C8LWY9,,LSCY290NB+RPR44WH,1,16.19,16.19,2026-06-26 18:56:25,amazon Dcvoltage,true
1039010000000,206-6622613-1389955,AMAZON,B0D53FZ8GS,,WCB2WH2PK+RPR44WH2PK,1,15.89,15.89,2026-06-26 19:57:08,amazon Dcvoltage,true
1039020000000,026-7424939-0832364,AMAZON,B07PM4GDGP,,CL3TBM5PK,1,11.79,11.79,2026-06-26 20:01:56,amazon Dcvoltage,true
1039030000000,206-0590862-4897116,AMAZON,B07ZFWL5T1,,CRFF100GB+LHNSE27GB,1,13.89,,2026-06-26 20:39:40,amazon Dcvoltage,true
1039040000000,204-2929903-6344362,AMAZON,B0CBLWLZ4W,,WCWDBM2PK+RPR44WH2PK,1,14.89,,2026-06-26 20:58:19,amazon Dcvoltage,true
1039050000000,203-4529068-7132346,AMAZON,B0D53FZ8GS,,WCB2WH2PK+RPR44WH2PK,1,15.89,,2026-06-26 21:04:09,amazon Dcvoltage,true
1039060000000,203-6527220-2914709,AMAZON,B08X9Z14CG,,PSDS4BMRGY,2,25.33,28.14,2026-06-26 21:13:39,amazon Dcvoltage,true
1039070000000,203-6560667-9026735,AMAZON,B0CXPV77DK,,LSCY290BL2PK+RPR44WH2PK,2,51.78,,2026-06-26 21:28:08,amazon Dcvoltage,true
1039080000000,205-1455228-3336369,AMAZON,B08V5MK449,,CRSF100BM+PHCH1BMRBM+LSCY290BM,1,20.49,20.49,2026-06-26 21:56:41,amazon Dcvoltage,true
1039090000000,206-5751540-6578748,AMAZON,B0CS9Q78XH,,LSCY210BG2PK+RPR44WH2PK,2,48.14,,2026-06-26 22:50:57,amazon Dcvoltage,true
1039100000000,204-6901479-2561131,AMAZON,B096FPKPNQ,,ENC685,1,54.89,,2026-06-26 22:58:11,amazon Dcvoltage,true
1039110000000,204-6449744-4313106,AMAZON,B0CVXG576R,,CRSF2003BM2PK,1,15.69,15.69,2026-06-26 02:27:30,amazon Ledsone,true
1039120000000,203-0695643-2303521,AMAZON,B0F2915RW5,,LSCY290CY+RPR44WH,1,15.89,15.89,2026-06-26 03:09:25,amazon Ledsone,true
1039140000000,204-5502834-7176323,AMAZON,B0B9Y5MRSK,,CL3TGD5PK,1,12.99,12.99,2026-06-26 08:20:58,amazon Ledsone,true
1039150000000,204-1340126-7666749,AMAZON,B0B9Y9F73N,,CL3TIV5PK,1,17.88,12.89,2026-06-26 08:52:08,amazon Ledsone,true
1039160000000,204-5661128-1141159,AMAZON,B0BW9SGHDN,,LSLT360WH+RPR44WH,1,13.20,13.20,2026-06-26 09:48:44,amazon Ledsone,true
1039170000000,205-5966398-0708322,AMAZON,B0BWK7RQ27,,PLTYRR+ICST64E27,1,19.49,19.49,2026-06-26 09:54:31,amazon Ledsone,true
1039180000000,026-4981376-0685146,AMAZON,B0DCNNVB21,,LHC6E27WH4PK,1,12.89,,2026-06-26 11:58:28,amazon Ledsone,true
1039190000000,202-5710210-6290759,AMAZON,B0GW7VBY3J,,LHSWPBB22GD,1,9.69,9.69,2026-06-26 12:10:56,amazon Ledsone,true
1039200000000,202-9400470-3156318,AMAZON,B0CFV9JG2H,,PSOS4BMTHE,1,16.59,16.59,2026-06-26 12:28:27,amazon Ledsone,true
1039210000000,206-7075434-2445904,AMAZON,B0F6SLG78J,,PHUH1HETBM,2,21.40,23.38,2026-06-26 13:35:46,amazon Ledsone,true
1039220000000,206-0495086-3001138,AMAZON,B09KNVBJZW,,CRSF2003BM+PHRB1PBR40BM3PK+LSBS160GR3PKA,1,29.89,29.89,2026-06-26 13:56:45,amazon Ledsone,true
1039230000000,203-5736440-8009902,AMAZON,B0BW9SGHDN,,LSLT360WH+RPR44WH,1,13.20,13.20,2026-06-26 14:53:01,amazon Ledsone,true
1039240000000,205-4337754-9828335,AMAZON,B0CHW3Q9VG,,amzn.gr.CRSF100YB_PHCHPCRYB_LS-Jp7RZG-LN,1,18.47,18.47,2026-06-26 15:15:37,amazon Ledsone,true
1039250000000,026-3513489-4777100,AMAZON,B0F2919CBQ,,LSCY290AA+RPR44WH,1,15.89,15.89,2026-06-26 16:15:43,amazon Ledsone,true
1039260000000,203-5754212-4400306,AMAZON,B0BW9SGHDN,,LSLT360WH+RPR44WH,1,13.20,13.20,2026-06-26 16:16:50,amazon Ledsone,true
1039280000000,026-2267832-8730721,AMAZON,B0F28YFTQ9,,LSCY290BU+RPR44WH,2,29.58,,2026-06-26 17:22:56,amazon Ledsone,true
1039290000000,026-3853469-6188308,AMAZON,B093Y224LS,,CRSF100BM+PHHT1PBRBM+LSHM400HE,1,30.59,30.59,2026-06-26 17:41:46,amazon Ledsone,true
1039300000000,026-9307564-4893130,AMAZON,B0GW7VBY3J,,LHSWPBB22GD,1,9.69,9.69,2026-06-26 17:53:21,amazon Ledsone,true
1039310000000,205-6272175-2376304,AMAZON,B0868DXK1B,,CCBKNWE48,2,17.98,,2026-06-26 19:31:53,amazon Ledsone,true
1039320000000,205-4783521-6941910,AMAZON,B0DXQ53JQF,,LSCY290CH2PK+RPR44WH2PK,1,26.89,,2026-06-26 21:44:07,amazon Ledsone,true
1039330000000,203-8830173-6742722,AMAZON,B0C3ZTBRHZ,,LSCY290BM+RPR44WH,2,30.58,12.74,2026-06-26 21:47:13,amazon Ledsone,true
1041110000000,204-8150189-6826761,AMAZON,B0DP264BLC,,12UK3P10A,1,15.21,17.89,2026-06-27 04:50:23,amazon Dcvoltage,true
1041120000000,026-8076520-3668346,AMAZON,B0D5BFHKBN,,LSMS320GY2PK+RPR44WH2PK,1,25.39,,2026-06-27 06:55:28,amazon Dcvoltage,true
1041130000000,203-1707178-3448356,AMAZON,B0FHPNSB7S,,CRFF100GB2PK+LHNSE27GB2PK,1,23.99,,2026-06-27 08:42:47,amazon Dcvoltage,true
1041150000000,206-8541072-3989949,AMAZON,B08X9Z14CG,,PSDS4BMRGY,1,11.96,14.07,2026-06-27 09:57:05,amazon Dcvoltage,true
1041170000000,205-0347742-7911568,AMAZON,B0CNGGP2YF,,TPHTTN2PBRBM,1,14.44,16.99,2026-06-27 10:13:17,amazon Dcvoltage,true
1041180000000,026-1978521-2669932,AMAZON,B0DTQ47GBY,,WCCYSP160GD2PK,1,22.86,26.89,2026-06-27 10:43:31,amazon Dcvoltage,true
1041190000000,205-7822987-0729152,AMAZON,B07CQNNPKW,,CL2TBU5PK,1,12.49,12.49,2026-06-27 11:43:53,amazon Dcvoltage,true
1041200000000,202-4098221-8518700,AMAZON,B0CTT4CH4C,,LSMS320GR+RPR44WH,1,12.74,14.99,2026-06-27 11:46:58,amazon Dcvoltage,true
1041210000000,205-5444425-6732367,AMAZON,B0GCZQVHRF,,CRFF100BM+LHNSE27BM+ICST64E27,1,16.99,16.99,2026-06-27 12:07:49,amazon Dcvoltage,true
1041220000000,202-2822520-6693955,AMAZON,B08VGHVH8R,,LSCY290BC+RPR44WH,1,15.89,15.89,2026-06-27 12:49:11,amazon Dcvoltage,true
1041230000000,205-4989675-3247556,AMAZON,B0CS9QXNXQ,,LSDO210BG3PK+RPR44WH3PK,1,34.88,29.89,2026-06-27 12:53:38,amazon Dcvoltage,true
1041240000000,202-0962129-3573929,AMAZON,B08XC1QT69,,CL3THEAPK,1,19.99,19.99,2026-06-27 13:17:06,amazon Dcvoltage,true
1041260000000,203-6368512-1969914,AMAZON,B08V5MK449,,CRSF100BM+PHCH1BMRBM+LSCY290BM,1,20.49,20.49,2026-06-27 14:56:27,amazon Dcvoltage,true
1041270000000,204-8685073-0184329,AMAZON,B0D2TCJKT7,,LSCY290OR2PK+RPR44WH2PK,1,24.49,,2026-06-27 15:14:58,amazon Dcvoltage,true
1041280000000,206-6742350-7853952,AMAZON,B0CGRJ1V8L,,TPOSBDBM,1,23.99,23.99,2026-06-27 15:23:27,amazon Dcvoltage,true
1041290000000,204-0838958-4786721,AMAZON,B08VGMKHT7,,LSCY290BM+RPR44WH,1,15.49,,2026-06-27 15:24:37,amazon Dcvoltage,true
1041300000000,202-0297574-9937924,AMAZON,B08TX216Y4,,LSMS320BD+RPR44WH,1,15.36,,2026-06-27 15:49:18,amazon Dcvoltage,true
1041310000000,202-0340297-0625952,AMAZON,B0BNXHF2BR,,CRSF100CO+PHSH1PBRCO+LSDO300CO,1,21.18,21.18,2026-06-27 15:59:35,amazon Dcvoltage,true
1041320000000,206-9749705-7186754,AMAZON,B0CJ4R5796,,LSMCSQWYBL,1,18.61,21.89,2026-06-27 16:13:33,amazon Dcvoltage,true
1041330000000,206-1804961-0341944,AMAZON,B0CBPQVC6K,,WCB4WH2PK+RPR44WH2PK,1,16.59,,2026-06-27 17:21:11,amazon Dcvoltage,true
1041340000000,205-6404738-4057109,AMAZON,B0DH9CY29Z,,CL3TGL5PK,1,11.60,,2026-06-27 17:37:23,amazon Dcvoltage,true
1041350000000,206-0781612-2447563,AMAZON,B0D56ZN8NP,,WCB7WH2PK+RPR44WH2PK,1,15.69,15.69,2026-06-27 18:31:58,amazon Dcvoltage,true
1041360000000,206-5470534-9518712,AMAZON,B0DFHMDZYQ,,LSCY290NB+RPR44WH,1,15.09,15.09,2026-06-27 18:59:48,amazon Dcvoltage,true
1041370000000,205-0948374-0014739,AMAZON,B0DH9BSF4C,,CL3TBM5PK,1,11.78,13.09,2026-06-27 19:01:46,amazon Dcvoltage,true
1041380000000,203-5325075-7810767,AMAZON,B0CH39MWRF,,WSOSBDBM,1,17.63,19.59,2026-06-27 19:13:19,amazon Dcvoltage,true
1041390000000,203-9810346-4447526,AMAZON,B07ZFWL5T1,,CRFF100GB+LHNSE27GB,1,13.89,13.89,2026-06-27 19:33:19,amazon Dcvoltage,true
1041400000000,203-9810346-4447526,AMAZON,B0FHPNSB7S,,CRFF100GB2PK+LHNSE27GB2PK,1,23.99,23.99,2026-06-27 19:33:19,amazon Dcvoltage,true
1041410000000,204-9320745-4468309,AMAZON,B0C9TSHB33,,LSCY210BM+RPR44WH,1,13.79,13.79,2026-06-27 20:16:51,amazon Dcvoltage,true
1041420000000,205-3145457-8400348,AMAZON,B08XB1Q8YP,,PSDS2BMRRE,1,11.89,,2026-06-27 20:30:47,amazon Dcvoltage,true
1041430000000,206-1583576-3428301,AMAZON,B0DBLLNYRP,,CL3RHE5PK,1,13.39,,2026-06-27 20:35:36,amazon Dcvoltage,true
1041440000000,206-8992039-1901928,AMAZON,B0DXQ8VVR7,,LSCY290WH2PK+RPR44WH2PK,2,51.58,25.79,2026-06-27 07:52:02,amazon Ledsone,true
1041450000000,026-1030373-3197951,AMAZON,B07CPWC9PP,,dc12IP6780,1,14.99,14.99,2026-06-27 09:03:39,amazon Ledsone,true
1041460000000,204-2140634-7789922,AMAZON,B0D299LXGP,,LSCY290RR+RPR44WH,1,15.89,15.89,2026-06-27 09:20:42,amazon Ledsone,true
1041470000000,206-2773074-0281151,AMAZON,B0GNZLCX15,,LHXSHE27BM3PK,1,13.79,13.79,2026-06-27 09:50:09,amazon Ledsone,true
1041480000000,206-1965082-7741933,AMAZON,B0B4K5K2RR,,PSDS4BMRGY,2,28.14,,2026-06-27 10:33:44,amazon Ledsone,true
1041490000000,204-4905068-0206718,AMAZON,B0C3ZTBRHZ,,LSCY290BM+RPR44WH,1,15.29,15.29,2026-06-27 10:37:42,amazon Ledsone,true
1041500000000,204-0258515-2141961,AMAZON,B0F9WZMGFS,,CL2RHEAPK,1,19.99,,2026-06-27 10:48:06,amazon Ledsone,true
1041510000000,203-3792792-4685968,AMAZON,B0D3X4WHGV,,CCBKNWE482PK,3,48.79,,2026-06-27 11:17:46,amazon Ledsone,true
1041520000000,203-2066726-6669115,AMAZON,B0CCHXR4X2,,SPSDP2WH3PK,1,13.89,13.89,2026-06-27 11:32:48,amazon Ledsone,true
1041530000000,202-3700460-2771530,AMAZON,B0GW84WQXL,,LHSWPBB22SN,1,9.59,9.59,2026-06-27 11:56:10,amazon Ledsone,true
1041540000000,026-0744428-0419505,AMAZON,B0BWK7RQ27,,PLTYRR+ICST64E27,1,16.57,19.00,2026-06-27 13:06:49,amazon Ledsone,true
1041550000000,202-6783859-6136358,AMAZON,B0CBCN1B9S,,CRFF500BM+PHCH1BMRBM3PK+LSCY210BG3PK+IC,1,37.89,37.89,2026-06-27 14:06:42,amazon Ledsone,true
1041560000000,203-0447504-2942722,AMAZON,B0BBB3VZ86,,CL3RBU5PK,1,12.45,,2026-06-27 14:35:40,amazon Ledsone,true
1041570000000,026-0333247-6377927,AMAZON,B0CW5RLSQL,,CRFF105GB2PK+HK10GB2PK,1,12.41,13.56,2026-06-27 14:41:09,amazon Ledsone,true
1041580000000,205-3286282-9004321,AMAZON,B0B4K4MVSK,,PSDS4BMRBU,1,11.96,13.71,2026-06-27 16:05:36,amazon Ledsone,true
1041590000000,205-1252291-3577926,AMAZON,B0CGRSQKF1,,CRSF100BM+PHRYWP1RBM+ICST64E27,1,12.29,12.29,2026-06-27 17:19:08,amazon Ledsone,true
1041600000000,203-8266726-5460316,AMAZON,B0BBS3NXFM,,CL3TBRAPK,1,20.89,,2026-06-27 18:00:59,amazon Ledsone,true
1041610000000,202-0948251-9337166,AMAZON,B0F21TXF2F,,WCWYBM2PK,1,11.29,11.29,2026-06-27 18:51:52,amazon Ledsone,true
1041620000000,203-7384341-8946723,AMAZON,B0C3ZT3VR1,,LSCY290BD+RPR44WH,1,14.89,,2026-06-27 19:38:05,amazon Ledsone,true
1041630000000,203-9845941-0982717,AMAZON,B09WJC8S2P,,CRFF140YB+WSNW170YB+LSOL220YB+ICST64E27,2,41.78,41.78,2026-06-27 20:52:13,amazon Ledsone,true
1041640000000,205-1868018-9652349,AMAZON,B0B7SLHYYK,,PHSF1ROTRO,2,28.58,28.58,2026-06-27 20:54:27,amazon Ledsone,true
1043270000000,206-7439402-4413935,AMAZON,B08V5MK449,,CRSF100BM+PHCH1BMRBM+LSCY290BM,2,40.98,,2026-06-28 01:30:25,amazon Dcvoltage,true
1043280000000,202-1208521-3461910,AMAZON,B08V5MK449,,CRSF100BM+PHCH1BMRBM+LSCY290BM,1,20.49,20.49,2026-06-28 06:12:58,amazon Dcvoltage,true
1043290000000,026-7738957-2830703,AMAZON,B0CYZWJ7WJ,,LSCY290CH2PK+RPR44WH2PK,1,28.89,28.89,2026-06-28 06:26:17,amazon Dcvoltage,true
1043300000000,204-4130605-1785915,AMAZON,B0CJ4Q2DF3,,LSMCSPFLMC,3,68.33,73.47,2026-06-28 06:31:54,amazon Dcvoltage,true
1043310000000,203-2685569-8048351,AMAZON,B0CKWK8TNJ,,CL3RCR5PK,1,12.49,12.49,2026-06-28 08:28:10,amazon Dcvoltage,true
1043320000000,205-9456843-6732320,AMAZON,B07L8HQG6Y,,CL3TGD5PK,1,13.99,13.99,2026-06-28 11:51:54,amazon Dcvoltage,true
1043340000000,205-8877159-8073947,AMAZON,B0D6YF7VPY,,CCGNNWE48,1,9.79,,2026-06-28 12:52:04,amazon Dcvoltage,true
1043350000000,203-0576017-3689152,AMAZON,B0CKWMGD1M,,CL3RBR5PK,1,12.99,12.99,2026-06-28 13:08:49,amazon Dcvoltage,true
1043360000000,205-8850039-2625128,AMAZON,B07CST825S,,CL2RBMAPK,1,20.29,20.29,2026-06-28 13:29:49,amazon Dcvoltage,true
1043370000000,204-6620403-4024300,AMAZON,B0D5BFHKBN,,LSMS320GY2PK+RPR44WH2PK,1,25.39,25.39,2026-06-28 13:37:00,amazon Dcvoltage,true
1043380000000,205-7730994-4485108,AMAZON,B08XBYXQC6,,CL3TBRAPK,1,19.89,19.89,2026-06-28 14:27:31,amazon Dcvoltage,true
1043390000000,202-0836446-9822715,AMAZON,B0GCZQVHRF,,CRFF100BM+LHNSE27BM+ICST64E27,1,14.44,,2026-06-28 14:50:47,amazon Dcvoltage,true
1043400000000,204-1417888-1070704,AMAZON,B0DH9BSF4C,,CL3TBM5PK,1,11.78,13.09,2026-06-28 15:59:49,amazon Dcvoltage,true
1043410000000,026-6149439-5377921,AMAZON,B0CKBZ4V22,,CRSF100BM+LHNSE27CO+SCRN70CO+LSFT220BI,1,15.89,15.89,2026-06-28 16:28:34,amazon Dcvoltage,true
1043420000000,205-9299873-0767538,AMAZON,B0D53YC5HZ,,WCB2BM2PK+RPR44WH2PK,1,15.89,,2026-06-28 18:04:15,amazon Dcvoltage,true
1043430000000,026-9105668-6839568,AMAZON,B08XB1Q8YP,,PSDS2BMRRE,1,11.89,11.89,2026-06-28 18:11:24,amazon Dcvoltage,true
1043440000000,026-7718997-1608325,AMAZON,B0G4QXYX5W,,CRSF100BM+PHHF1PBRBM+LSWD360BM,1,18.44,,2026-06-28 19:06:51,amazon Dcvoltage,true
1043450000000,206-5971088-0603557,AMAZON,B0CXPT6W9C,,LSCY290RO2PK+RPR44WH2PK,1,26.89,26.89,2026-06-28 19:15:12,amazon Dcvoltage,true
1043460000000,203-6318262-0797135,AMAZON,B0CG5YFN9X,,LSCY290BI2PK+RPR44WH2PK,1,26.79,26.79,2026-06-28 20:00:19,amazon Dcvoltage,true
1043470000000,202-2937434-4995520,AMAZON,B0CKWLS9WR,,CL3RHE5PK,1,13.09,13.09,2026-06-28 21:10:14,amazon Dcvoltage,true
1043480000000,026-5485645-2518769,AMAZON,B0BB32F8JN,,amzn.gr.CL2RHE5PK-3YdtGG0VPzqzVi9AOGQ-VG,1,10.34,10.34,2026-06-28 00:18:08,amazon Ledsone,true
1043490000000,204-1053857-4630737,AMAZON,B0B2K9RXV1,,LHC2E27WH5PK,1,21.19,21.19,2026-06-28 05:46:23,amazon Ledsone,true
1043510000000,026-9496110-1888315,AMAZON,B0FY5TWHGH,,LDSG1007E27,1,10.96,12.57,2026-06-28 07:46:43,amazon Ledsone,true
1043530000000,206-2345716-8713154,AMAZON,B0CGRSQKF1,,CRSF100BM+PHRYWP1RBM+ICST64E27,1,12.29,12.29,2026-06-28 10:58:56,amazon Ledsone,true
1043540000000,202-7051918-9880320,AMAZON,B0863J112Z,,PHSF1BMTBM2PK,1,19.29,19.29,2026-06-28 11:57:43,amazon Ledsone,true
1043550000000,206-1707416-8705946,AMAZON,B0BBB5C64C,,CL3RWH5PK,1,12.69,,2026-06-28 12:14:09,amazon Ledsone,true
1043560000000,202-5661544-8945916,AMAZON,B083TNFR73,,LDMST64E278pck3,1,16.04,14.79,2026-06-28 12:25:00,amazon Ledsone,true
1043570000000,204-4041655-2462717,AMAZON,B0963P71QD,,CRFF500BM+PHRI1PBRCO3PK+LSOL220CO3PK,1,34.56,,2026-06-28 12:26:51,amazon Ledsone,true
1043580000000,206-8119250-8434732,AMAZON,B0D298QXXM,,LSCY290GY2PK+RPR44WH2PK,1,27.29,,2026-06-28 12:39:42,amazon Ledsone,true
1043590000000,202-6013868-6191527,AMAZON,B09HS96LW4,,CL2TLG5PK,1,10.49,,2026-06-28 13:51:28,amazon Ledsone,true
1043600000000,204-8217769-9446756,AMAZON,B099FFBHBR,,CRSF100YB+LHNSE27YB+SCRN70YB+LSOL220YB,1,23.89,23.89,2026-06-28 14:31:56,amazon Ledsone,true
1043610000000,203-3574094-3839509,AMAZON,B0CCHX3S7L,,SPSDP2BM6PK,1,17.67,20.27,2026-06-28 14:53:18,amazon Ledsone,true
1043620000000,203-1446791-5944362,AMAZON,B0B9Y67S6V,,CL3TCR5PK,1,13.89,13.89,2026-06-28 16:18:51,amazon Ledsone,true
1043630000000,202-4706065-2832359,AMAZON,B0CW5YSTMD,,ENC6343,1,23.00,,2026-06-28 17:24:00,amazon Ledsone,true
1043640000000,026-6493546-7988330,AMAZON,B0D7944QDY,,WCB6BM2PK,1,15.99,15.99,2026-06-28 17:48:31,amazon Ledsone,true
1043650000000,203-2814729-4793141,AMAZON,B0FKMDBX5K,,CRFF108WH2PK+LHTKE27WH2PK,1,18.29,,2026-06-28 18:12:57,amazon Ledsone,true
1043660000000,206-2077958-5797156,AMAZON,B0F28YNDZN,,LSCY290RO+RPR44WH,1,17.29,17.29,2026-06-28 19:15:45,amazon Ledsone,true
1043670000000,026-7119845-6993938,AMAZON,B0DXQ8YFC6,,LSCY290RO2PK+RPR44WH2PK,1,29.79,29.79,2026-06-28 19:19:43,amazon Ledsone,true
1043680000000,206-9009118-7105128,AMAZON,B0CBMS78L8,,PHSF2BMRBM+SPSDP2BM+ICST64E27,1,16.82,19.29,2026-06-28 19:38:19,amazon Ledsone,true
1043690000000,203-1106508-0342709,AMAZON,B0C3ZTBRHZ,,LSCY290BM+RPR44WH,1,15.29,,2026-06-28 20:47:32,amazon Ledsone,true
1043700000000,203-3189762-1033933,AMAZON,B0BWK6NJZL,,PLTYBS+ICST64E27,1,18.89,,2026-06-28 20:53:51,amazon Ledsone,true
1043710000000,026-0997452-9784349,AMAZON,B0F2919THD,,LSCY290CO+RPR44WH,1,18.19,,2026-06-28 22:01:16,amazon Ledsone,true
1043720000000,205-1990494-1989150,AMAZON,B0DXQBPJRS,,LSCY290YE2PK+RPR44WH2PK,1,25.89,25.89,2026-06-28 22:32:46,amazon Ledsone,true
1043730000000,206-8777381-0506748,AMAZON,B0BLZHCRGZ,,LDMG95E2746PK,1,18.59,,2026-06-28 23:50:03,amazon Ledsone,true
1045150000000,206-6546590-0661905,AMAZON,B08VGMKHT7,,LSCY290BM+RPR44WH,1,15.49,,2026-06-29 06:13:40,amazon Dcvoltage,true
1045160000000,026-2316220-4728335,AMAZON,B0D6B5DGFC,,SPSDP2BM3PK,1,11.24,12.49,2026-06-29 06:37:21,amazon Dcvoltage,true
1045170000000,026-1051314-8061139,AMAZON,B08V5MK449,,CRSF100BM+PHCH1BMRBM+LSCY290BM,1,20.49,,2026-06-29 08:11:02,amazon Dcvoltage,true
1045180000000,202-5448901-7582769,AMAZON,B0CXSXN4KX,,LSMS320BI2PK+RPR44WH2PK,1,25.59,25.59,2026-06-29 09:04:16,amazon Dcvoltage,true
1045190000000,026-2603041-2065166,AMAZON,B0CJCFL5GT,,LSSS300OR2PK+RPR44WH2PK,1,22.89,22.89,2026-06-29 09:29:19,amazon Dcvoltage,true
1045200000000,202-2586897-7829139,AMAZON,B08XBKHY6C,,PSDS4BMRBL,2,26.17,28.14,2026-06-29 10:12:05,amazon Dcvoltage,true
1045210000000,026-8412996-9481110,AMAZON,B0C7C8LWY9,,LSCY290NB+RPR44WH,1,15.79,15.79,2026-06-29 11:57:18,amazon Dcvoltage,true
1045220000000,205-0639732-6011520,AMAZON,B0C7C8LWY9,,LSCY290NB+RPR44WH,1,15.79,15.79,2026-06-29 12:15:25,amazon Dcvoltage,true
1045230000000,202-9084285-4741967,AMAZON,B0CYZVX28V,,LSCY290CO2PK+RPR44WH2PK,1,31.89,31.89,2026-06-29 13:00:01,amazon Dcvoltage,true
1045240000000,026-7383403-1085156,AMAZON,B0CGRJ1V8L,,TPOSBDBM,1,23.99,,2026-06-29 17:08:14,amazon Dcvoltage,true
1045250000000,203-8723790-3818717,AMAZON,B096FPKPNQ,,ENC685,1,54.89,54.89,2026-06-29 17:44:27,amazon Dcvoltage,true
1045260000000,206-7712947-1223510,AMAZON,B0FX2T3V9J,,LSCYRO200GD2PK+RPR44WH2PK,1,26.89,,2026-06-29 18:17:58,amazon Dcvoltage,true
1045270000000,206-7842532-0530748,AMAZON,B0F48LNB6J,,RWWPSY1080YE,1,8.89,,2026-06-29 18:46:47,amazon Dcvoltage,true
1045280000000,203-0308920-8231546,AMAZON,B0DH9CY29Z,,CL3TGL5PK,1,11.60,,2026-06-29 19:11:06,amazon Dcvoltage,true
1045290000000,205-8356607-7222730,AMAZON,B07DKBSBG4,,LDMT185E274,1,0.00,,2026-06-29 19:12:37,amazon Dcvoltage,true
1045300000000,205-8356607-7222730,AMAZON,B08XBL5RJK,,PSDS4BMRBW,1,0.00,,2026-06-29 19:12:37,amazon Dcvoltage,true
1045310000000,203-4269712-3247513,AMAZON,B0CGRJBVL2,,TPOSBDBM2PK,1,39.99,43.99,2026-06-29 19:20:16,amazon Dcvoltage,true
1045320000000,026-0320451-1393176,AMAZON,B096FPKPNQ,,ENC685,1,54.89,54.89,2026-06-29 19:51:09,amazon Dcvoltage,true
1045330000000,203-9753618-7306766,AMAZON,B08X9WV762,,PSDS4BMRBU,1,12.86,14.29,2026-06-29 20:21:36,amazon Dcvoltage,true
1045340000000,205-6913027-0038769,AMAZON,B0GCZQVHRF,,CRFF100BM+LHNSE27BM+ICST64E27,1,14.44,,2026-06-29 20:47:24,amazon Dcvoltage,true
1045350000000,202-8993611-5820301,AMAZON,B095PVFF8B,,amzn.gr.LSGG200AR_SCRN70FG-5NRGxiMJ6k-VG,1,19.59,,2026-06-29 21:15:28,amazon Dcvoltage,true
1045360000000,202-8691731-6968368,AMAZON,B08XB1Q8YP,,PSDS2BMRRE,1,11.89,11.89,2026-06-29 21:36:19,amazon Dcvoltage,true
1045370000000,204-7543293-5578758,AMAZON,B0CVLDC4BD,,RWT560YE,1,9.26,,2026-06-29 22:03:51,amazon Dcvoltage,true
1045380000000,203-5016138-8769132,AMAZON,B08X9WV762,,PSDS4BMRBU,1,14.29,14.29,2026-06-29 22:21:47,amazon Dcvoltage,true
1045390000000,206-1117510-9617935,AMAZON,B095PVFF8B,,LSGG200AR+SCRN70FG,1,20.82,24.49,2026-06-29 23:20:26,amazon Dcvoltage,true
1045410000000,206-3252082-6247555,AMAZON,B0CFR2XWM7,,WLFSWWHE,1,14.27,16.37,2026-06-29 07:15:45,amazon Ledsone,true
1045420000000,206-9232442-1203550,AMAZON,B0GW84WQXL,,LHSWPBB22SN,1,9.59,9.59,2026-06-29 08:27:13,amazon Ledsone,true
1045430000000,202-6145751-2829904,AMAZON,B094R3M2DC,,PLADBM,1,45.89,45.89,2026-06-29 10:05:11,amazon Ledsone,true
1045440000000,026-6870575-6829926,AMAZON,B0GW7VBY3J,,LHSWPBB22GD,1,9.69,9.69,2026-06-29 11:23:52,amazon Ledsone,true
1045450000000,203-9377851-4938700,AMAZON,B0FPWTHD66,,LSOL180BC2PK+RPR44WH2PK,1,16.89,16.89,2026-06-29 13:15:32,amazon Ledsone,true
1045460000000,203-4056026-5803501,AMAZON,B0B9Y5MRSK,,CL3TGD5PK,1,12.99,12.99,2026-06-29 13:42:01,amazon Ledsone,true
1045470000000,206-5546289-8365144,AMAZON,B0DX1C6274,,LHSHE27CO3PK,1,14.95,,2026-06-29 14:52:03,amazon Ledsone,true
1045480000000,204-7600080-1490701,AMAZON,B0D7ZTRLBH,,LSCY290BM2PK+RPR44WH2PK,3,77.67,,2026-06-29 16:08:32,amazon Ledsone,true
1045490000000,206-2567575-2444344,AMAZON,B0F9X1D46L,,CL3RBMAPK,1,22.89,22.89,2026-06-29 16:43:19,amazon Ledsone,true
1045500000000,202-0257378-6604351,AMAZON,B0F21TXF2F,,WCWYBM2PK,1,10.16,11.10,2026-06-29 16:55:29,amazon Ledsone,true
1045510000000,206-5309587-1692361,AMAZON,B0CFVCM4Z5,,PSOS4BMTHE+ICST64E27,1,22.58,,2026-06-29 16:57:27,amazon Ledsone,true
1045520000000,206-1339448-7462727,AMAZON,B0GMHQTBSQ,,LHXSHE27BM2PK,1,14.39,14.39,2026-06-29 17:14:06,amazon Ledsone,true
1045530000000,026-2332906-2268330,AMAZON,B0B9Y5MRSK,,CL3TGD5PK,1,12.99,12.99,2026-06-29 17:17:25,amazon Ledsone,true
1045540000000,203-7158656-4102708,AMAZON,B0DXQ9SDTK,,LSCY290OR2PK+RPR44WH2PK,1,23.79,,2026-06-29 17:39:40,amazon Ledsone,true
1045550000000,204-8964316-9468321,AMAZON,B0B77GWCPC,,CRFF108GB2PK+HK10GB2PK,1,13.79,13.79,2026-06-29 17:43:21,amazon Ledsone,true
1045560000000,026-4004681-0493961,AMAZON,B0BBS41T71,,CL3TAGAPK,1,21.68,21.68,2026-06-29 18:31:12,amazon Ledsone,true
1045570000000,203-9244937-5533138,AMAZON,B0979H9NHS,,CNP1000FG,1,3.48,3.99,2026-06-29 19:52:51,amazon Ledsone,true
1045580000000,203-4905932-8666735,AMAZON,B0CCJ3CSB6,,SPSDP2YB3PK,2,23.23,,2026-06-29 21:14:10,amazon Ledsone,true
1045590000000,203-5484378-0138704,AMAZON,B07CM4KTJW,,12IP67100,1,16.06,,2026-06-29 21:21:55,amazon Ledsone,true
1046950000000,203-3341210-7912300,AMAZON,B0D5BFMF7Z,,LSMS320RE2PK+RPR44WH2PK,1,25.79,25.79,2026-06-30 00:31:18,amazon Dcvoltage,true
1046960000000,202-8600588-3159536,AMAZON,B0FX2SZFZM,,LSCYRO300BM2PK+RPR44WH2PK,1,26.89,,2026-06-30 06:03:10,amazon Dcvoltage,true
1046970000000,206-6774535-8697144,AMAZON,B08V8XSXKB,,CRSF100BM+PHSH1PBRBM+LSMS320BI,1,18.99,18.99,2026-06-30 07:06:51,amazon Dcvoltage,true
1046980000000,203-6385466-0235551,AMAZON,B0C6LV14PT,,12UK3P2A,1,5.93,6.59,2026-06-30 07:54:48,amazon Dcvoltage,true
1046990000000,205-3791790-1556361,AMAZON,B07PM6VXCG,,CL3TBK5PK,1,13.01,,2026-06-30 09:15:30,amazon Dcvoltage,true
1047000000000,202-8515725-1484341,AMAZON,B0DH9CY29Z,,CL3TGL5PK,1,12.63,12.63,2026-06-30 09:33:33,amazon Dcvoltage,true
1047010000000,202-7411119-4340361,AMAZON,B0D9RWB87Q,,ENC7499,1,47.89,47.89,2026-06-30 09:37:38,amazon Ledsone,true
1047020000000,026-8410604-1555511,AMAZON,B0C6LV14PT,,12UK3P2A,1,5.93,6.59,2026-06-30 10:05:17,amazon Dcvoltage,true
1047030000000,204-4297760-8544318,AMAZON,B08KGJT4DP,,CL3THE5PK,1,13.69,13.69,2026-06-30 10:57:36,amazon Dcvoltage,true
1047040000000,202-2974751-4063529,AMAZON,B0BWJWGXD4,,LSCY210BG+RPR44WH,1,12.09,12.09,2026-06-30 11:02:00,amazon Dcvoltage,true
1047060000000,026-7067053-0251519,AMAZON,B0CPBX49HJ,,LSCY290GR+RPR44WH,1,15.89,15.89,2026-06-30 11:36:59,amazon Dcvoltage,true
1047070000000,205-2270003-4845107,AMAZON,B0BNW14HRC,,ENC785,1,27.89,27.89,2026-06-30 12:07:16,amazon Dcvoltage,true
1047080000000,204-8238723-9117139,AMAZON,B08VGMKHT7,,LSCY290BM+RPR44WH,1,15.49,15.49,2026-06-30 13:14:14,amazon Dcvoltage,true
1047090000000,206-5876395-4975520,AMAZON,B0CZNNRGMB,,LSSS300GR2PK+RPR44WH2PK,2,48.14,,2026-06-30 13:24:00,amazon Dcvoltage,true
1047100000000,202-5591169-7025152,AMAZON,B08VGMKHT7,,LSCY290BM+RPR44WH,1,15.49,15.49,2026-06-30 13:28:22,amazon Dcvoltage,true
1047110000000,203-6389320-8312363,AMAZON,B096L57VV1,,LLSQWB22W,2,18.00,18.00,2026-06-30 13:59:48,amazon Dcvoltage,true
1047120000000,205-2908956-7565919,AMAZON,B0D6B5DGFC,,SPSDP2BM3PK,1,12.49,,2026-06-30 15:55:23,amazon Dcvoltage,true
1047130000000,205-7795293-4528350,AMAZON,B0CXSXN4KX,,LSMS320BI2PK+RPR44WH2PK,1,25.59,,2026-06-30 17:11:19,amazon Dcvoltage,true
1047140000000,202-2571199-2385160,AMAZON,B0C6LV14PT,,12UK3P2A,1,5.93,6.59,2026-06-30 17:27:51,amazon Dcvoltage,true
1047150000000,203-0151428-4804355,AMAZON,B0F7QQMJN9,,TSTLRULRB2PK,1,12.29,12.29,2026-06-30 18:08:47,amazon Dcvoltage,true
1047160000000,026-6461291-5181129,AMAZON,B09CYWL67C,,CRSF100BM+LHNSE27BM+SCRN70YB+LSMS320GY,2,35.78,35.78,2026-06-30 18:16:10,amazon Dcvoltage,true
1047170000000,026-1217837-0197921,AMAZON,B0C7C8LWY9,,LSCY290NB+RPR44WH,1,15.79,,2026-06-30 18:49:28,amazon Dcvoltage,true
1047180000000,202-6479237-3650741,AMAZON,B0CS9PS8J3,,amzn.gr.LSCY210BG3PK-six8x-Xw8LxfBtPU-VG,1,26.31,26.31,2026-06-30 19:57:37,amazon Dcvoltage,true
1047200000000,203-6822317-3544348,AMAZON,B07CRTS1LD,,12IP67100,1,20.48,,2026-06-30 20:35:32,amazon Dcvoltage,true
1047210000000,026-3554666-0819521,AMAZON,B08Z7W3SYL,,CRSF100BM+PHUH1HETBM+LSHM300HE,2,63.38,63.38,2026-06-30 21:08:45,amazon Dcvoltage,true
1047230000000,203-3905675-6252305,AMAZON,B0CHRVWSBM,,CL3RBM5PK,1,11.99,11.99,2026-06-30 05:39:05,amazon Ledsone,true
1047240000000,206-9082869-2895567,AMAZON,B0DXQ7YWGJ,,LSCY290YB2PK+RPR44WH2PK,1,26.69,26.69,2026-06-30 06:09:55,amazon Ledsone,true
1047250000000,026-9775272-4445937,AMAZON,B0F28YR5JN,,LSCY290NB+RPR44WH,1,15.99,15.99,2026-06-30 07:26:53,amazon Ledsone,true
1047260000000,202-7411119-4340361,AMAZON,B0DP2RQWTH,,CRSF100BM+PHSH1PBRBM+LSCY290BC,3,0.00,,2026-06-30 09:37:38,amazon Ledsone,true
1047270000000,202-0317253-0264345,AMAZON,B0CFVCM4Z5,,PSOS4BMTHE+ICST64E27,1,18.03,18.03,2026-06-30 09:46:48,amazon Ledsone,true
1047280000000,203-4036850-1611545,AMAZON,B0946XHZF3,,CRSF100CO+PHMU1PBRCO+LSDO210BC,1,18.30,18.30,2026-06-30 09:52:27,amazon Ledsone,true
1047290000000,026-7419988-9729129,AMAZON,B0F7QQYMSM,,CL3TGDAPK,1,17.99,19.66,2026-06-30 10:14:20,amazon Ledsone,true
1047300000000,205-5256612-3112320,AMAZON,B0DCG91JX6,,LHTRE27BN2PK,1,13.39,13.39,2026-06-30 10:23:09,amazon Ledsone,true
1047310000000,203-0355857-7289132,AMAZON,B0CHRVWSBM,,CL3RBM5PK,2,22.30,23.70,2026-06-30 10:53:39,amazon Ledsone,true
1047320000000,203-4342032-1973115,AMAZON,B093Y224LS,,CRSF100BM+PHHT1PBRBM+LSHM400HE,1,30.59,30.59,2026-06-30 11:17:48,amazon Ledsone,true
1047330000000,202-6052837-0597969,AMAZON,B0BBB5YCJN,,CL3RCR5PK,1,13.79,13.79,2026-06-30 12:36:01,amazon Ledsone,true
1047340000000,206-0585209-2919529,AMAZON,B09MSHG25R,,CRFF500BM+PHCH1BMRBM3PK+LSCY210BG3PK,1,34.49,,2026-06-30 12:45:19,amazon Ledsone,true
1047350000000,202-8151106-1677940,AMAZON,B0BBS1VR82,,CL3THEAPK,1,17.67,,2026-06-30 13:26:15,amazon Ledsone,true
1047360000000,204-4280923-8693933,AMAZON,B07CQLS5VT,,12IP6750,1,9.60,11.01,2026-06-30 13:36:06,amazon Ledsone,true
1047370000000,206-5029569-6104339,AMAZON,B0GW84WQXL,,LHSWPBB22SN,1,9.59,9.59,2026-06-30 15:19:08,amazon Ledsone,true
1047380000000,026-3472424-9400343,AMAZON,B0CCJ13D4W,,SPSDP2WH5PK,1,19.09,19.09,2026-06-30 15:26:05,amazon Ledsone,true
1047390000000,206-7327166-1777151,AMAZON,B0CHRVWSBM,,CL3RBM5PK,1,11.99,11.99,2026-06-30 15:29:19,amazon Ledsone,true
1047400000000,203-3997274-1315529,AMAZON,B0D7S58RX5,,LSMS320CB+RPR44WH,1,14.99,14.99,2026-06-30 15:37:01,amazon Ledsone,true
1047410000000,205-4104257-6823557,AMAZON,B093Y224LS,,CRSF100BM+PHHT1PBRBM+LSHM400HE,2,56.59,60.41,2026-06-30 15:45:01,amazon Ledsone,true
1047420000000,202-3184027-1894702,AMAZON,B0F7QWMBLY,,CL3TGLAPK,1,19.69,19.69,2026-06-30 19:37:11,amazon Ledsone,true
1047430000000,202-5035286-0656305,AMAZON,B0B82W84F2,,PHSF1AGRGB,2,26.39,,2026-06-30 19:38:36,amazon Ledsone,true
1047440000000,205-5314440-9570721,AMAZON,B0F28YFTQ9,,LSCY290BU+RPR44WH,1,0.00,,2026-06-30 20:00:45,amazon Ledsone,true
1047450000000,205-5314440-9570721,AMAZON,B0F28YR5JN,,LSCY290NB+RPR44WH,2,63.96,31.98,2026-06-30 20:00:45,amazon Ledsone,true
1047460000000,203-6353973-0269125,AMAZON,B09JM3PLLH,,amzn.gr.G125RDS4WLOVEAMBERE27-Z5FegWj-LN,1,8.15,8.15,2026-06-30 20:01:26,amazon Ledsone,true
1047470000000,205-9728767-8868303,AMAZON,B0DBL9YWDM,,LSDO210YE2PK+RPR44WH2PK,1,12.79,12.79,2026-06-30 20:33:30,amazon Ledsone,true
1047480000000,203-9078537-3169143,AMAZON,B0CCHYTRLV,,SPSDP2WH6PK,1,19.79,19.79,2026-06-30 20:38:57,amazon Ledsone,true
1047490000000,206-9770743-4473916,AMAZON,B0F28YFTQ9,,LSCY290BU+RPR44WH,1,14.79,14.79,2026-06-30 20:58:52,amazon Ledsone,true
1047500000000,205-1809349-0985923,AMAZON,B0CCL729S8,,ENC1313,1,20.89,,2026-06-30 21:12:15,amazon Ledsone,true
1047510000000,026-2028243-9554735,AMAZON,B093HB4S7Y,,LSMS320BT+RPR44WH,1,13.99,,2026-06-30 23:19:09,amazon Ledsone,true
1047520000000,203-1371432-1437938,AMAZON,B0B82XR5Y1,,PHSF1GDRYB,2,25.46,,2026-06-30 23:50:21,amazon Ledsone,true
1047530000000,204-0835985-5709966,AMAZON,B0B9Y5MRSK,,CL3TGD5PK,1,13.31,13.31,2026-06-30 23:53:08,amazon Ledsone,true
1048730000000,206-9770743-4473916,AMAZON,B0F28YFTQ9,,LSCY290BU+RPR44WH,1,14.79,14.79,2026-06-30 20:58:52,amazon Ledsone,true
1176182,205-6440190-3836324,AMAZON,B0FZCW7KC7,,LSHM300HE+RPR44WH,1,17.64,19.60,2026-06-01 00:07:28,amazon Dcvoltage,false
1176183,203-4355267-0261921,AMAZON,B0DH4KYFPD,,WCDTBM2PK+RPR44WH2PK,1,18.29,15.24,2026-06-01 00:09:05,amazon Ledsone,false
1176185,202-2276418-3514754,AMAZON,B0BWK65T48,,PLTYBC+ICST64E27,1,22.79,18.99,2026-06-01 00:43:37,amazon Ledsone,false
1176189,206-7633889-9276313,AMAZON,B0CJ4R5796,,LSMCSQWYBL+RPM40WH,1,23.89,23.89,2026-06-01 01:24:53,amazon Dcvoltage,false
1176199,203-3912303-2471562,AMAZON,B09MQTTBCW,,WCB7BS+RPR44WH,1,10.29,8.57,2026-06-01 02:52:17,amazon Ledsone,false
1176203,205-7883872-6783506,AMAZON,B0DV5DVF5R,,ENC8214,1,40.99,40.99,2026-06-01 03:36:22,amazon SRM Amazon,false
1176256,205-4974162-1535560,AMAZON,B0DXQ6J1ZD,,LSCY290BL2PK+RPR44WH2PK,1,25.89,21.57,2026-06-01 05:19:48,amazon Ledsone,false
1176267,206-9367442-6997948,AMAZON,B0F29P1SH6,,CERU36150GR,1,4.58,1.41,2026-06-01 06:50:36,amazon Ledsone,false
1176268,205-8231613-3441120,AMAZON,B08V8LZWK4,,WCB6RR+RPR44WH,1,12.68,9.79,2026-06-01 06:51:11,amazon Dcvoltage,false
1176271,203-1029662-3865935,AMAZON,B0C5QKJZ9J,,WCVCBM+RPR44WH,1,10.89,10.89,2026-06-01 07:00:13,amazon Dcvoltage,false
1176279,206-8859513-3152364,AMAZON,B0FX2SHBL5,,LSCYRO120BM2PK+RPR44WH2PK,1,21.89,21.89,2026-06-01 07:41:37,amazon Dcvoltage,false
1176280,206-8859513-3152364,AMAZON,B0FX2SZFZM,,LSCYRO300BM2PK+RPR44WH2PK,1,26.89,26.89,2026-06-01 07:41:37,amazon Dcvoltage,false
1176281,203-9673095-0343549,AMAZON,B0F7Q77D8Q,,ENC7472,1,30.89,25.74,2026-06-01 07:51:17,amazon Ledsone,false
1176290,206-3008393-1153945,AMAZON,B0FX2Q2VVY,,LSCYRO120GD2PK+RPR44WH2PK,1,21.29,21.29,2026-06-01 08:14:03,amazon Dcvoltage,false
1176291,206-7912958-4473121,AMAZON,B08F74TBB7,,CRFF75SN,1,9.78,6.89,2026-06-01 08:04:48,amazon Dcvoltage,false
1176292,206-2610277-4515513,AMAZON,B0GCZKJQQL,,CRFF100YB+LHNSE27YB+ICST64E27,1,21.99,16.99,2026-06-01 08:18:18,amazon Dcvoltage,false
1176293,205-6488438-2899502,AMAZON,B0F2FRFP6N,,LPSQ3W4PK,1,12.69,10.57,2026-06-01 08:13:11,amazon Ledsone,false
1176296,204-0936732-9113919,AMAZON,B0DZNQCJX5,,RWWPSY08GY,1,4.58,1.41,2026-06-01 08:28:03,amazon Ledsone,false
1176307,204-6301949-9549903,AMAZON,B0DTY4396W,,LSCY290YE2PK+RPR44WH2PK,1,27.89,23.24,2026-06-01 08:54:36,amazon Ledsone,false
1176308,205-4012160-4690731,AMAZON,B09LHV32SZ,,CRSF1203WH+PHTT1PWR1WH3PK+SPSPWH2PK,1,21.79,18.16,2026-06-01 08:58:49,amazon Ledsone,false
1176316,206-8042753-8110737,AMAZON,B0GTV48J5T,,LDMT185B224,1,5.99,4.99,2026-06-01 09:03:39,amazon Ledsone,false
1176324,205-2179323-9341934,AMAZON,B0FPWXQWQD,,LDCWA60HB2296PK,1,9.98,6.24,2026-06-01 09:16:10,amazon Ledsone,false
1176325,202-6793489-7154766,AMAZON,B0FX2SZFZM,,LSCYRO300BM2PK+RPR44WH2PK,1,26.89,26.89,2026-06-01 09:15:10,amazon Dcvoltage,false
1176331,204-7435332-1606737,AMAZON,B0BNW1NWB9,,ENC784,3,94.47,31.49,2026-06-01 09:23:24,amazon Dcvoltage,false
1176338,202-7518997-4293146,AMAZON,B0CNQ1Q3BJ,,LDMG125E278,1,8.19,8.19,2026-06-01 09:37:22,amazon Dcvoltage,false
1176343,206-9667028-9984304,AMAZON,B0B82W84F2,,PHSF1AGRGB,1,13.89,11.57,2026-06-01 09:45:09,amazon Ledsone,false
1176352,203-2522114-2371546,AMAZON,B0G499B37C,,WCCYSP180WH2PK+RPR44WH2PK,1,24.89,20.74,2026-06-01 09:53:16,amazon Ledsone,false
1176353,206-8197102-0548346,AMAZON,B08NDF5WD2,,WCDTWH+RPR44WH,1,10.89,10.89,2026-06-01 09:59:03,amazon Dcvoltage,false
1176363,204-6471769-3041934,AMAZON,B07CPZMYPX,,12IP6736,3,38.67,10.74,2026-06-01 10:10:24,amazon Ledsone,false
1176364,206-3963895-7333124,AMAZON,B0DH4KYFPD,,WCDTBM2PK+RPR44WH2PK,1,18.29,15.24,2026-06-01 10:11:13,amazon Ledsone,false
1176365,202-2778281-0413157,AMAZON,B0B4G8D4D8,,CNT900YB,1,7.77,4.07,2026-06-01 10:15:53,amazon Ledsone,false
1176366,205-8115025-3133917,AMAZON,B09L8KS17V,,CRSF100BM+PHCH1BMRBM+LSDO400BI,1,21.69,18.07,2026-06-01 10:15:56,amazon Ledsone,false
1176372,204-0832047-0597148,AMAZON,B0H394ZWB5,,LSGL9015GY+RPM40WH,1,10.89,10.89,2026-06-01 10:25:31,amazon Dcvoltage,false
1176373,204-0832047-0597148,AMAZON,B0H393YSKV,,LSGL9015GY3PK+RPM40WH3PK,1,28.89,28.89,2026-06-01 10:25:31,amazon Dcvoltage,false
1176384,204-9711757-8288368,AMAZON,B0DXQB7T3C,,LSCY290GY2PK+RPR44WH2PK,1,27.29,22.74,2026-06-01 10:43:55,amazon Ledsone,false
1176385,202-5802875-2907542,AMAZON,B0DH4KYFPD,,WCDTBM2PK+RPR44WH2PK,1,18.29,15.24,2026-06-01 10:48:10,amazon Ledsone,false
1176387,204-9023044-2505161,AMAZON,B0GY423LQJ,,LSGL9015CL2PK+RPM40WH2PK,1,17.89,12.89,2026-06-01 10:48:15,amazon Dcvoltage,false
1176395,202-8875187-6770708,AMAZON,B0GMHCM3ND,,LHXSHE27WH2PK,1,16.69,13.91,2026-06-01 11:08:12,amazon Ledsone,false
1176403,026-0926226-1075548,AMAZON,B0GP7RHSVG,,LHPVHRE27WH2PK,1,9.38,6.49,2026-06-01 11:17:58,amazon Dcvoltage,false
1176433,202-1882967-0922763,AMAZON,B0B7F22LSC,,CRSF108FG,1,9.78,5.74,2026-06-01 11:33:19,amazon Ledsone,false
1176434,204-9032968-6564366,AMAZON,B0CZXL6ZYG,,TPOSBDBM,1,25.89,21.57,2026-06-01 11:35:21,amazon Ledsone,false
1176436,205-7593398-0481158,AMAZON,B0FX2XDLT5,,LSCYRO200BM2PK+RPR44WH2PK,1,22.89,22.89,2026-06-01 11:36:02,amazon Dcvoltage,false
1176442,203-3365443-0131509,AMAZON,B0DMSD8DPD,,CCGNNWE60,1,11.38,8.49,2026-06-01 11:47:35,amazon Dcvoltage,false
1176457,026-9556960-4113928,AMAZON,B0GLQ6PB3J,,LSCY290DWH+RPR44WH,1,15.89,13.24,2026-06-01 12:00:41,amazon Ledsone,false
1176458,026-6500332-4336316,AMAZON,B0C9TJPM1H,,ENC1911,1,18.89,18.89,2026-06-01 11:58:30,amazon Dcvoltage,false
1176474,206-6204583-4543565,AMAZON,B0DPMBXRPG,,LHCTORO,3,23.67,6.57,2026-06-01 12:46:50,amazon Ledsone,false
1176475,205-7723691-9117949,AMAZON,B0DPMRVHHR,,LSCYRO120WH+RPR44WH,4,59.96,12.49,2026-06-01 12:27:42,amazon Ledsone,false
1176477,204-8494090-9143520,AMAZON,B083H3BRWZ,,CRSF100CO,1,8.08,4.32,2026-06-01 12:34:06,amazon Ledsone,false
1176478,205-0474234-1299503,AMAZON,B0F7R5MYM7,,PCSWRG10SN+SWFF1GCH,1,11.59,9.66,2026-06-01 12:38:09,amazon Ledsone,false
1176485,026-9656767-7945137,AMAZON,B0CNXLDRMK,,CL3TBD3PK,1,7.78,4.49,2026-06-01 12:48:27,amazon Dcvoltage,false
1176490,205-1844190-2434759,AMAZON,B0CVL32TZC,,LSTF400OR+RPR44WH,1,16.39,13.66,2026-06-01 12:53:52,amazon Ledsone,false
1176492,202-1593240-6232318,AMAZON,B0FJ26WKLN,,STPVC17AWHAPK,1,7.58,4.69,2026-06-01 12:48:21,amazon Dcvoltage,false
1176494,202-0702718-4597920,AMAZON,B0DCSG3CVL,,WCWDRO2PK+RPR44WH2PK,1,15.89,13.24,2026-06-01 13:01:25,amazon Ledsone,false
1176495,204-1758185-7455501,AMAZON,B0DYTRPNCT,,RWWPSY0630YE,1,5.38,2.07,2026-06-01 13:06:10,amazon Ledsone,false
1176498,203-3333886-5181938,AMAZON,B08WWMPMHZ,,ENC893,1,22.89,22.89,2026-06-01 13:15:14,amazon Dcvoltage,false
1176499,206-7273052-7057165,AMAZON,B0DTQ2P2B4,,LDMST64E274,1,9.78,5.74,2026-06-01 13:09:52,amazon Ledsone,false
1176504,202-0027578-3410777,AMAZON,B0CVN2WSY6,,CENU46450WH,1,7.88,4.49,2026-06-01 13:22:02,amazon Dcvoltage,false
1176506,203-1150386-8591564,AMAZON,B0CNCRN767,,ENC5769,4,66.68,16.67,2026-06-01 13:09:37,amazon Ledsone,false
1176507,203-1150386-8591564,AMAZON,B0CNCJW179,,ENC5771,3,50.01,16.67,2026-06-01 13:09:37,amazon Ledsone,false
1176518,204-9749534-0203538,AMAZON,B09HS9HMDJ,,CL2TBT5PK,1,12.89,10.74,2026-06-01 13:39:51,amazon Ledsone,false
1176519,203-7181124-0913926,AMAZON,B08KJJWJKK,,CRFF500BM+PHHT1PBRBM3PK+WCDCBM3PK,1,36.99,30.82,2026-06-01 13:48:29,amazon Ledsone,false
1176532,206-8130124-0613969,AMAZON,B0F7X3BPQB,,ENC8625,1,30.89,25.74,2026-06-01 13:47:19,amazon Ledsone,false
1176533,205-2008183-8295537,AMAZON,B0CFHKYH59,,CRSF100BM2PK+PHRNWP1RBM2PK,2,40.18,16.74,2026-06-01 13:59:57,amazon Ledsone,false
1176535,026-6116976-7738712,AMAZON,B09WJFXSD9,,CRFF140SN+WSNW170SN+LSOL220SN,1,22.89,19.07,2026-06-01 14:03:01,amazon Ledsone,false
1176536,206-3560319-1150722,AMAZON,B0DX6BP7GV,,CENU46450WH,1,7.18,3.24,2026-06-01 14:06:25,amazon Ledsone,false
1176545,026-8822614-9791515,AMAZON,B0DX77S984,,CERU36300GR,1,5.68,2.32,2026-06-01 14:11:35,amazon Ledsone,false
1176546,026-3230370-7811519,AMAZON,B0DX6W8MTS,,CENU25200WH,1,4.78,1.24,2026-06-01 14:12:30,amazon Ledsone,false
1176553,206-4276710-4893119,AMAZON,B0CVLFG3DT,,RWWPSY0840YE,1,2.49,2.49,2026-06-01 14:24:17,amazon Ledsone,false
1176554,206-4276710-4893119,AMAZON,B0CW1TB57F,,RWWPSY0660YE,1,2.41,2.41,2026-06-01 14:24:17,amazon Ledsone,false
1176556,202-1676662-1237114,AMAZON,B0F29JLHC2,,CERU36200RE,2,3.14,1.57,2026-06-01 14:25:55,amazon Ledsone,false
1176557,202-1676662-1237114,AMAZON,B0F29DBR59,,CERU36300RE,1,2.24,2.24,2026-06-01 14:25:55,amazon Ledsone,false
1176559,205-8009316-1561118,AMAZON,B0D4TW1GN7,,WLFS220BM2PK,2,44.80,24.89,2026-06-01 14:30:35,amazon Dcvoltage,false
1176562,203-3565180-5904359,AMAZON,B08JJ76ZYR,,12IP6730,1,10.59,10.59,2026-06-01 14:30:47,amazon SRM Amazon,false
1176563,026-0604082-8773930,AMAZON,B0F2919CBQ,,LSCY290AA+RPR44WH,1,15.09,12.57,2026-06-01 14:33:19,amazon Ledsone,false
1176573,202-5573948-0166745,AMAZON,B0D93SG7BH,,WCB6BS3PK+RPR44WH3PK,1,21.89,18.24,2026-06-01 14:41:06,amazon Ledsone,false
1176574,205-9760917-5480338,AMAZON,B0CSDNWDPY,,STBFT50M48EWH6PK,2,19.57,6.95,2026-06-01 14:44:02,amazon Ledsone,false
1176579,202-0486927-0113943,AMAZON,B0BB33PK6W,,CL2RBU5PK,1,13.79,11.49,2026-06-01 14:49:12,amazon Ledsone,false
1176580,205-8021468-9047505,AMAZON,B0FPQZHKXS,,LDCWT75B22122PK,1,15.89,13.24,2026-06-01 14:59:43,amazon Ledsone,false
1176601,205-7547881-2625908,AMAZON,B0GTMZWFCD,,LSGL15014CL+RPM40WH,1,10.89,9.07,2026-06-01 15:35:46,amazon Ledsone,false
1176602,206-0702444-5937910,AMAZON,B0DX6BP7GV,,CENU46450WH,1,7.18,3.24,2026-06-01 15:38:08,amazon Ledsone,false
1176603,206-2495535-8586705,AMAZON,B0GLGGJD2R,,LSGLFP245GR+RPM40WH,2,35.80,19.89,2026-06-01 15:36:45,amazon Dcvoltage,false
1176610,202-6969641-6845969,AMAZON,B0CZXL6ZYG,,TPOSBDBM,1,25.89,21.57,2026-06-01 15:43:29,amazon Ledsone,false
1176611,203-0475936-6076313,AMAZON,B0DX6TP9TZ,,CENU36300WH,1,5.78,2.07,2026-06-01 15:42:50,amazon Ledsone,false
1176616,204-3582086-5063524,AMAZON,B093H8YG8Z,,LSMS320GY+RPR44WH,1,14.99,12.49,2026-06-01 15:50:18,amazon Ledsone,false
1176617,204-8774271-9075553,AMAZON,B0DMT5YWLR,,PCFT90TBM5PK,1,11.68,7.32,2026-06-01 15:51:15,amazon Ledsone,false
1176624,206-2034547-2564335,AMAZON,B09MQSCVGF,,WCB4WH+RPR44WH,1,12.18,7.74,2026-06-01 16:09:42,amazon Ledsone,false
1176625,206-3216827-9873135,AMAZON,B0DTPB2YC2,,WCB2BM3PK+RPR44WH3PK,1,21.89,18.24,2026-06-01 16:09:42,amazon Ledsone,false
1176627,205-6566590-7349918,AMAZON,B0G5XLBDKH,,CRSF2003BM+PHNW1RBM3PK,1,20.60,22.89,2026-06-01 16:25:32,amazon Dcvoltage,false
1176632,206-4813007-7857122,AMAZON,B0BW9Q7F6W,,LSLT360GR+RPR44WH,1,13.49,11.24,2026-06-01 16:30:56,amazon Ledsone,false
1176636,204-6524620-8334769,AMAZON,B0DH968RRD,,CL3TGD3PK,1,9.99,9.99,2026-06-01 16:32:23,amazon Dcvoltage,false
1176640,206-6650943-6990732,AMAZON,B0GVSYH4DM,,WCBTC140FG2PK+RPR44WH2PK,1,22.89,19.07,2026-06-01 16:43:44,amazon Ledsone,false
1176641,202-3688958-4265940,AMAZON,B0D59PJ89M,,WCB2BS2PK+RPR44WH2PK,1,15.29,15.29,2026-06-01 16:39:55,amazon Dcvoltage,false
1176650,205-2798994-6501135,AMAZON,B0BWK7RQ27,,PLTYRR+ICST64E27,1,20.89,17.41,2026-06-01 16:55:48,amazon Ledsone,false
1176654,206-3077879-8465151,AMAZON,B0GF1R1BNV,,ENC1804,1,20.59,17.16,2026-06-01 17:02:51,amazon Ledsone,false
1176656,206-7621244-5781131,AMAZON,B0GNZLCX15,,LHXSHE27BM3PK,1,21.39,11.29,2026-06-01 17:07:22,amazon Ledsone,false
1176657,202-2886526-4153135,AMAZON,B0C9TN8TKQ,,CNP1000BM,1,8.49,5.89,2026-06-01 17:09:10,amazon Dcvoltage,false
1176660,202-1513466-4802724,AMAZON,B08X4TF49Y,,WCFRBM,3,59.97,19.99,2026-06-01 17:12:15,amazon Dcvoltage,false
1176676,026-3986787-3959550,AMAZON,B0DX77S984,,CERU36300GR,1,5.68,2.32,2026-06-01 17:22:15,amazon Ledsone,false
1176677,026-9644125-1026745,AMAZON,B0CZXL6ZYG,,TPOSBDBM,1,25.89,21.57,2026-06-01 17:26:04,amazon Ledsone,false
1176678,202-1683789-4235510,AMAZON,B0DZ5SZ3B1,,CRSF120CH2PK,1,12.88,8.32,2026-06-01 17:27:16,amazon Ledsone,false
1176679,203-4061531-0375550,AMAZON,B08JYXMN7N,,PSDS2BMRRE,1,11.99,11.99,2026-06-01 17:28:32,amazon SRM Amazon,false
1176680,205-2103392-1178763,AMAZON,B07F9R3GVS,,LDMG95E278,1,11.08,8.19,2026-06-01 17:25:33,amazon Dcvoltage,false
1176683,205-3825605-8815567,AMAZON,B0D6GBVPB8,,CSBEB9NB2PK,1,10.09,10.09,2026-06-01 17:35:00,amazon Dcvoltage,false
1176685,206-8719717-0632335,AMAZON,B0BYZ83X16,,ENC2720,3,194.07,53.91,2026-06-01 17:35:47,amazon Ledsone,false
1176693,205-9498287-3595545,AMAZON,B0F6775Q2J,,LSMCSQWYRE+RPM40WH,1,20.79,17.32,2026-06-01 17:36:17,amazon Ledsone,false
1176694,026-8138518-6719523,AMAZON,B08XBXG4DR,,CRSF100WH+LHTTE27WH,1,10.89,10.89,2026-06-01 17:43:50,amazon Dcvoltage,false
1176702,026-3377653-5762702,AMAZON,B0DHKL37X6,,LDWWE2718,2,8.78,4.39,2026-06-01 17:57:44,amazon Dcvoltage,false
1176703,026-3377653-5762702,AMAZON,B0DHKKC5HC,,LDWWE27182PK,1,9.19,9.19,2026-06-01 17:57:44,amazon Dcvoltage,false
1176707,202-8455478-5863520,AMAZON,B093T4L68X,,LSCY290WH+RPR44WH,2,37.78,15.74,2026-06-01 18:04:06,amazon Ledsone,false
1176710,204-7362214-8068359,AMAZON,B0CFHMZXVX,,CRSF100BM2PK+PHRNWP2RBM2PK,1,21.69,18.07,2026-06-01 18:28:21,amazon Ledsone,false
1176712,204-9504506-1900358,AMAZON,B08RYTP5WV,,HRE2738WH2PK,1,3.80,0.91,2026-06-01 18:28:03,amazon SRM Amazon,false
1176721,202-1322772-5843509,AMAZON,B0DKNPJ7Y6,,ENC7795,1,41.89,34.91,2026-06-01 18:29:06,amazon Ledsone,false
1176722,026-9318521-2051514,AMAZON,B0GR94SDW9,,SPPGUK3PBR4PK,1,13.78,8.24,2026-06-01 18:31:15,amazon Ledsone,false
1176723,204-6767937-4805951,AMAZON,B0DTYYYWYG,,LSSS300BG+RPR44WH,1,14.99,12.49,2026-06-01 18:31:40,amazon Ledsone,false
1176725,204-8823909-4117134,AMAZON,B0CG8MKK56,,LSCY290OR+RPR44WH,1,16.09,13.41,2026-06-01 18:33:38,amazon Ledsone,false
1176726,203-6716057-3589911,AMAZON,B0DHKMHTW3,,LDWWE27186PK,1,17.39,17.39,2026-06-01 18:31:31,amazon Dcvoltage,false
1176728,203-1195900-9172313,AMAZON,B0C3QVPKYF,,ENC10118,1,76.90,68.91,2026-06-01 18:37:52,amazon Ledsone,false
1176729,203-7747734-9796353,AMAZON,B0F7Q77D8Q,,ENC7472,1,30.89,25.74,2026-06-01 18:51:27,amazon Ledsone,false
1176743,206-0426551-4994735,AMAZON,B0GP7TLRLZ,,LHPVHRE27WH6PK,1,12.89,10.74,2026-06-01 19:03:09,amazon Ledsone,false
1176744,202-9261541-5605127,AMAZON,B09736Y1RB,,CRSF100BM+WSLS155YB+SCRN70BM+LSFT220WH,4,63.16,13.16,2026-06-01 19:07:33,amazon Ledsone,false
1176745,026-6936565-9017141,AMAZON,B0CPBXK43C,,LSCY290NB+RPR44WH,3,47.67,15.89,2026-06-01 19:05:11,amazon Dcvoltage,false
1176753,203-1777026-6887518,AMAZON,B0DHXZCR9C,,CRSF100BM+PHHC1BMRBM,6,69.61,12.89,2026-06-01 19:24:15,amazon Dcvoltage,false
1176755,202-0390902-4130765,AMAZON,B0DQD9LY98,,PHSF1AGTGB3PK,1,27.89,23.24,2026-06-01 19:27:51,amazon Ledsone,false
1176763,206-4213177-8135568,AMAZON,B0CPBWTNW1,,LSCY290CH+RPR44WH,1,18.29,18.29,2026-06-01 19:30:11,amazon Dcvoltage,false
1176764,203-1894375-5530759,AMAZON,B0CYZWJ7WJ,,LSCY290CH2PK+RPR44WH2PK,1,29.89,29.89,2026-06-01 19:35:39,amazon Dcvoltage,false
1176766,203-7843729-1334726,AMAZON,B0CLD8QRW9,,CRSF108WH2PK+WSST70WH2PK+ICST64E272PK,1,24.89,20.74,2026-06-01 19:37:38,amazon Ledsone,false
1176775,204-1812194-7190703,AMAZON,B07CSVGZMV,,CL3TBUAPK,1,19.99,19.99,2026-06-01 19:40:37,amazon Dcvoltage,false
1176781,206-5331168-4812338,AMAZON,B0G49CBSQ3,,WCCYSP180BM2PK+RPR44WH2PK,1,23.89,19.91,2026-06-01 19:58:20,amazon Ledsone,false
1176785,026-1010996-3081937,AMAZON,B0CPBXBX8H,,LSCY290RE+RPR44WH,1,20.89,15.89,2026-06-01 20:08:10,amazon Dcvoltage,false
1176788,206-5616797-2397142,AMAZON,B0G49DDJ63,,WCCYSP180GD2PK+RPR44WH2PK,1,23.89,19.91,2026-06-01 20:08:50,amazon Ledsone,false
1176792,026-5280536-1477166,AMAZON,B0FR8C1X83,,PHUH1HETBM2PK+LSHM400HE2PK,1,63.89,63.89,2026-06-01 20:15:19,amazon Dcvoltage,false
1176793,202-6824285-2589957,AMAZON,B0B4G9MW42,,CNT900BM,1,7.98,4.24,2026-06-01 20:09:44,amazon Ledsone,false
1176803,026-7971843-8481963,AMAZON,B0CKSNWTYT,,CRFF75YB,1,9.48,5.49,2026-06-01 20:20:43,amazon Ledsone,false
1176804,206-6914983-3481943,AMAZON,B0DQKYKKJV,,BL1S0300BM,1,23.89,23.89,2026-06-01 20:28:44,amazon Dcvoltage,false
1176811,026-2032746-9020346,AMAZON,B098QMRLZN,,CCBC3,2,13.47,4.41,2026-06-01 20:32:52,amazon Ledsone,false
1176812,026-6203072-2211569,AMAZON,B0GLQ72BZ8,,LSCY290DBU+RPR44WH,1,15.89,13.24,2026-06-01 20:36:03,amazon Ledsone,false
1176813,203-6342384-2987520,AMAZON,B0DZNQCJX5,,RWWPSY08GY,1,4.58,1.41,2026-06-01 20:38:16,amazon Ledsone,false
1176826,203-8619323-3316343,AMAZON,B0D4YG1QFJ,,LDMG95E2783PK,1,12.19,12.19,2026-06-01 20:49:35,amazon Dcvoltage,false
1176829,203-7351308-2924349,AMAZON,B0G49DDJ63,,WCCYSP180GD2PK+RPR44WH2PK,1,23.89,19.91,2026-06-01 20:54:08,amazon Ledsone,false
1176830,204-1386650-3268331,AMAZON,B0GVSYH4DM,,WCBTC140FG2PK+RPR44WH2PK,1,22.89,19.07,2026-06-01 20:55:55,amazon Ledsone,false
1176842,203-7138035-2410748,AMAZON,B0CR319CXS,,MBEX3245BMFPK,1,19.27,16.06,2026-06-01 21:01:09,amazon Ledsone,false
1176846,202-3953287-8093122,AMAZON,B0D93QM7CS,,ENC5356,1,24.19,20.16,2026-06-01 21:09:24,amazon Ledsone,false
1176847,204-6367807-7923536,AMAZON,B0F79GRYH3,,CTBOP13XL+CTBOP23XL+CTBOP28XL,1,14.89,14.89,2026-06-01 20:58:54,amazon Dcvoltage,false
1176851,203-6292880-2337914,AMAZON,B0D8V6PJ9Q,,HLLK100BM,1,6.09,6.09,2026-06-01 21:12:36,amazon Dcvoltage,false
1176853,202-8141075-4265107,AMAZON,B0DQD74HVG,,PHSF1BMTYB3PK,1,27.71,23.09,2026-06-01 21:18:15,amazon Ledsone,false
1176862,205-0726670-9740365,AMAZON,B09HV88XVH,,CRFF500BM+PHHT1PBRRO3PK+WCWDRO3PK,1,39.09,32.57,2026-06-01 21:22:46,amazon Ledsone,false
1176863,204-6753518-9769164,AMAZON,B0D9425YB5,,LSLT360OR2PK+RPR44WH2PK,1,23.49,19.57,2026-06-01 21:26:00,amazon Ledsone,false
1176864,203-6258378-0277148,AMAZON,B0CFHMTJDJ,,CRSF100BM2PK+PHRNWP1RBM2PK+ICST64E272PK,1,27.69,23.07,2026-06-01 21:26:46,amazon Ledsone,false
1176869,202-8329042-8247567,AMAZON,B0FX2SZFZM,,LSCYRO300BM2PK+RPR44WH2PK,1,26.89,26.89,2026-06-01 21:29:40,amazon Dcvoltage,false
1176870,206-9286719-3417901,AMAZON,B0DSBP4962,,PLTTBC+LSFT220BC,1,19.79,19.79,2026-06-01 21:30:51,amazon Dcvoltage,false
1176871,202-9886339-2565921,AMAZON,B0DMF2KF74,,ENC9307,1,27.29,22.74,2026-06-01 21:27:10,amazon Ledsone,false
1176879,202-4529584-9245144,AMAZON,B0CZXL6ZYG,,TPOSBDBM,1,25.89,21.57,2026-06-01 21:37:34,amazon Ledsone,false
1176884,205-8620303-4879515,AMAZON,B0FX2QT3B1,,LSCYRO300GD2PK+RPR44WH2PK,1,26.89,26.89,2026-06-01 21:50:55,amazon Dcvoltage,false
1176885,206-6665957-3597118,AMAZON,B0DCK2DVZ7,,PHSF1BMTBM,1,10.65,10.65,2026-06-01 21:50:19,amazon SRM Amazon,false
1176892,206-0922000-0410704,AMAZON,B0CXX5K5LC,,WCDTGD2PK+RPR44WH2PK,1,20.29,20.29,2026-06-01 21:59:30,amazon Dcvoltage,false
1176893,202-8998795-3381123,AMAZON,B0CVLB3HDN,,RWT460YE,1,13.19,13.19,2026-06-01 22:14:12,amazon Dcvoltage,false
1176894,026-0028363-6536374,AMAZON,B0F29L9LFG,,CERU36200GR,1,1.57,1.57,2026-06-01 22:02:49,amazon Ledsone,false
1176895,026-0028363-6536374,AMAZON,B0F29P1SH6,,CERU36150GR,1,1.41,1.41,2026-06-01 22:02:49,amazon Ledsone,false
1176901,206-0949869-8682723,AMAZON,B0GYP7VWPW,,BS6S6628WH,1,20.89,17.41,2026-06-01 22:12:18,amazon Ledsone,false
1176905,205-5407445-2125114,AMAZON,B0G499DJQL,,WCCYSP180WH2PK+RPR44WH2PK,1,23.89,23.89,2026-06-01 22:25:48,amazon Dcvoltage,false
1176910,205-9131219-0676338,AMAZON,B0C9DV894B,,SPSDP2YB,1,5.79,5.79,2026-06-01 22:38:22,amazon Dcvoltage,false
1176911,203-3252850-9105165,AMAZON,B09M41Z83H,,LDMG125E278,2,16.38,8.19,2026-06-01 22:37:50,amazon Dcvoltage,false
1176912,206-1200056-4654709,AMAZON,B0GWLHXMQ5,,LSGLWB125TN2PK+SCRN70YB2PK,1,18.89,15.74,2026-06-01 22:35:25,amazon Ledsone,false
1176913,206-9518486-2672331,AMAZON,B0G39VRZ29,,LSGG200AR+SCRN70FG,1,23.99,19.99,2026-06-01 22:33:19,amazon Ledsone,false
1176916,026-4619128-4713101,AMAZON,B0F29P1SH6,,CERU36150GR,1,4.58,1.41,2026-06-01 22:42:15,amazon Ledsone,false
1176920,206-4948250-6346742,AMAZON,B0F9YNBRZD,,LSMS320BG+RPR44WH,3,50.67,14.07,2026-06-01 22:57:34,amazon Ledsone,false
1176921,205-0541423-3532305,AMAZON,B0DGGKGSZL,,IMWW FPK,1,27.53,27.53,2026-06-01 22:57:33,amazon Dcvoltage,false
1176923,206-7561104-9571543,AMAZON,B0F9466PK8,,CL3TGL3PK,1,10.88,6.66,2026-06-01 23:05:25,amazon Ledsone,false
1176926,203-2723973-7937902,AMAZON,B0CC9MYR6X,,LSLT360NB+RPR44WH,1,13.89,13.89,2026-06-01 23:09:25,amazon Dcvoltage,false
1176927,203-6382371-6467544,AMAZON,B0DTHKKQV6,,WCB7BM3PK+RPR44WH3PK,1,22.39,22.39,2026-06-01 23:17:02,amazon Dcvoltage,false
1176928,206-5204198-4590733,AMAZON,B0FX2QT3B1,,LSCYRO300GD2PK+RPR44WH2PK,1,26.89,26.89,2026-06-01 23:16:45,amazon Dcvoltage,false
1176932,205-2370806-4959531,AMAZON,B0DH96Z1RQ,,CL3TBP3PK,1,8.99,8.99,2026-06-01 23:29:55,amazon Dcvoltage,false
1176933,203-3582241-5025157,AMAZON,B0DV5FSQVT,,ENC8213,1,32.89,27.41,2026-06-01 23:28:47,amazon Ledsone,false
1176935,026-6539301-1906721,AMAZON,B0F1D59PXR,,RWWPSY08GY,1,5.26,1.99,2026-06-01 23:40:02,amazon Dcvoltage,false
1176936,202-3941955-8019525,AMAZON,B0GTYMPTZG,,LSGL9015WH3PK+RPM40WH3PK,1,21.89,21.89,2026-06-01 23:46:18,amazon Dcvoltage,false
1176938,026-2415941-0005905,AMAZON,B0CZXL6ZYG,,TPOSBDBM,1,25.89,21.57,2026-06-02 00:10:35,amazon Ledsone,false
1176940,026-8128841-7864346,AMAZON,B09L8H35VL,,PHSH1HETYB+LSCY290BC,10,176.60,14.72,2026-06-02 00:22:13,amazon Ledsone,false
1176941,204-2207244-6073145,AMAZON,B0CCHYD2JP,,SPSDP2BM3PK,1,12.24,10.20,2026-06-02 00:26:33,amazon Ledsone,false
1176943,204-9518830-4959567,AMAZON,B0CN376GSP,,CRSF1202BM+PHHT2PBRBM2PK+SPUPBM2PK,1,17.94,14.95,2026-06-02 00:26:33,amazon Ledsone,false
1176952,204-4624058-2999559,AMAZON,B0FQVDFF8N,,CRFF108BM+PHRI1PBRBA+LSCY290BG,1,24.89,24.89,2026-06-02 02:20:02,amazon Dcvoltage,false
1176955,203-8506319-4897959,AMAZON,B0DH9GCQNJ,,CL3TCRAPK,1,20.99,20.99,2026-06-02 03:16:00,amazon Dcvoltage,false
1177001,203-1930634-0525152,AMAZON,B0D7S35MGY,,LSMS320GR+RPR44WH,2,34.98,12.49,2026-06-02 05:31:02,amazon Ledsone,false
1177002,205-1995718-5881103,AMAZON,B0GNZRHMXW,,LHXWPE27PPWH3PK,1,9.74,9.74,2026-06-02 05:29:24,amazon Ledsone,false
1177003,205-1995718-5881103,AMAZON,B0GP16QFYT,,LHXWPE27PPWH5PK,1,12.41,12.41,2026-06-02 05:29:24,amazon Ledsone,false
1177005,202-2196309-2559502,AMAZON,B0D59MHSXN,,WCB3WH2PK+RPR44WH2PK,1,16.09,16.09,2026-06-02 05:53:39,amazon Dcvoltage,false
1177008,202-1488450-0359562,AMAZON,B0G1TF1PDM,,CKA17ATC4441BL,1,16.89,14.07,2026-06-02 06:16:07,amazon Ledsone,false
1177009,203-9609148-5057954,AMAZON,B0CWNXMJWV,,CRFF140SN+WSNW170SN+LSMS320WH,1,19.69,16.41,2026-06-02 06:17:59,amazon Ledsone,false
1177012,026-3860495-2677108,AMAZON,B08VGPPCY1,,WCDTBM+RPR44WH,1,10.29,10.29,2026-06-02 06:30:32,amazon Dcvoltage,false
1177023,203-6590125-5149117,AMAZON,B0FC1YZTFN,,SPSSDBMAPK,1,10.08,5.99,2026-06-02 06:47:59,amazon Ledsone,false
1177047,206-6378483-2255520,AMAZON,B0F1D3FS5C,,RWWPSY0660YE,1,5.88,2.99,2026-06-02 07:39:50,amazon Dcvoltage,false
1177054,026-6758931-1177153,AMAZON,B0CV5DK5NC,,LDSG125LOE2742PK,1,17.89,14.91,2026-06-02 08:05:54,amazon Ledsone,false
1177055,202-8337103-9041938,AMAZON,B0DH9CM4NZ,,CL3TLB5PK,1,11.99,11.99,2026-06-02 08:08:36,amazon Dcvoltage,false
1177056,202-8908944-5805105,AMAZON,B0D93QM7CS,,ENC5356,1,24.19,20.16,2026-06-02 08:10:50,amazon Ledsone,false
1177057,206-0577541-3065924,AMAZON,B07SHRTVJQ,,CRSF1204BM,1,12.38,7.91,2026-06-02 08:18:15,amazon Ledsone,false
1177058,026-5258077-6711565,AMAZON,B0CV7K3P22,,RWGS1533WH,2,10.83,3.89,2026-06-02 08:12:39,amazon Dcvoltage,false
1177062,026-5820883-5660316,AMAZON,B0DTPB2YC2,,WCB2BM3PK+RPR44WH3PK,1,21.89,18.24,2026-06-02 08:21:56,amazon Ledsone,false
1177063,026-1427892-7338707,AMAZON,B09JM3PLLH,,LDSG125LOE274,1,10.19,8.49,2026-06-02 08:26:53,amazon Ledsone,false
1177067,205-8961835-8809920,AMAZON,B0CZXL6ZYG,,TPOSBDBM,1,25.89,21.57,2026-06-02 08:35:20,amazon Ledsone,false
1177068,204-5460420-0701936,AMAZON,B0BBS6B82P,,CL3TBMAPK,1,21.79,18.16,2026-06-02 08:36:27,amazon Ledsone,false
1177083,204-3891467-6381114,AMAZON,B08V5MK449,,CRSF100BM+PHCH1BMRBM+LSCY290BM,3,56.67,18.89,2026-06-02 08:59:54,amazon Dcvoltage,false
1177084,203-7213813-2230764,AMAZON,B08DHTK22Z,,RPR44WH,1,5.98,3.09,2026-06-02 09:05:44,amazon Dcvoltage,false
1177086,202-8182000-4350708,AMAZON,B0B9Y59487,,CL3TBR5PK,1,13.69,11.41,2026-06-02 09:06:46,amazon Ledsone,false
1177087,204-9397861-7342757,AMAZON,B084VPJ2M2,,CRSF2003WH,1,11.49,9.57,2026-06-02 09:08:13,amazon Ledsone,false
1177096,205-7125314-5164334,AMAZON,B0DTPB2YC2,,WCB2BM3PK+RPR44WH3PK,1,21.89,18.24,2026-06-02 09:12:57,amazon Ledsone,false
1177114,203-4223422-1046754,AMAZON,B0CNJQRMML,,WCB2RR,1,11.38,8.49,2026-06-02 09:43:19,amazon Dcvoltage,false
1177125,206-0911150-3290745,AMAZON,B0CN376GSP,,CRSF1202BM+PHHT2PBRBM2PK+SPUPBM2PK,1,19.89,16.57,2026-06-02 09:55:19,amazon Ledsone,false
1177126,204-7932858-2785119,AMAZON,B0CVQF7CXG,,RWT460YE,2,18.05,6.32,2026-06-02 09:55:42,amazon Ledsone,false
1177127,206-0926925-5606736,AMAZON,B093T47DB9,,LSCY290BL+RPR44WH,1,15.29,12.74,2026-06-02 09:55:57,amazon Ledsone,false
1177128,206-1961104-3084307,AMAZON,B0F9YHZS4H,,CRSF100HBM+WSWR1PFTBM+RD30+WR+PSDS4BPB,1,22.99,22.99,2026-06-02 09:50:16,amazon Dcvoltage,false
1177137,026-9643856-1942745,AMAZON,B0CTCPBH5L,,CRSF100SN+CL3TGY+LHSHE27SN,2,24.98,10.41,2026-06-02 10:10:29,amazon Ledsone,false
1177144,205-9952108-1035557,AMAZON,B0FZSF36HG,,CRSF100BM+LHNSE27BM+LSSS300GY,2,41.78,17.41,2026-06-02 10:23:57,amazon Ledsone,false
1177153,204-3177304-4173929,AMAZON,B0FJ5J5T51,,CRSF100WH,1,8.88,5.99,2026-06-02 10:34:32,amazon Dcvoltage,false
1177154,205-5128565-6417160,AMAZON,B0DZ1Z3277,,RWWPSY0640YE2PK,1,10.98,9.15,2026-06-02 10:29:53,amazon Ledsone,false
1177159,204-7134482-7293905,AMAZON,B0G57TF1GT,,CRFF500BM+PHNW1RBM3PK,1,23.89,19.91,2026-06-02 10:42:05,amazon Ledsone,false
1177161,203-5660736-1463539,AMAZON,B0DCDSZ719,,LDSG95DIE2743PK,1,21.89,18.24,2026-06-02 10:49:01,amazon Ledsone,false
1177165,205-0286843-4913955,AMAZON,B0B7799FKL,,CRFF108GB+HK10GB,1,8.49,7.07,2026-06-02 10:49:20,amazon Ledsone,false
1177166,203-8758854-2661949,AMAZON,B0D229XQNM,,CBSF1002PK,1,11.68,7.32,2026-06-02 10:51:54,amazon Ledsone,false
1177167,205-0223636-3688358,AMAZON,B097BYN3NY,,LHPHE27CO,1,11.78,7.41,2026-06-02 10:55:20,amazon Ledsone,false
1177168,206-7293949-2941951,AMAZON,B0DHVM3CBD,,LHSHE27WH,2,18.67,7.89,2026-06-02 10:49:09,amazon Dcvoltage,false
1177169,205-0945628-8337966,AMAZON,B07FNP5GYB,,CL3TGD5PK,1,12.59,12.59,2026-06-02 10:54:16,amazon Dcvoltage,false
1177190,026-3486418-8406703,AMAZON,B0CCHYSJWC,,SPSDP2YB,1,8.68,4.82,2026-06-02 11:20:20,amazon Ledsone,false
1177196,206-0079570-2615548,AMAZON,B0CNQ1Q3BJ,,LDMG125E278,1,8.19,8.19,2026-06-02 11:40:46,amazon Dcvoltage,false
1177206,202-1375040-2673910,AMAZON,B09CZGRS5W,,WSFH1BMYB+PSDS2RBR+SCRN70BM+LSFT220YE,2,47.98,23.99,2026-06-02 12:05:57,amazon SRM Amazon,false
1177207,203-1371741-1813903,AMAZON,B07L8HKFZH,,CL3TAG5PK,1,14.99,14.99,2026-06-02 12:02:47,amazon Dcvoltage,false
1177213,026-0844920-9839544,AMAZON,B08WWH8HWK,,ENC903,1,21.89,21.89,2026-06-02 12:08:49,amazon Dcvoltage,false
1177214,202-0164512-3593139,AMAZON,B0D7944QDY,,WCB6BM2PK+RPR44WH2PK,1,16.49,13.74,2026-06-02 12:17:12,amazon Ledsone,false
1177221,203-0623355-9619522,AMAZON,B0F9WGTYFF,,LSHH240RR+RPR44WH,1,13.59,11.32,2026-06-02 12:35:30,amazon Ledsone,false
1177222,202-1656777-6378704,AMAZON,B0GS96Z9CF,,SPPGUK3PBM6PK,1,13.56,10.67,2026-06-02 12:32:39,amazon Dcvoltage,false
1177223,203-3178697-1461905,AMAZON,B0FX2QT3B1,,LSCYRO300GD2PK+RPR44WH2PK,1,26.89,26.89,2026-06-02 12:33:03,amazon Dcvoltage,false
1177224,203-7457573-3005111,AMAZON,B0CVN2WSY6,,CENU46450WH,1,7.88,4.49,2026-06-02 12:33:11,amazon Dcvoltage,false
1177236,206-6121198-4902736,AMAZON,B0CP7P4T9Y,,LHC5E27WH,3,17.83,4.98,2026-06-02 13:08:24,amazon Dcvoltage,false
1177243,203-2032558-2873947,AMAZON,B0F7QRPZY7,,CL3TBRAPK,1,19.99,16.66,2026-06-02 13:13:59,amazon Ledsone,false
1177249,205-4648058-6584319,AMAZON,B0D28V95FG,,LSCY290BL2PK+RPR44WH2PK,1,27.49,22.91,2026-06-02 13:21:23,amazon Ledsone,false
1177250,206-9653669-8862709,AMAZON,B0DH952KYG,,CL3TBU5PK,1,11.99,11.99,2026-06-02 13:23:06,amazon Dcvoltage,false
1177251,204-4458041-1617926,AMAZON,B09M42QJCS,,LDMG125E2785PK,1,27.89,27.89,2026-06-02 13:23:40,amazon Dcvoltage,false
1177252,202-6291084-2762758,AMAZON,B07PM5KN1T,,CL3TGL5PK,1,13.09,13.09,2026-06-02 13:26:31,amazon Dcvoltage,false
1177253,026-7350963-9544344,AMAZON,B0D59SHLCD,,WCB1WH2PK+RPR44WH2PK,1,15.49,15.49,2026-06-02 13:18:55,amazon Dcvoltage,false
1177254,202-5522672-5749902,AMAZON,B0GCZKJQQL,,CRFF100YB+LHNSE27YB+ICST64E27,1,16.99,16.99,2026-06-02 13:27:36,amazon Dcvoltage,false
1177259,205-1077914-4679507,AMAZON,B0G49DDJ63,,WCCYSP180GD2PK+RPR44WH2PK,1,23.89,19.91,2026-06-02 13:32:12,amazon Ledsone,false
1177261,202-5173785-3102737,AMAZON,B0C3ZTBRHZ,,LSCY290BM+RPR44WH,1,15.89,13.24,2026-06-02 13:39:09,amazon Ledsone,false
1177262,205-5036706-1870731,AMAZON,B0DX19J4S2,,LHSHE27CO2PK,1,10.89,10.89,2026-06-02 13:31:24,amazon SRM Amazon,false
1177263,206-6447275-4697152,AMAZON,B0FX2T3V9J,,LSCYRO200GD2PK+RPR44WH2PK,1,22.89,22.89,2026-06-02 13:36:33,amazon Dcvoltage,false
1177267,202-2119419-7517961,AMAZON,B0D7944QDY,,WCB6BM2PK+RPR44WH2PK,1,16.49,13.74,2026-06-02 13:45:39,amazon Ledsone,false
1177268,026-3645291-4787525,AMAZON,B0FX2SP39V,,LSCYRO200WH2PK+RPR44WH2PK,2,45.78,22.89,2026-06-02 13:45:39,amazon Dcvoltage,false
1177272,206-5771661-8713104,AMAZON,B0D9Q3BWH3,,PHCT80GBCGB,1,15.39,15.39,2026-06-02 13:57:53,amazon Dcvoltage,false
1177275,202-7138979-8443513,AMAZON,B0CNQ1Q3BJ,,LDMG125E278,1,8.19,8.19,2026-06-02 14:02:48,amazon Dcvoltage,false
1177276,204-5996680-6345127,AMAZON,B0DX6BP7GV,,CENU46450WH,3,14.96,3.24,2026-06-02 14:04:26,amazon Ledsone,false
1177285,203-8888308-0139534,AMAZON,B07QZQNMGK,,12RPIP45250,1,18.71,18.71,2026-06-02 14:22:28,amazon Dcvoltage,false
1177286,203-9880855-9413952,AMAZON,B0H3918NPV,,LSGL9015GY5PK+RPM40WH5PK,1,45.89,45.89,2026-06-02 14:25:17,amazon Dcvoltage,false
1177287,203-9944678-4659532,AMAZON,B0H393YSKV,,LSGL9015GY3PK+RPM40WH3PK,1,28.89,28.89,2026-06-02 14:27:00,amazon Dcvoltage,false
1177295,203-5459693-6805100,AMAZON,B0FL78WQVD,,PHSF2BMTBM2PK+ICST64E272PK,1,28.89,28.89,2026-06-02 14:31:13,amazon Dcvoltage,false
1177296,203-7789295-8892363,AMAZON,B0D4YG1QFJ,,LDMG95E2783PK,1,12.19,12.19,2026-06-02 14:35:37,amazon Dcvoltage,false
1177297,204-8789437-5515551,AMAZON,B0B7KCXV72,,CRFF105GB,1,11.68,7.32,2026-06-02 14:30:26,amazon Ledsone,false
1177298,026-9539223-0901901,AMAZON,B0CN6VGPJP,,LDMST64E2745PK,1,22.89,19.07,2026-06-02 14:34:49,amazon Ledsone,false
1177303,026-3639159-7621907,AMAZON,B0FX2SZFZM,,LSCYRO300BM2PK+RPR44WH2PK,1,26.89,26.89,2026-06-02 14:41:47,amazon Dcvoltage,false
1177312,203-4841365-3527547,AMAZON,B0FX2XDLT5,,LSCYRO200BM2PK+RPR44WH2PK,1,22.89,22.89,2026-06-02 14:54:02,amazon Dcvoltage,false
1177313,202-2655926-0470701,AMAZON,B0BWYGFXPL,,LSDO400BT+RPR44WH,1,15.89,15.89,2026-06-02 14:54:12,amazon Dcvoltage,false
1177314,202-7075348-4828362,AMAZON,B0F4432H4K,,CENU19150BM2PK,1,5.78,2.89,2026-06-02 14:50:39,amazon Dcvoltage,false
1177315,204-0753960-2273954,AMAZON,B0DZNQCJX5,,RWWPSY08GY,2,2.82,1.41,2026-06-02 14:56:48,amazon Ledsone,false
1177316,204-0753960-2273954,AMAZON,B0DZNLF6LK,,RWWPSY10GY,2,4.16,2.08,2026-06-02 14:56:48,amazon Ledsone,false
1177319,202-7424460-0293147,AMAZON,B0DCK6VM9H,,STBFT50M48EWH2PK,1,6.88,3.99,2026-06-02 15:00:01,amazon Dcvoltage,false
1177329,202-4714392-1365943,AMAZON,B08PZCQ7PZ,,WCDRBM,1,11.99,11.99,2026-06-02 15:11:36,amazon SRM Amazon,false
1177346,203-8267537-7990726,AMAZON,B0CGRPTT6W,,CRSF100BM+PHRYWP2RBM,1,11.99,9.99,2026-06-02 15:48:16,amazon Ledsone,false
1177347,204-9986895-3200302,AMAZON,B0GP8C3TRW,,LHPVHRE27WH,1,4.69,4.69,2026-06-02 15:39:38,amazon Dcvoltage,false
1177348,204-9986895-3200302,AMAZON,B0GDLHR1KF,,LHDHE27CO,1,9.69,9.69,2026-06-02 15:39:38,amazon Dcvoltage,false
1177349,203-3393109-7820359,AMAZON,B0FX53HC81,,LSCYRO300WH2PK+RPR44WH2PK,1,26.89,26.89,2026-06-02 15:43:54,amazon Dcvoltage,false
1177354,202-7069154-6603515,AMAZON,B09JM45NCQ,,LDSG125MUE274,1,12.29,10.24,2026-06-02 15:57:25,amazon Ledsone,false
1177355,202-0798740-5417135,AMAZON,B0DSBPHK7T,,PLTTBC+LSFT220BC,1,19.79,16.49,2026-06-02 15:46:35,amazon Ledsone,false
1177356,204-7684561-7072350,AMAZON,B0FPCW8FG1,,CRSF100BM+PHNW1RBM+ICST64E27,1,17.89,17.89,2026-06-02 15:54:46,amazon Dcvoltage,false
1177357,203-1921062-1681118,AMAZON,B0CB7WBYJB,,SPSDP3WH6PK,1,11.09,11.09,2026-06-02 15:55:36,amazon Dcvoltage,false
1177362,202-7357671-7079513,AMAZON,B0GR8KYJPZ,,SPPGUK3PTR2PK,1,7.68,3.99,2026-06-02 16:07:04,amazon Ledsone,false
1177369,205-6518976-4125104,AMAZON,B0CP1VRQL3,,LSCY290WH+RPR44WH,1,15.89,15.89,2026-06-02 16:09:32,amazon Dcvoltage,false
1177371,026-2105153-3297114,AMAZON,B0C8NJDTJS,,WCDCBM+RPR44WH,1,10.07,8.39,2026-06-02 16:18:36,amazon Ledsone,false
1177373,204-2332340-9469120,AMAZON,B0CV5FGN5Z,,LDST185E2742PK,1,13.79,11.49,2026-06-02 16:24:08,amazon Ledsone,false
1177374,203-4234944-1635546,AMAZON,B0GR8KYJPZ,,SPPGUK3PTR2PK,1,7.68,3.99,2026-06-02 16:26:10,amazon Ledsone,false
1177389,203-7669116-9916350,AMAZON,B0DYDLW9F6,,RWWPSY0860YE2PK,1,13.19,13.19,2026-06-02 16:40:43,amazon SRM Amazon,false
1177390,206-5641760-0526731,AMAZON,B0FSK1R15K,,LDMG95E2743PK,1,13.19,13.19,2026-06-02 16:48:20,amazon SRM Amazon,false
1177392,204-7910920-3231550,AMAZON,B0B9Y59487,,CL3TBR5PK,1,13.79,11.49,2026-06-02 16:47:35,amazon Ledsone,false
1177397,202-2636852-7766714,AMAZON,B0DFC68Q9Q,,WCDTRO2PK+RPR44WH2PK,1,17.89,17.89,2026-06-02 16:46:04,amazon Dcvoltage,false
1177398,206-9408371-8353102,AMAZON,B0C9TP29BD,,CNP1000CO,2,13.49,5.89,2026-06-02 16:56:48,amazon Dcvoltage,false
1177401,204-3819846-1389930,AMAZON,B0CV5CW477,,LDSHEAE2742PK,1,16.89,14.07,2026-06-02 16:56:09,amazon Ledsone,false
1177405,205-1468892-3123507,AMAZON,B0F7Q77D8Q,,ENC7472,1,30.89,25.74,2026-06-02 17:04:40,amazon Ledsone,false
1177406,204-1561666-8337900,AMAZON,B0G4QPLQQT,,PCDO20SN2PK,3,23.46,7.24,2026-06-02 17:08:24,amazon Ledsone,false
1177407,204-6644272-1767538,AMAZON,B0FX53HC81,,LSCYRO300WH2PK+RPR44WH2PK,1,26.89,26.89,2026-06-02 16:59:02,amazon Dcvoltage,false
1177408,205-6428831-8139555,AMAZON,B0DFHPFXGT,,LSCY290YB+RPR44WH,2,35.78,17.89,2026-06-02 17:00:44,amazon Dcvoltage,false
1177412,206-6133235-0065134,AMAZON,B0GTVB7Y5W,,LDMT185B2243PK,1,12.89,10.74,2026-06-02 17:09:36,amazon Ledsone,false
1177415,203-1299853-9933146,AMAZON,B0FXFMGXK7,,WCBCFRO2PK+RPR44WH2PK,1,20.29,16.91,2026-06-02 17:12:03,amazon Ledsone,false
1177424,026-8492055-5079558,AMAZON,B0FWCF7JB7,,LDMT185E2742PK,1,13.99,11.66,2026-06-02 17:19:55,amazon Ledsone,false
1177426,205-2779084-8029906,AMAZON,B0CZXL6ZYG,,TPOSBDBM,1,25.89,21.57,2026-06-02 17:28:11,amazon Ledsone,false
1177427,203-8332975-7075545,AMAZON,B0FX53HC81,,LSCYRO300WH2PK+RPR44WH2PK,1,26.89,26.89,2026-06-02 17:12:03,amazon Dcvoltage,false
1177428,203-9594276-2617946,AMAZON,B0F1D3FS5C,,RWWPSY0660YE,1,5.88,2.99,2026-06-02 17:22:49,amazon Dcvoltage,false
1177431,204-2941914-9242739,AMAZON,B0D59MHSXN,,WCB3WH2PK+RPR44WH2PK,1,16.09,16.09,2026-06-02 17:37:49,amazon Dcvoltage,false
1177432,203-1967276-5065169,AMAZON,B083LYN9DW,,PLDMBC,1,20.89,17.41,2026-06-02 17:37:18,amazon Ledsone,false
1177441,206-3927255-7753125,AMAZON,B0CSDPYCLM,,STBFT50M48EWH,1,5.65,2.30,2026-06-02 17:43:19,amazon Ledsone,false
1177443,026-2144102-4474734,AMAZON,B09ZQH9GSB,,LHCCE27WH4PK,1,18.29,15.24,2026-06-02 17:45:57,amazon Ledsone,false
1177444,205-7824856-2506767,AMAZON,B0DH92M1HX,,CL3TIV5PK,1,11.99,11.99,2026-06-02 17:46:50,amazon Dcvoltage,false
1177445,206-4010363-1557907,AMAZON,B0CNXM9PGM,,CL3RBK3PK,1,7.78,4.49,2026-06-02 17:41:06,amazon Dcvoltage,false
1177451,202-6502210-4470741,AMAZON,B0F7Q8Z129,,ENC7471,1,30.89,25.74,2026-06-02 17:52:53,amazon Ledsone,false
1177452,205-7132862-0757133,AMAZON,B08JJ76ZYR,,12IP6730,1,10.59,10.59,2026-06-02 17:53:38,amazon SRM Amazon,false
1177453,205-4273946-8086705,AMAZON,B0FX2SP39V,,LSCYRO200WH2PK+RPR44WH2PK,1,22.89,22.89,2026-06-02 17:52:43,amazon Dcvoltage,false
1177454,206-0215519-9354705,AMAZON,B0FL767CVP,,PHSF2GYTCH2PK+ICST64E272PK,1,28.89,28.89,2026-06-02 17:49:08,amazon Dcvoltage,false
1177455,206-9610203-1971519,AMAZON,B0CNTG9QQ4,,WCB2WH+RPR44WH,1,10.59,10.59,2026-06-02 17:53:33,amazon Dcvoltage,false
1177458,202-5251901-8717928,AMAZON,B0BLZFGY38,,LDMG95E274APK,1,27.89,23.24,2026-06-02 18:03:03,amazon Ledsone,false
1177459,205-8402265-7795526,AMAZON,B0CGRQ5Z4T,,CRSF100BM2PK+PHRYWP1RBM2PK,1,20.69,17.24,2026-06-02 18:03:07,amazon Ledsone,false
1177460,204-1990634-2484328,AMAZON,B0CKHNKZGB,,CRFF500BS+PHNW1RBS3PK+ICST64E273PK,1,40.62,40.62,2026-06-02 18:05:50,amazon Dcvoltage,false
1177478,026-9548177-9152360,AMAZON,B0DTHKSHFY,,WCB7BS3PK+RPR44WH3PK,1,23.49,23.49,2026-06-02 18:46:57,amazon Dcvoltage,false
1177479,204-7826755-8152311,AMAZON,B0DRP87NC8,,LHSHE27GB2PK,1,10.89,10.89,2026-06-02 18:45:11,amazon SRM Amazon,false
1177486,203-4854540-1037907,AMAZON,B0F28YNDZN,,LSCY290RO+RPR44WH,1,18.29,15.24,2026-06-02 18:58:26,amazon Ledsone,false
1177491,026-1712366-6345959,AMAZON,B0CRZ5BVRY,,LSCY290OR+RPR44WH,1,15.89,15.89,2026-06-02 18:58:40,amazon Dcvoltage,false
1177494,204-4537639-3077109,AMAZON,B0CR319CXS,,MBEX3245BMFPK,1,19.27,16.06,2026-06-02 18:50:58,amazon Ledsone,false
1177502,206-4491693-5627519,AMAZON,B0C7KHY6DV,,ENC10118,1,80.81,86.89,2026-06-02 19:28:42,amazon Dcvoltage,false
1177503,202-1130937-5854766,AMAZON,B0917RQ9PM,,PLHCBC+LSDO210BC3PK,1,47.09,39.24,2026-06-02 19:25:46,amazon Ledsone,false
1177529,204-1879037-7596332,AMAZON,B0C9TWTCZ8,,LSCY210BG+RPR44WH,1,12.49,12.49,2026-06-02 19:43:38,amazon Dcvoltage,false
1177530,205-1448412-5733915,AMAZON,B0CFHMTJDJ,,CRSF100BM2PK+PHRNWP1RBM2PK+ICST64E272PK,3,83.07,23.07,2026-06-02 19:39:29,amazon Ledsone,false
1177531,205-5227702-8871506,AMAZON,B0DTYYYWYG,,LSSS300BG+RPR44WH,1,19.99,12.49,2026-06-02 19:39:47,amazon Ledsone,false
1177534,204-2383237-7787525,AMAZON,B0DY7NXLY4,,RWWPSY0640YE,1,9.38,6.49,2026-06-02 19:51:15,amazon SRM Amazon,false
1177535,204-7814879-4486723,AMAZON,B0CNQ1Q3BJ,,LDMG125E278,1,8.19,8.19,2026-06-02 19:49:38,amazon Dcvoltage,false
1177536,205-2520003-4150730,AMAZON,B0GQ477V54,,LSGLLF170AR+RPM40WH,1,11.89,11.89,2026-06-02 19:54:27,amazon Dcvoltage,false
1177537,206-9854583-1165938,AMAZON,B0DMF2KF74,,ENC9307,1,27.29,22.74,2026-06-02 19:55:32,amazon Ledsone,false
1177541,203-5183929-8107539,AMAZON,B0FZWF19RP,,ENC8965,1,20.99,20.99,2026-06-02 19:58:45,amazon Dcvoltage,false
1177542,204-8933680-9344330,AMAZON,B07SBVXTP1,,CRSF2003GB,1,11.49,11.49,2026-06-02 20:05:36,amazon Dcvoltage,false
1177543,206-8914711-6273919,AMAZON,B0CC9NNH6B,,LSLT360BC+RPR44WH,2,28.96,14.48,2026-06-02 20:06:38,amazon Dcvoltage,false
1177544,204-4616430-1125942,AMAZON,B0FZSNXKMJ,,CRSF100BM+LHNSE27BM+LSSS300BB,2,41.78,17.41,2026-06-02 20:01:15,amazon Ledsone,false
1177545,026-9902185-4671505,AMAZON,B0D93QM7CS,,ENC5356,1,24.19,20.16,2026-06-02 20:05:44,amazon Ledsone,false
1177552,204-5409404-8355555,AMAZON,B0CN31XK9H,,WCB6BC3PK+RPR44WH3PK,1,22.89,22.89,2026-06-02 20:14:39,amazon Dcvoltage,false
1177553,206-4568307-4565165,AMAZON,B0D4Y4SPFR,,CRFF140BM+WSWH135BM+LSDO210BC,4,60.08,16.69,2026-06-02 20:18:06,amazon Dcvoltage,false
1177554,206-8598353-4190707,AMAZON,B08JJ76ZYR,,12IP6730,1,10.59,10.59,2026-06-02 20:12:50,amazon SRM Amazon,false
1177555,204-1826857-0465143,AMAZON,B0C8NJDTJS,,WCDCBM+RPR44WH,1,15.07,8.39,2026-06-02 20:10:04,amazon Ledsone,false
1177556,204-4258046-5178740,AMAZON,B0GDCN4LCW,,LDMT185E2736PK,1,17.19,14.32,2026-06-02 20:12:57,amazon Ledsone,false
1177557,202-2594573-0347526,AMAZON,B0F946K2LJ,,CL3TLB3PK,1,10.28,5.82,2026-06-02 20:13:34,amazon Ledsone,false
1177567,204-8453428-9009142,AMAZON,B0DNK1NCSR,,WSFS2BMYB+SCRN70BM2PK+LSFT220WH2PK,1,29.89,24.91,2026-06-02 20:24:19,amazon Ledsone,false
1177572,204-8262088-3179522,AMAZON,B0DPMRVHHR,,LSCYRO120WH+RPR44WH,1,14.99,12.49,2026-06-02 20:38:29,amazon Ledsone,false
1177573,205-3000757-8654740,AMAZON,B0D59QFGN7,,WCB2BB2PK+RPR44WH2PK,1,15.49,15.49,2026-06-02 20:42:20,amazon Dcvoltage,false
1177576,204-9238954-8579521,AMAZON,B0CP7MN8ZP,,LHC6E27WH,1,7.88,4.99,2026-06-02 20:48:21,amazon Dcvoltage,false
1177578,204-5289212-4760366,AMAZON,B0DV5F3N8Z,,ENC8218,1,32.89,32.89,2026-06-02 20:54:47,amazon SRM Amazon,false
1177579,205-5028908-6717141,AMAZON,B0CTCBKBYK,,CRSF100BM+LHNSE27YB+SCRN70YB+LSFT220BI,2,43.28,14.55,2026-06-02 20:51:59,amazon Dcvoltage,false
1177580,202-4542796-6577165,AMAZON,B09HV7T2B5,,CRFF500BM+PHCN1PBRYB3PK+LSDM220YB3PK,1,33.79,28.16,2026-06-02 20:54:43,amazon Ledsone,false
1177581,205-7006911-7619529,AMAZON,B0DX6NBT9P,,CENU19150WH,1,4.38,0.91,2026-06-02 20:56:46,amazon Ledsone,false
1177582,203-6487837-4584336,AMAZON,B0DX75TBKB,,CERU72450GR,1,10.28,6.16,2026-06-02 20:57:14,amazon Ledsone,false
1177584,026-3154347-0129929,AMAZON,B0D83G5VKN,,ENC685,1,56.89,56.89,2026-06-02 21:01:48,amazon Dcvoltage,false
1177594,206-9863263-9029151,AMAZON,B0D83PFMTP,,WCDCBM3PK+RPR44WH3PK,1,24.29,24.29,2026-06-02 21:11:58,amazon Dcvoltage,false
1177598,206-1801339-8041153,AMAZON,B0C7WCH2PQ,,ENC5201,1,28.89,24.07,2026-06-02 21:19:37,amazon Ledsone,false
1177599,204-5789014-1594755,AMAZON,B0B8VVQSNV,,LDSG125LOE274,1,14.48,9.99,2026-06-02 21:16:17,amazon Ledsone,false
1177600,206-0988051-3031558,AMAZON,B0F1D59PXR,,RWWPSY08GY,1,5.26,1.99,2026-06-02 21:28:24,amazon Dcvoltage,false
1177601,202-4165997-9613121,AMAZON,B0CXX5K5LC,,WCDTGD2PK+RPR44WH2PK,1,20.29,20.29,2026-06-02 21:25:57,amazon Dcvoltage,false
1177602,026-4947495-6397139,AMAZON,B0FX2QT3B1,,LSCYRO300GD2PK+RPR44WH2PK,1,26.89,26.89,2026-06-02 21:22:32,amazon Dcvoltage,false
1177606,202-5154256-3258754,AMAZON,B0D6NBRV3X,,COY9ABM3PK,2,34.39,18.49,2026-06-02 21:34:36,amazon Dcvoltage,false
1177607,203-6200672-4009103,AMAZON,B08V945WZ5,,WCB7BC+RPR44WH,1,11.78,8.89,2026-06-02 21:28:21,amazon Dcvoltage,false
1177609,203-0916569-1718711,AMAZON,B0D297H6ZM,,LSCY290BM2PK+RPR44WH2PK,1,26.89,22.41,2026-06-02 21:35:20,amazon Ledsone,false
1177614,026-8658896-6950711,AMAZON,B095Z3GZFK,,CRFF500BM+PHRI1PBRYB3PK+LSFT220BM3PK,1,32.89,27.41,2026-06-02 21:46:20,amazon Ledsone,false
1177615,205-8949428-8487561,AMAZON,B0CN3F1JLS,,WCB7RR+RPR44WH,1,10.89,10.89,2026-06-02 21:39:28,amazon Dcvoltage,false
1177620,205-3742295-7473126,AMAZON,B0CZXL6ZYG,,TPOSBDBM,1,25.89,21.57,2026-06-02 21:58:53,amazon Ledsone,false
1177621,202-4076624-0070762,AMAZON,B0FX2QT3B1,,LSCYRO300GD2PK+RPR44WH2PK,3,80.67,26.89,2026-06-02 21:58:22,amazon Dcvoltage,false
1177625,206-4804485-7179562,AMAZON,B0DPM9QV89,,LHCTOYB,2,22.67,8.24,2026-06-02 22:03:10,amazon Ledsone,false
1177626,026-8125999-7447545,AMAZON,B092ZRC5KH,,PLTFRR+ICST64E2740,2,44.38,18.49,2026-06-02 22:05:57,amazon Ledsone,false
1177628,202-7536901-6914736,AMAZON,B0BC1BPPZG,,CL3RBKAPK,1,23.89,19.91,2026-06-02 22:08:56,amazon Ledsone,false
1177629,206-8720894-4540349,AMAZON,B0FG2YH42V,,ENC8743,1,31.69,26.41,2026-06-02 22:14:34,amazon Ledsone,false
1177630,202-8859994-8297126,AMAZON,B08NTKB1DM,,CRFF500BM+PHCH1BMRBM3PK+LSCY210BG3PK,1,38.79,32.32,2026-06-02 22:16:04,amazon Ledsone,false
1177632,205-4414768-3732351,AMAZON,B07WH1745B,,CRSF1202BM,1,9.78,6.89,2026-06-02 22:09:00,amazon Dcvoltage,false
1177633,203-8346317-4066722,AMAZON,B0CNQ1MB3F,,LDMG125B228,1,9.19,9.19,2026-06-02 22:11:26,amazon Dcvoltage,false
1177634,202-8239263-5549144,AMAZON,B0GS9MNQ44,,SPPGUK3PBR4PK,1,12.78,9.89,2026-06-02 22:08:56,amazon Dcvoltage,false
1177642,203-5251187-5166737,AMAZON,B0B4G9MW42,,CNT900BM,4,18.32,4.24,2026-06-02 22:25:05,amazon Ledsone,false
1177643,202-1308398-8321968,AMAZON,B0CQNKKQTK,,PLTTBS+LSFT220BS,1,20.89,20.89,2026-06-02 22:19:58,amazon Dcvoltage,false
1177645,202-0419590-0490726,AMAZON,B08VGPPCY1,,WCDTBM+RPR44WH,1,10.29,10.29,2026-06-02 22:35:09,amazon Dcvoltage,false
1177647,206-9741176-5837131,AMAZON,B0D9RXR2CM,,WCDTGD3PK+RPR44WH3PK,1,24.89,20.74,2026-06-02 22:35:15,amazon Ledsone,false
1177651,026-1206455-9060337,AMAZON,B0GLPHBN8D,,PL4HRR,1,39.98,37.09,2026-06-02 22:43:21,amazon Dcvoltage,false
1177653,202-7688280-3065145,AMAZON,B0CZXL6ZYG,,TPOSBDBM,1,25.89,21.57,2026-06-02 22:53:25,amazon Ledsone,false
1177657,026-1155964-7704335,AMAZON,B0DTT4PKCH,,WCVCWH3PK+RPR44WH3PK,1,21.49,21.49,2026-06-02 23:11:55,amazon Dcvoltage,false
1177662,203-0888964-7567543,AMAZON,B09L54SH5V,,PLHARR+LSOL180RR,2,39.04,18.08,2026-06-02 23:34:53,amazon Ledsone,false
1177663,205-6434109-5904367,AMAZON,B0D9QD677H,,CL2RIV5PK,1,13.79,11.49,2026-06-02 23:43:42,amazon Ledsone,false
1177664,203-6339559-0093169,AMAZON,B0FPQZHKXS,,LDCWT75B22122PK,1,15.89,13.24,2026-06-02 23:49:35,amazon Ledsone,false
1177669,026-2317432-5724365,AMAZON,B0G2L1MM5F,,ENC21,1,27.89,23.24,2026-06-03 00:36:56,amazon Ledsone,false
1177674,205-9919640-0739508,AMAZON,B0CNRL871B,,LDMST64E274,3,20.67,6.89,2026-06-03 01:27:37,amazon Dcvoltage,false
1177717,202-8420491-1008310,AMAZON,B0DGKTRDZN,,RPR44WH3PK,1,9.08,5.16,2026-06-03 05:48:44,amazon Ledsone,false
1177719,206-7908868-3500337,AMAZON,B09Z6RHPL3,,CCBC5,1,8.58,4.74,2026-06-03 06:09:01,amazon Ledsone,false
1177724,206-2920758-1106715,AMAZON,B0F2SZD4RK,,LSMS320WH+RPR44WH,1,14.99,12.49,2026-06-03 06:32:54,amazon Ledsone,false
1177742,203-3159183-9581948,AMAZON,B0BL82M8SB,,LDMT185E274,1,9.88,5.82,2026-06-03 07:26:46,amazon Ledsone,false
1177751,205-5683503-6211542,AMAZON,B0F1D3YQPG,,RWWPSY10GY,1,2.49,2.49,2026-06-03 07:53:03,amazon Dcvoltage,false
1177752,205-5683503-6211542,AMAZON,B0F1D2YMJS,,RWWPSY12GY,1,2.49,2.49,2026-06-03 07:53:03,amazon Dcvoltage,false
1177754,202-0180979-6942709,AMAZON,B0F29GB76Y,,SPSD78SN2PK,1,10.48,6.32,2026-06-03 07:54:18,amazon Ledsone,false
1177756,206-7966522-6753906,AMAZON,B0CCJ57823,,SPSDP3BM3PK,1,10.09,8.41,2026-06-03 08:12:43,amazon Ledsone,false
1177758,203-6003995-7313923,AMAZON,B0FX2QT3B1,,LSCYRO300GD2PK+RPR44WH2PK,1,26.89,26.89,2026-06-03 08:14:20,amazon Dcvoltage,false
1177764,205-0916645-4128344,AMAZON,B08YKBXRJ4,,CRSF2003YB+PHSH1PBRBC3PK+LSDM220YB3PK,1,39.99,39.99,2026-06-03 08:21:50,amazon Dcvoltage,false
1177765,026-6230558-9681140,AMAZON,B0DB29LMHK,,CRFF75BA2PK,1,11.49,9.57,2026-06-03 08:27:15,amazon Ledsone,false
1177766,026-6141805-8069151,AMAZON,B07QDBC5KR,,CRSF100CO+PHCHPBRCO,1,13.89,13.89,2026-06-03 08:33:24,amazon Dcvoltage,false
1177772,205-5856442-7757921,AMAZON,B0DX6NBT9P,,CENU19150WH,1,4.38,0.91,2026-06-03 08:39:49,amazon Ledsone,false
1177774,026-9686388-9529918,AMAZON,B0DQD74HVG,,PHSF1BMTYB3PK,1,27.71,23.09,2026-06-03 08:46:32,amazon Ledsone,false
1177777,206-0359583-7573106,AMAZON,B0DTPB2YC2,,WCB2BM3PK+RPR44WH3PK,1,21.89,18.24,2026-06-03 08:53:43,amazon Ledsone,false
1177787,205-0977616-7807503,AMAZON,B09477YHK7,,LDMG95E278APK,1,35.19,29.32,2026-06-03 09:01:08,amazon Ledsone,false
1177790,202-1048346-4255559,AMAZON,B0DQD8W18B,,PHSF1BMTBM5PK,1,47.49,39.57,2026-06-03 09:04:49,amazon Ledsone,false
1177799,202-8299072-6962710,AMAZON,B0CMCQ3PJS,,CRSF100WH+PHCH1PCTSRE,1,10.89,9.07,2026-06-03 09:16:47,amazon Ledsone,false
1177804,206-5215587-9501137,AMAZON,B078T7GTT9,,LDMST64E274,1,9.78,5.74,2026-06-03 09:26:17,amazon Ledsone,false
1177815,203-0386124-1306717,AMAZON,B0C5XZ8198,,LSTF40BM+RPR44WH,1,10.89,9.07,2026-06-03 09:44:02,amazon Ledsone,false
1177816,206-7915501-5239513,AMAZON,B0DTZ24CTF,,LSMS320BG+RPR44WH,2,33.18,13.83,2026-06-03 09:46:00,amazon Ledsone,false
1177821,202-7522149-2851564,AMAZON,B0CVGYZHM8,,CENU70450BM,2,16.67,5.74,2026-06-03 09:50:07,amazon Ledsone,false
1177823,204-6668732-9003546,AMAZON,B0DX19J4S2,,LHSHE27CO2PK,1,10.89,10.89,2026-06-03 09:50:52,amazon SRM Amazon,false
1177830,203-7475457-7762722,AMAZON,B0B9K1T24B,,CL2TCR5PK,1,14.09,11.74,2026-06-03 10:03:36,amazon Ledsone,false
1177835,026-8995774-5213919,AMAZON,B0G39TDFLX,,LSCG185AR+SCRN70FG,1,18.59,15.49,2026-06-03 10:10:41,amazon Ledsone,false
1177836,204-4989086-7471565,AMAZON,B0F7Q77D8Q,,ENC7472,1,30.89,25.74,2026-06-03 10:20:12,amazon Ledsone,false
1177838,026-0929840-2266736,AMAZON,B0DX6BP7GV,,CENU46450WH,1,7.18,3.24,2026-06-02 14:14:25,amazon Ledsone,false
1177839,203-4484200-2315558,AMAZON,B0FQVCJCKP,,ENC9107,2,50.20,27.89,2026-06-03 10:21:02,amazon Dcvoltage,false
1177840,204-2301290-9509169,AMAZON,B0CTC93TVC,,CRSF100BM+LHNSE27YB+SCRN70BM+LSFT220GS,1,20.89,20.89,2026-06-03 10:24:34,amazon Dcvoltage,false
1177847,203-0847628-8483547,AMAZON,B0FB3WTV46,,LDMC35E1442PK,1,12.78,8.24,2026-06-03 10:31:30,amazon Ledsone,false
1177848,026-9383333-2061162,AMAZON,B0DH4KYFPD,,WCDTBM2PK+RPR44WH2PK,1,18.29,15.24,2026-06-03 10:33:54,amazon Ledsone,false
1177858,205-7974561-3929110,AMAZON,B0GNYRK2GT,,LHXSHE27BM5PK,1,28.79,23.99,2026-06-03 10:50:20,amazon Ledsone,false
1177859,026-0072837-4524379,AMAZON,B0DV5F3N8Z,,ENC8218,1,35.89,29.91,2026-06-03 11:06:41,amazon Ledsone,false
1177860,206-1222487-9053911,AMAZON,B0CK7ZQFXV,,CRFF500BM+PHBK1PBRBA3PK+ICST64E273PK,1,32.39,29.99,2026-06-03 10:51:35,amazon Ledsone,false
1177861,206-5917602-0761915,AMAZON,B07PM469HP,,CL3TCRAPK,1,19.89,19.89,2026-06-03 11:03:30,amazon Dcvoltage,false
1177862,203-9849060-3147505,AMAZON,B0G7CBNVMV,,12UK3P5A+SLW8,1,13.17,13.17,2026-06-03 10:46:55,amazon Dcvoltage,false
1177863,205-4565381-6024319,AMAZON,B0DLWLKTG6,,CL3THEAPK,1,22.89,22.89,2026-06-03 10:50:20,amazon Dcvoltage,false
1177864,203-2656551-5172362,AMAZON,B0FZCW7KC7,,LSHM300HE+RPR44WH,3,62.67,20.89,2026-06-03 10:46:04,amazon Dcvoltage,false
1177865,206-9036204-7431562,AMAZON,B0CBPQH72B,,WCB4BS2PK+RPR44WH2PK,1,17.19,17.19,2026-06-03 10:53:40,amazon Dcvoltage,false
1177877,206-0531672-7825148,AMAZON,B0F441RQ1Q,,CENU25200BM2PK,1,5.88,2.99,2026-06-03 11:00:28,amazon Dcvoltage,false
1177878,203-5626586-8809942,AMAZON,B07FDZHM1C,,CCBC18,1,10.89,10.89,2026-06-03 11:07:35,amazon Dcvoltage,false
1177885,026-3018396-2412302,AMAZON,B0FPWXQWQD,,LDCWA60HB2296PK,1,9.98,6.24,2026-06-03 11:14:21,amazon Ledsone,false
1177886,202-4964796-3989934,AMAZON,B0GP7M293K,,LHPVHRE27WH3PK,1,11.18,6.91,2026-06-03 11:15:50,amazon Ledsone,false
1177894,204-1922973-7410709,AMAZON,B096FPKPNQ,,ENC685,1,56.89,56.89,2026-06-03 11:23:28,amazon Dcvoltage,false
1177900,026-7029949-7701158,AMAZON,B0CBPTFNRX,,WCB4BM2PK+RPR44WH2PK,1,15.89,15.89,2026-06-03 11:32:45,amazon Dcvoltage,false
1177901,026-7029949-7701158,AMAZON,B0CNJX1DV8,,WCB7WH+RPR44WH,1,10.89,10.89,2026-06-03 11:32:45,amazon Dcvoltage,false
1177902,026-8504964-1673154,AMAZON,B0CVH4QJ7R,,RWWPSY0660YE2PK,1,7.88,4.99,2026-06-03 11:35:42,amazon Dcvoltage,false
1177903,203-4038906-5860351,AMAZON,B0C9DV894B,,SPSDP2YB,1,5.79,5.79,2026-06-03 11:37:09,amazon Dcvoltage,false
1177911,203-2167743-3609935,AMAZON,B0DRYS2NL7,,LHSHE27CH3PK,1,17.69,17.69,2026-06-03 11:49:51,amazon SRM Amazon,false
1177912,206-5324049-5865963,AMAZON,B0DZ1Y975Y,,RWWPSY1050YE2PK,1,11.28,6.99,2026-06-03 11:53:35,amazon Ledsone,false
1177913,202-9394318-5189952,AMAZON,B0CFVDH4FK,,PSOS4BMTHE2PK+ICST64E272PK,1,37.99,31.66,2026-06-03 11:52:19,amazon Ledsone,false
1177914,204-9601066-9843534,AMAZON,B0DCFXBYJG,,LDSG95DIE2745PK,1,26.89,22.41,2026-06-03 11:55:38,amazon Ledsone,false
1177915,205-5680835-4940322,AMAZON,B0F9YJX982,,CRSF100HBM+WSWS1PHTBM+PSDS2BPB+WCDCBM,1,19.99,19.99,2026-06-03 11:51:10,amazon Dcvoltage,false
1177916,206-5421206-0353102,AMAZON,B0CRZ5BVRY,,LSCY290OR+RPR44WH,1,15.89,15.89,2026-06-03 11:51:11,amazon Dcvoltage,false
1177917,202-1441302-8841125,AMAZON,B0DBLPCHT6,,CL3RBK5PK,1,13.49,13.49,2026-06-03 11:54:24,amazon Dcvoltage,false
1177923,026-7759179-5152352,AMAZON,B0DTHJJLW2,,WCB6BS3PK+RPR44WH3PK,1,22.89,22.89,2026-06-03 12:14:59,amazon Dcvoltage,false
1177935,205-6474907-4571569,AMAZON,B0CK4KNT3L,,CRSF100RE+WSCH135RE+LSDO210RE,1,16.49,16.49,2026-06-03 12:31:34,amazon SRM Amazon,false
1177944,026-0565413-0478732,AMAZON,B0CVL5HFQX,,LSEL400BM+RPR44WH,1,17.49,17.49,2026-06-03 12:52:26,amazon Dcvoltage,false
1177946,206-8194967-1426762,AMAZON,B0CFHKYH59,,CRSF100BM2PK+PHRNWP1RBM2PK,1,20.09,16.74,2026-06-03 12:55:08,amazon Ledsone,false
1177953,204-4366717-7555505,AMAZON,B0FR8ZYWXB,,LSCY290BG2PK+RPR44WH2PK,1,31.79,31.79,2026-06-03 13:05:43,amazon Dcvoltage,false
1177954,204-9086819-4344324,AMAZON,B0BV6STH5F,,CRSF100BM+WSTR135BM+PSDS4BPB+WCDCBM,1,22.19,18.49,2026-06-03 13:00:37,amazon Ledsone,false
1177955,206-8500742-6128324,AMAZON,B0GL8H8QD2,,LDMT185E2743PK,1,15.29,12.74,2026-06-03 13:04:12,amazon Ledsone,false
1177956,202-0001059-1687529,AMAZON,B0CZXL6ZYG,,TPOSBDBM,1,25.89,21.57,2026-06-03 13:03:48,amazon Ledsone,false
1177987,026-8009482-9751562,AMAZON,B093T4C95B,,LSMS320CB+RPR44WH,1,13.99,11.66,2026-06-03 13:49:07,amazon Ledsone,false
1177989,202-7217619-0959500,AMAZON,B0CW61BVHT,,CRSF100BM+PHHT1PBRBM+LSFT320GY,8,166.27,17.32,2026-06-03 13:56:02,amazon Ledsone,false
1177990,203-3328966-4327538,AMAZON,B0DSBVY2DZ,,CRSF100BM+PHUP1PBRBM+LSH3325HE,5,124.45,20.74,2026-06-03 14:03:31,amazon Ledsone,false
1177995,026-0915104-1097114,AMAZON,B08XNQFS2H,,LSSS300PI+RPR44WH,1,13.49,13.49,2026-06-03 14:06:35,amazon Dcvoltage,false
1177996,026-0915104-1097114,AMAZON,B0DNSNDJMH,,LSSS300GB+RPR44WH,1,16.99,16.99,2026-06-03 14:06:35,amazon Dcvoltage,false
1178000,204-0628004-3193164,AMAZON,B08XNPSWMN,,CRSF100BC+LHNSE27YB+SCRN70BC+LSWD360BC,1,29.89,29.89,2026-06-03 14:12:01,amazon Dcvoltage,false
1178001,205-7555614-9857110,AMAZON,B0CNXKTTGD,,CL3TBU3PK,1,7.78,4.49,2026-06-03 14:16:33,amazon Dcvoltage,false
1178009,204-8556871-6806702,AMAZON,B0C2VN1M6S,,CRSF100GB+LHNSE27GB+LSRP260GB,1,28.89,24.07,2026-06-03 14:12:01,amazon Ledsone,false
1178013,205-2044792-9007528,AMAZON,B0DH96L1ZH,,CL3TBMAPK,1,25.89,25.89,2026-06-03 14:29:37,amazon Dcvoltage,false
1178014,206-6124125-8555509,AMAZON,B0CVN2WSY6,,CENU46450WH,1,7.88,4.49,2026-06-03 14:40:41,amazon Dcvoltage,false
1178015,204-3153816-3085916,AMAZON,B0CV5FGN5Z,,LDST185E2742PK,1,13.79,11.49,2026-06-03 14:27:51,amazon Ledsone,false
1178019,202-5909639-1397934,AMAZON,B0DH623GPF,,CL2TBM2PK,1,6.99,6.99,2026-06-03 14:38:53,amazon Dcvoltage,false
1178021,206-5452315-8369112,AMAZON,B0F43VJ1MN,,LSCY290BU+RPR44WH,2,31.78,13.24,2026-06-03 14:48:43,amazon Ledsone,false
1178027,204-3886065-2026718,AMAZON,B07CPXW4HM,,12IP6760,1,15.47,12.89,2026-06-03 14:59:20,amazon Ledsone,false
1178037,204-7758794-0921942,AMAZON,B09LHV32SZ,,CRSF1203WH+PHTT1PWR1WH3PK+SPSPWH2PK,1,21.79,18.16,2026-06-03 15:09:09,amazon Ledsone,false
1178040,026-7978133-7112337,AMAZON,B0DFHHJHZ6,,HLCH96BM2PK,1,10.79,10.79,2026-06-03 15:09:04,amazon Dcvoltage,false
1178041,026-7978133-7112337,AMAZON,B0DFHKC2NR,,HLCH96BM3PK,1,16.19,16.19,2026-06-03 15:09:04,amazon Dcvoltage,false
1178042,203-6763879-9245111,AMAZON,B08TM2GGZQ,,LSFT220GR+RPR44WH,1,11.89,11.89,2026-06-03 15:13:17,amazon Dcvoltage,false
1178043,203-6154993-0258705,AMAZON,B0DX6BP7GV,,CENU46450WH,1,7.18,3.24,2026-06-03 15:15:46,amazon Ledsone,false
1178051,205-6963890-4860345,AMAZON,B0CNQ1Q3BJ,,LDMG125E278,1,8.19,8.19,2026-06-03 15:17:25,amazon Dcvoltage,false
1178053,205-2167291-4131510,AMAZON,B083XHFBY1,,CL2RBM3PK,1,9.28,4.99,2026-06-03 15:17:25,amazon Ledsone,false
1178063,202-0411726-4602749,AMAZON,B0FW514SS5,,LSCYRO300BM,1,17.89,17.89,2026-06-03 15:33:34,amazon Dcvoltage,false
1178066,206-5188114-6369105,AMAZON,B07CPZMYPX,,12IP6736,1,12.89,10.74,2026-06-03 15:35:48,amazon Ledsone,false
1178071,202-0713591-0222728,AMAZON,B0DQD74HVG,,PHSF1BMTYB3PK,4,93.28,21.59,2026-06-03 16:05:17,amazon Ledsone,false
1178074,203-7842535-2303556,AMAZON,B0FXFK62XH,,WCFL180RO2PK,1,24.49,20.41,2026-06-03 16:14:25,amazon Ledsone,false
1178075,204-6506749-9705944,AMAZON,B0DZNQCJX5,,RWWPSY08GY,1,4.58,1.41,2026-06-03 16:15:31,amazon Ledsone,false
1178082,206-3331607-8251538,AMAZON,B08L6515VT,,LDCWE2725,1,8.88,5.99,2026-06-03 16:23:20,amazon Dcvoltage,false
1178083,026-6601721-0611567,AMAZON,B0CKR9W6X5,,PLHWBC+ICST64E273PK,3,83.67,27.89,2026-06-03 16:22:46,amazon Dcvoltage,false
1178084,204-2958568-5768334,AMAZON,B0D4QLPVSG,,CSBEB6BL+CSBEB6LG,1,10.48,7.59,2026-06-03 16:26:55,amazon Dcvoltage,false
1178088,204-2341300-8663505,AMAZON,B0DH5YFWM8,,CL2THE3PK,1,8.99,8.99,2026-06-03 16:29:10,amazon Dcvoltage,false
1178089,202-9082473-8827554,AMAZON,B0965HZJGN,,ENC686,1,52.49,52.49,2026-06-03 16:34:49,amazon Dcvoltage,false
1178090,203-0416180-1962750,AMAZON,B07CS95JS8,,CL3RSIAPK,2,43.88,18.29,2026-06-03 16:37:39,amazon Ledsone,false
1178091,203-4374535-0105962,AMAZON,B08RYTP5WV,,HRE2738WH2PK,1,3.80,0.91,2026-06-03 16:26:35,amazon SRM Amazon,false
1178095,205-3371436-7884301,AMAZON,B0F944BWSZ,,CL3TBM3PK,2,21.87,7.91,2026-06-03 16:42:21,amazon Ledsone,false
1178096,204-0009375-7255538,AMAZON,B09LVDR4TQ,,PHCT1BMRBM+PHDO1PBRBM+LSCY290GB,1,25.69,21.41,2026-06-03 16:46:02,amazon Ledsone,false
1178097,026-9228968-7657957,AMAZON,B0DH64Q1RJ,,CL2TBK3PK,1,7.99,7.99,2026-06-03 16:45:28,amazon Dcvoltage,false
1178098,205-1581380-0041102,AMAZON,B0FX2XDLT5,,LSCYRO200BM2PK+RPR44WH2PK,1,22.89,22.89,2026-06-03 16:47:48,amazon Dcvoltage,false
1178110,202-4165789-6392309,AMAZON,B08XXW4PKK,,WCB7BM+RPR44WH,1,10.89,10.89,2026-06-03 17:09:34,amazon Dcvoltage,false
1178111,206-7822103-3235517,AMAZON,B0D9RXR2CM,,WCDTGD3PK+RPR44WH3PK,2,49.78,20.74,2026-06-03 17:13:34,amazon Ledsone,false
1178112,026-2449450-0868306,AMAZON,B0GLPXD3LQ,,LSCY290DBI+RPR44WH,1,15.89,13.24,2026-06-03 17:15:55,amazon Ledsone,false
1178119,205-9177403-5201945,AMAZON,B0H38YJTN8,,LSGL9015GY2PK+RPM40WH2PK,1,18.89,18.89,2026-06-03 17:21:53,amazon Dcvoltage,false
1178120,202-3962151-1280316,AMAZON,B0CVKXQMNQ,,RWWPSY1050YE2PK,2,17.99,6.99,2026-06-03 17:21:23,amazon Ledsone,false
1178147,205-6772805-3225952,AMAZON,B0FVM9XG95,,CERU72450RE,1,10.78,6.57,2026-06-03 18:07:28,amazon Ledsone,false
1178152,202-9345770-3204315,AMAZON,B0DFHHJHZ6,,HLCH96BM2PK,3,32.37,10.79,2026-06-03 18:09:26,amazon Dcvoltage,false
1178158,203-4562561-1154745,AMAZON,B0C3ZTBRHZ,,LSCY290BM+RPR44WH,1,15.89,13.24,2026-06-03 18:27:10,amazon Ledsone,false
1178165,202-5918366-0092366,AMAZON,B0DFHN9WRJ,,LSCY290BC+RPR44WH,1,16.89,16.89,2026-06-03 18:29:51,amazon Dcvoltage,false
1178166,205-5668345-7785953,AMAZON,B0CNXLNGF8,,CL3TGR3PK,1,7.78,4.49,2026-06-03 18:28:07,amazon Dcvoltage,false
1178167,202-0717391-9913948,AMAZON,B0GL873FCB,,LDMT185E274,1,5.99,4.99,2026-06-03 18:32:49,amazon Ledsone,false
1178168,205-6433588-3793140,AMAZON,B0F9VGLPDL,,CL3RGL3PK,1,9.68,5.66,2026-06-03 18:36:29,amazon Ledsone,false
1178175,202-7870312-4812361,AMAZON,B08JJ76ZYR,,12IP6730,1,10.59,10.59,2026-06-03 18:48:19,amazon SRM Amazon,false
1178176,206-9014571-4324355,AMAZON,B0FQVCJCKP,,ENC9107,1,27.89,27.89,2026-06-03 18:39:18,amazon Dcvoltage,false
1178179,202-8647588-2081159,AMAZON,B0DBZQVRLZ,,CL3RHE5PK,1,12.99,12.99,2026-06-03 18:52:47,amazon SRM Amazon,false
1178181,205-8274789-8599555,AMAZON,B0DH4KYFPD,,WCDTBM2PK+RPR44WH2PK,1,18.29,15.24,2026-06-03 18:54:54,amazon Ledsone,false
1178185,205-8006657-9120305,AMAZON,B0FX2SP39V,,LSCYRO200WH2PK+RPR44WH2PK,1,22.89,22.89,2026-06-03 18:58:29,amazon Dcvoltage,false
1178186,206-4177828-2761906,AMAZON,B0DBZGHLSR,,LDSHEAE2743PK,1,21.89,18.24,2026-06-03 19:01:32,amazon Ledsone,false
1178191,205-2461798-7020331,AMAZON,B0F2919THD,,LSCY290CO+RPR44WH,1,18.89,15.74,2026-06-03 19:12:07,amazon Ledsone,false
1178192,203-9635601-6617164,AMAZON,B093T331FJ,,LSCY290GY+RPR44WH,1,16.09,13.41,2026-06-03 19:15:10,amazon Ledsone,false
1178198,026-1147047-8223548,AMAZON,B0CV5CYJFJ,,LDSG125MUE2742PK,1,17.89,14.91,2026-06-03 19:23:57,amazon Ledsone,false
1178200,202-5406269-8647539,AMAZON,B0CCHYSJWC,,SPSDP2YB,1,8.68,4.82,2026-06-03 19:28:21,amazon Ledsone,false
1178210,204-7349383-9382712,AMAZON,B08QRGQ484,,ENC108,1,39.89,39.89,2026-06-03 19:32:22,amazon Dcvoltage,false
1178212,206-1110951-5198758,AMAZON,B0DD3C2Z39,,LSDO210BS2PK+RPR44WH2PK,1,18.49,15.41,2026-06-03 19:39:20,amazon Ledsone,false
1178213,026-7408624-1084355,AMAZON,B0CG21CP4J,,CRFF108BM+LHTKE27BA,1,10.99,9.16,2026-06-03 19:43:57,amazon Ledsone,false
1178214,206-4918833-1765943,AMAZON,B0FPQVNKW5,,LDCWT75B22126PK,1,20.89,17.41,2026-06-03 19:42:52,amazon Ledsone,false
1178215,202-8820657-4712348,AMAZON,B0F29GB76Y,,SPSD78SN2PK,1,10.48,6.32,2026-06-03 19:47:37,amazon Ledsone,false
1178216,203-4367026-1680318,AMAZON,B07CWS93WM,,LDMG95B224,1,6.99,6.99,2026-06-03 19:47:55,amazon Dcvoltage,false
1178224,202-9336244-2327508,AMAZON,B07S8BBQ3X,,CRSF100SN,1,10.78,7.89,2026-06-03 19:49:52,amazon Dcvoltage,false
1178225,206-6843490-9631540,AMAZON,B08DRQC4SB,,CRSF100YB+PHCHPCRYB,2,21.98,10.99,2026-06-03 19:50:22,amazon SRM Amazon,false
1178232,202-4046732-5282723,AMAZON,B0CQNHPKT7,,PLTTBM+LSFT220BM,1,20.89,20.89,2026-06-03 20:08:38,amazon Dcvoltage,false
1178233,205-5197066-1993963,AMAZON,B0DJ19521Q,,12IP6720,1,8.88,4.99,2026-06-03 20:03:49,amazon Ledsone,false
1178234,206-9847305-7386738,AMAZON,B0DG2DZJ6V,,ENC7619,1,32.89,27.41,2026-06-03 20:04:12,amazon Ledsone,false
1178238,204-5469131-4100325,AMAZON,B0DTPB2YC2,,WCB2BM3PK+RPR44WH3PK,1,21.89,18.24,2026-06-03 20:12:08,amazon Ledsone,false
1178239,206-3588001-6144345,AMAZON,B0F2919THD,,LSCY290CO+RPR44WH,1,17.89,14.91,2026-06-03 20:17:49,amazon Ledsone,false
1178247,206-4850766-4015501,AMAZON,B096FP59Q2,,PLADRR+ICST64E27603PK,1,49.49,49.49,2026-06-03 20:29:26,amazon Dcvoltage,false
1178248,202-4065603-7415532,AMAZON,B0B8P9BKXB,,LDMG125E278,3,32.67,9.07,2026-06-03 20:30:44,amazon Ledsone,false
1178249,206-8985545-2338734,AMAZON,B0D9RRFVV1,,WCDCBM2PK+RPR44WH2PK,1,18.89,15.74,2026-06-03 20:30:14,amazon Ledsone,false
1178251,026-3335349-1164353,AMAZON,B079ZV5MZL,,12IP6710,1,10.78,6.57,2026-06-03 20:34:51,amazon Ledsone,false
1178252,205-9902314-8632305,AMAZON,B0CR198Z7L,,MBCO2538CLNPK,1,12.19,10.16,2026-06-03 20:35:47,amazon Ledsone,false
1178253,203-0467907-4271547,AMAZON,B084645W4S,,LDMST64E2783PK,2,25.78,10.74,2026-06-03 20:38:19,amazon Ledsone,false
1178255,203-4086147-6558748,AMAZON,B0CNTD1PTQ,,WCB6BB+RPR44WH,1,10.09,10.09,2026-06-03 20:43:23,amazon Dcvoltage,false
1178256,203-8073388-4016355,AMAZON,B08WJHR3FD,,CRSF100YB+LHNSE27YB+LSRP260YB,1,26.29,26.29,2026-06-03 20:44:46,amazon Dcvoltage,false
1178261,204-2002704-4341163,AMAZON,B0D7H6835J,,LSSS300BB2PK+RPR44WH2PK,1,27.09,22.57,2026-06-03 20:55:14,amazon Ledsone,false
1178271,205-6818151-0719565,AMAZON,B09LM5Q942,,CRFF140GB,1,9.78,5.74,2026-06-03 20:59:06,amazon Ledsone,false
1178287,204-3638670-6031553,AMAZON,B0DF7S438X,,LSMS320WH2PK+RPR44WH2PK,1,27.99,23.32,2026-06-03 21:16:01,amazon Ledsone,false
1178294,202-5339787-1561951,AMAZON,B09JVSRK4Y,,LDSG95DIE274APK,1,38.89,38.89,2026-06-03 21:22:33,amazon Dcvoltage,false
1178301,205-2058057-0002720,AMAZON,B0GL7GLZ8N,,ENC9424,1,31.69,26.41,2026-06-03 21:37:29,amazon Ledsone,false
1178310,205-9854332-9962763,AMAZON,B084RFZNH8,,WCB7BM+RPR44WH,4,47.56,9.91,2026-06-03 21:52:08,amazon Ledsone,false
1178311,026-5287806-4376314,AMAZON,B0B9K41YZ7,,CL3TBK5PK,1,13.79,11.49,2026-06-03 21:53:10,amazon Ledsone,false
1178312,204-6949767-3373960,AMAZON,B0C5QLSZNP,,WCVCBC+RPR44WH,1,10.39,10.39,2026-06-03 21:51:53,amazon Dcvoltage,false
1178316,026-5988515-3435559,AMAZON,B0CNQ1Q3BJ,,LDMG125E278,1,8.19,8.19,2026-06-03 22:04:39,amazon Dcvoltage,false
1178317,026-2315240-7077904,AMAZON,B0GW7T9WPD,,CRSF1202WH,1,9.58,5.57,2026-06-03 21:59:12,amazon Ledsone,false
1178321,204-7852893-3401165,AMAZON,B0F29GB76Y,,SPSD78SN2PK,1,10.48,6.32,2026-06-03 22:12:59,amazon Ledsone,false
1178322,203-7008237-7231532,AMAZON,B08XB9VQZ3,,PSDS2BMRBU,1,11.99,11.99,2026-06-03 22:09:13,amazon Dcvoltage,false
1178324,026-1108155-3939563,AMAZON,B08P1H5JLL,,LSRP260CO+RPR44WH,2,37.78,18.89,2026-06-03 22:18:01,amazon Dcvoltage,false
1178331,205-5841806-6951542,AMAZON,B0F5B738QG,,WCWYBC2PK,1,11.09,9.24,2026-06-03 22:24:33,amazon Ledsone,false
1178332,205-1272227-7000333,AMAZON,B0DV5D8QP4,,ENC8215,1,45.99,38.32,2026-06-03 22:29:38,amazon Ledsone,false
1178338,204-5531114-0864335,AMAZON,B0DTZ26LDY,,LSHH240BG,2,24.46,11.33,2026-06-03 22:35:16,amazon Ledsone,false
1178339,206-3899220-7917109,AMAZON,B08XNTWYY2,,LSCY290CO+RPR44WH,1,18.89,18.89,2026-06-03 22:24:06,amazon Dcvoltage,false
1178345,204-8589359-7191565,AMAZON,B0C9TY8GWK,,LSCY210BC+RPR44WH,2,21.78,10.89,2026-06-03 22:50:14,amazon Dcvoltage,false
1178348,026-8844061-5525130,AMAZON,B09M42QJCS,,LDMG125E2785PK,1,27.89,27.89,2026-06-03 22:53:02,amazon Dcvoltage,false
1178351,026-1353826-9364322,AMAZON,B0D7ZTRLBH,,LSCY290BM2PK+RPR44WH2PK,1,27.89,23.24,2026-06-03 23:04:18,amazon Ledsone,false
1178353,026-2412317-2252363,AMAZON,B0F43WHXJ9,,LSCY290SN+RPR44WH,1,15.24,15.24,2026-06-03 23:04:18,amazon Ledsone,false
1178354,026-2412317-2252363,AMAZON,B0F43XSTZC,,LSCY290BC+RPR44WH,1,13.24,13.24,2026-06-03 23:04:18,amazon Ledsone,false
1178357,026-9519326-5908348,AMAZON,B0D7MQC47C,,CRFF105BA2PK,1,13.89,11.57,2026-06-03 23:19:29,amazon Ledsone,false
1178360,204-6299603-6036311,AMAZON,B0BNNTZSBR,,LDMG125B2286PK,1,24.19,20.16,2026-06-03 23:32:58,amazon Ledsone,false
1178361,204-5456259-7073118,AMAZON,B08SHXTWQ3,,LSLC180BM+RPR44WH,1,10.69,10.69,2026-06-03 23:43:27,amazon SRM Amazon,false
1178365,203-0208169-3433144,AMAZON,B07CGYV9TN,,CL2TLB,1,5.28,1.99,2026-06-04 00:17:06,amazon Dcvoltage,false
1178366,204-8969421-4453125,AMAZON,B0DBZHMXVT,,ENC7848,2,97.78,40.74,2026-06-04 00:37:40,amazon Ledsone,false
1178368,203-4382780-2253131,AMAZON,B0DBWH4SQR,,CL2RCR5PK,1,11.49,11.49,2026-06-04 00:49:50,amazon Dcvoltage,false
1178369,204-8015548-8745900,AMAZON,B0FX2SZFZM,,LSCYRO300BM2PK+RPR44WH2PK,1,26.89,26.89,2026-06-04 00:47:22,amazon Dcvoltage,false
1178370,026-4728182-7345932,AMAZON,B0DGLMF2LC,,HLCH128BM2PK,1,10.79,10.79,2026-06-04 00:59:23,amazon Dcvoltage,false
1178371,203-4327431-8659538,AMAZON,B0DTHZ1JX5,,WCDCBM4PK+RPR44WH4PK,1,29.49,24.57,2026-06-04 01:14:32,amazon Ledsone,false
1178378,206-0974231-0879539,AMAZON,B0B82Y8Q8N,,PHSF1GDRFG,1,20.69,13.07,2026-06-04 02:25:45,amazon Ledsone,false
1178406,202-7353903-4017125,AMAZON,B0CN376GSP,,CRSF1202BM+PHHT2PBRBM2PK+SPUPBM2PK,1,19.89,16.57,2026-06-04 05:12:44,amazon Ledsone,false
1178424,026-3623317-0437150,AMAZON,B0D6WBJJ8J,,FWS34445BM,1,9.78,9.78,2026-06-04 06:43:39,amazon SRM Amazon,false
1178426,203-1920267-4876329,AMAZON,B09L8KS17V,,CRSF100BM+PHCH1BMRBM+LSDO400BI,4,86.72,18.07,2026-06-04 00:41:10,amazon Ledsone,false
1178442,204-0684028-1869914,AMAZON,B0CW61BVHT,,CRSF100BM+PHHT1PBRBM+LSFT320GY,1,20.78,17.32,2026-06-04 07:30:17,amazon Ledsone,false
1178444,203-4710779-7581165,AMAZON,B0DH4KYFPD,,WCDTBM2PK+RPR44WH2PK,1,18.29,15.24,2026-06-04 07:31:56,amazon Ledsone,false
1178445,202-8650486-1592337,AMAZON,B0DZNQCJX5,,RWWPSY08GY,1,4.58,1.41,2026-06-04 07:36:02,amazon Ledsone,false
1178458,205-6736156-1580363,AMAZON,B0DH4KYFPD,,WCDTBM2PK+RPR44WH2PK,1,18.29,15.24,2026-06-04 08:00:30,amazon Ledsone,false
1178459,203-4730068-7699540,AMAZON,B083XCPSZ7,,CL2RHE3PK,1,9.28,4.99,2026-06-04 08:14:51,amazon Ledsone,false
1178462,206-5320253-5989105,AMAZON,B0FW4NQ5X6,,LSCYRO300WH,1,16.89,14.07,2026-06-04 08:21:43,amazon Ledsone,false
1178469,204-0307722-1984346,AMAZON,B0DTZ24CTF,,LSMS320BG+RPR44WH,1,16.59,13.82,2026-06-04 08:54:25,amazon Ledsone,false
1178488,204-4016224-5545144,AMAZON,B0CNLZLJZT,,WCB2BM+RPR44WH,1,10.49,10.49,2026-06-03 15:45:19,amazon Dcvoltage,false
1178491,206-3962483-3817114,AMAZON,B08X7J912L,,PLPYBC,4,60.80,16.89,2026-06-04 09:03:24,amazon Dcvoltage,false
1178496,203-0288767-7073946,AMAZON,B0GVSYH4DM,,WCBTC140FG2PK+RPR44WH2PK,1,22.89,19.07,2026-06-04 09:13:43,amazon Ledsone,false
1178497,205-7680976-3684353,AMAZON,B07WH2551R,,CRSF1205BM,1,12.78,9.89,2026-06-04 09:14:28,amazon Dcvoltage,false
1178503,203-3849074-9956323,AMAZON,B0CNQ1Q3BJ,,LDMG125E278,1,8.19,8.19,2026-06-04 09:20:59,amazon Dcvoltage,false
1178504,204-9443273-0950709,AMAZON,B0CS3LSTMS,,WCB7BS+RPR44WH,1,10.89,10.89,2026-06-04 09:24:51,amazon Dcvoltage,false
1178505,205-3714100-0753911,AMAZON,B0FX2QT3B1,,LSCYRO300GD2PK+RPR44WH2PK,1,26.89,26.89,2026-06-04 09:27:36,amazon Dcvoltage,false
1178514,203-1058701-4714756,AMAZON,B0DMT5TFSY,,PCFT90TBMAPK,1,16.29,13.57,2026-06-04 09:41:48,amazon Ledsone,false
1178516,206-4910204-3328356,AMAZON,B09L54SH5V,,PLHARR+LSOL180RR,3,58.56,18.07,2026-06-04 09:45:39,amazon Ledsone,false
1178519,205-0828516-2429101,AMAZON,B0CVL1N6WV,,LSEL400GY+RPR44WH,1,17.49,17.49,2026-06-04 09:59:24,amazon Dcvoltage,false
1178525,204-9742195-0404314,AMAZON,B0CGD98GVG,,CRSF100WH+PHRY2PCRWH,1,14.17,11.81,2026-06-04 10:03:42,amazon Ledsone,false
1178526,206-0582113-2142729,AMAZON,B095Z3GZFK,,CRFF500BM+PHRI1PBRYB3PK+LSFT220BM3PK,3,98.67,27.41,2026-06-04 10:07:43,amazon Ledsone,false
1178528,202-7415601-6970740,AMAZON,B0FQVK88R8,,ENC9103,1,23.89,23.89,2026-06-04 10:14:02,amazon Dcvoltage,false
1178535,026-5244499-9195543,AMAZON,B0B71MJFDZ,,CRSF100BM,1,8.88,4.99,2026-06-04 10:31:28,amazon Ledsone,false
1178538,204-5303395-9740355,AMAZON,B09WJFXSD9,,CRFF140SN+WSNW170SN+LSOL220SN,2,45.78,19.08,2026-06-04 10:41:39,amazon Ledsone,false
1178539,204-6824959-7778704,AMAZON,B0FX2SP39V,,LSCYRO200WH2PK+RPR44WH2PK,1,22.89,22.89,2026-06-04 10:47:03,amazon Dcvoltage,false
1178540,204-2351727-6845957,AMAZON,B09YYRTJWR,,PLADBC+LSDO210BC3PK,1,47.89,47.89,2026-06-04 10:41:39,amazon Dcvoltage,false
1178547,205-5826947-5725927,AMAZON,B0DK4TF9X2,,SPWL43BM2PK,1,13.59,11.32,2026-06-04 10:53:45,amazon Ledsone,false
1178548,204-5752473-1917145,AMAZON,B0D83PFMTP,,WCDCBM3PK+RPR44WH3PK,1,24.29,24.29,2026-06-04 10:53:23,amazon Dcvoltage,false
1178549,204-3178083-3577936,AMAZON,B0CF1N2JNF,,BLOB1GU3002PK+LDGU10CD52PK,1,50.89,50.89,2026-06-04 10:53:56,amazon Dcvoltage,false
1178550,204-3178083-3577936,AMAZON,B0CF1H4YZN,,BLOB1GU300+LDGU10CD5,1,26.89,26.89,2026-06-04 10:53:56,amazon Dcvoltage,false
1178554,202-9690851-9041928,AMAZON,B0FVL9W1F9,,CBMPBL+PSOS2BBM+LHCCE27BL+CGMLBM+CGFLBM,1,18.89,18.89,2026-06-04 11:02:57,amazon SRM Amazon,false
1178565,203-9409999-8981108,AMAZON,B0DLWLKTG6,,CL3THEAPK,1,22.89,22.89,2026-06-04 11:09:45,amazon Dcvoltage,false
1178566,203-8292243-8837955,AMAZON,B0D4YG1QFJ,,LDMG95E2783PK,1,12.19,12.19,2026-06-04 11:13:51,amazon Dcvoltage,false
1178574,206-8002203-6850750,AMAZON,B0D3LY29Z9,,CSBEB6LG+CSBEB6PI,1,12.58,8.07,2026-06-04 11:41:36,amazon Ledsone,false
1178576,202-6752065-0095556,AMAZON,B0DMDVX4S7,,ENC9313,1,27.89,23.24,2026-06-04 11:42:29,amazon Ledsone,false
1178603,204-7842337-3815500,AMAZON,B0B9KFV1PH,,CL3TGL5PK,1,15.79,13.16,2026-06-04 12:04:31,amazon Ledsone,false
1178618,026-0528697-7698752,AMAZON,B0FX2TFPZM,,LSCYRO120WH2PK+RPR44WH2PK,1,22.89,22.89,2026-06-04 12:21:17,amazon Dcvoltage,false
1178619,202-3690686-5365962,AMAZON,B0FMRL88RP,,CRSF100WH2PK+LHTTE27WH2PK,1,18.89,18.89,2026-06-04 12:24:30,amazon Dcvoltage,false
1178620,026-6075705-7368328,AMAZON,B0BSGSLZMD,,LDMST64E2786PK,1,15.49,15.49,2026-06-04 12:28:34,amazon Dcvoltage,false
1178626,203-4623590-6813125,AMAZON,B0CSDPYCLM,,STBFT50M48EWH,1,5.65,2.30,2026-06-04 12:35:12,amazon Ledsone,false
1178627,206-9443104-3101157,AMAZON,B0BXPWBFH9,,ENC2969,1,48.89,48.89,2026-06-04 12:30:13,amazon Dcvoltage,false
1178628,202-5361262-4106708,AMAZON,B0DH953WJC,,CL3TBD5PK,1,11.99,11.99,2026-06-04 12:38:58,amazon Dcvoltage,false
1178631,205-1064528-4220324,AMAZON,B0BW9QZSL2,,LSLT360GY+RPR44WH,1,13.29,11.07,2026-06-04 12:41:54,amazon Ledsone,false
1178632,026-2919612-8249133,AMAZON,B07YW9J1ST,,WCBNBC2PK+RPR44WH2PK,5,77.45,12.91,2026-06-04 12:45:55,amazon Ledsone,false
1178633,204-2950265-0166704,AMAZON,B0DNQR3B1P,,PCBM20DSAPK,1,10.69,8.91,2026-06-04 12:45:47,amazon Ledsone,false
1178636,026-4123428-1329166,AMAZON,B0CZXL6ZYG,,TPOSBDBM,1,25.89,21.57,2026-06-04 12:57:57,amazon Ledsone,false
1178642,202-0366588-9768307,AMAZON,B0CFHMYK8Q,,CRSF100BM2PK+PHRNWP2RBM2PK+ICST64E272PK,1,28.69,23.91,2026-06-04 13:06:18,amazon Ledsone,false
1178643,206-8496163-8363534,AMAZON,B0D28VPVKD,,LSCY290BI2PK+RPR44WH2PK,1,26.89,22.41,2026-06-04 13:07:40,amazon Ledsone,false
1178644,204-4610244-9797955,AMAZON,B0DFGGMPS6,,WCDTBM5PK+RPR44WH5PK,1,39.49,39.49,2026-06-04 12:59:55,amazon Dcvoltage,false
1178645,205-8285924-5690768,AMAZON,B0CTCBKBYK,,CRSF100BM+LHNSE27YB+SCRN70YB+LSFT220BI,1,17.89,17.89,2026-06-04 13:01:25,amazon Dcvoltage,false
1178646,204-4901744-7194733,AMAZON,B0CQNLH4N3,,PLTTBM+WCBNBM,1,20.89,20.89,2026-06-04 13:04:30,amazon Dcvoltage,false
1178649,203-8968997-3410711,AMAZON,B08KGFC4J1,,CL3THE,1,5.98,3.09,2026-06-04 13:15:36,amazon Dcvoltage,false
1178655,202-9231500-2891516,AMAZON,B0CZXHLR1Q,,TPOSBDBM2PK,1,44.99,37.49,2026-06-04 13:19:27,amazon Ledsone,false
1178657,206-2063189-6190751,AMAZON,B0C37QJWFF,,CRFF105BY,1,11.78,7.41,2026-06-04 13:29:14,amazon Ledsone,false
1178658,205-1544827-7007526,AMAZON,B0CBRLYR8K,,ENC3538,1,32.30,35.89,2026-06-04 13:24:22,amazon Dcvoltage,false
1178659,206-8683250-4765903,AMAZON,B0CNXJD9GN,,CL3TBM3PK,1,7.78,4.49,2026-06-04 13:29:14,amazon Dcvoltage,false
1178663,203-3716580-6614750,AMAZON,B0CP933MXR,,CRSF100BB2PK+PHCH1PBRBB2PK+LSCY290BB2PK,1,36.89,36.89,2026-06-04 13:39:19,amazon Dcvoltage,false
1178668,026-9265524-5189951,AMAZON,B0F29GNRKT,,SPSD78SN3PK,1,10.89,9.07,2026-06-04 13:59:38,amazon Ledsone,false
1178675,026-4979209-6857904,AMAZON,B0DH4KYFPD,,WCDTBM2PK+RPR44WH2PK,1,18.29,15.24,2026-06-04 14:25:19,amazon Ledsone,false
1178678,202-4721018-6285112,AMAZON,B081FBSJX8,,CNP1000WH,1,8.58,5.69,2026-06-04 14:23:29,amazon Dcvoltage,false
1178685,204-7027832-2348365,AMAZON,B07L5CM76C,,WCBNBM+RPR44WH,1,10.89,10.89,2026-06-04 14:31:04,amazon Dcvoltage,false
1178687,206-1311713-5326755,AMAZON,B0DX19J4S2,,LHSHE27CO2PK,2,21.14,8.81,2026-06-04 14:36:25,amazon Ledsone,false
1178688,204-7444445-2861159,AMAZON,B0FN4C3B9T,,PLHCBM+LSDO210BM3PK,2,86.09,39.86,2026-06-04 14:38:25,amazon Ledsone,false
1178696,206-6019500-8141954,AMAZON,B0CNQ1Q3BJ,,LDMG125E278,6,49.14,8.19,2026-06-04 14:45:27,amazon Dcvoltage,false
1178698,203-0609184-6369928,AMAZON,B0CGD98GVG,,CRSF100WH+PHRY2PCRWH,1,14.17,11.81,2026-06-04 14:45:58,amazon Ledsone,false
1178707,202-8444143-0585955,AMAZON,B0FPWXQWQD,,LDCWA60HB2296PK,2,17.47,6.24,2026-06-04 15:06:13,amazon Ledsone,false
1178708,026-1895167-0685904,AMAZON,B0CGDX21T5,,CRSF100WH+PHRN1PCROR,1,11.97,9.97,2026-06-04 14:52:42,amazon Ledsone,false
1178709,203-9775634-2019536,AMAZON,B0C5TGB9R1,,IMCWEPK,1,19.48,19.48,2026-06-04 14:49:12,amazon Dcvoltage,false
1178717,206-3616978-7468329,AMAZON,B0G49DDJ63,,WCCYSP180GD2PK+RPR44WH2PK,1,23.89,19.91,2026-06-04 15:01:19,amazon Ledsone,false
1178718,206-9450268-6149961,AMAZON,B0GTMZWFCD,,LSGL15014CL+RPM40WH,1,10.89,9.07,2026-06-04 15:03:18,amazon Ledsone,false
1178723,203-1237302-8508353,AMAZON,B0GYPDTDLV,,BS6S8033PI,1,28.39,16.98,2026-06-04 15:13:29,amazon Ledsone,false
1178727,203-8754886-8829140,AMAZON,B0DXQB7T3C,,LSCY290GY2PK+RPR44WH2PK,1,27.29,22.74,2026-06-04 15:20:29,amazon Ledsone,false
1178728,202-8580296-0107544,AMAZON,B0CR3SZ42N,,MBEX3545BMCPK,1,11.31,7.02,2026-06-04 15:23:04,amazon Ledsone,false
1178729,204-4687720-3489926,AMAZON,B0DX77VMDC,,CERU36300BL,4,12.47,2.22,2026-06-04 15:20:59,amazon Ledsone,false
1178730,203-2113899-7577105,AMAZON,B0C2KTS5Z6,,LSCP150YE+RPR44WH,1,11.89,9.91,2026-06-04 15:23:48,amazon Ledsone,false
1178738,204-5863864-6473113,AMAZON,B07S8CCS1Q,,CRSF100YB,1,10.78,6.57,2026-06-04 15:33:29,amazon Ledsone,false
1178740,205-9061864-9138701,AMAZON,B0D9RXR847,,WCDTRO3PK+RPR44WH3PK,1,23.89,19.91,2026-06-04 15:35:51,amazon Ledsone,false
1178742,206-4222886-2633901,AMAZON,B0CH39MWRF,,WSOSBDBM,1,21.59,21.59,2026-06-04 10:00:23,amazon Dcvoltage,false
1178747,204-6530488-8452302,AMAZON,B0GTMZWFCD,,LSGL15014CL+RPM40WH,1,10.89,9.07,2026-06-04 15:38:53,amazon Ledsone,false
1178757,202-2762316-9941928,AMAZON,B0848VDXTB,,CL2TGD,2,9.27,2.99,2026-06-04 15:51:19,amazon Dcvoltage,false
1178766,205-1786531-9829157,AMAZON,B0FXFGWCNL,,WCIR300BM2PK,1,25.89,21.57,2026-06-04 16:19:03,amazon Ledsone,false
1178772,026-3123775-0826747,AMAZON,B0CWP19CDZ,,CRFF140SN+WSNW170SN+LSMS320BI,3,56.04,15.57,2026-06-04 16:26:26,amazon Ledsone,false
1178774,202-7651364-4305964,AMAZON,B07PM3ZN5W,,CL3TBMAPK,2,54.46,27.23,2026-06-04 16:26:10,amazon Dcvoltage,false
1178775,206-2421369-8595511,AMAZON,B0D5B63S7G,,WCDTBM2PK+RPR44WH2PK,4,75.96,18.99,2026-06-04 16:31:18,amazon Dcvoltage,false
1178783,203-3527534-8035510,AMAZON,B0DMT5YWLR,,PCFT90TBM5PK,1,11.68,7.32,2026-06-04 16:30:59,amazon Ledsone,false
1178784,205-5310616-3375511,AMAZON,B0CNXLR5DJ,,CL3TLB3PK,1,7.78,4.49,2026-06-04 16:42:59,amazon Dcvoltage,false
1178785,026-0757415-9606748,AMAZON,B0G7CBNVMV,,12UK3P5A+SLW8,1,13.17,13.17,2026-06-04 16:48:10,amazon Dcvoltage,false
1178786,204-8541175-3423515,AMAZON,B0CFXR95G2,,TPHTTF2PBRBM2PK+ICST64E272PK,1,38.19,31.82,2026-06-04 16:39:30,amazon Ledsone,false
1178790,204-1451618-0453907,AMAZON,B0CS9Q78XH,,LSCY210BG2PK+RPR44WH2PK,1,23.49,23.49,2026-06-04 16:52:23,amazon Dcvoltage,false
1178791,026-1837315-4877159,AMAZON,B0FX2QT3B1,,LSCYRO300GD2PK+RPR44WH2PK,1,26.89,26.89,2026-06-04 16:58:10,amazon Dcvoltage,false
1178798,204-2156430-9296365,AMAZON,B0GCZKJQQL,,CRFF100YB+LHNSE27YB+ICST64E27,1,16.99,16.99,2026-06-04 17:04:00,amazon Dcvoltage,false
1178799,026-2917762-7220361,AMAZON,B0DTTMBSC4,,WCVCBC3PK+RPR44WH3PK,1,22.49,22.49,2026-06-04 17:03:41,amazon Dcvoltage,false
1178806,204-6666259-9272348,AMAZON,B0BY56SQKF,,LSMS320CB+RPR44WH,1,14.99,14.99,2026-06-04 17:11:20,amazon Dcvoltage,false
1178814,206-9243867-9461139,AMAZON,B0CVL5HFQX,,LSEL400BM+RPR44WH,1,17.49,17.49,2026-06-04 17:19:41,amazon Dcvoltage,false
1178815,205-8319355-8276366,AMAZON,B0D8L1HQXM,,RWWPSY0660YE,1,5.97,2.99,2026-06-04 17:24:05,amazon Dcvoltage,false
1178820,204-6602377-0203542,AMAZON,B0F5BHM335,,PLTEBM+WCWYBB,1,21.29,17.74,2026-06-04 17:31:20,amazon Ledsone,false
1178824,203-9897840-4497917,AMAZON,B0DH69V81V,,CL2TGYAPK,1,18.29,18.29,2026-06-04 17:44:40,amazon Dcvoltage,false
1178826,202-4736423-4257968,AMAZON,B0CVL3X12C,,LSEL400WH+RPR44WH,1,18.49,15.41,2026-06-04 17:41:35,amazon Ledsone,false
1178827,205-2130492-9437959,AMAZON,B0GW7T9WPD,,CRSF1202WH,1,9.58,5.57,2026-06-04 17:49:29,amazon Ledsone,false
1178831,204-8768516-7023505,AMAZON,B0CC9PMP61,,LSLT360CB+RPR44WH,1,13.89,13.89,2026-06-04 17:54:36,amazon Dcvoltage,false
1178843,026-9219192-1949152,AMAZON,B0D297H6ZM,,LSCY290BM2PK+RPR44WH2PK,1,26.89,22.41,2026-06-04 18:19:11,amazon Ledsone,false
1178848,205-1440455-7704351,AMAZON,B0CGRQ5Z4T,,CRSF100BM2PK+PHRYWP1RBM2PK,1,20.69,17.24,2026-06-04 18:32:33,amazon Ledsone,false
1178849,204-1409384-7130743,AMAZON,B0B9Y59487,,CL3TBR5PK,1,13.79,11.49,2026-06-04 18:32:24,amazon Ledsone,false
1178854,204-8159711-5443563,AMAZON,B0C6DJZRXQ,,CRSF1209CO+PHBK1PBRCO9PK+ICST64E279PK,1,95.89,95.89,2026-06-04 18:45:26,amazon Dcvoltage,false
1178871,026-5830206-9034715,AMAZON,B0CC8L3YCS,,CRSF100GB+WSSS70GB+LSRP260GB+ICST64E27,1,26.89,26.89,2026-06-04 18:57:55,amazon Dcvoltage,false
1178872,026-6864644-8054716,AMAZON,B0FQVCJCKP,,ENC9107,1,27.89,27.89,2026-06-04 18:57:42,amazon Dcvoltage,false
1178873,203-0134160-0279500,AMAZON,B0GTPFKNBX,,LSGL14023SG2PK+RPM40WH2PK,2,41.78,17.41,2026-06-04 18:50:17,amazon Ledsone,false
1178874,205-7124365-1589156,AMAZON,B09L8KS17V,,CRSF100BM+PHCH1BMRBM+LSDO400BI,1,21.69,18.07,2026-06-04 18:57:28,amazon Ledsone,false
1178875,206-5298680-9811546,AMAZON,B0DH4KYFPD,,WCDTBM2PK+RPR44WH2PK,1,18.29,15.24,2026-06-04 18:59:21,amazon Ledsone,false
1178880,204-7605453-4343541,AMAZON,B0DPMRVHHR,,LSCYRO120WH+RPR44WH,1,19.99,12.49,2026-06-04 18:57:11,amazon Ledsone,false
1178881,202-2650367-9784308,AMAZON,B0CHRVWSBM,,CL3RBM5PK,1,10.83,10.83,2026-06-04 19:03:26,amazon Ledsone,false
1178882,202-2650367-9784308,AMAZON,B0FH6JJKV4,,SPSDP2BMY,1,4.82,4.82,2026-06-04 19:03:26,amazon Ledsone,false
1178883,026-7339122-5173114,AMAZON,B08W8RBGCQ,,PHUH1HETBM+LSHB310HE,8,207.12,25.89,2026-06-04 19:07:14,amazon Dcvoltage,false
1178885,026-4739900-1857136,AMAZON,B083XHFBY1,,CL2RBM3PK,1,9.28,4.99,2026-06-04 19:11:49,amazon Ledsone,false
1178886,204-9784661-5116352,AMAZON,B0GR5LHHPB,,ENC77,2,35.78,17.89,2026-06-04 19:10:18,amazon Dcvoltage,false
1178890,206-8978643-1561114,AMAZON,B095YFTLFF,,ENC4012,1,40.89,40.89,2026-06-04 19:23:29,amazon Dcvoltage,false
1178891,026-9063468-3677155,AMAZON,B0GW83X9F4,,LHSWPBB22GD,1,12.79,9.90,2026-06-04 19:27:45,amazon Dcvoltage,false
1178894,204-3265812-7045143,AMAZON,B0DFHN9WRJ,,LSCY290BC+RPR44WH,1,16.89,16.89,2026-06-04 19:30:07,amazon Dcvoltage,false
1178895,203-7863913-8400301,AMAZON,B08XWSBPHW,,WCB1BM+RPR44WH,1,9.99,9.99,2026-06-04 19:37:52,amazon Dcvoltage,false
1178905,026-2932118-1094715,AMAZON,B0BLZFGY38,,LDMG95E274APK,1,27.89,23.24,2026-06-04 19:39:43,amazon Ledsone,false
1178906,205-1334649-8977966,AMAZON,B0GMHQTBSQ,,LHXSHE27BM2PK,1,14.69,12.24,2026-06-04 19:47:15,amazon Ledsone,false
1178913,205-2737899-5069142,AMAZON,B0DBWN77VM,,CL2RREAPK,1,18.49,18.49,2026-06-04 20:02:30,amazon Dcvoltage,false
1178914,026-4825574-6653913,AMAZON,B0CNT2ML5D,,PLADBC,1,47.89,47.89,2026-06-04 20:03:02,amazon Dcvoltage,false
1178917,026-6055357-1524334,AMAZON,B07Q8KHSCQ,,24IP67120,1,21.99,21.99,2026-06-04 20:17:15,amazon Dcvoltage,false
1178918,026-1115155-7594752,AMAZON,B08VGQPLWZ,,WCDTGD+RPR44WH,1,10.69,10.69,2026-06-04 20:17:43,amazon Dcvoltage,false
1178919,026-5602644-4627562,AMAZON,B0FB41DWMV,,LDMC35E1446PK,2,36.52,16.91,2026-06-04 20:16:43,amazon Ledsone,false
1178928,205-7607824-9831506,AMAZON,B0CDWS523Q,,PSHYOS4BRBM,1,14.29,11.91,2026-06-04 20:20:41,amazon Ledsone,false
1178929,202-7877120-2666727,AMAZON,B0CNRL871B,,LDMST64E274,1,9.78,6.89,2026-06-04 20:23:09,amazon Dcvoltage,false
1178941,203-5617634-5517152,AMAZON,B07PM5KN1T,,CL3TGL5PK,1,13.09,13.09,2026-06-04 20:44:47,amazon Dcvoltage,false
1178947,202-1362595-3614700,AMAZON,B0F8ML4W33,,ENC8743,1,30.89,25.74,2026-06-04 20:54:39,amazon Ledsone,false
1178951,204-6742738-0572369,AMAZON,B0FMRL3D3P,,CRSF100BM2PK+LHTTE27BM2PK,1,18.89,18.89,2026-06-04 21:00:23,amazon Dcvoltage,false
1178952,203-4015135-4872318,AMAZON,B0GNZLCX15,,LHXSHE27BM3PK,2,27.78,11.58,2026-06-04 21:00:13,amazon Ledsone,false
1178962,206-6014133-9601129,AMAZON,B0DQD74HVG,,PHSF1BMTYB3PK,1,29.71,24.76,2026-06-04 21:19:46,amazon Ledsone,false
1178964,026-8528516-0602710,AMAZON,B0FZCW7KC7,,LSHM300HE+RPR44WH,1,18.80,20.89,2026-06-04 21:19:20,amazon Dcvoltage,false
1178968,202-2378460-9066732,AMAZON,B0G49DDJ63,,WCCYSP180GD2PK+RPR44WH2PK,1,23.89,19.91,2026-06-04 21:32:35,amazon Ledsone,false
1178969,206-0068537-8231530,AMAZON,B0GLNHSJZ8,,PL4HBM,1,37.89,31.57,2026-06-04 21:34:33,amazon Ledsone,false
1178970,026-2447206-9765933,AMAZON,B0GS9D8SZ6,,SPPGUK3PTR4PK,1,11.78,8.89,2026-06-04 21:30:08,amazon Dcvoltage,false
1178982,206-3802868-5838756,AMAZON,B0B9Y59487,,CL3TBR5PK,1,13.79,11.49,2026-06-04 21:50:08,amazon Ledsone,false
1178983,203-6177469-0423522,AMAZON,B0CYZVX28V,,LSCY290CO2PK+RPR44WH2PK,1,31.89,31.89,2026-06-04 22:01:22,amazon Dcvoltage,false
1178984,203-5187207-6348304,AMAZON,B0DY7NXLY4,,RWWPSY0640YE,1,9.38,6.49,2026-06-04 21:55:58,amazon SRM Amazon,false
1178990,205-6469266-1556339,AMAZON,B0FQVCJCKP,,ENC9107,1,27.89,27.89,2026-06-04 22:11:52,amazon Dcvoltage,false
1178991,202-5394751-6437945,AMAZON,B08P1H5JLL,,LSRP260CO+RPR44WH,4,75.56,18.89,2026-06-04 22:15:49,amazon Dcvoltage,false
1178998,202-0659171-2887546,AMAZON,B0C9TM8XM3,,CNT900CO,2,12.23,5.19,2026-06-04 22:23:09,amazon Dcvoltage,false
1178999,205-1950880-4994744,AMAZON,B0FHK4V88R,,TPFC300BG+RPR44WH,1,15.28,15.28,2026-06-04 22:38:16,amazon Dcvoltage,false
1179001,026-9789880-7739539,AMAZON,B0F28YNDZN,,LSCY290RO+RPR44WH,1,18.29,15.24,2026-06-04 22:28:51,amazon Ledsone,false
1179002,206-7971003-4920368,AMAZON,B0CGRPTT6W,,CRSF100BM+PHRYWP2RBM,1,11.99,9.99,2026-06-04 22:34:08,amazon Ledsone,false
1179006,026-9372992-3973908,AMAZON,B0BLZFGY38,,LDMG95E274APK,1,27.89,23.24,2026-06-04 22:41:06,amazon Ledsone,false
1179007,026-5996652-2477953,AMAZON,B0DNQR3B1P,,PCBM20DSAPK,1,10.69,8.91,2026-06-04 22:41:56,amazon Ledsone,false
1179008,206-2834112-6916313,AMAZON,B0DB2B8XXL,,CRFF75GB3PK,1,15.89,13.24,2026-06-04 22:42:17,amazon Ledsone,false
1179011,206-8414929-2433948,AMAZON,B0GSRBJ6KC,,LHXBTF40E27BM,1,5.98,3.09,2026-06-04 22:56:20,amazon Dcvoltage,false
1179013,026-7339210-0223536,AMAZON,B09479HV6W,,LDMG95E2783PK,1,17.19,14.32,2026-06-04 22:56:21,amazon Ledsone,false
1179017,206-6484200-9379547,AMAZON,B0F1D1YCKQ,,RWWPSY0630YE,1,4.38,1.49,2026-06-04 23:09:44,amazon Dcvoltage,false
1179018,204-0332751-0843570,AMAZON,B0D9RYF987,,ENC7498,1,47.09,47.09,2026-06-04 23:10:46,amazon Dcvoltage,false
1179019,205-5760861-0478735,AMAZON,B0BB33PK6W,,CL2RBU5PK,1,11.49,11.49,2026-06-04 23:19:26,amazon Ledsone,false
1179020,205-5760861-0478735,AMAZON,B0D9QJV3B3,,CL2RBD5PK,1,11.49,11.49,2026-06-04 23:19:26,amazon Ledsone,false
1179025,026-8455396-8153962,AMAZON,B0CZXHLR1Q,,TPOSBDBM2PK,1,44.99,37.49,2026-06-05 00:02:33,amazon Ledsone,false
1179026,205-9225333-2799525,AMAZON,B09HV7T2B5,,CRFF500BM+PHCN1PBRYB3PK+LSDM220YB3PK,1,33.79,28.16,2026-06-05 00:05:25,amazon Ledsone,false
1179029,205-1978818-7994730,AMAZON,B07MLDZW2R,,CCBKNWE3,2,13.39,5.25,2026-06-05 00:18:41,amazon Dcvoltage,false
1179031,202-5643318-8768309,AMAZON,B0CYZVX28V,,LSCY290CO2PK+RPR44WH2PK,2,63.78,31.89,2026-06-05 00:29:51,amazon Dcvoltage,false
1179037,205-7467036-8641157,AMAZON,B0DH4KYFPD,,WCDTBM2PK+RPR44WH2PK,1,18.29,15.24,2026-06-05 01:52:25,amazon Ledsone,false
1179038,206-0590589-3688319,AMAZON,B07GJTJWN6,,24IP67100,1,18.99,18.99,2026-06-05 02:10:08,amazon Dcvoltage,false
1179040,026-3891965-3104309,AMAZON,B0F637JS56,,CGSRCO3PK,1,4.14,1.85,2026-06-05 02:19:39,amazon SRM Amazon,false
1179053,203-0291536-8201136,AMAZON,B0CVLC55W4,,LSTF400GY+RPR44WH,2,34.78,17.39,2026-06-05 04:16:47,amazon Dcvoltage,false
1179071,204-4873688-3506735,AMAZON,B0DMNV8GVS,,LHCCE27BL+CGMLBM,1,9.58,6.69,2026-06-05 05:22:22,amazon Dcvoltage,false
1179086,202-6909076-7445963,AMAZON,B0CG219VVH,,CRFF108WH+LHTKE27WH,1,10.99,10.99,2026-06-05 06:24:38,amazon Ledsone,false
1179087,204-4821592-9040360,AMAZON,B0BX3Y8RQL,,LSSS300BS+RPR44WH,1,12.49,12.49,2026-06-05 06:30:04,amazon Ledsone,false
1179088,204-4821592-9040360,AMAZON,B0FJM17QBV,,PLTEBS,1,18.91,18.91,2026-06-05 06:30:04,amazon Ledsone,false
1179114,026-0133043-7376335,AMAZON,B0GQ48BNBZ,,LSGLSC115AR+RPM40WH,1,11.89,11.89,2026-06-05 08:00:50,amazon Dcvoltage,false
1179127,203-5919224-2831561,AMAZON,B0CZXL6ZYG,,TPOSBDBM,1,25.89,21.57,2026-06-05 08:32:40,amazon Ledsone,false
1179133,202-7826723-9712318,AMAZON,B0DTJ1SGZP,,WCDTGR+RPR44WH,1,10.09,8.41,2026-06-05 08:38:14,amazon Ledsone,false
1179134,202-0765135-2551512,AMAZON,B0GLQ6PB3J,,LSCY290DWH+RPR44WH,1,15.89,13.24,2026-06-05 08:50:50,amazon Ledsone,false
1179138,204-4757038-8327532,AMAZON,B0DHV5R64V,,LDWWE2712,1,9.18,6.29,2026-06-05 08:49:48,amazon Dcvoltage,false
1179148,204-6531291-7188315,AMAZON,B0BBS3NXFM,,CL3TBRAPK,1,21.89,18.24,2026-06-05 09:15:39,amazon Ledsone,false
1179153,202-2155410-0904300,AMAZON,B08PC415TL,,LHSHE27BA,1,7.99,7.99,2026-06-05 09:24:52,amazon SRM Amazon,false
1179156,026-0417011-1138712,AMAZON,B0DZNLF6LK,,RWWPSY10GY,1,5.38,2.07,2026-06-05 09:36:45,amazon Ledsone,false
1179172,205-9241898-2225950,AMAZON,B0F9WZMGFS,,CL2RHEAPK,1,22.49,18.74,2026-06-05 09:56:04,amazon Ledsone,false
1179181,202-7829188-0716368,AMAZON,B09GVPQB5S,,CRSF100BM+WSHR135BM+LSDM220YB+ICST64E27,1,21.89,21.89,2026-06-05 10:10:44,amazon Dcvoltage,false
1179182,205-1930456-5793152,AMAZON,B0FQVCJCKP,,ENC9107,12,228.85,21.19,2026-06-05 09:36:24,amazon Dcvoltage,false
1179195,203-3406530-9058701,AMAZON,B0G49DDJ63,,WCCYSP180GD2PK+RPR44WH2PK,1,23.89,19.91,2026-06-05 10:25:29,amazon Ledsone,false
1179203,026-0371738-3725910,AMAZON,B0FW514SS5,,LSCYRO300BM,1,19.89,19.89,2026-06-05 10:29:34,amazon Dcvoltage,false
1179214,026-6646609-2167510,AMAZON,B0D7969XMQ,,WCB6BB2PK+RPR44WH2PK,1,15.59,12.99,2026-06-05 10:32:05,amazon Ledsone,false
1179215,205-6637056-8237154,AMAZON,B0F2919THD,,LSCY290CO+RPR44WH,1,18.89,15.74,2026-06-05 10:47:24,amazon Ledsone,false
1179224,204-6533777-9516304,AMAZON,B0DH8XPJC1,,CL3TRE2PK,1,5.99,5.99,2026-06-05 10:48:42,amazon Dcvoltage,false
1179225,204-6533777-9516304,AMAZON,B0DH96STKJ,,CL3TBU2PK,1,5.99,5.99,2026-06-05 10:48:42,amazon Dcvoltage,false
1179229,206-8112818-6189134,AMAZON,B07Q5Z23V6,,24IP20200,1,18.89,18.89,2026-06-05 11:02:07,amazon Dcvoltage,false
1179230,205-7259545-9156305,AMAZON,B0GP73VLM8,,LHPVHRE27WH,1,8.58,3.91,2026-06-05 11:02:41,amazon Ledsone,false
1179249,205-2514292-4090746,AMAZON,B0D83PFMTP,,WCDCBM3PK+RPR44WH3PK,1,24.29,24.29,2026-06-05 11:36:36,amazon Dcvoltage,false
1179250,203-7054066-3040318,AMAZON,B0GTYJBGDD,,LDST185E2746PK,2,35.78,14.91,2026-06-05 11:31:25,amazon Ledsone,false
1179255,026-9329979-5249930,AMAZON,B0G49DDJ63,,WCCYSP180GD2PK+RPR44WH2PK,1,23.89,19.91,2026-06-05 11:45:14,amazon Ledsone,false
1179257,202-5175523-7157943,AMAZON,B08P1H5JLL,,LSRP260CO+RPR44WH,1,18.89,18.89,2026-06-05 11:48:18,amazon Dcvoltage,false
1179263,026-0264562-6334762,AMAZON,B0CNXJD9GN,,CL3TBM3PK,1,7.78,4.49,2026-06-05 11:49:53,amazon Dcvoltage,false
1179270,026-3021595-3221911,AMAZON,B0CGDXKXNT,,CRSF100WH+PHRN2PCRWH,1,14.17,11.81,2026-06-05 11:59:34,amazon Ledsone,false
1179271,206-4701291-0253921,AMAZON,B0F28YFTQ9,,LSCY290BU+RPR44WH,2,31.78,13.24,2026-06-05 12:09:11,amazon Ledsone,false
1179277,204-4572081-3478756,AMAZON,B0DH4KYFPD,,WCDTBM2PK+RPR44WH2PK,1,18.29,15.24,2026-06-05 12:14:45,amazon Ledsone,false
1179278,202-8417622-5730758,AMAZON,B0D793XNFS,,WCB6BS2PK+RPR44WH2PK,1,18.09,15.07,2026-06-05 12:17:54,amazon Ledsone,false
1179282,205-6586807-8065143,AMAZON,B0DH4KYFPD,,WCDTBM2PK+RPR44WH2PK,1,18.29,15.24,2026-06-05 12:28:10,amazon Ledsone,false
1179289,206-8640088-0561911,AMAZON,B0DH92L63T,,CL3TIV2PK,1,9.28,5.99,2026-06-05 12:31:20,amazon Dcvoltage,false
1179290,204-9325227-1107540,AMAZON,B0FX2SZFZM,,LSCYRO300BM2PK+RPR44WH2PK,1,28.89,28.89,2026-06-05 12:33:01,amazon Dcvoltage,false
1179296,203-5868285-6577156,AMAZON,B0FN4BQ4N5,,PLHCRR+LSDO210RR3PK,1,47.83,39.86,2026-06-05 12:41:54,amazon Ledsone,false
1179297,204-8159740-7863551,AMAZON,B0DK8TC7L3,,LHTOE27SN,1,10.19,8.49,2026-06-05 12:46:33,amazon Ledsone,false
1179300,202-1954007-6605951,AMAZON,B0FKMDBX5K,,CRFF108WH2PK+LHTKE27WH2PK,1,18.29,15.24,2026-06-05 12:49:53,amazon Ledsone,false
1179301,205-0927582-4670764,AMAZON,B0FB41DWMV,,LDMC35E1446PK,1,20.29,16.91,2026-06-05 12:55:52,amazon Ledsone,false
1179302,203-3740604-2299565,AMAZON,B0CNT2ML5D,,PLADBC,1,47.89,47.89,2026-06-05 12:48:59,amazon Dcvoltage,false
1179306,205-3613028-1981930,AMAZON,B0FBRTCXMK,,SPHEBM,5,16.97,2.61,2026-06-05 13:10:30,amazon Ledsone,false
1179307,206-0989856-0655507,AMAZON,B0CR63FXY6,,CKB6820PCBM,1,31.69,26.41,2026-06-05 13:10:52,amazon Ledsone,false
1179308,202-1025537-1245152,AMAZON,B0F4KN3FGH,,ENC1276,1,55.09,45.91,2026-06-05 13:10:48,amazon Ledsone,false
1179309,026-1439708-4435535,AMAZON,B0CV7K3P22,,RWGS1533WH,1,7.25,3.89,2026-06-05 13:16:17,amazon Dcvoltage,false
1179310,203-5543443-3541925,AMAZON,B091B7NP2G,,LSMCSPDRFL+RPM40WH,2,49.98,24.99,2026-06-05 13:13:22,amazon Dcvoltage,false
1179315,026-0514672-7186728,AMAZON,B0CZXL6ZYG,,TPOSBDBM,1,24.89,20.74,2026-06-05 13:26:15,amazon Ledsone,false
1179316,206-2512974-7518743,AMAZON,B09M42QJCS,,LDMG125E2785PK,1,27.89,27.89,2026-06-05 13:29:27,amazon Dcvoltage,false
1179322,203-3079873-5232339,AMAZON,B0CW61BVHT,,CRSF100BM+PHHT1PBRBM+LSFT320GY,4,83.14,17.32,2026-06-05 13:34:09,amazon Ledsone,false
1179323,204-0364593-1809930,AMAZON,B0DH9CZJ14,,CL3TRO5PK,1,11.99,11.99,2026-06-05 13:29:46,amazon Dcvoltage,false
1179331,205-4340570-3805912,AMAZON,B0CGD98GVG,,CRSF100WH+PHRY2PCRWH,1,14.17,11.81,2026-06-05 13:42:41,amazon Ledsone,false
1179348,203-4121985-0865159,AMAZON,B08DHZG9VQ,,RPR44WH2PK,1,5.98,3.09,2026-06-05 14:17:30,amazon Dcvoltage,false
1179350,203-7319384-9071517,AMAZON,B0FX2T3V9J,,LSCYRO200GD2PK+RPR44WH2PK,1,24.89,24.89,2026-06-05 14:24:35,amazon Dcvoltage,false
1179351,206-3105453-5705934,AMAZON,B0FXFGWCNL,,WCIR300BM2PK,1,25.89,21.57,2026-06-05 14:17:37,amazon Ledsone,false
1179352,206-1665060-1403543,AMAZON,B0FX2XDLT5,,LSCYRO200BM2PK+RPR44WH2PK,1,24.89,24.89,2026-06-05 14:29:24,amazon Dcvoltage,false
1179355,202-3479843-0125900,AMAZON,B0FVMDMLND,,CERU36150RE,1,4.38,1.24,2026-06-05 14:30:37,amazon Ledsone,false
1179360,206-2173946-0899559,AMAZON,B0D8VQYTDL,,LDG9D51C55PK,1,21.99,18.32,2026-06-05 14:37:27,amazon Ledsone,false
1179365,203-6866167-8558739,AMAZON,B0DV5DF7H5,,ENC8216,1,38.99,32.49,2026-06-05 14:47:07,amazon Ledsone,false
1179371,202-2920683-3700311,AMAZON,B0DB29BF1T,,CRFF75YB2PK,1,11.49,9.57,2026-06-05 15:07:26,amazon Ledsone,false
1179390,202-4893115-6390763,AMAZON,B075XQNZBL,,LDMST64E274,1,9.38,5.41,2026-06-05 15:44:03,amazon Ledsone,false
1179393,202-3517970-4098716,AMAZON,B0GLNBSJMP,,PL4HRR,1,38.69,32.24,2026-06-05 16:03:20,amazon Ledsone,false
1179394,205-8059786-5481947,AMAZON,B0F7LLS2CF,,LSFC300OW2PK,1,29.69,24.74,2026-06-05 16:04:22,amazon Ledsone,false
1179396,205-2930451-7213151,AMAZON,B0F2919THD,,LSCY290CO+RPR44WH,3,56.67,15.74,2026-06-05 16:16:55,amazon Ledsone,false
1179397,205-5660936-2236311,AMAZON,B0FZCW7KC7,,LSHM300HE+RPR44WH,3,62.67,20.89,2026-06-05 16:14:32,amazon Dcvoltage,false
1179400,204-5612272-5609938,AMAZON,B083XHSX6F,,CL2TGD,1,7.98,4.24,2026-06-05 16:20:35,amazon Ledsone,false
1179402,206-9640088-0714710,AMAZON,B0GCZMCCCP,,CRFF100YB+LHNSE27YB,3,41.67,13.89,2026-06-05 16:25:32,amazon Dcvoltage,false
1179404,206-8594460-2361933,AMAZON,B0FZCY5184,,LSHM300HE2PK+RPR44WH2PK,1,43.89,43.89,2026-06-05 16:29:48,amazon Dcvoltage,false
1179406,204-1332020-5013912,AMAZON,B07B26JKDT,,12IP67250,1,32.99,27.49,2026-06-05 16:34:15,amazon Ledsone,false
1179412,206-1272754-9520327,AMAZON,B0BJ2XSYKT,,LDMG80E274APK,1,26.89,22.41,2026-06-05 16:41:25,amazon Ledsone,false
1179413,203-9751498-0710700,AMAZON,B0FPFYZ5D1,,CRSF100BM+PHRNWP1RBM,7,88.83,10.57,2026-06-05 16:43:35,amazon Ledsone,false
1179415,205-3850448-8817161,AMAZON,B0DXQ8VVR7,,LSCY290WH2PK+RPR44WH2PK,1,26.89,22.41,2026-06-05 16:46:15,amazon Ledsone,false
1179416,026-5272956-5892362,AMAZON,B0FZCW7KC7,,LSHM300HE+RPR44WH,1,18.80,20.89,2026-06-05 16:40:11,amazon Dcvoltage,false
1179417,203-2465732-4066736,AMAZON,B0FQVCJCKP,,ENC9107,3,57.75,21.39,2026-06-05 16:44:54,amazon Dcvoltage,false
1179426,205-8587017-6494726,AMAZON,B0GR8KX976,,SPPGUK3PBR2PK,1,7.88,4.16,2026-06-05 16:56:07,amazon Ledsone,false
1179428,203-9519389-9698722,AMAZON,B08VGQQW75,,WCDTGR+RPR44WH,1,12.87,9.98,2026-06-05 16:57:04,amazon Dcvoltage,false
1179433,206-5478288-6945109,AMAZON,B0CBKFJ1FB,,PHSF2GDTFG+SPSDP2YB,1,15.69,13.07,2026-06-05 17:02:23,amazon Ledsone,false
1179442,026-4435533-0697103,AMAZON,B0DH9BTVSJ,,CL3TIVAPK,1,20.99,20.99,2026-06-05 17:24:53,amazon Dcvoltage,false
1179448,026-8929760-8268343,AMAZON,B084645W4S,,LDMST64E2783PK,1,12.89,10.74,2026-06-05 17:35:34,amazon Ledsone,false
1179449,205-5271258-9057963,AMAZON,B08VGPPCY1,,WCDTBM+RPR44WH,1,10.29,10.29,2026-06-05 17:31:53,amazon Dcvoltage,false
1179456,026-8129228-2340326,AMAZON,B0CG928BJC,,WCFWROBM+RPR44WH,1,11.89,9.91,2026-06-05 17:56:41,amazon Ledsone,false
1179462,203-0466587-7585914,AMAZON,B0DTYMM4B6,,LSCY290GB2PK+RPR44WH2PK,1,29.79,24.82,2026-06-05 18:09:00,amazon Ledsone,false
1179466,204-2802140-3002725,AMAZON,B08RYTP5WV,,HRE2738WH2PK,2,4.71,0.91,2026-06-05 18:10:19,amazon SRM Amazon,false
1179467,205-8594290-6961926,AMAZON,B0B4K4LN25,,PSDS4BMRBL,1,14.17,11.81,2026-06-05 18:16:35,amazon Ledsone,false
1179475,205-1248155-6693962,AMAZON,B094R3M2DC,,PLADBM,1,47.89,39.91,2026-06-05 18:22:15,amazon Ledsone,false
1179486,026-9037903-5888323,AMAZON,B0BMXK47KP,,LDMA60B224WW2PK,1,10.88,6.66,2026-06-05 18:48:15,amazon Ledsone,false
1179510,204-3558067-5653910,AMAZON,B0FX2SZFZM,,LSCYRO300BM2PK+RPR44WH2PK,1,28.89,28.89,2026-06-05 19:13:08,amazon Dcvoltage,false
1179514,205-0512561-6826722,AMAZON,B0D7944QDY,,WCB6BM2PK+RPR44WH2PK,1,16.49,13.74,2026-06-05 19:20:10,amazon Ledsone,false
1179515,204-7519378-4478740,AMAZON,B0FXFGWCNL,,WCIR300BM2PK,1,25.89,21.57,2026-06-05 19:29:13,amazon Ledsone,false
1179521,205-5205077-1839514,AMAZON,B0DH69SJYX,,CL2THEAPK,1,18.29,18.29,2026-06-05 19:44:42,amazon Dcvoltage,false
1179531,203-5384178-6173947,AMAZON,B0CLZYFPLL,,CRSF100GB+PHCHPBRGB+LSCY290GB,2,49.78,20.74,2026-06-05 19:50:43,amazon Ledsone,false
1179532,206-3231816-6640348,AMAZON,B0D6GDQP8G,,CRSF100BC+PHNW1RBC+ICST64E27,3,50.67,14.07,2026-06-05 19:53:18,amazon Ledsone,false
1179533,205-7370143-0893926,AMAZON,B08VGQPLWZ,,WCDTGD+RPR44WH,1,10.69,10.69,2026-06-05 19:52:42,amazon Dcvoltage,false
1179534,205-0012597-1317135,AMAZON,B09JZ61NJM,,LDST45E2743PK,1,20.29,20.29,2026-06-05 19:57:19,amazon Dcvoltage,false
1179541,206-8547326-4499502,AMAZON,B0B9Y5MRSK,,CL3TGD5PK,1,13.69,11.41,2026-06-05 20:15:41,amazon Ledsone,false
1179542,205-2975857-4375513,AMAZON,B0D9RXR847,,WCDTRO3PK+RPR44WH3PK,1,23.89,19.91,2026-06-05 20:18:47,amazon Ledsone,false
1179547,205-2990828-1006749,AMAZON,B0DCK527TN,,STBFT50M48EWH,1,6.38,3.49,2026-06-05 20:28:31,amazon Dcvoltage,false
1179553,204-4152461-3869926,AMAZON,B0G49DDJ63,,WCCYSP180GD2PK+RPR44WH2PK,1,23.89,19.91,2026-06-05 20:36:11,amazon Ledsone,false
1179564,202-2432897-2033907,AMAZON,B08Z7T5CB8,,PHUH2HETBM+LSHM400HE,1,48.89,48.89,2026-06-05 20:39:14,amazon Dcvoltage,false
1179565,206-1649438-5853130,AMAZON,B0DB21Z273,,PSDS2BMRGD2PK,1,21.99,18.32,2026-06-05 20:49:04,amazon Ledsone,false
1179567,206-8054642-0106740,AMAZON,B093T4C95B,,LSMS320CB+RPR44WH,1,13.99,11.66,2026-06-05 20:48:28,amazon Ledsone,false
1179574,026-4721824-8734708,AMAZON,B0D296W2FG,,LSCY290GY3PK+RPR44WH3PK,1,40.49,33.74,2026-06-05 20:54:16,amazon Ledsone,false
1179575,203-7760243-6465955,AMAZON,B0CKBZ4V22,,CRSF100BM+LHNSE27CO+SCRN70CO+LSFT220BI,1,17.89,17.89,2026-06-05 20:54:46,amazon Dcvoltage,false
1179576,203-7392804-6873912,AMAZON,B0CNLZLJZT,,WCB2BM+RPR44WH,1,10.49,10.49,2026-06-05 20:58:52,amazon Dcvoltage,false
1179578,203-9803655-1959568,AMAZON,B0FR6M1MZK,,PHSF2GDTYB3PK+ICST64E273PK,1,41.89,41.89,2026-06-05 21:02:08,amazon Dcvoltage,false
1179581,202-1774581-3733901,AMAZON,B0GP719CDX,,LHPVHRE27WH5PK,1,11.89,9.91,2026-06-05 21:24:41,amazon Ledsone,false
1179582,026-2448424-0026731,AMAZON,B0FZCW7KC7,,LSHM300HE+RPR44WH,1,20.89,20.89,2026-06-05 21:20:12,amazon Dcvoltage,false
1179585,202-8317908-2792355,AMAZON,B0CKSSBF61,,CRFF75CO+HK10CO,2,15.29,5.74,2026-06-05 21:42:27,amazon Ledsone,false
1179589,202-1982051-6289161,AMAZON,B0F2GGDBJ1,,RWT460YE,1,10.48,6.32,2026-06-05 21:49:25,amazon Ledsone,false
1179590,205-1681322-1101967,AMAZON,B0F29JWYNN,,CERU72350RE,1,5.25,5.25,2026-06-05 21:57:26,amazon Ledsone,false
1179591,205-1681322-1101967,AMAZON,B0F29KRPB6,,CERU72450RE,1,6.57,6.57,2026-06-05 21:57:26,amazon Ledsone,false
1179595,203-9919672-1779548,AMAZON,B0CGRJ1V8L,,TPOSBDBM,1,25.89,25.89,2026-06-05 22:17:07,amazon Dcvoltage,false
1179596,205-8058619-9511505,AMAZON,B0D9RRFVV1,,WCDCBM2PK+RPR44WH2PK,1,18.89,15.74,2026-06-05 22:14:02,amazon Ledsone,false
1179597,202-1958367-4069937,AMAZON,B0D9RRFVV1,,WCDCBM2PK+RPR44WH2PK,1,18.89,15.74,2026-06-05 22:16:50,amazon Ledsone,false
1179602,205-6537452-8171549,AMAZON,B0CS9Q78XH,,LSCY210BG2PK+RPR44WH2PK,1,23.49,23.49,2026-06-05 22:45:29,amazon Dcvoltage,false
1179607,026-6431286-6325106,AMAZON,B0B7799FKL,,CRFF108GB+HK10GB,1,8.49,7.07,2026-06-05 22:50:12,amazon Ledsone,false
1179608,206-7420849-3631541,AMAZON,B0FLXTPL92,,CRSF100YB+PHMH1HERYB,1,8.99,8.99,2026-06-05 22:56:43,amazon SRM Amazon,false
1179610,203-0986514-1204335,AMAZON,B0DCFXBYJG,,LDSG95DIE2745PK,1,26.89,22.41,2026-06-05 22:58:40,amazon Ledsone,false
1179612,204-0535267-5310754,AMAZON,B0CCDQ9N41,,WCVCBM2PK+RPR44WH2PK,1,17.79,14.82,2026-06-05 23:17:08,amazon Ledsone,false
1179619,026-3976469-8659513,AMAZON,B0F6T8TMYL,,PHUH2HETBM+LSHM400HE,1,43.89,36.57,2026-06-05 23:46:46,amazon Ledsone,false
1179621,202-9641748-6953933,AMAZON,B0G49DDJ63,,WCCYSP180GD2PK+RPR44WH2PK,1,23.89,19.91,2026-06-05 23:58:46,amazon Ledsone,false
1179623,206-5994817-3541110,AMAZON,B0CL9J6WFF,,BLBB1GU225+LDGU10CD5,1,20.79,17.32,2026-06-06 00:07:07,amazon Ledsone,false
1179624,203-9861908-3807531,AMAZON,B0FX53HC81,,LSCYRO300WH2PK+RPR44WH2PK,1,28.89,28.89,2026-06-06 00:06:51,amazon Dcvoltage,false
1179626,203-2469883-9112331,AMAZON,B0F7942PGH,,CTBOP19L+CTBOP15L+CTBOP14L,1,14.89,14.89,2026-06-06 00:10:34,amazon Dcvoltage,false
1179630,026-9811987-5671524,AMAZON,B0GVSYH4DM,,WCBTC140FG2PK+RPR44WH2PK,2,45.78,19.08,2026-06-06 01:06:51,amazon Ledsone,false
1179631,206-9385353-3412321,AMAZON,B0GS9J7ZYR,,SPPGUK3PTR6PK,1,13.48,10.59,2026-06-06 01:09:16,amazon Dcvoltage,false
1179638,205-1393354-6390737,AMAZON,B0DTHKKQV6,,WCB7BM3PK+RPR44WH3PK,1,22.39,22.39,2026-06-06 01:34:36,amazon Dcvoltage,false
1179654,203-2490307-4206722,AMAZON,B0D93QM7CS,,ENC5356,1,24.19,20.16,2026-06-06 06:09:36,amazon Ledsone,false
1179655,202-9055074-0257117,AMAZON,B0GYPHS1FD,,BS6S6628BM,1,20.89,17.41,2026-06-06 06:17:50,amazon Ledsone,false
1179656,204-5499794-9400343,AMAZON,B0CH2XHVD9,,LSMCSPSQMC+RPM40WH,2,45.98,19.16,2026-06-06 06:28:06,amazon Ledsone,false
1179662,026-4958725-1889950,AMAZON,B0CNT2ML5D,,PLADBC,2,95.78,47.89,2026-06-06 07:03:06,amazon Dcvoltage,false
1179669,204-2876496-3100363,AMAZON,B0FZCW7KC7,,LSHM300HE+RPR44WH,1,20.89,20.89,2026-06-06 07:36:21,amazon Dcvoltage,false
1179679,203-9197400-1177158,AMAZON,B0DTHZ1JX5,,WCDCBM4PK+RPR44WH4PK,1,29.49,24.57,2026-06-06 07:51:47,amazon Ledsone,false
1179687,206-9323737-2125141,AMAZON,B0BWYH1QD6,,LSDO400YE+RPR44WH,1,22.89,17.89,2026-06-06 08:11:11,amazon Dcvoltage,false
1179688,206-8266717-0093928,AMAZON,B07L5D9189,,WCBV62BM+SCRN70BM,1,11.78,8.89,2026-06-06 08:25:32,amazon Dcvoltage,false
1179696,202-5756442-4696334,AMAZON,B0CKFD2MTJ,,PLTYBM+ICST64E27,1,18.89,15.74,2026-06-06 08:50:02,amazon Ledsone,false
1179704,026-5000786-2300350,AMAZON,B0CNXJQWJ8,,CL3TRE3PK,1,7.49,7.49,2026-06-06 09:17:50,amazon Dcvoltage,false
1179709,206-3723600-4650741,AMAZON,B0DH4KYFPD,,WCDTBM2PK+RPR44WH2PK,1,18.29,15.24,2026-06-06 09:21:01,amazon Ledsone,false
1179710,204-4485867-8520302,AMAZON,B0GDDFC6TS,,LDMT185E2733PK,1,13.39,11.16,2026-06-06 09:28:24,amazon Ledsone,false
1179718,204-2319560-5397905,AMAZON,B0C2Q8FHQG,,CRSF100WH+PHRB1PBRWH+CGWDWO+LSWE315GY,1,20.89,17.41,2026-06-06 09:39:55,amazon Ledsone,false
1179719,205-1214232-0924321,AMAZON,B0CW5WC8KF,,ENC6341,1,23.08,19.23,2026-06-06 09:40:38,amazon Ledsone,false
1179720,203-5049028-1609921,AMAZON,B0D7ZRWBS2,,LSCY290BI2PK+RPR44WH2PK,1,25.99,21.66,2026-06-06 09:46:05,amazon Ledsone,false
1179721,202-6222488-6077136,AMAZON,B08KGFV8HQ,,CL2THEAPK,1,20.79,20.79,2026-06-06 09:46:31,amazon Dcvoltage,false
1179732,204-0469979-1817950,AMAZON,B0G49DDJ63,,WCCYSP180GD2PK+RPR44WH2PK,1,23.89,19.91,2026-06-06 09:55:45,amazon Ledsone,false
1179735,205-7030670-1641103,AMAZON,B0FX2XDLT5,,LSCYRO200BM2PK+RPR44WH2PK,1,24.89,24.89,2026-06-06 09:59:59,amazon Dcvoltage,false
1179736,202-0182536-3415552,AMAZON,B0GTP4W59M,,LSGL14023SG+RPM40WH,2,27.78,11.58,2026-06-06 10:05:37,amazon Ledsone,false
1179742,203-8284581-8370745,AMAZON,B09KNR8L6C,,CRSF2003BM+PHRB1PBR40BM3PK+LSBS160YE3PK,1,40.89,29.91,2026-06-06 10:16:35,amazon Ledsone,false
1179746,202-9393917-6638709,AMAZON,B0DH9C22YL,,CL3TMUAPK,1,20.99,20.99,2026-06-06 10:34:38,amazon Dcvoltage,false
1179747,205-3624768-0437936,AMAZON,B0GZND9ZR6,,LHSWPBB22GD2PK,1,14.79,12.32,2026-06-06 10:36:11,amazon Ledsone,false
1179748,204-5064590-2751506,AMAZON,B0B7SGF1HD,,PHSF1BMTBY,1,14.89,12.41,2026-06-06 10:36:59,amazon Ledsone,false
1179750,206-5181452-5617915,AMAZON,B0B7KCXV72,,CRFF105GB,1,11.68,7.32,2026-06-06 10:37:37,amazon Ledsone,false
1179752,026-1468046-5451502,AMAZON,B0DBZPFS7Q,,CL3RIV5PK,1,13.99,13.99,2026-06-06 10:48:47,amazon SRM Amazon,false
1179753,205-4895647-6068339,AMAZON,B0DPFX2924,,LDMG95E2743PK,1,13.89,13.89,2026-06-06 10:47:31,amazon SRM Amazon,false
1179754,202-3915249-2549926,AMAZON,B0DMDVX4S7,,ENC9313,1,27.89,23.24,2026-06-06 10:42:04,amazon Ledsone,false
1179757,206-2920101-6999527,AMAZON,B0CFHKYH59,,CRSF100BM2PK+PHRNWP1RBM2PK,1,20.09,16.74,2026-06-06 10:44:51,amazon Ledsone,false
1179758,205-4686471-0490733,AMAZON,B0FFB3XJ7G,,BS6S8033GY,1,20.89,17.41,2026-06-06 10:48:08,amazon Ledsone,false
1179767,206-6853206-8556301,AMAZON,B09C2DPRFF,,ENC1052,1,22.10,18.42,2026-06-06 10:49:32,amazon Ledsone,false
1179776,026-2160184-1353152,AMAZON,B0DH4KYFPD,,WCDTBM2PK+RPR44WH2PK,1,18.29,15.24,2026-06-06 11:07:08,amazon Ledsone,false
1179778,026-8576309-8529951,AMAZON,B0GW7VBY3J,,LHSWPBB22GD,1,12.78,8.24,2026-06-06 11:10:11,amazon Ledsone,false
1179790,205-4637814-3614769,AMAZON,B09JM3PLLH,,LDSG125LOE274,1,10.19,8.49,2026-06-06 11:35:24,amazon Ledsone,false
1179798,203-4614868-5329144,AMAZON,B0GXB6JVLM,,WCBTC140FG+RPR44WH,1,14.89,12.41,2026-06-06 11:50:55,amazon Ledsone,false
1179799,205-4464241-8264359,AMAZON,B0BB3QW5TR,,CL2RBW5PK,1,13.79,11.49,2026-06-06 11:55:14,amazon Ledsone,false
1179800,206-9440372-3677906,AMAZON,B0F8QCBY49,,CERU36200BM,1,4.88,1.66,2026-06-06 11:56:24,amazon Ledsone,false
1179804,206-6970625-5490738,AMAZON,B0CJ4QZ15C,,LSMCSPSQMC+RPM40WH,2,43.49,22.89,2026-06-06 12:12:57,amazon Dcvoltage,false
1179805,202-9382761-5863557,AMAZON,B08VGMNGYN,,LSCY290YB+RPR44WH,1,17.89,17.89,2026-06-06 12:08:18,amazon Dcvoltage,false
1179806,206-6134110-4364315,AMAZON,B0DNJ9L8M5,,PCBSM2FFG,1,9.08,4.32,2026-06-06 12:02:39,amazon Ledsone,false
1179808,202-3113082-7050755,AMAZON,B0CCJ2F63N,,SPSDP3YB5PK,1,11.48,9.57,2026-06-06 12:08:43,amazon Ledsone,false
1179819,206-3502524-4871516,AMAZON,B0C7CJHCB3,,LSCY290CB+RPR44WH,1,15.89,15.89,2026-06-06 12:25:44,amazon Dcvoltage,false
1179823,205-1347246-7119554,AMAZON,B0DH9831B6,,CL3TPE3PK,1,11.28,7.99,2026-06-06 12:31:32,amazon Dcvoltage,false
1179824,204-4554130-7028311,AMAZON,B0DH96L1ZH,,CL3TBMAPK,1,25.89,25.89,2026-06-06 12:34:03,amazon Dcvoltage,false
1179829,203-4397179-8428316,AMAZON,B0DBV9CLPW,,LDSG125MUE274,1,10.49,8.74,2026-06-06 12:40:57,amazon Ledsone,false
1179831,203-9635258-6994746,AMAZON,B0F7X3BPQB,,ENC8625,1,30.89,25.74,2026-06-06 12:48:49,amazon Ledsone,false
1179832,203-2962437-5496310,AMAZON,B0CW3G3ZNR,,LDSSTRE274,1,8.19,8.19,2026-06-06 12:40:57,amazon Dcvoltage,false
1179833,203-7609629-6556308,AMAZON,B08XW91G7T,,WCB7WH+RPR44WH,1,10.09,10.09,2026-06-06 12:49:37,amazon Dcvoltage,false
1179841,202-2011581-1747527,AMAZON,B0D9M7Y4DY,,LDMST64E274APK,1,42.89,35.74,2026-06-06 13:03:16,amazon Ledsone,false
1179842,204-3840269-0712329,AMAZON,B0FB3ZBZP1,,LDMC35E144APK,1,25.19,20.99,2026-06-06 13:03:23,amazon Ledsone,false
1179843,204-9474914-8182725,AMAZON,B0G499B37C,,WCCYSP180WH2PK+RPR44WH2PK,1,24.89,20.74,2026-06-06 13:03:26,amazon Ledsone,false
1179848,206-6199030-6339541,AMAZON,B09LHV32SZ,,CRSF1203WH+PHTT1PWR1WH3PK+SPSPWH2PK,1,21.79,18.16,2026-06-05 11:10:05,amazon Ledsone,false
1179852,026-4075624-2935552,AMAZON,B0CSML6JMZ,,CRFF100CH2PK,1,11.81,13.89,2026-06-06 13:21:24,amazon Dcvoltage,false
1179864,204-8366803-1942756,AMAZON,B0DZNQCJX5,,RWWPSY08GY,1,4.58,1.41,2026-06-06 13:44:33,amazon Ledsone,false
1179865,206-5000000-3361120,AMAZON,B0DF7BD73R,,CRSF100BM+PHRYWP1RBM,1,11.89,9.91,2026-06-06 13:44:53,amazon Ledsone,false
1179878,203-7802849-4653154,AMAZON,B09MQRML1N,,WCB7WH+RPR44WH,1,10.29,8.57,2026-06-06 13:55:20,amazon Ledsone,false
1179889,203-5239073-7521152,AMAZON,B0F6SLG78J,,PHUH1HETBM,1,10.07,10.07,2026-06-06 14:01:30,amazon Ledsone,false
1179890,203-5239073-7521152,AMAZON,B0FY2HP9LJ,,PHUH0.5HETBM,1,9.15,9.15,2026-06-06 14:01:30,amazon Ledsone,false
1179891,206-5246373-2929935,AMAZON,B0FY5NVS4S,,LDSG1007E272PK,1,20.99,17.49,2026-06-06 14:02:13,amazon Ledsone,false
1179892,206-0364851-4277914,AMAZON,B0D9RXR2CM,,WCDTGD3PK+RPR44WH3PK,1,24.89,20.74,2026-06-06 12:56:54,amazon Ledsone,false
1179896,205-0824411-7343519,AMAZON,B0CHW3Q9VG,,CRSF100YB+PHRI1PBRYB+LSDO300YB,1,24.89,20.74,2026-06-06 14:07:37,amazon Ledsone,false
1179897,026-1332573-0832318,AMAZON,B0CV7K4PZC,,RWGS1342WH,1,6.75,3.59,2026-06-06 14:09:37,amazon Dcvoltage,false
1179910,202-1737584-3038706,AMAZON,B0DX6TP9TZ,,CENU36300WH,1,5.78,2.07,2026-06-06 14:20:24,amazon Ledsone,false
1179923,203-3761454-8755500,AMAZON,B0979FVT5K,,CNP1000GB,1,7.58,3.91,2026-06-06 14:43:39,amazon Ledsone,false
1179927,026-8922594-5427507,AMAZON,B0CSFS5V1P,,STND242RE2PK,4,12.57,2.24,2026-06-06 14:56:06,amazon Ledsone,false
1179928,204-0578514-7756321,AMAZON,B09B7VJ93H,,LSTF40CO+RPR44WH,1,10.99,10.99,2026-06-06 14:58:47,amazon Dcvoltage,false
1179929,203-0958574-7070709,AMAZON,B0DH64L6PN,,CL2TGD5PK,3,35.97,11.99,2026-06-06 14:59:36,amazon Dcvoltage,false
1179935,026-9012826-6657933,AMAZON,B0FY2HP9LJ,,PHUH0.5HETBM,1,10.99,9.16,2026-06-06 15:02:32,amazon Ledsone,false
1179936,203-0053324-4363539,AMAZON,B0DLBFH747,,PCBM20DS5PK,1,8.78,4.91,2026-06-06 15:05:00,amazon Ledsone,false
1179941,206-9482495-7839512,AMAZON,B08TX2837H,,LSMS320BI+RPR44WH,1,14.99,14.99,2026-06-06 15:12:45,amazon Dcvoltage,false
1179946,203-7974863-5027546,AMAZON,B0F9YHFVDF,,CRSF100HBM+WSWR1PFTBM+RD30+WR+PSDS4RBM,2,41.38,22.99,2026-06-06 15:27:29,amazon Dcvoltage,false
1179947,205-2232170-4767566,AMAZON,B0FW514SS5,,LSCYRO300BM+RPR44WH,1,19.89,19.89,2026-06-06 15:26:43,amazon Dcvoltage,false
1179949,205-1996592-0661113,AMAZON,B0DXQ53JQF,,LSCY290CH2PK+RPR44WH2PK,1,29.89,24.91,2026-06-06 15:21:10,amazon Ledsone,false
1179950,204-5458840-9165909,AMAZON,B09KNTHHN1,,CRSF2003BM+PHRB1PBR40BM3PK+LSBS160OR3PK,1,36.99,30.82,2026-06-06 15:21:38,amazon Ledsone,false
1179951,203-2763207-4257169,AMAZON,B0CGD9LSYY,,CRSF100WH+PHRY1PCRRE,1,11.97,9.97,2026-06-06 15:23:17,amazon Ledsone,false
1179952,204-5494409-3937924,AMAZON,B0CN376GSP,,CRSF1202BM+PHHT2PBRBM2PK+SPUPBM2PK,1,19.89,16.57,2026-06-06 15:27:01,amazon Ledsone,false
1179959,026-3376841-5732303,AMAZON,B0F292MNGB,,LSCY290BG+RPR44WH,1,17.49,14.57,2026-06-06 15:47:26,amazon Ledsone,false
1179960,203-2223897-0756334,AMAZON,B0CNJX1DV8,,WCB7WH+RPR44WH,1,10.89,10.89,2026-06-06 15:41:32,amazon Dcvoltage,false
1179961,206-1323916-7429940,AMAZON,B07GJPMHCT,,24IP6750,1,15.00,15.00,2026-06-06 15:44:14,amazon Dcvoltage,false
1179962,026-0337907-3534720,AMAZON,B0DY7NXLY4,,RWWPSY0640YE,1,9.38,6.49,2026-06-06 15:43:09,amazon SRM Amazon,false
1179968,204-4028245-7162720,AMAZON,B0GR8KX976,,SPPGUK3PBR2PK,1,7.88,4.16,2026-06-06 15:51:51,amazon Ledsone,false
1179969,204-3149565-7125959,AMAZON,B0DH952KYG,,CL3TBU5PK,1,11.99,11.99,2026-06-06 15:53:12,amazon Dcvoltage,false
1179973,202-0362124-9706770,AMAZON,B09JVSRK4Y,,LDSG95DIE274APK,1,38.89,38.89,2026-06-06 16:05:31,amazon Dcvoltage,false
1179974,205-3521101-6405137,AMAZON,B0CZXHLR1Q,,TPOSBDBM2PK,1,44.99,37.49,2026-06-06 16:02:22,amazon Ledsone,false
1179978,205-3748589-3573135,AMAZON,B0DCFXBYJG,,LDSG95DIE2745PK,1,26.89,22.41,2026-06-06 16:09:01,amazon Ledsone,false
1179983,204-1969750-7501126,AMAZON,B0FY3D927F,,WCFL180RO3PK+RPR44WH3PK,1,32.23,32.23,2026-06-06 16:28:22,amazon Dcvoltage,false
1179984,026-2799788-3405917,AMAZON,B0FHPNSB7S,,CRFF100GB2PK+LHNSE27GB2PK,1,23.99,23.99,2026-06-06 16:28:06,amazon Dcvoltage,false
1179985,205-2192200-7068328,AMAZON,B08PC4KXGK,,LHSHE27WH,1,10.78,6.57,2026-06-06 16:24:36,amazon Ledsone,false
1179986,026-7656296-5378748,AMAZON,B0CCHYSJWC,,SPSDP2YB,1,8.68,4.82,2026-06-06 16:27:36,amazon Ledsone,false
1179987,026-8321715-1377169,AMAZON,B0G49CBSQ3,,WCCYSP180BM2PK+RPR44WH2PK,1,23.89,19.91,2026-06-06 16:27:05,amazon Ledsone,false
1179992,206-9880123-1218751,AMAZON,B0DXQ7YWGJ,,LSCY290YB2PK+RPR44WH2PK,1,27.89,23.24,2026-06-06 16:33:15,amazon Ledsone,false
1179995,205-7730442-5361143,AMAZON,B0DH9B4NSC,,CL3TIV3PK,1,11.28,7.99,2026-06-06 16:31:29,amazon Dcvoltage,false
1179997,206-7472443-0340343,AMAZON,B0CPBW1B4F,,LSCY290CO+RPR44WH,1,18.89,18.89,2026-06-06 16:37:34,amazon Dcvoltage,false
1180005,203-8998701-4473158,AMAZON,B0DB5QGWLF,,LSEL400BM+RPR44WH,4,69.96,17.49,2026-06-06 16:37:06,amazon Dcvoltage,false
1180010,204-9266107-5942725,AMAZON,B0CZXHLR1Q,,TPOSBDBM2PK,1,44.99,37.49,2026-06-06 16:53:37,amazon Ledsone,false
1180011,204-1885678-6781118,AMAZON,B09HS9HMDJ,,CL2TBT5PK,1,12.89,10.74,2026-06-06 16:57:54,amazon Ledsone,false
1180026,204-8787721-3774702,AMAZON,B0DH953WJC,,CL3TBD5PK,1,11.99,11.99,2026-06-06 16:57:54,amazon Dcvoltage,false
1180030,206-7459860-1321963,AMAZON,B09HS7Z8WH,,CL2TLB5PK,1,12.19,10.16,2026-06-06 17:26:35,amazon Ledsone,false
1180037,206-1598786-3476361,AMAZON,B0DTQ3TL3L,,LDMST64E2743PK,1,14.89,12.41,2026-06-06 17:30:05,amazon Ledsone,false
1180041,026-4296747-1529141,AMAZON,B0DZ1Z169M,,RWWPSY0840YE2PK,1,7.08,3.49,2026-06-06 17:44:38,amazon Ledsone,false
1180042,204-3382067-0452355,AMAZON,B0GTYJBGDD,,LDST185E2746PK,1,17.89,14.91,2026-06-06 17:45:33,amazon Ledsone,false
1180044,206-2223733-0613900,AMAZON,B0CNXSNCKR,,CRSF100CO+LHNSE27CO+LSDM220CO,1,19.59,19.59,2026-06-06 18:04:04,amazon Dcvoltage,false
1180045,204-5339175-0690758,AMAZON,B08VGL8TBR,,LSCY290GB+RPR44WH,1,21.89,16.89,2026-06-06 18:08:25,amazon Dcvoltage,false
1180055,026-2764328-6494718,AMAZON,B0F1D3FS5C,,RWWPSY0660YE,1,5.88,2.99,2026-06-06 18:23:22,amazon Dcvoltage,false
1180058,206-5708247-3206763,AMAZON,B07PM5KN1T,,CL3TGL5PK,1,13.09,13.09,2026-06-06 18:31:15,amazon Dcvoltage,false
1180062,206-8345586-9765142,AMAZON,B0GD4SDGTT,,ENC7764,1,28.69,28.69,2026-06-06 18:47:48,amazon Dcvoltage,false
1180069,206-3569459-9141939,AMAZON,B0F441RQ1Q,,CENU25200BM2PK,1,5.88,2.99,2026-06-06 18:53:36,amazon Dcvoltage,false
1180070,205-2576083-7385145,AMAZON,B0CTT4CH4C,,LSMS320GR+RPR44WH,2,29.98,14.99,2026-06-06 18:54:17,amazon Dcvoltage,false
1180075,203-9763938-8344349,AMAZON,B0CF28734Y,,WCB4BM+RPR44WH,1,11.88,7.49,2026-06-06 19:04:37,amazon Ledsone,false
1180076,205-9213661-9829116,AMAZON,B0DH9FDGZY,,CL3TBRAPK,1,20.99,20.99,2026-06-06 19:04:50,amazon Dcvoltage,false
1180077,205-0093433-0617106,AMAZON,B0C9TWTCZ8,,LSCY210BG+RPR44WH,1,12.49,12.49,2026-06-06 19:08:45,amazon Dcvoltage,false
1180083,204-6508983-4133925,AMAZON,B0CCJQZ1X8,,SPSDP1YB,1,7.58,3.91,2026-06-06 19:28:56,amazon Ledsone,false
1180084,202-1929621-1149936,AMAZON,B0CQT78SLK,,LSDO210BI+RPR44WH,3,35.67,11.89,2026-06-06 19:15:51,amazon Dcvoltage,false
1180086,206-8371527-3185150,AMAZON,B0FQVK88R8,,ENC9103,2,37.60,20.89,2026-06-06 19:28:54,amazon Dcvoltage,false
1180087,205-7204786-1881965,AMAZON,B0G49DDJ63,,WCCYSP180GD2PK+RPR44WH2PK,1,23.89,19.91,2026-06-06 19:24:30,amazon Ledsone,false
1180088,203-6003574-3713113,AMAZON,B0F28YFTQ9,,LSCY290BU+RPR44WH,2,31.78,13.24,2026-06-06 19:32:18,amazon Ledsone,false
1180089,204-4117685-9591520,AMAZON,B0DCNNVB21,,LHC6E27WH4PK,5,67.45,10.41,2026-06-06 19:32:08,amazon Ledsone,false
1180095,202-4999048-3937910,AMAZON,B0B7799FKL,,CRFF108GB+HK10GB,2,16.98,7.08,2026-06-06 20:13:57,amazon Ledsone,false
1180096,204-1586921-9860332,AMAZON,B0CNXJD9GN,,CL3TBM3PK,2,12.27,4.49,2026-06-06 19:43:23,amazon Dcvoltage,false
1180104,206-2817097-9369953,AMAZON,B0D6GDQP8G,,CRSF100BC+PHNW1RBC+ICST64E27,1,16.88,14.07,2026-06-06 19:48:43,amazon Ledsone,false
1180106,202-2115314-6988368,AMAZON,B0CVN49CKQ,,CENU25200BM,1,0.94,0.94,2026-06-06 19:53:46,amazon Dcvoltage,false
1180107,202-2115314-6988368,AMAZON,B0DBLNDY2B,,CL3RIV5PK,1,13.49,13.49,2026-06-06 19:53:46,amazon Dcvoltage,false
1180112,202-8139815-1458758,AMAZON,B07FDTMWHC,,CCBC24,4,20.49,4.89,2026-06-06 20:07:13,amazon Dcvoltage,false
1180115,204-5561322-6401952,AMAZON,B0FR8ZYWXB,,LSCY290BG2PK+RPR44WH2PK,1,31.79,31.79,2026-06-06 20:11:43,amazon Dcvoltage,false
1180129,205-6219750-2565955,AMAZON,B0CR198Z7L,,MBCO2538CLNPK,1,12.19,10.16,2026-06-06 20:35:04,amazon Ledsone,false
1180130,204-8847467-8472354,AMAZON,B0FW4R1JC8,,LSCYRO200WH,1,12.41,12.41,2026-06-06 20:31:49,amazon Ledsone,false
1180131,204-8847467-8472354,AMAZON,B0FW4R78YZ,,LSCYRO300BM+RPR44WH,1,14.07,14.07,2026-06-06 20:31:49,amazon Ledsone,false
1180132,204-8847467-8472354,AMAZON,B0FW4P3H8Z,,LSCYRO200BM,1,12.41,12.41,2026-06-06 20:31:49,amazon Ledsone,false
1180133,204-8847467-8472354,AMAZON,B0FW4NQ5X6,,LSCYRO300WH,1,14.08,14.08,2026-06-06 20:31:49,amazon Ledsone,false
1180135,205-5332976-7377100,AMAZON,B093T47DB9,,LSCY290BL+RPR44WH,1,15.29,12.74,2026-06-06 20:37:28,amazon Ledsone,false
1180136,203-6375927-0604359,AMAZON,B0D9QKBNZC,,CL2RBW,3,8.66,1.66,2026-06-06 20:48:01,amazon Ledsone,false
1180138,203-7244341-9101935,AMAZON,B0CSMJHGLG,,CRSF100BM2PK,4,43.56,10.89,2026-06-06 20:48:55,amazon Dcvoltage,false
1180139,203-7244341-9101935,AMAZON,B0B9NF5PF7,,CL2TAG5PK,1,11.49,11.49,2026-06-06 20:48:55,amazon Dcvoltage,false
1180147,202-7146676-3045100,AMAZON,B0B7KCXV72,,CRFF105GB,1,11.68,7.32,2026-06-06 21:00:37,amazon Ledsone,false
1180148,206-4071250-4469931,AMAZON,B0DTPB2YC2,,WCB2BM3PK+RPR44WH3PK,1,21.89,18.24,2026-06-06 21:21:23,amazon Ledsone,false
1180150,026-0085904-7613168,AMAZON,B08YFJ5WY4,,CRSF2003YB+PHSH1PBRYB3PK+LSCY210BG3PK,1,39.89,39.89,2026-06-06 21:27:49,amazon Dcvoltage,false
1180155,203-1630655-7181936,AMAZON,B0C9TLSG9C,,ENC1912,1,18.89,15.74,2026-06-06 21:35:07,amazon Ledsone,false
1180158,203-6543429-7940361,AMAZON,B0C7GKYFRW,,ENC5166,1,19.89,19.89,2026-06-06 21:33:35,amazon Dcvoltage,false
1180159,203-5952728-9420364,AMAZON,B0DTHKSHFY,,WCB7BS3PK+RPR44WH3PK,1,23.49,23.49,2026-06-06 21:35:59,amazon Dcvoltage,false
1180161,203-1609303-2605914,AMAZON,B07S8CCS1Q,,CRSF100YB,1,10.78,6.57,2026-06-06 21:39:55,amazon Ledsone,false
1180162,204-7491386-2068334,AMAZON,B0FN7L73KF,,CRSF100CH+LHNSE27CH+ICST64E27,2,24.78,10.33,2026-06-06 21:46:49,amazon Ledsone,false
1180167,205-9281133-3486728,AMAZON,B07RCDR1SL,,LDMG80B224,1,9.88,6.99,2026-06-06 21:55:09,amazon Dcvoltage,false
1180169,206-2970476-9309111,AMAZON,B09D3YTMG9,,PLDMRR+LDMST64E274,1,25.89,25.89,2026-06-06 21:58:37,amazon Dcvoltage,false
1180177,202-4332853-4729115,AMAZON,B08RYTP5WV,,HRE2738WH2PK,2,4.71,0.91,2026-06-06 22:02:16,amazon SRM Amazon,false
1180182,206-4824789-9101102,AMAZON,B0DH4KYFPD,,WCDTBM2PK+RPR44WH2PK,1,18.29,15.24,2026-06-06 22:15:04,amazon Ledsone,false
1180189,204-9988579-8509907,AMAZON,B0FX2SP39V,,LSCYRO200WH2PK+RPR44WH2PK,1,22.89,22.89,2026-06-06 22:34:23,amazon Dcvoltage,false
1180192,206-7604432-5989127,AMAZON,B08XMT399Z,,WCB6BC+RPR44WH,1,10.89,10.89,2026-06-06 22:43:08,amazon Dcvoltage,false
1180193,204-3855996-0003513,AMAZON,B0CZXL6ZYG,,TPOSBDBM,1,24.89,20.74,2026-06-06 22:30:35,amazon Ledsone,false
1180195,026-0327112-4052307,AMAZON,B0GF1NNM5R,,ENC1803,1,20.59,17.16,2026-06-06 22:43:15,amazon Ledsone,false
1180198,026-1766240-0225930,AMAZON,B0DXQ87HLP,,LSCY290CY2PK+RPR44WH2PK,1,25.79,21.49,2026-06-06 22:50:50,amazon Ledsone,false
1180200,202-0160315-5953107,AMAZON,B0DQD74HVG,,PHSF1BMTYB3PK,2,53.48,24.76,2026-06-06 23:07:16,amazon Ledsone,false
1180201,206-0862413-1076357,AMAZON,B0DTHKSHFY,,WCB7BS3PK+RPR44WH3PK,1,23.49,23.49,2026-06-06 23:04:10,amazon Dcvoltage,false
1180204,204-2012492-3599532,AMAZON,B08SHXTWQ3,,LSLC180BM+RPR44WH,1,10.69,10.69,2026-06-06 23:17:31,amazon SRM Amazon,false
1180209,204-7950374-7146725,AMAZON,B0DBTT1921,,WCB1WH2PK+RPR44WH2PK,1,14.49,14.49,2026-06-06 23:27:59,amazon SRM Amazon,false
1180211,204-1029419-3338750,AMAZON,B0DYTPN1NZ,,RWWPSY0640YE,1,9.38,5.41,2026-06-06 23:27:52,amazon Ledsone,false
1180212,205-3625961-5658704,AMAZON,B0D9RXR847,,WCDTRO3PK+RPR44WH3PK,1,23.89,19.91,2026-06-06 23:34:12,amazon Ledsone,false
1180219,026-9993873-7672304,AMAZON,B0CTC7XPNX,,CRSF100BM+LHNSE27YB+SCRN70BM+LSFT220BG,1,18.89,18.89,2026-06-06 23:53:53,amazon Dcvoltage,false
1180220,202-5753859-7063559,AMAZON,B0CY26WVFD,,ENC6524,1,23.99,19.99,2026-06-06 23:53:26,amazon Ledsone,false
1180223,205-5326720-5357102,AMAZON,B0D7944QDY,,WCB6BM2PK+RPR44WH2PK,1,16.49,13.74,2026-06-07 00:06:22,amazon Ledsone,false
1180224,205-1677349-5700365,AMAZON,B0CKSRCVKQ,,CRFF75CH,1,9.78,5.74,2026-06-06 16:50:07,amazon Ledsone,false
1180229,202-0065589-4692348,AMAZON,B0G13VQY86,,PHFSH1PBRBM+LSMS320BU,2,32.02,16.01,2026-06-07 01:36:01,amazon Dcvoltage,false
1180231,204-3533084-4516310,AMAZON,B0GS2MG8FP,,TPHTTN2PBRBM+LSGL12010AR+LDMA60E274WW,1,22.79,22.79,2026-06-07 01:22:28,amazon Dcvoltage,false
1180232,202-0065589-4692348,AMAZON,B0G13VQY86,,PHFSH1PBRBM+LSMS320BU,1,16.01,16.01,2026-06-07 01:36:01,amazon Dcvoltage,false
1180233,203-4255199-7641904,AMAZON,B09L115HFJ,,12UK3P10A,1,18.29,15.24,2026-06-07 01:33:05,amazon Ledsone,false
1180235,204-0847614-2612353,AMAZON,B0GMR5VGVG,,LSFT220BW2PK+RPR44WH2PK,1,17.89,14.91,2026-06-07 02:50:28,amazon Ledsone,false
1180304,204-2489363-2564316,AMAZON,B0D4YG1QFJ,,LDMG95E2783PK,1,12.19,12.19,2026-06-07 07:33:36,amazon Dcvoltage,false
1180312,204-6655718-1454721,AMAZON,B0B4GBTQRZ,,CNT900FG,1,7.88,4.16,2026-06-07 07:56:13,amazon Ledsone,false
1180316,205-2957405-1904342,AMAZON,B0FB2WZFS4,,PHSF2BMRBY+SPSDP2BM+LDMST64E274,1,21.89,14.07,2026-06-07 08:02:37,amazon Ledsone,false
1180317,206-2464294-4277101,AMAZON,B09JM45NCQ,,LDSG125MUE274,1,12.29,10.24,2026-06-07 08:08:17,amazon Ledsone,false
1180321,205-1632626-9230712,AMAZON,B0FXXR1VWG,,LDSG1007E273PK,1,25.99,21.66,2026-06-07 08:12:34,amazon Ledsone,false
1180335,205-5270701-2365107,AMAZON,B0CGZRV5GV,,LSMCSPMSMC2PK+RPM40WH2PK,1,35.74,35.74,2026-06-07 08:40:06,amazon Ledsone,false
1180336,205-5270701-2365107,AMAZON,B0CK42P67J,,LSMCSPSQMC2PK+RPM40WH2PK,1,34.91,34.91,2026-06-07 08:40:06,amazon Ledsone,false
1180347,203-5340115-3781936,AMAZON,B0F9YNBRZD,,LSMS320BG+RPR44WH,7,111.16,13.23,2026-06-07 09:02:54,amazon Ledsone,false
1180355,203-8507751-4121139,AMAZON,B0CYZWJ7WJ,,LSCY290CH2PK+RPR44WH2PK,1,29.89,29.89,2026-06-07 09:23:23,amazon Dcvoltage,false
1180357,202-3159367-2187502,AMAZON,B0DCLQH97K,,STMT18FWH,1,5.08,1.82,2026-06-07 09:22:58,amazon Ledsone,false
1180358,026-5801230-2293117,AMAZON,B0FPWXQWQD,,LDCWA60HB2296PK,1,9.98,6.24,2026-06-07 09:24:35,amazon Ledsone,false
1180362,206-0802539-6116324,AMAZON,B084RCKRV7,,WCB6BS+RPR44WH,1,11.09,9.24,2026-06-07 09:32:56,amazon Ledsone,false
1180363,203-1372477-7396346,AMAZON,B0CM2RZNHV,,WCDTGD+RPR44WH,2,25.38,12.69,2026-06-07 08:46:14,amazon Dcvoltage,false
1180373,203-0359530-6882723,AMAZON,B0DYTQMM9X,,RWWPSY1080YE,1,11.78,7.41,2026-06-07 09:39:51,amazon Ledsone,false
1180374,026-7896439-9637134,AMAZON,B0DZNLF6LK,,RWWPSY10GY,1,2.07,2.07,2026-06-07 09:44:20,amazon Ledsone,false
1180375,026-7896439-9637134,AMAZON,B0DZNQCJX5,,RWWPSY08GY,1,1.41,1.41,2026-06-07 09:44:20,amazon Ledsone,false
1180382,204-6754682-2216334,AMAZON,B0D59Q2DL8,,WCB6BC2PK+RPR44WH2PK,1,16.29,16.29,2026-06-07 09:50:55,amazon Dcvoltage,false
1180384,203-8853179-3014740,AMAZON,B0CCJ3MP82,,SPSDP2SN3PK,1,12.49,10.41,2026-06-07 10:03:28,amazon Ledsone,false
1180385,202-4269736-0576369,AMAZON,B0DF7S438X,,LSMS320WH2PK+RPR44WH2PK,1,27.99,23.32,2026-06-07 10:08:10,amazon Ledsone,false
1180386,203-2411791-6627523,AMAZON,B0C9X67GZJ,,LSWD360BC+RPR44WH,1,18.89,18.89,2026-06-07 10:06:34,amazon Dcvoltage,false
1180391,026-5593317-0249134,AMAZON,B0DZCVXZHR,,ENC8323,1,89.89,74.91,2026-06-07 10:12:13,amazon Ledsone,false
1180392,205-0467702-5734756,AMAZON,B0B7799FKL,,CRFF108GB+HK10GB,1,8.49,7.07,2026-06-07 10:12:32,amazon Ledsone,false
1180394,206-3679346-9069954,AMAZON,B0CPBVNNQX,,LSCY290YE+RPR44WH,1,15.89,15.89,2026-06-07 10:20:12,amazon Dcvoltage,false
1180395,203-2296831-1917169,AMAZON,B0DH9BRNQ7,,CL3THE3PK,1,11.28,7.99,2026-06-07 10:25:10,amazon Dcvoltage,false
1180399,204-6757332-9421158,AMAZON,B0DTTF5GWY,,WCB6WH3PK+RPR44WH3PK,1,22.49,22.49,2026-06-07 10:29:03,amazon Dcvoltage,false
1180401,202-8475876-8321135,AMAZON,B0D7ZTRLBH,,LSCY290BM2PK+RPR44WH2PK,1,27.89,23.24,2026-06-07 10:32:25,amazon Ledsone,false
1180411,204-2859654-0877105,AMAZON,B0CTTGSYKH,,LSMS320YE+RPR44WH,1,14.99,14.99,2026-06-07 10:40:57,amazon Dcvoltage,false
1180413,203-0745237-7638753,AMAZON,B0B2K7K7N7,,LHC1E27WH3PK,1,10.89,9.07,2026-06-07 10:44:14,amazon Ledsone,false
1180422,202-1183538-8913913,AMAZON,B0DH66YMVM,,CL2TRE5PK,1,11.99,11.99,2026-06-07 10:50:34,amazon Dcvoltage,false
1180427,204-9296936-4696318,AMAZON,B0GL8J2V99,,LDMT185E2746PK,1,21.99,18.32,2026-06-07 10:59:28,amazon Ledsone,false
1180428,203-9892915-8692367,AMAZON,B0DB2FJY1T,,CL2THEAPK,1,21.49,17.91,2026-06-07 11:02:40,amazon Ledsone,false
1180429,202-2970354-9025925,AMAZON,B0GXB6JVLM,,WCBTC140FG+RPR44WH,1,14.89,12.41,2026-06-07 11:04:10,amazon Ledsone,false
1180430,026-7387760-2722705,AMAZON,B0CKF22C46,,LDLIE27TF4,1,11.58,7.24,2026-06-07 11:04:51,amazon Ledsone,false
1180431,203-2770508-1140365,AMAZON,B0DZ1Z3277,,RWWPSY0640YE2PK,1,10.98,9.15,2026-06-07 11:08:40,amazon Ledsone,false
1180435,205-1386328-6728340,AMAZON,B0G49DDJ63,,WCCYSP180GD2PK+RPR44WH2PK,1,23.89,19.91,2026-06-07 11:14:05,amazon Ledsone,false
1180445,203-1202733-2710769,AMAZON,B0FY2HP9LJ,,PHUH0.5HETBM,1,10.99,9.16,2026-06-07 11:30:22,amazon Ledsone,false
1180464,026-2203533-6772360,AMAZON,B0D7969XMQ,,WCB6BB2PK+RPR44WH2PK,1,15.59,12.99,2026-06-07 12:21:13,amazon Ledsone,false
1180469,202-3765268-2353164,AMAZON,B0DX6W8MTS,,CENU25200WH,1,4.78,1.24,2026-06-07 12:19:46,amazon Ledsone,false
1180472,204-9556275-5856352,AMAZON,B0FX2SZFZM,,LSCYRO300BM2PK+RPR44WH2PK,1,28.89,28.89,2026-06-07 12:23:59,amazon Dcvoltage,false
1180475,202-9871579-8240317,AMAZON,B09477YHK7,,LDMG95E278APK,1,35.19,29.32,2026-06-07 12:33:01,amazon Ledsone,false
1180476,026-4696918-7915513,AMAZON,B0DCK527TN,,STBFT50M48EWH,1,6.38,3.49,2026-06-07 12:37:42,amazon Dcvoltage,false
1180492,204-9790515-3808364,AMAZON,B0CGZQV9Y7,,LSMCSPFLMC+RPM40WH,1,25.89,21.57,2026-06-07 12:49:10,amazon Ledsone,false
1180493,205-0856516-2077154,AMAZON,B0DPQG7KJ7,,ENC7892,1,42.59,35.49,2026-06-07 12:49:10,amazon Ledsone,false
1180495,203-9847517-5104309,AMAZON,B0F5BJZSMW,,PLTEBS+WCWYBB,1,19.89,16.57,2026-06-07 12:57:32,amazon Ledsone,false
1180496,205-9343170-8189957,AMAZON,B0FN7JRXT5,,CRSF100SN+LHNSE27SN+ICST64E27,1,15.99,15.99,2026-06-07 12:59:05,amazon SRM Amazon,false
1180502,204-9743328-9836324,AMAZON,B08VGPPCY1,,WCDTBM+RPR44WH,1,10.29,10.29,2026-06-07 12:57:20,amazon Dcvoltage,false
1180503,026-3919216-4269144,AMAZON,B0CSMK1P5N,,CRFF100SN2PK,2,21.40,11.89,2026-06-07 13:03:16,amazon Dcvoltage,false
1180504,206-8360574-2710768,AMAZON,B0CNJS9YHQ,,WCB6WH+RPR44WH,1,10.29,10.29,2026-06-07 13:05:05,amazon Dcvoltage,false
1180505,206-7337290-7788302,AMAZON,B0B9Y59487,,CL3TBR5PK,1,13.79,11.49,2026-06-07 13:01:25,amazon Ledsone,false
1180515,205-9613693-4741165,AMAZON,B07PM5KN1T,,CL3TGL5PK,1,13.09,13.09,2026-06-07 13:21:06,amazon Dcvoltage,false
1180523,204-5004422-8691503,AMAZON,B0F7LLBKDX,,PCBM20PCBMAPK,1,10.79,8.99,2026-06-07 13:42:59,amazon Ledsone,false
1180529,203-8766178-3941951,AMAZON,B0D9S72T3T,,CL2RGYAPK,1,21.49,17.91,2026-06-07 13:51:44,amazon Ledsone,false
1180530,205-6330440-4893141,AMAZON,B0FXFGWCNL,,WCIR300BM2PK,1,25.89,21.57,2026-06-07 13:53:58,amazon Ledsone,false
1180531,202-3300722-5577111,AMAZON,B0DCKWL469,,STFG4845WH,1,6.38,2.91,2026-06-07 13:51:20,amazon Ledsone,false
1180532,202-1274657-5416338,AMAZON,B08W9QJ9PV,,PHUH1HETBM+LSHM300HE,1,31.89,31.89,2026-06-07 13:49:29,amazon Dcvoltage,false
1180533,202-1274657-5416338,AMAZON,B0C7R2PGD4,,CRSF2003BM+WCRNBM3PK+ICST64E273PK,1,53.89,53.89,2026-06-07 13:49:29,amazon Dcvoltage,false
1180534,204-7116049-3285935,AMAZON,B0DH9BZVRP,,CL3TBR5PK,1,11.99,11.99,2026-06-07 13:50:52,amazon Dcvoltage,false
1180535,204-7116049-3285935,AMAZON,B0GS9MNQ44,,SPPGUK3PBR4PK,1,9.89,9.89,2026-06-07 13:50:52,amazon Dcvoltage,false
1180536,204-0473306-2444358,AMAZON,B0D8V6PJ9Q,,HLLK100BM,1,6.09,6.09,2026-06-07 13:53:32,amazon Dcvoltage,false
1180556,206-3009534-0818739,AMAZON,B0DMT9WWDF,,PCMT20CH5PK,2,15.81,5.39,2026-06-07 14:21:24,amazon Ledsone,false
1180571,202-1958385-7123525,AMAZON,B08VGQPLWZ,,WCDTGD+RPR44WH,2,21.38,10.69,2026-06-07 14:48:03,amazon Dcvoltage,false
1180572,204-3345938-4793966,AMAZON,B093HB7L5H,,LSMS320BI+RPR44WH,1,14.99,12.49,2026-06-07 14:39:44,amazon Ledsone,false
1180573,204-6525351-3831502,AMAZON,B0F7QWMBLY,,CL3TGLAPK,1,19.99,16.66,2026-06-07 14:42:02,amazon Ledsone,false
1180579,202-9214124-8837968,AMAZON,B0F9VGLPDL,,CL3RGL3PK,1,9.68,5.66,2026-06-07 14:49:34,amazon Ledsone,false
1180580,204-7140669-8118702,AMAZON,B0CCHYSJWC,,SPSDP2YB,1,8.68,4.82,2026-06-07 14:50:46,amazon Ledsone,false
1180581,203-5963297-7356300,AMAZON,B083XHSX6F,,CL2TGD,1,7.98,4.24,2026-06-07 14:56:27,amazon Ledsone,false
1180582,202-2191668-6205949,AMAZON,B0CC62QM7Y,,LSMS320BU+RPR44WH,1,14.99,14.99,2026-06-07 14:55:26,amazon Dcvoltage,false
1180586,204-2068619-3283511,AMAZON,B084RL7K8J,,WCB7BS+RPR44WH,1,10.89,9.07,2026-06-07 15:03:56,amazon Ledsone,false
1180588,206-4969191-6693917,AMAZON,B0D296W5SC,,LSCY290OR3PK+RPR44WH3PK,1,35.99,29.99,2026-06-07 15:07:10,amazon Ledsone,false
1180589,203-3228816-6857137,AMAZON,B0G2L49CRT,,ENC7770,1,29.89,24.91,2026-06-07 15:08:27,amazon Ledsone,false
1180594,026-2867370-1580361,AMAZON,B0DY7PDSX3,,RWWPSY0840YE,2,6.67,1.89,2026-06-07 15:15:17,amazon SRM Amazon,false
1180600,204-3120072-6100361,AMAZON,B0CNLZLJZT,,WCB2BM+RPR44WH,1,10.49,10.49,2026-06-07 15:21:46,amazon Dcvoltage,false
1180601,203-4025231-6298763,AMAZON,B0CVGXBVDS,,RWWPSY1050YE,1,10.08,7.19,2026-06-07 15:21:49,amazon Dcvoltage,false
1180604,204-2481281-7058710,AMAZON,B09MSJBH7S,,ENC2212,1,39.99,33.32,2026-06-07 15:26:44,amazon Ledsone,false
1180608,202-2508898-2604356,AMAZON,B0GZKL4GZK,,WCBTC120FG2PK+RPR44WH2PK,1,20.89,20.89,2026-06-07 15:35:04,amazon SRM Amazon,false
1180619,026-1421001-3063542,AMAZON,B0DY7NXLY4,,RWWPSY0640YE,1,9.38,6.49,2026-06-07 15:48:02,amazon SRM Amazon,false
1180620,203-3313046-1365920,AMAZON,B0D83C46FP,,WCDTBL3PK+RPR44WH3PK,1,22.39,22.39,2026-06-07 15:44:35,amazon Dcvoltage,false
1180628,205-0066509-6128344,AMAZON,B0FN7GVTJC,,CRSF100BM+LHNSE27BM+ICST64E27,1,15.99,15.99,2026-06-07 15:50:25,amazon SRM Amazon,false
1180640,203-8243260-7319502,AMAZON,B0DRP87NC8,,LHSHE27GB2PK,1,10.89,10.89,2026-06-07 16:21:08,amazon SRM Amazon,false
1180641,026-1259130-9888339,AMAZON,B0CNQ1Q3BJ,,LDMG125E278,1,8.19,8.19,2026-06-07 16:24:56,amazon Dcvoltage,false
1180645,204-9062512-1542748,AMAZON,B0CMXS34YP,,WCCYROBM,1,21.89,21.89,2026-06-07 16:35:10,amazon Dcvoltage,false
1180646,203-4989890-4297949,AMAZON,B0DBKTSQM4,,CL2TBMAPK,1,21.19,17.66,2026-06-07 16:31:00,amazon Ledsone,false
1180647,202-4182098-6145964,AMAZON,B09477YHK7,,LDMG95E278APK,1,35.19,29.32,2026-06-07 16:35:45,amazon Ledsone,false
1180649,202-4988731-6683542,AMAZON,B0CHW3Q9VG,,CRSF100YB+PHRI1PBRYB+LSDO300YB,3,74.67,20.74,2026-06-07 16:37:18,amazon Ledsone,false
1180655,026-6762651-1408311,AMAZON,B0CZXHLR1Q,,TPOSBDBM2PK,1,44.99,37.49,2026-06-07 16:42:22,amazon Ledsone,false
1180662,204-2408139-9931568,AMAZON,B0DQ4BNPT3,,PCBS16T10BM3PK,1,10.48,6.32,2026-06-07 16:50:31,amazon Ledsone,false
1180664,204-6066700-8957919,AMAZON,B0F1D3FS5C,,RWWPSY0660YE,1,5.88,2.99,2026-06-07 16:58:25,amazon Dcvoltage,false
1180674,202-4184727-8569954,AMAZON,B0CPBXD3C5,,LSCY290WH+RPR44WH,1,15.89,15.89,2026-06-07 17:01:16,amazon Dcvoltage,false
1180675,206-5164759-8840349,AMAZON,B0CBRL28PQ,,PHDH1HETHE,1,18.89,18.89,2026-06-07 17:05:41,amazon Dcvoltage,false
1180676,203-2747318-6933901,AMAZON,B0G39VRZ29,,LSGG200AR+SCRN70FG,2,52.98,19.99,2026-06-07 17:00:44,amazon Ledsone,false
1180677,026-2945386-5359566,AMAZON,B0DQDBNJQ8,,PHSF1ROTRO3PK,1,29.71,24.76,2026-06-07 17:05:21,amazon Ledsone,false
1180679,203-2930330-1681108,AMAZON,B0GR8NP493,,SPPGUK3PWH2PK,1,6.87,3.32,2026-06-07 17:07:57,amazon Ledsone,false
1180682,205-6986302-2855517,AMAZON,B0D2997QLZ,,LSCY290RE3PK+RPR44WH3PK,1,37.89,31.57,2026-06-07 17:17:11,amazon Ledsone,false
1180690,202-7117517-8244355,AMAZON,B0DBYZMD44,,LDSHEAE2742PK,1,16.99,14.16,2026-06-07 17:22:48,amazon Ledsone,false
1180692,205-8560684-2075551,AMAZON,B0CW1TB57F,,RWWPSY0660YE,2,8.67,2.41,2026-06-07 17:27:28,amazon Ledsone,false
1180693,202-6480197-4107525,AMAZON,B0CSNH1JKT,,ENC9735,1,30.89,30.89,2026-06-07 17:24:28,amazon Dcvoltage,false
1180697,206-4943294-7154766,AMAZON,B08XWSBPHW,,WCB1BM+RPR44WH,1,9.99,9.99,2026-06-07 17:30:39,amazon Dcvoltage,false
1180698,026-4387345-7988343,AMAZON,B0CSDPYCLM,,STBFT50M48EWH,1,5.65,2.30,2026-06-07 17:33:13,amazon Ledsone,false
1180699,205-7402743-5847546,AMAZON,B0CCD4KL94,,ENC5267,1,17.89,14.91,2026-06-07 17:33:15,amazon Ledsone,false
1180700,204-0880000-5565104,AMAZON,B0847NWD8P,,CBSF110,2,9.17,2.91,2026-06-07 17:36:48,amazon Ledsone,false
1180701,203-7785027-9251514,AMAZON,B08PYZLJCK,,12IP6745,2,31.78,15.89,2026-06-07 17:32:07,amazon SRM Amazon,false
1180704,202-3690063-9671567,AMAZON,B083ZS9PGC,,LHAHE27CH,1,9.08,5.16,2026-06-07 17:40:34,amazon Ledsone,false
1180709,204-8804278-6277138,AMAZON,B0GTYJBGDD,,LDST185E2746PK,1,17.89,14.91,2026-06-07 17:48:00,amazon Ledsone,false
1180715,026-3799383-0728352,AMAZON,B0C2KRMRKX,,LSCP150GR+RPR44WH,1,12.89,10.74,2026-06-07 17:47:53,amazon Ledsone,false
1180718,204-7011044-1524303,AMAZON,B081VF2G3V,,LDMST64E2786PK,1,19.19,19.19,2026-06-07 18:02:25,amazon Dcvoltage,false
1180719,202-9743949-2668362,AMAZON,B0F7Q77D8Q,,ENC7472,2,61.78,25.74,2026-06-07 18:03:12,amazon Ledsone,false
1180720,204-0217381-1264345,AMAZON,B09LHT9D8C,,CRSF1203WH+PHTT1PWRBL3PK+SPSPWH3PK,1,20.89,17.41,2026-06-07 18:03:06,amazon Ledsone,false
1180721,204-5358458-5939524,AMAZON,B0DZNJDHCQ,,RWWPSY12GY,1,4.88,1.66,2026-06-07 18:05:56,amazon Ledsone,false
1180730,026-6525343-1238754,AMAZON,B083XMSFQF,,CL2RGL3PK,2,14.07,4.99,2026-06-07 18:11:31,amazon Ledsone,false
1180731,026-3536885-1045168,AMAZON,B0DQDBNJQ8,,PHSF1ROTRO3PK,1,29.71,24.76,2026-06-07 18:11:31,amazon Ledsone,false
1180732,202-8099740-7553147,AMAZON,B07L5CX2K9,,WCVCWH+RPR44WH,9,72.01,8.89,2026-06-07 18:14:09,amazon Dcvoltage,false
1180733,206-8939209-3068328,AMAZON,B08XWSBPHW,,WCB1BM+RPR44WH,1,9.99,9.99,2026-06-07 18:16:38,amazon Dcvoltage,false
1180734,202-2461772-5912336,AMAZON,B0FX2T3V9J,,LSCYRO200GD2PK+RPR44WH2PK,1,24.89,24.89,2026-06-07 18:17:37,amazon Dcvoltage,false
1180740,202-8501107-5275521,AMAZON,B0FVMDMLND,,CERU36150RE,1,4.38,1.24,2026-06-07 18:23:22,amazon Ledsone,false
1180742,205-7959232-0992364,AMAZON,B0DSBP4962,,PLTTBC+LSFT220BC,1,19.79,19.79,2026-06-07 18:25:53,amazon Dcvoltage,false
1180754,204-3094513-7661920,AMAZON,B0DB29LMHK,,CRFF75BA2PK,1,11.49,9.57,2026-06-07 18:44:30,amazon Ledsone,false
1180755,205-5868210-2860303,AMAZON,B09HN3LKV4,,PHSF1PWR40WH+CGWDWO+LSBS160WH,1,18.89,15.74,2026-06-07 18:48:34,amazon Ledsone,false
1180760,204-3237423-8428364,AMAZON,B094D9PTHN,,CRFF500BM+PHRI1PCRSN3PK+LSDM220SN3PK,1,32.99,27.49,2026-06-07 18:55:43,amazon Ledsone,false
1180761,204-7853112-1421165,AMAZON,B09V8B8RJF,,CRSF2003BM+PHHN1PBRGD3PK+LSDO210YE3PK,2,75.78,31.58,2026-06-07 18:53:51,amazon Ledsone,false
1180770,026-1145782-2523502,AMAZON,B0FPQVSMFT,,LDCWT75B2212,1,11.68,7.32,2026-06-07 19:05:18,amazon Ledsone,false
1180771,206-9188317-4986750,AMAZON,B0DZNQCJX5,,RWWPSY08GY,1,1.41,1.41,2026-06-07 19:08:26,amazon Ledsone,false
1180772,206-9188317-4986750,AMAZON,B0DZNLF6LK,,RWWPSY10GY,1,2.07,2.07,2026-06-07 19:08:26,amazon Ledsone,false
1180773,026-0261769-8859575,AMAZON,B0CCHYSJWC,,SPSDP2YB,2,14.47,4.83,2026-06-07 19:08:13,amazon Ledsone,false
1180783,205-0346965-0831532,AMAZON,B0FZCQMY9B,,LSHM400HE2PK+RPR44WH2PK,1,49.31,54.79,2026-06-07 19:15:06,amazon Dcvoltage,false
1180784,203-6608017-7273109,AMAZON,B0CJCCYQQZ,,PSOS2HERBM+ICST64E27,1,16.89,16.89,2026-06-07 19:17:56,amazon SRM Amazon,false
1180786,203-5367415-5952328,AMAZON,B0F7Q77D8Q,,ENC7472,1,30.89,25.74,2026-06-07 19:16:08,amazon Ledsone,false
1180794,203-4858372-5068319,AMAZON,B0DX6TP9TZ,,CENU36300WH,1,5.78,2.07,2026-06-07 19:24:29,amazon Ledsone,false
1180795,205-8107682-8359551,AMAZON,B09CZH3TJW,,ENC8896,1,26.99,26.99,2026-06-07 19:21:04,amazon SRM Amazon,false
1180796,204-8105311-3033910,AMAZON,B0C7H2N8J4,,LSFT220NB+RPR44WH,1,10.89,10.89,2026-06-07 19:18:50,amazon Dcvoltage,false
1180803,202-5183140-5951524,AMAZON,B0C9TWTCZ8,,LSCY210BG+RPR44WH,1,12.49,12.49,2026-06-07 19:33:38,amazon Dcvoltage,false
1180804,203-5305657-8811559,AMAZON,B0CQT81DRB,,LSDO210BG+RPR44WH,3,41.67,13.89,2026-06-07 19:34:41,amazon Dcvoltage,false
1180818,205-9639038-8538743,AMAZON,B0DH6B67H8,,CL2TAG3PK,1,8.99,8.99,2026-06-07 19:49:51,amazon Dcvoltage,false
1180819,202-0052488-3124310,AMAZON,B08KJJWJKK,,CRFF500BM+PHHT1PBRBM3PK+WCDCBM3PK,1,36.99,30.82,2026-06-07 19:48:32,amazon Ledsone,false
1180820,026-5460017-7626741,AMAZON,B0F29GB76Y,,SPSD78SN2PK,1,10.48,6.32,2026-06-07 19:49:00,amazon Ledsone,false
1180829,026-9459006-9713103,AMAZON,B0FTG9DY12,,WCIR300BM+RPR44WH,4,67.56,16.89,2026-06-07 20:03:53,amazon Dcvoltage,false
1180834,203-9502723-1297903,AMAZON,B0G49CBSQ3,,WCCYSP180BM2PK+RPR44WH2PK,1,23.89,19.91,2026-06-07 20:09:25,amazon Ledsone,false
1180838,203-2097894-3045968,AMAZON,B0G49CBSQ3,,WCCYSP180BM2PK+RPR44WH2PK,1,23.89,19.91,2026-06-07 20:19:44,amazon Ledsone,false
1180839,203-5138978-6225140,AMAZON,B0C43M1HH6,,WCDTBL+RPR44WH,1,10.09,8.41,2026-06-07 20:26:40,amazon Ledsone,false
1180841,204-9352023-9077952,AMAZON,B0GY3G4S1F,,LSGL1275CL3PK+RPM40WH3PK,1,21.89,21.89,2026-06-07 20:19:17,amazon Dcvoltage,false
1180843,206-9151458-0441903,AMAZON,B0CRZ4FYL7,,LSCY290YE+RPR44WH,1,15.89,15.89,2026-06-07 20:29:38,amazon Dcvoltage,false
1180849,202-1400683-9735560,AMAZON,B0FLXL3CLJ,,CRSF100YB+PHMH1HERYB+ICST64E27,1,11.99,11.99,2026-06-07 20:33:59,amazon SRM Amazon,false
1180857,202-4229735-0980322,AMAZON,B0CKFD2MTJ,,PLTYBM+ICST64E27,1,18.89,15.74,2026-06-07 20:42:28,amazon Ledsone,false
1180859,205-6933459-5320360,AMAZON,B0FJ2L7LQF,,STPVC17ABL,1,4.98,2.09,2026-06-07 20:44:15,amazon Dcvoltage,false
1180860,026-7472834-1445947,AMAZON,B08XW91G7T,,WCB7WH+RPR44WH,1,10.09,10.09,2026-06-07 20:45:55,amazon Dcvoltage,false
1180861,202-6143044-6409910,AMAZON,B0FW525RR7,,LSCYRO300GD+RPR44WH,1,19.89,19.89,2026-06-07 20:48:00,amazon Dcvoltage,false
1180869,204-2225060-1056368,AMAZON,B0CBPTFNRX,,WCB4BM2PK+RPR44WH2PK,1,15.89,15.89,2026-06-07 20:54:29,amazon Dcvoltage,false
1180870,205-2580883-8545160,AMAZON,B0CVL51C22,,LSTF400GR+RPR44WH,1,16.39,16.39,2026-06-07 20:51:36,amazon Dcvoltage,false
1180871,205-4113258-7180351,AMAZON,B0D2N2MJRP,,CRFF500BM,1,11.89,9.91,2026-06-07 20:52:12,amazon Ledsone,false
1180872,203-3927320-7220322,AMAZON,B0DX6NBT9P,,CENU19150WH,5,8.19,0.91,2026-06-07 20:56:34,amazon Ledsone,false
1180880,205-2706031-9512304,AMAZON,B0DH688STH,,CL2TIV5PK,1,11.99,11.99,2026-06-07 21:04:08,amazon Dcvoltage,false
1180886,206-4124251-7583560,AMAZON,B0FX2T3V9J,,LSCYRO200GD2PK+RPR44WH2PK,1,24.89,24.89,2026-06-07 21:13:37,amazon Dcvoltage,false
1180887,204-9468414-6178719,AMAZON,B0F28YKH9K,,LSCY290RR+RPR44WH,1,15.89,13.24,2026-06-07 21:12:21,amazon Ledsone,false
1180888,205-5919036-2757110,AMAZON,B0DCKGXY3N,,STFG4845WH2PK,1,7.58,3.91,2026-06-07 21:15:14,amazon Ledsone,false
1180891,202-9121316-5688356,AMAZON,B0D83G5VKN,,ENC685,1,59.78,56.89,2026-06-07 21:22:39,amazon Dcvoltage,false
1180892,206-3008217-1331558,AMAZON,B0F32XTV5C,,RWWPSN08GY,1,5.78,2.41,2026-06-07 21:25:16,amazon Ledsone,false
1180893,204-5347368-7128361,AMAZON,B0CZXL6ZYG,,TPOSBDBM,1,24.89,20.74,2026-06-07 21:29:12,amazon Ledsone,false
1180896,204-0047156-4821172,AMAZON,B0H32W9HVL,,SPCC320BM2PK,1,12.67,8.15,2026-06-07 21:39:57,amazon Ledsone,false
1180900,204-7539169-5754706,AMAZON,B0GLGB3M6Q,,LSGLFP245PU+RPM40WH,1,15.89,15.89,2026-06-07 21:41:56,amazon Dcvoltage,false
1180908,206-0249137-5878706,AMAZON,B07L6T9P7B,,CRSF100GB,1,8.89,8.89,2026-06-07 21:55:59,amazon Dcvoltage,false
1180909,204-4871958-2338765,AMAZON,B0GLNBSJMP,,PL4HRR,1,38.69,32.24,2026-06-07 21:55:47,amazon Ledsone,false
1180913,026-2669625-5773927,AMAZON,B0GQ48BNBZ,,LSGLSC115AR+RPM40WH,1,11.89,11.89,2026-06-07 22:01:37,amazon Dcvoltage,false
1180914,206-5645993-5835511,AMAZON,B0D9K5NHFW,,TPFC280SL,1,15.28,15.28,2026-06-07 22:04:29,amazon Dcvoltage,false
1180918,206-5404219-6010760,AMAZON,B0DJBSQXTJ,,HLRK45BM5PK,1,12.88,8.32,2026-06-07 22:13:36,amazon Ledsone,false
1180919,205-6582386-0753954,AMAZON,B08X9WV762,,PSDS4BMRBU,2,33.01,11.34,2026-06-07 22:16:14,amazon Dcvoltage,false
1180932,204-5628886-4921942,AMAZON,B0FW514SS5,,LSCYRO300BM+RPR44WH,1,19.89,19.89,2026-06-07 22:30:34,amazon Dcvoltage,false
1180933,203-4229686-7051552,AMAZON,B0DH68WNYV,,CL2TGY5PK,1,10.09,10.09,2026-06-07 22:32:49,amazon Dcvoltage,false
1180934,205-5765795-1768330,AMAZON,B08XXVF2R8,,WCB3WH+RPR44WH,1,8.98,8.98,2026-06-07 22:37:49,amazon Dcvoltage,false
1180935,205-5765795-1768330,AMAZON,B08XXV8PLG,,WCB3BB+RPR44WH,1,9.49,9.49,2026-06-07 22:37:49,amazon Dcvoltage,false
1180939,204-8750615-2375532,AMAZON,B0FPFYZ5D1,,CRSF100BM+PHRNWP1RBM,1,12.69,10.57,2026-06-07 22:32:16,amazon Ledsone,false
1180940,206-4400680-8061945,AMAZON,B0F2GGDBJ1,,RWT460YE,1,10.48,6.32,2026-06-07 22:34:01,amazon Ledsone,false
1180943,205-0979087-4295566,AMAZON,B0CNT2ML5D,,PLADBC,1,47.89,47.89,2026-06-07 22:48:21,amazon Dcvoltage,false
1180944,206-9776703-9575504,AMAZON,B095P9K3WL,,CRSF100BM+WSNW170BM+LSUL220BM,2,35.78,14.91,2026-06-07 22:43:13,amazon Ledsone,false
1180946,026-5772707-2673951,AMAZON,B0CC9QFDC8,,LSLT360YE+RPR44WH,1,13.29,13.29,2026-06-07 22:48:53,amazon Dcvoltage,false
1180948,204-4080782-6375501,AMAZON,B0B8DVBX4Q,,CRSF1204BM,4,30.56,7.08,2026-06-07 23:04:48,amazon Ledsone,false
1180950,205-3741265-6557952,AMAZON,B0C171ZZP8,,PSDS2RRE,1,11.99,11.99,2026-06-07 23:16:24,amazon Dcvoltage,false
1180951,203-8283121-8572320,AMAZON,B0GP73VLM8,,LHPVHRE27WH,1,7.58,3.91,2026-06-07 23:20:52,amazon Ledsone,false
1180952,203-0110730-4721953,AMAZON,B0DX6NBT9P,,CENU19150WH,1,4.38,0.91,2026-06-07 23:28:18,amazon Ledsone,false
1180955,026-3531020-2757142,AMAZON,B0CPBXBX8H,,LSCY290RE+RPR44WH,1,20.89,15.89,2026-06-07 23:37:04,amazon Dcvoltage,false
1180956,202-7406883-6109143,AMAZON,B0FPWXQWQD,,LDCWA60HB2296PK,2,17.47,6.24,2026-06-07 23:29:13,amazon Ledsone,false
1180958,205-0628159-8161924,AMAZON,B0DH4KYFPD,,WCDTBM2PK+RPR44WH2PK,1,18.29,15.24,2026-06-07 23:43:56,amazon Ledsone,false
1180963,203-9625801-0898768,AMAZON,B0C43N2F3D,,WCDTWH+RPR44WH,1,10.25,8.54,2026-06-08 00:08:45,amazon Ledsone,false
1180965,206-5548873-4627529,AMAZON,B0G49DDJ63,,WCCYSP180GD2PK+RPR44WH2PK,1,23.89,19.91,2026-06-08 00:10:12,amazon Ledsone,false
1180966,206-4885910-7393933,AMAZON,B0GCZNP15R,,CRFF100GB+LHNSE27GB+ICST64E27,1,16.89,16.89,2026-06-08 00:08:56,amazon Dcvoltage,false
1180968,205-2998405-9028319,AMAZON,B0GDDXRR5K,,LDMT185E2735PK,1,17.19,14.32,2026-06-08 00:19:32,amazon Ledsone,false
1180971,026-2542443-9204330,AMAZON,B083XST3WZ,,CL2TBR3PK,1,8.98,5.07,2026-06-08 00:31:00,amazon Ledsone,false
1180973,203-4903799-7934756,AMAZON,B0F8QCBY49,,CERU36200BM,2,6.87,1.66,2026-06-08 00:45:09,amazon Ledsone,false
1180975,204-6623718-5549943,AMAZON,B0FW4P3H8Z,,LSCYRO200BM+RPR44WH,1,14.89,12.41,2026-06-08 01:20:28,amazon Ledsone,false
1180977,206-2893644-3622758,AMAZON,B0DV5D8QP4,,ENC8215,1,45.99,38.32,2026-06-08 01:38:40,amazon Ledsone,false
1180982,205-2878364-7953965,AMAZON,B0B4BGQRQL,,PSDS2BMRBR,1,11.99,9.99,2026-06-08 03:06:31,amazon Ledsone,false
1181002,205-5893940-8534701,AMAZON,B0CZXL6ZYG,,TPOSBDBM,1,24.89,20.74,2026-06-08 03:52:52,amazon Ledsone,false
1181007,202-8724784-6574739,AMAZON,B0CVL32TZC,,LSTF400OR+RPR44WH,1,16.39,13.66,2026-06-08 04:03:06,amazon Ledsone,false
1181008,205-5709446-9865962,AMAZON,B0G499B37C,,WCCYSP180WH2PK+RPR44WH2PK,1,24.89,20.74,2026-06-08 04:05:32,amazon Ledsone,false
1181047,205-6630915-7639553,AMAZON,B0D5QZ5D6Y,,LSMCSQWYRE2PK+RPM40WH2PK,1,36.89,36.89,2026-06-08 05:27:17,amazon Dcvoltage,false
1181048,203-8237582-1966741,AMAZON,B0DB2B8XXL,,CRFF75GB3PK,1,15.89,13.24,2026-06-08 05:25:13,amazon Ledsone,false
1181049,202-3801342-2163509,AMAZON,B0CSDPYCLM,,STBFT50M48EWH,1,5.65,2.30,2026-06-08 05:21:48,amazon Ledsone,false
1181050,203-5463942-4743552,AMAZON,B0D73J2ZXH,,CNP1000WH5PK,1,22.89,19.07,2026-06-08 05:34:32,amazon Ledsone,false
1181051,206-3930146-6286709,AMAZON,B0CQNHPKT7,,PLTTBM+LSFT220BM,1,20.89,20.89,2026-06-08 05:46:11,amazon Dcvoltage,false
1181055,204-7270770-1814712,AMAZON,B0DF7BD73R,,CRSF100BM+PHRYWP1RBM,1,11.89,9.91,2026-06-08 05:52:02,amazon Ledsone,false
1181056,206-0569221-5045924,AMAZON,B0D4YPNVP1,,CRFF140BM+WSWH135BM+LSDO210BM,1,16.69,16.69,2026-06-08 05:46:11,amazon Dcvoltage,false
1181059,206-5540811-8008340,AMAZON,B0BR3WMBFM,,ENC4163,1,52.89,52.89,2026-06-08 06:19:31,amazon Dcvoltage,false
1181060,026-6215033-7839567,AMAZON,B08FXSCF48,,LSFT220BL+RPR44WH,1,10.79,10.79,2026-06-08 06:26:49,amazon Dcvoltage,false
1181065,202-7112783-3935551,AMAZON,B0C948Q2C2,,PLTYBC+WCBNBC+LDST45E274,1,18.89,18.89,2026-06-08 06:36:18,amazon Dcvoltage,false
1181072,206-2655404-5956305,AMAZON,B0FFB3XJ7G,,BS6S8033GY,1,20.89,17.41,2026-06-08 07:27:26,amazon Ledsone,false
1181077,204-5345139-6233945,AMAZON,B0G5ZRFC58,,CRSF100BM+PHNW1RBM+ICST64E27,2,29.78,12.41,2026-06-08 07:50:46,amazon Ledsone,false
1181081,206-3902336-5491522,AMAZON,B0DX6TP9TZ,,CENU36300WH,1,5.78,2.07,2026-06-08 07:50:56,amazon Ledsone,false
1181085,204-0528240-7112341,AMAZON,B0CMCR651C,,CRFF500CH+WCCY1ROCH3PK+LDST45E2743PK,1,62.89,52.41,2026-06-08 08:02:33,amazon Ledsone,false
1181086,203-5074615-7124308,AMAZON,B0C43LY8DB,,WCDTYE+RPR44WH,1,12.78,8.24,2026-06-08 08:02:12,amazon Ledsone,false
1181087,205-8263826-3929907,AMAZON,B08G4YZDH5,,LDMG125E278,2,23.98,11.99,2026-06-08 08:05:02,amazon SRM Amazon,false
1181092,203-2343126-9986705,AMAZON,B0DF7BD73R,,CRSF100BM+PHRYWP1RBM,1,11.89,9.91,2026-06-08 08:10:30,amazon Ledsone,false
1181093,202-7558725-7841108,AMAZON,B08T9JZ971,,CRSF100SN+LHNSE27SN+LSSS300SN,1,19.69,16.41,2026-06-08 08:18:07,amazon Ledsone,false
1181094,202-9109804-7853125,AMAZON,B0FX2XDLT5,,LSCYRO200BM2PK+RPR44WH2PK,1,24.89,24.89,2026-06-08 08:09:39,amazon Dcvoltage,false
1181097,205-0260627-5589931,AMAZON,B0BJ2XSYKT,,LDMG80E274APK,1,27.99,23.32,2026-06-08 08:28:02,amazon Ledsone,false
1181110,202-1768340-7501112,AMAZON,B0DYDYF8GT,,CRFF100YB+LHNSE27YB,1,12.18,7.74,2026-06-08 08:43:44,amazon Ledsone,false
1181114,026-1858972-9187520,AMAZON,B0DCKWL469,,STFG4845WH,1,6.38,2.91,2026-06-08 08:55:42,amazon Ledsone,false
1181115,203-3024094-7845966,AMAZON,B0CVQFSV4Z,,RWT680YE,1,10.89,9.07,2026-06-08 08:57:18,amazon Ledsone,false
1181130,206-3650609-4513906,AMAZON,B084RR38SF,,WCB7RR+RPR44WH,1,11.78,7.41,2026-06-08 09:08:55,amazon Ledsone,false
1181131,204-9726205-3792361,AMAZON,B09LHV32SZ,,CRSF1203WH+PHTT1PWR1WH3PK+SPSPWH2PK,1,21.79,18.16,2026-06-08 09:09:17,amazon Ledsone,false
1181138,026-7811079-6216313,AMAZON,B0CMCP8X1X,,CRFF500CH+WCCY1ROCH3PK,1,52.99,44.16,2026-06-08 09:20:57,amazon Ledsone,false
1181141,203-2747578-5120316,AMAZON,B0DZNQCJX5,,RWWPSY08GY,1,4.58,1.41,2026-06-08 09:26:48,amazon Ledsone,false
1181150,026-4026498-5643524,AMAZON,B0FHK4V88R,,TPFC300BG,1,20.28,15.28,2026-06-08 09:31:39,amazon Dcvoltage,false
1181159,206-9020049-8387568,AMAZON,B0FX2XDLT5,,LSCYRO200BM2PK+RPR44WH2PK,1,24.89,24.89,2026-06-08 09:48:46,amazon Dcvoltage,false
1181164,202-6529635-8885167,AMAZON,B0BVJ45H5K,,CRSF100YB+PHMU1PBRYB+LSDM220YB,3,71.97,23.99,2026-06-08 10:00:46,amazon Dcvoltage,false
1181167,204-1760852-1344326,AMAZON,B09LHV32SZ,,CRSF1203WH+PHTT1PWR1WH3PK+SPSPWH2PK,1,21.79,18.16,2026-06-08 10:13:50,amazon Ledsone,false
1181180,202-9308518-2538718,AMAZON,B07QQZ9L5N,,12ASIP2060,4,36.83,10.23,2026-06-08 10:38:00,amazon Dcvoltage,false
1181188,206-1921211-3726761,AMAZON,B0DTHKSNFS,,WCB6BM3PK+RPR44WH3PK,1,22.49,22.49,2026-06-08 10:38:54,amazon Dcvoltage,false
1181189,202-4281554-3738716,AMAZON,B09477VMYH,,LDMG95E2785PK,1,20.89,17.41,2026-06-08 10:42:32,amazon Ledsone,false
1181195,026-1800667-9613147,AMAZON,B0CPBXBX8H,,LSCY290RE+RPR44WH,1,15.89,15.89,2026-06-08 10:51:56,amazon Dcvoltage,false
1181196,202-0722030-3069110,AMAZON,B0F7QRPZY7,,CL3TBRAPK,1,19.99,16.66,2026-06-08 10:50:09,amazon Ledsone,false
1181197,204-7786502-8126701,AMAZON,B08B61VPZL,,PLTTBC+LSFT220BC,1,18.89,15.74,2026-06-08 10:54:14,amazon Ledsone,false
1181205,206-6614429-2767532,AMAZON,B0G2L35YZ5,,ENC7764,1,27.89,23.24,2026-06-08 11:07:38,amazon Ledsone,false
1181206,203-3749139-6959503,AMAZON,B0DF7BD73R,,CRSF100BM+PHRYWP1RBM,3,35.67,9.91,2026-06-08 11:08:20,amazon Ledsone,false
1181210,202-4591555-5558718,AMAZON,B0D571W4XR,,WCB6BB2PK+RPR44WH2PK,1,16.89,16.89,2026-06-08 11:15:45,amazon Dcvoltage,false
1181211,205-0324354-3276313,AMAZON,B08JJ76ZYR,,12IP6730,2,20.34,10.17,2026-06-08 11:09:43,amazon SRM Amazon,false
1181212,026-2303122-6344331,AMAZON,B0DTZ26LDY,,LSHH240BG+RPR44WH,2,24.46,11.32,2026-06-08 11:17:31,amazon Ledsone,false
1181217,202-3421343-5002758,AMAZON,B0CLDB8Q5J,,CRSF108CH2PK+WSST70CH2PK,1,10.99,9.16,2026-06-08 11:27:06,amazon Ledsone,false
1181227,203-1296228-1266758,AMAZON,B0D83WT1X9,,CRSF100BM+WSCH135BM+SCRN70BM+LSFT220BM,3,53.67,17.89,2026-06-08 11:31:22,amazon Dcvoltage,false
1181228,206-2910287-6573126,AMAZON,B0D59MHSXN,,WCB3WH2PK+RPR44WH2PK,1,16.09,16.09,2026-06-08 11:34:28,amazon Dcvoltage,false
1181230,026-8374154-0591549,AMAZON,B0DB29LMHK,,CRFF75BA2PK,2,22.98,9.58,2026-06-08 11:38:53,amazon Ledsone,false
1181231,202-3873666-1748313,AMAZON,B0CF5K9JQD,,CRSF100BM+PHCHPBRRO+LSCY290RO,1,23.89,19.91,2026-06-08 11:39:08,amazon Ledsone,false
1181232,202-3672251-7961915,AMAZON,B09LHV32SZ,,CRSF1203WH+PHTT1PWR1WH3PK+SPSPWH2PK,1,21.79,18.16,2026-06-08 11:39:07,amazon Ledsone,false
1181234,026-7131124-5752305,AMAZON,B0DPM9QV89,,LHCTOYB,1,12.78,8.24,2026-06-08 11:49:45,amazon Ledsone,false
1181235,205-2673392-1401935,AMAZON,B0CN33ZKP6,,WCB5BC2PK+RPR44WH2PK,1,23.89,23.89,2026-06-08 11:44:48,amazon Dcvoltage,false
1181244,204-0693593-2449139,AMAZON,B0CNXKLKWH,,CL3TBK3PK,1,7.78,4.49,2026-06-08 11:54:14,amazon Dcvoltage,false
1181245,026-4489733-7547510,AMAZON,B0C9TJJ9XK,,ENC1908,1,21.89,21.89,2026-06-08 11:57:59,amazon Dcvoltage,false
1181246,206-0830113-5949907,AMAZON,B0D2N2MJRP,,CRFF500BM,1,11.89,9.91,2026-06-08 11:49:02,amazon Ledsone,false
1181250,203-7395090-0273131,AMAZON,B0F1D3YQPG,,RWWPSY10GY,1,2.49,2.49,2026-06-08 12:06:29,amazon Dcvoltage,false
1181251,203-7395090-0273131,AMAZON,B0F1D2YMJS,,RWWPSY12GY,1,2.49,2.49,2026-06-08 12:06:29,amazon Dcvoltage,false
1181252,205-0215751-4203552,AMAZON,B0F6SLG78J,,PHUH1HETBM,3,36.24,10.07,2026-06-08 12:03:40,amazon Ledsone,false
1181253,026-5483182-5160345,AMAZON,B0G2L49CRT,,ENC7770,1,31.59,26.32,2026-06-08 11:57:35,amazon Ledsone,false
1181258,203-3918454-9476307,AMAZON,B0C9TBRBCV,,LHCNE27GB,1,12.78,9.89,2026-06-08 12:09:21,amazon Dcvoltage,false
1181263,204-8498277-0233968,AMAZON,B08XWSBPHW,,WCB1BM+RPR44WH,2,19.98,9.99,2026-06-08 12:24:37,amazon Dcvoltage,false
1181268,202-4289528-1676334,AMAZON,B07X62T49N,,CRSF100GR,1,9.78,6.89,2026-06-08 12:29:58,amazon Dcvoltage,false
1181269,206-4569950-0912357,AMAZON,B0CVBBFB9K,,CRFF140WH,1,9.38,6.49,2026-06-08 12:35:16,amazon SRM Amazon,false
1181271,026-8931732-3527508,AMAZON,B0CZXL6ZYG,,TPOSBDBM,1,25.89,21.57,2026-06-08 12:36:37,amazon Ledsone,false
1181277,203-5289831-1796323,AMAZON,B08RYTP5WV,,HRE2738WH2PK,1,3.80,0.91,2026-06-08 12:43:39,amazon SRM Amazon,false
1181278,204-0222360-5882766,AMAZON,B0GR8KX976,,SPPGUK3PBR2PK,1,7.88,4.16,2026-06-08 12:44:05,amazon Ledsone,false
1181279,026-9014641-7556330,AMAZON,B0FY2HP9LJ,,PHUH0.5HETBM,1,10.99,9.16,2026-06-08 12:42:20,amazon Ledsone,false
1181282,203-1313910-0461967,AMAZON,B0FC1YZTFN,,SPSSDBMAPK,1,10.08,5.99,2026-06-08 12:47:46,amazon Ledsone,false
1181283,206-6874200-7952361,AMAZON,B0GYPFK619,,BS6S6609WH,1,20.89,17.41,2026-06-08 12:48:18,amazon Ledsone,false
1181295,205-9454769-4800323,AMAZON,B0D9RRFVV1,,WCDCBM2PK+RPR44WH2PK,1,18.89,15.74,2026-06-08 12:49:39,amazon Ledsone,false
1181296,202-7879358-4371505,AMAZON,B09LML4ZW9,,CRSF100BM+LHNSE27BM+SCRN70YB+LSMS320BT,1,19.89,16.57,2026-06-08 12:49:53,amazon Ledsone,false
1181297,204-8243599-3714763,AMAZON,B0D2N2MJRP,,CRFF500BM,1,11.89,9.91,2026-06-08 12:52:36,amazon Ledsone,false
1181298,204-8877638-1267531,AMAZON,B0C9TLSG9C,,ENC1912,5,87.84,18.89,2026-06-08 12:51:31,amazon Dcvoltage,false
1181299,206-6432305-5834729,AMAZON,B0H38YJTN8,,LSGL9015GY2PK+RPM40WH2PK,1,18.89,18.89,2026-06-08 12:59:39,amazon Dcvoltage,false
1181306,204-9968370-7454767,AMAZON,B0C6LY8XZG,,12UK3P1A,1,9.48,6.59,2026-06-08 13:09:06,amazon Dcvoltage,false
1181308,026-1899600-4640335,AMAZON,B0B9KFV1PH,,CL3TGL5PK,1,15.79,13.16,2026-06-08 13:02:15,amazon Ledsone,false
1181313,026-0024254-3452329,AMAZON,B0D7VGL2KR,,SPSDP2YBAPK,1,39.09,32.57,2026-06-08 13:20:12,amazon Ledsone,false
1181314,026-2836695-3864335,AMAZON,B0CJJNN6JT,,CRSF100BM+WSCH135BM+LSFT220BM+ICST64E27,2,39.78,19.89,2026-06-08 13:11:42,amazon SRM Amazon,false
1181319,205-1966363-5310765,AMAZON,B0GR8NCVL8,,SPPGUK3PBM6PK,1,13.78,9.07,2026-06-08 13:24:32,amazon Ledsone,false
1181324,206-7017960-3890753,AMAZON,B0FH9LPKCX,,ENC8927,1,17.89,14.91,2026-06-08 13:30:42,amazon Ledsone,false
1181325,203-2474506-4169129,AMAZON,B0D8Y6WH46,,LSRP260CO+RPR44WH,1,18.99,15.82,2026-06-08 13:33:09,amazon Ledsone,false
1181343,202-1533953-6180314,AMAZON,B08V8SCW2X,,WCB7BM+RPR44WH,1,12.29,12.29,2026-06-08 13:49:33,amazon Dcvoltage,false
1181344,206-7677623-1703504,AMAZON,B0CP9J4X6R,,ENC1292,2,47.78,23.89,2026-06-08 13:56:27,amazon Dcvoltage,false
1181345,203-7251660-9926730,AMAZON,B08SHV91ZW,,CRFF100GB+PHUP1PBRGB+CNT900GB,1,11.99,11.99,2026-06-08 13:56:33,amazon Dcvoltage,false
1181347,202-6581927-0739507,AMAZON,B084RL7K8J,,WCB7BS+RPR44WH,1,10.89,9.07,2026-06-08 13:53:09,amazon Ledsone,false
1181349,206-1727609-1985929,AMAZON,B0G7CBNVMV,,12UK3P5A+SLW8,1,13.17,13.17,2026-06-08 14:05:14,amazon Dcvoltage,false
1181350,204-3556647-1792329,AMAZON,B0CCD27415,,CRFF140YB+PHAH2RYBGD+SPSDP2YB,1,15.29,12.74,2026-06-08 13:58:58,amazon Ledsone,false
1181355,205-7242407-1105907,AMAZON,B0CDGPG66S,,LDMST64E2746PK,1,19.89,16.57,2026-06-08 14:17:18,amazon Ledsone,false
1181360,202-1655551-0480321,AMAZON,B0BTMHTTCN,,WCBNBM+RPR44WH,1,11.78,8.89,2026-06-08 14:22:00,amazon Dcvoltage,false
1181361,203-2444061-8049906,AMAZON,B0CB4P6RGN,,LSCY290SN+RPR44WH,2,35.78,17.89,2026-06-08 14:18:27,amazon Dcvoltage,false
1181367,202-5490924-1323558,AMAZON,B0GR8KX976,,SPPGUK3PBR2PK,1,4.16,4.16,2026-06-08 14:29:32,amazon Ledsone,false
1181368,202-5490924-1323558,AMAZON,B0B9K41YZ7,,CL3TBK5PK,1,11.49,11.49,2026-06-08 14:29:32,amazon Ledsone,false
1181373,026-0906941-5890705,AMAZON,B0CNJX1DV8,,WCB7WH+RPR44WH,1,10.89,10.89,2026-06-08 14:45:47,amazon Dcvoltage,false
1181382,026-6053977-6073105,AMAZON,B0FZCW7KC7,,LSHM300HE+RPR44WH,2,41.78,20.89,2026-06-08 14:57:12,amazon Dcvoltage,false
1181383,026-6053977-6073105,AMAZON,B0D59MHSXN,,WCB3WH2PK+RPR44WH2PK,2,32.18,16.09,2026-06-08 14:57:12,amazon Dcvoltage,false
1181385,203-7174546-7848339,AMAZON,B0DYTQMM9X,,RWWPSY1080YE,1,11.78,7.41,2026-06-08 15:02:55,amazon Ledsone,false
1181394,204-2562077-2187536,AMAZON,B07S9S34B2,,CRSF2003YB,2,21.40,11.89,2026-06-08 15:17:12,amazon Dcvoltage,false
1181397,026-4435453-5420315,AMAZON,B0DXQ571HR,,LSLT360BY+RPR44WH,2,29.78,12.41,2026-06-08 15:32:31,amazon Ledsone,false
1181398,203-8517053-1545911,AMAZON,B09HN3LKV4,,PHSF1PWR40WH+CGWDWO+LSBS160WH,3,56.67,15.74,2026-06-08 15:32:41,amazon Ledsone,false
1181400,203-5480561-6295510,AMAZON,B0DH4KYFPD,,WCDTBM2PK+RPR44WH2PK,1,18.29,15.24,2026-06-08 15:40:11,amazon Ledsone,false
1181401,206-1977836-2625165,AMAZON,B0CNJX1DV8,,WCB7WH+RPR44WH,1,10.89,10.89,2026-06-08 15:38:03,amazon Dcvoltage,false
1181402,206-0671586-7508301,AMAZON,B0CQNHPKT7,,PLTTBM+LSFT220BM,1,20.89,20.89,2026-06-08 15:46:56,amazon Dcvoltage,false
1181411,026-9726925-9913922,AMAZON,B0FTL8FBDR,,TSST349131GRHPK,1,68.86,60.82,2026-06-08 15:54:09,amazon Ledsone,false
1181413,203-3786494-8733928,AMAZON,B08TX2837H,,LSMS320BI+RPR44WH,1,14.99,14.99,2026-06-08 16:00:13,amazon Dcvoltage,false
1181421,206-1791061-1503525,AMAZON,B08V5MK449,,CRSF100BM+PHCH1BMRBM+LSCY290BM,1,21.89,21.89,2026-06-08 16:11:25,amazon Dcvoltage,false
1181426,206-6555198-5585155,AMAZON,B0FW525RR7,,LSCYRO300GD+RPR44WH,1,19.89,19.89,2026-06-08 16:21:33,amazon Dcvoltage,false
1181427,205-0719461-4695563,AMAZON,B08WS22BVW,,PHCT1BMRBM+PHBA1BMRBM+LSDO300YB,1,30.30,31.89,2026-06-08 16:24:27,amazon Dcvoltage,false
1181431,026-7503014-3712345,AMAZON,B0DH4KYFPD,,WCDTBM2PK+RPR44WH2PK,1,18.29,15.24,2026-06-08 16:29:02,amazon Ledsone,false
1181438,203-6009765-5958769,AMAZON,B0FY2HP9LJ,,PHUH0.5HETBM,2,18.32,9.16,2026-06-08 16:46:18,amazon Ledsone,false
1181439,203-6009765-5958769,AMAZON,B0B8VVQSNV,,LDSG125LOE274,1,9.99,9.99,2026-06-08 16:46:18,amazon Ledsone,false
1181443,204-4022295-5439521,AMAZON,B0DTHKSHFY,,WCB7BS3PK+RPR44WH3PK,1,23.49,23.49,2026-06-08 16:53:58,amazon Dcvoltage,false
1181446,204-4991733-6582759,AMAZON,B0CCJ5YGRJ,,SPSDP3WH6PK,1,14.09,11.74,2026-06-08 16:54:37,amazon Ledsone,false
1181450,202-6496273-3173915,AMAZON,B0CNJX1DV8,,WCB7WH+RPR44WH,1,10.89,10.89,2026-06-08 17:02:14,amazon Dcvoltage,false
1181451,206-3475773-0801160,AMAZON,B0CNQ1Q3BJ,,LDMG125E278,2,16.38,8.19,2026-06-08 17:04:00,amazon Dcvoltage,false
1181452,203-2097679-0128312,AMAZON,B07Q5Z23V7,,24IP20360,4,100.72,25.18,2026-06-08 17:03:31,amazon Dcvoltage,false
1181453,204-8964017-2738731,AMAZON,B0CNTD1PTQ,,WCB6BB+RPR44WH,1,10.09,10.09,2026-06-08 17:08:01,amazon Dcvoltage,false
1181455,205-2492344-8536333,AMAZON,B0FPWVFF9W,,LDCWA60HE27126PK,1,10.38,6.24,2026-06-08 16:58:59,amazon Ledsone,false
1181456,202-4785323-4420312,AMAZON,B0D5H9G5VM,,CKEC10BM,1,13.99,11.66,2026-06-08 17:09:09,amazon Ledsone,false
1181458,202-4159860-7633100,AMAZON,B0F2YNF4WW,,RWWPSY12GY,1,4.88,1.99,2026-06-08 17:18:09,amazon Dcvoltage,false
1181461,204-7710194-6769131,AMAZON,B0DMF2KF74,,ENC9307,1,27.29,22.74,2026-06-08 17:20:32,amazon Ledsone,false
1181462,202-4493429-8536321,AMAZON,B07CVF7ZMC,,LDMG95E274,1,9.88,6.99,2026-06-08 17:19:40,amazon Dcvoltage,false
1181466,026-4373885-6755554,AMAZON,B0CV5CW477,,LDSHEAE2742PK,1,16.89,14.07,2026-06-08 17:29:51,amazon Ledsone,false
1181468,206-2613645-7987501,AMAZON,B081FBSJX8,,CNP1000WH,1,7.69,7.69,2026-06-08 17:31:15,amazon Dcvoltage,false
1181481,026-5993850-9633101,AMAZON,B0CR35837V,,MBEX3245BMDPK,1,12.17,7.73,2026-06-08 17:53:59,amazon Ledsone,false
1181482,205-0999559-9351525,AMAZON,B0BZZ1FGFP,,CRSF100BM+LHNSE27YB+SCRN70BM+LSWD360BM,1,27.89,23.24,2026-06-08 17:50:08,amazon Ledsone,false
1181483,204-6086508-3313112,AMAZON,B0CSDPYCLM,,STBFT50M48EWH,1,5.65,2.30,2026-06-08 17:53:25,amazon Ledsone,false
1181488,203-7633618-4138766,AMAZON,B0DH9CQ877,,CL3TRH3PK,1,11.28,7.99,2026-06-08 18:01:48,amazon Dcvoltage,false
1181489,205-1727677-2205133,AMAZON,B0CSDPYCLM,,STBFT50M48EWH,1,5.65,2.30,2026-06-08 18:01:23,amazon Ledsone,false
1181493,204-8107601-3705955,AMAZON,B08F74TBB7,,CRFF75SN,1,9.78,6.89,2026-06-08 18:10:22,amazon Dcvoltage,false
1181495,026-4441651-7659505,AMAZON,B0GCZG4XFD,,CRSF120WH,2,14.67,4.91,2026-06-08 18:11:28,amazon Ledsone,false
1181496,205-3012745-1719530,AMAZON,B0DXQ9SDTK,,LSCY290OR2PK+RPR44WH2PK,5,124.45,20.74,2026-06-08 18:13:38,amazon Ledsone,false
1181502,206-9598503-6795500,AMAZON,B0CNJX1DV8,,WCB7WH+RPR44WH,1,10.89,10.89,2026-06-08 18:22:01,amazon Dcvoltage,false
1181511,205-8742497-4783518,AMAZON,B0CCJ2Q8JG,,SPSDP3WH5PK,1,12.09,10.07,2026-06-08 18:28:27,amazon Ledsone,false
1181512,202-9192490-9997116,AMAZON,B0GSFB5MT6,,LSGLULCL+RPM40WH,2,25.78,12.89,2026-06-08 18:31:02,amazon Dcvoltage,false
1181516,203-4585153-3429937,AMAZON,B0FPWVFF9W,,LDCWA60HE27126PK,1,10.38,6.24,2026-06-08 18:40:53,amazon Ledsone,false
1181517,205-8947661-9858725,AMAZON,B0C14R3L86,,LHRTE27WH,1,8.28,4.49,2026-06-08 18:49:55,amazon Ledsone,false
1181532,204-7450253-3440302,AMAZON,B0CN376GSP,,CRSF1202BM+PHHT2PBRBM2PK+SPUPBM2PK,1,19.89,16.57,2026-06-08 18:50:28,amazon Ledsone,false
1181533,203-6972273-4726725,AMAZON,B0FPQYM3KQ,,LDCWT75B22123PK,1,17.89,14.91,2026-06-08 18:55:17,amazon Ledsone,false
1181538,026-3387054-8109101,AMAZON,B0D9RXR847,,WCDTRO3PK+RPR44WH3PK,1,23.89,19.91,2026-06-08 19:08:15,amazon Ledsone,false
1181539,204-7004940-5058729,AMAZON,B08V8SCW2X,,WCB7BM+RPR44WH,1,12.29,12.29,2026-06-08 19:01:53,amazon Dcvoltage,false
1181540,206-0567168-8357962,AMAZON,B0CRZ5DS7Q,,LSCY290WH+RPR44WH,2,31.78,15.89,2026-06-08 19:03:48,amazon Dcvoltage,false
1181551,203-6415336-4445164,AMAZON,B0DYTPN1NZ,,RWWPSY0640YE,1,9.38,5.41,2026-06-08 19:13:12,amazon Ledsone,false
1181552,206-4169362-1166730,AMAZON,B0DPMQZ1WP,,LSCYRO120GD+RPR44WH,1,14.99,12.49,2026-06-08 19:17:50,amazon Ledsone,false
1181553,203-8117128-2226753,AMAZON,B0C8TZ2GMQ,,PLADBS+LSDO210BS3PK,1,50.89,50.89,2026-06-08 19:10:34,amazon Dcvoltage,false
1181554,203-0247101-8250769,AMAZON,B08NDBQLMZ,,WCDTBM+RPR44WH,1,10.59,10.59,2026-06-08 19:06:29,amazon Dcvoltage,false
1181560,026-8526976-5749116,AMAZON,B0GDDXRR5K,,LDMT185E2735PK,1,17.19,14.32,2026-06-08 16:35:42,amazon Ledsone,false
1181561,026-8025094-2937133,AMAZON,B0GXBB57TS,,WCBTC120FG+RPR44WH,1,13.89,11.57,2026-06-08 19:22:23,amazon Ledsone,false
1181562,026-6856184-9067529,AMAZON,B0FW4R1JC8,,LSCYRO200WH+RPR44WH,1,19.89,12.41,2026-06-08 19:24:46,amazon Ledsone,false
1181563,205-3633691-5423566,AMAZON,B0F9X2RK3V,,CL3TBRAPK,1,20.99,17.49,2026-06-08 19:25:14,amazon Ledsone,false
1181564,026-4558628-3801954,AMAZON,B0CBPBRNSZ,,WCB2BB2PK+RPR44WH2PK,1,15.79,15.79,2026-06-08 19:22:07,amazon Dcvoltage,false
1181574,203-5905943-9799511,AMAZON,B0G2L35YZ5,,ENC7764,1,28.89,24.07,2026-06-08 19:32:22,amazon Ledsone,false
1181577,205-8107707-4722703,AMAZON,B0FPQYM3KQ,,LDCWT75B22123PK,1,17.89,14.91,2026-06-08 19:40:39,amazon Ledsone,false
1181582,202-2085563-4501154,AMAZON,B0FY2HP9LJ,,PHUH0.5HETBM,1,10.99,9.16,2026-06-08 19:43:33,amazon Ledsone,false
1181583,205-9666875-9787503,AMAZON,B0CH2XHVD9,,LSMCSPSQMC+RPM40WH,1,22.99,19.16,2026-06-08 18:28:10,amazon Ledsone,false
1181585,204-0407827-1901120,AMAZON,B0F9YNBRZD,,LSMS320BG+RPR44WH,1,16.89,14.07,2026-06-08 19:46:48,amazon Ledsone,false
1181587,026-3936517-9459523,AMAZON,B0CSP8FMPK,,ENC6112,1,54.89,54.89,2026-06-08 19:47:42,amazon Dcvoltage,false
1181592,026-5450924-1298734,AMAZON,B0BPHBW9GF,,CGMLWH,2,10.07,3.99,2026-06-08 19:53:29,amazon Dcvoltage,false
1181596,205-7332575-1506756,AMAZON,B0DVGQ852R,,LSCY290BM3PK+RPR44WH3PK,1,39.89,39.89,2026-06-08 20:04:02,amazon Dcvoltage,false
1181597,203-9493505-9733119,AMAZON,B0G49D2BKG,,WCCYSP180BM2PK+RPR44WH2PK,1,23.89,23.89,2026-06-08 20:07:28,amazon Dcvoltage,false
1181602,205-4454959-5438709,AMAZON,B0DTPB2YC2,,WCB2BM3PK+RPR44WH3PK,1,21.89,18.24,2026-06-08 20:12:01,amazon Ledsone,false
1181603,026-9512753-7673123,AMAZON,B0DCFXBYJG,,LDSG95DIE2745PK,1,26.89,22.41,2026-06-08 20:15:44,amazon Ledsone,false
1181607,205-2202652-5686734,AMAZON,B08V4PP7B6,,CRSF100WH+PHRB1PBRWH+CGWDWO+LSWE315GY,2,43.78,21.89,2026-06-08 20:19:39,amazon Dcvoltage,false
1181619,206-7986245-3185121,AMAZON,B0CBKNDQ65,,WCDTBM2PK+RPR44WH2PK,1,18.69,18.69,2026-06-08 20:36:42,amazon Dcvoltage,false
1181620,203-6873710-7113131,AMAZON,B0F6775Q2J,,LSMCSQWYRE+RPM40WH,4,83.16,17.33,2026-06-08 20:39:57,amazon Ledsone,false
1181621,205-9662878-2847551,AMAZON,B09MSJBH7S,,ENC2212,3,115.97,33.32,2026-06-08 20:37:21,amazon Ledsone,false
1181623,203-6959562-0073115,AMAZON,B0DH4KYFPD,,WCDTBM2PK+RPR44WH2PK,1,18.29,15.24,2026-06-08 20:47:35,amazon Ledsone,false
1181636,203-8300854-2817945,AMAZON,B0D5R1HHGH,,LSMCSQWYBL2PK+RPM40WH2PK,2,80.15,43.09,2026-06-08 20:49:41,amazon Dcvoltage,false
1181642,205-5995687-8062730,AMAZON,B09JVQ6VXT,,LDSG95DIE2743PK,2,39.78,19.89,2026-06-08 21:05:32,amazon Dcvoltage,false
1181643,204-8173447-6299530,AMAZON,B0BBGP6K98,,CL2RGL5PK,1,14.99,14.99,2026-06-08 21:01:45,amazon Dcvoltage,false
1181644,204-1034587-1909143,AMAZON,B0BB3NVM9D,,CL2RGD5PK,1,13.89,11.57,2026-06-08 21:01:45,amazon Ledsone,false
1181645,202-8839537-8173910,AMAZON,B0CCDQ9N41,,WCVCBM2PK+RPR44WH2PK,1,17.79,14.82,2026-06-08 21:03:21,amazon Ledsone,false
1181651,202-2343663-1577912,AMAZON,B0DTHZ1JX5,,WCDCBM4PK+RPR44WH4PK,1,29.49,24.57,2026-06-08 21:10:49,amazon Ledsone,false
1181653,203-1891171-6236300,AMAZON,B0DYTQMM9X,,RWWPSY1080YE,1,11.78,7.41,2026-06-08 21:16:13,amazon Ledsone,false
1181664,202-0957707-6149121,AMAZON,B0D45Q2F5X,,CCBC32PK,1,11.78,7.41,2026-06-08 21:20:31,amazon Ledsone,false
1181666,202-8142749-3237145,AMAZON,B0G1TFLVHH,,CKA17ATC4086BM,1,14.39,11.99,2026-06-08 21:21:50,amazon Ledsone,false
1181667,203-2452639-9066731,AMAZON,B0D66J6SM3,,LDMC35E1443PK,1,13.49,13.49,2026-06-08 21:22:24,amazon SRM Amazon,false
1181679,203-3991917-5673132,AMAZON,B0CHRVWSBM,,CL3RBM5PK,1,12.99,10.82,2026-06-08 21:34:14,amazon Ledsone,false
1181681,205-8381202-1610700,AMAZON,B0CNPV6DLL,,LDMG80B224,1,6.49,6.49,2026-06-08 21:34:36,amazon Dcvoltage,false
1181682,203-2293792-0953166,AMAZON,B0FZCW7KC7,,LSHM300HE+RPR44WH,1,18.80,20.89,2026-06-08 21:32:09,amazon Dcvoltage,false
1181687,026-5057119-6004308,AMAZON,B0D5QZ5D6Y,,LSMCSQWYRE2PK+RPM40WH2PK,1,36.89,36.89,2026-06-08 21:40:00,amazon Dcvoltage,false
1181688,202-8797461-8821122,AMAZON,B0D83PFMTP,,WCDCBM3PK+RPR44WH3PK,1,24.29,24.29,2026-06-08 21:42:14,amazon Dcvoltage,false
1181689,026-1577241-9609128,AMAZON,B0D5R1HHGH,,LSMCSQWYBL2PK+RPM40WH2PK,1,43.09,43.09,2026-06-08 21:42:08,amazon Dcvoltage,false
1181690,206-0948305-5865106,AMAZON,B0FY22X6WL,,WCFL180RO2PK+RPR44WH2PK,1,24.49,24.49,2026-06-08 21:45:20,amazon Dcvoltage,false
1181693,203-7556497-6888303,AMAZON,B0DH64Q1RJ,,CL2TBK3PK,1,7.99,7.99,2026-06-08 21:50:52,amazon Dcvoltage,false
1181695,206-3417845-4225915,AMAZON,B084RFZNH8,,WCB7BM+RPR44WH,1,11.89,9.91,2026-06-08 21:53:43,amazon Ledsone,false
1181697,203-0471677-5383557,AMAZON,B0DTHVDTH7,,WCDTWH+RPR44WH,1,10.79,8.99,2026-06-08 21:58:19,amazon Ledsone,false
1181703,204-9444268-5033937,AMAZON,B0CVH4QJ7R,,RWWPSY0660YE2PK,1,7.88,4.99,2026-06-08 22:16:48,amazon Dcvoltage,false
1181708,206-9548005-3534733,AMAZON,B0CZXL6ZYG,,TPOSBDBM,1,24.99,20.82,2026-06-08 22:25:47,amazon Ledsone,false
1181709,203-6671030-3729958,AMAZON,B08SHV91ZW,,CRFF100GB+PHUP1PBRGB+CNT900GB,2,29.08,9.75,2026-06-08 22:27:58,amazon Dcvoltage,false
1181722,206-7758161-0022757,AMAZON,B09LVF5824,,PHCT1BMRBM+PHDO1PBRBM+LSCY290CO,1,32.69,27.24,2026-06-08 22:41:08,amazon Ledsone,false
1181725,202-5907794-5305115,AMAZON,B07L9DZN9Y,,CL3RGYAPK,1,25.89,25.89,2026-06-08 22:40:00,amazon Dcvoltage,false
1181731,203-3198445-9861150,AMAZON,B0CKSSCVJY,,CRFF75RO+HK10RO,1,9.78,5.74,2026-06-08 23:03:18,amazon Ledsone,false
1181732,203-3972098-5376315,AMAZON,B0F9WZ3QD8,,LSFT220WH+RPR44WH,1,10.89,9.07,2026-06-08 23:04:36,amazon Ledsone,false
1181736,203-5111579-0038727,AMAZON,B0BBB3CF25,,CL3RBT5PK,1,13.79,11.49,2026-06-07 21:33:31,amazon Ledsone,false
1181742,206-4614419-4182728,AMAZON,B0H38YJTN8,,LSGL9015GY2PK+RPM40WH2PK,1,18.89,18.89,2026-06-08 23:45:07,amazon Dcvoltage,false
1181743,206-4860139-7892368,AMAZON,B0D2TCJKT7,,LSCY290OR2PK+RPR44WH2PK,1,23.89,23.89,2026-06-08 23:46:56,amazon Dcvoltage,false
1181744,206-7761892-8374701,AMAZON,B0CRZ5BVRY,,LSCY290OR+RPR44WH,1,15.89,15.89,2026-06-08 23:46:56,amazon Dcvoltage,false
1181745,206-8545946-3145952,AMAZON,B0D56WV9GR,,WCB7BS2PK+RPR44WH2PK,1,17.79,17.79,2026-06-08 23:45:07,amazon Dcvoltage,false
1181747,203-2906917-3859506,AMAZON,B0DX6NBT9P,,CENU19150WH,1,4.38,0.91,2026-06-09 00:06:29,amazon Ledsone,false
1181748,206-2651550-6374727,AMAZON,B0DSBP4962,,PLTTBC+LSFT220BC,2,39.58,19.79,2026-06-09 00:18:30,amazon Dcvoltage,false
1181749,206-4101744-5048335,AMAZON,B0C9X28TYN,,LSOL180BC+RPR44WH,1,11.19,11.19,2026-06-09 00:18:30,amazon Dcvoltage,false
1181751,206-8599903-5916343,AMAZON,B0FH6JJKV4,,SPSDP2BMY,1,8.68,4.82,2026-06-09 00:20:41,amazon Ledsone,false
1181752,206-6658575-0333902,AMAZON,B0CBN57FK5,,WCB1RR+RPR44WH,1,10.39,8.66,2026-06-09 00:21:50,amazon Ledsone,false
1181753,204-4571069-7845136,AMAZON,B0CW5LTNWS,,CRSF100BM+PHHT1PBRBM+LSFT320WH,1,20.78,17.32,2026-06-09 00:20:58,amazon Ledsone,false
1181754,202-0105779-4577131,AMAZON,B0CC9NMRY5,,LSLT360GR+RPR44WH,1,13.89,13.89,2026-06-09 00:22:37,amazon Dcvoltage,false
1181764,206-1350012-7741944,AMAZON,B0CG5ZHJYF,,LSCY290BC2PK+RPR44WH2PK,1,27.89,27.89,2026-06-09 02:20:27,amazon Dcvoltage,false
1181766,202-0465248-1663562,AMAZON,B0FTG9DY12,,WCIR300BM+RPR44WH,1,16.89,16.89,2026-06-09 02:44:41,amazon Dcvoltage,false
1181767,202-3291725-1805933,AMAZON,B0FXFGWCNL,,WCIR300BM2PK,1,25.89,21.57,2026-06-09 02:44:41,amazon Ledsone,false
1181770,026-7821704-1786717,AMAZON,B0FVMD24HC,,CERU72350GR,2,14.21,5.24,2026-06-09 03:12:13,amazon Ledsone,false
1181803,206-1626490-7085937,AMAZON,B07YV66L3P,,CRSF100BM2PK+PHCH1BMRBM2PK+LSCY290BM2PK,1,36.99,36.99,2026-06-09 04:20:16,amazon Dcvoltage,false
1181809,026-4813028-0653948,AMAZON,B0G49CBSQ3,,WCCYSP180BM2PK+RPR44WH2PK,1,23.89,19.91,2026-06-09 06:03:27,amazon Ledsone,false
1181838,202-7210838-0061142,AMAZON,B0FX2XDLT5,,LSCYRO200BM2PK+RPR44WH2PK,1,24.89,24.89,2026-06-09 07:14:53,amazon Dcvoltage,false
1181843,202-4741627-4416324,AMAZON,B0FZCW7KC7,,LSHM300HE+RPR44WH,1,18.80,20.89,2026-06-09 07:35:51,amazon Dcvoltage,false
1181845,026-0275683-2908340,AMAZON,B0DCFXBYJG,,LDSG95DIE2745PK,1,26.89,22.41,2026-06-09 07:46:10,amazon Ledsone,false
1181854,203-3215599-8079554,AMAZON,B083JW6DBS,,12IP2012,1,6.99,6.99,2026-06-09 08:10:12,amazon SRM Amazon,false
1181855,026-5425941-1755520,AMAZON,B0FL745DTM,,PHSF2BRTCO2PK+ICST64E272PK,1,28.89,28.89,2026-06-09 08:09:52,amazon Dcvoltage,false
1181864,205-8915095-7261914,AMAZON,B08VGQPLWZ,,WCDTGD+RPR44WH,1,10.69,10.69,2026-06-09 08:37:44,amazon Dcvoltage,false
1181878,205-0048806-0921175,AMAZON,B0CW5WBV83,,CRSF100BM+PHHT1PBRBM+LSFT320OR,2,41.56,17.32,2026-06-09 08:51:20,amazon Ledsone,false
1181879,204-8829311-4768358,AMAZON,B0C37PWHDM,,CRFF105WH,1,10.78,6.57,2026-06-09 08:57:46,amazon Ledsone,false
1181887,205-0469949-3170762,AMAZON,B09L8KS17V,,CRSF100BM+PHCH1BMRBM+LSDO400BI,1,21.69,18.07,2026-06-09 09:13:24,amazon Ledsone,false
1181892,026-7037276-7758753,AMAZON,B0CGRQ5Z4T,,CRSF100BM2PK+PHRYWP1RBM2PK,1,20.69,17.24,2026-06-09 09:25:53,amazon Ledsone,false
1181893,204-5013304-8988325,AMAZON,B0CFHMYK8Q,,CRSF100BM2PK+PHRNWP2RBM2PK+ICST64E272PK,1,28.69,23.91,2026-06-09 09:27:21,amazon Ledsone,false
1181895,026-6955531-5949924,AMAZON,B0825YN3K1,,CO1230ACLAPK,1,12.89,12.89,2026-06-09 09:37:36,amazon Dcvoltage,false
1181897,206-4997071-8823511,AMAZON,B0GS9MNQ44,,SPPGUK3PBR4PK,1,12.78,9.89,2026-06-09 09:45:52,amazon Dcvoltage,false
1181898,205-0187796-2939570,AMAZON,B0DTPB2YC2,,WCB2BM3PK+RPR44WH3PK,1,21.89,18.24,2026-06-09 09:36:27,amazon Ledsone,false
1181899,206-5535912-5474760,AMAZON,B0FNQZKZRN,,BSFCDRWHPI,1,21.99,18.32,2026-06-09 09:47:00,amazon Ledsone,false
1181912,202-2996552-5558756,AMAZON,B093Y7ZZQF,,ENC1312,1,21.39,17.82,2026-06-09 10:00:17,amazon Ledsone,false
1181913,204-9524152-7596320,AMAZON,B0CP3CZ4TM,,CRFF100CH+PHUP1PCRCH+CNT900CH,3,50.14,18.57,2026-06-09 10:06:04,amazon Dcvoltage,false
1181918,026-1021820-8001144,AMAZON,B0BVMKSR6Y,,WCFRBM,1,46.48,38.73,2026-06-09 10:14:27,amazon Ledsone,false
1181923,206-6186369-0809963,AMAZON,B0GDCN4LCW,,LDMT185E2736PK,1,17.19,14.32,2026-06-09 10:36:22,amazon Ledsone,false
1181924,206-2558538-1100322,AMAZON,B093T47DB9,,LSCY290BL+RPR44WH,2,30.58,12.74,2026-06-09 10:39:31,amazon Ledsone,false
1181927,204-2941318-7353906,AMAZON,B0CZXL6ZYG,,TPOSBDBM,1,25.69,21.41,2026-06-09 10:47:59,amazon Ledsone,false
1181928,205-9841094-8315565,AMAZON,B07RSR2655,,HLRK45BM,1,5.09,5.09,2026-06-09 10:38:18,amazon Dcvoltage,false
1181933,204-0778254-0954707,AMAZON,B0DQD9ZLBB,,PHSF1BRTCO3PK,1,28.71,23.92,2026-06-09 10:50:26,amazon Ledsone,false
1181946,202-0107691-5424311,AMAZON,B08XWSBPHW,,WCB1BM+RPR44WH,1,9.99,9.99,2026-06-09 11:15:48,amazon Dcvoltage,false
1181947,206-9458441-0985930,AMAZON,B0C7GKYFRW,,ENC5166,2,39.78,19.89,2026-06-09 11:16:40,amazon Dcvoltage,false
1181956,203-0061183-9490711,AMAZON,B0C2KR7JQ6,,LSCP150BU+RPR44WH,1,11.89,9.91,2026-06-09 11:28:30,amazon Ledsone,false
1181957,203-2556797-6859507,AMAZON,B0GR8NP493,,SPPGUK3PWH2PK,4,17.22,3.32,2026-06-09 11:28:38,amazon Ledsone,false
1181958,026-4943202-0947550,AMAZON,B0D93QM7CS,,ENC5356,2,48.38,20.16,2026-06-09 11:27:59,amazon Ledsone,false
1181973,026-5316373-2882715,AMAZON,B0CPBXD3C5,,LSCY290WH+RPR44WH,1,15.89,15.89,2026-06-09 11:32:56,amazon Dcvoltage,false
1181981,026-1176195-4085116,AMAZON,B0CTT4CH4C,,LSMS320GR+RPR44WH,1,14.99,14.99,2026-06-09 11:54:03,amazon Dcvoltage,false
1181988,205-3371443-8376341,AMAZON,B0DTPHMRW8,,WCB2WH3PK+RPR44WH3PK,1,22.89,19.07,2026-06-09 12:04:15,amazon Ledsone,false
1181993,202-5844415-7969951,AMAZON,B0C8TY1CL1,,PLADRR+SCRNSN3PK+WCVCRR3PK,6,305.34,50.89,2026-06-09 12:23:33,amazon Dcvoltage,false
1181996,204-5360148-6917137,AMAZON,B0CNLZLJZT,,WCB2BM+RPR44WH,1,10.49,10.49,2026-06-09 12:38:08,amazon Dcvoltage,false
1181997,204-8064479-2991508,AMAZON,B0FDQYNDNH,,CERU36200WH,1,5.28,1.66,2026-06-09 12:32:04,amazon Ledsone,false
1181998,206-4777956-9169952,AMAZON,B0CHRVG4R8,,CL3RBL5PK,1,15.79,13.16,2026-06-09 12:34:32,amazon Ledsone,false
1181999,026-0724897-7186725,AMAZON,B0DX6NBT9P,,CENU19150WH,1,4.38,0.91,2026-06-09 12:34:47,amazon Ledsone,false
1182006,204-2783981-9278729,AMAZON,B0CGRMRGR3,,CRSF100BM2PK+PHRNWP1RBM2PK+ICST64E272PK,1,27.89,23.24,2026-06-09 12:41:49,amazon Ledsone,false
1182007,205-8589802-9647561,AMAZON,B0CC9MT4JM,,LSLT360RE+RPR44WH,1,13.89,13.89,2026-06-09 12:45:33,amazon Dcvoltage,false
1182014,205-5062899-1774704,AMAZON,B0FZCW7KC7,,LSHM300HE+RPR44WH,1,18.80,20.89,2026-06-09 12:57:10,amazon Dcvoltage,false
1182026,026-1754610-1438748,AMAZON,B0CCD4KL94,,ENC5267,1,17.89,14.91,2026-06-09 13:02:48,amazon Ledsone,false
1182027,203-8403593-8413942,AMAZON,B0DPMBT6NB,,PCDO20WH,3,17.44,4.49,2026-06-09 13:04:21,amazon Ledsone,false
1182035,203-5340878-1489926,AMAZON,B0DNK2H74S,,ENC10078,4,119.56,24.91,2026-06-09 13:21:34,amazon Ledsone,false
1182036,205-6522359-8477157,AMAZON,B0GR8KX976,,SPPGUK3PBR2PK,1,7.88,4.16,2026-06-09 13:05:30,amazon Ledsone,false
1182039,205-5810663-8837902,AMAZON,B0DHLDX34K,,LSCO335WH+RPR44WH,1,16.49,13.74,2026-06-09 13:33:24,amazon Ledsone,false
1182046,206-3385220-4721166,AMAZON,B0G5Y4HV1T,,CRSF1203BM+PHNW1RBM3PK,1,22.43,22.43,2026-06-09 13:46:08,amazon Dcvoltage,false
1182051,203-7732303-6620300,AMAZON,B0GP7TLRLZ,,LHPVHRE27WH6PK,1,17.89,10.74,2026-06-09 13:50:13,amazon Ledsone,false
1182052,206-9893447-6685104,AMAZON,B0F29P1SH6,,CERU36150GR,1,4.58,1.41,2026-06-09 13:54:57,amazon Ledsone,false
1182053,205-2257513-5905149,AMAZON,B0C9WZSBGH,,LSDO210RR+RPR44WH,1,11.89,11.89,2026-06-09 13:47:28,amazon Dcvoltage,false
1182065,203-6292699-5467551,AMAZON,B0FHPNSB7S,,CRFF100GB2PK+LHNSE27GB2PK,1,23.99,23.99,2026-06-09 14:03:47,amazon Dcvoltage,false
1182086,203-7236497-4353141,AMAZON,B0DH4KYFPD,,WCDTBM2PK+RPR44WH2PK,1,18.29,15.24,2026-06-09 14:37:09,amazon Ledsone,false
1182087,203-4871054-3990746,AMAZON,B0DX6WRK79,,CENU25200BM,1,4.38,1.24,2026-06-09 14:39:38,amazon Ledsone,false
1182088,202-9951020-2414707,AMAZON,B08CZD446J,,PSDS2RBM,1,10.89,10.89,2026-06-09 14:32:55,amazon SRM Amazon,false
1182093,205-7638226-0545107,AMAZON,B0CZ9CH465,,LSMS320BT2PK+RPR44WH2PK,1,26.59,26.59,2026-06-09 14:42:45,amazon Dcvoltage,false
1182096,202-6581919-7122707,AMAZON,B0D93QM7CS,,ENC5356,2,48.38,20.16,2026-06-09 14:49:35,amazon Ledsone,false
1182097,203-4693358-9914719,AMAZON,B0CS3LSTMS,,WCB7BS+RPR44WH,1,10.89,10.89,2026-06-09 14:58:20,amazon Dcvoltage,false
1182104,206-2974891-5430706,AMAZON,B07NP7FLN9,,LHTRE27YB,1,8.89,8.89,2026-06-09 15:07:12,amazon Dcvoltage,false
1182105,202-0848089-8287563,AMAZON,B0F7QVS5XM,,ENC7630,1,30.89,25.74,2026-06-09 11:51:07,amazon Ledsone,false
1182111,202-4106232-3709913,AMAZON,B0GDDXB14R,,LDMT185E2732PK,1,10.99,9.16,2026-06-09 15:09:36,amazon Ledsone,false
1182112,205-8063948-4123552,AMAZON,B0BLZGM2D3,,LDMG95E2745PK,1,22.88,19.07,2026-06-09 15:04:28,amazon Ledsone,false
1182114,203-1319055-1157961,AMAZON,B0FXFGWCNL,,WCIR300BM2PK+RPR44WH2PK,1,25.89,21.57,2026-06-09 15:12:50,amazon Ledsone,false
1182115,026-1855303-4063541,AMAZON,B0GLQC394Y,,LSCY290DYE+RPR44WH,1,15.89,13.24,2026-06-09 15:19:21,amazon Ledsone,false
1182125,026-7037104-5657136,AMAZON,B0DRP87NC8,,LHSHE27GB2PK,1,10.89,10.89,2026-06-09 15:35:43,amazon SRM Amazon,false
1182133,026-7124783-0119558,AMAZON,B08FXSKT7L,,LSFT220WH+RPR44WH,3,32.67,10.89,2026-06-09 15:37:50,amazon Dcvoltage,false
1182137,202-3242162-1395563,AMAZON,B0CV5D5D6G,,LDSSTRE2742PK,1,16.19,13.49,2026-06-09 15:49:40,amazon Ledsone,false
1182138,205-7757974-6185111,AMAZON,B08PD9RDDQ,,CRSF100CO+LHNSE27CO+LSHH240BC+ICST64E27,1,20.39,16.99,2026-06-09 15:56:29,amazon Ledsone,false
1182139,202-3311054-2736303,AMAZON,B08WLZZC5C,,CRSF100CO+PHMU1PBRCO+LSDM220CO,2,47.98,23.99,2026-06-09 15:58:51,amazon Dcvoltage,false
1182144,026-4365829-9553118,AMAZON,B07CH3J91Y,,CL2TRE,1,5.09,5.09,2026-06-09 16:07:47,amazon Dcvoltage,false
1182145,026-4365829-9553118,AMAZON,B07CJTZJPP,,CL2TYE,1,1.99,1.99,2026-06-09 16:07:47,amazon Dcvoltage,false
1182146,026-4365829-9553118,AMAZON,B07CJP6SH5,,CL2TBM,1,2.99,2.99,2026-06-09 16:07:47,amazon Dcvoltage,false
1182148,202-7464799-9850718,AMAZON,B0F8QCBY49,,CERU36200BM,1,4.88,1.66,2026-06-09 15:55:08,amazon Ledsone,false
1182149,203-2699764-0767534,AMAZON,B0DX6BP7GV,,CENU46450WH,1,7.18,3.24,2026-06-09 16:10:31,amazon Ledsone,false
1182150,206-1577125-1728330,AMAZON,B093TDJGGL,,LSCY290BS+RPR44WH,1,16.49,13.74,2026-06-09 16:11:36,amazon Ledsone,false
1182151,026-8620176-6261162,AMAZON,B0FBRKR16M,,ENC9723,1,32.89,27.41,2026-06-09 16:06:14,amazon Ledsone,false
1182153,204-5701226-8245154,AMAZON,B0FW4NQ5X6,,LSCYRO300WH+RPR44WH,1,16.89,14.07,2026-06-09 16:39:24,amazon Ledsone,false
1182154,204-9673007-4365958,AMAZON,B0FKZ1KJXL,,ENC8072,1,20.79,20.79,2026-06-09 16:18:26,amazon Dcvoltage,false
1182158,203-3060521-7059513,AMAZON,B0CL7X2J4P,,ENC5579,1,58.69,58.69,2026-06-09 16:26:10,amazon Dcvoltage,false
1182161,205-3633219-8798744,AMAZON,B0F944BWSZ,,CL3TBM3PK,1,12.38,7.91,2026-06-09 16:31:01,amazon Ledsone,false
1182162,203-5159223-0771527,AMAZON,B0BBS118NM,,CL3TBKAPK,1,21.99,18.32,2026-06-09 16:35:07,amazon Ledsone,false
1182168,205-2328026-7668309,AMAZON,B08FHXRKGG,,CRSF100BM+WSLS155BM+LSFT220YE,1,17.09,18.99,2026-06-09 16:42:12,amazon Dcvoltage,false
1182169,205-4923184-3158728,AMAZON,B08FHYPCX5,,CRSF100CO+WSLS155CO+LSFT220RE,1,17.89,17.89,2026-06-09 16:42:12,amazon Dcvoltage,false
1182170,205-4923184-3158728,AMAZON,B08FHX7BRK,,CRSF100BM+WSLS155BM+LSFT220BL,1,17.89,17.89,2026-06-09 16:42:12,amazon Dcvoltage,false
1182171,026-2415420-1263528,AMAZON,B08PYZT1VW,,12IP6750,1,16.99,16.99,2026-06-09 16:44:16,amazon SRM Amazon,false
1182172,026-5524694-5351546,AMAZON,B0DV5DRX6Z,,ENC8212,1,39.89,39.89,2026-06-09 16:50:23,amazon SRM Amazon,false
1182194,203-6136791-9074741,AMAZON,B0F28Z2V3C,,LSCY290GB+RPR44WH,1,17.89,14.91,2026-06-09 17:15:57,amazon Ledsone,false
1182200,204-6774990-2487533,AMAZON,B0C171DCTC,,PSDS2RGD,1,11.89,11.89,2026-06-09 17:26:38,amazon Dcvoltage,false
1182201,203-8594433-0387515,AMAZON,B0DFHL3XS3,,LSCY290RE+RPR44WH,1,15.89,15.89,2026-06-09 17:25:03,amazon Dcvoltage,false
1182202,203-5281753-1874756,AMAZON,B09C23537M,,CRSF2003BC+PHSH1PBRYB3PK+LSDO210BC3PK,2,75.78,31.58,2026-06-09 17:24:03,amazon Ledsone,false
1182205,203-8926268-0659561,AMAZON,B0F9X3DK6V,,LSFT220BR+RPR44WH,1,10.89,9.07,2026-06-09 17:28:03,amazon Ledsone,false
1182206,206-7031669-0341910,AMAZON,B083XCJF9B,,CL2TRE3PK,1,8.38,4.24,2026-06-09 17:28:57,amazon Ledsone,false
1182214,204-0626610-2436354,AMAZON,B0DX6NBT9P,,CENU19150WH,1,4.38,0.91,2026-06-09 17:41:33,amazon Ledsone,false
1182215,205-1689396-3269125,AMAZON,B0D5B5D134,,WCDTWH2PK+RPR44WH2PK,1,18.19,18.19,2026-06-09 17:51:10,amazon Dcvoltage,false
1182220,204-1862164-9341919,AMAZON,B0BX4B6F3W,,LSMS320GR+RPR44WH,1,14.99,14.99,2026-06-09 17:57:32,amazon Dcvoltage,false
1182224,204-8254423-6950708,AMAZON,B0CVHDJ4DQ,,CENU46450WH,2,10.67,3.24,2026-06-09 17:59:34,amazon Ledsone,false
1182225,203-3665968-5390722,AMAZON,B0FY5PN96J,,PHUH2HETBM,2,35.98,16.66,2026-06-09 18:04:31,amazon Ledsone,false
1182226,203-7947135-5117929,AMAZON,B0F6SLG78J,,PHUH1HETBM,1,10.06,10.06,2026-06-09 18:04:31,amazon Ledsone,false
1182227,203-7947135-5117929,AMAZON,B0FY2HP9LJ,,PHUH0.5HETBM,8,73.28,9.16,2026-06-09 18:04:31,amazon Ledsone,false
1182231,206-2583287-3049952,AMAZON,B0D4QKJS1H,,CSBEB6PI2PK,1,10.48,7.59,2026-06-09 18:04:11,amazon Dcvoltage,false
1182232,202-3436069-1755566,AMAZON,B083XHSX6F,,CL2TGD,1,7.98,4.24,2026-06-09 18:10:31,amazon Ledsone,false
1182233,204-1382397-5132303,AMAZON,B0CW1TB57F,,RWWPSY0660YE,1,5.78,2.41,2026-06-09 18:10:15,amazon Ledsone,false
1182244,203-2174020-3137936,AMAZON,B0BX4GWZK3,,LSMS320GY+RPR44WH,1,19.99,14.99,2026-06-09 18:29:55,amazon Dcvoltage,false
1182245,205-7832719-6642701,AMAZON,B0CGRQ5Z4T,,CRSF100BM2PK+PHRYWP1RBM2PK,1,17.24,17.24,2026-06-09 18:50:15,amazon Ledsone,false
1182246,205-7832719-6642701,AMAZON,B0CV5DK5NC,,LDSG125LOE2742PK,1,14.91,14.91,2026-06-09 18:50:15,amazon Ledsone,false
1182249,026-2806537-8450736,AMAZON,B0GDM5MGS8,,LHDHE27BN,1,12.58,9.69,2026-06-09 18:42:29,amazon Dcvoltage,false
1182252,204-8293893-5669153,AMAZON,B07PM4RK27,,CL3TWH5PK,1,11.79,11.79,2026-06-09 18:47:21,amazon Dcvoltage,false
1182256,202-0901698-8684305,AMAZON,B08KGF2ZG7,,CL3RHE5PK,1,13.79,13.79,2026-06-09 18:57:13,amazon Dcvoltage,false
1182257,205-7832719-6642701,AMAZON,B0DBQX2SRN,,LDSG95DIE274,1,9.07,9.07,2026-06-09 18:50:15,amazon Ledsone,false
1182262,206-7641066-8456355,AMAZON,B0DCFP1CX8,,LDSG95DIE2746PK,1,35.19,29.32,2026-06-09 19:01:32,amazon Ledsone,false
1182263,206-1220470-2146715,AMAZON,B08PYZZP4Q,,12IP6736,1,9.23,9.23,2026-06-09 19:06:33,amazon SRM Amazon,false
1182266,206-1965956-2673946,AMAZON,B0D28TWPYD,,LSCY290BC2PK+RPR44WH2PK,1,25.79,21.49,2026-06-09 19:09:14,amazon Ledsone,false
1182275,026-8599910-7737967,AMAZON,B0CNLXGY18,,WCB1RR+RPR44WH,1,10.29,10.29,2026-06-09 19:17:18,amazon Dcvoltage,false
1182281,026-4523800-7821155,AMAZON,B0FX53HC81,,LSCYRO300WH2PK+RPR44WH2PK,1,28.89,28.89,2026-06-09 19:32:25,amazon Dcvoltage,false
1182293,026-7544532-4799508,AMAZON,B0FMRL88RP,,CRSF100WH2PK+LHTTE27WH2PK,1,18.89,18.89,2026-06-09 19:42:33,amazon Dcvoltage,false
1182296,205-7288759-2009950,AMAZON,B0GZND9ZR6,,LHSWPBB22GD2PK,1,14.79,12.32,2026-06-09 19:49:13,amazon Ledsone,false
1182297,206-5820265-4069958,AMAZON,B0CDPZ5R1B,,WCCYSQCH2PK+LDST45E2742PK,1,43.89,36.57,2026-06-09 19:50:03,amazon Ledsone,false
1182298,203-1223473-0434734,AMAZON,B0GSR7F4JR,,LHXBTF40E27BM,1,5.98,2.57,2026-06-09 19:54:08,amazon Ledsone,false
1182299,206-4738501-3959528,AMAZON,B0DTTKL6KX,,WCVCBM3PK+RPR44WH3PK,1,23.99,23.99,2026-06-09 19:49:58,amazon Dcvoltage,false
1182300,205-8905205-2190748,AMAZON,B0DH6B49KD,,CL2TGL5PK,1,10.09,10.09,2026-06-09 19:54:20,amazon Dcvoltage,false
1182303,202-4304651-9781947,AMAZON,B0DX6NBT9P,,CENU19150WH,1,4.38,0.91,2026-06-09 19:59:09,amazon Ledsone,false
1182304,203-5847981-1986723,AMAZON,B08PYZLJCK,,12IP6745,1,15.89,13.24,2026-06-09 20:03:55,amazon Ledsone,false
1182305,206-2681566-2831563,AMAZON,B07SSFPBJJ,,24IP67120,2,41.38,19.16,2026-06-09 20:04:13,amazon Ledsone,false
1182306,203-7662016-2162719,AMAZON,B0DCDSZ719,,LDSG95DIE2743PK,1,21.89,18.24,2026-06-09 20:05:24,amazon Ledsone,false
1182307,203-9165116-2344325,AMAZON,B093HB7L5H,,LSMS320BI+RPR44WH,2,29.78,12.41,2026-06-09 20:02:56,amazon Ledsone,false
1182317,206-7505401-4373907,AMAZON,B0DSC36PBB,,CRFF140YB+PHAH2RYBGD+SPSDP2YB,1,15.29,15.29,2026-06-09 20:21:07,amazon SRM Amazon,false
1182319,202-6278649-9271500,AMAZON,B0BX422224,,LSSS300PI+RPR44WH,1,14.99,12.49,2026-06-09 20:25:57,amazon Ledsone,false
1182322,206-5714155-7530750,AMAZON,B0FXFP656V,,WCFRBM2PK+ICST64E27602PK,2,87.78,43.89,2026-06-09 20:33:04,amazon Dcvoltage,false
1182326,204-3156891-6015562,AMAZON,B0CVMWVTSD,,CENU46450BM,1,10.67,4.49,2026-06-09 20:39:55,amazon Dcvoltage,false
1182327,205-9169741-8382757,AMAZON,B0CRZ5BVRY,,LSCY290OR+RPR44WH,1,15.89,15.89,2026-06-09 20:42:52,amazon Dcvoltage,false
1182330,206-4595138-4049114,AMAZON,B07SSFZFBM,,24IP6780,2,35.98,16.66,2026-06-09 20:42:20,amazon Ledsone,false
1182341,026-8172074-2410760,AMAZON,B07S8CCS1Q,,CRSF100YB,1,10.78,6.57,2026-06-09 21:02:22,amazon Ledsone,false
1182342,206-6725186-1365944,AMAZON,B0D9Q69R2Z,,PLWSBM+ICST64E272PK,2,48.38,24.19,2026-06-09 21:06:18,amazon Dcvoltage,false
1182348,202-1452377-9904326,AMAZON,B08JYS4GTJ,,PSDS2BMRRO,1,11.99,11.99,2026-06-09 21:14:44,amazon SRM Amazon,false
1182349,206-8276298-6155538,AMAZON,B0F29P1SH6,,CERU36150GR,1,4.58,1.41,2026-06-09 21:09:33,amazon Ledsone,false
1182350,204-0802926-1876358,AMAZON,B0CZXL6ZYG,,TPOSBDBM,1,25.69,21.41,2026-06-09 21:08:54,amazon Ledsone,false
1182362,203-6066608-4677139,AMAZON,B0GCZNP15R,,CRFF100GB+LHNSE27GB+ICST64E27,1,16.89,16.89,2026-06-09 21:31:29,amazon Dcvoltage,false
1182363,203-0937784-3406729,AMAZON,B0GTYMPTZG,,LSGL9015WH3PK+RPM40WH3PK,1,21.89,21.89,2026-06-09 21:25:38,amazon Dcvoltage,false
1182364,205-2117725-3198768,AMAZON,B0F29P1SH6,,CERU36150GR,1,4.58,1.41,2026-06-09 21:30:54,amazon Ledsone,false
1182365,026-2184757-7610762,AMAZON,B0D9QJM444,,CL2RGY5PK,1,13.79,11.49,2026-06-09 21:25:44,amazon Ledsone,false
1182381,203-6066608-4677139,AMAZON,B0GGHFVG9H,,CRFF100GB2PK+LHNSE27GB2PK+ICST64E272PK,1,26.89,26.89,2026-06-09 21:31:29,amazon Dcvoltage,false
1182382,204-5996884-1525112,AMAZON,B0CTSLSHXD,,LSCO335OR2PK+RPR44WH2PK,1,27.49,27.49,2026-06-09 21:36:53,amazon Dcvoltage,false
1182391,026-1790824-8085137,AMAZON,B0CCHYSJWC,,SPSDP2YB,1,8.68,4.82,2026-06-09 21:47:43,amazon Ledsone,false
1182395,026-0461013-3785105,AMAZON,B0D794M7PJ,,WCB4BC2PK+RPR44WH2PK,1,15.89,13.24,2026-06-09 21:50:36,amazon Ledsone,false
1182396,206-3685118-2063536,AMAZON,B0DNK1NCSR,,WSFS2BMYB+SCRN70BM2PK+LSFT220WH2PK,2,59.78,24.91,2026-06-09 21:55:20,amazon Ledsone,false
1182397,206-3946938-1428330,AMAZON,B0FY5PN96J,,PHUH2HETBM,2,35.98,16.66,2026-06-09 21:58:57,amazon Ledsone,false
1182405,205-3401331-6890753,AMAZON,B0D8HZLL1S,,ENC3538,2,64.60,35.89,2026-06-09 22:00:30,amazon Dcvoltage,false
1182407,203-1135333-2144330,AMAZON,B0F4KN3FGH,,ENC1276,1,55.09,45.91,2026-06-09 22:01:54,amazon Ledsone,false
1182413,204-6327135-3769105,AMAZON,B0C9TWTCZ8,,LSCY210BG+RPR44WH,1,12.49,12.49,2026-06-09 22:27:31,amazon Dcvoltage,false
1182415,204-3549324-0686754,AMAZON,B0847NW62C,,CBSF75,1,6.18,2.74,2026-06-09 22:24:40,amazon Ledsone,false
1182416,205-5676143-1461936,AMAZON,B0DPMRVHHR,,LSCYRO120WH+RPR44WH,1,14.99,12.49,2026-06-09 22:27:10,amazon Ledsone,false
1182419,204-6923821-8664315,AMAZON,B0G49DDJ63,,WCCYSP180GD2PK+RPR44WH2PK,1,23.89,19.91,2026-06-09 22:53:42,amazon Ledsone,false
1182423,202-9026572-4371545,AMAZON,B0CSD3KS21,,PHSF1GDTFG,1,14.89,14.89,2026-06-09 23:05:22,amazon Dcvoltage,false
1182428,206-1235423-4069150,AMAZON,B09MQRMWRF,,WCB6WH+RPR44WH,2,21.78,9.08,2026-06-09 23:24:10,amazon Ledsone,false
1182429,026-7127356-9545941,AMAZON,B09BNSYVDG,,WCRTBR,1,11.89,11.89,2026-06-09 23:32:38,amazon Dcvoltage,false
1182431,026-5018186-9373124,AMAZON,B0DPMQZ1WP,,LSCYRO120GD+RPR44WH,1,14.99,12.49,2026-06-09 23:31:18,amazon Ledsone,false
1182433,203-6026651-7544342,AMAZON,B093ST24PN,,LDMT185E274,1,5.99,5.99,2026-06-10 00:05:41,amazon Dcvoltage,false
1182435,026-3985565-6933965,AMAZON,B08V8XSXKB,,CRSF100BM+PHSH1PBRBM+LSMS320BI,1,19.89,19.89,2026-06-10 00:16:06,amazon Dcvoltage,false
1182437,205-4160517-8486754,AMAZON,B0G49DDJ63,,WCCYSP180GD2PK+RPR44WH2PK,1,23.89,19.91,2026-06-10 00:28:37,amazon Ledsone,false
1182438,202-7884998-9243564,AMAZON,B0F28Z2V3C,,LSCY290GB+RPR44WH,1,17.89,14.91,2026-06-10 00:43:11,amazon Ledsone,false
1182443,202-9165827-2491534,AMAZON,B0CN8TS3YL,,CRFF500BM+PHCH1BMRBM3PK+LSDO210BM3PK,1,41.89,41.89,2026-06-10 00:59:40,amazon Dcvoltage,false
1182446,206-6756937-0136309,AMAZON,B0DX6W8MTS,,CENU25200WH,1,4.78,1.24,2026-06-10 03:10:15,amazon Ledsone,false
1182476,205-2713817-6711554,AMAZON,B0C9TN8TKQ,,CNP1000BM,2,13.49,5.89,2026-06-10 04:11:57,amazon Dcvoltage,false
1182483,205-6866670-2953130,AMAZON,B0D7944QDY,,WCB6BM2PK+RPR44WH2PK,1,16.49,13.74,2026-06-10 05:37:42,amazon Ledsone,false
1182496,204-1823108-9897163,AMAZON,B0DCFXBYJG,,LDSG95DIE2745PK,1,26.89,22.41,2026-06-10 06:41:16,amazon Ledsone,false
1182501,202-2031936-1629118,AMAZON,B0D9S9T5HZ,,CL2RLGAPK,1,21.49,17.91,2026-06-10 07:00:00,amazon Ledsone,false
1182502,202-4210484-4271539,AMAZON,B0DBWQDVJV,,CL2RYEAPK,1,18.49,18.49,2026-06-10 07:00:00,amazon Dcvoltage,false
1182505,204-4510312-2670758,AMAZON,B0DH4KYFPD,,WCDTBM2PK+RPR44WH2PK,1,18.29,15.24,2026-06-10 07:11:11,amazon Ledsone,false
1182514,026-4962287-9874735,AMAZON,B0CTC7XPNX,,CRSF100BM+LHNSE27YB+SCRN70BM+LSFT220BG,1,18.89,18.89,2026-06-10 07:33:57,amazon Dcvoltage,false
1182515,204-9490129-9817909,AMAZON,B0G5PJNB9D,,ENC6172,1,19.69,19.69,2026-06-10 07:39:27,amazon Dcvoltage,false
1182516,206-2418188-5905952,AMAZON,B0FH6JJKV4,,SPSDP2BMY,1,8.68,4.82,2026-06-10 07:43:21,amazon Ledsone,false
1182519,203-8409826-2793156,AMAZON,B0B9K41YZ7,,CL3TBK5PK,1,13.79,11.49,2026-06-10 07:58:04,amazon Ledsone,false
1182532,206-4968756-6304315,AMAZON,B093T47DB9,,LSCY290BL+RPR44WH,1,15.29,12.74,2026-06-10 08:33:22,amazon Ledsone,false
1182541,204-5726586-0264302,AMAZON,B0G499B37C,,WCCYSP180WH2PK+RPR44WH2PK,1,24.89,20.74,2026-06-10 08:58:19,amazon Ledsone,false
1182543,203-0207956-9707508,AMAZON,B08THHV6J7,,LSCY290GY+RPR44WH,1,19.89,14.89,2026-06-10 09:16:08,amazon Dcvoltage,false
1182544,202-6816577-0000367,AMAZON,B0GDCN4LCW,,LDMT185E2736PK,1,17.18,14.32,2026-06-10 09:13:14,amazon Ledsone,false
1182553,203-8320808-6519568,AMAZON,B09KNQV7L7,,CRSF2003BM+PHRB1PBR40BM3PK+LSBS160GY3PK,1,45.89,38.24,2026-06-10 09:37:20,amazon Ledsone,false
1182554,202-0695953-1611506,AMAZON,B0CQNL93QC,,PLTTBC+WCBNBC,1,22.89,22.89,2026-06-10 09:28:57,amazon Dcvoltage,false
1182558,026-3374796-5317163,AMAZON,B08KJJWJKK,,CRFF500BM+PHHT1PBRBM3PK+WCDCBM3PK,1,36.99,30.82,2026-06-10 09:44:38,amazon Ledsone,false
1182567,026-0343437-8525105,AMAZON,B0FPWVFF9W,,LDCWA60HE27126PK,4,29.96,6.24,2026-06-10 10:03:45,amazon Ledsone,false
1182568,204-6480706-0165942,AMAZON,B07QV1YKZW,,12RPIP45100,1,13.97,13.97,2026-06-10 10:02:08,amazon Dcvoltage,false
1182575,206-8926585-2444358,AMAZON,B0CKWL49NX,,CL3RBU5PK,1,13.89,13.89,2026-06-10 10:23:19,amazon Dcvoltage,false
1182576,203-1633804-6685143,AMAZON,B08V8XSXKB,,CRSF100BM+PHSH1PBRBM+LSMS320BI,1,16.80,16.80,2026-06-10 10:25:39,amazon Dcvoltage,false
1182585,204-9885774-6893150,AMAZON,B0DSBP4962,,PLTTBC+LSFT220BC,1,19.79,19.79,2026-06-10 10:32:01,amazon Dcvoltage,false
1182589,204-4013234-4885951,AMAZON,B01B1MTQ64,,12IP67100,1,19.99,16.66,2026-06-10 10:45:33,amazon Ledsone,false
1182590,206-2624802-8994748,AMAZON,B0F7Q77D8Q,,ENC7472,1,30.89,25.74,2026-06-10 10:47:26,amazon Ledsone,false
1182591,202-6170213-8451523,AMAZON,B0GCZNP15R,,CRFF100GB+LHNSE27GB+ICST64E27,1,16.89,16.89,2026-06-10 10:38:27,amazon Dcvoltage,false
1182592,026-4978025-8501921,AMAZON,B0DSC26NGS,,ENC5267,1,18.59,18.59,2026-06-10 10:45:46,amazon SRM Amazon,false
1182595,204-0401915-6459565,AMAZON,B0847NWD8P,,CBSF90,1,6.38,2.91,2026-06-10 10:53:08,amazon Ledsone,false
1182596,206-3764825-6265144,AMAZON,B0GNYZMC5G,,LHXSHE27BMAPK,1,38.69,32.24,2026-06-10 10:57:29,amazon Ledsone,false
1182597,026-3073562-2653115,AMAZON,B08XVV335M,,WCB6BM+RPR44WH,1,10.29,10.29,2026-06-10 10:49:33,amazon Dcvoltage,false
1182607,206-1923463-1013169,AMAZON,B0DH63TD9T,,CL2TBK5PK,1,11.99,11.99,2026-06-10 10:59:38,amazon Dcvoltage,false
1182608,206-1923463-1013169,AMAZON,B0DH5WBPJN,,CL2TLB5PK,1,10.09,10.09,2026-06-10 10:59:38,amazon Dcvoltage,false
1182609,206-0847645-8603517,AMAZON,B0CGRJ1V8L,,TPOSBDBM,1,25.89,25.89,2026-06-10 11:04:03,amazon Dcvoltage,false
1182610,026-1632170-8431501,AMAZON,B0DMNS6SJ3,,LHCCE27BM+CGMLBM,1,7.86,4.97,2026-06-10 11:08:50,amazon Dcvoltage,false
1182611,026-0240883-6173133,AMAZON,B093T47DB9,,LSCY290BL+RPR44WH,1,15.29,12.74,2026-06-10 10:58:42,amazon Ledsone,false
1182612,206-8768004-7529932,AMAZON,B0DCDLW2M2,,STPVC17ABL3PK,1,4.11,1.02,2026-06-10 11:00:04,amazon Ledsone,false
1182613,203-9092709-5518745,AMAZON,B0DYTQMM9X,,RWWPSY1080YE,1,11.78,7.41,2026-06-10 11:03:26,amazon Ledsone,false
1182627,205-7716485-8186708,AMAZON,B0979FP63J,,CNP1000WH,1,7.88,4.16,2026-06-10 11:26:24,amazon Ledsone,false
1182632,204-5129613-1633957,AMAZON,B09ZQH9GSB,,LHCCE27WH4PK,1,18.29,15.24,2026-06-10 11:32:13,amazon Ledsone,false
1182645,205-4579666-5779546,AMAZON,B0B9Y59487,,CL3TBR5PK,1,13.79,11.49,2026-06-10 11:45:07,amazon Ledsone,false
1182653,204-5388015-7774706,AMAZON,B0DH9FZNF4,,CL3TGR3PK,1,11.78,8.49,2026-06-10 11:55:43,amazon Dcvoltage,false
1182654,206-0545906-3623505,AMAZON,B0D8L1HQXM,,RWWPSY0660YE,1,5.97,2.99,2026-06-10 11:57:09,amazon Dcvoltage,false
1182660,205-6095314-2477957,AMAZON,B0CRZ5DS7Q,,LSCY290WH+RPR44WH,2,36.78,15.89,2026-06-10 11:59:12,amazon Dcvoltage,false
1182665,205-5970385-0540305,AMAZON,B093H8YG8Z,,LSMS320GY+RPR44WH,1,14.99,12.49,2026-06-10 12:15:47,amazon Ledsone,false
1182685,202-8448338-5290768,AMAZON,B0C9TWTCZ8,,LSCY210BG+RPR44WH,1,12.49,12.49,2026-06-10 12:19:20,amazon Dcvoltage,false
1182686,026-4742813-8435543,AMAZON,B08XWSBPHW,,WCB1BM+RPR44WH,1,9.99,9.99,2026-06-10 12:20:34,amazon Dcvoltage,false
1182694,205-1027479-3002725,AMAZON,B0CK7ZQFXV,,CRFF500BM+PHBK1PBRBA3PK+ICST64E273PK,1,35.99,29.99,2026-06-10 12:33:22,amazon Ledsone,false
1182695,203-4188422-4472367,AMAZON,B0GNYZMC5G,,LHXSHE27BMAPK,1,38.69,32.24,2026-06-10 12:34:30,amazon Ledsone,false
1182696,206-5307550-5404346,AMAZON,B0B7SL3GJ2,,PHSF1GDTFG,2,29.78,12.41,2026-06-10 12:38:30,amazon Ledsone,false
1182700,204-0408474-9356361,AMAZON,B09L11514G,,12UK3P5A,1,12.89,10.74,2026-06-10 12:47:47,amazon Ledsone,false
1182701,204-7617331-7575536,AMAZON,B07CJHLMX1,,24IP20360,1,24.99,24.99,2026-06-10 12:46:06,amazon Dcvoltage,false
1182702,206-0510531-7671531,AMAZON,B08VRY5HL8,,CRSF100BC+LHNSE27YB+LSCY290BC,1,18.89,18.89,2026-06-10 12:53:48,amazon Dcvoltage,false
1182708,205-4666350-6619520,AMAZON,B0C7H2N8J4,,LSFT220NB+RPR44WH,1,10.89,10.89,2026-06-10 12:58:03,amazon Dcvoltage,false
1182713,206-8059478-6377944,AMAZON,B081H7GZJB,,12IP6715,1,12.78,9.89,2026-06-10 13:04:15,amazon Dcvoltage,false
1182717,206-9806464-5320335,AMAZON,B0CBXBG2FC,,PLPYBM+ICST64E27,1,18.89,15.74,2026-06-10 13:10:52,amazon Ledsone,false
1182718,026-5608093-6017938,AMAZON,B0G5HGBR4T,,PCGZFF5PK,1,11.08,6.82,2026-06-10 13:11:26,amazon Ledsone,false
1182724,205-4782723-0781900,AMAZON,B0D6NCB51Z,,COY9ABM2PK,1,12.89,12.89,2026-06-10 13:26:47,amazon Dcvoltage,false
1182725,202-6958114-4657924,AMAZON,B0CVKZP3W2,,LSTF400BM+RPR44WH,1,16.39,16.39,2026-06-10 13:28:12,amazon Dcvoltage,false
1182726,202-4667434-3300359,AMAZON,B07B26JKDT,,12IP67250,1,32.99,27.49,2026-06-10 13:20:00,amazon Ledsone,false
1182733,202-5860451-4736360,AMAZON,B0G49CBSQ3,,WCCYSP180BM2PK+RPR44WH2PK,1,23.89,19.91,2026-06-10 13:37:28,amazon Ledsone,false
1182734,026-2852559-0589122,AMAZON,B083H3BRWZ,,CRSF100CO,2,13.27,4.33,2026-06-10 13:37:45,amazon Ledsone,false
1182736,206-1325540-2765942,AMAZON,B0F1MMCQMQ,,RWWPSN60YE,1,5.78,2.89,2026-06-10 13:47:13,amazon Dcvoltage,false
1182741,202-2105058-7261134,AMAZON,B0D4YNKTQH,,CRFF140BM+WSWH135BM+LSDO210BG,1,16.69,16.69,2026-06-10 13:52:07,amazon Dcvoltage,false
1182742,206-3064662-4676348,AMAZON,B0DSBPHK7T,,PLTTBC+LSFT220BC,2,39.58,16.49,2026-06-10 13:51:55,amazon Ledsone,false
1182743,204-8748123-6733936,AMAZON,B0DZNQCJX5,,RWWPSY08GY,1,4.78,1.57,2026-06-10 13:59:23,amazon Ledsone,false
1182745,203-0653889-0429148,AMAZON,B0GL873FCB,,LDMT185E274,1,5.99,4.99,2026-06-10 13:58:49,amazon Ledsone,false
1182748,026-9977152-6956338,AMAZON,B0DBZ8NT3P,,ENC7393,1,42.89,35.74,2026-06-10 14:04:47,amazon Ledsone,false
1182755,204-9515030-7713926,AMAZON,B0CG5YC965,,LSCY290SN2PK+RPR44WH2PK,3,86.67,28.89,2026-06-10 14:16:15,amazon Dcvoltage,false
1182763,202-9012405-1701153,AMAZON,B07CM4KTJW,,12IP67100,1,17.99,14.99,2026-06-10 14:18:40,amazon Ledsone,false
1182764,205-2444250-5132316,AMAZON,B0CDGPG66S,,LDMST64E2746PK,1,19.89,16.57,2026-06-10 14:27:56,amazon Ledsone,false
1182766,206-1112511-0350755,AMAZON,B0GSFB5MT6,,LSGLULCL+RPM40WH,2,25.78,12.89,2026-06-10 14:23:16,amazon Dcvoltage,false
1182773,205-2367063-4441945,AMAZON,B0963P71QD,,CRFF500BM+PHCHPBRCO3PK+LSOL220CO3PK,1,34.56,28.80,2026-06-10 14:33:26,amazon Ledsone,false
1182787,026-5803791-5945168,AMAZON,B0G5Y46X4G,,ENC9257,1,21.68,18.07,2026-06-09 15:44:07,amazon Ledsone,false
1182797,026-0497534-9317947,AMAZON,B0GXB6VRXQ,,WCBTC100FG2PK+RPR44WH2PK,1,17.89,14.91,2026-06-10 15:08:25,amazon Ledsone,false
1182803,203-5531010-4181121,AMAZON,B0CGRQ5Z4T,,CRSF100BM2PK+PHRYWP1RBM2PK,1,20.69,17.24,2026-06-10 15:24:48,amazon Ledsone,false
1182809,205-5933037-3165104,AMAZON,B0D229XQNM,,CBSF1002PK,1,11.68,7.32,2026-06-10 15:38:08,amazon Ledsone,false
1182810,026-5024252-8923529,AMAZON,B0FPWXQWQD,,LDCWA60HB2296PK,1,9.98,6.24,2026-06-10 15:33:41,amazon Ledsone,false
1182811,206-2574261-0042715,AMAZON,B0CF5M4665,,ENC3241,2,77.76,32.40,2026-06-10 15:36:24,amazon Ledsone,false
1182814,203-0269336-7446762,AMAZON,B0GMR5VGVG,,LSFT220BW2PK+RPR44WH2PK,1,17.89,14.91,2026-06-10 15:39:35,amazon Ledsone,false
1182816,203-6538757-8417908,AMAZON,B0C7H1D9JN,,LSFT220GB+RPR44WH,1,10.79,10.79,2026-06-10 15:46:06,amazon Dcvoltage,false
1182820,202-1209907-8688330,AMAZON,B0D9GYS3S4,,CMWHCPK,1,10.78,6.24,2026-06-10 15:49:21,amazon Ledsone,false
1182825,204-1142474-2095523,AMAZON,B0GGHFVG9H,,CRFF100GB2PK+LHNSE27GB2PK+ICST64E272PK,1,25.55,26.89,2026-06-10 15:53:47,amazon Dcvoltage,false
1182834,026-9261074-9269153,AMAZON,B0CFHKYH59,,CRSF100BM2PK+PHRNWP1RBM2PK,1,20.06,16.72,2026-06-10 16:08:01,amazon Ledsone,false
1182835,205-6852487-8929124,AMAZON,B0DMF2KF74,,ENC9307,1,27.29,22.74,2026-06-10 16:14:04,amazon Ledsone,false
1182844,203-5126623-7516355,AMAZON,B0FZK7QKYM,,ENC9049,1,18.79,15.66,2026-06-10 16:25:44,amazon Ledsone,false
1182845,202-6064363-2402742,AMAZON,B0D28V95FG,,LSCY290BL2PK+RPR44WH2PK,1,27.49,22.91,2026-06-10 16:23:31,amazon Ledsone,false
1182846,203-6762402-4449926,AMAZON,B0BLP1JSRK,,LDMST64E2786PK,1,20.39,16.99,2026-06-10 16:17:21,amazon Ledsone,false
1182847,203-4111271-9940305,AMAZON,B0DX1JBHPJ,,LHSHE27FG3PK,1,17.69,17.69,2026-06-10 16:25:00,amazon SRM Amazon,false
1182852,203-5443410-8722768,AMAZON,B0CVKZP3W2,,LSTF400BM+RPR44WH,1,16.39,16.39,2026-06-10 16:45:12,amazon Dcvoltage,false
1182857,206-2045648-3697152,AMAZON,B0CVL4YKRT,,RWT590YE,1,19.69,19.69,2026-06-10 16:39:32,amazon Dcvoltage,false
1182858,206-6823391-9961940,AMAZON,B0GSFB5MT6,,LSGLULCL+RPM40WH,1,12.89,12.89,2026-06-10 16:49:16,amazon Dcvoltage,false
1182869,204-0571975-0664329,AMAZON,B0B7F21ZXS,,CRSF108SN,3,21.30,6.57,2026-06-10 17:05:43,amazon Ledsone,false
1182871,203-5161185-9095543,AMAZON,B094VJWCF5,,PLADBC,1,50.89,42.41,2026-06-10 17:08:16,amazon Ledsone,false
1182872,026-3116214-2662705,AMAZON,B0FTS9Y6NR,,12IP6710,1,10.78,6.57,2026-06-10 17:10:07,amazon Ledsone,false
1182873,204-5668792-3823551,AMAZON,B0H32W9HVL,,SPCC320BM2PK,1,12.67,8.15,2026-06-10 17:15:30,amazon Ledsone,false
1182882,203-0775432-0391551,AMAZON,B0DH9JRSD3,,CL3TGY2PK,1,10.28,6.99,2026-06-10 17:20:03,amazon Dcvoltage,false
1182890,203-5290681-1983569,AMAZON,B0DH4KYFPD,,WCDTBM2PK+RPR44WH2PK,1,18.29,15.24,2026-06-10 17:30:49,amazon Ledsone,false
1182891,205-7483642-0877924,AMAZON,B0CVKQ2C1F,,LSEL400BM2PK+RPR44WH2PK,1,30.79,25.66,2026-06-10 17:34:47,amazon Ledsone,false
1182894,202-8287315-2839541,AMAZON,B0CNLXSSN4,,WCB2WH+RPR44WH,1,10.29,10.29,2026-06-10 17:32:39,amazon Dcvoltage,false
1182898,026-3985196-3267521,AMAZON,B0C9TWTCZ8,,LSCY210BG+RPR44WH,1,12.49,12.49,2026-06-10 17:42:05,amazon Dcvoltage,false
1182899,026-4221936-0977162,AMAZON,B0BNXK9R1L,,CRSF100CO+PHSH1PBRCO+LSDM220CO+LDWWE2715,2,45.78,22.89,2026-06-10 17:48:52,amazon Dcvoltage,false
1182905,206-0589089-4927546,AMAZON,B0CFHMYK8Q,,CRSF100BM2PK+PHRNWP2RBM2PK+ICST64E272PK,1,28.69,23.91,2026-06-10 17:52:48,amazon Ledsone,false
1182907,203-2348411-9125116,AMAZON,B0BLP2VGSC,,LDMST64E278APK,1,30.89,25.74,2026-06-10 17:57:28,amazon Ledsone,false
1182918,206-2352836-2967503,AMAZON,B0DPMG2W2R,,LSMS320BG+RPR44WH,2,27.98,13.99,2026-06-10 18:09:12,amazon Dcvoltage,false
1182919,026-6296533-6783507,AMAZON,B08WRC297L,,PHCT1BMRBM+PHBA1BMRBM+LSDO400BM,1,28.97,30.49,2026-06-10 18:15:52,amazon Dcvoltage,false
1182924,205-5328932-5444359,AMAZON,B0C5QLSZNP,,WCVCBC+RPR44WH,1,10.39,10.39,2026-06-10 18:20:37,amazon Dcvoltage,false
1182930,026-8860245-3520339,AMAZON,B0DF7BD73R,,CRSF100BM+PHRYWP1RBM,3,35.67,9.91,2026-06-10 18:34:39,amazon Ledsone,false
1182933,205-0196901-6302708,AMAZON,B09JZ61NJM,,LDST45E2743PK,1,20.29,20.29,2026-06-10 18:40:03,amazon Dcvoltage,false
1182934,202-0688330-1470763,AMAZON,B0CC8L3YCS,,CRSF100GB+WSSS70GB+LSRP260GB+ICST64E27,1,26.89,26.89,2026-06-10 18:42:58,amazon Dcvoltage,false
1182935,026-5212366-7053961,AMAZON,B0BWK7RQ27,,PLTYRR+ICST64E27,1,20.89,17.41,2026-06-10 18:44:54,amazon Ledsone,false
1182943,204-1132421-3721134,AMAZON,B0F9WG3RDB,,LSHQ180BG2PK+RPR44WH2PK,2,27.50,13.75,2026-06-10 18:49:06,amazon Ledsone,false
1182944,204-1132421-3721134,AMAZON,B0F9YNBRZD,,LSMS320BG+RPR44WH,1,14.07,14.07,2026-06-10 18:49:06,amazon Ledsone,false
1182945,204-2404097-2792301,AMAZON,B0B77JMW7G,,CRFF108GB4PK+HK10GB4PK,1,23.59,19.66,2026-06-10 18:49:06,amazon Ledsone,false
1182952,203-5919254-6659553,AMAZON,B0CGD98GVG,,CRSF100WH+PHRY2PCRWH,1,14.17,11.81,2026-06-10 19:01:18,amazon Ledsone,false
1182961,202-6803888-0058725,AMAZON,B08XBF2V14,,CRSF100BM+LHNSE27CO+SCRN70BM+LSWD360BM,1,28.89,28.89,2026-06-10 19:11:16,amazon Dcvoltage,false
1182969,206-6948454-5348311,AMAZON,B0GW83X9F4,,LHSWPBB22GD,1,12.79,9.90,2026-06-10 19:24:42,amazon Dcvoltage,false
1182970,202-5641573-0817106,AMAZON,B0DBX393DY,,CL2RWHAPK,1,18.49,18.49,2026-06-10 19:28:42,amazon Dcvoltage,false
1182971,206-1869609-6940318,AMAZON,B093H8YG8Z,,LSMS320GY+RPR44WH,1,14.99,12.49,2026-06-10 19:19:14,amazon Ledsone,false
1182972,204-3790092-3052338,AMAZON,B0CGRJBVMM,,ENC5327,1,29.69,24.74,2026-06-10 19:25:46,amazon Ledsone,false
1182978,026-5255639-4558718,AMAZON,B0DDXQQFXB,,LHSHE27SN3PK,1,14.49,12.07,2026-06-10 19:32:50,amazon Ledsone,false
1182979,204-3561674-9237115,AMAZON,B0DR1WMNP6,,ENC1971,1,81.64,73.16,2026-06-10 19:36:48,amazon Ledsone,false
1182981,202-2074602-6977119,AMAZON,B08V927KBM,,CRSF100RO+PHSH1PBRRO+LSDM220RO,1,23.99,23.99,2026-06-10 19:23:39,amazon Dcvoltage,false
1182987,026-3438870-7569960,AMAZON,B07CVCT7XN,,LDMG95E278,1,6.99,6.99,2026-06-10 19:44:32,amazon Dcvoltage,false
1182988,203-8091014-8891522,AMAZON,B0CMQGHNC1,,ENC5670,1,82.39,68.66,2026-06-10 19:42:43,amazon Ledsone,false
1182989,202-5155595-7497154,AMAZON,B0DTY5P2HB,,LSCY290BM2PK+RPR44WH2PK,1,27.89,23.24,2026-06-10 19:44:38,amazon Ledsone,false
1182990,205-6674471-4856318,AMAZON,B0CFHKYH59,,CRSF100BM2PK+PHRNWP1RBM2PK,2,40.18,16.74,2026-06-10 19:46:49,amazon Ledsone,false
1182997,204-5531137-1604350,AMAZON,B08DRQ9658,,CRSF100GB+PHCHPBRGB,1,10.99,10.99,2026-06-10 19:53:04,amazon SRM Amazon,false
1182998,202-6950658-3717937,AMAZON,B0D83PFMTP,,WCDCBM3PK+RPR44WH3PK,1,24.29,24.29,2026-06-10 19:49:49,amazon Dcvoltage,false
1183004,203-8273933-3461114,AMAZON,B0DPQFRMCD,,ENC7893,1,41.79,34.82,2026-06-10 20:00:23,amazon Ledsone,false
1183009,203-7391362-0743525,AMAZON,B0DNQR3B1P,,PCBM20DSAPK,1,10.69,8.91,2026-06-10 20:13:05,amazon Ledsone,false
1183021,204-7257193-6865911,AMAZON,B0D93LH1YN,,ENC7472,1,31.89,26.57,2026-06-10 20:30:44,amazon Ledsone,false
1183023,202-5740006-1989920,AMAZON,B0C9TLL8GW,,ENC1919,2,35.78,17.89,2026-06-10 20:33:17,amazon Dcvoltage,false
1183024,205-9545441-6155514,AMAZON,B07DW3ZY1P,,CCBC3,1,5.89,5.89,2026-06-10 20:39:34,amazon Dcvoltage,false
1183025,206-5435226-0257129,AMAZON,B07ZFWL5T1,,CRFF100GB+LHNSE27GB,1,13.89,13.89,2026-06-10 20:37:32,amazon Dcvoltage,false
1183038,026-4871058-3513939,AMAZON,B0D28VPVKD,,LSCY290BI2PK+RPR44WH2PK,1,26.89,22.41,2026-06-10 20:51:19,amazon Ledsone,false
1183043,203-1634870-0249144,AMAZON,B0863J112Z,,PHSF1BMTBM2PK,1,19.89,16.57,2026-06-10 21:10:10,amazon Ledsone,false
1183044,026-9096312-6910767,AMAZON,B0C8TZ2GMQ,,PLADBS+LSDO210BS3PK,1,50.89,50.89,2026-06-10 21:02:46,amazon Dcvoltage,false
1183052,206-7493560-7759552,AMAZON,B0F292MNGB,,LSCY290BG+RPR44WH,2,34.98,14.58,2026-06-10 21:14:14,amazon Ledsone,false
1183053,206-4243412-8845116,AMAZON,B0B7SJYY45,,PHSF1GYTCH,2,26.98,12.49,2026-06-10 21:14:47,amazon Ledsone,false
1183054,026-6974104-5964307,AMAZON,B0BTTHW8VM,,ENC8092,2,65.41,33.89,2026-06-10 21:10:58,amazon Dcvoltage,false
1183055,206-3593698-1425160,AMAZON,B0CNT1QNSN,,PLADBM,1,47.49,47.49,2026-06-10 21:11:13,amazon Dcvoltage,false
1183063,026-0342389-6081961,AMAZON,B0CR19TX8Z,,MBCO1016CLFPK,1,5.98,2.57,2026-06-10 21:23:15,amazon Ledsone,false
1183069,203-3790275-2292369,AMAZON,B0FR8ZYWXB,,LSCY290BG2PK+RPR44WH2PK,1,31.15,31.15,2026-06-10 21:32:11,amazon Dcvoltage,false
1183070,205-0456595-9146716,AMAZON,B0DH8ZN7XM,,CL3TBL5PK,1,11.99,11.99,2026-06-10 21:32:13,amazon Dcvoltage,false
1183076,026-1299004-5881134,AMAZON,B0F29P1SH6,,CERU36150GR,2,6.27,1.41,2026-06-10 21:41:38,amazon Ledsone,false
1183078,205-5724620-3208362,AMAZON,B0D6KLL6DX,,LSCY290GY2PK+RPR44WH2PK,1,29.29,29.29,2026-06-10 21:49:57,amazon Dcvoltage,false
1183082,202-0625058-4128321,AMAZON,B0DMF2KF74,,ENC9307,1,27.29,22.74,2026-06-10 21:54:40,amazon Ledsone,false
1183083,204-7775638-9867508,AMAZON,B08SHXTWQ3,,LSLC180BM+RPR44WH,1,10.69,10.69,2026-06-10 22:01:18,amazon SRM Amazon,false
1183084,204-3317338-3561135,AMAZON,B0DH69V81V,,CL2TGYAPK,1,18.29,18.29,2026-06-10 21:56:12,amazon Dcvoltage,false
1183085,205-2496107-1429951,AMAZON,B08KGFC4J1,,CL3THE,1,5.98,3.09,2026-06-10 21:58:40,amazon Dcvoltage,false
1183089,205-4769281-2873143,AMAZON,B0G39VRZ29,,LSGG200AR+SCRN70FG,1,28.99,19.99,2026-06-10 22:01:01,amazon Ledsone,false
1183091,026-7558101-0050730,AMAZON,B0CKF9K9KR,,LDLIE14FL4,1,10.78,6.57,2026-06-10 22:09:29,amazon Ledsone,false
1183092,205-5105819-1223561,AMAZON,B0F29GB76Y,,SPSD78SN2PK,1,10.48,6.32,2026-06-10 22:10:09,amazon Ledsone,false
1183099,203-2236711-8804318,AMAZON,B0DH64Q1RJ,,CL2TBK3PK,1,7.99,7.99,2026-06-10 22:35:26,amazon Dcvoltage,false
1183100,206-8566684-6772334,AMAZON,B0DCNWF2D4,,PHSF2BMRBM2PK+SPSDP2BM2PK,1,29.79,24.82,2026-06-10 22:38:57,amazon Ledsone,false
1183110,202-4980426-7658737,AMAZON,B07QV1YKZW,,12RPIP45100,1,13.97,13.97,2026-06-10 22:45:41,amazon Dcvoltage,false
1183111,026-6787510-1313943,AMAZON,B08XWFCLFB,,WCB2BM+RPR44WH,1,9.41,9.41,2026-06-10 22:47:52,amazon Dcvoltage,false
1183112,206-4886294-1912367,AMAZON,B0FH6GTT5L,,SPSDP2BMY6PK,1,21.09,17.57,2026-06-10 22:38:57,amazon Ledsone,false
1183114,203-5054601-0637927,AMAZON,B0F43P8JTW,,CENU1001200WH,1,25.99,25.99,2026-06-10 22:55:38,amazon Dcvoltage,false
1183115,204-8186069-2968336,AMAZON,B0FPQYM3KQ,,LDCWT75B22123PK,1,17.89,14.91,2026-06-10 22:50:36,amazon Ledsone,false
1183116,202-4086775-2188368,AMAZON,B0CKFD2MTJ,,PLTYBM+ICST64E27,1,18.89,15.74,2026-06-10 22:56:17,amazon Ledsone,false
1183123,206-7511692-6229104,AMAZON,B08V8KYY9H,,CRSF100BM+PHSH1PBRBM+LSMS320OR,2,34.00,18.89,2026-06-10 22:59:18,amazon Dcvoltage,false
1183127,205-7456048-1653144,AMAZON,B07L5CM76C,,WCBNBM+RPR44WH,3,32.67,10.89,2026-06-10 23:14:21,amazon Dcvoltage,false
1183128,202-0760020-5148317,AMAZON,B0F8QCBY49,,CERU36200BM,1,4.88,1.66,2026-06-10 23:33:49,amazon Ledsone,false
1183133,204-1982852-6586758,AMAZON,B0CCJ2TRB2,,SPSDP3WH3PK,1,10.09,8.41,2026-06-10 23:38:27,amazon Ledsone,false
1183134,205-8329254-5581912,AMAZON,B0979H9NHS,,CNP1000FG,1,5.09,4.24,2026-06-10 23:49:58,amazon Ledsone,false
1183141,205-2085678-6684324,AMAZON,B0GP73VLM8,,LHPVHRE27WH,1,7.58,3.91,2026-06-11 00:12:14,amazon Ledsone,false
1183142,202-8183861-0837151,AMAZON,B0FX2Q2VVY,,LSCYRO120GD2PK+RPR44WH2PK,1,21.29,21.29,2026-06-11 00:51:39,amazon Dcvoltage,false
1183145,202-9958660-3347545,AMAZON,B0GSFB5MT6,,LSGLULCL+RPM40WH,1,12.89,12.89,2026-06-11 01:33:52,amazon Dcvoltage,false
1183146,205-5580023-7226724,AMAZON,B0CNQ1Q3BJ,,LDMG125E278,1,8.19,8.19,2026-06-11 01:49:57,amazon Dcvoltage,false
1183147,202-2536110-5222745,AMAZON,B0DFBMF3Q2,,WCDTRO3PK+RPR44WH3PK,1,23.59,23.59,2026-06-11 01:52:44,amazon Dcvoltage,false
1183152,205-9925902-5931534,AMAZON,B086385W3W,,PHSF1BRTCO2PK,2,34.00,15.74,2026-06-11 03:28:37,amazon Ledsone,false
1183168,204-3287752-2216337,AMAZON,B0GYPHS1FD,,BS6S6628BM,1,20.89,17.41,2026-06-11 03:55:38,amazon Ledsone,false
1183193,026-6158658-4055568,AMAZON,B0DH4KYFPD,,WCDTBM2PK+RPR44WH2PK,1,18.29,15.24,2026-06-11 04:36:38,amazon Ledsone,false
1183210,204-3016732-4865164,AMAZON,B0GGQWCF1K,,CRFF100CO+PHUP1PBRCO+CNT900CO,3,50.14,18.57,2026-06-11 06:00:35,amazon Dcvoltage,false
1183212,202-7072210-4915561,AMAZON,B0F9YTQV7N,,PSFW4RGD,1,11.89,9.91,2026-06-11 06:27:05,amazon Ledsone,false
1183216,206-5144727-2719526,AMAZON,B0CQNKKQTK,,PLTTBS+LSFT220BS,1,20.89,20.89,2026-06-11 06:37:47,amazon Dcvoltage,false
1183221,203-4723408-8000360,AMAZON,B0F2FZKWDT,,RWT680YE,1,11.98,7.57,2026-06-11 06:49:44,amazon Ledsone,false
1183224,204-6459001-0413158,AMAZON,B0CV7K4PZC,,RWGS1342WH,1,6.75,3.59,2026-06-11 07:06:23,amazon Dcvoltage,false
1183241,206-7313573-2055543,AMAZON,B0FPWXQWQD,,LDCWA60HB2296PK,1,9.98,6.24,2026-06-11 07:37:09,amazon Ledsone,false
1183246,204-2131663-1919555,AMAZON,B0DH6B49KD,,CL2TGL5PK,1,10.09,10.09,2026-06-11 07:39:54,amazon Dcvoltage,false
1183250,203-7873306-0910729,AMAZON,B0FR6M1MZK,,PHSF2GDTYB3PK+ICST64E273PK,2,83.78,41.89,2026-06-11 07:53:40,amazon Dcvoltage,false
1183266,206-3336200-6928335,AMAZON,B0GLGGJD2R,,LSGLFP245GR+RPM40WH,1,19.89,19.89,2026-06-11 08:30:41,amazon Dcvoltage,false
1183323,202-9490094-0840348,AMAZON,B0GYPFYJFN,,BS6S66609GY,1,20.89,17.41,2026-06-11 10:20:58,amazon Ledsone,false
1183324,204-9370657-0665131,AMAZON,B0F9YNBRZD,,LSMS320BG+RPR44WH,1,16.89,14.07,2026-06-11 10:23:36,amazon Ledsone,false
1183325,205-0554758-2896315,AMAZON,B0DH9FSQNN,,CL3TGY3PK,1,11.58,7.99,2026-06-11 10:22:59,amazon Dcvoltage,false
1183332,204-1782380-7630751,AMAZON,B094VJWCF5,,PLADBC,2,101.78,42.41,2026-06-06 06:20:42,amazon Ledsone,false
1183333,206-2404182-6193127,AMAZON,B0D9RRFVV1,,WCDCBM2PK+RPR44WH2PK,1,18.89,15.74,2026-06-11 10:37:43,amazon Ledsone,false
1183346,206-1635584-8032353,AMAZON,B0F1D59PXR,,RWWPSY08GY,1,1.99,1.99,2026-06-11 10:56:03,amazon Dcvoltage,false
1183347,206-1635584-8032353,AMAZON,B0F1D3YQPG,,RWWPSY10GY,1,2.49,2.49,2026-06-11 10:56:03,amazon Dcvoltage,false
1183348,206-1635584-8032353,AMAZON,B0F1D2YMJS,,RWWPSY12GY,1,2.49,2.49,2026-06-11 10:56:03,amazon Dcvoltage,false
1183349,205-1108400-5898746,AMAZON,B083XMSFQF,,CL2RGL3PK,1,9.28,4.99,2026-06-11 10:57:36,amazon Ledsone,false
1183356,204-6955529-9269156,AMAZON,B09JVQ6VXT,,LDSG95DIE2743PK,1,19.89,19.89,2026-06-11 11:03:55,amazon Dcvoltage,false
1183357,026-7625886-8190700,AMAZON,B0D5QY9SQ1,,LSMCSQWYBL+RPM40WH,1,23.89,23.89,2026-06-11 11:00:07,amazon Dcvoltage,false
1183365,203-1178794-2905165,AMAZON,B0BMQN1VY2,,LDMST64E2743PK,1,14.89,12.41,2026-06-11 11:12:27,amazon Ledsone,false
1183372,202-7547658-4196353,AMAZON,B0FG7L178M,,TPFC300BG,1,15.28,12.73,2026-06-11 11:24:28,amazon Ledsone,false
1183373,204-4701719-6323536,AMAZON,B0868DXK1B,,CCBKNWE48,1,10.79,8.99,2026-06-11 11:25:16,amazon Ledsone,false
1183374,203-7618526-7381942,AMAZON,B0H38YJTN8,,LSGL9015GY2PK+RPM40WH2PK,2,37.78,18.89,2026-06-11 11:35:08,amazon Dcvoltage,false
1183387,204-7704839-6710749,AMAZON,B0FN4C3B9T,,PLHCBM+LSDO210BM3PK,1,47.83,39.86,2026-06-11 11:40:22,amazon Ledsone,false
1183397,206-2238601-2089161,AMAZON,B0DH93YBMW,,CL3TBT2PK,1,9.28,5.99,2026-06-11 12:07:20,amazon Dcvoltage,false
1183398,202-1369544-6903523,AMAZON,B0G49DDJ63,,WCCYSP180GD2PK+RPR44WH2PK,1,23.89,19.91,2026-06-11 12:05:58,amazon Ledsone,false
1183409,202-0156109-3374711,AMAZON,B0F5B738QG,,WCWYBC2PK,2,19.96,9.24,2026-06-11 12:24:27,amazon Ledsone,false
1183419,204-6307396-8745925,AMAZON,B0B7799FKL,,CRFF108GB+HK10GB,1,8.49,7.07,2026-06-11 12:46:36,amazon Ledsone,false
1183435,202-6081685-9030709,AMAZON,B097YR1WKC,,CRFF500BM+PHHT1PBRRO3PK+WCWDRO3PK,1,38.99,32.49,2026-06-11 13:16:05,amazon Ledsone,false
1183436,205-3309174-3943559,AMAZON,B0BX41N2J5,,LSSS300GB+RPR44WH,1,14.99,12.49,2026-06-11 13:02:19,amazon Ledsone,false
1183437,204-4980239-6953150,AMAZON,B0CCHYJ6PP,,SPSDP2YB5PK,4,80.36,16.74,2026-06-11 13:28:25,amazon Ledsone,false
1183438,204-8470120-1191529,AMAZON,B084VP9518,,CRSF2003GB,4,27.68,6.41,2026-06-11 13:28:25,amazon Ledsone,false
1183439,206-7800815-0017118,AMAZON,B0CV7K3P22,,RWGS1533WH,1,7.25,3.89,2026-06-11 13:08:36,amazon Dcvoltage,false
1183440,206-9664971-4053146,AMAZON,B08WRC297L,,PHCT1BMRBM+PHBA1BMRBM+LSDO400BM,1,30.49,30.49,2026-06-11 13:06:31,amazon Dcvoltage,false
1183443,204-9673618-9670766,AMAZON,B08XC4QHHG,,CL3TAGAPK,1,19.99,19.99,2026-06-11 13:28:25,amazon Dcvoltage,false
1183444,205-0201944-6918749,AMAZON,B0FPQVSMFT,,LDCWT75B2212,1,8.79,7.32,2026-06-11 11:10:11,amazon Ledsone,false
1183452,026-8735831-3967516,AMAZON,B0DH92KK4D,,CL3TWH5PK,1,14.09,14.09,2026-06-11 13:48:02,amazon Dcvoltage,false
1183453,026-1572335-4877934,AMAZON,B0FPQZHKXS,,LDCWT75B22122PK,1,15.89,13.24,2026-06-11 13:41:21,amazon Ledsone,false
1183466,026-3334736-9183544,AMAZON,B08QJQS6VP,,PHTT1PBR3BM+LSWT300BM,1,24.89,20.74,2026-06-11 14:08:25,amazon Ledsone,false
1183467,204-5141466-2720368,AMAZON,B0CLZYFPLL,,CRSF100GB+PHCHPBRGB+LSCY290GB,3,74.67,20.74,2026-06-11 14:08:32,amazon Ledsone,false
1183470,203-1168328-9806721,AMAZON,B0DCSKHNSW,,LSSS300BM2PK+RPR44WH2PK,1,27.09,22.57,2026-06-11 14:12:19,amazon Ledsone,false
1183481,206-4118511-7221132,AMAZON,B0F8QCBY49,,CERU36200BM,1,4.88,1.66,2026-06-11 14:25:44,amazon Ledsone,false
1183485,026-6791661-5491557,AMAZON,B08XXWBD15,,WCB3BM+RPR44WH,3,30.87,10.29,2026-06-11 14:26:05,amazon Dcvoltage,false
1183486,206-0136209-4445117,AMAZON,B086228MDF,,LDMST64B2286PK,1,19.89,16.57,2026-06-11 14:35:44,amazon Ledsone,false
1183499,202-1585557-1371516,AMAZON,B08W5DQZP4,,CRSF100BM+WSLS155YB+SCRN70BM+LSFT220GR,1,15.89,15.89,2026-06-11 14:45:53,amazon Dcvoltage,false
1183508,204-4241255-3133933,AMAZON,B0FPQVSMFT,,LDCWT75B2212,1,8.79,7.32,2026-06-11 15:01:44,amazon Ledsone,false
1183509,026-9946732-8902749,AMAZON,B0DP24XN58,,12UK3P8A,1,20.39,20.39,2026-06-11 15:03:38,amazon Dcvoltage,false
1183512,202-9307496-3437149,AMAZON,B0GR8KX976,,SPPGUK3PBR2PK,1,7.88,4.16,2026-06-11 15:12:43,amazon Ledsone,false
1183514,205-4972669-0920309,AMAZON,B0CQNKMFJH,,PLTFRR+ICST64E2740,1,21.99,21.99,2026-06-11 15:29:25,amazon Dcvoltage,false
1183519,026-0376569-4473913,AMAZON,B0FTL8FBDR,,TSST349131GRHPK,3,177.42,60.82,2026-06-11 15:28:58,amazon Ledsone,false
1183521,204-0315452-0136315,AMAZON,B0D2TGPFLD,,LSCY290RE+RPR44WH,1,15.89,15.89,2026-06-11 15:42:44,amazon Dcvoltage,false
1183523,026-5490404-0545947,AMAZON,B0FVMD24HC,,CERU72350GR,1,9.18,5.24,2026-06-11 15:49:18,amazon Ledsone,false
1183524,203-7316472-1222738,AMAZON,B0C171RZDD,,PSDS2RGR,1,12.88,9.99,2026-06-11 15:46:05,amazon Dcvoltage,false
1183528,205-7774468-7831504,AMAZON,B0FX2SP39V,,LSCYRO200WH2PK+RPR44WH2PK,1,22.89,22.89,2026-06-11 16:02:08,amazon Dcvoltage,false
1183529,203-3617578-8463517,AMAZON,B0D59PXTP8,,WCB1BC2PK+RPR44WH2PK,1,15.89,15.89,2026-06-11 16:04:38,amazon Dcvoltage,false
1183530,203-1787475-9959541,AMAZON,B0GLNBSJMP,,PL4HRR,1,38.69,32.24,2026-06-11 15:58:58,amazon Ledsone,false
1183532,026-4103525-3852333,AMAZON,B0GW8313KY,,LHSWPBB22CH,1,12.78,8.24,2026-06-11 16:05:15,amazon Ledsone,false
1183545,205-8334093-0509123,AMAZON,B0CFHMTJDJ,,CRSF100BM2PK+PHRNWP1RBM2PK+ICST64E272PK,2,55.38,23.08,2026-06-11 16:33:19,amazon Ledsone,false
1183546,026-9956849-3925140,AMAZON,B09644RJ2Q,,CRFF500BM+PHCH1BMRBM3PK+LSCY210BG3PK,1,40.79,40.79,2026-06-11 16:30:39,amazon Dcvoltage,false
1183547,206-1016207-3288364,AMAZON,B0C9TWTCZ8,,LSCY210BG+RPR44WH,1,12.49,12.49,2026-06-11 16:37:44,amazon Dcvoltage,false
1183554,203-0387008-6522765,AMAZON,B0GW83X9F4,,LHSWPBB22GD,1,12.79,9.90,2026-06-11 17:09:17,amazon Dcvoltage,false
1183555,026-3818187-6145960,AMAZON,B0GTYJBGDD,,LDST185E2746PK,1,17.89,14.91,2026-06-11 17:07:58,amazon Ledsone,false
1183563,205-5482241-1441913,AMAZON,B0B7KG1L76,,CRFF105RO,1,11.78,7.41,2026-06-11 17:12:00,amazon Ledsone,false
1183564,026-5975800-2685132,AMAZON,B0DSBP4962,,PLTTBC+LSFT220BC,1,19.79,19.79,2026-06-11 17:14:32,amazon Dcvoltage,false
1183569,205-0324129-2741921,AMAZON,B0F6V9HH23,,ENC685,1,47.06,39.22,2026-06-11 17:25:06,amazon Ledsone,false
1183570,206-7938765-8578707,AMAZON,B0DCG47XRP,,LHTRE27SN2PK,1,14.19,11.82,2026-06-11 17:26:20,amazon Ledsone,false
1183580,204-2130620-1772304,AMAZON,B0D4YNKTQH,,CRFF140BM+WSWH135BM+LSDO210BG,2,30.04,16.69,2026-06-11 17:57:50,amazon Dcvoltage,false
1183582,205-7593908-3200303,AMAZON,B0CP3CZ4TM,,CRFF100CH+PHUP1PCRCH+CNT900CH,2,33.43,18.57,2026-06-11 17:57:09,amazon Dcvoltage,false
1183588,205-0302082-5148332,AMAZON,B0FPQVSMFT,,LDCWT75B2212,1,8.79,7.32,2026-06-11 18:07:44,amazon Ledsone,false
1183595,203-9831029-4203533,AMAZON,B0CBCN1B9S,,CRFF500BM+PHCH1BMRBM3PK+LSCY210BG3PK+ICST64E273PK,1,37.89,31.57,2026-06-11 18:15:24,amazon Ledsone,false
1183596,204-9927194-7764337,AMAZON,B0DH66YMVM,,CL2TRE5PK,1,11.99,11.99,2026-06-11 18:12:24,amazon Dcvoltage,false
1183600,203-9525590-9147538,AMAZON,B0F5B738QG,,WCWYBC2PK,1,11.09,9.24,2026-06-11 18:25:04,amazon Ledsone,false
1183611,204-3805857-8756317,AMAZON,B0DPMQZ1WP,,LSCYRO120GD+RPR44WH,4,59.96,12.49,2026-06-11 18:55:42,amazon Ledsone,false
1183622,205-2382616-5501159,AMAZON,B0D6KMPC9W,,LSCY290GB2PK+RPR44WH2PK,2,62.18,31.09,2026-06-11 19:07:24,amazon Dcvoltage,false
1183625,202-7318913-9828308,AMAZON,B0B9K41YZ7,,CL3TBK5PK,1,13.79,11.49,2026-06-11 19:06:54,amazon Ledsone,false
1183634,203-8338704-1101101,AMAZON,B0GLXHL585,,PLHNBM,3,44.67,12.41,2026-06-11 19:08:56,amazon Ledsone,false
1183637,202-9203235-5283507,AMAZON,B0C9TWTCZ8,,LSCY210BG+RPR44WH,1,12.49,12.49,2026-06-11 19:14:17,amazon Dcvoltage,false
1183646,026-8589641-2202701,AMAZON,B0CCJ4Q33H,,SPSDP3BM5PK,1,11.48,9.57,2026-06-11 19:37:49,amazon Ledsone,false
1183647,203-9156516-2061141,AMAZON,B0CS3M8FP2,,WCB7BC+RPR44WH,1,10.09,10.09,2026-06-11 19:29:26,amazon Dcvoltage,false
1183648,204-6380401-0257168,AMAZON,B0DSC1CVFJ,,LSDO400RE2PK+RPR44WH2PK,2,77.78,38.89,2026-06-11 19:34:44,amazon Dcvoltage,false
1183649,206-1404061-3435544,AMAZON,B08VGQPLWZ,,WCDTGD+RPR44WH,1,10.69,10.69,2026-06-11 19:37:12,amazon Dcvoltage,false
1183651,026-3557196-5332367,AMAZON,B0F8QCBY49,,CERU36200BM,1,4.88,1.66,2026-06-11 19:39:15,amazon Ledsone,false
1183660,202-7095614-7749144,AMAZON,B0BLZFGY38,,LDMG95E274APK,1,27.89,23.24,2026-06-11 19:50:38,amazon Ledsone,false
1183661,205-1813555-6822741,AMAZON,B0C5QLQ3HC,,WCVCRR+RPR44WH,1,10.79,10.79,2026-06-11 19:56:56,amazon Dcvoltage,false
1183662,202-0421273-0940349,AMAZON,B08P5437B1,,PCRNSR,1,5.45,5.45,2026-06-11 19:54:53,amazon SRM Amazon,false
1183667,205-8819333-6492346,AMAZON,B0G39VRZ29,,LSGG200AR+SCRN70FG,1,23.99,19.99,2026-06-11 20:00:09,amazon Ledsone,false
1183673,203-1827351-5092334,AMAZON,B07D3Q8SQ9,,12IP67150,1,18.69,15.57,2026-06-11 20:09:28,amazon Ledsone,false
1183674,203-7675356-1272332,AMAZON,B093T3PN37,,LSDO210BC+RPR44WH,1,11.89,9.91,2026-06-11 20:05:40,amazon Ledsone,false
1183675,203-3189595-1582722,AMAZON,B0CCD4KL94,,ENC5267,1,17.89,14.91,2026-06-11 20:12:48,amazon Ledsone,false
1183681,206-1099086-0308361,AMAZON,B0CCJ57823,,SPSDP3BM3PK,1,10.09,8.41,2026-06-11 20:19:34,amazon Ledsone,false
1183682,202-5768048-2078759,AMAZON,B0CNJX1DV8,,WCB7WH+RPR44WH,1,10.89,10.89,2026-06-11 20:29:21,amazon Dcvoltage,false
1183689,204-6166312-0447503,AMAZON,B0DX6WHN2Q,,CENU50300WH,1,6.38,2.57,2026-06-11 20:34:44,amazon Ledsone,false
1183690,026-0624419-4642766,AMAZON,B0CM2RZNHV,,WCDTGD+RPR44WH,1,12.69,12.69,2026-06-11 20:39:50,amazon Dcvoltage,false
1183697,204-3464490-5695525,AMAZON,B0F29P1SH6,,CERU36150GR,1,4.58,1.41,2026-06-11 20:39:58,amazon Ledsone,false
1183698,026-8630176-5660318,AMAZON,B0CKQS1ZV3,,CRSF2003BC,1,10.09,8.41,2026-06-11 20:44:10,amazon Ledsone,false
1183699,204-1782475-0828308,AMAZON,B0D7S35MGY,,LSMS320GR+RPR44WH,2,29.98,12.49,2026-06-11 20:43:11,amazon Ledsone,false
1183701,202-8302846-5145963,AMAZON,B09YYRV477,,PLADBM+LSDO210BG3PK,1,47.89,47.89,2026-06-11 20:44:34,amazon Dcvoltage,false
1183709,204-0100086-7473902,AMAZON,B0DBYZMD44,,LDSHEAE2742PK,1,15.29,12.74,2026-06-11 20:53:24,amazon Ledsone,false
1183710,202-5522885-5368358,AMAZON,B0D7944QDY,,WCB6BM2PK+RPR44WH2PK,1,16.49,13.74,2026-06-11 20:54:34,amazon Ledsone,false
1183711,202-7160317-2077923,AMAZON,B07VVCDNS2,,CRSF100BM+PHHT1PBRFG+CNT900BM,1,13.69,13.69,2026-06-11 20:57:47,amazon Dcvoltage,false
1183714,026-7658445-6057937,AMAZON,B07DK4TWLQ,,LDMG95E274,1,9.08,6.19,2026-06-11 21:02:17,amazon Dcvoltage,false
1183715,204-4752216-6409121,AMAZON,B0CGRJ1V8L,,TPOSBDBM,1,25.89,25.89,2026-06-11 21:03:27,amazon Dcvoltage,false
1183716,026-8496918-3730715,AMAZON,B0DH64T3YC,,CL2TIVAPK,1,19.99,19.99,2026-06-11 21:06:26,amazon Dcvoltage,false
1183717,203-3908695-8892300,AMAZON,B0CK4CZRDZ,,LSMCSPSQMC+RPM40WH,1,22.99,19.16,2026-06-11 21:05:04,amazon Ledsone,false
1183720,206-0153101-5705176,AMAZON,B0FW4LDJJX,,LSCYRO200GD,2,24.82,12.41,2026-06-11 21:05:50,amazon Ledsone,false
1183721,206-0153101-5705176,AMAZON,B0FW4PD16T,,LSCYRO300GD,1,14.07,14.07,2026-06-11 21:05:50,amazon Ledsone,false
1183722,202-2197980-2149144,AMAZON,B0F9WZ5R9L,,LSFT220GB+RPR44WH,1,10.89,9.07,2026-06-11 21:17:48,amazon Ledsone,false
1183740,026-6133386-8825165,AMAZON,B0D8L1HQXM,,RWWPSY0660YE,1,5.97,2.99,2026-06-11 21:53:11,amazon Dcvoltage,false
1183741,202-3202414-9424361,AMAZON,B08XWSBPHW,,WCB1BM+RPR44WH,1,9.99,9.99,2026-06-11 21:55:23,amazon Dcvoltage,false
1183742,026-0917880-3453912,AMAZON,B0DTHKSHFY,,WCB7BS3PK+RPR44WH3PK,1,23.49,23.49,2026-06-11 21:56:56,amazon Dcvoltage,false
1183743,026-0370686-4053129,AMAZON,B0CFHKYH59,,CRSF100BM2PK+PHRNWP1RBM2PK,1,20.09,16.74,2026-06-11 21:53:52,amazon Ledsone,false
1183753,026-6338355-6854720,AMAZON,B07PM4FHXP,,CL3TLBAPK,1,20.89,20.89,2026-06-11 22:02:42,amazon Dcvoltage,false
1183756,205-6104101-7261107,AMAZON,B09GVPQB5S,,CRSF100BM+WSHR135BM+LSDM220YB+ICST64E27,2,43.78,21.89,2026-06-11 22:27:58,amazon Dcvoltage,false
1183757,202-6087909-2024321,AMAZON,B0DMDVX4S7,,ENC9313,1,27.89,23.24,2026-06-11 22:25:17,amazon Ledsone,false
1183760,204-8995321-0437956,AMAZON,B0CNQ1Q3BJ,,LDMG125E278,2,16.38,8.19,2026-06-11 22:42:04,amazon Dcvoltage,false
1183765,206-5928816-1601955,AMAZON,B0FLXLTM46,,CRSF100BM+PHMH1HERCO,2,17.98,8.99,2026-06-11 23:20:08,amazon SRM Amazon,false
1183766,204-4892661-0323522,AMAZON,B08SHV91ZW,,CRFF100GB+PHUP1PBRGB+CNT900GB,1,11.99,11.99,2026-06-11 23:30:07,amazon Dcvoltage,false
1183768,206-1904537-1501914,AMAZON,B0CKQSMQVC,,CRSF2003BB,1,10.09,8.41,2026-06-11 23:35:51,amazon Ledsone,false
1183769,026-3075419-5835554,AMAZON,B0FB3WTV46,,LDMC35E1442PK,1,12.78,8.24,2026-06-11 23:50:02,amazon Ledsone,false
1183772,202-2653130-6451519,AMAZON,B0C9TY8GWK,,LSCY210BC+RPR44WH,1,10.89,10.89,2026-06-12 00:12:45,amazon Dcvoltage,false
1183775,204-2953921-4495541,AMAZON,B0G39VRZ29,,LSGG200AR+SCRN70FG,1,23.99,19.99,2026-06-12 00:50:04,amazon Ledsone,false
1183777,202-2388270-9117937,AMAZON,B0DH4KYFPD,,WCDTBM2PK+RPR44WH2PK,1,18.29,15.24,2026-06-12 00:59:25,amazon Ledsone,false
1183778,205-6926565-2458725,AMAZON,B0DFBTNZBC,,WCDTWH3PK+RPR44WH3PK,1,22.39,22.39,2026-06-12 00:59:32,amazon Dcvoltage,false
1183779,203-7007170-9191560,AMAZON,B0C8NJDTJS,,WCDCBM+RPR44WH,1,10.07,8.39,2026-06-12 01:37:44,amazon Ledsone,false
1183780,205-2420828-4378740,AMAZON,B08VGQPLWZ,,WCDTGD+RPR44WH,1,15.69,10.69,2026-06-12 01:32:14,amazon Dcvoltage,false
1183783,026-4859995-3058716,AMAZON,B0D8YHX5YL,,LSCY210BC2PK+RPR44WH2PK,1,23.89,19.91,2026-06-12 01:50:07,amazon Ledsone,false
1183784,202-9349808-2439523,AMAZON,B0FX2QT3B1,,LSCYRO300GD2PK+RPR44WH2PK,1,28.89,28.89,2026-06-12 01:49:18,amazon Dcvoltage,false
1183785,206-8634366-6001130,AMAZON,B086385W3W,,PHSF1BRTCO2PK,1,18.89,15.74,2026-06-12 02:44:38,amazon Ledsone,false
1183788,202-9324903-0377956,AMAZON,B08VGMNGYN,,LSCY290YB+RPR44WH,2,35.78,17.89,2026-06-12 03:36:51,amazon Dcvoltage,false
1183792,205-1126775-0091500,AMAZON,B0DZNTYRW4,,CGROYBAPK,3,12.37,3.36,2026-06-12 03:58:57,amazon SRM Amazon,false
1183832,026-6222425-6551539,AMAZON,B08FXSCF48,,LSFT220BL+RPR44WH,1,10.79,10.79,2026-06-12 05:25:19,amazon Dcvoltage,false
1183840,202-7938820-4143556,AMAZON,B0FX2SZFZM,,LSCYRO300BM2PK+RPR44WH2PK,1,31.18,28.89,2026-06-12 06:17:58,amazon Dcvoltage,false
1183849,204-0647049-4642735,AMAZON,B0GP771MFX,,LHPVHRE27WH2PK,1,9.88,5.82,2026-06-12 06:25:57,amazon Ledsone,false
1183855,203-8641396-8657115,AMAZON,B0DZNLF6LK,,RWWPSY10GY,1,2.07,2.07,2026-06-12 06:39:33,amazon Ledsone,false
1183856,203-8641396-8657115,AMAZON,B0DZNQCJX5,,RWWPSY08GY,1,1.58,1.58,2026-06-12 06:39:33,amazon Ledsone,false
1183857,203-8641396-8657115,AMAZON,B0DZNJDHCQ,,RWWPSY12GY,1,1.74,1.74,2026-06-12 06:39:33,amazon Ledsone,false
1183865,205-1623743-1141955,AMAZON,B09477YHK7,,LDMG95E278APK,1,35.19,29.32,2026-06-12 07:09:41,amazon Ledsone,false
1183870,204-0842266-0871505,AMAZON,B0G7CBNVMV,,12UK3P5A+SLW8,1,13.17,13.17,2026-06-12 07:35:09,amazon Dcvoltage,false
1183871,206-9223247-0377959,AMAZON,B0FVXRF3ZB,,WCBCFRO2PK+RPR44WH2PK,1,20.89,20.89,2026-06-12 07:36:06,amazon Dcvoltage,false
1183872,206-4396596-9585148,AMAZON,B0FB41DWMV,,LDMC35E1446PK,2,36.52,16.91,2026-06-12 07:29:26,amazon Ledsone,false
1183873,203-1484298-4937947,AMAZON,B0FNN717PN,,CRSF1203BM+PHRN2PCRBM3PK,1,24.59,20.49,2026-06-12 07:31:49,amazon Ledsone,false
1183877,205-1409555-5290704,AMAZON,B0D6NBRV3X,,COY9ABM3PK,1,18.49,18.49,2026-06-12 07:39:22,amazon Dcvoltage,false
1183881,204-7095542-9737900,AMAZON,B09MWJMZDV,,ENC2226,1,30.59,27.41,2026-06-12 07:49:47,amazon Ledsone,false
1183882,206-8772149-9511538,AMAZON,B09Z6P9DCZ,,LDCWB225,3,21.46,5.16,2026-06-12 08:04:00,amazon Ledsone,false
1183883,202-9110646-6655531,AMAZON,B08XBXG4DR,,CRSF100WH+LHTTE27WH,2,21.78,10.89,2026-06-12 08:00:00,amazon Dcvoltage,false
1183892,202-7073827-3837101,AMAZON,B0DX6WHN2Q,,CENU50300WH,1,2.57,2.57,2026-06-12 08:30:39,amazon Ledsone,false
1183893,202-7073827-3837101,AMAZON,B0DX6NBT9P,,CENU19150WH,1,0.91,0.91,2026-06-12 08:30:39,amazon Ledsone,false
1183894,206-4678697-8895530,AMAZON,B0D4YG1QFJ,,LDMG95E2783PK,1,12.19,12.19,2026-06-12 08:34:56,amazon Dcvoltage,false
1183900,205-1066089-4400326,AMAZON,B0F9YNBRZD,,LSMS320BG+RPR44WH,1,16.89,14.07,2026-06-12 08:43:58,amazon Ledsone,false
1183915,205-4877598-0414740,AMAZON,B0DBYZMD44,,LDSHEAE2742PK,1,15.29,12.74,2026-06-12 09:01:14,amazon Ledsone,false
1183917,203-2006822-6968310,AMAZON,B091B7NP2G,,LSMCSPDRFL+RPM40WH,1,24.99,24.99,2026-06-12 09:13:20,amazon Dcvoltage,false
1183918,203-8609473-0591509,AMAZON,B08WJHR3FD,,CRSF100YB+LHNSE27YB+LSRP260YB,1,26.29,26.29,2026-06-12 09:15:20,amazon Dcvoltage,false
1183933,202-0748617-9252335,AMAZON,B0FY2HP9LJ,,PHUH0.5HETBM,2,21.98,9.16,2026-06-12 09:45:34,amazon Ledsone,false
1183939,205-1969235-9165901,AMAZON,B08NXQTWGB,,LSFT220GB+RPR44WH,2,21.58,10.79,2026-06-12 09:57:05,amazon SRM Amazon,false
1183943,206-3043402-5143554,AMAZON,B0CVB3QXC4,,PHSF1GDTFG+ICST64E27,1,14.99,14.99,2026-06-12 09:59:21,amazon SRM Amazon,false
1183944,204-2020608-5547505,AMAZON,B08QR6YKFV,,ENC614,1,39.89,39.89,2026-06-12 10:05:32,amazon Dcvoltage,false
1183946,026-6014449-6737925,AMAZON,B0CNXL9YDM,,CL3TGL3PK,2,12.27,4.49,2026-06-12 10:16:38,amazon Dcvoltage,false
1183954,203-0161468-1464332,AMAZON,B0DH63TD9T,,CL2TBK5PK,1,11.99,11.99,2026-06-12 10:31:22,amazon Dcvoltage,false
1183955,203-3823758-5661905,AMAZON,B0FQVCJCKP,,ENC9107,2,50.20,27.89,2026-06-12 10:33:52,amazon Dcvoltage,false
1183956,026-5600824-6609147,AMAZON,B0FN7JRXT5,,CRSF100SN+LHNSE27SN+ICST64E27,1,15.99,15.99,2026-06-12 10:38:27,amazon SRM Amazon,false
1183974,203-4182599-3842731,AMAZON,B0FX2SZFZM,,LSCYRO300BM2PK+RPR44WH2PK,1,28.89,28.89,2026-06-12 10:41:14,amazon Dcvoltage,false
1183975,203-4182599-3842731,AMAZON,B0FX2QT3B1,,LSCYRO300GD2PK+RPR44WH2PK,1,28.89,28.89,2026-06-12 10:41:14,amazon Dcvoltage,false
1183977,202-3286077-5692316,AMAZON,B0DHLDR6GQ,,LSCO335WH2PK+RPR44WH2PK,1,27.49,22.91,2026-06-12 10:41:03,amazon Ledsone,false
1183978,202-7535628-9509107,AMAZON,B0FB41DWMV,,LDMC35E1446PK,1,20.29,16.91,2026-06-12 10:48:17,amazon Ledsone,false
1183987,203-2735141-6338731,AMAZON,B0CGZSD2RV,,LSMCSPFLMC2PK+RPM40WH2PK,1,45.89,38.24,2026-06-12 10:50:56,amazon Ledsone,false
1183992,205-5041478-0557916,AMAZON,B08QRZQ1QB,,CL2TCR5PK,1,14.89,14.89,2026-06-12 11:06:38,amazon SRM Amazon,false
1183994,206-2371484-8759503,AMAZON,B08XBYXQC6,,CL3TBRAPK,1,19.99,19.99,2026-06-12 11:06:16,amazon Dcvoltage,false
1183996,204-3061738-4844325,AMAZON,B0DTHKSHFY,,WCB7BS3PK+RPR44WH3PK,2,46.98,23.49,2026-06-12 11:14:43,amazon Dcvoltage,false
1184021,206-4790107-8021160,AMAZON,B0B9Y5MRSK,,CL3TGD5PK,1,13.79,11.49,2026-06-12 11:20:28,amazon Ledsone,false
1184023,206-3855038-8685927,AMAZON,B0DH9D59PT,,CL3TAG5PK,2,23.98,11.99,2026-06-12 11:18:00,amazon Dcvoltage,false
1184028,205-4363995-5740315,AMAZON,B0F8QCBY49,,CERU36200BM,1,4.88,1.66,2026-06-12 11:30:34,amazon Ledsone,false
1184029,026-2387223-3685925,AMAZON,B0D9RXR2CM,,WCDTGD3PK+RPR44WH3PK,1,24.89,20.74,2026-06-12 11:32:21,amazon Ledsone,false
1184053,205-5006807-4095509,AMAZON,B0DXQ8X5GT,,LSCY290GC2PK+RPR44WH2PK,1,25.89,21.57,2026-06-12 12:09:11,amazon Ledsone,false
1184057,204-0736703-4557153,AMAZON,B0DH8XKTL8,,CL3TBK3PK,1,12.43,8.99,2026-06-12 12:25:40,amazon Dcvoltage,false
1184060,205-7545464-3769160,AMAZON,B0C4HCZ57T,,LSCY210BG+RPR44WH,1,12.49,10.41,2026-06-12 12:32:33,amazon Ledsone,false
1184061,202-5172792-9409967,AMAZON,B0CNQ1Q3BJ,,LDMG125E278,2,16.38,8.19,2026-06-12 12:30:46,amazon Dcvoltage,false
1184064,203-5272751-5303510,AMAZON,B08VGQPLWZ,,WCDTGD+RPR44WH,1,15.69,10.69,2026-06-12 12:44:31,amazon Dcvoltage,false
1184065,206-0006623-1369168,AMAZON,B0FX2SZFZM,,LSCYRO300BM2PK+RPR44WH2PK,1,28.89,28.89,2026-06-12 12:38:07,amazon Dcvoltage,false
1184075,026-2942810-2645146,AMAZON,B0C5QQW97C,,WCVCWH+RPR44WH,1,10.29,10.29,2026-06-12 12:53:43,amazon Dcvoltage,false
1184084,026-1780063-6373151,AMAZON,B0D4QRCHRK,,CSBEB6BL+CSBEB6PI,1,10.48,7.59,2026-06-12 13:10:56,amazon Dcvoltage,false
1184085,026-6870754-9875562,AMAZON,B0CHRVWSBM,,CL3RBM5PK,1,12.99,10.82,2026-06-12 13:12:33,amazon Ledsone,false
1184086,202-0456233-5039500,AMAZON,B0C2Q2Y72W,,CRSF100WH+PHRB1PBRWH+CGWDWO+LSWE315BL,1,20.89,17.41,2026-06-12 13:18:57,amazon Ledsone,false
1184090,204-3284027-5565102,AMAZON,B0D675MX2L,,SPSDP2WH3PK,1,14.39,14.39,2026-06-12 13:19:33,amazon Dcvoltage,false
1184091,204-6094098-9665931,AMAZON,B0DH9BZVRP,,CL3TBR5PK,1,11.99,11.99,2026-06-12 13:27:58,amazon Dcvoltage,false
1184101,205-4292578-0665912,AMAZON,B0CXSS7XYX,,LSCY290WH2PK+RPR44WH2PK,1,26.35,26.35,2026-06-12 13:35:07,amazon Dcvoltage,false
1184106,204-8975109-3511569,AMAZON,B0B9Y5MRSK,,CL3TGD5PK,1,13.79,11.49,2026-06-12 13:38:33,amazon Ledsone,false
1184108,206-4010897-7737110,AMAZON,B0DCKWL469,,STFG4845WH,1,6.38,2.91,2026-06-12 13:47:39,amazon Ledsone,false
1184109,204-8049085-5485108,AMAZON,B0F9YNBRZD,,LSMS320BG+RPR44WH,2,33.78,14.08,2026-06-12 13:46:14,amazon Ledsone,false
1184110,205-3919150-9513144,AMAZON,B0C9TWTCZ8,,LSCY210BG+RPR44WH,1,12.49,12.49,2026-06-12 13:56:40,amazon Dcvoltage,false
1184111,205-0076923-5250726,AMAZON,B0CS9Q78XH,,LSCY210BG2PK+RPR44WH2PK,1,23.49,23.49,2026-06-12 13:51:30,amazon Dcvoltage,false
1184112,202-9252480-8053964,AMAZON,B0DXQ7YWGJ,,LSCY290YB2PK+RPR44WH2PK,1,27.89,23.24,2026-06-12 13:54:11,amazon Ledsone,false
1184125,026-3563716-0488354,AMAZON,B0CVMX2MY5,,RWWPSYBF50GY,1,5.47,2.49,2026-06-12 14:33:20,amazon Dcvoltage,false
1184130,204-8217665-6717947,AMAZON,B0F1D2YMJS,,RWWPSY12GY,1,5.38,2.49,2026-06-12 14:43:32,amazon Dcvoltage,false
1184131,204-4537930-3793957,AMAZON,B0G2L35YZ5,,ENC7764,1,28.89,24.07,2026-06-12 14:40:09,amazon Ledsone,false
1184132,204-0869087-3833946,AMAZON,B0CTCN4DGB,,CRSF100GB+CL3TBR+LHSHE27GB,1,13.89,11.57,2026-06-12 14:41:46,amazon Ledsone,false
1184137,202-1156111-1316315,AMAZON,B0DP24V286,,12UK3P2A,10,80.00,8.00,2026-06-12 14:53:35,amazon Dcvoltage,false
1184141,205-0445040-1710742,AMAZON,B0DFHQGPZP,,LSCY290GR+RPR44WH,1,15.89,15.89,2026-06-12 15:03:39,amazon Dcvoltage,false
1184145,206-9153333-3569158,AMAZON,B0DX19J4S2,,LHSHE27CO2PK,1,10.89,10.89,2026-06-12 15:18:28,amazon SRM Amazon,false
1184147,206-8390067-0615505,AMAZON,B08V945WZ5,,WCB7BC+RPR44WH,1,11.78,8.89,2026-06-12 15:23:20,amazon Dcvoltage,false
1184151,204-5365713-1781148,AMAZON,B08XNQK665,,LSSS300GR+RPR44WH,3,40.47,13.49,2026-06-12 15:31:32,amazon Dcvoltage,false
1184153,206-7665433-9589143,AMAZON,B0DSBPHK7T,,PLTTBC+LSFT220BC,1,19.79,16.49,2026-06-12 15:42:03,amazon Ledsone,false
1184157,202-6612417-3289938,AMAZON,B0DX6BP7GV,,CENU46450WH,1,7.18,3.24,2026-06-12 15:51:42,amazon Ledsone,false
1184160,203-1369077-1607504,AMAZON,B0DH9BRNQ7,,CL3THE3PK,1,11.28,7.99,2026-06-12 15:49:18,amazon Dcvoltage,false
1184165,204-3764021-2165949,AMAZON,B0GR8KX976,,SPPGUK3PBR2PK,1,7.88,4.16,2026-06-12 16:01:34,amazon Ledsone,false
1184166,203-2807723-2365915,AMAZON,B0DZ1Z3277,,RWWPSY0640YE2PK,1,10.98,9.15,2026-06-12 16:05:10,amazon Ledsone,false
1184168,202-3807999-6454713,AMAZON,B0FY2HP9LJ,,PHUH0.5HETBM,1,10.99,9.16,2026-06-12 16:12:59,amazon Ledsone,false
1184169,203-1235809-7363524,AMAZON,B0CNPZHQPW,,LDMG80B224,1,6.99,6.99,2026-06-12 16:14:45,amazon Dcvoltage,false
1184177,206-8858189-7567503,AMAZON,B0FPWVFF9W,,LDCWA60HE27126PK,1,10.38,6.24,2026-06-12 16:34:55,amazon Ledsone,false
1184186,203-6026334-9046724,AMAZON,B0CVL1PQMQ,,LSTF400GY2PK+RPR44WH2PK,1,29.89,24.91,2026-06-12 16:40:22,amazon Ledsone,false
1184197,204-5800762-7409101,AMAZON,B0CTC9YQ9S,,ENC4085,2,50.20,27.89,2026-06-12 16:57:07,amazon Dcvoltage,false
1184199,205-7054016-0565164,AMAZON,B0BL7LZR24,,LDMT45E2746PK,1,20.79,17.32,2026-06-12 16:55:46,amazon Ledsone,false
1184204,026-6484686-8394731,AMAZON,B0D97YV7TB,,WCWDBM2PK+RPR44WH2PK,1,16.29,13.57,2026-06-12 17:03:12,amazon Ledsone,false
1184209,204-5729480-0739552,AMAZON,B0CN376GSP,,CRSF1202BM+PHHT2PBRBM2PK+SPUPBM2PK,1,19.89,16.57,2026-06-12 17:13:13,amazon Ledsone,false
1184210,206-6952587-5724309,AMAZON,B0DF7BD73R,,CRSF100BM+PHRYWP1RBM,3,35.67,9.91,2026-06-12 17:15:29,amazon Ledsone,false
1184220,202-8546966-8176331,AMAZON,B0CPDPWLV4,,WJB2,1,5.89,3.00,2026-06-12 17:22:16,amazon Dcvoltage,false
1184221,202-8870642-5404317,AMAZON,B0CNQ1Q3BJ,,LDMG125E278,1,8.19,8.19,2026-06-12 17:22:45,amazon Dcvoltage,false
1184222,202-8558826-1911513,AMAZON,B09M42QJCS,,LDMG125E2785PK,1,23.89,23.89,2026-06-12 17:22:45,amazon Dcvoltage,false
1184223,206-5586050-1682747,AMAZON,B09M42QJCS,,LDMG125E2785PK,1,23.89,23.89,2026-06-12 17:28:06,amazon Dcvoltage,false
1184224,204-6509156-4367524,AMAZON,B0CV5D5D6G,,LDSSTRE2742PK,1,13.49,13.49,2026-06-12 17:20:27,amazon Ledsone,false
1184225,204-6509156-4367524,AMAZON,B0CV5DK5NC,,LDSG125LOE2742PK,1,14.91,14.91,2026-06-12 17:20:27,amazon Ledsone,false
1184226,202-8587316-1497129,AMAZON,B0GTYJBGDD,,LDST185E2746PK,1,17.89,14.91,2026-06-12 17:26:51,amazon Ledsone,false
1184228,026-4911272-2009933,AMAZON,B0D5QZ5D6Y,,LSMCSQWYRE2PK+RPM40WH2PK,1,36.89,36.89,2026-06-12 17:37:32,amazon Dcvoltage,false
1184234,206-4736411-9840349,AMAZON,B0CDLX5XG2,,WLRPE27BM2PK+LDA60E278WW2PK,1,42.79,35.66,2026-06-12 17:40:43,amazon Ledsone,false
1184235,202-2876740-8247541,AMAZON,B0DZNQCJX5,,RWWPSY08GY,1,4.78,1.57,2026-06-12 17:41:34,amazon Ledsone,false
1184236,204-3372193-6723547,AMAZON,B0CHRVWSBM,,CL3RBM5PK,1,12.99,10.82,2026-06-12 17:46:23,amazon Ledsone,false
1184237,203-7667944-1452322,AMAZON,B0CGRQ5Z4T,,CRSF100BM2PK+PHRYWP1RBM2PK,1,20.69,17.24,2026-06-12 17:45:23,amazon Ledsone,false
1184239,203-8233470-2342720,AMAZON,B0F24DF4JP,,CGCEGBAPK,1,10.78,6.24,2026-06-12 17:53:47,amazon Ledsone,false
1184240,203-7046390-7917963,AMAZON,B0DZNTYRW4,,CGROYBAPK,2,9.27,3.49,2026-06-12 17:53:47,amazon SRM Amazon,false
1184245,203-8417070-5330723,AMAZON,B0GR8KX976,,SPPGUK3PBR2PK,1,7.88,4.16,2026-06-12 18:11:09,amazon Ledsone,false
1184252,203-7735441-5293959,AMAZON,B0DBZPLK3L,,CL3RYE5PK,1,11.99,11.99,2026-06-12 18:22:07,amazon SRM Amazon,false
1184253,203-7766668-0306763,AMAZON,B0FX2QT3B1,,LSCYRO300GD2PK+RPR44WH2PK,1,28.89,28.89,2026-06-12 18:23:18,amazon Dcvoltage,false
1184261,026-8751586-2770758,AMAZON,B0GSR7F4JR,,LHXBTF40E27BM,1,5.98,2.57,2026-06-12 18:39:11,amazon Ledsone,false
1184262,205-9183653-5457966,AMAZON,B083XHSX6F,,CL2TGD,1,7.98,4.24,2026-06-12 18:42:58,amazon Ledsone,false
1184263,203-5410832-0814714,AMAZON,B0D7MSLPL3,,CRFF105CH2PK,1,13.89,11.57,2026-06-12 18:43:18,amazon Ledsone,false
1184264,204-9541156-0636317,AMAZON,B0GLGGJD2R,,LSGLFP245GR+RPM40WH,1,19.89,19.89,2026-06-12 18:44:02,amazon Dcvoltage,false
1184265,026-4523505-8093952,AMAZON,B08XBXG4DR,,CRSF100WH+LHTTE27WH,1,10.89,10.89,2026-06-12 18:49:17,amazon Dcvoltage,false
1184271,202-5070646-7401922,AMAZON,B0BBS3NXFM,,CL3TBRAPK,1,21.89,18.24,2026-06-12 18:56:29,amazon Ledsone,false
1184272,203-6278425-4174754,AMAZON,B08XB9VQZ3,,PSDS2BMRBU,2,23.98,11.99,2026-06-12 19:02:40,amazon Dcvoltage,false
1184274,205-6518225-8855544,AMAZON,B083YRJCMX,,CRFF100FG+LHNSE27FG+SCRN70FG+LSFT220FG,1,24.89,24.89,2026-06-12 19:27:18,amazon Dcvoltage,false
1184275,205-0173238-4041956,AMAZON,B09JM3PLLH,,LDSG125LOE274,1,10.19,8.49,2026-06-12 19:26:56,amazon Ledsone,false
1184277,026-5335432-0382741,AMAZON,B0CXSXN4KX,,LSMS320BI2PK+RPR44WH2PK,1,27.09,27.09,2026-06-12 19:32:51,amazon Dcvoltage,false
1184278,205-5264574-2024354,AMAZON,B0CG61V914,,LSCY290RR2PK+RPR44WH2PK,1,28.89,28.89,2026-06-12 19:27:58,amazon Dcvoltage,false
1184279,203-1563883-8946700,AMAZON,B0G49CBSQ3,,WCCYSP180BM2PK+RPR44WH2PK,1,23.89,19.91,2026-06-12 19:33:29,amazon Ledsone,false
1184280,206-1610654-3437110,AMAZON,B0B9KFV1PH,,CL3TGL5PK,1,15.79,13.16,2026-06-12 19:39:11,amazon Ledsone,false
1184285,026-8137261-4167525,AMAZON,B0BW4PW866,,LSLT360GY+RPR44WH,1,13.89,13.89,2026-06-12 19:54:35,amazon Dcvoltage,false
1184286,205-3473806-3141900,AMAZON,B0DBVRR8X3,,ENC7545,1,30.79,25.66,2026-06-12 19:50:58,amazon Ledsone,false
1184289,026-6979324-6793130,AMAZON,B0CLGXC7ZP,,PHSF2GDTYB,1,14.89,12.41,2026-06-12 20:03:23,amazon Ledsone,false
1184305,203-1727340-1545920,AMAZON,B0F9X3DK6V,,LSFT220BR+RPR44WH,1,10.89,9.07,2026-06-12 20:35:08,amazon Ledsone,false
1184313,204-9738230-3825146,AMAZON,B0CG1VJLT9,,CRFF108CO2PK+LHTKE27CO2PK,2,36.58,15.24,2026-06-12 20:48:08,amazon Ledsone,false
1184316,202-2010233-7145964,AMAZON,B0F2HHRGLQ,,PLWLBC,3,45.84,15.28,2026-06-12 20:54:39,amazon Dcvoltage,false
1184317,203-1529807-7756368,AMAZON,B0DXQ53JQF,,LSCY290CH2PK+RPR44WH2PK,1,29.89,24.91,2026-06-12 20:53:52,amazon Ledsone,false
1184322,026-1317080-5399514,AMAZON,B08KG9554K,,CL2RHEAPK,1,17.89,17.89,2026-06-12 21:03:23,amazon Dcvoltage,false
1184327,204-7253213-1747542,AMAZON,B0D9RX7Q8J,,CRSF100CH3PK,1,13.24,13.24,2026-06-12 21:12:56,amazon Ledsone,false
1184328,204-7253213-1747542,AMAZON,B0B7196F29,,CRSF100CH,1,4.99,4.99,2026-06-12 21:12:56,amazon Ledsone,false
1184332,205-1197682-6796369,AMAZON,B0G49CBSQ3,,WCCYSP180BM2PK+RPR44WH2PK,1,23.89,19.91,2026-06-12 21:29:49,amazon Ledsone,false
1184333,026-6748063-6149163,AMAZON,B0D8YMGWWP,,CRSF100BM+WSCH135BM+LSDO210BG,2,35.98,14.99,2026-06-12 21:30:03,amazon Ledsone,false
1184334,206-7186702-1178740,AMAZON,B0D9RXDDRM,,CRSF100CH2PK,1,10.89,9.07,2026-06-12 21:34:21,amazon Ledsone,false
1184340,205-1218117-7726754,AMAZON,B0DRP5RHMG,,LHSHE27WH2PK,2,21.78,10.89,2026-06-12 21:47:33,amazon SRM Amazon,false
1184341,202-9254669-3910721,AMAZON,B0DBV1PXNS,,LDSG125LOE2743PK,1,22.89,19.07,2026-06-12 21:42:05,amazon Ledsone,false
1184342,205-7231869-8968366,AMAZON,B0DBV9CLPW,,LDSG125MUE274,1,8.74,8.74,2026-06-12 21:43:54,amazon Ledsone,false
1184343,205-7231869-8968366,AMAZON,B0B8VVQSNV,,LDSG125LOE274,1,7.49,7.49,2026-06-12 21:43:54,amazon Ledsone,false
1184345,026-8190710-0794723,AMAZON,B08V5MK449,,CRSF100BM+PHCH1BMRBM+LSCY290BM,1,21.89,21.89,2026-06-12 21:58:07,amazon Dcvoltage,false
1184347,203-3291706-0236312,AMAZON,B0CCJ2F63N,,SPSDP3YB5PK,1,12.09,10.07,2026-06-12 22:00:44,amazon Ledsone,false
1184349,204-7399700-0721959,AMAZON,B09C2BVT3H,,WSFH1BMYB+PSDS2RBR+SCRN70BM+LSFT220YE,1,22.49,18.74,2026-06-12 22:15:03,amazon Ledsone,false
1184352,204-1969084-5677937,AMAZON,B083XST3WZ,,CL2TBR3PK,1,8.98,5.07,2026-06-12 22:47:13,amazon Ledsone,false
1184353,202-3338715-6517925,AMAZON,B0GTMQW1WF,,LSGL15014CL3PK+RPM40WH3PK,1,25.89,21.57,2026-06-12 22:35:39,amazon Ledsone,false
1184359,026-8542917-3244301,AMAZON,B0F2FDYS4Q,,LSMS320OR+RPR44WH,1,14.99,12.49,2026-06-12 22:55:50,amazon Ledsone,false
1184360,026-5129777-4427531,AMAZON,B0GSFB5MT6,,LSGLULCL+RPM40WH,2,25.78,12.89,2026-06-12 23:06:19,amazon Dcvoltage,false
1184362,204-0925631-4125130,AMAZON,B08S7G6YWN,,ENC809,1,76.89,76.89,2026-06-12 23:13:58,amazon SRM Amazon,false
1184366,026-1919255-1022762,AMAZON,B0F9YQJN3N,,LSMS320YE+RPR44WH,1,14.99,12.49,2026-06-12 23:22:06,amazon Ledsone,false
1184368,026-6931713-8209104,AMAZON,B0C39491SD,,PHCT1BMRBM+PHBA1BMRBM+LSLT360BC,1,24.99,24.99,2026-06-12 23:40:11,amazon Dcvoltage,false
1184370,205-4041743-9445157,AMAZON,B0D73KRWF7,,LDMT185B2245PK,1,16.89,16.89,2026-06-13 00:29:27,amazon Dcvoltage,false
1184390,204-2546300-6431550,AMAZON,B0DX6NBT9P,,CENU19150WH,1,4.38,0.91,2026-06-13 06:07:50,amazon Ledsone,false
1184392,203-0009534-2726735,AMAZON,B07CVCT7XN,,LDMG95E278,2,13.98,6.99,2026-06-13 06:20:33,amazon Dcvoltage,false
1184403,206-7494185-1550752,AMAZON,B0DD74QC3F,,CL2RWH2PK,1,6.67,3.15,2026-06-13 07:28:14,amazon Ledsone,false
1184405,204-8877445-1806730,AMAZON,B07F9HBHVY,,LDMT45E274,3,17.67,5.89,2026-06-13 07:29:44,amazon Dcvoltage,false
1184407,205-2409229-7038706,AMAZON,B0GP7TLRLZ,,LHPVHRE27WH6PK,1,12.89,10.74,2026-06-13 07:40:00,amazon Ledsone,false
1184410,204-2163121-3043517,AMAZON,B0B77KX4P8,,CRFF108BM2PK+HK10BM2PK,1,13.64,11.37,2026-06-13 07:55:48,amazon Ledsone,false
1184437,026-2121150-7578725,AMAZON,B0GCZG4XFD,,CRSF120WH,1,8.78,4.91,2026-06-13 09:11:38,amazon Ledsone,false
1184439,026-7302400-2089101,AMAZON,B0DQD9ZLBB,,PHSF1BRTCO3PK,2,51.68,23.93,2026-06-13 09:14:10,amazon Ledsone,false
1184446,203-8214378-7241966,AMAZON,B0GQ48BNBZ,,LSGLSC115AR+RPM40WH,1,11.89,11.89,2026-06-13 08:18:30,amazon Dcvoltage,false
1184447,205-0375919-3078720,AMAZON,B0F1D3FS5C,,RWWPSY0660YE,1,5.88,2.99,2026-06-13 09:34:00,amazon Dcvoltage,false
1184448,203-4725523-0116356,AMAZON,B0FVXMYKCV,,WCIR300BM2PK+RPR44WH2PK,1,25.29,25.29,2026-06-13 09:38:10,amazon Dcvoltage,false
1184449,206-9138472-7515536,AMAZON,B0B71MJFDZ,,CRSF100BM,2,14.87,4.99,2026-06-13 09:29:10,amazon Ledsone,false
1184451,204-1664985-4833900,AMAZON,B0BBB6LRDT,,CL3ROR5PK,1,15.79,13.16,2026-06-13 09:32:44,amazon Ledsone,false
1184454,204-1231274-0527502,AMAZON,B0C9TMW8FQ,,ENC1910,1,22.89,22.89,2026-06-13 09:45:48,amazon Dcvoltage,false
1184455,206-1476415-0735533,AMAZON,B0CVL51C22,,LSTF400GR+RPR44WH,1,16.39,16.39,2026-06-13 09:47:37,amazon Dcvoltage,false
1184457,026-3867330-3269920,AMAZON,B07B2WVRJ5,,12IP6715,1,9.88,5.82,2026-06-13 09:46:53,amazon Ledsone,false
1184462,206-4287637-7580307,AMAZON,B08RYTP5WV,,HRE2738WH2PK,1,3.80,0.91,2026-06-13 09:54:32,amazon SRM Amazon,false
1184463,206-1030499-3562766,AMAZON,B0FJ296YPH,,STPVC17AWH5PK,1,6.18,3.29,2026-06-13 09:51:06,amazon Dcvoltage,false
1184470,205-7777407-5642713,AMAZON,B0GCZG4XFD,,CRSF120WH,2,14.67,4.91,2026-06-13 10:14:39,amazon Ledsone,false
1184482,206-4635244-5349938,AMAZON,B0FXFK62XH,,WCFL180RO2PK+RPR44WH2PK,1,24.49,20.41,2026-06-13 10:32:42,amazon Ledsone,false
1184485,204-5427057-1933905,AMAZON,B0CN376GSP,,CRSF1202BM+PHHT2PBRBM2PK+SPUPBM2PK,1,19.89,16.57,2026-06-13 10:35:12,amazon Ledsone,false
1184486,026-4289827-5248357,AMAZON,B0CFHKYH59,,CRSF100BM2PK+PHRNWP1RBM2PK,1,20.09,16.74,2026-06-13 10:35:49,amazon Ledsone,false
1184487,206-4123893-0149958,AMAZON,B0DCBKL2DF,,IMCWEPK,2,38.96,19.48,2026-06-13 10:30:40,amazon Dcvoltage,false
1184488,206-8926718-2873128,AMAZON,B0DH6DFDSB,,CL2TGDAPK,1,20.99,20.99,2026-06-13 10:33:24,amazon Dcvoltage,false
1184495,203-4789031-5296303,AMAZON,B0DB29LMHK,,CRFF75BA2PK,1,11.49,9.57,2026-06-13 10:57:10,amazon Ledsone,false
1184496,205-0350696-1293926,AMAZON,B0CPBXJ8N8,,LSCY290BL+RPR44WH,2,31.78,15.89,2026-06-13 10:55:08,amazon Dcvoltage,false
1184499,026-5292909-8951553,AMAZON,B09JM3PLLH,,LDSG125LOE274,1,10.19,8.49,2026-06-13 11:03:44,amazon Ledsone,false
1184500,204-9228037-1630744,AMAZON,B0CP9J4X6R,,ENC1292,1,27.78,23.89,2026-06-13 11:04:40,amazon Dcvoltage,false
1184512,026-3405281-8544344,AMAZON,B0DH4KYFPD,,WCDTBM2PK+RPR44WH2PK,1,18.29,15.24,2026-06-13 11:23:47,amazon Ledsone,false
1184514,203-1760241-2688349,AMAZON,B0DF2C38VR,,LHC2E27WH3PK,1,14.19,11.82,2026-06-13 11:26:59,amazon Ledsone,false
1184518,026-4826095-1178719,AMAZON,B0CN376GSP,,CRSF1202BM+PHHT2PBRBM2PK+SPUPBM2PK,1,19.89,16.57,2026-06-13 11:32:01,amazon Ledsone,false
1184519,206-3072870-5489136,AMAZON,B0GNZLCX15,,LHXSHE27BM3PK,1,13.89,11.57,2026-06-13 11:36:51,amazon Ledsone,false
1184521,204-8528086-3131542,AMAZON,B0FW4PD16T,,LSCYRO300GD+RPR44WH,2,33.78,14.07,2026-06-13 11:47:02,amazon Ledsone,false
1184527,205-8652859-8629965,AMAZON,B09HS8RX1P,,CL2TYE5PK,1,15.79,13.16,2026-06-13 11:49:31,amazon Ledsone,false
1184528,206-8947532-5912315,AMAZON,B0CBXBG2FC,,PLPYBM+ICST64E27,1,18.89,15.74,2026-06-13 11:53:16,amazon Ledsone,false
1184529,026-6903096-6261130,AMAZON,B0GS5FF1ZY,,WSWTBC,2,63.78,31.89,2026-06-13 11:54:15,amazon Dcvoltage,false
1184541,026-4959617-3348351,AMAZON,B0F29L9LFG,,CERU36200GR,1,4.78,1.57,2026-06-13 12:09:11,amazon Ledsone,false
1184543,206-3650141-7439527,AMAZON,B0DX73BKQZ,,PCBM20MX2PK,1,15.19,8.49,2026-06-13 12:19:57,amazon Ledsone,false
1184547,203-1438193-9013922,AMAZON,B08PC415TL,,LHSHE27BA,1,7.99,7.99,2026-06-13 12:27:58,amazon SRM Amazon,false
1184548,205-9720647-2198747,AMAZON,B0DH8Z6FM1,,CL3TBKAPK,1,19.94,19.94,2026-06-13 12:18:06,amazon Dcvoltage,false
1184549,026-5354027-0609131,AMAZON,B0CNT1QNSN,,PLADBM,1,47.49,47.49,2026-06-13 12:26:46,amazon Dcvoltage,false
1184550,204-5767282-3397165,AMAZON,B0DZDW7B3D,,CL2RBW2PK,1,7.88,4.16,2026-06-13 12:23:05,amazon Ledsone,false
1184551,026-1464546-9546757,AMAZON,B0FDQYNDNH,,CERU36200WH,1,5.28,1.66,2026-06-13 12:31:12,amazon Ledsone,false
1184559,206-8374715-5269148,AMAZON,B096FR3CD5,,PLADBC+ICST64E273PK,1,53.89,53.89,2026-06-13 12:51:56,amazon Dcvoltage,false
1184560,204-1159504-0510741,AMAZON,B0CV5DK5NC,,LDSG125LOE2742PK,1,17.89,14.91,2026-06-13 12:56:19,amazon Ledsone,false
1184563,203-9961078-6675558,AMAZON,B0F9VDWTYX,,CL3RBM3PK,1,8.79,7.32,2026-06-13 12:58:46,amazon Ledsone,false
1184565,026-3971564-8240309,AMAZON,B0D9RRFVV1,,WCDCBM2PK+RPR44WH2PK,1,18.89,15.74,2026-06-13 13:07:05,amazon Ledsone,false
1184573,203-6586608-6246709,AMAZON,B0F7B1PXV6,,CTBOP28XL+CTBOP27XL+CTBOP26XL,1,14.89,14.89,2026-06-13 13:13:23,amazon Dcvoltage,false
1184574,202-5811870-2853925,AMAZON,B0CPBXP32L,,LSCY290CY+RPR44WH,1,15.89,15.89,2026-06-13 08:43:25,amazon Dcvoltage,false
1184575,202-2719245-0542724,AMAZON,B08V5BWBQT,,CRSF100RR+PHCH1PBRRR+LSCY290RR,2,43.58,21.79,2026-06-13 08:36:20,amazon Dcvoltage,false
1184579,204-6837204-7643521,AMAZON,B0B82XZBH1,,PHSF1BWRWH,2,25.00,11.58,2026-06-13 13:21:41,amazon Ledsone,false
1184585,204-7877773-8356312,AMAZON,B0DTY5P2HB,,LSCY290BM2PK+RPR44WH2PK,1,27.89,23.24,2026-06-13 08:50:45,amazon Ledsone,false
1184589,203-7766594-4977119,AMAZON,B08NYRSQGP,,PLADBC,1,47.89,39.91,2026-06-13 13:33:27,amazon Ledsone,false
1184590,026-3946161-1773131,AMAZON,B0CLDBXS1C,,CRSF108BM+WSST70BM,1,12.88,8.32,2026-06-13 13:35:34,amazon Ledsone,false
1184594,202-2082412-8939500,AMAZON,B0FPQZHKXS,,LDCWT75B22122PK,1,15.89,13.24,2026-06-13 13:47:01,amazon Ledsone,false
1184596,204-3212588-0282754,AMAZON,B0FZCW7KC7,,LSHM300HE+RPR44WH,1,20.89,20.89,2026-06-13 13:49:28,amazon Dcvoltage,false
1184602,205-1972435-6445901,AMAZON,B0F945CZFB,,CL3TBK3PK,1,7.99,6.66,2026-06-13 13:55:43,amazon Ledsone,false
1184605,026-8284584-1838721,AMAZON,B09LM5Q942,,CRFF140GB,2,15.29,5.74,2026-06-13 14:01:17,amazon Ledsone,false
1184611,206-9020455-3138716,AMAZON,B0FJ2JF399,,STPVC17ABLAPK,2,11.33,4.69,2026-06-13 14:14:06,amazon Dcvoltage,false
1184615,202-6495401-5573934,AMAZON,B0CNQ1Q3BJ,,LDMG125E278,1,8.19,8.19,2026-06-13 14:26:35,amazon Dcvoltage,false
1184620,203-9598824-7627531,AMAZON,B0B8VVQSNV,,LDSG125LOE274,1,8.99,7.49,2026-06-13 14:29:02,amazon Ledsone,false
1184623,202-4082710-2414721,AMAZON,B0DMDVX4S7,,ENC9313,1,27.89,23.24,2026-06-13 14:39:27,amazon Ledsone,false
1184624,026-9976448-6573131,AMAZON,B0CCHYSJWC,,SPSDP2YB,2,14.67,4.91,2026-06-13 14:41:39,amazon Ledsone,false
1184625,202-8962496-4536314,AMAZON,B0C3GYCJXX,,LSDO210CB+RPR44WH,1,11.99,9.99,2026-06-13 14:41:53,amazon Ledsone,false
1184627,026-4485779-6521106,AMAZON,B08V5BWBQT,,CRSF100RR+PHCH1PBRRR+LSCY290RR,1,21.79,21.79,2026-06-13 14:55:16,amazon Dcvoltage,false
1184628,205-6836607-7525968,AMAZON,B0B4K796BK,,PSDS4BMRGR,1,12.74,12.74,2026-06-13 14:54:37,amazon Ledsone,false
1184629,205-6836607-7525968,AMAZON,B0B4K4LN25,,PSDS4BMRBL,1,11.81,11.81,2026-06-13 14:54:37,amazon Ledsone,false
1184631,206-9151215-3883509,AMAZON,B0GP73VLM8,,LHPVHRE27WH,1,7.78,4.07,2026-06-13 15:08:19,amazon Ledsone,false
1184633,205-6849722-0473943,AMAZON,B0DTHJYV3K,,WCB6BC3PK+RPR44WH3PK,1,22.89,22.89,2026-06-13 15:12:07,amazon Dcvoltage,false
1184638,204-7865608-7278702,AMAZON,B08VGQPLWZ,,WCDTGD+RPR44WH,1,10.69,10.69,2026-06-13 15:16:10,amazon Dcvoltage,false
1184644,206-6441749-9189928,AMAZON,B08XNPSWMN,,CRSF100BC+LHNSE27YB+SCRN70BC+LSWD360BC,2,53.80,29.89,2026-06-13 15:28:44,amazon Dcvoltage,false
1184645,204-2156943-0834768,AMAZON,B0BLZFGY38,,LDMG95E274APK,1,27.89,23.24,2026-06-13 15:28:25,amazon Ledsone,false
1184652,205-1447303-9589932,AMAZON,B0GCZG4XFD,,CRSF120WH,1,8.78,4.91,2026-06-13 15:39:52,amazon Ledsone,false
1184660,205-5298635-1333110,AMAZON,B0GLQ245L8,,LSCY290DCB+RPR44WH,1,15.89,13.24,2026-06-13 16:00:05,amazon Ledsone,false
1184661,205-3533116-0947521,AMAZON,B0FPWXQWQD,,LDCWA60HB2296PK,1,9.98,6.24,2026-06-13 16:05:23,amazon Ledsone,false
1184664,202-5190601-2178744,AMAZON,B0DXQ8YFC6,,LSCY290RO2PK+RPR44WH2PK,1,29.89,24.91,2026-06-13 16:18:13,amazon Ledsone,false
1184666,203-0296047-7093943,AMAZON,B0CPDPWLV4,,WJB2,1,5.89,3.00,2026-06-13 16:22:13,amazon Dcvoltage,false
1184668,202-2473997-6873118,AMAZON,B0FH6JJKV4,,SPSDP2BMY,1,8.78,4.91,2026-06-13 16:21:31,amazon Ledsone,false
1184675,026-7747763-4853117,AMAZON,B0GCZG4XFD,,CRSF120WH,1,8.78,4.91,2026-06-13 16:39:54,amazon Ledsone,false
1184676,203-8671057-4896361,AMAZON,B0FPWVFF9W,,LDCWA60HE27126PK,2,17.87,6.24,2026-06-13 16:52:57,amazon Ledsone,false
1184677,202-1769310-3482760,AMAZON,B0DP78B2BM,,CRSF100YB2PK+PHCHPCRYB2PK+LSCY290YB2PK,1,36.89,30.74,2026-06-13 16:53:12,amazon Ledsone,false
1184678,204-4511047-5045952,AMAZON,B083XQXT6H,,CL2RCR3PK,2,10.27,2.91,2026-06-13 16:51:27,amazon Ledsone,false
1184685,205-5867970-7099544,AMAZON,B0CKFF19XB,,PLTYBS,1,16.89,16.89,2026-06-13 17:03:35,amazon SRM Amazon,false
1184686,203-1537649-7421928,AMAZON,B0FJLZV7J4,,PLTERR,1,24.69,16.41,2026-06-13 17:03:53,amazon Ledsone,false
1184692,202-3333029-5906705,AMAZON,B0F1D3YQPG,,RWWPSY10GY,1,5.76,2.49,2026-06-13 17:16:34,amazon Dcvoltage,false
1184696,026-6952130-2757934,AMAZON,B0D7MRFW2L,,CRFF105YB2PK,1,12.79,10.66,2026-06-13 17:25:52,amazon Ledsone,false
1184700,203-8929585-2364359,AMAZON,B09813DB8F,,12IP2030,1,7.89,4.17,2026-06-13 17:35:52,amazon Ledsone,false
1184702,026-2970770-6300318,AMAZON,B0DX77NHRX,,CERU72350GR,1,9.78,5.74,2026-06-13 17:41:01,amazon Ledsone,false
1184703,205-5860684-7742710,AMAZON,B0CSDPYCLM,,STBFT50M48EWH,1,5.65,2.30,2026-06-13 17:41:02,amazon Ledsone,false
1184704,026-4811405-9536323,AMAZON,B0F6775Q2J,,LSMCSQWYRE+RPM40WH,1,20.79,17.32,2026-06-12 15:09:08,amazon Ledsone,false
1184713,202-2373144-9409921,AMAZON,B0F6775Q2J,,LSMCSQWYRE+RPM40WH,2,41.58,17.33,2026-06-13 18:02:17,amazon Ledsone,false
1184714,204-9958677-2203504,AMAZON,B0D7VFSCQD,,SPSDP2WHAPK,1,39.09,32.57,2026-06-13 18:03:09,amazon Ledsone,false
1184717,203-2561627-6576331,AMAZON,B0CBBJWMKS,,LSCY290WH+RPR44WH,5,69.45,13.89,2026-06-13 18:14:19,amazon Dcvoltage,false
1184718,026-8871124-9230715,AMAZON,B07WK7B3L2,,CRSF1202YB,1,9.89,9.89,2026-06-13 18:14:47,amazon Dcvoltage,false
1184719,203-6348215-3415555,AMAZON,B0F1FFBW2K,,CO532AORAPK,2,8.09,2.41,2026-06-13 18:12:27,amazon Ledsone,false
1184720,026-7784211-1789158,AMAZON,B0BBB5YCJN,,CL3RCR5PK,1,15.79,13.16,2026-06-13 18:14:47,amazon Ledsone,false
1184733,204-2641985-8192331,AMAZON,B0C7KHDV56,,ENC1972,1,89.89,89.89,2026-06-13 18:23:15,amazon Dcvoltage,false
1184734,026-4775785-9146733,AMAZON,B0DTHTGPD2,,WCB7WH3PK+RPR44WH3PK,1,22.49,22.49,2026-06-13 18:22:18,amazon Dcvoltage,false
1184742,205-7325116-9500302,AMAZON,B0CMCPXP21,,CRFF500CH+WCCY1ROCH3PK+LDMT45E2743PK,1,62.89,52.41,2026-06-13 18:30:41,amazon Ledsone,false
1184743,205-3780253-1277939,AMAZON,B083XHSX6F,,CL2TGD,1,7.98,4.24,2026-06-13 18:34:25,amazon Ledsone,false
1184745,203-6022484-7611550,AMAZON,B0GNZLCX15,,LHXSHE27BM3PK,1,13.89,11.57,2026-06-13 18:38:12,amazon Ledsone,false
1184746,202-6972038-3253928,AMAZON,B0CGRQ5Z4T,,CRSF100BM2PK+PHRYWP1RBM2PK,1,20.69,17.24,2026-06-13 18:40:59,amazon Ledsone,false
1184750,203-1909245-9267504,AMAZON,B0CHRVWSBM,,CL3RBM5PK,1,12.99,10.82,2026-06-13 18:45:05,amazon Ledsone,false
1184751,206-5831561-8000327,AMAZON,B0FPWV2SHR,,LDCWT75B22126PK,1,18.19,15.16,2026-06-13 18:47:06,amazon Ledsone,false
1184757,203-9002955-9245929,AMAZON,B0C171RZDD,,PSDS2RGR,1,9.99,9.99,2026-06-13 18:52:06,amazon Dcvoltage,false
1184758,203-9002955-9245929,AMAZON,B0C172YRQM,,PSDS2RBW,1,9.99,9.99,2026-06-13 18:52:06,amazon Dcvoltage,false
1184759,203-9002955-9245929,AMAZON,B0C171DCTC,,PSDS2RGD,1,11.89,11.89,2026-06-13 18:52:06,amazon Dcvoltage,false
1184760,205-8327251-4219545,AMAZON,B0DCG6F8WX,,CRSF120OSBM+WSLS155YB+LSGLCY120CO,1,18.49,18.49,2026-06-13 18:52:28,amazon Dcvoltage,false
1184761,206-7348386-7537148,AMAZON,B08VGPPCY1,,WCDTBM+RPR44WH,1,10.29,10.29,2026-06-13 18:58:28,amazon Dcvoltage,false
1184762,206-4846171-5668355,AMAZON,B0D8L1HQXM,,RWWPSY0660YE,1,5.97,2.99,2026-06-13 18:57:12,amazon Dcvoltage,false
1184773,202-2867839-7821167,AMAZON,B0FZCW7KC7,,LSHM300HE+RPR44WH,1,20.89,20.89,2026-06-13 19:21:01,amazon Dcvoltage,false
1184776,202-2240397-1503516,AMAZON,B0G4QXV4B3,,CRSF100BC+PHHF1PBRBC+LSWD360BC,2,45.78,22.89,2026-06-13 19:38:40,amazon Dcvoltage,false
1184783,202-7002210-0114730,AMAZON,B0CSYY22LD,,CKVOFG,1,10.99,9.16,2026-06-13 19:52:33,amazon Ledsone,false
1184786,203-1869373-5101968,AMAZON,B0CTC82GM4,,ENC3291,1,22.89,22.89,2026-06-13 20:11:49,amazon Dcvoltage,false
1184787,204-9935679-0721904,AMAZON,B0CMCPXP21,,CRFF500CH+WCCY1ROCH3PK+LDMT45E2743PK,1,62.89,52.41,2026-06-13 20:08:59,amazon Ledsone,false
1184791,203-1175210-9732309,AMAZON,B0BB33PK6W,,CL2RBU5PK,2,27.58,11.49,2026-06-13 20:25:12,amazon Ledsone,false
1184792,205-4919990-9985938,AMAZON,B0CR45SB53,,MBEX5570BMCPK,1,7.78,4.07,2026-06-13 20:26:29,amazon Ledsone,false
1184793,202-3464247-2217958,AMAZON,B0DTHKKQV6,,WCB7BM3PK+RPR44WH3PK,4,89.56,22.39,2026-06-13 20:07:41,amazon Dcvoltage,false
1184794,203-0822904-7061968,AMAZON,B0GS2H2HKX,,TPHTTN2PBRBM+LSGLBC160AR+LDMST64E274,2,47.48,23.74,2026-06-13 20:31:20,amazon Dcvoltage,false
1184800,206-5364747-7582731,AMAZON,B0GDLHR1KF,,LHDHE27CO,1,9.69,9.69,2026-06-13 20:43:42,amazon Dcvoltage,false
1184802,206-0242753-3342773,AMAZON,B08XXW4PKK,,WCB7BM+RPR44WH,2,21.78,10.89,2026-06-13 20:53:02,amazon Dcvoltage,false
1184806,202-4927070-2666721,AMAZON,B0DMT5YWLR,,PCFT90TBM5PK,1,12.68,8.16,2026-06-13 21:03:51,amazon Ledsone,false
1184807,026-4949342-4153136,AMAZON,B0DH66Y429,,CL2TBP5PK,1,10.09,10.09,2026-06-13 21:04:59,amazon Dcvoltage,false
1184809,026-0498586-2050704,AMAZON,B0BVJ4MNF5,,CRSF100CH+PHMU1PBRCH+LSDM220CH,1,23.69,23.69,2026-06-13 21:23:56,amazon Dcvoltage,false
1184815,206-7969118-9494737,AMAZON,B0CP933MXR,,CRSF100BB2PK+PHCH1PBRBB2PK+LSCY290BB2PK,1,36.89,36.89,2026-06-13 21:39:02,amazon Dcvoltage,false
1184818,026-9776801-1797921,AMAZON,B0CVN6F67B,,RWWPSY10GY,1,5.38,2.07,2026-06-13 21:41:49,amazon Ledsone,false
1184822,204-0148469-2850736,AMAZON,B0CGDXKXNT,,CRSF100WH+PHRN2PCRWH,1,13.88,11.57,2026-06-13 21:52:46,amazon Ledsone,false
1184831,203-4448197-5661117,AMAZON,B093H8YG8Z,,LSMS320GY+RPR44WH,2,29.98,12.49,2026-06-13 22:04:42,amazon Ledsone,false
1184840,206-8216083-4664340,AMAZON,B08XNTQCK7,,LSCY290OR+RPR44WH,1,15.89,15.89,2026-06-13 22:33:08,amazon Dcvoltage,false
1184841,026-9770718-7680301,AMAZON,B08XNPXBF3,,LSSS300SN+RPR44WH,1,13.49,13.49,2026-06-13 22:37:36,amazon Dcvoltage,false
1184844,203-8900214-8326768,AMAZON,B0CNJX1DV8,,WCB7WH+RPR44WH,1,10.89,10.89,2026-06-13 22:52:56,amazon Dcvoltage,false
1184846,026-7727035-3911508,AMAZON,B0CGRQ5Z4T,,CRSF100BM2PK+PHRYWP1RBM2PK,1,20.69,17.24,2026-06-13 22:48:26,amazon Ledsone,false
1184851,204-4217486-9393148,AMAZON,B0963P71QD,,CRFF500BM+PHCHPBRCO3PK+LSOL220CO3PK,1,34.56,28.80,2026-06-13 22:51:02,amazon Ledsone,false
1184852,202-4613579-9410701,AMAZON,B0F9WY2KYB,,LSFT220RE+RPR44WH,1,10.89,9.07,2026-06-13 22:54:56,amazon Ledsone,false
1184853,026-4915103-5017933,AMAZON,B0FW52B2N5,,LSCYRO300WH+RPR44WH,2,39.78,19.89,2026-06-13 23:08:35,amazon Dcvoltage,false
1184854,202-5833107-7007539,AMAZON,B0CJ8BN5TM,,LSMCSPDRFL+RPM40WH,1,24.99,24.99,2026-06-13 23:16:46,amazon Dcvoltage,false
1184856,205-9787176-2053963,AMAZON,B08G4YZDH5,,LDMG125E278,1,11.99,11.99,2026-06-13 23:25:22,amazon SRM Amazon,false
1184857,202-0589240-4116332,AMAZON,B0FX2QT3B1,,LSCYRO300GD2PK+RPR44WH2PK,1,28.89,28.89,2026-06-13 23:28:00,amazon Dcvoltage,false
1184860,026-0714349-8842746,AMAZON,B0GL8J2V99,,LDMT185E2746PK,1,21.99,18.32,2026-06-13 23:53:27,amazon Ledsone,false
1184861,205-2600398-8282722,AMAZON,B0FPQHSDCP,,LSLC180BM2PK+RPR44WH2PK,1,15.89,13.24,2026-06-13 23:58:29,amazon Ledsone,false
1184867,205-2444978-1405104,AMAZON,B0GQ48BNBZ,,LSGLSC115AR+RPM40WH,1,11.89,11.89,2026-06-14 00:59:08,amazon Dcvoltage,false
1184868,202-9692782-9677161,AMAZON,B0F1D23NFW,,RWWPSY0640YE,1,9.38,6.49,2026-06-14 01:03:51,amazon Dcvoltage,false
1184869,206-0733358-3847523,AMAZON,B0F9WW7PCD,,LSFT220GY+RPR44WH,1,15.89,9.07,2026-06-14 01:01:48,amazon Ledsone,false
1184870,026-2926410-3309924,AMAZON,B091B7NP2G,,LSMCSPDRFL+RPM40WH,1,24.99,24.99,2026-06-14 01:09:00,amazon Dcvoltage,false
1184871,026-8214004-8489117,AMAZON,B0D6RDMMZJ,,LDCWE2718APK,1,30.99,25.82,2026-06-14 01:15:22,amazon Ledsone,false
1184872,206-3551503-5065951,AMAZON,B0CBLYHCFB,,WCWDCH2PK+RPR44WH2PK,1,26.19,26.19,2026-06-14 01:24:17,amazon Dcvoltage,false
1184874,205-0278399-6602735,AMAZON,B0GLNBSJMP,,PL4HRR,1,38.69,32.24,2026-06-14 01:38:37,amazon Ledsone,false
1184875,203-9975264-0766709,AMAZON,B0D76HMKLQ,,CRSF100SN2PK+WSST70SN2PK,1,15.89,15.89,2026-06-14 01:46:35,amazon Dcvoltage,false
1184920,202-1406203-6179508,AMAZON,B0CNTD1PTQ,,WCB6BB+RPR44WH,1,10.09,10.09,2026-06-14 06:55:54,amazon Dcvoltage,false
1184921,205-2369542-2981910,AMAZON,B0GW7T9WPD,,CRSF1202WH,1,9.58,5.57,2026-06-14 06:53:43,amazon Ledsone,false
1184950,206-5839423-7864319,AMAZON,B0F79XM6L3,,CTBOP21XXL+CTBOP20XXL+CTBOP19XXL,1,14.89,14.89,2026-06-14 08:44:53,amazon Dcvoltage,false
1184955,205-7103700-8291540,AMAZON,B087NP4CCH,,CRSF100YE,1,8.88,4.99,2026-06-14 09:01:11,amazon Ledsone,false
1184962,203-2900868-7144309,AMAZON,B0DJBS759W,,HLRK45BM2PK,1,8.78,4.91,2026-06-14 09:21:34,amazon Ledsone,false
1184968,026-9550908-6332323,AMAZON,B0CV5FGN5Z,,LDST185E2742PK,2,27.58,11.49,2026-06-14 09:36:39,amazon Ledsone,false
1184969,206-6839284-2793147,AMAZON,B0CFHKYH59,,CRSF100BM2PK+PHRNWP1RBM2PK,1,20.09,16.74,2026-06-14 09:37:20,amazon Ledsone,false
1184973,205-6204240-9033945,AMAZON,B0C37PWHDM,,CRFF105WH,1,10.78,6.57,2026-06-14 09:39:37,amazon Ledsone,false
1184980,204-7199934-2832337,AMAZON,B093HB7L5H,,LSMS320BI+RPR44WH,1,14.99,12.49,2026-06-14 09:47:53,amazon Ledsone,false
1184983,205-7091243-3546728,AMAZON,B0F8QQT75S,,RWWPSN10GY,1,2.32,2.32,2026-06-14 10:06:18,amazon Ledsone,false
1184984,205-7091243-3546728,AMAZON,B0DZNJDHCQ,,RWWPSY12GY,1,1.75,1.75,2026-06-14 10:06:18,amazon Ledsone,false
1184986,026-5666394-7311557,AMAZON,B0F1TRX5SN,,WCBNWH2PK+RPR44WH2PK,1,11.18,11.18,2026-06-14 10:22:19,amazon Dcvoltage,false
1184987,203-3743804-9524360,AMAZON,B0BYZ7JX36,,ENC2714,1,35.05,31.41,2026-06-14 10:27:45,amazon Ledsone,false
1184996,202-6353140-0891533,AMAZON,B0FX2QT3B1,,LSCYRO300GD2PK+RPR44WH2PK,1,28.89,28.89,2026-06-14 10:32:44,amazon Dcvoltage,false
1184997,202-6187013-8155514,AMAZON,B0FW54NQDQ,,LSCYRO200GD+RPR44WH,1,15.89,15.89,2026-06-14 10:32:44,amazon Dcvoltage,false
1185002,205-8444257-8448304,AMAZON,B0F29N4PNH,,CERU36300GR,1,5.58,2.24,2026-06-14 10:39:28,amazon Ledsone,false
1185003,026-6031135-6960335,AMAZON,B0D2945NZS,,LSCY290CO2PK+RPR44WH2PK,1,27.41,27.41,2026-06-14 10:39:41,amazon Ledsone,false
1185004,026-6031135-6960335,AMAZON,B0D28YQP11,,LSCY290GB2PK+RPR44WH2PK,1,26.82,26.82,2026-06-14 10:39:41,amazon Ledsone,false
1185005,026-6031135-6960335,AMAZON,B0D29BVFXT,,LSCY290SN2PK+RPR44WH2PK,1,25.74,25.74,2026-06-14 10:39:41,amazon Ledsone,false
1185007,203-1967262-2778714,AMAZON,B0DH97YNLH,,CL3TBK5PK,1,11.99,11.99,2026-06-14 10:47:11,amazon Dcvoltage,false
1185008,203-1967262-2778714,AMAZON,B0CQR15PPF,,CL2TCR,1,3.09,3.09,2026-06-14 10:47:11,amazon Dcvoltage,false
1185021,202-0276845-1589949,AMAZON,B0DCDSZ719,,LDSG95DIE2743PK,1,21.89,18.24,2026-06-14 10:49:38,amazon Ledsone,false
1185022,206-3937069-0577102,AMAZON,B0CN31XK9H,,WCB6BC3PK+RPR44WH3PK,1,22.89,22.89,2026-06-14 10:49:40,amazon Dcvoltage,false
1185023,204-1730931-2469941,AMAZON,B0DBWPTBW1,,CL2RGYAPK,1,18.49,18.49,2026-06-14 11:07:30,amazon Dcvoltage,false
1185024,204-4192996-8547553,AMAZON,B0GR8KX976,,SPPGUK3PBM2PK,1,7.88,4.16,2026-06-14 11:01:35,amazon Ledsone,false
1185034,206-1545725-4161953,AMAZON,B0CVMX2MY5,,RWWPSYBF50GY,1,5.47,2.49,2026-06-14 11:19:05,amazon Dcvoltage,false
1185035,203-4328249-9966712,AMAZON,B0FZWK7C6Y,,ENC8963,1,18.59,19.99,2026-06-14 11:26:29,amazon Dcvoltage,false
1185036,026-4532423-0904366,AMAZON,B0CV7K4PZC,,RWGS1342WH,1,6.75,3.59,2026-06-11 18:53:42,amazon Dcvoltage,false
1185042,203-0706690-7484307,AMAZON,B08VGQPLWZ,,WCDTGD+RPR44WH,1,10.69,10.69,2026-06-14 11:31:01,amazon Dcvoltage,false
1185043,204-0667346-0110748,AMAZON,B0D9RXR2CM,,WCDTGD3PK+RPR44WH3PK,1,24.89,20.74,2026-06-14 11:29:43,amazon Ledsone,false
1185049,204-2551058-4821966,AMAZON,B0FM7WS64G,,ENC9033,1,28.89,24.07,2026-06-14 11:39:24,amazon Ledsone,false
1185052,204-1557339-7998714,AMAZON,B0DCD25XPJ,,STPVC17ABL3PK,1,4.11,1.22,2026-06-14 12:08:29,amazon Dcvoltage,false
1185053,206-6692627-2927566,AMAZON,B0FZCW7KC7,,LSHM300HE+RPR44WH,1,20.89,20.89,2026-06-14 11:46:12,amazon Dcvoltage,false
1185062,203-5425271-1749963,AMAZON,B0BWK7RQ27,,PLTYRR+ICST64E27,1,20.89,17.41,2026-06-14 11:53:16,amazon Ledsone,false
1185071,206-9024179-2004303,AMAZON,B0CJCDJVLN,,LSSS300BC2PK+RPR44WH2PK,1,25.78,25.78,2026-06-14 12:03:34,amazon Dcvoltage,false
1185074,205-1117515-1638717,AMAZON,B0DFM47FGT,,ENC1595,1,36.99,30.82,2026-06-14 12:09:50,amazon Ledsone,false
1185075,206-7795053-3109136,AMAZON,B09V8BWNFZ,,CRSF2003BM+PHHN1PBRGD3PK+LSDO210NB3PK,1,38.89,32.41,2026-06-14 12:18:58,amazon Ledsone,false
1185085,202-7923543-9867526,AMAZON,B0DH4KYFPD,,WCDTBM2PK+RPR44WH2PK,1,18.29,15.24,2026-06-14 12:42:29,amazon Ledsone,false
1185087,206-8372105-8938759,AMAZON,B0CGRQ5Z4T,,CRSF100BM2PK+PHRYWP1RBM2PK,2,41.38,17.24,2026-06-14 12:26:15,amazon Ledsone,false
1185088,204-5819260-6589129,AMAZON,B0CP7D7CJP,,CBSF135,1,9.88,6.99,2026-06-14 12:24:56,amazon Dcvoltage,false
1185089,205-3013356-7514735,AMAZON,B0F1D3FS5C,,RWWPSY0660YE,1,5.88,2.99,2026-06-14 12:25:05,amazon Dcvoltage,false
1185093,203-2122318-9348324,AMAZON,B0F7LLBKDX,,PCBM20PCBMAPK,1,10.99,9.16,2026-06-14 12:36:33,amazon Ledsone,false
1185094,204-9656112-6479506,AMAZON,B09B7T6173,,LSTF40BM+RPR44WH,1,10.89,10.89,2026-06-14 12:38:33,amazon Dcvoltage,false
1185097,206-6306402-2058716,AMAZON,B093TDJGGL,,LSCY290BS+RPR44WH,1,16.49,13.74,2026-06-14 12:40:16,amazon Ledsone,false
1185102,205-0172231-5688325,AMAZON,B0DCKWL469,,STFG4845WH,1,6.38,2.84,2026-06-14 12:58:13,amazon Ledsone,false
1185108,202-3397799-9018703,AMAZON,B0FB3XP2NN,,LDMC35E1444PK,1,18.85,15.71,2026-06-14 12:59:31,amazon Ledsone,false
1185109,203-1910383-2675546,AMAZON,B0CNJX1DV8,,WCB7WH+RPR44WH,1,10.89,10.89,2026-06-14 13:04:49,amazon Dcvoltage,false
1185110,205-0758970-4820340,AMAZON,B0F4XY3MHC,,TSTS30WH,1,4.18,1.29,2026-06-14 13:06:12,amazon Dcvoltage,false
1185112,206-2218783-7341918,AMAZON,B0DZ1Y975Y,,RWWPSY1050YE2PK,1,11.28,6.99,2026-06-14 13:15:46,amazon Ledsone,false
1185114,203-0160389-7965935,AMAZON,B0DH9FGSM9,,CL3TOR3PK,1,8.99,8.99,2026-06-14 13:27:16,amazon Dcvoltage,false
1185115,205-6205590-5236365,AMAZON,B0DMDVX4S7,,ENC9313,1,27.89,23.24,2026-06-14 13:18:18,amazon Ledsone,false
1185121,206-2714366-1993149,AMAZON,B097DXWV99,,CBSF45,1,6.18,2.74,2026-06-14 13:29:06,amazon Ledsone,false
1185122,205-3950492-8997154,AMAZON,B0G616NMFD,,CRSF100BM+PHNW1RBM,2,21.78,9.08,2026-06-14 13:37:44,amazon Ledsone,false
1185129,026-1631017-1233103,AMAZON,B0FX2TFPZM,,LSCYRO120WH2PK+RPR44WH2PK,1,22.89,22.89,2026-06-14 13:46:32,amazon Dcvoltage,false
1185131,203-3338421-6449918,AMAZON,B0BL82M8SB,,LDMT185E274,4,27.96,5.83,2026-06-14 13:50:46,amazon Ledsone,false
1185132,204-7800874-6873123,AMAZON,B0DX6NBT9P,,CENU19150WH,1,4.38,0.91,2026-06-14 13:47:50,amazon Ledsone,false
1185137,205-5772517-7978707,AMAZON,B0CSMK1P5N,,CRFF100SN2PK,1,11.89,11.89,2026-06-14 13:53:18,amazon Dcvoltage,false
1185139,026-0240910-6925958,AMAZON,B0CBMS78L8,,PHSF2BMRBM+SPSDP2BM+ICST64E27,2,39.78,16.58,2026-06-14 13:49:57,amazon Ledsone,false
1185141,206-6424675-7879526,AMAZON,B096G8PC4S,,CRSF100GB+PHCHPBRGB+LSCY290GB,1,24.49,20.41,2026-06-14 13:54:43,amazon Ledsone,false
1185149,205-1850357-2289932,AMAZON,B0CPBWC2T4,,LSCY290WH+RPR44WH,1,15.89,15.89,2026-06-14 14:10:36,amazon Dcvoltage,false
1185150,206-7192603-0329115,AMAZON,B0F5BJWS2R,,PLTEBM+WCWYBB+ICST64E27,2,46.58,19.41,2026-06-14 14:10:29,amazon Ledsone,false
1185151,206-3849940-0422746,AMAZON,B08KJJWJKK,,CRFF500BM+PHHT1PBRBM3PK+WCDCBM3PK,1,36.99,30.82,2026-06-14 14:09:29,amazon Ledsone,false
1185153,026-2370149-3351513,AMAZON,B0G4QXV4B3,,CRSF100BC+PHHF1PBRBC+LSWD360BC,1,22.89,22.89,2026-06-14 14:26:15,amazon Dcvoltage,false
1185154,204-4042066-3134702,AMAZON,B0D7944QDY,,WCB6BM2PK+RPR44WH2PK,1,16.49,13.74,2026-06-14 14:25:17,amazon Ledsone,false
1185158,026-1277152-1881916,AMAZON,B0C7QYQ25P,,CRSF2003BM+WCRN3CBM3PK,1,43.89,43.89,2026-06-14 14:38:42,amazon Dcvoltage,false
1185161,206-7842515-3294738,AMAZON,B09YYTYMKP,,PLADBC+LSDO210BC3PK+ICST64E273PK,1,57.89,57.89,2026-06-14 14:43:13,amazon Dcvoltage,false
1185162,026-0200463-5849118,AMAZON,B0DTHKSHFY,,WCB7BS3PK+RPR44WH3PK,1,23.49,23.49,2026-06-14 14:48:13,amazon Dcvoltage,false
1185164,203-3568776-9705969,AMAZON,B093TDJGGL,,LSCY290BS+RPR44WH,1,16.49,13.74,2026-06-14 14:57:02,amazon Ledsone,false
1185166,203-0316258-2005111,AMAZON,B0F28Z2V3C,,LSCY290GB+RPR44WH,1,17.89,14.91,2026-06-14 14:49:42,amazon Ledsone,false
1185167,205-7162809-1867518,AMAZON,B0DBQX2SRN,,LDSG95DIE274,1,10.89,9.07,2026-06-14 14:49:20,amazon Ledsone,false
1185168,202-0246389-4475537,AMAZON,B0DPMRVHHR,,LSCYRO120WH+RPR44WH,1,14.99,12.49,2026-06-14 14:52:33,amazon Ledsone,false
1185170,203-0630020-9016358,AMAZON,B0CW5WC8KF,,ENC6341,1,23.09,19.24,2026-06-14 14:57:45,amazon Ledsone,false
1185171,204-5320734-5254766,AMAZON,B0CKQSMQVC,,CRSF2003BB,1,10.09,8.41,2026-06-14 15:00:04,amazon Ledsone,false
1185172,203-5926565-3407538,AMAZON,B0C6KJG9L8,,WCVCRE+RPR44WH,1,11.98,7.57,2026-06-14 15:00:00,amazon Ledsone,false
1185173,205-8901767-3466732,AMAZON,B0DH97YNLH,,CL3TBK5PK,1,11.99,11.99,2026-06-14 14:53:55,amazon Dcvoltage,false
1185174,026-8816839-6434716,AMAZON,B0D571H8X3,,WCB7BB2PK+RPR44WH2PK,1,15.89,15.89,2026-06-14 14:49:17,amazon Dcvoltage,false
1185175,206-0166821-5859564,AMAZON,B0DWDZK8B9,,WSNWBS+LSHQ180BS+ICST64E27,2,43.00,23.89,2026-06-14 14:59:58,amazon Dcvoltage,false
1185182,202-1459455-7568333,AMAZON,B0D83PFMTP,,WCDCBM3PK+RPR44WH3PK,1,24.29,24.29,2026-06-14 15:13:48,amazon Dcvoltage,false
1185187,206-7802136-2357910,AMAZON,B08V945WZ5,,WCB7BC+RPR44WH,1,11.78,8.89,2026-06-14 15:21:35,amazon Dcvoltage,false
1185188,204-7204215-1746710,AMAZON,B0F1D2YMJS,,RWWPSY12GY,1,5.38,2.49,2026-06-14 15:27:17,amazon Dcvoltage,false
1185191,205-0094704-1161913,AMAZON,B0DYTQMM9X,,RWWPSY1080YE,1,11.78,7.41,2026-06-14 15:36:41,amazon Ledsone,false
1185192,203-7564783-0583542,AMAZON,B08XWSBPHW,,WCB1BM+RPR44WH,1,9.99,9.99,2026-06-14 15:29:39,amazon Dcvoltage,false
1185197,204-1405843-6454767,AMAZON,B0CGRPTT6W,,CRSF100BM+PHRYWP2RBM,1,11.99,9.99,2026-06-14 15:46:14,amazon Ledsone,false
1185204,205-4480354-6593969,AMAZON,B0GLXRPL51,,LHXWPE27PPWH,1,8.18,4.41,2026-06-14 15:48:50,amazon Ledsone,false
1185206,205-0377022-8283563,AMAZON,B0GLNBSJMP,,PL4HRR,1,32.24,32.24,2026-06-14 15:56:22,amazon Ledsone,false
1185207,205-0377022-8283563,AMAZON,B0GLYT7GQY,,PLTRULBC,1,50.74,50.74,2026-06-14 15:56:22,amazon Ledsone,false
1185208,202-3552735-7758707,AMAZON,B0B7KCXV72,,CRFF105GB,1,11.68,7.32,2026-06-14 15:58:22,amazon Ledsone,false
1185209,026-0733915-7391540,AMAZON,B0CNZT7NNB,,CRSF100GB+WSSS70GB+LSFT220GB+ICST64E27,1,19.89,19.89,2026-06-14 15:59:56,amazon Dcvoltage,false
1185217,203-5013187-7713113,AMAZON,B0GP73VLM8,,LHPVHRE27WH,1,7.78,4.07,2026-06-14 16:00:28,amazon Ledsone,false
1185219,206-6693199-0288335,AMAZON,B08FXSXMGM,,LSFT220SN+RPR44WH,1,11.89,11.89,2026-06-14 16:08:27,amazon Dcvoltage,false
1185220,202-9247745-3079523,AMAZON,B0DCK527TN,,STBFT50M48EWH,1,6.38,3.49,2026-06-14 16:19:15,amazon Dcvoltage,false
1185229,202-3915981-1616323,AMAZON,B0F6775Q2J,,LSMCSQWYRE+RPM40WH,1,20.79,17.32,2026-06-14 16:28:51,amazon Ledsone,false
1185231,203-2221167-2146745,AMAZON,B0BWYH1QD6,,LSDO400YE+RPR44WH,3,53.67,17.89,2026-06-14 16:26:12,amazon Dcvoltage,false
1185238,026-9265230-1021127,AMAZON,B08V945WZ5,,WCB7BC+RPR44WH,2,20.67,8.89,2026-06-14 16:30:58,amazon Dcvoltage,false
1185239,205-6582569-5805109,AMAZON,B0F2T3T2CQ,,LSMS320BG+RPR44WH,2,33.78,14.08,2026-06-14 16:36:59,amazon Ledsone,false
1185248,204-2780050-6749936,AMAZON,B09L8KTBJS,,CRSF100BM+PHCH1BMRBM+LSDO400GY,1,21.89,18.24,2026-06-14 16:47:57,amazon Ledsone,false
1185254,203-5696022-6558703,AMAZON,B0CKSTLS8P,,CRFF75SN,1,9.78,5.74,2026-06-14 16:56:10,amazon Ledsone,false
1185261,026-3927078-6746744,AMAZON,B08XBXG4DR,,CRSF100WH+LHTTE27WH,2,21.78,10.89,2026-06-14 16:58:17,amazon Dcvoltage,false
1185262,203-3168900-2808337,AMAZON,B0DH9CZJ14,,CL3TRO5PK,1,11.99,11.99,2026-06-14 17:08:18,amazon Dcvoltage,false
1185269,205-3771816-9355531,AMAZON,B0D963FBMS,,ENC7481,1,31.69,26.41,2026-06-14 17:11:42,amazon Ledsone,false
1185270,203-4510629-6821157,AMAZON,B0H1M1JHJF,,LHRIE14WH3PK,1,10.88,6.66,2026-06-14 17:12:13,amazon Ledsone,false
1185271,206-4740654-7287507,AMAZON,B0FH9NW8ZG,,LSTL260BG+RPR44WH,1,12.89,12.89,2026-06-14 17:16:40,amazon SRM Amazon,false
1185272,206-2110279-3592343,AMAZON,B0GGQYC117,,CRFF100GB+PHUP1PBRGB+CNT900GB,2,33.43,18.57,2026-06-14 17:13:47,amazon Dcvoltage,false
1185277,205-7516989-4885965,AMAZON,B0DX6NBT9P,,CENU19150WH,1,4.38,0.91,2026-06-14 17:23:51,amazon Ledsone,false
1185280,205-7914977-9267551,AMAZON,B0B8P9BKXB,,LDMG125E278,2,19.78,8.24,2026-06-14 17:32:39,amazon Ledsone,false
1185281,204-4313094-7351506,AMAZON,B0DY7NXLY4,,RWWPSY0640YE,1,9.38,6.49,2026-06-14 17:31:35,amazon SRM Amazon,false
1185284,203-9429455-1463518,AMAZON,B0CNQ1Q3BJ,,LDMG125E278,3,24.57,8.19,2026-06-14 17:42:11,amazon Dcvoltage,false
1185286,202-6945263-5556329,AMAZON,B08VD5W87X,,LSSS300BC+RPR44WH,1,14.99,14.99,2026-06-14 17:49:19,amazon Dcvoltage,false
1185287,206-5149828-4412354,AMAZON,B0DTKHJMSH,,WCB5BM3PK+RPR44WH3PK,2,44.98,22.49,2026-06-14 17:53:08,amazon Dcvoltage,false
1185299,202-6946986-2426741,AMAZON,B09L568VCR,,PLHABC+LSOL180BC,3,77.97,21.66,2026-06-14 18:15:09,amazon Ledsone,false
1185300,205-8183944-5133132,AMAZON,B083TZC6WR,,CRFF500BM+PHHRE1HETHE3PK,1,23.89,19.91,2026-06-14 18:14:34,amazon Ledsone,false
1185302,202-2766568-2281947,AMAZON,B0DYTM7ZQ8,,RWWPSY1050YE,1,7.18,3.57,2026-06-14 18:18:27,amazon Ledsone,false
1185308,204-9350110-5314717,AMAZON,B0D6G6B11R,,CSBEB9AG2PK,1,10.09,10.09,2026-06-14 18:32:46,amazon Dcvoltage,false
1185309,203-4964195-3377919,AMAZON,B096FPKPNQ,,ENC685,1,56.89,56.89,2026-06-14 18:36:47,amazon Dcvoltage,false
1185310,204-1836093-1899506,AMAZON,B0DZ1Z3277,,RWWPSY0640YE2PK,1,10.98,9.15,2026-06-14 18:31:42,amazon Ledsone,false
1185311,206-2408149-9819542,AMAZON,B09L8K89FG,,CRSF100BM+PHCH1BMRBM+LSDO400RE,1,21.59,17.99,2026-06-14 18:38:10,amazon Ledsone,false
1185316,206-5281611-8559536,AMAZON,B0CVH2NZQF,,LSDO210RE+RPR44WH,1,18.89,18.89,2026-06-14 18:38:10,amazon SRM Amazon,false
1185317,204-7251922-6728369,AMAZON,B08DRQ9658,,CRSF100GB+PHCHPBRGB,1,10.99,10.99,2026-06-14 18:46:49,amazon SRM Amazon,false
1185318,026-0533467-0469910,AMAZON,B0GNZLCX15,,LHXSHE27BM3PK,1,13.88,11.57,2026-06-14 18:41:08,amazon Ledsone,false
1185319,204-3508422-3236330,AMAZON,B093QJ6CSN,,PLTERR,1,17.89,14.91,2026-06-14 18:34:15,amazon Ledsone,false
1185326,202-9924284-7799537,AMAZON,B0FPWVFF9W,,LDCWA60HE27126PK,1,10.38,6.24,2026-06-14 18:58:01,amazon Ledsone,false
1185333,204-7658961-0121117,AMAZON,B0CSFG25HB,,PHCT1BMRBM+PHBA1BMRBM+LSYG410BI,2,66.40,36.89,2026-06-14 19:02:45,amazon Dcvoltage,false
1185339,205-3993285-3769108,AMAZON,B08FXSKT7L,,LSFT220WH+RPR44WH,1,10.89,10.89,2026-06-14 19:13:41,amazon Dcvoltage,false
1185340,205-5063445-0759546,AMAZON,B0FY2HP9LJ,,PHUH0.5HETBM,1,10.99,9.16,2026-06-14 19:11:47,amazon Ledsone,false
1185356,026-6830604-6999560,AMAZON,B0FLXTPL92,,CRSF100YB+PHMH1HERYB,2,17.98,8.99,2026-06-14 19:43:45,amazon SRM Amazon,false
1185357,204-8549744-4991537,AMAZON,B07GCPMLSY,,CL2TGYAPK,1,16.19,16.19,2026-06-14 19:38:24,amazon Dcvoltage,false
1185358,202-4196676-1355551,AMAZON,B096FPKPNQ,,ENC685,1,56.89,56.89,2026-06-14 19:39:34,amazon Dcvoltage,false
1185369,204-2566267-8881912,AMAZON,B0GCZG4XFD,,CRSF120WH,1,8.78,4.91,2026-06-14 19:54:49,amazon Ledsone,false
1185390,202-0063716-4285958,AMAZON,B0D97S77TR,,ENC7487,1,30.89,25.74,2026-06-14 20:23:07,amazon Ledsone,false
1185391,205-4946871-6455507,AMAZON,B0847NW62C,,CBSF75,1,6.18,2.74,2026-06-14 20:26:52,amazon Ledsone,false
1185395,206-1755126-9189941,AMAZON,B0CZXL6ZYG,,TPOSBDBM,1,21.86,20.82,2026-06-14 20:33:05,amazon Ledsone,false
1185398,205-8443166-8545959,AMAZON,B08YK34HVV,,CRSF2003WH+LSDG220WI3PK,1,54.89,54.89,2026-06-14 20:43:51,amazon Dcvoltage,false
1185400,206-4624998-1032337,AMAZON,B0FQVFP61X,,CRFF108BM+PHRI1PBRBA+LSCY290BI,2,43.78,21.89,2026-06-14 20:48:32,amazon Dcvoltage,false
1185407,204-9654236-5326738,AMAZON,B0F6775Q2J,,LSMCSQWYRE+RPM40WH,1,20.79,17.32,2026-06-14 20:50:38,amazon Ledsone,false
1185408,202-0980430-2176323,AMAZON,B0GDDXRR5K,,LDMT185E2735PK,1,17.19,14.32,2026-06-14 20:48:19,amazon Ledsone,false
1185417,203-1222132-9466740,AMAZON,B0FPWXQWQD,,LDCWA60HB2296PK,2,17.47,6.24,2026-06-14 21:04:11,amazon Ledsone,false
1185421,205-9543244-8618760,AMAZON,B0CKSRCVKQ,,CRFF75CH,1,9.78,5.74,2026-06-14 21:09:56,amazon Ledsone,false
1185422,203-6126072-5474741,AMAZON,B0B9Y5MRSK,,CL3TGD5PK,1,13.69,11.41,2026-06-14 21:16:20,amazon Ledsone,false
1185428,205-8564496-5134748,AMAZON,B0GLGB3M6Q,,LSGLFP245PU+RPM40WH,1,15.89,15.89,2026-06-14 21:17:11,amazon Dcvoltage,false
1185429,202-5091603-6701169,AMAZON,B0GCZG4XFD,,CRSF120WH,1,8.78,4.91,2026-06-14 21:24:01,amazon Ledsone,false
1185432,202-3896788-0369143,AMAZON,B0FPWVFF9W,,LDCWA60HE27126PK,1,10.38,6.24,2026-06-14 21:35:36,amazon Ledsone,false
1185433,202-6144736-3183545,AMAZON,B0CVB98VVG,,RWWPSY08GY,1,4.78,1.89,2026-06-14 21:37:54,amazon Dcvoltage,false
1185441,206-8977981-9154753,AMAZON,B0C8NJDTJS,,WCDCBM+RPR44WH,1,10.07,8.39,2026-06-14 21:47:37,amazon Ledsone,false
1185446,203-3216097-0607539,AMAZON,B0GCZ9ZLXK,,CRSF1203WH,1,10.38,6.24,2026-06-14 21:52:44,amazon Ledsone,false
1185447,206-0693638-0865113,AMAZON,B0GTMZWFCD,,LSGL15014CL+RPM40WH,1,10.89,9.07,2026-06-14 21:54:51,amazon Ledsone,false
1185448,204-1314358-4311507,AMAZON,B0DTHZ1JX5,,WCDCBM4PK+RPR44WH4PK,1,29.49,24.57,2026-06-14 21:58:30,amazon Ledsone,false
1185450,202-5328903-3044350,AMAZON,B0D6KMDZY7,,LSCY290YB2PK+RPR44WH2PK,1,27.89,27.89,2026-06-14 21:55:56,amazon Dcvoltage,false
1185451,203-4259189-9549134,AMAZON,B0DVGQ852R,,LSCY290BM3PK+RPR44WH3PK,1,39.89,39.89,2026-06-14 22:05:01,amazon Dcvoltage,false
1185452,203-7371124-4128357,AMAZON,B0DTPB2YC2,,WCB2BM3PK+RPR44WH3PK,2,43.78,18.24,2026-06-14 22:05:01,amazon Ledsone,false
1185455,203-6288942-9745943,AMAZON,B0F1D59PXR,,RWWPSY08GY,1,5.26,1.99,2026-06-14 22:07:24,amazon Dcvoltage,false
1185459,202-8511376-2185927,AMAZON,B09HV6YPCH,,CRFF500BM+PHHT1PBRBM3PK+WCDTBM3PK,1,37.79,31.49,2026-06-14 22:18:58,amazon Ledsone,false
1185464,204-9255790-6354711,AMAZON,B09477YHK7,,LDMG95E278APK,1,35.19,29.32,2026-06-14 22:24:06,amazon Ledsone,false
1185465,205-2459348-1717904,AMAZON,B0CMCPXP21,,CRFF500CH+WCCY1ROCH3PK+LDMT45E2743PK,1,62.89,52.41,2026-06-14 22:25:54,amazon Ledsone,false
1185469,205-4224627-0026737,AMAZON,B0GYP9Q11N,,BS6S8033WH,1,20.89,17.41,2026-06-14 22:32:29,amazon Ledsone,false
1185478,203-5574919-4544322,AMAZON,B0GSFB5MT6,,LSGLULCL+RPM40WH,1,12.89,12.89,2026-06-14 23:02:05,amazon Dcvoltage,false
1185485,206-8266849-9392326,AMAZON,B0DH66Y429,,CL2TBP5PK,1,10.09,10.09,2026-06-14 23:34:54,amazon Dcvoltage,false
1185493,026-3514452-9860332,AMAZON,B0D7MDP9XP,,LDMG95B224APK,5,114.95,22.99,2026-06-15 00:50:40,amazon Dcvoltage,false
1185494,205-2628355-9132309,AMAZON,B0FX2XDLT5,,LSCYRO200BM2PK+RPR44WH2PK,1,24.89,24.89,2026-06-15 00:57:16,amazon Dcvoltage,false
1185495,026-9190414-9736306,AMAZON,B09LMKNDW7,,CRSF100BM+LHNSE27BM+SCRN70YB+LSMS320RE,1,19.89,16.57,2026-06-15 01:28:55,amazon Ledsone,false
1185500,202-8130833-1077151,AMAZON,B08VGQPLWZ,,WCDTGD+RPR44WH,1,10.69,10.69,2026-06-15 02:53:13,amazon Dcvoltage,false
1185501,203-1804543-6193909,AMAZON,B0FX2SZFZM,,LSCYRO300BM2PK+RPR44WH2PK,1,28.89,28.89,2026-06-15 03:14:50,amazon Dcvoltage,false
1185574,205-0406349-6295561,AMAZON,B0GLQC394Y,,LSCY290DYE+RPR44WH,1,15.89,13.24,2026-06-15 05:45:33,amazon Ledsone,false
1185575,202-7408776-3396346,AMAZON,B0CGRQ5Z4T,,CRSF100BM2PK+PHRYWP1RBM2PK,2,41.38,17.24,2026-06-15 05:45:28,amazon Ledsone,false
1185581,206-1230448-0234703,AMAZON,B0FR8C1X83,,PHUH1HETBM2PK+LSHM400HE2PK,1,63.89,63.89,2026-06-15 06:27:16,amazon Dcvoltage,false
1185592,026-6142232-1358714,AMAZON,B0CV7K4PZC,,RWGS1342WH,1,6.75,3.59,2026-06-15 06:41:31,amazon Dcvoltage,false
1185594,202-5257218-0380327,AMAZON,B0BLP1JSRK,,LDMST64E2786PK,1,20.39,16.99,2026-06-15 06:55:08,amazon Ledsone,false
1185595,203-0003350-2424310,AMAZON,B0FW514SS5,,LSCYRO300BM+RPR44WH,1,19.89,19.89,2026-06-15 06:54:54,amazon Dcvoltage,false
1185612,205-1715625-6461944,AMAZON,B0FX2T3V9J,,LSCYRO200GD2PK+RPR44WH2PK,1,26.89,26.89,2026-06-15 08:07:37,amazon Dcvoltage,false
1185614,203-0792165-8090733,AMAZON,B08SHV91ZW,,CRFF100GB+PHUP1PBRGB+CNT900GB,1,11.99,11.99,2026-06-15 08:16:33,amazon Dcvoltage,false
1185621,203-5872226-1012350,AMAZON,B08QR82LCQ,,ENC622,1,39.89,39.89,2026-06-15 08:36:34,amazon Dcvoltage,false
1185623,203-6965837-4769923,AMAZON,B0D6G68TX9,,CSBEB9AG+CSBEB9BM,1,10.09,10.09,2026-06-15 08:42:49,amazon Dcvoltage,false
1185632,202-3793030-3436326,AMAZON,B0DCDSZ719,,LDSG95DIE2743PK,1,21.89,18.24,2026-06-15 09:11:38,amazon Ledsone,false
1185647,204-7516983-4868348,AMAZON,B07CVCT7XN,,LDMG95E278,2,13.98,6.99,2026-06-15 09:19:28,amazon Dcvoltage,false
1185659,203-3305429-6049902,AMAZON,B0C7CJHCB3,,LSCY290CB+RPR44WH,1,15.89,15.89,2026-06-15 09:56:27,amazon Dcvoltage,false
1185664,205-6425721-1550711,AMAZON,B0BBGPH5QC,,CL2RBM5PK,1,15.89,15.89,2026-06-15 10:06:07,amazon Dcvoltage,false
1185665,026-1672099-7522716,AMAZON,B0GYPHS1FD,,BS6S6628BM,1,20.89,17.41,2026-06-15 10:02:28,amazon Ledsone,false
1185668,204-2859537-3641920,AMAZON,B0F8QCBY49,,CERU36200BM,1,4.88,1.66,2026-06-15 10:11:01,amazon Ledsone,false
1185669,204-2498775-8668353,AMAZON,B08NTKB1DM,,CRFF500BM+PHCH1BMRBM3PK+LSCY210BG3PK,1,38.78,32.32,2026-06-15 10:15:11,amazon Ledsone,false
1185674,206-8509693-6622738,AMAZON,B0DH6FPVYK,,CL2TCRAPK,1,18.29,18.29,2026-06-15 10:30:57,amazon Dcvoltage,false
1185680,205-1817635-5144315,AMAZON,B0GDMFJZHV,,STBFT50M48EWH3PK,1,6.68,3.16,2026-06-15 10:38:48,amazon Ledsone,false
1185686,206-8905045-3057915,AMAZON,B0F28YKH9K,,LSCY290RR+RPR44WH,1,15.89,13.24,2026-06-15 10:46:16,amazon Ledsone,false
1185687,203-0859051-6398748,AMAZON,B0B7KCXV72,,CRFF105GB,1,11.24,6.96,2026-06-15 10:46:28,amazon Ledsone,false
1185688,202-8954303-4279526,AMAZON,B07YKZYWY3,,WR5PK,1,7.98,5.09,2026-06-15 10:46:21,amazon Dcvoltage,false
1185689,206-4254280-6127517,AMAZON,B0FW53N4JZ,,LSCYRO200BM+RPR44WH,1,14.89,14.89,2026-06-15 10:46:58,amazon Dcvoltage,false
1185697,205-0057360-8946775,AMAZON,B0DCK527TN,,STBFT50M48EWH,1,6.38,3.49,2026-06-15 10:50:00,amazon Dcvoltage,false
1185698,205-8994451-0420337,AMAZON,B0FX2XDLT5,,LSCYRO200BM2PK+RPR44WH2PK,1,26.89,26.89,2026-06-15 10:45:54,amazon Dcvoltage,false
1185699,202-9503583-7468339,AMAZON,B0DFHN9WRJ,,LSCY290BC+RPR44WH,1,16.89,16.89,2026-06-15 10:56:33,amazon Dcvoltage,false
1185701,026-2661010-2036323,AMAZON,B0CMCNPTVP,,CRFF500BM+WCCY1ROCH3PK+LDDTCE27123PK,1,67.89,56.57,2026-06-15 11:05:09,amazon Ledsone,false
1185704,205-3451664-8881909,AMAZON,B0GW7T9WPD,,CRSF1202WH,1,9.58,5.57,2026-06-15 11:08:57,amazon Ledsone,false
1185705,205-8937021-8421916,AMAZON,B0D7S58MB1,,LSMS320BI2PK+RPR44WH2PK,1,25.89,21.57,2026-06-15 11:05:44,amazon Ledsone,false
1185714,205-3025216-7024343,AMAZON,B0FPQVSMFT,,LDCWT75B2212,1,8.79,7.32,2026-06-15 11:24:19,amazon Ledsone,false
1185730,204-0667155-4576302,AMAZON,B0GQ48BNBZ,,LSGLSC115AR+RPM40WH,1,11.89,11.89,2026-06-15 11:40:01,amazon Dcvoltage,false
1185742,026-9876955-1853127,AMAZON,B0BW4M4JYB,,LSLT360BC+RPR44WH,2,26.98,13.49,2026-06-15 12:04:11,amazon Dcvoltage,false
1185751,203-1577182-4604304,AMAZON,B08BZKNC4L,,CBSF295,2,14.98,7.49,2026-06-15 12:17:38,amazon SRM Amazon,false
1185761,026-4260312-3732344,AMAZON,B09KVB6H5L,,ENC2000,1,86.26,71.88,2026-06-15 12:23:58,amazon Ledsone,false
1185764,204-5808061-6917115,AMAZON,B0DH4KYFPD,,WCDTBM2PK+RPR44WH2PK,1,18.29,15.24,2026-06-15 12:22:19,amazon Ledsone,false
1185770,202-4442298-7589138,AMAZON,B0FX2XDLT5,,LSCYRO200BM2PK+RPR44WH2PK,1,26.89,26.89,2026-06-15 12:33:02,amazon Dcvoltage,false
1185780,206-6949667-9189954,AMAZON,B0F9YNBRZD,,LSMS320BG+RPR44WH,2,33.78,14.08,2026-06-15 12:52:21,amazon Ledsone,false
1185781,026-2906957-8506747,AMAZON,B0GTV48J5T,,LDMT185B224,1,5.99,4.99,2026-06-15 12:56:56,amazon Ledsone,false
1185787,206-6347281-3016316,AMAZON,B09MWKLQV4,,ENC2253,1,33.38,29.91,2026-06-15 13:01:09,amazon Ledsone,false
1185788,204-2043630-2209142,AMAZON,B0DTYKRKM2,,LSCY290RO2PK+RPR44WH2PK,1,29.89,24.91,2026-06-15 13:04:47,amazon Ledsone,false
1185794,202-0297876-2629936,AMAZON,B0BNXJXYPC,,CRSF100CO+PHSH1PBRCO+SCRN70CO+LSTF40CO,1,15.56,17.29,2026-06-15 13:10:03,amazon Dcvoltage,false
1185795,202-9485636-9073931,AMAZON,B0CCHYSJWC,,SPSDP2YB,1,8.78,4.91,2026-06-15 13:15:58,amazon Ledsone,false
1185801,203-1201198-9416317,AMAZON,B0DV5F3N8Z,,ENC8218,1,34.07,34.07,2026-06-15 13:28:54,amazon Ledsone,false
1185802,203-1201198-9416317,AMAZON,B0DV5DF7H5,,ENC8216,1,32.50,32.50,2026-06-15 13:28:54,amazon Ledsone,false
1185803,026-1315605-7958741,AMAZON,B0FX2SHBL5,,LSCYRO120BM2PK+RPR44WH2PK,1,21.89,21.89,2026-06-15 13:20:33,amazon Dcvoltage,false
1185804,202-9797701-9620355,AMAZON,B0FTG9DY12,,WCIR300BM+RPR44WH,1,16.89,16.89,2026-06-15 13:26:38,amazon Dcvoltage,false
1185805,203-5845259-8185940,AMAZON,B0G7CBNVMV,,12UK3P5A+SLW8,1,13.17,13.17,2026-06-15 13:29:11,amazon Dcvoltage,false
1185809,205-8879474-0992352,AMAZON,B0CNJX1DV8,,WCB7WH+RPR44WH,1,10.89,10.89,2026-06-15 13:35:12,amazon Dcvoltage,false
1185815,206-4088468-4433900,AMAZON,B09MWKY7T6,,ENC2218,1,29.69,24.74,2026-06-15 13:54:21,amazon Ledsone,false
1185822,026-3750765-4499549,AMAZON,B0DFHPFXGT,,LSCY290YB+RPR44WH,1,17.89,17.89,2026-06-15 14:12:32,amazon Dcvoltage,false
1185823,026-0667052-5644314,AMAZON,B0CVN6PYHV,,CENU19150BM,1,3.64,0.69,2026-06-15 14:20:10,amazon Dcvoltage,false
1185832,203-1691487-7261934,AMAZON,B0BSGSLZMD,,LDMST64E2786PK,1,15.49,15.49,2026-06-15 14:25:36,amazon Dcvoltage,false
1185836,026-9539536-9593949,AMAZON,B08NDF5WD2,,WCDTWH+RPR44WH,1,10.89,10.89,2026-06-15 14:34:18,amazon Dcvoltage,false
1185838,202-5776730-2078751,AMAZON,B0BBB5YCJN,,CL3RCR5PK,2,31.58,13.16,2026-06-15 14:29:19,amazon Ledsone,false
1185842,205-6704267-1497116,AMAZON,B0D2N4WCFZ,,CRFF500YB,1,11.89,9.91,2026-06-15 14:49:36,amazon Ledsone,false
1185847,202-4134012-0891550,AMAZON,B0DX6WRK79,,CENU25200BM,1,4.38,1.24,2026-06-15 14:48:58,amazon Ledsone,false
1185848,203-1526465-9661142,AMAZON,B0FPQVSMFT,,LDCWT75B2212,1,8.79,7.32,2026-06-15 14:58:35,amazon Ledsone,false
1185849,204-9856823-6565945,AMAZON,B09YYSLDWP,,PLADBM+LSDO210BG3PK+ICST64E273PK,1,56.89,56.89,2026-06-15 14:50:18,amazon Dcvoltage,false
1185850,026-9346508-5663569,AMAZON,B0CTTB5FC2,,LSCO335WH2PK+RPR44WH2PK,1,27.89,27.89,2026-06-15 14:52:18,amazon Dcvoltage,false
1185857,203-9528556-3068337,AMAZON,B0GTMZWFCD,,LSGL15014CL+RPM40WH,1,10.89,9.07,2026-06-15 15:09:03,amazon Ledsone,false
1185858,205-3877573-9607542,AMAZON,B0D8Y6WH46,,LSRP260CO+RPR44WH,2,37.98,15.83,2026-06-15 15:13:25,amazon Ledsone,false
1185859,026-5421059-2737100,AMAZON,B093T4C95B,,LSMS320CB+RPR44WH,2,27.98,11.66,2026-06-15 15:14:54,amazon Ledsone,false
1185860,206-6421481-6387531,AMAZON,B0DJCWXVZC,,ENC7704,1,48.19,48.19,2026-06-15 15:05:45,amazon Dcvoltage,false
1185861,026-3414115-4417114,AMAZON,B0FQVK88R8,,ENC9103,2,43.00,23.89,2026-06-15 15:15:27,amazon Dcvoltage,false
1185866,203-9073720-8025104,AMAZON,B0CGRNLLPR,,CRSF100BM+PHRYWP1RBM,1,11.69,9.74,2026-06-15 15:24:51,amazon Ledsone,false
1185867,204-3741851-1957147,AMAZON,B0FPWXQWQD,,LDCWA60HB2296PK,1,9.98,6.24,2026-06-15 15:28:19,amazon Ledsone,false
1185868,205-6224977-4220304,AMAZON,B0CWNZPC49,,CRFF140SN+WSNW170SN+LSMS320GY,2,39.38,16.41,2026-06-15 15:26:48,amazon Ledsone,false
1185873,026-5216754-9486750,AMAZON,B0DX6WRK79,,CENU25200BM,3,6.91,1.24,2026-06-15 15:30:33,amazon Ledsone,false
1185877,205-6333412-1401141,AMAZON,B09GVPQB5S,,CRSF100BM+WSHR135BM+LSDM220YB+ICST64E27,1,21.89,21.89,2026-06-15 15:37:28,amazon Dcvoltage,false
1185881,202-4416056-0849151,AMAZON,B0CVDZZ8NN,,TSTLRUSRB2PK,1,11.18,6.91,2026-06-15 15:41:30,amazon Ledsone,false
1185882,206-3661586-6394707,AMAZON,B0CV17KMM8,,CKCP38382T2,1,29.49,29.49,2026-06-15 15:42:40,amazon Dcvoltage,false
1185899,205-9017746-0697152,AMAZON,B0FW4P3H8Z,,LSCYRO200BM+RPR44WH,1,14.89,12.41,2026-06-15 16:12:01,amazon Ledsone,false
1185900,204-3143763-9791501,AMAZON,B08VGPPCY1,,WCDTBM+RPR44WH,4,41.16,10.29,2026-06-15 16:13:23,amazon Dcvoltage,false
1185905,205-4553786-7048355,AMAZON,B0CY53XG9S,,CKTBDFBK,1,12.89,12.89,2026-06-15 16:25:35,amazon Dcvoltage,false
1185906,206-9937285-9478722,AMAZON,B096G8PC4S,,CRSF100GB+PHCHPBRGB+LSCY290GB,1,24.49,20.41,2026-06-15 16:28:06,amazon Ledsone,false
1185910,026-9715225-4245962,AMAZON,B0F9VDWTYX,,CL3RBM3PK,1,8.79,7.32,2026-06-15 16:31:07,amazon Ledsone,false
1185912,204-1064539-2047553,AMAZON,B0BVMT26RM,,CRSF2003BS+PHRI1PCRSN3PK+LSHH240BS3PK,1,59.89,59.89,2026-06-15 16:29:12,amazon Dcvoltage,false
1185913,206-9650682-1330751,AMAZON,B0F1D3FS5C,,RWWPSY0660YE,1,5.88,2.99,2026-06-15 16:33:41,amazon Dcvoltage,false
1185919,203-5528072-6045130,AMAZON,B09477YHK7,,LDMG95E278APK,1,35.19,29.32,2026-06-15 16:48:49,amazon Ledsone,false
1185922,206-0471103-7549928,AMAZON,B0H2SFBKWQ,,PCBISR5PK,1,7.89,6.57,2026-06-15 17:04:11,amazon Ledsone,false
1185923,205-3154512-0589153,AMAZON,B0G2L39VW9,,ENC4632,1,31.89,26.57,2026-06-15 17:07:03,amazon Ledsone,false
1185924,205-0488171-4154754,AMAZON,B07PM469HP,,CL3TCRAPK,1,19.49,19.49,2026-06-15 17:01:21,amazon Dcvoltage,false
1185926,202-9408051-7101962,AMAZON,B0CC8L3YCS,,CRSF100GB+WSSS70GB+LSRP260GB+ICST64E27,1,26.89,26.89,2026-06-15 17:36:34,amazon Dcvoltage,false
1185927,205-7897308-5397125,AMAZON,B0F7QRPZY7,,CL3TBRAPK,1,15.82,15.82,2026-06-15 17:01:21,amazon Ledsone,false
1185928,205-7897308-5397125,AMAZON,B0BBB5SX4T,,CL3RPE5PK,1,13.16,13.16,2026-06-15 17:01:21,amazon Ledsone,false
1185929,205-7897308-5397125,AMAZON,B07MMSXVG2,,CL3RPIAPK,1,21.57,21.57,2026-06-15 17:01:21,amazon Ledsone,false
1185930,205-7897308-5397125,AMAZON,B0BC1BY6S1,,CL3RBRAPK,1,20.24,20.24,2026-06-15 17:01:21,amazon Ledsone,false
1185931,205-7897308-5397125,AMAZON,B0D8PY2QJZ,,CL3TBRAPK,1,19.07,19.07,2026-06-15 17:01:21,amazon Ledsone,false
1185932,205-7897308-5397125,AMAZON,B0D8Q1RJN3,,CL3RBRAPK,1,18.74,18.74,2026-06-15 17:01:21,amazon Ledsone,false
1185933,205-7897308-5397125,AMAZON,B0BC1H7FR9,,CL3RPEAPK,1,21.57,21.57,2026-06-15 17:01:21,amazon Ledsone,false
1185934,205-7897308-5397125,AMAZON,B0F7R1VSQD,,CL3TWHAPK,1,16.24,16.24,2026-06-15 17:01:21,amazon Ledsone,false
1185935,205-4221592-1324325,AMAZON,B0BC4CN4MN,,CL3TROAPK,1,27.89,27.89,2026-06-15 17:01:21,amazon SRM Amazon,false
1185936,205-4221592-1324325,AMAZON,B08KGTQZPW,,CL3TBMAPK,1,22.89,22.89,2026-06-15 17:01:21,amazon SRM Amazon,false
1185937,205-4221592-1324325,AMAZON,B08KYBBQHX,,CL2TIVAPK,1,22.22,22.22,2026-06-15 17:01:21,amazon SRM Amazon,false
1185942,203-1578301-9736356,AMAZON,B0DCSG3CVL,,WCWDRO2PK+RPR44WH2PK,1,15.89,13.24,2026-06-15 17:20:10,amazon Ledsone,false
1185948,026-4802560-3276329,AMAZON,B0DMT5TFSY,,PCFT90TBMAPK,1,16.29,13.57,2026-06-15 17:33:20,amazon Ledsone,false
1185949,203-0521841-6563564,AMAZON,B08G4YZDH5,,LDMG125E278,1,11.99,11.99,2026-06-15 17:45:23,amazon SRM Amazon,false
1185958,204-4052323-4416313,AMAZON,B0CTTGSYKH,,LSMS320YE+RPR44WH,2,34.98,14.99,2026-06-15 18:01:05,amazon Dcvoltage,false
1185969,204-2705678-7885965,AMAZON,B0F1D3YQPG,,RWWPSY10GY,1,5.76,2.49,2026-06-15 18:12:40,amazon Dcvoltage,false
1185972,206-1686895-3863546,AMAZON,B0FJ2JF399,,STPVC17ABLAPK,1,7.58,4.69,2026-06-15 18:20:26,amazon Dcvoltage,false
1185979,205-2202911-5987530,AMAZON,B08XNPSWMN,,CRSF100BC+LHNSE27YB+SCRN70BC+LSWD360BC,2,53.80,29.89,2026-06-15 18:33:34,amazon Dcvoltage,false
1185981,206-3855092-8638757,AMAZON,B0CPDPWLV4,,WJB2,5,17.89,3.00,2026-06-15 18:37:32,amazon Dcvoltage,false
1185983,206-7430852-7096312,AMAZON,B0C3HFQR8L,,ENC686,1,57.86,48.22,2026-06-15 18:35:36,amazon Ledsone,false
1185988,206-4608754-3575551,AMAZON,B0FVM8LHNX,,CERU36150BL,1,4.58,1.41,2026-06-15 18:43:12,amazon Ledsone,false
1186007,026-4993523-4935555,AMAZON,B0DBZGHLSR,,LDSHEAE2743PK,1,18.24,18.24,2026-06-15 19:01:22,amazon Ledsone,false
1186008,026-4993523-4935555,AMAZON,B0CV5DK5NC,,LDSG125LOE2742PK,1,14.91,14.91,2026-06-15 19:01:22,amazon Ledsone,false
1186010,202-8231233-2852306,AMAZON,B0DMT5YWLR,,PCFT90TBM5PK,1,12.68,8.16,2026-06-15 19:03:21,amazon Ledsone,false
1186011,202-4076521-3241929,AMAZON,B0G2Y99L5B,,ENC9049,1,18.79,18.79,2026-06-15 18:59:46,amazon Dcvoltage,false
1186012,203-5516457-2181948,AMAZON,B0CNXVXSSB,,CRSF100GB+LHNSE27GB+LSDM220GB,1,24.89,24.89,2026-06-15 19:10:00,amazon Dcvoltage,false
1186014,204-1515358-9828310,AMAZON,B0B9KFV1PH,,CL3TGL5PK,1,13.89,11.57,2026-06-15 19:10:11,amazon Ledsone,false
1186021,205-6817881-4783523,AMAZON,B0C7H1M3JD,,LSFT220BG+RPR44WH,1,12.89,12.89,2026-06-15 19:21:13,amazon Dcvoltage,false
1186033,203-9736087-9699507,AMAZON,B0GVSYH4DM,,WCBTC140FG2PK+RPR44WH2PK,1,22.89,19.07,2026-06-15 14:40:28,amazon Ledsone,false
1186034,204-4218708-3766747,AMAZON,B0CRZ5Z4LM,,LSCY290CH+RPR44WH,1,18.29,18.29,2026-06-15 19:36:54,amazon Dcvoltage,false
1186039,205-5876096-5510727,AMAZON,B0CMCQSL71,,CRSF100WH+PHCH1PCTSRE+ICST64E27,1,14.19,11.82,2026-06-15 19:44:30,amazon Ledsone,false
1186041,202-8981741-3064336,AMAZON,B0DTYMM4B6,,LSCY290GB2PK+RPR44WH2PK,1,29.79,24.82,2026-06-15 19:21:19,amazon Ledsone,false
1186042,206-4386579-4700353,AMAZON,B0FB41DWMV,,LDMC35E1446PK,1,20.29,16.91,2026-06-15 19:46:18,amazon Ledsone,false
1186043,205-0156889-8000368,AMAZON,B0CBPQH72B,,WCB4BS2PK+RPR44WH2PK,1,15.47,17.19,2026-06-15 19:40:35,amazon Dcvoltage,false
1186044,206-1414660-3005914,AMAZON,B0CNPZDQHZ,,LDMG95E278,1,7.19,7.19,2026-06-15 19:43:04,amazon Dcvoltage,false
1186051,206-0920118-0641923,AMAZON,B08WRTD7YP,,PHCT1BMRBM+PHBA1BMRBM+LSYG410BI,14,341.59,27.11,2026-06-15 19:53:27,amazon Dcvoltage,false
1186052,204-2075368-2324338,AMAZON,B0CJ4Q2DF3,,LSMCSPFLMC+RPM40WH,3,69.90,25.89,2026-06-15 19:54:30,amazon Dcvoltage,false
1186053,026-5201509-3849120,AMAZON,B0DRP5RHMG,,LHSHE27WH2PK,1,10.89,10.89,2026-06-15 19:52:46,amazon SRM Amazon,false
1186054,206-3946255-1825931,AMAZON,B0F29L9LFG,,CERU36200GR,1,4.78,1.57,2026-06-15 19:56:43,amazon Ledsone,false
1186056,202-9049901-7151531,AMAZON,B0DH95RBZR,,CL3THE2PK,1,9.28,5.99,2026-06-15 20:01:15,amazon Dcvoltage,false
1186066,204-3837703-5066738,AMAZON,B0CNPV5SC5,,LDMG95B228,1,6.79,6.79,2026-06-15 20:16:10,amazon Dcvoltage,false
1186075,205-3584423-4698726,AMAZON,B0DK8W4C81,,LHPOE27SN,1,12.78,8.24,2026-06-15 20:29:14,amazon Ledsone,false
1186080,204-7589374-5997117,AMAZON,B0CNQ1Q3BJ,,LDMG125E278,3,24.57,8.19,2026-06-15 20:36:12,amazon Dcvoltage,false
1186082,026-6629596-4656331,AMAZON,B0CFXNV29R,,TPHTTF2PBRBM+ICST64E27,1,21.29,17.74,2026-06-15 20:30:27,amazon Ledsone,false
1186083,203-2237130-9937103,AMAZON,B0DV5FSQVT,,ENC8213,1,34.89,34.89,2026-06-15 20:34:20,amazon SRM Amazon,false
1186088,203-0067313-0777926,AMAZON,B0CS9Q78XH,,LSCY210BG2PK+RPR44WH2PK,1,23.49,23.49,2026-06-15 20:42:49,amazon Dcvoltage,false
1186091,202-2915875-8089915,AMAZON,B0B9Y59487,,CL3TBR5PK,1,13.79,11.49,2026-06-15 20:50:20,amazon Ledsone,false
1186092,202-5779307-5369935,AMAZON,B0CCJS4LPS,,SPSDP1YB3PK,1,10.09,8.41,2026-06-15 20:56:35,amazon Ledsone,false
1186111,026-1968512-5953903,AMAZON,B0CR192NVG,,MBCO3046CLNPK,1,14.39,11.99,2026-06-15 21:12:53,amazon Ledsone,false
1186113,206-1529342-3702730,AMAZON,B0DH4KYFPD,,WCDTBM2PK+RPR44WH2PK,1,18.29,15.24,2026-06-15 21:16:27,amazon Ledsone,false
1186114,203-4970779-3322717,AMAZON,B0CBRL28PQ,,PHDH1HETHE,1,18.89,18.89,2026-06-15 21:09:46,amazon Dcvoltage,false
1186120,204-9336992-0909947,AMAZON,B0FW4P3H8Z,,LSCYRO200BM+RPR44WH,1,14.89,12.41,2026-06-15 21:22:32,amazon Ledsone,false
1186121,203-9008397-7418759,AMAZON,B0CDPWFXXW,,PHHR1DSTHE2PK,1,25.89,21.57,2026-06-15 21:24:09,amazon Ledsone,false
1186122,206-2049115-9679548,AMAZON,B09YYSLDWP,,PLADBM+LSDO210BG3PK+ICST64E273PK,1,56.89,56.89,2026-06-15 21:27:01,amazon Dcvoltage,false
1186126,205-1883435-8028346,AMAZON,B0CQT81DRB,,LSDO210BG+RPR44WH,1,21.39,11.29,2026-06-15 21:36:35,amazon Dcvoltage,false
1186127,202-0293899-2962768,AMAZON,B0CNJX1DV8,,WCB7WH+RPR44WH,1,10.89,10.89,2026-06-15 21:36:34,amazon Dcvoltage,false
1186128,203-3531314-6495505,AMAZON,B0DH4KYFPD,,WCDTBM2PK+RPR44WH2PK,1,18.29,15.24,2026-06-15 21:33:09,amazon Ledsone,false
1186134,202-7345426-9519567,AMAZON,B0BWTX6NJ8,,LSCP150BD+RPR44WH,1,11.89,11.89,2026-06-15 21:54:59,amazon Dcvoltage,false
1186135,026-9922595-4836367,AMAZON,B0BWNHGMN2,,PLWLBC+ICST64E27,1,18.29,15.24,2026-06-15 21:50:22,amazon Ledsone,false
1186139,206-4179139-9898760,AMAZON,B0CNQ1Q3BJ,,LDMG125E278,2,16.38,8.19,2026-06-15 22:07:49,amazon Dcvoltage,false
1186140,202-9445050-7471511,AMAZON,B0CP9GBQHY,,ENC1284,3,83.67,27.89,2026-06-15 22:08:04,amazon Dcvoltage,false
1186141,202-4953337-0724314,AMAZON,B0CBMNDNVX,,LSCY290BL+RPR44WH,1,15.89,13.24,2026-06-15 22:15:24,amazon Ledsone,false
1186142,202-3141850-9677132,AMAZON,B0D28YQP11,,LSCY290GB2PK+RPR44WH2PK,1,26.83,26.83,2026-06-15 22:15:24,amazon Ledsone,false
1186143,202-3141850-9677132,AMAZON,B0D292PP67,,LSCY290BU2PK+RPR44WH2PK,1,25.49,25.49,2026-06-15 22:15:24,amazon Ledsone,false
1186144,202-3141850-9677132,AMAZON,B0DXQ7YWGJ,,LSCY290YB2PK+RPR44WH2PK,1,23.24,23.24,2026-06-15 22:15:24,amazon Ledsone,false
1186145,026-0393772-9506728,AMAZON,B0BB371VF4,,CL2RRE5PK,1,13.79,11.49,2026-06-15 22:16:04,amazon Ledsone,false
1186146,204-4928727-4713168,AMAZON,B0DTHKSHFY,,WCB7BS3PK+RPR44WH3PK,1,23.49,23.49,2026-06-15 22:11:01,amazon Dcvoltage,false
1186147,204-8127894-3484318,AMAZON,B075XQNZBL,,LDMST64E274,1,9.38,5.41,2026-06-15 22:25:41,amazon Ledsone,false
1186148,204-6290820-3389933,AMAZON,B0F8QCBY49,,CERU36200BM,1,4.88,1.66,2026-06-15 22:28:16,amazon Ledsone,false
1186156,026-6953829-6853137,AMAZON,B0FPWXQWQD,,LDCWA60HB2296PK,1,9.98,6.24,2026-06-15 22:30:48,amazon Ledsone,false
1186165,205-5032670-7633165,AMAZON,B0B7KCXV72,,CRFF105GB,1,11.68,7.32,2026-06-15 23:13:54,amazon Ledsone,false
1186167,203-3663154-9150742,AMAZON,B0D3M13N9X,,CSBEB6OR+CSBEB6PI,1,10.89,9.07,2026-06-15 23:23:53,amazon Ledsone,false
1186168,204-4633229-8958747,AMAZON,B0GTMQW1WF,,LSGL15014CL3PK+RPM40WH3PK,1,25.89,21.57,2026-06-15 23:25:09,amazon Ledsone,false
1186179,205-4432071-8276364,AMAZON,B0CBPBRNSZ,,WCB2BB2PK+RPR44WH2PK,1,15.79,15.79,2026-06-16 00:05:01,amazon Dcvoltage,false
1186182,204-9314196-1201139,AMAZON,B08V8SCW2X,,WCB7BM+RPR44WH,2,24.58,12.29,2026-06-16 00:21:14,amazon Dcvoltage,false
1186221,202-8678744-0857147,AMAZON,B0D45236MW,,PHSF2GDTYB+ICST64E27,1,22.58,18.69,2026-06-16 05:08:36,amazon Dcvoltage,false
1186231,202-0332782-0865131,AMAZON,B0FVM8LHNX,,CERU36150BL,3,7.96,1.41,2026-06-16 06:40:41,amazon Ledsone,false
1186232,203-5727599-4995543,AMAZON,B0DH8XKTL8,,CL3TBK3PK,1,12.43,8.99,2026-06-16 06:41:39,amazon Dcvoltage,false
1186236,203-3413723-7406759,AMAZON,B08XXVW1QV,,WCB2RR+RPR44WH,1,10.79,10.79,2026-06-16 07:15:45,amazon Dcvoltage,false
1186237,026-8126572-6057147,AMAZON,B097YR1WKC,,CRFF500BM+PHHT1PBRRO3PK+WCWDRO3PK,1,38.99,32.49,2026-06-16 07:11:24,amazon Ledsone,false
1186239,026-5392727-6110708,AMAZON,B0D83MBJW1,,WCDTGD3PK+RPR44WH3PK,1,24.89,24.89,2026-06-16 07:22:14,amazon Dcvoltage,false
1186240,202-9427849-2887569,AMAZON,B0DHGM5NP4,,LSCY290WH2PK+RPR44WH2PK,1,26.89,22.41,2026-06-16 07:16:29,amazon Ledsone,false
1186244,026-1388982-6053137,AMAZON,B0DX6TP9TZ,,CENU36300WH,1,5.78,2.07,2026-06-16 07:31:59,amazon Ledsone,false
1186245,206-9050700-1149900,AMAZON,B08XWSBPHW,,WCB1BM+RPR44WH,1,9.99,9.99,2026-06-16 07:35:36,amazon Dcvoltage,false
1186249,205-1944852-5736361,AMAZON,B0GLGB3M6Q,,LSGLFP245PU+RPM40WH,1,15.89,15.89,2026-06-16 07:39:40,amazon Dcvoltage,false
1186250,202-5475937-5330724,AMAZON,B0GXB6VRXQ,,WCBTC100FG2PK+RPR44WH2PK,1,17.89,14.91,2026-06-16 07:47:13,amazon Ledsone,false
1186257,203-1959979-5775509,AMAZON,B0GNZLCX15,,LHXSHE27BM3PK,1,13.89,11.57,2026-06-16 07:53:30,amazon Ledsone,false
1186275,203-0214414-5150719,AMAZON,B0BLZFGY38,,LDMG95E274APK,2,55.78,23.24,2026-06-16 08:24:58,amazon Ledsone,false
1186286,204-3765918-6582723,AMAZON,B0CZ9CH465,,LSMS320BT2PK+RPR44WH2PK,1,23.27,22.16,2026-06-16 09:04:38,amazon Dcvoltage,false
1186287,203-2591163-3468336,AMAZON,B093WZG38Q,,HLHG120CH,2,4.66,2.59,2026-06-16 09:09:47,amazon Dcvoltage,false
1186288,205-8681492-6550724,AMAZON,B0B9Y59487,,CL3TBR5PK,1,13.79,11.49,2026-06-16 09:01:19,amazon Ledsone,false
1186292,205-1030808-1614737,AMAZON,B0B9Y5MRSK,,CL3TGD5PK,1,13.79,11.49,2026-06-16 09:17:01,amazon Ledsone,false
1186306,206-2456883-1645934,AMAZON,B0DBX393DY,,CL2RWHAPK,1,18.49,18.49,2026-06-16 09:42:25,amazon Dcvoltage,false
1186312,205-2989283-0337165,AMAZON,B08XBYXQC6,,CL3TBRAPK,1,19.99,19.99,2026-06-16 09:56:15,amazon Dcvoltage,false
1186318,203-6360456-0624300,AMAZON,B08VGQPLWZ,,WCDTGD+RPR44WH,2,26.38,10.69,2026-06-16 10:35:59,amazon Dcvoltage,false
1186326,203-5161699-8374760,AMAZON,B0917RQ9PM,,PLHCBC+LSDO210BC3PK,1,47.09,39.24,2026-06-16 10:26:37,amazon Ledsone,false
1186330,026-8684961-3521909,AMAZON,B0FH6JJKV4,,SPSDP2BMY,1,8.78,4.91,2026-06-16 10:36:18,amazon Ledsone,false
1186338,026-9354683-3164319,AMAZON,B0DMT5YWLR,,PCFT90TBM5PK,1,12.68,8.16,2026-06-16 10:39:05,amazon Ledsone,false
1186341,026-7790613-2568335,AMAZON,B0GC5MC7HV,,LSH3325HE+RPR44WH,1,16.05,16.89,2026-06-16 10:39:04,amazon Dcvoltage,false
1186345,206-7431054-2829903,AMAZON,B0FZCY5184,,LSHM300HE2PK+RPR44WH2PK,1,43.89,43.89,2026-06-16 10:51:39,amazon Dcvoltage,false
1186346,202-7399164-8107502,AMAZON,B09M42QJCS,,LDMG125E2785PK,3,71.67,23.89,2026-06-16 10:57:06,amazon Dcvoltage,false
1186347,204-7585268-0745127,AMAZON,B09477YHK7,,LDMG95E278APK,1,35.19,29.32,2026-06-16 10:53:55,amazon Ledsone,false
1186348,205-2458671-8457954,AMAZON,B0DCFP1CX8,,LDSG95DIE2746PK,1,35.19,29.32,2026-06-16 10:55:20,amazon Ledsone,false
1186364,026-4432576-1293156,AMAZON,B0C6DHXKZY,,CRSF1205CO+PHBK1PBRCO5PK,1,46.89,46.89,2026-06-16 11:14:44,amazon Dcvoltage,false
1186365,026-5633366-0651549,AMAZON,B0F292MNGB,,LSCY290BG+RPR44WH,2,34.98,14.58,2026-06-16 11:14:27,amazon Ledsone,false
1186366,206-4231472-2410754,AMAZON,B0CCDR7C3Y,,WCVCBS2PK+RPR44WH2PK,1,15.49,12.91,2026-06-16 11:15:55,amazon Ledsone,false
1186371,203-9781072-4702724,AMAZON,B07CWF9BYT,,12IP20180,1,14.89,14.89,2026-06-16 11:24:11,amazon Dcvoltage,false
1186372,203-5410683-7323528,AMAZON,B08PC4N942,,LHSHE27CO,1,10.88,6.66,2026-06-16 11:23:42,amazon Ledsone,false
1186379,026-5607665-6136343,AMAZON,B09L8K1Q8T,,CRSF100BM+PHCH1BMRBM+LSDO400YE,2,43.78,18.24,2026-06-16 11:32:52,amazon Ledsone,false
1186389,206-4712633-2765152,AMAZON,B0F1D3FS5C,,RWWPSY0660YE,1,5.88,2.99,2026-06-16 11:48:36,amazon Dcvoltage,false
1186397,205-4570167-5727555,AMAZON,B0F28Z2V3C,,LSCY290GB+RPR44WH,1,17.89,14.91,2026-06-16 11:49:36,amazon Ledsone,false
1186398,205-1415309-0099508,AMAZON,B0F292MNGB,,LSCY290BG+RPR44WH,1,17.49,14.57,2026-06-16 11:54:28,amazon Ledsone,false
1186399,202-0796855-2292329,AMAZON,B09L8KS17V,,CRSF100BM+PHCH1BMRBM+LSDO400BI,1,20.69,17.24,2026-06-16 12:00:07,amazon Ledsone,false
1186400,026-7375133-5887505,AMAZON,B0DQ8QN1KV,,CRSF100CO2PK+LHNSE27CO2PK+LSSS300CO2PK,1,46.99,46.99,2026-06-16 11:52:05,amazon SRM Amazon,false
1186405,026-0583912-7003551,AMAZON,B0DH4KYFPD,,WCDTBM2PK+RPR44WH2PK,1,18.29,15.24,2026-06-16 12:02:41,amazon Ledsone,false
1186406,205-5471381-9210737,AMAZON,B0F2GGDBJ1,,RWT460YE,1,10.48,6.32,2026-06-16 12:05:28,amazon Ledsone,false
1186408,206-6210781-6953919,AMAZON,B0CVN6PYHV,,CENU19150BM,1,3.64,0.69,2026-06-16 12:16:03,amazon Dcvoltage,false
1186412,204-0761827-1205105,AMAZON,B0CQNKTW88,,PLTFRR,1,21.89,21.89,2026-06-16 12:08:31,amazon Dcvoltage,false
1186416,203-6401865-5065940,AMAZON,B0F9YTQV7N,,PSFW4RGD,1,11.89,9.91,2026-06-16 12:38:44,amazon Ledsone,false
1186417,026-2778950-6581943,AMAZON,B0CM2RZNHV,,WCDTGD+RPR44WH,1,12.69,12.69,2026-06-16 12:33:24,amazon Dcvoltage,false
1186418,205-0170787-0066712,AMAZON,B08VGL8TBR,,LSCY290GB+RPR44WH,1,16.89,16.89,2026-06-16 12:33:20,amazon Dcvoltage,false
1186428,204-8554839-1677903,AMAZON,B0B4G7M44G,,CNT900GB,2,11.99,4.08,2026-06-16 12:49:14,amazon Ledsone,false
1186432,026-6319501-8412355,AMAZON,B0FX2TFPZM,,LSCYRO120WH2PK+RPR44WH2PK,1,22.89,22.89,2026-06-16 13:01:48,amazon Dcvoltage,false
1186434,204-7123704-3113933,AMAZON,B0DGPZ76JC,,LDMG95B2286PK,2,34.98,17.49,2026-06-16 13:15:23,amazon Dcvoltage,false
1186435,204-6409034-9307524,AMAZON,B0CKFD2MTJ,,PLTYBM+ICST64E27,3,52.70,15.74,2026-06-16 13:09:34,amazon Ledsone,false
1186438,202-3188145-9722733,AMAZON,B0GS2MG8FP,,TPHTTN2PBRBM+LSGL12010AR+LDMA60E274WW,1,23.99,23.99,2026-06-16 13:25:14,amazon Dcvoltage,false
1186442,205-5914038-9385115,AMAZON,B0CYXB8RPH,,ENC771,1,20.79,20.79,2026-06-16 13:30:24,amazon Dcvoltage,false
1186451,026-1691217-0725912,AMAZON,B0B9Y59487,,CL3TBR5PK,1,13.79,11.49,2026-06-16 13:49:22,amazon Ledsone,false
1186459,205-6222378-6227552,AMAZON,B0FW53N4JZ,,LSCYRO200BM+RPR44WH,1,14.89,14.89,2026-06-16 14:02:26,amazon Dcvoltage,false
1186468,026-0116573-5480326,AMAZON,B08PYZLJCK,,12IP6745,1,15.89,13.24,2026-06-16 14:17:33,amazon Ledsone,false
1186475,206-3936269-8087553,AMAZON,B0GQ48BNBZ,,LSGLSC115AR+RPM40WH,1,11.89,11.89,2026-06-16 14:19:15,amazon Dcvoltage,false
1186476,203-2331808-3257150,AMAZON,B0CZXL6ZYG,,TPOSBDBM,1,24.99,20.82,2026-06-16 14:21:47,amazon Ledsone,false
1186482,204-9649847-7738739,AMAZON,B0CF5NMTQX,,CRSF100CO+PHCHPBRCO+LSCY290CO,1,23.89,19.91,2026-06-16 14:35:21,amazon Ledsone,false
1186483,202-8729280-0597923,AMAZON,B0CGVGS81Z,,LSCY290WH+RPR44WH,1,15.89,15.89,2026-06-16 14:36:28,amazon SRM Amazon,false
1186484,203-5172532-9519563,AMAZON,B0BY56SQKF,,LSMS320CB+RPR44WH,1,14.99,14.99,2026-06-16 14:30:55,amazon Dcvoltage,false
1186489,026-9218543-7351551,AMAZON,B08DQTFMHS,,LSCY290CO+RPR44WH,2,36.58,18.29,2026-06-16 14:43:12,amazon SRM Amazon,false
1186492,206-4212271-4313167,AMAZON,B096G8PC4S,,CRSF100GB+PHCHPBRGB+LSCY290GB,1,24.49,20.41,2026-06-16 14:47:27,amazon Ledsone,false
1186495,204-0632238-7790720,AMAZON,B0CN3CCL6N,,WCB1WH+RPR44WH,1,10.49,10.49,2026-06-16 14:50:39,amazon Dcvoltage,false
1186503,026-0556569-6349159,AMAZON,B0GVT5JPGR,,WCBTC100FG2PK+RPR44WH2PK,1,17.89,14.91,2026-06-16 15:00:49,amazon Ledsone,false
1186504,205-7388221-8613157,AMAZON,B0CGRNLLPR,,CRSF100BM+PHRYWP1RBM,1,9.74,9.74,2026-06-16 15:08:14,amazon Ledsone,false
1186505,205-7388221-8613157,AMAZON,B0CGRQ5Z4T,,CRSF100BM2PK+PHRYWP1RBM2PK,1,17.24,17.24,2026-06-16 15:08:14,amazon Ledsone,false
1186515,205-7359018-9997909,AMAZON,B0BWTX6NJ8,,LSCP150BD+RPR44WH,1,11.89,11.89,2026-06-16 15:32:59,amazon Dcvoltage,false
1186516,206-4890656-2733105,AMAZON,B08QR82LCQ,,ENC622,1,39.89,39.89,2026-06-16 15:31:51,amazon Dcvoltage,false
1186517,206-5393488-5568368,AMAZON,B0F4436F1J,,CENU25200WH2PK,2,8.45,2.99,2026-06-16 15:33:48,amazon Dcvoltage,false
1186518,206-8956179-9966742,AMAZON,B0CS9Q78XH,,LSCY210BG2PK+RPR44WH2PK,2,46.98,23.49,2026-06-16 15:36:30,amazon Dcvoltage,false
1186522,026-8353943-5028362,AMAZON,B08V8VZTMZ,,CRSF100RO+PHSH1PBRRO+LSCY290RO,1,27.99,27.99,2026-06-16 15:42:45,amazon Dcvoltage,false
1186525,204-1856256-9632340,AMAZON,B0DRP87NC8,,LHSHE27GB2PK,1,10.89,10.89,2026-06-16 15:51:46,amazon SRM Amazon,false
1186526,206-6875611-1680334,AMAZON,B0DDH876HW,,CL3THE5PK,1,13.99,13.99,2026-06-16 15:51:18,amazon SRM Amazon,false
1186527,202-1288549-3918735,AMAZON,B0GS5CDFJK,,WSWTRE,1,31.25,31.25,2026-06-16 15:48:36,amazon Dcvoltage,false
1186528,206-4263382-5179548,AMAZON,B0FX53HC81,,LSCYRO300WH2PK+RPR44WH2PK,1,30.89,30.89,2026-06-16 15:48:49,amazon Dcvoltage,false
1186529,206-2470657-0273961,AMAZON,B0DP2QXXVC,,PHUH1HETBM2PK+LSHM300HE2PK,1,54.78,49.07,2026-06-16 15:51:18,amazon Ledsone,false
1186530,203-1660087-6326724,AMAZON,B0BV37VR12,,PLOTBM,2,31.98,13.33,2026-06-16 15:57:46,amazon Ledsone,false
1186531,206-4834511-9949916,AMAZON,B075XQNZBL,,LDMST64E274,2,10.82,5.41,2026-06-16 15:51:18,amazon Ledsone,false
1186532,206-4834511-9949916,AMAZON,B0CFHJW1JN,,LDMST64E276,1,5.74,5.74,2026-06-16 15:51:18,amazon Ledsone,false
1186533,206-4834511-9949916,AMAZON,B083XMRTGF,,CL2THE,1,4.32,4.32,2026-06-16 15:51:18,amazon Ledsone,false
1186539,206-0790903-9593105,AMAZON,B097DVCGSY,,CBSF90,1,6.18,2.74,2026-06-16 16:02:05,amazon Ledsone,false
1186540,202-4180464-0220352,AMAZON,B0C8NJDTJS,,WCDCBM+RPR44WH,1,10.07,8.39,2026-06-16 16:07:01,amazon Ledsone,false
1186543,203-9337109-4925929,AMAZON,B0F6NLP99K,,CGSRYB3PK,1,4.04,1.15,2026-06-16 16:18:06,amazon SRM Amazon,false
1186544,206-1256522-2903560,AMAZON,B0FX2SZFZM,,LSCYRO300BM2PK+RPR44WH2PK,2,61.78,30.89,2026-06-16 16:15:56,amazon Dcvoltage,false
1186545,205-7623972-1493963,AMAZON,B095SXCLQX,,CRSF100BM+PHRI1PBRYB+LSOL220YB+ICST64E27,6,143.94,23.99,2026-06-16 16:16:39,amazon Dcvoltage,false
1186546,202-8739642-9754741,AMAZON,B0CKFD2MTJ,,PLTYBM+ICST64E27,1,18.89,15.74,2026-06-16 16:08:55,amazon Ledsone,false
1186550,203-2551911-7154728,AMAZON,B0CP2HLWVJ,,ENC5873,1,25.79,25.79,2026-06-16 16:16:47,amazon Dcvoltage,false
1186551,203-4587243-6869168,AMAZON,B07F9HBHVY,,LDMT45E274,1,5.89,5.89,2026-06-16 16:21:32,amazon Dcvoltage,false
1186552,202-4753187-6270744,AMAZON,B0GSFB5MT6,,LSGLULCL+RPM40WH,1,12.89,12.89,2026-06-16 16:26:47,amazon Dcvoltage,false
1186553,204-8833500-4876357,AMAZON,B0F637JS56,,CGSRCO3PK,1,4.14,1.85,2026-06-16 16:28:43,amazon SRM Amazon,false
1186559,026-2925332-5737101,AMAZON,B0F946K2LJ,,CL3TLB3PK,1,7.99,6.66,2026-06-16 16:27:44,amazon Ledsone,false
1186560,026-9542277-5055534,AMAZON,B0DH64T3YC,,CL2TIVAPK,3,59.97,19.99,2026-06-16 16:37:30,amazon Dcvoltage,false
1186567,026-1271102-3953940,AMAZON,B0GP73VLM8,,LHPVHRE27WH,1,7.78,4.07,2026-06-16 16:50:33,amazon Ledsone,false
1186568,206-8347274-6073908,AMAZON,B0DH9D1Z8N,,CL3TAG3PK,1,12.28,8.99,2026-06-16 16:51:12,amazon Dcvoltage,false
1186570,026-2752599-7497133,AMAZON,B0FZCQMY9B,,LSHM400HE2PK+RPR44WH2PK,4,213.29,54.69,2026-06-16 17:07:29,amazon Dcvoltage,false
1186572,205-6969743-7287566,AMAZON,B0D9RVLLF7,,WCDTWH3PK+RPR44WH3PK,1,23.89,19.91,2026-06-16 17:14:49,amazon Ledsone,false
1186573,026-8265786-0018730,AMAZON,B09HV88XVH,,CRFF500BM+PHHT1PBRRO3PK+WCWDRO3PK,1,38.09,31.74,2026-06-16 17:16:17,amazon Ledsone,false
1186577,026-3350220-7178753,AMAZON,B0DH8WCL96,,CL3TWH3PK,1,8.49,8.49,2026-06-16 17:28:20,amazon Dcvoltage,false
1186581,204-5247637-7350711,AMAZON,B0F8QCBY49,,CERU36200BM,1,4.88,1.66,2026-06-16 17:32:49,amazon Ledsone,false
1186582,026-8459168-0069143,AMAZON,B093T4L68X,,LSCY290WH+RPR44WH,1,18.89,15.74,2026-06-16 17:36:56,amazon Ledsone,false
1186583,026-0026187-2205141,AMAZON,B0CNQ1Q3BJ,,LDMG125E278,1,8.19,8.19,2026-06-16 17:31:13,amazon Dcvoltage,false
1186587,203-1008780-7685938,AMAZON,B083H3BRWZ,,CRSF100CO,2,8.66,4.33,2026-06-16 17:46:08,amazon Ledsone,false
1186588,203-1008780-7685938,AMAZON,B07CQL5WJR,,CRSF100BM,2,10.16,5.08,2026-06-16 17:46:08,amazon Ledsone,false
1186592,026-2870862-8373952,AMAZON,B0DRP87NC8,,LHSHE27GB2PK,1,10.89,10.89,2026-06-16 17:53:19,amazon SRM Amazon,false
1186598,204-1456169-8716317,AMAZON,B0CVMX2MY5,,RWWPSYBF50GY,1,5.47,2.49,2026-06-16 17:59:42,amazon Dcvoltage,false
1186599,205-9467572-0287553,AMAZON,B0FZCW7KC7,,LSHM300HE+RPR44WH,2,41.78,20.89,2026-06-16 18:04:18,amazon Dcvoltage,false
1186600,205-8014986-5127509,AMAZON,B0GSFB5MT6,,LSGLULCL+RPM40WH,2,25.78,12.89,2026-06-16 18:04:12,amazon Dcvoltage,false
1186610,202-0592956-3628340,AMAZON,B0FZCRB2RS,,LSHM400HE+RPR44WH,1,26.81,29.79,2026-06-16 18:26:11,amazon Dcvoltage,false
1186611,205-2375822-1450743,AMAZON,B09Z6P8H29,,LDCWA60HB227,1,4.09,3.41,2026-06-16 18:28:52,amazon Ledsone,false
1186618,203-8904367-8380308,AMAZON,B0FN4C3B9T,,PLHCBM+LSDO210BM3PK,1,47.83,39.86,2026-06-16 18:36:13,amazon Ledsone,false
1186623,026-5556987-6611545,AMAZON,B0GSRFYV81,,LHXBTF40E27WH,1,3.09,3.09,2026-06-16 18:41:24,amazon Dcvoltage,false
1186624,203-8123463-7841147,AMAZON,B0CPBXD3C5,,LSCY290WH+RPR44WH,1,15.89,15.89,2026-06-16 18:44:32,amazon Dcvoltage,false
1186625,204-4769320-6682707,AMAZON,B0FVMD8CKN,,CERU72450GR,1,10.78,6.57,2026-06-16 18:39:35,amazon Ledsone,false
1186632,026-5624240-3159515,AMAZON,B0DTHKSHFY,,WCB7BS3PK+RPR44WH3PK,1,23.49,23.49,2026-06-16 18:43:28,amazon Dcvoltage,false
1186636,206-1324856-3117151,AMAZON,B0C9TN8TKQ,,CNP1000BM,1,8.78,5.89,2026-06-16 18:59:41,amazon Dcvoltage,false
1186637,203-6052395-7767511,AMAZON,B08WRBVLN9,,PHCT1BMRBM+PHBA1BMRBM+LSYG410YE,1,31.88,31.88,2026-06-16 19:01:44,amazon Dcvoltage,false
1186642,202-7972115-1677913,AMAZON,B0DTHZ1JX5,,WCDCBM4PK+RPR44WH4PK,1,29.49,24.57,2026-06-16 19:24:05,amazon Ledsone,false
1186646,202-9255158-2881138,AMAZON,B09M42QJCS,,LDMG125E2785PK,1,23.89,23.89,2026-06-16 19:31:55,amazon Dcvoltage,false
1186656,203-2790964-7175549,AMAZON,B0DK8WQ5ZS,,LHTOE27YB,1,8.50,8.50,2026-06-16 19:57:35,amazon Ledsone,false
1186657,203-2790964-7175549,AMAZON,B0DPMBWXM4,,PCDO20CO,1,4.91,4.91,2026-06-16 19:57:35,amazon Ledsone,false
1186658,203-2790964-7175549,AMAZON,B0DK8TTX7M,,LHTOE27CO,1,8.07,8.07,2026-06-16 19:57:35,amazon Ledsone,false
1186659,203-2790964-7175549,AMAZON,B0DPM9FBQK,,PCDO20YB,1,4.90,4.90,2026-06-16 19:57:35,amazon Ledsone,false
1186666,026-5050755-6373925,AMAZON,B0DQD74HVG,,PHSF1BMTYB3PK,1,30.71,25.59,2026-06-16 20:00:59,amazon Ledsone,false
1186667,203-7816046-8468366,AMAZON,B0GTMQW1WF,,LSGL15014CL3PK+RPM40WH3PK,1,25.89,21.57,2026-06-16 20:07:34,amazon Ledsone,false
1186672,026-0948596-6703536,AMAZON,B0CW1TB57F,,RWWPSY0660YE,1,5.78,2.41,2026-06-16 20:21:33,amazon Ledsone,false
1186681,202-1248881-4593919,AMAZON,B0CGRQ5Z4T,,CRSF100BM2PK+PHRYWP1RBM2PK,1,20.69,17.24,2026-06-16 20:46:54,amazon Ledsone,false
1186682,206-4962012-0048368,AMAZON,B0BGPQGL3C,,12UK3P8A,1,13.75,11.46,2026-06-16 20:50:17,amazon Ledsone,false
1186683,204-4405829-8858718,AMAZON,B08XNPBYMH,,LSSS300WH+RPR44WH,1,13.49,13.49,2026-06-16 20:45:22,amazon Dcvoltage,false
1186684,026-7809191-4140311,AMAZON,B0CB11TSJY,,CRSF120BM+PHNW2RBM+SPUPBM+ICST64E27,2,42.58,22.89,2026-06-16 20:47:57,amazon Dcvoltage,false
1186691,204-6296512-4580330,AMAZON,B0DX6NBT9P,,CENU19150WH,1,4.38,0.91,2026-06-16 20:51:26,amazon Ledsone,false
1186692,206-1261516-0507564,AMAZON,B0CV5D5D6G,,LDSSTRE2742PK,1,16.19,13.49,2026-06-16 20:52:58,amazon Ledsone,false
1186693,026-7780450-6057947,AMAZON,B0F32ZP7ST,,RWWPSN12GY,1,4.88,1.66,2026-06-16 20:56:38,amazon Ledsone,false
1186705,205-1727789-5661115,AMAZON,B0CBRL28PQ,,PHDH1HETHE,2,35.89,18.89,2026-06-16 21:15:25,amazon Dcvoltage,false
1186706,204-3754147-8637142,AMAZON,B09YYTYMKP,,PLADBC+LSDO210BC3PK+ICST64E273PK,1,57.89,57.89,2026-06-16 21:13:09,amazon Dcvoltage,false
1186708,204-9353942-6621114,AMAZON,B08VGQPLWZ,,WCDTGD+RPR44WH,1,10.69,10.69,2026-06-16 21:22:06,amazon Dcvoltage,false
1186709,202-7915856-9243562,AMAZON,B0FNWFF268,,LSWD360BG+RPR44WH,1,19.69,16.41,2026-06-16 21:20:43,amazon Ledsone,false
1186710,204-3540728-8420362,AMAZON,B0CW61BVHT,,CRSF100BM+PHHT1PBRBM+LSFT320GY,3,58.00,17.32,2026-06-16 21:23:21,amazon Ledsone,false
1186711,026-6669433-9637911,AMAZON,B0GTZJ9GYR,,SWHBSP1OSWH,1,6.88,3.32,2026-06-16 21:28:51,amazon Ledsone,false
1186712,202-9381507-0934716,AMAZON,B0GNZB4BPN,,LHXSHE27WH3PK,1,18.07,18.07,2026-06-16 21:28:15,amazon Ledsone,false
1186713,202-9381507-0934716,AMAZON,B0GCZG4XFD,,CRSF120WH,1,4.91,4.91,2026-06-16 21:28:15,amazon Ledsone,false
1186718,026-8551789-2282734,AMAZON,B0CRZ5BVRY,,LSCY290OR+RPR44WH,1,15.89,15.89,2026-06-16 21:31:24,amazon Dcvoltage,false
1186719,205-4209393-6829924,AMAZON,B0DH4KYFPD,,WCDTBM2PK+RPR44WH2PK,1,18.29,15.24,2026-06-16 21:33:47,amazon Ledsone,false
1186720,203-6293796-5758700,AMAZON,B08PZ89ZHW,,WCB4BC+RPR44WH,1,9.89,9.89,2026-06-16 21:34:48,amazon SRM Amazon,false
1186721,203-2585205-7689965,AMAZON,B0G2L35YZ5,,ENC7764,1,28.89,24.07,2026-06-16 21:44:21,amazon Ledsone,false
1186723,202-6243188-2664334,AMAZON,B0BNW1NWB9,,ENC784,2,66.98,33.49,2026-06-16 21:39:53,amazon Dcvoltage,false
1186724,203-6820854-2673947,AMAZON,B0DDCGBPQJ,,LDMG125B228,1,10.89,10.89,2026-06-16 21:46:34,amazon SRM Amazon,false
1186728,203-7256525-5288360,AMAZON,B0G57TF1GT,,CRFF500BM+PHNW1RBM3PK,1,23.89,19.91,2026-06-16 21:51:31,amazon Ledsone,false
1186734,206-7244118-5979505,AMAZON,B0FYJCKYTY,,BSFCDRWHPI,1,21.99,21.99,2026-06-16 22:07:20,amazon Dcvoltage,false
1186735,206-8819250-6269913,AMAZON,B093H8YG8Z,,LSMS320GY+RPR44WH,1,14.99,12.49,2026-06-16 22:02:08,amazon Ledsone,false
1186741,206-6745410-5105120,AMAZON,B0DCDSZ719,,LDSG95DIE2743PK,1,21.89,18.24,2026-06-16 22:11:19,amazon Ledsone,false
1186746,204-2448924-9128355,AMAZON,B0B9Y59487,,CL3TBR5PK,1,13.69,11.41,2026-06-16 22:25:31,amazon Ledsone,false
1186747,026-8076251-5435534,AMAZON,B0GQ48BNBZ,,LSGLSC115AR+RPM40WH,1,11.89,11.89,2026-06-16 22:17:41,amazon Dcvoltage,false
1186751,203-5578236-6883559,AMAZON,B0847NVVD6,,CBSF85,1,10.77,6.57,2026-06-16 22:31:12,amazon Ledsone,false
1186752,203-5558176-3252362,AMAZON,B0DX6WHN2Q,,CENU50300WH,1,6.38,2.57,2026-06-16 22:38:09,amazon Ledsone,false
1186753,026-1880000-2989162,AMAZON,B0FJ5J4WMV,,CRSF100WH2PK,1,11.48,11.48,2026-06-16 22:36:33,amazon Dcvoltage,false
1186760,204-7846720-6449929,AMAZON,B0FX2SZFZM,,LSCYRO300BM2PK+RPR44WH2PK,1,30.89,30.89,2026-06-16 22:57:38,amazon Dcvoltage,false
1186761,206-9805959-0060330,AMAZON,B0DX77S984,,CERU36300GR,1,5.68,2.32,2026-06-16 22:49:31,amazon Ledsone,false
1186763,204-3607359-6310731,AMAZON,B0CY25XD4L,,ENC6542,1,19.89,16.57,2026-06-16 23:00:28,amazon Ledsone,false
1186764,206-9743429-1246727,AMAZON,B0FFB3XJ7G,,BS6S8033GY,1,20.89,17.41,2026-06-16 23:03:53,amazon Ledsone,false
1186765,204-5644735-0629948,AMAZON,B0GLGGJD2R,,LSGLFP245GR+RPM40WH,1,19.89,19.89,2026-06-16 23:03:28,amazon Dcvoltage,false
1186769,205-6641224-7653106,AMAZON,B0DH5XYHJJ,,CL2TCR3PK,2,18.15,7.99,2026-06-16 23:27:21,amazon Dcvoltage,false
1186770,204-9222173-6756301,AMAZON,B0FPWXQWQD,,LDCWA60HB2296PK,1,9.98,6.24,2026-06-16 23:27:08,amazon Ledsone,false
1186773,206-7718333-5233927,AMAZON,B0GZKL4GZK,,WCBTC120FG2PK+RPR44WH2PK,1,20.89,20.89,2026-06-16 23:45:29,amazon SRM Amazon,false
1186776,203-2258830-3316347,AMAZON,B0BWNH45VW,,PLTABB+ICST64E27,1,22.89,19.07,2026-06-17 00:18:07,amazon Ledsone,false
1186799,203-9564074-7537151,AMAZON,B0F4XY3MHC,,TSTS30WH,1,4.18,1.29,2026-06-17 04:02:43,amazon Dcvoltage,false
1186829,026-4415108-1339568,AMAZON,B0CNRL871B,,LDMST64E274,1,6.89,6.89,2026-06-17 06:15:08,amazon Dcvoltage,false
1186830,204-6341871-3957127,AMAZON,B08XWSBPHW,,WCB1BM+RPR44WH,1,9.99,9.99,2026-06-17 06:27:39,amazon Dcvoltage,false
1186833,202-3752549-2069123,AMAZON,B0G49CBSQ3,,WCCYSP180BM2PK+RPR44WH2PK,1,23.89,19.91,2026-06-17 06:26:49,amazon Ledsone,false
1186845,206-4839988-4021960,AMAZON,B0F944BWSZ,,CL3TBM3PK,4,37.96,7.91,2026-06-17 07:28:08,amazon Ledsone,false
1186848,202-9805960-8845136,AMAZON,B0GTQRBZLX,,LSGL12010AR5PK+RPM40WH5PK,1,40.99,40.99,2026-06-17 07:54:56,amazon Dcvoltage,false
1186849,202-4849970-9976360,AMAZON,B0D6769L8H,,SPSDP2BM2PK,1,11.09,11.09,2026-06-17 07:55:32,amazon Dcvoltage,false
1186850,204-1850406-8641915,AMAZON,B0D4QN84XR,,CSBEB6LG2PK,1,11.98,9.09,2026-06-17 07:58:40,amazon Dcvoltage,false
1186858,206-2721286-4821155,AMAZON,B07D3Q8SQ9,,12IP67150,1,18.69,15.57,2026-06-17 08:09:41,amazon Ledsone,false
1186864,205-6070494-9680316,AMAZON,B0CKFF19XB,,PLTYBS,1,16.89,16.89,2026-06-17 08:31:47,amazon SRM Amazon,false
1186877,202-0559768-9675556,AMAZON,B0C8TZ2GMQ,,PLADBS+LSDO210BS3PK,1,50.89,50.89,2026-06-17 08:41:23,amazon Dcvoltage,false
1186885,206-8348362-5138743,AMAZON,B0DSBVY2DZ,,CRSF100BM+PHUP1PBRBM+LSH3325HE,5,115.74,20.74,2026-06-16 15:00:51,amazon Ledsone,false
1186886,026-0258446-8684352,AMAZON,B07VDSFT4B,,12RPIP45250,1,18.59,15.49,2026-06-17 08:54:21,amazon Ledsone,false
1186888,206-5905051-8698721,AMAZON,B0DKHNMCBF,,RWWPSY0640YE,1,9.38,5.41,2026-06-17 08:58:35,amazon Ledsone,false
1186891,205-4368922-5309969,AMAZON,B0F2T68CNP,,RWWPSYAE25WH,1,4.56,1.29,2026-06-17 09:00:58,amazon Dcvoltage,false
1186892,202-0020596-0697934,AMAZON,B0GTVB7Y5W,,LDMT185B2243PK,1,12.89,10.74,2026-06-17 09:02:15,amazon Ledsone,false
1186894,026-0718948-9055521,AMAZON,B0CW1TB57F,,RWWPSY0660YE,1,5.78,2.41,2026-06-17 09:18:42,amazon Ledsone,false
1186906,206-5787122-0777963,AMAZON,B0CGDV6KZK,,CRSF100WH+PHRN2PCRGY,1,14.17,11.81,2026-06-17 09:49:46,amazon Ledsone,false
1186918,206-6563063-2467550,AMAZON,B084RP9PZ7,,WCB4BS+RPR44WH,1,12.78,8.24,2026-06-17 09:49:46,amazon Ledsone,false
1186919,202-5262546-2468354,AMAZON,B0CVMX2MY5,,RWWPSYBF50GY,1,5.47,2.49,2026-06-17 10:23:12,amazon Dcvoltage,false
1186924,202-0590108-2281951,AMAZON,B0B77GWCPC,,CRFF108GB2PK+HK10GB2PK,1,13.89,11.57,2026-06-17 10:00:04,amazon Ledsone,false
1186925,202-0064272-8955504,AMAZON,B0B2KFWFSD,,LHC5E27WH,1,9.08,5.16,2026-06-17 10:06:00,amazon Ledsone,false
1186929,206-0621341-8431508,AMAZON,B0DH4KYFPD,,WCDTBM2PK+RPR44WH2PK,1,18.29,15.24,2026-06-17 10:07:05,amazon Ledsone,false
1186930,206-0100403-8792363,AMAZON,B0CNQ1Q3BJ,,LDMG125E278,4,30.47,8.19,2026-06-17 10:13:30,amazon Dcvoltage,false
1186941,202-4003198-2385943,AMAZON,B0FZCW7KC7,,LSHM300HE+RPR44WH,1,18.80,20.89,2026-06-17 10:13:04,amazon Dcvoltage,false
1186945,026-9866242-5650708,AMAZON,B0CQNKMFJH,,PLTFRR+ICST64E2740,2,41.78,21.99,2026-06-17 10:27:50,amazon Dcvoltage,false
1186959,202-7709261-2213908,AMAZON,B0DCFP1CX8,,LDSG95DIE2746PK,1,35.19,29.32,2026-06-17 10:44:04,amazon Ledsone,false
1186960,204-8202599-4489960,AMAZON,B0DH4KYFPD,,WCDTBM2PK+RPR44WH2PK,1,18.29,15.24,2026-06-17 10:36:27,amazon Ledsone,false
1186961,206-6116728-8821106,AMAZON,B0FW4LDJJX,,LSCYRO200GD+RPR44WH,2,29.78,12.41,2026-06-17 10:43:20,amazon Ledsone,false
1186966,203-8539237-7393124,AMAZON,B0FW525RR7,,LSCYRO300GD+RPR44WH,1,19.89,19.89,2026-06-17 10:54:06,amazon Dcvoltage,false
1186975,202-7338389-1487511,AMAZON,B07WJ6F6S5,,CRSF1204YB,1,11.89,11.89,2026-06-17 11:09:46,amazon Dcvoltage,false
1186990,202-4339320-9114755,AMAZON,B0DRP5L3MM,,LHSHE27SN2PK,1,10.89,10.89,2026-06-17 11:28:24,amazon SRM Amazon,false
1186993,204-6209643-6525153,AMAZON,B09LMFWQBY,,CRFF140BM+LHNSE27YB+SCRN70BM+LSUL220RR,2,37.18,15.49,2026-06-17 11:30:03,amazon Ledsone,false
1186997,204-2086604-2345967,AMAZON,B0FH6JJKV4,,SPSDP2BMY,1,8.78,4.91,2026-06-17 11:47:42,amazon Ledsone,false
1187004,203-7923262-3621934,AMAZON,B0C14R3L86,,LHRTE27WH,1,8.28,4.49,2026-06-17 11:52:16,amazon Ledsone,false
1187005,205-3538790-5044309,AMAZON,B0FPQVSMFT,,LDCWT75B2212,1,8.79,7.32,2026-06-17 11:51:04,amazon Ledsone,false
1187014,204-3348178-6536310,AMAZON,B0DTHKSHFY,,WCB7BS3PK+RPR44WH3PK,1,23.49,23.49,2026-06-17 12:24:04,amazon Dcvoltage,false
1187017,202-0416633-3685933,AMAZON,B0DH9JRSD3,,CL3TGY2PK,1,10.28,6.99,2026-06-17 12:36:37,amazon Dcvoltage,false
1187018,202-8568234-8683526,AMAZON,B0D66CDGJW,,LDMC35E144,1,8.38,5.49,2026-06-17 12:36:37,amazon SRM Amazon,false
1187031,202-8493655-9276354,AMAZON,B0D8PBMLB7,,IMRGAPK,1,6.19,2.75,2026-06-17 12:55:24,amazon Ledsone,false
1187033,204-0207280-0636359,AMAZON,B082DDY7BX,,CRSF2003WH,1,11.49,11.49,2026-06-17 12:56:00,amazon Dcvoltage,false
1187036,026-3079577-2370726,AMAZON,B0CNXL9YDM,,CL3TGL3PK,1,4.49,4.49,2026-06-17 13:04:24,amazon Dcvoltage,false
1187037,026-3079577-2370726,AMAZON,B0CNXLHM7Q,,CL3TGD3PK,1,4.49,4.49,2026-06-17 13:04:24,amazon Dcvoltage,false
1187038,026-3079577-2370726,AMAZON,B0CNXKTTGD,,CL3TBU3PK,1,4.49,4.49,2026-06-17 13:04:24,amazon Dcvoltage,false
1187039,202-5439205-5252353,AMAZON,B0D6KLL6DX,,LSCY290GY2PK+RPR44WH2PK,1,29.29,29.29,2026-06-17 13:04:44,amazon Dcvoltage,false
1187040,202-1520410-7312302,AMAZON,B0DTHKSHFY,,WCB7BS3PK+RPR44WH3PK,1,23.49,23.49,2026-06-17 13:06:21,amazon Dcvoltage,false
1187041,203-0746819-5490706,AMAZON,B093T4C95B,,LSMS320CB+RPR44WH,1,13.99,11.66,2026-06-17 13:00:23,amazon Ledsone,false
1187056,205-0130357-4000339,AMAZON,B0CVGXBVDS,,RWWPSY1050YE,1,10.08,7.19,2026-06-17 13:23:48,amazon Dcvoltage,false
1187057,206-3469743-8152332,AMAZON,B0DTHKSHFY,,WCB7BS3PK+RPR44WH3PK,1,23.49,23.49,2026-06-17 13:27:34,amazon Dcvoltage,false
1187058,202-9674201-0347525,AMAZON,B0B7SJYY45,,PHSF1GYTCH,1,14.99,12.49,2026-06-17 13:18:45,amazon Ledsone,false
1187059,204-1825969-2856365,AMAZON,B0GSQYM1RM,,LSGLULSG2PK+RPM40WH2PK,1,26.89,22.41,2026-06-17 13:28:05,amazon Ledsone,false
1187076,204-6957530-5889115,AMAZON,B0CKWLHCCP,,CL3RGY5PK,1,12.89,12.89,2026-06-17 13:57:50,amazon Dcvoltage,false
1187081,203-4593344-0904331,AMAZON,B0CPBXP32L,,LSCY290CY+RPR44WH,1,15.89,15.89,2026-06-17 13:59:51,amazon Dcvoltage,false
1187083,206-4189188-8274705,AMAZON,B0B7SKH4XQ,,PHSF1BRTCO,1,15.69,13.07,2026-06-17 14:12:23,amazon Ledsone,false
1187109,206-5248242-8529947,AMAZON,B0F6YDBKQ2,,CRSF1205WH,1,11.88,7.49,2026-06-17 14:53:07,amazon Ledsone,false
1187115,203-1349995-3682730,AMAZON,B0FWBXBD9G,,PHHR3DSTHE,1,13.89,13.89,2026-06-17 15:10:36,amazon Dcvoltage,false
1187116,206-6022199-1264302,AMAZON,B0C43LPR9Y,,WCDTGD+RPR44WH,1,10.89,9.07,2026-06-17 15:10:01,amazon Ledsone,false
1187122,204-6060864-2847523,AMAZON,B0D294TFL1,,LSCY290CY2PK+RPR44WH2PK,1,27.89,23.24,2026-06-17 15:22:45,amazon Ledsone,false
1187123,026-8557355-1088303,AMAZON,B0DH8WCL96,,CL3TWH3PK,1,8.49,8.49,2026-06-17 15:24:59,amazon Dcvoltage,false
1187129,205-4553139-9925152,AMAZON,B0CPBXK43C,,LSCY290NB+RPR44WH,1,15.89,15.89,2026-06-17 15:49:51,amazon Dcvoltage,false
1187134,026-3273390-9254763,AMAZON,B0D5B68326,,WCDTGD2PK+RPR44WH2PK,1,18.09,18.09,2026-06-17 15:58:26,amazon Dcvoltage,false
1187135,203-8179743-4184341,AMAZON,B0DX6BP7GV,,CENU46450WH,1,7.18,3.24,2026-06-17 15:52:00,amazon Ledsone,false
1187141,202-7260659-3624343,AMAZON,B0BLP2VGSC,,LDMST64E278APK,1,30.89,25.74,2026-06-17 16:06:10,amazon Ledsone,false
1187146,206-6088673-5279557,AMAZON,B08V5FXMWG,,CRSF100RE+PHCH1PWRSRE+LSCY290RE,2,40.72,21.89,2026-06-17 16:15:10,amazon Dcvoltage,false
1187147,206-1960635-7478711,AMAZON,B0CC61Q4XF,,LSMS320NB+RPR44WH,1,14.99,14.99,2026-06-17 16:16:33,amazon Dcvoltage,false
1187148,204-4757320-9343558,AMAZON,B0CVQGCKTX,,RWT5100YE,1,18.89,15.74,2026-06-17 16:11:58,amazon Ledsone,false
1187149,206-2440215-8989952,AMAZON,B0FW4P3H8Z,,LSCYRO200BM+RPR44WH,1,14.89,12.41,2026-06-17 16:15:19,amazon Ledsone,false
1187151,026-2990230-5186767,AMAZON,B0GW8BMXKH,,LHSWPBB22SN,1,12.79,9.90,2026-06-17 16:24:06,amazon Dcvoltage,false
1187152,205-1962591-9377103,AMAZON,B09M42QJCS,,LDMG125E2785PK,2,47.78,23.89,2026-06-17 16:27:57,amazon Dcvoltage,false
1187153,203-1610479-0653957,AMAZON,B0C8NJDTJS,,WCDCBM+RPR44WH,1,10.07,8.39,2026-06-17 16:19:25,amazon Ledsone,false
1187158,203-2257042-2649135,AMAZON,B083XRKRP4,,CL2TBM,1,8.30,4.17,2026-06-17 16:32:50,amazon Ledsone,false
1187160,203-7551036-4093116,AMAZON,B09JZ61NJM,,LDST45E2743PK,3,57.83,20.29,2026-06-17 16:27:50,amazon Dcvoltage,false
1187163,204-0753999-4515503,AMAZON,B0DH4KYFPD,,WCDTBM2PK+RPR44WH2PK,1,18.29,15.24,2026-06-17 16:36:35,amazon Ledsone,false
1187165,202-5764046-6317167,AMAZON,B0GP771MFX,,LHPVHRE27WH2PK,1,9.88,5.82,2026-06-17 16:45:54,amazon Ledsone,false
1187166,205-5100750-9855538,AMAZON,B0FXFP656V,,WCFRBM2PK+ICST64E27602PK,1,43.89,43.89,2026-06-17 16:40:32,amazon Dcvoltage,false
1187167,205-5100750-9855538,AMAZON,B08X4TF49Y,,WCFRBM,1,19.99,19.99,2026-06-17 16:40:32,amazon Dcvoltage,false
1187169,205-1342842-1988315,AMAZON,B0CVN3GCBM,,RWWPSY12GY,1,4.88,1.66,2026-06-17 16:53:50,amazon Ledsone,false
1187176,026-2787422-0416332,AMAZON,B0C9DV894B,,SPSDP2YB,1,5.79,5.79,2026-06-17 17:06:51,amazon Dcvoltage,false
1187180,204-2139381-9685938,AMAZON,B0CDWVF7VV,,PSHYOS4WRWH,1,14.29,11.91,2026-06-17 17:13:14,amazon Ledsone,false
1187181,202-6812028-6800361,AMAZON,B0DH9CM4NZ,,CL3TLB5PK,1,11.99,11.99,2026-06-17 17:08:57,amazon Dcvoltage,false
1187182,205-4119422-6546758,AMAZON,B0FW53QYN7,,LSCYRO120BM+RPR44WH,1,15.99,15.99,2026-06-17 17:15:15,amazon Dcvoltage,false
1187183,202-6221412-8409115,AMAZON,B0DH9CZJ14,,CL3TRO5PK,1,11.99,11.99,2026-06-17 17:17:10,amazon Dcvoltage,false
1187187,206-4146996-5901934,AMAZON,B0FTG9DY12,,WCIR300BM+RPR44WH,1,16.89,16.89,2026-06-17 17:22:24,amazon Dcvoltage,false
1187192,206-6451577-8749114,AMAZON,B0G7CBNVMV,,12UK3P5A+SLW8,1,13.17,13.17,2026-06-17 17:46:55,amazon Dcvoltage,false
1187204,204-5933550-8921166,AMAZON,B0DCDSZ719,,LDSG95DIE2743PK,1,21.89,18.24,2026-06-17 18:00:23,amazon Ledsone,false
1187206,203-4166461-2611569,AMAZON,B0CNPV5SC5,,LDMG95B228,1,6.79,6.79,2026-06-17 18:02:25,amazon Dcvoltage,false
1187209,202-9851472-8196363,AMAZON,B0D8Y7927J,,LSRP260CO2PK+RPR44WH2PK,1,35.89,29.91,2026-06-17 18:11:51,amazon Ledsone,false
1187210,202-8584284-4340301,AMAZON,B0B7SKH4XQ,,PHSF1BRTCO,2,29.18,13.08,2026-06-17 18:11:51,amazon Ledsone,false
1187215,202-5150667-2525125,AMAZON,B0GP771MFX,,LHPVHRE27WH2PK,1,9.88,5.82,2026-06-17 18:26:27,amazon Ledsone,false
1187220,202-6153515-7083565,AMAZON,B0CZXL6ZYG,,TPOSBDBM,1,24.99,20.82,2026-06-17 18:35:17,amazon Ledsone,false
1187221,026-6101438-3096331,AMAZON,B0FPQVSMFT,,LDCWT75B2212,1,8.79,7.32,2026-06-17 18:36:17,amazon Ledsone,false
1187222,204-0946726-9105915,AMAZON,B0BZ4WQ5FM,,ENC8893,1,23.89,23.89,2026-06-17 18:32:21,amazon Dcvoltage,false
1187226,203-8778203-3323517,AMAZON,B0D2N41QCP,,CRFF500WH,1,12.49,10.41,2026-06-17 18:40:52,amazon Ledsone,false
1187231,205-1584617-9033967,AMAZON,B0DQDBNJQ8,,PHSF1ROTRO3PK,1,22.88,19.07,2026-06-17 18:51:16,amazon Ledsone,false
1187232,203-8873945-7369952,AMAZON,B0FB3ZBZP1,,LDMC35E144APK,1,25.19,20.99,2026-06-17 18:57:23,amazon Ledsone,false
1187244,205-6958840-6073943,AMAZON,B0GDDXB14R,,LDMT185E2732PK,1,10.99,9.16,2026-06-17 19:14:05,amazon Ledsone,false
1187245,204-9234373-1651565,AMAZON,B0DNQL2H1F,,PLTYBC2PK+ICST64E272PK,1,40.78,33.98,2026-06-17 19:14:36,amazon Ledsone,false
1187246,202-2326798-0455558,AMAZON,B0DYT8NSY9,,RWWPSY0660YE,1,5.78,2.41,2026-06-17 19:19:31,amazon Ledsone,false
1187247,205-3330937-0973160,AMAZON,B0F1CWQNRP,,WCB7BM2PK+RPR44WH2PK,1,16.99,14.16,2026-06-17 19:16:13,amazon Ledsone,false
1187248,203-8794612-9969903,AMAZON,B0DPZZDXJ1,,PHSF2BMRBM2PK+SPSDP2BM2PK+ICST64E272PK,1,32.79,27.32,2026-06-17 19:17:44,amazon Ledsone,false
1187249,202-1952237-8951535,AMAZON,B08FXC7DRQ,,LSFT220BG+RPR44WH,3,38.67,12.89,2026-06-17 19:14:46,amazon Dcvoltage,false
1187251,203-4695951-9385968,AMAZON,B0FQVK88R8,,ENC9103,1,23.89,23.89,2026-06-17 19:23:40,amazon Dcvoltage,false
1187252,206-1315989-2169965,AMAZON,B0CRZ2C9QS,,LSCY290RR+RPR44WH,1,15.89,15.89,2026-06-17 19:25:18,amazon Dcvoltage,false
1187261,202-9396045-7665914,AMAZON,B0BB2ZZH1V,,CL2RRO5PK,1,13.79,11.49,2026-06-17 19:35:32,amazon Ledsone,false
1187262,204-6184696-7374762,AMAZON,B0CGRPTT6W,,CRSF100BM+PHRYWP2RBM,1,11.29,9.41,2026-06-17 19:38:34,amazon Ledsone,false
1187268,026-6437180-1921911,AMAZON,B0D632W78W,,LLSQWB9W,1,11.38,8.49,2026-06-17 20:07:51,amazon SRM Amazon,false
1187269,203-2683624-6173160,AMAZON,B0GTVD7YQS,,LDMT185B224,1,9.08,6.19,2026-06-17 20:01:28,amazon Dcvoltage,false
1187270,202-1147274-8429901,AMAZON,B0DNQR3B1P,,PCBM20DSAPK,1,10.69,8.91,2026-06-17 20:10:13,amazon Ledsone,false
1187274,203-2369972-0113153,AMAZON,B0BXX78LCX,,ENC4162,1,28.89,28.89,2026-06-17 20:14:14,amazon Dcvoltage,false
1187287,203-3213103-2383553,AMAZON,B07FDVJPTV,,CCBC12,4,23.40,6.29,2026-06-17 20:29:59,amazon Dcvoltage,false
1187288,206-8484655-9862757,AMAZON,B0FCRLXSD8,,ENC9164,1,20.89,20.89,2026-06-17 20:31:22,amazon Dcvoltage,false
1187293,204-9543920-3333135,AMAZON,B0DM5HVQ2P,,CRFF500BM+PHTT1PBRBM3PK+WCBCBB3PK,1,29.99,24.99,2026-06-17 20:46:19,amazon Ledsone,false
1187295,202-7211791-9149933,AMAZON,B0DFC68Q9Q,,WCDTRO2PK+RPR44WH2PK,1,17.89,17.89,2026-06-17 20:57:51,amazon Dcvoltage,false
1187296,206-8710003-1221118,AMAZON,B09LYWZC2Y,,CRSF100SN+WSNW170SN+SCRN70SN+LSTF40SN,1,19.70,16.42,2026-06-17 20:49:35,amazon Ledsone,false
1187299,026-2275264-1665160,AMAZON,B0B9Y5MRSK,,CL3TGD5PK,1,13.79,11.49,2026-06-17 21:02:15,amazon Ledsone,false
1187301,205-6768323-1897908,AMAZON,B0GQ48BNBZ,,LSGLSC115AR+RPM40WH,2,22.12,11.89,2026-06-17 20:59:43,amazon Dcvoltage,false
1187305,205-4509290-3133903,AMAZON,B0DJBS759W,,HLRK45BM2PK,1,8.78,5.89,2026-06-17 21:16:05,amazon SRM Amazon,false
1187312,205-8212734-5154728,AMAZON,B0GCZ9ZLXK,,CRSF1203WH,1,10.38,6.24,2026-06-17 21:23:06,amazon Ledsone,false
1187313,026-0964276-3361944,AMAZON,B0DCZJFBMX,,CL2TGD5PK,1,13.99,11.66,2026-06-17 21:23:28,amazon Ledsone,false
1187314,202-1609394-5925163,AMAZON,B0CVL8TQ73,,LSTF400WH2PK+RPR44WH2PK,1,31.98,31.98,2026-06-17 21:24:18,amazon Ledsone,false
1187315,204-6970151-2037908,AMAZON,B0FZCRB2RS,,LSHM400HE+RPR44WH,1,26.81,29.79,2026-06-17 21:20:10,amazon Dcvoltage,false
1187316,206-9528554-4666720,AMAZON,B0D9Q668K7,,LSGL15014CL2PK+RPM40WH2PK,1,18.89,18.89,2026-06-17 21:25:10,amazon Dcvoltage,false
1187321,205-8831912-7957947,AMAZON,B0FB2SJG54,,PHSF2BMRBY+SPSDP2BM,1,14.89,12.41,2026-06-17 21:42:23,amazon Ledsone,false
1187322,026-6717100-6078727,AMAZON,B0BBB5YCJN,,CL3RCR5PK,1,15.79,13.16,2026-06-17 21:44:08,amazon Ledsone,false
1187324,203-2414404-1521130,AMAZON,B0DH4KYFPD,,WCDTBM2PK+RPR44WH2PK,1,18.29,15.24,2026-06-17 21:51:34,amazon Ledsone,false
1187327,203-6468376-3691527,AMAZON,B0C8NJDTJS,,WCDCBM+RPR44WH,1,10.07,8.39,2026-06-17 21:51:34,amazon Ledsone,false
1187333,205-7248724-4620304,AMAZON,B0G6C8JV67,,LSLG190BG,3,77.67,25.89,2026-06-17 22:25:40,amazon SRM Amazon,false
1187335,205-2200719-6136319,AMAZON,B0GRGDFKXK,,IMBLCPK,2,12.65,4.07,2026-06-17 22:29:07,amazon Ledsone,false
1187341,204-2314860-2927555,AMAZON,B0D7BZ726S,,LDSG125E274,3,41.82,12.49,2026-06-17 22:48:47,amazon Ledsone,false
1187342,026-4162664-3332367,AMAZON,B0CXSYCZMR,,RWT6120YE,1,14.19,14.19,2026-06-17 22:50:31,amazon Dcvoltage,false
1187343,203-7706475-0243563,AMAZON,B0CWPCF144,,WCB7WH2PK+RPR44WH2PK,1,16.09,16.09,2026-06-17 22:58:38,amazon Dcvoltage,false
1187344,205-2269409-6188362,AMAZON,B0D6W96Z65,,FWS34243BM,1,8.98,5.07,2026-06-17 23:11:30,amazon Ledsone,false
1187355,205-3684384-5078764,AMAZON,B09L568VCR,,PLHABC+LSOL180BC,1,25.99,21.66,2026-06-17 23:46:22,amazon Ledsone,false
1187360,203-8186976-8867515,AMAZON,B0DTHJJLW2,,WCB6BS3PK+RPR44WH3PK,1,22.89,22.89,2026-06-17 23:52:10,amazon Dcvoltage,false
1187364,202-1324376-9085928,AMAZON,B0DDCPC539,,RWWPSN60YE,1,2.33,2.33,2026-06-18 00:11:46,amazon Ledsone,false
1187365,202-1324376-9085928,AMAZON,B0DDCP18G1,,RWWPSN80YE,1,2.07,2.07,2026-06-18 00:11:46,amazon Ledsone,false
1187368,205-7426035-4798733,AMAZON,B0DH67R315,,CL2TIV3PK,1,7.99,7.99,2026-06-18 00:47:51,amazon Dcvoltage,false
1187369,205-3655765-2411535,AMAZON,B0F1TWK2YM,,LDMA60E274WW3PK,3,29.67,9.89,2026-06-18 01:02:27,amazon Dcvoltage,false
1187370,205-2831257-7631518,AMAZON,B0FPWXQWQD,,LDCWA60HB2296PK,1,9.98,6.24,2026-06-18 01:28:38,amazon Ledsone,false
1187372,202-4416857-1030735,AMAZON,B09MQRML1N,,WCB7WH+RPR44WH,2,20.58,8.58,2026-06-18 01:49:10,amazon Ledsone,false
1187396,202-0585489-7078754,AMAZON,B0D6YLRXL6,,CCGRNWH50,1,10.99,10.99,2026-06-18 04:34:15,amazon Dcvoltage,false
1187414,206-2064202-3450719,AMAZON,B0DX6NBT9P,,CENU19150WH,1,4.38,0.91,2026-06-18 06:53:01,amazon Ledsone,false
1187415,205-0130135-4773165,AMAZON,B0FNN717PN,,CRSF1203BM+PHRN2PCRBM3PK,1,24.59,20.49,2026-06-18 06:57:08,amazon Ledsone,false
1187416,206-3024697-1455537,AMAZON,B0CNLZLJZT,,WCB2BM+RPR44WH,1,10.49,10.49,2026-06-18 06:46:39,amazon Dcvoltage,false
1187417,206-5683057-4725907,AMAZON,B0DSBP4962,,PLTTBC+LSFT220BC,1,20.79,20.79,2026-06-18 06:36:44,amazon Dcvoltage,false
1187430,206-2451924-2287525,AMAZON,B08P1SB13V,,CRFF500BM+PHHT1PBRBM3PK+WCDCBM3PK,1,33.89,33.89,2026-06-18 07:57:46,amazon Dcvoltage,false
1187450,202-4611611-6760303,AMAZON,B09477YHK7,,LDMG95E278APK,1,35.19,29.32,2026-06-18 08:49:30,amazon Ledsone,false
1187451,206-0083917-8152369,AMAZON,B0DFBMF3Q2,,WCDTRO3PK+RPR44WH3PK,1,23.59,23.59,2026-06-18 08:43:02,amazon Dcvoltage,false
1187456,026-1733557-1400320,AMAZON,B0DX6BP7GV,,CENU46450WH,1,7.18,3.24,2026-06-18 08:53:57,amazon Ledsone,false
1187473,202-0154467-9933929,AMAZON,B0GP139NG9,,LHXWPE27PPWH2PK,1,12.68,8.16,2026-06-18 09:27:27,amazon Ledsone,false
1187474,203-8281071-1316302,AMAZON,B0CW5Z8356,,ENC6339,3,65.78,19.23,2026-06-18 09:36:10,amazon Ledsone,false
1187476,206-7815602-7474731,AMAZON,B08PC4KXGK,,LHSHE27WH,1,10.78,6.57,2026-06-18 09:49:01,amazon Ledsone,false
1187477,026-6659532-3441925,AMAZON,B0CNQ1Q3BJ,,LDMG125E278,2,15.23,8.19,2026-06-18 09:45:04,amazon Dcvoltage,false
1187478,026-3633830-8257100,AMAZON,B0CNZ2HJ65,,ENC4316,1,38.89,38.89,2026-06-18 09:48:46,amazon Dcvoltage,false
1187495,202-5297299-6242719,AMAZON,B08FXSKT7L,,LSFT220WH+RPR44WH,2,21.78,10.89,2026-06-18 10:40:15,amazon Dcvoltage,false
1187496,026-6605697-8558741,AMAZON,B0CFLHNJL9,,WCWODV1BM+ICST64E27,10,222.18,19.91,2026-06-18 10:43:43,amazon Ledsone,false
1187497,204-6432207-2749108,AMAZON,B0GTMQW1WF,,LSGL15014CL3PK+RPM40WH3PK,1,25.89,21.57,2026-06-18 10:42:08,amazon Ledsone,false
1187503,204-5948874-7362703,AMAZON,B09YYSDPSH,,PLADRR+LSDO210RR3PK+ICST64E273PK,1,58.89,58.89,2026-06-18 10:54:41,amazon Dcvoltage,false
1187505,203-5906823-7948310,AMAZON,B0CVB98VVG,,RWWPSY08GY,1,4.78,1.89,2026-06-18 10:56:02,amazon Dcvoltage,false
1187511,203-4144931-8620308,AMAZON,B0DH4KYFPD,,WCDTBM2PK+RPR44WH2PK,1,18.29,15.24,2026-06-18 10:56:36,amazon Ledsone,false
1187513,026-7001396-6296355,AMAZON,B0DPMRVHHR,,LSCYRO120WH+RPR44WH,1,14.99,12.49,2026-06-18 11:15:53,amazon Ledsone,false
1187514,204-3886360-9361131,AMAZON,B0DX6NBT9P,,CENU19150WH,3,6.28,0.89,2026-06-18 11:18:13,amazon Ledsone,false
1187515,203-1292936-8241909,AMAZON,B0D73KRWF7,,LDMT185B2245PK,1,16.89,16.89,2026-06-18 11:09:10,amazon Dcvoltage,false
1187527,204-7511884-8642741,AMAZON,B0BY35XHVG,,SCRN70BM2PK,1,7.58,3.91,2026-06-18 11:30:15,amazon Ledsone,false
1187533,206-1813686-0273931,AMAZON,B0GW83X9F4,,LHSWPBB22GD,1,12.79,9.90,2026-06-18 11:38:13,amazon Dcvoltage,false
1187534,203-5379150-2965118,AMAZON,B0DY7PDSX3,,RWWPSY0840YE,1,1.89,1.89,2026-06-18 11:43:46,amazon SRM Amazon,false
1187535,203-5379150-2965118,AMAZON,B0DY7NXLY4,,RWWPSY0640YE,1,6.49,6.49,2026-06-18 11:43:46,amazon SRM Amazon,false
1187543,202-5324517-6813951,AMAZON,B0F9467GTW,,CL3TCR3PK,1,7.99,6.66,2026-06-18 11:54:57,amazon Ledsone,false
1187544,205-1745678-6948313,AMAZON,B08P1JKCZX,,LSRP260YB+RPR44WH,1,18.89,18.89,2026-06-18 11:46:46,amazon Dcvoltage,false
1187548,204-6273682-7405941,AMAZON,B0DX6NBT9P,,CENU19150WH,1,4.38,0.91,2026-06-18 12:05:34,amazon Ledsone,false
1187549,206-0751776-5448336,AMAZON,B08PZCQ7PZ,,WCDRBM,1,11.99,11.99,2026-06-18 11:50:33,amazon SRM Amazon,false
1187550,202-3614349-8669121,AMAZON,B0FY3FMG2G,,WCIR300BM3PK+RPR44WH3PK,1,36.89,36.89,2026-06-18 12:03:33,amazon Dcvoltage,false
1187553,205-5186396-0312319,AMAZON,B0CGRQ5Z4T,,CRSF100BM2PK+PHRYWP1RBM2PK,1,20.69,17.24,2026-06-18 12:09:04,amazon Ledsone,false
1187554,204-7247227-3514719,AMAZON,B0CGDW8WRR,,CRSF100WH+PHRN1PCRWH,1,11.19,9.32,2026-06-18 12:13:20,amazon Ledsone,false
1187555,026-6258047-6361128,AMAZON,B0B7799FKL,,CRFF108GB+HK10GB,1,8.49,7.07,2026-06-18 12:16:32,amazon Ledsone,false
1187556,205-8145872-3819530,AMAZON,B0FX2SZFZM,,LSCYRO300BM2PK+RPR44WH2PK,1,30.89,30.89,2026-06-18 12:20:37,amazon Dcvoltage,false
1187569,203-4278668-9137155,AMAZON,B0B8DWXLQ2,,CRSF1202BM,1,5.57,5.57,2026-06-18 12:35:28,amazon Ledsone,false
1187570,203-4278668-9137155,AMAZON,B0B8DZFLX9,,CRSF100BM,1,4.91,4.91,2026-06-18 12:35:28,amazon Ledsone,false
1187572,204-8962592-8133960,AMAZON,B09M41Z83H,,LDMG125E278,1,8.19,8.19,2026-06-18 12:40:02,amazon Dcvoltage,false
1187573,204-4697200-8559526,AMAZON,B0F1TNP4JB,,CENU50300WH,1,6.11,3.09,2026-06-18 12:43:01,amazon Dcvoltage,false
1187580,026-9981277-1024339,AMAZON,B07LFF7MM6,,CL3RBMAPK,1,21.50,21.50,2026-06-18 13:06:31,amazon Dcvoltage,false
1187581,026-8240515-1715513,AMAZON,B0F4432H4K,,CENU19150BM2PK,1,5.78,2.89,2026-06-18 13:17:18,amazon Dcvoltage,false
1187582,203-3473915-0798759,AMAZON,B0DBTZ9BTT,,WCB1BM2PK+RPR44WH2PK,1,14.49,14.49,2026-06-18 13:11:55,amazon SRM Amazon,false
1187583,202-9758637-4919546,AMAZON,B07R181VCV,,12IP6750,1,13.99,11.66,2026-06-18 13:15:20,amazon Ledsone,false
1187586,203-8530329-2145947,AMAZON,B0BSGSLZMD,,LDMST64E2786PK,1,15.49,15.49,2026-06-18 13:19:10,amazon Dcvoltage,false
1187587,206-4494386-8372357,AMAZON,B0DPFX2924,,LDMG95E2743PK,1,13.89,13.89,2026-06-18 13:22:01,amazon SRM Amazon,false
1187592,202-8139860-4708321,AMAZON,B0C8TZ2GMQ,,PLADBS+LSDO210BS3PK,1,50.89,50.89,2026-06-18 13:37:57,amazon Dcvoltage,false
1187593,205-3427653-5565123,AMAZON,B0DBYZMD44,,LDSHEAE2742PK,1,15.29,12.74,2026-06-18 13:34:48,amazon Ledsone,false
1187594,206-2399822-2761104,AMAZON,B0F8Q7QDMV,,CERU36200WH,1,4.88,1.66,2026-06-18 13:40:57,amazon Ledsone,false
1187604,203-5325397-9464306,AMAZON,B0GL8H8QD2,,LDMT185E2743PK,1,15.29,12.74,2026-06-18 14:01:47,amazon Ledsone,false
1187605,026-4654337-8791513,AMAZON,B0FMRL88RP,,CRSF100WH2PK+LHTTE27WH2PK,1,18.89,18.89,2026-06-18 14:00:52,amazon Dcvoltage,false
1187606,202-8471126-8849908,AMAZON,B0F1D3YQPG,,RWWPSY10GY,1,5.76,2.49,2026-06-18 14:07:15,amazon Dcvoltage,false
1187613,202-5620960-3977140,AMAZON,B0F9X1J63J,,CL3RGDAPK,1,18.99,15.82,2026-06-18 14:18:38,amazon Ledsone,false
1187619,206-2643137-0591512,AMAZON,B0DH6CJR18,,CL2TGD2PK,3,19.50,6.99,2026-06-18 14:24:14,amazon Dcvoltage,false
1187621,202-0157227-3461137,AMAZON,B0CDWSZQY9,,PSHNOS4BRBM,1,11.89,9.91,2026-06-18 14:37:41,amazon Ledsone,false
1187625,202-7428924-7602709,AMAZON,B0DKNC5W6Y,,LHPHE27RO,1,11.78,8.89,2026-06-18 14:37:41,amazon Dcvoltage,false
1187628,202-7531326-1877136,AMAZON,B0DSC36PBB,,CRFF140YB+PHAH2RYBGD+SPSDP2YB,1,15.29,15.29,2026-06-18 14:45:40,amazon SRM Amazon,false
1187629,203-4974654-5853159,AMAZON,B0D4DX8WFJ,,LBT1ZEYE,1,10.64,8.87,2026-06-18 14:54:57,amazon Ledsone,false
1187632,206-9486034-3304335,AMAZON,B08F74TBB7,,CRFF75SN,1,9.78,6.89,2026-06-18 15:03:15,amazon Dcvoltage,false
1187634,202-0422584-5949943,AMAZON,B0FZCW7KC7,,LSHM300HE+RPR44WH,3,65.67,21.89,2026-06-18 15:04:05,amazon Dcvoltage,false
1187641,202-3773451-1841151,AMAZON,B0F9466PK8,,CL3TGL3PK,1,7.99,6.66,2026-06-18 15:16:54,amazon Ledsone,false
1187642,206-7499355-4365935,AMAZON,B0CV5FGN5Z,,LDST185E2742PK,1,13.79,11.49,2026-06-18 15:17:48,amazon Ledsone,false
1187654,026-1161203-9677919,AMAZON,B0DTHKSHFY,,WCB7BS3PK+RPR44WH3PK,1,23.49,23.49,2026-06-18 15:29:58,amazon Dcvoltage,false
1187657,026-2719730-0783524,AMAZON,B0CMQFVGW1,,ENC5669,1,69.19,57.66,2026-06-18 15:40:54,amazon Ledsone,false
1187662,205-5008903-7673927,AMAZON,B08SW2WJ87,,PLDMBM,1,22.49,22.49,2026-06-18 15:39:11,amazon Dcvoltage,false
1187663,206-6981661-9433936,AMAZON,B0DZNLF6LK,,RWWPSY10GY,1,2.08,2.08,2026-06-18 15:43:59,amazon Ledsone,false
1187664,206-6981661-9433936,AMAZON,B0DZNQCJX5,,RWWPSY08GY,1,1.57,1.57,2026-06-18 15:43:59,amazon Ledsone,false
1187665,206-6981661-9433936,AMAZON,B0DZNJDHCQ,,RWWPSY12GY,1,1.74,1.74,2026-06-18 15:43:59,amazon Ledsone,false
1187668,204-6894762-7789943,AMAZON,B0BWK7RQ27,,PLTYRR+ICST64E27,2,41.78,17.41,2026-06-18 15:57:15,amazon Ledsone,false
1187673,026-7694734-2642716,AMAZON,B0GSFB5MT6,,LSGLULCL+RPM40WH,3,38.67,12.89,2026-06-18 16:09:28,amazon Dcvoltage,false
1187678,205-2689714-9390722,AMAZON,B0GDCN4LCW,,LDMT185E2736PK,1,17.18,14.32,2026-06-18 16:30:50,amazon Ledsone,false
1187681,202-5019196-9997964,AMAZON,B0DSBP4962,,PLTTBC+LSFT220BC,1,20.79,20.79,2026-06-18 16:38:10,amazon Dcvoltage,false
1187682,204-5287669-3329141,AMAZON,B0B7KCXV72,,CRFF105GB,2,19.59,7.33,2026-06-18 16:29:40,amazon Ledsone,false
1187686,204-6824497-7310706,AMAZON,B0DPFX2924,,LDMG95E2743PK,1,13.89,13.89,2026-06-18 16:39:06,amazon SRM Amazon,false
1187687,202-3767743-0313959,AMAZON,B0CVKXQMNQ,,RWWPSY1050YE2PK,2,18.50,6.99,2026-06-18 16:39:21,amazon Ledsone,false
1187690,206-9489166-6101918,AMAZON,B08PYWKP69,,12IP6715,1,8.99,8.99,2026-06-18 16:49:23,amazon SRM Amazon,false
1187694,202-7594972-8161126,AMAZON,B0C5QKJZ9J,,WCVCBM+RPR44WH,1,10.89,10.89,2026-06-18 16:59:03,amazon Dcvoltage,false
1187695,203-0470355-6334755,AMAZON,B0FW514SS5,,LSCYRO300BM+RPR44WH,1,19.89,19.89,2026-06-18 17:00:42,amazon Dcvoltage,false
1187705,206-7228450-6013107,AMAZON,B0CQNL93QC,,PLTTBC+WCBNBC,2,45.78,22.89,2026-06-18 17:35:13,amazon Dcvoltage,false
1187706,206-6041308-1450731,AMAZON,B0CP7NTJPZ,,LHC3E27WH,1,7.28,4.39,2026-06-18 17:38:47,amazon Dcvoltage,false
1187708,202-8678236-6417969,AMAZON,B0DPMQZ1WP,,LSCYRO120GD+RPR44WH,1,14.99,12.49,2026-06-18 17:42:17,amazon Ledsone,false
1187712,203-6149449-5352313,AMAZON,B0F6775Q2J,,LSMCSQWYRE+RPM40WH,1,20.79,17.32,2026-06-18 17:54:13,amazon Ledsone,false
1187715,026-6621943-5506749,AMAZON,B0F1MM438G,,RWWPSN80YE,1,5.78,2.89,2026-06-18 17:50:53,amazon Dcvoltage,false
1187724,206-4494461-5246724,AMAZON,B08FXSKT7L,,LSFT220WH+RPR44WH,2,21.78,10.89,2026-06-18 18:07:28,amazon Dcvoltage,false
1187730,202-3790972-3766744,AMAZON,B0DH9JRSD3,,CL3TGY2PK,1,10.28,6.99,2026-06-18 18:35:56,amazon Dcvoltage,false
1187731,203-6427338-4560368,AMAZON,B0CNQ1Q3BJ,,LDMG125E278,1,8.19,8.19,2026-06-18 18:37:01,amazon Dcvoltage,false
1187732,026-6131138-2850713,AMAZON,B0FX2QT3B1,,LSCYRO300GD2PK+RPR44WH2PK,1,30.89,30.89,2026-06-18 18:37:52,amazon Dcvoltage,false
1187738,204-2625534-0007548,AMAZON,B09L568VCR,,PLHABC+LSOL180BC,3,77.97,21.66,2026-06-18 18:52:35,amazon Ledsone,false
1187741,203-7732894-1438731,AMAZON,B0DGGGFFWN,,IMWWEPK,1,16.68,16.68,2026-06-18 18:53:23,amazon Dcvoltage,false
1187749,203-3876073-3330743,AMAZON,B0DSBP4962,,PLTTBC+LSFT220BC,1,20.79,20.79,2026-06-18 19:01:43,amazon Dcvoltage,false
1187753,026-4556359-0715559,AMAZON,B0C3ZPTYTQ,,LSCY290NB+RPR44WH,1,16.09,13.41,2026-06-18 19:11:34,amazon Ledsone,false
1187754,202-0228407-2073978,AMAZON,B0F9466PK8,,CL3TGL3PK,1,7.99,6.66,2026-06-18 19:17:23,amazon Ledsone,false
1187762,203-1731105-4739508,AMAZON,B08NDBQLMZ,,WCDTBM+RPR44WH,1,18.09,8.61,2026-06-18 19:23:09,amazon Dcvoltage,false
1187765,026-1976197-5481122,AMAZON,B0DFHM3D4X,,LSCY290CO+RPR44WH,1,18.89,18.89,2026-06-18 19:34:07,amazon Dcvoltage,false
1187766,203-6120616-6837923,AMAZON,B0DH97YNLH,,CL3TBK5PK,1,11.99,11.99,2026-06-18 19:34:56,amazon Dcvoltage,false
1187767,202-5712635-7105164,AMAZON,B0FB3ZBZP1,,LDMC35E144APK,1,25.19,20.99,2026-06-18 19:31:07,amazon Ledsone,false
1187768,205-7454507-0289112,AMAZON,B0DH4KYFPD,,WCDTBM2PK+RPR44WH2PK,1,18.29,15.24,2026-06-18 19:34:49,amazon Ledsone,false
1187772,204-1957327-1929104,AMAZON,B07RTY1TFK,,WCBNBC+RPR44WH,1,12.78,9.89,2026-06-18 19:57:50,amazon Dcvoltage,false
1187774,202-5769067-9389906,AMAZON,B0CCJ2Q8JG,,SPSDP3WH5PK,1,11.48,9.57,2026-06-18 19:56:57,amazon Ledsone,false
1187777,202-1538070-8309920,AMAZON,B0DX6NBT9P,,CENU19150WH,1,4.38,0.91,2026-06-18 19:59:37,amazon Ledsone,false
1187779,203-8278150-7318724,AMAZON,B08XWSBPHW,,WCB1BM+RPR44WH,1,9.99,9.99,2026-06-18 19:58:32,amazon Dcvoltage,false
1187785,026-7872914-6269956,AMAZON,B0B7KCXV72,,CRFF105GB,1,11.68,7.32,2026-06-18 20:20:22,amazon Ledsone,false
1187789,026-2488935-2603513,AMAZON,B0C5THWZNQ,,IMRGCPK,1,10.88,7.99,2026-06-18 20:32:04,amazon Dcvoltage,false
1187794,206-0365784-2927552,AMAZON,B0C7KHDV56,,ENC1972,1,83.60,89.89,2026-06-18 20:40:38,amazon Dcvoltage,false
1187795,206-2048667-2529150,AMAZON,B0DH64Q1RJ,,CL2TBK3PK,1,7.99,7.99,2026-06-18 20:40:50,amazon Dcvoltage,false
1187797,205-0599345-6246758,AMAZON,B0CN1BG11M,,CRSF1202WH+PHRY1PCRWH2PK+LSDO210WH2PK,1,30.89,30.89,2026-06-18 20:49:05,amazon Dcvoltage,false
1187798,026-0631938-4457916,AMAZON,B0FTRT91C4,,12IP67100,1,21.49,17.91,2026-06-18 20:49:19,amazon Ledsone,false
1187802,202-4528335-6602729,AMAZON,B0F1TMC6HP,,CENU25200BM,1,4.49,1.49,2026-06-18 20:49:13,amazon Dcvoltage,false
1187804,206-7010020-2265136,AMAZON,B0BX4B6F3W,,LSMS320GR+RPR44WH,1,14.99,14.99,2026-06-18 20:57:34,amazon Dcvoltage,false
1187809,203-3688199-2727511,AMAZON,B0CL13FGTS,,ENC5533,1,47.78,43.89,2026-06-18 21:07:32,amazon Dcvoltage,false
1187810,205-3118565-3055520,AMAZON,B0DH4KYFPD,,WCDTBM2PK+RPR44WH2PK,1,18.29,15.24,2026-06-18 20:59:17,amazon Ledsone,false
1187812,202-9212122-7065963,AMAZON,B09WJD9ZR5,,CRFF140CO+WSNW170CO+LSOL220CO,2,39.78,16.58,2026-06-18 21:04:50,amazon Ledsone,false
1187817,203-9270481-0385949,AMAZON,B09477YHK7,,LDMG95E278APK,1,35.19,29.32,2026-06-18 21:18:03,amazon Ledsone,false
1187823,205-8425716-4501148,AMAZON,B0DGG4N559,,LDMST64B2242PK,1,12.99,10.82,2026-06-18 21:31:57,amazon Ledsone,false
1187826,204-5055879-1544307,AMAZON,B093QJ6CSN,,PLTERR,1,17.89,14.91,2026-06-18 21:48:42,amazon Ledsone,false
1187834,202-5986257-5116327,AMAZON,B0FPWXQWQD,,LDCWA60HB2296PK,1,9.98,6.24,2026-06-18 21:57:53,amazon Ledsone,false
1187837,204-1707299-9045936,AMAZON,B093X1R3NK,,PHHT1FBRBM+LSHM300HE,2,57.46,25.74,2026-06-18 22:03:18,amazon Ledsone,false
1187838,205-8310468-8537135,AMAZON,B0F945MW4Y,,CL3TGY3PK,1,7.99,6.66,2026-06-18 22:05:45,amazon Ledsone,false
1187839,206-2194302-2204347,AMAZON,B0DGPZBHVT,,LDMG95B2283PK,1,17.19,17.19,2026-06-18 21:59:03,amazon Dcvoltage,false
1187840,205-6073451-7222716,AMAZON,B0C9TN8TKQ,,CNP1000BM,1,8.78,5.89,2026-06-18 22:04:08,amazon Dcvoltage,false
1187850,204-4978681-5508367,AMAZON,B0CC9HMCC8,,LSDM220SN+RPR44WH,1,11.09,11.09,2026-06-18 22:34:18,amazon Dcvoltage,false
1187851,026-3575042-7119560,AMAZON,B0F292MNGB,,LSCY290BG+RPR44WH,1,17.49,14.57,2026-06-18 22:48:16,amazon Ledsone,false
1187853,205-0778117-8970755,AMAZON,B0CR19NHYQ,,MBCO1016CLPPK,1,10.08,5.99,2026-06-18 23:08:57,amazon Ledsone,false
1187854,202-6548423-3426731,AMAZON,B0GLPHBN8D,,PL4HRR,1,37.09,37.09,2026-06-18 23:04:02,amazon Dcvoltage,false
1187855,206-5929713-4549922,AMAZON,B08SVWVMG5,,PLDMBC,1,23.89,23.89,2026-06-18 23:04:21,amazon Dcvoltage,false
1187860,026-7663260-6816352,AMAZON,B0CZXL6ZYG,,TPOSBDBM,1,24.99,20.82,2026-06-18 23:18:47,amazon Ledsone,false
1187861,026-5454621-8910710,AMAZON,B0CNPV5SC5,,LDMG95B228,1,6.79,6.79,2026-06-18 23:40:48,amazon Dcvoltage,false
1187867,026-9170523-2737919,AMAZON,B0FX2SP39V,,LSCYRO200WH2PK+RPR44WH2PK,2,49.78,24.89,2026-06-18 23:43:22,amazon Dcvoltage,false
1187868,026-5454621-8910710,AMAZON,B0CKWL49NX,,CL3RBU5PK,1,13.89,13.89,2026-06-18 23:40:48,amazon Dcvoltage,false
1187871,026-6254636-6746717,AMAZON,B08WWYLK73,,ENC897,2,44.44,23.89,2026-06-18 23:56:02,amazon Dcvoltage,false
1187872,206-2646326-1833158,AMAZON,B07CWD8D5F,,12IP67300,1,47.89,47.89,2026-06-19 00:10:32,amazon Dcvoltage,false
1187873,205-2713865-6582737,AMAZON,B0FZCW7KC7,,LSHM300HE+RPR44WH,3,65.67,21.89,2026-06-19 00:15:36,amazon Dcvoltage,false
1187909,202-2312854-5177102,AMAZON,B0D7H8YLX6,,LSSS300BC3PK+RPR44WH3PK,1,39.19,32.66,2026-06-19 05:02:54,amazon Ledsone,false
1187910,202-6537008-0584305,AMAZON,B09Z6RHPL3,,CCBC5,1,8.58,4.74,2026-06-19 05:17:35,amazon Ledsone,false
1187916,206-3332605-2978745,AMAZON,B0D83PFMTP,,WCDCBM3PK+RPR44WH3PK,1,24.29,24.29,2026-06-19 06:04:45,amazon Dcvoltage,false
1187918,206-8980397-7436337,AMAZON,B0D83PFMTP,,WCDCBM3PK+RPR44WH3PK,2,48.58,24.29,2026-06-14 14:26:34,amazon Dcvoltage,false
1187930,205-0252408-3748378,AMAZON,B0C43L42DK,,WCDTRE+RPR44WH,1,10.49,8.74,2026-06-19 06:55:28,amazon Ledsone,false
1187940,202-8974001-4689902,AMAZON,B0FX2SP39V,,LSCYRO200WH2PK+RPR44WH2PK,1,24.89,24.89,2026-06-19 07:20:38,amazon Dcvoltage,false
1187945,202-4254562-3293107,AMAZON,B08NTKB1DM,,CRFF500BM+PHCH1BMRBM3PK+LSCY210BG3PK,1,38.79,32.32,2026-06-19 07:40:33,amazon Ledsone,false
1187946,204-7785624-4687543,AMAZON,B0GQ48BNBZ,,LSGLSC115AR+RPM40WH,1,11.89,11.89,2026-06-19 07:46:48,amazon Dcvoltage,false
1187948,206-4083216-6967562,AMAZON,B0D59Q2DL8,,WCB6BC2PK+RPR44WH2PK,1,16.29,16.29,2026-06-19 08:05:48,amazon Dcvoltage,false
1187951,202-8648622-1063544,AMAZON,B0G1TC8PWQ,,CKCSBY,1,10.99,10.99,2026-06-19 08:08:38,amazon Dcvoltage,false
1187952,204-3740415-1553166,AMAZON,B0839FMMB8,,CBSF75,1,6.78,3.89,2026-06-19 08:11:26,amazon Dcvoltage,false
1187953,202-9260520-8283531,AMAZON,B0GC65GJBB,,CRFF100CH+LHNSE27CH+ICST64E27,1,16.89,16.89,2026-06-19 08:16:45,amazon Dcvoltage,false
1187957,205-1122004-1669909,AMAZON,B0CTCN4DGB,,CRSF100GB+CL3TBR+LHSHE27GB,1,13.89,11.57,2026-06-19 08:28:14,amazon Ledsone,false
1187963,026-4327821-1647556,AMAZON,B0FXGQH4KL,,TPOSBDBM3PK,1,64.75,64.75,2026-06-19 08:41:54,amazon Dcvoltage,false
1187967,203-2854315-3247515,AMAZON,B0CG3GTY9C,,WSOSBDBM,1,21.09,17.57,2026-06-19 08:53:41,amazon Ledsone,false
1187972,202-8514923-3511546,AMAZON,B08WRTD7YP,,PHCT1BMRBM+PHBA1BMRBM+LSYG410BI,1,30.30,31.89,2026-06-19 09:06:25,amazon Dcvoltage,false
1187973,203-8874950-7160316,AMAZON,B0DH9D2Z96,,CL3TBUAPK,2,39.88,19.94,2026-06-19 09:08:46,amazon Dcvoltage,false
1187988,204-4006725-9225903,AMAZON,B0CQJNTQ6R,,MADOIMT2BM,1,10.89,9.07,2026-06-19 09:28:42,amazon Ledsone,false
1187989,203-0338889-3849972,AMAZON,B09ZVJG535,,CCBKNWE12,1,9.88,5.82,2026-06-19 09:32:12,amazon Ledsone,false
1187990,204-8719138-3252356,AMAZON,B0GSR3CLNP,,LHXBTF40E27BM3PK,1,12.18,7.74,2026-06-19 09:34:30,amazon Ledsone,false
1187992,206-5432243-6340340,AMAZON,B0CC9MT4JM,,LSLT360RE+RPR44WH,1,13.88,13.88,2026-06-19 09:02:30,amazon Dcvoltage,false
1187993,206-5432243-6340340,AMAZON,B0CC9P946H,,LSLT360OR+RPR44WH,1,13.89,13.89,2026-06-19 09:02:30,amazon Dcvoltage,false
1187994,204-4127938-7864338,AMAZON,B0FX2SZFZM,,LSCYRO300BM2PK+RPR44WH2PK,1,31.89,31.89,2026-06-19 09:32:00,amazon Dcvoltage,false
1187995,026-7863139-8751564,AMAZON,B0C58TTXKV,,ENC4920,1,49.89,49.89,2026-06-19 09:31:41,amazon Dcvoltage,false
1187996,204-0747047-9533134,AMAZON,B0BSGSLZMD,,LDMST64E2786PK,2,28.81,15.49,2026-06-19 09:37:05,amazon Dcvoltage,false
1187998,203-8791570-5893943,AMAZON,B0F9X15FDN,,LSFT220BL+RPR44WH,1,10.89,9.07,2026-06-19 09:47:30,amazon Ledsone,false
1188006,206-3314956-8964341,AMAZON,B0DH9D59PT,,CL3TAG5PK,1,11.99,11.99,2026-06-19 09:54:40,amazon Dcvoltage,false
1188007,203-2149145-2592364,AMAZON,B0DKFQXKHS,,LHAHE27CH2PK,1,10.08,10.08,2026-06-19 09:56:35,amazon Ledsone,false
1188008,203-2149145-2592364,AMAZON,B0DZ5SWLZN,,CRSF120CH3PK,1,10.74,10.74,2026-06-19 09:56:35,amazon Ledsone,false
1188011,203-4868892-2615508,AMAZON,B0D9RRFVV1,,WCDCBM2PK+RPR44WH2PK,1,18.89,15.74,2026-06-19 10:08:37,amazon Ledsone,false
1188014,026-0119543-9851561,AMAZON,B0F28YNDZN,,LSCY290RO+RPR44WH,1,18.29,15.24,2026-06-19 10:11:17,amazon Ledsone,false
1188016,206-9177654-2588359,AMAZON,B09MQRMWRF,,WCB6WH+RPR44WH,2,21.78,9.08,2026-06-19 10:15:17,amazon Ledsone,false
1188017,203-7068119-9665139,AMAZON,B0FX2TFPZM,,LSCYRO120WH2PK+RPR44WH2PK,1,22.89,22.89,2026-06-19 10:10:17,amazon Dcvoltage,false
1188018,202-5906771-1391532,AMAZON,B08VGMKHT7,,LSCY290BM+RPR44WH,1,15.89,15.89,2026-06-19 10:11:37,amazon Dcvoltage,false
1188019,206-7224447-5273112,AMAZON,B0FX2T3V9J,,LSCYRO200GD2PK+RPR44WH2PK,1,26.89,26.89,2026-06-19 10:12:20,amazon Dcvoltage,false
1188020,202-4117270-6012310,AMAZON,B07CVCT7XN,,LDMG95E278,1,6.99,6.99,2026-06-19 10:18:42,amazon Dcvoltage,false
1188028,202-2823393-4893943,AMAZON,B07PM5KN1T,,CL3TGL5PK,1,13.09,13.09,2026-06-19 10:21:52,amazon Dcvoltage,false
1188033,202-4938951-4633912,AMAZON,B0FNWFF268,,LSWD360BG+RPR44WH,5,98.45,16.41,2026-06-19 10:31:05,amazon Ledsone,false
1188034,026-3101769-3130703,AMAZON,B0DCDSZ719,,LDSG95DIE2743PK,1,21.89,18.24,2026-06-19 10:28:36,amazon Ledsone,false
1188037,204-8280437-0014749,AMAZON,B0CNJX1DV8,,WCB7WH+RPR44WH,1,10.89,10.89,2026-06-19 10:39:24,amazon Dcvoltage,false
1188038,204-4533640-0393153,AMAZON,B0DZ1Z3277,,RWWPSY0640YE2PK,1,10.98,9.15,2026-06-19 10:42:02,amazon Ledsone,false
1188050,206-6885042-5284317,AMAZON,B0GTYJBGDD,,LDST185E2746PK,1,17.89,14.91,2026-06-19 11:10:47,amazon Ledsone,false
1188054,203-0687302-2421910,AMAZON,B0GS96Z9CF,,SPPGUK3PBM6PK,1,14.78,11.89,2026-06-19 11:20:03,amazon Dcvoltage,false
1188055,204-4668841-0381927,AMAZON,B0FZCW7KC7,,LSHM300HE+RPR44WH,1,21.89,21.89,2026-06-19 11:29:19,amazon Dcvoltage,false
1188059,204-8033348-1564361,AMAZON,B0C719VM7R,,CRSF100BM+WSHR135BM+LSFT220GB+ICST64E27,2,37.58,18.79,2026-06-19 11:28:56,amazon Dcvoltage,false
1188060,204-8033348-1564361,AMAZON,B0CNXVXSSB,,CRSF100GB+LHNSE27GB+LSDM220GB,3,74.67,24.89,2026-06-19 11:28:56,amazon Dcvoltage,false
1188074,206-7734825-9848339,AMAZON,B0FZCRB2RS,,LSHM400HE+RPR44WH,1,26.81,29.79,2026-06-19 11:47:07,amazon Dcvoltage,false
1188075,202-6208899-1657168,AMAZON,B07DW3ZY1P,,CCBC3,1,5.89,5.89,2026-06-19 12:00:18,amazon Dcvoltage,false
1188084,026-7431123-2376333,AMAZON,B0DH6FPVYK,,CL2TCRAPK,1,18.29,18.29,2026-06-19 12:11:19,amazon Dcvoltage,false
1188087,204-5102481-7055556,AMAZON,B0GLH4GJMZ,,LDMT185E2735PK,1,17.99,17.99,2026-06-19 12:25:36,amazon Dcvoltage,false
1188088,202-4384332-2286737,AMAZON,B0CNLZLJZT,,WCB2BM+RPR44WH,1,10.49,10.49,2026-06-19 12:26:10,amazon Dcvoltage,false
1188089,203-6235833-7176330,AMAZON,B0DH4KYFPD,,WCDTBM2PK+RPR44WH2PK,1,18.29,15.24,2026-06-19 12:25:49,amazon Ledsone,false
1188093,202-0352989-6799541,AMAZON,B0FN7WTTH3,,SSSFGLCL6PK,1,6.24,6.24,2026-06-19 12:23:32,amazon Ledsone,false
1188094,202-0352989-6799541,AMAZON,B0FN7YJXXB,,SSSFGLCL3PK,1,2.99,2.99,2026-06-19 12:23:32,amazon Ledsone,false
1188096,203-6307094-5542705,AMAZON,B086228MDF,,LDMST64B2286PK,1,19.89,16.57,2026-06-19 12:38:12,amazon Ledsone,false
1188097,206-5188376-5161106,AMAZON,B0CJCGSNJB,,LSSS300CO2PK+RPR44WH2PK,1,26.89,26.89,2026-06-19 12:36:21,amazon Dcvoltage,false
1188107,205-9207312-4972305,AMAZON,B08PC68QCM,,LHSHE27GB,1,10.88,6.66,2026-06-19 12:54:52,amazon Ledsone,false
1188108,202-4148530-6315506,AMAZON,B0FPWV2SHR,,LDCWT75B22126PK,1,18.19,15.16,2026-06-19 12:55:39,amazon Ledsone,false
1188109,204-7158622-4565902,AMAZON,B0D59MHSXN,,WCB3WH2PK+RPR44WH2PK,1,16.09,16.09,2026-06-19 12:49:26,amazon Dcvoltage,false
1188112,202-6742478-0225919,AMAZON,B0D7ZTRLBH,,LSCY290BM2PK+RPR44WH2PK,1,27.89,23.24,2026-06-19 13:06:33,amazon Ledsone,false
1188113,204-1585686-7581136,AMAZON,B0CW3G3ZNR,,LDSSTRE274,1,8.19,8.19,2026-06-19 13:02:54,amazon Dcvoltage,false
1188117,203-4621945-3509109,AMAZON,B0F441RQ1Q,,CENU25200BM2PK,1,5.88,2.99,2026-06-19 13:15:19,amazon Dcvoltage,false
1188126,203-2854647-7341939,AMAZON,B0F29FJ1D9,,PLHWRR,6,121.92,17.83,2026-06-19 13:25:52,amazon Ledsone,false
1188127,202-5820518-5903541,AMAZON,B08X4JDMTK,,CRSF100BM+LHNSE27CO+SCRN70CO+LSFT220GY,2,32.47,17.09,2026-06-19 13:21:39,amazon Dcvoltage,false
1188128,026-0483057-4602732,AMAZON,B0D6KMPJB7,,LSCY290GR2PK+RPR44WH2PK,1,29.89,29.89,2026-06-19 13:25:38,amazon Dcvoltage,false
1188129,203-5475350-5197956,AMAZON,B0D7PRPNS3,,LBT1DSGR2PK,1,15.19,15.19,2026-06-19 13:29:10,amazon Dcvoltage,false
1188131,026-5932995-3247523,AMAZON,B0CVBBFB9K,,CRFF140WH,1,9.38,6.49,2026-06-19 13:37:43,amazon SRM Amazon,false
1188136,202-6676356-1234741,AMAZON,B0GQ48BNBZ,,LSGLSC115AR+RPM40WH,6,66.35,11.89,2026-06-19 13:46:46,amazon Dcvoltage,false
1188143,205-3329445-2759560,AMAZON,B0CGZSD2RV,,LSMCSPFLMC2PK+RPM40WH2PK,2,85.36,38.24,2026-06-19 13:52:11,amazon Ledsone,false
1188145,026-6921312-1677141,AMAZON,B0CNXLKDMF,,CL3THE3PK,2,12.42,4.49,2026-06-19 14:08:17,amazon Dcvoltage,false
1188146,204-2352370-3653963,AMAZON,B0B8VVQSNV,,LDSG125LOE274,1,8.99,7.49,2026-06-19 14:03:39,amazon Ledsone,false
1188150,026-3287014-4137939,AMAZON,B0DCJWRRPD,,SPSDP3BM2PK,1,8.98,5.07,2026-06-19 14:15:39,amazon Ledsone,false
1188151,205-2176876-6260336,AMAZON,B0CYZVX28V,,LSCY290CO2PK+RPR44WH2PK,1,31.89,31.89,2026-06-19 14:12:02,amazon Dcvoltage,false
1188152,203-1702398-7413104,AMAZON,B0G499DJQL,,WCCYSP180WH2PK+RPR44WH2PK,1,23.89,23.89,2026-06-19 14:15:32,amazon Dcvoltage,false
1188155,202-9538267-8405101,AMAZON,B0DB2B8XXL,,CRFF75GB3PK,1,15.89,13.24,2026-06-19 14:19:59,amazon Ledsone,false
1188163,026-4503637-1637133,AMAZON,B0DH66Y429,,CL2TBP5PK,2,20.18,10.09,2026-06-19 14:31:57,amazon Dcvoltage,false
1188165,026-4453932-5180305,AMAZON,B0DH6D82LL,,CL2TYEAPK,2,36.58,18.29,2026-06-19 14:31:57,amazon Dcvoltage,false
1188169,206-4278789-4535557,AMAZON,B0DH4KYFPD,,WCDTBM2PK+RPR44WH2PK,1,18.29,15.24,2026-06-19 14:50:33,amazon Ledsone,false
1188172,204-3903593-3061141,AMAZON,B0F43P8JTW,,CENU1001200WH,2,48.34,25.99,2026-06-19 14:55:40,amazon Dcvoltage,false
1188173,204-4872694-5688333,AMAZON,B0FZCW7KC7,,LSHM300HE+RPR44WH,2,41.59,21.89,2026-06-19 14:47:30,amazon Dcvoltage,false
1188174,204-3594623-8507569,AMAZON,B0CVL4GG2F,,LSTF400YE+RPR44WH,1,16.39,13.66,2026-06-19 14:51:35,amazon Ledsone,false
1188176,205-8133755-5093952,AMAZON,B0DCNNVB21,,LHC6E27WH4PK,1,12.49,10.41,2026-06-16 14:38:59,amazon Ledsone,false
1188186,204-5940284-0000357,AMAZON,B09CYZYQHZ,,ENC1808,3,65.67,21.89,2026-06-19 15:17:07,amazon Dcvoltage,false
1188187,205-0408423-8499550,AMAZON,B0F1D2YMJS,,RWWPSY12GY,2,7.87,2.49,2026-06-19 15:18:55,amazon Dcvoltage,false
1188194,205-1278952-3175535,AMAZON,B09GVRVRL2,,CRSF100BM+WSHR135BM+LSDM220FG,1,18.59,18.59,2026-06-19 15:22:44,amazon Dcvoltage,false
1188205,202-1632438-2717917,AMAZON,B0G499B37C,,WCCYSP180WH2PK+RPR44WH2PK,1,24.89,20.74,2026-06-19 15:34:00,amazon Ledsone,false
1188209,204-2222249-0957905,AMAZON,B0CVL1PQMQ,,LSTF400GY2PK+RPR44WH2PK,1,29.89,24.91,2026-06-19 15:47:23,amazon Ledsone,false
1188210,204-7945568-5075527,AMAZON,B0GVSYH4DM,,WCBTC140FG2PK+RPR44WH2PK,1,22.89,19.07,2026-06-19 15:56:24,amazon Ledsone,false
1188215,026-0214664-0786706,AMAZON,B0C8NJDTJS,,WCDCBM+RPR44WH,1,10.07,8.39,2026-06-19 15:57:30,amazon Ledsone,false
1188216,206-0607791-3703564,AMAZON,B0GDCN4LCW,,LDMT185E2736PK,1,17.19,14.32,2026-06-19 16:06:42,amazon Ledsone,false
1188218,202-3753994-5644344,AMAZON,B0DBLBTWQT,,LSDO210RE2PK+RPR44WH2PK,1,16.99,14.16,2026-06-19 16:13:59,amazon Ledsone,false
1188219,026-7415818-4859548,AMAZON,B0CWPCF144,,WCB7WH2PK+RPR44WH2PK,1,16.09,16.09,2026-06-19 16:18:54,amazon Dcvoltage,false
1188223,205-2830459-3490719,AMAZON,B09477YHK7,,LDMG95E278APK,1,35.19,29.32,2026-06-19 16:25:39,amazon Ledsone,false
1188232,203-1621365-7298768,AMAZON,B08PC415TL,,LHSHE27BA,1,7.99,7.99,2026-06-19 16:56:12,amazon SRM Amazon,false
1188233,205-7010048-1756321,AMAZON,B0CKSRCVKQ,,CRFF75CH,1,9.78,5.74,2026-06-19 16:49:34,amazon Ledsone,false
1188239,205-6295466-5615527,AMAZON,B08WRC297L,,PHCT1BMRBM+PHBA1BMRBM+LSDO400BM,1,28.97,30.49,2026-06-19 17:04:09,amazon Dcvoltage,false
1188241,206-1111212-8046708,AMAZON,B0CGRQ5Z4T,,CRSF100BM2PK+PHRYWP1RBM2PK,1,20.69,17.24,2026-06-19 17:12:09,amazon Ledsone,false
1188242,204-3148057-8753943,AMAZON,B0C9TMW8FQ,,ENC1910,1,22.89,22.89,2026-06-19 17:09:53,amazon Dcvoltage,false
1188250,026-8063656-5025159,AMAZON,B0CZLCKY5W,,LSSS300GY2PK+RPR44WH2PK,1,23.89,23.89,2026-06-19 17:29:13,amazon Dcvoltage,false
1188254,204-1851944-0836361,AMAZON,B084VPLPS5,,CRSF2003YB,1,12.48,7.99,2026-06-19 17:44:48,amazon Ledsone,false
1188272,204-7063607-7125136,AMAZON,B0DV5F3N8Z,,ENC8218,1,38.89,38.89,2026-06-19 18:21:25,amazon SRM Amazon,false
1188273,204-4828171-8587547,AMAZON,B0DF7BD73R,,CRSF100BM+PHRYWP1RBM,1,11.49,9.57,2026-06-19 18:14:38,amazon Ledsone,false
1188274,205-7707933-7841919,AMAZON,B0CTC7XPNX,,CRSF100BM+LHNSE27YB+SCRN70BM+LSFT220BG,1,18.89,18.89,2026-06-19 18:25:42,amazon Dcvoltage,false
1188282,203-4913950-3025167,AMAZON,B0CV5FGN5Z,,LDST185E2742PK,4,55.16,11.49,2026-06-19 18:30:25,amazon Ledsone,false
1188283,026-9551380-6897157,AMAZON,B0C8NJDTJS,,WCDCBM+RPR44WH,1,10.07,8.39,2026-06-19 18:34:20,amazon Ledsone,false
1188285,203-8668143-2079501,AMAZON,B0GQ48BNBZ,,LSGLSC115AR+RPM40WH,1,11.89,11.89,2026-06-19 18:33:57,amazon Dcvoltage,false
1188286,202-7514068-6895531,AMAZON,B0CC8QX5QJ,,CRSF100BM+WSSS70BM+LSWD360BM+ICST64E27,1,29.49,29.49,2026-06-19 18:37:14,amazon Dcvoltage,false
1188293,026-3509855-8079532,AMAZON,B0DX6BP7GV,,CENU46450WH,1,7.18,3.24,2026-06-19 18:41:43,amazon Ledsone,false
1188300,205-3206816-5613138,AMAZON,B0D59PP6PC,,WCB1BM2PK+RPR44WH2PK,1,15.98,15.98,2026-06-19 18:55:50,amazon Dcvoltage,false
1188302,205-8548325-7659517,AMAZON,B0CK86KGYK,,LDSSTRE274,1,11.89,9.91,2026-06-19 18:56:55,amazon Ledsone,false
1188305,206-9996237-1676369,AMAZON,B0D93QM7CS,,ENC5356,1,24.19,20.16,2026-06-19 19:03:17,amazon Ledsone,false
1188306,206-2707218-9312335,AMAZON,B0CNTGP2CP,,WCB6RR+RPR44WH,1,10.49,10.49,2026-06-19 19:05:29,amazon Dcvoltage,false
1188311,205-7667714-6789125,AMAZON,B09YYSZ72Q,,PLADBS+LSDO210BS3PK,1,50.89,50.89,2026-06-19 19:17:03,amazon Dcvoltage,false
1188312,204-7318076-4665932,AMAZON,B0H2SC8XF1,,PCBISR2PK,1,5.89,4.91,2026-06-19 19:13:43,amazon Ledsone,false
1188319,026-5782439-7645148,AMAZON,B0DZF4KSNY,,CL2RCRAPK,1,15.82,15.82,2026-06-19 19:30:37,amazon Ledsone,false
1188320,026-5782439-7645148,AMAZON,B0CJ741MRL,,CL2TLBAPK,1,15.40,15.40,2026-06-19 19:30:37,amazon Ledsone,false
1188339,206-0179615-8355550,AMAZON,B0C3ZT8HVF,,LSCY290BI+RPR44WH,1,15.89,13.24,2026-06-19 20:01:48,amazon Ledsone,false
1188340,202-7480112-8768332,AMAZON,B0CR9W5933,,WCFWROCO+RPR44WH,1,11.89,9.91,2026-06-19 20:04:04,amazon Ledsone,false
1188345,205-4663631-9255510,AMAZON,B0CP3FF282,,LSDO210BI+RPR44WH,25,297.25,11.89,2026-06-19 20:24:13,amazon Dcvoltage,false
1188356,202-2464455-3887538,AMAZON,B0D9Q69R2Z,,PLWSBM+ICST64E272PK,1,24.19,24.19,2026-06-19 20:19:21,amazon Dcvoltage,false
1188357,206-6694396-3538704,AMAZON,B0CT5PY35Z,,STFG4845WH,1,6.38,3.49,2026-06-19 20:22:13,amazon Dcvoltage,false
1188358,026-7617597-7807544,AMAZON,B093DK8D1J,,CL2TAGAPK,1,21.49,17.91,2026-06-19 20:27:34,amazon Ledsone,false
1188359,202-2632590-5321935,AMAZON,B0CV5FGN5Z,,LDST185E2742PK,1,13.79,11.49,2026-06-19 20:29:30,amazon Ledsone,false
1188361,205-0981346-3545927,AMAZON,B0B8VVQDZR,,LDSG125LOE2742PK,1,18.89,15.74,2026-06-19 20:38:07,amazon Ledsone,false
1188367,026-9350272-2280366,AMAZON,B094R3M2DC,,PLADBM,1,47.89,39.91,2026-06-19 20:57:22,amazon Ledsone,false
1188374,205-7077273-1747519,AMAZON,B0FX2SP39V,,LSCYRO200WH2PK+RPR44WH2PK,1,24.89,24.89,2026-06-19 21:06:15,amazon Dcvoltage,false
1188381,205-4145165-0830742,AMAZON,B0CBLWW4NG,,WCVCBM2PK+RPR44WH2PK,1,17.89,17.89,2026-06-19 21:24:04,amazon Dcvoltage,false
1188387,205-5520182-2651514,AMAZON,B0D297H6ZM,,LSCY290BM2PK+RPR44WH2PK,1,26.89,22.41,2026-06-19 21:52:14,amazon Ledsone,false
1188391,206-6012863-9561107,AMAZON,B0C5CWGPJW,,CRSF100BM+WSHR135BM+LSFT220GB+ICST64E27,2,39.78,16.58,2026-06-19 21:58:59,amazon Ledsone,false
1188392,026-4143384-5561117,AMAZON,B0FB3ZFXY1,,LDMC35E1443PK,1,13.19,10.99,2026-06-19 22:02:27,amazon Ledsone,false
1188393,203-1816086-6313141,AMAZON,B0GLNBSJMP,,PL4HRR,1,38.69,32.24,2026-06-19 20:47:13,amazon Ledsone,false
1188403,205-0481143-3361164,AMAZON,B0BTM8YQLV,,WCBCRR,1,10.89,10.89,2026-06-19 22:48:25,amazon Dcvoltage,false
1188404,026-4941185-8789931,AMAZON,B0C5XXZBQJ,,LSTF40BB+RPR44WH,1,10.89,9.07,2026-06-19 22:56:09,amazon Ledsone,false
1188406,203-0211472-8289108,AMAZON,B0FX2TFPZM,,LSCYRO120WH2PK+RPR44WH2PK,1,22.89,22.89,2026-06-19 23:03:30,amazon Dcvoltage,false
1188407,203-0211472-8289108,AMAZON,B0FX2SHBL5,,LSCYRO120BM2PK+RPR44WH2PK,1,21.89,21.89,2026-06-19 23:03:30,amazon Dcvoltage,false
1188408,202-2119315-5997114,AMAZON,B0DD7QLDB1,,RPM40BM4PK,1,7.98,5.09,2026-06-19 23:07:57,amazon Dcvoltage,false
1188410,202-1611683-5069137,AMAZON,B0CBMS78L8,,PHSF2BMRBM+SPSDP2BM+ICST64E27,2,37.00,16.58,2026-06-19 23:12:34,amazon Ledsone,false
1188416,205-1879932-0880357,AMAZON,B0FNQZKZRN,,BSFCDRWHPI,1,21.99,18.32,2026-06-20 00:12:58,amazon Ledsone,false
1188417,205-8418143-7898704,AMAZON,B0GVT3RF7L,,WCBTC120FG2PK+RPR44WH2PK,1,20.89,17.41,2026-06-20 00:53:27,amazon Ledsone,false
1188419,205-4011581-5882751,AMAZON,B0G4QXYX5W,,CRSF100BM+PHHF1PBRBM+LSWD360BM,1,22.89,22.89,2026-06-20 01:21:11,amazon Dcvoltage,false
1188420,204-6101969-0861162,AMAZON,B0FMRL88RP,,CRSF100WH2PK+LHTTE27WH2PK,1,18.89,18.89,2026-06-20 01:25:49,amazon Dcvoltage,false
1188421,204-3872965-8471533,AMAZON,B0D7ZTRLBH,,LSCY290BM2PK+RPR44WH2PK,1,27.89,23.24,2026-06-20 01:59:41,amazon Ledsone,false
1188422,204-0120661-7239507,AMAZON,B08XWSBPHW,,WCB1BM+RPR44WH,1,9.99,9.99,2026-06-20 04:32:15,amazon Dcvoltage,false
1188434,205-8898638-2506764,AMAZON,B0DVLPPMXL,,PHSHF1PBRYB+LSCY290BG+ICST64E27,1,22.49,18.74,2026-06-20 07:02:57,amazon Ledsone,false
1188444,204-7460386-0585953,AMAZON,B0C948Q2C2,,PLTYBC+WCBNBC+LDST45E274,1,16.06,18.89,2026-06-20 08:16:53,amazon Dcvoltage,false
1188452,202-7928863-7647543,AMAZON,B0DLBFH747,,PCBM20DS5PK,1,8.78,4.91,2026-06-20 08:32:25,amazon Ledsone,false
1188458,203-6901867-3264315,AMAZON,B0DMF2KF74,,ENC9307,1,27.29,22.74,2026-06-20 09:02:31,amazon Ledsone,false
1188471,202-0337004-7881179,AMAZON,B0DH638RSR,,CL2TBMAPK,1,22.99,22.99,2026-06-20 09:14:18,amazon Dcvoltage,false
1188472,204-1049602-3329109,AMAZON,B09KNR8L6C,,CRSF2003BM+PHRB1PBR40BM3PK+LSBS160YE3PK,1,35.89,29.91,2026-06-20 09:08:40,amazon Ledsone,false
1188476,202-3768747-6218738,AMAZON,B09C5SYCR3,,CRSF2003BB+PHSH1PBRYB3PK+LSDO210BB3PK,1,37.89,31.57,2026-06-20 09:25:32,amazon Ledsone,false
1188483,203-9745941-5861145,AMAZON,B0D73KRWF7,,LDMT185B2245PK,1,16.89,16.89,2026-06-20 09:29:16,amazon Dcvoltage,false
1188484,202-0437911-2701135,AMAZON,B07L5D9189,,WCBV62BM+SCRN70BM,1,10.45,8.89,2026-06-20 09:32:48,amazon Dcvoltage,false
1188496,203-7373945-9260343,AMAZON,B0C4DRYJ5T,,CRSF2003BM+WCRN3CBM3PK,1,33.06,38.89,2026-06-20 10:00:23,amazon Dcvoltage,false
1188506,203-2667735-1253946,AMAZON,B0G2L35YZ5,,ENC7764,1,24.56,24.07,2026-06-20 10:32:42,amazon Ledsone,false
1188510,204-8768876-9036316,AMAZON,B0F7QNZ95S,,ENC8614,1,26.26,25.74,2026-06-20 10:46:32,amazon Ledsone,false
1188511,203-3574513-4360300,AMAZON,B09L8KS17V,,CRSF100BM+PHCH1BMRBM+LSDO400BI,2,43.38,18.08,2026-06-20 10:46:26,amazon Ledsone,false
1188513,206-0312125-5171576,AMAZON,B0CZXL6ZYG,,TPOSBDBM,1,24.99,20.82,2026-06-20 10:54:22,amazon Ledsone,false
1188514,202-0135193-2389979,AMAZON,B0DQD9W4R5,,PHSF1BMTBM3PK,1,33.21,27.67,2026-06-20 10:54:27,amazon Ledsone,false
1188528,205-3224083-6157909,AMAZON,B0DH9B4NSC,,CL3TIV3PK,1,11.28,7.99,2026-06-20 11:21:00,amazon Dcvoltage,false
1188534,206-6262938-4012343,AMAZON,B0DX6NBT9P,,CENU19150WH,1,4.38,0.91,2026-06-20 11:29:13,amazon Ledsone,false
1188537,205-8298110-4293919,AMAZON,B0DTHKSHFY,,WCB7BS3PK+RPR44WH3PK,1,23.49,23.49,2026-06-20 11:35:22,amazon Dcvoltage,false
1188538,205-1758393-5381156,AMAZON,B0F4XTTV54,,TSTS15WH,2,3.58,0.34,2026-06-20 11:38:47,amazon Dcvoltage,false
1188552,204-8779449-4779530,AMAZON,B0DH4KYFPD,,WCDTBM2PK+RPR44WH2PK,1,18.29,15.24,2026-06-20 11:57:36,amazon Ledsone,false
1188553,203-4350934-4721107,AMAZON,B07B2WVRJ5,,12IP6715,1,9.88,5.82,2026-06-20 12:06:23,amazon Ledsone,false
1188554,205-2591539-5406741,AMAZON,B08X4TCVN8,,CRFF500BM+WCRN3CBM3PK,1,39.51,46.48,2026-06-20 12:16:20,amazon Dcvoltage,false
1188558,205-4493863-6305945,AMAZON,B084JRSK7F,,PSDS4BMRRE,4,63.56,15.89,2026-06-20 12:28:17,amazon Dcvoltage,false
1188559,202-1907823-0045154,AMAZON,B0DX6BP7GV,,CENU46450WH,1,6.79,3.24,2026-06-20 12:21:11,amazon Ledsone,false
1188562,204-5554951-4865100,AMAZON,B0F7QVS5XM,,ENC7630,1,30.89,25.74,2026-06-20 12:31:00,amazon Ledsone,false
1188566,203-2305310-0175528,AMAZON,B0DRYRF1DH,,LHSHE27BA3PK,1,17.69,17.69,2026-06-20 12:45:39,amazon SRM Amazon,false
1188568,205-7350647-6705943,AMAZON,B0GTV48J5T,,LDMT185B224,1,10.09,5.99,2026-06-20 12:39:43,amazon Ledsone,false
1188570,203-7368413-9856349,AMAZON,B0DNK2H74S,,ENC10078,1,29.89,24.91,2026-06-20 12:46:42,amazon Ledsone,false
1188575,204-5417125-9408359,AMAZON,B0GP7M293K,,LHPVHRE27WH3PK,1,11.18,6.91,2026-06-20 13:09:13,amazon Ledsone,false
1188576,206-8063709-3001147,AMAZON,B08B61VPZL,,PLTTBC+LSFT220BC,1,18.89,15.74,2026-06-20 13:16:36,amazon Ledsone,false
1188586,205-5343511-1917102,AMAZON,B096FYMVPJ,,CRSF100BM+PHCHPBRGB+LSCY290GB+ICST64E27,4,119.56,29.89,2026-06-20 13:36:45,amazon Dcvoltage,false
1188587,026-1348914-5724343,AMAZON,B0GCZG4XFD,,CRSF120WH,1,8.78,4.91,2026-06-20 13:32:01,amazon Ledsone,false
1188591,026-6285885-2529915,AMAZON,B0F2YNX9P7,,RWWPSY08GY,1,4.80,1.69,2026-06-20 13:50:09,amazon Dcvoltage,false
1188600,026-3164159-8894720,AMAZON,B0CV5FGN5Z,,LDST185E2742PK,1,13.79,11.49,2026-06-20 14:02:22,amazon Ledsone,false
1188603,206-9056125-9237139,AMAZON,B08TMRT292,,LSFT220YE+RPR44WH,2,23.78,11.89,2026-06-20 14:09:23,amazon Dcvoltage,false
1188604,205-8665842-8219528,AMAZON,B0D56YY6W8,,WCB6RR2PK+RPR44WH2PK,1,15.89,15.89,2026-06-20 14:18:33,amazon Dcvoltage,false
1188608,026-6060381-0442749,AMAZON,B095P9K3WL,,CRSF100BM+WSNW170BM+LSUL220BM,1,17.89,14.91,2026-06-20 14:19:53,amazon Ledsone,false
1188609,205-5462942-6815522,AMAZON,B0G2L35YZ5,,ENC7764,1,28.89,24.07,2026-06-20 14:23:33,amazon Ledsone,false
1188614,205-4983257-7999517,AMAZON,B0DNK2H74S,,ENC10078,1,29.89,24.91,2026-06-20 14:32:23,amazon Ledsone,false
1188615,202-3017422-6070743,AMAZON,B0D56ZXBW1,,WCB7BM2PK+RPR44WH2PK,1,18.49,18.49,2026-06-20 13:54:42,amazon Dcvoltage,false
1188623,206-9839524-9965900,AMAZON,B0DX6WW82X,,CENU70450BM,1,9.78,5.74,2026-06-20 14:42:53,amazon Ledsone,false
1188625,204-5999657-4013123,AMAZON,B0DZNJDHCQ,,RWWPSY12GY,1,4.98,1.74,2026-06-20 14:46:47,amazon Ledsone,false
1188630,205-4236797-6113158,AMAZON,B0GQ48BNBZ,,LSGLSC115AR+RPM40WH,1,11.89,11.89,2026-06-20 15:03:43,amazon Dcvoltage,false
1188631,204-3201786-9930742,AMAZON,B0DB1WNX1D,,HLRK35BM2PK,2,10.43,4.68,2026-06-20 15:01:53,amazon Ledsone,false
1188632,204-0995194-1778724,AMAZON,B0979GW1YC,,CNP1000CO,1,4.89,4.07,2026-06-20 15:02:58,amazon Ledsone,false
1188634,026-4954510-5462744,AMAZON,B0H45R1MMR,,CRSF100BL2PK+LHTTE27BL2PK,1,19.89,19.89,2026-06-20 15:08:22,amazon Dcvoltage,false
1188635,026-2033531-1178753,AMAZON,B0G3Y36N4B,,PHBR1BMRBM,1,15.21,17.89,2026-06-20 15:13:17,amazon Dcvoltage,false
1188641,203-0403921-7443567,AMAZON,B0DNK2H74S,,ENC10078,1,29.89,24.91,2026-06-20 15:27:26,amazon Ledsone,false
1188644,204-1262052-2953948,AMAZON,B0CZXL6ZYG,,TPOSBDBM,1,24.99,20.82,2026-06-20 15:39:06,amazon Ledsone,false
1188645,206-1993449-7497144,AMAZON,B0DCG9KCPL,,LHTRE27RO2PK,1,14.09,11.74,2026-06-20 15:38:04,amazon Ledsone,false
1188646,026-6522851-5573129,AMAZON,B0DH688STH,,CL2TIV5PK,1,10.19,11.99,2026-06-20 15:28:55,amazon Dcvoltage,false
1188654,205-5377747-2559518,AMAZON,B0CTFCSYLV,,CRSF100BM+PHHT2PBRBM+LSHM300HE,2,62.70,33.89,2026-06-20 15:44:56,amazon Dcvoltage,false
1188655,206-3611828-9089132,AMAZON,B0CSMK6311,,CRFF100RO2PK,1,13.89,13.89,2026-06-20 15:47:22,amazon Dcvoltage,false
1188659,204-0839805-6800309,AMAZON,B07CWS93WM,,LDMG95B224,1,6.99,6.99,2026-06-20 15:51:52,amazon Dcvoltage,false
1188660,205-6840784-1065166,AMAZON,B0DYT8NSY9,,RWWPSY0660YE,1,5.78,2.41,2026-06-20 15:52:51,amazon Ledsone,false
1188661,205-3925229-8740340,AMAZON,B093H8YG8Z,,LSMS320GY+RPR44WH,1,14.99,12.49,2026-06-20 15:59:46,amazon Ledsone,false
1188662,203-8678611-6765138,AMAZON,B0BX41RTTW,,LSSS300YB+RPR44WH,1,14.99,12.49,2026-06-20 15:56:49,amazon Ledsone,false
1188668,203-8338749-2893129,AMAZON,B0GSRMGBFQ,,LHXBTF40E27BM5PK,1,14.49,14.49,2026-06-20 16:18:14,amazon Dcvoltage,false
1188676,205-9861721-4488320,AMAZON,B0D4YG1QFJ,,LDMG95E2783PK,1,12.19,12.19,2026-06-20 16:18:41,amazon Dcvoltage,false
1188678,026-7106668-3959524,AMAZON,B0CRZ54MPY,,LSCY290SN+RPR44WH,2,33.78,16.89,2026-06-20 16:37:36,amazon Dcvoltage,false
1188680,202-3384506-8064345,AMAZON,B08XBXG4DR,,CRSF100WH+LHTTE27WH,1,10.89,10.89,2026-06-20 16:47:41,amazon Dcvoltage,false
1188684,206-3338242-0497157,AMAZON,B0GTHT26DV,,LSGL14010CL3PK+RPM40WH3PK,1,23.89,23.89,2026-06-20 16:50:51,amazon Dcvoltage,false
1188685,026-1250309-0017166,AMAZON,B0GCZG4XFD,,CRSF120WH,1,8.78,4.91,2026-06-20 16:58:16,amazon Ledsone,false
1188688,205-1980156-1427568,AMAZON,B0DCDB1TLJ,,STPVC17ARE3PK,1,5.43,2.12,2026-06-20 17:03:00,amazon Ledsone,false
1188689,206-9277407-5061922,AMAZON,B0G647M8F1,,ENC1826,1,30.89,25.74,2026-06-20 17:01:44,amazon Ledsone,false
1188696,206-4755761-0112351,AMAZON,B093H8YG8Z,,LSMS320GY+RPR44WH,1,14.99,12.49,2026-06-20 17:22:23,amazon Ledsone,false
1188710,202-3157482-8689131,AMAZON,B0CRZ4NYHV,,LSCY290CB+RPR44WH,1,15.89,15.89,2026-06-20 17:33:25,amazon Dcvoltage,false
1188712,206-1191913-1185169,AMAZON,B0CQNL93QC,,PLTTBC+WCBNBC,1,22.89,22.89,2026-06-20 17:39:25,amazon Dcvoltage,false
1188722,204-4606266-1353156,AMAZON,B0DTHJJLW2,,WCB6BS3PK+RPR44WH3PK,1,22.89,22.89,2026-06-20 17:58:21,amazon Dcvoltage,false
1188726,203-2116224-3669953,AMAZON,B09MWHQ855,,ENC2228,1,33.38,29.91,2026-06-20 17:56:49,amazon Ledsone,false
1188731,206-1715656-1231500,AMAZON,B0C62DNV2L,,WCSRBC,1,8.41,9.89,2026-06-20 18:00:11,amazon Dcvoltage,false
1188732,206-8771745-2511530,AMAZON,B08X6FT5PM,,PLTERR,1,16.91,19.89,2026-06-20 18:19:12,amazon Dcvoltage,false
1188733,203-2183922-4345948,AMAZON,B0H2SFBKWQ,,PCBISR5PK,1,12.89,6.57,2026-06-20 18:09:51,amazon Ledsone,false
1188734,206-1791644-5849954,AMAZON,B0DCS4YCFW,,WCWDRO+RPR44WH,1,10.09,8.41,2026-06-20 18:00:11,amazon Ledsone,false
1188735,204-3341145-4497139,AMAZON,B0DNK5C3VZ,,ENC10076,1,23.89,19.91,2026-06-20 18:14:47,amazon Ledsone,false
1188739,202-9055109-6621933,AMAZON,B0CQNLH4N3,,PLTTBM+WCBNBM,1,20.89,20.89,2026-06-20 18:23:03,amazon Dcvoltage,false
1188747,203-9792550-9640331,AMAZON,B0F2HB8DK3,,RWT6150YE,1,13.00,15.29,2026-06-20 18:40:14,amazon Dcvoltage,false
1188748,206-7932470-5460317,AMAZON,B0FPWYRDQT,,LDCWA55B2256PK,1,9.68,5.99,2026-06-20 18:45:44,amazon Ledsone,false
1188750,206-2964892-5108355,AMAZON,B0DBZHMXVT,,ENC7848,1,43.26,42.41,2026-06-20 18:45:44,amazon Ledsone,false
1188751,206-1338321-2032368,AMAZON,B0DB29BF1T,,CRFF75YB2PK,1,11.49,9.57,2026-06-20 18:56:43,amazon Ledsone,false
1188752,206-8514602-5730742,AMAZON,B0GTJ1BS3K,,LSGL14010CL2PK+RPM40WH2PK,2,30.58,15.29,2026-06-20 18:52:17,amazon Dcvoltage,false
1188754,203-3036646-7732323,AMAZON,B08TX35XSK,,LSMS320GY+RPR44WH,2,28.48,14.24,2026-06-20 18:55:49,amazon Dcvoltage,false
1188761,202-1084211-6431524,AMAZON,B0DYT8NSY9,,RWWPSY0660YE,1,5.78,2.41,2026-06-20 19:26:31,amazon Ledsone,false
1188762,202-0950621-5874769,AMAZON,B08WRTD7YP,,PHCT1BMRBM+PHBA1BMRBM+LSYG410BI,7,207.60,31.89,2026-06-20 19:27:29,amazon Dcvoltage,false
1188768,202-3320428-4599561,AMAZON,B08XBXG4DR,,CRSF100WH+LHTTE27WH,1,10.89,10.89,2026-06-20 19:42:30,amazon Dcvoltage,false
1188769,205-7535630-0145922,AMAZON,B0FQVCJCKP,,ENC9107,1,27.89,27.89,2026-06-20 19:42:38,amazon Dcvoltage,false
1188772,203-8031829-5993155,AMAZON,B0FB2N4H5M,,PHSF1BMRYB,1,13.29,11.07,2026-06-20 19:48:23,amazon Ledsone,false
1188773,202-5659233-5213135,AMAZON,B0CG5YGHNW,,LSCY290CH2PK+RPR44WH2PK,1,29.09,29.09,2026-06-20 19:52:19,amazon Dcvoltage,false
1188777,206-5145467-5482767,AMAZON,B0DH9BZVRP,,CL3TBR5PK,1,11.99,11.99,2026-06-20 20:11:50,amazon Dcvoltage,false
1188779,204-0015443-9368337,AMAZON,B0CZXL6ZYG,,TPOSBDBM,1,24.99,20.82,2026-06-20 20:20:25,amazon Ledsone,false
1188784,205-0868271-1397161,AMAZON,B0CPDPWLV4,,WJB2,1,5.89,3.00,2026-06-20 20:30:36,amazon Dcvoltage,false
1188785,202-7654358-7533903,AMAZON,B08XBXG4DR,,CRSF100WH+LHTTE27WH,1,10.89,10.89,2026-06-20 20:46:38,amazon Dcvoltage,false
1188789,206-6203805-7865109,AMAZON,B0DV5F8QR2,,ENC8208,1,33.14,32.49,2026-06-20 20:52:10,amazon Ledsone,false
1188792,203-2137211-2813116,AMAZON,B0C7H2N8J4,,LSFT220NB+RPR44WH,1,10.89,10.89,2026-06-20 20:51:07,amazon Dcvoltage,false
1188828,206-7783428-3764308,AMAZON,B07F9HBHVY,,LDMT45E274,2,11.78,5.89,2026-06-20 21:30:28,amazon Dcvoltage,false
1188829,203-2319974-8389946,AMAZON,B08SVWVMG5,,PLDMBC,1,23.89,23.89,2026-06-20 21:33:01,amazon Dcvoltage,false
1188830,202-3021337-7958757,AMAZON,B0CHJNH1FL,,BC2W160,1,8.68,4.82,2026-06-20 21:35:09,amazon Ledsone,false
1188836,204-4198429-0511546,AMAZON,B0DX6NBT9P,,CENU19150WH,1,4.38,0.91,2026-06-20 21:41:33,amazon Ledsone,false
1188837,203-7071511-7769968,AMAZON,B0D7BZ726S,,LDSG125E274,1,12.74,12.49,2026-06-20 21:45:55,amazon Ledsone,false
1188839,206-7746569-7863501,AMAZON,B0B4G7M44G,,CNT900GB,2,8.00,4.00,2026-06-20 21:48:39,amazon Ledsone,false
1188840,206-7746569-7863501,AMAZON,B0B4G6RX5J,,CNT900WH,2,7.98,3.99,2026-06-20 21:48:39,amazon Ledsone,false
1188845,204-9670893-8314712,AMAZON,B0DCFXBYJG,,LDSG95DIE2745PK,1,22.86,22.41,2026-06-20 21:59:21,amazon Ledsone,false
1188846,203-6698214-9964357,AMAZON,B0CK4CZRDZ,,LSMCSPSQMC+RPM40WH,1,22.99,19.16,2026-06-20 22:05:50,amazon Ledsone,false
1188847,202-1786892-6497914,AMAZON,B08L7P2MHQ,,LDCWE27183PK,1,15.99,13.32,2026-06-20 22:10:55,amazon Ledsone,false
1188849,204-0358501-7947521,AMAZON,B0FKBSVMF6,,CRSF100CO+WSSS70CO,1,14.99,14.99,2026-06-20 22:18:06,amazon SRM Amazon,false
1188854,203-1416658-5771529,AMAZON,B081VF2G3V,,LDMST64E2786PK,1,18.99,18.99,2026-06-20 22:35:32,amazon Dcvoltage,false
1188858,205-5903526-6820334,AMAZON,B0DQD74HVG,,PHSF1BMTYB3PK,1,30.71,25.59,2026-06-20 22:38:28,amazon Ledsone,false
1188859,205-0017887-1013900,AMAZON,B0863LVZNG,,PHSF1AGTGB,1,19.89,12.41,2026-06-20 22:46:03,amazon Ledsone,false
1188861,026-1907074-1075561,AMAZON,B0GQ48BNBZ,,LSGLSC115AR+RPM40WH,1,10.11,11.89,2026-06-20 22:42:26,amazon Dcvoltage,false
1188865,206-8561721-0996353,AMAZON,B0F28YNDZN,,LSCY290RO+RPR44WH,1,18.29,15.24,2026-06-20 22:49:38,amazon Ledsone,false
1188866,205-5557514-0973968,AMAZON,B0CTZRW2J9,,ENC6202,1,34.76,40.89,2026-06-20 23:12:37,amazon Dcvoltage,false
1188867,203-1667386-7117946,AMAZON,B0H2SFBKWQ,,PCBISR5PK,1,7.89,6.57,2026-06-20 23:12:59,amazon Ledsone,false
1188871,205-3443842-9443528,AMAZON,B0DQD9W4R5,,PHSF1BMTBM3PK,1,33.21,27.67,2026-06-20 23:31:53,amazon Ledsone,false
1188873,203-7517446-5239567,AMAZON,B0C43N2F3D,,WCDTWH+RPR44WH,1,10.25,8.54,2026-06-20 23:38:38,amazon Ledsone,false
1188874,202-9100044-6309146,AMAZON,B0F99WKKXN,,PHSF1AGRGB,1,13.89,11.57,2026-06-20 23:45:31,amazon Ledsone,false
1188876,205-6253710-1698739,AMAZON,B0F9VDWTYX,,CL3RBM3PK,1,8.79,7.32,2026-06-21 00:04:29,amazon Ledsone,false
1188882,026-3863413-4537162,AMAZON,B0G2L35YZ5,,ENC7764,1,28.89,24.07,2026-06-21 00:39:11,amazon Ledsone,false
1188888,202-2975611-2652316,AMAZON,B0D7S3HB14,,LSMS320YE2PK+RPR44WH2PK,1,25.89,21.57,2026-06-21 01:50:26,amazon Ledsone,false
1188889,202-8255245-4193914,AMAZON,B0FW525RR7,,LSCYRO300GD+RPR44WH,1,19.89,19.89,2026-06-21 02:12:10,amazon Dcvoltage,false
1188890,202-4294640-7571545,AMAZON,B0FX2QT3B1,,LSCYRO300GD2PK+RPR44WH2PK,1,31.89,31.89,2026-06-21 02:12:10,amazon Dcvoltage,false
1188895,204-3991509-5465915,AMAZON,B0DH4KYFPD,,WCDTBM2PK+RPR44WH2PK,1,18.29,15.24,2026-06-21 05:49:20,amazon Ledsone,false
1188896,026-3819847-1022759,AMAZON,B0C9DV894B,,SPSDP2YB,1,4.92,5.79,2026-06-21 05:49:42,amazon Dcvoltage,false
1188904,026-0375952-3897928,AMAZON,B0DH8XKTL8,,CL3TBK3PK,1,11.08,8.99,2026-06-21 07:00:30,amazon Dcvoltage,false
1188907,203-2175313-4280312,AMAZON,B0CBVJM1F1,,WSFTWH,2,19.34,7.41,2026-06-21 07:23:58,amazon Ledsone,false
1188908,026-4037490-6490701,AMAZON,B0FX2Q2VVY,,LSCYRO120GD2PK+RPR44WH2PK,1,21.29,21.29,2026-06-21 07:25:54,amazon Dcvoltage,false
1188909,202-2101110-1569152,AMAZON,B0FPFYTRVT,,LDCWGU1056PK,2,24.40,10.99,2026-06-21 07:29:40,amazon Ledsone,false
1188911,203-0035789-7253965,AMAZON,B0BLP2VGSC,,LDMST64E278APK,1,26.26,25.74,2026-06-21 07:51:58,amazon Ledsone,false
1188915,204-5575664-5943546,AMAZON,B08FXSKT7L,,LSFT220WH+RPR44WH,1,10.89,10.89,2026-06-21 08:08:41,amazon Dcvoltage,false
1188932,206-7865487-0109920,AMAZON,B0CSJVZCXR,,WCCYSQBM2PK+LDMT45E2742PK,2,87.58,36.49,2026-06-21 08:53:16,amazon Ledsone,false
1188945,202-6760227-5273165,AMAZON,B0CNJX1DV8,,WCB7WH+RPR44WH,1,10.89,10.89,2026-06-21 09:20:55,amazon Dcvoltage,false
1188946,203-5445512-9227538,AMAZON,B0CVL9FRMJ,,LSTF400YE+RPR44WH,1,16.39,16.39,2026-06-21 09:27:56,amazon Dcvoltage,false
1188953,202-5983688-5904362,AMAZON,B0FX53HC81,,LSCYRO300WH2PK+RPR44WH2PK,1,31.89,31.89,2026-06-21 09:44:26,amazon Dcvoltage,false
1188954,203-3844695-7697133,AMAZON,B09YYRTJWR,,PLADBC+LSDO210BC3PK,1,47.89,47.89,2026-06-21 09:47:30,amazon Dcvoltage,false
1188962,206-4757489-8948362,AMAZON,B0CSJVZCXR,,WCCYSQBM2PK+LDMT45E2742PK,2,87.58,36.49,2026-06-21 10:18:12,amazon Ledsone,false
1188963,204-4153350-3029905,AMAZON,B09M41Z83H,,LDMG125E278,2,16.38,8.19,2026-06-21 10:16:19,amazon Dcvoltage,false
1188968,206-7001681-4085947,AMAZON,B0F945Z6H2,,CL3TAG3PK,1,6.79,6.66,2026-06-21 10:30:20,amazon Ledsone,false
1188971,205-4731461-8936353,AMAZON,B0FN7L73KF,,CRSF100CH+LHNSE27CH+ICST64E27,1,10.53,10.32,2026-06-21 10:40:37,amazon Ledsone,false
1188972,203-9937612-7547553,AMAZON,B0743GYD52,,CO332AORAPK,1,5.78,2.41,2026-06-21 10:46:25,amazon Ledsone,false
1188973,203-9086357-6201157,AMAZON,B0CVL32TZC,,LSTF400OR+RPR44WH,1,16.39,13.66,2026-06-21 10:47:33,amazon Ledsone,false
1188981,205-4427064-5209121,AMAZON,B0DD6XX3XM,,WCDEBM2PK,1,18.19,15.16,2026-06-21 10:58:26,amazon Ledsone,false
1188982,203-8717743-2875539,AMAZON,B08BJ8R1M2,,12IP6724,1,9.79,9.79,2026-06-21 10:51:56,amazon SRM Amazon,false
1188983,203-9575712-4697962,AMAZON,B0CNJX1DV8,,WCB7WH+RPR44WH,1,10.89,10.89,2026-06-21 10:57:32,amazon Dcvoltage,false
1188992,205-1956994-1849916,AMAZON,B0G57Z7PBB,,ENC641,1,27.96,27.41,2026-06-21 11:09:01,amazon Ledsone,false
1188993,026-0498945-5501122,AMAZON,B0CPBWNV2D,,LSCY290CB+RPR44WH,1,15.89,15.89,2026-06-21 11:13:35,amazon Dcvoltage,false
1189000,206-9784829-0375531,AMAZON,B0CCHYSJWC,,SPSDP2YB,1,8.78,4.91,2026-06-21 11:35:04,amazon Ledsone,false
1189010,204-6635455-4385967,AMAZON,B07F9R3GVS,,LDMG95E278,2,15.15,8.19,2026-06-21 11:48:39,amazon Dcvoltage,false
1189013,026-5085444-3041115,AMAZON,B084RP9PZ7,,WCB4BS+RPR44WH,1,12.78,8.24,2026-06-21 12:08:06,amazon Ledsone,false
1189016,026-6390366-7386721,AMAZON,B0FNWFF268,,LSWD360BG+RPR44WH,6,118.14,16.41,2026-06-21 12:17:43,amazon Ledsone,false
1189017,206-1457774-6057126,AMAZON,B0G1TC8PWQ,,CKCSBY,1,10.99,10.99,2026-06-21 12:12:36,amazon Dcvoltage,false
1189019,202-3897846-3325151,AMAZON,B0DZ1Z169M,,RWWPSY0840YE2PK,1,6.45,3.49,2026-06-21 12:18:53,amazon Ledsone,false
1189020,026-4772326-5501927,AMAZON,B0F28YKH9K,,LSCY290RR+RPR44WH,1,15.89,13.24,2026-06-21 12:19:00,amazon Ledsone,false
1189021,203-0900604-7129149,AMAZON,B0B9Y5MRSK,,CL3TGD5PK,1,13.79,11.49,2026-06-21 12:25:35,amazon Ledsone,false
1189022,206-2582165-3735564,AMAZON,B0CW3FD87K,,LDSG125MUE274,2,15.28,8.49,2026-06-21 12:32:17,amazon Dcvoltage,false
1189031,202-2202173-8509901,AMAZON,B0CVL5HFQX,,LSEL400BM+RPR44WH,1,17.49,17.49,2026-06-21 12:53:01,amazon Dcvoltage,false
1189037,026-7263377-3266704,AMAZON,B07NQHTJFC,,24IP6750,1,23.59,23.59,2026-06-21 13:11:12,amazon Dcvoltage,false
1189038,204-8831372-5321920,AMAZON,B0DC44PDT5,,WLFSWDBM2PK,1,52.98,52.98,2026-06-21 13:16:17,amazon Dcvoltage,false
1189049,205-2216008-6764365,AMAZON,B0FKMDBX5K,,CRFF108WH2PK+LHTKE27WH2PK,1,18.29,15.24,2026-06-21 13:48:03,amazon Ledsone,false
1189053,203-0707263-9517128,AMAZON,B0CW3FD87K,,LDSG125MUE274,1,7.22,8.49,2026-06-21 13:50:59,amazon Dcvoltage,false
1189054,204-5569941-2371521,AMAZON,B0GQ48BNBZ,,LSGLSC115AR+RPM40WH,1,11.89,11.89,2026-06-21 13:52:23,amazon Dcvoltage,false
1189055,026-6167613-4770735,AMAZON,B0FX2T3V9J,,LSCYRO200GD2PK+RPR44WH2PK,1,26.89,26.89,2026-06-21 13:53:58,amazon Dcvoltage,false
1189060,205-1432691-0521906,AMAZON,B0DQD9ZLBB,,PHSF1BRTCO3PK,1,22.69,22.24,2026-06-21 14:11:31,amazon Ledsone,false
1189073,203-1107013-0064336,AMAZON,B0DX6VQMFH,,CENU46450BM,10,41.79,3.24,2026-06-21 14:47:07,amazon Ledsone,false
1189083,203-2939751-0549121,AMAZON,B0CSNHMTM1,,ENC5927,1,33.89,33.89,2026-06-21 14:57:11,amazon Dcvoltage,false
1189084,202-7917004-4649139,AMAZON,B0F944BWSZ,,CL3TBM3PK,1,8.07,7.91,2026-06-21 14:48:29,amazon Ledsone,false
1189085,203-3826313-6637966,AMAZON,B0DPM9QV89,,LHCTOYB,2,22.09,8.00,2026-06-21 14:54:34,amazon Ledsone,false
1189094,202-8452557-9908307,AMAZON,B07MBLMGLL,,CCBKNWE12,1,9.38,6.49,2026-06-21 15:17:25,amazon Dcvoltage,false
1189101,203-0023412-6131566,AMAZON,B0CQNKNK7T,,PLTTBC+LSTF40BC,1,23.89,23.89,2026-06-21 15:20:35,amazon Dcvoltage,false
1189111,202-0209373-7023546,AMAZON,B0FB3Y2GWC,,LDMC35E144,1,5.99,4.99,2026-06-21 15:56:48,amazon Ledsone,false
1189112,205-0044458-5055556,AMAZON,B0CVH4QJ7R,,RWWPSY0660YE2PK,1,7.88,4.99,2026-06-21 15:54:53,amazon Dcvoltage,false
1189117,202-2388219-7384330,AMAZON,B0847NWD8P,,CBSF90,1,5.86,2.91,2026-06-21 16:01:00,amazon Ledsone,false
1189121,204-7732182-9781912,AMAZON,B0DTHZ1JX5,,WCDCBM4PK+RPR44WH4PK,1,29.49,24.57,2026-06-21 16:11:10,amazon Ledsone,false
1189122,203-5039717-2073143,AMAZON,B0D73LGZ92,,CNP1000GB5PK,1,22.89,19.07,2026-06-21 16:18:19,amazon Ledsone,false
1189123,202-1407764-2575550,AMAZON,B08XNSJYTG,,LSCY290GY+RPR44WH,1,16.09,16.09,2026-06-21 16:13:22,amazon Dcvoltage,false
1189124,204-3997809-8093912,AMAZON,B0FVXMYKCV,,WCIR300BM2PK+RPR44WH2PK,1,24.29,24.29,2026-06-21 16:15:57,amazon Dcvoltage,false
1189129,026-2349288-2821928,AMAZON,B07WZTXD29,,CRSF100YB,2,16.67,6.89,2026-06-21 16:19:51,amazon Dcvoltage,false
1189130,204-5877870-9701115,AMAZON,B0FR548H95,,PHSF2GYTCH3PK+ICST64E273PK,1,35.61,41.89,2026-06-21 16:22:22,amazon Dcvoltage,false
1189134,206-6826142-1316312,AMAZON,B0F6NLP99K,,CGSRYB3PK,1,4.04,1.15,2026-06-21 16:32:33,amazon SRM Amazon,false
1189139,204-4307740-1036353,AMAZON,B0GQ48BNBZ,,LSGLSC115AR+RPM40WH,1,10.11,11.89,2026-06-21 16:38:01,amazon Dcvoltage,false
1189143,204-3381154-5305127,AMAZON,B0CC8L3YCS,,CRSF100GB+WSSS70GB+LSRP260GB+ICST64E27,1,26.89,26.89,2026-06-21 16:44:01,amazon Dcvoltage,false
1189145,202-6179734-4482753,AMAZON,B0CSDPYCLM,,STBFT50M48EWH,1,5.65,2.30,2026-06-21 16:37:07,amazon Ledsone,false
1189146,205-5013976-1718739,AMAZON,B0CZXL6ZYG,,TPOSBDBM,1,24.99,20.82,2026-06-21 16:39:25,amazon Ledsone,false
1189150,203-9236983-1978703,AMAZON,B0D28VPVKD,,LSCY290BI2PK+RPR44WH2PK,1,26.89,22.41,2026-06-21 16:54:16,amazon Ledsone,false
1189151,202-8174042-3525149,AMAZON,B0B18NDGCQ,,RPM40BM2PK,1,5.98,3.09,2026-06-21 16:55:55,amazon Dcvoltage,false
1189152,205-7203838-0281109,AMAZON,B0CS3LSTMS,,WCB7BS+RPR44WH,2,21.78,10.89,2026-06-21 16:57:36,amazon Dcvoltage,false
1189162,205-0543230-9069148,AMAZON,B0DPMRRK56,,12IP67102PK,5,36.24,6.67,2026-06-21 17:11:09,amazon SRM Amazon,false
1189170,206-0591924-4288359,AMAZON,B0DTHKSHFY,,WCB7BS3PK+RPR44WH3PK,1,23.49,23.49,2026-06-21 17:20:58,amazon Dcvoltage,false
1189171,026-8339358-5981949,AMAZON,B07CJMB6Q2,,12IP20480,1,30.99,30.99,2026-06-21 17:27:27,amazon Dcvoltage,false
1189172,206-9488567-8860363,AMAZON,B08RYTP5WV,,HRE2738WH2PK,1,3.80,0.91,2026-06-21 17:22:45,amazon SRM Amazon,false
1189181,205-4824314-5769133,AMAZON,B09KNR8L6C,,CRSF2003BM+PHRB1PBR40BM3PK+LSBS160YE3PK,1,35.89,29.91,2026-06-21 17:35:59,amazon Ledsone,false
1189182,026-4314502-9208347,AMAZON,B0G7CBNVMV,,12UK3P5A+SLW8,1,13.17,13.17,2026-06-21 17:29:33,amazon Dcvoltage,false
1189183,202-1270654-4696368,AMAZON,B0DKP87147,,LHTRE27YB,1,10.78,7.89,2026-06-21 17:35:46,amazon Dcvoltage,false
1189189,203-3952273-9104361,AMAZON,B0FKMDBX5K,,CRFF108WH2PK+LHTKE27WH2PK,1,18.29,15.24,2026-06-21 17:50:50,amazon Ledsone,false
1189190,206-1076413-6474711,AMAZON,B0BNNTZSBR,,LDMG125B2286PK,1,24.19,20.16,2026-06-21 17:54:18,amazon Ledsone,false
1189205,203-4135885-5720366,AMAZON,B08XBXG4DR,,CRSF100WH+LHTTE27WH,1,10.89,10.89,2026-06-21 18:39:17,amazon Dcvoltage,false
1189206,205-2830741-9518766,AMAZON,B0GTJ1BS3K,,LSGL14010CL2PK+RPM40WH2PK,1,15.29,15.29,2026-06-21 18:45:50,amazon Dcvoltage,false
1189212,204-2348836-1645157,AMAZON,B0DBZGHLSR,,LDSHEAE2743PK,1,21.89,18.24,2026-06-21 19:00:18,amazon Ledsone,false
1189218,206-7040797-1931528,AMAZON,B0CVL1HNQJ,,RWT6150YE,2,26.08,14.49,2026-06-21 19:23:53,amazon Dcvoltage,false
1189220,026-7056069-5995528,AMAZON,B0CVL4GG2F,,LSTF400YE+RPR44WH,1,16.39,13.66,2026-06-21 19:36:10,amazon Ledsone,false
1189221,202-3801139-6750740,AMAZON,B0FL78WQVD,,PHSF2BMTBM2PK+ICST64E272PK,1,28.89,28.89,2026-06-21 19:29:46,amazon Dcvoltage,false
1189222,202-3801139-6750740,AMAZON,B0D45236MW,,PHSF2GDTYB+ICST64E27,1,18.69,18.69,2026-06-21 19:29:46,amazon Dcvoltage,false
1189224,203-6610886-4650745,AMAZON,B0G5XK5K1X,,CRSF2003CO+PHNW1RRR3PK+ICST64E273PK,1,33.89,33.89,2026-06-21 19:41:26,amazon Dcvoltage,false
1189225,204-8639271-2065964,AMAZON,B0D7MMR2GN,,CRFF105SN2PK,1,13.89,11.57,2026-06-21 19:47:19,amazon Ledsone,false
1189227,204-8482876-9961912,AMAZON,B0B7799FKL,,CRFF108GB+HK10GB,1,8.49,7.07,2026-06-21 19:55:57,amazon Ledsone,false
1189228,204-4376452-6532343,AMAZON,B0CZXL6ZYG,,TPOSBDBM,1,24.99,20.82,2026-06-21 19:57:05,amazon Ledsone,false
1189229,206-9038053-6233928,AMAZON,B0DRYRF1DH,,LHSHE27BA3PK,1,17.69,17.69,2026-06-21 19:58:28,amazon SRM Amazon,false
1189230,204-5848296-9655500,AMAZON,B0F1D1YCKQ,,RWWPSY0630YE,1,1.49,1.49,2026-06-21 19:48:52,amazon Dcvoltage,false
1189231,204-5848296-9655500,AMAZON,B0F1D3FS5C,,RWWPSY0660YE,1,2.99,2.99,2026-06-21 19:48:52,amazon Dcvoltage,false
1189236,204-5691055-8504303,AMAZON,B0BW4M4JYB,,LSLT360BC+RPR44WH,1,13.49,13.49,2026-06-21 20:00:17,amazon Dcvoltage,false
1189238,026-7885416-0649136,AMAZON,B0CW5LTNWS,,CRSF100BM+PHHT1PBRBM+LSFT320WH,1,17.67,17.32,2026-06-21 20:05:31,amazon Ledsone,false
1189244,026-4036523-1861135,AMAZON,B0C3QS57JX,,ENC3492,1,65.53,62.41,2026-06-21 20:14:46,amazon Ledsone,false
1189245,203-0907797-2146708,AMAZON,B0GSRFYV81,,LHXBTF40E27WH,1,3.09,3.09,2026-06-21 20:10:51,amazon Dcvoltage,false
1189246,205-6978269-0684313,AMAZON,B09GVPQB5S,,CRSF100BM+WSHR135BM+LSDM220YB+ICST64E27,1,21.89,21.89,2026-06-21 20:15:04,amazon Dcvoltage,false
1189252,202-5226737-3040337,AMAZON,B0GW83X9F4,,LHSWPBB22GD,1,12.79,9.90,2026-06-21 20:21:14,amazon Dcvoltage,false
1189255,206-1322529-7069101,AMAZON,B0B2F3XW2Q,,LHPVE27BM5PK,1,15.68,13.07,2026-06-21 20:31:56,amazon Ledsone,false
1189256,202-7488281-9041939,AMAZON,B0GW7T9WPD,,CRSF1202WH,1,8.58,5.57,2026-06-21 20:29:55,amazon Ledsone,false
1189257,202-0079077-2372366,AMAZON,B0DH64L6PN,,CL2TGD5PK,1,10.79,11.99,2026-06-21 20:29:55,amazon Dcvoltage,false
1189259,202-1524728-5675555,AMAZON,B0C9TN8TKQ,,CNP1000BM,1,8.78,5.89,2026-06-21 20:31:25,amazon Dcvoltage,false
1189266,026-9150592-5596361,AMAZON,B0BX4B6F3W,,LSMS320GR+RPR44WH,2,29.98,14.99,2026-06-21 20:56:35,amazon Dcvoltage,false
1189276,205-1288603-5718741,AMAZON,B0D97YV7TB,,WCWDBM2PK+RPR44WH2PK,1,16.29,13.57,2026-06-21 20:58:56,amazon Ledsone,false
1189277,202-1983205-9612311,AMAZON,B08THHV6J7,,LSCY290GY+RPR44WH,2,29.78,14.89,2026-06-21 19:42:54,amazon Dcvoltage,false
1189282,026-2350799-8214700,AMAZON,B0FQVK88R8,,ENC9103,1,20.31,23.89,2026-06-21 21:10:54,amazon Dcvoltage,false
1189283,203-3521531-1173932,AMAZON,B0DH9BRNQ7,,CL3THE3PK,1,10.08,7.99,2026-06-21 21:12:07,amazon Dcvoltage,false
1189289,204-5946760-0745115,AMAZON,B0FX53HC81,,LSCYRO300WH2PK+RPR44WH2PK,1,31.89,31.89,2026-06-21 21:32:22,amazon Dcvoltage,false
1189290,026-7108841-6940345,AMAZON,B07F9HBHVY,,LDMT45E274,4,23.56,5.89,2026-06-21 21:39:00,amazon Dcvoltage,false
1189297,026-0062291-2270706,AMAZON,B0C43L42DK,,WCDTRE+RPR44WH,1,10.49,8.74,2026-06-21 21:40:20,amazon Ledsone,false
1189298,203-1999226-1973954,AMAZON,B0DCSKHNSW,,LSSS300BM2PK+RPR44WH2PK,4,108.36,22.58,2026-06-21 21:41:02,amazon Ledsone,false
1189299,204-7852677-1421905,AMAZON,B0DQD74HVG,,PHSF1BMTYB3PK,1,26.71,22.26,2026-06-21 21:41:34,amazon Ledsone,false
1189300,203-5137826-1862717,AMAZON,B0BX46169V,,LSSS300BM+RPR44WH,1,14.99,12.49,2026-06-21 21:41:02,amazon Ledsone,false
1189301,206-0705314-3969133,AMAZON,B0DHLDX34K,,LSCO335WH+RPR44WH,3,49.47,13.74,2026-06-21 21:52:33,amazon Ledsone,false
1189302,205-2896570-8833109,AMAZON,B09477VMYH,,LDMG95E2785PK,1,20.89,17.41,2026-06-21 14:05:22,amazon Ledsone,false
1189303,204-0559588-9376344,AMAZON,B0FX53HC81,,LSCYRO300WH2PK+RPR44WH2PK,1,31.89,31.89,2026-06-21 21:39:10,amazon Dcvoltage,false
1189306,203-0666465-4052359,AMAZON,B0CNJX1DV8,,WCB7WH+RPR44WH,1,10.89,10.89,2026-06-21 21:53:11,amazon Dcvoltage,false
1189309,205-1600893-3625958,AMAZON,B0F9YTQV7N,,PSFW4RGD,1,11.89,9.91,2026-06-21 22:01:50,amazon Ledsone,false
1189310,203-5138327-7053947,AMAZON,B0DCS4YCFW,,WCWDRO+RPR44WH,1,10.09,8.41,2026-06-21 22:01:57,amazon Ledsone,false
1189311,202-9838041-8036339,AMAZON,B0DBHQ5THB,,CRSF100BM+PHRYWP1RBM+ICST64E27,3,32.91,12.19,2026-06-21 21:59:33,amazon Dcvoltage,false
1189312,203-3898446-8174717,AMAZON,B0GR5LHHPB,,ENC77,1,17.89,17.89,2026-06-21 22:09:05,amazon Dcvoltage,false
1189313,202-1153576-7238725,AMAZON,B0CG61V914,,LSCY290RR2PK+RPR44WH2PK,1,28.89,28.89,2026-06-21 22:16:04,amazon Dcvoltage,false
1189315,205-7987511-5549158,AMAZON,B0DCDSZ719,,LDSG95DIE2743PK,1,19.70,18.24,2026-06-21 22:09:20,amazon Ledsone,false
1189318,205-1760833-8826743,AMAZON,B08DHZG9VQ,,RPR44WH2PK,1,5.88,2.99,2026-06-21 22:24:00,amazon Dcvoltage,false
1189320,202-5833515-8144312,AMAZON,B0CZXL6ZYG,,TPOSBDBM,1,24.99,20.82,2026-06-21 22:28:35,amazon Ledsone,false
1189321,026-3241294-1380358,AMAZON,B0BNNTZSBR,,LDMG125B2286PK,2,48.38,20.16,2026-06-21 22:30:09,amazon Ledsone,false
1189324,026-5342305-1593139,AMAZON,B0BWK7RQ27,,PLTYRR+ICST64E27,2,41.78,17.41,2026-06-21 22:32:09,amazon Ledsone,false
1189328,204-7558650-1116305,AMAZON,B0F9YTQV7N,,PSFW4RGD,1,11.89,9.91,2026-06-21 22:56:05,amazon Ledsone,false
1189331,206-8389505-6881124,AMAZON,B0GTJ1BS3K,,LSGL14010CL2PK+RPM40WH2PK,1,15.29,15.29,2026-06-21 22:49:37,amazon Dcvoltage,false
1189334,203-4862418-7206729,AMAZON,B0GQ48BNBZ,,LSGLSC115AR+RPM40WH,1,10.11,11.89,2026-06-21 23:01:46,amazon Dcvoltage,false
1189345,204-9820700-0790701,AMAZON,B0CMQFVGW1,,ENC5669,5,314.80,52.47,2026-06-22 00:06:54,amazon Ledsone,false
1189346,204-4843691-6901958,AMAZON,B0DJBSQXTJ,,HLRK45BM5PK,2,22.87,8.33,2026-06-22 00:11:22,amazon Ledsone,false
1189354,205-1319494-3173953,AMAZON,B0G49CBSQ3,,WCCYSP180BM2PK+RPR44WH2PK,1,23.89,19.91,2026-06-22 00:31:02,amazon Ledsone,false
1189356,203-5552248-7899505,AMAZON,B0F1CWQNRP,,WCB7BM2PK+RPR44WH2PK,1,16.99,14.16,2026-06-22 01:12:46,amazon Ledsone,false
1189402,204-0054433-7305920,AMAZON,B0DH4KYFPD,,WCDTBM2PK+RPR44WH2PK,1,18.29,15.24,2026-06-22 06:00:56,amazon Ledsone,false
1189409,203-0175693-5332371,AMAZON,B0DCZ22X2R,,WCFWROCO2PK+RPR44WH2PK,1,21.79,18.16,2026-06-22 07:29:09,amazon Ledsone,false
1189413,202-2568535-9701157,AMAZON,B0DCHM8TH7,,STND242RE2PK,1,5.58,2.24,2026-06-22 07:37:16,amazon Ledsone,false
1189417,205-2187499-7421909,AMAZON,B0C9DV894B,,SPSDP2YB,1,4.92,5.79,2026-06-22 07:40:27,amazon Dcvoltage,false
1189420,205-2309115-1832337,AMAZON,B0CVL3TRRS,,LSEL400GY2PK+RPR44WH2PK,1,30.89,30.89,2026-06-22 08:07:34,amazon Dcvoltage,false
1189421,026-4988488-7404363,AMAZON,B0F29P1SH6,,CERU36150GR,1,4.58,1.41,2026-06-22 07:59:08,amazon Ledsone,false
1189425,204-3518822-7101145,AMAZON,B093LS5JQH,,LDCWE27186PK,1,16.79,13.99,2026-06-22 08:15:15,amazon Ledsone,false
1189433,202-2833955-0917142,AMAZON,B0CC62QM7Y,,LSMS320BU+RPR44WH,1,14.99,14.99,2026-06-22 08:35:59,amazon Dcvoltage,false
1189440,026-9543189-9916369,AMAZON,B0F8Q9RWCH,,CERU80300WH,1,7.88,4.16,2026-06-22 08:42:29,amazon Ledsone,false
1189446,026-7850416-5125924,AMAZON,B0F8Q9RWCH,,CERU80300WH,1,7.88,4.16,2026-06-22 08:51:12,amazon Ledsone,false
1189447,203-9059012-9004309,AMAZON,B0B9K41YZ7,,CL3TBK5PK,1,13.79,11.49,2026-06-22 08:58:31,amazon Ledsone,false
1189448,202-3211131-8594760,AMAZON,B08XBXG4DR,,CRSF100WH+LHTTE27WH,1,10.89,10.89,2026-06-22 08:51:02,amazon Dcvoltage,false
1189449,026-6224410-9933111,AMAZON,B0DH6B49KD,,CL2TGL5PK,1,10.09,10.09,2026-06-22 08:54:08,amazon Dcvoltage,false
1189452,206-3030708-3015554,AMAZON,B0FN7YJXXB,,SSSFGLCL3PK,2,9.87,2.91,2026-06-22 09:07:38,amazon Ledsone,false
1189454,202-1532548-4083566,AMAZON,B0GLNHSJZ8,,PL4HBM,1,31.57,31.57,2026-06-22 08:41:34,amazon Ledsone,false
1189455,202-1532548-4083566,AMAZON,B0DTY5VCWM,,PLWTBM+ICST64E272PK,2,41.50,20.75,2026-06-22 08:41:34,amazon Ledsone,false
1189461,202-0049614-9591579,AMAZON,B0F53K2JQZ,,PLWPBM,2,24.28,13.49,2026-06-22 09:20:21,amazon Dcvoltage,false
1189462,026-3914453-7974753,AMAZON,B0GTJ1BS3K,,LSGL14010CL2PK+RPM40WH2PK,1,15.29,15.29,2026-06-22 09:20:07,amazon Dcvoltage,false
1189471,203-7301046-2055537,AMAZON,B0B9K41YZ7,,CL3TBK5PK,1,11.72,11.49,2026-06-22 09:55:31,amazon Ledsone,false
1189475,202-3829910-3595549,AMAZON,B0FZCRB2RS,,LSHM400HE+RPR44WH,1,29.79,29.79,2026-06-22 10:15:16,amazon Dcvoltage,false
1189479,205-3617700-4166714,AMAZON,B0DH97YNLH,,CL3TBK5PK,2,21.58,11.99,2026-06-22 10:27:37,amazon Dcvoltage,false
1189480,203-6573681-5949922,AMAZON,B0DX6TP9TZ,,CENU36300WH,1,5.78,2.07,2026-06-22 10:24:40,amazon Ledsone,false
1189488,206-8939285-9462761,AMAZON,B0C9DV894B,,SPSDP2YB,1,4.92,5.79,2026-06-22 10:44:34,amazon Dcvoltage,false
1189504,206-3664077-2133913,AMAZON,B0CRYLDW5C,,WJCUNNMWH2PK,1,15.89,15.89,2026-06-22 10:56:59,amazon Dcvoltage,false
1189505,202-0385503-8088340,AMAZON,B0BLZGY3D7,,LDMG95E2742PK,1,10.96,10.74,2026-06-22 11:05:37,amazon Ledsone,false
1189506,206-8212072-5319548,AMAZON,B0CRYL2R1F,,WJCUNFJWH5PK,1,22.89,22.89,2026-06-22 11:00:03,amazon Dcvoltage,false
1189510,204-6864894-9706752,AMAZON,B08MB1CYJV,,ENC33,1,40.89,34.07,2026-06-22 11:12:12,amazon Ledsone,false
1189516,204-7900816-6215526,AMAZON,B0DF7BD73R,,CRSF100BM+PHRYWP1RBM,1,11.49,9.57,2026-06-22 11:24:24,amazon Ledsone,false
1189517,026-2200424-9425128,AMAZON,B09L8KS17V,,CRSF100BM+PHCH1BMRBM+LSDO400BI,1,20.69,17.24,2026-06-22 11:21:50,amazon Ledsone,false
1189521,203-6910977-2494713,AMAZON,B0CW5M8XY2,,ENC6340,1,23.09,19.24,2026-06-22 11:32:18,amazon Ledsone,false
1189530,026-0470914-0832327,AMAZON,B0CW5YSTMD,,ENC6343,11,253.99,19.24,2026-06-22 11:57:45,amazon Ledsone,false
1189537,203-2378138-7867538,AMAZON,B0DK98XPXQ,,CRFF100FG,1,11.78,8.89,2026-06-22 12:07:59,amazon Dcvoltage,false
1189542,206-5024844-8035538,AMAZON,B0GTMZWFCD,,LSGL15014CL+RPM40WH,1,10.89,9.07,2026-06-22 12:10:42,amazon Ledsone,false
1189553,203-9147026-1963522,AMAZON,B0CK86KGYK,,LDSSTRE274,1,11.89,9.91,2026-06-22 12:34:43,amazon Ledsone,false
1189557,205-5474079-3814721,AMAZON,B0DH4KYFPD,,WCDTBM2PK+RPR44WH2PK,1,18.29,15.24,2026-06-22 13:00:22,amazon Ledsone,false
1189558,206-7769272-6610714,AMAZON,B0DCNSX683,,PLADBC2PK,1,101.19,77.15,2026-06-22 11:26:10,amazon Ledsone,false
1189568,204-4450530-0233156,AMAZON,B08YFHBJLF,,CRSF2003CO+PHHN1PBRCO3PK+LSDO210BG3PK,1,51.89,51.89,2026-06-22 13:05:56,amazon Dcvoltage,false
1189574,204-6405485-7402712,AMAZON,B0CDWVF7VV,,PSHYOS4WRWH,2,25.72,11.91,2026-06-22 13:13:02,amazon Ledsone,false
1189586,202-0999927-0871528,AMAZON,B0FW4P3H8Z,,LSCYRO200BM,2,29.78,12.41,2026-06-22 13:32:07,amazon Ledsone,false
1189591,026-9783152-1171519,AMAZON,B0DPMF1BGT,,PCDO20BM,2,13.67,4.49,2026-06-22 13:33:28,amazon Ledsone,false
1189592,205-6926134-2666734,AMAZON,B0B9Y5MRSK,,CL3TGD5PK,1,13.79,11.49,2026-06-22 13:47:30,amazon Ledsone,false
1189600,026-1419875-3247537,AMAZON,B07D3Q8SQ9,,12IP67150,1,18.69,15.57,2026-06-22 13:54:24,amazon Ledsone,false
1189601,206-7687316-5593137,AMAZON,B0DH98XLXH,,CL3TBM3PK,1,8.49,9.99,2026-06-22 13:57:57,amazon Dcvoltage,false
1189604,202-8847295-2851517,AMAZON,B09479HV6W,,LDMG95E2783PK,1,17.19,14.32,2026-06-22 14:02:28,amazon Ledsone,false
1189605,204-2393160-1765164,AMAZON,B0F944VB2B,,CL3TRE3PK,1,7.99,6.66,2026-06-22 14:07:29,amazon Ledsone,false
1189608,026-0064031-9597141,AMAZON,B0GT4KBB1G,,ENC9550,2,55.78,23.24,2026-06-22 14:13:42,amazon Ledsone,false
1189616,204-8935387-7607566,AMAZON,B09L8KS17V,,CRSF100BM+PHCH1BMRBM+LSDO400BI,6,109.84,16.06,2026-06-22 14:27:50,amazon Ledsone,false
1189617,202-6807262-1267540,AMAZON,B0C2KRQDF8,,LSCP150WH+RPR44WH,1,11.89,9.91,2026-06-22 14:24:16,amazon Ledsone,false
1189619,026-1529981-5935558,AMAZON,B094W539RF,,ENC1483,1,22.89,22.89,2026-06-22 14:29:50,amazon Dcvoltage,false
1189622,203-1168196-8035509,AMAZON,B0DH6B49KD,,CL2TGL5PK,1,10.09,10.09,2026-06-22 14:42:33,amazon Dcvoltage,false
1189623,205-3232834-0413123,AMAZON,B0CKQSMQVC,,CRSF2003BB,1,10.09,8.41,2026-06-22 14:43:46,amazon Ledsone,false
1189627,202-6531285-3746748,AMAZON,B083XHSX6F,,CL2TGD3PK,1,7.98,4.24,2026-06-22 14:49:42,amazon Ledsone,false
1189629,205-0112032-9302773,AMAZON,B0GY423LQJ,,LSGL9015CL2PK+RPM40WH2PK,1,12.89,12.89,2026-06-22 15:08:48,amazon Dcvoltage,false
1189631,204-9945453-8521910,AMAZON,B0DQD9LY98,,PHSF1AGTGB3PK,1,28.29,23.57,2026-06-22 15:09:14,amazon Ledsone,false
1189633,204-2764638-7095564,AMAZON,B0C9TWTCZ8,,LSCY210BG+RPR44WH,2,24.98,12.49,2026-06-22 15:21:23,amazon Dcvoltage,false
1189634,205-2777482-9463520,AMAZON,B0FDQYNDNH,,CERU36200WH,1,5.28,1.66,2026-06-22 15:21:13,amazon Ledsone,false
1189641,202-9757248-8061122,AMAZON,B084VPJ2M2,,CRSF2003WH,1,11.49,9.57,2026-06-22 15:34:38,amazon Ledsone,false
1189644,203-1449567-1733931,AMAZON,B0CNQ1Q3BJ,,LDMG125E278,1,6.96,8.19,2026-06-22 15:43:22,amazon Dcvoltage,false
1189645,202-1161146-1678701,AMAZON,B07Z7QYYXV,,PLOTBB,1,15.89,18.69,2026-06-22 15:45:20,amazon Dcvoltage,false
1189647,205-7996453-6490742,AMAZON,B0DNK2WMKV,,ENC10079,1,29.89,24.91,2026-06-22 15:41:18,amazon Ledsone,false
1189648,203-1987864-6445165,AMAZON,B0CG219VVH,,CRFF108WH+LHTKE27WH,2,19.78,10.99,2026-06-22 15:40:46,amazon Ledsone,false
1189655,205-5623583-2219525,AMAZON,B0FPWXQWQD,,LDCWA60HB2296PK,1,9.98,6.24,2026-06-22 15:58:54,amazon Ledsone,false
1189656,204-8981925-4759520,AMAZON,B0FX2SHBL5,,LSCYRO120BM2PK+RPR44WH2PK,1,21.89,21.89,2026-06-22 16:07:37,amazon Dcvoltage,false
1189663,026-9406801-2442722,AMAZON,B0DF7BD73R,,CRSF100BM+PHRYWP1RBM,1,11.49,9.57,2026-06-22 16:15:45,amazon Ledsone,false
1189664,202-5769379-4041955,AMAZON,B0CVB8N9HV,,RWWPSY10GY,1,5.01,2.49,2026-06-22 16:23:52,amazon Dcvoltage,false
1189667,202-8848918-7149127,AMAZON,B0F29P1SH6,,CERU36150GR,1,4.58,1.41,2026-06-22 16:31:26,amazon Ledsone,false
1189669,206-9536198-9185923,AMAZON,B0CKLM52VJ,,LSDO210BS+RPR44WH,1,11.89,9.91,2026-06-22 16:42:03,amazon Ledsone,false
1189673,205-4390494-4961119,AMAZON,B0D8YMRJ9P,,CRSF100BM+WSCH135BM+LSDO210BI,1,15.29,14.99,2026-06-22 17:00:31,amazon Ledsone,false
1189675,206-6753277-5433154,AMAZON,B08NDF5WD2,,WCDTWH+RPR44WH,1,10.89,10.89,2026-06-22 16:52:46,amazon Dcvoltage,false
1189679,204-7176260-9578766,AMAZON,B0B9Y5MRSK,,CL3TGD5PK,1,13.79,11.49,2026-06-22 17:01:41,amazon Ledsone,false
1189683,026-1712919-0889144,AMAZON,B0GLGB3M6Q,,LSGLFP245PU+RPM40WH,1,15.89,15.89,2026-06-22 17:15:14,amazon Dcvoltage,false
1189685,203-1332504-4135554,AMAZON,B0H2SFBKWQ,,PCBISR5PK,1,12.89,6.57,2026-06-22 17:18:28,amazon Ledsone,false
1189691,202-1203707-7901132,AMAZON,B0H394ZWB5,,LSGL9015GY+RPM40WH,1,10.89,10.89,2026-06-22 17:26:40,amazon Dcvoltage,false
1189694,204-8047245-0264331,AMAZON,B08XBXG4DR,,CRSF100WH+LHTTE27WH,1,10.89,10.89,2026-06-22 17:29:29,amazon Dcvoltage,false
1189699,204-2482843-7801902,AMAZON,B0F28X88QJ,,CERU36200GR,1,4.96,1.99,2026-06-22 17:41:15,amazon Dcvoltage,false
1189700,203-2196494-2621157,AMAZON,B0GD7NXSQC,,ENC8191,1,21.89,21.89,2026-06-22 17:41:40,amazon Dcvoltage,false
1189701,205-1131938-4601914,AMAZON,B09M42QJCS,,LDMG125E2785PK,1,20.31,23.89,2026-06-22 17:43:54,amazon Dcvoltage,false
1189704,202-3846883-7546732,AMAZON,B0CNTFRQHL,,WCB4BC,1,12.78,9.89,2026-06-22 17:51:05,amazon Dcvoltage,false
1189711,202-7544494-2354764,AMAZON,B0B7799FKL,,CRFF108GB+HK10GB,1,7.07,7.07,2026-06-22 18:16:15,amazon Ledsone,false
1189712,202-7544494-2354764,AMAZON,B0B7KCXV72,,CRFF105GB,1,7.33,7.33,2026-06-22 18:16:15,amazon Ledsone,false
1189713,026-1584771-2533136,AMAZON,B0DH9B4NSC,,CL3TIV3PK,1,11.28,7.99,2026-06-22 18:10:38,amazon Dcvoltage,false
1189717,205-9241148-8252304,AMAZON,B0B4G7M44G,,CNT900GB,1,7.68,3.99,2026-06-22 18:19:41,amazon Ledsone,false
1189718,206-7266076-7941922,AMAZON,B0FPWXQWQD,,LDCWA60HB2296PK,1,9.98,6.24,2026-06-22 18:27:05,amazon Ledsone,false
1189729,205-4392176-5598710,AMAZON,B09M43YSGW,,CRSF100YB+WSLS170YB+LSFT220YB,1,23.99,19.99,2026-06-22 18:45:53,amazon Ledsone,false
1189748,202-2080508-6509100,AMAZON,B0DH9BRNQ7,,CL3THE3PK,1,11.28,7.99,2026-06-22 19:33:30,amazon Dcvoltage,false
1189755,206-2366287-4649911,AMAZON,B08RYTP5WV,,HRE2738WH2PK,1,3.80,0.91,2026-06-22 19:49:05,amazon SRM Amazon,false
1189756,205-4498370-0411532,AMAZON,B0D8L1HQXM,,RWWPSY0660YE,1,5.97,2.99,2026-06-22 19:52:18,amazon Dcvoltage,false
1189757,202-4815397-8594735,AMAZON,B0D6G6QRXK,,CSBEB9GY2PK,1,10.09,10.09,2026-06-22 19:57:30,amazon Dcvoltage,false
1189772,204-3877548-3520336,AMAZON,B0B9KFV1PH,,CL3TGL5PK,1,13.89,11.57,2026-06-22 20:10:44,amazon Ledsone,false
1189774,203-5173692-7934732,AMAZON,B0CVN3GCBM,,RWWPSY12GY,1,4.88,1.66,2026-06-22 20:15:32,amazon Ledsone,false
1189776,026-9368859-3973918,AMAZON,B08KGFV8HQ,,CL2THEAPK,1,17.67,20.79,2026-06-22 20:12:11,amazon Dcvoltage,false
1189783,204-1706052-3743517,AMAZON,B0DP2VNVVF,,CRSF100SN+PHCHPCRSN+LSCY290SN,1,23.89,19.91,2026-06-22 20:25:58,amazon Ledsone,false
1189793,206-2308404-3730753,AMAZON,B0B2K8W6F9,,LHC5E27WH3PK,1,5.69,4.74,2026-06-22 20:33:39,amazon Ledsone,false
1189798,204-0989141-5542743,AMAZON,B0FH6GTT5L,,SPSDP2BMY6PK,1,21.09,17.57,2026-06-22 20:45:26,amazon Ledsone,false
1189805,205-1938592-7065938,AMAZON,B0DH97YNLH,,CL3TBK5PK,2,21.58,11.99,2026-06-22 20:54:54,amazon Dcvoltage,false
1189808,204-6309030-4941144,AMAZON,B0DH4KYFPD,,WCDTBM2PK+RPR44WH2PK,1,18.29,15.24,2026-06-22 20:59:16,amazon Ledsone,false
1189809,203-9455665-4564345,AMAZON,B092W947D9,,PHSF1PWR20WH+LSWE315GY,2,33.46,14.99,2026-06-22 21:00:42,amazon Ledsone,false
1189811,026-4519598-1073924,AMAZON,B0C37PWHDM,,CRFF105WH,1,10.78,6.57,2026-06-22 21:03:23,amazon Ledsone,false
1189814,206-7254796-4101900,AMAZON,B0B2K8W6F9,,LHC5E27WH3PK,1,5.69,4.74,2026-06-22 21:14:37,amazon Ledsone,false
1189822,203-3482182-8405909,AMAZON,B0C7H5VQW8,,LSFT220BB+RPR44WH,1,10.79,10.79,2026-06-22 21:34:15,amazon Dcvoltage,false
1189823,203-0348777-1157178,AMAZON,B0CC62QM7Y,,LSMS320BU+RPR44WH,1,14.99,14.99,2026-06-22 21:36:40,amazon Dcvoltage,false
1189825,202-1667343-3309100,AMAZON,B0DH937GL5,,CL3TCR5PK,1,11.99,11.99,2026-06-22 21:36:52,amazon Dcvoltage,false
1189826,206-8350654-7415549,AMAZON,B0D7MMR2GN,,CRFF105SN2PK,1,13.89,11.57,2026-06-22 21:30:53,amazon Ledsone,false
1189827,026-2766753-6020319,AMAZON,B0CVL8HRBS,,RWWPSY0660YE2PK,1,8.78,4.91,2026-06-22 21:35:13,amazon Ledsone,false
1189839,203-8002915-6569167,AMAZON,B0CWRLFPGX,,TPHTTF2PBRBM+WCB5BM,2,39.40,18.24,2026-06-22 21:57:09,amazon Ledsone,false
1189841,203-0588390-1937915,AMAZON,B094NK21SK,,ENC1522,1,53.89,53.89,2026-06-22 22:01:34,amazon Dcvoltage,false
1189842,026-9172247-3612303,AMAZON,B07F9R3GVS,,LDMG95E278,1,8.19,8.19,2026-06-22 22:13:43,amazon Dcvoltage,false
1189843,206-1842887-5960330,AMAZON,B0FX2QT3B1,,LSCYRO300GD2PK+RPR44WH2PK,1,31.89,31.89,2026-06-22 22:15:17,amazon Dcvoltage,false
1189844,202-5195159-0474729,AMAZON,B0C5CS5FFW,,CRSF100BM+WSHR135BM+LSFT220BU,1,16.89,14.07,2026-06-22 22:21:04,amazon Ledsone,false
1189846,206-6337409-1396358,AMAZON,B0CNQ1Q3BJ,,LDMG125E278,2,14.74,8.19,2026-06-22 22:39:14,amazon Dcvoltage,false
1189847,205-9097405-6385134,AMAZON,B0D7969XMQ,,WCB6BB2PK+RPR44WH2PK,1,12.99,12.99,2026-06-22 22:39:30,amazon Ledsone,false
1189848,205-9097405-6385134,AMAZON,B0D793CWZ5,,WCB7BC2PK+RPR44WH2PK,1,13.24,13.24,2026-06-22 22:39:30,amazon Ledsone,false
1189854,206-8173265-3532301,AMAZON,B08VGHVH8R,,LSCY290BC+RPR44WH,1,16.29,16.29,2026-06-22 22:44:20,amazon Dcvoltage,false
1189855,203-2488265-5605137,AMAZON,B08PSQMQSQ,,SCRN70YB,1,7.88,4.99,2026-06-22 22:42:24,amazon SRM Amazon,false
1189857,202-0872514-0310729,AMAZON,B08X7J912L,,PLPYBC,2,33.10,16.55,2026-06-22 23:11:34,amazon Dcvoltage,false
1189858,206-8988377-8526738,AMAZON,B0D9RVLLF7,,WCDTWH3PK+RPR44WH3PK,1,23.89,19.91,2026-06-22 23:06:46,amazon Ledsone,false
1189859,205-9217790-2656356,AMAZON,B0CZXL6ZYG,,TPOSBDBM,1,25.89,21.57,2026-06-22 23:14:03,amazon Ledsone,false
1189861,204-5029616-3241935,AMAZON,B0B9Y59487,,CL3TBR5PK,1,13.79,11.49,2026-06-22 23:37:49,amazon Ledsone,false
1189863,203-1090724-4243565,AMAZON,B0DKP87147,,LHTRE27YB,1,10.78,7.89,2026-06-22 23:48:00,amazon Dcvoltage,false
1189864,202-7803189-9327525,AMAZON,B0CJCFF5SY,,LSSS300BI2PK+RPR44WH2PK,1,23.99,23.99,2026-06-22 23:48:40,amazon Dcvoltage,false
1189866,204-8204893-8227507,AMAZON,B0GS9J7ZYR,,SPPGUK3PTR6PK,1,14.48,11.59,2026-06-22 23:43:22,amazon Dcvoltage,false
1189867,203-3572783-5289952,AMAZON,B0D8L1HQXM,,RWWPSY0660YE,4,15.23,2.99,2026-06-22 23:57:18,amazon Dcvoltage,false
1189875,203-4657613-1101144,AMAZON,B0CGRPTT6W,,CRSF100BM+PHRYWP2RBM,2,18.82,9.41,2026-06-23 01:02:08,amazon Ledsone,false
1189876,203-4657613-1101144,AMAZON,B0FKMDBX5K,,CRFF108WH2PK+LHTKE27WH2PK,1,15.24,15.24,2026-06-23 01:02:08,amazon Ledsone,false
1189877,026-6363592-4736301,AMAZON,B081H5W2QN,,12IP67150,1,31.53,37.09,2026-06-23 01:34:33,amazon Dcvoltage,false
1189916,204-0972325-2245138,AMAZON,B0CWRR4CWX,,TPHTTF2PBRBM+WCB7BC+ICST64E27,1,25.19,20.99,2026-06-23 04:52:50,amazon Ledsone,false
1189917,206-6123297-1336340,AMAZON,B0CCJ2TRB2,,SPSDP3WH3PK,1,8.41,8.41,2026-06-23 05:26:25,amazon Ledsone,false
1189918,206-6123297-1336340,AMAZON,B0F1CV6Q2Y,,CRSF1204WH,1,7.64,7.64,2026-06-23 05:26:25,amazon Ledsone,false
1189919,202-9640234-5982710,AMAZON,B0BW9KWD9F,,ENC2228,1,37.10,39.89,2026-06-23 05:28:00,amazon Dcvoltage,false
1189924,206-8763624-1133102,AMAZON,B0CKVYXH3S,,TPHTTF2PBRBM+LSMCSPFLMC,1,32.89,27.41,2026-06-23 05:47:49,amazon Ledsone,false
1189941,205-5064470-0147543,AMAZON,B0C5CSDD2Q,,CRSF100BM+WSHR135BM+LSFT220GS,2,30.40,14.08,2026-06-23 07:06:34,amazon Ledsone,false
1189942,026-0705608-6061963,AMAZON,B0FX2QT3B1,,LSCYRO300GD2PK+RPR44WH2PK,2,63.78,31.89,2026-06-23 06:54:37,amazon Dcvoltage,false
1189945,203-6951004-3570706,AMAZON,B0CNC66YTD,,ENC5316,1,24.89,24.89,2026-06-23 07:09:16,amazon Dcvoltage,false
1189950,205-3532406-5400337,AMAZON,B0FZCW7KC7,,LSHM300HE+RPR44WH,4,85.37,21.89,2026-06-23 07:24:28,amazon Dcvoltage,false
1189957,204-9160343-1836336,AMAZON,B0B9Y5MRSK,,CL3TGD5PK,1,13.79,11.49,2026-06-23 07:43:55,amazon Ledsone,false
1189959,203-1641905-3192348,AMAZON,B0CNPV5SC5,,LDMG95B228,1,6.79,6.79,2026-06-23 07:45:06,amazon Dcvoltage,false
1189967,026-1692238-1207538,AMAZON,B07RTY1TFK,,WCBNBC,1,9.89,9.89,2026-06-23 08:11:50,amazon Dcvoltage,false
1189968,026-1692238-1207538,AMAZON,B07RTY1TFK,,WCBNBC,1,9.89,9.89,2026-06-23 08:11:50,amazon Dcvoltage,false
1189969,203-8682479-0886716,AMAZON,B0CGRPTT6W,,CRSF100BM+PHRYWP2RBM,1,9.60,9.41,2026-06-23 08:15:15,amazon Ledsone,false
1189975,204-7561348-8312307,AMAZON,B0DTTF5GWY,,WCB6WH3PK+RPR44WH3PK,1,22.49,22.49,2026-06-23 08:26:46,amazon Dcvoltage,false
1189977,203-6691837-8700342,AMAZON,B0FVX4F1PN,,WBERT29GR3PK,1,10.58,7.69,2026-06-23 08:33:14,amazon Dcvoltage,false
1189978,203-8918832-6281938,AMAZON,B0CQNHPKT7,,PLTTBM+LSFT220BM,1,20.89,20.89,2026-06-23 08:38:56,amazon Dcvoltage,false
1189985,204-5012578-1173106,AMAZON,B0CSNHB4KG,,ENC8625,1,26.26,30.89,2026-06-23 08:50:25,amazon Dcvoltage,false
1189993,205-8281668-7056334,AMAZON,B0CNLZLJZT,,WCB2BM+RPR44WH,1,10.49,10.49,2026-06-23 08:51:52,amazon Dcvoltage,false
1190002,206-7227681-4450701,AMAZON,B0CVL7N9XH,,LSEL400YE+RPR44WH,1,17.49,17.49,2026-06-23 09:15:37,amazon Dcvoltage,false
1190003,204-0095861-7190735,AMAZON,B0C7CJHCB3,,LSCY290CB+RPR44WH,2,31.78,15.89,2026-06-23 09:15:44,amazon Dcvoltage,false
1190008,203-0198863-4845929,AMAZON,B0DNK2H74S,,ENC10078,1,29.89,24.91,2026-06-23 09:21:12,amazon Ledsone,false
1190009,206-9689874-4459567,AMAZON,B0FX2SZFZM,,LSCYRO300BM2PK+RPR44WH2PK,1,31.89,31.89,2026-06-23 09:20:22,amazon Dcvoltage,false
1190010,204-9039276-2616347,AMAZON,B0CVB98NSX,,RWWPSY12GY,1,4.88,1.99,2026-06-23 09:28:34,amazon Dcvoltage,false
1190014,202-7579669-0877952,AMAZON,B0GP771MFX,,LHPVHRE27WH2PK,1,9.88,5.82,2026-06-23 09:34:25,amazon Ledsone,false
1190017,203-3143531-5956364,AMAZON,B07F9HBHVY,,LDMT45E274,1,5.89,5.89,2026-06-23 09:48:47,amazon Dcvoltage,false
1190018,203-6372363-0530704,AMAZON,B0BBB6LRDT,,CL3ROR5PK,1,15.79,13.16,2026-06-23 09:44:33,amazon Ledsone,false
1190039,203-5716673-0109962,AMAZON,B0DX6TP9TZ,,CENU36300WH,1,5.78,2.07,2026-06-23 10:30:54,amazon Ledsone,false
1190049,204-4497818-3161915,AMAZON,B0GS9J7ZYR,,SPPGUK3PTR6PK,1,16.48,13.59,2026-06-23 10:40:10,amazon Dcvoltage,false
1190051,202-4707443-1061131,AMAZON,B0DYT8NSY9,,RWWPSY0660YE,1,5.78,2.41,2026-06-23 11:03:12,amazon Ledsone,false
1190059,026-6842027-3676332,AMAZON,B08XW91G7T,,WCB7WH+RPR44WH,1,10.09,10.09,2026-06-23 11:01:09,amazon Dcvoltage,false
1190060,206-9405612-5505952,AMAZON,B0FQVDFF8N,,CRFF108BM+PHRI1PBRBA+LSCY290BG,1,24.89,24.89,2026-06-23 11:05:13,amazon Dcvoltage,false
1190061,203-4591717-6320331,AMAZON,B0DCK24R7X,,ENC6527,1,36.99,30.82,2026-06-23 11:09:27,amazon Ledsone,false
1190064,204-8445349-1356300,AMAZON,B0CRZ5DS7Q,,LSCY290WH+RPR44WH,1,15.89,15.89,2026-06-23 11:16:38,amazon Dcvoltage,false
1190076,205-1376609-4120315,AMAZON,B0FM7WKKV7,,ENC9035,1,27.89,23.24,2026-06-23 11:27:46,amazon Ledsone,false
1190078,202-2319377-8821900,AMAZON,B0BNW49WGT,,CRSF100BC+LHNSE27YB+SCRN70BC+LSWD360BC,1,26.89,26.89,2026-06-23 11:24:50,amazon Dcvoltage,false
1190079,204-7842446-9471531,AMAZON,B0D57258P4,,WCB7RR2PK+RPR44WH2PK,1,15.89,15.89,2026-06-23 11:34:34,amazon Dcvoltage,false
1190085,026-4119180-0801130,AMAZON,B0DTPG9D8M,,WCB2BM+RPR44WH,4,26.49,5.52,2026-06-23 11:40:46,amazon Ledsone,false
1190086,205-2194368-1814752,AMAZON,B0DBL2X1G6,,CL2TGDAPK,1,23.49,19.57,2026-06-23 11:41:14,amazon Ledsone,false
1190089,203-6728106-9273163,AMAZON,B092ZRC5KH,,PLTFRR+ICST64E2740,2,44.38,18.49,2026-06-23 11:52:48,amazon Ledsone,false
1190090,026-1524812-4885947,AMAZON,B0D59QC2Z4,,WCB2BM2PK+RPR44WH2PK,1,15.79,15.79,2026-06-23 11:43:15,amazon Dcvoltage,false
1190091,205-1922585-3453910,AMAZON,B09YYT3RXY,,PLADRR+LSDO210RR3PK,1,50.89,50.89,2026-06-23 11:49:13,amazon Dcvoltage,false
1190092,204-8167179-6949955,AMAZON,B0DFHNR4B2,,LSCY290CB+RPR44WH,1,15.89,15.89,2026-06-23 11:56:42,amazon Dcvoltage,false
1190093,204-0804374-6851562,AMAZON,B0B4K5THS1,,PSDS4BMRRO,1,12.04,11.81,2026-06-23 11:44:17,amazon Ledsone,false
1190094,204-7704688-9470711,AMAZON,B0CZXL6ZYG,,TPOSBDBM,1,25.89,21.57,2026-06-23 12:03:36,amazon Ledsone,false
1190095,204-3692406-5665960,AMAZON,B0C948Q2C2,,PLTYBC+WCBNBC+LDST45E274,1,18.89,18.89,2026-06-23 12:01:13,amazon Dcvoltage,false
1190096,203-3561004-4996364,AMAZON,B0915YM5YZ,,ENC9697,1,17.76,20.89,2026-06-23 12:05:57,amazon Dcvoltage,false
1190101,204-5676116-1051546,AMAZON,B0F1MN4PCR,,RWWPSN100YE,3,10.15,2.69,2026-06-23 12:12:35,amazon Dcvoltage,false
1190102,206-5284381-9629903,AMAZON,B0CRZ5DS7Q,,LSCY290WH+RPR44WH,1,15.89,15.89,2026-06-23 12:13:16,amazon Dcvoltage,false
1190107,202-9550220-4365147,AMAZON,B08VRY5HL8,,CRSF100BC+LHNSE27YB+LSCY290BC,2,37.78,18.89,2026-06-23 12:29:08,amazon Dcvoltage,false
1190113,026-4132400-8210704,AMAZON,B0DBKTSQM4,,CL2TBMAPK,1,21.19,17.66,2026-06-23 12:44:50,amazon Ledsone,false
1190114,204-0134383-0593928,AMAZON,B0CTWV3DHQ,,LSCO360BM+RPR44WH,1,16.39,16.39,2026-06-23 12:43:21,amazon Dcvoltage,false
1190115,204-0229837-5869958,AMAZON,B08B1NJVCQ,,CRSF100SN+LHNSE27SN+SCRN70BM+LSTF40SN,1,18.89,18.89,2026-06-23 12:46:36,amazon Dcvoltage,false
1190117,202-1468900-0533136,AMAZON,B0DP24XN58,,12UK3P8A,1,20.39,20.39,2026-06-23 12:47:45,amazon Dcvoltage,false
1190126,203-1337043-7588328,AMAZON,B0CN2ZMT1F,,ENC5706,1,39.88,21.94,2026-06-23 13:04:13,amazon Dcvoltage,false
1190139,204-7999117-7995546,AMAZON,B0F43LY81D,,CENU19150BM,1,4.43,1.09,2026-06-23 13:10:44,amazon Dcvoltage,false
1190140,206-2931460-7448345,AMAZON,B0CG61V914,,LSCY290RR2PK+RPR44WH2PK,2,57.78,28.89,2026-06-23 13:14:04,amazon Dcvoltage,false
1190149,206-2769592-5539554,AMAZON,B0GGS4DFB1,,CRFF100BM+PHUP1PBRBM+CNT900BM,1,18.57,18.57,2026-06-23 13:28:31,amazon Dcvoltage,false
1190150,203-9398111-1408348,AMAZON,B09644RJ2Q,,CRFF500BM+PHCH1BMRBM3PK+LSCY210BG3PK,1,40.79,40.79,2026-06-23 13:36:13,amazon Dcvoltage,false
1190151,203-3716538-3981100,AMAZON,B0CFHKYH59,,CRSF100BM2PK+PHRNWP1RBM2PK,1,20.09,16.74,2026-06-23 13:44:54,amazon Ledsone,false
1190152,203-2207823-8039551,AMAZON,B0F9VDWTYX,,CL3RBM3PK,1,8.79,7.32,2026-06-23 13:44:19,amazon Ledsone,false
1190154,205-7396456-3777953,AMAZON,B08B1N1LJT,,CRSF100CO+LHNSE27CO+SCRN70CO+LSTF40CO,1,19.89,19.89,2026-06-23 13:47:51,amazon Dcvoltage,false
1190161,204-1349687-6874714,AMAZON,B09M42QJCS,,LDMG125E2785PK,1,20.31,23.89,2026-06-23 13:52:40,amazon Dcvoltage,false
1190162,205-8258437-6990768,AMAZON,B0DPMRVHHR,,LSCYRO120WH+RPR44WH,1,14.99,12.49,2026-06-23 13:47:51,amazon Ledsone,false
1190163,026-9296202-8941114,AMAZON,B0BWNHGMN2,,PLWLBC+ICST64E27,1,18.29,15.24,2026-06-23 13:54:15,amazon Ledsone,false
1190167,206-5306901-2056319,AMAZON,B08L6515VT,,LDCWE2725,1,8.88,5.99,2026-06-23 14:07:30,amazon Dcvoltage,false
1190168,205-9079015-9700340,AMAZON,B0FX2TFPZM,,LSCYRO120WH2PK+RPR44WH2PK,2,45.78,22.89,2026-06-23 14:07:13,amazon Dcvoltage,false
1190171,205-8850403-3319524,AMAZON,B0G49CBSQ3,,WCCYSP180BM2PK+RPR44WH2PK,1,23.89,19.91,2026-06-23 14:07:13,amazon Ledsone,false
1190176,204-5677510-7938700,AMAZON,B08YFJ5WY4,,CRSF2003YB+PHSH1PBRYB3PK+LSCY210BG3PK,2,79.78,39.89,2026-06-23 14:23:34,amazon Dcvoltage,false
1190186,203-4219877-9811512,AMAZON,B0CR93LP26,,CKB2401BM,1,11.89,11.89,2026-06-23 14:29:25,amazon Dcvoltage,false
1190187,203-8136869-3640310,AMAZON,B0DH4KYFPD,,WCDTBM2PK+RPR44WH2PK,1,18.29,15.24,2026-06-23 14:36:23,amazon Ledsone,false
1190188,203-6369329-9984307,AMAZON,B0DGGGFFWN,,IMWWEPK,1,16.68,16.68,2026-06-23 14:45:49,amazon Dcvoltage,false
1190191,206-8336109-8431535,AMAZON,B0CCJ57823,,SPSDP3BM3PK,1,10.09,8.41,2026-06-23 14:47:41,amazon Ledsone,false
1190192,204-3927857-1212300,AMAZON,B0DTHKSHFY,,WCB7BS3PK+RPR44WH3PK,2,42.28,23.49,2026-06-23 14:49:56,amazon Dcvoltage,false
1190195,205-1388642-3352344,AMAZON,B08XXWLS8C,,WCB1BS+RPR44WH,1,10.49,10.49,2026-06-23 14:55:59,amazon Dcvoltage,false
1190201,203-1106315-2713936,AMAZON,B0DWDY6DW1,,WSNWBM+LSHQ180BM+ICST64E27,4,108.45,19.42,2026-06-23 15:02:46,amazon Dcvoltage,false
1190202,206-1519725-6843559,AMAZON,B08XB9VQZ3,,PSDS2BMRBU,1,10.19,11.99,2026-06-23 15:04:53,amazon Dcvoltage,false
1190203,202-4262788-1316347,AMAZON,B09Z6P8H29,,LDCWA60HB227,2,7.36,3.41,2026-06-23 15:03:43,amazon Ledsone,false
1190209,202-3241689-8552368,AMAZON,B0BX42221D,,LSSS300NB+RPR44WH,2,29.98,12.49,2026-06-23 15:10:46,amazon Ledsone,false
1190214,203-4059662-8075508,AMAZON,B07MF6MSMS,,CCBKNWE36,4,39.52,9.88,2026-06-23 15:26:18,amazon Dcvoltage,false
1190216,202-2677554-5169144,AMAZON,B0DH98XLXH,,CL3TBM3PK,1,9.99,9.99,2026-06-23 15:27:57,amazon Dcvoltage,false
1190218,202-6202304-9484350,AMAZON,B0D9RX7Q8J,,CRSF100CH3PK,1,21.01,12.92,2026-06-23 15:26:06,amazon Ledsone,false
1190223,204-3872744-3956343,AMAZON,B0FBW7J4PH,,CRSF2003BS+PHNW1RBS3PK,1,19.46,22.89,2026-06-23 15:32:41,amazon Dcvoltage,false
1190225,205-9043120-7661902,AMAZON,B0FJM1F3NP,,PLTTRR+LSDO210RR,1,20.29,16.91,2026-06-23 15:37:10,amazon Ledsone,false
1190226,202-2865069-6893906,AMAZON,B0GNYRK2GT,,LHXSHE27BM5PK,1,28.79,23.99,2026-06-23 15:40:12,amazon Ledsone,false
1190230,206-0195220-9763554,AMAZON,B0DX6WHN2Q,,CENU50300WH,1,5.92,2.57,2026-06-23 15:53:16,amazon Ledsone,false
1190231,203-3409876-7068306,AMAZON,B0DQD9W4R5,,PHSF1BMTBM3PK,1,33.21,27.67,2026-06-23 15:54:29,amazon Ledsone,false
1190232,204-2111811-6730709,AMAZON,B08XXTQ5MN,,WCB2BS+RPR44WH,1,10.19,10.19,2026-06-23 15:58:06,amazon Dcvoltage,false
1190237,202-0925092-4011566,AMAZON,B0CL6XXS9Y,,LDCCB22102PK,1,10.96,12.89,2026-06-23 16:03:34,amazon Dcvoltage,false
1190241,026-0089921-2686758,AMAZON,B0FX53HC81,,LSCYRO300WH2PK+RPR44WH2PK,1,31.89,31.89,2026-06-23 16:17:14,amazon Dcvoltage,false
1190243,202-8813026-7089114,AMAZON,B0F1D3FS5C,,RWWPSY0660YE,2,8.87,2.99,2026-06-23 16:22:09,amazon Dcvoltage,false
1190244,026-8127834-6669955,AMAZON,B07PM4RK27,,CL3TWH5PK,1,10.02,11.79,2026-06-23 16:23:56,amazon Dcvoltage,false
1190245,206-8265357-3210748,AMAZON,B0D4YNKTQH,,CRFF140BM+WSWH135BM+LSDO210BG,1,16.69,16.69,2026-06-23 16:25:01,amazon Dcvoltage,false
1190251,202-7423545-5021914,AMAZON,B0FW514SS5,,LSCYRO300BM+RPR44WH,2,39.78,19.89,2026-06-23 16:31:36,amazon Dcvoltage,false
1190252,202-8337506-4988310,AMAZON,B0GTMJFSTP,,LSGL14010CL2PK+RPM40WH2PK,1,13.89,11.57,2026-06-23 16:46:15,amazon Ledsone,false
1190253,026-2491203-3231509,AMAZON,B0DZ1Z3277,,RWWPSY0640YE2PK,1,10.98,9.15,2026-06-23 16:44:08,amazon Ledsone,false
1190258,206-7773358-0059543,AMAZON,B0DNK2H74S,,ENC10078,1,29.89,24.91,2026-06-23 16:53:38,amazon Ledsone,false
1190262,205-2284958-3414732,AMAZON,B0DTHKKQV6,,WCB7BM3PK+RPR44WH3PK,1,22.09,22.09,2026-06-23 17:09:05,amazon Dcvoltage,false
1190267,026-2511012-4569962,AMAZON,B0CNQ1Q3BJ,,LDMG125E278,1,8.19,8.19,2026-06-23 17:09:59,amazon Dcvoltage,false
1190268,205-6579445-1745939,AMAZON,B0DGGGFFWN,,IMWWEPK,1,16.59,16.59,2026-06-23 17:11:36,amazon Dcvoltage,false
1190274,202-1345856-1057932,AMAZON,B0F1CZF38F,,RWWPSY0840YE,1,4.88,1.99,2026-06-23 17:19:37,amazon Dcvoltage,false
1190277,205-1417191-2218762,AMAZON,B0FW4PD16T,,LSCYRO300GD+RPR44WH,1,16.89,14.07,2026-06-23 17:33:53,amazon Ledsone,false
1190281,206-6853183-3308312,AMAZON,B0DH6C8WJ3,,CL2TBU5PK,1,12.49,12.49,2026-06-23 17:36:33,amazon Dcvoltage,false
1190282,205-9494051-9178740,AMAZON,B0DKDWL636,,CRFF100BM,1,9.36,7.19,2026-06-23 17:44:18,amazon Dcvoltage,false
1190287,204-4526359-2958759,AMAZON,B0CDWVF7VV,,PSHYOS4WRWH,1,14.29,11.91,2026-06-23 17:07:52,amazon Ledsone,false
1190288,026-3617325-3545966,AMAZON,B08PC68QCM,,LHSHE27GB,1,10.88,6.66,2026-06-23 17:56:30,amazon Ledsone,false
1190289,202-1803952-6839538,AMAZON,B07QZQNMGK,,12RPIP45250,1,15.90,18.71,2026-06-23 17:57:30,amazon Dcvoltage,false
1190296,205-3771944-9029924,AMAZON,B0GWLHXMQ5,,LSGLWB125TN2PK+SCRN70YB2PK,2,37.78,15.74,2026-06-23 18:15:03,amazon Ledsone,false
1190297,205-5668815-1845117,AMAZON,B0FT2F3573,,PHSF1PWR40WH+LSBS160BU,2,34.00,18.89,2026-06-23 18:16:35,amazon Dcvoltage,false
1190306,204-4625913-5958757,AMAZON,B0FMRL88RP,,CRSF100WH2PK+LHTTE27WH2PK,1,18.89,18.89,2026-06-23 18:28:04,amazon Dcvoltage,false
1190308,202-2535014-5936368,AMAZON,B0CZXL6ZYG,,TPOSBDBM,1,25.89,21.57,2026-06-23 18:36:05,amazon Ledsone,false
1190309,203-7547174-6357119,AMAZON,B09477YHK7,,LDMG95E278APK,1,35.19,29.32,2026-06-23 18:37:16,amazon Ledsone,false
1190322,202-5577026-1520301,AMAZON,B0CVN3GCBM,,RWWPSY12GY,1,4.88,1.66,2026-06-23 18:55:30,amazon Ledsone,false
1190323,205-2723633-6843532,AMAZON,B0CP7NTJPZ,,LHC3E27WH,1,7.28,4.39,2026-06-23 18:49:39,amazon Dcvoltage,false
1190327,204-0563406-9808359,AMAZON,B0GLR5F57B,,LSCY290DOR+RPR44WH,1,15.89,15.89,2026-06-23 19:03:53,amazon Dcvoltage,false
1190328,202-7513283-2145958,AMAZON,B0GW83X9F4,,LHSWPBB22GD,1,12.79,9.90,2026-06-23 19:06:55,amazon Dcvoltage,false
1190342,206-8590225-0944348,AMAZON,B0DY7NXLY4,,RWWPSY0640YE,1,9.38,6.49,2026-06-23 19:40:29,amazon SRM Amazon,false
1190345,205-1330916-3354756,AMAZON,B0CG219VVH,,CRFF108WH+LHTKE27WH,1,9.34,10.99,2026-06-23 19:49:21,amazon Ledsone,false
1190348,203-4484379-4963524,AMAZON,B0CSK4C4MT,,STBFT50M48EWH,1,6.38,3.49,2026-06-23 19:50:51,amazon Dcvoltage,false
1190349,202-0800290-4718743,AMAZON,B08WRLCTQK,,PHCT1BMRBM+PHBA1BMRBM+LSYG410GY,2,62.78,31.39,2026-06-23 19:55:46,amazon Dcvoltage,false
1190356,205-3468489-0153134,AMAZON,B0CKSRCVKQ,,CRFF75CH,1,9.78,5.74,2026-06-23 20:05:32,amazon Ledsone,false
1190363,206-5122692-0938723,AMAZON,B0B2F3XW2Q,,LHPVE27BM5PK,1,15.68,13.07,2026-06-23 20:16:42,amazon Ledsone,false
1190366,206-0065138-2111502,AMAZON,B0CZNPP2K1,,LSSS300CH2PK+RPR44WH2PK,2,53.98,26.99,2026-06-23 20:19:24,amazon Dcvoltage,false
1190369,202-0353546-3373920,AMAZON,B0GTV48J5T,,LDMT185B224,1,5.09,4.99,2026-06-23 20:35:46,amazon Ledsone,false
1190375,205-2947091-0096351,AMAZON,B0CB1KJ3XJ,,LSMS320GY+RPR44WH,1,14.99,12.49,2026-06-23 20:52:33,amazon Ledsone,false
1190381,204-2998187-4749156,AMAZON,B0DH9B4NSC,,CL3TIV3PK,1,11.28,7.99,2026-06-23 21:08:39,amazon Dcvoltage,false
1190386,203-8178557-2423569,AMAZON,B07L3XG2RG,,CRFF100GB2PK,1,7.64,8.99,2026-06-23 21:15:47,amazon Dcvoltage,false
1190387,204-9746007-7438728,AMAZON,B0C9TWTCZ8,,LSCY210BG+RPR44WH,1,12.49,12.49,2026-06-23 21:20:40,amazon Dcvoltage,false
1190390,202-1138920-1965959,AMAZON,B0FTS1XWQ7,,12IP6720,1,9.88,5.82,2026-06-23 21:24:45,amazon Ledsone,false
1190391,202-7978044-7089956,AMAZON,B0CVHDJ4DQ,,CENU46450WH,1,6.78,3.24,2026-06-23 21:27:06,amazon Ledsone,false
1190399,205-5019224-1785159,AMAZON,B0B82XR5Y1,,PHSF1GDRYB,1,11.21,10.99,2026-06-23 21:36:32,amazon Ledsone,false
1190404,203-8683599-3840304,AMAZON,B0DX6NBT9P,,CENU19150WH,1,4.38,0.91,2026-06-23 21:41:46,amazon Ledsone,false
1190405,204-1316942-8824357,AMAZON,B0CVL1PQMQ,,LSTF400GY2PK+RPR44WH2PK,1,29.89,24.91,2026-06-23 21:45:49,amazon Ledsone,false
1190406,203-9967957-1237959,AMAZON,B09FGQD4VK,,CRFF500BM+PHBL1PBRBM3PK+LSDO210BM3PK,1,33.99,33.32,2026-06-23 21:43:37,amazon Ledsone,false
1190407,206-0382918-7641113,AMAZON,B07CVBX8L5,,LDMG95B224,1,6.99,6.99,2026-06-23 21:43:14,amazon Dcvoltage,false
1190408,205-6579809-0034721,AMAZON,B07GJPPVN4,,24IP6720,1,11.54,11.54,2026-06-23 21:42:39,amazon Dcvoltage,false
1190412,206-6904297-7204367,AMAZON,B0DC471B8B,,WLFSWDBM,1,24.90,29.29,2026-06-23 21:59:27,amazon Dcvoltage,false
1190413,204-6515641-5672344,AMAZON,B0GR8NMC3B,,SPPGUK3PTR4PK,1,12.78,8.24,2026-06-23 21:55:25,amazon Ledsone,false
1190414,026-3077966-4433115,AMAZON,B0F6V9HH23,,ENC685,2,94.12,39.22,2026-06-23 22:00:10,amazon Ledsone,false
1190416,206-8307799-5517162,AMAZON,B0839G1QKQ,,CBSF80,1,6.18,3.29,2026-06-23 22:05:54,amazon Dcvoltage,false
1190418,203-9665887-9993133,AMAZON,B0FH22BX82,,STIX245GR,1,5.38,2.07,2026-06-23 22:09:06,amazon Ledsone,false
1190422,026-1966321-0714711,AMAZON,B0BBS6B82P,,CL3TBMAPK,1,21.89,18.24,2026-06-23 22:22:38,amazon Ledsone,false
1190428,026-2575543-5182754,AMAZON,B0FPWXQWQD,,LDCWA60HB2296PK,2,15.97,6.24,2026-06-23 22:41:15,amazon Ledsone,false
1190430,203-3704367-9106753,AMAZON,B0CBBYF5QX,,LSMS320CB+RPR44WH,1,14.99,14.99,2026-06-23 22:53:34,amazon Dcvoltage,false
1190431,026-7997938-9887521,AMAZON,B0CGRQ5Z4T,,CRSF100BM2PK+PHRYWP1RBM2PK,2,42.24,17.24,2026-06-23 22:57:22,amazon Ledsone,false
1190437,203-0780339-7788328,AMAZON,B0CSDPYCLM,,STBFT50M48EWH,1,5.24,2.30,2026-06-23 23:12:46,amazon Ledsone,false
1190443,026-3427387-5597969,AMAZON,B09L115HFJ,,12UK3P10A,1,18.29,15.24,2026-06-23 23:29:34,amazon Ledsone,false
1190446,026-4948727-7095546,AMAZON,B0F2919CBQ,,LSCY290AA+RPR44WH,1,15.09,12.57,2026-06-23 23:35:23,amazon Ledsone,false
1190448,202-7138201-4259530,AMAZON,B0FX2QT3B1,,LSCYRO300GD2PK+RPR44WH2PK,1,31.89,31.89,2026-06-23 23:44:41,amazon Dcvoltage,false
1190453,026-6697100-5031563,AMAZON,B0FZW6829H,,ENC8966,1,28.89,28.89,2026-06-24 00:12:38,amazon Dcvoltage,false
1190456,202-0247710-8866778,AMAZON,B0CVL8N94Y,,LSTF400OR+RPR44WH,1,16.39,16.39,2026-06-24 00:36:44,amazon Dcvoltage,false
1190457,026-0078167-5301179,AMAZON,B0D675RN2B,,SPSDP2SN2PK,1,9.43,11.09,2026-06-24 00:41:31,amazon Dcvoltage,false
1190461,026-8194709-5529154,AMAZON,B0FR8C1X83,,PHUH1HETBM2PK+LSHM400HE2PK,1,54.31,63.89,2026-06-24 02:07:09,amazon Dcvoltage,false
1190462,204-0839763-1052313,AMAZON,B0FPWXQWQD,,LDCWA60HB2296PK,1,9.98,6.24,2026-06-24 02:37:04,amazon Ledsone,false
1190493,026-6475466-1643523,AMAZON,B0DVLV3QCW,,PHCH1FBRBM+LSHQ180BG,2,41.58,17.33,2026-06-24 05:54:23,amazon Ledsone,false
1190500,205-6316855-8831555,AMAZON,B0F28Z2V3F,,LSCY290GY+RPR44WH,1,14.99,12.49,2026-06-24 06:19:37,amazon Ledsone,false
1190501,026-7795505-5197108,AMAZON,B0GSFB5MT6,,LSGLULCL+RPM40WH,2,25.78,12.89,2026-06-24 06:47:20,amazon Dcvoltage,false
1190504,203-2979984-1773905,AMAZON,B0CL7KK2HZ,,ENC6494,1,56.89,56.89,2026-06-24 07:04:45,amazon Dcvoltage,false
1190505,203-2079263-1151507,AMAZON,B0F7LLBKDX,,PCBM20PCBMAPK,1,10.99,9.16,2026-06-24 07:14:04,amazon Ledsone,false
1190509,205-7576799-8592352,AMAZON,B0FL78WQVD,,PHSF2BMTBM2PK+ICST64E272PK,1,28.89,28.89,2026-06-24 07:38:27,amazon Dcvoltage,false
1190510,026-1041755-6366726,AMAZON,B08XBXG4DR,,CRSF100WH+LHTTE27WH,1,10.89,10.89,2026-06-24 07:46:31,amazon Dcvoltage,false
1190519,202-6021835-3769165,AMAZON,B0CQNL93QC,,PLTTBC+WCBNBC,2,45.78,22.89,2026-06-24 07:53:15,amazon Dcvoltage,false
1190531,206-9697184-5485929,AMAZON,B0DCJWRRPD,,SPSDP3BM2PK,1,8.98,5.07,2026-06-24 08:24:21,amazon Ledsone,false
1190538,026-9970269-6265149,AMAZON,B07ZQ38MKQ,,HRE2738BM2PK,1,6.78,3.24,2026-06-24 08:34:14,amazon Ledsone,false
1190543,203-3374030-8580367,AMAZON,B0D69RG187,,SPSDP1YB2PK,2,10.38,5.19,2026-06-24 08:47:38,amazon Dcvoltage,false
1190556,203-0584926-1051538,AMAZON,B08PC4N942,,LHSHE27CO,1,9.68,6.66,2026-06-24 09:13:43,amazon Ledsone,false
1190565,204-2597062-6257121,AMAZON,B08YFHBJLF,,CRSF2003CO+PHHN1PBRCO3PK+LSDO210BG3PK,1,51.89,51.89,2026-06-24 09:29:20,amazon Dcvoltage,false
1190568,026-2555863-1627509,AMAZON,B0DH4KYFPD,,WCDTBM2PK+RPR44WH2PK,1,18.29,15.24,2026-06-24 09:34:13,amazon Ledsone,false
1190571,203-7483278-4588348,AMAZON,B0F6775Q2J,,LSMCSQWYRE+RPM40WH,1,17.67,17.32,2026-06-24 09:38:55,amazon Ledsone,false
1190572,026-9847580-1451522,AMAZON,B0FY3CN2DV,,WCBCFRO3PK+RPR44WH3PK,1,26.89,26.89,2026-06-24 09:37:06,amazon Dcvoltage,false
1190577,204-9251103-3496331,AMAZON,B0CN376GSP,,CRSF1202BM+PHHT2PBRBM2PK+SPUPBM2PK,1,19.89,16.57,2026-06-24 10:03:45,amazon Ledsone,false
1190579,204-1388382-6741149,AMAZON,B0CPBXBX8H,,LSCY290RE+RPR44WH,1,15.89,15.89,2026-06-24 10:16:32,amazon Dcvoltage,false
1190580,204-1388382-6741149,AMAZON,B0CPBXFL7C,,LSCY290YE+RPR44WH,1,15.89,15.89,2026-06-24 10:16:32,amazon Dcvoltage,false
1190581,204-1388382-6741149,AMAZON,B0CPBXJ8N8,,LSCY290BL+RPR44WH,1,15.89,15.89,2026-06-24 10:16:32,amazon Dcvoltage,false
1190582,203-1688234-7249112,AMAZON,B0F2919THD,,LSCY290CO+RPR44WH,4,71.56,14.91,2026-06-24 10:01:59,amazon Ledsone,false
1190588,206-4729050-5261903,AMAZON,B0DH9D59PT,,CL3TAG5PK,1,11.99,11.99,2026-06-24 10:28:22,amazon Dcvoltage,false
1190596,205-9494126-1947534,AMAZON,B0GGS4DFB1,,CRFF100BM+PHUP1PBRBM+CNT900BM,1,15.78,18.57,2026-06-24 10:33:53,amazon Dcvoltage,false
1190597,204-7340698-3465107,AMAZON,B0DH6B49KD,,CL2TGL5PK,1,10.09,10.09,2026-06-24 10:37:37,amazon Dcvoltage,false
1190598,204-9289496-1617941,AMAZON,B08XNPSWMN,,CRSF100BC+LHNSE27YB+SCRN70BC+LSWD360BC,2,53.80,29.89,2026-06-24 10:39:19,amazon Dcvoltage,false
1190600,204-0534293-0690703,AMAZON,B0B4K6NM87,,PSDS4BMRRE,2,28.34,11.81,2026-06-24 10:39:36,amazon Ledsone,false
1190601,206-7015367-7778757,AMAZON,B0FY2HP9LJ,,PHUH0.5HETBM,1,10.99,9.16,2026-06-24 10:43:19,amazon Ledsone,false
1190603,205-5873459-5326724,AMAZON,B0CNTD6JBS,,WCB7BC+RPR44WH,1,11.89,11.89,2026-06-24 10:43:19,amazon Dcvoltage,false
1190606,204-2716251-4209124,AMAZON,B0B4K5THS1,,PSDS4BMRRO,1,12.04,11.81,2026-06-24 10:52:49,amazon Ledsone,false
1190607,203-9753907-0432330,AMAZON,B08PC415TL,,LHSHE27BA,1,7.99,7.99,2026-06-24 10:51:33,amazon SRM Amazon,false
1190610,026-4099389-4557902,AMAZON,B0D7MDP9XP,,LDMG95B224APK,3,62.07,22.99,2026-06-24 11:19:30,amazon Dcvoltage,false
1190618,204-1071009-0162723,AMAZON,B08PYZLJCK,,12IP6745,1,15.89,15.89,2026-06-24 11:28:20,amazon SRM Amazon,false
1190630,026-9091308-6873118,AMAZON,B0FKMDBX5K,,CRFF108WH2PK+LHTKE27WH2PK,1,18.29,15.24,2026-06-24 11:31:55,amazon Ledsone,false
1190631,202-1490771-5568320,AMAZON,B0C5HNQK23,,CRSF100BM+WSHR135BM+LSFT220GB,2,33.78,14.08,2026-06-24 11:39:35,amazon Ledsone,false
1190632,206-2405614-3217948,AMAZON,B0F7B1PXV6,,CTBOP28XL+CTBOP27XL+CTBOP26XL,1,14.89,14.89,2026-06-24 11:40:23,amazon Dcvoltage,false
1190635,203-1226538-2615507,AMAZON,B0GL8P6NQ3,,LDMT185E2742PK,1,12.99,10.82,2026-06-24 11:48:08,amazon Ledsone,false
1190636,206-5876849-4717901,AMAZON,B0DX75TBKB,,CERU72450GR,2,16.93,6.16,2026-06-24 11:52:31,amazon Ledsone,false
1190642,205-3319419-4422706,AMAZON,B0CR91LSJR,,CKB876875WH,1,32.29,32.29,2026-06-24 12:02:57,amazon Dcvoltage,false
1190649,206-8656837-2778726,AMAZON,B0GP73VLM8,,LHPVHRE27WH,1,7.78,4.07,2026-06-24 12:21:58,amazon Ledsone,false
1190656,206-2185438-3058743,AMAZON,B0DH4KYFPD,,WCDTBM2PK+RPR44WH2PK,1,18.29,15.24,2026-06-24 12:35:17,amazon Ledsone,false
1190657,206-5185052-4263521,AMAZON,B09BFLVGWW,,PLHIBC,1,52.69,43.91,2026-06-24 12:33:33,amazon Ledsone,false
1190660,204-7210386-6989953,AMAZON,B0DCJWRRPD,,SPSDP3BM2PK,1,8.98,5.07,2026-06-24 12:46:21,amazon Ledsone,false
1190665,026-0203327-7148323,AMAZON,B0BLP1JSRK,,LDMST64E2786PK,2,36.70,16.99,2026-06-24 12:57:33,amazon Ledsone,false
1190671,203-0140567-2365932,AMAZON,B0CQR15PPF,,CL2TCR,2,8.85,3.09,2026-06-24 13:00:46,amazon Dcvoltage,false
1190672,206-6594316-4218760,AMAZON,B0CTXGBD5D,,LSCO360WH2PK+RPR44WH2PK,1,30.49,30.49,2026-06-24 13:07:52,amazon Dcvoltage,false
1190674,202-6528829-3723504,AMAZON,B0G499B37C,,WCCYSP180WH2PK+RPR44WH2PK,1,24.89,20.74,2026-06-24 13:09:09,amazon Ledsone,false
1190676,202-7436822-5985905,AMAZON,B0C3GYCJXX,,LSDO210CB+RPR44WH,1,11.99,9.99,2026-06-24 13:10:35,amazon Ledsone,false
1190677,026-2545602-6361152,AMAZON,B0DZH7YGDB,,WCBXBM+RPR44WH,1,10.88,6.66,2026-06-24 13:17:58,amazon Ledsone,false
1190680,205-2272550-5646730,AMAZON,B0GCZG4XFD,,CRSF120WH,1,8.78,4.91,2026-06-24 13:23:12,amazon Ledsone,false
1190682,206-3950361-5985105,AMAZON,B09477YHK7,,LDMG95E278APK,2,62.78,29.07,2026-06-24 13:34:22,amazon Ledsone,false
1190689,203-3433067-3014706,AMAZON,B0F29N4PNH,,CERU36300GR,1,5.58,2.24,2026-06-24 13:42:13,amazon Ledsone,false
1190690,202-7221458-4523532,AMAZON,B0CZXL6ZYG,,TPOSBDBM,1,25.49,21.24,2026-06-24 13:45:21,amazon Ledsone,false
1190691,202-4815249-4402720,AMAZON,B0D45236MW,,PHSF2GDTYB+ICST64E27,1,18.69,18.69,2026-06-24 13:43:05,amazon Dcvoltage,false
1190710,204-7716324-5679507,AMAZON,B0BBB5FNDF,,CL3RLG5PK,1,15.79,13.16,2026-06-24 14:06:22,amazon Ledsone,false
1190711,202-5882829-8905144,AMAZON,B0FX2QT3B1,,LSCYRO300GD2PK+RPR44WH2PK,1,31.89,31.89,2026-06-24 14:04:05,amazon Dcvoltage,false
1190715,205-4232989-5604357,AMAZON,B0CHW3Q9VG,,CRSF100YB+PHCHPCRYB+LSCY290YB,1,24.89,20.74,2026-06-24 14:13:58,amazon Ledsone,false
1190720,204-8557617-8005125,AMAZON,B0CW5M8XY2,,ENC6340,2,41.56,19.24,2026-06-24 14:32:30,amazon Ledsone,false
1190721,205-7463431-8639523,AMAZON,B0F2DLJ3TC,,LSFS230BM,1,23.49,19.57,2026-06-24 14:25:03,amazon Ledsone,false
1190725,026-6520047-8876369,AMAZON,B0G57SHHMT,,CRFF500BS+PHNW1RBS3PK+ICST64E273PK,1,32.89,27.41,2026-06-24 14:24:24,amazon Ledsone,false
1190730,206-7846938-6448359,AMAZON,B0DLW4KYG8,,CL2TPUAPK,1,18.89,18.89,2026-06-24 14:31:32,amazon Dcvoltage,false
1190733,205-8432771-9359512,AMAZON,B091FP56Y5,,CRSF2003BM+PHHN1PBRGD3PK+LSDO210BI3PK,1,33.06,32.41,2026-06-24 14:35:58,amazon Ledsone,false
1190734,205-0976984-7905936,AMAZON,B0GGHMCRK3,,CRFF100CO2PK+LHNSE27CO2PK+ICST64E272PK,1,22.86,26.89,2026-06-24 14:40:58,amazon Dcvoltage,false
1190735,206-3074711-5366723,AMAZON,B0B8P9BKXB,,LDMG125E278,2,19.78,8.24,2026-06-24 14:44:34,amazon Ledsone,false
1190736,203-2142945-0582712,AMAZON,B083XHSX6F,,CL2TGD3PK,1,7.98,4.24,2026-06-24 13:40:58,amazon Ledsone,false
1190740,026-2044931-3895558,AMAZON,B0B8VVQSNV,,LDSG125LOE274,1,8.99,7.49,2026-06-24 14:52:28,amazon Ledsone,false
1190745,202-0605395-8311540,AMAZON,B0CVKZP3W2,,LSTF400BM+RPR44WH,1,16.39,16.39,2026-06-24 15:01:53,amazon Dcvoltage,false
1190746,203-1695619-8040316,AMAZON,B0GNYRK2GT,,LHXSHE27BM5PK,1,28.79,23.99,2026-06-24 15:00:16,amazon Ledsone,false
1190750,026-7374652-2300365,AMAZON,B0F32ZP7ST,,RWWPSN12GY,1,1.66,1.66,2026-06-24 15:18:11,amazon Ledsone,false
1190751,026-7374652-2300365,AMAZON,B0F32W4YNV,,RWWPSN100YE,1,2.32,2.32,2026-06-24 15:18:11,amazon Ledsone,false
1190765,202-2258175-0711563,AMAZON,B09MLZP1Z3,,LHCCE27GR+CGMLGR,3,15.82,4.79,2026-06-24 15:48:52,amazon Dcvoltage,false
1190766,026-6111110-8727534,AMAZON,B0GCZMXQZF,,CRFF100CO+LHNSE27CO+ICST64E27,2,33.98,16.99,2026-06-24 15:50:01,amazon Dcvoltage,false
1190772,206-0752223-9610707,AMAZON,B0DH98XLXH,,CL3TBM3PK,1,9.99,9.99,2026-06-24 16:21:54,amazon Dcvoltage,false
1190774,203-3203757-1792305,AMAZON,B0CBCN1B9S,,CRFF500BM+PHCH1BMRBM3PK+LSCY210BG3PK+ICST64E273PK,13,478.30,30.66,2026-06-24 16:29:44,amazon Ledsone,false
1190775,026-3593442-9033954,AMAZON,B0G2L5PHNG,,ENC7766,1,31.69,26.41,2026-06-24 15:16:58,amazon Ledsone,false
1190781,205-6074195-5200328,AMAZON,B0DBZGHLSR,,LDSHEAE2743PK,1,18.61,18.24,2026-06-24 16:44:33,amazon Ledsone,false
1190783,206-1390541-4620305,AMAZON,B0FW54NQDQ,,LSCYRO200GD+RPR44WH,1,13.51,15.89,2026-06-24 16:47:40,amazon Dcvoltage,false
1190788,202-8157504-9929143,AMAZON,B0GP73VLM8,,LHPVHRE27WH,1,7.78,4.07,2026-06-24 16:57:37,amazon Ledsone,false
1190793,202-0432506-7993128,AMAZON,B0FX2SHBL5,,LSCYRO120BM2PK+RPR44WH2PK,1,21.89,21.89,2026-06-24 17:12:20,amazon Dcvoltage,false
1190795,203-7706376-8973146,AMAZON,B0F4XX23Z5,,TSTS20WH,1,3.78,0.89,2026-06-24 17:20:56,amazon Dcvoltage,false
1190796,206-5092305-1815568,AMAZON,B0DZNQCJX5,,RWWPSY08GY,1,1.57,1.57,2026-06-24 17:24:48,amazon Ledsone,false
1190797,206-9976438-6693929,AMAZON,B0CVHDJ4DQ,,CENU46450WH,1,6.20,3.24,2026-06-24 17:23:31,amazon Ledsone,false
1190798,206-5092305-1815568,AMAZON,B0DZNLF6LK,,RWWPSY10GY,1,2.07,2.07,2026-06-24 17:24:48,amazon Ledsone,false
1190799,206-5092305-1815568,AMAZON,B0DZNJDHCQ,,RWWPSY12GY,1,1.74,1.74,2026-06-24 17:24:48,amazon Ledsone,false
1190803,206-5088436-9891543,AMAZON,B0G647M8F1,,ENC1826,1,30.89,25.74,2026-06-24 17:35:53,amazon Ledsone,false
1190804,205-5134513-5550749,AMAZON,B097YR1WKC,,CRFF500BM+PHHT1PBRRO3PK+WCWDRO3PK,8,311.92,32.49,2026-06-24 17:36:23,amazon Ledsone,false
1190805,203-2692914-2756347,AMAZON,B0CP7D36ZM,,CBSF125,16,56.02,3.89,2026-06-24 17:30:29,amazon Dcvoltage,false
1190806,203-3859084-7309933,AMAZON,B0CNQ1Q3BJ,,LDMG125E278,1,8.19,8.19,2026-06-24 17:35:54,amazon Dcvoltage,false
1190807,202-6743520-2879507,AMAZON,B0CJCDPV58,,LSSS300GR2PK+RPR44WH2PK,2,47.58,23.79,2026-06-24 17:35:46,amazon Dcvoltage,false
1190808,206-8726054-1954701,AMAZON,B0D73KRWF7,,LDMT185B2245PK,1,14.36,16.89,2026-06-24 17:37:30,amazon Dcvoltage,false
1190811,026-8695763-3933140,AMAZON,B0DX6NBT9P,,CENU19150WH,1,4.38,0.91,2026-06-24 17:43:07,amazon Ledsone,false
1190812,026-0488372-5134701,AMAZON,B0FVM8LHNX,,CERU36150BL,2,5.93,1.41,2026-06-24 17:43:30,amazon Ledsone,false
1190813,202-5260134-0009930,AMAZON,B0FY2HP9LJ,,PHUH0.5HETBM,5,49.45,9.16,2026-06-24 17:45:48,amazon Ledsone,false
1190818,206-9167350-9724316,AMAZON,B0F944BWSZ,,CL3TBM3PK,1,7.91,7.91,2026-06-24 17:44:24,amazon Ledsone,false
1190819,206-9167350-9724316,AMAZON,B0F9467GTW,,CL3TCR3PK,1,6.66,6.66,2026-06-24 17:44:24,amazon Ledsone,false
1190820,203-8376485-2579551,AMAZON,B09VL337F9,,ENC2971,2,181.30,78.28,2026-06-24 18:00:46,amazon Ledsone,false
1190825,203-4776767-3395560,AMAZON,B0FY22X6WL,,WCFL180RO2PK+RPR44WH2PK,1,24.49,24.49,2026-06-24 06:11:24,amazon Dcvoltage,false
1190826,205-7938758-6333903,AMAZON,B07CJHLMX1,,24IP20360,1,24.99,24.99,2026-06-19 17:55:07,amazon Dcvoltage,false
1190827,206-0811645-2452339,AMAZON,B0F1D3FS5C,,RWWPSY0660YE,2,8.87,2.99,2026-06-24 18:15:38,amazon Dcvoltage,false
1190848,204-6566556-5693134,AMAZON,B09C2BVT3H,,WSFH1BMYB+PSDS2RBR+SCRN70BM+LSFT220YE,1,19.12,18.74,2026-06-24 18:41:03,amazon Ledsone,false
1190850,206-9245784-0281132,AMAZON,B0FPWXQWQD,,LDCWA60HB2296PK,1,9.98,6.24,2026-06-24 18:43:34,amazon Ledsone,false
1190853,204-0448046-1813918,AMAZON,B0B7KCXV72,,CRFF105GB,1,11.68,7.32,2026-06-24 18:55:49,amazon Ledsone,false
1190855,206-3474660-5973125,AMAZON,B08XNSHS4P,,CRSF100BM+LHNSE27CO+SCRN70BM+LSWD360BM,1,25.41,29.89,2026-06-24 19:01:59,amazon Dcvoltage,false
1190856,202-1899314-5117924,AMAZON,B0C9TQP6RW,,CNP1000GB,1,7.98,5.09,2026-06-24 19:06:22,amazon Dcvoltage,false
1190859,202-2197919-3524349,AMAZON,B0DMT7HVKN,,PCFT90LBM5PK,1,6.82,6.82,2026-06-24 19:13:02,amazon Ledsone,false
1190860,202-2197919-3524349,AMAZON,B0DMT5YWLR,,PCFT90TBM5PK,1,7.32,7.32,2026-06-24 19:13:02,amazon Ledsone,false
1190862,202-2154113-2108328,AMAZON,B09YV9W7C6,,LHCCE27GR+CGMLGR,1,9.58,5.57,2026-06-24 19:18:49,amazon Ledsone,false
1190863,204-3477286-7203523,AMAZON,B0CNLZLJZT,,WCB2BM+RPR44WH,1,10.49,10.49,2026-06-24 19:12:57,amazon Dcvoltage,false
1190867,204-4233484-4069939,AMAZON,B08XBXG4DR,,CRSF100WH+LHTTE27WH,1,10.89,10.89,2026-06-24 19:19:34,amazon Dcvoltage,false
1190873,202-8770034-7801961,AMAZON,B0GXB7RGZK,,WCBSF90FG2PK+RPR44WH2PK,1,20.89,17.41,2026-06-24 19:30:45,amazon Ledsone,false
1190881,206-5145439-1548336,AMAZON,B0FQVFP61X,,CRFF108BM+PHRI1PBRBA+LSCY290BI,2,39.40,21.89,2026-06-24 19:59:06,amazon Dcvoltage,false
1190884,203-7002810-7666738,AMAZON,B0GCZJ9XRB,,CRFF100SN2PK+LHNSE27SN2PK,1,24.89,24.89,2026-06-24 20:03:36,amazon Dcvoltage,false
1190890,026-9861377-7413968,AMAZON,B0CDWVF7VV,,PSHYOS4WRWH,1,12.15,11.91,2026-06-24 20:17:13,amazon Ledsone,false
1190899,204-5391197-5894744,AMAZON,B0BJ2XSYKT,,LDMG80E274APK,1,27.99,23.32,2026-06-24 20:22:39,amazon Ledsone,false
1190900,203-8183668-3756319,AMAZON,B0D7MMR2GN,,CRFF105SN2PK,1,11.81,11.57,2026-06-24 20:28:59,amazon Ledsone,false
1190905,202-3076402-7282716,AMAZON,B08NTKB1DM,,CRFF500BM+PHCH1BMRBM3PK+LSCY210BG3PK,1,38.79,32.32,2026-06-24 20:31:11,amazon Ledsone,false
1190907,205-8843172-2289949,AMAZON,B0CG21CP4J,,CRFF108BM+LHTTE27BM,1,11.99,9.99,2026-06-24 20:32:51,amazon Ledsone,false
1190912,026-2809269-9952322,AMAZON,B0DTHTGPD2,,WCB7WH3PK+RPR44WH3PK,1,22.49,22.49,2026-06-24 20:46:12,amazon Dcvoltage,false
1190917,204-4549781-5089110,AMAZON,B0CVHDJ4DQ,,CENU46450WH,3,13.39,3.24,2026-06-24 20:49:34,amazon Ledsone,false
1190920,206-3485779-3952347,AMAZON,B0GLXRPL51,,LHXWPE27PPWH,1,7.39,4.41,2026-06-24 20:55:25,amazon Ledsone,false
1190925,204-5953450-6653154,AMAZON,B0743GYD52,,CO332AORAPK,1,5.78,2.41,2026-06-24 21:01:23,amazon Ledsone,false
1190926,205-0681152-1834729,AMAZON,B08L7NTX27,,LDCWE27253PK,1,16.39,16.39,2026-06-24 21:07:53,amazon SRM Amazon,false
1190933,205-9399710-6576301,AMAZON,B0CL9GR1CJ,,BLBB1GU350+LDGU10WD5,1,24.09,20.07,2026-06-24 21:22:19,amazon Ledsone,false
1190934,203-2927952-7116342,AMAZON,B0CV5DK5NC,,LDSG125LOE2742PK,1,17.89,14.91,2026-06-24 21:26:15,amazon Ledsone,false
1190936,026-7749482-6181129,AMAZON,B0DBLLCT9Y,,CL3RYT5PK,1,10.49,10.49,2026-06-24 21:20:35,amazon Dcvoltage,false
1190940,206-6855626-3623543,AMAZON,B0B8P9BKXB,,LDMG125E278,1,9.89,8.24,2026-06-24 21:31:11,amazon Ledsone,false
1190941,205-6404058-4352326,AMAZON,B0FW514SS5,,LSCYRO300BM+RPR44WH,1,19.89,19.89,2026-06-24 21:32:09,amazon Dcvoltage,false
1190943,205-4085379-0596360,AMAZON,B0CW5YSTMD,,ENC6343,1,23.09,19.24,2026-06-24 21:43:26,amazon Ledsone,false
1190948,205-9558941-6117944,AMAZON,B0DB2B9NYZ,,CRFF75GB2PK,1,9.77,9.57,2026-06-24 21:48:59,amazon Ledsone,false
1190950,203-0476362-3035510,AMAZON,B0BLP1JSRK,,LDMST64E2786PK,1,17.33,16.99,2026-06-24 22:02:57,amazon Ledsone,false
1190951,026-8981399-3341106,AMAZON,B07L8H73LT,,CL3TGDAPK,1,18.69,21.99,2026-06-24 21:59:20,amazon Dcvoltage,false
1190955,206-7117008-3573124,AMAZON,B0FVMCY494,,CERU36150YE,1,4.38,1.24,2026-06-24 22:22:14,amazon Ledsone,false
1190957,202-4111090-1272314,AMAZON,B0CV5DK5NC,,LDSG125LOE2742PK,1,17.89,14.91,2026-06-24 22:30:28,amazon Ledsone,false
1190958,206-0696574-0425166,AMAZON,B0DZ1Z3277,,RWWPSY0640YE2PK,1,10.98,9.15,2026-06-24 22:31:05,amazon Ledsone,false
1190964,203-8143553-5859535,AMAZON,B0CRZ5BVRY,,LSCY290OR+RPR44WH,1,15.89,15.89,2026-06-24 22:41:22,amazon Dcvoltage,false
1190969,206-8386047-5743540,AMAZON,B0CZXL6ZYG,,TPOSBDBM,1,24.99,20.82,2026-06-24 22:50:28,amazon Ledsone,false
1190970,202-6478190-5635532,AMAZON,B0FMRL3D3P,,CRSF100BM2PK+LHTTE27BM2PK,1,16.06,18.89,2026-06-24 23:04:54,amazon Dcvoltage,false
1190974,206-9623416-1291518,AMAZON,B0CHBDSKK4,,WCDTRO+RPR44WH,1,10.49,10.49,2026-06-24 23:39:03,amazon Dcvoltage,false
1190976,204-6124816-8903528,AMAZON,B0GQ48BNBZ,,LSGLSC115AR+RPM40WH,2,23.78,11.89,2026-06-24 23:43:19,amazon Dcvoltage,false
1190977,026-2776037-7478728,AMAZON,B0D7VGL2KR,,SPSDP2YBAPK,1,39.09,32.57,2026-06-18 19:58:59,amazon Ledsone,false
1190980,202-5801018-3725159,AMAZON,B0F9YJX982,,CRSF100HBM+WSWS1PHTBM+PSDS2BPB+WCDCBM,2,39.98,19.99,2026-06-24 23:50:55,amazon Dcvoltage,false
1190981,205-4500582-9938721,AMAZON,B0CPDPQ619,,WJB2APK,1,30.89,30.89,2026-06-25 00:39:46,amazon Dcvoltage,false
1190982,204-1465587-9354710,AMAZON,B0DH98XLXH,,CL3TBM3PK,1,13.49,9.99,2026-06-25 01:00:28,amazon Dcvoltage,false
1190985,205-0830619-8775523,AMAZON,B0DTPG9D8M,,WCB2BM4PK+RPR44WH4PK,2,52.98,22.08,2026-06-25 01:47:38,amazon Ledsone,false
1190987,202-8161547-9094759,AMAZON,B0GVT3RF7L,,WCBTC120FG2PK+RPR44WH2PK,1,20.89,17.41,2026-06-25 02:06:22,amazon Ledsone,false
1190988,205-8482767-7480329,AMAZON,B0CS6RW794,,FCBRBA6BLGPK,1,12.39,10.32,2026-06-25 02:11:09,amazon Ledsone,false
1190991,203-9477612-1880330,AMAZON,B0F29P1SH6,,CERU36150GR,1,4.58,1.41,2026-06-25 03:26:45,amazon Ledsone,false
1191038,204-3541375-9162751,AMAZON,B0DTHKKQV6,,WCB7BM3PK+RPR44WH3PK,1,22.09,22.09,2026-06-25 07:18:04,amazon Dcvoltage,false
1191039,026-2851055-7605954,AMAZON,B093DK8D1J,,CL2TAGAPK,1,19.34,17.91,2026-06-25 07:00:47,amazon Ledsone,false
1191040,204-8452910-9523507,AMAZON,B09HV7T2B5,,CRFF500BM+PHCN1PBRYB3PK+LSDM220YB3PK,1,33.79,28.16,2026-06-25 07:02:34,amazon Ledsone,false
1191045,205-1325136-6137157,AMAZON,B0CQNKKQTK,,PLTTBS+LSFT220BS,2,41.78,20.89,2026-06-25 07:19:33,amazon Dcvoltage,false
1191057,206-8589435-3628344,AMAZON,B09YVLX4MG,,LHCCE27WH4PK,1,17.89,17.89,2026-06-25 08:13:19,amazon Dcvoltage,false
1191058,202-9354918-5077159,AMAZON,B0D6KKSWN8,,LSCY290YE2PK+RPR44WH2PK,1,27.89,27.89,2026-06-25 08:14:38,amazon Dcvoltage,false
1191059,203-0723822-9241919,AMAZON,B0CR9ZJBC8,,CKB2827BR,1,34.89,34.89,2026-06-24 17:14:52,amazon Dcvoltage,false
1191062,205-0131387-1802758,AMAZON,B0FX2SP39V,,LSCYRO200WH2PK+RPR44WH2PK,1,24.89,24.89,2026-06-25 08:29:29,amazon Dcvoltage,false
1191063,026-2320672-9664309,AMAZON,B081DVH4LT,,PLHIRR,1,50.06,58.89,2026-06-25 08:39:12,amazon Dcvoltage,false
1191071,206-4990162-0642731,AMAZON,B0DLW1SH8M,,CL2TWHAPK,1,18.89,18.89,2026-06-25 08:53:55,amazon Dcvoltage,false
1191085,206-1563978-9196318,AMAZON,B0CNPZDQHZ,,LDMG95E278,1,7.19,7.19,2026-06-25 09:46:34,amazon Dcvoltage,false
1191088,202-7179871-7990717,AMAZON,B0H394ZWB5,,LSGL9015GY+RPM40WH,1,10.89,10.89,2026-06-25 09:41:12,amazon Dcvoltage,false
1191100,202-1533151-0742746,AMAZON,B0CZXHLR1Q,,TPOSBDBM2PK,1,37.86,37.12,2026-06-25 10:15:47,amazon Ledsone,false
1191101,026-5314484-6787501,AMAZON,B07S9S34B2,,CRSF2003YB,1,10.11,11.89,2026-06-25 10:17:43,amazon Dcvoltage,false
1191104,204-0305292-2763528,AMAZON,B0DH9H89G1,,CL3TGLAPK,1,20.99,20.99,2026-06-25 10:22:23,amazon Dcvoltage,false
1191105,026-7811019-2366706,AMAZON,B0GTHJQKPG,,LSGL14010CL+RPM40WH,1,11.89,11.89,2026-06-25 10:23:16,amazon Dcvoltage,false
1191118,202-9086966-6443524,AMAZON,B0D794K9Y2,,WCB7BM2PK+RPR44WH2PK,1,17.29,14.41,2026-06-25 10:38:36,amazon Ledsone,false
1191119,202-6561535-9239537,AMAZON,B0CB1Q1X9G,,LSCY290YE+RPR44WH,1,15.89,13.24,2026-06-25 10:42:43,amazon Ledsone,false
1191120,205-1844126-1418700,AMAZON,B0DH4KYFPD,,WCDTBM2PK+RPR44WH2PK,1,18.29,15.24,2026-06-25 10:44:26,amazon Ledsone,false
1191124,206-0926730-0464307,AMAZON,B0FKLRMJ44,,ENC8681,1,23.89,23.89,2026-06-25 10:54:46,amazon Dcvoltage,false
1191125,203-0905890-8292316,AMAZON,B0FX2TFPZM,,LSCYRO120WH2PK+RPR44WH2PK,1,22.89,22.89,2026-06-25 10:54:58,amazon Dcvoltage,false
1191132,203-5962355-5086733,AMAZON,B0F7B1PXV6,,CTBOP28XL+CTBOP27XL+CTBOP26XL,1,14.89,14.89,2026-06-25 11:18:59,amazon Dcvoltage,false
1191133,204-6976692-6361968,AMAZON,B0FKMDBX5K,,CRFF108WH2PK+LHTKE27WH2PK,1,18.29,15.24,2026-06-25 11:18:50,amazon Ledsone,false
1191136,202-5499004-7561966,AMAZON,B0G3Y36N4B,,PHBR1BMRBM,1,17.89,17.89,2026-06-25 11:25:18,amazon Dcvoltage,false
1191137,206-4932671-7085125,AMAZON,B0GNYRK2GT,,LHXSHE27BM5PK,3,77.73,23.99,2026-06-25 11:27:32,amazon Ledsone,false
1191142,206-2329727-6760312,AMAZON,B0DLW345B7,,CL2TBKAPK,5,85.00,18.89,2026-06-25 11:27:32,amazon Dcvoltage,false
1191146,026-9987816-7621930,AMAZON,B0CS3LSTMS,,WCB7BS+RPR44WH,1,10.89,10.89,2026-06-25 11:40:58,amazon Dcvoltage,false
1191147,026-2418389-0333142,AMAZON,B0DB2B9NYZ,,CRFF75GB2PK,1,11.49,9.57,2026-06-25 11:41:41,amazon Ledsone,false
1191148,026-7975157-3008310,AMAZON,B0C5HNQK23,,CRSF100BM+WSHR135BM+LSFT220GB,1,16.89,14.07,2026-06-25 11:45:23,amazon Ledsone,false
1191149,206-7894859-5197116,AMAZON,B0DVLPPMXL,,PHSHF1PBRYB+LSCY290BG+ICST64E27,1,22.49,18.74,2026-06-25 11:44:29,amazon Ledsone,false
1191157,203-2654593-1317168,AMAZON,B0G49CBSQ3,,WCCYSP180BM2PK+RPR44WH2PK,1,23.89,19.91,2026-06-25 11:57:02,amazon Ledsone,false
1191163,204-0953137-5340307,AMAZON,B083XMRTGF,,CL2THE,1,7.30,4.32,2026-06-25 12:11:45,amazon Ledsone,false
1191183,026-4518980-1189936,AMAZON,B0D97YV7TB,,WCWDBM2PK+RPR44WH2PK,1,15.29,12.74,2026-06-25 12:44:15,amazon Ledsone,false
1191188,026-0508946-9717901,AMAZON,B0GTQRBZLX,,LSGL12010AR5PK+RPM40WH5PK,1,40.99,40.99,2026-06-25 13:02:08,amazon Dcvoltage,false
1191192,026-0807163-8242720,AMAZON,B0F32XTV5C,,RWWPSN08GY,1,5.78,2.41,2026-06-25 13:11:20,amazon Ledsone,false
1191193,204-8504411-4786734,AMAZON,B0DB29BF1T,,CRFF75YB2PK,1,9.77,9.57,2026-06-25 13:15:15,amazon Ledsone,false
1191194,204-7910750-3991539,AMAZON,B09M42QJCS,,LDMG125E2785PK,1,20.31,23.89,2026-06-25 13:14:33,amazon Dcvoltage,false
1191205,205-9454880-8069137,AMAZON,B0847N9BDY,,CBSF100,2,9.89,3.24,2026-06-25 13:26:24,amazon Ledsone,false
1191207,206-1507006-4069141,AMAZON,B0BLP1JSRK,,LDMST64E2786PK,1,20.39,16.99,2026-06-25 13:45:30,amazon Ledsone,false
1191211,206-8947387-5137940,AMAZON,B0743GYD52,,CO332AORAPK,1,5.78,2.41,2026-06-25 13:53:23,amazon Ledsone,false
1191214,206-9701911-9940332,AMAZON,B0CPBXD3C5,,LSCY290WH+RPR44WH,1,15.89,15.89,2026-06-25 14:01:32,amazon Dcvoltage,false
1191217,202-2963978-7834705,AMAZON,B0BWNQQMYL,,ENC775,1,17.40,17.40,2026-06-24 12:29:59,amazon Ledsone,false
1191218,202-2963978-7834705,AMAZON,B0CHJ56DT6,,CRSF100BM+LHNSE27CO+SCRN70CO+LSFT220BL,1,17.41,17.41,2026-06-24 12:29:59,amazon Ledsone,false
1191219,202-2963978-7834705,AMAZON,B0BWNP3M5J,,ENC770,1,17.41,17.41,2026-06-24 12:29:59,amazon Ledsone,false
1191221,203-0404386-4371564,AMAZON,B0FX2XDLT5,,LSCYRO200BM2PK+RPR44WH2PK,1,26.89,26.89,2026-06-25 14:29:52,amazon Dcvoltage,false
1191227,204-0666407-8857909,AMAZON,B0CNT2ML5D,,PLADBC,1,47.89,47.89,2026-06-25 14:29:06,amazon Dcvoltage,false
1191242,203-8773939-7845127,AMAZON,B0CTCPBH5L,,CRSF100SN+CL3TGY+LHSHE27SN,1,12.49,10.41,2026-06-25 14:51:24,amazon Ledsone,false
1191251,203-9442959-1403564,AMAZON,B09D3YTMG9,,PLDMRR+LDMST64E274,1,25.89,25.89,2026-06-25 15:16:56,amazon Dcvoltage,false
1191254,203-9069123-1388367,AMAZON,B0GFDJH7PB,,SPUPBM2PK,1,7.56,4.57,2026-06-25 15:27:02,amazon Ledsone,false
1191256,202-3826811-2557101,AMAZON,B0D5BDGF22,,LSMS320OR2PK+RPR44WH2PK,1,27.09,27.09,2026-06-25 15:32:28,amazon Dcvoltage,false
1191259,202-3127531-8195502,AMAZON,B0FPQVSMFT,,LDCWT75B2212,1,8.79,7.32,2026-06-25 15:35:24,amazon Ledsone,false
1191260,205-2548615-9649946,AMAZON,B09JM3PLLH,,LDSG125LOE274,1,10.19,8.49,2026-06-25 15:38:59,amazon Ledsone,false
1191261,205-0767576-1187536,AMAZON,B086XBYS87,,LHC3E27WH,1,8.68,4.82,2026-06-25 15:50:09,amazon Ledsone,false
1191285,206-7830300-5814746,AMAZON,B0BZJ3DVJL,,ENC4578,2,39.78,19.89,2026-06-25 16:21:13,amazon Dcvoltage,false
1191286,206-2225318-3514710,AMAZON,B0CCJ2GVV9,,SPSDP2SN6PK,1,21.09,17.57,2026-06-25 16:23:57,amazon Ledsone,false
1191289,203-2412906-5611544,AMAZON,B08S728C3C,,CRSF2003YB+PHHN1PBRGD3PK+LSGG200AR3PK,1,42.99,42.99,2026-06-25 16:32:56,amazon Dcvoltage,false
1191293,203-8929219-2437915,AMAZON,B0CVMYZXG2,,RWWPSY08GY,1,4.78,1.57,2026-06-25 16:39:34,amazon Ledsone,false
1191294,202-8415791-0841963,AMAZON,B09BFLVGWW,,PLHIBC,2,91.04,42.15,2026-06-25 16:47:07,amazon Ledsone,false
1191295,026-6991732-4332342,AMAZON,B08V5DJWL9,,CRSF100BS+PHCH1PBRBS+LSCY290BS,1,18.61,21.89,2026-06-25 16:43:50,amazon Dcvoltage,false
1191302,202-2595586-4670719,AMAZON,B0C9DPGRGD,,SPSDP2BM,1,5.87,2.98,2026-06-25 16:54:33,amazon Dcvoltage,false
1191313,206-0921239-3459508,AMAZON,B0D295XS3F,,LSCY290CB2PK+RPR44WH2PK,1,27.89,23.24,2026-06-25 17:10:17,amazon Ledsone,false
1191321,202-4271623-1491558,AMAZON,B09L11514G,,12UK3P5A,1,12.89,10.74,2026-06-25 17:41:22,amazon Ledsone,false
1191322,026-6403432-9447567,AMAZON,B0BGPRXYVF,,12UK3P10A,1,18.29,15.24,2026-06-25 17:48:15,amazon Ledsone,false
1191330,206-1829154-0429103,AMAZON,B0D6NCB51Z,,COY9ABM2PK,1,12.19,12.19,2026-06-25 17:53:15,amazon Dcvoltage,false
1191331,026-1362929-8453137,AMAZON,B0FTG9DY12,,WCIR300BM+RPR44WH,1,16.89,16.89,2026-06-25 17:56:15,amazon Dcvoltage,false
1191332,206-8512196-0282751,AMAZON,B0GD58KK8R,,ENC4632,1,34.08,30.19,2026-06-25 17:56:52,amazon Dcvoltage,false
1191333,026-1364071-4059566,AMAZON,B0DMT5YWLR,,PCFT90TBM5PK,1,12.68,8.16,2026-06-25 17:48:36,amazon Ledsone,false
1191334,202-9777293-2929968,AMAZON,B0FW525RR7,,LSCYRO300GD+RPR44WH,1,19.89,19.89,2026-06-25 17:58:53,amazon Dcvoltage,false
1191336,026-6349457-2444368,AMAZON,B0FMRL88RP,,CRSF100WH2PK+LHTTE27WH2PK,1,18.89,18.89,2026-06-25 18:13:36,amazon Dcvoltage,false
1191342,203-6652556-1295531,AMAZON,B0FW4NQ5X6,,LSCYRO300WH+RPR44WH,2,33.78,14.07,2026-06-25 18:19:48,amazon Ledsone,false
1191347,026-5871922-9476307,AMAZON,B0DFHM3D4X,,LSCY290CO+RPR44WH,1,18.89,18.89,2026-06-25 18:29:15,amazon Dcvoltage,false
1191349,206-0062382-0282710,AMAZON,B0FPWVFF9W,,LDCWA60HE27126PK,3,20.22,6.24,2026-06-25 18:36:47,amazon Ledsone,false
1191353,204-0207085-5921103,AMAZON,B0DP2CQ86C,,PHUH1HETBM2PK+LSHM400HE2PK,1,59.49,58.32,2026-06-25 18:43:41,amazon Ledsone,false
1191356,204-1055184-6406749,AMAZON,B0B2K8W6F9,,LHC5E27WH3PK,1,5.69,4.74,2026-06-25 18:53:38,amazon Ledsone,false
1191357,026-0565007-6657903,AMAZON,B0H1MS8KF4,,LDCWA60HE2776PK,1,9.08,5.16,2026-06-25 18:58:18,amazon Ledsone,false
1191375,026-7153321-5014737,AMAZON,B0743GYD52,,CO332AORAPK,1,5.78,2.41,2026-06-25 19:20:24,amazon Ledsone,false
1191381,204-8750188-6288319,AMAZON,B08BJ84P75,,12IP6715,1,9.34,6.45,2026-06-25 19:31:12,amazon SRM Amazon,false
1191382,206-6263608-2682739,AMAZON,B0F637JS56,,CGSRCO3PK,1,4.14,1.85,2026-06-25 19:31:49,amazon SRM Amazon,false
1191383,205-0908827-0434734,AMAZON,B0F2DLJ3TC,,LSFS230BM,1,23.49,19.57,2026-06-25 19:44:26,amazon Ledsone,false
1191385,205-6285527-7698714,AMAZON,B0GP73VLM8,,LHPVHRE27WH,1,7.78,4.07,2026-06-25 19:56:16,amazon Ledsone,false
1191392,026-7266293-9669120,AMAZON,B0CDWVF7VV,,PSHYOS4WRWH,1,14.29,11.91,2026-06-25 20:02:38,amazon Ledsone,false
1191393,203-1774439-9857123,AMAZON,B0CVH4CM39,,RWWPSY0660YE,2,8.87,2.99,2026-06-25 20:05:20,amazon Dcvoltage,false
1191394,206-8767464-5849951,AMAZON,B0FX2SHBL5,,LSCYRO120BM2PK+RPR44WH2PK,1,21.89,21.89,2026-06-25 20:08:09,amazon Dcvoltage,false
1191397,203-5865630-7540305,AMAZON,B0DTHKSHFY,,WCB7BS3PK+RPR44WH3PK,2,42.28,23.49,2026-06-25 20:13:04,amazon Dcvoltage,false
1191398,203-4615988-9299548,AMAZON,B0F43LY81D,,CENU19150BM,1,4.43,1.09,2026-06-25 20:15:10,amazon Dcvoltage,false
1191399,026-6144862-0795512,AMAZON,B0D59MHSXN,,WCB3WH2PK+RPR44WH2PK,1,16.09,16.09,2026-06-25 20:17:45,amazon Dcvoltage,false
1191405,206-2239087-7355501,AMAZON,B0DBZPLK3L,,CL3RYE5PK,1,11.99,11.99,2026-06-25 20:22:47,amazon SRM Amazon,false
1191413,206-6800271-0206729,AMAZON,B0946YF51K,,CRSF100BM+PHMU1PBRGS+LSDO210BG+ICST64E27,1,23.69,19.74,2026-06-25 20:51:06,amazon Ledsone,false
1191416,203-9616114-3474731,AMAZON,B0F1TRVLJC,,CENU19150WH,1,1.09,1.09,2026-06-25 20:52:04,amazon Dcvoltage,false
1191417,203-9616114-3474731,AMAZON,B0F1TQKPPT,,CENU25200WH,1,1.49,1.49,2026-06-25 20:52:04,amazon Dcvoltage,false
1191418,202-7776522-7531530,AMAZON,B0DNQR3B1P,,PCBM20DSAPK,1,10.69,8.91,2026-06-25 21:00:16,amazon Ledsone,false
1191419,203-2817525-8803539,AMAZON,B08NTKB1DM,,CRFF500BM+PHCH1BMRBM3PK+LSCY210BG3PK,1,38.79,32.32,2026-06-25 21:07:47,amazon Ledsone,false
1191421,203-2460278-7797135,AMAZON,B0FTG9DY12,,WCIR300BM+RPR44WH,1,16.89,16.89,2026-06-25 21:01:18,amazon Dcvoltage,false
1191424,203-7723497-4272313,AMAZON,B08YFJ5WY4,,CRSF2003YB+PHSH1PBRYB3PK+LSCY210BG3PK,1,39.89,39.89,2026-06-25 21:08:03,amazon Dcvoltage,false
1191426,203-6642591-6284337,AMAZON,B08YFK9PL9,,CRSF2003YB+PHCH1PBRBC3PK+LSCY210BC3PK,1,56.86,66.89,2026-06-25 21:11:37,amazon Dcvoltage,false
1191427,202-3820905-0665146,AMAZON,B08P1SB13V,,CRFF500BM+PHHT1PBRBM3PK+WCDCBM3PK,1,33.89,33.89,2026-06-25 21:12:02,amazon Dcvoltage,false
1191438,202-3823510-6843547,AMAZON,B094DC2GNJ,,CRFF500BM+PHMU1PBRCO3PK+LSDM220CO3PK,1,37.89,31.57,2026-06-25 21:04:00,amazon Ledsone,false
1191439,026-6928435-3589929,AMAZON,B0DH4KYFPD,,WCDTBM2PK+RPR44WH2PK,1,18.29,15.24,2026-06-25 21:32:56,amazon Ledsone,false
1191447,204-4898492-5489100,AMAZON,B0FVMDMLND,,CERU36150RE,1,4.38,1.24,2026-06-25 21:45:29,amazon Ledsone,false
1191448,026-8507470-2463549,AMAZON,B084RP9PZ7,,WCB4BS+RPR44WH,2,24.78,8.24,2026-06-25 21:31:05,amazon Ledsone,false
1191450,202-6264729-4361112,AMAZON,B0FPWZ7H6Z,,LDCWA95B22226PK,2,23.78,9.91,2026-06-25 21:52:18,amazon Ledsone,false
1191451,026-1479588-1662710,AMAZON,B0D961B99S,,CO532AGYAPK,1,3.07,3.07,2026-06-25 21:59:04,amazon Ledsone,false
1191452,026-1479588-1662710,AMAZON,B0743GYD52,,CO332AORAPK,1,2.41,2.41,2026-06-25 21:59:04,amazon Ledsone,false
1191460,026-4466324-6681104,AMAZON,B0CQNKTW88,,PLTFRR,1,21.89,21.89,2026-06-25 22:06:10,amazon Dcvoltage,false
1191466,206-6303871-2846758,AMAZON,B094VJWCF5,,PLADBC,1,50.89,42.41,2026-06-25 22:22:33,amazon Ledsone,false
1191468,202-6345333-3363500,AMAZON,B0D28V95FG,,LSCY290BL2PK+RPR44WH2PK,1,27.49,22.91,2026-06-25 22:35:03,amazon Ledsone,false
1191470,202-9007589-7869116,AMAZON,B0GWCZ6Y61,,CRFF500BM+PHHT1PBRBM3PK+WCCYSP180BM3PK,1,39.89,39.89,2026-06-25 22:41:56,amazon Dcvoltage,false
1191473,203-5062944-1875544,AMAZON,B0DQD9LY98,,PHSF1AGTGB3PK,1,30.29,25.24,2026-06-25 22:52:05,amazon Ledsone,false
1191477,206-9802447-0576355,AMAZON,B08P1SB13V,,CRFF500BM+PHHT1PBRBM3PK+WCDCBM3PK,1,33.89,33.89,2026-06-25 22:58:27,amazon Dcvoltage,false
1191478,206-6989632-6174743,AMAZON,B0CGDZ76D8,,CRSF100WH+PHRN1PCRBT,1,11.97,9.97,2026-06-25 22:54:27,amazon Ledsone,false
1191479,202-7073693-7345137,AMAZON,B0D8Y4FV1Z,,LSRP260GB+RPR44WH,1,18.99,15.82,2026-06-25 23:07:24,amazon Ledsone,false
1191482,026-0829539-7792335,AMAZON,B0BZ4YPVXF,,ENC8881,2,38.65,20.89,2026-06-25 23:20:45,amazon Dcvoltage,false
1191485,202-8154287-5138749,AMAZON,B0DTYKRKM2,,LSCY290RO2PK+RPR44WH2PK,1,29.89,24.91,2026-06-25 23:31:24,amazon Ledsone,false
1191486,204-1374982-5679522,AMAZON,B09JVSRK4Y,,LDSG95DIE274APK,2,70.00,38.89,2026-06-25 23:43:33,amazon Dcvoltage,false
1191487,206-3422513-2885906,AMAZON,B0DMSBS6JK,,CCBKNWE25,1,10.11,8.50,2026-06-25 23:44:32,amazon Dcvoltage,false
1191494,026-1464343-3369104,AMAZON,B0C4Q93WBW,,CRSF2003SN+PHMU1PBRSN3PK+LSDM220SN3PK,1,53.89,44.91,2026-06-26 00:24:48,amazon Ledsone,false
1191495,202-6884270-1893120,AMAZON,B0FCRL3TXM,,LSFSCO220BM,1,16.06,18.89,2026-06-26 00:23:36,amazon Dcvoltage,false
1191496,026-0303691-1689154,AMAZON,B0CNXSDF2B,,CRSF100SN+LHNSE27SN+LSDM220SN,1,24.69,24.69,2026-06-26 00:24:48,amazon Dcvoltage,false
1191499,205-9944221-9808365,AMAZON,B0FKMB9NWG,,CRFF108BM2PK+LHTTE27BM2PK,1,18.29,15.24,2026-06-26 01:39:18,amazon Ledsone,false
1191500,202-4089660-8921141,AMAZON,B0DH4KYFPD,,WCDTBM2PK+RPR44WH2PK,1,18.29,15.24,2026-06-26 01:45:23,amazon Ledsone,false
1191503,205-9444151-1465152,AMAZON,B0CW1TB57F,,RWWPSY0660YE,1,5.78,2.41,2026-06-26 02:23:44,amazon Ledsone,false
1191531,206-3947362-0598761,AMAZON,B0C7H2N8J4,,LSFT220NB+RPR44WH,1,10.89,10.89,2026-06-26 06:58:34,amazon Dcvoltage,false
1191532,205-5260857-3991534,AMAZON,B0D4Y4SPFR,,CRFF140BM+WSWH135BM+LSDO210BC,1,16.69,16.69,2026-06-26 07:05:11,amazon Dcvoltage,false
1191533,203-8573413-7761118,AMAZON,B0DHVLPH2M,,LHSHE27CO,2,17.09,7.89,2026-06-26 07:03:41,amazon Dcvoltage,false
1191535,203-4819314-4028368,AMAZON,B0F29P1SH6,,CERU36150GR,1,4.58,1.41,2026-06-26 07:02:52,amazon Ledsone,false
1191536,203-9064565-8388356,AMAZON,B0B8J7B3XN,,CRSF1205CO,1,12.58,8.07,2026-06-26 07:03:41,amazon Ledsone,false
1191537,206-1713637-5772315,AMAZON,B0D7ZTRLBH,,LSCY290BM2PK+RPR44WH2PK,3,80.35,22.32,2026-06-26 07:10:28,amazon Ledsone,false
1191547,204-9277971-9804324,AMAZON,B0D7VFSCQD,,SPSDP2WHAPK,1,39.09,32.57,2026-06-26 08:08:10,amazon Ledsone,false
1191549,203-7192823-8614742,AMAZON,B0D5QRDBL7,,WCWDCH+RPR44WH,1,10.89,10.89,2026-06-26 08:11:03,amazon SRM Amazon,false
1191550,204-3855495-5281932,AMAZON,B0CMCRLX7D,,CRSF100WH+PHCH1PCTSYE+ICST64E27,1,12.06,11.82,2026-06-24 12:45:04,amazon Ledsone,false
1191554,205-2789884-7904349,AMAZON,B0CQNKTW88,,PLTFRR,1,21.89,21.89,2026-06-26 08:25:19,amazon Dcvoltage,false
1191568,203-2764184-8633952,AMAZON,B0BX6R9MGD,,PHSF1PWR40WH+LSBS160WH,1,22.89,22.89,2026-06-26 08:41:30,amazon Dcvoltage,false
1191569,026-4938808-4775529,AMAZON,B0DMNWWPS6,,LHCCE27GR+CGMLGR,8,53.52,6.69,2026-06-26 08:43:28,amazon Dcvoltage,false
1191576,202-4618479-0275555,AMAZON,B0FY5TWHGH,,LDSG1007E27,1,11.04,10.82,2026-06-26 08:55:12,amazon Ledsone,false
1191580,204-0058216-7200318,AMAZON,B07ZQ38MKQ,,HRE2738BM2PK,1,6.78,3.24,2026-06-26 09:13:02,amazon Ledsone,false
1191583,203-4154318-9552304,AMAZON,B0C9DPGRGD,,SPSDP2BM,1,5.87,2.98,2026-06-26 09:26:18,amazon Dcvoltage,false
1191589,206-5193785-1406718,AMAZON,B0D4YRGJDR,,LDMG95B2283PK,1,15.09,15.09,2026-06-26 09:30:30,amazon Dcvoltage,false
1191591,204-0583394-0680343,AMAZON,B08RYTP5WV,,HRE2738WH2PK,1,3.80,0.91,2026-06-26 09:37:03,amazon SRM Amazon,false
1191592,203-0341430-6753143,AMAZON,B0F6T8TMYL,,PHUH2HETBM+LSHM400HE,1,37.31,36.57,2026-06-26 09:26:18,amazon Ledsone,false
1191593,203-9415895-8046718,AMAZON,B0C43N2F3D,,WCDTWH+RPR44WH,1,10.25,8.54,2026-06-26 09:37:50,amazon Ledsone,false
1191604,203-7193042-1368325,AMAZON,B0C2KRQDF8,,LSCP150WH+RPR44WH,2,23.78,9.91,2026-06-26 09:52:49,amazon Ledsone,false
1191607,204-7727732-9886758,AMAZON,B08XNPSWMN,,CRSF100BC+LHNSE27YB+SCRN70BC+LSWD360BC,2,53.80,29.89,2026-06-26 10:06:41,amazon Dcvoltage,false
1191611,203-3771174-4629952,AMAZON,B0CGV3FQ7C,,PHHR3DSTHE+LDSG125LOE2742PK,1,26.48,22.07,2026-06-26 10:16:01,amazon Ledsone,false
1191613,204-7791734-9518755,AMAZON,B0BBGPD397,,CL2RBM5PK,1,14.89,14.89,2026-06-26 10:03:51,amazon SRM Amazon,false
1191616,202-5836225-9110717,AMAZON,B0D5B63S7G,,WCDTBM2PK+RPR44WH2PK,1,18.49,18.49,2026-06-26 10:24:40,amazon Dcvoltage,false
1191617,205-9283508-5662753,AMAZON,B0BWJVXGT6,,LSCY210BC+RPR44WH,1,10.89,10.89,2026-06-26 10:25:49,amazon Dcvoltage,false
1191618,026-1717896-7154760,AMAZON,B0CN4NF89Q,,PLPYBS,2,32.20,17.89,2026-06-26 10:27:13,amazon Dcvoltage,false
1191619,202-1754534-7521122,AMAZON,B0DTPB2YC2,,WCB2BM3PK+RPR44WH3PK,1,21.89,18.24,2026-06-26 10:24:19,amazon Ledsone,false
1191631,203-6418428-5498749,AMAZON,B0C7GLQRH8,,ENC5168,1,23.37,27.49,2026-06-26 10:48:10,amazon Dcvoltage,false
1191659,204-4086458-7080336,AMAZON,B0DCFXBYJG,,LDSG95DIE2745PK,1,26.89,22.41,2026-06-26 11:25:33,amazon Ledsone,false
1191687,202-7019006-3289153,AMAZON,B0CBBYF5QX,,LSMS320CB+RPR44WH,1,14.99,14.99,2026-06-26 11:54:48,amazon Dcvoltage,false
1191688,026-8729352-7113917,AMAZON,B0DH6B49KD,,CL2TGL5PK,1,8.58,10.09,2026-06-26 11:50:45,amazon Dcvoltage,false
1191689,202-0326279-0556311,AMAZON,B0CNLXSSN4,,WCB2WH+RPR44WH,1,10.29,10.29,2026-06-26 11:57:29,amazon Dcvoltage,false
1191690,206-5644001-4435561,AMAZON,B0DGG3J99P,,RPM40BM4PK,1,7.98,5.09,2026-06-26 11:59:25,amazon Dcvoltage,false
1191695,203-9106064-1394703,AMAZON,B0B9Y5MRSK,,CL3TGD5PK,1,13.79,11.49,2026-06-26 12:01:43,amazon Ledsone,false
1191696,205-9150962-6994721,AMAZON,B0DFGJV866,,WCDTWH5PK+RPR44WH5PK,1,41.89,41.89,2026-06-26 12:05:49,amazon Dcvoltage,false
1191706,026-8352887-1917104,AMAZON,B0GP73VLM8,,LHPVHRE27WH,1,7.29,4.07,2026-06-26 12:29:54,amazon Ledsone,false
1191707,203-6605012-6787526,AMAZON,B096Y9F455,,PHDH1HETHE,1,15.79,13.16,2026-06-26 12:32:41,amazon Ledsone,false
1191708,026-9326745-3498711,AMAZON,B0CCHYSJWC,,SPSDP2YB,2,13.85,4.91,2026-06-26 12:38:12,amazon Ledsone,false
1191712,203-8583714-1393948,AMAZON,B0D5B5D134,,WCDTWH2PK+RPR44WH2PK,1,18.19,18.19,2026-06-26 12:50:19,amazon Dcvoltage,false
1191713,026-8401679-5230703,AMAZON,B0C9TWTCZ8,,LSCY210BG+RPR44WH,1,12.49,12.49,2026-06-26 12:55:17,amazon Dcvoltage,false
1191714,205-3204646-5416309,AMAZON,B0DB2B9NYZ,,CRFF75GB2PK,1,11.49,9.57,2026-06-26 12:54:04,amazon Ledsone,false
1191730,203-0905677-5438758,AMAZON,B0D83PFMTP,,WCDCBM3PK+RPR44WH3PK,1,24.29,24.29,2026-06-26 13:36:56,amazon Dcvoltage,false
1191732,026-1231935-7029147,AMAZON,B0C9TY8GWK,,LSCY210BC+RPR44WH,1,10.89,10.89,2026-06-26 13:42:17,amazon Dcvoltage,false
1191733,026-7766470-3013146,AMAZON,B08FBZV2GQ,,CRSF100BM+PHRB1PBRPB+PHGP1PBRBM,2,44.78,24.88,2026-06-26 13:43:20,amazon Dcvoltage,false
1191734,026-3046998-0865904,AMAZON,B0CCJ5NB8Z,,SPSDP3BM6PK,1,12.83,12.57,2026-06-26 13:49:17,amazon Ledsone,false
1191735,202-0576730-6955534,AMAZON,B0D7BZ726S,,LDSG125E274,1,14.99,12.49,2026-06-26 14:20:38,amazon Ledsone,false
1191736,026-9171023-3013938,AMAZON,B0CZXL6ZYG,,TPOSBDBM,1,24.99,20.82,2026-06-26 14:04:00,amazon Ledsone,false
1191742,026-5323033-7797115,AMAZON,B0FW514SS5,,LSCYRO300BM+RPR44WH,1,19.89,19.89,2026-06-26 13:59:34,amazon Dcvoltage,false
1191750,026-8392950-6003543,AMAZON,B0CFVCM4Z5,,PSOS4BMTHE+ICST64E27,1,18.59,15.49,2026-06-26 14:22:35,amazon Ledsone,false
1191751,203-4644716-8819532,AMAZON,B0CGRNLLPR,,CRSF100BM+PHRYWP1RBM,3,30.21,9.32,2026-06-26 14:23:30,amazon Ledsone,false
1191753,026-8978410-7666765,AMAZON,B0DTPB2YC2,,WCB2BM3PK+RPR44WH3PK,1,21.89,18.24,2026-06-26 14:24:13,amazon Ledsone,false
1191754,204-5126629-7529135,AMAZON,B0CLZYFPLL,,CRSF100GB+PHCHPBRGB+LSCY290GB,2,49.78,20.74,2026-06-26 14:24:50,amazon Ledsone,false
1191755,203-4340046-7732318,AMAZON,B0CVL3TRRS,,LSEL400GY2PK+RPR44WH2PK,2,61.78,30.89,2026-06-26 14:20:11,amazon Dcvoltage,false
1191756,206-3476076-6665938,AMAZON,B08XBXG4DR,,CRSF100WH+LHTTE27WH,1,10.89,10.89,2026-06-26 14:28:15,amazon Dcvoltage,false
1191769,202-3966931-2953140,AMAZON,B0FY2HP9LJ,,PHUH0.5HETBM,1,10.99,9.16,2026-06-26 14:42:38,amazon Ledsone,false
1191770,205-9866137-8045906,AMAZON,B0FVM8LHNX,,CERU36150BL,1,4.58,1.41,2026-06-26 14:46:25,amazon Ledsone,false
1191775,203-6778686-8053101,AMAZON,B0F2915RW5,,LSCY290CY+RPR44WH,2,31.78,13.24,2026-06-26 14:59:42,amazon Ledsone,false
1191784,202-2339833-5961120,AMAZON,B0DH8Z6FM1,,CL3TBKAPK,2,37.78,20.99,2026-06-26 15:28:06,amazon Dcvoltage,false
1191785,205-1068236-3439553,AMAZON,B0FY2HP9LJ,,PHUH0.5HETBM,2,19.78,9.16,2026-06-26 15:23:10,amazon Ledsone,false
1191786,203-7510836-5390703,AMAZON,B0GP139NG9,,LHXWPE27PPWH2PK,1,12.68,8.16,2026-06-26 15:21:43,amazon Ledsone,false
1191787,202-6195322-6174709,AMAZON,B0D6RC9VMP,,LDCWE27252PK,1,12.79,10.66,2026-06-26 15:25:47,amazon Ledsone,false
1191800,202-9142899-2945903,AMAZON,B07MBLMGLL,,CCBKNWE12,1,9.28,6.39,2026-06-26 15:39:13,amazon Dcvoltage,false
1191803,203-9018428-6950760,AMAZON,B0DTZ26LDY,,LSHH240BG+RPR44WH,1,11.55,11.32,2026-06-26 15:42:31,amazon Ledsone,false
1191808,206-7429040-1333916,AMAZON,B0GTHJQKPG,,LSGL14010CL+RPM40WH,2,23.78,11.89,2026-06-26 16:00:08,amazon Dcvoltage,false
1191812,205-0318508-5905178,AMAZON,B07DK4TWLQ,,LDMG95E274,1,6.59,6.59,2026-06-26 16:15:53,amazon Dcvoltage,false
1191813,203-7937433-0994727,AMAZON,B0DCS6TVSZ,,WCWDCH2PK+RPR44WH2PK,1,16.89,14.07,2026-06-26 16:18:26,amazon Ledsone,false
1191817,205-7852191-1137901,AMAZON,B09MSJBH7S,,ENC2212,1,33.99,33.32,2026-06-26 16:18:02,amazon Ledsone,false
1191818,203-0512165-2359551,AMAZON,B0CVMYZXG2,,RWWPSY08GY,1,4.78,1.57,2026-06-26 16:23:26,amazon Ledsone,false
1191820,203-7906751-0547554,AMAZON,B0CPBXFL7C,,LSCY290YE+RPR44WH,1,15.89,15.89,2026-06-26 16:43:53,amazon Dcvoltage,false
1191821,205-0335292-4477907,AMAZON,B0863411M8,,PHSF1BMTYB,1,14.89,12.41,2026-06-26 16:44:16,amazon Ledsone,false
1191826,205-0561913-9097908,AMAZON,B0FX2SZFZM,,LSCYRO300BM2PK+RPR44WH2PK,1,32.09,32.09,2026-06-26 16:53:06,amazon Dcvoltage,false
1191830,026-1125311-2460361,AMAZON,B0DH9H7ZCM,,CL3TGL3PK,1,10.93,8.99,2026-06-26 17:04:05,amazon Dcvoltage,false
1191833,204-1195299-9930711,AMAZON,B0DH9FSQNN,,CL3TGY3PK,1,11.58,7.99,2026-06-26 17:10:50,amazon Dcvoltage,false
1191838,204-1604580-8876342,AMAZON,B0743GYD52,,CO332AORAPK,1,5.78,2.41,2026-06-26 17:24:15,amazon Ledsone,false
1191842,203-2978883-8949926,AMAZON,B0GSR7F4JR,,LHXBTF40E27BM,1,5.98,2.57,2026-06-26 17:27:06,amazon Ledsone,false
1191845,204-4473535-6176350,AMAZON,B0CVDZZ8NN,,TSTLRUSRB2PK,2,19.47,6.91,2026-06-26 17:30:27,amazon Ledsone,false
1191846,026-6164093-5582764,AMAZON,B0DB2B9NYZ,,CRFF75GB2PK,1,11.49,9.57,2026-06-26 17:37:10,amazon Ledsone,false
1191850,026-2784734-3273939,AMAZON,B09M42QJCS,,LDMG125E2785PK,1,20.31,23.89,2026-06-26 17:40:41,amazon Dcvoltage,false
1191852,205-1409787-0038738,AMAZON,B0BNXL1CM8,,CBSF125,1,8.18,5.29,2026-06-26 17:47:42,amazon Dcvoltage,false
1191857,204-9586265-6491551,AMAZON,B0FQVFP61X,,CRFF108BM+PHRI1PBRBA+LSCY290BI,1,17.76,20.89,2026-06-26 17:51:13,amazon Dcvoltage,false
1191861,026-2968448-3743520,AMAZON,B0F43LY81D,,CENU19150BM,1,4.43,1.09,2026-06-26 18:00:41,amazon Dcvoltage,false
1191862,203-8295677-6069905,AMAZON,B0DG29SP2H,,LDMA60E274WW2PK,1,10.08,6.66,2026-06-26 17:59:06,amazon Ledsone,false
1191868,205-3470029-2076304,AMAZON,B0CVN6F67B,,RWWPSY10GY,1,5.38,2.07,2026-06-26 18:14:38,amazon Ledsone,false
1191869,202-8282544-9270723,AMAZON,B0BLZFGY38,,LDMG95E274APK,6,150.61,23.24,2026-06-26 18:19:46,amazon Ledsone,false
1191871,026-9451344-4125955,AMAZON,B08XBXG4DR,,CRSF100WH+LHTTE27WH,1,10.89,10.89,2026-06-26 18:12:44,amazon Dcvoltage,false
1191872,205-1766860-3028359,AMAZON,B07L8HQG6Y,,CL3TGD5PK,1,14.99,14.99,2026-06-26 18:25:52,amazon Dcvoltage,false
1191873,202-4511138-2935569,AMAZON,B0CG3GTY9C,,WSOSBDBM,1,21.09,17.57,2026-06-26 18:26:24,amazon Ledsone,false
1191874,206-9125596-7987503,AMAZON,B0BLZFGY38,,LDMG95E274APK,1,23.71,23.24,2026-06-26 18:30:30,amazon Ledsone,false
1191875,204-1110206-6352318,AMAZON,B0BZ4YPVXF,,ENC8881,1,20.89,20.89,2026-06-26 18:32:43,amazon Dcvoltage,false
1191876,206-4408901-9040308,AMAZON,B0D2TFWFX7,,LSCY290BM3PK+RPR44WH3PK,1,40.89,40.89,2026-06-26 18:32:40,amazon Dcvoltage,false
1191877,202-1522681-8943551,AMAZON,B0CTC7XPNX,,CRSF100BM+LHNSE27YB+SCRN70BM+LSFT220BG,1,18.89,18.89,2026-06-26 18:38:15,amazon Dcvoltage,false
1191878,202-0826961-3321100,AMAZON,B0BBS14PQZ,,CL3TWHAPK,1,21.19,17.66,2026-06-26 18:45:52,amazon Ledsone,false
1191879,204-0128075-8281131,AMAZON,B07F9R3GVS,,LDMG95E278,1,6.96,8.19,2026-06-26 18:39:38,amazon Dcvoltage,false
1191880,205-6340185-5637929,AMAZON,B0FX2SZFZM,,LSCYRO300BM2PK+RPR44WH2PK,1,32.09,32.09,2026-06-26 18:43:39,amazon Dcvoltage,false
1191882,026-1781323-0900317,AMAZON,B0B4G6RX5J,,CNT900WH,1,7.68,3.99,2026-06-26 18:52:27,amazon Ledsone,false
1191884,205-3771821-9770726,AMAZON,B0CNPZ99QB,,LDMG80E274,2,12.98,6.49,2026-06-26 19:06:14,amazon Dcvoltage,false
1191885,202-7304299-4231509,AMAZON,B0845Z2MZ2,,LDMST64B228,1,7.19,5.99,2026-06-26 19:02:39,amazon Ledsone,false
1191886,204-3196668-8860353,AMAZON,B0GP771MFX,,LHPVHRE27WH2PK,1,9.88,5.82,2026-06-26 19:03:57,amazon Ledsone,false
1191888,206-4810981-1122706,AMAZON,B093T4C95B,,LSMS320CB+RPR44WH,2,27.98,11.66,2026-06-26 19:14:19,amazon Ledsone,false
1191893,205-3828653-8194734,AMAZON,B0FX2T3V9J,,LSCYRO200GD2PK+RPR44WH2PK,1,26.89,26.89,2026-06-26 19:20:40,amazon Dcvoltage,false
1191894,026-9222296-7068334,AMAZON,B0DVSTK6T8,,ENC8256,2,48.05,21.08,2026-06-26 19:47:08,amazon Ledsone,false
1191895,205-5090374-2854710,AMAZON,B093H8YG8Z,,LSMS320GY+RPR44WH,1,14.99,12.49,2026-06-26 19:20:40,amazon Ledsone,false
1191897,206-2057152-4565148,AMAZON,B0DLBFH747,,PCBM20DS5PK,1,8.78,4.91,2026-06-26 19:26:27,amazon Ledsone,false
1191900,202-2501041-6515537,AMAZON,B0DKNBKTGR,,LHCCE27WH,1,8.08,5.19,2026-06-26 19:34:02,amazon Dcvoltage,false
1191902,205-3011979-0439526,AMAZON,B08TX2PF6H,,LSMS320BT+RPR44WH,1,14.99,14.99,2026-06-26 19:45:20,amazon Dcvoltage,false
1191903,204-3438640-7273160,AMAZON,B09M42QJCS,,LDMG125E2785PK,1,23.89,23.89,2026-06-26 19:48:50,amazon Dcvoltage,false
1191904,206-9708875-5578760,AMAZON,B0DKP2PBDZ,,HLRK45BM,1,6.98,3.41,2026-06-26 19:45:20,amazon Ledsone,false
1191907,203-7112488-9397939,AMAZON,B0DNQR3B1P,,PCBM20DSAPK,3,32.07,8.91,2026-06-26 19:49:47,amazon Ledsone,false
1191910,205-6100448-4983540,AMAZON,B0F1N8R9NP,,CL3RGD5PK,1,15.79,8.99,2026-06-26 20:02:00,amazon Ledsone,false
1191911,203-8885039-8397153,AMAZON,B0DKFXCR8Q,,LHSQE27CO,2,11.68,4.86,2026-06-26 20:15:33,amazon Ledsone,false
1191916,202-7130778-5277144,AMAZON,B0CDWVF7VV,,PSHYOS4WRWH,1,14.29,11.91,2026-06-26 20:24:25,amazon Ledsone,false
1191918,205-2692289-7809109,AMAZON,B0D56ZXBW1,,WCB7BM2PK+RPR44WH2PK,1,18.49,18.49,2026-06-26 20:27:41,amazon Dcvoltage,false
1191920,205-8675056-3909961,AMAZON,B09WJD9ZR5,,CRFF140CO+WSNW170CO+LSOL220CO,2,39.78,16.58,2026-06-26 20:35:32,amazon Ledsone,false
1191921,026-4442430-3785109,AMAZON,B08XBQ6VPT,,PSDS4BMRBR,1,12.04,14.17,2026-06-26 20:33:28,amazon Dcvoltage,false
1191937,204-8741639-2702731,AMAZON,B0G57Z7PBB,,ENC641,1,27.96,27.41,2026-06-26 21:02:30,amazon Ledsone,false
1191942,203-8509695-0810710,AMAZON,B0CNQ1Q3BJ,,LDMG125E278,1,6.96,8.19,2026-06-26 21:20:08,amazon Dcvoltage,false
1191943,206-4691382-1533158,AMAZON,B0GR4LJ7Z7,,CRSF100RR+LHSHE27RR+SCRN70RR+LSOL180RR,1,18.29,15.24,2026-06-25 22:30:45,amazon Ledsone,false
1191949,205-3906029-0351512,AMAZON,B0C3GYCJXX,,LSDO210CB+RPR44WH,1,11.99,9.99,2026-06-26 21:32:53,amazon Ledsone,false
1191951,202-6805675-7063554,AMAZON,B083XHFBY1,,CL2RBM3PK,1,9.28,4.99,2026-06-26 21:35:36,amazon Ledsone,false
1191952,203-0461224-4687561,AMAZON,B0CZXL6ZYG,,TPOSBDBM,1,24.99,20.82,2026-06-26 21:36:38,amazon Ledsone,false
1191953,204-6709907-9854724,AMAZON,B0CNQ1Q3BJ,,LDMG125E278,1,6.96,8.19,2026-06-26 21:43:00,amazon Dcvoltage,false
1191957,203-9241220-2613134,AMAZON,B0D4YG1QFJ,,LDMG95E2783PK,1,10.97,12.19,2026-06-26 21:56:16,amazon Dcvoltage,false
1191960,205-0576938-5187501,AMAZON,B095PRHY6W,,LSBG136AR+SCRN70FG,1,16.89,16.89,2026-06-26 22:08:43,amazon Dcvoltage,false
1191961,206-1132612-9277951,AMAZON,B0BZ4WQ5FM,,ENC8893,1,23.89,23.89,2026-06-26 22:16:08,amazon Dcvoltage,false
1191965,205-3638951-5330735,AMAZON,B08V8KYY9H,,CRSF100BM+PHSH1PBRBM+LSMS320OR,1,18.89,18.89,2026-06-26 22:24:17,amazon Dcvoltage,false
1191967,202-5306677-8703565,AMAZON,B0DCDSZ719,,LDSG95DIE2743PK,1,19.70,18.24,2026-06-26 22:20:23,amazon Ledsone,false
1191970,203-5970654-1089915,AMAZON,B0DH4KLR3P,,LDMG95E2782PK,1,12.89,12.89,2026-06-26 22:35:39,amazon SRM Amazon,false
1191971,204-3358280-4791506,AMAZON,B0F43LY81D,,CENU19150BM,1,4.43,1.09,2026-06-26 22:28:50,amazon Dcvoltage,false
1191972,205-2924804-4269953,AMAZON,B0DWDY6DW1,,WSNWBM+LSHQ180BM+ICST64E27,1,23.89,23.89,2026-06-26 22:35:11,amazon Dcvoltage,false
1191981,206-5893407-7197153,AMAZON,B0DB2B8XXL,,CRFF75GB3PK,1,15.89,13.24,2026-06-26 23:21:41,amazon Ledsone,false
1191985,205-7713173-7124308,AMAZON,B0G1TD2P7P,,CKAP111BM,1,15.99,13.32,2026-06-26 23:37:47,amazon Ledsone,false
1191986,203-3537181-1557969,AMAZON,B0DX6TP9TZ,,CENU36300WH,1,5.78,2.07,2026-06-26 23:47:07,amazon Ledsone,false
1191987,203-8289858-7638753,AMAZON,B0D59Q2DL8,,WCB6BC2PK+RPR44WH2PK,1,16.29,16.29,2026-06-26 23:59:00,amazon Dcvoltage,false
1191988,204-6890716-3982768,AMAZON,B0C9TY8GWK,,LSCY210BC+RPR44WH,2,21.78,10.89,2026-06-26 21:47:48,amazon Dcvoltage,false
1191989,202-7725049-9164365,AMAZON,B0DTHKSHFY,,WCB7BS3PK+RPR44WH3PK,1,23.49,23.49,2026-06-27 00:27:34,amazon Dcvoltage,false
1191992,204-3840896-0083565,AMAZON,B0G1T9C4HB,,CKA17ATC4441BL,1,15.09,15.09,2026-06-27 02:29:33,amazon Dcvoltage,false
1192000,205-4961055-9617126,AMAZON,B0DB2B9NYZ,,CRFF75GB2PK,1,11.49,9.57,2026-06-27 06:32:46,amazon Ledsone,false
1192006,026-6287528-5722752,AMAZON,B0DH88CM2Z,,HLSC96BM,1,7.28,4.39,2026-06-27 07:25:40,amazon Dcvoltage,false
1192021,203-5258069-5172306,AMAZON,B08XBYP1C8,,CRFF108BM+LHTTE27BM,1,9.26,10.89,2026-06-27 08:04:02,amazon Dcvoltage,false
1192022,202-4171688-1855565,AMAZON,B08XBXG4DR,,CRSF100WH+LHTTE27WH,1,10.89,10.89,2026-06-27 08:07:54,amazon Dcvoltage,false
1192024,203-6024852-9474731,AMAZON,B095PRD65M,,CRSF100BM+WCSC1BM,1,18.89,15.74,2026-06-27 08:14:36,amazon Ledsone,false
1192028,205-4816272-2091524,AMAZON,B0DF25WKJB,,LHC5E27WH5PK,1,15.90,13.25,2026-06-27 08:20:36,amazon Ledsone,false
1192036,202-0353379-7485171,AMAZON,B0F9WXZKWX,,CL2THEAPK,1,17.84,17.49,2026-06-27 08:47:55,amazon Ledsone,false
1192037,204-7496014-6669917,AMAZON,B0DH5Z9D5K,,CL2TGY3PK,1,7.99,7.99,2026-06-27 08:41:27,amazon Dcvoltage,false
1192038,204-7496014-6669917,AMAZON,B0DH5XYHJJ,,CL2TCR3PK,1,7.99,7.99,2026-06-27 08:41:27,amazon Dcvoltage,false
1192039,204-7496014-6669917,AMAZON,B0DH5YF72M,,CL2TPU3PK,1,7.99,7.99,2026-06-27 08:41:27,amazon Dcvoltage,false
1192040,204-7496014-6669917,AMAZON,B0DH5XPZRS,,CL2TBT3PK,1,7.99,7.99,2026-06-27 08:41:27,amazon Dcvoltage,false
1192041,204-7496014-6669917,AMAZON,B0DH65LQ8H,,CL2TBU3PK,1,7.99,7.99,2026-06-27 08:41:27,amazon Dcvoltage,false
1192042,204-7496014-6669917,AMAZON,B0DH6CQ4B6,,CL2TGL3PK,1,8.99,8.99,2026-06-27 08:41:27,amazon Dcvoltage,false
1192043,204-7496014-6669917,AMAZON,B0DH5R8NWV,,CL2TBP3PK,1,7.99,7.99,2026-06-27 08:41:27,amazon Dcvoltage,false
1192049,205-1839883-8453127,AMAZON,B0G3Y36N4B,,PHBR1BMRBM,1,15.21,17.89,2026-06-27 08:56:01,amazon Dcvoltage,false
1192052,203-4120024-1999524,AMAZON,B0GDCN4LCW,,LDMT185E2736PK,1,17.19,14.32,2026-06-27 09:04:52,amazon Ledsone,false
1192057,204-9537057-2758700,AMAZON,B0FX2SZFZM,,LSCYRO300BM2PK+RPR44WH2PK,1,32.09,32.09,2026-06-27 09:15:32,amazon Dcvoltage,false
1192068,203-8379300-1190768,AMAZON,B07KS36V7Z,,CL2RBWAPK,1,19.89,19.89,2026-06-27 09:43:30,amazon Dcvoltage,false
1192069,206-1707627-4009111,AMAZON,B0BZ4YPVXF,,ENC8881,1,17.76,20.89,2026-06-27 09:44:33,amazon Dcvoltage,false
1192070,026-0628614-7500350,AMAZON,B0B8VVQSNV,,LDSG125LOE274,1,8.99,7.49,2026-06-27 09:45:57,amazon Ledsone,false
1192071,203-4749261-7991517,AMAZON,B07ZQ38MKQ,,HRE2738BM2PK,1,6.78,3.24,2026-06-27 09:51:50,amazon Ledsone,false
1192075,204-8049861-3978735,AMAZON,B0DMT5YWLR,,PCFT90TBM5PK,1,11.67,7.32,2026-06-27 09:54:02,amazon Ledsone,false
1192076,204-1537372-1421964,AMAZON,B0CNQ1Q3BJ,,LDMG125E278,1,8.19,8.19,2026-06-27 09:49:16,amazon Dcvoltage,false
1192077,204-6565031-0879541,AMAZON,B0D794MJPR,,LSTL260BC2PK+RPR44WH2PK,1,19.89,16.57,2026-06-27 10:02:29,amazon Ledsone,false
1192078,203-8166798-3322707,AMAZON,B0CG219VVH,,CRFF108WH+LHTKE27WH,1,10.99,10.99,2026-06-27 10:06:17,amazon Ledsone,false
1192079,205-5318058-3585925,AMAZON,B0D8L1HQXM,,RWWPSY0660YE,2,9.06,2.99,2026-06-27 10:03:28,amazon Dcvoltage,false
1192088,204-3483211-3688344,AMAZON,B0DX6NBT9P,,CENU19150WH,1,4.38,0.91,2026-06-27 10:27:15,amazon Ledsone,false
1192093,202-7557622-0527538,AMAZON,B0CVH4QJ7R,,RWWPSY0660YE2PK,1,7.88,4.99,2026-06-24 09:39:03,amazon Dcvoltage,false
1192094,205-5950977-9637948,AMAZON,B0FZCW7KC7,,LSHM300HE+RPR44WH,1,20.60,22.89,2026-06-27 10:40:06,amazon Dcvoltage,false
1192095,026-3171696-4345169,AMAZON,B0CN95WHCG,,LSMCP1ULMC+ICST64E27,1,37.22,43.79,2026-06-27 10:46:37,amazon Dcvoltage,false
1192097,205-6438181-8374721,AMAZON,B0DX6NBT9P,,CENU19150WH,1,4.38,0.91,2026-06-27 10:44:39,amazon Ledsone,false
1192099,206-7266739-6371501,AMAZON,B0979FVT5K,,CNP1000GB,1,3.74,3.74,2026-06-27 12:15:29,amazon Ledsone,false
1192112,026-4232421-1616314,AMAZON,B0B4GBTQRZ,,CNT900FG,1,7.68,3.99,2026-06-27 10:53:53,amazon Ledsone,false
1192113,202-8269513-8689165,AMAZON,B0B9Y5MRSK,,CL3TGD5PK,1,13.79,11.49,2026-06-27 10:57:32,amazon Ledsone,false
1192116,204-8656426-1967554,AMAZON,B07DW3ZY1P,,CCBC3,1,5.89,5.89,2026-06-27 11:04:04,amazon Dcvoltage,false
1192119,206-4975098-6200360,AMAZON,B0C37PWHDM,,CRFF105WH,1,9.60,6.57,2026-06-27 11:13:26,amazon Ledsone,false
1192120,204-0094582-3812350,AMAZON,B0DVLPPMXL,,PHSHF1PBRYB+LSCY290BG+ICST64E27,1,21.99,18.32,2026-06-27 11:17:56,amazon Ledsone,false
1192121,202-8934920-9953938,AMAZON,B0DX6TP9TZ,,CENU36300WH,1,2.07,2.07,2026-06-27 11:15:09,amazon Ledsone,false
1192122,202-8934920-9953938,AMAZON,B0DX6BP7GV,,CENU46450WH,1,3.25,3.25,2026-06-27 11:15:09,amazon Ledsone,false
1192123,206-3920012-6453941,AMAZON,B0D7MQC47C,,CRFF105BA2PK,1,11.57,11.57,2026-06-27 18:11:49,amazon Ledsone,false
1192128,204-9054157-2089904,AMAZON,B0B9Y5MRSK,,CL3TGD5PK,1,13.79,11.49,2026-06-27 11:24:22,amazon Ledsone,false
1192129,202-9364833-6544347,AMAZON,B0D56ZXBW1,,WCB7BM2PK+RPR44WH2PK,1,18.49,18.49,2026-06-27 11:23:43,amazon Dcvoltage,false
1192134,026-8033720-2029941,AMAZON,B0C7H3C8L8,,LSFT220BS+RPR44WH,1,10.79,10.79,2026-06-27 11:39:50,amazon Dcvoltage,false
1192136,202-3873423-4737159,AMAZON,B0FPWXQWQD,,LDCWA60HB2296PK,1,9.98,6.24,2026-06-27 11:44:41,amazon Ledsone,false
1192142,204-0521153-0323559,AMAZON,B0DYT8NSY9,,RWWPSY0660YE,1,5.78,2.41,2026-06-27 11:54:00,amazon Ledsone,false
1192143,206-0343146-1609113,AMAZON,B0DZF3XCVB,,CL2RCR2PK,1,7.13,4.16,2026-06-27 11:55:00,amazon Ledsone,false
1192144,205-7559721-2526764,AMAZON,B0DX748L7T,,CERU36150BL,1,4.68,1.49,2026-06-27 11:58:08,amazon Ledsone,false
1192150,206-7266739-6371501,AMAZON,B07BB324Q1,,CRFF108GB+HK10GB,1,5.41,5.41,2026-06-27 12:15:29,amazon Ledsone,false
1192155,026-8977529-3708368,AMAZON,B0CVB8N9HV,,RWWPSY10GY,1,5.38,2.49,2026-06-27 12:33:05,amazon Dcvoltage,false
1192159,205-8984034-6047514,AMAZON,B0CF8RVSCL,,LSMS320BT+RPR44WH,1,14.99,12.49,2026-06-27 12:41:05,amazon Ledsone,false
1192161,205-9204201-5747543,AMAZON,B0GS5FF1ZY,,WSWTBC,1,31.89,31.89,2026-06-27 12:31:39,amazon Dcvoltage,false
1192162,202-8591863-6780336,AMAZON,B0CQNL93QC,,PLTTBC+WCBNBC,1,22.89,22.89,2026-06-27 12:44:01,amazon Dcvoltage,false
1192165,205-0134173-9154733,AMAZON,B0GXB4FPPR,,WCBTC140FG2PK+RPR44WH2PK,1,22.89,19.07,2026-06-27 12:52:42,amazon Ledsone,false
1192166,026-2460289-4351541,AMAZON,B0917RQ9PM,,PLHCBC+LSDO210BC3PK,1,47.09,39.24,2026-06-27 12:56:18,amazon Ledsone,false
1192168,206-4389850-3891544,AMAZON,B082DDY7BX,,CRSF2003WH,1,16.49,11.49,2026-06-27 12:52:28,amazon Dcvoltage,false
1192176,203-8127082-9763554,AMAZON,B0GNYRK2GT,,LHXSHE27BM5PK,1,28.79,23.99,2026-06-27 13:08:20,amazon Ledsone,false
1192177,026-4052090-3275544,AMAZON,B0DX77J41F,,CERU48250WH,1,5.43,2.49,2026-06-27 13:13:41,amazon Ledsone,false
1192178,205-0266166-5433169,AMAZON,B0F94688R6,,CL3TBD3PK,1,7.99,6.66,2026-06-27 13:14:51,amazon Ledsone,false
1192184,204-2953567-8260345,AMAZON,B0FN7GZ1FJ,,CRSF100WH+LHNSE27WH,1,14.28,11.99,2026-06-27 13:20:42,amazon SRM Amazon,false
1192185,026-1920030-0529944,AMAZON,B0CVL8HRBS,,RWWPSY0660YE2PK,1,8.78,4.91,2026-06-27 13:27:57,amazon Ledsone,false
1192186,205-0149549-1717108,AMAZON,B0DFXZG874,,CRSF100BM+PLOTBS+LSFT220BS,1,24.99,24.99,2026-06-27 13:18:51,amazon Dcvoltage,false
1192187,203-5021212-3630750,AMAZON,B0CPBXFL7C,,LSCY290YE+RPR44WH,1,15.89,15.89,2026-06-27 13:20:37,amazon Dcvoltage,false
1192188,026-0296098-0150737,AMAZON,B0G499DJQL,,WCCYSP180WH2PK+RPR44WH2PK,1,20.31,23.89,2026-06-27 13:22:47,amazon Dcvoltage,false
1192189,204-2842334-8681929,AMAZON,B0CRZ5BVRY,,LSCY290OR+RPR44WH,1,15.89,15.89,2026-06-27 13:27:52,amazon Dcvoltage,false
1192191,203-6573272-6417147,AMAZON,B0C9X7W5BZ,,LSHH240RR+RPR44WH,2,29.78,14.89,2026-06-27 13:38:14,amazon Dcvoltage,false
1192197,026-1452976-9936335,AMAZON,B081DVH4LT,,PLHIRR,1,50.06,58.89,2026-06-27 13:47:22,amazon Dcvoltage,false
1192202,026-4809555-4653946,AMAZON,B0BPMQXMQR,,CRSF100WH,1,8.88,5.99,2026-06-27 13:54:07,amazon Dcvoltage,false
1192203,204-9597004-6066755,AMAZON,B07SSFPBJJ,,24IP67120,1,22.99,19.16,2026-06-27 13:52:55,amazon Ledsone,false
1192204,204-3299415-4265147,AMAZON,B09L8KS17V,,CRSF100BM+PHCH1BMRBM+LSDO400BI,3,62.90,18.07,2026-06-27 13:54:25,amazon Ledsone,false
1192212,206-7478265-6297105,AMAZON,B0GNZLCX15,,LHXSHE27BM3PK,1,13.89,11.57,2026-06-27 14:00:06,amazon Ledsone,false
1192213,205-9902634-0112318,AMAZON,B08XWSBPHW,,WCB1BM+RPR44WH,1,9.99,9.99,2026-06-27 14:06:24,amazon Dcvoltage,false
1192214,202-7118526-3238705,AMAZON,B08LH56P3M,,ENC100,1,47.39,39.49,2026-06-27 14:09:29,amazon Ledsone,false
1192218,203-1779299-5954763,AMAZON,B0CVL6V2V4,,RWT570YE,1,12.09,12.09,2026-06-27 14:21:08,amazon Dcvoltage,false
1192225,205-0548049-3228318,AMAZON,B0CG21CP4J,,CRFF108BM+LHTTE27BM,1,11.99,9.99,2026-06-27 14:39:35,amazon Ledsone,false
1192226,206-0618708-3210763,AMAZON,B0FPWXQWQD,,LDCWA60HB2296PK,1,9.98,6.24,2026-06-27 14:37:01,amazon Ledsone,false
1192233,202-9728027-6069968,AMAZON,B0D93SG7BH,,WCB6BS3PK+RPR44WH3PK,2,43.78,18.24,2026-06-27 14:56:25,amazon Ledsone,false
1192234,205-6936994-5375566,AMAZON,B08V5DJWL9,,CRSF100BS+PHCH1PBRBS+LSCY290BS,1,21.89,21.89,2026-06-27 14:50:47,amazon Dcvoltage,false
1192239,202-9833868-7131526,AMAZON,B0BL7LZR24,,LDMT45E2746PK,1,20.79,17.32,2026-06-27 14:59:54,amazon Ledsone,false
1192245,206-4072140-7333132,AMAZON,B0DH9CM4NZ,,CL3TLB5PK,1,11.99,11.99,2026-06-27 15:20:58,amazon Dcvoltage,false
1192246,206-8630899-7589108,AMAZON,B0CNQ1Q3BJ,,LDMG125E278,1,8.19,8.19,2026-06-27 15:22:48,amazon Dcvoltage,false
1192247,202-1195175-6154731,AMAZON,B0DX6TP9TZ,,CENU36300WH,1,5.78,2.07,2026-06-27 15:26:45,amazon Ledsone,false
1192248,202-1947181-7395511,AMAZON,B084RL7K8J,,WCB7BS+RPR44WH,1,10.49,8.74,2026-06-27 15:25:44,amazon Ledsone,false
1192251,203-8500270-1730767,AMAZON,B083XMRTGF,,CL2THE,1,4.33,4.33,2026-06-27 15:35:40,amazon Ledsone,false
1192252,203-8500270-1730767,AMAZON,B083XHSX6F,,CL2TGD3PK,1,4.24,4.24,2026-06-27 15:35:40,amazon Ledsone,false
1192253,203-8500270-1730767,AMAZON,B083XRYNMJ,,CL2TGY,1,4.24,4.24,2026-06-27 15:35:40,amazon Ledsone,false
1192255,204-3225531-9661908,AMAZON,B0DCK6VM9H,,STBFT50M48EWH2PK,1,6.88,3.99,2026-06-27 15:34:11,amazon Dcvoltage,false
1192258,026-3589087-4414741,AMAZON,B0D28S9Q4S,,LSCY290BG+RPR44WH,1,18.29,15.24,2026-06-27 15:42:42,amazon Ledsone,false
1192261,205-9716263-3508341,AMAZON,B0D28V95FG,,LSCY290BL2PK+RPR44WH2PK,1,27.49,22.91,2026-06-27 15:45:17,amazon Ledsone,false
1192270,206-0224278-2127545,AMAZON,B0CDLX5XG2,,WLRPE27BM2PK+LDA60E278WW2PK,1,35.66,35.66,2026-06-27 16:21:32,amazon Ledsone,false
1192271,206-0224278-2127545,AMAZON,B0CDLVQNNV,,WLRPE27BM3PK+LDA60E278WW3PK,2,102.48,51.24,2026-06-27 16:21:32,amazon Ledsone,false
1192272,206-7419246-1585120,AMAZON,B0GW7T9WPD,,CRSF1202WH,1,5.57,5.57,2026-06-27 16:28:09,amazon Ledsone,false
1192273,206-7419246-1585120,AMAZON,B0DCK1WP5M,,SPSDP3WH2PK,1,5.75,5.75,2026-06-27 16:28:09,amazon Ledsone,false
1192274,204-3191471-8321924,AMAZON,B0CNXJD9GN,,CL3TBM3PK,1,7.78,4.49,2026-06-27 16:19:47,amazon Dcvoltage,false
1192275,206-5064711-5169922,AMAZON,B0C9TWTCZ8,,LSCY210BG+RPR44WH,1,12.49,12.49,2026-06-27 16:16:28,amazon Dcvoltage,false
1192277,202-0390702-6633929,AMAZON,B0CP3FTNS9,,CRFF100CH+PHUP1PCRCH+CNT900CH+ICST64E27,1,21.79,21.79,2026-06-27 16:22:31,amazon Dcvoltage,false
1192278,202-3487681-0346700,AMAZON,B0CS9QXNXQ,,LSDO210BG3PK+RPR44WH3PK,1,29.89,29.89,2026-06-27 16:28:28,amazon Dcvoltage,false
1192284,203-4629374-6211535,AMAZON,B0DH9CMJ5Q,,CL3TLB2PK,1,9.28,5.99,2026-06-27 16:31:08,amazon Dcvoltage,false
1192285,202-3753376-2284318,AMAZON,B0D6YLRXL6,,CCGRNWH50,1,10.99,10.99,2026-06-27 16:34:00,amazon Dcvoltage,false
1192290,204-6930982-2778751,AMAZON,B0CL6WS7GS,,LDCCB22205PK,5,106.44,22.89,2026-06-27 16:42:34,amazon Dcvoltage,false
1192291,205-2391890-2485157,AMAZON,B0FW514SS5,,LSCYRO300BM+RPR44WH,1,19.89,19.89,2026-06-27 16:43:40,amazon Dcvoltage,false
1192294,204-5720594-5181962,AMAZON,B0CNG5GG2X,,TPHTTF2PBRBM,1,16.91,19.89,2026-06-27 16:59:40,amazon Dcvoltage,false
1192295,202-6156584-9212338,AMAZON,B0CNQ1Q3BJ,,LDMG125E278,1,8.19,8.19,2026-06-27 16:56:47,amazon Dcvoltage,false
1192299,205-4673399-1583526,AMAZON,B0CSFTLDYN,,STND182WH2PK,1,5.28,1.99,2026-06-27 17:04:46,amazon Ledsone,false
1192303,204-2514072-2989914,AMAZON,B0DH9FDGZY,,CL3TBRAPK,1,20.99,20.99,2026-06-27 17:10:20,amazon Dcvoltage,false
1192304,203-4517990-2093966,AMAZON,B0DH95573D,,CL3TYE3PK,1,11.28,7.99,2026-06-27 17:17:44,amazon Dcvoltage,false
1192305,202-7054412-1260306,AMAZON,B0DX6NBT9P,,CENU19150WH,2,1.82,0.91,2026-06-27 17:19:09,amazon Ledsone,false
1192306,202-7054412-1260306,AMAZON,B0DX6TP9TZ,,CENU36300WH,1,2.07,2.07,2026-06-27 17:19:09,amazon Ledsone,false
1192309,026-3184130-4662765,AMAZON,B0DPMRRK56,,12IP67102PK,1,10.28,7.39,2026-06-27 17:19:17,amazon SRM Amazon,false
1192310,204-9755592-7105117,AMAZON,B0B8VVQSNV,,LDSG125LOE274,1,8.99,7.49,2026-06-27 17:26:18,amazon Ledsone,false
1192312,202-6158993-7724320,AMAZON,B0BLP1JSRK,,LDMST64E2786PK,1,17.33,16.99,2026-06-27 17:33:38,amazon Ledsone,false
1192313,204-7506313-5423550,AMAZON,B0DX6WRK79,,CENU25200BM,1,4.38,1.24,2026-06-27 17:35:47,amazon Ledsone,false
1192314,204-5562532-8400304,AMAZON,B0DH64L6PN,,CL2TGD5PK,1,11.99,11.99,2026-06-27 17:33:28,amazon Dcvoltage,false
1192319,204-7928158-1074763,AMAZON,B093QJ6CSN,,PLTERR,1,17.89,14.91,2026-06-27 17:45:10,amazon Ledsone,false
1192320,203-2356983-7185156,AMAZON,B0B2K963ZK,,LHC4E27WH,1,9.38,5.41,2026-06-27 17:48:28,amazon Ledsone,false
1192323,204-4913956-3135544,AMAZON,B08XWSBPHW,,WCB1BM+RPR44WH,1,9.99,9.99,2026-06-27 17:43:18,amazon Dcvoltage,false
1192324,205-1261931-9375522,AMAZON,B0CJCFF5SY,,LSSS300BI2PK+RPR44WH2PK,1,23.99,23.99,2026-06-27 17:27:13,amazon Dcvoltage,false
1192331,204-4800894-5165909,AMAZON,B0CW3FD87K,,LDSG125MUE274,1,8.49,8.49,2026-06-27 17:53:48,amazon Dcvoltage,false
1192332,205-7456393-9289917,AMAZON,B0D9Q668K7,,LSGL15014CL2PK+RPM40WH2PK,1,18.89,18.89,2026-06-27 18:00:07,amazon Dcvoltage,false
1192337,202-5277449-6830765,AMAZON,B0CG9BRWL7,,WCWODVBM2PK+RPR44WH2PK,1,22.89,22.89,2026-06-27 18:06:08,amazon Dcvoltage,false
1192338,205-0044867-4733933,AMAZON,B0DG5HXCYR,,CRSF100OR+WSCH135OR+LSDO210OR,2,42.58,22.89,2026-06-27 18:06:53,amazon Dcvoltage,false
1192339,204-2153011-2585151,AMAZON,B0BY35XHVG,,SCRN70BM2PK,1,7.58,3.91,2026-06-27 18:08:10,amazon Ledsone,false
1192342,203-3605739-9580329,AMAZON,B0D8HZLL1S,,ENC3538,1,35.89,35.89,2026-06-27 18:08:37,amazon Dcvoltage,false
1192344,205-3871615-5401156,AMAZON,B0FX2SP39V,,LSCYRO200WH2PK+RPR44WH2PK,1,24.89,24.89,2026-06-27 18:10:44,amazon Dcvoltage,false
1192354,206-3920012-6453941,AMAZON,B0F944BWSZ,,CL3TBM3PK,1,7.91,7.91,2026-06-27 18:11:49,amazon Ledsone,false
1192355,205-0178021-6674733,AMAZON,B0H33KDSFY,,LPMC50CW9WAPK,1,30.99,25.82,2026-06-27 18:26:36,amazon Ledsone,false
1192358,205-8555949-0215540,AMAZON,B0DCZKCC5F,,CL2TGL5PK,1,12.49,10.41,2026-06-27 18:29:08,amazon Ledsone,false
1192359,204-0027822-5262728,AMAZON,B0CS3LSTMS,,WCB7BS+RPR44WH,1,10.89,10.89,2026-06-27 18:31:24,amazon Dcvoltage,false
1192362,203-3982914-7253125,AMAZON,B0BY38QXMB,,SCRN70SN2PK,1,7.58,3.91,2026-06-27 18:45:16,amazon Ledsone,false
1192363,202-2671561-7844361,AMAZON,B0DGGKGSZL,,IMWW FPK,1,27.53,27.53,2026-06-27 19:01:27,amazon Dcvoltage,false
1192365,205-1327252-4398717,AMAZON,B0C9TWTCZ8,,LSCY210BG+RPR44WH,1,12.49,12.49,2026-06-27 19:13:33,amazon Dcvoltage,false
1192368,203-6415313-2133131,AMAZON,B0CZXHLR1Q,,TPOSBDBM2PK,1,44.54,37.12,2026-06-27 19:23:56,amazon Ledsone,false
1192381,205-1458844-3794704,AMAZON,B08V8GXTQ1,,WCB6BM+RPR44WH,1,10.29,10.29,2026-06-27 19:50:29,amazon Dcvoltage,false
1192391,205-1144119-3631526,AMAZON,B0FB428PD7,,ENC3489,1,52.59,43.82,2026-06-27 20:01:46,amazon Ledsone,false
1192392,203-9887289-5929137,AMAZON,B09479HV6W,,LDMG95E2783PK,2,34.38,14.33,2026-06-27 20:06:11,amazon Ledsone,false
1192395,206-5530101-0361160,AMAZON,B0D4Y4SPFR,,CRFF140BM+WSWH135BM+LSDO210BC,10,166.90,16.69,2026-06-27 20:16:50,amazon Dcvoltage,false
1192400,203-7875058-6199511,AMAZON,B0FY3FMG2G,,WCIR300BM3PK+RPR44WH3PK,1,35.89,35.89,2026-06-27 20:27:45,amazon Dcvoltage,false
1192402,204-8312212-7818761,AMAZON,B0GP8C3TRW,,LHPVHRE27WH,1,7.58,4.69,2026-06-27 20:36:38,amazon Dcvoltage,false
1192403,206-4971815-5157105,AMAZON,B0C43L42DK,,WCDTRE+RPR44WH,1,15.49,8.74,2026-06-27 20:31:34,amazon Ledsone,false
1192410,205-8010312-2873902,AMAZON,B08NXLVH2C,,LSFT220GR+RPR44WH,1,10.79,10.79,2026-06-27 20:53:18,amazon SRM Amazon,false
1192412,203-4148791-7367550,AMAZON,B0DX6JMJ68,,ENC7543,1,37.79,31.49,2026-06-27 21:14:06,amazon Ledsone,false
1192414,202-5752087-3061153,AMAZON,B0GYPHHNKD,,BS6S8033ML,1,20.89,17.41,2026-06-27 21:15:15,amazon Ledsone,false
1192415,202-7976966-2823533,AMAZON,B0FVDV3WT3,,PLHSBM+WCBNBM,1,18.89,18.89,2026-06-27 21:11:23,amazon Dcvoltage,false
1192421,206-9605454-2697124,AMAZON,B0FNWFF268,,LSWD360BG+RPR44WH,1,19.69,16.41,2026-06-27 21:19:12,amazon Ledsone,false
1192422,202-2052231-8801167,AMAZON,B0DK8SM3RL,,LHPOE27FG,1,12.78,8.24,2026-06-27 21:27:06,amazon Ledsone,false
1192423,204-4556257-3285929,AMAZON,B0DQ8LK252,,CRSF100CO2PK+PHIH1PBRCO2PK+LSCY290CO2PK,1,49.78,49.78,2026-06-27 21:25:47,amazon SRM Amazon,false
1192427,202-8050904-8134750,AMAZON,B0D7BZ726S,,LDSG125E274,1,12.74,12.49,2026-06-27 21:32:42,amazon Ledsone,false
1192428,206-5853357-5223556,AMAZON,B0DX6NBT9P,,CENU19150WH,1,4.38,0.91,2026-06-27 21:31:03,amazon Ledsone,false
1192430,203-0512996-0001137,AMAZON,B0FX2QT3B1,,LSCYRO300GD2PK+RPR44WH2PK,1,32.09,32.09,2026-06-27 21:31:37,amazon Dcvoltage,false
1192432,202-0755570-3400341,AMAZON,B0GYPHHNKD,,BS6S8033ML,2,41.78,17.41,2026-06-27 21:44:15,amazon Ledsone,false
1192435,203-3155230-1760306,AMAZON,B0DT9VX5G4,,LDMST64B2246PK,1,17.89,17.89,2026-06-27 21:57:24,amazon Dcvoltage,false
1192436,026-7378501-7685106,AMAZON,B0FY5NVS4S,,LDSG1007E272PK,1,17.84,17.49,2026-06-27 22:17:23,amazon Ledsone,false
1192438,203-0339498-9612303,AMAZON,B0GQY7SJ6Y,,WSIWCRBC,3,107.67,29.91,2026-06-27 22:22:29,amazon Ledsone,false
1192440,026-2541473-7721142,AMAZON,B0GL8P6NQ3,,LDMT185E2742PK,1,11.04,10.82,2026-06-27 22:30:14,amazon Ledsone,false
1192447,026-0859402-0243509,AMAZON,B0CMCP8X1X,,CRFF500CH+WCCY1ROCH3PK,1,47.69,44.16,2026-06-27 22:47:25,amazon Ledsone,false
1192448,204-4399787-2175525,AMAZON,B0FNQZKZRN,,BSFCDRWHPI,1,21.99,18.32,2026-06-27 22:49:48,amazon Ledsone,false
1192452,206-9700453-9539562,AMAZON,B0CKXLG37S,,WCWDBM+RPR44WH,1,10.29,8.57,2026-06-27 23:03:46,amazon Ledsone,false
1192453,203-3193774-4749905,AMAZON,B0FPWYRDQT,,LDCWA55B2256PK,1,8.60,5.99,2026-06-27 23:06:46,amazon Ledsone,false
1192456,204-3037722-0049948,AMAZON,B0DCJWRRPD,,SPSDP3BM2PK,1,8.07,5.07,2026-06-27 23:11:20,amazon Ledsone,false
1192457,202-8980077-9104361,AMAZON,B0DZNQCJX5,,RWWPSY08GY,1,4.78,1.57,2026-06-27 23:14:03,amazon Ledsone,false
1192458,205-4441169-0375511,AMAZON,B0BWS7PZ92,,LSDO210WH+RPR44WH,1,11.89,11.89,2026-06-27 23:20:31,amazon Dcvoltage,false
1192459,205-4441169-0375511,AMAZON,B0BY532NF9,,LSDO210BG+RPR44WH,1,13.89,13.89,2026-06-27 23:20:31,amazon Dcvoltage,false
1192460,204-2675094-5437933,AMAZON,B0FVMD24HC,,CERU72350GR,1,8.24,5.24,2026-06-27 23:28:18,amazon Ledsone,false
1192461,203-3929764-0923540,AMAZON,B0B8P4R7WF,,LDMA60E278WW2PK,1,7.29,6.07,2026-06-27 23:35:43,amazon Ledsone,false
1192465,202-3254641-1737137,AMAZON,B09477YHK7,,LDMG95E278APK,1,35.19,29.32,2026-06-27 23:57:36,amazon Ledsone,false
1192466,026-6094839-6954756,AMAZON,B08XBXG4DR,,CRSF100WH+LHTTE27WH,1,10.89,10.89,2026-06-27 23:53:48,amazon Dcvoltage,false
1192468,204-9069020-3689162,AMAZON,B0BBB3CF25,,CL3RBT5PK,1,13.79,11.49,2026-06-28 00:28:31,amazon Ledsone,false
1192471,206-0550644-7085954,AMAZON,B0G4MK1GZR,,ENC9243,18,466.02,21.58,2026-06-28 01:27:50,amazon Ledsone,false
1192472,203-2378953-6162714,AMAZON,B0CH39MWRF,,WSOSBDBM,1,19.43,21.59,2026-06-28 02:27:44,amazon Dcvoltage,false
1192474,026-2956817-3207550,AMAZON,B09B7VL73B,,LSTF40YB+RPR44WH,2,23.98,11.99,2026-06-28 03:03:30,amazon Dcvoltage,false
1192475,202-5444171-2142751,AMAZON,B0FW4P3H8Z,,LSCYRO200BM+RPR44WH,1,14.89,12.41,2026-06-28 04:06:30,amazon Ledsone,false
1192509,202-7575936-2147511,AMAZON,B0CN33ZKP6,,WCB5BC2PK+RPR44WH2PK,1,23.89,23.89,2026-06-28 06:07:33,amazon Dcvoltage,false
1192511,202-7455304-5777940,AMAZON,B0CH9P18WV,,WCB6WH2PK+RPR44WH2PK,1,16.89,14.07,2026-06-28 06:38:15,amazon Ledsone,false
1192520,205-1801838-3356315,AMAZON,B08X7BXGT7,,PLHTBC,1,15.72,18.49,2026-06-28 07:26:53,amazon Dcvoltage,false
1192522,204-1499115-8590720,AMAZON,B0CGRJ1V8L,,TPOSBDBM,1,24.99,24.99,2026-06-28 07:36:31,amazon Dcvoltage,false
1192527,205-0451400-5311551,AMAZON,B093H8YG8Z,,LSMS320GY+RPR44WH,1,14.99,12.49,2026-06-28 07:57:52,amazon Ledsone,false
1192533,204-2139027-1341955,AMAZON,B07ZQ38MKQ,,HRE2738BM2PK,1,6.78,3.24,2026-06-28 08:20:22,amazon Ledsone,false
1192534,202-2320127-7317131,AMAZON,B0FN4BQ4N5,,PLHCRR+LSDO210RR3PK,1,47.83,39.86,2026-06-28 08:22:01,amazon Ledsone,false
1192540,203-4884604-0550716,AMAZON,B0D7VKHW8W,,SPSDP3YBAPK,1,18.78,18.41,2026-06-28 08:47:06,amazon Ledsone,false
1192547,206-1877338-4644360,AMAZON,B0DGGKGSZL,,IMWW FPK,1,27.21,27.43,2026-06-28 09:03:25,amazon Dcvoltage,false
1192561,203-3319553-5778701,AMAZON,B0F4XTTV54,,TSTS15WH,2,3.58,0.34,2026-06-28 09:36:53,amazon Dcvoltage,false
1192568,205-6226350-4393906,AMAZON,B0GP84PWQN,,LHPVHRE27WHAPK,1,17.76,20.89,2026-06-28 09:46:08,amazon Dcvoltage,false
1192573,204-7430151-2514765,AMAZON,B0B9Y5MRSK,,CL3TGD5PK,1,13.79,11.49,2026-06-28 09:52:47,amazon Ledsone,false
1192574,203-3326387-1999565,AMAZON,B093T4C95B,,LSMS320CB+RPR44WH,1,13.99,11.66,2026-06-28 09:53:50,amazon Ledsone,false
1192575,026-3165958-3541900,AMAZON,B0GLXRPL51,,LHXWPE27PPWH,1,7.39,4.41,2026-06-28 10:02:55,amazon Ledsone,false
1192576,206-6430435-8364321,AMAZON,B0GSR8CB8V,,LHXBTF40E27WH3PK,1,12.18,9.29,2026-06-28 09:51:18,amazon Dcvoltage,false
1192578,205-4828748-2147530,AMAZON,B0743GYD52,,CO332AORAPK,1,5.78,2.41,2026-06-28 10:08:21,amazon Ledsone,false
1192582,205-3059935-4673107,AMAZON,B09HS948QD,,CL2TSI5PK,1,12.49,10.41,2026-06-28 10:20:36,amazon Ledsone,false
1192585,204-8582901-2854760,AMAZON,B07ZFW8DCM,,CRFF100CO+LHNSE27CO,1,13.89,13.89,2026-06-28 10:36:30,amazon Dcvoltage,false
1192588,205-4330090-0045154,AMAZON,B0CGM52R49,,LHRFE27BM2PK,1,13.69,13.69,2026-06-28 10:46:38,amazon Dcvoltage,false
1192590,206-7048918-2509118,AMAZON,B093DKF852,,CL2TBKAPK,1,18.01,17.66,2026-06-28 10:45:52,amazon Ledsone,false
1192594,026-8684208-9104352,AMAZON,B07SBVXTP1,,CRSF2003GB,1,11.49,11.49,2026-06-28 11:56:38,amazon Dcvoltage,false
1192596,205-9551006-9426701,AMAZON,B0DCK527TN,,STBFT50M48EWH,1,5.86,3.49,2026-06-28 10:59:15,amazon Dcvoltage,false
1192607,204-5746253-8796365,AMAZON,B08W5CY6CJ,,CRSF100BM+WSLS155YB+SCRN70BM+LSFT220BL,2,33.28,17.89,2026-06-28 11:09:06,amazon Dcvoltage,false
1192610,026-9253806-5366762,AMAZON,B0FC6T7YHG,,CRSF100BM2PK+PHCH1BMRBM2PK+LSCY290BI2PK,1,39.89,33.24,2026-06-28 11:19:02,amazon Ledsone,false
1192611,204-2096807-5585959,AMAZON,B07RP8JC1Z,,WCBNBC+RPR44WH,1,8.75,8.57,2026-06-28 11:25:23,amazon Ledsone,false
1192618,204-3362724-8906756,AMAZON,B0BPMT5TVR,,CRSF100OR,1,8.88,5.99,2026-06-28 11:31:12,amazon Dcvoltage,false
1192626,202-1329943-2726722,AMAZON,B0B7SKH4XQ,,PHSF1BRTCO,1,15.69,13.07,2026-06-28 11:41:10,amazon Ledsone,false
1192627,202-1723307-0486733,AMAZON,B07L3XG2RG,,CRFF100GB2PK,1,7.64,8.99,2026-06-28 11:42:04,amazon Dcvoltage,false
1192629,026-7882120-5362754,AMAZON,B0C6R1T87Q,,PHDH1HETHE+ICST64E272PK,1,17.42,17.07,2026-06-28 11:57:51,amazon Ledsone,false
1192630,026-8684208-9104352,AMAZON,B07L6T9P7B,,CRSF100GB,1,8.89,8.89,2026-06-28 11:56:38,amazon Dcvoltage,false
1192635,204-3252591-4973949,AMAZON,B0FPWXQWQD,,LDCWA60HB2296PK,1,9.98,6.24,2026-06-28 12:30:49,amazon Ledsone,false
1192636,204-0284044-0994736,AMAZON,B0DH937VLZ,,CL3TCR3PK,1,12.28,8.99,2026-06-28 12:01:39,amazon Dcvoltage,false
1192643,206-5413503-6277131,AMAZON,B0839FW4ZK,,CBSF100,1,6.78,3.89,2026-06-28 12:19:07,amazon Dcvoltage,false
1192644,205-3791719-5276319,AMAZON,B09475XCMR,,LDMG95E278,1,6.99,5.82,2026-06-28 12:09:17,amazon Ledsone,false
1192645,203-7000209-3309913,AMAZON,B0CV5FGN5Z,,LDST185E2742PK,2,25.51,11.49,2026-06-28 12:10:25,amazon Ledsone,false
1192648,202-7599122-8272339,AMAZON,B0BLZFGY38,,LDMG95E274APK,1,27.89,23.24,2026-06-28 12:20:45,amazon Ledsone,false
1192654,203-7130942-0081107,AMAZON,B0BLZFGY38,,LDMG95E274APK,1,27.89,23.24,2026-06-28 12:33:42,amazon Ledsone,false
1192655,203-4550798-3203541,AMAZON,B0GTMQW1WF,,LSGL15014CL3PK+RPM40WH3PK,1,25.89,21.57,2026-06-28 12:33:57,amazon Ledsone,false
1192656,206-1170740-8821907,AMAZON,B0DXP6XRY5,,LSDO210BC2PK+RPR44WH2PK,1,18.89,15.74,2026-06-28 12:36:20,amazon Ledsone,false
1192663,204-9242819-7557965,AMAZON,B0C6LTGB83,,12UK3P5A,1,13.89,13.89,2026-06-28 12:51:51,amazon Dcvoltage,false
1192664,206-4788289-4469952,AMAZON,B0CVH4QJ7R,,RWWPSY0660YE2PK,1,7.88,4.99,2026-06-28 12:53:07,amazon Dcvoltage,false
1192667,205-1367942-3052340,AMAZON,B0DCFXBYJG,,LDSG95DIE2745PK,1,26.89,22.41,2026-06-28 13:02:07,amazon Ledsone,false
1192670,204-1338215-9004318,AMAZON,B0CGRJ1V8L,,TPOSBDBM,1,24.99,24.99,2026-06-28 13:09:31,amazon Dcvoltage,false
1192679,206-6450855-0590743,AMAZON,B0DZ1YP156,,RWWPSY0630YE2PK,1,4.87,1.65,2026-06-28 13:30:47,amazon Ledsone,false
1192684,204-3988955-7262760,AMAZON,B0FMRL88RP,,CRSF100WH2PK+LHTTE27WH2PK,1,18.89,18.89,2026-06-28 13:55:55,amazon Dcvoltage,false
1192685,204-7169195-3090725,AMAZON,B0GQ48BNBZ,,LSGLSC115AR+RPM40WH,1,11.89,11.89,2026-06-28 13:59:22,amazon Dcvoltage,false
1192686,205-2034214-9973101,AMAZON,B0FDQTFFVL,,CERU36150BL,1,4.58,1.41,2026-06-28 14:00:52,amazon Ledsone,false
1192687,203-8201932-2767502,AMAZON,B0GTMZWFCD,,LSGL15014CL+RPM40WH,1,10.89,9.07,2026-06-28 14:07:09,amazon Ledsone,false
1192700,204-5954357-8482711,AMAZON,B09KNR8L6C,,CRSF2003BM+PHRB1PBR40BM3PK+LSBS160YE3PK,1,35.89,29.91,2026-06-28 14:15:39,amazon Ledsone,false
1192702,203-4589163-4090707,AMAZON,B0FN7GZ1FJ,,CRSF100WH+LHNSE27WH,2,26.27,11.99,2026-06-28 14:13:52,amazon SRM Amazon,false
1192704,203-8647877-4219547,AMAZON,B0DH9CZJ14,,CL3TRO5PK,1,11.99,11.99,2026-06-28 14:23:39,amazon Dcvoltage,false
1192705,205-3034027-8465967,AMAZON,B0FPWVFF9W,,LDCWA60HE27126PK,1,6.24,6.24,2026-06-28 14:29:18,amazon Ledsone,false
1192706,205-3034027-8465967,AMAZON,B0FPWXQWQD,,LDCWA60HB2296PK,1,6.24,6.24,2026-06-28 14:29:18,amazon Ledsone,false
1192710,206-7465494-8623560,AMAZON,B0CBPQG9G7,,WCB6BM2PK+RPR44WH2PK,1,17.99,17.99,2026-06-28 14:43:25,amazon Dcvoltage,false
1192722,202-5635735-5331513,AMAZON,B0F4K69XRX,,RWWPSN60YE,1,5.78,2.89,2026-06-28 14:58:56,amazon SRM Amazon,false
1192723,203-5670731-1975537,AMAZON,B0F6SLG78J,,PHUH1HETBM,2,27.35,10.07,2026-06-28 15:07:34,amazon Ledsone,false
1192726,206-6590879-5853946,AMAZON,B0B9Y5MRSK,,CL3TGD5PK,1,13.79,11.49,2026-06-28 15:07:24,amazon Ledsone,false
1192728,205-7477122-1537160,AMAZON,B0C6LY8XZG,,12UK3P1A,1,8.41,6.49,2026-06-28 15:11:31,amazon Dcvoltage,false
1192729,204-7031370-3610758,AMAZON,B07RCVBBXN,,LDMST64B228,1,9.88,6.99,2026-06-28 15:15:50,amazon Dcvoltage,false
1192755,203-8348918-8799520,AMAZON,B08LW1H15F,,CRFF500BM+PHRI1PCRSN3PK+LSDM220SN3PK,1,38.89,32.41,2026-06-28 15:42:29,amazon Ledsone,false
1192756,204-7740195-9269131,AMAZON,B0GR8XKW5B,,SPPGUK3PBM2PK,1,8.38,4.57,2026-06-28 15:47:34,amazon Ledsone,false
1192757,203-3291949-6540330,AMAZON,B0FVMCY494,,CERU36150YE,1,4.38,1.24,2026-06-28 15:48:14,amazon Ledsone,false
1192761,203-0465541-5840329,AMAZON,B07D3Q8SQ9,,12IP67150,1,18.68,15.57,2026-06-28 15:50:38,amazon Ledsone,false
1192765,203-3305643-3336367,AMAZON,B0BB31YPDF,,CL2RGY5PK,1,11.81,11.57,2026-06-28 16:03:48,amazon Ledsone,false
1192766,206-7024828-7509902,AMAZON,B0F1N8Y38S,,CL3RYT5PK,1,10.99,9.16,2026-06-28 16:07:34,amazon Ledsone,false
1192769,026-1448776-4277911,AMAZON,B07DHK71YN,,LDMST64E274,1,6.89,5.74,2026-06-28 16:17:26,amazon Ledsone,false
1192775,203-6881454-8877939,AMAZON,B0FPWYRDQT,,LDCWA55B2256PK,1,9.68,5.99,2026-06-28 16:22:10,amazon Ledsone,false
1192776,204-5198796-1185917,AMAZON,B0FPWXQWQD,,LDCWA60HB2296PK,1,9.98,6.24,2026-06-28 16:23:46,amazon Ledsone,false
1192777,202-2803048-9091518,AMAZON,B08QRW3689,,ENC616,1,33.91,39.89,2026-06-28 16:29:03,amazon Dcvoltage,false
1192786,203-9465695-2517102,AMAZON,B0CTC7XPNX,,CRSF100BM+LHNSE27YB+SCRN70BM+LSFT220BG,2,42.78,18.89,2026-06-28 16:33:04,amazon Dcvoltage,false
1192787,204-2491500-5231530,AMAZON,B0C9X67GZJ,,LSWD360BC+RPR44WH,2,37.78,18.89,2026-06-28 16:32:02,amazon Dcvoltage,false
1192788,206-4590943-0076335,AMAZON,B0GY3YW6T7,,LSGL9015CL3PK+RPM40WH3PK,1,22.89,22.89,2026-06-28 16:36:10,amazon Dcvoltage,false
1192789,205-3012154-6692342,AMAZON,B0F9X1QLFW,,CL2RIVAPK,1,20.99,17.49,2026-06-28 16:31:39,amazon Ledsone,false
1192790,203-5622283-7333963,AMAZON,B0CB1KJ3XJ,,LSMS320GY+RPR44WH,2,29.98,12.49,2026-06-28 16:34:43,amazon Ledsone,false
1192793,203-0875349-7019511,AMAZON,B0DF79WFPK,,CRSF100BM2PK,1,9.77,9.57,2026-06-28 16:36:05,amazon Ledsone,false
1192797,205-0410837-5603519,AMAZON,B093HCCL5S,,LSMS320CB+RPR44WH,1,14.99,12.49,2026-06-28 16:49:12,amazon Ledsone,false
1192799,202-1071255-3349150,AMAZON,B0FX53HC81,,LSCYRO300WH2PK+RPR44WH2PK,1,32.09,32.09,2026-06-28 16:51:59,amazon Dcvoltage,false
1192800,026-8946517-5233954,AMAZON,B08V8KYY9H,,CRSF100BM+PHSH1PBRBM+LSMS320OR,1,16.06,18.89,2026-06-28 16:55:57,amazon Dcvoltage,false
1192801,026-2172348-8713153,AMAZON,B0CPBXBX8H,,LSCY290RE+RPR44WH,1,15.89,15.89,2026-06-28 16:57:24,amazon Dcvoltage,false
1192812,203-1539094-2620348,AMAZON,B0BBGLMNGP,,CL2RRS5PK,1,15.89,15.89,2026-06-28 17:15:52,amazon Dcvoltage,false
1192813,203-1539094-2620348,AMAZON,B0BBGQX747,,CL2RRE5PK,1,15.89,15.89,2026-06-28 17:15:52,amazon Dcvoltage,false
1192814,203-1539094-2620348,AMAZON,B0BBGNP1F5,,CL2RBL5PK,1,11.49,11.49,2026-06-28 17:15:52,amazon Dcvoltage,false
1192815,026-7053756-7844369,AMAZON,B09M42QJCS,,LDMG125E2785PK,1,23.89,23.89,2026-06-28 17:16:27,amazon Dcvoltage,false
1192816,204-7728314-1829127,AMAZON,B09HV7T2B5,,CRFF500BM+PHCN1PBRYB3PK+LSDM220YB3PK,1,33.79,28.16,2026-06-28 17:14:14,amazon Ledsone,false
1192821,202-0508983-5258735,AMAZON,B0CPBX9LYX,,LSCY290BC+RPR44WH,1,15.89,15.89,2026-06-28 17:20:16,amazon Dcvoltage,false
1192822,202-9898921-2854739,AMAZON,B08TX2837H,,LSMS320BI+RPR44WH,1,14.99,14.99,2026-06-28 17:26:11,amazon Dcvoltage,false
1192829,205-9813947-5103554,AMAZON,B0DX19J4S2,,LHSHE27CO2PK,1,10.89,9.07,2026-06-28 17:35:36,amazon Ledsone,false
1192831,205-9940580-8526759,AMAZON,B0DH93YBN1,,CL3TLG2PK,1,5.69,5.69,2026-06-28 17:30:34,amazon Dcvoltage,false
1192832,205-9940580-8526759,AMAZON,B0DH8XPJC1,,CL3TRE2PK,1,5.99,5.99,2026-06-28 17:30:34,amazon Dcvoltage,false
1192833,205-9940580-8526759,AMAZON,B0DH93YBMW,,CL3TBT2PK,1,5.69,5.69,2026-06-28 17:30:34,amazon Dcvoltage,false
1192834,205-9940580-8526759,AMAZON,B0DH96FXL4,,CL3TYE2PK,1,5.69,5.69,2026-06-28 17:30:34,amazon Dcvoltage,false
1192838,203-7558067-5063505,AMAZON,B08XBXG4DR,,CRSF100WH+LHTTE27WH,2,21.78,10.89,2026-06-28 17:39:26,amazon Dcvoltage,false
1192839,026-5612629-5319558,AMAZON,B0CN95WHCG,,LSMCP1ULMC+ICST64E27,1,43.79,43.79,2026-06-28 17:40:20,amazon Dcvoltage,false
1192840,203-6989044-8614708,AMAZON,B0FW514SS5,,LSCYRO300BM+RPR44WH,1,19.89,19.89,2026-06-28 17:39:17,amazon Dcvoltage,false
1192841,204-2063002-5651532,AMAZON,B0CNXL52CF,,CL3RBM3PK,1,7.11,4.49,2026-06-28 17:47:32,amazon Dcvoltage,false
1192842,206-7804518-6592348,AMAZON,B0FVMCY494,,CERU36150YE,1,4.38,1.24,2026-06-28 17:40:40,amazon Ledsone,false
1192853,206-0828849-2662729,AMAZON,B0CNQ1Q3BJ,,LDMG125E278,3,22.85,8.19,2026-06-28 18:02:12,amazon Dcvoltage,false
1192854,026-5179801-4857926,AMAZON,B08XXLR7YZ,,WCBNBM+RPR44WH,3,26.67,8.89,2026-06-28 18:04:49,amazon Dcvoltage,false
1192856,202-0416897-2070700,AMAZON,B0DBV9CLPW,,LDSG125MUE274,1,8.74,8.74,2026-06-28 18:02:05,amazon Ledsone,false
1192857,202-0416897-2070700,AMAZON,B09JM3PLLH,,LDSG125LOE274,1,8.49,8.49,2026-06-28 18:02:05,amazon Ledsone,false
1192858,202-0416897-2070700,AMAZON,B0DBYZMD44,,LDSHEAE2742PK,1,12.74,12.74,2026-06-28 18:02:05,amazon Ledsone,false
1192859,204-1346405-2831547,AMAZON,B0G2Y8JZ7D,,TPOSBDBM4PK,1,72.84,71.41,2026-06-28 17:55:14,amazon Ledsone,false
1192867,204-4931553-7545108,AMAZON,B0DSBXGG1H,,PHUH1HETBM+LSHM400HE,2,66.58,27.74,2026-06-28 18:21:50,amazon Ledsone,false
1192868,203-3709300-8409118,AMAZON,B0F1D3FS5C,,RWWPSY0660YE,1,5.88,2.99,2026-06-28 18:11:43,amazon Dcvoltage,false
1192869,205-6567342-4181117,AMAZON,B0CNJX1DV8,,WCB7WH+RPR44WH,1,10.89,10.89,2026-06-28 18:19:11,amazon Dcvoltage,false
1192873,206-5160502-1350719,AMAZON,B0DB5ZKYQY,,ENC3550,5,467.82,77.97,2026-06-28 18:23:35,amazon Ledsone,false
1192874,026-6683932-3575508,AMAZON,B0DH6D3YLY,,CL2TCR5PK,1,14.09,14.09,2026-06-28 18:25:18,amazon Dcvoltage,false
1192875,204-1584344-9161954,AMAZON,B0FX2SP39V,,LSCYRO200WH2PK+RPR44WH2PK,1,24.89,24.89,2026-06-28 18:26:18,amazon Dcvoltage,false
1192878,203-4619296-1671549,AMAZON,B0H394ZWB5,,LSGL9015GY+RPM40WH,1,10.89,10.89,2026-06-28 18:38:45,amazon Dcvoltage,false
1192884,206-9037806-7602749,AMAZON,B09CZDX5ML,,WSFH1BMYB+PSDS2RBW+SCRN70BM+LSFT220BI,1,23.99,23.99,2026-06-28 18:52:42,amazon SRM Amazon,false
1192886,202-5210220-4165915,AMAZON,B0DRP5RHMG,,LHSHE27WH2PK,1,10.39,8.66,2026-06-28 18:59:53,amazon Ledsone,false
1192887,205-5362785-7580358,AMAZON,B0C9TWTCZ8,,LSCY210BG+RPR44WH,1,12.49,12.49,2026-06-28 18:55:27,amazon Dcvoltage,false
1192888,204-2335314-7225145,AMAZON,B0GWCZ6Y61,,CRFF500BM+PHHT1PBRBM3PK+WCCYSP180BM3PK,1,39.89,39.89,2026-06-28 19:00:11,amazon Dcvoltage,false
1192891,204-7900449-6969910,AMAZON,B0DZ1ZTXVW,,RWWPSY0660YE2PK,1,8.08,4.32,2026-06-28 19:01:32,amazon Ledsone,false
1192895,026-4835290-0859537,AMAZON,B0BRQCCXZ8,,LDWWE27253PK,1,24.95,20.79,2026-06-28 19:09:13,amazon Ledsone,false
1192898,204-6602944-6254715,AMAZON,B0F944GK35,,CL3TBW3PK,1,9.88,5.82,2026-06-28 19:16:03,amazon Ledsone,false
1192901,204-4434365-1335518,AMAZON,B0BLP1JSRK,,LDMST64E2786PK,1,20.39,16.99,2026-06-28 19:20:33,amazon Ledsone,false
1192903,206-8438342-6317922,AMAZON,B0CZ9FPLB7,,LSMS320GR2PK+RPR44WH2PK,1,27.09,27.09,2026-06-28 19:24:36,amazon Dcvoltage,false
1192911,205-4894361-5325165,AMAZON,B0CPBY28LB,,LSCY290GY+RPR44WH,1,16.09,16.09,2026-06-28 19:32:42,amazon Dcvoltage,false
1192917,202-1965984-3430755,AMAZON,B0DX6BP7GV,,CENU46450WH,1,6.79,3.24,2026-06-28 19:48:18,amazon Ledsone,false
1192919,203-1697703-6361902,AMAZON,B0CY5JHM67,,ENC6484,1,29.49,29.49,2026-06-28 19:44:12,amazon Dcvoltage,false
1192928,203-2310813-9844360,AMAZON,B0H6B62N9L,,LSGL6016CL2PK+RPM40WH2PK,1,15.89,13.24,2026-06-28 20:01:53,amazon Ledsone,false
1192929,026-6146977-8902756,AMAZON,B0743GYD52,,CO332AORAPK,1,5.78,2.41,2026-06-28 20:03:47,amazon Ledsone,false
1192940,203-1473845-3521129,AMAZON,B0GW83X9F4,,LHSWPBB22GD,1,12.79,9.90,2026-06-28 20:01:04,amazon Dcvoltage,false
1192941,205-3957461-3049947,AMAZON,B0DH4KYFPD,,WCDTBM2PK+RPR44WH2PK,1,18.29,15.24,2026-06-28 20:08:03,amazon Ledsone,false
1192943,206-5024502-8657101,AMAZON,B0CPBX28RC,,LSCY290BI+RPR44WH,1,15.89,15.89,2026-06-28 20:13:20,amazon Dcvoltage,false
1192944,026-2877508-7948344,AMAZON,B0DPMRRK56,,12IP67102PK,1,10.28,7.39,2026-06-28 20:19:41,amazon SRM Amazon,false
1192946,206-5343211-7295567,AMAZON,B0DB2B9NYZ,,CRFF75GB2PK,1,11.49,9.57,2026-06-28 20:24:20,amazon Ledsone,false
1192947,206-0235131-3874747,AMAZON,B0D6VK29H9,,ENC7388,1,40.49,40.49,2026-06-28 20:24:28,amazon Dcvoltage,false
1192948,204-1310211-1140345,AMAZON,B07GJTJWN6,,24IP67100,1,16.14,18.99,2026-06-28 20:24:40,amazon Dcvoltage,false
1192975,206-4567283-1325947,AMAZON,B0F1CZF38F,,RWWPSY0840YE,1,4.88,1.99,2026-06-28 20:57:35,amazon Dcvoltage,false
1192980,206-2049007-2087503,AMAZON,B0FZJZCTCR,,ENC64,1,25.69,17.24,2026-06-28 21:02:36,amazon Ledsone,false
1192981,026-5787333-1892311,AMAZON,B0B9Y5MRSK,,CL3TGD5PK,1,13.79,11.49,2026-06-28 21:03:27,amazon Ledsone,false
1192982,205-4077622-5637159,AMAZON,B095PNJ95D,,WCBCRR,2,21.78,10.89,2026-06-28 21:02:39,amazon Dcvoltage,false
1192988,026-1413948-8368362,AMAZON,B0D44ZF4KW,,PHSF2ROTRO+ICST64E27,1,18.89,18.89,2026-06-28 21:10:02,amazon Dcvoltage,false
1192989,206-9032868-5457969,AMAZON,B0GZND9ZR6,,LHSWPBB22GD2PK,1,14.79,12.32,2026-06-28 21:21:13,amazon Ledsone,false
1192990,206-6826548-3076335,AMAZON,B0DBYZMD44,,LDSHEAE2742PK,1,15.29,12.74,2026-06-28 21:25:39,amazon Ledsone,false
1192991,206-1862895-0561953,AMAZON,B0CW3G3ZNR,,LDSSTRE274,2,16.38,8.19,2026-06-28 21:25:39,amazon Dcvoltage,false
1193008,204-3042657-9691551,AMAZON,B0D4QN1Q6W,,CSBEB6OR+CSBEB6PI,1,10.48,7.59,2026-06-28 21:58:42,amazon Dcvoltage,false
1193029,205-3648008-0325959,AMAZON,B0CRDZQTTS,,CRFF500BM+PHHT1PBRBM3PK+WCLNBM3PK,1,39.89,33.24,2026-06-28 22:23:31,amazon Ledsone,false
1193030,205-1995885-6647510,AMAZON,B0FN7YJXXB,,SSSFGLCL3PK,1,6.48,2.99,2026-06-28 22:20:18,amazon Ledsone,false
1193032,202-1222338-3697119,AMAZON,B0D7BZ726S,,LDSG125E274,1,12.74,12.49,2026-06-28 22:32:48,amazon Ledsone,false
1193033,204-5607560-0213939,AMAZON,B0DPMQZ1WP,,LSCYRO120GD+RPR44WH,1,14.99,12.49,2026-06-28 22:30:47,amazon Ledsone,false
1193035,206-4004900-7262767,AMAZON,B0D53FZ8GS,,WCB2WH2PK+RPR44WH2PK,1,16.29,16.29,2026-06-28 22:35:17,amazon Dcvoltage,false
1193038,202-4414548-8722754,AMAZON,B0CVLC8XKT,,LSTF400GR2PK+RPR44WH2PK,1,27.89,23.24,2026-06-28 22:53:12,amazon Ledsone,false
1193041,026-9340884-1128329,AMAZON,B09MWJ1YDZ,,ENC2216,1,30.51,29.91,2026-06-28 23:01:56,amazon Ledsone,false
1193043,203-7393534-4632349,AMAZON,B0D6N7DJ28,,LPBZCW5W,1,5.89,5.89,2026-06-28 23:14:52,amazon SRM Amazon,false
1193044,202-9565279-1433918,AMAZON,B0CSDPYCLM,,STBFT50M48EWH,1,5.24,2.30,2026-06-28 23:06:37,amazon Ledsone,false
1193045,204-7686124-5002758,AMAZON,B08X4VXZ38,,CRSF100AA+PHCH1PBRAA+LSCY290AA,1,18.89,15.74,2026-06-28 23:16:05,amazon Ledsone,false
1193053,205-8302227-4676319,AMAZON,B0G57TF1GT,,CRFF500BM+PHNW1RBM3PK,1,23.89,19.91,2026-06-28 23:37:42,amazon Ledsone,false
1193054,205-6064903-1433918,AMAZON,B083ZN1ZVH,,CRSF100BM+LHNSE27BM+SCRN70BM+LSFT220WH,1,18.89,18.89,2026-06-28 23:19:47,amazon Dcvoltage,false
1193059,205-3634608-1869901,AMAZON,B07FNP5GYB,,CL3TGD5PK,1,12.59,12.59,2026-06-29 00:40:53,amazon Dcvoltage,false
1193060,206-6682969-6603514,AMAZON,B0FY1YSCNG,,WCIR300BM2PK+RPR44WH2PK,2,49.78,24.89,2026-06-29 00:49:43,amazon Dcvoltage,false
1193061,202-9581181-2886742,AMAZON,B0CZXL6ZYG,,TPOSBDBM,1,24.99,20.82,2026-06-29 00:40:02,amazon Ledsone,false
1193067,203-9306340-9449157,AMAZON,B0BL7MTN3J,,LDMT45E2745PK,1,22.69,18.91,2026-06-29 01:32:18,amazon Ledsone,false
1193071,202-0470507-0641111,AMAZON,B0FX2QT3B1,,LSCYRO300GD2PK+RPR44WH2PK,1,32.09,32.09,2026-06-29 02:58:55,amazon Dcvoltage,false
1193123,203-0321175-1666776,AMAZON,B0FW4PD16T,,LSCYRO300GD+RPR44WH,1,16.89,14.07,2026-06-29 04:19:14,amazon Ledsone,false
1193131,202-3773743-7473114,AMAZON,B0FVM8LHNX,,CERU36150BL,1,4.58,1.41,2026-06-29 05:09:43,amazon Ledsone,false
1193135,202-1492520-1956341,AMAZON,B0GLGB3M6Q,,LSGLFP245PU+RPM40WH,1,13.51,15.89,2026-06-29 06:01:00,amazon Dcvoltage,false
1193140,206-1605170-9981156,AMAZON,B0FKMB9NWG,,CRFF108BM2PK+LHTTE27BM2PK,1,18.29,15.24,2026-06-29 06:11:33,amazon Ledsone,false
1193151,026-6432280-7932305,AMAZON,B0DH4KYFPD,,WCDTBM2PK+RPR44WH2PK,1,18.29,15.24,2026-06-29 07:33:23,amazon Ledsone,false
1193154,203-3382343-3409124,AMAZON,B07ZQ38MKQ,,HRE2738BM2PK,1,6.78,3.24,2026-06-29 07:47:15,amazon Ledsone,false
1193158,205-5455413-0661963,AMAZON,B0DTPHMRW8,,WCB2WH3PK+RPR44WH3PK,1,22.89,19.07,2026-06-29 07:54:08,amazon Ledsone,false
1193160,026-3072065-4297119,AMAZON,B0DTPHMRW8,,WCB2WH3PK+RPR44WH3PK,1,22.89,19.07,2026-06-29 08:06:02,amazon Ledsone,false
1193161,204-0476949-3169967,AMAZON,B08WLZZC5C,,CRSF100CO+PHMU1PBRCO+LSDM220CO,1,24.99,24.99,2026-06-29 08:07:25,amazon Dcvoltage,false
1193164,203-4184922-8379521,AMAZON,B0CCJ3CY4Y,,SPSDP3SN3PK,1,8.58,8.41,2026-06-29 08:12:37,amazon Ledsone,false
1193165,026-2778048-1063548,AMAZON,B0CNQ1Q3BJ,,LDMG125E278,1,6.96,8.19,2026-06-29 08:15:46,amazon Dcvoltage,false
1193169,204-8984161-4129952,AMAZON,B0CV5DK5NC,,LDSG125LOE2742PK,1,17.89,14.91,2026-06-29 08:24:24,amazon Ledsone,false
1193170,206-0459954-5367509,AMAZON,B08SHV91ZW,,CRFF100GB+PHUP1PBRGB+CNT900GB,1,10.19,11.99,2026-06-29 08:22:51,amazon Dcvoltage,false
1193176,204-0660796-7843509,AMAZON,B0FX53HC81,,LSCYRO300WH2PK+RPR44WH2PK,1,32.09,32.09,2026-06-29 08:36:43,amazon Dcvoltage,false
1193177,202-7082228-5673906,AMAZON,B0BNW49WGT,,CRSF100BC+LHNSE27YB+SCRN70BC+LSWD360BC,1,26.89,26.89,2026-06-29 08:42:20,amazon Dcvoltage,false
1193179,203-0290149-6340317,AMAZON,B0GS9F62QZ,,SPPGUK3PBM4PK,1,12.78,9.89,2026-06-29 08:41:08,amazon Dcvoltage,false
1193182,202-6275616-6849121,AMAZON,B0F79NNMH3,,CTBOP21L+CTBOP20L+CTBOP19L,1,14.89,14.89,2026-06-29 08:53:58,amazon Dcvoltage,false
1193187,205-7446388-7381963,AMAZON,B0FPQYM3KQ,,LDCWT75B22123PK,1,15.21,14.91,2026-06-29 09:01:35,amazon Ledsone,false
1193196,206-9677270-0488300,AMAZON,B0GLXS2NJF,,PLHNBS,3,39.59,11.57,2026-06-29 09:12:47,amazon Ledsone,false
1193197,204-2392054-0926766,AMAZON,B084645W4S,,LDMST64E2783PK,3,38.67,10.74,2026-06-29 09:13:04,amazon Ledsone,false
1193199,204-4167447-2045120,AMAZON,B0GSRFYV81,,LHXBTF40E27WH,2,6.18,3.09,2026-06-29 09:17:38,amazon Dcvoltage,false
1193211,205-8773569-6250747,AMAZON,B0FW4R78YZ,,LSCYRO300BM+RPR44WH,1,16.89,14.07,2026-06-29 09:41:12,amazon Ledsone,false
1193217,202-1594876-8976305,AMAZON,B0CPBXD3C5,,LSCY290WH+RPR44WH,1,15.89,15.89,2026-06-29 09:53:20,amazon Dcvoltage,false
1193219,205-5839683-5897139,AMAZON,B0DJXFJYP1,,ENC7760,1,74.99,62.49,2026-06-29 09:53:29,amazon Ledsone,false
1193220,203-4038013-2238731,AMAZON,B0FKMB9NWG,,CRFF108BM2PK+LHTTE27BM2PK,1,18.29,15.24,2026-06-29 09:58:49,amazon Ledsone,false
1193223,205-3591414-3342757,AMAZON,B08XNQFS2H,,LSSS300PI+RPR44WH,1,13.49,13.49,2026-06-29 10:02:11,amazon Dcvoltage,false
1193231,026-0085370-0007521,AMAZON,B0D6NBRV3X,,COY9ABM3PK,2,36.38,18.19,2026-06-29 10:08:58,amazon Dcvoltage,false
1193232,204-1897238-3912365,AMAZON,B08W8R28RD,,LSRP260CO+RPR44WH,1,18.88,18.88,2026-06-29 10:11:02,amazon Dcvoltage,false
1193233,204-1897238-3912365,AMAZON,B08WLZZC5C,,CRSF100CO+PHMU1PBRCO+LSDM220CO,1,24.99,24.99,2026-06-29 10:11:02,amazon Dcvoltage,false
1193234,203-0052176-1852305,AMAZON,B0FPWYRQ8V,,LSOL180RR+RPR44WH,1,10.69,8.91,2026-06-29 10:10:02,amazon Ledsone,false
1193235,026-1081650-2755504,AMAZON,B0F945MW4Y,,CL3TGY3PK,1,7.99,6.66,2026-06-29 10:11:38,amazon Ledsone,false
1193241,203-5005146-3561138,AMAZON,B0D2979K33,,LSCY290YE3PK+RPR44WH3PK,1,40.99,34.16,2026-06-29 10:28:05,amazon Ledsone,false
1193246,206-3579190-8397939,AMAZON,B0F9466PK8,,CL3TGL3PK,1,7.99,6.66,2026-06-29 10:29:54,amazon Ledsone,false
1193247,203-1827225-1359520,AMAZON,B0DCSJH8XT,,LSSS300YB2PK+RPR44WH2PK,1,27.09,22.57,2026-06-29 10:31:34,amazon Ledsone,false
1193254,204-6658859-1361101,AMAZON,B0CPBXBX8H,,LSCY290RE+RPR44WH,2,36.78,15.89,2026-06-29 10:44:28,amazon Dcvoltage,false
1193260,204-8172698-9157927,AMAZON,B0GTMT5N9B,,LSGL15014CL5PK+RPM40WH5PK,2,81.38,33.91,2026-06-29 10:51:21,amazon Ledsone,false
1193262,206-4739244-3305936,AMAZON,B0FPWXQWQD,,LDCWA60HB2296PK,2,17.03,6.06,2026-06-29 10:57:33,amazon Ledsone,false
1193265,205-3777503-7383508,AMAZON,B07CQNNPKW,,CL2TBU5PK,1,12.89,12.89,2026-06-29 11:02:21,amazon Dcvoltage,false
1193266,203-9139141-8994767,AMAZON,B0C7GKYFRW,,ENC5166,1,16.91,19.89,2026-06-29 11:06:10,amazon Dcvoltage,false
1193267,204-1563109-8994738,AMAZON,B0F3NYFLLV,,LDMG95E2782PK,1,11.75,9.79,2026-06-29 11:06:07,amazon Ledsone,false
1193268,204-6965208-9439541,AMAZON,B09477VMYH,,LDMG95E2785PK,1,17.76,17.41,2026-06-29 11:06:07,amazon Ledsone,false
1193269,205-8603226-1249926,AMAZON,B0CJLPTKHM,,LDCCB2210,1,5.89,4.91,2026-06-29 11:07:56,amazon Ledsone,false
1193279,206-0757185-1802740,AMAZON,B0B8P9BKXB,,LDMG125E278,1,9.89,8.24,2026-06-29 11:19:30,amazon Ledsone,false
1193281,205-8707655-3220336,AMAZON,B0CNXLKDMF,,CL3THE3PK,1,8.35,4.99,2026-06-29 11:26:37,amazon Dcvoltage,false
1193288,202-7175827-1721122,AMAZON,B0BWJVXGT6,,LSCY210BC+RPR44WH,1,10.89,10.89,2026-06-29 11:29:59,amazon Dcvoltage,false
1193289,202-3630335-8576318,AMAZON,B0CNXJD9GN,,CL3TBM3PK,1,7.78,4.49,2026-06-29 11:33:39,amazon Dcvoltage,false
1193297,026-3519739-5625154,AMAZON,B0FXFP656V,,WCFRBM2PK+ICST64E27602PK,1,43.89,43.89,2026-06-29 11:54:42,amazon Dcvoltage,false
1193298,205-4313411-9688348,AMAZON,B0C14QKFZC,,LHRTE27WH5PK,1,23.19,19.32,2026-06-29 12:06:54,amazon Ledsone,false
1193306,205-7207484-2149147,AMAZON,B0GTYJBGDD,,LDST185E2746PK,1,15.21,14.91,2026-06-29 12:16:12,amazon Ledsone,false
1193307,202-0389930-0948320,AMAZON,B0GL8H8QD2,,LDMT185E2743PK,1,15.29,12.74,2026-06-29 12:16:51,amazon Ledsone,false
1193308,203-7169407-8289125,AMAZON,B0FMRL88RP,,CRSF100WH2PK+LHTTE27WH2PK,1,18.89,18.89,2026-06-29 12:16:51,amazon Dcvoltage,false
1193313,204-5988356-4533108,AMAZON,B07DW3ZY1P,,CCBC3,1,5.89,5.89,2026-06-29 12:26:45,amazon Dcvoltage,false
1193316,026-5526002-5203547,AMAZON,B0GZND9ZR6,,LHSWPBB22GD2PK,1,14.79,12.32,2026-06-29 12:28:43,amazon Ledsone,false
1193317,202-7940074-6256360,AMAZON,B0H394ZWB5,,LSGL9015GY+RPM40WH,1,10.89,10.89,2026-06-29 12:30:36,amazon Dcvoltage,false
1193320,202-0349372-3593141,AMAZON,B0D56ZXBW1,,WCB7BM2PK+RPR44WH2PK,1,18.49,18.49,2026-06-29 12:40:20,amazon Dcvoltage,false
1193328,205-5557108-7397946,AMAZON,B0FW53QYN7,,LSCYRO120BM+RPR44WH,1,15.99,15.99,2026-06-29 13:01:25,amazon Dcvoltage,false
1193331,026-1786615-3649109,AMAZON,B0D7S35MGY,,LSMS320GR+RPR44WH,1,14.99,12.49,2026-06-29 12:57:53,amazon Ledsone,false
1193333,203-2189225-4595548,AMAZON,B0CVL4YKRT,,RWT590YE,1,19.69,19.69,2026-06-29 13:01:28,amazon Dcvoltage,false
1193334,202-1146657-0310763,AMAZON,B08XBYP1C8,,CRFF108BM+LHTTE27BM,1,9.26,10.89,2026-06-29 13:07:18,amazon Dcvoltage,false
1193336,205-5087353-4254716,AMAZON,B0D6NCB51Z,,COY9ABM2PK,1,10.36,12.19,2026-06-29 13:13:56,amazon Dcvoltage,false
1193337,026-8203480-2645937,AMAZON,B0DH98XLXH,,CL3TBM3PK,1,9.99,9.99,2026-06-29 13:15:12,amazon Dcvoltage,false
1193338,026-8514824-3107547,AMAZON,B0F9466PK8,,CL3TGL3PK,1,7.99,6.66,2026-06-29 13:15:12,amazon Ledsone,false
1193344,203-0749312-7755511,AMAZON,B0GLZ2SYN4,,PLTRBC,1,45.89,38.24,2026-06-29 13:22:58,amazon Ledsone,false
1193346,206-3056243-1232367,AMAZON,B0BWK7RQ27,,PLTYRR+ICST64E27,1,17.76,17.41,2026-06-29 13:32:30,amazon Ledsone,false
1193351,206-8500810-7017956,AMAZON,B0FS1GJH75,,CRSF100SN+LHTPE27JSN,1,13.89,13.89,2026-06-29 13:32:46,amazon SRM Amazon,false
1193352,205-4543643-7976339,AMAZON,B0CS3LSTMS,,WCB7BS+RPR44WH,1,10.89,10.89,2026-06-29 13:35:28,amazon Dcvoltage,false
1193355,026-9871167-4504362,AMAZON,B0DTPVN5HX,,LSCY290NB+RPR44WH,1,15.89,13.24,2026-06-29 13:39:34,amazon Ledsone,false
1193360,206-5856472-0091529,AMAZON,B0DG2ZDQY5,,RPM40BMAPK,1,10.09,10.09,2026-06-29 13:58:47,amazon Dcvoltage,false
1193362,203-4964623-1859566,AMAZON,B0G2L49CRT,,ENC7770,1,31.59,26.32,2026-06-29 14:07:23,amazon Ledsone,false
1193366,026-6639362-4269169,AMAZON,B0DVLPPMXL,,PHSHF1PBRYB+LSCY290BG+ICST64E27,16,351.84,18.33,2026-06-29 14:11:53,amazon Ledsone,false
1193367,203-6108029-2545927,AMAZON,B0DX77VMDC,,CERU36300BL,10,26.98,2.16,2026-06-29 14:13:05,amazon Ledsone,false
1193368,202-5251866-7539561,AMAZON,B0DX6BP7GV,,CENU46450WH,2,10.53,3.24,2026-06-29 13:39:38,amazon Ledsone,false
1193369,206-5808061-6097161,AMAZON,B0FMRL3D3P,,CRSF100BM2PK+LHTTE27BM2PK,1,18.89,18.89,2026-06-29 14:11:33,amazon Dcvoltage,false
1193373,204-7658861-9781123,AMAZON,B0FB2SJG54,,PHSF2BMRBY+SPSDP2BM,1,12.66,12.41,2026-06-29 14:19:19,amazon Ledsone,false
1193374,202-9769612-6919526,AMAZON,B0CHRVWSBM,,CL3RBM5PK,1,11.89,9.91,2026-06-29 14:16:31,amazon Ledsone,false
1193375,202-3613753-0249166,AMAZON,B0964613ZN,,CRSF2003BM+WCRN3CBM3PK,1,43.89,36.57,2026-06-29 14:27:16,amazon Ledsone,false
1193376,205-1717206-0780342,AMAZON,B0CMCPXP21,,CRFF500CH+WCCY1ROCH3PK+LDMT45E2743PK,1,75.78,51.13,2026-06-29 14:22:56,amazon Ledsone,false
1193377,203-3280126-6957956,AMAZON,B0D9616XS6,,LSOL180BS2PK+RPR44WH2PK,1,18.49,15.41,2026-06-29 14:15:32,amazon Ledsone,false
1193383,026-2063022-7541160,AMAZON,B0CCJSK84F,,WCB1BM+RPR44WH,1,10.89,9.07,2026-06-29 14:29:40,amazon Ledsone,false
1193384,204-8333652-7377147,AMAZON,B0DTZ24CTF,,LSMS320BG+RPR44WH,3,49.74,13.82,2026-06-29 14:32:41,amazon Ledsone,false
1193387,204-0765736-9403512,AMAZON,B0BBS118NM,,CL3TBKAPK,1,21.99,18.32,2026-06-29 14:36:41,amazon Ledsone,false
1193388,206-0187464-1669122,AMAZON,B0F8QDWYHP,,ENC8618,2,47.72,19.88,2026-06-29 14:36:30,amazon Ledsone,false
1193400,026-9064744-0910761,AMAZON,B0DBL9F8G3,,LSDO210WH2PK+RPR44WH2PK,1,17.89,14.91,2026-06-29 14:52:37,amazon Ledsone,false
1193401,204-3556550-5717932,AMAZON,B0GXB4FPPR,,WCBTC140FG2PK+RPR44WH2PK,1,22.89,19.07,2026-06-29 14:57:48,amazon Ledsone,false
1193405,203-1474037-1392339,AMAZON,B0CGRPTT6W,,CRSF100BM+PHRYWP2RBM,1,9.60,9.41,2026-06-29 15:12:18,amazon Ledsone,false
1193416,205-4313338-0690720,AMAZON,B0DRYRSNXG,,LHSHE27YB3PK,1,15.59,12.99,2026-06-29 15:42:52,amazon Ledsone,false
1193417,202-2965319-1865137,AMAZON,B0F946TBSV,,CL3TLG3PK,1,8.88,4.99,2026-06-29 15:48:13,amazon Ledsone,false
1193418,203-1289929-2412312,AMAZON,B08NDF5WD2,,WCDTWH+RPR44WH,1,10.89,10.89,2026-06-29 15:40:31,amazon Dcvoltage,false
1193430,206-2888044-0671556,AMAZON,B0F9YJX982,,CRSF100HBM+WSWS1PHTBM+PSDS2BPB+WCDCBM,1,19.99,19.99,2026-06-29 15:51:23,amazon Dcvoltage,false
1193431,206-3675606-2935548,AMAZON,B07RGQQLDX,,PSDS4RBU,1,18.19,18.19,2026-06-29 15:52:03,amazon Dcvoltage,false
1193438,206-9330606-0001931,AMAZON,B0F637JS56,,CGSRCO3PK,1,4.14,1.85,2026-06-29 15:52:03,amazon SRM Amazon,false
1193440,203-4596803-9239567,AMAZON,B0943YFZPF,,BC3W60,1,9.28,6.39,2026-06-29 16:00:01,amazon Dcvoltage,false
1193442,203-4096185-2188350,AMAZON,B0CN3D664D,,WCB6WH+RPR44WH,1,10.89,10.89,2026-06-29 16:00:45,amazon Dcvoltage,false
1193449,026-9466171-8981162,AMAZON,B0946Y4C6M,,CRSF100BM+PHMU1PBRGS+LSDO210BG,3,58.80,16.33,2026-06-29 16:18:34,amazon Ledsone,false
1193450,203-7859595-6100338,AMAZON,B0CNPZHQPW,,LDMG80B224,1,5.94,6.99,2026-06-29 16:12:30,amazon Dcvoltage,false
1193460,205-6451528-2879521,AMAZON,B0DQD9ZLBB,,PHSF1BRTCO3PK,1,32.21,26.84,2026-06-29 16:28:02,amazon Ledsone,false
1193461,204-8965461-2013125,AMAZON,B0B2K8W6F9,,LHC5E27WH3PK,1,5.69,4.74,2026-06-29 16:35:32,amazon Ledsone,false
1193472,203-7734752-0981162,AMAZON,B08XBXG4DR,,CRSF100WH+LHTTE27WH,1,10.89,10.89,2026-06-29 16:46:38,amazon Dcvoltage,false
1193473,205-7676802-1360329,AMAZON,B0FY1YSCNG,,WCIR300BM2PK+RPR44WH2PK,1,24.89,24.89,2026-06-29 16:51:21,amazon Dcvoltage,false
1193477,026-0312533-7307534,AMAZON,B0GNZRHMXW,,LHXWPE27PPWH3PK,7,82.53,9.82,2026-06-29 16:44:35,amazon Ledsone,false
1193478,203-0134325-5389134,AMAZON,B0D7MMR2GN,,CRFF105SN2PK,1,13.19,10.99,2026-06-29 16:31:38,amazon Ledsone,false
1193489,026-6065032-5772350,AMAZON,B0CVL9FRMG,,LSTF400GY2PK+RPR44WH2PK,1,29.69,29.69,2026-06-29 16:45:29,amazon Dcvoltage,false
1193492,204-4345670-7867549,AMAZON,B07DH89GTY,,12UK3P2A,1,8.88,4.99,2026-06-29 17:06:49,amazon Ledsone,false
1193498,203-5623660-9041131,AMAZON,B0F2GGDBJ1,,RWT460YE,2,18.07,6.33,2026-06-29 17:17:23,amazon Ledsone,false
1193499,202-8597918-4247566,AMAZON,B0DNK1NCSR,,WSFS2BMYB+SCRN70BM2PK+LSFT220WH2PK,1,29.89,24.91,2026-06-29 17:11:26,amazon Ledsone,false
1193504,204-8450505-7268335,AMAZON,B0FN7GZ1FJ,,CRSF100WH+LHNSE27WH,1,14.28,11.99,2026-06-29 17:22:24,amazon SRM Amazon,false
1193505,206-9873675-3725138,AMAZON,B08SHV91ZW,,CRFF100GB+PHUP1PBRGB+CNT900GB,1,11.99,11.99,2026-06-29 17:23:40,amazon Dcvoltage,false
1193506,206-6228018-4953918,AMAZON,B0DTHKSHFY,,WCB7BS3PK+RPR44WH3PK,1,23.49,23.49,2026-06-29 17:23:27,amazon Dcvoltage,false
1193510,204-2794299-9872340,AMAZON,B084RP9PZ7,,WCB4BS+RPR44WH,1,9.89,8.24,2026-06-29 17:26:01,amazon Ledsone,false
1193511,202-4424463-9478741,AMAZON,B0DH9BZVRP,,CL3TBR5PK,1,11.99,11.99,2026-06-29 17:37:32,amazon Dcvoltage,false
1193513,205-1040701-4859511,AMAZON,B0FQVCR27X,,ENC9102,2,49.78,24.89,2026-06-29 17:40:22,amazon Dcvoltage,false
1193514,204-6186323-1535511,AMAZON,B0FNQZKZRN,,BSFCDRWHPI,1,21.99,18.32,2026-06-29 17:41:19,amazon Ledsone,false
1193515,202-5025198-8247541,AMAZON,B0GVT3RF7L,,WCBTC120FG2PK+RPR44WH2PK,1,20.89,17.41,2026-06-29 17:46:24,amazon Ledsone,false
1193524,026-3390154-1632343,AMAZON,B0DTHJYV3K,,WCB6BC3PK+RPR44WH3PK,1,22.49,22.49,2026-06-29 18:05:25,amazon Dcvoltage,false
1193532,202-2642950-6467560,AMAZON,B09CZFGJ5C,,ENC8881,1,26.99,22.49,2026-06-29 18:23:56,amazon Ledsone,false
1193533,206-2063316-8132301,AMAZON,B0CN376GSP,,CRSF1202BM+PHHT2PBRBM2PK+SPUPBM2PK,1,19.89,16.57,2026-06-29 18:27:02,amazon Ledsone,false
1193534,203-1135293-8927509,AMAZON,B0F1D3FS5C,,RWWPSY0660YE,1,5.88,2.99,2026-06-29 18:19:32,amazon Dcvoltage,false
1193535,202-0319681-5769970,AMAZON,B0DV5FSQVT,,ENC8213,1,34.89,34.89,2026-06-29 18:23:56,amazon SRM Amazon,false
1193542,206-8385853-0713131,AMAZON,B0D35T7XRC,,LDCCE27153PK,1,10.62,10.41,2026-06-29 18:34:19,amazon Ledsone,false
1193553,205-8778369-7658756,AMAZON,B093TDJGGL,,LSCY290BS+RPR44WH,1,16.49,13.74,2026-06-29 18:49:29,amazon Ledsone,false
1193554,202-3971595-4583554,AMAZON,B07T9T1R58,,CL3TPUAPK,1,21.89,18.24,2026-06-29 18:50:18,amazon Ledsone,false
1193558,206-0348024-4961143,AMAZON,B083HZ9RW9,,NT35PK,1,7.98,4.24,2026-06-29 19:06:52,amazon Ledsone,false
1193565,204-7479426-1267506,AMAZON,B0D59MHSXN,,WCB3WH2PK+RPR44WH2PK,1,16.09,16.09,2026-06-29 19:11:40,amazon Dcvoltage,false
1193573,204-5929211-7344333,AMAZON,B08XBXG4DR,,CRSF100WH+LHTTE27WH,1,10.89,10.89,2026-06-29 19:30:38,amazon Dcvoltage,false
1193574,203-3176570-0300306,AMAZON,B0DH22XKVS,,LSHQ160BS2PK+RPR44WH2PK,1,16.48,13.73,2026-06-29 19:30:38,amazon Ledsone,false
1193575,026-0594929-1975545,AMAZON,B083XHSX6F,,CL2TGD3PK,3,17.09,4.24,2026-06-29 19:30:51,amazon Ledsone,false
1193577,204-9357233-6573152,AMAZON,B0FY5TWHGH,,LDSG1007E27,1,12.99,10.82,2026-06-29 19:36:13,amazon Ledsone,false
1193583,204-8884445-7269909,AMAZON,B07L6T9P7B,,CRSF100GB,1,8.89,8.89,2026-06-29 19:39:39,amazon Dcvoltage,false
1193584,205-1008199-5320333,AMAZON,B08KH42D5X,,CL2RHE5PK,1,13.99,13.99,2026-06-29 19:42:13,amazon Dcvoltage,false
1193585,026-4464300-4629149,AMAZON,B0DH98XLXH,,CL3TBM3PK,1,9.99,9.99,2026-06-29 19:45:41,amazon Dcvoltage,false
1193586,206-6624516-9552365,AMAZON,B0F1XSRZGR,,TSWGQBRE2PK,1,13.18,8.57,2026-06-29 19:43:34,amazon Ledsone,false
1193589,203-5187805-1505100,AMAZON,B0D59PJ89M,,WCB2BS2PK+RPR44WH2PK,1,15.29,15.29,2026-06-29 20:00:15,amazon Dcvoltage,false
1193590,205-3535791-8621967,AMAZON,B0GDDXRR5K,,LDMT185E2735PK,1,14.61,14.32,2026-06-29 19:51:27,amazon Ledsone,false
1193591,204-8442835-8219543,AMAZON,B0CSDPYCLM,,STBFT50M48EWH,1,5.24,2.30,2026-06-29 19:51:49,amazon Ledsone,false
1193592,205-8072560-7005143,AMAZON,B0CZXHLR1Q,,TPOSBDBM2PK,1,44.54,37.12,2026-06-29 19:54:12,amazon Ledsone,false
1193600,203-1072890-7592324,AMAZON,B0D7MSLPL3,,CRFF105CH2PK,1,13.89,11.57,2026-06-29 20:00:46,amazon Ledsone,false
1193606,204-6102997-3429101,AMAZON,B0DMF2KF74,,ENC9307,1,27.29,22.74,2026-06-29 20:16:16,amazon Ledsone,false
1193607,026-5178760-6940351,AMAZON,B091N5YNF6,,PHDH1HETHE+ICST64E272PK,1,15.04,14.74,2026-06-29 20:17:13,amazon Ledsone,false
1193608,205-6707121-2479522,AMAZON,B0D4Y4SPFR,,CRFF140BM+WSWH135BM+LSDO210BC,3,50.07,16.69,2026-06-29 20:17:43,amazon Dcvoltage,false
1193614,205-5582463-2559566,AMAZON,B0D7BZ726S,,LDSG125E274,1,12.74,12.49,2026-06-29 20:28:04,amazon Ledsone,false
1193630,205-2965701-9410722,AMAZON,B08RYTP5WV,,HRE2738WH2PK,1,3.80,0.91,2026-06-29 20:55:15,amazon SRM Amazon,false
1193631,026-3060069-2325118,AMAZON,B0CZXHLR1Q,,TPOSBDBM2PK,1,37.86,37.12,2026-06-29 21:14:20,amazon Ledsone,false
1193632,202-8099032-1605163,AMAZON,B0CGRGZ9C2,,CRSF100BM+SPUPBM+PHRNWP2RBM+ICST64E27,2,32.90,14.74,2026-06-29 20:50:00,amazon Ledsone,false
1193634,206-9771791-8691528,AMAZON,B0FKMB9NWG,,CRFF108BM2PK+LHTTE27BM2PK,1,23.29,15.24,2026-06-29 20:55:49,amazon Ledsone,false
1193636,204-6390614-4557111,AMAZON,B07L5D9189,,WCBV62BM+SCRN70BM,1,10.45,8.89,2026-06-29 20:56:25,amazon Dcvoltage,false
1193640,202-1606311-9451556,AMAZON,B0FZCW7KC7,,LSHM300HE+RPR44WH,1,22.89,22.89,2026-06-29 21:10:01,amazon Dcvoltage,false
1193641,206-0586600-4697134,AMAZON,B0F944BWSZ,,CL3TBM3PK,1,9.49,7.91,2026-06-29 21:00:03,amazon Ledsone,false
1193643,203-6674238-1853946,AMAZON,B0CZXL6ZYG,,TPOSBDBM,1,24.99,20.82,2026-06-29 21:12:35,amazon Ledsone,false
1193652,203-3472477-8767552,AMAZON,B0B4BHWYR9,,PSDS2BMRGD,1,10.19,9.99,2026-06-29 21:21:36,amazon Ledsone,false
1193653,203-6338120-8501148,AMAZON,B0DB1ZKCNS,,PSDS2BMRGR3PK,1,30.89,25.74,2026-06-29 21:21:36,amazon Ledsone,false
1193654,202-8687258-8038714,AMAZON,B0DZHG2D57,,ENC4643,2,69.95,31.34,2026-06-29 21:24:16,amazon Ledsone,false
1193660,202-2526903-2168359,AMAZON,B09WJD9ZR5,,CRFF140CO+WSNW170CO+LSOL220CO,2,39.78,16.58,2026-06-29 21:28:47,amazon Ledsone,false
1193663,203-7643632-7479569,AMAZON,B0CV7K3P22,,RWGS1533WH,1,7.25,3.89,2026-06-29 21:47:54,amazon Dcvoltage,false
1193673,026-6218814-0605903,AMAZON,B0CNQ1Q3BJ,,LDMG125E278,1,6.96,8.19,2026-06-29 21:51:45,amazon Dcvoltage,false
1193675,202-2995193-0435508,AMAZON,B0F32VG78J,,RWWPSN10GY,1,5.26,2.32,2026-06-29 21:59:12,amazon Ledsone,false
1193676,203-3889519-2752359,AMAZON,B0DTPTMQHQ,,LSCY290YE+RPR44WH,1,15.89,13.24,2026-06-29 22:06:44,amazon Ledsone,false
1193677,026-7693231-4393148,AMAZON,B0CP7MPK37,,LHC1E27WH,2,12.86,5.39,2026-06-29 22:06:15,amazon Dcvoltage,false
1193681,203-6593051-4801952,AMAZON,B0CLDC2CLF,,CRSF108CO2PK+WSST70CO2PK+ICST64E272PK,1,24.89,20.74,2026-06-29 22:12:09,amazon Ledsone,false
1193683,205-7588638-0257901,AMAZON,B0G8XNKNXM,,CRFF500BM+PHNW1RBC3PK,1,23.89,19.91,2026-06-29 22:12:10,amazon Ledsone,false
1193684,202-1194852-4053134,AMAZON,B0FKMB9NWG,,CRFF108BM2PK+LHTTE27BM2PK,1,18.29,15.24,2026-06-29 22:15:51,amazon Ledsone,false
1193685,203-7161181-9641166,AMAZON,B0D5B5D134,,WCDTWH2PK+RPR44WH2PK,1,18.19,18.19,2026-06-29 22:12:32,amazon Dcvoltage,false
1193690,205-1801404-0423517,AMAZON,B07F9R3GVS,,LDMG95E278,1,6.96,8.19,2026-06-29 22:32:59,amazon Dcvoltage,false
1193691,204-3212239-2625969,AMAZON,B08WJHR3FD,,CRSF100YB+LHNSE27YB+LSRP260YB,1,26.29,26.29,2026-06-29 22:42:46,amazon Dcvoltage,false
1193693,202-7190354-8949135,AMAZON,B0D4XZMBW6,,LDMG80B2246PK,1,17.19,17.19,2026-06-29 22:54:59,amazon Dcvoltage,false
1193694,026-2953734-0149152,AMAZON,B0DJPJHRS2,,TCTE06S1P5,2,19.47,8.29,2026-06-29 22:54:33,amazon Dcvoltage,false
1193695,202-6478652-6986750,AMAZON,B0D4YPCPPS,,LDMG80E2746PK,1,19.39,19.39,2026-06-29 22:54:59,amazon Dcvoltage,false
1193696,206-3097238-5426747,AMAZON,B08XBXG4DR,,CRSF100WH+LHTTE27WH,1,10.89,10.89,2026-06-29 23:03:56,amazon Dcvoltage,false
1193697,206-0027036-0867539,AMAZON,B0CDQ1FBZX,,WCCYSQBM2PK,2,75.65,34.08,2026-06-29 23:06:50,amazon Ledsone,false
1193702,205-9576024-2901915,AMAZON,B093H8YG8Z,,LSMS320GY+RPR44WH,1,14.99,12.49,2026-06-29 23:20:44,amazon Ledsone,false
1193704,205-5358616-0999527,AMAZON,B0DBZQVRLZ,,CL3RHE5PK,1,12.99,12.99,2026-06-29 23:25:18,amazon SRM Amazon,false
1193707,204-2294470-8428322,AMAZON,B0CNLXGY18,,WCB1RR+RPR44WH,1,10.29,10.29,2026-06-29 23:32:27,amazon Dcvoltage,false
1193710,205-3353277-8552304,AMAZON,B0D5BDGF22,,LSMS320OR2PK+RPR44WH2PK,1,27.09,27.09,2026-06-29 23:42:36,amazon Dcvoltage,false
1193711,206-7863887-9052313,AMAZON,B0F9YPW5KB,,LSMS320BU+RPR44WH,1,14.99,12.49,2026-06-29 23:57:26,amazon Ledsone,false
1193714,203-5274174-7358713,AMAZON,B0DVLV3QCW,,PHCH1FBRBM+LSHQ180BG,2,41.58,17.33,2026-06-30 00:33:49,amazon Ledsone,false
1193715,205-6673291-7764367,AMAZON,B0DCD25XPJ,,STPVC17ABL3PK,1,6.72,0.99,2026-06-30 00:43:31,amazon Dcvoltage,false
1193718,203-3877240-9667512,AMAZON,B0CNG5GG2X,,TPHTTF2PBRBM,1,16.91,19.89,2026-06-30 01:31:49,amazon Dcvoltage,false
1193719,203-3279355-3821902,AMAZON,B0DFBMF3Q2,,WCDTRO3PK+RPR44WH3PK,1,23.59,23.59,2026-06-30 02:26:14,amazon Dcvoltage,false
1193721,206-6373454-3094739,AMAZON,B0F9WXH3SL,,CL2RBMAPK,1,16.14,15.82,2026-06-30 02:36:44,amazon Ledsone,false
1193753,202-3609686-5266735,AMAZON,B0BZ4S5WQD,,LSUL220BC+RPR44WH,1,13.01,10.84,2026-06-30 06:03:31,amazon Ledsone,false
1193757,204-1623703-6379532,AMAZON,B08PD5LDM2,,PLTTBC+LSTF40BC,1,25.89,25.89,2026-06-30 06:23:46,amazon Dcvoltage,false
1193768,204-0316149-0403531,AMAZON,B0D7S1FK1Q,,LSMS320GR2PK+RPR44WH2PK,1,25.89,21.57,2026-06-30 06:53:37,amazon Ledsone,false
1193771,202-5335360-8081919,AMAZON,B0FX2XDLT5,,LSCYRO200BM2PK+RPR44WH2PK,1,26.89,26.89,2026-06-30 07:03:10,amazon Dcvoltage,false
1193776,202-4715063-3685928,AMAZON,B08XXLR7YZ,,WCBNBM+RPR44WH,1,11.78,8.89,2026-06-30 07:05:12,amazon Dcvoltage,false
1193777,206-5845124-6861947,AMAZON,B0CZXHLR1Q,,TPOSBDBM2PK,1,37.86,37.12,2026-06-30 07:13:23,amazon Ledsone,false
1193783,203-2540670-6793969,AMAZON,B0D5H9G5VM,,CKEC10BM,1,13.99,11.66,2026-06-30 07:24:30,amazon Ledsone,false
1193790,203-3053044-0777929,AMAZON,B0DH88CM2Z,,HLSC96BM,1,4.39,4.39,2026-06-30 07:43:06,amazon Dcvoltage,false
1193793,204-3330461-0229168,AMAZON,B0FMRL88RP,,CRSF100WH2PK+LHTTE27WH2PK,1,18.89,18.89,2026-06-30 07:56:52,amazon Dcvoltage,false
1193804,026-2205947-8782767,AMAZON,B083TZC6WR,,CRFF500BM+PHHRE1HETHE3PK,2,47.78,19.91,2026-06-30 08:44:38,amazon Ledsone,false
1193808,202-6974656-0115530,AMAZON,B083TZC6WR,,CRFF500BM+PHHRE1HETHE3PK,1,23.89,19.91,2026-06-30 08:52:45,amazon Ledsone,false
1193809,202-1133424-5149116,AMAZON,B0FY2HP9LJ,,PHUH0.5HETBM,1,10.99,9.16,2026-06-30 08:52:45,amazon Ledsone,false
1193810,203-9110539-5573905,AMAZON,B0GP73VLM8,,LHPVHRE27WH,1,7.29,4.07,2026-06-30 08:57:53,amazon Ledsone,false
1193811,202-1956671-0013163,AMAZON,B0C7QYQ25P,,CRSF2003BM+WCRN3CBM3PK,1,43.89,43.89,2026-06-30 09:03:17,amazon Dcvoltage,false
1193821,202-1083201-5849944,AMAZON,B0D9RXKPVB,,ENC7501,1,41.56,48.89,2026-06-30 08:57:00,amazon Dcvoltage,false
1193822,026-6789651-8688365,AMAZON,B0DTPB2YC2,,WCB2BM3PK+RPR44WH3PK,1,21.89,18.24,2026-06-30 08:59:51,amazon Ledsone,false
1193823,202-8633472-1703546,AMAZON,B0B9Y59487,,CL3TBR5PK,1,13.79,11.49,2026-06-30 09:02:47,amazon Ledsone,false
1193826,202-8885587-9429910,AMAZON,B0BZPY26GW,,SLW4,1,8.08,4.32,2026-06-30 09:08:16,amazon Ledsone,false
1193827,205-8582796-5129941,AMAZON,B0C3GYCJXX,,LSDO210CB+RPR44WH,2,23.98,9.99,2026-06-30 09:08:52,amazon Ledsone,false
1193837,203-7266579-4472369,AMAZON,B0CCHZ98M6,,SPSDP2BM,1,8.68,4.82,2026-06-30 09:22:44,amazon Ledsone,false
1193838,204-1550288-9793142,AMAZON,B0F945Z6H2,,CL3TAG3PK,1,6.79,6.66,2026-06-30 09:23:23,amazon Ledsone,false
1193844,026-2219928-4245119,AMAZON,B0D7VFSCQD,,SPSDP2WHAPK,1,39.09,32.57,2026-06-30 09:29:27,amazon Ledsone,false
1193845,206-0684366-9318759,AMAZON,B0F2919THD,,LSCY290CO+RPR44WH,1,18.89,15.74,2026-06-30 09:35:29,amazon Ledsone,false
1193851,205-6620575-2367528,AMAZON,B0DJR42Q18,,SPSPWH2PK,1,5.58,2.24,2026-06-30 09:44:44,amazon Ledsone,false
1193856,026-9458946-5817969,AMAZON,B0B71KX4H3,,CRSF100WH,1,8.88,4.99,2026-06-30 09:52:58,amazon Ledsone,false
1193857,202-4685805-7690724,AMAZON,B0BBS3RDGZ,,CL3TLBAPK,1,21.89,18.24,2026-06-30 09:54:52,amazon Ledsone,false
1193859,026-9719928-9729913,AMAZON,B0BL866KGP,,LDMT45E2742PK,3,41.67,11.57,2026-06-30 09:55:48,amazon Ledsone,false
1193860,202-2076368-7821159,AMAZON,B0DZX2WJ3Y,,CMWHDPK,1,12.89,10.74,2026-06-30 09:57:28,amazon Ledsone,false
1193861,202-3508195-1718768,AMAZON,B07CSVGZMV,,CL3TBUAPK,2,39.98,19.99,2026-06-30 09:49:12,amazon Dcvoltage,false
1193862,203-8384591-9329955,AMAZON,B07CQNNPKW,,CL2TBU5PK,1,12.89,12.89,2026-06-30 09:49:19,amazon Dcvoltage,false
1193871,202-0977056-9785913,AMAZON,B0F32XDDL4,,RWWPSN60YE,1,5.78,2.41,2026-06-30 10:16:27,amazon Ledsone,false
1193894,206-4886756-1546719,AMAZON,B0DP2VNVVF,,CRSF100SN+PHCHPCRSN+LSCY290SN,1,23.89,19.91,2026-06-30 10:50:16,amazon Ledsone,false
1193902,204-1660473-8404335,AMAZON,B0F9YL55QB,,CRSF100HBM+WSWS1PHTBM+PSDS2BPB+ICST64E27,1,19.54,22.99,2026-06-30 10:49:29,amazon Dcvoltage,false
1193903,203-0288891-2755552,AMAZON,B0FX2Q2VVY,,LSCYRO120GD2PK+RPR44WH2PK,1,21.29,21.29,2026-06-30 10:53:59,amazon Dcvoltage,false
1193911,206-2241608-3881112,AMAZON,B0CNXLKDMF,,CL3THE3PK,1,4.99,4.99,2026-06-30 11:02:59,amazon Dcvoltage,false
1193912,206-2241608-3881112,AMAZON,B0CNXLGT98,,CL3TBP3PK,1,4.49,4.49,2026-06-30 11:02:59,amazon Dcvoltage,false
1193913,206-5938404-3595529,AMAZON,B0F29P1SH6,,CERU36150GR,1,4.53,1.37,2026-06-29 09:22:42,amazon Ledsone,false
1193926,202-9102305-2771506,AMAZON,B0GL8P6NQ3,,LDMT185E2742PK,1,11.04,10.82,2026-06-30 11:21:43,amazon Ledsone,false
1193927,026-2904508-7689952,AMAZON,B08NXMD5D7,,LSFT220BM+RPR44WH,1,10.79,10.79,2026-06-30 11:19:02,amazon SRM Amazon,false
1193933,205-2981493-3865117,AMAZON,B0FX53HC81,,LSCYRO300WH2PK+RPR44WH2PK,1,32.09,32.09,2026-06-30 11:34:54,amazon Dcvoltage,false
1193935,202-5902541-6777951,AMAZON,B0FDQYNDNH,,CERU36200WH,1,5.28,1.66,2026-06-30 11:31:52,amazon Ledsone,false
1193937,205-8074667-9003559,AMAZON,B0B4BHWYR9,,PSDS2BMRGD,1,11.99,9.99,2026-06-30 11:35:43,amazon Ledsone,false
1193942,205-3433957-3270738,AMAZON,B0FW4R1JC8,,LSCYRO200WH,1,14.89,12.41,2026-06-30 11:34:54,amazon Ledsone,false
1193943,026-7755363-7873115,AMAZON,B0DTHZ1JX5,,WCDCBM4PK+RPR44WH4PK,1,29.49,24.57,2026-06-30 11:40:12,amazon Ledsone,false
1193944,206-5008396-5688320,AMAZON,B07DHK71YN,,LDMST64E274,1,6.89,5.74,2026-06-30 11:40:56,amazon Ledsone,false
1193946,204-5648715-1066761,AMAZON,B0CPBY28LB,,LSCY290GY+RPR44WH,1,21.09,16.09,2026-06-30 11:51:57,amazon Dcvoltage,false
1193947,205-0595381-4660346,AMAZON,B08V8SCW2X,,WCB7BM+RPR44WH,1,12.29,12.29,2026-06-30 11:53:33,amazon Dcvoltage,false
1193950,204-8259547-0685130,AMAZON,B0DX6WMCT6,,CENU19150BM,1,3.98,0.91,2026-06-30 12:09:29,amazon Ledsone,false
1193951,202-2676194-6589965,AMAZON,B0F28YNDZN,,LSCY290RO+RPR44WH,1,18.29,15.24,2026-06-30 12:07:00,amazon Ledsone,false
1193956,204-9733487-0706744,AMAZON,B0FY2HP9LJ,,PHUH0.5HETBM,1,10.99,9.16,2026-06-30 12:10:53,amazon Ledsone,false
1193957,206-5395387-2973142,AMAZON,B0CNTDCH3P,,WCB7BM,1,10.29,10.29,2026-06-30 12:13:27,amazon Dcvoltage,false
1193959,202-4148525-5737953,AMAZON,B0F29P1SH6,,CERU36150GR,1,4.58,1.41,2026-06-30 12:22:19,amazon Ledsone,false
1193961,205-2496483-8573954,AMAZON,B0CFVCM4Z5,,PSOS4BMTHE+ICST64E27,2,37.18,15.49,2026-06-30 12:30:26,amazon Ledsone,false
1193968,202-7194801-4890708,AMAZON,B0GP719CDX,,LHPVHRE27WH5PK,1,10.11,9.91,2026-06-30 12:47:43,amazon Ledsone,false
1193969,203-8750574-8866746,AMAZON,B0BYZ8LTMR,,ENC6469,1,63.89,53.24,2026-06-30 12:46:43,amazon Ledsone,false
1193980,202-3066869-9516319,AMAZON,B0B7196F29,,CRSF100CH,1,8.88,4.99,2026-06-30 13:03:02,amazon Ledsone,false
1193987,203-3939963-9829130,AMAZON,B07ZFWR48Y,,CRFF100BM+LHNSE27BM,1,13.89,13.89,2026-06-30 13:12:52,amazon Dcvoltage,false
1193988,026-9785886-4267510,AMAZON,B0FB2SJG54,,PHSF2BMRBY+SPSDP2BM,2,27.55,12.41,2026-06-30 13:14:33,amazon Ledsone,false
1193989,203-5901491-8745144,AMAZON,B0FPWXQWQD,,LDCWA60HB2296PK,1,9.98,6.24,2026-06-30 13:19:11,amazon Ledsone,false
1193990,205-4177022-8261906,AMAZON,B0D93SG7BH,,WCB6BS3PK+RPR44WH3PK,1,21.89,18.24,2026-06-30 13:19:42,amazon Ledsone,false
1193996,204-2775488-0614708,AMAZON,B0B71MJFDZ,,CRSF100BM,1,8.88,4.99,2026-06-30 13:19:59,amazon Ledsone,false
1193997,206-9887702-6395564,AMAZON,B0GQ48BNBZ,,LSGLSC115AR+RPM40WH,2,22.12,11.89,2026-06-30 13:20:40,amazon Dcvoltage,false
1194003,203-4228080-1829965,AMAZON,B0DH93SBTS,,CL3TGY5PK,1,11.99,11.99,2026-06-30 13:33:17,amazon Dcvoltage,false
1194004,203-4228080-1829965,AMAZON,B0DMNVKDZ6,,LHCCE27RE+CGMLBM,1,6.69,6.69,2026-06-30 13:33:17,amazon Dcvoltage,false
1194006,206-8894267-8557109,AMAZON,B0DCK2DVZ7,,PHSF1BMTBM,1,10.65,10.65,2026-06-30 13:40:35,amazon SRM Amazon,false
1194007,026-3949129-4633157,AMAZON,B0DMT5YWLR,,PCFT90TBM5PK,1,12.68,8.16,2026-06-30 13:41:23,amazon Ledsone,false
1194008,203-9385014-6776302,AMAZON,B0FN7YJXXB,,SSSFGLCL3PK,1,6.48,2.99,2026-06-30 13:46:59,amazon Ledsone,false
1194009,026-2632390-2761136,AMAZON,B0DCL951LM,,WLINCE7WBM,4,75.56,15.74,2026-06-30 13:46:05,amazon Ledsone,false
1194020,204-7505561-4344317,AMAZON,B0F43P9RF4,,CENU70450BM,5,39.55,6.69,2026-06-22 09:56:25,amazon Dcvoltage,false
1194021,204-3405730-9468305,AMAZON,B08PYZZP4Q,,12IP6736,1,9.23,9.23,2026-06-30 14:00:38,amazon SRM Amazon,false
1194023,026-7245821-2356343,AMAZON,B0CLDB683B,,CRSF108BM2PK+WSST70BM2PK+ICST64E272PK,1,24.89,20.74,2026-06-30 14:17:54,amazon Ledsone,false
1194024,204-8697363-9507523,AMAZON,B0DG2ZDQY5,,RPM40BMAPK,1,10.09,10.09,2026-06-30 14:30:30,amazon Dcvoltage,false
1194036,026-0230093-1968332,AMAZON,B0DP2CQ86C,,PHUH1HETBM2PK+LSHM400HE2PK,1,59.49,58.32,2026-06-30 14:38:18,amazon Ledsone,false
1194037,202-4764209-4738745,AMAZON,B0FMRL88RP,,CRSF100WH2PK+LHTTE27WH2PK,2,37.78,18.89,2026-06-30 14:47:54,amazon Dcvoltage,false
1194038,203-9867582-9781156,AMAZON,B0D35T7XRC,,LDCCE27153PK,1,12.49,10.41,2026-06-30 14:45:29,amazon Ledsone,false
1194046,026-7654351-2285918,AMAZON,B0DH98RWFJ,,CL3TBW5PK,7,78.05,11.99,2026-06-30 14:51:18,amazon Dcvoltage,false
1194047,202-4754401-3002765,AMAZON,B08THKP7SW,,LSCY290WH+RPR44WH,1,15.89,15.89,2026-06-30 14:50:57,amazon Dcvoltage,false
1194048,206-6573196-9626767,AMAZON,B08XBXG4DR,,CRSF100WH+LHTTE27WH,1,10.89,10.89,2026-06-30 14:57:49,amazon Dcvoltage,false
1194049,026-0308636-8662775,AMAZON,B0DRP87NC8,,LHSHE27GB2PK,4,43.56,10.89,2026-06-30 14:51:18,amazon SRM Amazon,false
1194053,206-7620629-6657936,AMAZON,B0BNNTZSBR,,LDMG125B2286PK,1,24.19,20.16,2026-06-30 14:55:01,amazon Ledsone,false
1194054,205-0003591-9042759,AMAZON,B0DSBPHK7T,,PLTTBC+LSFT220BC,1,21.79,18.16,2026-06-30 15:17:50,amazon Ledsone,false
1194055,026-4553483-9510744,AMAZON,B09477VMYH,,LDMG95E2785PK,2,38.65,17.41,2026-06-30 15:20:16,amazon Ledsone,false
1194072,026-5946953-6052306,AMAZON,B0FMRL88RP,,CRSF100WH2PK+LHTTE27WH2PK,1,18.89,18.89,2026-06-30 15:54:57,amazon Dcvoltage,false
1194073,026-1624386-4750769,AMAZON,B0D793XNFS,,WCB6BS2PK+RPR44WH2PK,1,16.89,14.07,2026-06-30 15:48:54,amazon Ledsone,false
1194074,206-9636145-7869919,AMAZON,B08RYTP5WV,,HRE2738WH2PK,1,3.80,0.91,2026-06-30 15:49:57,amazon SRM Amazon,false
1194080,203-2544635-7409121,AMAZON,B084RFZNH8,,WCB7BM+RPR44WH,2,23.78,9.91,2026-06-30 16:01:11,amazon Ledsone,false
1194090,206-1106472-3961912,AMAZON,B0D9RYF987,,ENC7498,1,47.09,47.09,2026-06-30 16:16:40,amazon Dcvoltage,false
1194091,026-3445967-9669164,AMAZON,B0FZ9TKLR9,,LSCY290OR3PK+RPR44WH3PK,1,52.78,32.43,2026-06-30 16:17:22,amazon Dcvoltage,false
1194099,205-9848855-2660340,AMAZON,B0G499B37C,,WCCYSP180WH2PK+RPR44WH2PK,1,24.89,20.74,2026-06-30 16:23:23,amazon Ledsone,false
1194107,206-1596614-3037167,AMAZON,B0DH4KYFPD,,WCDTBM2PK+RPR44WH2PK,1,18.29,15.24,2026-06-30 16:35:37,amazon Ledsone,false
1194108,204-4864511-6736322,AMAZON,B0DMT5YWLR,,PCFT90TBM5PK,2,21.10,8.16,2026-06-30 16:38:21,amazon Ledsone,false
1194109,206-2667418-3176337,AMAZON,B0DCZFHYWK,,ENC7385,1,42.99,35.82,2026-06-30 16:38:16,amazon Ledsone,false
1194112,205-7517527-0313942,AMAZON,B0CDWVF7VV,,PSHYOS4WRWH,1,14.29,11.91,2026-06-30 16:46:38,amazon Ledsone,false
1194113,026-9896772-9217958,AMAZON,B0F1TQW3J1,,CENU36300WH,5,15.50,2.49,2026-06-30 16:48:14,amazon Dcvoltage,false
1194119,205-8444377-2219541,AMAZON,B0CNLYFXT7,,WCB3BC+RPR44WH,1,11.09,11.09,2026-06-30 16:56:05,amazon Dcvoltage,false
1194120,204-3811332-4666733,AMAZON,B0DH6B49KD,,CL2TGL5PK,1,10.09,10.09,2026-06-30 16:56:47,amazon Dcvoltage,false
1194131,206-8416847-8151558,AMAZON,B0FW52B2N5,,LSCYRO300WH+RPR44WH,3,55.49,19.89,2026-06-30 17:16:25,amazon Dcvoltage,false
1194132,026-3611172-0062735,AMAZON,B08XBXG4DR,,CRSF100WH+LHTTE27WH,1,10.89,10.89,2026-06-30 17:24:22,amazon Dcvoltage,false
1194133,205-7027086-2460340,AMAZON,B0F29P1SH6,,CERU36150GR,2,6.03,1.41,2026-06-30 17:15:28,amazon Ledsone,false
1194134,203-6224466-9805903,AMAZON,B0CG1VJLT9,,CRFF108CO2PK+LHTKE27CO2PK,1,17.09,14.24,2026-06-30 17:24:58,amazon Ledsone,false
1194135,204-2389283-9233957,AMAZON,B0DQD74HVG,,PHSF1BMTYB3PK,1,31.09,25.91,2026-06-30 17:28:42,amazon Ledsone,false
1194139,202-3463902-0431536,AMAZON,B0GLGB3M6Q,,LSGLFP245PU+RPM40WH,1,13.51,15.89,2026-06-30 17:34:43,amazon Dcvoltage,false
1194142,203-6325640-3820326,AMAZON,B096G2FWWQ,,CRSF100BM+PHCHPBRCO+LSCY290CO,1,26.99,26.99,2026-06-30 17:40:43,amazon Dcvoltage,false
1194143,026-9107882-8137941,AMAZON,B0CNXLR5DJ,,CL3TLB3PK,1,7.78,4.49,2026-06-30 17:52:46,amazon Dcvoltage,false
1194147,206-5740901-9564323,AMAZON,B0DT9KLT3V,,PSOS2HERBM2PK+ICST64E272PK,1,29.89,29.89,2026-06-30 17:59:06,amazon SRM Amazon,false
1194158,203-5762313-4872357,AMAZON,B0GR8KYJPZ,,SPPGUK3PTR2PK,1,8.38,4.57,2026-06-30 18:22:07,amazon Ledsone,false
1194159,206-1873226-5841136,AMAZON,B08XBXG4DR,,CRSF100WH+LHTTE27WH,1,10.89,10.89,2026-06-30 18:23:25,amazon Dcvoltage,false
1194166,202-0264201-4767532,AMAZON,B0DJPH1L9P,,TCTEGRS1YE,1,9.78,6.89,2026-06-30 18:34:31,amazon Dcvoltage,false
1194167,203-7802715-9560307,AMAZON,B08XBL1J75,,PSDS2BMRGY,1,11.99,11.99,2026-06-30 18:29:42,amazon Dcvoltage,false
1194171,202-1146055-6212366,AMAZON,B0CBBFL216,,LSMS320WH+RPR44WH,1,14.99,14.99,2026-06-30 18:47:43,amazon Dcvoltage,false
1194185,205-2990369-8224318,AMAZON,B0DTZ1MNRH,,LSMS320BG+RPR44WH,1,21.69,16.69,2026-06-30 19:17:58,amazon Ledsone,false
1194186,203-5642914-5949102,AMAZON,B0C9WZ8PNF,,LSDO210BM+RPR44WH,1,11.89,11.89,2026-06-30 19:17:17,amazon Dcvoltage,false
1194193,203-9164254-9272305,AMAZON,B0CNQ1Q3BJ,,LDMG125E278,1,8.19,8.19,2026-06-30 19:25:48,amazon Dcvoltage,false
1194199,204-0873073-2616362,AMAZON,B0FMRL88RP,,CRSF100WH2PK+LHTTE27WH2PK,1,18.89,18.89,2026-06-30 19:35:01,amazon Dcvoltage,false
1194200,205-4683757-8463510,AMAZON,B0DSBP4962,,PLTTBC+LSFT220BC,1,21.79,21.79,2026-06-30 19:36:39,amazon Dcvoltage,false
1194205,026-9971747-5358738,AMAZON,B0CNC979LM,,ENC5318,1,35.89,35.89,2026-06-30 19:39:04,amazon Dcvoltage,false
1194207,204-4260118-6854740,AMAZON,B0BWS6GSL7,,LSDO210GR+RPR44WH,1,11.89,11.89,2026-06-30 19:45:38,amazon Dcvoltage,false
1194209,203-5690339-8177948,AMAZON,B086228MDF,,LDMST64B2286PK,1,16.91,16.57,2026-06-30 19:39:50,amazon Ledsone,false
1194215,203-4559265-2859515,AMAZON,B0874HDRXV,,PLTTBM+LSTF40BM,1,22.89,19.07,2026-06-30 19:58:08,amazon Ledsone,false
1194216,206-4341484-9208334,AMAZON,B08XBXG4DR,,CRSF100WH+LHTTE27WH,1,10.89,10.89,2026-06-30 19:51:40,amazon Dcvoltage,false
1194217,026-6233263-4201928,AMAZON,B0DH92JCT9,,CL3TLPAPK,1,16.99,16.99,2026-06-30 19:52:22,amazon Dcvoltage,false
1194223,204-3194886-8304346,AMAZON,B0GW83X9F4,,LHSWPBB22GD,1,12.79,9.90,2026-06-30 20:06:19,amazon Dcvoltage,false
1194224,203-1624841-9885141,AMAZON,B0BL82M8SB,,LDMT185E274,1,5.94,5.82,2026-06-30 20:07:08,amazon Ledsone,false
1194226,204-6424855-6044312,AMAZON,B0CTC7XPNX,,CRSF100BM+LHNSE27YB+SCRN70BM+LSFT220BG,1,18.89,18.89,2026-06-30 20:10:41,amazon Dcvoltage,false
1194228,026-3404452-6318718,AMAZON,B0G39VRZ29,,LSGG200AR+SCRN70FG,1,23.99,19.99,2026-06-30 20:20:19,amazon Ledsone,false
1194240,204-5703348-4977146,AMAZON,B0CKFD2MTJ,,PLTYBM+ICST64E27,1,18.89,15.74,2026-06-30 20:21:24,amazon Ledsone,false
1194242,205-2871529-6370750,AMAZON,B0BLZFGY38,,LDMG95E274APK,1,23.71,23.24,2026-06-30 20:23:22,amazon Ledsone,false
1194243,202-8247068-0026707,AMAZON,B086X973M2,,LHC2E27WH,1,5.78,2.41,2026-06-30 20:23:10,amazon Ledsone,false
1194247,203-6253802-6144324,AMAZON,B0B2K8W6F9,,LHC5E27WH3PK,1,5.69,4.74,2026-06-30 20:32:59,amazon Ledsone,false
1194248,206-9297204-2151553,AMAZON,B0DPPFXK6J,,PHSF1PWR40WH2PK+LSBS160BM2PK,1,37.79,31.49,2026-06-30 20:34:15,amazon Ledsone,false
1194249,205-9488862-0253117,AMAZON,B0DB5ZKYQY,,ENC3550,1,98.49,82.07,2026-06-30 20:36:19,amazon Ledsone,false
1194250,202-4522719-4570720,AMAZON,B0D7BZ726S,,LDSG125E274,1,14.99,12.49,2026-06-30 20:37:16,amazon Ledsone,false
1194251,206-2218945-5053946,AMAZON,B0CZXL6ZYG,,TPOSBDBM,1,24.99,20.82,2026-06-30 20:40:20,amazon Ledsone,false
1194252,204-1011505-4657127,AMAZON,B0DBWL4YQ5,,CL2RAGAPK,1,17.99,17.99,2026-06-30 20:42:09,amazon Dcvoltage,false
1194253,203-4856324-6648311,AMAZON,B0DMDWM25D,,ENC9314,1,23.11,27.19,2026-06-30 20:46:23,amazon Dcvoltage,false
1194262,026-6961294-5054700,AMAZON,B0CK7ZQFXV,,CRFF500BM+PHBK1PBRBA3PK+ICST64E273PK,1,35.99,29.99,2026-06-30 20:51:02,amazon Ledsone,false
1194263,202-5570379-1680340,AMAZON,B0F292MNGB,,LSCY290BG+RPR44WH,5,87.45,14.57,2026-06-30 20:57:37,amazon Ledsone,false
1194266,203-3629019-1907534,AMAZON,B0CTC7XPNX,,CRSF100BM+LHNSE27YB+SCRN70BM+LSFT220BG,1,18.89,18.89,2026-06-30 20:58:38,amazon Dcvoltage,false
1194270,205-6082481-6573961,AMAZON,B0CVL3TRRS,,LSEL400GY2PK+RPR44WH2PK,3,92.67,30.89,2026-06-30 21:07:55,amazon Dcvoltage,false
1194275,204-1179815-9415501,AMAZON,B0CNXJD9GN,,CL3TBM3PK,1,7.78,4.49,2026-06-30 21:09:23,amazon Dcvoltage,false
1194276,204-5552748-9302740,AMAZON,B0BWS8JP79,,LSDO210RE+RPR44WH,1,11.89,11.89,2026-06-30 21:11:16,amazon Dcvoltage,false
1194277,203-5198087-2751507,AMAZON,B0D9RWB87Q,,ENC7499,1,50.89,50.89,2026-06-30 21:15:21,amazon Dcvoltage,false
1194278,026-8927167-0988360,AMAZON,B0BW9QZSL2,,LSLT360GY+RPR44WH,1,13.29,11.07,2026-06-30 21:11:09,amazon Ledsone,false
1194279,026-3777199-4301921,AMAZON,B0CDWSZQY9,,PSHNOS4BRBM,1,11.89,9.91,2026-06-30 21:11:36,amazon Ledsone,false
1194280,203-3677184-6836333,AMAZON,B083XRYNMJ,,CL2TGY3PK,1,8.38,4.24,2026-06-30 21:16:45,amazon Ledsone,false
1194281,203-6586504-8939522,AMAZON,B0G1TKT3MT,,CKAN1904WH,1,11.59,9.66,2026-06-30 21:18:59,amazon Ledsone,false
1194282,204-1484600-7884315,AMAZON,B0DFYC7TCL,,LSMS320OR2PK+RPR44WH2PK,1,24.89,20.74,2026-06-30 21:18:22,amazon Ledsone,false
1194285,202-4169459-7775506,AMAZON,B08WWYBTYX,,ENC895,1,23.89,23.89,2026-06-30 21:19:16,amazon Dcvoltage,false
1194287,206-2964702-8435532,AMAZON,B0B2K8W6F9,,LHC5E27WH3PK,1,5.69,4.74,2026-06-30 21:22:32,amazon Ledsone,false
1194292,204-0379142-6772310,AMAZON,B0CNRL871B,,LDMST64E274,1,6.89,6.89,2026-06-30 21:31:11,amazon Dcvoltage,false
1194293,202-4501530-2052302,AMAZON,B07Q8KHSCQ,,24IP67120,1,21.99,21.99,2026-06-30 21:33:51,amazon Dcvoltage,false
1194294,203-3671157-5749110,AMAZON,B08FXRB2TK,,LSFT220GY+RPR44WH,1,10.79,10.79,2026-06-30 21:37:04,amazon Dcvoltage,false
1194308,202-3946580-4141158,AMAZON,B0CNPZDQHZ,,LDMG95E278,1,7.19,7.19,2026-06-30 21:55:14,amazon Dcvoltage,false
1194309,202-3962862-3258745,AMAZON,B0CNQ1Q3BJ,,LDMG125E278,1,8.19,8.19,2026-06-30 22:00:44,amazon Dcvoltage,false
1194311,205-3490509-9490735,AMAZON,B0CVGSG4WH,,CENU19150BM,1,4.38,0.91,2026-06-30 22:01:04,amazon Ledsone,false
1194312,202-3206305-4726754,AMAZON,B0868DXK1B,,CCBKNWE48,6,59.66,8.91,2026-06-30 22:04:29,amazon Ledsone,false
1194313,206-3601971-8118716,AMAZON,B0CW5LTNWS,,CRSF100BM+PHHT1PBRBM+LSFT320WH,1,20.78,17.32,2026-06-30 22:06:33,amazon Ledsone,false
1194315,202-1161076-2333967,AMAZON,B08241D3W6,,CRSF100WH+LHLTE27WH+WCGSBL,1,14.99,14.99,2026-06-30 22:00:36,amazon Dcvoltage,false
1194319,202-6072786-3691538,AMAZON,B0GCZG4XFD,,CRSF120WH,5,27.39,4.91,2026-06-30 22:12:16,amazon Ledsone,false
1194321,206-3386073-3263546,AMAZON,B0FMRL3D3P,,CRSF100BM2PK+LHTTE27BM2PK,1,16.06,18.89,2026-06-30 22:14:08,amazon Dcvoltage,false
1194322,205-5052105-9363504,AMAZON,B0GQ477V54,,LSGLLF170AR+RPM40WH,1,10.11,11.89,2026-06-30 22:15:49,amazon Dcvoltage,false
1194323,205-1671972-8515546,AMAZON,B0FX2TFPZM,,LSCYRO120WH2PK+RPR44WH2PK,1,22.89,22.89,2026-06-30 22:21:09,amazon Dcvoltage,false
1194328,202-8225566-9049159,AMAZON,B07VDSZWGD,,12ASIP20100,1,11.99,9.99,2026-06-30 22:29:06,amazon Ledsone,false
1194330,026-8715558-6989143,AMAZON,B096FZ186B,,CRSF100BM+PHCHPCRYB+LSCY290YB+ICST64E27,3,89.07,29.69,2026-06-30 22:29:13,amazon Dcvoltage,false
1194331,202-1529517-0045935,AMAZON,B0FH9MJR4S,,CRFF140BM+PHAH2RBMBM+SPSDP2BM,1,15.29,12.74,2026-06-30 22:31:06,amazon Ledsone,false
1194333,205-7897288-1057135,AMAZON,B0D6NCB51Z,,COY9ABM2PK,1,12.19,12.19,2026-06-30 22:38:28,amazon Dcvoltage,false
1194334,202-1595511-0154761,AMAZON,B07F9R3GVS,,LDMG95E278,1,6.96,8.19,2026-06-30 22:41:38,amazon Dcvoltage,false
1194339,026-4490451-8333964,AMAZON,B0DVLPPMXL,,PHSHF1PBRYB+LSCY290BG+ICST64E27,1,21.99,18.32,2026-06-30 22:53:06,amazon Ledsone,false
1194340,203-9242245-0346705,AMAZON,B09D3YTMG9,,PLDMRR+LDMST64E274,1,25.89,25.89,2026-06-30 22:50:42,amazon Dcvoltage,false
1194341,205-6422241-1617141,AMAZON,B0C7H3C8L8,,LSFT220BS+RPR44WH,1,10.79,10.79,2026-06-30 22:51:58,amazon Dcvoltage,false
1194342,204-4797346-6784327,AMAZON,B0CNPZHQPW,,LDMG80B224,1,5.94,6.99,2026-06-30 22:55:02,amazon Dcvoltage,false
1194343,203-3368796-6597940,AMAZON,B0CBBYF5QX,,LSMS320CB+RPR44WH,2,29.98,14.99,2026-06-30 22:55:50,amazon Dcvoltage,false
1194345,206-4985427-2364301,AMAZON,B08XBXG4DR,,CRSF100WH+LHTTE27WH,1,10.89,10.89,2026-06-30 23:01:17,amazon Dcvoltage,false
1194346,205-8384441-8540353,AMAZON,B0BL7LZR24,,LDMT45E2746PK,1,19.88,16.57,2026-06-30 23:12:44,amazon Ledsone,false
1194349,203-4488489-2768346,AMAZON,B0CNPZHQPW,,LDMG80B224,1,6.99,6.99,2026-06-30 23:31:10,amazon Dcvoltage,false
1194350,206-1534170-4395527,AMAZON,B0CQNKNK7T,,PLTTBC+LSTF40BC,1,23.89,23.89,2026-06-30 23:27:13,amazon Dcvoltage,false
1194351,026-3741406-7023563,AMAZON,B0DTPHMRW8,,WCB2WH3PK+RPR44WH3PK,1,22.89,19.07,2026-06-30 23:26:52,amazon Ledsone,false
1194353,202-2925536-0971528,AMAZON,B0F9466PK8,,CL3TGL3PK,2,14.86,6.66,2026-06-30 23:37:36,amazon Ledsone,false
1194354,202-3741969-1703502,AMAZON,B0FFTCK3PV,,TPFC300BG,1,12.99,15.28,2026-06-30 23:26:12,amazon Dcvoltage,false
1194355,026-9424253-6766739,AMAZON,B09YYSLDWP,,PLADBM+LSDO210BG3PK+ICST64E273PK,1,56.89,56.89,2026-06-30 23:37:29,amazon Dcvoltage,false
1194356,204-8169102-5334706,AMAZON,B08XBXG4DR,,CRSF100WH+LHTTE27WH,1,10.89,10.89,2026-06-30 23:41:56,amazon Dcvoltage,false
1194358,204-2189172-2195552,AMAZON,B0DJR6W8XX,,SPSPLBM2PK,1,5.78,2.41,2026-06-30 23:48:46,amazon Ledsone,false
1194359,206-1595004-3517946,AMAZON,B0DX6NBT9P,,CENU19150WH,1,4.38,0.91,2026-06-30 23:51:00,amazon Ledsone,false
1194360,203-4879249-8301944,AMAZON,B09J8YNKTR,,LSCY290NB+RPR44WH,1,15.89,15.89,2026-06-30 23:56:25,amazon Dcvoltage,false
1194455,205-1326214-4745914,AMAZON,B0C9DPGRGD,,SPSDP2BM,1,5.87,2.98,2026-06-28 13:10:59,amazon Dcvoltage,false
1195093,203-0863298-8989953,AMAZON,B0DLWLKTG6,,CL3THEAPK,1,22.49,22.49,2026-06-30 13:54:25,amazon Dcvoltage,false
1197469,205-1472508-6015564,AMAZON,B0BJ2XSYKT,,LDMG80E274APK,2,53.78,22.41,2026-06-30 15:24:20,amazon Ledsone,false
980670000000,206-4655687-0588339,AMAZON,B0C7BZ5756,,LSCY290GC+RPR44WH,1,15.49,,2026-06-01 07:18:18,amazon Dcvoltage,true
980680000000,026-2748074-9393968,AMAZON,B0CH39MWRF,,WSOSBDBM,1,19.59,19.59,2026-06-01 09:48:18,amazon Dcvoltage,true
980690000000,205-7513742-9549120,AMAZON,B08VGPPQ48,,LSCY290GY+RPR44WH,1,15.29,15.29,2026-06-01 11:53:41,amazon Dcvoltage,true
980700000000,204-4085851-9733146,AMAZON,B0CL16BWS3,,ENC5523,1,41.89,41.89,2026-06-01 13:27:07,amazon Dcvoltage,true
980710000000,206-6494445-0778704,AMAZON,B08V5MK449,,CRSF100BM+PHCH1BMRBM+LSCY290BM,1,20.89,20.89,2026-06-01 14:00:51,amazon Dcvoltage,true
980720000000,202-8377263-7438727,AMAZON,B0CXT2NJD9,,LSMS320YE2PK+RPR44WH2PK,1,25.49,25.49,2026-06-01 15:48:53,amazon Dcvoltage,true
980730000000,026-3583868-5329165,AMAZON,B07PM5KN1T,,CL3TGL5PK,1,12.99,12.99,2026-06-01 17:42:56,amazon Dcvoltage,true
980740000000,204-5014963-4601958,AMAZON,B0DH9BSF4C,,CL3TBM5PK,1,13.09,13.09,2026-06-01 17:51:05,amazon Dcvoltage,true
980750000000,204-9134879-2648320,AMAZON,B07L8HQG6Y,,CL3TGD5PK,1,13.99,13.99,2026-06-01 18:24:56,amazon Dcvoltage,true
980760000000,203-4110777-7384342,AMAZON,B0CYZWJ7WJ,,LSCY290CH2PK+RPR44WH2PK,1,28.89,28.89,2026-06-01 18:32:49,amazon Dcvoltage,true
980770000000,203-6330286-1529120,AMAZON,B0CXPT6W9C,,LSCY290RO2PK+RPR44WH2PK,1,26.89,26.89,2026-06-01 18:32:49,amazon Dcvoltage,true
980780000000,202-0822957-8144350,AMAZON,B0CNGGP2YF,,TPHTTN2PBRBM,1,19.89,,2026-06-01 19:21:02,amazon Dcvoltage,true
980790000000,204-7934992-3021116,AMAZON,B08Z7W3SYL,,CRSF100BM+PHUH1HETBM+LSHM300HE,2,63.38,,2026-06-01 19:28:31,amazon Dcvoltage,true
980800000000,203-4654630-0135550,AMAZON,B07ZFWL5T1,,CRFF100GB+LHNSE27GB,1,13.89,13.89,2026-06-01 19:34:01,amazon Dcvoltage,true
980810000000,203-3888734-3574723,AMAZON,B08VGPPQ48,,LSCY290GY+RPR44WH,1,15.29,,2026-06-01 22:09:25,amazon Dcvoltage,true
980820000000,026-3043439-6013918,AMAZON,B0C3ZT3VR1,,LSCY290BD+RPR44WH,1,14.89,14.89,2026-06-01 04:49:52,amazon Ledsone,true
980830000000,205-7190822-6656344,AMAZON,B0BBB4SC4Y,,CL3RBK5PK,1,15.69,15.69,2026-06-01 07:38:41,amazon Ledsone,true
980840000000,202-7595264-3986703,AMAZON,B0BLP1JSRK,,LDMST64E2786PK,1,19.46,,2026-06-01 09:36:58,amazon Ledsone,true
980850000000,026-5051253-2787532,AMAZON,B0D3X4WHGV,,CCBKNWE482PK,1,15.99,15.99,2026-06-01 11:04:14,amazon Ledsone,true
980860000000,203-7512621-3323524,AMAZON,B0BB3NVM9D,,CL2RGD5PK,1,13.89,13.89,2026-06-01 11:58:10,amazon Ledsone,true
980870000000,026-0223180-9952353,AMAZON,B0DHGM5NP4,,LSCY290WH2PK+RPR44WH2PK,1,26.89,26.89,2026-06-01 13:01:05,amazon Ledsone,true
980880000000,026-0223180-9952353,AMAZON,B0DHGLCQW2,,LSCY290WH+RPR44WH,1,15.89,15.89,2026-06-01 13:01:05,amazon Ledsone,true
980900000000,202-3751598-3141103,AMAZON,B0F28YFTQ9,,LSCY290BU+RPR44WH,1,14.89,14.89,2026-06-01 13:06:43,amazon Ledsone,true
980910000000,026-4603654-2089118,AMAZON,B0CGZQV9Y7,,LSMCSPFLMC+RPR44WH,1,24.89,24.89,2026-06-01 16:19:29,amazon Ledsone,true
980920000000,203-0168779-6016375,AMAZON,B0F7QWMBLY,,CL3TGLAPK,1,19.69,,2026-06-01 17:05:22,amazon Ledsone,true
980930000000,206-1568775-1868347,AMAZON,B0CHRVWSBM,,CL3RBM5PK,1,11.99,11.99,2026-06-01 17:23:21,amazon Ledsone,true
980940000000,205-7122957-4859568,AMAZON,B0CCJ3MP82,,SPSDP2SN3PK,1,12.49,12.49,2026-06-01 19:05:09,amazon Ledsone,true
980950000000,203-4730813-7449951,AMAZON,B0GW7VBY3J,,LHSWPBB22GD,1,9.79,9.79,2026-06-01 20:10:14,amazon Ledsone,true
980960000000,203-4459269-7487551,AMAZON,B0DCDSZ719,,LDSG95DIE2743PK,1,22.99,,2026-06-01 20:33:52,amazon Ledsone,true
980970000000,204-2753893-7485957,AMAZON,B0D93QM7CS,,ENC7473,1,25.79,25.79,2026-06-01 20:43:29,amazon Ledsone,true
980980000000,204-7628132-3689131,AMAZON,B0CGRJ5PM4,,CRSF100BM+SPSPLBM+PHRNWP2RBM,2,26.58,26.58,2026-06-01 21:16:08,amazon Ledsone,true
980990000000,202-3687192-0185960,AMAZON,B0B4K4MVSK,,PSDS4BMRBU,1,14.07,14.07,2026-06-01 21:30:40,amazon Ledsone,true
981000000000,026-6859319-5257937,AMAZON,B0CBMS78L8,,PHSF2BMRBM+SPSDP2BM+ICST64E27,1,19.79,,2026-06-01 21:47:29,amazon Ledsone,true
982030000000,202-0734115-3901969,AMAZON,B0CKBZ4V22,,CRSF100BM+LHNSE27CO+SCRN70CO+LSFT220BI,1,17.55,15.89,2026-06-02 01:52:26,amazon Dcvoltage,true
982040000000,205-9428385-9509956,AMAZON,B0CS9PS8J3,,LSCY210BG3PK+RPR44WH3PK,1,37.88,32.89,2026-06-02 06:29:05,amazon Dcvoltage,true
982050000000,204-4223338-9234740,AMAZON,B0FQVFP61X,,CRFF108BM+PHRI1PBRBA+LSCY290BI,1,18.99,18.99,2026-06-02 08:25:38,amazon Dcvoltage,true
982060000000,203-8404704-2640347,AMAZON,B0CTC7XPNX,,CRSF100BM+LHNSE27YB+SCRN70BM+LSFT220BG,1,18.99,,2026-06-02 08:50:54,amazon Dcvoltage,true
982070000000,205-0457894-0337153,AMAZON,B0CL1BB5GB,,ENC5535,1,38.96,41.89,2026-06-02 08:59:02,amazon Dcvoltage,true
982080000000,204-6517776-3039520,AMAZON,B0CSNHHK98,,ENC7630,1,30.89,30.89,2026-06-02 09:24:19,amazon Dcvoltage,true
982090000000,204-6652593-0825130,AMAZON,B09643CJ5N,,CRFF500BM+PHCH1BMRBM3PK+LSDO210BG3PK,1,35.48,35.48,2026-06-02 09:47:02,amazon Dcvoltage,true
982100000000,203-2050526-1828354,AMAZON,B08V5MK449,,CRSF100BM+PHCH1BMRBM+LSCY290BM,1,20.49,20.49,2026-06-02 12:02:04,amazon Dcvoltage,true
982110000000,203-2050526-1828354,AMAZON,B09643CJ5N,,CRFF500BM+PHCH1BMRBM3PK+LSDO210BG3PK,1,35.48,35.48,2026-06-02 12:02:04,amazon Dcvoltage,true
982120000000,203-6293995-3976334,AMAZON,B08XC25WCD,,CL3TBMAPK,1,20.99,20.99,2026-06-02 12:25:05,amazon Dcvoltage,true
982130000000,205-5508610-6462720,AMAZON,B0DH96KQ88,,CL3TOR5PK,1,11.89,11.89,2026-06-02 12:34:05,amazon Dcvoltage,true
982140000000,202-5974659-1757949,AMAZON,B0DBLN5KN6,,CL3RGD5PK,1,12.29,12.29,2026-06-02 12:46:38,amazon Dcvoltage,true
982150000000,202-2074497-2059519,AMAZON,B08V5MK449,,CRSF100BM+PHCH1BMRBM+LSCY290BM,1,20.49,20.49,2026-06-02 13:27:34,amazon Dcvoltage,true
982160000000,203-3951221-5513916,AMAZON,B0FR738SKW,,PHSF2BMTBM3PK+ICST64E273PK,2,75.65,81.78,2026-06-02 13:29:53,amazon Dcvoltage,true
982170000000,205-3503260-0270746,AMAZON,B0D6YF7VPY,,CCGNNWE48,2,19.98,19.98,2026-06-02 13:34:50,amazon Dcvoltage,true
982180000000,203-9628963-3744332,AMAZON,B0CPBX49HJ,,LSCY290GR+RPR44WH,1,15.89,15.89,2026-06-02 14:28:16,amazon Dcvoltage,true
982190000000,205-6999253-2097115,AMAZON,B0F7LTVVKM,,LSFT220BS2PK+RPR44WH2PK,1,20.09,20.09,2026-06-02 15:25:13,amazon Dcvoltage,true
982200000000,202-2485180-3395534,AMAZON,B0D73JHB8R,,LDST185B2242PK,1,11.99,,2026-06-02 16:04:07,amazon Dcvoltage,true
982210000000,202-9331782-8240355,AMAZON,B08XC1QT69,,CL3THEAPK,1,19.99,19.99,2026-06-02 17:21:37,amazon Dcvoltage,true
982220000000,026-7341481-2025944,AMAZON,B0GCZJ9XRB,,CRFF100SN2PK+LHNSE27SN2PK,1,24.89,24.89,2026-06-02 18:42:43,amazon Dcvoltage,true
982230000000,026-9551824-8209116,AMAZON,B0CKWLS9WR,,CL3RHE5PK,1,13.09,13.09,2026-06-02 18:51:00,amazon Dcvoltage,true
982240000000,026-9551824-8209116,AMAZON,B0CKWLQZ83,,CL3RBD5PK,1,12.89,12.89,2026-06-02 18:51:00,amazon Dcvoltage,true
982250000000,026-9551824-8209116,AMAZON,B0CKWLFKR7,,CL3RGR5PK,1,12.89,12.89,2026-06-02 18:51:00,amazon Dcvoltage,true
982260000000,206-6853478-7693162,AMAZON,B0FZCRB2RS,,LSHM400HE+RPR44WH,1,28.39,28.39,2026-06-02 18:59:23,amazon Dcvoltage,true
982270000000,203-1889083-0580369,AMAZON,B08VGPX5K5,,LSCY290SN+RPR44WH,1,17.49,17.49,2026-06-02 19:22:42,amazon Dcvoltage,true
982290000000,202-6311615-2993149,AMAZON,B08VGMKHT7,,LSCY290BM+RPR44WH,1,15.49,15.49,2026-06-02 19:56:42,amazon Dcvoltage,true
982300000000,204-4846204-8614721,AMAZON,B08KGJT4DP,,CL3THE5PK,1,13.69,,2026-06-02 20:34:50,amazon Dcvoltage,true
982310000000,203-5080752-7443538,AMAZON,B0CZNJCBB6,,LSSS300BI2PK+RPR44WH2PK,1,22.79,22.79,2026-06-02 21:57:03,amazon Dcvoltage,true
982320000000,202-0391325-5704331,AMAZON,B08VGMKHT7,,LSCY290BM+RPR44WH,1,15.49,15.49,2026-06-02 22:09:58,amazon Dcvoltage,true
982330000000,205-6953815-9005963,AMAZON,B0BNXHF2BR,,CRSF100CO+PHSH1PBRCO+LSDO300CO,1,21.19,,2026-06-02 22:28:04,amazon Dcvoltage,true
982340000000,203-8054195-1337915,AMAZON,B0FQVFP61X,,CRFF108BM+PHRI1PBRBA+LSCY290BI,4,75.96,75.96,2026-06-02 22:30:07,amazon Dcvoltage,true
982350000000,205-9795199-5637916,AMAZON,B0CB7VJNLD,,SPSDP2YB3PK,1,11.39,11.39,2026-06-02 22:45:06,amazon Dcvoltage,true
982360000000,026-3428229-6837146,AMAZON,B09LHMJZ4H,,CRSF100BM+PHCH1BMRBM+LSSS300GY,1,16.57,16.57,2026-06-02 01:19:58,amazon Ledsone,true
982370000000,204-6758113-7233104,AMAZON,B0C3ZT6D5G,,LSCY290YB+RPR44WH,1,17.89,17.89,2026-06-02 05:54:52,amazon Ledsone,true
982380000000,204-9208671-4214703,AMAZON,B0DXQ8YFC6,,LSCY290RO2PK+RPR44WH2PK,1,30.53,,2026-06-02 06:01:40,amazon Ledsone,true
982390000000,205-4888957-0646706,AMAZON,B0CGRQCV7Y,,CRSF100BM+PHRNWP2RBM+ICST64E27,1,13.79,13.79,2026-06-02 09:33:02,amazon Ledsone,true
982400000000,026-8528160-5157158,AMAZON,B0CW5RLSQL,,CRFF105GB2PK+HK10GB2PK,1,13.79,,2026-06-02 10:46:16,amazon Ledsone,true
982410000000,026-3142574-6479528,AMAZON,B0F7QWMBLY,,CL3TGLAPK,1,19.69,19.69,2026-06-02 10:49:19,amazon Ledsone,true
982420000000,203-0230291-5937176,AMAZON,B0BBS1HPYD,,CL3TREAPK,1,20.89,20.89,2026-06-02 11:14:15,amazon Ledsone,true
982430000000,026-3354293-5190701,AMAZON,B0CFVCM4Z5,,PSOS4BMTHE+ICST64E27,1,17.59,17.59,2026-06-02 11:50:10,amazon Ledsone,true
982440000000,026-8495412-5719508,AMAZON,B0CHRVWSBM,,CL3RBM5PK,1,11.99,11.99,2026-06-02 12:57:08,amazon Ledsone,true
982450000000,204-6273848-9809950,AMAZON,B0GW84WQXL,,LHSWPBB22SN,1,9.79,9.79,2026-06-02 14:25:23,amazon Ledsone,true
982460000000,203-5081847-1124325,AMAZON,B0868DXK1B,,CCBKNWE48,1,10.28,10.28,2026-06-02 14:45:48,amazon Ledsone,true
982470000000,203-0001752-3113165,AMAZON,B09HS8RX1P,,CL2TYE5PK,1,13.10,13.10,2026-06-02 16:08:54,amazon Ledsone,true
982480000000,203-1528180-0007526,AMAZON,B0CHRVWSBM,,CL3RBM5PK,1,11.99,,2026-06-02 16:42:54,amazon Ledsone,true
982490000000,203-9799411-3331566,AMAZON,B0G2L3Q28C,,ENC4631,1,26.39,26.39,2026-06-02 16:43:10,amazon Ledsone,true
982500000000,026-9514327-7415534,AMAZON,B0CHRVWSBM,,CL3RBM5PK,1,11.99,11.99,2026-06-02 17:14:13,amazon Ledsone,true
982510000000,205-8758029-4436300,AMAZON,B0CHRVWSBM,,CL3RBM5PK,1,11.99,,2026-06-02 17:19:24,amazon Ledsone,true
982520000000,203-6328271-4215560,AMAZON,B0F1N8D5PR,,CL3RSI5PK,2,18.88,20.63,2026-06-02 17:26:11,amazon Ledsone,true
982530000000,202-7055091-8517909,AMAZON,B0CFVCM4Z5,,amzn.gr.PSOS4BMTHE_ICST64E27-dHIE7D0C-VG,1,14.62,14.62,2026-06-02 18:15:22,amazon Ledsone,true
982540000000,026-8002776-8753128,AMAZON,B0F6V3GXXV,,PHUH1HETBM+LSHM400HE,1,32.29,,2026-06-02 18:22:21,amazon Ledsone,true
982560000000,202-5294402-9666716,AMAZON,B0F8ML4W33,,ENC8743,1,30.89,30.89,2026-06-02 19:19:48,amazon Ledsone,true
982570000000,203-9234004-4396350,AMAZON,B0D298RPWW,,LSCY290RE+RPR44WH,1,15.79,15.79,2026-06-02 19:39:15,amazon Ledsone,true
982580000000,206-0280350-8312319,AMAZON,B0BBS3NXFM,,CL3TBRAPK,1,20.89,,2026-06-02 20:41:23,amazon Ledsone,true
982600000000,202-8741550-2756309,AMAZON,B0D7S58RX5,,LSMS320CB+RPR44WH,1,14.99,14.99,2026-06-02 21:31:10,amazon Ledsone,true
982610000000,203-6776617-9690713,AMAZON,B0CCHXR4X2,,SPSDP2WH3PK,1,13.49,13.49,2026-06-02 21:54:33,amazon Ledsone,true
984390000000,204-5777092-8994740,AMAZON,B0CPBXMLYW,,LSCY290CH+RPR44WH RAMZ,1,16.89,16.89,2026-06-03 00:24:42,amazon Dcvoltage,true
984400000000,202-2378583-7333112,AMAZON,B0CG5ZHJYF,,LSCY290BC2PK+RPR44WH2PK,1,27.79,27.79,2026-06-03 04:17:59,amazon Dcvoltage,true
984410000000,202-2378583-7333112,AMAZON,B0CG5ZHJYF,,LSCY290BC2PK+RPR44WH2PK,1,27.79,27.79,2026-06-03 04:17:59,amazon Dcvoltage,true
984420000000,203-6837380-9031565,AMAZON,B0FZCRB2RS,,LSHM400HE+RPR44WH,1,28.39,28.39,2026-06-03 05:04:23,amazon Dcvoltage,true
984430000000,202-9554100-4687555,AMAZON,B0BY38BKBD,,ENC4428,1,26.89,26.89,2026-06-03 07:48:10,amazon Dcvoltage,true
984440000000,203-9025324-5517928,AMAZON,B09643CJ5N,,CRFF500BM+PHCH1BMRBM3PK+LSDO210BG3PK,1,35.48,35.48,2026-06-03 07:57:03,amazon Dcvoltage,true
984450000000,202-0208597-8889104,AMAZON,B09643CJ5N,,CRFF500BM+PHCH1BMRBM3PK+LSDO210BG3PK,1,33.00,35.48,2026-06-03 08:30:45,amazon Dcvoltage,true
984460000000,203-2302571-6293932,AMAZON,B0CKWLS9WR,,CL3RHE5PK,1,13.09,13.09,2026-06-03 09:03:36,amazon Dcvoltage,true
984470000000,202-4940339-8764351,AMAZON,B0CTT4CH4C,,LSMS320GR+RPR44WH,1,14.99,14.99,2026-06-03 09:54:26,amazon Dcvoltage,true
984480000000,206-9544076-0224305,AMAZON,B08XC1QT69,,CL3THEAPK,1,19.99,19.99,2026-06-03 10:02:50,amazon Dcvoltage,true
984490000000,026-0681314-2343518,AMAZON,B07DKBSBG4,,LDMT185E274,1,6.15,6.15,2026-06-03 10:43:55,amazon Dcvoltage,true
984500000000,203-6851500-8937156,AMAZON,B0BNVNVP9D,,LHC2E27WH5PK,1,16.29,16.29,2026-06-03 11:05:25,amazon Dcvoltage,true
984510000000,203-8051672-7973128,AMAZON,B0C6LV14PT,,12UK3P2A,1,6.89,6.89,2026-06-03 11:18:54,amazon Dcvoltage,true
984520000000,202-7019745-9958725,AMAZON,B0C7CLVDHR,,LSCY290BI+RPR44WH,1,14.89,14.89,2026-06-03 11:21:23,amazon Dcvoltage,true
984530000000,203-6235130-3001966,AMAZON,B07L8HQG6Y,,CL3TGD5PK,1,13.99,13.99,2026-06-03 11:29:28,amazon Dcvoltage,true
984540000000,026-2236813-6431561,AMAZON,B08XC1QT69,,CL3THEAPK,1,19.99,19.99,2026-06-03 12:40:44,amazon Dcvoltage,true
984550000000,206-3364830-7737958,AMAZON,B0D2TCJKT7,,LSCY290OR2PK+RPR44WH2PK,1,23.89,23.89,2026-06-03 13:01:01,amazon Dcvoltage,true
984560000000,205-4232675-3588350,AMAZON,B08XC25WCD,,CL3TBMAPK,1,20.99,20.99,2026-06-03 13:05:47,amazon Dcvoltage,true
984570000000,202-8632472-5445100,AMAZON,B0CTC7XPNX,,CRSF100BM+LHNSE27YB+SCRN70BM+LSFT220BG,1,18.99,18.99,2026-06-03 13:14:16,amazon Dcvoltage,true
984580000000,205-3454814-2890731,AMAZON,B0CS9PS8J3,,LSCY210BG3PK+RPR44WH3PK,2,65.78,65.78,2026-06-03 13:53:49,amazon Dcvoltage,true
984590000000,206-8226193-0632310,AMAZON,B07ZFWL5T1,,CRFF100GB+LHNSE27GB,1,13.89,,2026-06-03 13:56:46,amazon Dcvoltage,true
984600000000,205-8454055-8977969,AMAZON,B08XBZNV5C,,CL3TGDAPK,1,20.89,,2026-06-03 14:15:04,amazon Dcvoltage,true
984610000000,202-2868968-2679569,AMAZON,B0CH39MWRF,,WSOSBDBM,1,19.59,19.59,2026-06-03 15:44:59,amazon Dcvoltage,true
984620000000,026-0198302-7045174,AMAZON,B07PM4GDGP,,CL3TBM5PK,1,11.79,11.79,2026-06-03 16:10:32,amazon Dcvoltage,true
984630000000,203-9556685-6325936,AMAZON,B08V5MK449,,CRSF100BM+PHCH1BMRBM+LSCY290BM,1,20.49,20.49,2026-06-03 17:33:49,amazon Dcvoltage,true
984640000000,202-2637472-0987551,AMAZON,B07CST825S,,CL2RBMAPK,1,20.29,20.29,2026-06-03 17:40:24,amazon Dcvoltage,true
984650000000,204-9152682-4930730,AMAZON,B0FL767CVP,,PHSF2GYTCH2PK+ICST64E272PK,1,28.89,28.89,2026-06-03 18:09:58,amazon Dcvoltage,true
984660000000,205-9259734-3267553,AMAZON,B0FHPNSB7S,,CRFF100GB2PK+LHNSE27GB2PK,5,107.95,119.95,2026-06-03 18:33:56,amazon Dcvoltage,true
984670000000,204-7728851-1485950,AMAZON,B08WX7NWWL,,ENC899,1,20.89,20.89,2026-06-03 19:40:34,amazon Dcvoltage,true
984680000000,205-6629793-3459500,AMAZON,B08VGHVH8R,,LSCY290BC+RPR44WH,1,15.89,,2026-06-03 19:59:24,amazon Dcvoltage,true
984690000000,026-5221215-9758704,AMAZON,B08X4J9CQ1,,CRSF100BM+LHNSE27CO+SCRN70CO+LSFT220ORAM,2,35.18,,2026-06-03 20:38:40,amazon Dcvoltage,true
984700000000,026-9010320-5529133,AMAZON,B0CS9PSKG3,,LSTF40BG2PK+RPR44WH2PK,1,17.89,17.89,2026-06-03 21:08:35,amazon Dcvoltage,true
984710000000,204-7064332-5431565,AMAZON,B0BZ4ZGKSS,,ENC1293,1,19.89,19.89,2026-06-03 21:12:47,amazon Dcvoltage,true
984720000000,203-4851301-5405909,AMAZON,B0CH39MWRF,,WSOSBDBM,1,19.59,,2026-06-03 22:48:24,amazon Dcvoltage,true
984740000000,205-9548824-6801941,AMAZON,B09C5SYCR3,,CRSF2003BB+PHSH1PBRYB3PK+LSDO210BB3PK,1,35.89,,2026-06-03 07:21:50,amazon Ledsone,true
984750000000,203-6969200-3495540,AMAZON,B0CHRVWSBM,,CL3RBM5PK,1,11.99,11.99,2026-06-03 07:47:38,amazon Ledsone,true
984760000000,203-6969200-3495540,AMAZON,B0BBB1P1GW,,CL3RBD5PK,1,13.09,13.09,2026-06-03 07:47:38,amazon Ledsone,true
984770000000,203-9006536-5243565,AMAZON,B07CQLS5VT,,12IP6750,1,11.29,11.29,2026-06-03 07:48:08,amazon Ledsone,true
984780000000,204-5051694-4091518,AMAZON,B0DXQ8YFC6,,LSCY290RO2PK+RPR44WH2PK,1,29.79,29.79,2026-06-03 10:58:47,amazon Ledsone,true
984790000000,204-1364150-2574710,AMAZON,B0CGZQV9Y7,,LSMCSPFLMC+RPR44WH,1,24.89,24.89,2026-06-03 11:01:14,amazon Ledsone,true
984800000000,206-6675809-2347544,AMAZON,B09JM3PLLH,,LDSG125LOE274,1,10.19,10.19,2026-06-03 13:23:14,amazon Ledsone,true
984810000000,026-9171961-8529930,AMAZON,B0F7R1VSQD,,CL3TWHAPK,1,19.39,19.39,2026-06-03 13:25:24,amazon Ledsone,true
984820000000,206-5496014-0849914,AMAZON,B09HS95HZH,,CL2TOR5PK,1,13.19,13.19,2026-06-03 13:38:06,amazon Ledsone,true
984830000000,202-9634889-9089922,AMAZON,B0F9WYJ23T,,CL2TBRAPK,1,18.28,,2026-06-03 15:08:20,amazon Ledsone,true
984840000000,202-0985105-1062715,AMAZON,B0DBQX2SRN,,LDSG95DIE274,1,8.79,,2026-06-03 16:36:09,amazon Ledsone,true
984850000000,206-9355341-7818712,AMAZON,B0D296W2FG,,LSCY290GY3PK+RPR44WH3PK,1,41.59,,2026-06-03 16:53:19,amazon Ledsone,true
984860000000,203-5376558-1313944,AMAZON,B0D9QHCGWF,,CL2RCR5PK,2,24.58,24.58,2026-06-03 17:25:07,amazon Ledsone,true
984870000000,205-9903615-4415558,AMAZON,B0BBS6B82P,,CL3TBMAPK,1,21.89,21.89,2026-06-03 17:53:54,amazon Ledsone,true
984880000000,205-9355486-4219561,AMAZON,B0DBKTSQM4,,CL2TBMAPK,1,21.19,21.19,2026-06-03 18:18:33,amazon Ledsone,true
984890000000,203-6283731-1330743,AMAZON,B0C7CXWH4S,,CNP1000CO3PK,1,11.79,11.79,2026-06-03 18:39:18,amazon Ledsone,true
984900000000,202-0701036-6779522,AMAZON,B0BBB4H59J,,CL3RGY5PK,1,14.79,14.79,2026-06-03 19:23:46,amazon Ledsone,true
984910000000,202-0701036-6779522,AMAZON,B0BBB4H59J,,amzn.gr.CL3RGY5PK-eC7xwUb-I6kJJNm0g-_-VG,1,11.84,11.84,2026-06-03 19:23:46,amazon Ledsone,true
984920000000,205-1536422-8537151,AMAZON,B0B9Y9F73N,,CL3TIV5PK,1,13.89,13.89,2026-06-03 19:38:47,amazon Ledsone,true
984930000000,205-8841931-4414763,AMAZON,B0G1TFFZZH,,CKA18ATC4255BM,1,16.99,,2026-06-03 20:18:27,amazon Ledsone,true
984940000000,206-2252899-4723525,AMAZON,B0GW84WQXL,,LHSWPBB22SN,1,9.79,9.79,2026-06-03 21:26:00,amazon Ledsone,true
984950000000,203-6235130-3001966,AMAZON,B07L8HQG6Y,,CL3TGD5PK,1,0.00,,2026-06-03 11:29:28,amazon Dcvoltage,true
986660000000,205-5304394-8831567,AMAZON,B0FL767CVP,,amzn.gr.PHSF2GYTCH2PK_ICST64E2-zkmnUT-VG,1,21.51,21.51,2026-06-04 05:11:35,amazon Dcvoltage,true
986670000000,206-7357771-6509105,AMAZON,B0F7LT6FFV,,LSFT220BM2PK+RPR44WH2PK,1,20.09,20.09,2026-06-04 05:54:22,amazon Dcvoltage,true
986680000000,026-3985835-3452330,AMAZON,B0DP264BLC,,12UK3P10A,1,17.99,17.99,2026-06-04 06:43:15,amazon Dcvoltage,true
986690000000,026-9395468-4768357,AMAZON,B0D73JHB8R,,LDST185B2242PK,1,11.75,11.75,2026-06-04 08:56:48,amazon Dcvoltage,true
986700000000,205-0330938-8061150,AMAZON,B07L8HQG6Y,,CL3TGD5PK,1,13.99,13.99,2026-06-04 10:20:32,amazon Dcvoltage,true
986710000000,026-1303151-0111527,AMAZON,B0CJCDZWRB,,LSSS300SN2PK+RPR44WH2PK,1,23.49,23.49,2026-06-04 10:25:51,amazon Dcvoltage,true
986720000000,206-1616265-8105961,AMAZON,B08XBYXQC6,,CL3TBRAPK,1,19.89,,2026-06-04 10:47:11,amazon Dcvoltage,true
986730000000,204-7532864-8687533,AMAZON,B0BZ4Y4X94,,ENC1282,2,45.78,45.78,2026-06-04 11:59:48,amazon Dcvoltage,true
986740000000,202-9835057-1121163,AMAZON,B0CH3BD4MP,,WSOSBDBM2PK,2,62.62,69.58,2026-06-04 12:21:45,amazon Dcvoltage,true
986750000000,204-1339152-9444304,AMAZON,B0GQTS6GXY,,SPSDP2BM5PK,1,16.06,18.89,2026-06-04 13:12:53,amazon Dcvoltage,true
986760000000,026-7902950-5157925,AMAZON,B08X9Z14CG,,amzn.gr.PSDS4BMRGY-HmZlnyLYFn5SdBoAcA-LN,1,2.11,2.11,2026-06-04 13:16:11,amazon Dcvoltage,true
986770000000,205-6638995-0308322,AMAZON,B0F2HHRGLQ,,PLWLBC,1,12.89,12.89,2026-06-04 13:51:33,amazon Dcvoltage,true
986780000000,202-2537296-5893966,AMAZON,B0DH9BSF4C,,CL3TBM5PK,1,13.09,13.09,2026-06-04 13:55:13,amazon Dcvoltage,true
986800000000,206-2889896-0792351,AMAZON,B08X4J9CQ1,,amzn.gr.CRSF100BM_LHNSE27CO_SC-fWRN8V-GD,1,0.00,,2026-06-04 14:04:18,amazon Dcvoltage,true
986810000000,206-2889896-0792351,AMAZON,B0CJ4QZ15C,,amzn.gr.LSMCSPSQMC-AX2EOD_N9fQ0W6p42r-VG,1,0.92,0.92,2026-06-04 14:04:18,amazon Dcvoltage,true
986820000000,203-8871468-8734749,AMAZON,B0CPBX49HJ,,LSCY290GR+RPR44WH,1,15.89,15.89,2026-06-04 14:16:15,amazon Dcvoltage,true
986830000000,202-7002998-6720319,AMAZON,B0CTT4CH4C,,LSMS320GR+RPR44WH,1,14.99,14.99,2026-06-04 15:07:00,amazon Dcvoltage,true
986840000000,202-3593660-8341140,AMAZON,B0D453YVGN,,PHSF2BMTBM+ICST64E27,1,13.89,13.89,2026-06-04 15:31:57,amazon Dcvoltage,true
986850000000,205-9728597-2693113,AMAZON,B07PM6VXCG,,CL3TBK5PK,1,13.01,13.01,2026-06-04 15:46:32,amazon Dcvoltage,true
986860000000,206-0392510-8204353,AMAZON,B0CH39MWRF,,WSOSBDBM,1,19.59,,2026-06-04 16:12:04,amazon Dcvoltage,true
986870000000,203-6423866-6593144,AMAZON,B0FZCRB2RS,,LSHM400HE+RPR44WH,2,53.94,28.39,2026-06-04 16:21:24,amazon Dcvoltage,true
986880000000,203-6864265-8231552,AMAZON,B0FZCRB2RS,,LSHM400HE+RPR44WH,1,28.39,28.39,2026-06-04 16:22:00,amazon Dcvoltage,true
986890000000,206-3708491-0156329,AMAZON,B0C171T3ZR,,PSDS2RGY,1,9.89,9.89,2026-06-04 17:29:09,amazon Dcvoltage,true
986900000000,202-0567149-2872363,AMAZON,B0FHPPQ21C,,amzn.gr.CRFF100BM2PK_LHNSE27BM-eSpgjX-VG,1,10.89,10.89,2026-06-04 18:19:40,amazon Dcvoltage,true
986910000000,204-4775398-0768332,AMAZON,B0DM61D265,,LSFT220BM3PK+RPR44WH3PK,1,19.89,19.89,2026-06-04 19:06:48,amazon Dcvoltage,true
986920000000,204-7789717-0127536,AMAZON,B0CTT4CH4C,,LSMS320GR+RPR44WH,1,14.99,14.99,2026-06-04 19:09:23,amazon Dcvoltage,true
986930000000,203-0223679-9318728,AMAZON,B08X4KB22H,,CRSF100BM+LHNSE27CO+SCRN70CO+LSFT220BC,1,17.49,17.49,2026-06-04 21:18:26,amazon Dcvoltage,true
986940000000,204-8887901-1237930,AMAZON,B08V5MK449,,CRSF100BM+PHCH1BMRBM+LSCY290BM,1,20.49,,2026-06-04 21:23:13,amazon Dcvoltage,true
986950000000,206-8453318-3987504,AMAZON,B08VGMKHT7,,LSCY290BM+RPR44WH,1,15.49,15.49,2026-06-04 21:25:06,amazon Dcvoltage,true
986960000000,203-2270143-3145162,AMAZON,B08XC1QT69,,CL3THEAPK,1,19.99,19.99,2026-06-04 21:50:40,amazon Dcvoltage,true
986970000000,205-1462539-1561134,AMAZON,B0CNZ21Z3Z,,ENC4304,1,33.89,33.89,2026-06-04 22:31:53,amazon Dcvoltage,true
986980000000,204-2160644-4696351,AMAZON,B08XC1QT69,,CL3THEAPK,1,19.99,19.99,2026-06-04 23:19:17,amazon Dcvoltage,true
986990000000,202-8866426-9699525,AMAZON,B09643CJ5N,,CRFF500BM+PHCH1BMRBM3PK+LSDO210BG3PK,1,35.48,35.48,2026-06-04 23:50:29,amazon Dcvoltage,true
987000000000,205-2856171-3808311,AMAZON,B0D3X4WHGV,,CCBKNWE482PK,1,15.98,15.98,2026-06-04 01:57:00,amazon Ledsone,true
987010000000,203-7482260-2608350,AMAZON,B0F7QZQS3Y,,CL2TWHAPK,2,36.58,,2026-06-04 09:20:34,amazon Ledsone,true
987030000000,204-5123772-2147543,AMAZON,B0DP2RQWTH,,CRSF100BM+PHSH1PBRBM+LSCY290BC,1,23.98,,2026-06-04 09:41:39,amazon Ledsone,true
987040000000,203-4001171-9828313,AMAZON,B0GW7VBY3J,,LHSWPBB22GD,1,9.79,9.79,2026-06-04 10:12:32,amazon Ledsone,true
987060000000,204-1724574-9968345,AMAZON,B0G1TKZTS4,,CKAN1937BM,1,14.99,14.99,2026-06-04 11:23:43,amazon Ledsone,true
987070000000,204-3489473-7488354,AMAZON,B0B77GWCPC,,CRFF108GB2PK+HK10GB2PK,1,13.79,13.79,2026-06-04 11:28:11,amazon Ledsone,true
987080000000,203-0621790-6635552,AMAZON,B0DXQ53JQF,,LSCY290CH2PK+RPR44WH2PK,1,26.89,,2026-06-04 12:08:27,amazon Ledsone,true
987090000000,203-4181522-6269903,AMAZON,B0CCJ46SZT,,SPSDP3YB6PK,1,13.09,13.09,2026-06-04 13:24:23,amazon Ledsone,true
987100000000,203-1548327-1353167,AMAZON,B0F7QWMBLY,,CL3TGLAPK,1,19.69,,2026-06-04 13:34:31,amazon Ledsone,true
987110000000,206-7699662-2841927,AMAZON,B0F9WXH3SL,,CL2RBMAPK,1,23.78,18.79,2026-06-04 15:14:43,amazon Ledsone,true
987120000000,205-3442200-6596315,AMAZON,B0GDDXRR5K,,LDMT185E2735PK,1,17.39,17.39,2026-06-04 15:54:27,amazon Ledsone,true
987130000000,202-4693136-2804314,AMAZON,B0CW5X3HHV,,LSDO210GY2PK+RPR44WH2PK,1,19.36,,2026-06-04 15:57:18,amazon Ledsone,true
987140000000,206-4512464-8056325,AMAZON,B09KNVBJZW,,CRSF2003BM+PHRB1PBR40BM3PK+LSBS160GR3PKA,1,29.89,29.89,2026-06-04 16:42:02,amazon Ledsone,true
987150000000,203-9435303-4764365,AMAZON,B0BWK6NJZL,,PLTYBS+ICST64E27,1,18.89,,2026-06-04 17:27:15,amazon Ledsone,true
987160000000,202-5158152-5858765,AMAZON,B0B82W84F2,,PHSF1AGRGB,1,13.89,,2026-06-04 17:50:36,amazon Ledsone,true
987170000000,202-6741392-7493919,AMAZON,B0B82XR5Y1,,PHSF1GDRYB,1,13.69,13.69,2026-06-04 17:50:36,amazon Ledsone,true
987180000000,206-8331174-6875565,AMAZON,B095Z3GZFK,,CRFF500BM+PHRI1PBRYB3PK+LSFT220BM3PK,1,32.79,32.79,2026-06-04 18:02:40,amazon Ledsone,true
987190000000,206-9369408-2789907,AMAZON,B0CCHX3S7L,,SPSDP2BM6PK,1,19.79,19.79,2026-06-04 19:17:59,amazon Ledsone,true
987200000000,204-1677535-9960343,AMAZON,B0DXQ9SDTK,,LSCY290OR2PK+RPR44WH2PK,1,23.79,23.79,2026-06-04 19:23:19,amazon Ledsone,true
987210000000,205-8305683-8929906,AMAZON,B0BWK7RQ27,,PLTYRR+ICST64E27,1,19.49,,2026-06-04 20:22:17,amazon Ledsone,true
987220000000,202-8031341-7061162,AMAZON,B0CHDZXZGJ,,CL3TAG5PK,1,13.79,,2026-06-04 20:39:10,amazon Ledsone,true
987230000000,026-3038697-1909901,AMAZON,B0BBB5C64C,,CL3RWH5PK,1,12.69,,2026-06-04 20:49:19,amazon Ledsone,true
987240000000,205-9176360-4346753,AMAZON,B0BB335TJ3,,CL2RGL5PK,1,13.69,13.69,2026-06-04 22:19:26,amazon Ledsone,true
989020000000,203-3662222-2716319,AMAZON,B08XBHQ8JJ,,PSDS2BMRGR,1,11.89,11.89,2026-06-05 07:46:57,amazon Dcvoltage,true
989030000000,204-4205803-2265967,AMAZON,B09643CJ5N,,CRFF500BM+PHCH1BMRBM3PK+LSDO210BG3PK,1,35.48,35.48,2026-06-05 08:21:48,amazon Dcvoltage,true
989040000000,205-3532900-9537955,AMAZON,B0CZNNRGMB,,LSSS300GR2PK+RPR44WH2PK,1,23.49,23.49,2026-06-05 09:02:39,amazon Dcvoltage,true
989050000000,205-5983733-8903564,AMAZON,B0C6LV14PT,,12UK3P2A,1,6.89,6.89,2026-06-05 09:09:43,amazon Dcvoltage,true
989060000000,203-5535778-4974748,AMAZON,B08V5MK449,,CRSF100BM+PHCH1BMRBM+LSCY290BM,1,20.49,20.49,2026-06-05 09:38:16,amazon Dcvoltage,true
989070000000,202-9733154-8859558,AMAZON,B07L8GPT85,,CL3TGY5PK,1,12.99,12.99,2026-06-05 10:50:12,amazon Dcvoltage,true
989080000000,204-5556188-6971532,AMAZON,B08VGP666V,,LSCY290WH+RPR44WH,1,15.79,15.79,2026-06-05 12:39:19,amazon Dcvoltage,true
989090000000,203-7580362-9191552,AMAZON,B08X9WV762,,PSDS4BMRBU,1,14.29,14.29,2026-06-05 13:17:21,amazon Dcvoltage,true
989100000000,202-5906601-7279545,AMAZON,B0CP3CZ4TM,,CRFF100CH+PHUP1PCRCH+CNT900CH,1,21.88,16.89,2026-06-05 13:39:54,amazon Dcvoltage,true
989110000000,206-9568255-7337130,AMAZON,B0DP264BLC,,12UK3P10A,1,17.99,17.99,2026-06-05 14:24:47,amazon Dcvoltage,true
989120000000,203-8699186-2768304,AMAZON,B08X9WV762,,PSDS4BMRBU,1,13.58,14.29,2026-06-05 14:36:12,amazon Dcvoltage,true
989130000000,204-3489508-0017132,AMAZON,B09643CJ5N,,CRFF500BM+PHCH1BMRBM3PK+LSDO210BG3PK,1,35.48,35.48,2026-06-05 14:37:21,amazon Dcvoltage,true
989140000000,204-7490581-5719531,AMAZON,B0CG9G8PBV,,WCWODSBM+RPR44WH,1,10.89,10.89,2026-06-05 15:04:27,amazon Dcvoltage,true
989150000000,203-2334257-0329908,AMAZON,B0CKBZ4V22,,CRSF100BM+LHNSE27CO+SCRN70CO+LSFT220BI,1,15.89,15.89,2026-06-05 17:57:23,amazon Dcvoltage,true
989160000000,202-9169214-4348347,AMAZON,B0BY34N1KJ,,ENC4113,1,26.79,26.79,2026-06-05 18:51:54,amazon Dcvoltage,true
989170000000,205-9159015-2640368,AMAZON,B09CYXKRBR,,CRSF100BM+LHNSE27BM+SCRN70YB+LSMS320B,1,19.79,,2026-06-05 19:36:06,amazon Dcvoltage,true
989180000000,206-4171174-8193963,AMAZON,B0D2TCJKT7,,LSCY290OR2PK+RPR44WH2PK,1,23.89,,2026-06-05 19:50:54,amazon Dcvoltage,true
989190000000,203-6999019-2784347,AMAZON,B0CXSS7XYX,,LSCY290WH2PK+RPR44WH2PK,1,25.89,25.89,2026-06-05 19:57:11,amazon Dcvoltage,true
989200000000,203-2512092-2223504,AMAZON,B0CXSQZ68C,,LSCY290BD2PK+RPR44WH2PK,1,25.89,25.89,2026-06-05 21:17:30,amazon Dcvoltage,true
989210000000,026-7085485-9327548,AMAZON,B0GGDTRTN7,,CRFF100BM2PK+LHNSE27BM2PK+ICST64E272PK,1,28.89,28.89,2026-06-05 21:27:24,amazon Dcvoltage,true
989220000000,026-4200863-9857167,AMAZON,B0C7CLVDHR,,LSCY290BI+RPR44WH,1,14.89,,2026-06-05 23:57:10,amazon Dcvoltage,true
989230000000,205-6980621-2213950,AMAZON,B094R3M2DC,,PLADBM,1,45.89,45.89,2026-06-05 06:36:59,amazon Ledsone,true
989240000000,205-0551005-8260321,AMAZON,B0DR954YJT,,PSOS4BMTHE+CBMP140BM+ICST64E27,1,17.79,17.79,2026-06-05 07:15:52,amazon Ledsone,true
989250000000,203-2358302-0926768,AMAZON,B0B9Y9F73N,,CL3TIV5PK,1,13.89,,2026-06-05 08:13:06,amazon Ledsone,true
989260000000,203-8925247-4500336,AMAZON,B0B77KX4P8,,CRFF108BM2PK+HK10BM2PK,1,13.59,13.59,2026-06-05 09:38:42,amazon Ledsone,true
989270000000,204-6968023-2841959,AMAZON,B095Z3GZFK,,CRFF500BM+PHRI1PBRYB3PK+LSFT220BM3PK,1,32.79,32.79,2026-06-05 10:20:32,amazon Ledsone,true
989280000000,206-7615392-6971525,AMAZON,B0BBS1VR82,,CL3THEAPK,1,20.79,20.79,2026-06-05 11:42:02,amazon Ledsone,true
989290000000,206-8327510-4005961,AMAZON,B094R3M2DC,,PLADBM,1,45.89,,2026-06-05 13:23:40,amazon Ledsone,true
989300000000,205-9614691-6792329,AMAZON,B0C2VJJMJ2,,CRSF100YB+LHNSE27YB+LSRP260YB,1,28.59,28.59,2026-06-05 13:43:06,amazon Ledsone,true
989310000000,206-7219626-5263522,AMAZON,B0B4K4LN25,,PSDS4BMRBL,3,36.91,,2026-06-05 15:16:46,amazon Ledsone,true
989320000000,205-2371417-5482719,AMAZON,B0CGZQV9Y7,,LSMCSPFLMC+RPR44WH,1,24.89,24.89,2026-06-05 15:31:50,amazon Ledsone,true
989330000000,202-4510100-6665946,AMAZON,B0B82Y8Q8N,,PHSF1GDRFG,1,14.99,14.99,2026-06-05 16:15:47,amazon Ledsone,true
989340000000,026-1296360-9275535,AMAZON,B0DBKTSQM4,,CL2TBMAPK,1,21.19,21.19,2026-06-05 16:24:53,amazon Ledsone,true
989350000000,026-1296360-9275535,AMAZON,B0BBS3RDGZ,,CL3TLBAPK,1,21.69,21.69,2026-06-05 16:24:53,amazon Ledsone,true
989360000000,203-4390563-6767523,AMAZON,B0CZXHLR1Q,,TPOSBDBM2PK,1,44.99,44.99,2026-06-05 16:29:27,amazon Ledsone,true
989370000000,204-9161170-2160365,AMAZON,B08KW8R4R8,,CL2TBDAPK,1,21.49,21.49,2026-06-05 17:26:02,amazon Ledsone,true
989380000000,203-3456096-3421965,AMAZON,B0D28WPS53,,LSCY290BB3PK+RPR44WH3PK,1,38.79,,2026-06-05 18:28:44,amazon Ledsone,true
989390000000,203-2274758-5183526,AMAZON,B0CGRQCV7Y,,CRSF100BM+PHRNWP2RBM+ICST64E27,1,13.79,13.79,2026-06-05 19:13:05,amazon Ledsone,true
989400000000,205-2619199-0141144,AMAZON,B0B8VWLDFP,,amzn.gr.LDSG125MUE2742PK-l4o2OWjkEZjv-LN,1,16.31,16.31,2026-06-05 19:52:21,amazon Ledsone,true
989410000000,204-4303814-6932309,AMAZON,B0B4K4MVSK,,PSDS4BMRBU,1,14.07,14.07,2026-06-05 20:15:29,amazon Ledsone,true
989420000000,206-3193122-8229963,AMAZON,B0B9Y5MRSK,,CL3TGD5PK,1,17.98,,2026-06-05 20:43:56,amazon Ledsone,true
989430000000,206-7181401-6810768,AMAZON,B0BB3NVM9D,,CL2RGD5PK,1,13.89,,2026-06-05 20:57:38,amazon Ledsone,true
989440000000,205-5783699-8024360,AMAZON,B0F28YR5JN,,LSCY290NB+RPR44WH,1,15.99,15.99,2026-06-05 21:02:44,amazon Ledsone,true
989450000000,204-3061507-6468337,AMAZON,B07PSPC8GB,,CL2RBMAPK,1,17.99,17.99,2026-06-05 21:23:48,amazon Ledsone,true
989460000000,205-4940965-7360355,AMAZON,B0D93QM7CS,,ENC7473,1,25.79,25.79,2026-06-05 22:04:40,amazon Ledsone,true
990830000000,206-6654867-0093166,AMAZON,B07ZFWL5T1,,CRFF100GB+LHNSE27GB,1,13.89,,2026-06-06 08:02:17,amazon Dcvoltage,true
990840000000,026-0460832-0079502,AMAZON,B07L8GPT85,,CL3TGY5PK,1,12.99,,2026-06-06 09:31:05,amazon Dcvoltage,true
990850000000,204-4354459-9985947,AMAZON,B0CKWLFKR7,,CL3RGR5PK,1,12.89,12.89,2026-06-06 09:43:59,amazon Dcvoltage,true
990860000000,203-4470119-6501150,AMAZON,B0CJ4Q2DF3,,LSMCSPFLMC,1,24.49,24.49,2026-06-06 10:13:51,amazon Dcvoltage,true
990870000000,202-2915212-5801938,AMAZON,B0D2TCJKT7,,LSCY290OR2PK+RPR44WH2PK,1,23.89,23.89,2026-06-06 10:43:31,amazon Dcvoltage,true
990880000000,206-6121537-8201904,AMAZON,B08VRY5HL8,,CRSF100BC+LHNSE27YB+LSCY290BC,3,55.47,55.47,2026-06-06 11:25:53,amazon Dcvoltage,true
990890000000,206-0638574-9256323,AMAZON,B08Z7RZC6W,,CRSF100BM+PHUH1HETBM+LSHM400HE,1,31.91,33.59,2026-06-06 13:42:30,amazon Dcvoltage,true
990900000000,202-1907013-9623531,AMAZON,B0DH6FPVYK,,CL2TCRAPK,2,32.92,36.58,2026-06-06 14:17:24,amazon Dcvoltage,true
990910000000,203-3309957-3810765,AMAZON,B07L8GPT85,,CL3TGY5PK,1,12.99,12.99,2026-06-06 14:59:01,amazon Dcvoltage,true
990920000000,205-7592755-6624356,AMAZON,B0D453YVGN,,PHSF2BMTBM+ICST64E27,1,13.89,13.89,2026-06-06 15:47:43,amazon Dcvoltage,true
990930000000,026-4849078-8523511,AMAZON,B0CXSXN4KX,,LSMS320BI2PK+RPR44WH2PK,1,25.59,25.59,2026-06-06 16:33:35,amazon Dcvoltage,true
990940000000,203-4105929-1158767,AMAZON,B0DH67XKP9,,CL2TBRAPK,1,18.19,,2026-06-06 16:35:45,amazon Dcvoltage,true
990950000000,026-8286328-7021124,AMAZON,B0D5BFHKBN,,LSMS320GY2PK+RPR44WH2PK,1,25.39,25.39,2026-06-06 17:01:12,amazon Dcvoltage,true
990960000000,202-5598100-6701934,AMAZON,B0CXPT6W9C,,LSCY290RO2PK+RPR44WH2PK,1,26.89,26.89,2026-06-06 17:19:32,amazon Dcvoltage,true
990970000000,202-5598100-6701934,AMAZON,B0CYZWJ7WJ,,LSCY290CH2PK+RPR44WH2PK,1,28.89,28.89,2026-06-06 17:19:32,amazon Dcvoltage,true
990980000000,202-6063910-0352356,AMAZON,B0CB8D5MMC,,LSMS320GY+RPR44WH,1,14.99,14.99,2026-06-06 17:54:03,amazon Dcvoltage,true
990990000000,204-3341569-1453103,AMAZON,B0DMDV1BF9,,WCCYSP160BM2PK,1,26.89,26.89,2026-06-06 18:09:48,amazon Dcvoltage,true
991000000000,206-7216117-1345950,AMAZON,B0C7C8LWY9,,LSCY290NB+RPR44WH,1,15.79,15.79,2026-06-06 18:48:30,amazon Dcvoltage,true
991010000000,026-4209312-5833123,AMAZON,B0D5LRVWYD,,LSFT220BG2PK+RPR44WH2PK,2,42.98,42.98,2026-06-06 18:52:54,amazon Dcvoltage,true
991020000000,202-0307180-5712331,AMAZON,B0C171T3ZR,,PSDS2RGY,1,9.89,9.89,2026-06-06 19:03:20,amazon Dcvoltage,true
991030000000,026-4766399-4985149,AMAZON,B0C9TSHB33,,LSCY210BM+RPR44WH,1,13.79,13.79,2026-06-06 19:19:08,amazon Dcvoltage,true
991040000000,026-8454879-0500365,AMAZON,B0GGDTRTN7,,CRFF100BM2PK+LHNSE27BM2PK+ICST64E272PK,1,28.89,,2026-06-06 20:10:55,amazon Dcvoltage,true
991050000000,205-4097846-3451542,AMAZON,B0915XVRMG,,CRSF100BM+LHNSE27CO+SCRN70CO+LSFT220YB,1,17.29,17.29,2026-06-06 21:19:00,amazon Dcvoltage,true
991060000000,205-5624117-8863526,AMAZON,B0CG5YFN9X,,LSCY290BI2PK+RPR44WH2PK,1,26.79,,2026-06-06 21:24:49,amazon Dcvoltage,true
991070000000,026-8315488-5470730,AMAZON,B0D6B5DGFC,,SPSDP2BM3PK,1,12.49,12.49,2026-06-06 22:32:06,amazon Dcvoltage,true
991080000000,026-3862272-0933107,AMAZON,B08X9WV762,,PSDS4BMRBU,1,13.58,,2026-06-06 22:49:54,amazon Dcvoltage,true
991090000000,205-4713171-2425950,AMAZON,B08Z7RZC6W,,CRSF100BM+PHUH1HETBM+LSHM400HE,1,31.91,33.59,2026-06-06 22:57:09,amazon Dcvoltage,true
991100000000,205-8596744-3493961,AMAZON,B07CS22K8L,,12IP6720,1,10.09,10.09,2026-06-06 23:06:21,amazon Dcvoltage,true
991110000000,204-4683215-0437165,AMAZON,B0CW5RLSQL,,CRFF105GB2PK+HK10GB2PK,1,13.79,13.79,2026-06-06 00:27:57,amazon Ledsone,true
991130000000,026-9766550-3542763,AMAZON,B0B9Y5MRSK,,CL3TGD5PK,1,12.89,12.89,2026-06-06 07:30:17,amazon Ledsone,true
991140000000,205-0689842-9033917,AMAZON,B0BBB3CF25,,CL3RBT5PK,1,12.79,12.79,2026-06-06 08:35:33,amazon Ledsone,true
991150000000,206-9510541-2593922,AMAZON,B0B7SGF1HD,,PHSF1BMTBY,1,14.09,14.09,2026-06-06 08:39:21,amazon Ledsone,true
991160000000,203-8078016-3830766,AMAZON,B0CVQFSV4Z,,RWT680YE,1,10.89,10.89,2026-06-06 09:21:31,amazon Ledsone,true
991170000000,204-3345253-6841150,AMAZON,B0B7SGF1HD,,PHSF1BMTBY,1,14.09,14.09,2026-06-06 09:34:07,amazon Ledsone,true
991180000000,204-3266607-7598705,AMAZON,B0B9K6TTT9,,CL2TBL5PK,1,12.49,12.49,2026-06-06 10:37:07,amazon Ledsone,true
991190000000,206-9146348-7720333,AMAZON,B0D28XC4DK,,LSCY290BM3PK+RPR44WH3PK,1,42.79,42.79,2026-06-06 11:56:54,amazon Ledsone,true
991200000000,206-1625453-0629105,AMAZON,B09HS95HZH,,CL2TOR5PK,1,13.19,,2026-06-06 12:47:26,amazon Ledsone,true
991210000000,026-0489050-9425926,AMAZON,B0CGRQCV7Y,,CRSF100BM+PHRNWP2RBM+ICST64E27,1,13.79,,2026-06-06 13:13:52,amazon Ledsone,true
991220000000,202-0214008-8167540,AMAZON,B0BBS3NXFM,,CL3TBRAPK,1,20.89,20.89,2026-06-06 13:34:49,amazon Ledsone,true
991230000000,204-0510163-3193132,AMAZON,B0B77GWCPC,,CRFF108GB2PK+HK10GB2PK,1,13.79,13.79,2026-06-06 13:37:58,amazon Ledsone,true
991240000000,204-0510163-3193132,AMAZON,B0CW5RLSQL,,CRFF105GB2PK+HK10GB2PK,1,13.79,13.79,2026-06-06 13:37:58,amazon Ledsone,true
991250000000,205-6646475-2607518,AMAZON,B08S44XNJF,,CRSF100BC+LHNSE27YB+SCRN70BC+LSWD360BC,1,26.19,26.19,2026-06-06 13:56:42,amazon Ledsone,true
991260000000,206-1592273-2517924,AMAZON,B09479HV6W,,LDMG95E2783PK,1,14.09,,2026-06-06 15:20:04,amazon Ledsone,true
991270000000,206-2164626-0980343,AMAZON,B0963P71QD,,CRFF500BM+PHRI1PBRCO3PK+LSOL220CO3PK,1,34.56,34.56,2026-06-06 15:42:04,amazon Ledsone,true
991280000000,202-7498801-8150734,AMAZON,B0868DXK1B,,amzn.gr.CCBKNWE48-cAuZR5kff-IWIyl0KcY-VG,1,7.94,7.94,2026-06-06 15:42:17,amazon Ledsone,true
991290000000,204-1626003-9093109,AMAZON,B0F7R1VSQD,,CL3TWHAPK,1,19.39,19.39,2026-06-06 15:52:43,amazon Ledsone,true
991300000000,204-7749295-7343526,AMAZON,B0CHDX9PTC,,CL3TPU5PK,1,12.49,12.49,2026-06-06 15:57:54,amazon Ledsone,true
991310000000,203-8590661-2929934,AMAZON,B094R3M2DC,,PLADBM,1,45.89,,2026-06-06 16:51:37,amazon Ledsone,true
991320000000,202-4968025-1648313,AMAZON,B0BB335TJ3,,CL2RGL5PK,1,13.69,13.69,2026-06-06 16:57:35,amazon Ledsone,true
991330000000,206-6687998-4168300,AMAZON,B0DGQKC1N1,,LSLT360BC+RPR44WH,1,14.40,14.40,2026-06-06 17:09:24,amazon Ledsone,true
991340000000,026-6898561-8785947,AMAZON,B0D794K9Y2,,WCB7BM2PK+RPR44WH2PK,1,16.19,16.19,2026-06-06 17:27:26,amazon Ledsone,true
991350000000,205-0196964-0209933,AMAZON,B0863J112Z,,PHSF1BMTBM2PK,1,17.29,,2026-06-06 17:45:27,amazon Ledsone,true
991360000000,203-1439042-0843520,AMAZON,B094R3M2DC,,PLADBM,1,45.89,45.89,2026-06-06 19:37:03,amazon Ledsone,true
991370000000,026-9211946-3207514,AMAZON,B0CCJ13D4W,,SPSDP2WH5PK,1,17.89,17.89,2026-06-06 19:51:27,amazon Ledsone,true
991380000000,205-4712682-6358748,AMAZON,B0C3ZTBRHZ,,LSCY290BM+RPR44WH,1,15.29,,2026-06-06 20:06:25,amazon Ledsone,true
991390000000,203-3323668-7060349,AMAZON,B0GW8313KY,,LHSWPBB22CH,1,9.79,9.79,2026-06-06 20:42:59,amazon Ledsone,true
991410000000,206-4410220-2948324,AMAZON,B0F9X1GLK8,,CL3THEAPK,2,39.98,,2026-06-06 21:01:41,amazon Ledsone,true
991420000000,205-0279531-4359570,AMAZON,B0B82Y8Q8N,,PHSF1GDRFG,2,26.98,29.48,2026-06-06 21:14:53,amazon Ledsone,true
991430000000,202-1528783-5161108,AMAZON,B09HS8NDLH,,CL2TAG5PK,1,13.73,,2026-06-06 21:35:32,amazon Ledsone,true
991440000000,202-6646660-5647534,AMAZON,B0BBS6B82P,,CL3TBMAPK,1,21.89,21.89,2026-06-06 22:02:41,amazon Ledsone,true
991450000000,026-2778068-1573929,AMAZON,B0CVQFSV4Z,,RWT680YE,1,10.89,10.89,2026-06-06 22:23:03,amazon Ledsone,true
993380000000,206-1402100-3759543,AMAZON,B08V5MK449,,CRSF100BM+PHCH1BMRBM+LSCY290BM,1,20.49,,2026-06-07 07:07:06,amazon Dcvoltage,true
993390000000,203-1884686-9237901,AMAZON,B08VGMKHT7,,LSCY290BM+RPR44WH,1,15.49,15.49,2026-06-07 07:51:35,amazon Dcvoltage,true
993400000000,205-0768748-1457167,AMAZON,B0CJCDZWRB,,LSSS300SN2PK+RPR44WH2PK,1,28.48,23.49,2026-06-07 08:33:20,amazon Dcvoltage,true
993410000000,203-8479827-1639564,AMAZON,B0CSPDC2PX,,ENC6087,1,26.89,26.89,2026-06-07 09:29:31,amazon Dcvoltage,true
993420000000,203-1003110-9816333,AMAZON,B08V8MYCZR,,CRSF100BM+PHSH1PBRBM+LSMS320GR,1,19.89,19.89,2026-06-07 10:32:29,amazon Dcvoltage,true
993430000000,026-5434499-4885913,AMAZON,B0D5LSD942,,LSFT220BI2PK+RPR44WH2PK,1,17.99,17.99,2026-06-07 11:17:35,amazon Dcvoltage,true
993440000000,203-6789320-5644320,AMAZON,B08TLRK8PT,,ENC773,1,20.89,20.89,2026-06-07 11:25:24,amazon Dcvoltage,true
993450000000,203-9588396-1701917,AMAZON,B0BZ4ZRNCC,,ENC1291,1,18.89,18.89,2026-06-07 12:27:17,amazon Dcvoltage,true
993460000000,026-0214085-1049913,AMAZON,B0BZ4YPVXF,,ENC1292,2,41.78,20.89,2026-06-07 12:51:19,amazon Dcvoltage,true
993470000000,026-1238934-3513906,AMAZON,B0CKWMV3JZ,,CL3RBT5PK,1,12.49,12.49,2026-06-07 13:05:47,amazon Dcvoltage,true
993480000000,202-6699948-9561142,AMAZON,B0G4QXYX5W,,CRSF100BM+PHHF1PBRBM+LSWD360BM,1,20.61,21.69,2026-06-07 13:42:57,amazon Dcvoltage,true
993490000000,205-0472232-6872359,AMAZON,B07PM6VXCG,,CL3TBK5PK,1,19.32,,2026-06-07 13:50:37,amazon Dcvoltage,true
993500000000,205-7317730-9830751,AMAZON,B0CP3CZ4TM,,CRFF100CH+PHUP1PCRCH+CNT900CH,2,30.40,33.78,2026-06-07 15:18:55,amazon Dcvoltage,true
993510000000,202-1375910-4069156,AMAZON,B0DFHMDZYQ,,LSCY290NB+RPR44WH,1,16.76,15.09,2026-06-07 15:25:06,amazon Dcvoltage,true
993520000000,026-5590914-5725938,AMAZON,B0DFHMC949,,LSCY290BI+RPR44WH-,2,30.58,,2026-06-07 15:41:46,amazon Dcvoltage,true
993530000000,206-7790207-6669164,AMAZON,B0BZ4ZRNCC,,ENC1291,2,37.78,37.78,2026-06-07 15:48:55,amazon Dcvoltage,true
993540000000,203-8921310-8547513,AMAZON,B0BWJWGXD4,,LSCY210BG+RPR44WH,1,12.09,12.09,2026-06-07 15:53:35,amazon Dcvoltage,true
993550000000,026-4438749-1565959,AMAZON,B0D9RWB87Q,,ENC7499,1,48.89,,2026-06-07 16:57:20,amazon Dcvoltage,true
993570000000,204-6590219-0621918,AMAZON,B0D6B5DGFC,,SPSDP2BM3PK,1,12.49,,2026-06-07 16:59:58,amazon Dcvoltage,true
993580000000,203-6796619-2645140,AMAZON,B07QV1YKZW,,12RPIP45100,1,12.89,12.89,2026-06-07 17:24:39,amazon Dcvoltage,true
993590000000,026-0587974-9605100,AMAZON,B0DFHN3XPG,,LSCY290BL+RPR44WH,1,15.89,15.89,2026-06-07 17:39:56,amazon Dcvoltage,true
993600000000,205-1500717-8566727,AMAZON,B07QV1YKZW,,12RPIP45100,1,12.89,,2026-06-07 17:52:46,amazon Dcvoltage,true
993620000000,203-9672991-6539547,AMAZON,B08VGP666V,,LSCY290WH+RPR44WH,1,15.79,15.79,2026-06-07 19:51:48,amazon Dcvoltage,true
993630000000,203-5478818-4911526,AMAZON,B0CSPDC2PX,,ENC6087,1,26.89,26.89,2026-06-07 19:56:10,amazon Dcvoltage,true
993640000000,203-5478818-4911526,AMAZON,B08TMBY3QM,,ENC771,1,16.79,16.79,2026-06-07 19:56:10,amazon Dcvoltage,true
993650000000,206-4555138-9269966,AMAZON,B0D4YPCPPS,,amzn.gr.LDMG80E2746Pk-OD4VjPSm58iyDKv-LN,1,10.89,10.89,2026-06-07 20:53:36,amazon Dcvoltage,true
993660000000,203-5752679-8129923,AMAZON,B0CBLWLZ4W,,WCWDBM2PK+RPR44WH2PK,1,14.89,,2026-06-07 21:23:44,amazon Dcvoltage,true
993670000000,203-8290242-8982713,AMAZON,B0G2YBJVW4,,ENC7844,1,20.39,20.39,2026-06-07 21:51:04,amazon Dcvoltage,true
993680000000,205-0701380-8191528,AMAZON,B08KGJT4DP,,CL3THE5PK,2,0.00,,2026-06-07 23:09:53,amazon Ledsone,true
993690000000,026-2390452-1050724,AMAZON,B0CCD4KL94,,ENC5267,1,17.59,17.59,2026-06-07 06:31:00,amazon Ledsone,true
993700000000,206-9089290-2799530,AMAZON,B094DN1XL1,,PLADBC,1,45.99,45.99,2026-06-07 06:41:55,amazon Ledsone,true
993710000000,026-9351488-8345120,AMAZON,B0D7ZTRLBH,,amzn.gr.LSCY290BM2PK_RPR44WH2P-_itPNG-AC,1,16.83,,2026-06-07 08:48:01,amazon Ledsone,true
993720000000,205-9679501-7047528,AMAZON,B0CBCN1B9S,,CRFF500BM+PHCH1BMRBM3PK+LSCY210BG3PK+IC,1,37.89,37.89,2026-06-07 09:13:53,amazon Ledsone,true
993730000000,202-3842285-2898716,AMAZON,B0B4K4MVSK,,PSDS4BMRBU,1,14.07,14.07,2026-06-07 10:52:04,amazon Ledsone,true
993740000000,204-9634444-6069117,AMAZON,B0CHDZ8L2S,,CL3TBL5PK,1,10.39,10.39,2026-06-07 10:59:34,amazon Ledsone,true
993750000000,206-6450467-5125152,AMAZON,B0B8VVQDZR,,LDSG125LOE2742PK,1,15.89,15.89,2026-06-07 11:07:12,amazon Ledsone,true
993760000000,205-0372048-7050769,AMAZON,B0F28YR5JN,,LSCY290NB+RPR44WH,2,31.98,31.98,2026-06-07 11:26:58,amazon Ledsone,true
993770000000,026-3043322-0591509,AMAZON,B0863J112Z,,PHSF1BMTBM2PK,1,17.29,,2026-06-07 11:28:59,amazon Ledsone,true
993780000000,205-4755605-6195539,AMAZON,B08S44XNJF,,CRSF100BC+LHNSE27YB+SCRN70BC+LSWD360BC,1,26.19,26.19,2026-06-07 11:34:29,amazon Ledsone,true
993790000000,204-8298712-7853926,AMAZON,B0DB2FJY1T,,CL2THEAPK,1,20.19,20.19,2026-06-07 11:54:41,amazon Ledsone,true
993800000000,206-8432709-4111533,AMAZON,B0B9Y5MRSK,,CL3TGD5PK,1,12.99,12.99,2026-06-07 11:55:46,amazon Ledsone,true
993810000000,205-8410211-5040307,AMAZON,B0863J112Z,,PHSF1BMTBM2PK,1,17.29,17.29,2026-06-07 11:57:42,amazon Ledsone,true
993820000000,205-1815625-8257951,AMAZON,B0CZXL6ZYG,,TPOSBDBM,1,24.69,24.69,2026-06-07 12:00:07,amazon Ledsone,true
993830000000,203-5200528-6589157,AMAZON,B093T37BQ8,,LSMS320OR+RPR44WH,1,14.99,,2026-06-07 13:48:52,amazon Ledsone,true
993840000000,205-6801422-2737968,AMAZON,B0BC1CYP2F,,CL3RBMAPK,1,22.89,22.89,2026-06-07 14:14:47,amazon Ledsone,true
993850000000,202-7209235-5670732,AMAZON,B0CCJ13D4W,,SPSDP2WH5PK,1,17.89,17.89,2026-06-07 14:25:43,amazon Ledsone,true
993860000000,203-2642667-7432339,AMAZON,B0CW5RLSQL,,CRFF105GB2PK+HK10GB2PK,1,13.79,13.79,2026-06-07 14:46:01,amazon Ledsone,true
993870000000,203-5883701-3016354,AMAZON,B0B9Y5MRSK,,CL3TGD5PK,1,12.99,12.99,2026-06-07 15:21:08,amazon Ledsone,true
993880000000,204-4765434-2757160,AMAZON,B0BBS6B82P,,CL3TBMAPK,1,21.89,21.89,2026-06-07 16:49:24,amazon Ledsone,true
993890000000,202-8097285-4121151,AMAZON,B0868DXK1B,,CCBKNWE48,2,20.58,20.58,2026-06-07 16:56:31,amazon Ledsone,true
993900000000,206-2665037-2485929,AMAZON,B0B9Y5MRSK,,CL3TGD5PK,1,12.99,12.99,2026-06-07 17:31:17,amazon Ledsone,true
993910000000,026-5740733-1991514,AMAZON,B09KNVBJZW,,CRSF2003BM+PHRB1PBR40BM3PK+LSBS160GR3PKA,1,29.89,29.89,2026-06-07 17:51:28,amazon Ledsone,true
993930000000,202-7291197-5562759,AMAZON,B0GW7VBY3J,,LHSWPBB22GD,1,9.79,,2026-06-07 18:51:36,amazon Ledsone,true
993940000000,206-3299791-6553164,AMAZON,B0DF2WV971,,LHC5E27WH2PK,1,12.09,,2026-06-07 19:08:39,amazon Ledsone,true
993950000000,204-9464691-2884306,AMAZON,B0F28YNDZN,,LSCY290RO+RPR44WH,1,18.29,18.29,2026-06-07 19:29:35,amazon Ledsone,true
993970000000,206-1609815-4031552,AMAZON,B0BBS3NXFM,,CL3TBRAPK,1,0.00,,2026-06-07 20:27:47,amazon Ledsone,true
993980000000,206-1609815-4031552,AMAZON,B0CCHYTRLV,,SPSDP2WH6PK,1,0.00,,2026-06-07 20:27:47,amazon Ledsone,true
993990000000,203-1494190-0152326,AMAZON,B0CGRJ5PM4,,CRSF100BM+SPSPLBM+PHRNWP2RBM,1,13.29,13.29,2026-06-07 21:34:52,amazon Ledsone,true
994000000000,205-0701380-8191528,AMAZON,B0CCHX3S7L,,amzn.gr.SPSDP2BM6PK-L290L-2H4lNr5UwE8-VG,2,0.00,,2026-06-07 23:09:53,amazon Ledsone,true
995900000000,205-9281320-0676339,AMAZON,B0D453YVGN,,PHSF2BMTBM+ICST64E27,1,13.89,13.89,2026-06-08 05:58:59,amazon Dcvoltage,true
995920000000,026-0298234-3706736,AMAZON,B08XC25WCD,,CL3TBMAPK,1,20.99,20.99,2026-06-08 07:34:35,amazon Dcvoltage,true
995930000000,206-3926430-6143561,AMAZON,B08XC1QT69,,CL3THEAPK,1,19.99,19.99,2026-06-08 08:45:52,amazon Dcvoltage,true
995940000000,203-2568401-7725111,AMAZON,B0DFHMC949,,LSCY290BI+RPR44WH-,1,17.28,15.29,2026-06-08 09:20:12,amazon Dcvoltage,true
995950000000,204-6531588-3913150,AMAZON,B0BZ514CFP,,ENC1290,1,17.79,17.79,2026-06-08 09:36:59,amazon Dcvoltage,true
995960000000,203-1420170-5282728,AMAZON,B08XC1QT69,,CL3THEAPK,1,19.99,19.99,2026-06-08 09:37:26,amazon Dcvoltage,true
995970000000,205-2607802-0263554,AMAZON,B0CKWLS9WR,,CL3RHE5PK,1,13.09,13.09,2026-06-08 10:01:39,amazon Dcvoltage,true
995980000000,204-6126281-4780367,AMAZON,B0CXSQZ68C,,LSCY290BD2PK+RPR44WH2PK,1,25.89,25.89,2026-06-08 10:05:53,amazon Dcvoltage,true
995990000000,026-9090535-0920308,AMAZON,B0D53DFPS4,,WCB1BM2PK+RPR44WH2PK,1,15.89,15.89,2026-06-08 10:23:38,amazon Dcvoltage,true
996000000000,204-0866120-5803550,AMAZON,B0C6LV14PT,,12UK3P2A,1,6.89,6.89,2026-06-08 10:56:31,amazon Dcvoltage,true
996010000000,204-8010277-6749964,AMAZON,B0C6LV14PT,,12UK3P2A,1,6.89,6.89,2026-06-08 11:07:17,amazon Dcvoltage,true
996020000000,202-5003705-8792355,AMAZON,B0DH9BSF4C,,CL3TBM5PK,1,13.09,13.09,2026-06-08 12:42:10,amazon Dcvoltage,true
996030000000,206-2596219-0745915,AMAZON,B0CC8Q45BL,,amzn.gr.CRSF100BM_WSSS70BM_LSS-B4uoOv-VG,1,1.11,,2026-06-08 13:54:03,amazon Dcvoltage,true
996040000000,202-0208951-2409130,AMAZON,B0CJ4QZ15C,,LSMCSPSQMC+RPM40WH,1,22.89,22.89,2026-06-08 14:33:36,amazon Dcvoltage,true
996050000000,203-7651048-8977140,AMAZON,B0DMNS6SJ3,,LHCCE27BM,1,4.98,4.98,2026-06-08 15:06:36,amazon Dcvoltage,true
996060000000,204-0996546-7326766,AMAZON,B07F9SH71F,,LDMG95E274,1,5.69,,2026-06-08 15:26:33,amazon Dcvoltage,true
996070000000,206-9877364-4090706,AMAZON,B0CJCDZWRB,,LSSS300SN2PK+RPR44WH2PK,1,23.49,23.49,2026-06-08 15:40:44,amazon Dcvoltage,true
996080000000,206-4874787-5248314,AMAZON,B0FZCRB2RS,,LSHM400HE+RPR44WH,1,25.55,,2026-06-08 16:53:52,amazon Dcvoltage,true
996090000000,202-8138484-5050730,AMAZON,B07L8GPT85,,CL3TGY5PK,1,12.99,12.99,2026-06-08 17:15:15,amazon Dcvoltage,true
996100000000,204-5462693-8521952,AMAZON,B0CXSS7XYX,,LSCY290WH2PK+RPR44WH2PK,1,25.89,25.89,2026-06-08 17:24:34,amazon Dcvoltage,true
996110000000,205-3997244-9588301,AMAZON,B08WLZCF85,,CRSF100YB+WSNW170YB+SCRN70YB+LSFT220YB,1,15.89,15.89,2026-06-08 18:02:34,amazon Dcvoltage,true
996120000000,206-0953183-3100355,AMAZON,B0DTQ47GBY,,WCCYSP160GD2PK,1,26.89,26.89,2026-06-08 18:17:07,amazon Dcvoltage,true
996130000000,204-6557781-7281966,AMAZON,B0D5BFMF7Z,,LSMS320RE2PK+RPR44WH2PK,1,25.79,25.79,2026-06-08 18:34:30,amazon Dcvoltage,true
996140000000,206-6781470-2673905,AMAZON,B08XB1Q8YP,,PSDS2BMRRE,1,11.89,,2026-06-08 18:47:41,amazon Dcvoltage,true
996150000000,205-9167448-7628322,AMAZON,B0CNGGP2YF,,TPHTTN2PBRBM,1,19.89,,2026-06-08 19:06:33,amazon Dcvoltage,true
996160000000,206-8910961-7915530,AMAZON,B0CXSS7XYX,,LSCY290WH2PK+RPR44WH2PK,2,53.06,,2026-06-08 19:43:30,amazon Dcvoltage,true
996170000000,202-9326102-3291523,AMAZON,B0D73JHB8R,,LDST185B2242PK,1,11.99,11.99,2026-06-08 20:26:56,amazon Dcvoltage,true
996180000000,206-4458649-5392362,AMAZON,B0D53FZ8GS,,WCB2WH2PK+RPR44WH2PK,1,15.89,,2026-06-08 20:34:29,amazon Dcvoltage,true
996190000000,026-9432547-8218734,AMAZON,B08TX216Y4,,LSMS320BD+RPR44WH,1,14.99,14.99,2026-06-08 21:18:31,amazon Dcvoltage,true
996200000000,206-9143363-1566757,AMAZON,B07L8HQG6Y,,CL3TGD5PK,1,13.99,,2026-06-08 21:38:03,amazon Dcvoltage,true
996210000000,203-5201566-8717118,AMAZON,B0CDWVF7VV,,PSHYOS4WRWH,1,14.09,14.09,2026-06-08 02:43:49,amazon Ledsone,true
996220000000,203-8925378-5139535,AMAZON,B0CHRVWSBM,,CL3RBM5PK,1,11.99,11.99,2026-06-08 05:33:03,amazon Ledsone,true
996240000000,206-4934035-3877126,AMAZON,B0CZXL6ZYG,,TPOSBDBM,1,24.69,,2026-06-08 06:28:54,amazon Ledsone,true
996250000000,202-4125206-4991513,AMAZON,B0BW9SGHDN,,LSLT360WH+RPR44WH,1,13.59,13.59,2026-06-08 07:09:32,amazon Ledsone,true
996260000000,203-1891458-5758748,AMAZON,B0B9Y5MRSK,,CL3TGD5PK,1,12.99,12.99,2026-06-08 08:41:27,amazon Ledsone,true
996270000000,205-4651290-5254759,AMAZON,B0B2K8F78C,,LHC6E27WH5PK,1,13.89,13.89,2026-06-08 08:48:26,amazon Ledsone,true
996280000000,205-3492327-4449910,AMAZON,B0963P71QD,,CRFF500BM+PHRI1PBRCO3PK+LSOL220CO3PK,1,34.56,34.56,2026-06-08 10:46:30,amazon Ledsone,true
996290000000,206-9875822-0539539,AMAZON,B0CZXL6ZYG,,TPOSBDBM,1,24.69,,2026-06-08 10:49:03,amazon Ledsone,true
996300000000,026-3837393-7859545,AMAZON,B0868DXK1B,,CCBKNWE48,3,35.86,30.87,2026-06-08 10:57:30,amazon Ledsone,true
996310000000,206-4267652-7860306,AMAZON,B0F2FS74K3,,LPSQ7W4PK,1,18.39,18.39,2026-06-08 11:18:08,amazon Ledsone,true
996320000000,203-8301189-3615563,AMAZON,B0F6V3GXXV,,PHUH1HETBM+LSHM400HE,1,32.29,,2026-06-08 11:26:04,amazon Ledsone,true
996330000000,026-5313176-0543529,AMAZON,B0GW7VBY3J,,LHSWPBB22GD,1,14.78,9.79,2026-06-08 12:00:11,amazon Ledsone,true
996340000000,204-4334133-0297957,AMAZON,B0B9Y67S6V,,CL3TCR5PK,1,13.89,,2026-06-08 12:12:11,amazon Ledsone,true
996350000000,205-7251922-2997141,AMAZON,B0BBS6B82P,,CL3TBMAPK,1,0.00,,2026-06-08 12:24:32,amazon Ledsone,true
996360000000,205-7251922-2997141,AMAZON,B0BBS118NM,,CL3TBKAPK,1,0.00,,2026-06-08 12:24:32,amazon Ledsone,true
996370000000,205-6486593-8479502,AMAZON,B0B9Y5MRSK,,CL3TGD5PK,1,12.99,,2026-06-08 12:31:02,amazon Ledsone,true
996380000000,203-3238809-3732318,AMAZON,B09JM3PLLH,,LDSG125LOE274,1,10.19,,2026-06-08 13:17:11,amazon Ledsone,true
996390000000,202-8065559-5454733,AMAZON,B0GNZLCX15,,amzn.gr.LHXSHE27BM3PK-GiZ-gfgQzuXnibh-VG,1,10.34,10.34,2026-06-08 13:21:51,amazon Ledsone,true
996400000000,203-0942800-5149122,AMAZON,B0D7S58RX5,,LSMS320CB+RPR44WH,1,14.99,14.99,2026-06-08 13:28:58,amazon Ledsone,true
996410000000,205-8657977-8434757,AMAZON,B0BBB3V9M6,,CL3RBW5PK,1,13.01,13.01,2026-06-08 13:37:08,amazon Ledsone,true
996420000000,026-2459189-7367528,AMAZON,B09L115HFJ,,12UK3P10A,1,17.29,,2026-06-08 14:55:39,amazon Ledsone,true
996430000000,026-2183706-6145950,AMAZON,B0BB34B2QY,,CL2RBR5PK,1,13.79,,2026-06-08 16:00:38,amazon Ledsone,true
996440000000,202-8747955-3177957,AMAZON,B072R5FSMB,,12IP20300,1,17.99,17.99,2026-06-08 16:51:38,amazon Ledsone,true
996450000000,206-5376970-3703513,AMAZON,B0CBMQZ8P6,,PHSF2BMRBM+SPSDP2BM,1,13.89,13.89,2026-06-08 17:00:41,amazon Ledsone,true
996460000000,203-6596892-7033146,AMAZON,B0B9YBYDLP,,CL3TBD5PK,1,13.51,13.51,2026-06-08 17:33:16,amazon Ledsone,true
996470000000,202-0117277-4033906,AMAZON,B0F28YR5JN,,amzn.gr.LSCY290NB_RPR44WH__1-d71FYJZv-VG,1,12.79,12.79,2026-06-08 18:26:26,amazon Ledsone,true
996480000000,202-0117277-4033906,AMAZON,B0F28YR5JN,,amzn.gr.LSCY290NB_RPR44WH__1-d71FYJZv-VG,1,12.79,12.79,2026-06-08 18:26:26,amazon Ledsone,true
996490000000,206-2468099-1104347,AMAZON,B0CCD4KL94,,amzn.gr.ENC5267-xLvySjP3FNKJe0ytIvNNV-VG,1,13.19,13.19,2026-06-08 18:40:25,amazon Ledsone,true
996500000000,203-3972318-1906747,AMAZON,B0963P71QD,,CRFF500BM+PHRI1PBRCO3PK+LSOL220CO3PK,1,34.56,,2026-06-08 20:25:02,amazon Ledsone,true
996510000000,203-5483712-4601148,AMAZON,B083TNFR73,,LDMST64E278pck3,1,14.79,14.79,2026-06-08 20:44:03,amazon Ledsone,true
996520000000,205-1440877-8747519,AMAZON,B07CM1B86W,,12IP67150,1,21.49,,2026-06-08 20:46:50,amazon Ledsone,true
996530000000,026-0347221-0120368,AMAZON,B0GNZLCX15,,LHXSHE27BM3PK,1,13.79,,2026-06-08 21:43:16,amazon Ledsone,true
996540000000,026-5877230-9869154,AMAZON,B0CBMQZ8P6,,PHSF2BMRBM+SPSDP2BM,1,13.89,13.89,2026-06-08 22:05:49,amazon Ledsone,true
996550000000,203-5291284-1069104,AMAZON,B09L115HFJ,,12UK3P10A,1,17.29,17.29,2026-06-08 22:09:22,amazon Ledsone,true
996560000000,203-3509420-9321124,AMAZON,B0BBS41T71,,CL3TAGAPK,1,21.69,21.69,2026-06-08 22:35:42,amazon Ledsone,true
998580000000,205-9599207-4501136,AMAZON,B0CKWLS9WR,,CL3RHE5PK,1,13.09,13.09,2026-06-09 01:32:00,amazon Dcvoltage,true
998590000000,205-8583924-2625915,AMAZON,B07F9SH71F,,LDMG95E274,1,10.68,,2026-06-09 04:21:57,amazon Dcvoltage,true
998600000000,202-2290119-6479541,AMAZON,B08XC25WCD,,CL3TBMAPK,1,20.99,20.99,2026-06-09 05:52:51,amazon Dcvoltage,true
998610000000,026-3243165-6380301,AMAZON,B0FL767CVP,,PHSF2GYTCH2PK+ICST64E272PK,1,24.56,28.89,2026-06-09 07:09:52,amazon Dcvoltage,true
998620000000,204-7257295-3498721,AMAZON,B0BZ4Y4X94,,ENC1282,1,22.89,22.89,2026-06-09 07:15:04,amazon Dcvoltage,true
998630000000,205-8825410-1983510,AMAZON,B0D53FZ8GS,,WCB2WH2PK+RPR44WH2PK,1,15.89,15.89,2026-06-09 07:27:32,amazon Dcvoltage,true
998640000000,203-7871553-6035554,AMAZON,B0CNZ5N8L3,,CL3RWHAPK,1,19.89,19.89,2026-06-09 08:00:20,amazon Dcvoltage,true
998650000000,026-0928846-6812315,AMAZON,B0DP264BLC,,12UK3P10A,1,17.99,17.99,2026-06-09 08:57:54,amazon Dcvoltage,true
998660000000,206-7126041-1917112,AMAZON,B0CGRJ1V8L,,TPOSBDBM,1,24.69,,2026-06-09 09:39:12,amazon Dcvoltage,true
998680000000,203-0625008-7766751,AMAZON,B0965HZJGN,,ENC686,1,49.49,49.49,2026-06-09 10:10:30,amazon Dcvoltage,true
998690000000,206-7494626-5118706,AMAZON,B096FPKPNQ,,ENC685,1,56.26,,2026-06-09 10:10:50,amazon Dcvoltage,true
998700000000,203-2167622-0376319,AMAZON,B08DKMMQS7,,LSCY290BI+RPR44WH_AMD 2,1,15.89,15.89,2026-06-09 10:38:48,amazon Dcvoltage,true
998710000000,202-7495812-5855530,AMAZON,B0DBWY3P4Q,,CL2RBMAPK,1,18.39,18.39,2026-06-09 10:41:29,amazon Dcvoltage,true
998720000000,204-3809599-8819520,AMAZON,B08XC1QT69,,CL3THEAPK,1,19.99,,2026-06-09 10:55:46,amazon Dcvoltage,true
998730000000,202-9004998-8117966,AMAZON,B07F9SH71F,,LDMG95E274,1,5.69,,2026-06-09 11:50:18,amazon Dcvoltage,true
998740000000,204-5071093-3876351,AMAZON,B0C7BZ5756,,LSCY290GC+RPR44WH,1,15.49,,2026-06-09 12:02:27,amazon Dcvoltage,true
998750000000,026-0051472-1301910,AMAZON,B07F9SH71F,,LDMG95E274,1,5.69,,2026-06-09 12:54:09,amazon Dcvoltage,true
998760000000,203-7883958-2713954,AMAZON,B08V8XSXKB,,CRSF100BM+PHSH1PBRBM+LSMS320BI,2,33.60,33.60,2026-06-09 14:46:07,amazon Dcvoltage,true
998770000000,205-3925256-5101143,AMAZON,B07QV1YKZW,,12RPIP45100,1,12.89,12.89,2026-06-09 15:02:44,amazon Dcvoltage,true
998780000000,026-5231653-3944301,AMAZON,B07L8HQG6Y,,CL3TGD5PK,1,13.99,13.99,2026-06-09 15:15:33,amazon Dcvoltage,true
998790000000,026-0627786-1305936,AMAZON,B07ZFWL5T1,,CRFF100GB+LHNSE27GB,1,13.89,,2026-06-09 17:37:32,amazon Dcvoltage,true
998800000000,205-4833001-6873158,AMAZON,B07ZFWL5T1,,CRFF100GB+LHNSE27GB,1,13.89,,2026-06-09 18:10:35,amazon Dcvoltage,true
998810000000,203-8988338-4022724,AMAZON,B0BNVPMZ2X,,LHC6E27WH,1,5.79,5.79,2026-06-09 18:38:33,amazon Dcvoltage,true
998820000000,206-0231454-1026707,AMAZON,B0CRZ4L8DQ,,LSCY290RE+RPR44WH,1,15.79,15.79,2026-06-09 19:22:14,amazon Dcvoltage,true
998830000000,205-7763145-6488357,AMAZON,B0965HZJGN,,ENC686,2,86.60,,2026-06-09 19:56:56,amazon Dcvoltage,true
998840000000,206-9385666-1616324,AMAZON,B0F48LNB6J,,RWWPSY1080YE,1,7.56,,2026-06-09 20:14:28,amazon Dcvoltage,true
998850000000,206-5765431-7941103,AMAZON,B07F9SH71F,,LDMG95E274,1,5.69,5.69,2026-06-09 21:22:47,amazon Dcvoltage,true
998860000000,026-8954632-2591540,AMAZON,B07F9SH71F,,LDMG95E274,1,5.69,5.69,2026-06-09 21:34:58,amazon Dcvoltage,true
998870000000,202-6863201-5466742,AMAZON,B0CBLXL9R1,,WCVCBC2PK+RPR44WH2PK,1,15.89,,2026-06-09 21:45:41,amazon Dcvoltage,true
998880000000,206-1121361-1442759,AMAZON,B0FZCRB2RS,,LSHM400HE+RPR44WH,1,33.38,,2026-06-09 23:00:29,amazon Dcvoltage,true
998900000000,205-5957098-7779511,AMAZON,B095Z3GZFK,,CRFF500BM+PHRI1PBRYB3PK+LSFT220BM3PK,1,32.79,32.79,2026-06-09 06:33:21,amazon Ledsone,true
998910000000,202-5604553-5695550,AMAZON,B0C3ZT3VR1,,LSCY290BD+RPR44WH,1,14.89,14.89,2026-06-09 07:34:01,amazon Ledsone,true
998920000000,206-4965883-2753117,AMAZON,B0B82WZ7H3,,PHSF1BWRSN,1,13.09,13.09,2026-06-09 08:10:45,amazon Ledsone,true
998930000000,203-9034977-0100348,AMAZON,B0CCJ3CSB6,,SPSDP2YB3PK,1,12.49,12.49,2026-06-09 08:59:06,amazon Ledsone,true
998940000000,202-6401261-3437945,AMAZON,B0D298ZBH2,,LSCY290WH2PK+RPR44WH2PK,1,26.99,26.99,2026-06-09 09:01:27,amazon Ledsone,true
998950000000,205-2317439-7110767,AMAZON,B0F291VKCF,,amzn.gr.LSCY290RE_RPR44WH__1-1bqE6PGj-VG,1,11.92,11.92,2026-06-09 09:16:14,amazon Ledsone,true
998960000000,205-0267167-3681167,AMAZON,B0D7ZTRLBH,,LSCY290BM2PK+RPR44WH2PK,1,25.89,,2026-06-09 09:36:21,amazon Ledsone,true
998970000000,206-4819408-7014765,AMAZON,B0DXQ727KG,,LSCY290RE2PK+RPR44WH2PK,2,51.78,51.78,2026-06-09 09:39:31,amazon Ledsone,true
998980000000,205-6039147-0041121,AMAZON,B0D3X4WHGV,,CCBKNWE482PK,1,15.99,15.99,2026-06-09 10:08:42,amazon Ledsone,true
998990000000,205-9671478-7280362,AMAZON,B0F7QPMBCH,,CL2TGLAPK,1,19.39,19.39,2026-06-09 10:18:56,amazon Ledsone,true
999000000000,203-3831042-0250735,AMAZON,B0CW5RLSQL,,CRFF105GB2PK+HK10GB2PK,1,13.79,13.79,2026-06-09 12:49:04,amazon Ledsone,true
999010000000,205-9758308-6657927,AMAZON,B0BBB5C64C,,CL3RWH5PK,1,12.69,12.69,2026-06-09 12:55:44,amazon Ledsone,true
999020000000,204-7285902-5705129,AMAZON,B0B77KX4P8,,CRFF108BM2PK+HK10BM2PK,1,13.73,13.73,2026-06-09 13:35:45,amazon Ledsone,true
999030000000,203-7937632-4812344,AMAZON,B0CCJQMZZ8,,LSCY290BC+RPR44WH,1,15.49,15.49,2026-06-09 14:00:41,amazon Ledsone,true
999040000000,202-8432896-5771506,AMAZON,B0D7ZTRLBH,,LSCY290BM2PK+RPR44WH2PK,1,25.89,25.89,2026-06-09 14:46:01,amazon Ledsone,true
999050000000,203-3141469-7635528,AMAZON,B0CBMQZ8P6,,PHSF2BMRBM+SPSDP2BM,1,13.89,13.89,2026-06-09 15:07:50,amazon Ledsone,true
999060000000,204-6214002-8765148,AMAZON,B0CBMQZ8P6,,PHSF2BMRBM+SPSDP2BM,1,13.89,13.89,2026-06-09 15:10:41,amazon Ledsone,true
999070000000,206-1456222-8518710,AMAZON,B0DCNWF2D4,,PHSF2BMRBM2PK+SPSDP2BM2PK,2,57.79,57.79,2026-06-09 15:38:13,amazon Ledsone,true
999080000000,202-9505560-2219554,AMAZON,B09JM3PLLH,,LDSG125LOE274,1,10.19,,2026-06-09 16:10:39,amazon Ledsone,true
999090000000,026-9199234-7319521,AMAZON,B0CBMQZ8P6,,PHSF2BMRBM+SPSDP2BM,1,18.88,13.89,2026-06-09 17:48:55,amazon Ledsone,true
999100000000,026-2530981-2922701,AMAZON,B0FKMDBX5K,,CRFF108WH2PK+LHTKE27WH2PK,1,18.29,,2026-06-09 18:41:45,amazon Ledsone,true
999110000000,203-3800254-4568332,AMAZON,B0F7QWMBLY,,CL3TGLAPK,1,19.69,19.69,2026-06-09 18:51:01,amazon Ledsone,true
999120000000,206-5539957-2081909,AMAZON,B095Z3GZFK,,CRFF500BM+PHRI1PBRYB3PK+LSFT220BM3PK,1,32.79,32.79,2026-06-09 19:02:02,amazon Ledsone,true
999130000000,202-7715304-2039558,AMAZON,B0963P71QD,,CRFF500BM+PHRI1PBRCO3PK+LSOL220CO3PK,1,34.56,,2026-06-09 19:19:43,amazon Ledsone,true
999140000000,206-7614821-5353117,AMAZON,B0BBB4SC4Y,,CL3RBK5PK,1,14.69,14.69,2026-06-09 19:22:06,amazon Ledsone,true
999150000000,203-4275690-0388314,AMAZON,B0BBS6B82P,,CL3TBMAPK,2,43.78,,2026-06-09 19:23:03,amazon Ledsone,true
999160000000,202-5651352-6549902,AMAZON,B09HS96LW4,,CL2TLG5PK,1,10.49,10.49,2026-06-09 19:40:21,amazon Ledsone,true
999170000000,202-5651352-6549902,AMAZON,B09HS8RX1P,,CL2TYE5PK,1,13.29,13.29,2026-06-09 19:40:21,amazon Ledsone,true
999180000000,202-5651352-6549902,AMAZON,B09HS8VHK9,,CL2TGY5PK,1,13.89,13.89,2026-06-09 19:40:21,amazon Ledsone,true
999190000000,205-8215408-4718711,AMAZON,B07CQ25M4K,,dc12IP67150,1,25.47,22.98,2026-06-09 19:42:11,amazon Ledsone,true
999200000000,204-5237064-4895561,AMAZON,B09JM3PLLH,,LDSG125LOE274,1,10.19,,2026-06-09 20:13:48,amazon Ledsone,true
999210000000,204-8648267-3761117,AMAZON,B0F2919THD,,LSCY290CO+RPR44WH,1,18.19,,2026-06-09 20:30:45,amazon Ledsone,true
999220000000,202-6205111-1071537,AMAZON,B0CBCN1B9S,,CRFF500BM+PHCH1BMRBM3PK+LSCY210BG3PK+IC,1,37.89,,2026-06-09 21:00:00,amazon Ledsone,true
999230000000,205-2740763-9085151,AMAZON,B0BB34B2QY,,CL2RBR5PK,1,13.79,,2026-06-09 21:30:35,amazon Ledsone,true
999240000000,203-9717848-7501109,AMAZON,B0CHDZ8L2S,,CL3TBL5PK,1,10.39,10.39,2026-06-09 21:46:03,amazon Ledsone,true
999250000000,026-2496668-7078716,AMAZON,B0BBS1VR82,,CL3THEAPK,1,20.79,,2026-06-09 22:43:32,amazon Ledsone,true
999260000000,203-4949708-2330705,AMAZON,B09WJC8S2P,,amzn.gr.CRFF140YB_WSNW170YB_LS-4_CYn5-LN,1,16.71,,2026-06-09 22:44:26,amazon Ledsone,true
